source,tour,year,uk_tournament_id,tournament_name,location,match_date,series,is_outdoor,surface,round,players_remaining,best_of,winner_name,loser_name,winner_rank,loser_rank,winner_rank_points,loser_rank_points,winner_sets,loser_sets,winner_set_1_games,loser_set_1_games,winner_set_2_games,loser_set_2_games,winner_set_3_games,loser_set_3_games,winner_set_4_games,loser_set_4_games,winner_set_5_games,loser_set_5_games,match_status,odds_b365_winner,odds_b365_loser,odds_pinnacle_winner,odds_pinnacle_loser,odds_max_winner,odds_max_loser,odds_avg_winner,odds_avg_loser,source_event_key,source_match_key,canonical_match_key,official_tournament_id,canonical_tourney_id,canonical_tourney_name,canonical_round,canonical_winner_id,canonical_winner_name,canonical_loser_id,canonical_loser_name,match_method,review_flag,data_quality_flag
tennis_data_uk,wta,2020,1,ASB Classic,Auckland,2020-01-06,international,True,hard,R32,32,3,Kasatkina D.,Suarez Navarro C.,70,52,851.0,1048.0,2,1,6,3,3,6,6,2,,,,,completed,1.61,2.2,1.63,2.4,1.67,2.4,1.61,2.3,2020_1_auckland_asb_classic,2020_1_auckland_asb_classic_2020-01-06_R32_kasatkina_d_suarez_navarro_c,2020-1049_280,1049,2020-1049,Auckland,R32,214082,Daria Kasatkina,201521,Carla Suarez Navarro,tournament_rank_unique,False,
tennis_data_uk,wta,2020,1,ASB Classic,Auckland,2020-01-06,international,True,hard,R32,32,3,Pegula J.,Bellis C.,82,855,743.0,19.0,2,0,6,0,6,4,,,,,,,completed,2.37,1.53,2.64,1.54,2.64,1.66,2.41,1.56,2020_1_auckland_asb_classic,2020_1_auckland_asb_classic_2020-01-06_R32_pegula_j_bellis_c,2020-1049_272,1049,2020-1049,Auckland,R32,202468,Jessica Pegula,214263,Catherine Cartan Bellis,tournament_rank_unique,False,
tennis_data_uk,wta,2020,1,ASB Classic,Auckland,2020-01-06,international,True,hard,R32,32,3,Garcia C.,Townsend T.,46,77,1235.0,760.0,2,1,5,7,6,3,7,5,,,,,completed,1.9,1.8,2.01,1.88,2.05,1.91,1.94,1.85,2020_1_auckland_asb_classic,2020_1_auckland_asb_classic_2020-01-06_R32_garcia_c_townsend_t,2020-1049_278,1049,2020-1049,Auckland,R32,201614,Caroline Garcia,203501,Taylor Townsend,tournament_rank_unique,False,
tennis_data_uk,wta,2020,1,ASB Classic,Auckland,2020-01-06,international,True,hard,R32,32,3,Zidansek T.,Peterson R.,64,44,870.0,1275.0,2,0,7,6,7,6,,,,,,,completed,3.0,1.36,3.49,1.35,3.6,1.36,3.29,1.33,2020_1_auckland_asb_classic,2020_1_auckland_asb_classic_2020-01-06_R32_zidansek_t_peterson_r,2020-1049_273,1049,2020-1049,Auckland,R32,214461,Tamara Zidansek,202490,Rebecca Peterson,tournament_rank_unique,False,
tennis_data_uk,wta,2020,1,ASB Classic,Auckland,2020-01-06,international,True,hard,R32,32,3,Teichmann J.,Ivanov V.,68,1001,855.0,12.0,2,0,6,4,6,3,,,,,,,completed,1.04,13.0,1.07,10.25,1.08,13.0,1.06,9.42,2020_1_auckland_asb_classic,2020_1_auckland_asb_classic_2020-01-06_R32_teichmann_j_ivanov_v,2020-1049_275,1049,2020-1049,Auckland,R32,213525,Jil Teichmann,221173,Valentina Ivanov,tournament_rank_unique,False,
tennis_data_uk,wta,2020,1,ASB Classic,Auckland,2020-01-06,international,True,hard,R32,32,3,Gauff C.,Kuzmova V.,67,61,855.0,965.0,2,0,6,3,6,1,,,,,,,completed,1.72,2.0,1.78,2.13,1.78,2.2,1.68,2.16,2020_1_auckland_asb_classic,2020_1_auckland_asb_classic_2020-01-06_R32_gauff_c_kuzmova_v,2020-1049_283,1049,2020-1049,Auckland,R32,221103,Coco Gauff,214149,Viktoria Hruncakova,tournament_rank_unique,False,
tennis_data_uk,wta,2020,1,ASB Classic,Auckland,2020-01-06,international,True,hard,R32,32,3,Bouchard E.,Flipkens K.,262,72,223.0,819.0,2,0,7,5,7,5,,,,,,,completed,2.5,1.5,2.9,1.46,2.95,1.58,2.72,1.45,2020_1_auckland_asb_classic,2020_1_auckland_asb_classic_2020-01-06_R32_bouchard_e_flipkens_k,2020-1049_279,1049,2020-1049,Auckland,R32,202446,Eugenie Bouchard,201465,Kirsten Flipkens,tournament_rank_unique,False,
tennis_data_uk,wta,2020,1,ASB Classic,Auckland,2020-01-07,international,True,hard,R32,32,3,Martic P.,Arconada U.M.,15,135,2617.0,459.0,2,1,5,7,6,4,6,4,,,,,completed,1.18,4.5,1.2,5.04,1.23,5.04,1.19,4.62,2020_1_auckland_asb_classic,2020_1_auckland_asb_classic_2020-01-07_R32_martic_p_arconada_u_m,2020-1049_270,1049,2020-1049,Auckland,R32,201549,Petra Martic,213672,Usue Maitane Arconada,tournament_rank_unique,False,
tennis_data_uk,wta,2020,1,ASB Classic,Auckland,2020-01-07,international,True,hard,R32,32,3,Cornet A.,Bonaventure Y.,57,116,1015.0,574.0,2,1,4,6,7,5,6,3,,,,,completed,1.5,2.5,1.57,2.54,1.63,2.56,1.54,2.45,2020_1_auckland_asb_classic,2020_1_auckland_asb_classic_2020-01-07_R32_cornet_a_bonaventure_y,2020-1049_271,1049,2020-1049,Auckland,R32,201427,Alize Cornet,204434,Ysaline Bonaventure,tournament_rank_unique,False,
tennis_data_uk,wta,2020,1,ASB Classic,Auckland,2020-01-07,international,True,hard,R32,32,3,Anisimova A.,Kozlova K.,25,89,1734.0,710.0,2,0,6,3,6,4,,,,,,,completed,1.25,3.75,1.26,4.2,1.3,4.2,1.25,3.86,2020_1_auckland_asb_classic,2020_1_auckland_asb_classic_2020-01-07_R32_anisimova_a_kozlova_k,2020-1049_281,1049,2020-1049,Auckland,R32,216153,Amanda Anisimova,203462,Kateryna Baindl,tournament_rank_unique,False,
tennis_data_uk,wta,2020,1,ASB Classic,Auckland,2020-01-07,international,True,hard,R32,32,3,Williams S.,Giorgi C.,10,99,3935.0,680.0,2,0,6,3,6,2,,,,,,,completed,1.22,4.0,1.24,4.51,1.26,5.3,1.22,4.21,2020_1_auckland_asb_classic,2020_1_auckland_asb_classic_2020-01-07_R32_williams_s_giorgi_c,2020-1049_285,1049,2020-1049,Auckland,R32,200033,Serena Williams,202429,Camila Giorgi,tournament_rank_unique,False,
tennis_data_uk,wta,2020,1,ASB Classic,Auckland,2020-01-07,international,True,hard,R32,32,3,Siegemund L.,Mcnally C.,73,118,805.0,539.0,2,0,6,2,6,2,,,,,,,completed,2.0,1.72,2.08,1.81,2.12,1.81,2.05,1.75,2020_1_auckland_asb_classic,2020_1_auckland_asb_classic_2020-01-07_R32_siegemund_l_mcnally_c,2020-1049_282,1049,2020-1049,Auckland,R32,201696,Laura Siegemund,216083,Caty Mcnally,tournament_rank_unique,False,
tennis_data_uk,wta,2020,1,ASB Classic,Auckland,2020-01-07,international,True,hard,R32,32,3,Mchale C.,Li A.,86,145,720.0,414.0,2,0,7,5,6,2,,,,,,,completed,2.37,1.53,2.53,1.58,2.8,1.7,2.42,1.55,2020_1_auckland_asb_classic,2020_1_auckland_asb_classic_2020-01-07_R32_mchale_c_li_a,2020-1049_284,1049,2020-1049,Auckland,R32,201539,Christina Mchale,215983,Ann Li,tournament_rank_unique,False,
tennis_data_uk,wta,2020,1,ASB Classic,Auckland,2020-01-07,international,True,hard,R32,32,3,Wozniacki C.,Hourigan P.M.,39,447,1353.0,92.0,2,0,6,1,6,0,,,,,,,completed,1.03,15.0,1.02,19.14,1.03,24.25,1.02,15.27,2020_1_auckland_asb_classic,2020_1_auckland_asb_classic_2020-01-07_R32_wozniacki_c_hourigan_p_m,2020-1049_277,1049,2020-1049,Auckland,R32,201496,Caroline Wozniacki,212805,Paige Mary Hourigan,tournament_rank_unique,False,
tennis_data_uk,wta,2020,1,ASB Classic,Auckland,2020-01-07,international,True,hard,R32,32,3,Davis L.,Lepchenko V.,63,170,874.0,354.0,2,0,7,6,6,2,,,,,,,completed,1.57,2.25,1.69,2.28,1.71,2.39,1.64,2.23,2020_1_auckland_asb_classic,2020_1_auckland_asb_classic_2020-01-07_R32_davis_l_lepchenko_v,2020-1049_276,1049,2020-1049,Auckland,R32,201616,Lauren Davis,201478,Varvara Lepchenko,tournament_rank_unique,False,
tennis_data_uk,wta,2020,1,ASB Classic,Auckland,2020-01-07,international,True,hard,R32,32,3,Goerges J.,Minnen G.,41,109,1331.0,599.0,2,0,6,1,7,6,,,,,,,completed,1.57,2.25,1.65,2.37,1.67,2.54,1.59,2.33,2020_1_auckland_asb_classic,2020_1_auckland_asb_classic_2020-01-07_R32_goerges_j_minnen_g,2020-1049_274,1049,2020-1049,Auckland,R32,201504,Julia Goerges,213889,Greet Minnen,tournament_rank_unique,False,
tennis_data_uk,wta,2020,1,ASB Classic,Auckland,2020-01-08,international,True,hard,R16,16,3,Cornet A.,Martic P.,57,15,1015.0,2617.0,2,1,3,6,6,4,6,4,,,,,completed,2.75,1.4,2.76,1.51,2.86,1.56,2.63,1.48,2020_1_auckland_asb_classic,2020_1_auckland_asb_classic_2020-01-08_R16_cornet_a_martic_p,2020-1049_286,1049,2020-1049,Auckland,R16,201427,Alize Cornet,201549,Petra Martic,tournament_rank_unique,False,
tennis_data_uk,wta,2020,1,ASB Classic,Auckland,2020-01-08,international,True,hard,R16,16,3,Pegula J.,Zidansek T.,82,64,743.0,870.0,2,0,6,2,6,3,,,,,,,completed,1.53,2.37,1.6,2.5,1.68,2.5,1.57,2.38,2020_1_auckland_asb_classic,2020_1_auckland_asb_classic_2020-01-08_R16_pegula_j_zidansek_t,2020-1049_287,1049,2020-1049,Auckland,R16,202468,Jessica Pegula,214461,Tamara Zidansek,tournament_rank_unique,False,
tennis_data_uk,wta,2020,1,ASB Classic,Auckland,2020-01-08,international,True,hard,R16,16,3,Bouchard E.,Garcia C.,262,46,223.0,1235.0,2,0,6,4,6,4,,,,,,,completed,2.5,1.5,2.8,1.5,2.8,1.56,2.61,1.49,2020_1_auckland_asb_classic,2020_1_auckland_asb_classic_2020-01-08_R16_bouchard_e_garcia_c,2020-1049_290,1049,2020-1049,Auckland,R16,202446,Eugenie Bouchard,201614,Caroline Garcia,tournament_rank_unique,False,
tennis_data_uk,wta,2020,1,ASB Classic,Auckland,2020-01-08,international,True,hard,R16,16,3,Anisimova A.,Kasatkina D.,25,70,1734.0,851.0,2,0,6,2,6,4,,,,,,,completed,1.4,2.75,1.49,2.83,1.52,2.9,1.46,2.68,2020_1_auckland_asb_classic,2020_1_auckland_asb_classic_2020-01-08_R16_anisimova_a_kasatkina_d,2020-1049_291,1049,2020-1049,Auckland,R16,216153,Amanda Anisimova,214082,Daria Kasatkina,tournament_rank_unique,False,
tennis_data_uk,wta,2020,1,ASB Classic,Auckland,2020-01-09,international,True,hard,R16,16,3,Siegemund L.,Gauff C.,73,67,805.0,855.0,2,1,5,7,6,2,6,3,,,,,completed,2.62,1.44,3.07,1.43,3.11,1.49,2.83,1.42,2020_1_auckland_asb_classic,2020_1_auckland_asb_classic_2020-01-09_R16_siegemund_l_gauff_c,2020-1049_292,1049,2020-1049,Auckland,R16,201696,Laura Siegemund,221103,Coco Gauff,tournament_rank_unique,False,
tennis_data_uk,wta,2020,1,ASB Classic,Auckland,2020-01-09,international,True,hard,R16,16,3,Williams S.,Mchale C.,10,86,3935.0,720.0,2,1,3,6,6,2,6,3,,,,,completed,1.11,6.5,1.1,8.38,1.12,8.5,1.1,7.08,2020_1_auckland_asb_classic,2020_1_auckland_asb_classic_2020-01-09_R16_williams_s_mchale_c,2020-1049_293,1049,2020-1049,Auckland,R16,200033,Serena Williams,201539,Christina Mchale,tournament_rank_unique,False,
tennis_data_uk,wta,2020,1,ASB Classic,Auckland,2020-01-09,international,True,hard,R16,16,3,Goerges J.,Teichmann J.,41,68,1331.0,855.0,2,0,6,3,6,2,,,,,,,completed,1.28,3.5,1.3,3.88,1.36,4.0,1.29,3.56,2020_1_auckland_asb_classic,2020_1_auckland_asb_classic_2020-01-09_R16_goerges_j_teichmann_j,2020-1049_288,1049,2020-1049,Auckland,R16,201504,Julia Goerges,213525,Jil Teichmann,tournament_rank_unique,False,
tennis_data_uk,wta,2020,1,ASB Classic,Auckland,2020-01-09,international,True,hard,R16,16,3,Wozniacki C.,Davis L.,39,63,1353.0,874.0,2,1,6,1,4,6,6,4,,,,,completed,1.3,3.4,1.31,3.8,1.35,4.03,1.29,3.55,2020_1_auckland_asb_classic,2020_1_auckland_asb_classic_2020-01-09_R16_wozniacki_c_davis_l,2020-1049_289,1049,2020-1049,Auckland,R16,201496,Caroline Wozniacki,201616,Lauren Davis,tournament_rank_unique,False,
tennis_data_uk,wta,2020,1,ASB Classic,Auckland,2020-01-10,international,True,hard,QF,8,3,Pegula J.,Cornet A.,82,57,743.0,1015.0,1,0,6,0,3,2,,,,,,,retired,2.0,1.8,2.14,1.81,2.25,1.85,2.04,1.77,2020_1_auckland_asb_classic,2020_1_auckland_asb_classic_2020-01-10_QF_pegula_j_cornet_a,2020-1049_294,1049,2020-1049,Auckland,QF,202468,Jessica Pegula,201427,Alize Cornet,tournament_rank_unique,False,
tennis_data_uk,wta,2020,1,ASB Classic,Auckland,2020-01-10,international,True,hard,QF,8,3,Williams S.,Siegemund L.,10,73,3935.0,805.0,2,0,6,4,6,3,,,,,,,completed,1.12,6.0,1.12,8.06,1.14,8.06,1.1,7.07,2020_1_auckland_asb_classic,2020_1_auckland_asb_classic_2020-01-10_QF_williams_s_siegemund_l,2020-1049_297,1049,2020-1049,Auckland,QF,200033,Serena Williams,201696,Laura Siegemund,tournament_rank_unique,False,
tennis_data_uk,wta,2020,1,ASB Classic,Auckland,2020-01-10,international,True,hard,QF,8,3,Wozniacki C.,Goerges J.,39,41,1353.0,1331.0,2,0,6,1,6,4,,,,,,,completed,2.0,1.8,2.17,1.79,2.17,1.85,2.08,1.74,2020_1_auckland_asb_classic,2020_1_auckland_asb_classic_2020-01-10_QF_wozniacki_c_goerges_j,2020-1049_295,1049,2020-1049,Auckland,QF,201496,Caroline Wozniacki,201504,Julia Goerges,tournament_rank_unique,False,
tennis_data_uk,wta,2020,1,ASB Classic,Auckland,2020-01-10,international,True,hard,QF,8,3,Anisimova A.,Bouchard E.,25,262,1734.0,223.0,2,1,6,2,3,6,6,4,,,,,completed,1.3,3.5,1.3,4.02,1.33,4.03,1.28,3.66,2020_1_auckland_asb_classic,2020_1_auckland_asb_classic_2020-01-10_QF_anisimova_a_bouchard_e,2020-1049_296,1049,2020-1049,Auckland,QF,216153,Amanda Anisimova,202446,Eugenie Bouchard,tournament_rank_unique,False,
tennis_data_uk,wta,2020,1,ASB Classic,Auckland,2020-01-11,international,True,hard,SF,4,3,Pegula J.,Wozniacki C.,82,39,743.0,1353.0,2,1,3,6,6,4,6,0,,,,,completed,3.75,1.28,3.96,1.3,3.96,1.33,3.56,1.29,2020_1_auckland_asb_classic,2020_1_auckland_asb_classic_2020-01-11_SF_pegula_j_wozniacki_c,2020-1049_298,1049,2020-1049,Auckland,SF,202468,Jessica Pegula,201496,Caroline Wozniacki,tournament_rank_unique,False,
tennis_data_uk,wta,2020,1,ASB Classic,Auckland,2020-01-11,international,True,hard,SF,4,3,Williams S.,Anisimova A.,10,25,3935.0,1734.0,2,0,6,1,6,1,,,,,,,completed,1.36,3.2,1.4,3.27,1.41,3.27,1.36,3.1,2020_1_auckland_asb_classic,2020_1_auckland_asb_classic_2020-01-11_SF_williams_s_anisimova_a,2020-1049_299,1049,2020-1049,Auckland,SF,200033,Serena Williams,216153,Amanda Anisimova,tournament_rank_unique,False,
tennis_data_uk,wta,2020,1,ASB Classic,Auckland,2020-01-12,international,True,hard,F,2,3,Williams S.,Pegula J.,10,82,3935.0,743.0,2,0,6,3,6,4,,,,,,,completed,1.14,5.5,1.14,7.14,1.18,7.14,1.13,5.86,2020_1_auckland_asb_classic,2020_1_auckland_asb_classic_2020-01-12_F_williams_s_pegula_j,2020-1049_300,1049,2020-1049,Auckland,F,200033,Serena Williams,202468,Jessica Pegula,tournament_rank_unique,False,
tennis_data_uk,wta,2020,2,Brisbane International,Brisbane,2020-01-06,premier,True,hard,R32,32,3,Strycova B.,Konta J.,31,12,1462.0,2825.0,2,1,6,2,3,6,6,3,,,,,completed,2.62,1.44,2.76,1.5,2.8,1.53,2.64,1.48,2020_2_brisbane_brisbane_international,2020_2_brisbane_brisbane_international_2020-01-06_R32_strycova_b_konta_j,2020-0800_273,800,2020-0800,Brisbane,R32,201366,Barbora Strycova,202427,Johanna Konta,tournament_rank_unique,False,
tennis_data_uk,wta,2020,2,Brisbane International,Brisbane,2020-01-06,premier,True,hard,R32,32,3,Kenin S.,Sevastova A.,14,30,2740.0,1518.0,2,0,7,6,6,4,,,,,,,completed,1.44,2.62,1.44,2.97,1.5,3.05,1.44,2.78,2020_2_brisbane_brisbane_international,2020_2_brisbane_brisbane_international_2020-01-06_R32_kenin_s_sevastova_a,2020-0800_275,800,2020-0800,Brisbane,R32,213550,Sofia Kenin,201545,Anastasija Sevastova,tournament_rank_unique,False,
tennis_data_uk,wta,2020,2,Brisbane International,Brisbane,2020-01-06,premier,True,hard,R32,32,3,Riske A.,Muchova K.,19,21,2085.0,1846.0,2,0,6,4,6,2,,,,,,,completed,2.5,1.5,2.76,1.5,2.91,1.57,2.56,1.5,2020_2_brisbane_brisbane_international,2020_2_brisbane_brisbane_international_2020-01-06_R32_riske_a_muchova_k,2020-0800_272,800,2020-0800,Brisbane,R32,201590,Alison Riske Amritraj,214096,Karolina Muchova,tournament_rank_unique,False,
tennis_data_uk,wta,2020,2,Brisbane International,Brisbane,2020-01-06,premier,True,hard,R32,32,3,Stosur S.,Kerber A.,98,18,683.0,2175.0,2,0,7,6,7,6,,,,,,,completed,3.75,1.25,4.47,1.24,4.6,1.28,3.96,1.24,2020_2_brisbane_brisbane_international,2020_2_brisbane_brisbane_international_2020-01-06_R32_stosur_s_kerber_a,2020-0800_279,800,2020-0800,Brisbane,R32,201325,Samantha Stosur,201493,Angelique Kerber,tournament_rank_unique,False,
tennis_data_uk,wta,2020,2,Brisbane International,Brisbane,2020-01-06,premier,True,hard,R32,32,3,Tomljanovic A.,Hon P.,54,122,1045.0,500.0,2,1,6,2,4,6,6,4,,,,,completed,1.4,2.75,1.47,2.85,1.5,3.35,1.44,2.74,2020_2_brisbane_brisbane_international,2020_2_brisbane_brisbane_international_2020-01-06_R32_tomljanovic_a_hon_p,2020-0800_271,800,2020-0800,Brisbane,R32,201548,Ajla Tomljanovic,211880,Priscilla Hon,tournament_rank_unique,False,
tennis_data_uk,wta,2020,2,Brisbane International,Brisbane,2020-01-06,premier,True,hard,R32,32,3,Collins D.,Svitolina E.,27,5,1566.0,5075.0,2,0,6,1,6,1,,,,,,,completed,6.0,1.12,5.71,1.17,6.35,1.18,5.56,1.14,2020_2_brisbane_brisbane_international,2020_2_brisbane_brisbane_international_2020-01-06_R32_collins_d_svitolina_e,2020-0800_281,800,2020-0800,Brisbane,R32,203389,Danielle Collins,202494,Elina Svitolina,tournament_rank_unique,False,
tennis_data_uk,wta,2020,2,Brisbane International,Brisbane,2020-01-07,premier,True,hard,R32,32,3,Keys M.,Bouzkova M.,13,60,2767.0,967.0,2,0,6,3,6,2,,,,,,,completed,1.4,2.75,1.42,3.09,1.45,3.1,1.4,2.92,2020_2_brisbane_brisbane_international,2020_2_brisbane_brisbane_international_2020-01-07_R32_keys_m_bouzkova_m,2020-0800_278,800,2020-0800,Brisbane,R32,201619,Madison Keys,213631,Marie Bouzkova,tournament_rank_unique,False,
tennis_data_uk,wta,2020,2,Brisbane International,Brisbane,2020-01-07,premier,True,hard,R32,32,3,Samsonova L.,Stephens S.,129,24,475.0,1737.0,2,1,6,4,2,6,6,3,,,,,completed,2.2,1.61,2.4,1.63,2.6,1.66,2.35,1.58,2020_2_brisbane_brisbane_international,2020_2_brisbane_brisbane_international_2020-01-07_R32_samsonova_l_stephens_s,2020-0800_283,800,2020-0800,Brisbane,R32,214643,Liudmila Samsonova,201585,Sloane Stephens,tournament_rank_unique,False,
tennis_data_uk,wta,2020,2,Brisbane International,Brisbane,2020-01-07,premier,True,hard,R32,32,3,Putintseva Y.,Vekic D.,32,20,1460.0,2080.0,2,1,6,3,3,6,7,5,,,,,completed,2.37,1.53,2.35,1.65,2.45,1.69,2.37,1.58,2020_2_brisbane_brisbane_international,2020_2_brisbane_brisbane_international_2020-01-07_R32_putintseva_y_vekic_d,2020-0800_280,800,2020-0800,Brisbane,R32,201709,Yulia Putintseva,202499,Donna Vekic,tournament_rank_unique,False,
tennis_data_uk,wta,2020,2,Brisbane International,Brisbane,2020-01-07,premier,True,hard,R32,32,3,Osaka N.,Sakkari M.,4,23,5311.0,1820.0,2,1,6,2,6,7,6,3,,,,,completed,1.28,3.5,1.35,3.46,1.36,3.85,1.31,3.41,2020_2_brisbane_brisbane_international,2020_2_brisbane_brisbane_international_2020-01-07_R32_osaka_n_sakkari_m,2020-0800_274,800,2020-0800,Brisbane,R32,211768,Naomi Osaka,206289,Maria Sakkari,tournament_rank_unique,False,
tennis_data_uk,wta,2020,2,Brisbane International,Brisbane,2020-01-07,premier,True,hard,R32,32,3,Kontaveit A.,Hsieh S.W.,26,33,1575.0,1450.0,2,0,6,4,6,1,,,,,,,completed,1.66,2.1,1.75,2.18,1.81,2.4,1.69,2.15,2020_2_brisbane_brisbane_international,2020_2_brisbane_brisbane_international_2020-01-07_R32_kontaveit_a_hsieh_s_w,2020-0800_276,800,2020-0800,Brisbane,R32,204426,Anett Kontaveit,201444,Su Wei Hsieh,tournament_rank_unique,False,
tennis_data_uk,wta,2020,2,Brisbane International,Brisbane,2020-01-07,premier,True,hard,R32,32,3,Bertens K.,Yastremska D.,9,22,4245.0,1825.0,2,1,6,4,1,6,6,3,,,,,completed,1.72,2.0,1.79,2.12,1.89,2.25,1.76,2.04,2020_2_brisbane_brisbane_international,2020_2_brisbane_brisbane_international_2020-01-07_R32_bertens_k_yastremska_d,2020-0800_277,800,2020-0800,Brisbane,R32,202428,Kiki Bertens,215035,Dayana Yastremska,tournament_rank_unique,False,
tennis_data_uk,wta,2020,2,Brisbane International,Brisbane,2020-01-07,premier,True,hard,R32,32,3,Kvitova P.,Pavlyuchenkova A.,7,29,4721.0,1531.0,2,1,2,6,6,1,6,0,,,,,completed,1.4,2.75,1.44,2.99,1.49,3.0,1.41,2.89,2020_2_brisbane_brisbane_international,2020_2_brisbane_brisbane_international_2020-01-07_R32_kvitova_p_pavlyuchenkova_a,2020-0800_282,800,2020-0800,Brisbane,R32,201520,Petra Kvitova,201499,Anastasia Pavlyuchenkova,tournament_rank_unique,False,
tennis_data_uk,wta,2020,2,Brisbane International,Brisbane,2020-01-07,premier,True,hard,R32,32,3,Brady J.,Sharapova M.,53,147,1047.0,406.0,2,1,3,6,6,1,7,6,,,,,completed,2.0,1.72,1.94,1.94,2.13,1.95,1.95,1.85,2020_2_brisbane_brisbane_international,2020_2_brisbane_brisbane_international_2020-01-07_R32_brady_j_sharapova_m,2020-0800_284,800,2020-0800,Brisbane,R32,206108,Jennifer Brady,201345,Maria Sharapova,tournament_rank_unique,False,
tennis_data_uk,wta,2020,2,Brisbane International,Brisbane,2020-01-08,premier,True,hard,R16,16,3,Riske A.,Strycova B.,19,31,2085.0,1462.0,2,0,6,3,6,4,,,,,,,completed,1.5,2.5,1.54,2.66,1.66,2.7,1.57,2.39,2020_2_brisbane_brisbane_international,2020_2_brisbane_brisbane_international_2020-01-08_R16_riske_a_strycova_b,2020-0800_287,800,2020-0800,Brisbane,R16,201590,Alison Riske Amritraj,201366,Barbora Strycova,tournament_rank_unique,False,
tennis_data_uk,wta,2020,2,Brisbane International,Brisbane,2020-01-08,premier,True,hard,R16,16,3,Collins D.,Putintseva Y.,27,32,1566.0,1460.0,2,0,6,1,6,0,,,,,,,completed,1.9,1.8,2.12,1.81,2.12,1.87,2.01,1.79,2020_2_brisbane_brisbane_international,2020_2_brisbane_brisbane_international_2020-01-08_R16_collins_d_putintseva_y,2020-0800_291,800,2020-0800,Brisbane,R16,203389,Danielle Collins,201709,Yulia Putintseva,tournament_rank_unique,False,
tennis_data_uk,wta,2020,2,Brisbane International,Brisbane,2020-01-08,premier,True,hard,R16,16,3,Keys M.,Stosur S.,13,98,2767.0,683.0,2,0,7,5,6,3,,,,,,,completed,1.22,4.0,1.26,4.39,1.37,4.6,1.24,4.01,2020_2_brisbane_brisbane_international,2020_2_brisbane_brisbane_international_2020-01-08_R16_keys_m_stosur_s,2020-0800_290,800,2020-0800,Brisbane,R16,201619,Madison Keys,201325,Samantha Stosur,tournament_rank_unique,False,
tennis_data_uk,wta,2020,2,Brisbane International,Brisbane,2020-01-09,premier,True,hard,R16,16,3,Brady J.,Barty A.,53,1,1047.0,7851.0,2,0,6,4,7,6,,,,,,,completed,4.5,1.18,4.9,1.22,4.9,1.24,4.46,1.2,2020_2_brisbane_brisbane_international,2020_2_brisbane_brisbane_international_2020-01-09_R16_brady_j_barty_a,2020-0800_293,800,2020-0800,Brisbane,R16,206108,Jennifer Brady,202458,Ashleigh Barty,tournament_rank_unique,False,
tennis_data_uk,wta,2020,2,Brisbane International,Brisbane,2020-01-09,premier,True,hard,R16,16,3,Pliskova Ka.,Tomljanovic A.,2,54,5525.0,1045.0,2,1,6,4,6,7,6,1,,,,,completed,1.22,4.0,1.25,4.43,1.27,4.5,1.23,4.16,2020_2_brisbane_brisbane_international,2020_2_brisbane_brisbane_international_2020-01-09_R16_pliskova_ka_tomljanovic_a,2020-0800_286,800,2020-0800,Brisbane,R16,201662,Karolina Pliskova,201548,Ajla Tomljanovic,tournament_rank_unique,False,
tennis_data_uk,wta,2020,2,Brisbane International,Brisbane,2020-01-09,premier,True,hard,R16,16,3,Kvitova P.,Samsonova L.,7,129,4721.0,475.0,2,0,6,3,6,2,,,,,,,completed,1.16,5.0,1.18,5.67,1.21,5.8,1.17,5.04,2020_2_brisbane_brisbane_international,2020_2_brisbane_brisbane_international_2020-01-09_R16_kvitova_p_samsonova_l,2020-0800_292,800,2020-0800,Brisbane,R16,201520,Petra Kvitova,214643,Liudmila Samsonova,tournament_rank_unique,False,
tennis_data_uk,wta,2020,2,Brisbane International,Brisbane,2020-01-09,premier,True,hard,R16,16,3,Osaka N.,Kenin S.,4,14,5311.0,2740.0,2,1,6,7,6,3,6,1,,,,,completed,1.53,2.37,1.58,2.55,1.62,2.55,1.55,2.44,2020_2_brisbane_brisbane_international,2020_2_brisbane_brisbane_international_2020-01-09_R16_osaka_n_kenin_s,2020-0800_288,800,2020-0800,Brisbane,R16,211768,Naomi Osaka,213550,Sofia Kenin,tournament_rank_unique,False,
tennis_data_uk,wta,2020,2,Brisbane International,Brisbane,2020-01-09,premier,True,hard,R16,16,3,Bertens K.,Kontaveit A.,9,26,4245.0,1575.0,2,1,6,3,2,6,7,5,,,,,completed,1.72,2.0,1.69,2.3,1.82,2.3,1.71,2.11,2020_2_brisbane_brisbane_international,2020_2_brisbane_brisbane_international_2020-01-09_R16_bertens_k_kontaveit_a,2020-0800_289,800,2020-0800,Brisbane,R16,202428,Kiki Bertens,204426,Anett Kontaveit,tournament_rank_unique,False,
tennis_data_uk,wta,2020,2,Brisbane International,Brisbane,2020-01-10,premier,True,hard,QF,8,3,Keys M.,Collins D.,13,27,2767.0,1566.0,2,0,6,4,6,1,,,,,,,completed,1.72,2.1,1.72,2.27,1.76,2.27,1.7,2.13,2020_2_brisbane_brisbane_international,2020_2_brisbane_brisbane_international_2020-01-10_QF_keys_m_collins_d,2020-0800_296,800,2020-0800,Brisbane,QF,201619,Madison Keys,203389,Danielle Collins,tournament_rank_unique,False,
tennis_data_uk,wta,2020,2,Brisbane International,Brisbane,2020-01-10,premier,True,hard,QF,8,3,Kvitova P.,Brady J.,7,53,4721.0,1047.0,2,0,6,4,6,2,,,,,,,completed,1.44,2.75,1.48,2.88,1.49,2.9,1.44,2.76,2020_2_brisbane_brisbane_international,2020_2_brisbane_brisbane_international_2020-01-10_QF_kvitova_p_brady_j,2020-0800_297,800,2020-0800,Brisbane,QF,201520,Petra Kvitova,206108,Jennifer Brady,tournament_rank_unique,False,
tennis_data_uk,wta,2020,2,Brisbane International,Brisbane,2020-01-10,premier,True,hard,QF,8,3,Osaka N.,Bertens K.,4,9,5311.0,4245.0,2,1,6,3,3,6,6,3,,,,,completed,1.36,3.2,1.43,3.12,1.44,3.2,1.38,3.02,2020_2_brisbane_brisbane_international,2020_2_brisbane_brisbane_international_2020-01-10_QF_osaka_n_bertens_k,2020-0800_295,800,2020-0800,Brisbane,QF,211768,Naomi Osaka,202428,Kiki Bertens,tournament_rank_unique,False,
tennis_data_uk,wta,2020,2,Brisbane International,Brisbane,2020-01-10,premier,True,hard,QF,8,3,Pliskova Ka.,Riske A.,2,19,5525.0,2085.0,2,0,7,6,6,3,,,,,,,completed,1.36,3.2,1.35,3.52,1.44,3.6,1.33,3.28,2020_2_brisbane_brisbane_international,2020_2_brisbane_brisbane_international_2020-01-10_QF_pliskova_ka_riske_a,2020-0800_294,800,2020-0800,Brisbane,QF,201662,Karolina Pliskova,201590,Alison Riske Amritraj,tournament_rank_unique,False,
tennis_data_uk,wta,2020,2,Brisbane International,Brisbane,2020-01-11,premier,True,hard,SF,4,3,Keys M.,Kvitova P.,13,7,2767.0,4721.0,2,1,3,6,6,2,6,3,,,,,completed,2.1,1.72,2.2,1.77,2.23,1.8,2.13,1.71,2020_2_brisbane_brisbane_international,2020_2_brisbane_brisbane_international_2020-01-11_SF_keys_m_kvitova_p,2020-0800_299,800,2020-0800,Brisbane,SF,201619,Madison Keys,201520,Petra Kvitova,tournament_rank_unique,False,
tennis_data_uk,wta,2020,2,Brisbane International,Brisbane,2020-01-11,premier,True,hard,SF,4,3,Pliskova Ka.,Osaka N.,2,4,5525.0,5311.0,2,1,6,7,7,6,6,2,,,,,completed,2.5,1.53,2.5,1.61,2.53,1.65,2.39,1.57,2020_2_brisbane_brisbane_international,2020_2_brisbane_brisbane_international_2020-01-11_SF_pliskova_ka_osaka_n,2020-0800_298,800,2020-0800,Brisbane,SF,201662,Karolina Pliskova,211768,Naomi Osaka,tournament_rank_unique,False,
tennis_data_uk,wta,2020,2,Brisbane International,Brisbane,2020-01-12,premier,True,hard,F,2,3,Pliskova Ka.,Keys M.,2,13,5525.0,2767.0,2,1,6,4,4,6,7,5,,,,,completed,1.8,2.0,1.87,2.07,1.92,2.16,1.8,2.01,2020_2_brisbane_brisbane_international,2020_2_brisbane_brisbane_international_2020-01-12_F_pliskova_ka_keys_m,2020-0800_300,800,2020-0800,Brisbane,F,201662,Karolina Pliskova,201619,Madison Keys,tournament_rank_unique,False,
tennis_data_uk,wta,2020,3,Shenzhen Open,Shenzhen,2020-01-05,international,True,hard,R32,32,3,Mertens E.,Tsurenko L.,17,119,2290.0,538.0,2,0,6,3,6,3,,,,,,,completed,1.18,4.5,1.23,4.67,1.24,4.8,1.2,4.47,2020_3_shenzhen_shenzhen_open,2020_3_shenzhen_shenzhen_open_2020-01-05_R32_mertens_e_tsurenko_l,2020-1063_274,1063,2020-1063,Shenzhen,R32,210722,Elise Mertens,201615,Lesia Tsurenko,tournament_rank_unique,False,
tennis_data_uk,wta,2020,3,Shenzhen Open,Shenzhen,2020-01-05,international,True,hard,R32,32,3,Wang Xiy.,Cirstea S.,140,74,430.0,778.0,2,1,3,6,6,1,6,1,,,,,completed,2.1,1.66,2.16,1.76,2.2,1.83,2.09,1.73,2020_3_shenzhen_shenzhen_open,2020_3_shenzhen_shenzhen_open_2020-01-05_R32_wang_xiy_cirstea_s,2020-1063_275,1063,2020-1063,Shenzhen,R32,216016,Xiyu Wang,201514,Sorana Cirstea,tournament_rank_unique,False,
tennis_data_uk,wta,2020,3,Shenzhen Open,Shenzhen,2020-01-05,international,True,hard,R32,32,3,Bondarenko K.,Doi M.,1168,80,6.0,754.0,2,0,6,4,6,1,,,,,,,completed,2.62,1.44,2.87,1.47,2.9,1.5,2.72,1.45,2020_3_shenzhen_shenzhen_open,2020_3_shenzhen_shenzhen_open_2020-01-05_R32_bondarenko_k_doi_m,2020-1063_272,1063,2020-1063,Shenzhen,R32,201435,Kateryna Bondarenko,201595,Misaki Doi,tournament_rank_unique,False,
tennis_data_uk,wta,2020,3,Shenzhen Open,Shenzhen,2020-01-05,international,True,hard,R32,32,3,Alexandrova E.,Siniakova K.,34,55,1425.0,1020.0,2,0,6,4,6,4,,,,,,,completed,1.5,2.5,1.55,2.6,1.57,2.66,1.52,2.5,2020_3_shenzhen_shenzhen_open,2020_3_shenzhen_shenzhen_open_2020-01-05_R32_alexandrova_e_siniakova_k,2020-1063_278,1063,2020-1063,Shenzhen,R32,206420,Ekaterina Alexandrova,211701,Katerina Siniakova,tournament_rank_unique,False,
tennis_data_uk,wta,2020,3,Shenzhen Open,Shenzhen,2020-01-05,international,True,hard,R32,32,3,Zhang S.,Linette M.,38,43,1355.0,1320.0,2,0,6,4,6,2,,,,,,,completed,1.66,2.1,1.72,2.22,1.72,2.4,1.64,2.23,2020_3_shenzhen_shenzhen_open,2020_3_shenzhen_shenzhen_open_2020-01-05_R32_zhang_s_linette_m,2020-1063_273,1063,2020-1063,Shenzhen,R32,201533,Shuai Zhang,202663,Magda Linette,tournament_rank_unique,False,
tennis_data_uk,wta,2020,3,Shenzhen Open,Shenzhen,2020-01-05,international,True,hard,R32,32,3,Wang Yaf.,Sorribes Tormo S.,50,90,1105.0,708.0,2,1,1,6,6,1,6,3,,,,,completed,1.4,2.75,1.5,2.75,1.51,2.85,1.46,2.68,2020_3_shenzhen_shenzhen_open,2020_3_shenzhen_shenzhen_open_2020-01-05_R32_wang_yaf_sorribes_tormo_s,2020-1063_276,1063,2020-1063,Shenzhen,R32,206374,Yafan Wang,204427,Sara Sorribes Tormo,tournament_rank_unique,False,
tennis_data_uk,wta,2020,3,Shenzhen Open,Shenzhen,2020-01-06,international,True,hard,R32,32,3,Sabalenka A.,Gasparyan M.,11,103,2940.0,661.0,2,0,6,3,6,0,,,,,,,completed,1.25,3.75,1.24,4.45,1.27,4.45,1.23,4.06,2020_3_shenzhen_shenzhen_open,2020_3_shenzhen_shenzhen_open_2020-01-06_R32_sabalenka_a_gasparyan_m,2020-1063_270,1063,2020-1063,Shenzhen,R32,214544,Aryna Sabalenka,202506,Margarita Gasparyan,tournament_rank_unique,False,
tennis_data_uk,wta,2020,3,Shenzhen Open,Shenzhen,2020-01-06,international,True,hard,R32,32,3,Rogers S.,Gibbs N.,174,124,351.0,494.0,2,1,6,3,5,7,6,4,,,,,completed,2.1,1.66,2.19,1.75,2.25,1.77,2.17,1.67,2020_3_shenzhen_shenzhen_open,2020_3_shenzhen_shenzhen_open_2020-01-06_R32_rogers_s_gibbs_n,2020-1063_283,1063,2020-1063,Shenzhen,R32,201603,Shelby Rogers,202484,Nicole Gibbs,tournament_rank_unique,False,
tennis_data_uk,wta,2020,3,Shenzhen Open,Shenzhen,2020-01-06,international,True,hard,R32,32,3,Rybakina E.,Zheng S.,36,40,1401.0,1350.0,2,1,6,2,1,6,6,2,,,,,completed,1.83,1.83,2.03,1.87,2.05,1.92,1.96,1.83,2020_3_shenzhen_shenzhen_open,2020_3_shenzhen_shenzhen_open_2020-01-06_R32_rybakina_e_zheng_s,2020-1063_277,1063,2020-1063,Shenzhen,R32,214981,Elena Rybakina,202453,Saisai Zheng,tournament_rank_unique,False,
tennis_data_uk,wta,2020,3,Shenzhen Open,Shenzhen,2020-01-06,international,True,hard,R32,32,3,Muguruza G.,Wang Xin.,35,153,1412.0,384.0,2,1,3,6,6,3,6,0,,,,,completed,1.28,3.5,1.3,3.82,1.33,4.0,1.28,3.63,2020_3_shenzhen_shenzhen_open,2020_3_shenzhen_shenzhen_open_2020-01-06_R32_muguruza_g_wang_xin,2020-1063_282,1063,2020-1063,Shenzhen,R32,202469,Garbine Muguruza,216133,Xin Yu Wang,tournament_rank_unique,False,
tennis_data_uk,wta,2020,3,Shenzhen Open,Shenzhen,2020-01-06,international,True,hard,R32,32,3,Pliskova Kr.,Begu I.,66,101,858.0,669.0,2,0,6,3,6,3,,,,,,,completed,1.9,1.8,1.89,2.0,1.94,2.08,1.87,1.92,2020_3_shenzhen_shenzhen_open,2020_3_shenzhen_shenzhen_open_2020-01-06_R32_pliskova_kr_begu_i,2020-1063_271,1063,2020-1063,Shenzhen,R32,201697,Kristyna Pliskova,201593,Irina Camelia Begu,tournament_rank_unique,False,
tennis_data_uk,wta,2020,3,Shenzhen Open,Shenzhen,2020-01-06,international,True,hard,R32,32,3,Sasnovich A.,Friedsam A.L.,69,141,853.0,430.0,2,0,6,2,6,3,,,,,,,completed,2.0,1.72,1.99,1.9,2.1,1.91,1.96,1.84,2020_3_shenzhen_shenzhen_open,2020_3_shenzhen_shenzhen_open_2020-01-06_R32_sasnovich_a_friedsam_a_l,2020-1063_280,1063,2020-1063,Shenzhen,R32,205925,Aliaksandra Sasnovich,204431,Anna Lena Friedsam,tournament_rank_unique,False,
tennis_data_uk,wta,2020,3,Shenzhen Open,Shenzhen,2020-01-06,international,True,hard,R32,32,3,Wang Q.,Jabeur O.,28,81,1563.0,752.0,2,0,6,0,6,3,,,,,,,completed,1.57,2.25,1.55,2.6,1.65,2.6,1.56,2.41,2020_3_shenzhen_shenzhen_open,2020_3_shenzhen_shenzhen_open_2020-01-06_R32_wang_q_jabeur_o,2020-1063_281,1063,2020-1063,Shenzhen,R32,202492,Qiang Wang,202460,Ons Jabeur,tournament_rank_unique,False,
tennis_data_uk,wta,2020,3,Shenzhen Open,Shenzhen,2020-01-06,international,True,hard,R32,32,3,Peng S.,Zhu L.,108,71,613.0,845.0,2,1,6,2,3,6,6,3,,,,,completed,1.83,1.83,1.91,1.98,1.98,2.0,1.88,1.91,2020_3_shenzhen_shenzhen_open,2020_3_shenzhen_shenzhen_open_2020-01-06_R32_peng_s_zhu_l,2020-1063_279,1063,2020-1063,Shenzhen,R32,201397,Shuai Peng,202684,Lin Zhu,tournament_rank_unique,False,
tennis_data_uk,wta,2020,3,Shenzhen Open,Shenzhen,2020-01-07,international,True,hard,R32,32,3,Blinkova A.,Bencic B.,58,8,1007.0,4685.0,2,1,3,6,6,3,6,3,,,,,completed,2.75,1.4,2.83,1.48,2.93,1.5,2.75,1.44,2020_3_shenzhen_shenzhen_open,2020_3_shenzhen_shenzhen_open_2020-01-07_R32_blinkova_a_bencic_b,2020-1063_285,1063,2020-1063,Shenzhen,R32,215020,Anna Blinkova,202505,Belinda Bencic,tournament_rank_unique,False,
tennis_data_uk,wta,2020,3,Shenzhen Open,Shenzhen,2020-01-07,international,True,hard,R32,32,3,Diyas Z.,Duan Y.Y.,75,397,775.0,113.0,2,0,6,3,6,4,,,,,,,completed,1.22,4.0,1.23,4.69,1.25,4.8,1.22,4.28,2020_3_shenzhen_shenzhen_open,2020_3_shenzhen_shenzhen_open_2020-01-07_R32_diyas_z_duan_y_y,2020-1063_284,1063,2020-1063,Shenzhen,R32,201610,Zarina Diyas,202504,Ying Ying Duan,tournament_rank_unique,False,
tennis_data_uk,wta,2020,3,Shenzhen Open,Shenzhen,2020-01-07,international,True,hard,R16,16,3,Bondarenko K.,Zhang S.,1168,38,6.0,1355.0,2,0,7,6,6,3,,,,,,,completed,4.33,1.2,4.91,1.22,4.95,1.27,4.35,1.21,2020_3_shenzhen_shenzhen_open,2020_3_shenzhen_shenzhen_open_2020-01-07_R16_bondarenko_k_zhang_s,2020-1063_287,1063,2020-1063,Shenzhen,R16,201435,Kateryna Bondarenko,201533,Shuai Zhang,tournament_rank_unique,False,
tennis_data_uk,wta,2020,3,Shenzhen Open,Shenzhen,2020-01-07,international,True,hard,R16,16,3,Pliskova Kr.,Sabalenka A.,66,11,858.0,2940.0,2,0,6,4,6,4,,,,,,,completed,4.0,1.22,4.93,1.22,5.0,1.24,4.43,1.2,2020_3_shenzhen_shenzhen_open,2020_3_shenzhen_shenzhen_open_2020-01-07_R16_pliskova_kr_sabalenka_a,2020-1063_286,1063,2020-1063,Shenzhen,R16,201697,Kristyna Pliskova,214544,Aryna Sabalenka,tournament_rank_unique,False,
tennis_data_uk,wta,2020,3,Shenzhen Open,Shenzhen,2020-01-07,international,True,hard,R16,16,3,Mertens E.,Wang Xiy.,17,140,2290.0,430.0,2,0,6,4,6,3,,,,,,,completed,1.18,4.5,1.2,5.21,1.22,5.21,1.19,4.68,2020_3_shenzhen_shenzhen_open,2020_3_shenzhen_shenzhen_open_2020-01-07_R16_mertens_e_wang_xiy,2020-1063_288,1063,2020-1063,Shenzhen,R16,210722,Elise Mertens,216016,Xiyu Wang,tournament_rank_unique,False,
tennis_data_uk,wta,2020,3,Shenzhen Open,Shenzhen,2020-01-07,international,True,hard,R16,16,3,Rybakina E.,Wang Yaf.,36,50,1401.0,1105.0,2,0,6,3,6,4,,,,,,,completed,1.83,1.83,1.97,1.93,1.97,2.0,1.87,1.92,2020_3_shenzhen_shenzhen_open,2020_3_shenzhen_shenzhen_open_2020-01-07_R16_rybakina_e_wang_yaf,2020-1063_289,1063,2020-1063,Shenzhen,R16,214981,Elena Rybakina,206374,Yafan Wang,tournament_rank_unique,False,
tennis_data_uk,wta,2020,3,Shenzhen Open,Shenzhen,2020-01-08,international,True,hard,R16,16,3,Diyas Z.,Blinkova A.,75,58,775.0,1007.0,2,1,6,1,6,7,6,4,,,,,completed,1.9,1.8,1.98,1.93,2.2,1.95,1.99,1.81,2020_3_shenzhen_shenzhen_open,2020_3_shenzhen_shenzhen_open_2020-01-08_R16_diyas_z_blinkova_a,2020-1063_293,1063,2020-1063,Shenzhen,R16,201610,Zarina Diyas,215020,Anna Blinkova,tournament_rank_unique,False,
tennis_data_uk,wta,2020,3,Shenzhen Open,Shenzhen,2020-01-08,international,True,hard,R16,16,3,Muguruza G.,Rogers S.,35,174,1412.0,351.0,2,0,6,1,7,6,,,,,,,completed,1.4,2.75,1.47,2.91,1.48,2.95,1.43,2.78,2020_3_shenzhen_shenzhen_open,2020_3_shenzhen_shenzhen_open_2020-01-08_R16_muguruza_g_rogers_s,2020-1063_292,1063,2020-1063,Shenzhen,R16,202469,Garbine Muguruza,201603,Shelby Rogers,tournament_rank_unique,False,
tennis_data_uk,wta,2020,3,Shenzhen Open,Shenzhen,2020-01-08,international,True,hard,R16,16,3,Alexandrova E.,Peng S.,34,108,1425.0,613.0,2,0,7,6,6,1,,,,,,,completed,1.44,2.62,1.46,2.94,1.5,4.1,1.44,2.77,2020_3_shenzhen_shenzhen_open,2020_3_shenzhen_shenzhen_open_2020-01-08_R16_alexandrova_e_peng_s,2020-1063_290,1063,2020-1063,Shenzhen,R16,206420,Ekaterina Alexandrova,201397,Shuai Peng,tournament_rank_unique,False,
tennis_data_uk,wta,2020,3,Shenzhen Open,Shenzhen,2020-01-08,international,True,hard,R16,16,3,Wang Q.,Sasnovich A.,28,69,1563.0,853.0,2,1,6,4,0,6,7,6,,,,,completed,1.57,2.25,1.73,2.24,1.73,2.3,1.65,2.21,2020_3_shenzhen_shenzhen_open,2020_3_shenzhen_shenzhen_open_2020-01-08_R16_wang_q_sasnovich_a,2020-1063_291,1063,2020-1063,Shenzhen,R16,202492,Qiang Wang,205925,Aliaksandra Sasnovich,tournament_rank_unique,False,
tennis_data_uk,wta,2020,3,Shenzhen Open,Shenzhen,2020-01-09,international,True,hard,QF,8,3,Muguruza G.,Diyas Z.,35,75,1412.0,775.0,2,1,6,4,2,6,6,4,,,,,completed,1.44,2.75,1.54,2.69,1.54,2.86,1.48,2.62,2020_3_shenzhen_shenzhen_open,2020_3_shenzhen_shenzhen_open_2020-01-09_QF_muguruza_g_diyas_z,2020-1063_297,1063,2020-1063,Shenzhen,QF,202469,Garbine Muguruza,201610,Zarina Diyas,tournament_rank_unique,False,
tennis_data_uk,wta,2020,3,Shenzhen Open,Shenzhen,2020-01-09,international,True,hard,QF,8,3,Alexandrova E.,Wang Q.,34,28,1425.0,1563.0,2,1,3,6,6,4,6,3,,,,,completed,1.66,2.2,1.74,2.24,2.41,2.3,1.7,2.17,2020_3_shenzhen_shenzhen_open,2020_3_shenzhen_shenzhen_open_2020-01-09_QF_alexandrova_e_wang_q,2020-1063_296,1063,2020-1063,Shenzhen,QF,206420,Ekaterina Alexandrova,202492,Qiang Wang,tournament_rank_unique,False,
tennis_data_uk,wta,2020,3,Shenzhen Open,Shenzhen,2020-01-09,international,True,hard,QF,8,3,Rybakina E.,Mertens E.,36,17,1401.0,2290.0,2,1,6,4,4,6,6,2,,,,,completed,2.75,1.44,2.86,1.5,2.86,1.5,2.7,1.46,2020_3_shenzhen_shenzhen_open,2020_3_shenzhen_shenzhen_open_2020-01-09_QF_rybakina_e_mertens_e,2020-1063_295,1063,2020-1063,Shenzhen,QF,214981,Elena Rybakina,210722,Elise Mertens,tournament_rank_unique,False,
tennis_data_uk,wta,2020,3,Shenzhen Open,Shenzhen,2020-01-09,international,True,hard,QF,8,3,Pliskova Kr.,Bondarenko K.,66,1168,858.0,6.0,2,0,6,4,6,4,,,,,,,completed,1.66,2.2,1.74,2.26,1.77,2.61,1.67,2.2,2020_3_shenzhen_shenzhen_open,2020_3_shenzhen_shenzhen_open_2020-01-09_QF_pliskova_kr_bondarenko_k,2020-1063_294,1063,2020-1063,Shenzhen,QF,201697,Kristyna Pliskova,201435,Kateryna Bondarenko,tournament_rank_unique,False,
tennis_data_uk,wta,2020,3,Shenzhen Open,Shenzhen,2020-01-10,international,True,hard,SF,4,3,Alexandrova E.,Muguruza G.,34,35,1425.0,1412.0,2,0,6,4,6,3,,,,,,,completed,1.8,2.0,1.84,2.1,1.88,2.1,1.8,2.0,2020_3_shenzhen_shenzhen_open,2020_3_shenzhen_shenzhen_open_2020-01-10_SF_alexandrova_e_muguruza_g,2020-1063_299,1063,2020-1063,Shenzhen,SF,206420,Ekaterina Alexandrova,202469,Garbine Muguruza,tournament_rank_unique,False,
tennis_data_uk,wta,2020,3,Shenzhen Open,Shenzhen,2020-01-10,international,True,hard,SF,4,3,Rybakina E.,Pliskova Kr.,36,66,1401.0,858.0,2,0,6,2,7,5,,,,,,,completed,1.57,2.37,1.65,2.43,1.67,2.43,1.59,2.34,2020_3_shenzhen_shenzhen_open,2020_3_shenzhen_shenzhen_open_2020-01-10_SF_rybakina_e_pliskova_kr,2020-1063_298,1063,2020-1063,Shenzhen,SF,214981,Elena Rybakina,201697,Kristyna Pliskova,tournament_rank_unique,False,
tennis_data_uk,wta,2020,3,Shenzhen Open,Shenzhen,2020-01-11,international,True,hard,F,2,3,Alexandrova E.,Rybakina E.,34,36,1425.0,1401.0,2,0,6,2,6,4,,,,,,,completed,1.61,2.3,1.66,2.4,1.66,2.45,1.61,2.3,2020_3_shenzhen_shenzhen_open,2020_3_shenzhen_shenzhen_open_2020-01-11_F_alexandrova_e_rybakina_e,2020-1063_300,1063,2020-1063,Shenzhen,F,206420,Ekaterina Alexandrova,214981,Elena Rybakina,tournament_rank_unique,False,
tennis_data_uk,wta,2020,4,Adelaide International,Adelaide,2020-01-13,premier,True,hard,R32,32,3,Pavlyuchenkova A.,Kontaveit A.,31,29,1531.0,1575.0,2,0,6,2,6,4,,,,,,,completed,2.37,1.53,2.34,1.66,2.52,1.67,2.34,1.59,2020_4_adelaide_adelaide_international,2020_4_adelaide_adelaide_international_2020-01-13_R32_pavlyuchenkova_a_kontaveit_a,2020-M056_284,2030,2020-M056,Adelaide,R32,201499,Anastasia Pavlyuchenkova,204426,Anett Kontaveit,tournament_rank_unique,False,
tennis_data_uk,wta,2020,4,Adelaide International,Adelaide,2020-01-13,premier,True,hard,R32,32,3,Tomljanovic A.,Putintseva Y.,52,37,1070.0,1415.0,2,0,7,6,6,2,,,,,,,completed,2.25,1.57,2.44,1.61,2.44,1.65,2.34,1.58,2020_4_adelaide_adelaide_international,2020_4_adelaide_adelaide_international_2020-01-13_R32_tomljanovic_a_putintseva_y,2020-M056_271,2030,2020-M056,Adelaide,R32,201548,Ajla Tomljanovic,201709,Yulia Putintseva,tournament_rank_unique,False,
tennis_data_uk,wta,2020,4,Adelaide International,Adelaide,2020-01-13,premier,True,hard,R32,32,3,Vekic D.,Sevastova A.,20,32,2080.0,1518.0,2,1,4,6,6,1,6,3,,,,,completed,1.8,1.9,1.9,1.98,1.95,2.03,1.85,1.93,2020_4_adelaide_adelaide_international,2020_4_adelaide_adelaide_international_2020-01-13_R32_vekic_d_sevastova_a,2020-M056_276,2030,2020-M056,Adelaide,R32,202499,Donna Vekic,201545,Anastasija Sevastova,tournament_rank_unique,False,
tennis_data_uk,wta,2020,4,Adelaide International,Adelaide,2020-01-13,premier,True,hard,R32,32,3,Bencic B.,Kasatkina D.,7,68,4605.0,880.0,2,0,6,4,6,4,,,,,,,completed,1.61,2.2,1.65,2.37,1.73,2.61,1.65,2.23,2020_4_adelaide_adelaide_international,2020_4_adelaide_adelaide_international_2020-01-13_R32_bencic_b_kasatkina_d,2020-M056_281,2030,2020-M056,Adelaide,R32,202505,Belinda Bencic,214082,Daria Kasatkina,tournament_rank_unique,False,
tennis_data_uk,wta,2020,4,Adelaide International,Adelaide,2020-01-13,premier,True,hard,R32,32,3,Collins D.,Sasnovich A.,27,99,1641.0,673.0,2,0,6,3,6,2,,,,,,,completed,1.8,1.9,2.13,1.78,2.13,2.2,1.95,1.85,2020_4_adelaide_adelaide_international,2020_4_adelaide_adelaide_international_2020-01-13_R32_collins_d_sasnovich_a,2020-M056_279,2030,2020-M056,Adelaide,R32,203389,Danielle Collins,205925,Aliaksandra Sasnovich,tournament_rank_unique,False,
tennis_data_uk,wta,2020,4,Adelaide International,Adelaide,2020-01-13,premier,True,hard,R32,32,3,Kenin S.,Golubic V.,15,78,2565.0,760.0,2,0,6,0,6,4,,,,,,,completed,1.28,3.5,1.29,3.93,1.38,4.9,1.28,3.67,2020_4_adelaide_adelaide_international,2020_4_adelaide_adelaide_international_2020-01-13_R32_kenin_s_golubic_v,2020-M056_278,2030,2020-M056,Adelaide,R32,213550,Sofia Kenin,203530,Viktorija Golubic,tournament_rank_unique,False,
tennis_data_uk,wta,2020,4,Adelaide International,Adelaide,2020-01-13,premier,True,hard,R32,32,3,Yastremska D.,Babos T.,24,86,1820.0,720.0,2,0,7,5,6,3,,,,,,,completed,1.33,3.25,1.32,3.71,1.37,3.71,1.32,3.34,2020_4_adelaide_adelaide_international,2020_4_adelaide_adelaide_international_2020-01-13_R32_yastremska_d_babos_t,2020-M056_275,2030,2020-M056,Adelaide,R32,215035,Dayana Yastremska,201693,Timea Babos,tournament_rank_unique,False,
tennis_data_uk,wta,2020,4,Adelaide International,Adelaide,2020-01-13,premier,True,hard,R32,32,3,Kerber A.,Wang Q.,18,28,2175.0,1593.0,2,0,6,1,6,3,,,,,,,completed,1.83,1.83,1.95,1.93,1.95,2.06,1.86,1.92,2020_4_adelaide_adelaide_international,2020_4_adelaide_adelaide_international_2020-01-13_R32_kerber_a_wang_q,2020-M056_274,2030,2020-M056,Adelaide,R32,201493,Angelique Kerber,202492,Qiang Wang,tournament_rank_unique,False,
tennis_data_uk,wta,2020,4,Adelaide International,Adelaide,2020-01-14,premier,True,hard,R32,32,3,Sakkari M.,Diatchenko V.,23,87,1820.0,719.0,2,0,7,5,6,2,,,,,,,completed,1.36,3.0,1.42,3.09,1.43,3.25,1.37,3.05,2020_4_adelaide_adelaide_international,2020_4_adelaide_adelaide_international_2020-01-14_R32_sakkari_m_diatchenko_v,2020-M056_277,2030,2020-M056,Adelaide,R32,206289,Maria Sakkari,201554,Vitalia Diatchenko,tournament_rank_unique,False,
tennis_data_uk,wta,2020,4,Adelaide International,Adelaide,2020-01-14,premier,True,hard,R32,32,3,Rodionova Ar.,Stephens S.,201,25,294.0,1683.0,2,0,6,2,6,2,,,,,,,completed,2.25,1.57,2.57,1.56,2.57,1.63,2.37,1.57,2020_4_adelaide_adelaide_international,2020_4_adelaide_adelaide_international_2020-01-14_R32_rodionova_ar_stephens_s,2020-M056_283,2030,2020-M056,Adelaide,R32,201613,Arina Rodionova,201585,Sloane Stephens,tournament_rank_unique,False,
tennis_data_uk,wta,2020,4,Adelaide International,Adelaide,2020-01-14,premier,True,hard,R32,32,3,Vondrousova M.,Maria T.,16,83,2390.0,729.0,2,0,6,3,6,0,,,,,,,completed,1.61,2.2,1.63,2.42,1.67,2.42,1.61,2.29,2020_4_adelaide_adelaide_international,2020_4_adelaide_adelaide_international_2020-01-14_R32_vondrousova_m_maria_t,2020-M056_282,2030,2020-M056,Adelaide,R32,214954,Marketa Vondrousova,213583,Tatjana Maria,tournament_rank_unique,False,
tennis_data_uk,wta,2020,4,Adelaide International,Adelaide,2020-01-14,premier,True,hard,R32,32,3,Pera B.,Strycova B.,70,33,863.0,1516.0,2,0,7,6,6,3,,,,,,,completed,1.83,1.83,1.88,2.01,1.98,2.01,1.86,1.93,2020_4_adelaide_adelaide_international,2020_4_adelaide_adelaide_international_2020-01-14_R32_pera_b_strycova_b,2020-M056_272,2030,2020-M056,Adelaide,R32,211095,Bernarda Pera,201366,Barbora Strycova,tournament_rank_unique,False,
tennis_data_uk,wta,2020,4,Adelaide International,Adelaide,2020-01-14,premier,True,hard,R32,32,3,Goerges J.,Hon P.,38,139,1390.0,428.0,2,0,7,6,6,3,,,,,,,completed,1.36,3.0,1.36,3.38,1.41,3.38,1.35,3.15,2020_4_adelaide_adelaide_international,2020_4_adelaide_adelaide_international_2020-01-14_R32_goerges_j_hon_p,2020-M056_280,2030,2020-M056,Adelaide,R32,201504,Julia Goerges,211880,Priscilla Hon,tournament_rank_unique,False,
tennis_data_uk,wta,2020,4,Adelaide International,Adelaide,2020-01-14,premier,True,hard,R32,32,3,Sabalenka A.,Hsieh S.W.,12,36,2940.0,1450.0,2,1,5,7,6,1,7,5,,,,,completed,1.44,2.62,1.43,3.01,1.53,3.1,1.43,2.77,2020_4_adelaide_adelaide_international,2020_4_adelaide_adelaide_international_2020-01-14_R32_sabalenka_a_hsieh_s_w,2020-M056_273,2030,2020-M056,Adelaide,R32,214544,Aryna Sabalenka,201444,Su Wei Hsieh,tournament_rank_unique,False,
tennis_data_uk,wta,2020,4,Adelaide International,Adelaide,2020-01-14,premier,True,hard,R16,16,3,Barty A.,Pavlyuchenkova A.,1,31,7547.0,1531.0,2,1,4,6,6,3,7,5,,,,,completed,1.4,2.75,1.45,3.0,1.53,3.0,1.43,2.79,2020_4_adelaide_adelaide_international,2020_4_adelaide_adelaide_international_2020-01-14_R16_barty_a_pavlyuchenkova_a,2020-M056_293,2030,2020-M056,Adelaide,R16,202458,Ashleigh Barty,201499,Anastasia Pavlyuchenkova,tournament_rank_unique,False,
tennis_data_uk,wta,2020,4,Adelaide International,Adelaide,2020-01-14,premier,True,hard,R16,16,3,Halep S.,Tomljanovic A.,4,52,5461.0,1070.0,2,0,6,4,7,5,,,,,,,completed,1.4,2.75,1.41,3.15,1.44,3.15,1.4,2.89,2020_4_adelaide_adelaide_international,2020_4_adelaide_adelaide_international_2020-01-14_R16_halep_s_tomljanovic_a,2020-M056_286,2030,2020-M056,Adelaide,R16,201594,Simona Halep,201548,Ajla Tomljanovic,tournament_rank_unique,False,
tennis_data_uk,wta,2020,4,Adelaide International,Adelaide,2020-01-15,premier,True,hard,R16,16,3,Vekic D.,Sakkari M.,20,23,2080.0,1820.0,2,1,2,6,7,5,6,1,,,,,completed,1.72,2.0,1.83,2.09,1.87,2.1,1.79,2.01,2020_4_adelaide_adelaide_international,2020_4_adelaide_adelaide_international_2020-01-15_R16_vekic_d_sakkari_m,2020-M056_289,2030,2020-M056,Adelaide,R16,202499,Donna Vekic,206289,Maria Sakkari,tournament_rank_unique,False,
tennis_data_uk,wta,2020,4,Adelaide International,Adelaide,2020-01-15,premier,True,hard,R16,16,3,Kerber A.,Yastremska D.,18,24,2175.0,1820.0,0,1,3,6,0,2,,,,,,,retired,2.0,1.72,2.17,1.78,2.17,1.83,2.07,1.74,2020_4_adelaide_adelaide_international,2020_4_adelaide_adelaide_international_2020-01-15_R16_kerber_a_yastremska_d,,,,,,,,,,,,
tennis_data_uk,wta,2020,4,Adelaide International,Adelaide,2020-01-15,premier,True,hard,R16,16,3,Collins D.,Kenin S.,27,15,1641.0,2565.0,2,0,6,3,6,1,,,,,,,completed,2.1,1.66,2.51,1.6,2.51,1.73,2.27,1.63,2020_4_adelaide_adelaide_international,2020_4_adelaide_adelaide_international_2020-01-15_R16_collins_d_kenin_s,2020-M056_290,2030,2020-M056,Adelaide,R16,203389,Danielle Collins,213550,Sofia Kenin,tournament_rank_unique,False,
tennis_data_uk,wta,2020,4,Adelaide International,Adelaide,2020-01-15,premier,True,hard,R16,16,3,Sabalenka A.,Pera B.,12,70,2940.0,863.0,2,0,7,6,6,2,,,,,,,completed,1.33,3.25,1.38,3.36,1.46,3.35,1.36,3.07,2020_4_adelaide_adelaide_international,2020_4_adelaide_adelaide_international_2020-01-15_R16_sabalenka_a_pera_b,2020-M056_287,2030,2020-M056,Adelaide,R16,214544,Aryna Sabalenka,211095,Bernarda Pera,tournament_rank_unique,False,
tennis_data_uk,wta,2020,4,Adelaide International,Adelaide,2020-01-15,premier,True,hard,R16,16,3,Vondrousova M.,Rodionova Ar.,16,201,2390.0,294.0,2,0,6,0,6,0,,,,,,,completed,1.36,3.0,1.37,3.38,1.44,3.38,1.38,3.0,2020_4_adelaide_adelaide_international,2020_4_adelaide_adelaide_international_2020-01-15_R16_vondrousova_m_rodionova_ar,2020-M056_292,2030,2020-M056,Adelaide,R16,214954,Marketa Vondrousova,201613,Arina Rodionova,tournament_rank_unique,False,
tennis_data_uk,wta,2020,4,Adelaide International,Adelaide,2020-01-15,premier,True,hard,R16,16,3,Bencic B.,Goerges J.,7,38,4605.0,1390.0,2,0,7,6,7,6,,,,,,,completed,1.72,2.0,1.86,2.05,1.91,2.07,1.8,2.0,2020_4_adelaide_adelaide_international,2020_4_adelaide_adelaide_international_2020-01-15_R16_bencic_b_goerges_j,2020-M056_291,2030,2020-M056,Adelaide,R16,202505,Belinda Bencic,201504,Julia Goerges,tournament_rank_unique,False,
tennis_data_uk,wta,2020,4,Adelaide International,Adelaide,2020-01-16,premier,True,hard,QF,8,3,Yastremska D.,Vekic D.,24,20,1820.0,2080.0,2,0,6,4,6,3,,,,,,,completed,1.57,2.37,1.65,2.42,1.67,2.42,1.61,2.31,2020_4_adelaide_adelaide_international,2020_4_adelaide_adelaide_international_2020-01-16_QF_yastremska_d_vekic_d,2020-M056_295,2030,2020-M056,Adelaide,QF,215035,Dayana Yastremska,202499,Donna Vekic,tournament_rank_unique,False,
tennis_data_uk,wta,2020,4,Adelaide International,Adelaide,2020-01-16,premier,True,hard,QF,8,3,Sabalenka A.,Halep S.,12,4,2940.0,5461.0,2,0,6,4,6,2,,,,,,,completed,2.0,1.8,2.08,1.86,2.1,1.95,1.98,1.82,2020_4_adelaide_adelaide_international,2020_4_adelaide_adelaide_international_2020-01-16_QF_sabalenka_a_halep_s,2020-M056_294,2030,2020-M056,Adelaide,QF,214544,Aryna Sabalenka,201594,Simona Halep,tournament_rank_unique,False,
tennis_data_uk,wta,2020,4,Adelaide International,Adelaide,2020-01-16,premier,True,hard,QF,8,3,Collins D.,Bencic B.,27,7,1641.0,4605.0,2,0,6,3,6,1,,,,,,,completed,1.9,1.9,1.85,2.09,1.96,2.27,1.8,2.0,2020_4_adelaide_adelaide_international,2020_4_adelaide_adelaide_international_2020-01-16_QF_collins_d_bencic_b,2020-M056_296,2030,2020-M056,Adelaide,QF,203389,Danielle Collins,202505,Belinda Bencic,tournament_rank_unique,False,
tennis_data_uk,wta,2020,4,Adelaide International,Adelaide,2020-01-16,premier,True,hard,QF,8,3,Barty A.,Vondrousova M.,1,16,7547.0,2390.0,2,0,6,3,6,3,,,,,,,completed,1.5,2.62,1.54,2.7,1.56,3.04,1.49,2.6,2020_4_adelaide_adelaide_international,2020_4_adelaide_adelaide_international_2020-01-16_QF_barty_a_vondrousova_m,2020-M056_297,2030,2020-M056,Adelaide,QF,202458,Ashleigh Barty,214954,Marketa Vondrousova,tournament_rank_unique,False,
tennis_data_uk,wta,2020,4,Adelaide International,Adelaide,2020-01-17,premier,True,hard,SF,4,3,Yastremska D.,Sabalenka A.,24,12,1820.0,2940.0,2,0,6,4,7,6,,,,,,,completed,2.1,1.72,1.98,1.94,2.13,1.94,2.01,1.8,2020_4_adelaide_adelaide_international,2020_4_adelaide_adelaide_international_2020-01-17_SF_yastremska_d_sabalenka_a,2020-M056_298,2030,2020-M056,Adelaide,SF,215035,Dayana Yastremska,214544,Aryna Sabalenka,tournament_rank_unique,False,
tennis_data_uk,wta,2020,4,Adelaide International,Adelaide,2020-01-17,premier,True,hard,SF,4,3,Barty A.,Collins D.,1,27,7547.0,1641.0,2,1,3,6,6,1,7,6,,,,,completed,1.44,2.75,1.47,2.95,1.51,2.95,1.45,2.72,2020_4_adelaide_adelaide_international,2020_4_adelaide_adelaide_international_2020-01-17_SF_barty_a_collins_d,2020-M056_299,2030,2020-M056,Adelaide,SF,202458,Ashleigh Barty,203389,Danielle Collins,tournament_rank_unique,False,
tennis_data_uk,wta,2020,4,Adelaide International,Adelaide,2020-01-18,premier,True,hard,F,2,3,Barty A.,Yastremska D.,1,24,7547.0,1820.0,2,0,6,2,7,5,,,,,,,completed,1.53,2.5,1.56,2.63,1.6,2.63,1.54,2.47,2020_4_adelaide_adelaide_international,2020_4_adelaide_adelaide_international_2020-01-18_F_barty_a_yastremska_d,2020-M056_300,2030,2020-M056,Adelaide,F,202458,Ashleigh Barty,215035,Dayana Yastremska,tournament_rank_unique,False,
tennis_data_uk,wta,2020,5,Hobart International,Hobart,2020-01-13,international,True,hard,R32,32,3,Kozlova K.,Sorribes Tormo S.,91,88,699.0,708.0,2,0,6,2,6,1,,,,,,,completed,1.72,2.0,1.77,2.15,1.77,2.2,1.73,2.09,2020_5_hobart_hobart_international,2020_5_hobart_hobart_international_2020-01-13_R32_kozlova_k_sorribes_tormo_s,2020-1050_275,1050,2020-1050,Hobart,R32,203462,Kateryna Baindl,204427,Sara Sorribes Tormo,tournament_rank_unique,False,
tennis_data_uk,wta,2020,5,Hobart International,Hobart,2020-01-13,international,True,hard,R32,32,3,Davis L.,Sharma A.,65,110,902.0,597.0,2,1,6,3,3,6,7,6,,,,,completed,1.4,2.75,1.48,2.84,1.49,3.0,1.42,2.81,2020_5_hobart_hobart_international,2020_5_hobart_hobart_international_2020-01-13_R32_davis_l_sharma_a,2020-1050_276,1050,2020-1050,Hobart,R32,201616,Lauren Davis,206292,Astra Sharma,tournament_rank_unique,False,
tennis_data_uk,wta,2020,5,Hobart International,Hobart,2020-01-13,international,True,hard,R32,32,3,Watson H.,Teichmann J.,101,67,657.0,883.0,2,1,1,6,6,4,6,4,,,,,completed,1.53,2.37,1.54,2.64,1.58,2.66,1.51,2.53,2020_5_hobart_hobart_international,2020_5_hobart_hobart_international_2020-01-13_R32_watson_h_teichmann_j,2020-1050_283,1050,2020-1050,Hobart,R32,201586,Heather Watson,213525,Jil Teichmann,tournament_rank_unique,False,
tennis_data_uk,wta,2020,5,Hobart International,Hobart,2020-01-13,international,True,hard,R32,32,3,Peterson R.,Ferro F.,44,63,1275.0,926.0,0,0,4,4,,,,,,,,,retired,1.36,3.0,1.34,3.57,1.4,3.6,1.33,3.23,2020_5_hobart_hobart_international,2020_5_hobart_hobart_international_2020-01-13_R32_peterson_r_ferro_f,,,,,,,,,,,,
tennis_data_uk,wta,2020,5,Hobart International,Hobart,2020-01-13,international,True,hard,R32,32,3,Linette M.,Kuznetsova S.,43,53,1292.0,1052.0,2,0,7,6,7,6,,,,,,,completed,1.83,1.83,2.15,1.78,2.15,2.05,1.99,1.81,2020_5_hobart_hobart_international,2020_5_hobart_hobart_international_2020-01-13_R32_linette_m_kuznetsova_s,2020-1050_277,1050,2020-1050,Hobart,R32,202663,Magda Linette,201320,Svetlana Kuznetsova,tournament_rank_unique,False,
tennis_data_uk,wta,2020,5,Hobart International,Hobart,2020-01-13,international,True,hard,R32,32,3,Kuzmova V.,Zhu L.,61,71,949.0,850.0,2,1,5,7,6,2,7,6,,,,,completed,2.37,1.53,2.32,1.68,2.42,1.68,2.31,1.6,2020_5_hobart_hobart_international,2020_5_hobart_hobart_international_2020-01-13_R32_kuzmova_v_zhu_l,2020-1050_284,1050,2020-1050,Hobart,R32,214149,Viktoria Hruncakova,202684,Lin Zhu,tournament_rank_unique,False,
tennis_data_uk,wta,2020,5,Hobart International,Hobart,2020-01-13,international,True,hard,R32,32,3,Kudermetova V.,Stosur S.,42,97,1328.0,683.0,2,0,6,2,6,2,,,,,,,completed,1.4,2.75,1.48,2.82,1.5,2.88,1.44,2.72,2020_5_hobart_hobart_international,2020_5_hobart_hobart_international_2020-01-13_R32_kudermetova_v_stosur_s,2020-1050_273,1050,2020-1050,Hobart,R32,206368,Veronika Kudermetova,201325,Samantha Stosur,tournament_rank_unique,False,
tennis_data_uk,wta,2020,5,Hobart International,Hobart,2020-01-13,international,True,hard,R32,32,3,Pliskova Kr.,Stojanovic N.,62,84,939.0,729.0,2,1,1,6,6,4,6,3,,,,,completed,1.53,2.37,,,1.55,2.52,1.52,2.43,2020_5_hobart_hobart_international,2020_5_hobart_hobart_international_2020-01-13_R32_pliskova_kr_stojanovic_n,2020-1050_279,1050,2020-1050,Hobart,R32,201697,Kristyna Pliskova,211411,Nina Stojanovic,tournament_rank_unique,False,
tennis_data_uk,wta,2020,5,Hobart International,Hobart,2020-01-14,international,True,hard,R32,32,3,Bellis C.,Bouzkova M.,838,59,20.0,979.0,2,1,3,6,7,6,6,3,,,,,completed,2.2,1.61,2.37,1.65,2.4,1.67,2.29,1.61,2020_5_hobart_hobart_international,2020_5_hobart_hobart_international_2020-01-14_R32_bellis_c_bouzkova_m,2020-1050_272,1050,2020-1050,Hobart,R32,214263,Catherine Cartan Bellis,213631,Marie Bouzkova,tournament_rank_unique,False,
tennis_data_uk,wta,2020,5,Hobart International,Hobart,2020-01-14,international,True,hard,R32,32,3,Jabeur O.,Blinkova A.,85,58,723.0,989.0,2,0,6,4,6,1,,,,,,,completed,2.2,1.61,2.34,1.66,2.5,1.74,2.32,1.6,2020_5_hobart_hobart_international,2020_5_hobart_hobart_international_2020-01-14_R32_jabeur_o_blinkova_a,2020-1050_271,1050,2020-1050,Hobart,R32,202460,Ons Jabeur,215020,Anna Blinkova,tournament_rank_unique,False,
tennis_data_uk,wta,2020,5,Hobart International,Hobart,2020-01-14,international,True,hard,R32,32,3,Cabrera L.,Garcia C.,129,46,479.0,1235.0,2,1,4,6,6,4,6,2,,,,,completed,2.62,1.44,2.87,1.47,2.9,1.49,2.74,1.44,2020_5_hobart_hobart_international,2020_5_hobart_hobart_international_2020-01-14_R32_cabrera_l_garcia_c,2020-1050_278,1050,2020-1050,Hobart,R32,211878,Lizette Cabrera,201614,Caroline Garcia,tournament_rank_unique,False,
tennis_data_uk,wta,2020,5,Hobart International,Hobart,2020-01-14,international,True,hard,R32,32,3,Cornet A.,Van Uytvanck A.,60,47,965.0,1175.0,2,1,7,5,1,6,6,2,,,,,completed,2.1,1.66,2.1,1.81,2.25,1.83,2.07,1.74,2020_5_hobart_hobart_international,2020_5_hobart_hobart_international_2020-01-14_R32_cornet_a_van_uytvanck_a,2020-1050_280,1050,2020-1050,Hobart,R32,201427,Alize Cornet,202421,Alison Van Uytvanck,tournament_rank_unique,False,
tennis_data_uk,wta,2020,5,Hobart International,Hobart,2020-01-14,international,True,hard,R32,32,3,Zhang S.,Flipkens K.,40,79,1355.0,760.0,2,1,4,6,6,3,6,2,,,,,completed,,,1.53,2.66,2.02,2.75,1.5,2.57,2020_5_hobart_hobart_international,2020_5_hobart_hobart_international_2020-01-14_R32_zhang_s_flipkens_k,2020-1050_274,1050,2020-1050,Hobart,R32,201533,Shuai Zhang,201465,Kirsten Flipkens,tournament_rank_unique,False,
tennis_data_uk,wta,2020,5,Hobart International,Hobart,2020-01-14,international,True,hard,R32,32,3,Muguruza G.,Wang Yaf.,34,51,1467.0,1105.0,2,0,6,1,7,5,,,,,,,completed,1.44,2.62,1.49,2.81,1.5,2.95,1.44,2.76,2020_5_hobart_hobart_international,2020_5_hobart_hobart_international_2020-01-14_R32_muguruza_g_wang_yaf,2020-1050_270,1050,2020-1050,Hobart,R32,202469,Garbine Muguruza,206374,Yafan Wang,tournament_rank_unique,False,
tennis_data_uk,wta,2020,5,Hobart International,Hobart,2020-01-14,international,True,hard,R32,32,3,Mertens E.,Mchale C.,17,81,2250.0,738.0,2,0,6,1,6,1,,,,,,,completed,1.33,3.25,1.35,3.4,1.37,3.45,1.33,3.23,2020_5_hobart_hobart_international,2020_5_hobart_hobart_international_2020-01-14_R32_mertens_e_mchale_c,2020-1050_285,1050,2020-1050,Hobart,R32,210722,Elise Mertens,201539,Christina Mchale,tournament_rank_unique,False,
tennis_data_uk,wta,2020,5,Hobart International,Hobart,2020-01-14,international,True,hard,R32,32,3,Rybakina E.,Zidansek T.,30,69,1551.0,880.0,2,0,6,1,6,4,,,,,,,completed,1.4,2.75,1.38,3.29,1.42,3.38,1.37,3.05,2020_5_hobart_hobart_international,2020_5_hobart_hobart_international_2020-01-14_R32_rybakina_e_zidansek_t,2020-1050_281,1050,2020-1050,Hobart,R32,214981,Elena Rybakina,214461,Tamara Zidansek,tournament_rank_unique,False,
tennis_data_uk,wta,2020,5,Hobart International,Hobart,2020-01-15,international,True,hard,R16,16,3,Kudermetova V.,Bellis C.,42,838,1328.0,20.0,2,0,7,6,6,1,,,,,,,completed,1.5,2.5,1.52,2.71,1.55,2.75,1.49,2.6,2020_5_hobart_hobart_international,2020_5_hobart_hobart_international_2020-01-15_R16_kudermetova_v_bellis_c,2020-1050_287,1050,2020-1050,Hobart,R16,206368,Veronika Kudermetova,214263,Catherine Cartan Bellis,tournament_rank_unique,False,
tennis_data_uk,wta,2020,5,Hobart International,Hobart,2020-01-15,international,True,hard,R16,16,3,Cabrera L.,Pliskova Kr.,129,62,479.0,939.0,2,1,4,6,6,4,6,4,,,,,completed,2.5,1.5,2.71,1.53,2.71,1.55,2.57,1.5,2020_5_hobart_hobart_international,2020_5_hobart_hobart_international_2020-01-15_R16_cabrera_l_pliskova_kr,2020-1050_290,1050,2020-1050,Hobart,R16,211878,Lizette Cabrera,201697,Kristyna Pliskova,tournament_rank_unique,False,
tennis_data_uk,wta,2020,5,Hobart International,Hobart,2020-01-15,international,True,hard,R16,16,3,Davis L.,Linette M.,65,43,902.0,1292.0,2,0,6,4,6,4,,,,,,,completed,2.25,1.57,2.31,1.69,2.42,1.69,2.27,1.62,2020_5_hobart_hobart_international,2020_5_hobart_hobart_international_2020-01-15_R16_davis_l_linette_m,2020-1050_289,1050,2020-1050,Hobart,R16,201616,Lauren Davis,202663,Magda Linette,tournament_rank_unique,False,
tennis_data_uk,wta,2020,5,Hobart International,Hobart,2020-01-15,international,True,hard,R16,16,3,Muguruza G.,Jabeur O.,34,85,1467.0,723.0,2,1,3,6,6,3,7,6,,,,,completed,1.4,2.75,1.49,2.83,1.5,2.96,1.44,2.74,2020_5_hobart_hobart_international,2020_5_hobart_hobart_international_2020-01-15_R16_muguruza_g_jabeur_o,2020-1050_286,1050,2020-1050,Hobart,R16,202469,Garbine Muguruza,202460,Ons Jabeur,tournament_rank_unique,False,
tennis_data_uk,wta,2020,5,Hobart International,Hobart,2020-01-15,international,True,hard,R16,16,3,Zhang S.,Kozlova K.,40,91,1355.0,699.0,2,1,4,6,6,1,6,2,,,,,completed,1.57,2.25,1.7,2.3,1.71,2.33,1.64,2.24,2020_5_hobart_hobart_international,2020_5_hobart_hobart_international_2020-01-15_R16_zhang_s_kozlova_k,2020-1050_288,1050,2020-1050,Hobart,R16,201533,Shuai Zhang,203462,Kateryna Baindl,tournament_rank_unique,False,
tennis_data_uk,wta,2020,5,Hobart International,Hobart,2020-01-15,international,True,hard,R16,16,3,Rybakina E.,Cornet A.,30,60,1551.0,965.0,2,0,7,5,6,3,,,,,,,completed,1.5,2.5,1.59,2.52,1.62,2.7,1.53,2.47,2020_5_hobart_hobart_international,2020_5_hobart_hobart_international_2020-01-15_R16_rybakina_e_cornet_a,2020-1050_291,1050,2020-1050,Hobart,R16,214981,Elena Rybakina,201427,Alize Cornet,tournament_rank_unique,False,
tennis_data_uk,wta,2020,5,Hobart International,Hobart,2020-01-15,international,True,hard,R16,16,3,Watson H.,Ferro F.,101,63,657.0,926.0,2,0,7,6,6,3,,,,,,,completed,1.5,2.5,1.51,2.76,1.54,2.76,1.5,2.57,2020_5_hobart_hobart_international,2020_5_hobart_hobart_international_2020-01-15_R16_watson_h_ferro_f,2020-1050_292,1050,2020-1050,Hobart,R16,201586,Heather Watson,211539,Fiona Ferro,tournament_rank_unique,False,
tennis_data_uk,wta,2020,5,Hobart International,Hobart,2020-01-15,international,True,hard,R16,16,3,Mertens E.,Kuzmova V.,17,61,2250.0,949.0,2,0,6,1,6,0,,,,,,,completed,1.14,5.5,1.16,6.1,1.17,6.15,1.15,5.46,2020_5_hobart_hobart_international,2020_5_hobart_hobart_international_2020-01-15_R16_mertens_e_kuzmova_v,2020-1050_293,1050,2020-1050,Hobart,R16,210722,Elise Mertens,214149,Viktoria Hruncakova,tournament_rank_unique,False,
tennis_data_uk,wta,2020,5,Hobart International,Hobart,2020-01-16,international,True,hard,QF,8,3,Zhang S.,Davis L.,40,65,1355.0,902.0,2,0,6,1,6,4,,,,,,,completed,1.57,2.37,1.57,2.61,1.62,2.61,1.56,2.41,2020_5_hobart_hobart_international,2020_5_hobart_hobart_international_2020-01-16_QF_zhang_s_davis_l,2020-1050_295,1050,2020-1050,Hobart,QF,201533,Shuai Zhang,201616,Lauren Davis,tournament_rank_unique,False,
tennis_data_uk,wta,2020,5,Hobart International,Hobart,2020-01-16,international,True,hard,QF,8,3,Watson H.,Mertens E.,101,17,657.0,2250.0,2,1,6,7,6,4,7,5,,,,,completed,6.0,1.12,7.06,1.14,7.06,1.15,6.1,1.12,2020_5_hobart_hobart_international,2020_5_hobart_hobart_international_2020-01-16_QF_watson_h_mertens_e,2020-1050_297,1050,2020-1050,Hobart,QF,201586,Heather Watson,210722,Elise Mertens,tournament_rank_unique,False,
tennis_data_uk,wta,2020,5,Hobart International,Hobart,2020-01-16,international,True,hard,QF,8,3,Muguruza G.,Kudermetova V.,34,42,1467.0,1328.0,,,,,,,,,,,,,walkover,1.72,2.1,1.81,2.15,1.83,2.21,1.74,2.08,2020_5_hobart_hobart_international,2020_5_hobart_hobart_international_2020-01-16_QF_muguruza_g_kudermetova_v,,,,,,,,,,,,
tennis_data_uk,wta,2020,5,Hobart International,Hobart,2020-01-16,international,True,hard,QF,8,3,Rybakina E.,Cabrera L.,30,129,1551.0,479.0,2,1,6,7,7,6,7,5,,,,,completed,1.3,3.5,1.27,4.32,1.33,4.44,1.26,3.84,2020_5_hobart_hobart_international,2020_5_hobart_hobart_international_2020-01-16_QF_rybakina_e_cabrera_l,2020-1050_296,1050,2020-1050,Hobart,QF,214981,Elena Rybakina,211878,Lizette Cabrera,tournament_rank_unique,False,
tennis_data_uk,wta,2020,5,Hobart International,Hobart,2020-01-17,international,True,hard,SF,4,3,Zhang S.,Kudermetova V.,40,42,1355.0,1328.0,2,0,6,3,6,4,,,,,,,completed,1.8,2.0,1.9,2.03,1.91,2.03,1.83,1.96,2020_5_hobart_hobart_international,2020_5_hobart_hobart_international_2020-01-17_SF_zhang_s_kudermetova_v,2020-1050_298,1050,2020-1050,Hobart,SF,201533,Shuai Zhang,206368,Veronika Kudermetova,tournament_rank_unique,False,
tennis_data_uk,wta,2020,5,Hobart International,Hobart,2020-01-17,international,True,hard,SF,4,3,Rybakina E.,Watson H.,30,101,1551.0,657.0,2,1,6,3,4,6,6,4,,,,,completed,1.44,2.75,1.49,2.87,1.54,2.87,1.47,2.65,2020_5_hobart_hobart_international,2020_5_hobart_hobart_international_2020-01-17_SF_rybakina_e_watson_h,2020-1050_299,1050,2020-1050,Hobart,SF,214981,Elena Rybakina,201586,Heather Watson,tournament_rank_unique,False,
tennis_data_uk,wta,2020,5,Hobart International,Hobart,2020-01-18,international,True,hard,F,2,3,Rybakina E.,Zhang S.,30,40,1551.0,1355.0,2,0,7,6,6,3,,,,,,,completed,2.3,1.61,2.43,1.65,2.44,1.67,2.3,1.61,2020_5_hobart_hobart_international,2020_5_hobart_hobart_international_2020-01-18_F_rybakina_e_zhang_s,2020-1050_300,1050,2020-1050,Hobart,F,214981,Elena Rybakina,201533,Shuai Zhang,tournament_rank_unique,False,
tennis_data_uk,wta,2020,6,Australian Open,Melbourne,2020-01-20,grand_slam,True,hard,R128,128,3,Badosa P.,Larsson J.,97,215,687.0,280.0,2,0,6,1,6,0,,,,,,,completed,2.1,1.72,2.0,1.88,2.2,1.91,2.07,1.76,2020_6_melbourne_australian_open,2020_6_melbourne_australian_open_2020-01-20_R128_badosa_p_larsson_j,2020-580_114,580,2020-580,Australian Open,R128,211651,Paula Badosa,201596,Johanna Larsson,tournament_rank_unique,False,
tennis_data_uk,wta,2020,6,Australian Open,Melbourne,2020-01-20,grand_slam,True,hard,R128,128,3,Alexandrova E.,Teichmann J.,28,68,1645.0,883.0,2,1,6,4,4,6,6,2,,,,,completed,1.2,4.5,1.21,4.91,1.21,6.0,1.18,4.89,2020_6_melbourne_australian_open,2020_6_melbourne_australian_open_2020-01-20_R128_alexandrova_e_teichmann_j,2020-580_112,580,2020-580,Australian Open,R128,206420,Ekaterina Alexandrova,213525,Jil Teichmann,tournament_rank_unique,False,
tennis_data_uk,wta,2020,6,Australian Open,Melbourne,2020-01-20,grand_slam,True,hard,R128,128,3,Goerges J.,Kuzmova V.,39,60,1415.0,965.0,2,0,6,1,6,2,,,,,,,completed,1.33,3.4,1.33,3.62,1.36,3.75,1.32,3.41,2020_6_melbourne_australian_open,2020_6_melbourne_australian_open_2020-01-20_R128_goerges_j_kuzmova_v,2020-580_106,580,2020-580,Australian Open,R128,201504,Julia Goerges,214149,Viktoria Hruncakova,tournament_rank_unique,False,
tennis_data_uk,wta,2020,6,Australian Open,Melbourne,2020-01-20,grand_slam,True,hard,R128,128,3,Zhu L.,Golubic V.,71,76,850.0,772.0,2,1,4,6,6,1,7,6,,,,,completed,1.8,2.0,1.81,2.1,1.91,2.1,1.79,2.02,2020_6_melbourne_australian_open,2020_6_melbourne_australian_open_2020-01-20_R128_zhu_l_golubic_v,2020-580_105,580,2020-580,Australian Open,R128,202684,Lin Zhu,203530,Viktorija Golubic,tournament_rank_unique,False,
tennis_data_uk,wta,2020,6,Australian Open,Melbourne,2020-01-20,grand_slam,True,hard,R128,128,3,Martic P.,Mchale C.,14,84,2646.0,741.0,2,0,6,3,6,0,,,,,,,completed,1.44,2.75,1.5,2.75,1.51,2.82,1.46,2.72,2020_6_melbourne_australian_open,2020_6_melbourne_australian_open_2020-01-20_R128_martic_p_mchale_c,2020-580_107,580,2020-580,Australian Open,R128,201549,Petra Martic,201539,Christina Mchale,tournament_rank_unique,False,
tennis_data_uk,wta,2020,6,Australian Open,Melbourne,2020-01-20,grand_slam,True,hard,R128,128,3,Zheng S.,Kalinskaya A.,42,109,1350.0,613.0,2,0,6,3,6,2,,,,,,,completed,1.72,2.1,1.82,2.08,1.83,2.23,1.74,2.09,2020_6_melbourne_australian_open,2020_6_melbourne_australian_open_2020-01-20_R128_zheng_s_kalinskaya_a,2020-580_117,580,2020-580,Australian Open,R128,202453,Saisai Zheng,214939,Anna Kalinskaya,tournament_rank_unique,False,
tennis_data_uk,wta,2020,6,Australian Open,Melbourne,2020-01-20,grand_slam,True,hard,R128,128,3,Osaka N.,Bouzkova M.,4,59,5496.0,979.0,2,0,6,2,6,4,,,,,,,completed,1.14,5.5,1.18,5.47,1.19,6.0,1.16,5.33,2020_6_melbourne_australian_open,2020_6_melbourne_australian_open_2020-01-20_R128_osaka_n_bouzkova_m,2020-580_116,580,2020-580,Australian Open,R128,211768,Naomi Osaka,213631,Marie Bouzkova,tournament_rank_unique,False,
tennis_data_uk,wta,2020,6,Australian Open,Melbourne,2020-01-20,grand_slam,True,hard,R128,128,3,Kenin S.,Trevisan M.,15,154,2565.0,384.0,2,0,6,2,6,4,,,,,,,completed,1.2,4.5,1.26,4.25,1.26,5.0,1.22,4.34,2020_6_melbourne_australian_open,2020_6_melbourne_australian_open_2020-01-20_R128_kenin_s_trevisan_m,2020-580_123,580,2020-580,Australian Open,R128,213550,Sofia Kenin,203354,Martina Trevisan,tournament_rank_unique,False,
tennis_data_uk,wta,2020,6,Australian Open,Melbourne,2020-01-20,grand_slam,True,hard,R128,128,3,Cirstea S.,Strycova B.,74,34,795.0,1516.0,2,0,6,2,7,6,,,,,,,completed,2.0,1.8,2.26,1.71,2.26,1.84,2.13,1.72,2020_6_melbourne_australian_open,2020_6_melbourne_australian_open_2020-01-20_R128_cirstea_s_strycova_b,2020-580_119,580,2020-580,Australian Open,R128,201514,Sorana Cirstea,201366,Barbora Strycova,tournament_rank_unique,False,
tennis_data_uk,wta,2020,6,Australian Open,Melbourne,2020-01-20,grand_slam,True,hard,R128,128,3,Krejcikova B.,Kanepi K.,128,101,489.0,671.0,2,1,7,6,2,6,6,3,,,,,completed,2.0,1.8,2.13,1.79,2.16,1.84,2.05,1.77,2020_6_melbourne_australian_open,2020_6_melbourne_australian_open_2020-01-20_R128_krejcikova_b_kanepi_k,2020-580_113,580,2020-580,Australian Open,R128,206252,Barbora Krejcikova,201466,Kaia Kanepi,tournament_rank_unique,False,
tennis_data_uk,wta,2020,6,Australian Open,Melbourne,2020-01-20,grand_slam,True,hard,R128,128,3,Li A.,Cabrera L.,142,121,423.0,538.0,2,0,7,6,7,6,,,,,,,completed,1.66,2.2,1.58,2.53,1.83,2.53,1.64,2.27,2020_6_melbourne_australian_open,2020_6_melbourne_australian_open_2020-01-20_R128_li_a_cabrera_l,2020-580_122,580,2020-580,Australian Open,R128,215983,Ann Li,211878,Lizette Cabrera,tournament_rank_unique,False,
tennis_data_uk,wta,2020,6,Australian Open,Melbourne,2020-01-20,grand_slam,True,hard,R128,128,3,Williams S.,Potapova A.,9,90,4215.0,711.0,2,0,6,0,6,3,,,,,,,completed,1.04,13.0,1.04,14.55,1.06,16.5,1.04,11.86,2020_6_melbourne_australian_open,2020_6_melbourne_australian_open_2020-01-20_R128_williams_s_potapova_a,2020-580_131,580,2020-580,Australian Open,R128,200033,Serena Williams,215713,Anastasia Potapova,tournament_rank_unique,False,
tennis_data_uk,wta,2020,6,Australian Open,Melbourne,2020-01-20,grand_slam,True,hard,R128,128,3,Wozniacki C.,Ahn K.,36,92,1463.0,707.0,2,0,6,1,6,3,,,,,,,completed,1.2,4.5,1.2,5.12,1.22,5.12,1.2,4.62,2020_6_melbourne_australian_open,2020_6_melbourne_australian_open_2020-01-20_R128_wozniacki_c_ahn_k,2020-580_126,580,2020-580,Australian Open,R128,201496,Caroline Wozniacki,201529,Kristie Ahn,tournament_rank_unique,False,
tennis_data_uk,wta,2020,6,Australian Open,Melbourne,2020-01-20,grand_slam,True,hard,R128,128,3,Zidansek T.,Han N.L.,70,179,880.0,344.0,2,0,6,3,6,3,,,,,,,completed,1.61,2.3,1.61,2.45,1.65,2.47,1.59,2.36,2020_6_melbourne_australian_open,2020_6_melbourne_australian_open_2020-01-20_R128_zidansek_t_han_n_l,2020-580_130,580,2020-580,Australian Open,R128,214461,Tamara Zidansek,204291,Na Lae Han,tournament_rank_unique,False,
tennis_data_uk,wta,2020,6,Australian Open,Melbourne,2020-01-20,grand_slam,True,hard,R128,128,3,Kvitova P.,Siniakova K.,8,57,4436.0,996.0,2,0,6,1,6,0,,,,,,,completed,1.16,5.0,1.17,5.64,1.19,5.7,1.16,5.23,2020_6_melbourne_australian_open,2020_6_melbourne_australian_open_2020-01-20_R128_kvitova_p_siniakova_k,2020-580_115,580,2020-580,Australian Open,R128,201520,Petra Kvitova,211701,Katerina Siniakova,tournament_rank_unique,False,
tennis_data_uk,wta,2020,6,Australian Open,Melbourne,2020-01-20,grand_slam,True,hard,R128,128,3,Gauff C.,Williams V.,67,55,885.0,1019.0,2,0,7,6,6,3,,,,,,,completed,1.57,2.37,1.69,2.28,1.69,2.44,1.62,2.29,2020_6_melbourne_australian_open,2020_6_melbourne_australian_open_2020-01-20_R128_gauff_c_williams_v,2020-580_118,580,2020-580,Australian Open,R128,221103,Coco Gauff,200748,Venus Williams,tournament_rank_unique,False,
tennis_data_uk,wta,2020,6,Australian Open,Melbourne,2020-01-20,grand_slam,True,hard,R128,128,3,Mcnally C.,Stosur S.,116,99,552.0,683.0,2,0,6,1,6,4,,,,,,,completed,1.4,3.0,1.47,2.89,1.52,3.0,1.44,2.8,2020_6_melbourne_australian_open,2020_6_melbourne_australian_open_2020-01-20_R128_mcnally_c_stosur_s,2020-580_121,580,2020-580,Australian Open,R128,216083,Caty Mcnally,201325,Samantha Stosur,tournament_rank_unique,False,
tennis_data_uk,wta,2020,6,Australian Open,Melbourne,2020-01-20,grand_slam,True,hard,R128,128,3,Barty A.,Tsurenko L.,1,120,8017.0,538.0,2,1,5,7,6,1,6,1,,,,,completed,1.06,10.0,1.04,13.93,1.1,14.5,1.05,10.86,2020_6_melbourne_australian_open,2020_6_melbourne_australian_open_2020-01-20_R128_barty_a_tsurenko_l,2020-580_100,580,2020-580,Australian Open,R128,202458,Ashleigh Barty,201615,Lesia Tsurenko,tournament_rank_unique,False,
tennis_data_uk,wta,2020,6,Australian Open,Melbourne,2020-01-20,grand_slam,True,hard,R128,128,3,Zhang S.,Stephens S.,35,27,1505.0,1683.0,2,1,2,6,7,5,6,2,,,,,completed,1.57,2.37,1.64,2.38,1.67,2.42,1.61,2.31,2020_6_melbourne_australian_open,2020_6_melbourne_australian_open_2020-01-20_R128_zhang_s_stephens_s,2020-580_120,580,2020-580,Australian Open,R128,201533,Shuai Zhang,201585,Sloane Stephens,tournament_rank_unique,False,
tennis_data_uk,wta,2020,6,Australian Open,Melbourne,2020-01-21,grand_slam,True,hard,R128,128,3,Garcia C.,Brengle M.,46,95,1235.0,691.0,2,1,6,7,6,2,6,2,,,,,completed,1.53,2.5,1.58,2.52,1.62,2.52,1.55,2.43,2020_6_melbourne_australian_open,2020_6_melbourne_australian_open_2020-01-21_R128_garcia_c_brengle_m,2020-580_125,580,2020-580,Australian Open,R128,201614,Caroline Garcia,201483,Madison Brengle,tournament_rank_unique,False,
tennis_data_uk,wta,2020,6,Australian Open,Melbourne,2020-01-21,grand_slam,True,hard,R128,128,3,Ferro F.,Van Uytvanck A.,63,47,944.0,1175.0,2,0,6,2,6,1,,,,,,,completed,2.5,1.53,2.48,1.6,2.75,1.61,2.46,1.55,2020_6_melbourne_australian_open,2020_6_melbourne_australian_open_2020-01-21_R128_ferro_f_van_uytvanck_a,2020-580_129,580,2020-580,Australian Open,R128,211539,Fiona Ferro,202421,Alison Van Uytvanck,tournament_rank_unique,False,
tennis_data_uk,wta,2020,6,Australian Open,Melbourne,2020-01-21,grand_slam,True,hard,R128,128,3,Sakkari M.,Gasparyan M.,23,100,1845.0,678.0,2,0,6,2,6,2,,,,,,,completed,1.4,3.0,1.44,2.97,1.47,3.2,1.4,2.94,2020_6_melbourne_australian_open,2020_6_melbourne_australian_open_2020-01-21_R128_sakkari_m_gasparyan_m,2020-580_111,580,2020-580,Australian Open,R128,206289,Maria Sakkari,202506,Margarita Gasparyan,tournament_rank_unique,False,
tennis_data_uk,wta,2020,6,Australian Open,Melbourne,2020-01-21,grand_slam,True,hard,R128,128,3,Hibino N.,Peng S.,103,104,645.0,642.0,2,1,4,6,7,6,6,3,,,,,completed,2.37,1.57,2.38,1.64,2.49,1.67,2.36,1.59,2020_6_melbourne_australian_open,2020_6_melbourne_australian_open_2020-01-21_R128_hibino_n_peng_s,2020-580_110,580,2020-580,Australian Open,R128,211702,Nao Hibino,201397,Shuai Peng,tournament_rank_unique,False,
tennis_data_uk,wta,2020,6,Australian Open,Melbourne,2020-01-21,grand_slam,True,hard,R128,128,3,Yastremska D.,Juvan K.,21,127,2070.0,490.0,2,0,6,1,6,1,,,,,,,completed,1.28,3.75,1.29,3.9,1.33,4.05,1.29,3.59,2020_6_melbourne_australian_open,2020_6_melbourne_australian_open_2020-01-21_R128_yastremska_d_juvan_k,2020-580_127,580,2020-580,Australian Open,R128,215035,Dayana Yastremska,215219,Kaja Juvan,tournament_rank_unique,False,
tennis_data_uk,wta,2020,6,Australian Open,Melbourne,2020-01-21,grand_slam,True,hard,R128,128,3,Jabeur O.,Konta J.,78,13,770.0,2813.0,2,0,6,4,6,2,,,,,,,completed,2.2,1.66,2.3,1.68,2.36,1.69,2.25,1.64,2020_6_melbourne_australian_open,2020_6_melbourne_australian_open_2020-01-21_R128_jabeur_o_konta_j,2020-580_124,580,2020-580,Australian Open,R128,202460,Ons Jabeur,202427,Johanna Konta,tournament_rank_unique,False,
tennis_data_uk,wta,2020,6,Australian Open,Melbourne,2020-01-21,grand_slam,True,hard,R128,128,3,Bencic B.,Schmiedlova A.K.,7,203,4675.0,293.0,2,0,6,3,7,5,,,,,,,completed,1.12,6.0,1.13,6.93,1.14,7.45,1.12,6.39,2020_6_melbourne_australian_open,2020_6_melbourne_australian_open_2020-01-21_R128_bencic_b_schmiedlova_a_k,2020-580_132,580,2020-580,Australian Open,R128,202505,Belinda Bencic,203533,Anna Karolina Schmiedlova,tournament_rank_unique,False,
tennis_data_uk,wta,2020,6,Australian Open,Melbourne,2020-01-21,grand_slam,True,hard,R128,128,3,Hercog P.,Peterson R.,48,44,1145.0,1275.0,2,0,6,3,6,3,,,,,,,completed,2.3,1.61,2.4,1.63,2.42,1.65,2.32,1.61,2020_6_melbourne_australian_open,2020_6_melbourne_australian_open_2020-01-21_R128_hercog_p_peterson_r,2020-580_101,580,2020-580,Australian Open,R128,201555,Polona Hercog,202490,Rebecca Peterson,tournament_rank_unique,False,
tennis_data_uk,wta,2020,6,Australian Open,Melbourne,2020-01-21,grand_slam,True,hard,R128,128,3,Pliskova Ka.,Mladenovic K.,2,41,5940.0,1360.0,2,0,6,1,7,5,,,,,,,completed,1.22,4.33,1.23,4.6,1.27,4.85,1.22,4.29,2020_6_melbourne_australian_open,2020_6_melbourne_australian_open_2020-01-21_R128_pliskova_ka_mladenovic_k,2020-580_163,580,2020-580,Australian Open,R128,201662,Karolina Pliskova,201540,Kristina Mladenovic,tournament_rank_unique,False,
tennis_data_uk,wta,2020,6,Australian Open,Melbourne,2020-01-21,grand_slam,True,hard,R128,128,3,Riske A.,Wang Yaf.,19,51,2130.0,1105.0,2,1,7,6,2,6,6,3,,,,,completed,1.61,2.3,1.65,2.36,1.7,2.38,1.63,2.29,2020_6_melbourne_australian_open,2020_6_melbourne_australian_open_2020-01-21_R128_riske_a_wang_yaf,2020-580_104,580,2020-580,Australian Open,R128,201590,Alison Riske Amritraj,206374,Yafan Wang,tournament_rank_unique,False,
tennis_data_uk,wta,2020,6,Australian Open,Melbourne,2020-01-21,grand_slam,True,hard,R128,128,3,Keys M.,Kasatkina D.,11,69,3072.0,880.0,2,0,6,3,6,1,,,,,,,completed,1.16,5.0,1.19,5.3,1.26,5.35,1.19,4.78,2020_6_melbourne_australian_open,2020_6_melbourne_australian_open_2020-01-21_R128_keys_m_kasatkina_d,2020-580_108,580,2020-580,Australian Open,R128,201619,Madison Keys,214082,Daria Kasatkina,tournament_rank_unique,False,
tennis_data_uk,wta,2020,6,Australian Open,Melbourne,2020-01-21,grand_slam,True,hard,R128,128,3,Rus A.,Linette M.,93,43,701.0,1302.0,2,1,1,6,6,3,6,4,,,,,completed,2.75,1.44,2.97,1.44,3.07,1.48,2.79,1.44,2020_6_melbourne_australian_open,2020_6_melbourne_australian_open_2020-01-21_R128_rus_a_linette_m,2020-580_109,580,2020-580,Australian Open,R128,201551,Arantxa Rus,202663,Magda Linette,tournament_rank_unique,False,
tennis_data_uk,wta,2020,6,Australian Open,Melbourne,2020-01-21,grand_slam,True,hard,R128,128,3,Vekic D.,Sharapova M.,20,145,2120.0,407.0,2,0,6,3,6,4,,,,,,,completed,1.66,2.2,1.7,2.26,1.71,2.4,1.63,2.27,2020_6_melbourne_australian_open,2020_6_melbourne_australian_open_2020-01-21_R128_vekic_d_sharapova_m,2020-580_136,580,2020-580,Australian Open,R128,202499,Donna Vekic,201345,Maria Sharapova,tournament_rank_unique,False,
tennis_data_uk,wta,2020,6,Australian Open,Melbourne,2020-01-21,grand_slam,True,hard,R128,128,3,Rybakina E.,Pera B.,26,65,1816.0,925.0,2,0,6,3,6,2,,,,,,,completed,1.57,2.37,1.57,2.54,1.67,2.54,1.58,2.38,2020_6_melbourne_australian_open,2020_6_melbourne_australian_open_2020-01-21_R128_rybakina_e_pera_b,2020-580_103,580,2020-580,Australian Open,R128,214981,Elena Rybakina,211095,Bernarda Pera,tournament_rank_unique,False,
tennis_data_uk,wta,2020,6,Australian Open,Melbourne,2020-01-21,grand_slam,True,hard,R128,128,3,Wang Q.,Parmentier P.,29,133,1593.0,457.0,2,0,7,6,6,3,,,,,,,completed,1.12,6.0,1.13,6.88,1.15,7.0,1.12,6.22,2020_6_melbourne_australian_open,2020_6_melbourne_australian_open_2020-01-21_R128_wang_q_parmentier_p,2020-580_128,580,2020-580,Australian Open,R128,202492,Qiang Wang,201426,Pauline Parmentier,tournament_rank_unique,False,
tennis_data_uk,wta,2020,6,Australian Open,Melbourne,2020-01-21,grand_slam,True,hard,R128,128,3,Minnen G.,Sasnovich A.,119,94,539.0,697.0,2,1,7,6,4,6,7,5,,,,,completed,2.2,1.66,2.17,1.76,2.23,1.77,2.15,1.7,2020_6_melbourne_australian_open,2020_6_melbourne_australian_open_2020-01-21_R128_minnen_g_sasnovich_a,2020-580_102,580,2020-580,Australian Open,R128,213889,Greet Minnen,205925,Aliaksandra Sasnovich,tournament_rank_unique,False,
tennis_data_uk,wta,2020,6,Australian Open,Melbourne,2020-01-21,grand_slam,True,hard,R128,128,3,Ostapenko J.,Samsonova L.,45,118,1250.0,542.0,2,0,6,1,6,4,,,,,,,completed,1.9,1.9,1.91,1.98,2.03,2.0,1.92,1.88,2020_6_melbourne_australian_open,2020_6_melbourne_australian_open_2020-01-21_R128_ostapenko_j_samsonova_l,2020-580_133,580,2020-580,Australian Open,R128,211533,Jelena Ostapenko,214643,Liudmila Samsonova,tournament_rank_unique,False,
tennis_data_uk,wta,2020,6,Australian Open,Melbourne,2020-01-21,grand_slam,True,hard,R128,128,3,Tomljanovic A.,Sevastova A.,52,33,1095.0,1518.0,2,0,6,1,6,1,,,,,,,completed,1.9,1.9,1.91,1.98,1.95,2.0,1.89,1.9,2020_6_melbourne_australian_open,2020_6_melbourne_australian_open_2020-01-21_R128_tomljanovic_a_sevastova_a,2020-580_151,580,2020-580,Australian Open,R128,201548,Ajla Tomljanovic,201545,Anastasija Sevastova,tournament_rank_unique,False,
tennis_data_uk,wta,2020,6,Australian Open,Melbourne,2020-01-21,grand_slam,True,hard,R128,128,3,Diyas Z.,Anisimova A.,73,24,835.0,1843.0,2,1,6,3,4,6,6,3,,,,,completed,3.0,1.4,2.98,1.44,3.15,1.44,2.89,1.41,2020_6_melbourne_australian_open,2020_6_melbourne_australian_open_2020-01-21_R128_diyas_z_anisimova_a,2020-580_152,580,2020-580,Australian Open,R128,201610,Zarina Diyas,216153,Amanda Anisimova,tournament_rank_unique,False,
tennis_data_uk,wta,2020,6,Australian Open,Melbourne,2020-01-21,grand_slam,True,hard,R128,128,3,Davis L.,Fernandez L.A.,62,207,949.0,286.0,2,0,6,4,6,2,,,,,,,completed,1.5,2.62,1.56,2.58,1.56,3.1,1.47,2.69,2020_6_melbourne_australian_open,2020_6_melbourne_australian_open_2020-01-21_R128_davis_l_fernandez_l_a,2020-580_149,580,2020-580,Australian Open,R128,201616,Lauren Davis,220367,Leylah Fernandez,tournament_rank_unique,False,
tennis_data_uk,wta,2020,6,Australian Open,Melbourne,2020-01-21,grand_slam,True,hard,R128,128,3,Giorgi C.,Lottner A.,102,156,654.0,375.0,2,0,6,3,6,3,,,,,,,completed,1.44,2.75,1.43,3.02,1.47,3.05,1.42,2.85,2020_6_melbourne_australian_open,2020_6_melbourne_australian_open_2020-01-21_R128_giorgi_c_lottner_a,2020-580_157,580,2020-580,Australian Open,R128,202429,Camila Giorgi,204430,Antonia Lottner,tournament_rank_unique,False,
tennis_data_uk,wta,2020,6,Australian Open,Melbourne,2020-01-21,grand_slam,True,hard,R128,128,3,Muguruza G.,Rogers S.,32,155,1526.0,380.0,2,1,0,6,6,1,6,0,,,,,completed,1.66,2.2,1.56,2.58,1.66,2.63,1.57,2.41,2020_6_melbourne_australian_open,2020_6_melbourne_australian_open_2020-01-21_R128_muguruza_g_rogers_s,2020-580_150,580,2020-580,Australian Open,R128,202469,Garbine Muguruza,201603,Shelby Rogers,tournament_rank_unique,False,
tennis_data_uk,wta,2020,6,Australian Open,Melbourne,2020-01-21,grand_slam,True,hard,R128,128,3,Muchova K.,Flipkens K.,22,81,1847.0,760.0,2,1,6,3,2,6,7,6,,,,,completed,1.3,3.5,1.31,3.79,1.37,3.8,1.3,3.52,2020_6_melbourne_australian_open,2020_6_melbourne_australian_open_2020-01-21_R128_muchova_k_flipkens_k,2020-580_143,580,2020-580,Australian Open,R128,214096,Karolina Muchova,201465,Kirsten Flipkens,tournament_rank_unique,False,
tennis_data_uk,wta,2020,6,Australian Open,Melbourne,2020-01-21,grand_slam,True,hard,R128,128,3,Putintseva Y.,Hsieh S.W.,38,37,1415.0,1450.0,2,0,6,1,6,3,,,,,,,completed,1.9,1.9,1.89,2.0,1.92,2.07,1.83,1.97,2020_6_melbourne_australian_open,2020_6_melbourne_australian_open_2020-01-21_R128_putintseva_y_hsieh_s_w,2020-580_145,580,2020-580,Australian Open,R128,201709,Yulia Putintseva,201444,Su Wei Hsieh,tournament_rank_unique,False,
tennis_data_uk,wta,2020,6,Australian Open,Melbourne,2020-01-21,grand_slam,True,hard,R128,128,3,Siegemund L.,Vandeweghe C.,72,226,845.0,266.0,2,0,6,1,6,4,,,,,,,completed,1.72,2.1,1.85,2.04,1.87,2.13,1.79,2.02,2020_6_melbourne_australian_open,2020_6_melbourne_australian_open_2020-01-21_R128_siegemund_l_vandeweghe_c,2020-580_162,580,2020-580,Australian Open,R128,201696,Laura Siegemund,201535,Coco Vandeweghe,tournament_rank_unique,False,
tennis_data_uk,wta,2020,6,Australian Open,Melbourne,2020-01-21,grand_slam,True,hard,R128,128,3,Svitolina E.,Boulter K.,5,315,5075.0,170.0,2,0,6,4,7,5,,,,,,,completed,1.06,10.0,1.07,10.83,1.08,16.0,1.05,10.48,2020_6_melbourne_australian_open,2020_6_melbourne_australian_open_2020-01-21_R128_svitolina_e_boulter_k,2020-580_148,580,2020-580,Australian Open,R128,202494,Elina Svitolina,211107,Katie Boulter,tournament_rank_unique,False,
tennis_data_uk,wta,2020,6,Australian Open,Melbourne,2020-01-21,grand_slam,True,hard,R128,128,3,Bellis C.,Maria T.,600,87,50.0,729.0,2,0,6,0,6,2,,,,,,,completed,1.28,3.75,1.35,3.44,1.35,3.95,1.3,3.53,2020_6_melbourne_australian_open,2020_6_melbourne_australian_open_2020-01-21_R128_bellis_c_maria_t,2020-580_142,580,2020-580,Australian Open,R128,214263,Catherine Cartan Bellis,213583,Tatjana Maria,tournament_rank_unique,False,
tennis_data_uk,wta,2020,6,Australian Open,Melbourne,2020-01-21,grand_slam,True,hard,R128,128,3,Bertens K.,Begu I.,10,105,4165.0,627.0,2,0,6,1,6,4,,,,,,,completed,1.14,5.5,1.15,6.14,1.16,6.25,1.14,5.61,2020_6_melbourne_australian_open,2020_6_melbourne_australian_open_2020-01-21_R128_bertens_k_begu_i,2020-580_155,580,2020-580,Australian Open,R128,202428,Kiki Bertens,201593,Irina Camelia Begu,tournament_rank_unique,False,
tennis_data_uk,wta,2020,6,Australian Open,Melbourne,2020-01-21,grand_slam,True,hard,R128,128,3,Rodionova Ar.,Bondarenko K.,163,535,366.0,66.0,2,1,3,6,7,6,6,0,,,,,completed,2.0,1.8,2.08,1.83,2.08,1.91,1.98,1.82,2020_6_melbourne_australian_open,2020_6_melbourne_australian_open_2020-01-21_R128_rodionova_ar_bondarenko_k,2020-580_154,580,2020-580,Australian Open,R128,201613,Arina Rodionova,201435,Kateryna Bondarenko,tournament_rank_unique,False,
tennis_data_uk,wta,2020,6,Australian Open,Melbourne,2020-01-21,grand_slam,True,hard,R128,128,3,Halep S.,Brady J.,3,49,5561.0,1143.0,2,0,7,6,6,1,,,,,,,completed,1.4,3.0,1.45,2.94,1.47,3.17,1.42,2.87,2020_6_melbourne_australian_open,2020_6_melbourne_australian_open_2020-01-21_R128_halep_s_brady_j,2020-580_147,580,2020-580,Australian Open,R128,201594,Simona Halep,206108,Jennifer Brady,tournament_rank_unique,False,
tennis_data_uk,wta,2020,6,Australian Open,Melbourne,2020-01-21,grand_slam,True,hard,R128,128,3,Collins D.,Diatchenko V.,25,89,1825.0,719.0,2,1,6,1,3,6,6,4,,,,,completed,1.14,5.5,1.15,6.36,1.16,6.5,1.13,6.03,2020_6_melbourne_australian_open,2020_6_melbourne_australian_open_2020-01-21_R128_collins_d_diatchenko_v,2020-580_144,580,2020-580,Australian Open,R128,203389,Danielle Collins,201554,Vitalia Diatchenko,tournament_rank_unique,False,
tennis_data_uk,wta,2020,6,Australian Open,Melbourne,2020-01-21,grand_slam,True,hard,R128,128,3,Blinkova A.,Paolini J.,58,96,989.0,691.0,2,0,7,5,6,4,,,,,,,completed,1.28,3.75,1.26,4.21,1.47,4.21,1.26,3.84,2020_6_melbourne_australian_open,2020_6_melbourne_australian_open_2020-01-21_R128_blinkova_a_paolini_j,2020-580_153,580,2020-580,Australian Open,R128,215020,Anna Blinkova,211148,Jasmine Paolini,tournament_rank_unique,False,
tennis_data_uk,wta,2020,6,Australian Open,Melbourne,2020-01-21,grand_slam,True,hard,R128,128,3,Cornet A.,Niculescu M.,61,129,965.0,488.0,2,1,5,7,6,1,6,0,,,,,completed,1.66,2.2,1.75,2.19,1.75,2.25,1.7,2.15,2020_6_melbourne_australian_open,2020_6_melbourne_australian_open_2020-01-21_R128_cornet_a_niculescu_m,2020-580_137,580,2020-580,Australian Open,R128,201427,Alize Cornet,201512,Monica Niculescu,tournament_rank_unique,False,
tennis_data_uk,wta,2020,6,Australian Open,Melbourne,2020-01-21,grand_slam,True,hard,R128,128,3,Dart H.,Doi M.,173,82,353.0,754.0,2,1,2,6,6,4,7,6,,,,,completed,1.66,2.2,1.65,2.36,1.73,2.36,1.65,2.24,2020_6_melbourne_australian_open,2020_6_melbourne_australian_open_2020-01-21_R128_dart_h_doi_m,2020-580_146,580,2020-580,Australian Open,R128,211279,Harriet Dart,201595,Misaki Doi,tournament_rank_unique,False,
tennis_data_uk,wta,2020,6,Australian Open,Melbourne,2020-01-21,grand_slam,True,hard,R128,128,3,Kuznetsova S.,Vondrousova M.,53,16,1053.0,2490.0,2,1,6,2,4,6,6,4,,,,,completed,3.5,1.3,3.43,1.36,3.9,1.36,3.4,1.32,2020_6_melbourne_australian_open,2020_6_melbourne_australian_open_2020-01-21_R128_kuznetsova_s_vondrousova_m,2020-580_156,580,2020-580,Australian Open,R128,201320,Svetlana Kuznetsova,214954,Marketa Vondrousova,tournament_rank_unique,False,
tennis_data_uk,wta,2020,6,Australian Open,Melbourne,2020-01-21,grand_slam,True,hard,R128,128,3,Kerber A.,Cocciaretto E.,18,175,2175.0,351.0,2,0,6,2,6,2,,,,,,,completed,1.3,3.5,1.31,3.77,1.35,3.77,1.31,3.45,2020_6_melbourne_australian_open,2020_6_melbourne_australian_open_2020-01-21_R128_kerber_a_cocciaretto_e,2020-580_159,580,2020-580,Australian Open,R128,201493,Angelique Kerber,220714,Elisabetta Cocciaretto,tournament_rank_unique,False,
tennis_data_uk,wta,2020,6,Australian Open,Melbourne,2020-01-21,grand_slam,True,hard,R128,128,3,Hon P.,Kozlova K.,139,83,428.0,746.0,2,0,6,3,6,4,,,,,,,completed,2.62,1.5,2.6,1.55,2.66,1.57,2.55,1.52,2020_6_melbourne_australian_open,2020_6_melbourne_australian_open_2020-01-21_R128_hon_p_kozlova_k,2020-580_158,580,2020-580,Australian Open,R128,211880,Priscilla Hon,203462,Kateryna Baindl,tournament_rank_unique,False,
tennis_data_uk,wta,2020,6,Australian Open,Melbourne,2020-01-22,grand_slam,True,hard,R128,128,3,Pavlyuchenkova A.,Stojanovic N.,30,85,1585.0,736.0,2,0,6,1,7,5,,,,,,,completed,1.36,3.2,1.33,3.58,1.38,4.0,1.33,3.35,2020_6_melbourne_australian_open,2020_6_melbourne_australian_open_2020-01-22_R128_pavlyuchenkova_a_stojanovic_n,2020-580_160,580,2020-580,Australian Open,R128,201499,Anastasia Pavlyuchenkova,211411,Nina Stojanovic,tournament_rank_unique,False,
tennis_data_uk,wta,2020,6,Australian Open,Melbourne,2020-01-22,grand_slam,True,hard,R128,128,3,Watson H.,Pliskova Kr.,75,64,784.0,940.0,2,1,4,6,6,3,6,1,,,,,completed,1.9,1.9,1.96,1.93,1.96,2.0,1.9,1.9,2020_6_melbourne_australian_open,2020_6_melbourne_australian_open_2020-01-22_R128_watson_h_pliskova_kr,2020-580_141,580,2020-580,Australian Open,R128,201586,Heather Watson,201697,Kristyna Pliskova,tournament_rank_unique,False,
tennis_data_uk,wta,2020,6,Australian Open,Melbourne,2020-01-22,grand_slam,True,hard,R128,128,3,Kontaveit A.,Sharma A.,31,111,1575.0,597.0,2,0,6,0,6,2,,,,,,,completed,1.3,3.5,1.28,3.99,1.33,4.2,1.26,3.82,2020_6_melbourne_australian_open,2020_6_melbourne_australian_open_2020-01-22_R128_kontaveit_a_sharma_a,2020-580_135,580,2020-580,Australian Open,R128,204426,Anett Kontaveit,206292,Astra Sharma,tournament_rank_unique,False,
tennis_data_uk,wta,2020,6,Australian Open,Melbourne,2020-01-22,grand_slam,True,hard,R128,128,3,Sorribes Tormo S.,Kudermetova V.,91,40,708.0,1383.0,2,1,2,6,6,1,6,1,,,,,completed,3.2,1.36,3.48,1.35,3.5,1.4,3.2,1.35,2020_6_melbourne_australian_open,2020_6_melbourne_australian_open_2020-01-22_R128_sorribes_tormo_s_kudermetova_v,2020-580_134,580,2020-580,Australian Open,R128,204427,Sara Sorribes Tormo,206368,Veronika Kudermetova,tournament_rank_unique,False,
tennis_data_uk,wta,2020,6,Australian Open,Melbourne,2020-01-22,grand_slam,True,hard,R128,128,3,Suarez Navarro C.,Sabalenka A.,54,12,1048.0,3025.0,2,0,7,6,7,6,,,,,,,completed,4.33,1.22,4.48,1.24,5.05,1.28,4.36,1.21,2020_6_melbourne_australian_open,2020_6_melbourne_australian_open_2020-01-22_R128_suarez_navarro_c_sabalenka_a,2020-580_139,580,2020-580,Australian Open,R128,201521,Carla Suarez Navarro,214544,Aryna Sabalenka,tournament_rank_unique,False,
tennis_data_uk,wta,2020,6,Australian Open,Melbourne,2020-01-22,grand_slam,True,hard,R128,128,3,Swiatek I.,Babos T.,56,88,997.0,720.0,2,0,6,3,6,2,,,,,,,completed,1.57,2.37,1.65,2.35,1.7,2.5,1.62,2.29,2020_6_melbourne_australian_open,2020_6_melbourne_australian_open_2020-01-22_R128_swiatek_i_babos_t,2020-580_138,580,2020-580,Australian Open,R128,216347,Iga Swiatek,201693,Timea Babos,tournament_rank_unique,False,
tennis_data_uk,wta,2020,6,Australian Open,Melbourne,2020-01-22,grand_slam,True,hard,R128,128,3,Townsend T.,Pegula J.,79,66,761.0,910.0,2,0,6,4,7,6,,,,,,,completed,2.3,1.61,2.4,1.63,2.4,1.74,2.22,1.66,2020_6_melbourne_australian_open,2020_6_melbourne_australian_open_2020-01-22_R128_townsend_t_pegula_j,2020-580_161,580,2020-580,Australian Open,R128,203501,Taylor Townsend,202468,Jessica Pegula,tournament_rank_unique,False,
tennis_data_uk,wta,2020,6,Australian Open,Melbourne,2020-01-22,grand_slam,True,hard,R128,128,3,Mertens E.,Kovinic D.,17,86,2250.0,734.0,2,0,6,2,6,0,,,,,,,completed,1.14,5.5,1.13,7.11,1.16,7.95,1.12,6.48,2020_6_melbourne_australian_open,2020_6_melbourne_australian_open_2020-01-22_R128_mertens_e_kovinic_d,2020-580_140,580,2020-580,Australian Open,R128,210722,Elise Mertens,203575,Danka Kovinic,tournament_rank_unique,False,
tennis_data_uk,wta,2020,6,Australian Open,Melbourne,2020-01-22,grand_slam,True,hard,R64,64,3,Kenin S.,Li A.,15,142,2565.0,423.0,2,0,6,1,6,3,,,,,,,completed,1.2,4.5,1.22,4.74,1.23,5.05,1.2,4.53,2020_6_melbourne_australian_open,2020_6_melbourne_australian_open_2020-01-22_R64_kenin_s_li_a,2020-580_175,580,2020-580,Australian Open,R64,213550,Sofia Kenin,215983,Ann Li,tournament_rank_unique,False,
tennis_data_uk,wta,2020,6,Australian Open,Melbourne,2020-01-22,grand_slam,True,hard,R64,64,3,Goerges J.,Martic P.,39,14,1415.0,2646.0,2,1,4,6,6,3,7,5,,,,,completed,1.9,1.9,1.86,2.03,1.91,2.15,1.83,1.98,2020_6_melbourne_australian_open,2020_6_melbourne_australian_open_2020-01-22_R64_goerges_j_martic_p,2020-580_167,580,2020-580,Australian Open,R64,201504,Julia Goerges,201549,Petra Martic,tournament_rank_unique,False,
tennis_data_uk,wta,2020,6,Australian Open,Melbourne,2020-01-22,grand_slam,True,hard,R64,64,3,Osaka N.,Zheng S.,4,42,5496.0,1350.0,2,0,6,2,6,4,,,,,,,completed,1.12,6.0,1.15,6.15,1.17,6.55,1.14,5.65,2020_6_melbourne_australian_open,2020_6_melbourne_australian_open_2020-01-22_R64_osaka_n_zheng_s,2020-580_172,580,2020-580,Australian Open,R64,211768,Naomi Osaka,202453,Saisai Zheng,tournament_rank_unique,False,
tennis_data_uk,wta,2020,6,Australian Open,Melbourne,2020-01-22,grand_slam,True,hard,R64,64,3,Kvitova P.,Badosa P.,8,97,4436.0,687.0,2,0,7,5,7,5,,,,,,,completed,1.05,11.0,1.04,14.43,1.05,16.5,1.04,11.77,2020_6_melbourne_australian_open,2020_6_melbourne_australian_open_2020-01-22_R64_kvitova_p_badosa_p,2020-580_171,580,2020-580,Australian Open,R64,201520,Petra Kvitova,211651,Paula Badosa,tournament_rank_unique,False,
tennis_data_uk,wta,2020,6,Australian Open,Melbourne,2020-01-22,grand_slam,True,hard,R64,64,3,Zhang S.,Mcnally C.,35,116,1505.0,552.0,2,0,6,2,6,4,,,,,,,completed,1.5,2.62,1.56,2.56,1.61,2.67,1.55,2.46,2020_6_melbourne_australian_open,2020_6_melbourne_australian_open_2020-01-22_R64_zhang_s_mcnally_c,2020-580_174,580,2020-580,Australian Open,R64,201533,Shuai Zhang,216083,Caty Mcnally,tournament_rank_unique,False,
tennis_data_uk,wta,2020,6,Australian Open,Melbourne,2020-01-22,grand_slam,True,hard,R64,64,3,Alexandrova E.,Krejcikova B.,28,128,1645.0,489.0,2,0,6,1,6,3,,,,,,,completed,1.22,4.33,1.28,4.04,1.32,4.4,1.26,3.86,2020_6_melbourne_australian_open,2020_6_melbourne_australian_open_2020-01-22_R64_alexandrova_e_krejcikova_b,2020-580_170,580,2020-580,Australian Open,R64,206420,Ekaterina Alexandrova,206252,Barbora Krejcikova,tournament_rank_unique,False,
tennis_data_uk,wta,2020,6,Australian Open,Melbourne,2020-01-22,grand_slam,True,hard,R64,64,3,Riske A.,Zhu L.,19,71,2130.0,850.0,2,0,6,3,6,1,,,,,,,completed,1.53,2.5,1.51,2.73,1.58,2.75,1.52,2.54,2020_6_melbourne_australian_open,2020_6_melbourne_australian_open_2020-01-22_R64_riske_a_zhu_l,2020-580_166,580,2020-580,Australian Open,R64,201590,Alison Riske Amritraj,202684,Lin Zhu,tournament_rank_unique,False,
tennis_data_uk,wta,2020,6,Australian Open,Melbourne,2020-01-22,grand_slam,True,hard,R64,64,3,Wozniacki C.,Yastremska D.,36,21,1463.0,2070.0,2,0,7,5,7,5,,,,,,,completed,2.2,1.66,2.09,1.81,2.38,1.83,2.14,1.71,2020_6_melbourne_australian_open,2020_6_melbourne_australian_open_2020-01-22_R64_wozniacki_c_yastremska_d,2020-580_177,580,2020-580,Australian Open,R64,201496,Caroline Wozniacki,215035,Dayana Yastremska,tournament_rank_unique,False,
tennis_data_uk,wta,2020,6,Australian Open,Melbourne,2020-01-22,grand_slam,True,hard,R64,64,3,Barty A.,Hercog P.,1,48,8017.0,1145.0,2,0,6,1,6,4,,,,,,,completed,1.1,7.0,1.11,7.79,1.13,8.5,1.1,6.96,2020_6_melbourne_australian_open,2020_6_melbourne_australian_open_2020-01-22_R64_barty_a_hercog_p,2020-580_164,580,2020-580,Australian Open,R64,202458,Ashleigh Barty,201555,Polona Hercog,tournament_rank_unique,False,
tennis_data_uk,wta,2020,6,Australian Open,Melbourne,2020-01-22,grand_slam,True,hard,R64,64,3,Jabeur O.,Garcia C.,78,46,770.0,1235.0,2,1,1,6,6,2,6,3,,,,,completed,1.57,2.37,1.56,2.57,1.69,2.6,1.57,2.4,2020_6_melbourne_australian_open,2020_6_melbourne_australian_open_2020-01-22_R64_jabeur_o_garcia_c,2020-580_176,580,2020-580,Australian Open,R64,202460,Ons Jabeur,201614,Caroline Garcia,tournament_rank_unique,False,
tennis_data_uk,wta,2020,6,Australian Open,Melbourne,2020-01-22,grand_slam,True,hard,R64,64,3,Gauff C.,Cirstea S.,67,74,885.0,795.0,2,1,4,6,6,3,7,5,,,,,completed,1.61,2.3,1.55,2.61,1.66,2.61,1.57,2.4,2020_6_melbourne_australian_open,2020_6_melbourne_australian_open_2020-01-22_R64_gauff_c_cirstea_s,2020-580_173,580,2020-580,Australian Open,R64,221103,Coco Gauff,201514,Sorana Cirstea,tournament_rank_unique,False,
tennis_data_uk,wta,2020,6,Australian Open,Melbourne,2020-01-22,grand_slam,True,hard,R64,64,3,Rybakina E.,Minnen G.,26,119,1816.0,539.0,2,0,6,3,6,4,,,,,,,completed,1.36,3.2,1.4,3.17,1.45,3.3,1.38,3.03,2020_6_melbourne_australian_open,2020_6_melbourne_australian_open_2020-01-22_R64_rybakina_e_minnen_g,2020-580_165,580,2020-580,Australian Open,R64,214981,Elena Rybakina,213889,Greet Minnen,tournament_rank_unique,False,
tennis_data_uk,wta,2020,6,Australian Open,Melbourne,2020-01-22,grand_slam,True,hard,R64,64,3,Wang Q.,Ferro F.,29,63,1593.0,944.0,2,0,6,1,6,2,,,,,,,completed,1.22,4.33,1.25,4.32,1.35,4.5,1.25,3.99,2020_6_melbourne_australian_open,2020_6_melbourne_australian_open_2020-01-22_R64_wang_q_ferro_f,2020-580_178,580,2020-580,Australian Open,R64,202492,Qiang Wang,211539,Fiona Ferro,tournament_rank_unique,False,
tennis_data_uk,wta,2020,6,Australian Open,Melbourne,2020-01-22,grand_slam,True,hard,R64,64,3,Sakkari M.,Hibino N.,23,103,1845.0,645.0,2,0,7,6,6,4,,,,,,,completed,1.2,4.5,1.21,4.93,1.28,5.0,1.21,4.41,2020_6_melbourne_australian_open,2020_6_melbourne_australian_open_2020-01-22_R64_sakkari_m_hibino_n,2020-580_169,580,2020-580,Australian Open,R64,206289,Maria Sakkari,211702,Nao Hibino,tournament_rank_unique,False,
tennis_data_uk,wta,2020,6,Australian Open,Melbourne,2020-01-22,grand_slam,True,hard,R64,64,3,Williams S.,Zidansek T.,9,70,4215.0,880.0,2,0,6,2,6,3,,,,,,,completed,1.02,19.0,1.02,20.36,1.04,25.0,1.01,16.91,2020_6_melbourne_australian_open,2020_6_melbourne_australian_open_2020-01-22_R64_williams_s_zidansek_t,2020-580_179,580,2020-580,Australian Open,R64,200033,Serena Williams,214461,Tamara Zidansek,tournament_rank_unique,False,
tennis_data_uk,wta,2020,6,Australian Open,Melbourne,2020-01-22,grand_slam,True,hard,R64,64,3,Keys M.,Rus A.,11,93,3072.0,701.0,2,0,7,6,6,2,,,,,,,completed,1.07,9.0,1.06,11.42,1.07,14.5,1.05,10.29,2020_6_melbourne_australian_open,2020_6_melbourne_australian_open_2020-01-22_R64_keys_m_rus_a,2020-580_168,580,2020-580,Australian Open,R64,201619,Madison Keys,201551,Arantxa Rus,tournament_rank_unique,False,
tennis_data_uk,wta,2020,6,Australian Open,Melbourne,2020-01-23,grand_slam,True,hard,R64,64,3,Bencic B.,Ostapenko J.,7,45,4675.0,1250.0,2,0,7,5,7,5,,,,,,,completed,1.44,2.75,1.44,2.97,1.55,3.0,1.44,2.8,2020_6_melbourne_australian_open,2020_6_melbourne_australian_open_2020-01-23_R64_bencic_b_ostapenko_j,2020-580_180,580,2020-580,Australian Open,R64,202505,Belinda Bencic,211533,Jelena Ostapenko,tournament_rank_unique,False,
tennis_data_uk,wta,2020,6,Australian Open,Melbourne,2020-01-23,grand_slam,True,hard,R64,64,3,Vekic D.,Cornet A.,20,61,2120.0,965.0,2,0,6,4,6,2,,,,,,,completed,1.44,2.75,1.46,2.91,1.5,3.05,1.45,2.77,2020_6_melbourne_australian_open,2020_6_melbourne_australian_open_2020-01-23_R64_vekic_d_cornet_a,2020-580_182,580,2020-580,Australian Open,R64,202499,Donna Vekic,201427,Alize Cornet,tournament_rank_unique,False,
tennis_data_uk,wta,2020,6,Australian Open,Melbourne,2020-01-23,grand_slam,True,hard,R64,64,3,Muguruza G.,Tomljanovic A.,32,52,1526.0,1095.0,2,1,6,3,3,6,6,3,,,,,completed,1.72,2.1,1.75,2.19,1.77,2.23,1.73,2.11,2020_6_melbourne_australian_open,2020_6_melbourne_australian_open_2020-01-23_R64_muguruza_g_tomljanovic_a,2020-580_189,580,2020-580,Australian Open,R64,202469,Garbine Muguruza,201548,Ajla Tomljanovic,tournament_rank_unique,False,
tennis_data_uk,wta,2020,6,Australian Open,Melbourne,2020-01-23,grand_slam,True,hard,R64,64,3,Diyas Z.,Blinkova A.,73,58,835.0,989.0,2,1,4,6,6,3,6,4,,,,,completed,1.61,2.3,1.57,2.54,1.65,2.57,1.55,2.45,2020_6_melbourne_australian_open,2020_6_melbourne_australian_open_2020-01-23_R64_diyas_z_blinkova_a,2020-580_190,580,2020-580,Australian Open,R64,201610,Zarina Diyas,215020,Anna Blinkova,tournament_rank_unique,False,
tennis_data_uk,wta,2020,6,Australian Open,Melbourne,2020-01-23,grand_slam,True,hard,R64,64,3,Pliskova Ka.,Siegemund L.,2,72,5940.0,845.0,2,0,6,3,6,3,,,,,,,completed,1.14,5.5,1.11,7.94,1.16,7.94,1.13,5.93,2020_6_melbourne_australian_open,2020_6_melbourne_australian_open_2020-01-23_R64_pliskova_ka_siegemund_l,2020-580_195,580,2020-580,Australian Open,R64,201662,Karolina Pliskova,201696,Laura Siegemund,tournament_rank_unique,False,
tennis_data_uk,wta,2020,6,Australian Open,Melbourne,2020-01-23,grand_slam,True,hard,R64,64,3,Bellis C.,Muchova K.,600,22,50.0,1847.0,2,0,6,4,6,4,,,,,,,completed,2.3,1.61,2.63,1.54,2.63,1.65,2.45,1.55,2020_6_melbourne_australian_open,2020_6_melbourne_australian_open_2020-01-23_R64_bellis_c_muchova_k,2020-580_185,580,2020-580,Australian Open,R64,214263,Catherine Cartan Bellis,214096,Karolina Muchova,tournament_rank_unique,False,
tennis_data_uk,wta,2020,6,Australian Open,Melbourne,2020-01-23,grand_slam,True,hard,R64,64,3,Kerber A.,Hon P.,18,139,2175.0,428.0,2,0,6,3,6,2,,,,,,,completed,1.2,4.5,1.2,5.09,1.24,5.25,1.2,4.58,2020_6_melbourne_australian_open,2020_6_melbourne_australian_open_2020-01-23_R64_kerber_a_hon_p,2020-580_193,580,2020-580,Australian Open,R64,201493,Angelique Kerber,211880,Priscilla Hon,tournament_rank_unique,False,
tennis_data_uk,wta,2020,6,Australian Open,Melbourne,2020-01-23,grand_slam,True,hard,R64,64,3,Mertens E.,Watson H.,17,75,2250.0,784.0,2,0,6,3,6,0,,,,,,,completed,1.25,4.0,1.28,4.01,1.31,4.05,1.27,3.74,2020_6_melbourne_australian_open,2020_6_melbourne_australian_open_2020-01-23_R64_mertens_e_watson_h,2020-580_184,580,2020-580,Australian Open,R64,210722,Elise Mertens,201586,Heather Watson,tournament_rank_unique,False,
tennis_data_uk,wta,2020,6,Australian Open,Melbourne,2020-01-23,grand_slam,True,hard,R64,64,3,Bertens K.,Rodionova Ar.,10,163,4165.0,366.0,2,0,6,3,7,5,,,,,,,completed,1.07,9.0,1.08,9.7,1.11,10.2,1.07,8.52,2020_6_melbourne_australian_open,2020_6_melbourne_australian_open_2020-01-23_R64_bertens_k_rodionova_ar,2020-580_191,580,2020-580,Australian Open,R64,202428,Kiki Bertens,201613,Arina Rodionova,tournament_rank_unique,False,
tennis_data_uk,wta,2020,6,Australian Open,Melbourne,2020-01-23,grand_slam,True,hard,R64,64,3,Kontaveit A.,Sorribes Tormo S.,31,91,1575.0,708.0,2,1,6,2,4,6,6,1,,,,,completed,1.16,5.0,1.19,5.25,1.22,5.35,1.19,4.67,2020_6_melbourne_australian_open,2020_6_melbourne_australian_open_2020-01-23_R64_kontaveit_a_sorribes_tormo_s,2020-580_181,580,2020-580,Australian Open,R64,204426,Anett Kontaveit,204427,Sara Sorribes Tormo,tournament_rank_unique,False,
tennis_data_uk,wta,2020,6,Australian Open,Melbourne,2020-01-23,grand_slam,True,hard,R64,64,3,Swiatek I.,Suarez Navarro C.,56,54,997.0,1048.0,2,0,6,3,7,5,,,,,,,completed,1.57,2.37,1.58,2.52,1.62,2.66,1.55,2.44,2020_6_melbourne_australian_open,2020_6_melbourne_australian_open_2020-01-23_R64_swiatek_i_suarez_navarro_c,2020-580_183,580,2020-580,Australian Open,R64,216347,Iga Swiatek,201521,Carla Suarez Navarro,tournament_rank_unique,False,
tennis_data_uk,wta,2020,6,Australian Open,Melbourne,2020-01-23,grand_slam,True,hard,R64,64,3,Pavlyuchenkova A.,Townsend T.,30,79,1585.0,761.0,2,0,7,5,7,6,,,,,,,completed,1.44,2.75,1.41,3.13,1.5,3.77,1.4,2.96,2020_6_melbourne_australian_open,2020_6_melbourne_australian_open_2020-01-23_R64_pavlyuchenkova_a_townsend_t,2020-580_194,580,2020-580,Australian Open,R64,201499,Anastasia Pavlyuchenkova,203501,Taylor Townsend,tournament_rank_unique,False,
tennis_data_uk,wta,2020,6,Australian Open,Melbourne,2020-01-23,grand_slam,True,hard,R64,64,3,Halep S.,Dart H.,3,173,5561.0,353.0,2,0,6,2,6,4,,,,,,,completed,1.08,8.0,1.06,11.76,1.11,11.76,1.07,8.72,2020_6_melbourne_australian_open,2020_6_melbourne_australian_open_2020-01-23_R64_halep_s_dart_h,2020-580_187,580,2020-580,Australian Open,R64,201594,Simona Halep,211279,Harriet Dart,tournament_rank_unique,False,
tennis_data_uk,wta,2020,6,Australian Open,Melbourne,2020-01-23,grand_slam,True,hard,R64,64,3,Giorgi C.,Kuznetsova S.,102,53,654.0,1053.0,2,0,6,3,6,1,,,,,,,completed,2.2,1.66,2.09,1.81,2.27,1.81,2.11,1.73,2020_6_melbourne_australian_open,2020_6_melbourne_australian_open_2020-01-23_R64_giorgi_c_kuznetsova_s,2020-580_192,580,2020-580,Australian Open,R64,202429,Camila Giorgi,201320,Svetlana Kuznetsova,tournament_rank_unique,False,
tennis_data_uk,wta,2020,6,Australian Open,Melbourne,2020-01-23,grand_slam,True,hard,R64,64,3,Putintseva Y.,Collins D.,38,25,1415.0,1825.0,2,1,6,4,2,6,7,5,,,,,completed,2.75,1.44,2.69,1.52,2.82,1.52,2.65,1.48,2020_6_melbourne_australian_open,2020_6_melbourne_australian_open_2020-01-23_R64_putintseva_y_collins_d,2020-580_186,580,2020-580,Australian Open,R64,201709,Yulia Putintseva,203389,Danielle Collins,tournament_rank_unique,False,
tennis_data_uk,wta,2020,6,Australian Open,Melbourne,2020-01-23,grand_slam,True,hard,R64,64,3,Svitolina E.,Davis L.,5,62,5075.0,949.0,2,0,6,2,7,6,,,,,,,completed,1.16,5.0,1.19,5.37,1.2,5.5,1.17,4.97,2020_6_melbourne_australian_open,2020_6_melbourne_australian_open_2020-01-23_R64_svitolina_e_davis_l,2020-580_188,580,2020-580,Australian Open,R64,202494,Elina Svitolina,201616,Lauren Davis,tournament_rank_unique,False,
tennis_data_uk,wta,2020,6,Australian Open,Melbourne,2020-01-24,grand_slam,True,hard,R32,32,3,Barty A.,Rybakina E.,1,26,8017.0,1816.0,2,0,6,3,6,2,,,,,,,completed,1.25,4.0,1.25,4.39,1.29,4.5,1.24,4.03,2020_6_melbourne_australian_open,2020_6_melbourne_australian_open_2020-01-24_R32_barty_a_rybakina_e,2020-580_196,580,2020-580,Australian Open,R32,202458,Ashleigh Barty,214981,Elena Rybakina,tournament_rank_unique,False,
tennis_data_uk,wta,2020,6,Australian Open,Melbourne,2020-01-24,grand_slam,True,hard,R32,32,3,Jabeur O.,Wozniacki C.,78,36,770.0,1463.0,2,1,7,5,3,6,7,5,,,,,completed,3.0,1.4,3.22,1.39,3.27,1.48,3.07,1.38,2020_6_melbourne_australian_open,2020_6_melbourne_australian_open_2020-01-24_R32_jabeur_o_wozniacki_c,2020-580_202,580,2020-580,Australian Open,R32,202460,Ons Jabeur,201496,Caroline Wozniacki,tournament_rank_unique,False,
tennis_data_uk,wta,2020,6,Australian Open,Melbourne,2020-01-24,grand_slam,True,hard,R32,32,3,Wang Q.,Williams S.,29,9,1593.0,4215.0,2,1,6,4,6,7,7,5,,,,,completed,7.0,1.1,8.72,1.09,9.3,1.11,7.49,1.09,2020_6_melbourne_australian_open,2020_6_melbourne_australian_open_2020-01-24_R32_wang_q_williams_s,2020-580_203,580,2020-580,Australian Open,R32,202492,Qiang Wang,200033,Serena Williams,tournament_rank_unique,False,
tennis_data_uk,wta,2020,6,Australian Open,Melbourne,2020-01-24,grand_slam,True,hard,R32,32,3,Kvitova P.,Alexandrova E.,8,28,4436.0,1645.0,2,0,6,1,6,2,,,,,,,completed,1.5,2.62,1.47,2.88,1.57,2.88,1.49,2.64,2020_6_melbourne_australian_open,2020_6_melbourne_australian_open_2020-01-24_R32_kvitova_p_alexandrova_e,2020-580_199,580,2020-580,Australian Open,R32,201520,Petra Kvitova,206420,Ekaterina Alexandrova,tournament_rank_unique,False,
tennis_data_uk,wta,2020,6,Australian Open,Melbourne,2020-01-24,grand_slam,True,hard,R32,32,3,Sakkari M.,Keys M.,23,11,1845.0,3072.0,2,0,6,4,6,4,,,,,,,completed,3.0,1.4,3.2,1.4,3.25,1.42,3.06,1.37,2020_6_melbourne_australian_open,2020_6_melbourne_australian_open_2020-01-24_R32_sakkari_m_keys_m,2020-580_198,580,2020-580,Australian Open,R32,206289,Maria Sakkari,201619,Madison Keys,tournament_rank_unique,False,
tennis_data_uk,wta,2020,6,Australian Open,Melbourne,2020-01-24,grand_slam,True,hard,R32,32,3,Riske A.,Goerges J.,19,39,2130.0,1415.0,2,1,1,6,7,6,6,2,,,,,completed,2.0,1.8,2.25,1.71,2.25,1.85,2.05,1.77,2020_6_melbourne_australian_open,2020_6_melbourne_australian_open_2020-01-24_R32_riske_a_goerges_j,2020-580_197,580,2020-580,Australian Open,R32,201590,Alison Riske Amritraj,201504,Julia Goerges,tournament_rank_unique,False,
tennis_data_uk,wta,2020,6,Australian Open,Melbourne,2020-01-24,grand_slam,True,hard,R32,32,3,Gauff C.,Osaka N.,67,4,885.0,5496.0,2,0,6,3,6,4,,,,,,,completed,5.0,1.16,6.06,1.16,6.06,1.2,5.34,1.15,2020_6_melbourne_australian_open,2020_6_melbourne_australian_open_2020-01-24_R32_gauff_c_osaka_n,2020-580_200,580,2020-580,Australian Open,R32,221103,Coco Gauff,211768,Naomi Osaka,tournament_rank_unique,False,
tennis_data_uk,wta,2020,6,Australian Open,Melbourne,2020-01-24,grand_slam,True,hard,R32,32,3,Kenin S.,Zhang S.,15,35,2565.0,1505.0,2,0,7,5,7,6,,,,,,,completed,1.53,2.5,1.59,2.49,1.59,2.57,1.54,2.46,2020_6_melbourne_australian_open,2020_6_melbourne_australian_open_2020-01-24_R32_kenin_s_zhang_s,2020-580_201,580,2020-580,Australian Open,R32,213550,Sofia Kenin,201533,Shuai Zhang,tournament_rank_unique,False,
tennis_data_uk,wta,2020,6,Australian Open,Melbourne,2020-01-25,grand_slam,True,hard,R32,32,3,Kerber A.,Giorgi C.,18,102,2175.0,654.0,2,1,6,2,6,7,6,3,,,,,completed,1.57,2.37,1.61,2.45,1.65,2.5,1.6,2.34,2020_6_melbourne_australian_open,2020_6_melbourne_australian_open_2020-01-25_R32_kerber_a_giorgi_c,2020-580_210,580,2020-580,Australian Open,R32,201493,Angelique Kerber,202429,Camila Giorgi,tournament_rank_unique,False,
tennis_data_uk,wta,2020,6,Australian Open,Melbourne,2020-01-25,grand_slam,True,hard,R32,32,3,Pavlyuchenkova A.,Pliskova Ka.,30,2,1585.0,5940.0,2,0,7,6,7,6,,,,,,,completed,3.5,1.3,4.39,1.25,4.44,1.33,3.81,1.27,2020_6_melbourne_australian_open,2020_6_melbourne_australian_open_2020-01-25_R32_pavlyuchenkova_a_pliskova_ka,2020-580_211,580,2020-580,Australian Open,R32,201499,Anastasia Pavlyuchenkova,201662,Karolina Pliskova,tournament_rank_unique,False,
tennis_data_uk,wta,2020,6,Australian Open,Melbourne,2020-01-25,grand_slam,True,hard,R32,32,3,Swiatek I.,Vekic D.,56,20,997.0,2120.0,2,0,7,5,6,3,,,,,,,completed,2.3,1.61,2.34,1.66,2.45,1.83,2.27,1.64,2020_6_melbourne_australian_open,2020_6_melbourne_australian_open_2020-01-25_R32_swiatek_i_vekic_d,2020-580_205,580,2020-580,Australian Open,R32,216347,Iga Swiatek,202499,Donna Vekic,tournament_rank_unique,False,
tennis_data_uk,wta,2020,6,Australian Open,Melbourne,2020-01-25,grand_slam,True,hard,R32,32,3,Kontaveit A.,Bencic B.,31,7,1575.0,4675.0,2,0,6,0,6,1,,,,,,,completed,2.2,1.66,2.07,1.83,2.27,1.83,2.15,1.71,2020_6_melbourne_australian_open,2020_6_melbourne_australian_open_2020-01-25_R32_kontaveit_a_bencic_b,2020-580_204,580,2020-580,Australian Open,R32,204426,Anett Kontaveit,202505,Belinda Bencic,tournament_rank_unique,False,
tennis_data_uk,wta,2020,6,Australian Open,Melbourne,2020-01-25,grand_slam,True,hard,R32,32,3,Halep S.,Putintseva Y.,3,38,5561.0,1415.0,2,0,6,1,6,4,,,,,,,completed,1.4,3.0,1.41,3.14,1.42,3.3,1.39,3.02,2020_6_melbourne_australian_open,2020_6_melbourne_australian_open_2020-01-25_R32_halep_s_putintseva_y,2020-580_207,580,2020-580,Australian Open,R32,201594,Simona Halep,201709,Yulia Putintseva,tournament_rank_unique,False,
tennis_data_uk,wta,2020,6,Australian Open,Melbourne,2020-01-25,grand_slam,True,hard,R32,32,3,Mertens E.,Bellis C.,17,600,2250.0,50.0,2,1,6,1,6,7,6,0,,,,,completed,1.36,3.2,1.35,3.48,1.42,3.6,1.36,3.2,2020_6_melbourne_australian_open,2020_6_melbourne_australian_open_2020-01-25_R32_mertens_e_bellis_c,2020-580_206,580,2020-580,Australian Open,R32,210722,Elise Mertens,214263,Catherine Cartan Bellis,tournament_rank_unique,False,
tennis_data_uk,wta,2020,6,Australian Open,Melbourne,2020-01-25,grand_slam,True,hard,R32,32,3,Muguruza G.,Svitolina E.,32,5,1526.0,5075.0,2,0,6,1,6,2,,,,,,,completed,2.62,1.5,2.78,1.5,2.78,1.57,2.6,1.5,2020_6_melbourne_australian_open,2020_6_melbourne_australian_open_2020-01-25_R32_muguruza_g_svitolina_e,2020-580_208,580,2020-580,Australian Open,R32,202469,Garbine Muguruza,202494,Elina Svitolina,tournament_rank_unique,False,
tennis_data_uk,wta,2020,6,Australian Open,Melbourne,2020-01-25,grand_slam,True,hard,R32,32,3,Bertens K.,Diyas Z.,10,73,4165.0,835.0,2,0,6,2,7,6,,,,,,,completed,1.5,2.62,1.56,2.59,1.59,2.7,1.51,2.58,2020_6_melbourne_australian_open,2020_6_melbourne_australian_open_2020-01-25_R32_bertens_k_diyas_z,2020-580_209,580,2020-580,Australian Open,R32,202428,Kiki Bertens,201610,Zarina Diyas,tournament_rank_unique,False,
tennis_data_uk,wta,2020,6,Australian Open,Melbourne,2020-01-26,grand_slam,True,hard,R16,16,3,Kvitova P.,Sakkari M.,8,23,4436.0,1845.0,2,1,6,7,6,3,6,2,,,,,completed,1.4,3.0,1.4,3.21,1.44,3.32,1.39,3.0,2020_6_melbourne_australian_open,2020_6_melbourne_australian_open_2020-01-26_R16_kvitova_p_sakkari_m,2020-580_213,580,2020-580,Australian Open,R16,201520,Petra Kvitova,206289,Maria Sakkari,tournament_rank_unique,False,
tennis_data_uk,wta,2020,6,Australian Open,Melbourne,2020-01-26,grand_slam,True,hard,R16,16,3,Kenin S.,Gauff C.,15,67,2565.0,885.0,2,1,6,7,6,3,6,0,,,,,completed,1.61,2.3,1.6,2.5,1.73,2.5,1.64,2.27,2020_6_melbourne_australian_open,2020_6_melbourne_australian_open_2020-01-26_R16_kenin_s_gauff_c,2020-580_214,580,2020-580,Australian Open,R16,213550,Sofia Kenin,221103,Coco Gauff,tournament_rank_unique,False,
tennis_data_uk,wta,2020,6,Australian Open,Melbourne,2020-01-26,grand_slam,True,hard,R16,16,3,Jabeur O.,Wang Q.,78,29,770.0,1593.0,2,0,7,6,6,1,,,,,,,completed,2.62,1.5,2.63,1.55,2.7,1.57,2.57,1.51,2020_6_melbourne_australian_open,2020_6_melbourne_australian_open_2020-01-26_R16_jabeur_o_wang_q,2020-580_215,580,2020-580,Australian Open,R16,202460,Ons Jabeur,202492,Qiang Wang,tournament_rank_unique,False,
tennis_data_uk,wta,2020,6,Australian Open,Melbourne,2020-01-26,grand_slam,True,hard,R16,16,3,Barty A.,Riske A.,1,19,8017.0,2130.0,2,1,6,3,1,6,6,4,,,,,completed,1.22,4.33,1.25,4.49,1.27,4.49,1.23,4.19,2020_6_melbourne_australian_open,2020_6_melbourne_australian_open_2020-01-26_R16_barty_a_riske_a,2020-580_212,580,2020-580,Australian Open,R16,202458,Ashleigh Barty,201590,Alison Riske Amritraj,tournament_rank_unique,False,
tennis_data_uk,wta,2020,6,Australian Open,Melbourne,2020-01-27,grand_slam,True,hard,R16,16,3,Halep S.,Mertens E.,3,17,5561.0,2250.0,2,0,6,4,6,4,,,,,,,completed,1.53,2.5,1.65,2.39,1.66,2.63,1.58,2.38,2020_6_melbourne_australian_open,2020_6_melbourne_australian_open_2020-01-27_R16_halep_s_mertens_e,2020-580_217,580,2020-580,Australian Open,R16,201594,Simona Halep,210722,Elise Mertens,tournament_rank_unique,False,
tennis_data_uk,wta,2020,6,Australian Open,Melbourne,2020-01-27,grand_slam,True,hard,R16,16,3,Kontaveit A.,Swiatek I.,31,56,1575.0,997.0,2,1,6,7,7,5,7,5,,,,,completed,1.61,2.3,1.66,2.36,1.75,2.44,1.63,2.29,2020_6_melbourne_australian_open,2020_6_melbourne_australian_open_2020-01-27_R16_kontaveit_a_swiatek_i,2020-580_216,580,2020-580,Australian Open,R16,204426,Anett Kontaveit,216347,Iga Swiatek,tournament_rank_unique,False,
tennis_data_uk,wta,2020,6,Australian Open,Melbourne,2020-01-27,grand_slam,True,hard,R16,16,3,Muguruza G.,Bertens K.,32,10,1526.0,4165.0,2,0,6,3,6,3,,,,,,,completed,1.66,2.2,1.71,2.27,1.71,2.36,1.66,2.23,2020_6_melbourne_australian_open,2020_6_melbourne_australian_open_2020-01-27_R16_muguruza_g_bertens_k,2020-580_218,580,2020-580,Australian Open,R16,202469,Garbine Muguruza,202428,Kiki Bertens,tournament_rank_unique,False,
tennis_data_uk,wta,2020,6,Australian Open,Melbourne,2020-01-27,grand_slam,True,hard,R16,16,3,Pavlyuchenkova A.,Kerber A.,30,18,1585.0,2175.0,2,1,6,7,7,6,6,2,,,,,completed,1.72,2.1,1.74,2.22,1.85,2.22,1.74,2.1,2020_6_melbourne_australian_open,2020_6_melbourne_australian_open_2020-01-27_R16_pavlyuchenkova_a_kerber_a,2020-580_219,580,2020-580,Australian Open,R16,201499,Anastasia Pavlyuchenkova,201493,Angelique Kerber,tournament_rank_unique,False,
tennis_data_uk,wta,2020,6,Australian Open,Melbourne,2020-01-28,grand_slam,True,hard,QF,8,3,Kenin S.,Jabeur O.,15,78,2565.0,770.0,2,0,6,4,6,4,,,,,,,completed,1.44,2.75,1.47,2.92,1.51,3.12,1.44,2.82,2020_6_melbourne_australian_open,2020_6_melbourne_australian_open_2020-01-28_QF_kenin_s_jabeur_o,2020-580_221,580,2020-580,Australian Open,QF,213550,Sofia Kenin,202460,Ons Jabeur,tournament_rank_unique,False,
tennis_data_uk,wta,2020,6,Australian Open,Melbourne,2020-01-28,grand_slam,True,hard,QF,8,3,Barty A.,Kvitova P.,1,8,8017.0,4436.0,2,0,7,6,6,2,,,,,,,completed,1.66,2.2,1.76,2.19,1.77,2.25,1.71,2.15,2020_6_melbourne_australian_open,2020_6_melbourne_australian_open_2020-01-28_QF_barty_a_kvitova_p,2020-580_220,580,2020-580,Australian Open,QF,202458,Ashleigh Barty,201520,Petra Kvitova,tournament_rank_unique,False,
tennis_data_uk,wta,2020,6,Australian Open,Melbourne,2020-01-29,grand_slam,True,hard,QF,8,3,Halep S.,Kontaveit A.,3,31,5561.0,1575.0,2,0,6,1,6,1,,,,,,,completed,1.33,3.4,1.35,3.54,1.4,3.63,1.35,3.25,2020_6_melbourne_australian_open,2020_6_melbourne_australian_open_2020-01-29_QF_halep_s_kontaveit_a,2020-580_222,580,2020-580,Australian Open,QF,201594,Simona Halep,204426,Anett Kontaveit,tournament_rank_unique,False,
tennis_data_uk,wta,2020,6,Australian Open,Melbourne,2020-01-29,grand_slam,True,hard,QF,8,3,Muguruza G.,Pavlyuchenkova A.,32,30,1526.0,1585.0,2,0,7,5,6,3,,,,,,,completed,1.53,2.5,1.59,2.53,1.61,2.66,1.54,2.49,2020_6_melbourne_australian_open,2020_6_melbourne_australian_open_2020-01-29_QF_muguruza_g_pavlyuchenkova_a,2020-580_223,580,2020-580,Australian Open,QF,202469,Garbine Muguruza,201499,Anastasia Pavlyuchenkova,tournament_rank_unique,False,
tennis_data_uk,wta,2020,6,Australian Open,Melbourne,2020-01-30,grand_slam,True,hard,SF,4,3,Kenin S.,Barty A.,15,1,2565.0,8017.0,2,0,7,6,7,5,,,,,,,completed,3.75,1.28,3.81,1.32,4.03,1.35,3.6,1.3,2020_6_melbourne_australian_open,2020_6_melbourne_australian_open_2020-01-30_SF_kenin_s_barty_a,2020-580_224,580,2020-580,Australian Open,SF,213550,Sofia Kenin,202458,Ashleigh Barty,tournament_rank_unique,False,
tennis_data_uk,wta,2020,6,Australian Open,Melbourne,2020-01-30,grand_slam,True,hard,SF,4,3,Muguruza G.,Halep S.,32,3,1526.0,5561.0,2,0,7,6,7,5,,,,,,,completed,2.3,1.61,2.53,1.6,2.53,1.65,2.37,1.6,2020_6_melbourne_australian_open,2020_6_melbourne_australian_open_2020-01-30_SF_muguruza_g_halep_s,2020-580_225,580,2020-580,Australian Open,SF,202469,Garbine Muguruza,201594,Simona Halep,tournament_rank_unique,False,
tennis_data_uk,wta,2020,6,Australian Open,Melbourne,2020-02-01,grand_slam,True,hard,F,2,3,Kenin S.,Muguruza G.,15,32,2565.0,1526.0,2,1,4,6,6,2,6,2,,,,,completed,2.62,1.53,2.62,1.57,2.7,1.57,2.56,1.53,2020_6_melbourne_australian_open,2020_6_melbourne_australian_open_2020-02-01_F_kenin_s_muguruza_g,2020-580_226,580,2020-580,Australian Open,F,213550,Sofia Kenin,202469,Garbine Muguruza,tournament_rank_unique,False,
tennis_data_uk,wta,2020,7,Thailand Open,Hua Hin,2020-02-10,international,True,hard,R32,32,3,Kung L.,Cheapchandej P.,283,731,196.0,31.0,2,0,6,0,6,3,,,,,,,completed,1.28,3.5,1.34,3.54,1.34,3.75,1.29,3.52,2020_7_hua_hin_thailand_open,2020_7_hua_hin_thailand_open_2020-02-10_R32_kung_l_cheapchandej_p,2020-1096_279,1096,2020-1096,Hua Hin,R32,215259,Leonie Kung,211756,Patcharin Cheapchandej,tournament_rank_unique,False,
tennis_data_uk,wta,2020,7,Thailand Open,Hua Hin,2020-02-10,international,True,hard,R32,32,3,Zheng S.,Kostic N.,36,183,1380.0,321.0,2,0,7,6,6,0,,,,,,,completed,1.08,8.0,1.1,8.18,1.11,8.5,1.09,7.29,2020_7_hua_hin_thailand_open,2020_7_hua_hin_thailand_open_2020-02-10_R32_zheng_s_kostic_n,2020-1096_274,1096,2020-1096,Hua Hin,R32,202453,Saisai Zheng,210337,Natalija Stevanovic,tournament_rank_unique,False,
tennis_data_uk,wta,2020,7,Thailand Open,Hua Hin,2020-02-10,international,True,hard,R32,32,3,You X.,Perez E.,210,251,283.0,229.0,2,0,7,6,6,2,,,,,,,completed,2.0,1.72,2.21,1.74,2.3,1.8,2.09,1.72,2020_7_hua_hin_thailand_open,2020_7_hua_hin_thailand_open_2020-02-10_R32_you_x_perez_e,2020-1096_276,1096,2020-1096,Hua Hin,R32,214646,Xiaodi You,206391,Ellen Perez,tournament_rank_unique,False,
tennis_data_uk,wta,2020,7,Thailand Open,Hua Hin,2020-02-10,international,True,hard,R32,32,3,Sanders S.,Eikeri U.,319,243,159.0,235.0,2,0,6,3,6,4,,,,,,,completed,1.28,3.5,1.34,3.53,1.34,3.75,1.3,3.45,2020_7_hua_hin_thailand_open,2020_7_hua_hin_thailand_open_2020-02-10_R32_sanders_s_eikeri_u,2020-1096_284,1096,2020-1096,Hua Hin,R32,204411,Storm Hunter,205918,Ulrikke Eikeri,tournament_rank_unique,False,
tennis_data_uk,wta,2020,7,Thailand Open,Hua Hin,2020-02-10,international,True,hard,R32,32,3,Hibino N.,Rodionova Ar.,84,148,740.0,407.0,2,0,7,6,7,5,,,,,,,completed,1.57,2.25,1.64,2.38,1.7,2.4,1.62,2.26,2020_7_hua_hin_thailand_open,2020_7_hua_hin_thailand_open_2020-02-10_R32_hibino_n_rodionova_ar,2020-1096_282,1096,2020-1096,Hua Hin,R32,211702,Nao Hibino,201613,Arina Rodionova,tournament_rank_unique,False,
tennis_data_uk,wta,2020,7,Thailand Open,Hua Hin,2020-02-10,international,True,hard,R32,32,3,Plipuech P.,Paquet C.,286,165,194.0,359.0,2,1,7,6,3,6,6,4,,,,,completed,3.0,1.36,3.01,1.44,3.05,1.47,2.86,1.41,2020_7_hua_hin_thailand_open,2020_7_hua_hin_thailand_open_2020-02-10_R32_plipuech_p_paquet_c,2020-1096_283,1096,2020-1096,Hua Hin,R32,204223,Peangtarn Plipuech,203564,Chloe Paquet,tournament_rank_unique,False,
tennis_data_uk,wta,2020,7,Thailand Open,Hua Hin,2020-02-11,international,True,hard,R32,32,3,Haas B.,Muramatsu C.,140,214,431.0,276.0,2,1,3,6,7,5,6,3,,,,,completed,1.57,2.25,1.58,2.53,1.67,2.55,1.6,2.31,2020_7_hua_hin_thailand_open,2020_7_hua_hin_thailand_open_2020-02-11_R32_haas_b_muramatsu_c,2020-1096_271,1096,2020-1096,Hua Hin,R32,202482,Barbara Haas,214540,Chihiro Muramatsu,tournament_rank_unique,False,
tennis_data_uk,wta,2020,7,Thailand Open,Hua Hin,2020-02-11,international,True,hard,R32,32,3,Kawa K.,Raina A.,128,175,485.0,339.0,2,1,3,6,6,0,6,1,,,,,completed,2.2,1.61,2.33,1.67,2.35,1.72,2.21,1.65,2020_7_hua_hin_thailand_open,2020_7_hua_hin_thailand_open_2020-02-11_R32_kawa_k_raina_a,2020-1096_280,1096,2020-1096,Hua Hin,R32,203514,Katarzyna Kawa,206102,Ankita Raina,tournament_rank_unique,False,
tennis_data_uk,wta,2020,7,Thailand Open,Hua Hin,2020-02-11,international,True,hard,R32,32,3,Peng S.,Yuan Y.,106,205,613.0,284.0,2,0,6,1,6,0,,,,,,,completed,1.11,6.5,1.13,6.77,1.15,7.2,1.11,6.3,2020_7_hua_hin_thailand_open,2020_7_hua_hin_thailand_open_2020-02-11_R32_peng_s_yuan_y,2020-1096_272,1096,2020-1096,Hua Hin,R32,201397,Shuai Peng,206294,Yue Yuan,tournament_rank_unique,False,
tennis_data_uk,wta,2020,7,Thailand Open,Hua Hin,2020-02-11,international,True,hard,R32,32,3,Wang Q.,Han X.,27,187,1703.0,313.0,2,0,6,1,6,1,,,,,,,completed,1.08,8.0,1.11,7.79,1.11,9.15,1.08,7.59,2020_7_hua_hin_thailand_open,2020_7_hua_hin_thailand_open_2020-02-11_R32_wang_q_han_x,2020-1096_281,1096,2020-1096,Hua Hin,R32,202492,Qiang Wang,201580,Xinyun Han,tournament_rank_unique,False,
tennis_data_uk,wta,2020,7,Thailand Open,Hua Hin,2020-02-11,international,True,hard,R32,32,3,Zhu L.,Flink V.,70,135,855.0,451.0,2,0,6,4,6,2,,,,,,,completed,1.28,3.5,1.29,3.9,1.33,3.95,1.28,3.59,2020_7_hua_hin_thailand_open,2020_7_hua_hin_thailand_open_2020-02-11_R32_zhu_l_flink_v,2020-1096_278,1096,2020-1096,Hua Hin,R32,202684,Lin Zhu,202491,Varvara Flink,tournament_rank_unique,False,
tennis_data_uk,wta,2020,7,Thailand Open,Hua Hin,2020-02-11,international,True,hard,R32,32,3,Tig P.M.,Wang Yaf.,105,56,623.0,1015.0,2,1,6,1,1,6,7,6,,,,,completed,2.75,1.4,2.99,1.44,3.09,1.45,2.9,1.4,2020_7_hua_hin_thailand_open,2020_7_hua_hin_thailand_open_2020-02-11_R32_tig_p_m_wang_yaf,2020-1096_277,1096,2020-1096,Hua Hin,R32,206255,Patricia Maria Tig,206374,Yafan Wang,tournament_rank_unique,False,
tennis_data_uk,wta,2020,7,Thailand Open,Hua Hin,2020-02-11,international,True,hard,R32,32,3,Liang E.S.,Wang Xin.,238,141,242.0,430.0,2,0,6,3,6,0,,,,,,,completed,2.37,1.53,2.53,1.58,2.7,1.58,2.48,1.53,2020_7_hua_hin_thailand_open,2020_7_hua_hin_thailand_open_2020-02-11_R32_liang_e_s_wang_xin,2020-1096_275,1096,2020-1096,Hua Hin,R32,215314,En Shuo Liang,216133,Xin Yu Wang,tournament_rank_unique,False,
tennis_data_uk,wta,2020,7,Thailand Open,Hua Hin,2020-02-11,international,True,hard,R32,32,3,Wang Xiy.,Martic P.,134,15,455.0,2586.0,2,0,6,3,6,4,,,,,,,completed,3.5,1.28,4.17,1.27,4.2,1.35,3.68,1.27,2020_7_hua_hin_thailand_open,2020_7_hua_hin_thailand_open_2020-02-11_R32_wang_xiy_martic_p,2020-1096_270,1096,2020-1096,Hua Hin,R32,216016,Xiyu Wang,201549,Petra Martic,tournament_rank_unique,False,
tennis_data_uk,wta,2020,7,Thailand Open,Hua Hin,2020-02-12,international,True,hard,R32,32,3,Linette M.,Bondarenko K.,42,495,1212.0,76.0,2,0,6,2,6,2,,,,,,,completed,1.36,3.0,1.43,3.04,1.44,3.1,1.39,2.96,2020_7_hua_hin_thailand_open,2020_7_hua_hin_thailand_open_2020-02-12_R32_linette_m_bondarenko_k,2020-1096_273,1096,2020-1096,Hua Hin,R32,202663,Magda Linette,201435,Kateryna Bondarenko,tournament_rank_unique,False,
tennis_data_uk,wta,2020,7,Thailand Open,Hua Hin,2020-02-12,international,True,hard,R32,32,3,Svitolina E.,Schoofs B.,4,195,4775.0,297.0,2,0,6,2,6,4,,,,,,,completed,1.08,8.0,1.07,10.18,1.11,10.18,1.07,8.24,2020_7_hua_hin_thailand_open,2020_7_hua_hin_thailand_open_2020-02-12_R32_svitolina_e_schoofs_b,2020-1096_285,1096,2020-1096,Hua Hin,R32,202494,Elina Svitolina,202457,Bibiane Schoofs,tournament_rank_unique,False,
tennis_data_uk,wta,2020,7,Thailand Open,Hua Hin,2020-02-12,international,True,hard,R16,16,3,Zheng S.,Liang E.S.,36,238,1380.0,242.0,2,0,6,4,6,3,,,,,,,completed,1.16,5.0,1.18,5.57,1.2,5.6,1.17,4.94,2020_7_hua_hin_thailand_open,2020_7_hua_hin_thailand_open_2020-02-12_R16_zheng_s_liang_e_s,2020-1096_288,1096,2020-1096,Hua Hin,R16,202453,Saisai Zheng,215314,En Shuo Liang,tournament_rank_unique,False,
tennis_data_uk,wta,2020,7,Thailand Open,Hua Hin,2020-02-12,international,True,hard,R16,16,3,Hibino N.,Plipuech P.,84,286,740.0,194.0,2,0,6,0,6,1,,,,,,,completed,1.11,6.5,1.14,6.95,1.14,7.2,1.12,6.27,2020_7_hua_hin_thailand_open,2020_7_hua_hin_thailand_open_2020-02-12_R16_hibino_n_plipuech_p,2020-1096_292,1096,2020-1096,Hua Hin,R16,211702,Nao Hibino,204223,Peangtarn Plipuech,tournament_rank_unique,False,
tennis_data_uk,wta,2020,7,Thailand Open,Hua Hin,2020-02-12,international,True,hard,R16,16,3,Kung L.,Zhu L.,283,70,196.0,855.0,2,0,6,3,6,1,,,,,,,completed,5.0,1.16,5.09,1.21,5.2,1.23,4.75,1.18,2020_7_hua_hin_thailand_open,2020_7_hua_hin_thailand_open_2020-02-12_R16_kung_l_zhu_l,2020-1096_290,1096,2020-1096,Hua Hin,R16,215259,Leonie Kung,202684,Lin Zhu,tournament_rank_unique,False,
tennis_data_uk,wta,2020,7,Thailand Open,Hua Hin,2020-02-12,international,True,hard,R16,16,3,Wang Q.,Kawa K.,27,128,1703.0,485.0,2,0,6,3,6,4,,,,,,,completed,1.14,5.5,1.17,5.85,1.18,6.5,1.15,5.3,2020_7_hua_hin_thailand_open,2020_7_hua_hin_thailand_open_2020-02-12_R16_wang_q_kawa_k,2020-1096_291,1096,2020-1096,Hua Hin,R16,202492,Qiang Wang,203514,Katarzyna Kawa,tournament_rank_unique,False,
tennis_data_uk,wta,2020,7,Thailand Open,Hua Hin,2020-02-13,international,True,hard,R16,16,3,Wang Xiy.,Haas B.,134,140,455.0,431.0,2,0,6,3,6,4,,,,,,,completed,1.33,3.25,1.34,3.56,1.36,3.56,1.32,3.31,2020_7_hua_hin_thailand_open,2020_7_hua_hin_thailand_open_2020-02-13_R16_wang_xiy_haas_b,2020-1096_286,1096,2020-1096,Hua Hin,R16,216016,Xiyu Wang,202482,Barbara Haas,tournament_rank_unique,False,
tennis_data_uk,wta,2020,7,Thailand Open,Hua Hin,2020-02-13,international,True,hard,R16,16,3,Tig P.M.,You X.,105,210,623.0,283.0,2,0,6,1,6,3,,,,,,,completed,1.28,3.5,1.33,3.64,1.34,4.0,1.29,3.54,2020_7_hua_hin_thailand_open,2020_7_hua_hin_thailand_open_2020-02-13_R16_tig_p_m_you_x,2020-1096_289,1096,2020-1096,Hua Hin,R16,206255,Patricia Maria Tig,214646,Xiaodi You,tournament_rank_unique,False,
tennis_data_uk,wta,2020,7,Thailand Open,Hua Hin,2020-02-13,international,True,hard,R16,16,3,Linette M.,Peng S.,42,106,1212.0,613.0,2,0,7,5,6,1,,,,,,,completed,1.8,1.9,1.83,2.09,1.86,2.31,1.77,2.03,2020_7_hua_hin_thailand_open,2020_7_hua_hin_thailand_open_2020-02-13_R16_linette_m_peng_s,2020-1096_287,1096,2020-1096,Hua Hin,R16,202663,Magda Linette,201397,Shuai Peng,tournament_rank_unique,False,
tennis_data_uk,wta,2020,7,Thailand Open,Hua Hin,2020-02-13,international,True,hard,R16,16,3,Svitolina E.,Sanders S.,4,319,4775.0,159.0,2,0,6,1,6,2,,,,,,,completed,1.1,7.0,1.13,7.11,1.15,7.25,1.11,6.44,2020_7_hua_hin_thailand_open,2020_7_hua_hin_thailand_open_2020-02-13_R16_svitolina_e_sanders_s,2020-1096_293,1096,2020-1096,Hua Hin,R16,202494,Elina Svitolina,204411,Storm Hunter,tournament_rank_unique,False,
tennis_data_uk,wta,2020,7,Thailand Open,Hua Hin,2020-02-14,international,True,hard,QF,8,3,Tig P.M.,Zheng S.,105,36,623.0,1380.0,2,0,6,4,6,2,,,,,,,completed,3.0,1.4,2.88,1.49,3.25,1.49,2.8,1.43,2020_7_hua_hin_thailand_open,2020_7_hua_hin_thailand_open_2020-02-14_QF_tig_p_m_zheng_s,2020-1096_295,1096,2020-1096,Hua Hin,QF,206255,Patricia Maria Tig,202453,Saisai Zheng,tournament_rank_unique,False,
tennis_data_uk,wta,2020,7,Thailand Open,Hua Hin,2020-02-14,international,True,hard,QF,8,3,Linette M.,Wang Xiy.,42,134,1212.0,455.0,2,1,2,6,6,3,6,3,,,,,completed,1.57,2.37,1.58,2.57,1.63,2.57,1.57,2.38,2020_7_hua_hin_thailand_open,2020_7_hua_hin_thailand_open_2020-02-14_QF_linette_m_wang_xiy,2020-1096_294,1096,2020-1096,Hua Hin,QF,202663,Magda Linette,216016,Xiyu Wang,tournament_rank_unique,False,
tennis_data_uk,wta,2020,7,Thailand Open,Hua Hin,2020-02-14,international,True,hard,QF,8,3,Hibino N.,Svitolina E.,84,4,740.0,4775.0,2,0,6,4,6,2,,,,,,,completed,5.0,1.16,5.32,1.2,5.32,1.22,4.79,1.18,2020_7_hua_hin_thailand_open,2020_7_hua_hin_thailand_open_2020-02-14_QF_hibino_n_svitolina_e,2020-1096_297,1096,2020-1096,Hua Hin,QF,211702,Nao Hibino,202494,Elina Svitolina,tournament_rank_unique,False,
tennis_data_uk,wta,2020,7,Thailand Open,Hua Hin,2020-02-14,international,True,hard,QF,8,3,Kung L.,Wang Q.,283,27,196.0,1703.0,2,1,7,5,4,6,6,4,,,,,completed,6.5,1.11,7.07,1.14,8.5,1.14,6.91,1.1,2020_7_hua_hin_thailand_open,2020_7_hua_hin_thailand_open_2020-02-14_QF_kung_l_wang_q,2020-1096_296,1096,2020-1096,Hua Hin,QF,215259,Leonie Kung,202492,Qiang Wang,tournament_rank_unique,False,
tennis_data_uk,wta,2020,7,Thailand Open,Hua Hin,2020-02-15,international,True,hard,SF,4,3,Linette M.,Tig P.M.,42,105,1212.0,623.0,2,0,7,5,6,4,,,,,,,completed,1.5,2.62,1.57,2.61,1.59,2.64,1.52,2.52,2020_7_hua_hin_thailand_open,2020_7_hua_hin_thailand_open_2020-02-15_SF_linette_m_tig_p_m,2020-1096_298,1096,2020-1096,Hua Hin,SF,202663,Magda Linette,206255,Patricia Maria Tig,tournament_rank_unique,False,
tennis_data_uk,wta,2020,7,Thailand Open,Hua Hin,2020-02-15,international,True,hard,SF,4,3,Kung L.,Hibino N.,283,84,196.0,740.0,2,1,7,5,4,6,6,3,,,,,completed,3.4,1.33,3.75,1.33,3.75,1.34,3.42,1.31,2020_7_hua_hin_thailand_open,2020_7_hua_hin_thailand_open_2020-02-15_SF_kung_l_hibino_n,2020-1096_299,1096,2020-1096,Hua Hin,SF,215259,Leonie Kung,211702,Nao Hibino,tournament_rank_unique,False,
tennis_data_uk,wta,2020,7,Thailand Open,Hua Hin,2020-02-16,international,True,hard,F,2,3,Linette M.,Kung L.,42,283,1212.0,196.0,2,0,6,3,6,2,,,,,,,completed,1.3,3.5,1.29,4.09,1.34,4.09,1.29,3.54,2020_7_hua_hin_thailand_open,2020_7_hua_hin_thailand_open_2020-02-16_F_linette_m_kung_l,2020-1096_300,1096,2020-1096,Hua Hin,F,202663,Magda Linette,215259,Leonie Kung,tournament_rank_unique,False,
tennis_data_uk,wta,2020,8,Ladies Trophy,St. Petersburg,2020-02-10,international,False,hard,R32,32,3,Rybakina E.,Siniakova K.,25,59,1866.0,996.0,2,0,6,3,6,4,,,,,,,completed,1.22,4.0,1.27,4.17,1.32,4.33,1.24,3.97,2020_8_st_petersburg_ladies_trophy,2020_8_st_petersburg_ladies_trophy_2020-02-10_R32_rybakina_e_siniakova_k,2020-1086_278,1086,2020-1086,St. Petersburg,R32,214981,Elena Rybakina,211701,Katerina Siniakova,tournament_rank_unique,False,
tennis_data_uk,wta,2020,8,Ladies Trophy,St. Petersburg,2020-02-10,international,False,hard,R32,32,3,Potapova A.,Samsonova L.,101,115,651.0,562.0,2,0,6,2,6,4,,,,,,,completed,2.1,1.66,2.01,1.88,2.17,1.88,2.0,1.8,2020_8_st_petersburg_ladies_trophy,2020_8_st_petersburg_ladies_trophy_2020-02-10_R32_potapova_a_samsonova_l,2020-1086_272,1086,2020-1086,St. Petersburg,R32,215713,Anastasia Potapova,214643,Liudmila Samsonova,tournament_rank_unique,False,
tennis_data_uk,wta,2020,8,Ladies Trophy,St. Petersburg,2020-02-10,international,False,hard,R32,32,3,Sakkari M.,Diatchenko V.,21,89,1955.0,709.0,2,1,3,6,6,4,7,6,,,,,completed,1.4,2.75,1.5,2.76,1.51,3.15,1.41,2.87,2020_8_st_petersburg_ladies_trophy,2020_8_st_petersburg_ladies_trophy_2020-02-10_R32_sakkari_m_diatchenko_v,2020-1086_282,1086,2020-1086,St. Petersburg,R32,206289,Maria Sakkari,201554,Vitalia Diatchenko,tournament_rank_unique,False,
tennis_data_uk,wta,2020,8,Ladies Trophy,St. Petersburg,2020-02-11,international,False,hard,R32,32,3,Dodin O.,Kuzmova V.,159,65,370.0,905.0,2,0,6,2,6,2,,,,,,,completed,1.53,2.37,1.66,2.34,1.66,2.5,1.57,2.37,2020_8_st_petersburg_ladies_trophy,2020_8_st_petersburg_ladies_trophy_2020-02-11_R32_dodin_o_kuzmova_v,2020-1086_280,1086,2020-1086,St. Petersburg,R32,206219,Oceane Dodin,214149,Viktoria Hruncakova,tournament_rank_unique,False,
tennis_data_uk,wta,2020,8,Ladies Trophy,St. Petersburg,2020-02-11,international,False,hard,R32,32,3,Van Uytvanck A.,Mladenovic K.,47,37,1150.0,1360.0,2,0,6,4,6,1,,,,,,,completed,2.1,1.66,2.19,1.75,2.33,1.78,2.13,1.7,2020_8_st_petersburg_ladies_trophy,2020_8_st_petersburg_ladies_trophy_2020-02-11_R32_van_uytvanck_a_mladenovic_k,2020-1086_275,1086,2020-1086,St. Petersburg,R32,202421,Alison Van Uytvanck,201540,Kristina Mladenovic,tournament_rank_unique,False,
tennis_data_uk,wta,2020,8,Ladies Trophy,St. Petersburg,2020-02-11,international,False,hard,R32,32,3,Tomljanovic A.,Vondrousova M.,57,17,1005.0,2430.0,2,1,3,6,6,3,6,4,,,,,completed,2.75,1.4,2.91,1.46,2.95,1.64,2.76,1.44,2020_8_st_petersburg_ladies_trophy,2020_8_st_petersburg_ladies_trophy_2020-02-11_R32_tomljanovic_a_vondrousova_m,2020-1086_273,1086,2020-1086,St. Petersburg,R32,201548,Ajla Tomljanovic,214954,Marketa Vondrousova,tournament_rank_unique,False,
tennis_data_uk,wta,2020,8,Ladies Trophy,St. Petersburg,2020-02-11,international,False,hard,R32,32,3,Kudermetova V.,Putintseva Y.,38,34,1353.0,1475.0,2,1,7,6,1,6,7,5,,,,,completed,2.25,1.57,2.37,1.65,2.4,1.68,2.24,1.64,2020_8_st_petersburg_ladies_trophy,2020_8_st_petersburg_ladies_trophy_2020-02-11_R32_kudermetova_v_putintseva_y,2020-1086_271,1086,2020-1086,St. Petersburg,R32,206368,Veronika Kudermetova,201709,Yulia Putintseva,tournament_rank_unique,False,
tennis_data_uk,wta,2020,8,Ladies Trophy,St. Petersburg,2020-02-11,international,False,hard,R32,32,3,Vekic D.,Ahn K.,23,97,1935.0,670.0,2,0,6,4,6,1,,,,,,,completed,1.16,5.0,1.18,5.52,1.19,5.65,1.17,4.98,2020_8_st_petersburg_ladies_trophy,2020_8_st_petersburg_ladies_trophy_2020-02-11_R32_vekic_d_ahn_k,2020-1086_277,1086,2020-1086,St. Petersburg,R32,202499,Donna Vekic,201529,Kristie Ahn,tournament_rank_unique,False,
tennis_data_uk,wta,2020,8,Ladies Trophy,St. Petersburg,2020-02-11,international,False,hard,R32,32,3,Ferro F.,Garcia C.,58,46,1004.0,1175.0,2,1,7,5,3,6,6,3,,,,,completed,2.62,1.44,2.73,1.5,2.85,1.54,2.69,1.46,2020_8_st_petersburg_ladies_trophy,2020_8_st_petersburg_ladies_trophy_2020-02-11_R32_ferro_f_garcia_c,2020-1086_279,1086,2020-1086,St. Petersburg,R32,211539,Fiona Ferro,201614,Caroline Garcia,tournament_rank_unique,False,
tennis_data_uk,wta,2020,8,Ladies Trophy,St. Petersburg,2020-02-11,international,False,hard,R32,32,3,Kuznetsova S.,Brady J.,49,52,1123.0,1104.0,2,0,6,3,6,1,,,,,,,completed,2.37,1.53,2.24,1.72,2.45,1.73,2.23,1.65,2020_8_st_petersburg_ladies_trophy,2020_8_st_petersburg_ladies_trophy_2020-02-11_R32_kuznetsova_s_brady_j,2020-1086_284,1086,2020-1086,St. Petersburg,R32,201320,Svetlana Kuznetsova,206108,Jennifer Brady,tournament_rank_unique,False,
tennis_data_uk,wta,2020,8,Ladies Trophy,St. Petersburg,2020-02-11,international,False,hard,R32,32,3,Alexandrova E.,Kasatkina D.,28,71,1700.0,850.0,2,1,6,4,3,6,6,4,,,,,completed,1.36,3.0,1.43,3.04,1.44,3.12,1.39,2.96,2020_8_st_petersburg_ladies_trophy,2020_8_st_petersburg_ladies_trophy_2020-02-11_R32_alexandrova_e_kasatkina_d,2020-1086_276,1086,2020-1086,St. Petersburg,R32,206420,Ekaterina Alexandrova,214082,Daria Kasatkina,tournament_rank_unique,False,
tennis_data_uk,wta,2020,8,Ladies Trophy,St. Petersburg,2020-02-12,international,False,hard,R32,32,3,Cornet A.,Ostapenko J.,61,40,965.0,1310.0,2,0,6,1,6,2,,,,,,,completed,2.2,1.61,2.37,1.65,2.37,1.67,2.25,1.63,2020_8_st_petersburg_ladies_trophy,2020_8_st_petersburg_ladies_trophy_2020-02-12_R32_cornet_a_ostapenko_j,2020-1086_283,1086,2020-1086,St. Petersburg,R32,201427,Alize Cornet,211533,Jelena Ostapenko,tournament_rank_unique,False,
tennis_data_uk,wta,2020,8,Ladies Trophy,St. Petersburg,2020-02-12,international,False,hard,R16,16,3,Potapova A.,Tomljanovic A.,101,57,651.0,1005.0,2,0,7,6,6,3,,,,,,,completed,2.2,1.61,2.25,1.72,2.3,1.73,2.18,1.67,2020_8_st_petersburg_ladies_trophy,2020_8_st_petersburg_ladies_trophy_2020-02-12_R16_potapova_a_tomljanovic_a,2020-1086_287,1086,2020-1086,St. Petersburg,R16,215713,Anastasia Potapova,201548,Ajla Tomljanovic,tournament_rank_unique,False,
tennis_data_uk,wta,2020,8,Ladies Trophy,St. Petersburg,2020-02-12,international,False,hard,R16,16,3,Dodin O.,Konta J.,159,14,370.0,2753.0,2,0,6,3,6,4,,,,,,,completed,2.2,1.61,2.37,1.66,2.37,1.7,2.22,1.65,2020_8_st_petersburg_ladies_trophy,2020_8_st_petersburg_ladies_trophy_2020-02-12_R16_dodin_o_konta_j,2020-1086_291,1086,2020-1086,St. Petersburg,R16,206219,Oceane Dodin,202427,Johanna Konta,tournament_rank_unique,False,
tennis_data_uk,wta,2020,8,Ladies Trophy,St. Petersburg,2020-02-12,international,False,hard,R16,16,3,Bencic B.,Kuznetsova S.,5,49,4675.0,1123.0,2,0,7,6,6,4,,,,,,,completed,1.57,2.25,1.7,2.29,1.73,2.33,1.65,2.23,2020_8_st_petersburg_ladies_trophy,2020_8_st_petersburg_ladies_trophy_2020-02-12_R16_bencic_b_kuznetsova_s,2020-1086_293,1086,2020-1086,St. Petersburg,R16,202505,Belinda Bencic,201320,Svetlana Kuznetsova,tournament_rank_unique,False,
tennis_data_uk,wta,2020,8,Ladies Trophy,St. Petersburg,2020-02-12,international,False,hard,R16,16,3,Rybakina E.,Ferro F.,25,58,1866.0,1004.0,2,0,6,3,6,4,,,,,,,completed,1.18,4.5,1.19,5.39,1.24,5.55,1.18,4.84,2020_8_st_petersburg_ladies_trophy,2020_8_st_petersburg_ladies_trophy_2020-02-12_R16_rybakina_e_ferro_f,2020-1086_290,1086,2020-1086,St. Petersburg,R16,214981,Elena Rybakina,211539,Fiona Ferro,tournament_rank_unique,False,
tennis_data_uk,wta,2020,8,Ladies Trophy,St. Petersburg,2020-02-13,international,False,hard,R16,16,3,Sakkari M.,Cornet A.,21,61,1955.0,965.0,2,0,6,2,6,4,,,,,,,completed,1.72,2.0,1.81,2.11,1.87,2.12,1.79,2.01,2020_8_st_petersburg_ladies_trophy,2020_8_st_petersburg_ladies_trophy_2020-02-13_R16_sakkari_m_cornet_a,2020-1086_292,1086,2020-1086,St. Petersburg,R16,206289,Maria Sakkari,201427,Alize Cornet,tournament_rank_unique,False,
tennis_data_uk,wta,2020,8,Ladies Trophy,St. Petersburg,2020-02-13,international,False,hard,R16,16,3,Kvitova P.,Van Uytvanck A.,11,47,3466.0,1150.0,2,1,7,6,1,6,6,2,,,,,completed,1.2,4.33,1.26,4.35,1.27,4.7,1.23,4.16,2020_8_st_petersburg_ladies_trophy,2020_8_st_petersburg_ladies_trophy_2020-02-13_R16_kvitova_p_van_uytvanck_a,2020-1086_288,1086,2020-1086,St. Petersburg,R16,201520,Petra Kvitova,202421,Alison Van Uytvanck,tournament_rank_unique,False,
tennis_data_uk,wta,2020,8,Ladies Trophy,St. Petersburg,2020-02-13,international,False,hard,R16,16,3,Alexandrova E.,Vekic D.,28,23,1700.0,1935.0,2,0,6,1,7,5,,,,,,,completed,1.61,2.2,1.74,2.22,1.74,2.35,1.68,2.16,2020_8_st_petersburg_ladies_trophy,2020_8_st_petersburg_ladies_trophy_2020-02-13_R16_alexandrova_e_vekic_d,2020-1086_289,1086,2020-1086,St. Petersburg,R16,206420,Ekaterina Alexandrova,202499,Donna Vekic,tournament_rank_unique,False,
tennis_data_uk,wta,2020,8,Ladies Trophy,St. Petersburg,2020-02-13,international,False,hard,R16,16,3,Bertens K.,Kudermetova V.,8,38,3965.0,1353.0,2,0,6,1,6,2,,,,,,,completed,1.28,3.5,1.36,3.47,1.36,3.75,1.31,3.45,2020_8_st_petersburg_ladies_trophy,2020_8_st_petersburg_ladies_trophy_2020-02-13_R16_bertens_k_kudermetova_v,2020-1086_286,1086,2020-1086,St. Petersburg,R16,202428,Kiki Bertens,206368,Veronika Kudermetova,tournament_rank_unique,False,
tennis_data_uk,wta,2020,8,Ladies Trophy,St. Petersburg,2020-02-14,international,False,hard,QF,8,3,Rybakina E.,Dodin O.,25,159,1866.0,370.0,2,1,6,7,7,5,6,2,,,,,completed,1.36,3.2,1.38,3.36,1.4,3.5,1.36,3.13,2020_8_st_petersburg_ladies_trophy,2020_8_st_petersburg_ladies_trophy_2020-02-14_QF_rybakina_e_dodin_o,2020-1086_296,1086,2020-1086,St. Petersburg,QF,214981,Elena Rybakina,206219,Oceane Dodin,tournament_rank_unique,False,
tennis_data_uk,wta,2020,8,Ladies Trophy,St. Petersburg,2020-02-14,international,False,hard,QF,8,3,Sakkari M.,Bencic B.,21,5,1955.0,4675.0,2,1,2,6,6,4,6,3,,,,,completed,2.2,1.66,2.38,1.67,2.38,1.69,2.25,1.64,2020_8_st_petersburg_ladies_trophy,2020_8_st_petersburg_ladies_trophy_2020-02-14_QF_sakkari_m_bencic_b,2020-1086_297,1086,2020-1086,St. Petersburg,QF,206289,Maria Sakkari,202505,Belinda Bencic,tournament_rank_unique,False,
tennis_data_uk,wta,2020,8,Ladies Trophy,St. Petersburg,2020-02-14,international,False,hard,QF,8,3,Bertens K.,Potapova A.,8,101,3965.0,651.0,2,0,6,4,7,6,,,,,,,completed,1.16,5.0,1.23,4.91,1.25,5.0,1.21,4.38,2020_8_st_petersburg_ladies_trophy,2020_8_st_petersburg_ladies_trophy_2020-02-14_QF_bertens_k_potapova_a,2020-1086_294,1086,2020-1086,St. Petersburg,QF,202428,Kiki Bertens,215713,Anastasia Potapova,tournament_rank_unique,False,
tennis_data_uk,wta,2020,8,Ladies Trophy,St. Petersburg,2020-02-14,international,False,hard,QF,8,3,Alexandrova E.,Kvitova P.,28,11,1700.0,3466.0,,,,,,,,,,,,,walkover,2.37,1.57,2.47,1.63,2.5,1.68,2.4,1.55,2020_8_st_petersburg_ladies_trophy,2020_8_st_petersburg_ladies_trophy_2020-02-14_QF_alexandrova_e_kvitova_p,2020-1086_295,1086,2020-1086,St. Petersburg,QF,206420,Ekaterina Alexandrova,201520,Petra Kvitova,tournament_rank_unique,False,
tennis_data_uk,wta,2020,8,Ladies Trophy,St. Petersburg,2020-02-15,international,False,hard,SF,4,3,Rybakina E.,Sakkari M.,25,21,1866.0,1955.0,2,1,3,6,7,5,6,1,,,,,completed,1.57,2.37,1.69,2.33,1.69,2.45,1.6,2.32,2020_8_st_petersburg_ladies_trophy,2020_8_st_petersburg_ladies_trophy_2020-02-15_SF_rybakina_e_sakkari_m,2020-1086_299,1086,2020-1086,St. Petersburg,SF,214981,Elena Rybakina,206289,Maria Sakkari,tournament_rank_unique,False,
tennis_data_uk,wta,2020,8,Ladies Trophy,St. Petersburg,2020-02-15,international,False,hard,SF,4,3,Bertens K.,Alexandrova E.,8,28,3965.0,1700.0,2,1,6,1,4,6,6,1,,,,,completed,1.8,2.0,1.78,2.19,1.9,2.2,1.75,2.07,2020_8_st_petersburg_ladies_trophy,2020_8_st_petersburg_ladies_trophy_2020-02-15_SF_bertens_k_alexandrova_e,2020-1086_298,1086,2020-1086,St. Petersburg,SF,202428,Kiki Bertens,206420,Ekaterina Alexandrova,tournament_rank_unique,False,
tennis_data_uk,wta,2020,8,Ladies Trophy,St. Petersburg,2020-02-16,international,False,hard,F,2,3,Bertens K.,Rybakina E.,8,25,3965.0,1866.0,2,0,6,1,6,3,,,,,,,completed,1.57,2.37,1.6,2.55,1.61,2.59,1.56,2.41,2020_8_st_petersburg_ladies_trophy,2020_8_st_petersburg_ladies_trophy_2020-02-16_F_bertens_k_rybakina_e,2020-1086_300,1086,2020-1086,St. Petersburg,F,202428,Kiki Bertens,214981,Elena Rybakina,tournament_rank_unique,False,
tennis_data_uk,wta,2020,9,Dubai Duty Free Tennis Championships,Dubai,2020-02-17,premier,True,hard,R32,32,3,Strycova B.,Anisimova A.,35,29,1417.0,1613.0,2,1,7,6,2,6,6,4,,,,,completed,3.0,1.36,3.19,1.4,3.42,1.43,2.99,1.38,2020_9_dubai_dubai_duty_free_tennis_championships,2020_9_dubai_dubai_duty_free_tennis_championships_2020-02-17_R32_strycova_b_anisimova_a,2020-0718_276,718,2020-0718,Dubai,R32,201366,Barbora Strycova,216153,Amanda Anisimova,tournament_rank_unique,False,
tennis_data_uk,wta,2020,9,Dubai Duty Free Tennis Championships,Dubai,2020-02-17,premier,True,hard,R32,32,3,Mertens E.,Wang Q.,22,28,1950.0,1733.0,2,0,6,3,6,0,,,,,,,completed,1.4,2.75,1.48,2.83,1.49,2.85,1.45,2.72,2020_9_dubai_dubai_duty_free_tennis_championships,2020_9_dubai_dubai_duty_free_tennis_championships_2020-02-17_R32_mertens_e_wang_q,2020-0718_283,718,2020-0718,Dubai,R32,210722,Elise Mertens,202492,Qiang Wang,tournament_rank_unique,False,
tennis_data_uk,wta,2020,9,Dubai Duty Free Tennis Championships,Dubai,2020-02-17,premier,True,hard,R32,32,3,Jabeur O.,Riske A.,45,18,1190.0,2360.0,2,1,7,6,1,6,6,3,,,,,completed,2.0,1.72,2.09,1.81,2.15,1.85,2.02,1.77,2020_9_dubai_dubai_duty_free_tennis_championships,2020_9_dubai_dubai_duty_free_tennis_championships_2020-02-17_R32_jabeur_o_riske_a,2020-0718_284,718,2020-0718,Dubai,R32,202460,Ons Jabeur,201590,Alison Riske Amritraj,tournament_rank_unique,False,
tennis_data_uk,wta,2020,9,Dubai Duty Free Tennis Championships,Dubai,2020-02-17,premier,True,hard,R32,32,3,Muguruza G.,Clijsters K.,16,,2527.0,,2,0,6,2,7,6,,,,,,,completed,1.06,10.0,1.1,8.29,1.11,10.0,1.08,7.89,2020_9_dubai_dubai_duty_free_tennis_championships,2020_9_dubai_dubai_duty_free_tennis_championships_2020-02-17_R32_muguruza_g_clijsters_k,2020-0718_278,718,2020-0718,Dubai,R32,202469,Garbine Muguruza,200079,Kim Clijsters,tournament_round_name_pair,False,missing_rank
tennis_data_uk,wta,2020,9,Dubai Duty Free Tennis Championships,Dubai,2020-02-17,premier,True,hard,R32,32,3,Vondrousova M.,Sevastova A.,17,41,2431.0,1288.0,2,0,6,3,6,2,,,,,,,completed,1.44,2.62,1.52,2.69,1.52,2.95,1.45,2.68,2020_9_dubai_dubai_duty_free_tennis_championships,2020_9_dubai_dubai_duty_free_tennis_championships_2020-02-17_R32_vondrousova_m_sevastova_a,2020-0718_280,718,2020-0718,Dubai,R32,214954,Marketa Vondrousova,201545,Anastasija Sevastova,tournament_rank_unique,False,
tennis_data_uk,wta,2020,9,Dubai Duty Free Tennis Championships,Dubai,2020-02-18,premier,True,hard,R32,32,3,Siniakova K.,Muchova K.,58,27,996.0,1752.0,2,1,6,4,4,6,6,0,,,,,completed,2.37,1.53,2.56,1.57,2.63,1.69,2.34,1.59,2020_9_dubai_dubai_duty_free_tennis_championships,2020_9_dubai_dubai_duty_free_tennis_championships_2020-02-18_R32_siniakova_k_muchova_k,2020-0718_272,718,2020-0718,Dubai,R32,211701,Katerina Siniakova,214096,Karolina Muchova,tournament_rank_unique,False,
tennis_data_uk,wta,2020,9,Dubai Duty Free Tennis Championships,Dubai,2020-02-18,premier,True,hard,R32,32,3,Brady J.,Svitolina E.,52,6,1104.0,4650.0,2,0,6,2,6,1,,,,,,,completed,2.25,1.57,2.41,1.63,2.75,1.71,2.28,1.62,2020_9_dubai_dubai_duty_free_tennis_championships,2020_9_dubai_dubai_duty_free_tennis_championships_2020-02-18_R32_brady_j_svitolina_e,2020-0718_281,718,2020-0718,Dubai,R32,206108,Jennifer Brady,202494,Elina Svitolina,tournament_rank_unique,False,
tennis_data_uk,wta,2020,9,Dubai Duty Free Tennis Championships,Dubai,2020-02-18,premier,True,hard,R32,32,3,Mladenovic K.,Sasnovich A.,38,114,1360.0,577.0,2,0,6,4,6,3,,,,,,,completed,1.83,1.83,1.88,2.02,1.95,2.02,1.86,1.92,2020_9_dubai_dubai_duty_free_tennis_championships,2020_9_dubai_dubai_duty_free_tennis_championships_2020-02-18_R32_mladenovic_k_sasnovich_a,2020-0718_271,718,2020-0718,Dubai,R32,201540,Kristina Mladenovic,205925,Aliaksandra Sasnovich,tournament_rank_unique,False,
tennis_data_uk,wta,2020,9,Dubai Duty Free Tennis Championships,Dubai,2020-02-18,premier,True,hard,R32,32,3,Pavlyuchenkova A.,Bencic B.,31,4,1486.0,4720.0,2,1,1,6,6,1,6,1,,,,,completed,2.1,1.66,2.14,1.78,2.25,1.78,2.13,1.7,2020_9_dubai_dubai_duty_free_tennis_championships,2020_9_dubai_dubai_duty_free_tennis_championships_2020-02-18_R32_pavlyuchenkova_a_bencic_b,2020-0718_274,718,2020-0718,Dubai,R32,201499,Anastasia Pavlyuchenkova,202505,Belinda Bencic,tournament_rank_unique,False,
tennis_data_uk,wta,2020,9,Dubai Duty Free Tennis Championships,Dubai,2020-02-18,premier,True,hard,R32,32,3,Kudermetova V.,Yastremska D.,39,26,1353.0,1785.0,2,1,5,7,6,3,7,6,,,,,completed,2.75,1.4,3.17,1.4,3.17,1.45,2.91,1.4,2020_9_dubai_dubai_duty_free_tennis_championships,2020_9_dubai_dubai_duty_free_tennis_championships_2020-02-18_R32_kudermetova_v_yastremska_d,2020-0718_279,718,2020-0718,Dubai,R32,206368,Veronika Kudermetova,215035,Dayana Yastremska,tournament_rank_unique,False,
tennis_data_uk,wta,2020,9,Dubai Duty Free Tennis Championships,Dubai,2020-02-18,premier,True,hard,R32,32,3,Martic P.,Hsieh S.W.,15,40,2586.0,1330.0,2,0,6,4,6,3,,,,,,,completed,1.57,2.25,1.58,2.52,1.65,2.52,1.57,2.37,2020_9_dubai_dubai_duty_free_tennis_championships,2020_9_dubai_dubai_duty_free_tennis_championships_2020-02-18_R32_martic_p_hsieh_s_w,2020-0718_277,718,2020-0718,Dubai,R32,201549,Petra Martic,201444,Su Wei Hsieh,tournament_rank_unique,False,
tennis_data_uk,wta,2020,9,Dubai Duty Free Tennis Championships,Dubai,2020-02-18,premier,True,hard,R32,32,3,Rybakina E.,Kenin S.,19,7,2141.0,4495.0,2,1,6,7,6,3,6,3,,,,,completed,3.25,1.33,3.26,1.38,3.42,1.39,3.15,1.35,2020_9_dubai_dubai_duty_free_tennis_championships,2020_9_dubai_dubai_duty_free_tennis_championships_2020-02-18_R32_rybakina_e_kenin_s,2020-0718_273,718,2020-0718,Dubai,R32,214981,Elena Rybakina,213550,Sofia Kenin,tournament_rank_unique,False,
tennis_data_uk,wta,2020,9,Dubai Duty Free Tennis Championships,Dubai,2020-02-18,premier,True,hard,R32,32,3,Kontaveit A.,Cirstea S.,24,70,1881.0,855.0,2,0,6,1,6,3,,,,,,,completed,1.4,2.75,1.42,3.06,1.43,3.2,1.37,3.02,2020_9_dubai_dubai_duty_free_tennis_championships,2020_9_dubai_dubai_duty_free_tennis_championships_2020-02-18_R32_kontaveit_a_cirstea_s,2020-0718_275,718,2020-0718,Dubai,R32,204426,Anett Kontaveit,201514,Sorana Cirstea,tournament_rank_unique,False,
tennis_data_uk,wta,2020,9,Dubai Duty Free Tennis Championships,Dubai,2020-02-18,premier,True,hard,R32,32,3,Sabalenka A.,Sakkari M.,13,21,2820.0,2085.0,2,1,6,2,4,6,6,1,,,,,completed,1.53,2.37,1.61,2.46,1.62,2.5,1.57,2.38,2020_9_dubai_dubai_duty_free_tennis_championships,2020_9_dubai_dubai_duty_free_tennis_championships_2020-02-18_R32_sabalenka_a_sakkari_m,2020-0718_282,718,2020-0718,Dubai,R32,214544,Aryna Sabalenka,206289,Maria Sakkari,tournament_rank_unique,False,
tennis_data_uk,wta,2020,9,Dubai Duty Free Tennis Championships,Dubai,2020-02-19,premier,True,hard,R16,16,3,Brady J.,Vondrousova M.,52,17,1104.0,2431.0,2,1,4,6,6,4,6,1,,,,,completed,1.8,1.9,1.79,2.14,2.05,2.2,1.81,1.98,2020_9_dubai_dubai_duty_free_tennis_championships,2020_9_dubai_dubai_duty_free_tennis_championships_2020-02-19_R16_brady_j_vondrousova_m,2020-0718_291,718,2020-0718,Dubai,R16,206108,Jennifer Brady,214954,Marketa Vondrousova,tournament_rank_unique,False,
tennis_data_uk,wta,2020,9,Dubai Duty Free Tennis Championships,Dubai,2020-02-19,premier,True,hard,R16,16,3,Pliskova Ka.,Mladenovic K.,3,38,5290.0,1360.0,2,0,6,1,6,2,,,,,,,completed,1.36,3.0,1.43,3.07,1.44,3.32,1.38,2.99,2020_9_dubai_dubai_duty_free_tennis_championships,2020_9_dubai_dubai_duty_free_tennis_championships_2020-02-19_R16_pliskova_ka_mladenovic_k,2020-0718_286,718,2020-0718,Dubai,R16,201662,Karolina Pliskova,201540,Kristina Mladenovic,tournament_rank_unique,False,
tennis_data_uk,wta,2020,9,Dubai Duty Free Tennis Championships,Dubai,2020-02-19,premier,True,hard,R16,16,3,Muguruza G.,Kudermetova V.,16,39,2527.0,1353.0,2,1,7,5,4,6,6,4,,,,,completed,1.28,3.5,1.34,3.62,1.38,3.62,1.32,3.35,2020_9_dubai_dubai_duty_free_tennis_championships,2020_9_dubai_dubai_duty_free_tennis_championships_2020-02-19_R16_muguruza_g_kudermetova_v,2020-0718_290,718,2020-0718,Dubai,R16,202469,Garbine Muguruza,206368,Veronika Kudermetova,tournament_rank_unique,False,
tennis_data_uk,wta,2020,9,Dubai Duty Free Tennis Championships,Dubai,2020-02-19,premier,True,hard,R16,16,3,Martic P.,Strycova B.,15,35,2586.0,1417.0,2,0,6,3,6,3,,,,,,,completed,1.36,3.0,1.4,3.2,1.43,3.25,1.38,3.0,2020_9_dubai_dubai_duty_free_tennis_championships,2020_9_dubai_dubai_duty_free_tennis_championships_2020-02-19_R16_martic_p_strycova_b,2020-0718_289,718,2020-0718,Dubai,R16,201549,Petra Martic,201366,Barbora Strycova,tournament_rank_unique,False,
tennis_data_uk,wta,2020,9,Dubai Duty Free Tennis Championships,Dubai,2020-02-19,premier,True,hard,R16,16,3,Rybakina E.,Siniakova K.,19,58,2141.0,996.0,2,0,6,3,6,3,,,,,,,completed,1.36,3.0,1.48,2.86,1.49,3.05,1.42,2.81,2020_9_dubai_dubai_duty_free_tennis_championships,2020_9_dubai_dubai_duty_free_tennis_championships_2020-02-19_R16_rybakina_e_siniakova_k,2020-0718_287,718,2020-0718,Dubai,R16,214981,Elena Rybakina,211701,Katerina Siniakova,tournament_rank_unique,False,
tennis_data_uk,wta,2020,9,Dubai Duty Free Tennis Championships,Dubai,2020-02-19,premier,True,hard,R16,16,3,Sabalenka A.,Mertens E.,13,22,2820.0,1950.0,2,0,6,4,6,3,,,,,,,completed,2.0,1.72,2.1,1.82,2.1,1.88,1.98,1.81,2020_9_dubai_dubai_duty_free_tennis_championships,2020_9_dubai_dubai_duty_free_tennis_championships_2020-02-19_R16_sabalenka_a_mertens_e,2020-0718_292,718,2020-0718,Dubai,R16,214544,Aryna Sabalenka,210722,Elise Mertens,tournament_rank_unique,False,
tennis_data_uk,wta,2020,9,Dubai Duty Free Tennis Championships,Dubai,2020-02-19,premier,True,hard,R16,16,3,Halep S.,Jabeur O.,2,45,5796.0,1190.0,2,1,1,6,6,2,7,6,,,,,completed,1.28,3.5,1.3,3.89,1.33,3.89,1.3,3.5,2020_9_dubai_dubai_duty_free_tennis_championships,2020_9_dubai_dubai_duty_free_tennis_championships_2020-02-19_R16_halep_s_jabeur_o,2020-0718_293,718,2020-0718,Dubai,R16,201594,Simona Halep,202460,Ons Jabeur,tournament_rank_unique,False,
tennis_data_uk,wta,2020,9,Dubai Duty Free Tennis Championships,Dubai,2020-02-19,premier,True,hard,R16,16,3,Kontaveit A.,Pavlyuchenkova A.,24,31,1881.0,1486.0,2,0,7,6,7,5,,,,,,,completed,1.72,2.0,1.87,2.04,1.91,2.04,1.82,1.97,2020_9_dubai_dubai_duty_free_tennis_championships,2020_9_dubai_dubai_duty_free_tennis_championships_2020-02-19_R16_kontaveit_a_pavlyuchenkova_a,2020-0718_288,718,2020-0718,Dubai,R16,204426,Anett Kontaveit,201499,Anastasia Pavlyuchenkova,tournament_rank_unique,False,
tennis_data_uk,wta,2020,9,Dubai Duty Free Tennis Championships,Dubai,2020-02-20,premier,True,hard,QF,8,3,Rybakina E.,Pliskova Ka.,19,3,2141.0,5290.0,2,0,7,6,6,3,,,,,,,completed,2.75,1.44,2.86,1.49,2.9,1.5,2.75,1.44,2020_9_dubai_dubai_duty_free_tennis_championships,2020_9_dubai_dubai_duty_free_tennis_championships_2020-02-20_QF_rybakina_e_pliskova_ka,2020-0718_294,718,2020-0718,Dubai,QF,214981,Elena Rybakina,201662,Karolina Pliskova,tournament_rank_unique,False,
tennis_data_uk,wta,2020,9,Dubai Duty Free Tennis Championships,Dubai,2020-02-20,premier,True,hard,QF,8,3,Brady J.,Muguruza G.,52,16,1104.0,2527.0,2,1,6,7,6,3,6,4,,,,,completed,2.3,1.61,2.46,1.63,2.46,1.66,2.32,1.6,2020_9_dubai_dubai_duty_free_tennis_championships,2020_9_dubai_dubai_duty_free_tennis_championships_2020-02-20_QF_brady_j_muguruza_g,2020-0718_296,718,2020-0718,Dubai,QF,206108,Jennifer Brady,202469,Garbine Muguruza,tournament_rank_unique,False,
tennis_data_uk,wta,2020,9,Dubai Duty Free Tennis Championships,Dubai,2020-02-20,premier,True,hard,QF,8,3,Martic P.,Kontaveit A.,15,24,2586.0,1881.0,2,0,7,6,6,1,,,,,,,completed,2.37,1.57,2.5,1.61,2.5,1.63,2.4,1.56,2020_9_dubai_dubai_duty_free_tennis_championships,2020_9_dubai_dubai_duty_free_tennis_championships_2020-02-20_QF_martic_p_kontaveit_a,2020-0718_295,718,2020-0718,Dubai,QF,201549,Petra Martic,204426,Anett Kontaveit,tournament_rank_unique,False,
tennis_data_uk,wta,2020,9,Dubai Duty Free Tennis Championships,Dubai,2020-02-20,premier,True,hard,QF,8,3,Halep S.,Sabalenka A.,2,13,5796.0,2820.0,2,1,3,6,6,2,6,2,,,,,completed,1.9,1.9,1.9,2.02,2.15,2.02,1.93,1.86,2020_9_dubai_dubai_duty_free_tennis_championships,2020_9_dubai_dubai_duty_free_tennis_championships_2020-02-20_QF_halep_s_sabalenka_a,2020-0718_297,718,2020-0718,Dubai,QF,201594,Simona Halep,214544,Aryna Sabalenka,tournament_rank_unique,False,
tennis_data_uk,wta,2020,9,Dubai Duty Free Tennis Championships,Dubai,2020-02-21,premier,True,hard,SF,4,3,Rybakina E.,Martic P.,19,15,2141.0,2586.0,2,0,7,6,7,6,,,,,,,completed,1.66,2.2,1.7,2.31,1.72,2.45,1.65,2.22,2020_9_dubai_dubai_duty_free_tennis_championships,2020_9_dubai_dubai_duty_free_tennis_championships_2020-02-21_SF_rybakina_e_martic_p,2020-0718_298,718,2020-0718,Dubai,SF,214981,Elena Rybakina,201549,Petra Martic,tournament_rank_unique,False,
tennis_data_uk,wta,2020,9,Dubai Duty Free Tennis Championships,Dubai,2020-02-21,premier,True,hard,SF,4,3,Halep S.,Brady J.,2,52,5796.0,1104.0,2,0,6,2,6,0,,,,,,,completed,1.4,3.0,1.39,3.31,1.44,3.35,1.39,2.96,2020_9_dubai_dubai_duty_free_tennis_championships,2020_9_dubai_dubai_duty_free_tennis_championships_2020-02-21_SF_halep_s_brady_j,2020-0718_299,718,2020-0718,Dubai,SF,201594,Simona Halep,206108,Jennifer Brady,tournament_rank_unique,False,
tennis_data_uk,wta,2020,9,Dubai Duty Free Tennis Championships,Dubai,2020-02-22,premier,True,hard,F,2,3,Halep S.,Rybakina E.,2,19,5796.0,2141.0,2,1,3,6,6,3,7,6,,,,,completed,1.44,2.75,1.47,2.95,1.47,3.2,1.41,2.87,2020_9_dubai_dubai_duty_free_tennis_championships,2020_9_dubai_dubai_duty_free_tennis_championships_2020-02-22_F_halep_s_rybakina_e,2020-0718_300,718,2020-0718,Dubai,F,201594,Simona Halep,214981,Elena Rybakina,tournament_rank_unique,False,
tennis_data_uk,wta,2020,10,Abierto Mexicano,Acapulco,2020-02-24,international,True,clay,R32,32,3,Potapova A.,Schmiedlova A.,97,200,666.0,293.0,2,1,4,6,7,5,6,1,,,,,completed,1.4,2.75,1.47,2.87,1.47,3.12,1.4,2.89,2020_10_acapulco_abierto_mexicano,2020_10_acapulco_abierto_mexicano_2020-02-24_R32_potapova_a_schmiedlova_a,2020-M004_280,1002,2020-M004,Acapulco,R32,215713,Anastasia Potapova,203533,Anna Karolina Schmiedlova,tournament_rank_unique,False,
tennis_data_uk,wta,2020,10,Abierto Mexicano,Acapulco,2020-02-24,international,True,clay,R32,32,3,Watson H.,Vandeweghe C.,69,193,844.0,305.0,2,1,4,6,6,4,6,4,,,,,completed,1.83,1.83,1.81,2.11,1.92,2.11,1.8,1.99,2020_10_acapulco_abierto_mexicano,2020_10_acapulco_abierto_mexicano_2020-02-24_R32_watson_h_vandeweghe_c,2020-M004_277,1002,2020-M004,Acapulco,R32,201586,Heather Watson,201535,Coco Vandeweghe,tournament_rank_unique,False,
tennis_data_uk,wta,2020,10,Abierto Mexicano,Acapulco,2020-02-24,international,True,clay,R32,32,3,Hibino N.,Rus A.,71,75,821.0,789.0,2,0,6,3,6,1,,,,,,,completed,1.72,2.0,1.93,1.95,1.93,2.1,1.83,1.95,2020_10_acapulco_abierto_mexicano,2020_10_acapulco_abierto_mexicano_2020-02-24_R32_hibino_n_rus_a,2020-M004_278,1002,2020-M004,Acapulco,R32,211702,Nao Hibino,201551,Arantxa Rus,tournament_rank_unique,False,
tennis_data_uk,wta,2020,10,Abierto Mexicano,Acapulco,2020-02-25,international,True,clay,R32,32,3,Bondarenko K.,Kovinic D.,494,87,77.0,714.0,2,1,6,7,6,4,6,2,,,,,completed,1.66,2.1,1.81,2.1,1.81,2.18,1.73,2.08,2020_10_acapulco_abierto_mexicano,2020_10_acapulco_abierto_mexicano_2020-02-25_R32_bondarenko_k_kovinic_d,2020-M004_276,1002,2020-M004,Acapulco,R32,201435,Kateryna Bondarenko,203575,Danka Kovinic,tournament_rank_unique,False,
tennis_data_uk,wta,2020,10,Abierto Mexicano,Acapulco,2020-02-25,international,True,clay,R32,32,3,Maria T.,Bouzkova M.,90,57,701.0,985.0,2,1,6,4,1,6,6,2,,,,,completed,3.0,1.36,3.33,1.37,3.5,1.37,3.16,1.34,2020_10_acapulco_abierto_mexicano,2020_10_acapulco_abierto_mexicano_2020-02-25_R32_maria_t_bouzkova_m,2020-M004_281,1002,2020-M004,Acapulco,R32,213583,Tatjana Maria,213631,Marie Bouzkova,tournament_rank_unique,False,
tennis_data_uk,wta,2020,10,Abierto Mexicano,Acapulco,2020-02-25,international,True,clay,R32,32,3,Zidansek T.,Kalinskaya A.,74,111,790.0,596.0,2,0,6,3,6,4,,,,,,,completed,2.1,1.66,2.13,1.79,2.16,1.8,2.07,1.74,2020_10_acapulco_abierto_mexicano,2020_10_acapulco_abierto_mexicano_2020-02-25_R32_zidansek_t_kalinskaya_a,2020-M004_283,1002,2020-M004,Acapulco,R32,214461,Tamara Zidansek,214939,Anna Kalinskaya,tournament_rank_unique,False,
tennis_data_uk,wta,2020,10,Abierto Mexicano,Acapulco,2020-02-25,international,True,clay,R32,32,3,Wang Xiy.,Wang Yaf.,127,56,506.0,1015.0,2,0,6,4,7,6,,,,,,,completed,1.9,1.8,1.9,1.99,2.2,1.99,1.9,1.88,2020_10_acapulco_abierto_mexicano,2020_10_acapulco_abierto_mexicano_2020-02-25_R32_wang_xiy_wang_yaf,2020-M004_270,1002,2020-M004,Acapulco,R32,216016,Xiyu Wang,206374,Yafan Wang,tournament_rank_unique,False,
tennis_data_uk,wta,2020,10,Abierto Mexicano,Acapulco,2020-02-25,international,True,clay,R32,32,3,Juvan K.,Williams V.,125,64,510.0,899.0,2,1,4,6,7,6,6,2,,,,,completed,1.72,2.0,1.79,2.13,2.05,2.13,1.81,1.98,2020_10_acapulco_abierto_mexicano,2020_10_acapulco_abierto_mexicano_2020-02-25_R32_juvan_k_williams_v,2020-M004_282,1002,2020-M004,Acapulco,R32,215219,Kaja Juvan,200748,Venus Williams,tournament_rank_unique,False,
tennis_data_uk,wta,2020,10,Abierto Mexicano,Acapulco,2020-02-25,international,True,clay,R32,32,3,Zhu L.,Zavatska K.,77,106,785.0,627.0,2,0,7,6,6,2,,,,,,,completed,1.4,2.75,1.5,2.78,1.5,3.07,1.44,2.74,2020_10_acapulco_abierto_mexicano,2020_10_acapulco_abierto_mexicano_2020-02-25_R32_zhu_l_zavatska_k,2020-M004_273,1002,2020-M004,Acapulco,R32,202684,Lin Zhu,215290,Katarina Zavatska,tournament_rank_unique,False,
tennis_data_uk,wta,2020,10,Abierto Mexicano,Acapulco,2020-02-25,international,True,clay,R32,32,3,Boulter K.,Di Lorenzo F.,394,120,110.0,537.0,2,1,2,6,6,3,6,2,,,,,completed,,,,,2.47,1.55,2.47,1.55,2020_10_acapulco_abierto_mexicano,2020_10_acapulco_abierto_mexicano_2020-02-25_R32_boulter_k_di_lorenzo_f,2020-M004_272,1002,2020-M004,Acapulco,R32,211107,Katie Boulter,215371,Francesca Di Lorenzo,tournament_rank_unique,False,
tennis_data_uk,wta,2020,10,Abierto Mexicano,Acapulco,2020-02-26,international,True,clay,R32,32,3,Fernandez L.A.,Stojanovic N.,190,82,313.0,751.0,2,0,6,4,6,1,,,,,,,completed,1.53,2.37,1.58,2.53,1.62,2.56,1.54,2.44,2020_10_acapulco_abierto_mexicano,2020_10_acapulco_abierto_mexicano_2020-02-26_R32_fernandez_l_a_stojanovic_n,2020-M004_279,1002,2020-M004,Acapulco,R32,220367,Leylah Fernandez,211411,Nina Stojanovic,tournament_rank_unique,False,
tennis_data_uk,wta,2020,10,Abierto Mexicano,Acapulco,2020-02-26,international,True,clay,R32,32,3,Errani S.,Sorribes Tormo S.,185,80,321.0,767.0,2,0,7,5,6,4,,,,,,,completed,2.1,1.66,2.16,1.76,2.2,1.76,2.11,1.71,2020_10_acapulco_abierto_mexicano,2020_10_acapulco_abierto_mexicano_2020-02-26_R32_errani_s_sorribes_tormo_s,2020-M004_271,1002,2020-M004,Acapulco,R32,201506,Sara Errani,204427,Sara Sorribes Tormo,tournament_rank_unique,False,
tennis_data_uk,wta,2020,10,Abierto Mexicano,Acapulco,2020-02-26,international,True,clay,R32,32,3,Volynets K.,Rogers S.,384,114,115.0,572.0,2,0,6,2,7,6,,,,,,,completed,4.5,1.18,4.74,1.22,5.1,1.22,4.57,1.19,2020_10_acapulco_abierto_mexicano,2020_10_acapulco_abierto_mexicano_2020-02-26_R32_volynets_k_rogers_s,2020-M004_284,1002,2020-M004,Acapulco,R32,220465,Katie Volynets,201603,Shelby Rogers,tournament_rank_unique,False,
tennis_data_uk,wta,2020,10,Abierto Mexicano,Acapulco,2020-02-26,international,True,clay,R32,32,3,Zarazua R.,Stephens S.,270,35,216.0,1453.0,2,0,6,4,6,2,,,,,,,completed,3.4,1.3,3.75,1.31,3.75,1.35,3.43,1.31,2020_10_acapulco_abierto_mexicano,2020_10_acapulco_abierto_mexicano_2020-02-26_R32_zarazua_r_stephens_s,2020-M004_285,1002,2020-M004,Acapulco,R32,213887,Renata Zarazua,201585,Sloane Stephens,tournament_rank_unique,False,
tennis_data_uk,wta,2020,10,Abierto Mexicano,Acapulco,2020-02-26,international,True,clay,R32,32,3,Mchale C.,Davis L.,86,60,725.0,962.0,2,1,6,2,1,6,6,4,,,,,completed,2.0,1.72,2.03,1.86,2.06,1.91,1.96,1.82,2020_10_acapulco_abierto_mexicano,2020_10_acapulco_abierto_mexicano_2020-02-26_R32_mchale_c_davis_l,2020-M004_274,1002,2020-M004,Acapulco,R32,201539,Christina Mchale,201616,Lauren Davis,tournament_rank_unique,False,
tennis_data_uk,wta,2020,10,Abierto Mexicano,Acapulco,2020-02-26,international,True,clay,R32,32,3,Dolehide C.,Arconada U.M.,139,132,440.0,464.0,2,0,6,2,6,2,,,,,,,completed,1.53,2.37,1.52,2.7,1.58,4.5,1.52,2.55,2020_10_acapulco_abierto_mexicano,2020_10_acapulco_abierto_mexicano_2020-02-26_R32_dolehide_c_arconada_u_m,2020-M004_275,1002,2020-M004,Acapulco,R32,214452,Caroline Dolehide,213672,Usue Maitane Arconada,tournament_rank_unique,False,
tennis_data_uk,wta,2020,10,Abierto Mexicano,Acapulco,2020-02-26,international,True,clay,R16,16,3,Zhu L.,Boulter K.,77,394,785.0,110.0,2,0,7,6,7,5,,,,,,,completed,1.44,2.62,1.57,2.58,1.57,2.71,1.53,2.48,2020_10_acapulco_abierto_mexicano,2020_10_acapulco_abierto_mexicano_2020-02-26_R16_zhu_l_boulter_k,2020-M004_287,1002,2020-M004,Acapulco,R16,202684,Lin Zhu,211107,Katie Boulter,tournament_rank_unique,False,
tennis_data_uk,wta,2020,10,Abierto Mexicano,Acapulco,2020-02-26,international,True,clay,R16,16,3,Watson H.,Bondarenko K.,69,494,844.0,77.0,2,0,7,6,6,2,,,,,,,completed,1.36,3.0,1.37,3.38,1.41,3.4,1.36,3.11,2020_10_acapulco_abierto_mexicano,2020_10_acapulco_abierto_mexicano_2020-02-26_R16_watson_h_bondarenko_k,2020-M004_289,1002,2020-M004,Acapulco,R16,201586,Heather Watson,201435,Kateryna Bondarenko,tournament_rank_unique,False,
tennis_data_uk,wta,2020,10,Abierto Mexicano,Acapulco,2020-02-26,international,True,clay,R16,16,3,Zidansek T.,Juvan K.,74,125,790.0,510.0,2,0,6,2,6,2,,,,,,,completed,2.37,1.53,2.52,1.59,2.6,1.61,2.49,1.52,2020_10_acapulco_abierto_mexicano,2020_10_acapulco_abierto_mexicano_2020-02-26_R16_zidansek_t_juvan_k,2020-M004_292,1002,2020-M004,Acapulco,R16,214461,Tamara Zidansek,215219,Kaja Juvan,tournament_rank_unique,False,
tennis_data_uk,wta,2020,10,Abierto Mexicano,Acapulco,2020-02-26,international,True,clay,R16,16,3,Wang Xiy.,Errani S.,127,185,506.0,321.0,2,1,7,5,6,7,6,1,,,,,completed,1.4,2.75,1.43,3.06,1.45,3.06,1.4,2.89,2020_10_acapulco_abierto_mexicano,2020_10_acapulco_abierto_mexicano_2020-02-26_R16_wang_xiy_errani_s,2020-M004_286,1002,2020-M004,Acapulco,R16,216016,Xiyu Wang,201506,Sara Errani,tournament_rank_unique,False,
tennis_data_uk,wta,2020,10,Abierto Mexicano,Acapulco,2020-02-26,international,True,clay,R16,16,3,Potapova A.,Maria T.,97,90,666.0,701.0,2,0,6,3,6,3,,,,,,,completed,1.4,2.75,1.43,3.09,1.51,3.09,1.42,2.82,2020_10_acapulco_abierto_mexicano,2020_10_acapulco_abierto_mexicano_2020-02-26_R16_potapova_a_maria_t,2020-M004_291,1002,2020-M004,Acapulco,R16,215713,Anastasia Potapova,213583,Tatjana Maria,tournament_rank_unique,False,
tennis_data_uk,wta,2020,10,Abierto Mexicano,Acapulco,2020-02-27,international,True,clay,R16,16,3,Fernandez L.A.,Hibino N.,190,71,313.0,821.0,2,0,6,3,6,0,,,,,,,completed,2.0,1.72,1.93,1.97,2.1,1.97,1.97,1.82,2020_10_acapulco_abierto_mexicano,2020_10_acapulco_abierto_mexicano_2020-02-27_R16_fernandez_l_a_hibino_n,2020-M004_290,1002,2020-M004,Acapulco,R16,220367,Leylah Fernandez,211702,Nao Hibino,tournament_rank_unique,False,
tennis_data_uk,wta,2020,10,Abierto Mexicano,Acapulco,2020-02-27,international,True,clay,R16,16,3,Zarazua R.,Volynets K.,270,384,216.0,115.0,2,1,4,6,7,5,6,0,,,,,completed,1.9,1.8,1.99,1.92,1.99,1.96,1.92,1.86,2020_10_acapulco_abierto_mexicano,2020_10_acapulco_abierto_mexicano_2020-02-27_R16_zarazua_r_volynets_k,2020-M004_293,1002,2020-M004,Acapulco,R16,213887,Renata Zarazua,220465,Katie Volynets,tournament_rank_unique,False,
tennis_data_uk,wta,2020,10,Abierto Mexicano,Acapulco,2020-02-27,international,True,clay,R16,16,3,Mchale C.,Dolehide C.,86,139,725.0,440.0,2,1,5,7,6,4,6,3,,,,,completed,1.8,1.9,2.09,1.83,2.09,2.0,1.93,1.85,2020_10_acapulco_abierto_mexicano,2020_10_acapulco_abierto_mexicano_2020-02-27_R16_mchale_c_dolehide_c,2020-M004_288,1002,2020-M004,Acapulco,R16,201539,Christina Mchale,214452,Caroline Dolehide,tournament_rank_unique,False,
tennis_data_uk,wta,2020,10,Abierto Mexicano,Acapulco,2020-02-27,international,True,clay,QF,8,3,Wang Xiy.,Zhu L.,127,77,506.0,785.0,2,0,6,2,6,2,,,,,,,completed,1.8,2.0,1.83,2.12,1.87,2.1,1.78,2.02,2020_10_acapulco_abierto_mexicano,2020_10_acapulco_abierto_mexicano_2020-02-27_QF_wang_xiy_zhu_l,2020-M004_294,1002,2020-M004,Acapulco,QF,216016,Xiyu Wang,202684,Lin Zhu,tournament_rank_unique,False,
tennis_data_uk,wta,2020,10,Abierto Mexicano,Acapulco,2020-02-28,international,True,clay,QF,8,3,Watson H.,Mchale C.,69,86,844.0,725.0,2,1,6,3,1,6,6,1,,,,,completed,1.9,1.9,1.9,2.02,1.92,3.03,1.84,1.97,2020_10_acapulco_abierto_mexicano,2020_10_acapulco_abierto_mexicano_2020-02-28_QF_watson_h_mchale_c,2020-M004_295,1002,2020-M004,Acapulco,QF,201586,Heather Watson,201539,Christina Mchale,tournament_rank_unique,False,
tennis_data_uk,wta,2020,10,Abierto Mexicano,Acapulco,2020-02-28,international,True,clay,QF,8,3,Zarazua R.,Zidansek T.,270,74,216.0,790.0,2,1,6,2,3,6,6,2,,,,,completed,3.0,1.4,3.11,1.43,3.25,1.43,3.04,1.37,2020_10_acapulco_abierto_mexicano,2020_10_acapulco_abierto_mexicano_2020-02-28_QF_zarazua_r_zidansek_t,2020-M004_297,1002,2020-M004,Acapulco,QF,213887,Renata Zarazua,214461,Tamara Zidansek,tournament_rank_unique,False,
tennis_data_uk,wta,2020,10,Abierto Mexicano,Acapulco,2020-02-28,international,True,clay,QF,8,3,Fernandez L.A.,Potapova A.,190,97,313.0,666.0,2,0,6,3,7,5,,,,,,,completed,1.9,1.9,1.98,1.93,1.98,2.0,1.89,1.89,2020_10_acapulco_abierto_mexicano,2020_10_acapulco_abierto_mexicano_2020-02-28_QF_fernandez_l_a_potapova_a,2020-M004_296,1002,2020-M004,Acapulco,QF,220367,Leylah Fernandez,215713,Anastasia Potapova,tournament_rank_unique,False,
tennis_data_uk,wta,2020,10,Abierto Mexicano,Acapulco,2020-02-28,international,True,clay,SF,4,3,Watson H.,Wang Xiy.,69,127,844.0,506.0,2,0,6,4,7,6,,,,,,,completed,2.0,1.8,2.04,1.88,2.15,1.88,2.07,1.75,2020_10_acapulco_abierto_mexicano,2020_10_acapulco_abierto_mexicano_2020-02-28_SF_watson_h_wang_xiy,2020-M004_298,1002,2020-M004,Acapulco,SF,201586,Heather Watson,216016,Xiyu Wang,tournament_rank_unique,False,
tennis_data_uk,wta,2020,10,Abierto Mexicano,Acapulco,2020-02-29,international,True,clay,SF,4,3,Fernandez L.A.,Zarazua R.,190,270,313.0,216.0,2,0,6,3,6,3,,,,,,,completed,1.28,3.75,1.32,3.8,1.33,3.95,1.28,3.63,2020_10_acapulco_abierto_mexicano,2020_10_acapulco_abierto_mexicano_2020-02-29_SF_fernandez_l_a_zarazua_r,2020-M004_299,1002,2020-M004,Acapulco,SF,220367,Leylah Fernandez,213887,Renata Zarazua,tournament_rank_unique,False,
tennis_data_uk,wta,2020,10,Abierto Mexicano,Acapulco,2020-03-01,international,True,clay,F,2,3,Watson H.,Fernandez L.A.,69,190,844.0,313.0,2,1,6,4,6,7,6,1,,,,,completed,2.0,1.8,2.05,1.88,2.05,1.88,1.99,1.81,2020_10_acapulco_abierto_mexicano,2020_10_acapulco_abierto_mexicano_2020-03-01_F_watson_h_fernandez_l_a,2020-M004_300,1002,2020-M004,Acapulco,F,201586,Heather Watson,220367,Leylah Fernandez,tournament_rank_unique,False,
tennis_data_uk,wta,2020,11,Qatar Total Open,Doha,2020-02-23,premier,True,hard,R64,64,3,Mertens E.,Wang Q.,23,28,1950.0,1733.0,2,0,6,1,6,2,,,,,,,completed,1.28,3.5,1.34,3.54,1.36,3.7,1.31,3.39,2020_11_doha_qatar_total_open,2020_11_doha_qatar_total_open_2020-02-23_R64_mertens_e_wang_q,2020-1003_249,1003,2020-1003,Doha,R64,210722,Elise Mertens,202492,Qiang Wang,tournament_rank_unique,False,
tennis_data_uk,wta,2020,11,Qatar Total Open,Doha,2020-02-23,premier,True,hard,R64,64,3,Kudermetova V.,Mladenovic K.,38,39,1373.0,1335.0,2,1,7,6,0,6,6,3,,,,,completed,1.72,2.0,1.81,2.1,1.82,2.41,1.74,2.07,2020_11_doha_qatar_total_open,2020_11_doha_qatar_total_open_2020-02-23_R64_kudermetova_v_mladenovic_k,2020-1003_247,1003,2020-1003,Doha,R64,206368,Veronika Kudermetova,201540,Kristina Mladenovic,tournament_rank_unique,False,
tennis_data_uk,wta,2020,11,Qatar Total Open,Doha,2020-02-23,premier,True,hard,R64,64,3,Siegemund L.,Shvedova Y.,68,,845.0,,2,0,6,3,6,2,,,,,,,completed,1.11,6.5,1.12,7.29,1.14,7.5,1.11,6.43,2020_11_doha_qatar_total_open,2020_11_doha_qatar_total_open_2020-02-23_R64_siegemund_l_shvedova_y,2020-1003_268,1003,2020-1003,Doha,R64,201696,Laura Siegemund,201468,Yaroslava Shvedova,tournament_round_name_pair,False,missing_rank
tennis_data_uk,wta,2020,11,Qatar Total Open,Doha,2020-02-23,premier,True,hard,R64,64,3,Kuznetsova S.,Buyukakcay C.,46,172,1178.0,344.0,2,0,6,2,6,2,,,,,,,completed,1.14,5.5,1.14,6.44,1.17,6.44,1.14,5.46,2020_11_doha_qatar_total_open,2020_11_doha_qatar_total_open_2020-02-23_R64_kuznetsova_s_buyukakcay_c,2020-1003_251,1003,2020-1003,Doha,R64,201320,Svetlana Kuznetsova,201666,Cagla Buyukakcay,tournament_rank_unique,False,
tennis_data_uk,wta,2020,11,Qatar Total Open,Doha,2020-02-23,premier,True,hard,R64,64,3,Muchova K.,Linette M.,27,33,1753.0,1472.0,2,0,6,3,6,1,,,,,,,completed,1.8,1.9,1.8,2.11,2.0,2.11,1.83,1.95,2020_11_doha_qatar_total_open,2020_11_doha_qatar_total_open_2020-02-23_R64_muchova_k_linette_m,2020-1003_244,1003,2020-1003,Doha,R64,214096,Karolina Muchova,202663,Magda Linette,tournament_rank_unique,False,
tennis_data_uk,wta,2020,11,Qatar Total Open,Doha,2020-02-23,premier,True,hard,R64,64,3,Tomljanovic A.,Hon P.,54,130,1030.0,471.0,2,0,6,2,6,4,,,,,,,completed,1.25,3.75,1.34,3.51,1.35,3.75,1.3,3.45,2020_11_doha_qatar_total_open,2020_11_doha_qatar_total_open_2020-02-23_R64_tomljanovic_a_hon_p,2020-1003_264,1003,2020-1003,Doha,R64,201548,Ajla Tomljanovic,211880,Priscilla Hon,tournament_rank_unique,False,
tennis_data_uk,wta,2020,11,Qatar Total Open,Doha,2020-02-23,premier,True,hard,R64,64,3,Muguruza G.,Kasatkina D.,16,73,2522.0,803.0,2,1,7,5,5,7,6,3,,,,,completed,1.3,3.4,1.34,3.51,1.38,3.6,1.32,3.34,2020_11_doha_qatar_total_open,2020_11_doha_qatar_total_open_2020-02-23_R64_muguruza_g_kasatkina_d,2020-1003_265,1003,2020-1003,Doha,R64,202469,Garbine Muguruza,214082,Daria Kasatkina,tournament_rank_unique,False,
tennis_data_uk,wta,2020,11,Qatar Total Open,Doha,2020-02-23,premier,True,hard,R64,64,3,Pera B.,Garcia C.,63,47,913.0,1145.0,2,0,6,3,6,1,,,,,,,completed,1.8,1.9,1.76,2.18,1.85,2.2,1.75,2.05,2020_11_doha_qatar_total_open,2020_11_doha_qatar_total_open_2020-02-23_R64_pera_b_garcia_c,2020-1003_260,1003,2020-1003,Doha,R64,211095,Bernarda Pera,201614,Caroline Garcia,tournament_rank_unique,False,
tennis_data_uk,wta,2020,11,Qatar Total Open,Doha,2020-02-23,premier,True,hard,R64,64,3,Van Uytvanck A.,Hercog P.,62,42,925.0,1205.0,2,0,6,2,6,2,,,,,,,completed,1.66,2.1,1.72,2.23,1.74,2.25,1.68,2.16,2020_11_doha_qatar_total_open,2020_11_doha_qatar_total_open_2020-02-23_R64_van_uytvanck_a_hercog_p,2020-1003_267,1003,2020-1003,Doha,R64,202421,Alison Van Uytvanck,201555,Polona Hercog,tournament_rank_unique,False,
tennis_data_uk,wta,2020,11,Qatar Total Open,Doha,2020-02-23,premier,True,hard,R64,64,3,Anisimova A.,Alexandrova E.,29,26,1613.0,1775.0,2,0,6,3,7,6,,,,,,,completed,2.5,1.5,2.51,1.58,2.55,1.62,2.41,1.56,2020_11_doha_qatar_total_open,2020_11_doha_qatar_total_open_2020-02-23_R64_anisimova_a_alexandrova_e,2020-1003_252,1003,2020-1003,Doha,R64,216153,Amanda Anisimova,206420,Ekaterina Alexandrova,tournament_rank_unique,False,
tennis_data_uk,wta,2020,11,Qatar Total Open,Doha,2020-02-23,premier,True,hard,R64,64,3,Jabeur O.,Siniakova K.,44,55,1185.0,1016.0,2,0,6,3,6,2,,,,,,,completed,1.72,2.0,1.84,2.05,2.01,2.15,1.78,2.02,2020_11_doha_qatar_total_open,2020_11_doha_qatar_total_open_2020-02-23_R64_jabeur_o_siniakova_k,2020-1003_259,1003,2020-1003,Doha,R64,202460,Ons Jabeur,211701,Katerina Siniakova,tournament_rank_unique,False,
tennis_data_uk,wta,2020,11,Qatar Total Open,Doha,2020-02-23,premier,True,hard,R64,64,3,Ostapenko J.,Teichmann J.,41,66,1256.0,867.0,2,1,7,5,2,6,7,5,,,,,completed,1.53,2.37,1.56,2.56,1.61,2.64,1.54,2.45,2020_11_doha_qatar_total_open,2020_11_doha_qatar_total_open_2020-02-23_R64_ostapenko_j_teichmann_j,2020-1003_256,1003,2020-1003,Doha,R64,211533,Jelena Ostapenko,213525,Jil Teichmann,tournament_rank_unique,False,
tennis_data_uk,wta,2020,11,Qatar Total Open,Doha,2020-02-24,premier,True,hard,R64,64,3,Suarez Navarro C.,Zhang S.,70,31,822.0,1475.0,2,0,7,5,6,0,,,,,,,completed,2.1,1.66,2.25,1.71,2.25,1.74,2.16,1.68,2020_11_doha_qatar_total_open,2020_11_doha_qatar_total_open_2020-02-24_R64_suarez_navarro_c_zhang_s,2020-1003_255,1003,2020-1003,Doha,R64,201521,Carla Suarez Navarro,201533,Shuai Zhang,tournament_rank_unique,False,
tennis_data_uk,wta,2020,11,Qatar Total Open,Doha,2020-02-24,premier,True,hard,R64,64,3,Sakkari M.,Goerges J.,20,36,2085.0,1423.0,2,0,6,4,6,3,,,,,,,completed,1.8,1.9,1.81,2.09,1.86,2.15,1.76,2.04,2020_11_doha_qatar_total_open,2020_11_doha_qatar_total_open_2020-02-24_R64_sakkari_m_goerges_j,2020-1003_241,1003,2020-1003,Doha,R64,206289,Maria Sakkari,201504,Julia Goerges,tournament_rank_unique,False,
tennis_data_uk,wta,2020,11,Qatar Total Open,Doha,2020-02-24,premier,True,hard,R64,64,3,Kontaveit A.,Sevastova A.,22,40,1980.0,1288.0,2,0,6,4,7,6,,,,,,,completed,1.33,3.25,1.38,3.3,1.42,3.56,1.34,3.23,2020_11_doha_qatar_total_open,2020_11_doha_qatar_total_open_2020-02-24_R64_kontaveit_a_sevastova_a,2020-1003_239,1003,2020-1003,Doha,R64,204426,Anett Kontaveit,201545,Anastasija Sevastova,tournament_rank_unique,False,
tennis_data_uk,wta,2020,11,Qatar Total Open,Doha,2020-02-24,premier,True,hard,R64,64,3,Martincova T.,Doi M.,157,89,393.0,705.0,2,1,6,2,3,6,6,2,,,,,completed,1.53,2.37,1.57,2.54,1.65,2.54,1.58,2.35,2020_11_doha_qatar_total_open,2020_11_doha_qatar_total_open_2020-02-24_R64_martincova_t_doi_m,2020-1003_240,1003,2020-1003,Doha,R64,206124,Tereza Martincova,201595,Misaki Doi,tournament_rank_unique,False,
tennis_data_uk,wta,2020,11,Qatar Total Open,Doha,2020-02-24,premier,True,hard,R64,64,3,Strycova B.,Martic P.,34,14,1471.0,2770.0,2,1,4,6,6,1,6,2,,,,,completed,3.25,1.33,3.33,1.37,3.6,1.37,3.25,1.34,2020_11_doha_qatar_total_open,2020_11_doha_qatar_total_open_2020-02-24_R64_strycova_b_martic_p,2020-1003_257,1003,2020-1003,Doha,R64,201366,Barbora Strycova,201549,Petra Martic,tournament_rank_unique,False,
tennis_data_uk,wta,2020,11,Qatar Total Open,Doha,2020-02-24,premier,True,hard,R64,64,3,Zheng S.,Vondrousova M.,37,18,1380.0,2306.0,2,1,1,6,6,3,6,2,,,,,completed,3.5,1.28,3.49,1.35,3.78,1.35,3.43,1.3,2020_11_doha_qatar_total_open,2020_11_doha_qatar_total_open_2020-02-24_R64_zheng_s_vondrousova_m,2020-1003_242,1003,2020-1003,Doha,R64,202453,Saisai Zheng,214954,Marketa Vondrousova,tournament_rank_unique,False,
tennis_data_uk,wta,2020,11,Qatar Total Open,Doha,2020-02-24,premier,True,hard,R64,64,3,Putintseva Y.,Babos T.,32,98,1475.0,660.0,2,0,6,3,6,4,,,,,,,completed,1.3,3.4,1.29,3.84,1.35,3.84,1.32,3.33,2020_11_doha_qatar_total_open,2020_11_doha_qatar_total_open_2020-02-24_R64_putintseva_y_babos_t,2020-1003_248,1003,2020-1003,Doha,R64,201709,Yulia Putintseva,201693,Timea Babos,tournament_rank_unique,False,
tennis_data_uk,wta,2020,11,Qatar Total Open,Doha,2020-02-24,premier,True,hard,R64,64,3,Zvonareva V.,Hsieh S.W.,424,53,98.0,1035.0,2,0,6,4,6,4,,,,,,,completed,2.62,1.44,3.03,1.43,3.03,1.55,2.74,1.44,2020_11_doha_qatar_total_open,2020_11_doha_qatar_total_open_2020-02-24_R64_zvonareva_v_hsieh_s_w,2020-1003_243,1003,2020-1003,Doha,R64,201329,Vera Zvonareva,201444,Su Wei Hsieh,tournament_rank_unique,False,
tennis_data_uk,wta,2020,11,Qatar Total Open,Doha,2020-02-24,premier,True,hard,R64,64,3,Swiatek I.,Vekic D.,50,24,1079.0,1935.0,2,0,6,4,7,5,,,,,,,completed,1.72,2.0,1.82,2.08,1.82,2.2,1.73,2.09,2020_11_doha_qatar_total_open,2020_11_doha_qatar_total_open_2020-02-24_R64_swiatek_i_vekic_d,2020-1003_250,1003,2020-1003,Doha,R64,216347,Iga Swiatek,202499,Donna Vekic,tournament_rank_unique,False,
tennis_data_uk,wta,2020,11,Qatar Total Open,Doha,2020-02-24,premier,True,hard,R64,64,3,Yastremska D.,Flipkens K.,25,78,1785.0,772.0,2,0,6,2,6,4,,,,,,,completed,1.25,3.75,1.31,3.77,1.32,3.8,1.28,3.59,2020_11_doha_qatar_total_open,2020_11_doha_qatar_total_open_2020-02-24_R64_yastremska_d_flipkens_k,2020-1003_263,1003,2020-1003,Doha,R64,215035,Dayana Yastremska,201465,Kirsten Flipkens,tournament_rank_unique,False,
tennis_data_uk,wta,2020,11,Qatar Total Open,Doha,2020-02-24,premier,True,hard,R64,64,3,Brady J.,Riske A.,45,19,1179.0,2270.0,2,1,7,6,1,6,7,6,,,,,completed,2.1,1.66,2.07,1.83,2.17,1.84,2.05,1.76,2020_11_doha_qatar_total_open,2020_11_doha_qatar_total_open_2020-02-24_R64_brady_j_riske_a,2020-1003_258,1003,2020-1003,Doha,R64,206108,Jennifer Brady,201590,Alison Riske Amritraj,tournament_rank_unique,False,
tennis_data_uk,wta,2020,11,Qatar Total Open,Doha,2020-02-24,premier,True,hard,R64,64,3,Rybakina E.,Cirstea S.,17,72,2416.0,820.0,2,1,3,6,6,3,6,1,,,,,completed,1.44,2.62,1.4,3.2,1.49,3.35,1.4,2.91,2020_11_doha_qatar_total_open,2020_11_doha_qatar_total_open_2020-02-24_R64_rybakina_e_cirstea_s,2020-1003_266,1003,2020-1003,Doha,R64,214981,Elena Rybakina,201514,Sorana Cirstea,tournament_rank_unique,False,
tennis_data_uk,wta,2020,11,Qatar Total Open,Doha,2020-02-24,premier,True,hard,R32,32,3,Bertens K.,Muchova K.,6,27,4335.0,1753.0,2,0,6,2,6,4,,,,,,,completed,1.4,2.75,1.47,2.91,1.48,2.92,1.43,2.77,2020_11_doha_qatar_total_open,2020_11_doha_qatar_total_open_2020-02-24_R32_bertens_k_muchova_k,2020-1003_273,1003,2020-1003,Doha,R32,202428,Kiki Bertens,214096,Karolina Muchova,tournament_rank_unique,False,
tennis_data_uk,wta,2020,11,Qatar Total Open,Doha,2020-02-24,premier,True,hard,R32,32,3,Anisimova A.,Svitolina E.,29,7,1613.0,4301.0,2,0,6,3,6,3,,,,,,,completed,2.0,1.72,2.23,1.74,2.26,1.81,2.05,1.76,2020_11_doha_qatar_total_open,2020_11_doha_qatar_total_open_2020-02-24_R32_anisimova_a_svitolina_e,2020-1003_277,1003,2020-1003,Doha,R32,216153,Amanda Anisimova,202494,Elina Svitolina,tournament_rank_unique,False,
tennis_data_uk,wta,2020,11,Qatar Total Open,Doha,2020-02-25,premier,True,hard,R32,32,3,Sabalenka A.,Kontaveit A.,13,22,2815.0,1980.0,2,1,7,5,2,6,7,5,,,,,completed,1.5,2.5,1.56,2.59,1.59,2.61,1.54,2.45,2020_11_doha_qatar_total_open,2020_11_doha_qatar_total_open_2020-02-25_R32_sabalenka_a_kontaveit_a,2020-1003_270,1003,2020-1003,Doha,R32,214544,Aryna Sabalenka,204426,Anett Kontaveit,tournament_rank_unique,False,
tennis_data_uk,wta,2020,11,Qatar Total Open,Doha,2020-02-25,premier,True,hard,R32,32,3,Ostapenko J.,Strycova B.,41,34,1256.0,1471.0,2,0,6,1,6,2,,,,,,,completed,1.66,2.1,1.77,2.18,1.82,2.35,1.72,2.1,2020_11_doha_qatar_total_open,2020_11_doha_qatar_total_open_2020-02-25_R32_ostapenko_j_strycova_b,2020-1003_279,1003,2020-1003,Doha,R32,211533,Jelena Ostapenko,201366,Barbora Strycova,tournament_rank_unique,False,
tennis_data_uk,wta,2020,11,Qatar Total Open,Doha,2020-02-25,premier,True,hard,R32,32,3,Zheng S.,Zvonareva V.,37,424,1380.0,98.0,2,0,7,5,6,1,,,,,,,completed,1.53,2.37,1.56,2.6,1.62,2.66,1.53,2.5,2020_11_doha_qatar_total_open,2020_11_doha_qatar_total_open_2020-02-25_R32_zheng_s_zvonareva_v,2020-1003_272,1003,2020-1003,Doha,R32,202453,Saisai Zheng,201329,Vera Zvonareva,tournament_rank_unique,False,
tennis_data_uk,wta,2020,11,Qatar Total Open,Doha,2020-02-25,premier,True,hard,R32,32,3,Kuznetsova S.,Swiatek I.,46,50,1178.0,1079.0,2,0,6,2,6,2,,,,,,,completed,2.5,1.5,2.43,1.63,2.51,1.63,2.4,1.56,2020_11_doha_qatar_total_open,2020_11_doha_qatar_total_open_2020-02-25_R32_kuznetsova_s_swiatek_i,2020-1003_276,1003,2020-1003,Doha,R32,201320,Svetlana Kuznetsova,216347,Iga Swiatek,tournament_rank_unique,False,
tennis_data_uk,wta,2020,11,Qatar Total Open,Doha,2020-02-25,premier,True,hard,R32,32,3,Kvitova P.,Suarez Navarro C.,11,70,2981.0,822.0,2,1,4,6,6,3,6,0,,,,,completed,1.3,3.4,1.35,3.55,1.41,3.55,1.35,3.19,2020_11_doha_qatar_total_open,2020_11_doha_qatar_total_open_2020-02-25_R32_kvitova_p_suarez_navarro_c,2020-1003_278,1003,2020-1003,Doha,R32,201520,Petra Kvitova,201521,Carla Suarez Navarro,tournament_rank_unique,False,
tennis_data_uk,wta,2020,11,Qatar Total Open,Doha,2020-02-25,premier,True,hard,R32,32,3,Yastremska D.,Kenin S.,25,5,1785.0,4490.0,2,0,6,3,7,6,,,,,,,completed,2.1,1.66,2.28,1.71,2.3,1.77,2.18,1.67,2020_11_doha_qatar_total_open,2020_11_doha_qatar_total_open_2020-02-25_R32_yastremska_d_kenin_s,2020-1003_282,1003,2020-1003,Doha,R32,215035,Dayana Yastremska,213550,Sofia Kenin,tournament_rank_unique,False,
tennis_data_uk,wta,2020,11,Qatar Total Open,Doha,2020-02-25,premier,True,hard,R32,32,3,Putintseva Y.,Mertens E.,32,23,1475.0,1950.0,2,1,4,6,6,3,6,2,,,,,completed,3.75,1.25,4.42,1.25,4.9,1.31,3.9,1.25,2020_11_doha_qatar_total_open,2020_11_doha_qatar_total_open_2020-02-25_R32_putintseva_y_mertens_e,2020-1003_275,1003,2020-1003,Doha,R32,201709,Yulia Putintseva,210722,Elise Mertens,tournament_rank_unique,False,
tennis_data_uk,wta,2020,11,Qatar Total Open,Doha,2020-02-25,premier,True,hard,R32,32,3,Bencic B.,Kudermetova V.,9,38,3875.0,1373.0,2,1,6,4,4,6,7,6,,,,,completed,1.53,2.37,1.65,2.4,1.65,2.47,1.59,2.34,2020_11_doha_qatar_total_open,2020_11_doha_qatar_total_open_2020-02-25_R32_bencic_b_kudermetova_v,2020-1003_274,1003,2020-1003,Doha,R32,202505,Belinda Bencic,206368,Veronika Kudermetova,tournament_rank_unique,False,
tennis_data_uk,wta,2020,11,Qatar Total Open,Doha,2020-02-25,premier,True,hard,R32,32,3,Barty A.,Siegemund L.,1,68,8367.0,845.0,2,0,6,3,6,2,,,,,,,completed,1.14,5.5,1.2,5.16,1.2,5.8,1.17,5.04,2020_11_doha_qatar_total_open,2020_11_doha_qatar_total_open_2020-02-25_R32_barty_a_siegemund_l,2020-1003_285,1003,2020-1003,Doha,R32,202458,Ashleigh Barty,201696,Laura Siegemund,tournament_rank_unique,False,
tennis_data_uk,wta,2020,11,Qatar Total Open,Doha,2020-02-25,premier,True,hard,R32,32,3,Rybakina E.,Van Uytvanck A.,17,62,2416.0,925.0,2,1,5,7,6,2,7,6,,,,,completed,1.36,3.0,1.44,3.03,1.44,3.1,1.39,2.94,2020_11_doha_qatar_total_open,2020_11_doha_qatar_total_open_2020-02-25_R32_rybakina_e_van_uytvanck_a,2020-1003_284,1003,2020-1003,Doha,R32,214981,Elena Rybakina,202421,Alison Van Uytvanck,tournament_rank_unique,False,
tennis_data_uk,wta,2020,11,Qatar Total Open,Doha,2020-02-25,premier,True,hard,R32,32,3,Pliskova Ka.,Pera B.,3,63,5200.0,913.0,2,0,6,3,6,0,,,,,,,completed,1.2,4.33,1.25,4.49,1.25,4.5,1.22,4.19,2020_11_doha_qatar_total_open,2020_11_doha_qatar_total_open_2020-02-25_R32_pliskova_ka_pera_b,2020-1003_281,1003,2020-1003,Doha,R32,201662,Karolina Pliskova,211095,Bernarda Pera,tournament_rank_unique,False,
tennis_data_uk,wta,2020,11,Qatar Total Open,Doha,2020-02-25,premier,True,hard,R32,32,3,Muguruza G.,Tomljanovic A.,16,54,2522.0,1030.0,2,0,6,1,6,2,,,,,,,completed,1.4,2.75,1.47,2.89,1.47,2.93,1.42,2.8,2020_11_doha_qatar_total_open,2020_11_doha_qatar_total_open_2020-02-25_R32_muguruza_g_tomljanovic_a,2020-1003_283,1003,2020-1003,Doha,R32,202469,Garbine Muguruza,201548,Ajla Tomljanovic,tournament_rank_unique,False,
tennis_data_uk,wta,2020,11,Qatar Total Open,Doha,2020-02-25,premier,True,hard,R32,32,3,Jabeur O.,Brady J.,44,45,1185.0,1179.0,2,0,6,4,6,3,,,,,,,completed,1.66,2.1,1.69,2.31,1.81,2.33,1.66,2.2,2020_11_doha_qatar_total_open,2020_11_doha_qatar_total_open_2020-02-25_R32_jabeur_o_brady_j,2020-1003_280,1003,2020-1003,Doha,R32,202460,Ons Jabeur,206108,Jennifer Brady,tournament_rank_unique,False,
tennis_data_uk,wta,2020,11,Qatar Total Open,Doha,2020-02-25,premier,True,hard,R32,32,3,Sakkari M.,Martincova T.,20,157,2085.0,393.0,2,1,3,6,7,6,6,0,,,,,completed,1.2,4.33,1.23,4.76,1.25,4.76,1.21,4.33,2020_11_doha_qatar_total_open,2020_11_doha_qatar_total_open_2020-02-25_R32_sakkari_m_martincova_t,2020-1003_271,1003,2020-1003,Doha,R32,206289,Maria Sakkari,206124,Tereza Martincova,tournament_rank_unique,False,
tennis_data_uk,wta,2020,11,Qatar Total Open,Doha,2020-02-26,premier,True,hard,R16,16,3,Barty A.,Rybakina E.,1,17,8367.0,2416.0,,,,,,,,,,,,,walkover,1.36,3.2,1.34,3.5,1.38,3.5,1.34,3.3,2020_11_doha_qatar_total_open,2020_11_doha_qatar_total_open_2020-02-26_R16_barty_a_rybakina_e,2020-1003_293,1003,2020-1003,Doha,R16,202458,Ashleigh Barty,214981,Elena Rybakina,tournament_rank_unique,False,
tennis_data_uk,wta,2020,11,Qatar Total Open,Doha,2020-02-26,premier,True,hard,R16,16,3,Kvitova P.,Ostapenko J.,11,41,2981.0,1256.0,2,1,6,2,5,7,6,1,,,,,completed,1.4,3.0,1.41,3.16,1.45,3.16,1.39,2.96,2020_11_doha_qatar_total_open,2020_11_doha_qatar_total_open_2020-02-26_R16_kvitova_p_ostapenko_j,2020-1003_290,1003,2020-1003,Doha,R16,201520,Petra Kvitova,211533,Jelena Ostapenko,tournament_rank_unique,False,
tennis_data_uk,wta,2020,11,Qatar Total Open,Doha,2020-02-26,premier,True,hard,R16,16,3,Kuznetsova S.,Anisimova A.,46,29,1178.0,1613.0,,,,,,,,,,,,,walkover,2.3,1.61,2.3,1.69,2.33,1.69,2.23,1.64,2020_11_doha_qatar_total_open,2020_11_doha_qatar_total_open_2020-02-26_R16_kuznetsova_s_anisimova_a,2020-1003_289,1003,2020-1003,Doha,R16,201320,Svetlana Kuznetsova,216153,Amanda Anisimova,tournament_rank_unique,False,
tennis_data_uk,wta,2020,11,Qatar Total Open,Doha,2020-02-26,premier,True,hard,R16,16,3,Zheng S.,Bertens K.,37,6,1380.0,4335.0,2,1,3,6,6,3,6,4,,,,,completed,4.0,1.25,4.34,1.26,4.5,1.33,4.06,1.23,2020_11_doha_qatar_total_open,2020_11_doha_qatar_total_open_2020-02-26_R16_zheng_s_bertens_k,2020-1003_287,1003,2020-1003,Doha,R16,202453,Saisai Zheng,202428,Kiki Bertens,tournament_rank_unique,False,
tennis_data_uk,wta,2020,11,Qatar Total Open,Doha,2020-02-26,premier,True,hard,R16,16,3,Sabalenka A.,Sakkari M.,13,20,2815.0,2085.0,2,0,6,3,6,0,,,,,,,completed,1.44,2.75,1.52,2.73,1.53,2.75,1.47,2.65,2020_11_doha_qatar_total_open,2020_11_doha_qatar_total_open_2020-02-26_R16_sabalenka_a_sakkari_m,2020-1003_286,1003,2020-1003,Doha,R16,214544,Aryna Sabalenka,206289,Maria Sakkari,tournament_rank_unique,False,
tennis_data_uk,wta,2020,11,Qatar Total Open,Doha,2020-02-26,premier,True,hard,R16,16,3,Bencic B.,Putintseva Y.,9,32,3875.0,1475.0,2,0,6,4,6,3,,,,,,,completed,1.8,2.0,1.88,2.03,1.88,2.17,1.79,2.01,2020_11_doha_qatar_total_open,2020_11_doha_qatar_total_open_2020-02-26_R16_bencic_b_putintseva_y,2020-1003_288,1003,2020-1003,Doha,R16,202505,Belinda Bencic,201709,Yulia Putintseva,tournament_rank_unique,False,
tennis_data_uk,wta,2020,11,Qatar Total Open,Doha,2020-02-26,premier,True,hard,R16,16,3,Jabeur O.,Pliskova Ka.,44,3,1185.0,5200.0,2,1,6,4,3,6,6,3,,,,,completed,2.75,1.44,2.86,1.48,2.9,1.49,2.75,1.44,2020_11_doha_qatar_total_open,2020_11_doha_qatar_total_open_2020-02-26_R16_jabeur_o_pliskova_ka,2020-1003_291,1003,2020-1003,Doha,R16,202460,Ons Jabeur,201662,Karolina Pliskova,tournament_rank_unique,False,
tennis_data_uk,wta,2020,11,Qatar Total Open,Doha,2020-02-26,premier,True,hard,R16,16,3,Muguruza G.,Yastremska D.,16,25,2522.0,1785.0,2,0,6,2,6,4,,,,,,,completed,1.72,2.1,1.82,2.1,1.95,2.12,1.78,2.02,2020_11_doha_qatar_total_open,2020_11_doha_qatar_total_open_2020-02-26_R16_muguruza_g_yastremska_d,2020-1003_292,1003,2020-1003,Doha,R16,202469,Garbine Muguruza,215035,Dayana Yastremska,tournament_rank_unique,False,
tennis_data_uk,wta,2020,11,Qatar Total Open,Doha,2020-02-27,premier,True,hard,QF,8,3,Sabalenka A.,Zheng S.,13,37,2815.0,1380.0,2,1,3,6,7,6,6,3,,,,,completed,1.28,3.75,1.32,3.8,1.32,3.9,1.29,3.6,2020_11_doha_qatar_total_open,2020_11_doha_qatar_total_open_2020-02-27_QF_sabalenka_a_zheng_s,2020-1003_294,1003,2020-1003,Doha,QF,214544,Aryna Sabalenka,202453,Saisai Zheng,tournament_rank_unique,False,
tennis_data_uk,wta,2020,11,Qatar Total Open,Doha,2020-02-27,premier,True,hard,QF,8,3,Kuznetsova S.,Bencic B.,46,9,1178.0,3875.0,2,0,6,4,6,4,,,,,,,completed,2.3,1.61,2.34,1.69,2.36,1.7,2.27,1.63,2020_11_doha_qatar_total_open,2020_11_doha_qatar_total_open_2020-02-27_QF_kuznetsova_s_bencic_b,2020-1003_295,1003,2020-1003,Doha,QF,201320,Svetlana Kuznetsova,202505,Belinda Bencic,tournament_rank_unique,False,
tennis_data_uk,wta,2020,11,Qatar Total Open,Doha,2020-02-27,premier,True,hard,QF,8,3,Kvitova P.,Jabeur O.,11,44,2981.0,1185.0,2,0,7,6,7,6,,,,,,,completed,1.4,3.0,1.45,3.05,1.46,3.05,1.42,2.83,2020_11_doha_qatar_total_open,2020_11_doha_qatar_total_open_2020-02-27_QF_kvitova_p_jabeur_o,2020-1003_296,1003,2020-1003,Doha,QF,201520,Petra Kvitova,202460,Ons Jabeur,tournament_rank_unique,False,
tennis_data_uk,wta,2020,11,Qatar Total Open,Doha,2020-02-27,premier,True,hard,QF,8,3,Barty A.,Muguruza G.,1,16,8367.0,2522.0,2,1,6,1,6,7,6,2,,,,,completed,1.53,2.5,1.58,2.57,1.64,2.57,1.55,2.43,2020_11_doha_qatar_total_open,2020_11_doha_qatar_total_open_2020-02-27_QF_barty_a_muguruza_g,2020-1003_297,1003,2020-1003,Doha,QF,202458,Ashleigh Barty,202469,Garbine Muguruza,tournament_rank_unique,False,
tennis_data_uk,wta,2020,11,Qatar Total Open,Doha,2020-02-28,premier,True,hard,SF,4,3,Sabalenka A.,Kuznetsova S.,13,46,2815.0,1178.0,2,0,6,4,6,3,,,,,,,completed,1.5,2.62,1.53,2.72,1.53,2.8,1.49,2.61,2020_11_doha_qatar_total_open,2020_11_doha_qatar_total_open_2020-02-28_SF_sabalenka_a_kuznetsova_s,2020-1003_298,1003,2020-1003,Doha,SF,214544,Aryna Sabalenka,201320,Svetlana Kuznetsova,tournament_rank_unique,False,
tennis_data_uk,wta,2020,11,Qatar Total Open,Doha,2020-02-28,premier,True,hard,SF,4,3,Kvitova P.,Barty A.,11,1,2981.0,8367.0,2,1,6,4,2,6,6,4,,,,,completed,2.62,1.5,2.65,1.56,2.69,1.57,2.53,1.51,2020_11_doha_qatar_total_open,2020_11_doha_qatar_total_open_2020-02-28_SF_kvitova_p_barty_a,2020-1003_299,1003,2020-1003,Doha,SF,201520,Petra Kvitova,202458,Ashleigh Barty,tournament_rank_unique,False,
tennis_data_uk,wta,2020,11,Qatar Total Open,Doha,2020-02-29,premier,True,hard,F,2,3,Sabalenka A.,Kvitova P.,13,11,2815.0,2981.0,2,0,6,3,6,3,,,,,,,completed,2.1,1.72,2.2,1.77,2.26,1.82,2.1,1.73,2020_11_doha_qatar_total_open,2020_11_doha_qatar_total_open_2020-02-29_F_sabalenka_a_kvitova_p,2020-1003_300,1003,2020-1003,Doha,F,214544,Aryna Sabalenka,201520,Petra Kvitova,tournament_rank_unique,False,
tennis_data_uk,wta,2020,12,Lyon Open,Lyon,2020-03-02,international,False,hard,R32,32,3,Van Uytvanck A.,Kawa K.,62,121,955.0,531.0,2,0,6,1,6,3,,,,,,,completed,1.11,6.5,1.14,6.72,1.14,7.1,1.11,6.26,2020_12_lyon_lyon_open,2020_12_lyon_lyon_open_2020-03-02_R32_van_uytvanck_a_kawa_k,2020-2011_278,2011,2020-2011,Lyon,R32,202421,Alison Van Uytvanck,203514,Katarzyna Kawa,tournament_rank_unique,False,
tennis_data_uk,wta,2020,12,Lyon Open,Lyon,2020-03-02,international,False,hard,R32,32,3,Bonaventure Y.,Kostyuk M.,122,141,528.0,434.0,2,0,6,4,6,4,,,,,,,completed,2.25,1.57,2.37,1.65,2.37,1.7,2.24,1.63,2020_12_lyon_lyon_open,2020_12_lyon_lyon_open_2020-03-02_R32_bonaventure_y_kostyuk_m,2020-2011_280,2011,2020-2011,Lyon,R32,204434,Ysaline Bonaventure,216146,Marta Kostyuk,tournament_rank_unique,False,
tennis_data_uk,wta,2020,12,Lyon Open,Lyon,2020-03-02,international,False,hard,R32,32,3,Bara I.,Babos T.,168,99,357.0,650.0,2,1,6,3,6,7,6,4,,,,,completed,3.5,1.28,3.94,1.29,3.95,1.31,3.71,1.27,2020_12_lyon_lyon_open,2020_12_lyon_lyon_open_2020-03-02_R32_bara_i_babos_t,2020-2011_276,2011,2020-2011,Lyon,R32,210705,Irina Bara,201693,Timea Babos,tournament_rank_unique,False,
tennis_data_uk,wta,2020,12,Lyon Open,Lyon,2020-03-02,international,False,hard,R32,32,3,Cristian J.,Hon P.,174,129,341.0,500.0,2,0,6,2,6,0,,,,,,,completed,1.57,2.25,1.63,2.4,1.71,2.4,1.62,2.26,2020_12_lyon_lyon_open,2020_12_lyon_lyon_open_2020-03-02_R32_cristian_j_hon_p,2020-2011_284,2011,2020-2011,Lyon,R32,211713,Jaqueline Cristian,211880,Priscilla Hon,tournament_rank_unique,False,
tennis_data_uk,wta,2020,12,Lyon Open,Lyon,2020-03-02,international,False,hard,R32,32,3,Cornet A.,Lottner A.,58,162,985.0,379.0,2,0,7,5,6,0,,,,,,,completed,1.28,3.5,1.34,3.56,1.36,3.6,1.32,3.32,2020_12_lyon_lyon_open,2020_12_lyon_lyon_open_2020-03-02_R32_cornet_a_lottner_a,2020-2011_274,2011,2020-2011,Lyon,R32,201427,Alize Cornet,204430,Antonia Lottner,tournament_rank_unique,False,
tennis_data_uk,wta,2020,12,Lyon Open,Lyon,2020-03-02,international,False,hard,R32,32,3,Garcia C.,Minnen G.,46,103,1145.0,636.0,2,1,6,4,1,6,7,6,,,,,completed,1.66,2.1,1.87,2.02,1.87,2.1,1.77,2.02,2020_12_lyon_lyon_open,2020_12_lyon_lyon_open_2020-03-02_R32_garcia_c_minnen_g,2020-2011_281,2011,2020-2011,Lyon,R32,201614,Caroline Garcia,213889,Greet Minnen,tournament_rank_unique,False,
tennis_data_uk,wta,2020,12,Lyon Open,Lyon,2020-03-02,international,False,hard,R32,32,3,Friedsam A.L.,Komardina A.,136,208,457.0,287.0,2,0,6,2,6,2,,,,,,,completed,1.4,2.75,1.42,3.07,1.42,3.15,1.38,2.96,2020_12_lyon_lyon_open,2020_12_lyon_lyon_open_2020-03-02_R32_friedsam_a_l_komardina_a,2020-2011_271,2011,2020-2011,Lyon,R32,204431,Anna Lena Friedsam,211856,Anastasiya Komardina,tournament_rank_unique,False,
tennis_data_uk,wta,2020,12,Lyon Open,Lyon,2020-03-03,international,False,hard,R32,32,3,Martincova T.,Bogdan A.,132,90,471.0,710.0,2,1,6,3,4,6,6,3,,,,,completed,2.25,1.57,2.37,1.65,2.37,1.7,2.27,1.62,2020_12_lyon_lyon_open,2020_12_lyon_lyon_open_2020-03-03_R32_martincova_t_bogdan_a,2020-2011_272,2011,2020-2011,Lyon,R32,206124,Tereza Martincova,202536,Ana Bogdan,tournament_rank_unique,False,
tennis_data_uk,wta,2020,12,Lyon Open,Lyon,2020-03-03,international,False,hard,R32,32,3,Giorgi C.,Lapko V.,94,378,673.0,118.0,2,0,6,3,6,4,,,,,,,completed,1.22,4.0,1.26,4.3,1.3,4.4,1.23,4.0,2020_12_lyon_lyon_open,2020_12_lyon_lyon_open_2020-03-03_R32_giorgi_c_lapko_v,2020-2011_275,2011,2020-2011,Lyon,R32,202429,Camila Giorgi,214304,Vera Lapko,tournament_rank_unique,False,
tennis_data_uk,wta,2020,12,Lyon Open,Lyon,2020-03-03,international,False,hard,R32,32,3,Teichmann J.,Burel C.,66,499,896.0,75.0,2,0,6,4,6,3,,,,,,,completed,1.4,2.75,1.43,3.01,1.45,3.01,1.4,2.88,2020_12_lyon_lyon_open,2020_12_lyon_lyon_open_2020-03-03_R32_teichmann_j_burel_c,2020-2011_282,2011,2020-2011,Lyon,R32,213525,Jil Teichmann,216262,Clara Burel,tournament_rank_unique,False,
tennis_data_uk,wta,2020,12,Lyon Open,Lyon,2020-03-03,international,False,hard,R32,32,3,Tomova V.,Frech M.,143,169,432.0,352.0,2,1,7,5,6,7,6,4,,,,,completed,2.37,1.53,2.44,1.61,2.5,1.61,2.36,1.57,2020_12_lyon_lyon_open,2020_12_lyon_lyon_open_2020-03-03_R32_tomova_v_frech_m,2020-2011_279,2011,2020-2011,Lyon,R32,202600,Viktoriya Tomova,211684,Magdalena Frech,tournament_rank_unique,False,
tennis_data_uk,wta,2020,12,Lyon Open,Lyon,2020-03-03,international,False,hard,R32,32,3,Mladenovic K.,Paquet C.,42,166,1335.0,359.0,2,1,1,6,6,2,6,4,,,,,completed,1.11,6.5,1.13,6.88,1.15,6.88,1.12,6.16,2020_12_lyon_lyon_open,2020_12_lyon_lyon_open_2020-03-03_R32_mladenovic_k_paquet_c,2020-2011_270,2011,2020-2011,Lyon,R32,201540,Kristina Mladenovic,203564,Chloe Paquet,tournament_rank_unique,False,
tennis_data_uk,wta,2020,12,Lyon Open,Lyon,2020-03-03,international,False,hard,R32,32,3,Kasatkina D.,Parmentier P.,73,147,820.0,410.0,2,1,6,2,5,7,6,4,,,,,completed,1.16,5.0,1.18,5.53,1.21,5.53,1.16,5.0,2020_12_lyon_lyon_open,2020_12_lyon_lyon_open_2020-03-03_R32_kasatkina_d_parmentier_p,2020-2011_277,2011,2020-2011,Lyon,R32,214082,Daria Kasatkina,201426,Pauline Parmentier,tournament_rank_unique,False,
tennis_data_uk,wta,2020,12,Lyon Open,Lyon,2020-03-03,international,False,hard,R32,32,3,Kuzmova V.,Pattinama Kerkhove L.,85,164,729.0,369.0,2,1,6,2,2,6,6,2,,,,,completed,1.33,3.25,1.4,3.18,1.4,3.42,1.34,3.21,2020_12_lyon_lyon_open,2020_12_lyon_lyon_open_2020-03-03_R32_kuzmova_v_pattinama_kerkhove_l,2020-2011_273,2011,2020-2011,Lyon,R32,214149,Viktoria Hruncakova,204246,Lesley Pattinama Kerkhove,tournament_rank_unique,False,
tennis_data_uk,wta,2020,12,Lyon Open,Lyon,2020-03-04,international,False,hard,R32,32,3,Kenin S.,Diatchenko V.,5,107,4365.0,619.0,2,0,6,4,6,3,,,,,,,completed,1.22,4.0,1.26,4.3,1.28,4.5,1.24,3.92,2020_12_lyon_lyon_open,2020_12_lyon_lyon_open_2020-03-04_R32_kenin_s_diatchenko_v,2020-2011_285,2011,2020-2011,Lyon,R32,213550,Sofia Kenin,201554,Vitalia Diatchenko,tournament_rank_unique,False,
tennis_data_uk,wta,2020,12,Lyon Open,Lyon,2020-03-04,international,False,hard,R32,32,3,Dodin O.,Minella M.,130,144,487.0,428.0,2,0,6,4,6,4,,,,,,,completed,1.16,5.0,1.21,4.88,1.21,5.25,1.17,4.93,2020_12_lyon_lyon_open,2020_12_lyon_lyon_open_2020-03-04_R32_dodin_o_minella_m,2020-2011_283,2011,2020-2011,Lyon,R32,206219,Oceane Dodin,201605,Mandy Minella,tournament_rank_unique,False,
tennis_data_uk,wta,2020,12,Lyon Open,Lyon,2020-03-04,international,False,hard,R16,16,3,Van Uytvanck A.,Tomova V.,62,143,955.0,432.0,2,1,3,6,6,4,7,6,,,,,completed,1.16,5.0,1.2,5.27,1.23,5.27,1.18,4.79,2020_12_lyon_lyon_open,2020_12_lyon_lyon_open_2020-03-04_R16_van_uytvanck_a_tomova_v,2020-2011_290,2011,2020-2011,Lyon,R16,202421,Alison Van Uytvanck,202600,Viktoriya Tomova,tournament_rank_unique,False,
tennis_data_uk,wta,2020,12,Lyon Open,Lyon,2020-03-04,international,False,hard,R16,16,3,Giorgi C.,Cornet A.,94,58,673.0,985.0,2,1,4,6,7,6,6,2,,,,,completed,1.66,2.1,1.76,2.19,1.8,2.2,1.7,2.11,2020_12_lyon_lyon_open,2020_12_lyon_lyon_open_2020-03-04_R16_giorgi_c_cornet_a,2020-2011_288,2011,2020-2011,Lyon,R16,202429,Camila Giorgi,201427,Alize Cornet,tournament_rank_unique,False,
tennis_data_uk,wta,2020,12,Lyon Open,Lyon,2020-03-04,international,False,hard,R16,16,3,Garcia C.,Bonaventure Y.,46,122,1145.0,528.0,2,0,7,5,6,2,,,,,,,completed,1.57,2.25,1.74,2.23,1.74,2.27,1.66,2.18,2020_12_lyon_lyon_open,2020_12_lyon_lyon_open_2020-03-04_R16_garcia_c_bonaventure_y,2020-2011_291,2011,2020-2011,Lyon,R16,201614,Caroline Garcia,204434,Ysaline Bonaventure,tournament_rank_unique,False,
tennis_data_uk,wta,2020,12,Lyon Open,Lyon,2020-03-05,international,False,hard,R16,16,3,Dodin O.,Teichmann J.,130,66,487.0,896.0,,,,,,,,,,,,,walkover,,,1.79,2.12,1.72,2.09,1.79,2.16,2020_12_lyon_lyon_open,2020_12_lyon_lyon_open_2020-03-05_R16_dodin_o_teichmann_j,2020-2011_292,2011,2020-2011,Lyon,R16,206219,Oceane Dodin,213525,Jil Teichmann,tournament_rank_unique,False,
tennis_data_uk,wta,2020,12,Lyon Open,Lyon,2020-03-05,international,False,hard,R16,16,3,Kuzmova V.,Martincova T.,85,132,729.0,471.0,2,1,6,4,4,6,6,4,,,,,completed,2.37,1.53,2.42,1.64,2.5,1.64,2.37,1.56,2020_12_lyon_lyon_open,2020_12_lyon_lyon_open_2020-03-05_R16_kuzmova_v_martincova_t,2020-2011_287,2011,2020-2011,Lyon,R16,214149,Viktoria Hruncakova,206124,Tereza Martincova,tournament_rank_unique,False,
tennis_data_uk,wta,2020,12,Lyon Open,Lyon,2020-03-05,international,False,hard,R16,16,3,Kasatkina D.,Bara I.,73,168,820.0,357.0,2,0,6,3,6,2,,,,,,,completed,1.12,6.0,1.13,7.01,1.17,7.01,1.13,5.86,2020_12_lyon_lyon_open,2020_12_lyon_lyon_open_2020-03-05_R16_kasatkina_d_bara_i,2020-2011_289,2011,2020-2011,Lyon,R16,214082,Daria Kasatkina,210705,Irina Bara,tournament_rank_unique,False,
tennis_data_uk,wta,2020,12,Lyon Open,Lyon,2020-03-05,international,False,hard,R16,16,3,Kenin S.,Cristian J.,5,174,4365.0,341.0,2,1,6,7,7,5,6,4,,,,,completed,1.22,4.0,1.26,4.3,1.26,4.5,1.22,4.09,2020_12_lyon_lyon_open,2020_12_lyon_lyon_open_2020-03-05_R16_kenin_s_cristian_j,2020-2011_293,2011,2020-2011,Lyon,R16,213550,Sofia Kenin,211713,Jaqueline Cristian,tournament_rank_unique,False,
tennis_data_uk,wta,2020,12,Lyon Open,Lyon,2020-03-05,international,False,hard,R16,16,3,Friedsam A.L.,Mladenovic K.,136,42,457.0,1335.0,2,0,6,3,6,3,,,,,,,completed,2.37,1.53,2.73,1.52,2.73,1.58,2.49,1.52,2020_12_lyon_lyon_open,2020_12_lyon_lyon_open_2020-03-05_R16_friedsam_a_l_mladenovic_k,2020-2011_286,2011,2020-2011,Lyon,R16,204431,Anna Lena Friedsam,201540,Kristina Mladenovic,tournament_rank_unique,False,
tennis_data_uk,wta,2020,12,Lyon Open,Lyon,2020-03-06,international,False,hard,QF,8,3,Kasatkina D.,Giorgi C.,73,94,820.0,673.0,2,1,6,2,4,6,6,2,,,,,completed,2.0,1.8,1.94,1.98,2.17,1.98,1.93,1.86,2020_12_lyon_lyon_open,2020_12_lyon_lyon_open_2020-03-06_QF_kasatkina_d_giorgi_c,2020-2011_295,2011,2020-2011,Lyon,QF,214082,Daria Kasatkina,202429,Camila Giorgi,tournament_rank_unique,False,
tennis_data_uk,wta,2020,12,Lyon Open,Lyon,2020-03-06,international,False,hard,QF,8,3,Friedsam A.L.,Kuzmova V.,136,85,457.0,729.0,2,1,3,6,7,6,6,2,,,,,completed,1.53,2.5,1.58,2.57,1.61,2.65,1.53,2.46,2020_12_lyon_lyon_open,2020_12_lyon_lyon_open_2020-03-06_QF_friedsam_a_l_kuzmova_v,2020-2011_294,2011,2020-2011,Lyon,QF,204431,Anna Lena Friedsam,214149,Viktoria Hruncakova,tournament_rank_unique,False,
tennis_data_uk,wta,2020,12,Lyon Open,Lyon,2020-03-06,international,False,hard,QF,8,3,Kenin S.,Dodin O.,5,130,4365.0,487.0,2,1,6,1,6,7,6,2,,,,,completed,1.53,2.5,1.56,2.65,1.63,2.75,1.53,2.46,2020_12_lyon_lyon_open,2020_12_lyon_lyon_open_2020-03-06_QF_kenin_s_dodin_o,2020-2011_297,2011,2020-2011,Lyon,QF,213550,Sofia Kenin,206219,Oceane Dodin,tournament_rank_unique,False,
tennis_data_uk,wta,2020,12,Lyon Open,Lyon,2020-03-06,international,False,hard,QF,8,3,Van Uytvanck A.,Garcia C.,62,46,955.0,1145.0,2,0,6,2,6,2,,,,,,,completed,1.8,2.0,1.78,2.18,1.92,2.2,1.77,2.04,2020_12_lyon_lyon_open,2020_12_lyon_lyon_open_2020-03-06_QF_van_uytvanck_a_garcia_c,2020-2011_296,2011,2020-2011,Lyon,QF,202421,Alison Van Uytvanck,201614,Caroline Garcia,tournament_rank_unique,False,
tennis_data_uk,wta,2020,12,Lyon Open,Lyon,2020-03-07,international,False,hard,SF,4,3,Friedsam A.L.,Kasatkina D.,136,73,457.0,820.0,2,1,6,3,3,6,6,2,,,,,completed,3.0,1.4,3.22,1.41,3.22,1.42,2.99,1.38,2020_12_lyon_lyon_open,2020_12_lyon_lyon_open_2020-03-07_SF_friedsam_a_l_kasatkina_d,2020-2011_298,2011,2020-2011,Lyon,SF,204431,Anna Lena Friedsam,214082,Daria Kasatkina,tournament_rank_unique,False,
tennis_data_uk,wta,2020,12,Lyon Open,Lyon,2020-03-07,international,False,hard,SF,4,3,Kenin S.,Van Uytvanck A.,5,62,4365.0,955.0,2,1,7,6,6,7,7,6,,,,,completed,1.57,2.37,1.73,2.27,1.73,2.38,1.66,2.21,2020_12_lyon_lyon_open,2020_12_lyon_lyon_open_2020-03-07_SF_kenin_s_van_uytvanck_a,2020-2011_299,2011,2020-2011,Lyon,SF,213550,Sofia Kenin,202421,Alison Van Uytvanck,tournament_rank_unique,False,
tennis_data_uk,wta,2020,12,Lyon Open,Lyon,2020-03-08,international,False,hard,F,2,3,Kenin S.,Friedsam A.L.,5,136,4365.0,457.0,2,1,6,2,4,6,6,4,,,,,completed,1.33,3.4,1.34,3.62,1.37,3.62,1.33,3.28,2020_12_lyon_lyon_open,2020_12_lyon_lyon_open_2020-03-08_F_kenin_s_friedsam_a_l,2020-2011_300,2011,2020-2011,Lyon,F,213550,Sofia Kenin,204431,Anna Lena Friedsam,tournament_rank_unique,False,
tennis_data_uk,wta,2020,13,Monterrey Open,Monterrey,2020-03-02,international,True,hard,R32,32,3,Bouzkova M.,Kucova K.,57,173,985.0,347.0,2,0,6,4,6,2,,,,,,,completed,,,,,1.22,4.1,1.22,4.1,2020_13_monterrey_monterrey_open,2020_13_monterrey_monterrey_open_2020-03-02_R32_bouzkova_m_kucova_k,2020-1039_274,1039,2020-1039,Monterrey,R32,213631,Marie Bouzkova,201568,Kristina Kucova,tournament_rank_unique,False,
tennis_data_uk,wta,2020,13,Monterrey Open,Monterrey,2020-03-02,international,True,hard,R32,32,3,Peterson R.,Kozlova K.,45,96,1195.0,658.0,2,1,3,6,7,6,6,4,,,,,completed,1.66,2.1,1.7,2.26,1.73,2.31,1.67,2.16,2020_13_monterrey_monterrey_open,2020_13_monterrey_monterrey_open_2020-03-02_R32_peterson_r_kozlova_k,2020-1039_278,1039,2020-1039,Monterrey,R32,202490,Rebecca Peterson,203462,Kateryna Baindl,tournament_rank_unique,False,
tennis_data_uk,wta,2020,13,Monterrey Open,Monterrey,2020-03-02,international,True,hard,R32,32,3,Wang Yaf.,Arruabarrena L.,84,159,736.0,389.0,2,0,6,4,6,4,,,,,,,completed,1.5,2.5,1.5,2.76,1.57,2.76,1.5,2.54,2020_13_monterrey_monterrey_open,2020_13_monterrey_monterrey_open_2020-03-02_R32_wang_yaf_arruabarrena_l,2020-1039_277,1039,2020-1039,Monterrey,R32,206374,Yafan Wang,202418,Lara Arruabarrena,tournament_rank_unique,False,
tennis_data_uk,wta,2020,13,Monterrey Open,Monterrey,2020-03-02,international,True,hard,R32,32,3,Sharma A.,Stojanovic N.,127,81,508.0,751.0,2,0,6,4,6,4,,,,,,,completed,2.1,1.66,2.2,1.74,2.25,1.77,2.11,1.71,2020_13_monterrey_monterrey_open,2020_13_monterrey_monterrey_open_2020-03-02_R32_sharma_a_stojanovic_n,2020-1039_276,1039,2020-1039,Monterrey,R32,206292,Astra Sharma,211411,Nina Stojanovic,tournament_rank_unique,False,
tennis_data_uk,wta,2020,13,Monterrey Open,Monterrey,2020-03-02,international,True,hard,R32,32,3,Govortsova O.,Dolehide C.,142,131,433.0,478.0,2,1,3,6,6,2,6,1,,,,,completed,1.8,1.9,1.82,2.08,1.92,2.08,1.81,1.97,2020_13_monterrey_monterrey_open,2020_13_monterrey_monterrey_open_2020-03-02_R32_govortsova_o_dolehide_c,2020-1039_284,1039,2020-1039,Monterrey,R32,201501,Olga Govortsova,214452,Caroline Dolehide,tournament_rank_unique,False,
tennis_data_uk,wta,2020,13,Monterrey Open,Monterrey,2020-03-03,international,True,hard,R32,32,3,Schmiedlova A.,Williams V.,199,65,294.0,900.0,2,1,4,6,6,3,6,2,,,,,completed,2.25,1.57,2.29,1.68,2.4,1.68,2.25,1.62,2020_13_monterrey_monterrey_open,2020_13_monterrey_monterrey_open_2020-03-03_R32_schmiedlova_a_williams_v,2020-1039_275,1039,2020-1039,Monterrey,R32,203533,Anna Karolina Schmiedlova,200748,Venus Williams,tournament_rank_unique,False,
tennis_data_uk,wta,2020,13,Monterrey Open,Monterrey,2020-03-03,international,True,hard,R32,32,3,Stephens S.,Navarro E.,37,497,1424.0,76.0,2,1,6,4,5,7,6,1,,,,,completed,1.11,6.5,1.14,6.48,1.17,7.6,1.12,6.01,2020_13_monterrey_monterrey_open,2020_13_monterrey_monterrey_open_2020-03-03_R32_stephens_s_navarro_e,2020-1039_282,1039,2020-1039,Monterrey,R32,201585,Sloane Stephens,215613,Emma Navarro,tournament_rank_unique,False,
tennis_data_uk,wta,2020,13,Monterrey Open,Monterrey,2020-03-03,international,True,hard,R32,32,3,Davis L.,Podoroska N.,61,178,962.0,335.0,2,0,6,0,6,3,,,,,,,completed,1.61,2.2,1.75,2.18,1.75,2.31,1.69,2.14,2020_13_monterrey_monterrey_open,2020_13_monterrey_monterrey_open_2020-03-03_R32_davis_l_podoroska_n,2020-1039_281,1039,2020-1039,Monterrey,R32,201616,Lauren Davis,206408,Nadia Podoroska,tournament_rank_unique,False,
tennis_data_uk,wta,2020,13,Monterrey Open,Monterrey,2020-03-03,international,True,hard,R32,32,3,Rus A.,Flink V.,76,149,789.0,408.0,0,0,4,3,,,,,,,,,retired,1.4,2.75,1.41,3.13,1.51,3.13,1.43,2.79,2020_13_monterrey_monterrey_open,2020_13_monterrey_monterrey_open_2020-03-03_R32_rus_a_flink_v,2020-1039_280,1039,2020-1039,Monterrey,R32,201551,Arantxa Rus,202491,Varvara Flink,tournament_rank_unique,False,
tennis_data_uk,wta,2020,13,Monterrey Open,Monterrey,2020-03-03,international,True,hard,R32,32,3,Maria T.,Watson H.,91,49,701.0,1122.0,2,1,7,6,3,6,7,5,,,,,completed,3.25,1.33,3.2,1.4,3.3,1.41,3.06,1.36,2020_13_monterrey_monterrey_open,2020_13_monterrey_monterrey_open_2020-03-03_R32_maria_t_watson_h,2020-1039_271,1039,2020-1039,Monterrey,R32,213583,Tatjana Maria,201586,Heather Watson,tournament_rank_unique,False,
tennis_data_uk,wta,2020,13,Monterrey Open,Monterrey,2020-03-03,international,True,hard,R32,32,3,Bondarenko K.,Sorribes Tormo S.,404,79,107.0,763.0,2,1,4,6,6,0,6,2,,,,,completed,2.5,1.5,2.8,1.49,2.8,1.57,2.53,1.5,2020_13_monterrey_monterrey_open,2020_13_monterrey_monterrey_open_2020-03-03_R32_bondarenko_k_sorribes_tormo_s,2020-1039_279,1039,2020-1039,Monterrey,R32,201435,Kateryna Bondarenko,204427,Sara Sorribes Tormo,tournament_rank_unique,False,
tennis_data_uk,wta,2020,13,Monterrey Open,Monterrey,2020-03-03,international,True,hard,R32,32,3,Svitolina E.,Kovinic D.,7,88,4301.0,714.0,2,0,6,3,6,2,,,,,,,completed,1.12,6.0,1.14,6.67,1.14,6.75,1.12,6.06,2020_13_monterrey_monterrey_open,2020_13_monterrey_monterrey_open_2020-03-03_R32_svitolina_e_kovinic_d,2020-1039_285,1039,2020-1039,Monterrey,R32,202494,Elina Svitolina,203575,Danka Kovinic,tournament_rank_unique,False,
tennis_data_uk,wta,2020,13,Monterrey Open,Monterrey,2020-03-03,international,True,hard,R32,32,3,Fernandez L.,Voegele S.,126,108,510.0,604.0,2,0,7,6,6,2,,,,,,,completed,1.53,2.37,1.61,2.44,1.63,2.5,1.57,2.37,2020_13_monterrey_monterrey_open,2020_13_monterrey_monterrey_open_2020-03-03_R32_fernandez_l_voegele_s,2020-1039_283,1039,2020-1039,Monterrey,R32,220367,Leylah Fernandez,201527,Stefanie Voegele,tournament_rank_unique,False,
tennis_data_uk,wta,2020,13,Monterrey Open,Monterrey,2020-03-03,international,True,hard,R32,32,3,Zidansek T.,Azarenka V.,71,56,830.0,991.0,2,0,6,2,6,2,,,,,,,completed,2.75,1.4,3.06,1.42,3.06,2.08,2.75,1.45,2020_13_monterrey_monterrey_open,2020_13_monterrey_monterrey_open_2020-03-03_R32_zidansek_t_azarenka_v,2020-1039_273,1039,2020-1039,Monterrey,R32,214461,Tamara Zidansek,201458,Victoria Azarenka,tournament_rank_unique,False,
tennis_data_uk,wta,2020,13,Monterrey Open,Monterrey,2020-03-04,international,True,hard,R32,32,3,Konta J.,Clijsters K.,16,,2694.0,,2,0,6,3,7,5,,,,,,,completed,1.44,2.62,1.51,2.72,1.54,2.75,1.49,2.58,2020_13_monterrey_monterrey_open,2020_13_monterrey_monterrey_open_2020-03-04_R32_konta_j_clijsters_k,2020-1039_270,1039,2020-1039,Monterrey,R32,202427,Johanna Konta,200079,Kim Clijsters,tournament_round_name_pair,False,missing_rank
tennis_data_uk,wta,2020,13,Monterrey Open,Monterrey,2020-03-04,international,True,hard,R32,32,3,Potapova A.,Gatto-Monticone G.,89,148,713.0,409.0,2,1,6,4,4,6,6,4,,,,,completed,1.36,3.0,1.37,3.36,1.42,3.72,1.32,3.29,2020_13_monterrey_monterrey_open,2020_13_monterrey_monterrey_open_2020-03-04_R32_potapova_a_gatto_monticone_g,2020-1039_272,1039,2020-1039,Monterrey,R32,215713,Anastasia Potapova,202579,Giulia Gatto Monticone,tournament_rank_unique,False,
tennis_data_uk,wta,2020,13,Monterrey Open,Monterrey,2020-03-04,international,True,hard,R16,16,3,Peterson R.,Bondarenko K.,45,404,1195.0,107.0,2,0,7,6,7,5,,,,,,,completed,1.36,3.0,1.35,3.51,1.45,3.51,1.38,3.0,2020_13_monterrey_monterrey_open,2020_13_monterrey_monterrey_open_2020-03-04_R16_peterson_r_bondarenko_k,2020-1039_290,1039,2020-1039,Monterrey,R16,202490,Rebecca Peterson,201435,Kateryna Bondarenko,tournament_rank_unique,False,
tennis_data_uk,wta,2020,13,Monterrey Open,Monterrey,2020-03-04,international,True,hard,R16,16,3,Bouzkova M.,Schmiedlova A.,57,199,985.0,294.0,2,0,6,4,6,1,,,,,,,completed,1.57,2.25,1.65,2.4,1.68,2.4,1.6,2.29,2020_13_monterrey_monterrey_open,2020_13_monterrey_monterrey_open_2020-03-04_R16_bouzkova_m_schmiedlova_a,2020-1039_288,1039,2020-1039,Monterrey,R16,213631,Marie Bouzkova,203533,Anna Karolina Schmiedlova,tournament_rank_unique,False,
tennis_data_uk,wta,2020,13,Monterrey Open,Monterrey,2020-03-04,international,True,hard,R16,16,3,Wang Yaf.,Sharma A.,84,127,736.0,508.0,2,1,7,6,4,6,6,3,,,,,completed,1.33,3.25,1.42,3.13,1.42,3.52,1.33,3.28,2020_13_monterrey_monterrey_open,2020_13_monterrey_monterrey_open_2020-03-04_R16_wang_yaf_sharma_a,2020-1039_289,1039,2020-1039,Monterrey,R16,206374,Yafan Wang,206292,Astra Sharma,tournament_rank_unique,False,
tennis_data_uk,wta,2020,13,Monterrey Open,Monterrey,2020-03-05,international,True,hard,R16,16,3,Fernandez L.,Stephens S.,126,37,510.0,1424.0,2,1,6,7,6,3,6,3,,,,,completed,1.61,2.2,1.65,2.4,1.7,2.44,1.61,2.27,2020_13_monterrey_monterrey_open,2020_13_monterrey_monterrey_open_2020-03-05_R16_fernandez_l_stephens_s,2020-1039_292,1039,2020-1039,Monterrey,R16,220367,Leylah Fernandez,201585,Sloane Stephens,tournament_rank_unique,False,
tennis_data_uk,wta,2020,13,Monterrey Open,Monterrey,2020-03-05,international,True,hard,R16,16,3,Potapova A.,Zidansek T.,89,71,713.0,830.0,2,1,1,6,7,6,6,1,,,,,completed,1.66,2.1,1.85,2.07,1.85,2.17,1.75,2.05,2020_13_monterrey_monterrey_open,2020_13_monterrey_monterrey_open_2020-03-05_R16_potapova_a_zidansek_t,2020-1039_287,1039,2020-1039,Monterrey,R16,215713,Anastasia Potapova,214461,Tamara Zidansek,tournament_rank_unique,False,
tennis_data_uk,wta,2020,13,Monterrey Open,Monterrey,2020-03-05,international,True,hard,R16,16,3,Konta J.,Maria T.,16,91,2694.0,701.0,2,0,7,6,6,3,,,,,,,completed,1.25,3.75,1.26,4.36,1.29,4.5,1.23,4.04,2020_13_monterrey_monterrey_open,2020_13_monterrey_monterrey_open_2020-03-05_R16_konta_j_maria_t,2020-1039_286,1039,2020-1039,Monterrey,R16,202427,Johanna Konta,213583,Tatjana Maria,tournament_rank_unique,False,
tennis_data_uk,wta,2020,13,Monterrey Open,Monterrey,2020-03-06,international,True,hard,R16,16,3,Rus A.,Davis L.,76,61,789.0,962.0,2,0,7,5,6,0,,,,,,,completed,2.75,1.4,2.59,1.57,2.8,1.57,2.55,1.5,2020_13_monterrey_monterrey_open,2020_13_monterrey_monterrey_open_2020-03-06_R16_rus_a_davis_l,2020-1039_291,1039,2020-1039,Monterrey,R16,201551,Arantxa Rus,201616,Lauren Davis,tournament_rank_unique,False,
tennis_data_uk,wta,2020,13,Monterrey Open,Monterrey,2020-03-06,international,True,hard,R16,16,3,Svitolina E.,Govortsova O.,7,142,4301.0,433.0,2,0,6,3,6,4,,,,,,,completed,1.28,3.5,1.28,4.1,1.4,4.12,1.27,3.72,2020_13_monterrey_monterrey_open,2020_13_monterrey_monterrey_open_2020-03-06_R16_svitolina_e_govortsova_o,2020-1039_293,1039,2020-1039,Monterrey,R16,202494,Elina Svitolina,201501,Olga Govortsova,tournament_rank_unique,False,
tennis_data_uk,wta,2020,13,Monterrey Open,Monterrey,2020-03-06,international,True,hard,QF,8,3,Bouzkova M.,Wang Yaf.,57,84,985.0,736.0,2,0,6,2,7,5,,,,,,,completed,1.72,2.1,1.76,2.21,1.82,2.21,1.74,2.09,2020_13_monterrey_monterrey_open,2020_13_monterrey_monterrey_open_2020-03-06_QF_bouzkova_m_wang_yaf,2020-1039_295,1039,2020-1039,Monterrey,QF,213631,Marie Bouzkova,206374,Yafan Wang,tournament_rank_unique,False,
tennis_data_uk,wta,2020,13,Monterrey Open,Monterrey,2020-03-06,international,True,hard,QF,8,3,Konta J.,Potapova A.,16,89,2694.0,713.0,2,1,6,7,6,3,7,6,,,,,completed,1.4,3.0,1.37,3.42,1.45,3.42,1.38,3.01,2020_13_monterrey_monterrey_open,2020_13_monterrey_monterrey_open_2020-03-06_QF_konta_j_potapova_a,2020-1039_294,1039,2020-1039,Monterrey,QF,202427,Johanna Konta,215713,Anastasia Potapova,tournament_rank_unique,False,
tennis_data_uk,wta,2020,13,Monterrey Open,Monterrey,2020-03-07,international,True,hard,QF,8,3,Svitolina E.,Fernandez L.,7,126,4301.0,510.0,2,0,6,4,7,5,,,,,,,completed,1.36,3.2,1.41,3.24,1.49,3.24,1.39,2.95,2020_13_monterrey_monterrey_open,2020_13_monterrey_monterrey_open_2020-03-07_QF_svitolina_e_fernandez_l,2020-1039_297,1039,2020-1039,Monterrey,QF,202494,Elina Svitolina,220367,Leylah Fernandez,tournament_rank_unique,False,
tennis_data_uk,wta,2020,13,Monterrey Open,Monterrey,2020-03-07,international,True,hard,QF,8,3,Rus A.,Peterson R.,76,45,789.0,1195.0,2,0,6,1,6,1,,,,,,,completed,2.37,1.57,2.39,1.66,2.5,1.66,2.36,1.59,2020_13_monterrey_monterrey_open,2020_13_monterrey_monterrey_open_2020-03-07_QF_rus_a_peterson_r,2020-1039_296,1039,2020-1039,Monterrey,QF,201551,Arantxa Rus,202490,Rebecca Peterson,tournament_rank_unique,False,
tennis_data_uk,wta,2020,13,Monterrey Open,Monterrey,2020-03-07,international,True,hard,SF,4,3,Bouzkova M.,Konta J.,57,16,985.0,2694.0,2,0,6,3,6,4,,,,,,,completed,2.3,1.61,2.43,1.65,2.45,1.65,2.33,1.6,2020_13_monterrey_monterrey_open,2020_13_monterrey_monterrey_open_2020-03-07_SF_bouzkova_m_konta_j,2020-1039_298,1039,2020-1039,Monterrey,SF,213631,Marie Bouzkova,202427,Johanna Konta,tournament_rank_unique,False,
tennis_data_uk,wta,2020,13,Monterrey Open,Monterrey,2020-03-08,international,True,hard,SF,4,3,Svitolina E.,Rus A.,7,76,4301.0,789.0,2,0,6,0,6,1,,,,,,,completed,1.3,3.5,1.26,4.4,1.33,4.4,1.28,3.71,2020_13_monterrey_monterrey_open,2020_13_monterrey_monterrey_open_2020-03-08_SF_svitolina_e_rus_a,2020-1039_299,1039,2020-1039,Monterrey,SF,202494,Elina Svitolina,201551,Arantxa Rus,tournament_rank_unique,False,
tennis_data_uk,wta,2020,13,Monterrey Open,Monterrey,2020-03-08,international,True,hard,F,2,3,Svitolina E.,Bouzkova M.,7,57,4301.0,985.0,2,1,7,5,4,6,6,4,,,,,completed,1.36,3.2,1.35,3.56,1.45,3.56,1.34,3.22,2020_13_monterrey_monterrey_open,2020_13_monterrey_monterrey_open_2020-03-08_F_svitolina_e_bouzkova_m,2020-1039_300,1039,2020-1039,Monterrey,F,202494,Elina Svitolina,213631,Marie Bouzkova,tournament_rank_unique,False,
tennis_data_uk,wta,2020,14,Internazionali Femminili di Palermo,Palermo,2020-08-03,international,True,clay,R32,32,3,Vekic D.,Rus A.,24,70,1880.0,869.0,2,0,6,1,6,2,,,,,,,completed,1.4,2.75,1.5,2.77,1.5,3.13,1.43,2.76,2020_14_palermo_internazionali_femminili_di_palermo,2020_14_palermo_internazionali_femminili_di_palermo_2020-08-03_R32_vekic_d_rus_a,2020-0466_278,466,2020-0466,Palermo,R32,202499,Donna Vekic,201551,Arantxa Rus,tournament_rank_unique,False,
tennis_data_uk,wta,2020,14,Internazionali Femminili di Palermo,Palermo,2020-08-03,international,True,clay,R32,32,3,Siegemund L.,Begu I.,65,81,910.0,777.0,2,0,6,3,6,4,,,,,,,completed,1.66,2.1,1.7,2.27,1.74,2.38,1.67,2.18,2020_14_palermo_internazionali_femminili_di_palermo,2020_14_palermo_internazionali_femminili_di_palermo_2020-08-03_R32_siegemund_l_begu_i,2020-0466_280,466,2020-0466,Palermo,R32,201696,Laura Siegemund,201593,Irina Camelia Begu,tournament_rank_unique,False,
tennis_data_uk,wta,2020,14,Internazionali Femminili di Palermo,Palermo,2020-08-03,international,True,clay,R32,32,3,Errani S.,Cirstea S.,167,75,368.0,820.0,2,1,7,5,1,6,6,4,,,,,completed,3.0,1.36,3.17,1.4,3.29,1.46,3.01,1.37,2020_14_palermo_internazionali_femminili_di_palermo,2020_14_palermo_internazionali_femminili_di_palermo_2020-08-03_R32_errani_s_cirstea_s,2020-0466_275,466,2020-0466,Palermo,R32,201506,Sara Errani,201514,Sorana Cirstea,tournament_rank_unique,False,
tennis_data_uk,wta,2020,14,Internazionali Femminili di Palermo,Palermo,2020-08-03,international,True,clay,R32,32,3,Cocciaretto E.,Hercog P.,156,45,402.0,1205.0,2,0,7,6,6,3,,,,,,,completed,2.5,1.5,2.79,1.49,2.8,1.54,2.61,1.48,2020_14_palermo_internazionali_femminili_di_palermo,2020_14_palermo_internazionali_femminili_di_palermo_2020-08-03_R32_cocciaretto_e_hercog_p,2020-0466_279,466,2020-0466,Palermo,R32,220714,Elisabetta Cocciaretto,201555,Polona Hercog,tournament_rank_unique,False,
tennis_data_uk,wta,2020,14,Internazionali Femminili di Palermo,Palermo,2020-08-03,international,True,clay,R32,32,3,Alexandrova E.,Mladenovic K.,27,42,1775.0,1335.0,2,1,5,7,6,0,6,1,,,,,completed,2.0,1.75,2.12,1.79,2.15,1.94,1.98,1.79,2020_14_palermo_internazionali_femminili_di_palermo,2020_14_palermo_internazionali_femminili_di_palermo_2020-08-03_R32_alexandrova_e_mladenovic_k,2020-0466_277,466,2020-0466,Palermo,R32,206420,Ekaterina Alexandrova,201540,Kristina Mladenovic,tournament_rank_unique,False,
tennis_data_uk,wta,2020,14,Internazionali Femminili di Palermo,Palermo,2020-08-03,international,True,clay,R32,32,3,Paolini J.,Kasatkina D.,95,66,689.0,905.0,2,1,5,7,6,4,6,4,,,,,completed,3.25,1.33,3.11,1.41,3.56,1.56,2.76,1.44,2020_14_palermo_internazionali_femminili_di_palermo,2020_14_palermo_internazionali_femminili_di_palermo_2020-08-03_R32_paolini_j_kasatkina_d,2020-0466_283,466,2020-0466,Palermo,R32,211148,Jasmine Paolini,214082,Daria Kasatkina,tournament_rank_unique,False,
tennis_data_uk,wta,2020,14,Internazionali Femminili di Palermo,Palermo,2020-08-04,international,True,clay,R32,32,3,Yastremska D.,Sorribes Tormo S.,25,83,1835.0,763.0,2,0,6,3,6,4,,,,,,,completed,1.53,2.37,1.6,2.47,1.67,2.47,1.58,2.34,2020_14_palermo_internazionali_femminili_di_palermo,2020_14_palermo_internazionali_femminili_di_palermo_2020-08-04_R32_yastremska_d_sorribes_tormo_s,2020-0466_273,466,2020-0466,Palermo,R32,215035,Dayana Yastremska,204427,Sara Sorribes Tormo,tournament_rank_unique,False,
tennis_data_uk,wta,2020,14,Internazionali Femminili di Palermo,Palermo,2020-08-04,international,True,clay,R32,32,3,Pliskova Kr.,Sakkari M.,69,20,880.0,2130.0,2,0,6,4,6,4,,,,,,,completed,3.25,1.33,3.36,1.37,3.36,1.4,3.14,1.35,2020_14_palermo_internazionali_femminili_di_palermo,2020_14_palermo_internazionali_femminili_di_palermo_2020-08-04_R32_pliskova_kr_sakkari_m,2020-0466_274,466,2020-0466,Palermo,R32,201697,Kristyna Pliskova,206289,Maria Sakkari,tournament_rank_unique,False,
tennis_data_uk,wta,2020,14,Internazionali Femminili di Palermo,Palermo,2020-08-04,international,True,clay,R32,32,3,Juvan K.,Vondrousova M.,121,18,557.0,2307.0,2,1,1,6,7,5,6,4,,,,,completed,2.62,1.44,2.99,1.44,3.1,1.49,2.82,1.41,2020_14_palermo_internazionali_femminili_di_palermo,2020_14_palermo_internazionali_femminili_di_palermo_2020-08-04_R32_juvan_k_vondrousova_m,2020-0466_270,466,2020-0466,Palermo,R32,215219,Kaja Juvan,214954,Marketa Vondrousova,tournament_rank_unique,False,
tennis_data_uk,wta,2020,14,Internazionali Femminili di Palermo,Palermo,2020-08-04,international,True,clay,R32,32,3,Sasnovich A.,Mertens E.,119,23,561.0,1950.0,2,0,6,4,6,1,,,,,,,completed,2.75,1.4,2.81,1.49,2.88,1.53,2.69,1.45,2020_14_palermo_internazionali_femminili_di_palermo,2020_14_palermo_internazionali_femminili_di_palermo_2020-08-04_R32_sasnovich_a_mertens_e,2020-0466_282,466,2020-0466,Palermo,R32,205925,Aliaksandra Sasnovich,210722,Elise Mertens,tournament_rank_unique,False,
tennis_data_uk,wta,2020,14,Internazionali Femminili di Palermo,Palermo,2020-08-04,international,True,clay,R32,32,3,Dodin O.,Zidansek T.,116,71,579.0,840.0,2,1,2,6,6,4,6,4,,,,,completed,2.5,1.5,2.49,1.59,2.65,1.59,2.47,1.53,2020_14_palermo_internazionali_femminili_di_palermo,2020_14_palermo_internazionali_femminili_di_palermo_2020-08-04_R32_dodin_o_zidansek_t,2020-0466_272,466,2020-0466,Palermo,R32,206219,Oceane Dodin,214461,Tamara Zidansek,tournament_rank_unique,False,
tennis_data_uk,wta,2020,14,Internazionali Femminili di Palermo,Palermo,2020-08-04,international,True,clay,R32,32,3,Samsonova L.,Flipkens K.,117,77,569.0,801.0,2,0,6,4,6,2,,,,,,,completed,1.22,4.0,1.29,3.98,1.43,4.2,1.33,3.26,2020_14_palermo_internazionali_femminili_di_palermo,2020_14_palermo_internazionali_femminili_di_palermo_2020-08-04_R32_samsonova_l_flipkens_k,2020-0466_284,466,2020-0466,Palermo,R32,214643,Liudmila Samsonova,201465,Kirsten Flipkens,tournament_rank_unique,False,
tennis_data_uk,wta,2020,14,Internazionali Femminili di Palermo,Palermo,2020-08-04,international,True,clay,R32,32,3,Ferro F.,Podoroska N.,53,175,1047.0,352.0,2,0,6,2,6,1,,,,,,,completed,1.4,2.75,1.4,3.19,1.44,3.19,1.39,2.92,2020_14_palermo_internazionali_femminili_di_palermo,2020_14_palermo_internazionali_femminili_di_palermo_2020-08-04_R32_ferro_f_podoroska_n,2020-0466_276,466,2020-0466,Palermo,R32,211539,Fiona Ferro,206408,Nadia Podoroska,tournament_rank_unique,False,
tennis_data_uk,wta,2020,14,Internazionali Femminili di Palermo,Palermo,2020-08-04,international,True,clay,R32,32,3,Martic P.,Van Uytvanck A.,15,57,2770.0,1035.0,2,0,6,0,6,3,,,,,,,completed,1.36,3.0,1.43,3.04,1.43,3.53,1.38,2.96,2020_14_palermo_internazionali_femminili_di_palermo,2020_14_palermo_internazionali_femminili_di_palermo_2020-08-04_R32_martic_p_van_uytvanck_a,2020-0466_285,466,2020-0466,Palermo,R32,201549,Petra Martic,202421,Alison Van Uytvanck,tournament_rank_unique,False,
tennis_data_uk,wta,2020,14,Internazionali Femminili di Palermo,Palermo,2020-08-04,international,True,clay,R32,32,3,Giorgi C.,Peterson R.,89,44,732.0,1225.0,2,0,7,5,6,4,,,,,,,completed,1.9,1.9,1.98,1.91,2.0,2.05,1.9,1.88,2020_14_palermo_internazionali_femminili_di_palermo,2020_14_palermo_internazionali_femminili_di_palermo_2020-08-04_R32_giorgi_c_peterson_r,2020-0466_271,466,2020-0466,Palermo,R32,202429,Camila Giorgi,202490,Rebecca Peterson,tournament_rank_unique,False,
tennis_data_uk,wta,2020,14,Internazionali Femminili di Palermo,Palermo,2020-08-04,international,True,clay,R32,32,3,Kontaveit A.,Tig P.M.,22,85,2010.0,759.0,2,0,6,3,6,3,,,,,,,completed,1.3,3.4,1.29,3.9,1.33,3.9,1.29,3.52,2020_14_palermo_internazionali_femminili_di_palermo,2020_14_palermo_internazionali_femminili_di_palermo_2020-08-04_R32_kontaveit_a_tig_p_m,2020-0466_281,466,2020-0466,Palermo,R32,204426,Anett Kontaveit,206255,Patricia Maria Tig,tournament_rank_unique,False,
tennis_data_uk,wta,2020,14,Internazionali Femminili di Palermo,Palermo,2020-08-05,international,True,clay,R16,16,3,Ferro F.,Alexandrova E.,53,27,1047.0,1775.0,2,0,7,5,6,2,,,,,,,completed,1.75,2.0,1.71,2.28,1.8,2.35,1.69,2.14,2020_14_palermo_internazionali_femminili_di_palermo,2020_14_palermo_internazionali_femminili_di_palermo_2020-08-05_R16_ferro_f_alexandrova_e,2020-0466_289,466,2020-0466,Palermo,R16,211539,Fiona Ferro,206420,Ekaterina Alexandrova,tournament_rank_unique,False,
tennis_data_uk,wta,2020,14,Internazionali Femminili di Palermo,Palermo,2020-08-05,international,True,clay,R16,16,3,Sasnovich A.,Paolini J.,119,95,561.0,689.0,2,0,6,0,6,2,,,,,,,completed,1.36,3.0,1.41,3.15,1.45,3.15,1.38,2.97,2020_14_palermo_internazionali_femminili_di_palermo,2020_14_palermo_internazionali_femminili_di_palermo_2020-08-05_R16_sasnovich_a_paolini_j,2020-0466_292,466,2020-0466,Palermo,R16,205925,Aliaksandra Sasnovich,211148,Jasmine Paolini,tournament_rank_unique,False,
tennis_data_uk,wta,2020,14,Internazionali Femminili di Palermo,Palermo,2020-08-05,international,True,clay,R16,16,3,Errani S.,Pliskova Kr.,167,69,368.0,880.0,2,1,3,6,6,4,6,3,,,,,completed,3.25,1.33,3.67,1.33,3.67,1.4,3.23,1.33,2020_14_palermo_internazionali_femminili_di_palermo,2020_14_palermo_internazionali_femminili_di_palermo_2020-08-05_R16_errani_s_pliskova_kr,2020-0466_288,466,2020-0466,Palermo,R16,201506,Sara Errani,201697,Kristyna Pliskova,tournament_rank_unique,False,
tennis_data_uk,wta,2020,14,Internazionali Femminili di Palermo,Palermo,2020-08-05,international,True,clay,R16,16,3,Cocciaretto E.,Vekic D.,156,24,402.0,1880.0,2,0,6,2,6,4,,,,,,,completed,4.5,1.18,4.17,1.27,4.6,1.3,3.86,1.25,2020_14_palermo_internazionali_femminili_di_palermo,2020_14_palermo_internazionali_femminili_di_palermo_2020-08-05_R16_cocciaretto_e_vekic_d,2020-0466_290,466,2020-0466,Palermo,R16,220714,Elisabetta Cocciaretto,202499,Donna Vekic,tournament_rank_unique,False,
tennis_data_uk,wta,2020,14,Internazionali Femminili di Palermo,Palermo,2020-08-06,international,True,clay,R16,16,3,Kontaveit A.,Siegemund L.,22,65,2010.0,910.0,2,1,3,6,6,2,6,2,,,,,completed,1.44,2.62,1.5,2.82,1.55,2.96,1.46,2.65,2020_14_palermo_internazionali_femminili_di_palermo,2020_14_palermo_internazionali_femminili_di_palermo_2020-08-06_R16_kontaveit_a_siegemund_l,2020-0466_291,466,2020-0466,Palermo,R16,204426,Anett Kontaveit,201696,Laura Siegemund,tournament_rank_unique,False,
tennis_data_uk,wta,2020,14,Internazionali Femminili di Palermo,Palermo,2020-08-06,international,True,clay,R16,16,3,Martic P.,Samsonova L.,15,117,2770.0,569.0,2,1,5,7,6,4,6,2,,,,,completed,1.33,3.25,1.4,3.23,1.4,3.5,1.33,3.23,2020_14_palermo_internazionali_femminili_di_palermo,2020_14_palermo_internazionali_femminili_di_palermo_2020-08-06_R16_martic_p_samsonova_l,2020-0466_293,466,2020-0466,Palermo,R16,201549,Petra Martic,214643,Liudmila Samsonova,tournament_rank_unique,False,
tennis_data_uk,wta,2020,14,Internazionali Femminili di Palermo,Palermo,2020-08-06,international,True,clay,R16,16,3,Giorgi C.,Juvan K.,89,121,732.0,557.0,2,1,3,6,6,2,6,4,,,,,completed,1.61,2.2,1.78,2.16,1.78,2.35,1.67,2.17,2020_14_palermo_internazionali_femminili_di_palermo,2020_14_palermo_internazionali_femminili_di_palermo_2020-08-06_R16_giorgi_c_juvan_k,2020-0466_286,466,2020-0466,Palermo,R16,202429,Camila Giorgi,215219,Kaja Juvan,tournament_rank_unique,False,
tennis_data_uk,wta,2020,14,Internazionali Femminili di Palermo,Palermo,2020-08-07,international,True,clay,R16,16,3,Yastremska D.,Dodin O.,25,116,1835.0,579.0,2,0,6,2,6,4,,,,,,,completed,1.25,3.75,1.27,4.19,1.29,4.22,1.25,3.8,2020_14_palermo_internazionali_femminili_di_palermo,2020_14_palermo_internazionali_femminili_di_palermo_2020-08-07_R16_yastremska_d_dodin_o,2020-0466_287,466,2020-0466,Palermo,R16,215035,Dayana Yastremska,206219,Oceane Dodin,tournament_rank_unique,False,
tennis_data_uk,wta,2020,14,Internazionali Femminili di Palermo,Palermo,2020-08-07,international,True,clay,QF,8,3,Martic P.,Sasnovich A.,15,119,2770.0,561.0,2,0,7,6,7,6,,,,,,,completed,1.57,2.25,1.64,2.41,1.66,2.45,1.59,2.32,2020_14_palermo_internazionali_femminili_di_palermo,2020_14_palermo_internazionali_femminili_di_palermo_2020-08-07_QF_martic_p_sasnovich_a,2020-0466_297,466,2020-0466,Palermo,QF,201549,Petra Martic,205925,Aliaksandra Sasnovich,tournament_rank_unique,False,
tennis_data_uk,wta,2020,14,Internazionali Femminili di Palermo,Palermo,2020-08-07,international,True,clay,QF,8,3,Kontaveit A.,Cocciaretto E.,22,156,2010.0,402.0,2,1,6,1,4,6,6,1,,,,,completed,1.36,3.0,1.36,3.46,1.4,3.46,1.35,3.13,2020_14_palermo_internazionali_femminili_di_palermo,2020_14_palermo_internazionali_femminili_di_palermo_2020-08-07_QF_kontaveit_a_cocciaretto_e,2020-0466_296,466,2020-0466,Palermo,QF,204426,Anett Kontaveit,220714,Elisabetta Cocciaretto,tournament_rank_unique,False,
tennis_data_uk,wta,2020,14,Internazionali Femminili di Palermo,Palermo,2020-08-07,international,True,clay,QF,8,3,Ferro F.,Errani S.,53,167,1047.0,368.0,2,0,6,4,6,1,,,,,,,completed,1.25,3.75,1.24,4.54,1.29,4.6,1.23,4.01,2020_14_palermo_internazionali_femminili_di_palermo,2020_14_palermo_internazionali_femminili_di_palermo_2020-08-07_QF_ferro_f_errani_s,2020-0466_295,466,2020-0466,Palermo,QF,211539,Fiona Ferro,201506,Sara Errani,tournament_rank_unique,False,
tennis_data_uk,wta,2020,14,Internazionali Femminili di Palermo,Palermo,2020-08-07,international,True,clay,QF,8,3,Giorgi C.,Yastremska D.,89,25,732.0,1835.0,2,1,4,6,7,6,6,3,,,,,completed,3.0,1.36,3.38,1.37,3.42,1.44,3.06,1.36,2020_14_palermo_internazionali_femminili_di_palermo,2020_14_palermo_internazionali_femminili_di_palermo_2020-08-07_QF_giorgi_c_yastremska_d,2020-0466_294,466,2020-0466,Palermo,QF,202429,Camila Giorgi,215035,Dayana Yastremska,tournament_rank_unique,False,
tennis_data_uk,wta,2020,14,Internazionali Femminili di Palermo,Palermo,2020-08-08,international,True,clay,SF,4,3,Kontaveit A.,Martic P.,22,15,2010.0,2770.0,2,0,6,2,6,4,,,,,,,completed,2.2,1.66,1.97,1.93,2.33,1.93,2.19,1.66,2020_14_palermo_internazionali_femminili_di_palermo,2020_14_palermo_internazionali_femminili_di_palermo_2020-08-08_SF_kontaveit_a_martic_p,2020-0466_299,466,2020-0466,Palermo,SF,204426,Anett Kontaveit,201549,Petra Martic,tournament_rank_unique,False,
tennis_data_uk,wta,2020,14,Internazionali Femminili di Palermo,Palermo,2020-08-08,international,True,clay,SF,4,3,Ferro F.,Giorgi C.,53,89,1047.0,732.0,2,1,2,6,6,2,7,5,,,,,completed,1.57,2.37,1.54,2.65,1.7,2.65,1.58,2.37,2020_14_palermo_internazionali_femminili_di_palermo,2020_14_palermo_internazionali_femminili_di_palermo_2020-08-08_SF_ferro_f_giorgi_c,2020-0466_298,466,2020-0466,Palermo,SF,211539,Fiona Ferro,202429,Camila Giorgi,tournament_rank_unique,False,
tennis_data_uk,wta,2020,14,Internazionali Femminili di Palermo,Palermo,2020-08-09,international,True,clay,F,2,3,Ferro F.,Kontaveit A.,53,22,1047.0,2010.0,2,0,6,2,7,5,,,,,,,completed,2.1,1.66,2.18,1.77,2.5,1.84,2.09,1.73,2020_14_palermo_internazionali_femminili_di_palermo,2020_14_palermo_internazionali_femminili_di_palermo_2020-08-09_F_ferro_f_kontaveit_a,2020-0466_300,466,2020-0466,Palermo,F,211539,Fiona Ferro,204426,Anett Kontaveit,tournament_rank_unique,False,
tennis_data_uk,wta,2020,15,Top Seed Open,Lexington,2020-08-10,international,True,hard,R32,32,3,Bouzkova M.,Konta J.,48,15,1147.0,2803.0,2,0,6,4,6,4,,,,,,,completed,1.8,1.9,1.98,1.91,2.0,2.07,1.86,1.92,2020_15_lexington_top_seed_open,2020_15_lexington_top_seed_open_2020-08-10_R32_bouzkova_m_konta_j,2020-2022_274,2022,2020-2022,Lexington,R32,213631,Marie Bouzkova,202427,Johanna Konta,tournament_rank_unique,False,
tennis_data_uk,wta,2020,15,Top Seed Open,Lexington,2020-08-10,international,True,hard,R32,32,3,Linette M.,Davis L.,36,62,1472.0,967.0,2,0,6,2,6,3,,,,,,,completed,1.61,2.2,1.83,2.08,1.83,2.2,1.74,2.04,2020_15_lexington_top_seed_open,2020_15_lexington_top_seed_open_2020-08-10_R32_linette_m_davis_l,2020-2022_277,2022,2020-2022,Lexington,R32,202663,Magda Linette,201616,Lauren Davis,tournament_rank_unique,False,
tennis_data_uk,wta,2020,15,Top Seed Open,Lexington,2020-08-10,international,True,hard,R32,32,3,Brady J.,Watson H.,49,51,1144.0,1122.0,2,0,6,2,6,1,,,,,,,completed,1.4,2.75,1.49,2.79,1.5,3.42,1.44,2.74,2020_15_lexington_top_seed_open,2020_15_lexington_top_seed_open_2020-08-10_R32_brady_j_watson_h,2020-2022_276,2022,2020-2022,Lexington,R32,206108,Jennifer Brady,201586,Heather Watson,tournament_rank_unique,False,
tennis_data_uk,wta,2020,15,Top Seed Open,Lexington,2020-08-11,international,True,hard,R32,32,3,Jabeur O.,Mcnally C.,39,124,1373.0,544.0,2,0,6,2,6,4,,,,,,,completed,1.66,2.1,1.59,2.5,1.66,2.63,1.58,2.34,2020_15_lexington_top_seed_open,2020_15_lexington_top_seed_open_2020-08-11_R32_jabeur_o_mcnally_c,2020-2022_273,2022,2020-2022,Lexington,R32,202460,Ons Jabeur,216083,Caty Mcnally,tournament_rank_unique,False,
tennis_data_uk,wta,2020,15,Top Seed Open,Lexington,2020-08-11,international,True,hard,R32,32,3,Pegula J.,Zvonareva V.,81,267,783.0,215.0,2,1,6,1,5,7,6,4,,,,,completed,1.28,3.5,1.39,3.24,1.42,3.72,1.36,3.09,2020_15_lexington_top_seed_open,2020_15_lexington_top_seed_open_2020-08-11_R32_pegula_j_zvonareva_v,2020-2022_280,2022,2020-2022,Lexington,R32,202468,Jessica Pegula,201329,Vera Zvonareva,tournament_rank_unique,False,
tennis_data_uk,wta,2020,15,Top Seed Open,Lexington,2020-08-11,international,True,hard,R32,32,3,Sabalenka A.,Brengle M.,11,80,3615.0,786.0,2,1,6,1,6,7,6,2,,,,,completed,1.22,4.0,1.23,4.66,1.25,5.1,1.2,4.42,2020_15_lexington_top_seed_open,2020_15_lexington_top_seed_open_2020-08-11_R32_sabalenka_a_brengle_m,2020-2022_270,2022,2020-2022,Lexington,R32,214544,Aryna Sabalenka,201483,Madison Brengle,tournament_rank_unique,False,
tennis_data_uk,wta,2020,15,Top Seed Open,Lexington,2020-08-11,international,True,hard,R32,32,3,Blinkova A.,Ahn K.,61,96,969.0,668.0,1,1,2,6,6,4,3,1,,,,,retired,1.53,2.37,1.58,2.52,1.65,2.52,1.57,2.38,2020_15_lexington_top_seed_open,2020_15_lexington_top_seed_open_2020-08-11_R32_blinkova_a_ahn_k,2020-2022_275,2022,2020-2022,Lexington,R32,215020,Anna Blinkova,201529,Kristie Ahn,tournament_rank_unique,False,
tennis_data_uk,wta,2020,15,Top Seed Open,Lexington,2020-08-11,international,True,hard,R32,32,3,Bellis C.,Di Lorenzo F.,302,128,180.0,520.0,2,0,6,1,6,2,,,,,,,completed,,,,,,,,,2020_15_lexington_top_seed_open,2020_15_lexington_top_seed_open_2020-08-11_R32_bellis_c_di_lorenzo_f,2020-2022_281,2022,2020-2022,Lexington,R32,214263,Catherine Cartan Bellis,215371,Francesca Di Lorenzo,tournament_rank_unique,False,
tennis_data_uk,wta,2020,15,Top Seed Open,Lexington,2020-08-11,international,True,hard,R32,32,3,Williams S.,Pera B.,9,60,3915.0,985.0,2,1,4,6,6,4,6,1,,,,,completed,1.2,4.33,1.23,4.68,1.25,4.8,1.2,4.38,2020_15_lexington_top_seed_open,2020_15_lexington_top_seed_open_2020-08-11_R32_williams_s_pera_b,2020-2022_285,2022,2020-2022,Lexington,R32,200033,Serena Williams,211095,Bernarda Pera,tournament_rank_unique,False,
tennis_data_uk,wta,2020,15,Top Seed Open,Lexington,2020-08-11,international,True,hard,R32,32,3,Teichmann J.,Kalinskaya A.,63,114,924.0,596.0,2,0,6,2,7,5,,,,,,,completed,2.25,1.57,2.05,1.85,2.31,1.85,2.15,1.69,2020_15_lexington_top_seed_open,2020_15_lexington_top_seed_open_2020-08-11_R32_teichmann_j_kalinskaya_a,2020-2022_279,2022,2020-2022,Lexington,R32,213525,Jil Teichmann,214939,Anna Kalinskaya,tournament_rank_unique,False,
tennis_data_uk,wta,2020,15,Top Seed Open,Lexington,2020-08-11,international,True,hard,R32,32,3,Govortsova O.,Mattek-Sands B.,135,358,477.0,131.0,2,0,7,6,6,1,,,,,,,completed,1.57,2.25,1.58,2.52,1.7,2.56,1.6,2.31,2020_15_lexington_top_seed_open,2020_15_lexington_top_seed_open_2020-08-11_R32_govortsova_o_mattek_sands_b,2020-2022_272,2022,2020-2022,Lexington,R32,201501,Olga Govortsova,201318,Bethanie Mattek Sands,tournament_rank_unique,False,
tennis_data_uk,wta,2020,15,Top Seed Open,Lexington,2020-08-11,international,True,hard,R32,32,3,Gauff C.,Dolehide C.,53,134,1081.0,480.0,2,0,7,5,7,5,,,,,,,completed,1.5,2.5,1.58,2.51,1.6,2.55,1.55,2.42,2020_15_lexington_top_seed_open,2020_15_lexington_top_seed_open_2020-08-11_R32_gauff_c_dolehide_c,2020-2022_271,2022,2020-2022,Lexington,R32,221103,Coco Gauff,214452,Caroline Dolehide,tournament_rank_unique,False,
tennis_data_uk,wta,2020,15,Top Seed Open,Lexington,2020-08-11,international,True,hard,R32,32,3,Putintseva Y.,Tomljanovic A.,33,56,1525.0,1035.0,2,0,6,0,6,4,,,,,,,completed,2.1,1.66,2.14,1.78,2.2,1.85,2.09,1.73,2020_15_lexington_top_seed_open,2020_15_lexington_top_seed_open_2020-08-11_R32_putintseva_y_tomljanovic_a,2020-2022_278,2022,2020-2022,Lexington,R32,201709,Yulia Putintseva,201548,Ajla Tomljanovic,tournament_rank_unique,False,
tennis_data_uk,wta,2020,15,Top Seed Open,Lexington,2020-08-11,international,True,hard,R32,32,3,Rogers S.,Doi M.,116,77,586.0,818.0,2,1,6,4,4,6,6,2,,,,,completed,1.44,2.62,1.49,2.8,1.53,2.8,1.47,2.64,2020_15_lexington_top_seed_open,2020_15_lexington_top_seed_open_2020-08-11_R32_rogers_s_doi_m,2020-2022_283,2022,2020-2022,Lexington,R32,201603,Shelby Rogers,201595,Misaki Doi,tournament_rank_unique,False,
tennis_data_uk,wta,2020,15,Top Seed Open,Lexington,2020-08-11,international,True,hard,R32,32,3,Williams V.,Azarenka V.,67,58,900.0,992.0,2,0,6,3,6,2,,,,,,,completed,2.2,1.61,2.4,1.63,2.4,1.71,2.23,1.64,2020_15_lexington_top_seed_open,2020_15_lexington_top_seed_open_2020-08-11_R32_williams_v_azarenka_v,2020-2022_284,2022,2020-2022,Lexington,R32,200748,Venus Williams,201458,Victoria Azarenka,tournament_rank_unique,False,
tennis_data_uk,wta,2020,15,Top Seed Open,Lexington,2020-08-12,international,True,hard,R32,32,3,Fernandez L.,Stephens S.,120,37,569.0,1453.0,2,0,6,3,6,3,,,,,,,completed,1.61,2.2,1.74,2.2,1.77,2.34,1.68,2.16,2020_15_lexington_top_seed_open,2020_15_lexington_top_seed_open_2020-08-12_R32_fernandez_l_stephens_s,2020-2022_282,2022,2020-2022,Lexington,R32,220367,Leylah Fernandez,201585,Sloane Stephens,tournament_rank_unique,False,
tennis_data_uk,wta,2020,15,Top Seed Open,Lexington,2020-08-12,international,True,hard,R16,16,3,Jabeur O.,Govortsova O.,39,135,1373.0,477.0,2,1,3,6,6,2,6,4,,,,,completed,1.44,2.62,1.52,2.74,1.57,2.9,1.47,2.66,2020_15_lexington_top_seed_open,2020_15_lexington_top_seed_open_2020-08-12_R16_jabeur_o_govortsova_o,2020-2022_287,2022,2020-2022,Lexington,R16,202460,Ons Jabeur,201501,Olga Govortsova,tournament_rank_unique,False,
tennis_data_uk,wta,2020,15,Top Seed Open,Lexington,2020-08-12,international,True,hard,R16,16,3,Bouzkova M.,Blinkova A.,48,61,1147.0,969.0,2,0,6,4,6,2,,,,,,,completed,1.33,3.25,1.41,3.17,1.46,3.35,1.37,3.03,2020_15_lexington_top_seed_open,2020_15_lexington_top_seed_open_2020-08-12_R16_bouzkova_m_blinkova_a,2020-2022_288,2022,2020-2022,Lexington,R16,213631,Marie Bouzkova,215020,Anna Blinkova,tournament_rank_unique,False,
tennis_data_uk,wta,2020,15,Top Seed Open,Lexington,2020-08-12,international,True,hard,R16,16,3,Gauff C.,Sabalenka A.,53,11,1081.0,3615.0,2,1,7,6,4,6,6,4,,,,,completed,2.37,1.53,2.49,1.61,2.6,1.61,2.46,1.53,2020_15_lexington_top_seed_open,2020_15_lexington_top_seed_open_2020-08-12_R16_gauff_c_sabalenka_a,2020-2022_286,2022,2020-2022,Lexington,R16,221103,Coco Gauff,214544,Aryna Sabalenka,tournament_rank_unique,False,
tennis_data_uk,wta,2020,15,Top Seed Open,Lexington,2020-08-13,international,True,hard,R16,16,3,Brady J.,Linette M.,49,36,1144.0,1472.0,2,0,6,2,6,3,,,,,,,completed,1.44,2.62,1.5,2.79,1.56,2.79,1.48,2.6,2020_15_lexington_top_seed_open,2020_15_lexington_top_seed_open_2020-08-13_R16_brady_j_linette_m,2020-2022_289,2022,2020-2022,Lexington,R16,206108,Jennifer Brady,202663,Magda Linette,tournament_rank_unique,False,
tennis_data_uk,wta,2020,15,Top Seed Open,Lexington,2020-08-13,international,True,hard,R16,16,3,Teichmann J.,Putintseva Y.,63,33,924.0,1525.0,2,0,6,2,6,2,,,,,,,completed,2.75,1.4,3.22,1.4,3.22,1.45,2.89,1.4,2020_15_lexington_top_seed_open,2020_15_lexington_top_seed_open_2020-08-13_R16_teichmann_j_putintseva_y,2020-2022_290,2022,2020-2022,Lexington,R16,213525,Jil Teichmann,201709,Yulia Putintseva,tournament_rank_unique,False,
tennis_data_uk,wta,2020,15,Top Seed Open,Lexington,2020-08-13,international,True,hard,R16,16,3,Williams S.,Williams V.,9,67,3915.0,900.0,2,1,3,6,6,3,6,4,,,,,completed,1.4,2.75,1.4,3.2,1.46,3.2,1.4,2.9,2020_15_lexington_top_seed_open,2020_15_lexington_top_seed_open_2020-08-13_R16_williams_s_williams_v,2020-2022_293,2022,2020-2022,Lexington,R16,200033,Serena Williams,200748,Venus Williams,tournament_rank_unique,False,
tennis_data_uk,wta,2020,15,Top Seed Open,Lexington,2020-08-13,international,True,hard,R16,16,3,Bellis C.,Pegula J.,302,81,180.0,783.0,2,0,6,3,6,2,,,,,,,completed,2.0,1.75,2.12,1.81,2.2,1.91,2.02,1.77,2020_15_lexington_top_seed_open,2020_15_lexington_top_seed_open_2020-08-13_R16_bellis_c_pegula_j,2020-2022_291,2022,2020-2022,Lexington,R16,214263,Catherine Cartan Bellis,202468,Jessica Pegula,tournament_rank_unique,False,
tennis_data_uk,wta,2020,15,Top Seed Open,Lexington,2020-08-14,international,True,hard,R16,16,3,Rogers S.,Fernandez L.,116,120,586.0,569.0,2,0,6,2,7,5,,,,,,,completed,2.5,1.5,2.61,1.56,2.65,1.57,2.49,1.52,2020_15_lexington_top_seed_open,2020_15_lexington_top_seed_open_2020-08-14_R16_rogers_s_fernandez_l,2020-2022_292,2022,2020-2022,Lexington,R16,201603,Shelby Rogers,220367,Leylah Fernandez,tournament_rank_unique,False,
tennis_data_uk,wta,2020,15,Top Seed Open,Lexington,2020-08-14,international,True,hard,QF,8,3,Teichmann J.,Bellis C.,63,302,924.0,180.0,2,0,6,2,6,4,,,,,,,completed,2.37,1.53,2.95,1.46,2.95,1.53,2.8,1.43,2020_15_lexington_top_seed_open,2020_15_lexington_top_seed_open_2020-08-14_QF_teichmann_j_bellis_c,2020-2022_296,2022,2020-2022,Lexington,QF,213525,Jil Teichmann,214263,Catherine Cartan Bellis,tournament_rank_unique,False,
tennis_data_uk,wta,2020,15,Top Seed Open,Lexington,2020-08-14,international,True,hard,QF,8,3,Rogers S.,Williams S.,116,9,586.0,3915.0,2,1,1,6,6,4,7,6,,,,,completed,3.75,1.25,4.07,1.28,4.1,1.3,3.72,1.26,2020_15_lexington_top_seed_open,2020_15_lexington_top_seed_open_2020-08-14_QF_rogers_s_williams_s,2020-2022_297,2022,2020-2022,Lexington,QF,201603,Shelby Rogers,200033,Serena Williams,tournament_rank_unique,False,
tennis_data_uk,wta,2020,15,Top Seed Open,Lexington,2020-08-14,international,True,hard,QF,8,3,Brady J.,Bouzkova M.,49,48,1144.0,1147.0,2,0,6,1,6,2,,,,,,,completed,1.5,2.5,1.56,2.61,1.58,2.61,1.52,2.49,2020_15_lexington_top_seed_open,2020_15_lexington_top_seed_open_2020-08-14_QF_brady_j_bouzkova_m,2020-2022_295,2022,2020-2022,Lexington,QF,206108,Jennifer Brady,213631,Marie Bouzkova,tournament_rank_unique,False,
tennis_data_uk,wta,2020,15,Top Seed Open,Lexington,2020-08-15,international,True,hard,QF,8,3,Gauff C.,Jabeur O.,53,39,1081.0,1373.0,2,1,4,6,6,4,6,1,,,,,completed,1.66,2.1,1.68,2.34,1.76,2.35,1.65,2.21,2020_15_lexington_top_seed_open,2020_15_lexington_top_seed_open_2020-08-15_QF_gauff_c_jabeur_o,2020-2022_294,2022,2020-2022,Lexington,QF,221103,Coco Gauff,202460,Ons Jabeur,tournament_rank_unique,False,
tennis_data_uk,wta,2020,15,Top Seed Open,Lexington,2020-08-15,international,True,hard,SF,4,3,Teichmann J.,Rogers S.,63,116,924.0,586.0,2,0,6,3,6,2,,,,,,,completed,2.1,1.72,2.22,1.74,2.28,1.89,2.11,1.72,2020_15_lexington_top_seed_open,2020_15_lexington_top_seed_open_2020-08-15_SF_teichmann_j_rogers_s,2020-2022_299,2022,2020-2022,Lexington,SF,213525,Jil Teichmann,201603,Shelby Rogers,tournament_rank_unique,False,
tennis_data_uk,wta,2020,15,Top Seed Open,Lexington,2020-08-15,international,True,hard,SF,4,3,Brady J.,Gauff C.,49,53,1144.0,1081.0,2,0,6,2,6,4,,,,,,,completed,1.61,2.3,1.58,2.56,1.73,2.56,1.62,2.28,2020_15_lexington_top_seed_open,2020_15_lexington_top_seed_open_2020-08-15_SF_brady_j_gauff_c,2020-2022_298,2022,2020-2022,Lexington,SF,206108,Jennifer Brady,221103,Coco Gauff,tournament_rank_unique,False,
tennis_data_uk,wta,2020,15,Top Seed Open,Lexington,2020-08-16,international,True,hard,F,2,3,Brady J.,Teichmann J.,49,63,1144.0,924.0,2,0,6,3,6,4,,,,,,,completed,1.36,3.0,1.36,3.46,1.4,3.75,1.34,3.24,2020_15_lexington_top_seed_open,2020_15_lexington_top_seed_open_2020-08-16_F_brady_j_teichmann_j,2020-2022_300,2022,2020-2022,Lexington,F,206108,Jennifer Brady,213525,Jil Teichmann,tournament_rank_unique,False,
tennis_data_uk,wta,2020,16,J&T Banka Prague Open,Prague,2020-08-10,international,True,clay,R32,32,3,Bouchard E.,Kudermetova V.,330,40,155.0,1373.0,2,0,6,0,6,3,,,,,,,completed,2.5,1.5,2.55,1.57,2.56,1.59,2.45,1.53,2020_16_prague_j_t_banka_prague_open,2020_16_prague_j_t_banka_prague_open_2020-08-10_R32_bouchard_e_kudermetova_v,2020-1082_277,1082,2020-1082,Prague,R32,202446,Eugenie Bouchard,206368,Veronika Kudermetova,tournament_rank_unique,False,
tennis_data_uk,wta,2020,16,J&T Banka Prague Open,Prague,2020-08-11,international,True,clay,R32,32,3,Martic P.,Gracheva V.,14,101,2850.0,646.0,2,0,7,6,6,3,,,,,,,completed,1.22,4.0,1.29,3.96,1.3,4.2,1.26,3.82,2020_16_prague_j_t_banka_prague_open,2020_16_prague_j_t_banka_prague_open_2020-08-11_R32_martic_p_gracheva_v,2020-1082_270,1082,2020-1082,Prague,R32,201549,Petra Martic,219875,Varvara Gracheva,tournament_rank_unique,False,
tennis_data_uk,wta,2020,16,J&T Banka Prague Open,Prague,2020-08-11,international,True,clay,R32,32,3,Mertens E.,Paolini J.,23,95,1950.0,689.0,2,1,7,5,4,6,6,3,,,,,completed,1.25,3.75,1.3,3.82,1.3,4.0,1.27,3.67,2020_16_prague_j_t_banka_prague_open,2020_16_prague_j_t_banka_prague_open_2020-08-11_R32_mertens_e_paolini_j,2020-1082_274,1082,2020-1082,Prague,R32,210722,Elise Mertens,211148,Jasmine Paolini,tournament_rank_unique,False,
tennis_data_uk,wta,2020,16,J&T Banka Prague Open,Prague,2020-08-11,international,True,clay,R32,32,3,Begu I.,Sevastova A.,82,43,777.0,1288.0,2,0,6,2,6,2,,,,,,,completed,1.83,1.83,2.72,1.51,2.93,1.83,2.71,1.46,2020_16_prague_j_t_banka_prague_open,2020_16_prague_j_t_banka_prague_open_2020-08-11_R32_begu_i_sevastova_a,2020-1082_281,1082,2020-1082,Prague,R32,201593,Irina Camelia Begu,201545,Anastasija Sevastova,tournament_rank_unique,False,
tennis_data_uk,wta,2020,16,J&T Banka Prague Open,Prague,2020-08-11,international,True,clay,R32,32,3,Rus A.,Pavlyuchenkova A.,70,30,869.0,1540.0,2,0,7,5,6,2,,,,,,,completed,4.0,1.22,3.7,1.32,4.33,1.32,3.83,1.25,2020_16_prague_j_t_banka_prague_open,2020_16_prague_j_t_banka_prague_open_2020-08-11_R32_rus_a_pavlyuchenkova_a,2020-1082_282,1082,2020-1082,Prague,R32,201551,Arantxa Rus,201499,Anastasia Pavlyuchenkova,tournament_rank_unique,False,
tennis_data_uk,wta,2020,16,J&T Banka Prague Open,Prague,2020-08-11,international,True,clay,R32,32,3,Pliskova Kr.,Fruhvirtova L.,69,820,880.0,23.0,2,0,6,2,7,5,,,,,,,completed,1.12,6.0,1.22,4.83,1.2,6.35,1.15,5.21,2020_16_prague_j_t_banka_prague_open,2020_16_prague_j_t_banka_prague_open_2020-08-11_R32_pliskova_kr_fruhvirtova_l,2020-1082_271,1082,2020-1082,Prague,R32,201697,Kristyna Pliskova,222258,Linda Fruhvirtova,tournament_rank_unique,False,
tennis_data_uk,wta,2020,16,J&T Banka Prague Open,Prague,2020-08-11,international,True,clay,R32,32,3,Krejcikova B.,Tig P.M.,118,86,580.0,759.0,2,0,6,4,6,3,,,,,,,completed,1.61,2.2,1.7,2.26,1.8,2.3,1.66,2.19,2020_16_prague_j_t_banka_prague_open,2020_16_prague_j_t_banka_prague_open_2020-08-11_R32_krejcikova_b_tig_p_m,2020-1082_284,1082,2020-1082,Prague,R32,206252,Barbora Krejcikova,206255,Patricia Maria Tig,tournament_rank_unique,False,
tennis_data_uk,wta,2020,16,J&T Banka Prague Open,Prague,2020-08-11,international,True,clay,R32,32,3,Tsurenko L.,Alexandrova E.,139,27,460.0,1775.0,2,0,6,2,6,4,,,,,,,completed,2.62,1.44,2.87,1.46,3.0,1.51,2.75,1.44,2020_16_prague_j_t_banka_prague_open,2020_16_prague_j_t_banka_prague_open_2020-08-11_R32_tsurenko_l_alexandrova_e,2020-1082_273,1082,2020-1082,Prague,R32,201615,Lesia Tsurenko,206420,Ekaterina Alexandrova,tournament_rank_unique,False,
tennis_data_uk,wta,2020,16,J&T Banka Prague Open,Prague,2020-08-11,international,True,clay,R32,32,3,Halep S.,Hercog P.,2,46,6076.0,1205.0,2,1,6,1,1,6,7,6,,,,,completed,1.18,4.5,1.21,4.92,1.23,5.0,1.19,4.53,2020_16_prague_j_t_banka_prague_open,2020_16_prague_j_t_banka_prague_open_2020-08-11_R32_halep_s_hercog_p,2020-1082_285,1082,2020-1082,Prague,R32,201594,Simona Halep,201555,Polona Hercog,tournament_rank_unique,False,
tennis_data_uk,wta,2020,16,J&T Banka Prague Open,Prague,2020-08-11,international,True,clay,R32,32,3,Giorgi C.,Kostyuk M.,71,140,841.0,460.0,2,1,4,6,6,2,7,6,,,,,completed,1.66,2.1,1.81,2.08,1.91,2.14,1.81,1.98,2020_16_prague_j_t_banka_prague_open,2020_16_prague_j_t_banka_prague_open_2020-08-11_R32_giorgi_c_kostyuk_m,2020-1082_275,1082,2020-1082,Prague,R32,202429,Camila Giorgi,216146,Marta Kostyuk,tournament_rank_unique,False,
tennis_data_uk,wta,2020,16,J&T Banka Prague Open,Prague,2020-08-11,international,True,clay,R32,32,3,Frech M.,Ruse E.G.,174,173,360.0,360.0,2,0,7,6,6,3,,,,,,,completed,1.61,2.2,1.65,2.34,1.75,2.46,1.67,2.18,2020_16_prague_j_t_banka_prague_open,2020_16_prague_j_t_banka_prague_open_2020-08-11_R32_frech_m_ruse_e_g,2020-1082_283,1082,2020-1082,Prague,R32,211684,Magdalena Frech,211817,Elena Gabriela Ruse,tournament_rank_unique,False,
tennis_data_uk,wta,2020,16,J&T Banka Prague Open,Prague,2020-08-11,international,True,clay,R32,32,3,Sorribes Tormo S.,Strycova B.,84,31,763.0,1530.0,2,0,7,6,6,1,,,,,,,completed,1.95,1.8,1.92,1.97,2.07,1.97,1.93,1.84,2020_16_prague_j_t_banka_prague_open,2020_16_prague_j_t_banka_prague_open_2020-08-11_R32_sorribes_tormo_s_strycova_b,2020-1082_278,1082,2020-1082,Prague,R32,204427,Sara Sorribes Tormo,201366,Barbora Strycova,tournament_rank_unique,False,
tennis_data_uk,wta,2020,16,J&T Banka Prague Open,Prague,2020-08-11,international,True,clay,R32,32,3,Bogdan A.,Sanders S.,92,275,710.0,207.0,2,0,6,1,6,1,,,,,,,completed,1.22,4.0,1.29,3.91,1.29,4.5,1.24,3.97,2020_16_prague_j_t_banka_prague_open,2020_16_prague_j_t_banka_prague_open_2020-08-11_R32_bogdan_a_sanders_s,2020-1082_272,1082,2020-1082,Prague,R32,202536,Ana Bogdan,204411,Storm Hunter,tournament_rank_unique,False,
tennis_data_uk,wta,2020,16,J&T Banka Prague Open,Prague,2020-08-11,international,True,clay,R32,32,3,Kung L.,Bolsova A.,157,102,408.0,645.0,2,0,6,4,6,3,,,,,,,completed,1.95,1.8,2.31,1.66,2.31,1.8,2.2,1.66,2020_16_prague_j_t_banka_prague_open,2020_16_prague_j_t_banka_prague_open_2020-08-11_R32_kung_l_bolsova_a,2020-1082_280,1082,2020-1082,Prague,R32,215259,Leonie Kung,211901,Aliona Bolsova,tournament_rank_unique,False,
tennis_data_uk,wta,2020,16,J&T Banka Prague Open,Prague,2020-08-12,international,True,clay,R32,32,3,Siegemund L.,Sherif M.,65,172,911.0,362.0,2,1,4,6,6,0,6,1,,,,,completed,1.33,3.25,1.3,3.8,1.43,3.8,1.35,3.26,2020_16_prague_j_t_banka_prague_open,2020_16_prague_j_t_banka_prague_open_2020-08-12_R32_siegemund_l_sherif_m,2020-1082_279,1082,2020-1082,Prague,R32,201696,Laura Siegemund,210886,Mayar Sherif,tournament_rank_unique,False,
tennis_data_uk,wta,2020,16,J&T Banka Prague Open,Prague,2020-08-12,international,True,clay,R32,32,3,Zidansek T.,Siniakova K.,72,54,840.0,1045.0,2,1,6,3,3,6,6,0,,,,,completed,1.8,1.95,2.02,1.87,2.0,1.95,1.88,1.88,2020_16_prague_j_t_banka_prague_open,2020_16_prague_j_t_banka_prague_open_2020-08-12_R32_zidansek_t_siniakova_k,2020-1082_276,1082,2020-1082,Prague,R32,214461,Tamara Zidansek,211701,Katerina Siniakova,tournament_rank_unique,False,
tennis_data_uk,wta,2020,16,J&T Banka Prague Open,Prague,2020-08-12,international,True,clay,R16,16,3,Pliskova Kr.,Martic P.,69,14,880.0,2850.0,2,0,6,1,7,5,,,,,,,completed,2.62,1.44,2.8,1.5,2.8,1.53,2.65,1.47,2020_16_prague_j_t_banka_prague_open,2020_16_prague_j_t_banka_prague_open_2020-08-12_R16_pliskova_kr_martic_p,2020-1082_286,1082,2020-1082,Prague,R16,201697,Kristyna Pliskova,201549,Petra Martic,tournament_rank_unique,False,
tennis_data_uk,wta,2020,16,J&T Banka Prague Open,Prague,2020-08-12,international,True,clay,R16,16,3,Bogdan A.,Tsurenko L.,92,139,710.0,460.0,,,,,,,,,,,,,walkover,2.1,1.66,2.01,1.89,2.14,1.89,2.04,1.76,2020_16_prague_j_t_banka_prague_open,2020_16_prague_j_t_banka_prague_open_2020-08-12_R16_bogdan_a_tsurenko_l,2020-1082_287,1082,2020-1082,Prague,R16,202536,Ana Bogdan,201615,Lesia Tsurenko,tournament_rank_unique,False,
tennis_data_uk,wta,2020,16,J&T Banka Prague Open,Prague,2020-08-12,international,True,clay,R16,16,3,Mertens E.,Giorgi C.,23,71,1950.0,841.0,2,0,6,4,6,2,,,,,,,completed,1.66,2.1,1.88,2.03,1.88,2.15,1.77,2.03,2020_16_prague_j_t_banka_prague_open,2020_16_prague_j_t_banka_prague_open_2020-08-12_R16_mertens_e_giorgi_c,2020-1082_288,1082,2020-1082,Prague,R16,210722,Elise Mertens,202429,Camila Giorgi,tournament_rank_unique,False,
tennis_data_uk,wta,2020,16,J&T Banka Prague Open,Prague,2020-08-13,international,True,clay,R16,16,3,Bouchard E.,Zidansek T.,330,72,155.0,840.0,2,1,7,6,6,7,6,2,,,,,completed,2.2,1.61,2.19,1.76,2.2,1.8,2.1,1.72,2020_16_prague_j_t_banka_prague_open,2020_16_prague_j_t_banka_prague_open_2020-08-13_R16_bouchard_e_zidansek_t,2020-1082_289,1082,2020-1082,Prague,R16,202446,Eugenie Bouchard,214461,Tamara Zidansek,tournament_rank_unique,False,
tennis_data_uk,wta,2020,16,J&T Banka Prague Open,Prague,2020-08-13,international,True,clay,R16,16,3,Sorribes Tormo S.,Siegemund L.,84,65,763.0,911.0,2,0,6,2,6,3,,,,,,,completed,1.9,1.9,1.92,1.99,1.95,2.0,1.88,1.91,2020_16_prague_j_t_banka_prague_open,2020_16_prague_j_t_banka_prague_open_2020-08-13_R16_sorribes_tormo_s_siegemund_l,2020-1082_290,1082,2020-1082,Prague,R16,204427,Sara Sorribes Tormo,201696,Laura Siegemund,tournament_rank_unique,False,
tennis_data_uk,wta,2020,16,J&T Banka Prague Open,Prague,2020-08-13,international,True,clay,R16,16,3,Frech M.,Rus A.,174,70,360.0,869.0,2,1,6,3,2,6,6,4,,,,,completed,2.2,1.61,2.27,1.71,2.27,1.73,2.16,1.68,2020_16_prague_j_t_banka_prague_open,2020_16_prague_j_t_banka_prague_open_2020-08-13_R16_frech_m_rus_a,2020-1082_292,1082,2020-1082,Prague,R16,211684,Magdalena Frech,201551,Arantxa Rus,tournament_rank_unique,False,
tennis_data_uk,wta,2020,16,J&T Banka Prague Open,Prague,2020-08-13,international,True,clay,R16,16,3,Halep S.,Krejcikova B.,2,118,6076.0,580.0,2,1,3,6,7,5,6,2,,,,,completed,1.2,4.33,1.21,4.98,1.25,5.35,1.19,4.6,2020_16_prague_j_t_banka_prague_open,2020_16_prague_j_t_banka_prague_open_2020-08-13_R16_halep_s_krejcikova_b,2020-1082_293,1082,2020-1082,Prague,R16,201594,Simona Halep,206252,Barbora Krejcikova,tournament_rank_unique,False,
tennis_data_uk,wta,2020,16,J&T Banka Prague Open,Prague,2020-08-14,international,True,clay,R16,16,3,Begu I.,Kung L.,82,157,777.0,408.0,2,1,6,7,7,5,7,6,,,,,completed,1.33,3.25,1.36,3.47,1.36,3.55,1.33,3.27,2020_16_prague_j_t_banka_prague_open,2020_16_prague_j_t_banka_prague_open_2020-08-14_R16_begu_i_kung_l,2020-1082_291,1082,2020-1082,Prague,R16,201593,Irina Camelia Begu,215259,Leonie Kung,tournament_rank_unique,False,
tennis_data_uk,wta,2020,16,J&T Banka Prague Open,Prague,2020-08-14,international,True,clay,QF,8,3,Pliskova Kr.,Bogdan A.,69,92,880.0,710.0,0,0,2,5,,,,,,,,,retired,1.36,3.0,1.5,2.79,1.5,3.05,1.43,2.78,2020_16_prague_j_t_banka_prague_open,2020_16_prague_j_t_banka_prague_open_2020-08-14_QF_pliskova_kr_bogdan_a,2020-1082_294,1082,2020-1082,Prague,QF,201697,Kristyna Pliskova,202536,Ana Bogdan,tournament_rank_unique,False,
tennis_data_uk,wta,2020,16,J&T Banka Prague Open,Prague,2020-08-14,international,True,clay,QF,8,3,Mertens E.,Bouchard E.,23,330,1950.0,155.0,2,1,6,4,1,6,6,4,,,,,completed,1.33,3.25,1.33,3.64,1.38,3.64,1.33,3.27,2020_16_prague_j_t_banka_prague_open,2020_16_prague_j_t_banka_prague_open_2020-08-14_QF_mertens_e_bouchard_e,2020-1082_295,1082,2020-1082,Prague,QF,210722,Elise Mertens,202446,Eugenie Bouchard,tournament_rank_unique,False,
tennis_data_uk,wta,2020,16,J&T Banka Prague Open,Prague,2020-08-14,international,True,clay,QF,8,3,Halep S.,Frech M.,2,174,6076.0,360.0,2,0,6,2,6,0,,,,,,,completed,1.18,4.5,1.22,4.94,1.23,5.0,1.2,4.53,2020_16_prague_j_t_banka_prague_open,2020_16_prague_j_t_banka_prague_open_2020-08-14_QF_halep_s_frech_m,2020-1082_297,1082,2020-1082,Prague,QF,201594,Simona Halep,211684,Magdalena Frech,tournament_rank_unique,False,
tennis_data_uk,wta,2020,16,J&T Banka Prague Open,Prague,2020-08-15,international,True,clay,QF,8,3,Begu I.,Sorribes Tormo S.,82,84,777.0,763.0,2,1,6,2,4,6,6,2,,,,,completed,1.8,1.95,3.38,1.36,3.1,2.12,1.97,1.91,2020_16_prague_j_t_banka_prague_open,2020_16_prague_j_t_banka_prague_open_2020-08-15_QF_begu_i_sorribes_tormo_s,2020-1082_296,1082,2020-1082,Prague,QF,201593,Irina Camelia Begu,204427,Sara Sorribes Tormo,tournament_rank_unique,False,
tennis_data_uk,wta,2020,16,J&T Banka Prague Open,Prague,2020-08-15,international,True,clay,SF,4,3,Mertens E.,Pliskova Kr.,23,69,1950.0,880.0,2,0,7,5,7,6,,,,,,,completed,1.5,2.62,1.41,3.16,1.5,3.4,1.38,3.01,2020_16_prague_j_t_banka_prague_open,2020_16_prague_j_t_banka_prague_open_2020-08-15_SF_mertens_e_pliskova_kr,2020-1082_298,1082,2020-1082,Prague,SF,210722,Elise Mertens,201697,Kristyna Pliskova,tournament_rank_unique,False,
tennis_data_uk,wta,2020,16,J&T Banka Prague Open,Prague,2020-08-15,international,True,clay,SF,4,3,Halep S.,Begu I.,2,82,6076.0,777.0,2,0,7,6,6,3,,,,,,,completed,1.11,6.5,1.1,8.49,1.14,8.49,1.11,6.61,2020_16_prague_j_t_banka_prague_open,2020_16_prague_j_t_banka_prague_open_2020-08-15_SF_halep_s_begu_i,2020-1082_299,1082,2020-1082,Prague,SF,201594,Simona Halep,201593,Irina Camelia Begu,tournament_rank_unique,False,
tennis_data_uk,wta,2020,16,J&T Banka Prague Open,Prague,2020-08-16,international,True,clay,F,2,3,Halep S.,Mertens E.,2,23,6076.0,1950.0,2,0,6,2,7,5,,,,,,,completed,1.36,3.0,1.4,3.21,1.44,3.25,1.38,3.03,2020_16_prague_j_t_banka_prague_open,2020_16_prague_j_t_banka_prague_open_2020-08-16_F_halep_s_mertens_e,2020-1082_300,1082,2020-1082,Prague,F,201594,Simona Halep,210722,Elise Mertens,tournament_rank_unique,False,
tennis_data_uk,wta,2020,17,Western & Southern Financial Group Women's Open,New York,2020-08-22,premier,True,hard,R64,64,3,Alexandrova E.,Rybakina E.,27,17,1775.0,2471.0,2,0,7,5,7,6,,,,,,,completed,2.0,1.75,2.12,1.79,2.12,1.83,2.04,1.77,2020_17_new_york_western_southern_financial_group_women_s_open,2020_17_new_york_western_southern_financial_group_women_s_open_2020-08-22_R64_alexandrova_e_rybakina_e,2020-M024_242,1017,2020-M024,Cincinnati,R64,206420,Ekaterina Alexandrova,214981,Elena Rybakina,tournament_rank_unique,False,
tennis_data_uk,wta,2020,17,Western & Southern Financial Group Women's Open,New York,2020-08-22,premier,True,hard,R64,64,3,Mladenovic K.,Sevastova A.,43,44,1335.0,1288.0,2,0,6,3,6,4,,,,,,,completed,2.2,1.61,2.52,1.66,2.55,1.58,2.39,1.57,2020_17_new_york_western_southern_financial_group_women_s_open,2020_17_new_york_western_southern_financial_group_women_s_open_2020-08-22_R64_mladenovic_k_sevastova_a,2020-M024_267,1017,2020-M024,Cincinnati,R64,201540,Kristina Mladenovic,201545,Anastasija Sevastova,tournament_rank_unique,False,
tennis_data_uk,wta,2020,17,Western & Southern Financial Group Women's Open,New York,2020-08-22,premier,True,hard,R64,64,3,Pera B.,Watson H.,61,52,985.0,1122.0,2,1,6,1,3,6,6,3,,,,,completed,1.66,2.1,1.75,2.25,1.75,2.19,1.69,2.15,2020_17_new_york_western_southern_financial_group_women_s_open,2020_17_new_york_western_southern_financial_group_women_s_open_2020-08-22_R64_pera_b_watson_h,2020-M024_259,1017,2020-M024,Cincinnati,R64,211095,Bernarda Pera,201586,Heather Watson,tournament_rank_unique,False,
tennis_data_uk,wta,2020,17,Western & Southern Financial Group Women's Open,New York,2020-08-22,premier,True,hard,R64,64,3,Kudermetova V.,Tomljanovic A.,41,57,1373.0,1035.0,2,1,5,7,6,3,7,5,,,,,completed,2.2,1.61,2.15,1.78,2.27,1.8,2.1,1.73,2020_17_new_york_western_southern_financial_group_women_s_open,2020_17_new_york_western_southern_financial_group_women_s_open_2020-08-22_R64_kudermetova_v_tomljanovic_a,2020-M024_268,1017,2020-M024,Cincinnati,R64,206368,Veronika Kudermetova,201548,Ajla Tomljanovic,tournament_rank_unique,False,
tennis_data_uk,wta,2020,17,Western & Southern Financial Group Women's Open,New York,2020-08-22,premier,True,hard,R64,64,3,Sakkari M.,Gauff C.,21,50,2130.0,1173.0,2,0,6,1,6,3,,,,,,,completed,2.25,1.57,2.52,1.58,2.52,1.63,2.39,1.57,2020_17_new_york_western_southern_financial_group_women_s_open,2020_17_new_york_western_southern_financial_group_women_s_open_2020-08-22_R64_sakkari_m_gauff_c,2020-M024_249,1017,2020-M024,Cincinnati,R64,206289,Maria Sakkari,221103,Coco Gauff,tournament_rank_unique,False,
tennis_data_uk,wta,2020,17,Western & Southern Financial Group Women's Open,New York,2020-08-22,premier,True,hard,R64,64,3,Cornet A.,Mcnally C.,60,124,985.0,544.0,2,0,6,0,6,4,,,,,,,completed,1.61,2.2,1.77,2.16,1.8,2.67,1.7,2.15,2020_17_new_york_western_southern_financial_group_women_s_open,2020_17_new_york_western_southern_financial_group_women_s_open_2020-08-22_R64_cornet_a_mcnally_c,2020-M024_239,1017,2020-M024,Cincinnati,R64,201427,Alize Cornet,216083,Caty Mcnally,tournament_rank_unique,False,
tennis_data_uk,wta,2020,17,Western & Southern Financial Group Women's Open,New York,2020-08-22,premier,True,hard,R64,64,3,Azarenka V.,Vekic D.,59,24,992.0,1880.0,2,0,6,2,6,3,,,,,,,completed,2.75,1.4,3.03,1.48,3.23,1.43,2.91,1.4,2020_17_new_york_western_southern_financial_group_women_s_open,2020_17_new_york_western_southern_financial_group_women_s_open_2020-08-22_R64_azarenka_v_vekic_d,2020-M024_241,1017,2020-M024,Cincinnati,R64,201458,Victoria Azarenka,202499,Donna Vekic,tournament_rank_unique,False,
tennis_data_uk,wta,2020,17,Western & Southern Financial Group Women's Open,New York,2020-08-23,premier,True,hard,R64,64,3,Yastremska D.,Williams V.,25,65,1835.0,929.0,2,1,5,7,6,2,7,5,,,,,completed,1.5,2.5,1.56,2.7,1.57,2.57,1.53,2.5,2020_17_new_york_western_southern_financial_group_women_s_open,2020_17_new_york_western_southern_financial_group_women_s_open_2020-08-23_R64_yastremska_d_williams_v,2020-M024_258,1017,2020-M024,Cincinnati,R64,215035,Dayana Yastremska,200748,Venus Williams,tournament_rank_unique,False,
tennis_data_uk,wta,2020,17,Western & Southern Financial Group Women's Open,New York,2020-08-23,premier,True,hard,R64,64,3,Muchova K.,Li A.,26,133,1813.0,504.0,2,0,6,4,6,4,,,,,,,completed,1.3,3.4,1.33,3.57,1.36,4.0,1.31,3.46,2020_17_new_york_western_southern_financial_group_women_s_open,2020_17_new_york_western_southern_financial_group_women_s_open_2020-08-23_R64_muchova_k_li_a,2020-M024_260,1017,2020-M024,Cincinnati,R64,214096,Karolina Muchova,215983,Ann Li,tournament_rank_unique,False,
tennis_data_uk,wta,2020,17,Western & Southern Financial Group Women's Open,New York,2020-08-23,premier,True,hard,R64,64,3,Anisimova A.,Riske A.,28,19,1717.0,2256.0,2,0,6,3,6,3,,,,,,,completed,1.66,2.1,1.62,2.5,1.73,2.43,1.62,2.28,2020_17_new_york_western_southern_financial_group_women_s_open,2020_17_new_york_western_southern_financial_group_women_s_open_2020-08-23_R64_anisimova_a_riske_a,2020-M024_265,1017,2020-M024,Cincinnati,R64,216153,Amanda Anisimova,201590,Alison Riske Amritraj,tournament_rank_unique,False,
tennis_data_uk,wta,2020,17,Western & Southern Financial Group Women's Open,New York,2020-08-23,premier,True,hard,R64,64,3,Bellis C.,Dodin O.,249,118,240.0,596.0,2,1,6,2,3,6,7,6,,,,,completed,1.44,2.62,1.43,3.05,1.49,3.15,1.41,2.9,2020_17_new_york_western_southern_financial_group_women_s_open,2020_17_new_york_western_southern_financial_group_women_s_open_2020-08-23_R64_bellis_c_dodin_o,2020-M024_263,1017,2020-M024,Cincinnati,R64,214263,Catherine Cartan Bellis,206219,Oceane Dodin,tournament_rank_unique,False,
tennis_data_uk,wta,2020,17,Western & Southern Financial Group Women's Open,New York,2020-08-23,premier,True,hard,R64,64,3,Mertens E.,Peterson R.,22,46,2070.0,1225.0,2,0,6,0,6,2,,,,,,,completed,1.3,3.4,1.29,3.91,1.34,3.91,1.29,3.55,2020_17_new_york_western_southern_financial_group_women_s_open,2020_17_new_york_western_southern_financial_group_women_s_open_2020-08-23_R64_mertens_e_peterson_r,2020-M024_266,1017,2020-M024,Cincinnati,R64,210722,Elise Mertens,202490,Rebecca Peterson,tournament_rank_unique,False,
tennis_data_uk,wta,2020,17,Western & Southern Financial Group Women's Open,New York,2020-08-23,premier,True,hard,R64,64,3,Rus A.,Van Uytvanck A.,72,58,869.0,1035.0,2,0,6,2,6,3,,,,,,,completed,1.75,2.0,1.97,1.92,1.97,2.1,1.85,1.96,2020_17_new_york_western_southern_financial_group_women_s_open,2020_17_new_york_western_southern_financial_group_women_s_open_2020-08-23_R64_rus_a_van_uytvanck_a,2020-M024_247,1017,2020-M024,Cincinnati,R64,201551,Arantxa Rus,202421,Alison Van Uytvanck,tournament_rank_unique,False,
tennis_data_uk,wta,2020,17,Western & Southern Financial Group Women's Open,New York,2020-08-23,premier,True,hard,R64,64,3,Kontaveit A.,Kasatkina D.,20,68,2135.0,905.0,2,0,6,3,6,1,,,,,,,completed,1.3,3.4,1.24,4.44,1.37,4.44,1.28,3.64,2020_17_new_york_western_southern_financial_group_women_s_open,2020_17_new_york_western_southern_financial_group_women_s_open_2020-08-23_R64_kontaveit_a_kasatkina_d,2020-M024_257,1017,2020-M024,Cincinnati,R64,204426,Anett Kontaveit,214082,Daria Kasatkina,tournament_rank_unique,False,
tennis_data_uk,wta,2020,17,Western & Southern Financial Group Women's Open,New York,2020-08-23,premier,True,hard,R64,64,3,Zvonareva V.,Linette M.,270,35,216.0,1482.0,2,1,1,6,6,3,6,1,,,,,completed,1.95,1.8,2.13,1.85,2.15,1.78,2.03,1.78,2020_17_new_york_western_southern_financial_group_women_s_open,2020_17_new_york_western_southern_financial_group_women_s_open_2020-08-23_R64_zvonareva_v_linette_m,2020-M024_251,1017,2020-M024,Cincinnati,R64,201329,Vera Zvonareva,202663,Magda Linette,tournament_rank_unique,False,
tennis_data_uk,wta,2020,17,Western & Southern Financial Group Women's Open,New York,2020-08-23,premier,True,hard,R64,64,3,Siegemund L.,Vondrousova M.,67,18,911.0,2308.0,2,1,6,3,6,7,6,4,,,,,completed,2.62,1.44,2.55,1.57,2.78,1.6,2.5,1.53,2020_17_new_york_western_southern_financial_group_women_s_open,2020_17_new_york_western_southern_financial_group_women_s_open_2020-08-23_R64_siegemund_l_vondrousova_m,2020-M024_250,1017,2020-M024,Cincinnati,R64,201696,Laura Siegemund,214954,Marketa Vondrousova,tournament_rank_unique,False,
tennis_data_uk,wta,2020,17,Western & Southern Financial Group Women's Open,New York,2020-08-23,premier,True,hard,R64,64,3,Flipkens K.,Siniakova K.,79,55,801.0,1045.0,2,0,6,3,6,3,,,,,,,completed,2.0,1.72,2.47,1.83,2.47,1.6,2.16,1.7,2020_17_new_york_western_southern_financial_group_women_s_open,2020_17_new_york_western_southern_financial_group_women_s_open_2020-08-23_R64_flipkens_k_siniakova_k,2020-M024_252,1017,2020-M024,Cincinnati,R64,201465,Kirsten Flipkens,211701,Katerina Siniakova,tournament_rank_unique,False,
tennis_data_uk,wta,2020,17,Western & Southern Financial Group Women's Open,New York,2020-08-23,premier,True,hard,R64,64,3,Pegula J.,Brady J.,83,40,783.0,1395.0,2,0,7,6,6,4,,,,,,,completed,3.4,1.3,3.43,1.37,3.43,1.36,3.26,1.34,2020_17_new_york_western_southern_financial_group_women_s_open,2020_17_new_york_western_southern_financial_group_women_s_open_2020-08-23_R64_pegula_j_brady_j,2020-M024_264,1017,2020-M024,Cincinnati,R64,202468,Jessica Pegula,206108,Jennifer Brady,tournament_rank_unique,False,
tennis_data_uk,wta,2020,17,Western & Southern Financial Group Women's Open,New York,2020-08-23,premier,True,hard,R64,64,3,Mchale C.,Swiatek I.,90,51,737.0,1139.0,2,0,6,2,6,4,,,,,,,completed,3.25,1.33,3.57,1.34,3.57,1.4,3.26,1.34,2020_17_new_york_western_southern_financial_group_women_s_open,2020_17_new_york_western_southern_financial_group_women_s_open_2020-08-23_R64_mchale_c_swiatek_i,2020-M024_243,1017,2020-M024,Cincinnati,R64,201539,Christina Mchale,216347,Iga Swiatek,tournament_rank_unique,False,
tennis_data_uk,wta,2020,17,Western & Southern Financial Group Women's Open,New York,2020-08-23,premier,True,hard,R64,64,3,Jabeur O.,Fernandez L.A.,39,111,1413.0,616.0,2,1,0,6,6,4,6,3,,,,,completed,1.9,1.9,1.81,2.2,1.91,2.09,1.78,2.03,2020_17_new_york_western_southern_financial_group_women_s_open,2020_17_new_york_western_southern_financial_group_women_s_open_2020-08-23_R64_jabeur_o_fernandez_l_a,2020-M024_244,1017,2020-M024,Cincinnati,R64,202460,Ons Jabeur,220367,Leylah Fernandez,tournament_rank_unique,False,
tennis_data_uk,wta,2020,17,Western & Southern Financial Group Women's Open,New York,2020-08-23,premier,True,hard,R64,64,3,Putintseva Y.,Zhang S.,33,36,1525.0,1475.0,2,0,6,4,6,3,,,,,,,completed,1.61,2.2,1.7,2.26,1.7,2.39,1.63,2.27,2020_17_new_york_western_southern_financial_group_women_s_open,2020_17_new_york_western_southern_financial_group_women_s_open_2020-08-23_R64_putintseva_y_zhang_s,2020-M024_248,1017,2020-M024,Cincinnati,R64,201709,Yulia Putintseva,201533,Shuai Zhang,tournament_rank_unique,False,
tennis_data_uk,wta,2020,17,Western & Southern Financial Group Women's Open,New York,2020-08-23,premier,True,hard,R64,64,3,Bouzkova M.,Kalinskaya A.,48,117,1189.0,596.0,2,0,6,1,7,5,,,,,,,completed,1.44,2.62,1.5,2.77,1.5,2.93,1.45,2.73,2020_17_new_york_western_southern_financial_group_women_s_open,2020_17_new_york_western_southern_financial_group_women_s_open_2020-08-23_R64_bouzkova_m_kalinskaya_a,2020-M024_255,1017,2020-M024,Cincinnati,R64,213631,Marie Bouzkova,214939,Anna Kalinskaya,tournament_rank_unique,False,
tennis_data_uk,wta,2020,17,Western & Southern Financial Group Women's Open,New York,2020-08-23,premier,True,hard,R64,64,3,Garcia C.,Stephens S.,49,37,1175.0,1453.0,2,0,6,3,7,6,,,,,,,completed,2.37,1.53,2.37,1.83,2.5,1.65,2.32,1.6,2020_17_new_york_western_southern_financial_group_women_s_open,2020_17_new_york_western_southern_financial_group_women_s_open_2020-08-23_R64_garcia_c_stephens_s,2020-M024_240,1017,2020-M024,Cincinnati,R64,201614,Caroline Garcia,201585,Sloane Stephens,tournament_rank_unique,False,
tennis_data_uk,wta,2020,17,Western & Southern Financial Group Women's Open,New York,2020-08-24,premier,True,hard,R64,64,3,Teichmann J.,Collins D.,54,53,1092.0,1115.0,2,0,6,3,6,3,,,,,,,completed,1.53,2.37,1.55,2.75,1.65,2.6,1.55,2.45,2020_17_new_york_western_southern_financial_group_women_s_open,2020_17_new_york_western_southern_financial_group_women_s_open_2020-08-24_R64_teichmann_j_collins_d,2020-M024_256,1017,2020-M024,Cincinnati,R64,213525,Jil Teichmann,203389,Danielle Collins,tournament_rank_unique,False,
tennis_data_uk,wta,2020,17,Western & Southern Financial Group Women's Open,New York,2020-08-24,premier,True,hard,R32,32,3,Kudermetova V.,Pliskova Ka.,41,3,1373.0,5205.0,2,0,7,5,6,4,,,,,,,completed,4.33,1.2,4.37,1.26,4.55,1.26,4.11,1.23,2020_17_new_york_western_southern_financial_group_women_s_open,2020_17_new_york_western_southern_financial_group_women_s_open_2020-08-24_R32_kudermetova_v_pliskova_ka,2020-M024_285,1017,2020-M024,Cincinnati,R32,206368,Veronika Kudermetova,201662,Karolina Pliskova,tournament_rank_unique,False,
tennis_data_uk,wta,2020,17,Western & Southern Financial Group Women's Open,New York,2020-08-24,premier,True,hard,R32,32,3,Cornet A.,Kenin S.,60,4,985.0,4590.0,2,0,6,1,7,6,,,,,,,completed,3.4,1.3,3.59,1.34,3.6,1.42,3.27,1.33,2020_17_new_york_western_southern_financial_group_women_s_open,2020_17_new_york_western_southern_financial_group_women_s_open_2020-08-24_R32_cornet_a_kenin_s,2020-M024_270,1017,2020-M024,Cincinnati,R32,201427,Alize Cornet,213550,Sofia Kenin,tournament_rank_unique,False,
tennis_data_uk,wta,2020,17,Western & Southern Financial Group Women's Open,New York,2020-08-24,premier,True,hard,R32,32,3,Pegula J.,Anisimova A.,83,28,783.0,1717.0,2,0,7,5,6,2,,,,,,,completed,2.5,1.5,2.64,1.59,2.7,1.55,2.56,1.51,2020_17_new_york_western_southern_financial_group_women_s_open,2020_17_new_york_western_southern_financial_group_women_s_open_2020-08-24_R32_pegula_j_anisimova_a,2020-M024_283,1017,2020-M024,Cincinnati,R32,202468,Jessica Pegula,216153,Amanda Anisimova,tournament_rank_unique,False,
tennis_data_uk,wta,2020,17,Western & Southern Financial Group Women's Open,New York,2020-08-24,premier,True,hard,R32,32,3,Bouzkova M.,Kvitova P.,48,12,1189.0,3566.0,2,1,2,6,7,5,6,2,,,,,completed,3.0,1.36,3.13,1.42,3.2,1.42,2.99,1.39,2020_17_new_york_western_southern_financial_group_women_s_open,2020_17_new_york_western_southern_financial_group_women_s_open_2020-08-24_R32_bouzkova_m_kvitova_p,2020-M024_278,1017,2020-M024,Cincinnati,R32,213631,Marie Bouzkova,201520,Petra Kvitova,tournament_rank_unique,False,
tennis_data_uk,wta,2020,17,Western & Southern Financial Group Women's Open,New York,2020-08-24,premier,True,hard,R32,32,3,Konta J.,Flipkens K.,15,79,2803.0,801.0,2,0,6,2,6,0,,,,,,,completed,1.44,2.62,1.6,2.5,1.62,2.71,1.53,2.49,2020_17_new_york_western_southern_financial_group_women_s_open,2020_17_new_york_western_southern_financial_group_women_s_open_2020-08-24_R32_konta_j_flipkens_k,2020-M024_277,1017,2020-M024,Cincinnati,R32,202427,Johanna Konta,201465,Kirsten Flipkens,tournament_rank_unique,False,
tennis_data_uk,wta,2020,17,Western & Southern Financial Group Women's Open,New York,2020-08-24,premier,True,hard,R32,32,3,Mchale C.,Alexandrova E.,90,27,737.0,1775.0,2,0,6,1,7,6,,,,,,,completed,3.25,1.33,3.14,1.42,3.3,1.45,2.99,1.39,2020_17_new_york_western_southern_financial_group_women_s_open,2020_17_new_york_western_southern_financial_group_women_s_open_2020-08-24_R32_mchale_c_alexandrova_e,2020-M024_272,1017,2020-M024,Cincinnati,R32,201539,Christina Mchale,206420,Ekaterina Alexandrova,tournament_rank_unique,False,
tennis_data_uk,wta,2020,17,Western & Southern Financial Group Women's Open,New York,2020-08-24,premier,True,hard,R32,32,3,Mertens E.,Mladenovic K.,22,43,2070.0,1335.0,2,1,6,1,6,7,6,3,,,,,completed,1.25,3.75,1.29,4.05,1.31,3.99,1.27,3.76,2020_17_new_york_western_southern_financial_group_women_s_open,2020_17_new_york_western_southern_financial_group_women_s_open_2020-08-24_R32_mertens_e_mladenovic_k,2020-M024_284,1017,2020-M024,Cincinnati,R32,210722,Elise Mertens,201540,Kristina Mladenovic,tournament_rank_unique,False,
tennis_data_uk,wta,2020,17,Western & Southern Financial Group Women's Open,New York,2020-08-24,premier,True,hard,R32,32,3,Zvonareva V.,Siegemund L.,270,67,216.0,911.0,2,0,6,1,6,1,,,,,,,completed,1.75,2.0,1.81,2.11,1.91,2.11,1.79,2.03,2020_17_new_york_western_southern_financial_group_women_s_open,2020_17_new_york_western_southern_financial_group_women_s_open_2020-08-24_R32_zvonareva_v_siegemund_l,2020-M024_276,1017,2020-M024,Cincinnati,R32,201329,Vera Zvonareva,201696,Laura Siegemund,tournament_rank_unique,False,
tennis_data_uk,wta,2020,17,Western & Southern Financial Group Women's Open,New York,2020-08-24,premier,True,hard,R32,32,3,Williams S.,Rus A.,9,72,3975.0,869.0,2,1,7,6,3,6,7,6,,,,,completed,1.11,6.5,1.15,7.5,1.15,6.54,1.12,6.22,2020_17_new_york_western_southern_financial_group_women_s_open,2020_17_new_york_western_southern_financial_group_women_s_open_2020-08-24_R32_williams_s_rus_a,2020-M024_274,1017,2020-M024,Cincinnati,R32,200033,Serena Williams,201551,Arantxa Rus,tournament_rank_unique,False,
tennis_data_uk,wta,2020,17,Western & Southern Financial Group Women's Open,New York,2020-08-24,premier,True,hard,R32,32,3,Sakkari M.,Putintseva Y.,21,33,2130.0,1525.0,2,0,6,4,7,6,,,,,,,completed,1.5,2.5,1.58,2.56,1.59,2.78,1.53,2.51,2020_17_new_york_western_southern_financial_group_women_s_open,2020_17_new_york_western_southern_financial_group_women_s_open_2020-08-24_R32_sakkari_m_putintseva_y,2020-M024_275,1017,2020-M024,Cincinnati,R32,206289,Maria Sakkari,201709,Yulia Putintseva,tournament_rank_unique,False,
tennis_data_uk,wta,2020,17,Western & Southern Financial Group Women's Open,New York,2020-08-24,premier,True,hard,R32,32,3,Kontaveit A.,Teichmann J.,20,54,2135.0,1092.0,2,0,6,3,6,4,,,,,,,completed,1.53,2.37,1.63,2.44,1.63,2.61,1.55,2.45,2020_17_new_york_western_southern_financial_group_women_s_open,2020_17_new_york_western_southern_financial_group_women_s_open_2020-08-24_R32_kontaveit_a_teichmann_j,2020-M024_279,1017,2020-M024,Cincinnati,R32,204426,Anett Kontaveit,213525,Jil Teichmann,tournament_rank_unique,False,
tennis_data_uk,wta,2020,17,Western & Southern Financial Group Women's Open,New York,2020-08-24,premier,True,hard,R32,32,3,Osaka N.,Muchova K.,10,26,3625.0,1813.0,2,1,6,7,6,4,6,2,,,,,completed,1.66,2.1,1.68,2.32,1.75,2.4,1.65,2.23,2020_17_new_york_western_southern_financial_group_women_s_open,2020_17_new_york_western_southern_financial_group_women_s_open_2020-08-24_R32_osaka_n_muchova_k,2020-M024_281,1017,2020-M024,Cincinnati,R32,211768,Naomi Osaka,214096,Karolina Muchova,tournament_rank_unique,False,
tennis_data_uk,wta,2020,17,Western & Southern Financial Group Women's Open,New York,2020-08-24,premier,True,hard,R32,32,3,Yastremska D.,Pera B.,25,61,1835.0,985.0,2,1,7,6,4,6,6,3,,,,,completed,1.36,3.0,1.45,3.56,1.45,2.99,1.39,3.0,2020_17_new_york_western_southern_financial_group_women_s_open,2020_17_new_york_western_southern_financial_group_women_s_open_2020-08-24_R32_yastremska_d_pera_b,2020-M024_280,1017,2020-M024,Cincinnati,R32,215035,Dayana Yastremska,211095,Bernarda Pera,tournament_rank_unique,False,
tennis_data_uk,wta,2020,17,Western & Southern Financial Group Women's Open,New York,2020-08-25,premier,True,hard,R32,32,3,Azarenka V.,Garcia C.,59,49,992.0,1175.0,2,0,6,2,7,6,,,,,,,completed,1.66,2.1,1.75,2.22,1.8,2.35,1.7,2.15,2020_17_new_york_western_southern_financial_group_women_s_open,2020_17_new_york_western_southern_financial_group_women_s_open_2020-08-25_R32_azarenka_v_garcia_c,2020-M024_271,1017,2020-M024,Cincinnati,R32,201458,Victoria Azarenka,201614,Caroline Garcia,tournament_rank_unique,False,
tennis_data_uk,wta,2020,17,Western & Southern Financial Group Women's Open,New York,2020-08-25,premier,True,hard,R32,32,3,Sabalenka A.,Bellis C.,11,249,3615.0,240.0,2,1,6,7,6,4,7,5,,,,,completed,1.44,2.62,1.5,3.0,1.5,2.82,1.45,2.72,2020_17_new_york_western_southern_financial_group_women_s_open,2020_17_new_york_western_southern_financial_group_women_s_open_2020-08-25_R32_sabalenka_a_bellis_c,2020-M024_282,1017,2020-M024,Cincinnati,R32,214544,Aryna Sabalenka,214263,Catherine Cartan Bellis,tournament_rank_unique,False,
tennis_data_uk,wta,2020,17,Western & Southern Financial Group Women's Open,New York,2020-08-25,premier,True,hard,R32,32,3,Jabeur O.,Keys M.,39,13,1413.0,2962.0,2,0,6,4,6,1,,,,,,,completed,2.75,1.4,2.82,1.52,2.86,1.49,2.67,1.47,2020_17_new_york_western_southern_financial_group_women_s_open,2020_17_new_york_western_southern_financial_group_women_s_open_2020-08-25_R32_jabeur_o_keys_m,2020-M024_273,1017,2020-M024,Cincinnati,R32,202460,Ons Jabeur,201619,Madison Keys,tournament_rank_unique,False,
tennis_data_uk,wta,2020,17,Western & Southern Financial Group Women's Open,New York,2020-08-25,premier,True,hard,R16,16,3,Kontaveit A.,Bouzkova M.,20,48,2135.0,1189.0,2,0,6,3,6,3,,,,,,,completed,1.44,2.62,1.43,3.07,1.46,3.1,1.42,2.85,2020_17_new_york_western_southern_financial_group_women_s_open,2020_17_new_york_western_southern_financial_group_women_s_open_2020-08-25_R16_kontaveit_a_bouzkova_m,2020-M024_290,1017,2020-M024,Cincinnati,R16,204426,Anett Kontaveit,213631,Marie Bouzkova,tournament_rank_unique,False,
tennis_data_uk,wta,2020,17,Western & Southern Financial Group Women's Open,New York,2020-08-25,premier,True,hard,R16,16,3,Mertens E.,Kudermetova V.,22,41,2070.0,1373.0,2,0,6,2,6,3,,,,,,,completed,1.33,3.25,1.33,3.64,1.37,3.64,1.33,3.33,2020_17_new_york_western_southern_financial_group_women_s_open,2020_17_new_york_western_southern_financial_group_women_s_open_2020-08-25_R16_mertens_e_kudermetova_v,2020-M024_293,1017,2020-M024,Cincinnati,R16,210722,Elise Mertens,206368,Veronika Kudermetova,tournament_rank_unique,False,
tennis_data_uk,wta,2020,17,Western & Southern Financial Group Women's Open,New York,2020-08-25,premier,True,hard,R16,16,3,Konta J.,Zvonareva V.,15,270,2803.0,216.0,2,0,6,4,6,2,,,,,,,completed,1.57,2.25,1.71,2.27,1.71,2.56,1.61,2.31,2020_17_new_york_western_southern_financial_group_women_s_open,2020_17_new_york_western_southern_financial_group_women_s_open_2020-08-25_R16_konta_j_zvonareva_v,2020-M024_289,1017,2020-M024,Cincinnati,R16,202427,Johanna Konta,201329,Vera Zvonareva,tournament_rank_unique,False,
tennis_data_uk,wta,2020,17,Western & Southern Financial Group Women's Open,New York,2020-08-25,premier,True,hard,R16,16,3,Pegula J.,Sabalenka A.,83,11,783.0,3615.0,2,1,6,2,2,6,6,3,,,,,completed,2.5,1.5,2.58,1.57,2.58,1.59,2.48,1.54,2020_17_new_york_western_southern_financial_group_women_s_open,2020_17_new_york_western_southern_financial_group_women_s_open_2020-08-25_R16_pegula_j_sabalenka_a,2020-M024_292,1017,2020-M024,Cincinnati,R16,202468,Jessica Pegula,214544,Aryna Sabalenka,tournament_rank_unique,False,
tennis_data_uk,wta,2020,17,Western & Southern Financial Group Women's Open,New York,2020-08-25,premier,True,hard,R16,16,3,Azarenka V.,Cornet A.,59,60,992.0,985.0,2,0,6,4,7,5,,,,,,,completed,1.61,2.2,1.61,2.47,1.69,2.51,1.59,2.38,2020_17_new_york_western_southern_financial_group_women_s_open,2020_17_new_york_western_southern_financial_group_women_s_open_2020-08-25_R16_azarenka_v_cornet_a,2020-M024_286,1017,2020-M024,Cincinnati,R16,201458,Victoria Azarenka,201427,Alize Cornet,tournament_rank_unique,False,
tennis_data_uk,wta,2020,17,Western & Southern Financial Group Women's Open,New York,2020-08-25,premier,True,hard,R16,16,3,Osaka N.,Yastremska D.,10,25,3625.0,1835.0,2,0,6,3,6,1,,,,,,,completed,1.36,3.0,1.34,3.6,1.37,3.6,1.34,3.23,2020_17_new_york_western_southern_financial_group_women_s_open,2020_17_new_york_western_southern_financial_group_women_s_open_2020-08-25_R16_osaka_n_yastremska_d,2020-M024_291,1017,2020-M024,Cincinnati,R16,211768,Naomi Osaka,215035,Dayana Yastremska,tournament_rank_unique,False,
tennis_data_uk,wta,2020,17,Western & Southern Financial Group Women's Open,New York,2020-08-25,premier,True,hard,R16,16,3,Jabeur O.,Mchale C.,39,90,1413.0,737.0,2,0,6,3,6,0,,,,,,,completed,1.4,2.75,1.42,3.12,1.49,3.2,1.4,2.95,2020_17_new_york_western_southern_financial_group_women_s_open,2020_17_new_york_western_southern_financial_group_women_s_open_2020-08-25_R16_jabeur_o_mchale_c,2020-M024_287,1017,2020-M024,Cincinnati,R16,202460,Ons Jabeur,201539,Christina Mchale,tournament_rank_unique,False,
tennis_data_uk,wta,2020,17,Western & Southern Financial Group Women's Open,New York,2020-08-26,premier,True,hard,R16,16,3,Sakkari M.,Williams S.,21,9,2130.0,3975.0,2,1,5,7,7,6,6,1,,,,,completed,2.25,1.57,2.28,1.71,2.28,1.77,2.14,1.71,2020_17_new_york_western_southern_financial_group_women_s_open,2020_17_new_york_western_southern_financial_group_women_s_open_2020-08-26_R16_sakkari_m_williams_s,2020-M024_288,1017,2020-M024,Cincinnati,R16,206289,Maria Sakkari,200033,Serena Williams,tournament_rank_unique,False,
tennis_data_uk,wta,2020,17,Western & Southern Financial Group Women's Open,New York,2020-08-26,premier,True,hard,QF,8,3,Mertens E.,Pegula J.,22,83,2070.0,783.0,2,0,6,1,6,3,,,,,,,completed,1.36,3.0,1.39,3.32,1.42,3.32,1.36,3.12,2020_17_new_york_western_southern_financial_group_women_s_open,2020_17_new_york_western_southern_financial_group_women_s_open_2020-08-26_QF_mertens_e_pegula_j,2020-M024_297,1017,2020-M024,Cincinnati,QF,210722,Elise Mertens,202468,Jessica Pegula,tournament_rank_unique,False,
tennis_data_uk,wta,2020,17,Western & Southern Financial Group Women's Open,New York,2020-08-26,premier,True,hard,QF,8,3,Osaka N.,Kontaveit A.,10,20,3625.0,2135.0,2,1,4,6,6,2,7,5,,,,,completed,1.44,2.62,1.53,2.72,1.54,2.86,1.48,2.65,2020_17_new_york_western_southern_financial_group_women_s_open,2020_17_new_york_western_southern_financial_group_women_s_open_2020-08-26_QF_osaka_n_kontaveit_a,2020-M024_296,1017,2020-M024,Cincinnati,QF,211768,Naomi Osaka,204426,Anett Kontaveit,tournament_rank_unique,False,
tennis_data_uk,wta,2020,17,Western & Southern Financial Group Women's Open,New York,2020-08-26,premier,True,hard,QF,8,3,Azarenka V.,Jabeur O.,59,39,992.0,1413.0,2,0,7,6,6,2,,,,,,,completed,2.25,1.57,2.43,1.67,2.49,1.65,2.31,1.62,2020_17_new_york_western_southern_financial_group_women_s_open,2020_17_new_york_western_southern_financial_group_women_s_open_2020-08-26_QF_azarenka_v_jabeur_o,2020-M024_294,1017,2020-M024,Cincinnati,QF,201458,Victoria Azarenka,202460,Ons Jabeur,tournament_rank_unique,False,
tennis_data_uk,wta,2020,17,Western & Southern Financial Group Women's Open,New York,2020-08-27,premier,True,hard,QF,8,3,Konta J.,Sakkari M.,15,21,2803.0,2130.0,2,0,6,4,6,3,,,,,,,completed,1.57,2.25,1.85,2.09,1.91,2.27,1.79,2.02,2020_17_new_york_western_southern_financial_group_women_s_open,2020_17_new_york_western_southern_financial_group_women_s_open_2020-08-27_QF_konta_j_sakkari_m,2020-M024_295,1017,2020-M024,Cincinnati,QF,202427,Johanna Konta,206289,Maria Sakkari,tournament_rank_unique,False,
tennis_data_uk,wta,2020,17,Western & Southern Financial Group Women's Open,New York,2020-08-28,premier,True,hard,SF,4,3,Azarenka V.,Konta J.,59,15,992.0,2803.0,2,1,4,6,6,4,6,1,,,,,completed,2.37,1.57,2.51,1.62,2.59,1.61,2.43,1.56,2020_17_new_york_western_southern_financial_group_women_s_open,2020_17_new_york_western_southern_financial_group_women_s_open_2020-08-28_SF_azarenka_v_konta_j,2020-M024_298,1017,2020-M024,Cincinnati,SF,201458,Victoria Azarenka,202427,Johanna Konta,tournament_rank_unique,False,
tennis_data_uk,wta,2020,17,Western & Southern Financial Group Women's Open,New York,2020-08-28,premier,True,hard,SF,4,3,Osaka N.,Mertens E.,10,22,3625.0,2070.0,2,0,6,2,7,6,,,,,,,completed,1.61,2.3,1.72,2.44,1.72,2.27,1.64,2.26,2020_17_new_york_western_southern_financial_group_women_s_open,2020_17_new_york_western_southern_financial_group_women_s_open_2020-08-28_SF_osaka_n_mertens_e,2020-M024_299,1017,2020-M024,Cincinnati,SF,211768,Naomi Osaka,210722,Elise Mertens,tournament_rank_unique,False,
tennis_data_uk,wta,2020,17,Western & Southern Financial Group Women's Open,New York,2020-08-29,premier,True,hard,F,2,3,Azarenka V.,Osaka N.,59,10,992.0,3625.0,,,,,,,,,,,,,walkover,2.75,1.44,2.8,1.53,2.89,1.51,2.7,1.47,2020_17_new_york_western_southern_financial_group_women_s_open,2020_17_new_york_western_southern_financial_group_women_s_open_2020-08-29_F_azarenka_v_osaka_n,2020-M024_300,1017,2020-M024,Cincinnati,F,201458,Victoria Azarenka,211768,Naomi Osaka,tournament_rank_unique,False,
tennis_data_uk,wta,2020,18,Istanbul Cup,Istanbul,2020-09-08,international,True,clay,R32,32,3,Schmiedlova A.,Juvan K.,182,113,342.0,613.0,2,1,7,5,1,6,6,4,,,,,completed,2.25,1.57,2.42,1.63,2.6,1.67,2.32,1.59,2020_18_istanbul_istanbul_cup,2020_18_istanbul_istanbul_cup_2020-09-08_R32_schmiedlova_a_juvan_k,2020-2020_276,2020,2020-2020,Istanbul,R32,203533,Anna Karolina Schmiedlova,215219,Kaja Juvan,tournament_rank_unique,False,
tennis_data_uk,wta,2020,18,Istanbul Cup,Istanbul,2020-09-08,international,True,clay,R32,32,3,Sorribes Tormo S.,Watson H.,82,54,798.0,1122.0,0,0,3,2,,,,,,,,,retired,1.3,3.4,1.36,3.42,1.36,3.5,1.33,3.26,2020_18_istanbul_istanbul_cup,2020_18_istanbul_istanbul_cup_2020-09-08_R32_sorribes_tormo_s_watson_h,2020-2020_278,2020,2020-2020,Istanbul,R32,204427,Sara Sorribes Tormo,201586,Heather Watson,tournament_rank_unique,False,
tennis_data_uk,wta,2020,18,Istanbul Cup,Istanbul,2020-09-08,international,True,clay,R32,32,3,Badosa P.,Zavatska K.,94,108,706.0,631.0,2,0,6,1,6,2,,,,,,,completed,1.53,2.37,1.62,2.44,1.63,2.55,1.55,2.4,2020_18_istanbul_istanbul_cup,2020_18_istanbul_istanbul_cup_2020-09-08_R32_badosa_p_zavatska_k,2020-2020_279,2020,2020-2020,Istanbul,R32,211651,Paula Badosa,215290,Katarina Zavatska,tournament_rank_unique,False,
tennis_data_uk,wta,2020,18,Istanbul Cup,Istanbul,2020-09-08,international,True,clay,R32,32,3,Paolini J.,Voegele S.,97,114,689.0,612.0,2,1,6,1,4,6,6,3,,,,,completed,1.57,2.25,1.63,2.41,1.73,2.41,1.61,2.27,2020_18_istanbul_istanbul_cup,2020_18_istanbul_istanbul_cup_2020-09-08_R32_paolini_j_voegele_s,2020-2020_280,2020,2020-2020,Istanbul,R32,211148,Jasmine Paolini,201527,Stefanie Voegele,tournament_rank_unique,False,
tennis_data_uk,wta,2020,18,Istanbul Cup,Istanbul,2020-09-08,international,True,clay,R32,32,3,Hercog P.,Cengiz B.,49,1143,1205.0,6.0,2,0,6,2,6,3,,,,,,,completed,1.05,11.0,1.08,9.79,1.08,13.0,1.05,10.05,2020_18_istanbul_istanbul_cup,2020_18_istanbul_istanbul_cup_2020-09-08_R32_hercog_p_cengiz_b,2020-2020_281,2020,2020-2020,Istanbul,R32,201555,Polona Hercog,214507,Berfu Cengiz,tournament_round_name_pair,False,rank_mismatch
tennis_data_uk,wta,2020,18,Istanbul Cup,Istanbul,2020-09-08,international,True,clay,R32,32,3,Sasnovich A.,Diyas Z.,106,69,638.0,918.0,2,1,3,6,7,5,6,1,,,,,completed,1.36,3.0,1.43,3.01,1.44,3.2,1.38,2.95,2020_18_istanbul_istanbul_cup,2020_18_istanbul_istanbul_cup_2020-09-08_R32_sasnovich_a_diyas_z,2020-2020_277,2020,2020-2020,Istanbul,R32,205925,Aliaksandra Sasnovich,201610,Zarina Diyas,tournament_rank_unique,False,
tennis_data_uk,wta,2020,18,Istanbul Cup,Istanbul,2020-09-09,international,True,clay,R32,32,3,Van Uytvanck A.,Kuzmova V.,60,85,1035.0,775.0,2,0,6,3,6,4,,,,,,,completed,1.61,2.2,1.68,2.31,1.69,2.36,1.63,2.24,2020_18_istanbul_istanbul_cup,2020_18_istanbul_istanbul_cup_2020-09-09_R32_van_uytvanck_a_kuzmova_v,2020-2020_282,2020,2020-2020,Istanbul,R32,202421,Alison Van Uytvanck,214149,Viktoria Hruncakova,tournament_rank_unique,False,
tennis_data_uk,wta,2020,18,Istanbul Cup,Istanbul,2020-09-09,international,True,clay,R32,32,3,Doi M.,Perez E.,81,248,818.0,246.0,2,1,6,7,7,5,6,1,,,,,completed,1.44,2.62,1.46,2.89,1.47,3.0,1.41,2.83,2020_18_istanbul_istanbul_cup,2020_18_istanbul_istanbul_cup_2020-09-09_R32_doi_m_perez_e,2020-2020_273,2020,2020-2020,Istanbul,R32,201595,Misaki Doi,206391,Ellen Perez,tournament_rank_unique,False,
tennis_data_uk,wta,2020,18,Istanbul Cup,Istanbul,2020-09-09,international,True,clay,R32,32,3,Bouchard E.,Tomova V.,272,133,214.0,505.0,2,0,6,2,6,4,,,,,,,completed,1.36,3.0,,,1.41,3.26,1.37,2.99,2020_18_istanbul_istanbul_cup,2020_18_istanbul_istanbul_cup_2020-09-09_R32_bouchard_e_tomova_v,2020-2020_284,2020,2020-2020,Istanbul,R32,202446,Eugenie Bouchard,202600,Viktoriya Tomova,tournament_rank_unique,False,
tennis_data_uk,wta,2020,18,Istanbul Cup,Istanbul,2020-09-09,international,True,clay,R32,32,3,Kovinic D.,Bondarenko K.,92,349,714.0,141.0,2,0,7,5,6,2,,,,,,,completed,1.28,3.5,1.29,3.94,1.3,4.0,1.27,3.68,2020_18_istanbul_istanbul_cup,2020_18_istanbul_istanbul_cup_2020-09-09_R32_kovinic_d_bondarenko_k,2020-2020_283,2020,2020-2020,Istanbul,R32,203575,Danka Kovinic,201435,Kateryna Bondarenko,tournament_rank_unique,False,
tennis_data_uk,wta,2020,18,Istanbul Cup,Istanbul,2020-09-09,international,True,clay,R32,32,3,Martincova T.,Minnen G.,136,107,488.0,636.0,2,0,7,6,6,3,,,,,,,completed,1.36,3.0,1.38,3.29,1.41,3.3,1.37,3.04,2020_18_istanbul_istanbul_cup,2020_18_istanbul_istanbul_cup_2020-09-09_R32_martincova_t_minnen_g,2020-2020_275,2020,2020-2020,Istanbul,R32,206124,Tereza Martincova,213889,Greet Minnen,tournament_rank_unique,False,
tennis_data_uk,wta,2020,18,Istanbul Cup,Istanbul,2020-09-09,international,True,clay,R32,32,3,Tig P.M.,Danilovic O.,88,174,759.0,363.0,2,0,6,3,7,5,,,,,,,completed,3.0,1.36,2.94,1.45,3.15,1.45,2.89,1.4,2020_18_istanbul_istanbul_cup,2020_18_istanbul_istanbul_cup_2020-09-09_R32_tig_p_m_danilovic_o,2020-2020_272,2020,2020-2020,Istanbul,R32,206255,Patricia Maria Tig,215337,Olga Danilovic,tournament_rank_unique,False,
tennis_data_uk,wta,2020,18,Istanbul Cup,Istanbul,2020-09-09,international,True,clay,R32,32,3,Garcia C.,Buyukakcay C.,50,186,1205.0,336.0,2,1,6,4,0,6,7,5,,,,,completed,1.36,3.0,1.42,3.06,1.43,3.12,1.39,2.95,2020_18_istanbul_istanbul_cup,2020_18_istanbul_istanbul_cup_2020-09-09_R32_garcia_c_buyukakcay_c,2020-2020_274,2020,2020-2020,Istanbul,R32,201614,Caroline Garcia,201666,Cagla Buyukakcay,tournament_rank_unique,False,
tennis_data_uk,wta,2020,18,Istanbul Cup,Istanbul,2020-09-09,international,True,clay,R32,32,3,Gasparyan M.,Ozgen P.,117,214,601.0,287.0,2,0,6,2,6,0,,,,,,,completed,1.33,3.25,1.37,3.33,1.41,3.33,1.34,3.16,2020_18_istanbul_istanbul_cup,2020_18_istanbul_istanbul_cup_2020-09-09_R32_gasparyan_m_ozgen_p,2020-2020_271,2020,2020-2020,Istanbul,R32,202506,Margarita Gasparyan,201664,Pemra Ozgen,tournament_rank_unique,False,
tennis_data_uk,wta,2020,18,Istanbul Cup,Istanbul,2020-09-10,international,True,clay,R16,16,3,Hercog P.,Paolini J.,49,97,1205.0,689.0,2,0,7,5,6,4,,,,,,,completed,1.33,3.25,1.43,3.09,1.44,3.42,1.37,3.05,2020_18_istanbul_istanbul_cup,2020_18_istanbul_istanbul_cup_2020-09-10_R16_hercog_p_paolini_j,2020-2020_291,2020,2020-2020,Istanbul,R16,201555,Polona Hercog,211148,Jasmine Paolini,tournament_rank_unique,False,
tennis_data_uk,wta,2020,18,Istanbul Cup,Istanbul,2020-09-10,international,True,clay,R16,16,3,Kovinic D.,Van Uytvanck A.,92,60,714.0,1035.0,2,0,6,3,6,4,,,,,,,completed,2.0,1.75,2.23,1.74,2.3,1.8,2.13,1.7,2020_18_istanbul_istanbul_cup,2020_18_istanbul_istanbul_cup_2020-09-10_R16_kovinic_d_van_uytvanck_a,2020-2020_292,2020,2020-2020,Istanbul,R16,203575,Danka Kovinic,202421,Alison Van Uytvanck,tournament_rank_unique,False,
tennis_data_uk,wta,2020,18,Istanbul Cup,Istanbul,2020-09-10,international,True,clay,R16,16,3,Sasnovich A.,Schmiedlova A.,106,182,638.0,342.0,2,1,6,7,6,4,6,3,,,,,completed,1.66,2.1,1.69,2.31,1.69,2.35,1.64,2.22,2020_18_istanbul_istanbul_cup,2020_18_istanbul_istanbul_cup_2020-09-10_R16_sasnovich_a_schmiedlova_a,2020-2020_289,2020,2020-2020,Istanbul,R16,205925,Aliaksandra Sasnovich,203533,Anna Karolina Schmiedlova,tournament_rank_unique,False,
tennis_data_uk,wta,2020,18,Istanbul Cup,Istanbul,2020-09-10,international,True,clay,R16,16,3,Bouchard E.,Kuznetsova S.,272,34,214.0,1527.0,2,1,7,6,6,7,6,2,,,,,completed,1.8,1.95,1.88,2.02,1.95,2.05,1.81,1.97,2020_18_istanbul_istanbul_cup,2020_18_istanbul_istanbul_cup_2020-09-10_R16_bouchard_e_kuznetsova_s,2020-2020_293,2020,2020-2020,Istanbul,R16,202446,Eugenie Bouchard,201320,Svetlana Kuznetsova,tournament_rank_unique,False,
tennis_data_uk,wta,2020,18,Istanbul Cup,Istanbul,2020-09-10,international,True,clay,R16,16,3,Badosa P.,Sorribes Tormo S.,94,82,706.0,798.0,2,0,6,1,6,4,,,,,,,completed,2.62,1.44,2.93,1.46,2.93,1.49,2.74,1.44,2020_18_istanbul_istanbul_cup,2020_18_istanbul_istanbul_cup_2020-09-10_R16_badosa_p_sorribes_tormo_s,2020-2020_290,2020,2020-2020,Istanbul,R16,211651,Paula Badosa,204427,Sara Sorribes Tormo,tournament_rank_unique,False,
tennis_data_uk,wta,2020,18,Istanbul Cup,Istanbul,2020-09-10,international,True,clay,R16,16,3,Tig P.M.,Doi M.,88,81,759.0,818.0,2,0,6,2,6,0,,,,,,,completed,1.5,2.5,1.59,2.54,1.67,2.54,1.55,2.41,2020_18_istanbul_istanbul_cup,2020_18_istanbul_istanbul_cup_2020-09-10_R16_tig_p_m_doi_m,2020-2020_287,2020,2020-2020,Istanbul,R16,206255,Patricia Maria Tig,201595,Misaki Doi,tournament_rank_unique,False,
tennis_data_uk,wta,2020,18,Istanbul Cup,Istanbul,2020-09-10,international,True,clay,R16,16,3,Peterson R.,Gasparyan M.,48,117,1225.0,601.0,0,0,3,2,,,,,,,,,retired,1.5,2.5,1.69,2.3,1.69,2.5,1.62,2.27,2020_18_istanbul_istanbul_cup,2020_18_istanbul_istanbul_cup_2020-09-10_R16_peterson_r_gasparyan_m,2020-2020_286,2020,2020-2020,Istanbul,R16,202490,Rebecca Peterson,202506,Margarita Gasparyan,tournament_rank_unique,False,
tennis_data_uk,wta,2020,18,Istanbul Cup,Istanbul,2020-09-10,international,True,clay,R16,16,3,Martincova T.,Garcia C.,136,50,488.0,1205.0,2,0,6,1,6,4,,,,,,,completed,2.2,1.61,2.36,1.67,2.5,1.73,2.25,1.63,2020_18_istanbul_istanbul_cup,2020_18_istanbul_istanbul_cup_2020-09-10_R16_martincova_t_garcia_c,2020-2020_288,2020,2020-2020,Istanbul,R16,206124,Tereza Martincova,201614,Caroline Garcia,tournament_rank_unique,False,
tennis_data_uk,wta,2020,18,Istanbul Cup,Istanbul,2020-09-11,international,True,clay,QF,8,3,Bouchard E.,Kovinic D.,272,92,214.0,714.0,2,1,3,6,6,4,7,5,,,,,completed,1.53,2.37,1.68,2.34,1.75,2.5,1.58,2.37,2020_18_istanbul_istanbul_cup,2020_18_istanbul_istanbul_cup_2020-09-11_QF_bouchard_e_kovinic_d,2020-2020_297,2020,2020-2020,Istanbul,QF,202446,Eugenie Bouchard,203575,Danka Kovinic,tournament_rank_unique,False,
tennis_data_uk,wta,2020,18,Istanbul Cup,Istanbul,2020-09-11,international,True,clay,QF,8,3,Badosa P.,Hercog P.,94,49,706.0,1205.0,2,1,4,6,6,3,6,4,,,,,completed,2.5,1.5,2.49,1.61,2.55,1.65,2.4,1.57,2020_18_istanbul_istanbul_cup,2020_18_istanbul_istanbul_cup_2020-09-11_QF_badosa_p_hercog_p,2020-2020_296,2020,2020-2020,Istanbul,QF,211651,Paula Badosa,201555,Polona Hercog,tournament_rank_unique,False,
tennis_data_uk,wta,2020,18,Istanbul Cup,Istanbul,2020-09-11,international,True,clay,QF,8,3,Martincova T.,Sasnovich A.,136,106,488.0,638.0,2,0,6,2,6,3,,,,,,,completed,2.0,1.75,2.23,1.74,2.25,1.8,2.14,1.7,2020_18_istanbul_istanbul_cup,2020_18_istanbul_istanbul_cup_2020-09-11_QF_martincova_t_sasnovich_a,2020-2020_295,2020,2020-2020,Istanbul,QF,206124,Tereza Martincova,205925,Aliaksandra Sasnovich,tournament_rank_unique,False,
tennis_data_uk,wta,2020,18,Istanbul Cup,Istanbul,2020-09-11,international,True,clay,QF,8,3,Tig P.M.,Peterson R.,88,48,759.0,1225.0,2,0,6,3,6,1,,,,,,,completed,1.66,2.1,1.61,2.48,1.66,2.5,1.59,2.34,2020_18_istanbul_istanbul_cup,2020_18_istanbul_istanbul_cup_2020-09-11_QF_tig_p_m_peterson_r,2020-2020_294,2020,2020-2020,Istanbul,QF,206255,Patricia Maria Tig,202490,Rebecca Peterson,tournament_rank_unique,False,
tennis_data_uk,wta,2020,18,Istanbul Cup,Istanbul,2020-09-12,international,True,clay,SF,4,3,Bouchard E.,Badosa P.,272,94,214.0,706.0,2,0,6,3,6,2,,,,,,,completed,2.75,1.44,1.71,2.26,2.93,2.32,1.81,2.07,2020_18_istanbul_istanbul_cup,2020_18_istanbul_istanbul_cup_2020-09-12_SF_bouchard_e_badosa_p,2020-2020_299,2020,2020-2020,Istanbul,SF,202446,Eugenie Bouchard,211651,Paula Badosa,tournament_rank_unique,False,
tennis_data_uk,wta,2020,18,Istanbul Cup,Istanbul,2020-09-12,international,True,clay,SF,4,3,Tig P.M.,Martincova T.,88,136,759.0,488.0,2,0,6,3,6,3,,,,,,,completed,1.66,2.2,1.75,2.21,1.75,2.25,1.68,2.17,2020_18_istanbul_istanbul_cup,2020_18_istanbul_istanbul_cup_2020-09-12_SF_tig_p_m_martincova_t,2020-2020_298,2020,2020-2020,Istanbul,SF,206255,Patricia Maria Tig,206124,Tereza Martincova,tournament_rank_unique,False,
tennis_data_uk,wta,2020,18,Istanbul Cup,Istanbul,2020-09-13,international,True,clay,F,2,3,Tig P.M.,Bouchard E.,88,272,759.0,214.0,2,1,2,6,6,1,7,6,,,,,completed,2.05,1.7,2.11,1.81,2.12,1.87,2.03,1.78,2020_18_istanbul_istanbul_cup,2020_18_istanbul_istanbul_cup_2020-09-13_F_tig_p_m_bouchard_e,2020-2020_300,2020,2020-2020,Istanbul,F,206255,Patricia Maria Tig,202446,Eugenie Bouchard,tournament_rank_unique,False,
tennis_data_uk,wta,2020,19,US Open,New York,2020-08-31,grand_slam,True,hard,R128,128,3,Vondrousova M.,Minnen G.,19,107,2308.0,636.0,2,0,6,1,6,4,,,,,,,completed,1.2,4.5,1.29,3.93,1.29,4.56,1.24,4.0,2020_19_new_york_us_open,2020_19_new_york_us_open_2020-08-31_R128_vondrousova_m_minnen_g,2020-560_108,560,2020-560,Us Open,R128,214954,Marketa Vondrousova,213889,Greet Minnen,tournament_rank_unique,False,
tennis_data_uk,wta,2020,19,US Open,New York,2020-08-31,grand_slam,True,hard,R128,128,3,Sasnovich A.,Di Lorenzo F.,106,129,638.0,520.0,2,1,2,6,7,6,6,0,,,,,completed,1.16,5.0,1.21,5.0,1.25,5.0,1.2,4.49,2020_19_new_york_us_open,2020_19_new_york_us_open_2020-08-31_R128_sasnovich_a_di_lorenzo_f,2020-560_109,560,2020-560,Us Open,R128,205925,Aliaksandra Sasnovich,215371,Francesca Di Lorenzo,tournament_rank_unique,False,
tennis_data_uk,wta,2020,19,US Open,New York,2020-08-31,grand_slam,True,hard,R128,128,3,Gracheva V.,Badosa P.,102,94,646.0,706.0,2,0,6,4,7,5,,,,,,,completed,1.9,1.9,1.93,1.95,1.93,2.1,1.86,1.95,2020_19_new_york_us_open,2020_19_new_york_us_open_2020-08-31_R128_gracheva_v_badosa_p,2020-560_113,560,2020-560,Us Open,R128,219875,Varvara Gracheva,211651,Paula Badosa,tournament_rank_unique,False,
tennis_data_uk,wta,2020,19,US Open,New York,2020-08-31,grand_slam,True,hard,R128,128,3,Kerber A.,Tomljanovic A.,23,59,2040.0,1035.0,2,0,6,4,6,4,,,,,,,completed,1.66,2.2,1.66,2.33,1.68,2.42,1.63,2.27,2020_19_new_york_us_open,2020_19_new_york_us_open_2020-08-31_R128_kerber_a_tomljanovic_a,2020-560_104,560,2020-560,Us Open,R128,201493,Angelique Kerber,201548,Ajla Tomljanovic,tournament_rank_unique,False,
tennis_data_uk,wta,2020,19,US Open,New York,2020-08-31,grand_slam,True,hard,R128,128,3,Mladenovic K.,Baptiste H.,44,236,1335.0,255.0,2,0,7,5,6,2,,,,,,,completed,1.22,4.33,1.24,4.55,1.24,4.65,1.22,4.23,2020_19_new_york_us_open,2020_19_new_york_us_open_2020-08-31_R128_mladenovic_k_baptiste_h,2020-560_112,560,2020-560,Us Open,R128,201540,Kristina Mladenovic,221024,Hailey Baptiste,tournament_rank_unique,False,
tennis_data_uk,wta,2020,19,US Open,New York,2020-08-31,grand_slam,True,hard,R128,128,3,Pliskova Ka.,Kalinina A.,3,145,5205.0,436.0,2,0,6,4,6,0,,,,,,,completed,1.07,9.0,1.06,11.5,1.08,13.0,1.05,9.92,2020_19_new_york_us_open,2020_19_new_york_us_open_2020-08-31_R128_pliskova_ka_kalinina_a,2020-560_100,560,2020-560,Us Open,R128,201662,Karolina Pliskova,211843,Anhelina Kalinina,tournament_rank_unique,False,
tennis_data_uk,wta,2020,19,US Open,New York,2020-08-31,grand_slam,True,hard,R128,128,3,Garcia C.,Paolini J.,50,97,1205.0,689.0,2,0,6,3,6,2,,,,,,,completed,1.2,4.5,1.35,3.48,1.36,4.56,1.29,3.62,2020_19_new_york_us_open,2020_19_new_york_us_open_2020-08-31_R128_garcia_c_paolini_j,2020-560_101,560,2020-560,Us Open,R128,201614,Caroline Garcia,211148,Jasmine Paolini,tournament_rank_unique,False,
tennis_data_uk,wta,2020,19,US Open,New York,2020-08-31,grand_slam,True,hard,R128,128,3,Kvitova P.,Begu I.,12,73,3566.0,872.0,2,0,6,3,6,2,,,,,,,completed,1.16,5.0,1.19,5.32,1.21,5.45,1.17,4.98,2020_19_new_york_us_open,2020_19_new_york_us_open_2020-08-31_R128_kvitova_p_begu_i,2020-560_131,560,2020-560,Us Open,R128,201520,Petra Kvitova,201593,Irina Camelia Begu,tournament_rank_unique,False,
tennis_data_uk,wta,2020,19,US Open,New York,2020-08-31,grand_slam,True,hard,R128,128,3,Kovinic D.,Cabrera L.,92,127,714.0,528.0,2,1,6,4,3,6,6,2,,,,,completed,1.72,2.1,1.83,2.07,1.83,2.2,1.76,2.06,2020_19_new_york_us_open,2020_19_new_york_us_open_2020-08-31_R128_kovinic_d_cabrera_l,2020-560_121,560,2020-560,Us Open,R128,203575,Danka Kovinic,211878,Lizette Cabrera,tournament_rank_unique,False,
tennis_data_uk,wta,2020,19,US Open,New York,2020-08-31,grand_slam,True,hard,R128,128,3,Friedsam A.L.,Dolehide C.,109,135,629.0,493.0,2,0,6,2,6,2,,,,,,,completed,2.37,1.57,2.3,1.68,2.48,1.7,2.37,1.58,2020_19_new_york_us_open,2020_19_new_york_us_open_2020-08-31_R128_friedsam_a_l_dolehide_c,2020-560_105,560,2020-560,Us Open,R128,204431,Anna Lena Friedsam,214452,Caroline Dolehide,tournament_rank_unique,False,
tennis_data_uk,wta,2020,19,US Open,New York,2020-08-31,grand_slam,True,hard,R128,128,3,Kostyuk M.,Kasatkina D.,137,70,477.0,905.0,2,0,6,1,6,2,,,,,,,completed,1.66,2.2,1.7,2.26,1.82,2.26,1.7,2.16,2020_19_new_york_us_open,2020_19_new_york_us_open_2020-08-31_R128_kostyuk_m_kasatkina_d,2020-560_118,560,2020-560,Us Open,R128,216146,Marta Kostyuk,214082,Daria Kasatkina,tournament_rank_unique,False,
tennis_data_uk,wta,2020,19,US Open,New York,2020-08-31,grand_slam,True,hard,R128,128,3,Sevastova A.,Gauff C.,45,51,1288.0,1174.0,2,1,6,3,5,7,6,4,,,,,completed,2.75,1.44,2.61,1.55,2.84,1.55,2.72,1.46,2020_19_new_york_us_open,2020_19_new_york_us_open_2020-08-31_R128_sevastova_a_gauff_c,2020-560_119,560,2020-560,Us Open,R128,201545,Anastasija Sevastova,221103,Coco Gauff,tournament_rank_unique,False,
tennis_data_uk,wta,2020,19,US Open,New York,2020-08-31,grand_slam,True,hard,R128,128,3,Kozlova K.,Osuigwe W.,99,143,658.0,447.0,2,0,6,3,7,5,,,,,,,completed,1.53,2.5,1.58,2.52,1.58,2.63,1.53,2.5,2020_19_new_york_us_open,2020_19_new_york_us_open_2020-08-31_R128_kozlova_k_osuigwe_w,2020-560_130,560,2020-560,Us Open,R128,203462,Kateryna Baindl,215992,Whitney Osuigwe,tournament_rank_unique,False,
tennis_data_uk,wta,2020,19,US Open,New York,2020-08-31,grand_slam,True,hard,R128,128,3,Kontaveit A.,Collins D.,21,55,2220.0,1115.0,2,1,5,7,6,2,6,2,,,,,completed,1.28,3.75,1.24,4.46,1.29,4.46,1.24,4.01,2020_19_new_york_us_open,2020_19_new_york_us_open_2020-08-31_R128_kontaveit_a_collins_d,2020-560_123,560,2020-560,Us Open,R128,204426,Anett Kontaveit,203389,Danielle Collins,tournament_rank_unique,False,
tennis_data_uk,wta,2020,19,US Open,New York,2020-08-31,grand_slam,True,hard,R128,128,3,Linette M.,Inglis M.,37,119,1482.0,586.0,2,1,6,1,4,6,6,4,,,,,completed,1.14,5.5,1.2,5.08,1.2,5.5,1.17,4.97,2020_19_new_york_us_open,2020_19_new_york_us_open_2020-08-31_R128_linette_m_inglis_m,2020-560_120,560,2020-560,Us Open,R128,202663,Magda Linette,213666,Maddison Inglis,tournament_rank_unique,False,
tennis_data_uk,wta,2020,19,US Open,New York,2020-08-31,grand_slam,True,hard,R128,128,3,Juvan K.,Arconada U.M.,113,140,613.0,467.0,2,0,6,4,7,6,,,,,,,completed,1.66,2.2,1.61,2.46,1.68,2.5,1.59,2.35,2020_19_new_york_us_open,2020_19_new_york_us_open_2020-08-31_R128_juvan_k_arconada_u_m,2020-560_122,560,2020-560,Us Open,R128,215219,Kaja Juvan,213672,Usue Maitane Arconada,tournament_rank_unique,False,
tennis_data_uk,wta,2020,19,US Open,New York,2020-09-01,grand_slam,True,hard,R128,128,3,Bondarenko K.,Kiick A.,349,162,141.0,396.0,2,1,3,6,6,3,6,1,,,,,completed,1.2,4.5,1.23,4.67,1.23,4.85,1.2,4.5,2020_19_new_york_us_open,2020_19_new_york_us_open_2020-09-01_R128_bondarenko_k_kiick_a,2020-560_114,560,2020-560,Us Open,R128,201435,Kateryna Bondarenko,213530,Allie Kiick,tournament_rank_unique,False,
tennis_data_uk,wta,2020,19,US Open,New York,2020-09-01,grand_slam,True,hard,R128,128,3,Martic P.,Martincova T.,15,136,2850.0,488.0,2,1,5,7,6,2,6,4,,,,,completed,1.22,4.33,1.25,4.36,1.25,4.8,1.21,4.32,2020_19_new_york_us_open,2020_19_new_york_us_open_2020-09-01_R128_martic_p_martincova_t,2020-560_115,560,2020-560,Us Open,R128,201549,Petra Martic,206124,Tereza Martincova,tournament_rank_unique,False,
tennis_data_uk,wta,2020,19,US Open,New York,2020-09-01,grand_slam,True,hard,R128,128,3,Lapko V.,Golubic V.,351,123,137.0,548.0,2,1,1,6,7,6,6,2,,,,,completed,2.75,1.44,2.94,1.45,3.0,1.5,2.79,1.43,2020_19_new_york_us_open,2020_19_new_york_us_open_2020-09-01_R128_lapko_v_golubic_v,2020-560_110,560,2020-560,Us Open,R128,214304,Vera Lapko,203530,Viktorija Golubic,tournament_rank_unique,False,
tennis_data_uk,wta,2020,19,US Open,New York,2020-09-01,grand_slam,True,hard,R128,128,3,Brengle M.,Rodionova Ar.,84,154,786.0,417.0,2,0,6,2,6,2,,,,,,,completed,1.28,3.75,1.24,4.36,1.31,4.4,1.24,4.08,2020_19_new_york_us_open,2020_19_new_york_us_open_2020-09-01_R128_brengle_m_rodionova_ar,2020-560_126,560,2020-560,Us Open,R128,201483,Madison Brengle,201613,Arina Rodionova,tournament_rank_unique,False,
tennis_data_uk,wta,2020,19,US Open,New York,2020-09-01,grand_slam,True,hard,R128,128,3,Yastremska D.,Sharma A.,25,126,1880.0,529.0,2,1,6,3,6,7,7,6,,,,,completed,1.14,5.5,1.16,6.04,1.18,6.25,1.15,5.43,2020_19_new_york_us_open,2020_19_new_york_us_open_2020-09-01_R128_yastremska_d_sharma_a,2020-560_127,560,2020-560,Us Open,R128,215035,Dayana Yastremska,206292,Astra Sharma,tournament_rank_unique,False,
tennis_data_uk,wta,2020,19,US Open,New York,2020-09-01,grand_slam,True,hard,R128,128,3,Bellis C.,Korpatsch T.,188,118,330.0,599.0,2,1,6,7,6,3,6,2,,,,,completed,1.1,7.0,1.06,11.21,1.12,11.25,1.06,9.13,2020_19_new_york_us_open,2020_19_new_york_us_open_2020-09-01_R128_bellis_c_korpatsch_t,2020-560_102,560,2020-560,Us Open,R128,214263,Catherine Cartan Bellis,211337,Tamara Korpatsch,tournament_rank_unique,False,
tennis_data_uk,wta,2020,19,US Open,New York,2020-09-01,grand_slam,True,hard,R128,128,3,Rogers S.,Khromacheva I.,93,674,713.0,40.0,2,0,6,2,6,2,,,,,,,completed,1.1,7.0,1.11,7.7,1.15,7.95,1.1,7.06,2020_19_new_york_us_open,2020_19_new_york_us_open_2020-09-01_R128_rogers_s_khromacheva_i,2020-560_125,560,2020-560,Us Open,R128,201603,Shelby Rogers,202701,Irina Khromacheva,tournament_rank_unique,False,
tennis_data_uk,wta,2020,19,US Open,New York,2020-09-01,grand_slam,True,hard,R128,128,3,Flipkens K.,Peterson R.,72,48,878.0,1225.0,2,0,7,6,6,4,,,,,,,completed,1.9,1.9,1.96,1.93,2.0,2.0,1.88,1.92,2020_19_new_york_us_open,2020_19_new_york_us_open_2020-09-01_R128_flipkens_k_peterson_r,2020-560_128,560,2020-560,Us Open,R128,201465,Kirsten Flipkens,202490,Rebecca Peterson,tournament_rank_unique,False,
tennis_data_uk,wta,2020,19,US Open,New York,2020-09-01,grand_slam,True,hard,R128,128,3,Rybakina E.,Zavatska K.,17,108,2471.0,631.0,2,0,6,3,6,0,,,,,,,completed,1.11,6.5,1.14,6.69,1.17,8.1,1.13,6.01,2020_19_new_york_us_open,2020_19_new_york_us_open_2020-09-01_R128_rybakina_e_zavatska_k,2020-560_124,560,2020-560,Us Open,R128,214981,Elena Rybakina,215290,Katarina Zavatska,tournament_rank_unique,False,
tennis_data_uk,wta,2020,19,US Open,New York,2020-09-01,grand_slam,True,hard,R128,128,3,Pegula J.,Bouzkova M.,63,46,983.0,1274.0,2,1,3,6,6,2,7,6,,,,,completed,1.9,1.9,1.86,2.03,1.91,2.03,1.84,1.97,2020_19_new_york_us_open,2020_19_new_york_us_open_2020-09-01_R128_pegula_j_bouzkova_m,2020-560_129,560,2020-560,Us Open,R128,202468,Jessica Pegula,213631,Marie Bouzkova,tournament_rank_unique,False,
tennis_data_uk,wta,2020,19,US Open,New York,2020-09-01,grand_slam,True,hard,R128,128,3,Putintseva Y.,Montgomery R.,35,593,1525.0,54.0,2,0,6,1,6,3,,,,,,,completed,1.12,6.0,1.14,6.66,1.14,7.0,1.11,6.3,2020_19_new_york_us_open,2020_19_new_york_us_open_2020-09-01_R128_putintseva_y_montgomery_r,2020-560_111,560,2020-560,Us Open,R128,201709,Yulia Putintseva,221905,Robin Montgomery,tournament_rank_unique,False,
tennis_data_uk,wta,2020,19,US Open,New York,2020-09-01,grand_slam,True,hard,R128,128,3,Li A.,Rus A.,128,68,526.0,929.0,2,1,6,4,2,6,6,1,,,,,completed,2.37,1.57,2.55,1.57,2.56,1.62,2.47,1.54,2020_19_new_york_us_open,2020_19_new_york_us_open_2020-09-01_R128_li_a_rus_a,2020-560_106,560,2020-560,Us Open,R128,215983,Ann Li,201551,Arantxa Rus,tournament_rank_unique,False,
tennis_data_uk,wta,2020,19,US Open,New York,2020-09-01,grand_slam,True,hard,R128,128,3,Brady J.,Blinkova A.,41,62,1395.0,984.0,2,0,6,3,6,2,,,,,,,completed,1.2,4.5,1.19,5.26,1.2,5.4,1.17,4.96,2020_19_new_york_us_open,2020_19_new_york_us_open_2020-09-01_R128_brady_j_blinkova_a,2020-560_103,560,2020-560,Us Open,R128,206108,Jennifer Brady,215020,Anna Blinkova,tournament_rank_unique,False,
tennis_data_uk,wta,2020,19,US Open,New York,2020-09-01,grand_slam,True,hard,R128,128,3,Giorgi C.,Van Uytvanck A.,74,60,870.0,1035.0,2,1,2,6,6,1,7,5,,,,,completed,1.44,2.75,1.47,2.86,1.48,2.9,1.44,2.79,2020_19_new_york_us_open,2020_19_new_york_us_open_2020-09-01_R128_giorgi_c_van_uytvanck_a,2020-560_117,560,2020-560,Us Open,R128,202429,Camila Giorgi,202421,Alison Van Uytvanck,tournament_rank_unique,False,
tennis_data_uk,wta,2020,19,US Open,New York,2020-09-01,grand_slam,True,hard,R128,128,3,Osaka N.,Doi M.,9,81,4020.0,818.0,2,1,6,2,5,7,6,2,,,,,completed,1.1,7.0,1.13,7.12,1.15,7.45,1.12,6.4,2020_19_new_york_us_open,2020_19_new_york_us_open_2020-09-01_R128_osaka_n_doi_m,2020-560_116,560,2020-560,Us Open,R128,211768,Naomi Osaka,201595,Misaki Doi,tournament_rank_unique,False,
tennis_data_uk,wta,2020,19,US Open,New York,2020-09-01,grand_slam,True,hard,R128,128,3,Riske A.,Maria T.,20,95,2256.0,702.0,2,0,6,3,6,2,,,,,,,completed,1.11,6.5,1.16,5.93,1.16,7.0,1.13,5.88,2020_19_new_york_us_open,2020_19_new_york_us_open_2020-09-01_R128_riske_a_maria_t,2020-560_107,560,2020-560,Us Open,R128,201590,Alison Riske Amritraj,213583,Tatjana Maria,tournament_rank_unique,False,
tennis_data_uk,wta,2020,19,US Open,New York,2020-09-01,grand_slam,True,hard,R128,128,3,Muguruza G.,Hibino N.,16,78,2711.0,838.0,2,0,6,4,6,4,,,,,,,completed,1.16,5.0,1.19,5.3,1.2,5.3,1.18,4.91,2020_19_new_york_us_open,2020_19_new_york_us_open_2020-09-01_R128_muguruza_g_hibino_n,2020-560_139,560,2020-560,Us Open,R128,202469,Garbine Muguruza,211702,Nao Hibino,tournament_rank_unique,False,
tennis_data_uk,wta,2020,19,US Open,New York,2020-09-01,grand_slam,True,hard,R128,128,3,Cirstea S.,Mchale C.,77,75,839.0,857.0,2,0,6,4,7,5,,,,,,,completed,2.37,1.57,2.44,1.62,2.45,1.63,2.37,1.58,2020_19_new_york_us_open,2020_19_new_york_us_open_2020-09-01_R128_cirstea_s_mchale_c,2020-560_154,560,2020-560,Us Open,R128,201514,Sorana Cirstea,201539,Christina Mchale,tournament_rank_unique,False,
tennis_data_uk,wta,2020,19,US Open,New York,2020-09-01,grand_slam,True,hard,R128,128,3,Mertens E.,Siegemund L.,18,64,2360.0,971.0,2,0,6,2,6,2,,,,,,,completed,1.14,5.5,1.13,6.81,1.2,6.81,1.14,5.73,2020_19_new_york_us_open,2020_19_new_york_us_open_2020-09-01_R128_mertens_e_siegemund_l,2020-560_156,560,2020-560,Us Open,R128,210722,Elise Mertens,201696,Laura Siegemund,tournament_rank_unique,False,
tennis_data_uk,wta,2020,19,US Open,New York,2020-09-01,grand_slam,True,hard,R128,128,3,Anisimova A.,Tomova V.,28,133,1775.0,505.0,2,0,7,5,7,5,,,,,,,completed,1.1,7.0,1.1,8.46,1.14,8.5,1.09,7.31,2020_19_new_york_us_open,2020_19_new_york_us_open_2020-09-01_R128_anisimova_a_tomova_v,2020-560_143,560,2020-560,Us Open,R128,216153,Amanda Anisimova,202600,Viktoriya Tomova,tournament_rank_unique,False,
tennis_data_uk,wta,2020,19,US Open,New York,2020-09-01,grand_slam,True,hard,R128,128,3,Bonaventure Y.,Zhang S.,121,38,574.0,1475.0,2,1,4,6,6,3,6,2,,,,,completed,3.0,1.4,3.21,1.39,3.25,1.43,3.03,1.38,2020_19_new_york_us_open,2020_19_new_york_us_open_2020-09-01_R128_bonaventure_y_zhang_s,2020-560_135,560,2020-560,Us Open,R128,204434,Ysaline Bonaventure,201533,Shuai Zhang,tournament_rank_unique,False,
tennis_data_uk,wta,2020,19,US Open,New York,2020-09-01,grand_slam,True,hard,R128,128,3,Gasparyan M.,Puig M.,117,91,601.0,722.0,2,1,6,3,6,7,6,0,,,,,completed,3.5,1.3,2.45,1.61,3.5,1.68,2.37,1.6,2020_19_new_york_us_open,2020_19_new_york_us_open_2020-09-01_R128_gasparyan_m_puig_m,2020-560_146,560,2020-560,Us Open,R128,202506,Margarita Gasparyan,201620,Monica Puig,tournament_rank_unique,False,
tennis_data_uk,wta,2020,19,US Open,New York,2020-09-01,grand_slam,True,hard,R128,128,3,Pironkova T.,Samsonova L.,,120,,576.0,2,0,6,2,6,3,,,,,,,completed,7.0,1.1,7.74,1.11,9.0,1.13,7.4,1.09,2020_19_new_york_us_open,2020_19_new_york_us_open_2020-09-01_R128_pironkova_t_samsonova_l,2020-560_138,560,2020-560,Us Open,R128,201450,Tsvetana Pironkova,214643,Liudmila Samsonova,tournament_round_name_pair,False,missing_rank
tennis_data_uk,wta,2020,19,US Open,New York,2020-09-01,grand_slam,True,hard,R128,128,3,Konta J.,Watson H.,13,54,3152.0,1122.0,2,0,7,6,6,1,,,,,,,completed,1.14,5.5,1.18,5.54,1.19,5.8,1.16,5.31,2020_19_new_york_us_open,2020_19_new_york_us_open_2020-09-01_R128_konta_j_watson_h,2020-560_155,560,2020-560,Us Open,R128,202427,Johanna Konta,201586,Heather Watson,tournament_rank_unique,False,
tennis_data_uk,wta,2020,19,US Open,New York,2020-09-01,grand_slam,True,hard,R128,128,3,Scott K.,Vikhlyantseva N.,637,131,46.0,519.0,2,0,7,6,6,2,,,,,,,completed,2.62,1.5,2.82,1.48,2.9,1.59,2.67,1.47,2020_19_new_york_us_open,2020_19_new_york_us_open_2020-09-01_R128_scott_k_vikhlyantseva_n,2020-560_142,560,2020-560,Us Open,R128,221512,Katrina Scott,212001,Natalia Vikhlyantseva,tournament_rank_unique,False,
tennis_data_uk,wta,2020,19,US Open,New York,2020-09-01,grand_slam,True,hard,R128,128,3,Sorribes Tormo S.,Liu C.,82,238,798.0,253.0,2,0,6,2,6,4,,,,,,,completed,1.5,2.62,1.51,2.73,1.58,2.75,1.5,2.58,2020_19_new_york_us_open,2020_19_new_york_us_open_2020-09-01_R128_sorribes_tormo_s_liu_c,2020-560_157,560,2020-560,Us Open,R128,204427,Sara Sorribes Tormo,214906,Claire Liu,tournament_rank_unique,False,
tennis_data_uk,wta,2020,19,US Open,New York,2020-09-01,grand_slam,True,hard,R128,128,3,Kenin S.,Wickmayer Y.,4,146,4590.0,435.0,2,0,6,2,6,2,,,,,,,completed,1.08,8.0,1.1,8.12,1.12,8.59,1.09,7.6,2020_19_new_york_us_open,2020_19_new_york_us_open_2020-09-01_R128_kenin_s_wickmayer_y,2020-560_163,560,2020-560,Us Open,R128,213550,Sofia Kenin,201518,Yanina Wickmayer,tournament_rank_unique,False,
tennis_data_uk,wta,2020,19,US Open,New York,2020-09-01,grand_slam,True,hard,R128,128,3,Cornet A.,Davis L.,56,65,1060.0,967.0,2,1,6,3,1,6,6,0,,,,,completed,1.3,3.5,1.34,3.5,1.34,3.66,1.32,3.42,2020_19_new_york_us_open,2020_19_new_york_us_open_2020-09-01_R128_cornet_a_davis_l,2020-560_134,560,2020-560,Us Open,R128,201427,Alize Cornet,201616,Lauren Davis,tournament_rank_unique,False,
tennis_data_uk,wta,2020,19,US Open,New York,2020-09-01,grand_slam,True,hard,R128,128,3,Fernandez L.A.,Zvonareva V.,104,178,645.0,351.0,2,0,6,4,7,5,,,,,,,completed,1.8,2.0,1.94,1.94,1.94,2.06,1.82,1.98,2020_19_new_york_us_open,2020_19_new_york_us_open_2020-09-01_R128_fernandez_l_a_zvonareva_v,2020-560_162,560,2020-560,Us Open,R128,220367,Leylah Fernandez,201329,Vera Zvonareva,tournament_rank_unique,False,
tennis_data_uk,wta,2020,19,US Open,New York,2020-09-02,grand_slam,True,hard,R128,128,3,Keys M.,Babos T.,14,101,2962.0,650.0,2,0,6,1,6,1,,,,,,,completed,1.12,6.0,1.11,8.05,1.17,8.05,1.11,6.57,2020_19_new_york_us_open,2020_19_new_york_us_open_2020-09-02_R128_keys_m_babos_t,2020-560_132,560,2020-560,Us Open,R128,201619,Madison Keys,201693,Timea Babos,tournament_rank_unique,False,
tennis_data_uk,wta,2020,19,US Open,New York,2020-09-02,grand_slam,True,hard,R128,128,3,Williams S.,Ahn K.,8,96,4080.0,698.0,2,0,7,5,6,3,,,,,,,completed,1.08,8.0,1.09,8.64,1.12,9.3,1.08,7.74,2020_19_new_york_us_open,2020_19_new_york_us_open_2020-09-02_R128_williams_s_ahn_k,2020-560_147,560,2020-560,Us Open,R128,200033,Serena Williams,201529,Kristie Ahn,tournament_rank_unique,False,
tennis_data_uk,wta,2020,19,US Open,New York,2020-09-02,grand_slam,True,hard,R128,128,3,Kalinskaya A.,Stojanovic N.,110,86,625.0,761.0,2,0,6,4,6,3,,,,,,,completed,1.61,2.3,1.66,2.35,1.67,2.52,1.62,2.29,2020_19_new_york_us_open,2020_19_new_york_us_open_2020-09-02_R128_kalinskaya_a_stojanovic_n,2020-560_153,560,2020-560,Us Open,R128,214939,Anna Kalinskaya,211411,Nina Stojanovic,tournament_rank_unique,False,
tennis_data_uk,wta,2020,19,US Open,New York,2020-09-02,grand_slam,True,hard,R128,128,3,Jabeur O.,Kawa K.,31,125,1573.0,531.0,2,0,6,2,7,6,,,,,,,completed,1.06,10.0,1.06,12.19,1.07,14.5,1.05,10.6,2020_19_new_york_us_open,2020_19_new_york_us_open_2020-09-02_R128_jabeur_o_kawa_k,2020-560_160,560,2020-560,Us Open,R128,202460,Ons Jabeur,203514,Katarzyna Kawa,tournament_rank_unique,False,
tennis_data_uk,wta,2020,19,US Open,New York,2020-09-02,grand_slam,True,hard,R128,128,3,Kanepi K.,Siniakova K.,100,57,656.0,1045.0,2,0,6,1,6,2,,,,,,,completed,1.61,2.3,1.67,2.33,1.67,2.36,1.63,2.27,2020_19_new_york_us_open,2020_19_new_york_us_open_2020-09-02_R128_kanepi_k_siniakova_k,2020-560_161,560,2020-560,Us Open,R128,201466,Kaia Kanepi,211701,Katerina Siniakova,tournament_rank_unique,False,
tennis_data_uk,wta,2020,19,US Open,New York,2020-09-02,grand_slam,True,hard,R128,128,3,Azarenka V.,Haas B.,27,139,1832.0,469.0,2,0,6,1,6,2,,,,,,,completed,1.06,10.0,1.06,11.17,1.08,12.5,1.06,9.69,2020_19_new_york_us_open,2020_19_new_york_us_open_2020-09-02_R128_azarenka_v_haas_b,2020-560_149,560,2020-560,Us Open,R128,201458,Victoria Azarenka,202482,Barbara Haas,tournament_rank_unique,False,
tennis_data_uk,wta,2020,19,US Open,New York,2020-09-02,grand_slam,True,hard,R128,128,3,Muchova K.,Williams V.,26,67,1872.0,929.0,2,0,6,3,7,5,,,,,,,completed,1.5,2.62,1.48,2.83,1.54,2.85,1.47,2.67,2020_19_new_york_us_open,2020_19_new_york_us_open_2020-09-02_R128_muchova_k_williams_v,2020-560_152,560,2020-560,Us Open,R128,214096,Karolina Muchova,200748,Venus Williams,tournament_rank_unique,False,
tennis_data_uk,wta,2020,19,US Open,New York,2020-09-02,grand_slam,True,hard,R128,128,3,Sabalenka A.,Dodin O.,11,115,3615.0,611.0,2,0,7,6,6,4,,,,,,,completed,1.22,4.33,1.23,4.7,1.26,4.9,1.21,4.37,2020_19_new_york_us_open,2020_19_new_york_us_open_2020-09-02_R128_sabalenka_a_dodin_o,2020-560_148,560,2020-560,Us Open,R128,214544,Aryna Sabalenka,206219,Oceane Dodin,tournament_rank_unique,False,
tennis_data_uk,wta,2020,19,US Open,New York,2020-09-02,grand_slam,True,hard,R128,128,3,Bolsova A.,Teichmann J.,103,52,645.0,1164.0,2,0,7,6,6,2,,,,,,,completed,6.0,1.12,6.77,1.13,7.0,1.15,6.19,1.12,2020_19_new_york_us_open,2020_19_new_york_us_open_2020-09-02_R128_bolsova_a_teichmann_j,2020-560_133,560,2020-560,Us Open,R128,211901,Aliona Bolsova,213525,Jil Teichmann,tournament_rank_unique,False,
tennis_data_uk,wta,2020,19,US Open,New York,2020-09-02,grand_slam,True,hard,R128,128,3,Swiatek I.,Kudermetova V.,53,42,1139.0,1388.0,2,0,6,3,6,3,,,,,,,completed,1.72,2.1,1.65,2.36,1.76,2.36,1.67,2.21,2020_19_new_york_us_open,2020_19_new_york_us_open_2020-09-02_R128_swiatek_i_kudermetova_v,2020-560_151,560,2020-560,Us Open,R128,216347,Iga Swiatek,206368,Veronika Kudermetova,tournament_rank_unique,False,
tennis_data_uk,wta,2020,19,US Open,New York,2020-09-02,grand_slam,True,hard,R128,128,3,Govortsova O.,Muhammad A.,130,194,520.0,323.0,2,0,6,1,6,2,,,,,,,completed,1.4,3.0,1.34,3.45,1.4,3.6,1.33,3.36,2020_19_new_york_us_open,2020_19_new_york_us_open_2020-09-02_R128_govortsova_o_muhammad_a,2020-560_145,560,2020-560,Us Open,R128,201501,Olga Govortsova,201534,Asia Muhammad,tournament_rank_unique,False,
tennis_data_uk,wta,2020,19,US Open,New York,2020-09-02,grand_slam,True,hard,R128,128,3,Stephens S.,Buzarnescu M.,39,122,1453.0,558.0,2,0,6,3,6,3,,,,,,,completed,1.36,3.2,1.38,3.3,1.4,3.5,1.35,3.2,2020_19_new_york_us_open,2020_19_new_york_us_open_2020-09-02_R128_stephens_s_buzarnescu_m,2020-560_144,560,2020-560,Us Open,R128,201585,Sloane Stephens,202596,Mihaela Buzarnescu,tournament_rank_unique,False,
tennis_data_uk,wta,2020,19,US Open,New York,2020-09-02,grand_slam,True,hard,R128,128,3,Tig P.M.,Nara K.,88,142,759.0,449.0,2,0,6,1,6,0,,,,,,,completed,1.61,2.3,1.87,2.03,1.94,2.3,1.82,1.99,2020_19_new_york_us_open,2020_19_new_york_us_open_2020-09-02_R128_tig_p_m_nara_k,2020-560_137,560,2020-560,Us Open,R128,206255,Patricia Maria Tig,201597,Kurumi Nara,tournament_rank_unique,False,
tennis_data_uk,wta,2020,19,US Open,New York,2020-09-02,grand_slam,True,hard,R128,128,3,Sakkari M.,Voegele S.,22,114,2130.0,612.0,2,1,6,3,3,6,7,5,,,,,completed,1.3,3.5,1.18,5.45,1.3,5.7,1.18,4.94,2020_19_new_york_us_open,2020_19_new_york_us_open_2020-09-02_R128_sakkari_m_voegele_s,2020-560_140,560,2020-560,Us Open,R128,206289,Maria Sakkari,201527,Stefanie Voegele,tournament_rank_unique,False,
tennis_data_uk,wta,2020,19,US Open,New York,2020-09-02,grand_slam,True,hard,R128,128,3,Pera B.,Diyas Z.,61,69,1015.0,918.0,2,0,7,6,6,0,,,,,,,completed,1.8,1.5,1.57,2.54,2.38,2.61,1.58,2.41,2020_19_new_york_us_open,2020_19_new_york_us_open_2020-09-02_R128_pera_b_diyas_z,2020-560_141,560,2020-560,Us Open,R128,211095,Bernarda Pera,201610,Zarina Diyas,tournament_rank_unique,False,
tennis_data_uk,wta,2020,19,US Open,New York,2020-09-02,grand_slam,True,hard,R128,128,3,Vickery S.,Townsend T.,160,79,399.0,836.0,2,0,6,2,6,4,,,,,,,completed,2.75,1.44,2.84,1.48,2.85,1.53,2.69,1.46,2020_19_new_york_us_open,2020_19_new_york_us_open_2020-09-02_R128_vickery_s_townsend_t,2020-560_150,560,2020-560,Us Open,R128,203500,Sachia Vickery,203501,Taylor Townsend,tournament_rank_unique,False,
tennis_data_uk,wta,2020,19,US Open,New York,2020-09-02,grand_slam,True,hard,R128,128,3,Vekic D.,Pliskova Kr.,24,66,1880.0,960.0,2,1,3,6,7,6,6,4,,,,,completed,1.53,2.5,1.58,2.51,1.62,2.55,1.55,2.43,2020_19_new_york_us_open,2020_19_new_york_us_open_2020-09-02_R128_vekic_d_pliskova_kr,2020-560_136,560,2020-560,Us Open,R128,202499,Donna Vekic,201697,Kristyna Pliskova,tournament_rank_unique,False,
tennis_data_uk,wta,2020,19,US Open,New York,2020-09-02,grand_slam,True,hard,R128,128,3,Alexandrova E.,Clijsters K.,29,,1775.0,,2,1,3,6,7,5,6,1,,,,,completed,1.8,2.0,1.65,2.35,1.8,2.45,1.63,2.28,2020_19_new_york_us_open,2020_19_new_york_us_open_2020-09-02_R128_alexandrova_e_clijsters_k,2020-560_159,560,2020-560,Us Open,R128,206420,Ekaterina Alexandrova,200079,Kim Clijsters,tournament_round_name_pair,False,missing_rank
tennis_data_uk,wta,2020,19,US Open,New York,2020-09-02,grand_slam,True,hard,R128,128,3,Mcnally C.,Kuzmova V.,124,85,544.0,775.0,2,0,6,4,6,1,,,,,,,completed,1.8,2.0,1.81,2.09,1.89,2.09,1.79,2.02,2020_19_new_york_us_open,2020_19_new_york_us_open_2020-09-02_R128_mcnally_c_kuzmova_v,2020-560_158,560,2020-560,Us Open,R128,216083,Caty Mcnally,214149,Viktoria Hruncakova,tournament_rank_unique,False,
tennis_data_uk,wta,2020,19,US Open,New York,2020-09-02,grand_slam,True,hard,R64,64,3,Kerber A.,Friedsam A.L.,23,109,2040.0,629.0,2,0,6,3,7,6,,,,,,,completed,1.28,3.75,1.29,3.95,1.31,4.0,1.28,3.69,2020_19_new_york_us_open,2020_19_new_york_us_open_2020-09-02_R64_kerber_a_friedsam_a_l,2020-560_166,560,2020-560,Us Open,R64,201493,Angelique Kerber,204431,Anna Lena Friedsam,tournament_rank_unique,False,
tennis_data_uk,wta,2020,19,US Open,New York,2020-09-02,grand_slam,True,hard,R64,64,3,Martic P.,Bondarenko K.,15,349,2850.0,141.0,2,0,6,3,6,4,,,,,,,completed,1.14,5.5,1.15,6.36,1.18,6.5,1.15,5.55,2020_19_new_york_us_open,2020_19_new_york_us_open_2020-09-02_R64_martic_p_bondarenko_k,2020-560_171,560,2020-560,Us Open,R64,201549,Petra Martic,201435,Kateryna Bondarenko,tournament_rank_unique,False,
tennis_data_uk,wta,2020,19,US Open,New York,2020-09-02,grand_slam,True,hard,R64,64,3,Kontaveit A.,Juvan K.,21,113,2220.0,613.0,2,0,6,4,6,1,,,,,,,completed,1.16,5.0,1.14,6.51,1.2,6.51,1.15,5.56,2020_19_new_york_us_open,2020_19_new_york_us_open_2020-09-02_R64_kontaveit_a_juvan_k,2020-560_175,560,2020-560,Us Open,R64,204426,Anett Kontaveit,215219,Kaja Juvan,tournament_rank_unique,False,
tennis_data_uk,wta,2020,19,US Open,New York,2020-09-02,grand_slam,True,hard,R64,64,3,Linette M.,Kovinic D.,37,92,1482.0,714.0,2,1,6,1,6,7,7,6,,,,,completed,1.28,3.75,1.27,4.12,1.33,4.2,1.26,3.87,2020_19_new_york_us_open,2020_19_new_york_us_open_2020-09-02_R64_linette_m_kovinic_d,2020-560_174,560,2020-560,Us Open,R64,202663,Magda Linette,203575,Danka Kovinic,tournament_rank_unique,False,
tennis_data_uk,wta,2020,19,US Open,New York,2020-09-02,grand_slam,True,hard,R64,64,3,Gracheva V.,Mladenovic K.,102,44,646.0,1335.0,2,1,1,6,7,6,6,0,,,,,completed,2.5,1.53,2.82,1.48,2.82,1.58,2.61,1.49,2020_19_new_york_us_open,2020_19_new_york_us_open_2020-09-02_R64_gracheva_v_mladenovic_k,2020-560_170,560,2020-560,Us Open,R64,219875,Varvara Gracheva,201540,Kristina Mladenovic,tournament_rank_unique,False,
tennis_data_uk,wta,2020,19,US Open,New York,2020-09-02,grand_slam,True,hard,R64,64,3,Sasnovich A.,Vondrousova M.,106,19,638.0,2308.0,2,0,6,1,6,2,,,,,,,completed,2.3,1.61,2.43,1.62,2.65,1.67,2.42,1.56,2020_19_new_york_us_open,2020_19_new_york_us_open_2020-09-02_R64_sasnovich_a_vondrousova_m,2020-560_168,560,2020-560,Us Open,R64,205925,Aliaksandra Sasnovich,214954,Marketa Vondrousova,tournament_rank_unique,False,
tennis_data_uk,wta,2020,19,US Open,New York,2020-09-02,grand_slam,True,hard,R64,64,3,Kvitova P.,Kozlova K.,12,99,3566.0,658.0,2,0,7,6,6,2,,,,,,,completed,1.12,6.0,1.07,10.15,1.14,10.15,1.09,7.58,2020_19_new_york_us_open,2020_19_new_york_us_open_2020-09-02_R64_kvitova_p_kozlova_k,2020-560_179,560,2020-560,Us Open,R64,201520,Petra Kvitova,203462,Kateryna Baindl,tournament_rank_unique,False,
tennis_data_uk,wta,2020,19,US Open,New York,2020-09-02,grand_slam,True,hard,R64,64,3,Putintseva Y.,Lapko V.,35,351,1525.0,137.0,2,0,6,3,6,3,,,,,,,completed,1.16,5.0,1.2,5.08,1.25,5.08,1.2,4.54,2020_19_new_york_us_open,2020_19_new_york_us_open_2020-09-02_R64_putintseva_y_lapko_v,2020-560_169,560,2020-560,Us Open,R64,201709,Yulia Putintseva,214304,Vera Lapko,tournament_rank_unique,False,
tennis_data_uk,wta,2020,19,US Open,New York,2020-09-02,grand_slam,True,hard,R64,64,3,Brady J.,Bellis C.,41,188,1395.0,330.0,2,0,6,1,6,2,,,,,,,completed,1.44,2.75,1.42,3.06,1.49,3.1,1.42,2.88,2020_19_new_york_us_open,2020_19_new_york_us_open_2020-09-02_R64_brady_j_bellis_c,2020-560_165,560,2020-560,Us Open,R64,206108,Jennifer Brady,214263,Catherine Cartan Bellis,tournament_rank_unique,False,
tennis_data_uk,wta,2020,19,US Open,New York,2020-09-02,grand_slam,True,hard,R64,64,3,Pegula J.,Flipkens K.,63,72,983.0,878.0,2,1,7,6,6,7,6,3,,,,,completed,1.4,3.0,1.33,3.62,1.43,3.62,1.36,3.16,2020_19_new_york_us_open,2020_19_new_york_us_open_2020-09-02_R64_pegula_j_flipkens_k,2020-560_178,560,2020-560,Us Open,R64,202468,Jessica Pegula,201465,Kirsten Flipkens,tournament_rank_unique,False,
tennis_data_uk,wta,2020,19,US Open,New York,2020-09-02,grand_slam,True,hard,R64,64,3,Rogers S.,Rybakina E.,93,17,713.0,2471.0,2,0,7,5,6,1,,,,,,,completed,3.0,1.4,2.89,1.46,3.29,1.46,2.96,1.4,2020_19_new_york_us_open,2020_19_new_york_us_open_2020-09-02_R64_rogers_s_rybakina_e,2020-560_176,560,2020-560,Us Open,R64,201603,Shelby Rogers,214981,Elena Rybakina,tournament_rank_unique,False,
tennis_data_uk,wta,2020,19,US Open,New York,2020-09-02,grand_slam,True,hard,R64,64,3,Li A.,Riske A.,128,20,526.0,2256.0,2,0,6,0,6,3,,,,,,,completed,3.0,1.4,3.2,1.4,3.25,1.41,3.08,1.37,2020_19_new_york_us_open,2020_19_new_york_us_open_2020-09-02_R64_li_a_riske_a,2020-560_167,560,2020-560,Us Open,R64,215983,Ann Li,201590,Alison Riske Amritraj,tournament_rank_unique,False,
tennis_data_uk,wta,2020,19,US Open,New York,2020-09-02,grand_slam,True,hard,R64,64,3,Garcia C.,Pliskova Ka.,50,3,1205.0,5205.0,2,0,6,1,7,6,,,,,,,completed,3.5,1.3,4.1,1.27,4.2,1.35,3.66,1.28,2020_19_new_york_us_open,2020_19_new_york_us_open_2020-09-02_R64_garcia_c_pliskova_ka,2020-560_164,560,2020-560,Us Open,R64,201614,Caroline Garcia,201662,Karolina Pliskova,tournament_rank_unique,False,
tennis_data_uk,wta,2020,19,US Open,New York,2020-09-03,grand_slam,True,hard,R64,64,3,Kostyuk M.,Sevastova A.,137,45,477.0,1288.0,2,0,6,3,7,6,,,,,,,completed,2.0,1.8,1.96,1.93,2.1,1.93,1.95,1.85,2020_19_new_york_us_open,2020_19_new_york_us_open_2020-09-03_R64_kostyuk_m_sevastova_a,2020-560_173,560,2020-560,Us Open,R64,216146,Marta Kostyuk,201545,Anastasija Sevastova,tournament_rank_unique,False,
tennis_data_uk,wta,2020,19,US Open,New York,2020-09-03,grand_slam,True,hard,R64,64,3,Osaka N.,Giorgi C.,9,74,4020.0,870.0,2,0,6,1,6,2,,,,,,,completed,1.22,4.33,1.24,4.5,1.26,4.55,1.23,4.16,2020_19_new_york_us_open,2020_19_new_york_us_open_2020-09-03_R64_osaka_n_giorgi_c,2020-560_172,560,2020-560,Us Open,R64,211768,Naomi Osaka,202429,Camila Giorgi,tournament_rank_unique,False,
tennis_data_uk,wta,2020,19,US Open,New York,2020-09-03,grand_slam,True,hard,R64,64,3,Brengle M.,Yastremska D.,84,25,786.0,1880.0,2,0,6,2,6,3,,,,,,,completed,5.0,1.16,4.72,1.22,5.0,1.22,4.58,1.2,2020_19_new_york_us_open,2020_19_new_york_us_open_2020-09-03_R64_brengle_m_yastremska_d,2020-560_177,560,2020-560,Us Open,R64,201483,Madison Brengle,215035,Dayana Yastremska,tournament_rank_unique,False,
tennis_data_uk,wta,2020,19,US Open,New York,2020-09-03,grand_slam,True,hard,R64,64,3,Jabeur O.,Kanepi K.,31,100,1573.0,656.0,2,0,7,6,6,0,,,,,,,completed,1.5,2.62,1.54,2.63,1.54,2.85,1.48,2.65,2020_19_new_york_us_open,2020_19_new_york_us_open_2020-09-03_R64_jabeur_o_kanepi_k,2020-560_194,560,2020-560,Us Open,R64,202460,Ons Jabeur,201466,Kaia Kanepi,tournament_rank_unique,False,
tennis_data_uk,wta,2020,19,US Open,New York,2020-09-03,grand_slam,True,hard,R64,64,3,Pironkova T.,Muguruza G.,,16,,2711.0,2,0,7,5,6,3,,,,,,,completed,5.0,1.16,5.96,1.16,6.25,1.19,5.37,1.15,2020_19_new_york_us_open,2020_19_new_york_us_open_2020-09-03_R64_pironkova_t_muguruza_g,2020-560_183,560,2020-560,Us Open,R64,201450,Tsvetana Pironkova,202469,Garbine Muguruza,tournament_round_name_pair,False,missing_rank
tennis_data_uk,wta,2020,19,US Open,New York,2020-09-03,grand_slam,True,hard,R64,64,3,Sakkari M.,Pera B.,22,61,2130.0,1015.0,2,1,2,6,6,3,6,2,,,,,completed,1.44,2.75,1.46,2.92,1.48,2.95,1.44,2.78,2020_19_new_york_us_open,2020_19_new_york_us_open_2020-09-03_R64_sakkari_m_pera_b,2020-560_184,560,2020-560,Us Open,R64,206289,Maria Sakkari,211095,Bernarda Pera,tournament_rank_unique,False,
tennis_data_uk,wta,2020,19,US Open,New York,2020-09-03,grand_slam,True,hard,R64,64,3,Anisimova A.,Scott K.,28,637,1775.0,46.0,2,1,4,6,6,4,6,1,,,,,completed,1.12,6.0,1.13,7.11,1.14,8.0,1.11,6.51,2020_19_new_york_us_open,2020_19_new_york_us_open_2020-09-03_R64_anisimova_a_scott_k,2020-560_185,560,2020-560,Us Open,R64,216153,Amanda Anisimova,221512,Katrina Scott,tournament_rank_unique,False,
tennis_data_uk,wta,2020,19,US Open,New York,2020-09-03,grand_slam,True,hard,R64,64,3,Vekic D.,Tig P.M.,24,88,1880.0,759.0,2,0,6,2,6,1,,,,,,,completed,1.2,4.5,1.26,4.25,1.26,4.56,1.23,4.14,2020_19_new_york_us_open,2020_19_new_york_us_open_2020-09-03_R64_vekic_d_tig_p_m,2020-560_182,560,2020-560,Us Open,R64,202499,Donna Vekic,206255,Patricia Maria Tig,tournament_rank_unique,False,
tennis_data_uk,wta,2020,19,US Open,New York,2020-09-03,grand_slam,True,hard,R64,64,3,Kenin S.,Fernandez L.A.,4,104,4590.0,645.0,2,0,6,4,6,3,,,,,,,completed,1.36,3.2,1.36,3.41,1.4,3.41,1.34,3.24,2020_19_new_york_us_open,2020_19_new_york_us_open_2020-09-03_R64_kenin_s_fernandez_l_a,2020-560_195,560,2020-560,Us Open,R64,213550,Sofia Kenin,220367,Leylah Fernandez,tournament_rank_unique,False,
tennis_data_uk,wta,2020,19,US Open,New York,2020-09-03,grand_slam,True,hard,R64,64,3,Muchova K.,Kalinskaya A.,26,110,1872.0,625.0,2,0,6,3,7,6,,,,,,,completed,1.2,4.5,1.24,4.44,1.25,4.77,1.22,4.26,2020_19_new_york_us_open,2020_19_new_york_us_open_2020-09-03_R64_muchova_k_kalinskaya_a,2020-560_190,560,2020-560,Us Open,R64,214096,Karolina Muchova,214939,Anna Kalinskaya,tournament_rank_unique,False,
tennis_data_uk,wta,2020,19,US Open,New York,2020-09-03,grand_slam,True,hard,R64,64,3,Cirstea S.,Konta J.,77,13,839.0,3152.0,2,1,2,6,7,6,6,4,,,,,completed,5.5,1.14,5.43,1.18,5.95,1.22,5.37,1.15,2020_19_new_york_us_open,2020_19_new_york_us_open_2020-09-03_R64_cirstea_s_konta_j,2020-560_191,560,2020-560,Us Open,R64,201514,Sorana Cirstea,202427,Johanna Konta,tournament_rank_unique,False,
tennis_data_uk,wta,2020,19,US Open,New York,2020-09-03,grand_slam,True,hard,R64,64,3,Cornet A.,Bonaventure Y.,56,121,1060.0,574.0,2,0,7,6,6,3,,,,,,,completed,1.28,3.75,1.26,4.3,1.35,4.35,1.25,3.91,2020_19_new_york_us_open,2020_19_new_york_us_open_2020-09-03_R64_cornet_a_bonaventure_y,2020-560_181,560,2020-560,Us Open,R64,201427,Alize Cornet,204434,Ysaline Bonaventure,tournament_rank_unique,False,
tennis_data_uk,wta,2020,19,US Open,New York,2020-09-04,grand_slam,True,hard,R64,64,3,Stephens S.,Govortsova O.,39,130,1453.0,520.0,2,0,6,2,6,2,,,,,,,completed,1.61,2.3,1.65,2.37,1.66,2.42,1.61,2.32,2020_19_new_york_us_open,2020_19_new_york_us_open_2020-09-04_R64_stephens_s_govortsova_o,2020-560_186,560,2020-560,Us Open,R64,201585,Sloane Stephens,201501,Olga Govortsova,tournament_rank_unique,False,
tennis_data_uk,wta,2020,19,US Open,New York,2020-09-04,grand_slam,True,hard,R64,64,3,Keys M.,Bolsova A.,14,103,2962.0,645.0,2,0,6,2,6,1,,,,,,,completed,1.1,7.0,1.1,8.33,1.12,8.5,1.1,7.19,2020_19_new_york_us_open,2020_19_new_york_us_open_2020-09-04_R64_keys_m_bolsova_a,2020-560_180,560,2020-560,Us Open,R64,201619,Madison Keys,211901,Aliona Bolsova,tournament_rank_unique,False,
tennis_data_uk,wta,2020,19,US Open,New York,2020-09-04,grand_slam,True,hard,R64,64,3,Williams S.,Gasparyan M.,8,117,4080.0,601.0,2,0,6,2,6,4,,,,,,,completed,1.08,8.0,1.1,8.45,1.11,10.5,1.07,8.55,2020_19_new_york_us_open,2020_19_new_york_us_open_2020-09-04_R64_williams_s_gasparyan_m,2020-560_187,560,2020-560,Us Open,R64,200033,Serena Williams,202506,Margarita Gasparyan,tournament_rank_unique,False,
tennis_data_uk,wta,2020,19,US Open,New York,2020-09-04,grand_slam,True,hard,R64,64,3,Azarenka V.,Sabalenka A.,27,11,1832.0,3615.0,2,0,6,1,6,3,,,,,,,completed,1.9,1.9,2.03,1.85,2.03,2.06,1.91,1.88,2020_19_new_york_us_open,2020_19_new_york_us_open_2020-09-04_R64_azarenka_v_sabalenka_a,2020-560_188,560,2020-560,Us Open,R64,201458,Victoria Azarenka,214544,Aryna Sabalenka,tournament_rank_unique,False,
tennis_data_uk,wta,2020,19,US Open,New York,2020-09-04,grand_slam,True,hard,R64,64,3,Swiatek I.,Vickery S.,53,160,1139.0,399.0,2,1,6,7,6,3,6,4,,,,,completed,1.5,2.62,1.17,5.67,1.21,5.8,1.17,5.02,2020_19_new_york_us_open,2020_19_new_york_us_open_2020-09-04_R64_swiatek_i_vickery_s,2020-560_189,560,2020-560,Us Open,R64,216347,Iga Swiatek,203500,Sachia Vickery,tournament_rank_unique,False,
tennis_data_uk,wta,2020,19,US Open,New York,2020-09-04,grand_slam,True,hard,R64,64,3,Mcnally C.,Alexandrova E.,124,29,544.0,1775.0,2,1,4,6,6,3,7,6,,,,,completed,2.62,1.5,2.88,1.47,3.25,1.47,2.93,1.4,2020_19_new_york_us_open,2020_19_new_york_us_open_2020-09-04_R64_mcnally_c_alexandrova_e,2020-560_193,560,2020-560,Us Open,R64,216083,Caty Mcnally,206420,Ekaterina Alexandrova,tournament_rank_unique,False,
tennis_data_uk,wta,2020,19,US Open,New York,2020-09-04,grand_slam,True,hard,R64,64,3,Mertens E.,Sorribes Tormo S.,18,82,2360.0,798.0,2,0,6,3,7,5,,,,,,,completed,1.01,26.0,1.06,11.65,1.07,12.5,1.05,10.3,2020_19_new_york_us_open,2020_19_new_york_us_open_2020-09-04_R64_mertens_e_sorribes_tormo_s,2020-560_192,560,2020-560,Us Open,R64,210722,Elise Mertens,204427,Sara Sorribes Tormo,tournament_rank_unique,False,
tennis_data_uk,wta,2020,19,US Open,New York,2020-09-04,grand_slam,True,hard,R32,32,3,Martic P.,Gracheva V.,15,102,2850.0,646.0,2,0,6,3,6,3,,,,,,,completed,1.25,4.0,1.19,5.22,1.3,5.22,1.23,4.21,2020_19_new_york_us_open,2020_19_new_york_us_open_2020-09-04_R32_martic_p_gracheva_v,2020-560_199,560,2020-560,Us Open,R32,201549,Petra Martic,219875,Varvara Gracheva,tournament_rank_unique,False,
tennis_data_uk,wta,2020,19,US Open,New York,2020-09-04,grand_slam,True,hard,R32,32,3,Putintseva Y.,Sasnovich A.,35,106,1525.0,638.0,2,1,3,6,6,2,6,1,,,,,completed,1.66,2.2,1.72,2.24,1.74,2.28,1.68,2.19,2020_19_new_york_us_open,2020_19_new_york_us_open_2020-09-04_R32_putintseva_y_sasnovich_a,2020-560_198,560,2020-560,Us Open,R32,201709,Yulia Putintseva,205925,Aliaksandra Sasnovich,tournament_rank_unique,False,
tennis_data_uk,wta,2020,19,US Open,New York,2020-09-04,grand_slam,True,hard,R32,32,3,Osaka N.,Kostyuk M.,9,137,4020.0,477.0,2,1,6,3,6,7,6,2,,,,,completed,1.16,5.0,1.17,5.84,1.21,5.95,1.16,5.31,2020_19_new_york_us_open,2020_19_new_york_us_open_2020-09-04_R32_osaka_n_kostyuk_m,2020-560_200,560,2020-560,Us Open,R32,211768,Naomi Osaka,216146,Marta Kostyuk,tournament_rank_unique,False,
tennis_data_uk,wta,2020,19,US Open,New York,2020-09-04,grand_slam,True,hard,R32,32,3,Kerber A.,Li A.,23,128,2040.0,526.0,2,0,6,3,6,4,,,,,,,completed,1.3,3.5,1.37,3.34,1.38,3.9,1.34,3.28,2020_19_new_york_us_open,2020_19_new_york_us_open_2020-09-04_R32_kerber_a_li_a,2020-560_197,560,2020-560,Us Open,R32,201493,Angelique Kerber,215983,Ann Li,tournament_rank_unique,False,
tennis_data_uk,wta,2020,19,US Open,New York,2020-09-04,grand_slam,True,hard,R32,32,3,Brady J.,Garcia C.,41,50,1395.0,1205.0,2,0,6,3,6,3,,,,,,,completed,1.4,3.0,1.44,2.98,1.45,3.23,1.4,2.94,2020_19_new_york_us_open,2020_19_new_york_us_open_2020-09-04_R32_brady_j_garcia_c,2020-560_196,560,2020-560,Us Open,R32,206108,Jennifer Brady,201614,Caroline Garcia,tournament_rank_unique,False,
tennis_data_uk,wta,2020,19,US Open,New York,2020-09-04,grand_slam,True,hard,R32,32,3,Kontaveit A.,Linette M.,21,37,2220.0,1482.0,2,0,6,3,6,2,,,,,,,completed,1.16,5.0,1.21,4.94,1.24,5.4,1.18,4.86,2020_19_new_york_us_open,2020_19_new_york_us_open_2020-09-04_R32_kontaveit_a_linette_m,2020-560_201,560,2020-560,Us Open,R32,204426,Anett Kontaveit,202663,Magda Linette,tournament_rank_unique,False,
tennis_data_uk,wta,2020,19,US Open,New York,2020-09-05,grand_slam,True,hard,R32,32,3,Rogers S.,Brengle M.,93,84,713.0,786.0,2,0,6,2,6,4,,,,,,,completed,1.5,2.62,1.42,3.1,1.64,3.1,1.43,2.84,2020_19_new_york_us_open,2020_19_new_york_us_open_2020-09-05_R32_rogers_s_brengle_m,2020-560_202,560,2020-560,Us Open,R32,201603,Shelby Rogers,201483,Madison Brengle,tournament_rank_unique,False,
tennis_data_uk,wta,2020,19,US Open,New York,2020-09-05,grand_slam,True,hard,R32,32,3,Kvitova P.,Pegula J.,12,63,3566.0,983.0,2,0,6,4,6,3,,,,,,,completed,1.33,3.4,1.3,3.8,1.38,3.8,1.31,3.42,2020_19_new_york_us_open,2020_19_new_york_us_open_2020-09-05_R32_kvitova_p_pegula_j,2020-560_203,560,2020-560,Us Open,R32,201520,Petra Kvitova,202468,Jessica Pegula,tournament_rank_unique,False,
tennis_data_uk,wta,2020,19,US Open,New York,2020-09-05,grand_slam,True,hard,R32,32,3,Sakkari M.,Anisimova A.,22,28,2130.0,1775.0,2,0,6,3,6,1,,,,,,,completed,1.9,1.9,1.82,2.08,1.92,2.11,1.8,2.02,2020_19_new_york_us_open,2020_19_new_york_us_open_2020-09-05_R32_sakkari_m_anisimova_a,2020-560_206,560,2020-560,Us Open,R32,206289,Maria Sakkari,216153,Amanda Anisimova,tournament_rank_unique,False,
tennis_data_uk,wta,2020,19,US Open,New York,2020-09-05,grand_slam,True,hard,R32,32,3,Muchova K.,Cirstea S.,26,77,1872.0,839.0,2,1,6,3,2,6,7,6,,,,,completed,1.3,3.5,1.29,3.98,1.32,4.0,1.27,3.7,2020_19_new_york_us_open,2020_19_new_york_us_open_2020-09-05_R32_muchova_k_cirstea_s,2020-560_209,560,2020-560,Us Open,R32,214096,Karolina Muchova,201514,Sorana Cirstea,tournament_rank_unique,False,
tennis_data_uk,wta,2020,19,US Open,New York,2020-09-05,grand_slam,True,hard,R32,32,3,Mertens E.,Mcnally C.,18,124,2360.0,544.0,2,0,7,5,6,1,,,,,,,completed,1.16,5.0,1.16,5.92,1.23,5.92,1.16,5.23,2020_19_new_york_us_open,2020_19_new_york_us_open_2020-09-05_R32_mertens_e_mcnally_c,2020-560_210,560,2020-560,Us Open,R32,210722,Elise Mertens,216083,Caty Mcnally,tournament_rank_unique,False,
tennis_data_uk,wta,2020,19,US Open,New York,2020-09-05,grand_slam,True,hard,R32,32,3,Williams S.,Stephens S.,8,39,4080.0,1453.0,2,1,2,6,6,2,6,2,,,,,completed,1.44,2.75,1.46,2.91,1.5,2.91,1.45,2.78,2020_19_new_york_us_open,2020_19_new_york_us_open_2020-09-05_R32_williams_s_stephens_s,2020-560_207,560,2020-560,Us Open,R32,200033,Serena Williams,201585,Sloane Stephens,tournament_rank_unique,False,
tennis_data_uk,wta,2020,19,US Open,New York,2020-09-05,grand_slam,True,hard,R32,32,3,Pironkova T.,Vekic D.,,24,,1880.0,2,0,6,4,6,1,,,,,,,completed,2.62,1.5,2.79,1.49,2.85,1.55,2.64,1.49,2020_19_new_york_us_open,2020_19_new_york_us_open_2020-09-05_R32_pironkova_t_vekic_d,2020-560_205,560,2020-560,Us Open,R32,201450,Tsvetana Pironkova,202499,Donna Vekic,tournament_round_name_pair,False,missing_rank
tennis_data_uk,wta,2020,19,US Open,New York,2020-09-06,grand_slam,True,hard,R32,32,3,Azarenka V.,Swiatek I.,27,53,1832.0,1139.0,2,0,6,4,6,2,,,,,,,completed,1.25,4.0,1.28,4.05,1.36,4.5,1.24,4.07,2020_19_new_york_us_open,2020_19_new_york_us_open_2020-09-06_R32_azarenka_v_swiatek_i,2020-560_208,560,2020-560,Us Open,R32,201458,Victoria Azarenka,216347,Iga Swiatek,tournament_rank_unique,False,
tennis_data_uk,wta,2020,19,US Open,New York,2020-09-06,grand_slam,True,hard,R32,32,3,Cornet A.,Keys M.,56,14,1060.0,2962.0,1,0,7,6,3,2,,,,,,,retired,4.0,1.25,4.97,1.21,4.97,1.3,4.03,1.24,2020_19_new_york_us_open,2020_19_new_york_us_open_2020-09-06_R32_cornet_a_keys_m,2020-560_204,560,2020-560,Us Open,R32,201427,Alize Cornet,201619,Madison Keys,tournament_rank_unique,False,
tennis_data_uk,wta,2020,19,US Open,New York,2020-09-06,grand_slam,True,hard,R32,32,3,Kenin S.,Jabeur O.,4,31,4590.0,1573.0,2,0,7,6,6,3,,,,,,,completed,1.44,2.75,1.44,2.97,1.67,3.0,1.44,2.78,2020_19_new_york_us_open,2020_19_new_york_us_open_2020-09-06_R32_kenin_s_jabeur_o,2020-560_211,560,2020-560,Us Open,R32,213550,Sofia Kenin,202460,Ons Jabeur,tournament_rank_unique,False,
tennis_data_uk,wta,2020,19,US Open,New York,2020-09-06,grand_slam,True,hard,R16,16,3,Brady J.,Kerber A.,41,23,1395.0,2040.0,2,0,6,1,6,4,,,,,,,completed,1.5,2.62,1.49,2.83,1.55,2.83,1.5,2.59,2020_19_new_york_us_open,2020_19_new_york_us_open_2020-09-06_R16_brady_j_kerber_a,2020-560_212,560,2020-560,Us Open,R16,206108,Jennifer Brady,201493,Angelique Kerber,tournament_rank_unique,False,
tennis_data_uk,wta,2020,19,US Open,New York,2020-09-06,grand_slam,True,hard,R16,16,3,Putintseva Y.,Martic P.,35,15,1525.0,2850.0,2,1,6,3,2,6,6,4,,,,,completed,2.3,1.61,2.27,1.71,2.45,1.71,2.28,1.63,2020_19_new_york_us_open,2020_19_new_york_us_open_2020-09-06_R16_putintseva_y_martic_p,2020-560_213,560,2020-560,Us Open,R16,201709,Yulia Putintseva,201549,Petra Martic,tournament_rank_unique,False,
tennis_data_uk,wta,2020,19,US Open,New York,2020-09-06,grand_slam,True,hard,R16,16,3,Rogers S.,Kvitova P.,93,12,713.0,3566.0,2,1,7,6,3,6,7,6,,,,,completed,3.5,1.3,3.19,1.41,3.6,1.44,3.22,1.35,2020_19_new_york_us_open,2020_19_new_york_us_open_2020-09-06_R16_rogers_s_kvitova_p,2020-560_215,560,2020-560,Us Open,R16,201603,Shelby Rogers,201520,Petra Kvitova,tournament_rank_unique,False,
tennis_data_uk,wta,2020,19,US Open,New York,2020-09-07,grand_slam,True,hard,R16,16,3,Osaka N.,Kontaveit A.,9,21,4020.0,2220.0,2,0,6,3,6,4,,,,,,,completed,1.44,2.75,1.49,2.82,1.54,2.96,1.47,2.69,2020_19_new_york_us_open,2020_19_new_york_us_open_2020-09-07_R16_osaka_n_kontaveit_a,2020-560_214,560,2020-560,Us Open,R16,211768,Naomi Osaka,204426,Anett Kontaveit,tournament_rank_unique,False,
tennis_data_uk,wta,2020,19,US Open,New York,2020-09-07,grand_slam,True,hard,R16,16,3,Williams S.,Sakkari M.,8,22,4080.0,2130.0,2,1,6,3,6,7,6,3,,,,,completed,1.4,3.0,1.44,3.04,1.46,3.05,1.42,2.88,2020_19_new_york_us_open,2020_19_new_york_us_open_2020-09-07_R16_williams_s_sakkari_m,2020-560_217,560,2020-560,Us Open,R16,200033,Serena Williams,206289,Maria Sakkari,tournament_rank_unique,False,
tennis_data_uk,wta,2020,19,US Open,New York,2020-09-07,grand_slam,True,hard,R16,16,3,Pironkova T.,Cornet A.,,56,,1060.0,2,1,6,4,6,7,6,3,,,,,completed,2.1,1.72,2.16,1.78,2.17,1.94,2.05,1.78,2020_19_new_york_us_open,2020_19_new_york_us_open_2020-09-07_R16_pironkova_t_cornet_a,2020-560_216,560,2020-560,Us Open,R16,201450,Tsvetana Pironkova,201427,Alize Cornet,tournament_round_name_pair,False,missing_rank
tennis_data_uk,wta,2020,19,US Open,New York,2020-09-08,grand_slam,True,hard,R16,16,3,Azarenka V.,Muchova K.,27,26,1832.0,1872.0,2,1,5,7,6,1,6,4,,,,,completed,1.4,3.0,1.43,3.05,1.45,3.35,1.39,3.03,2020_19_new_york_us_open,2020_19_new_york_us_open_2020-09-08_R16_azarenka_v_muchova_k,2020-560_218,560,2020-560,Us Open,R16,201458,Victoria Azarenka,214096,Karolina Muchova,tournament_rank_unique,False,
tennis_data_uk,wta,2020,19,US Open,New York,2020-09-08,grand_slam,True,hard,R16,16,3,Mertens E.,Kenin S.,18,4,2360.0,4590.0,2,0,6,3,6,3,,,,,,,completed,2.1,1.72,2.16,1.78,2.19,1.81,2.11,1.74,2020_19_new_york_us_open,2020_19_new_york_us_open_2020-09-08_R16_mertens_e_kenin_s,2020-560_219,560,2020-560,Us Open,R16,210722,Elise Mertens,213550,Sofia Kenin,tournament_rank_unique,False,
tennis_data_uk,wta,2020,19,US Open,New York,2020-09-08,grand_slam,True,hard,QF,8,3,Brady J.,Putintseva Y.,41,35,1395.0,1525.0,2,0,6,3,6,2,,,,,,,completed,1.28,3.75,1.29,4.02,1.34,4.02,1.29,3.65,2020_19_new_york_us_open,2020_19_new_york_us_open_2020-09-08_QF_brady_j_putintseva_y,2020-560_220,560,2020-560,Us Open,QF,206108,Jennifer Brady,201709,Yulia Putintseva,tournament_rank_unique,False,
tennis_data_uk,wta,2020,19,US Open,New York,2020-09-09,grand_slam,True,hard,QF,8,3,Osaka N.,Rogers S.,9,93,4020.0,713.0,2,0,6,3,6,4,,,,,,,completed,1.16,5.0,1.17,5.8,1.21,5.8,1.17,5.03,2020_19_new_york_us_open,2020_19_new_york_us_open_2020-09-09_QF_osaka_n_rogers_s,2020-560_221,560,2020-560,Us Open,QF,211768,Naomi Osaka,201603,Shelby Rogers,tournament_rank_unique,False,
tennis_data_uk,wta,2020,19,US Open,New York,2020-09-09,grand_slam,True,hard,QF,8,3,Williams S.,Pironkova T.,8,,4080.0,,2,1,4,6,6,3,6,2,,,,,completed,1.14,5.5,1.14,6.87,1.18,6.87,1.14,5.84,2020_19_new_york_us_open,2020_19_new_york_us_open_2020-09-09_QF_williams_s_pironkova_t,2020-560_222,560,2020-560,Us Open,QF,200033,Serena Williams,201450,Tsvetana Pironkova,tournament_round_name_pair,False,missing_rank
tennis_data_uk,wta,2020,19,US Open,New York,2020-09-10,grand_slam,True,hard,QF,8,3,Azarenka V.,Mertens E.,27,18,1832.0,2360.0,2,0,6,1,6,0,,,,,,,completed,1.9,1.9,2.13,1.8,2.13,2.0,1.96,1.86,2020_19_new_york_us_open,2020_19_new_york_us_open_2020-09-10_QF_azarenka_v_mertens_e,2020-560_223,560,2020-560,Us Open,QF,201458,Victoria Azarenka,210722,Elise Mertens,tournament_rank_unique,False,
tennis_data_uk,wta,2020,19,US Open,New York,2020-09-11,grand_slam,True,hard,SF,4,3,Osaka N.,Brady J.,9,41,4020.0,1395.0,2,1,7,6,3,6,6,3,,,,,completed,1.36,3.2,1.4,3.3,1.43,3.3,1.37,3.13,2020_19_new_york_us_open,2020_19_new_york_us_open_2020-09-11_SF_osaka_n_brady_j,2020-560_224,560,2020-560,Us Open,SF,211768,Naomi Osaka,206108,Jennifer Brady,tournament_rank_unique,False,
tennis_data_uk,wta,2020,19,US Open,New York,2020-09-11,grand_slam,True,hard,SF,4,3,Azarenka V.,Williams S.,27,8,1832.0,4080.0,2,1,1,6,6,3,6,3,,,,,completed,1.72,2.1,1.79,2.16,1.8,2.24,1.74,2.13,2020_19_new_york_us_open,2020_19_new_york_us_open_2020-09-11_SF_azarenka_v_williams_s,2020-560_225,560,2020-560,Us Open,SF,201458,Victoria Azarenka,200033,Serena Williams,tournament_rank_unique,False,
tennis_data_uk,wta,2020,19,US Open,New York,2020-09-12,grand_slam,True,hard,F,2,3,Osaka N.,Azarenka V.,9,27,4020.0,1832.0,2,1,1,6,6,3,6,3,,,,,completed,1.53,2.5,1.56,2.64,1.6,2.7,1.54,2.53,2020_19_new_york_us_open,2020_19_new_york_us_open_2020-09-12_F_osaka_n_azarenka_v,2020-560_226,560,2020-560,Us Open,F,211768,Naomi Osaka,201458,Victoria Azarenka,tournament_rank_unique,False,
tennis_data_uk,wta,2020,20,Internazionali BNL d'Italia,Rome,2020-09-14,premier,True,clay,R64,64,3,Pavlyuchenkova A.,Zhang S.,36,40,1540.0,1475.0,2,1,6,4,6,7,6,1,,,,,completed,1.4,2.75,1.43,3.01,1.48,3.07,1.41,2.88,2020_20_rome_internazionali_bnl_d_italia,2020_20_rome_internazionali_bnl_d_italia_2020-09-14_R64_pavlyuchenkova_a_zhang_s,2020-M009_247,709,2020-M009,Rome,R64,201499,Anastasia Pavlyuchenkova,201533,Shuai Zhang,tournament_rank_unique,False,
tennis_data_uk,wta,2020,20,Internazionali BNL d'Italia,Rome,2020-09-14,premier,True,clay,R64,64,3,Rybakina E.,Alexandrova E.,18,31,2501.0,1775.0,2,0,6,0,6,4,,,,,,,completed,1.61,2.2,1.68,2.31,1.73,2.35,1.65,2.23,2020_20_rome_internazionali_bnl_d_italia,2020_20_rome_internazionali_bnl_d_italia_2020-09-14_R64_rybakina_e_alexandrova_e,2020-M009_265,709,2020-M009,Rome,R64,214981,Elena Rybakina,206420,Ekaterina Alexandrova,tournament_rank_unique,False,
tennis_data_uk,wta,2020,20,Internazionali BNL d'Italia,Rome,2020-09-14,premier,True,clay,R64,64,3,Anisimova A.,Vekic D.,27,28,1905.0,1880.0,2,0,7,6,7,6,,,,,,,completed,1.8,1.95,1.83,2.07,1.91,2.2,1.79,2.03,2020_20_rome_internazionali_bnl_d_italia,2020_20_rome_internazionali_bnl_d_italia_2020-09-14_R64_anisimova_a_vekic_d,2020-M009_266,709,2020-M009,Rome,R64,216153,Amanda Anisimova,202499,Donna Vekic,tournament_rank_unique,False,
tennis_data_uk,wta,2020,20,Internazionali BNL d'Italia,Rome,2020-09-14,premier,True,clay,R64,64,3,Strycova B.,Kudermetova V.,37,42,1530.0,1388.0,2,0,6,3,6,3,,,,,,,completed,2.1,1.66,2.34,1.66,2.38,1.72,2.28,1.63,2020_20_rome_internazionali_bnl_d_italia,2020_20_rome_internazionali_bnl_d_italia_2020-09-14_R64_strycova_b_kudermetova_v,2020-M009_239,709,2020-M009,Rome,R64,201366,Barbora Strycova,206368,Veronika Kudermetova,tournament_rank_unique,False,
tennis_data_uk,wta,2020,20,Internazionali BNL d'Italia,Rome,2020-09-14,premier,True,clay,R64,64,3,Bouzkova M.,Tomljanovic A.,47,63,1274.0,1035.0,2,0,6,3,6,4,,,,,,,completed,1.61,2.2,1.86,2.03,1.91,2.25,1.81,2.0,2020_20_rome_internazionali_bnl_d_italia,2020_20_rome_internazionali_bnl_d_italia_2020-09-14_R64_bouzkova_m_tomljanovic_a,2020-M009_264,709,2020-M009,Rome,R64,213631,Marie Bouzkova,201548,Ajla Tomljanovic,tournament_rank_unique,False,
tennis_data_uk,wta,2020,20,Internazionali BNL d'Italia,Rome,2020-09-14,premier,True,clay,R64,64,3,Paolini J.,Sevastova A.,99,46,707.0,1288.0,2,0,6,2,6,3,,,,,,,completed,2.75,1.4,2.82,1.48,2.9,1.57,2.75,1.45,2020_20_rome_internazionali_bnl_d_italia,2020_20_rome_internazionali_bnl_d_italia_2020-09-14_R64_paolini_j_sevastova_a,2020-M009_268,709,2020-M009,Rome,R64,211148,Jasmine Paolini,201545,Anastasija Sevastova,tournament_rank_unique,False,
tennis_data_uk,wta,2020,20,Internazionali BNL d'Italia,Rome,2020-09-14,premier,True,clay,R64,64,3,Linette M.,Ostapenko J.,35,43,1542.0,1360.0,2,0,6,4,6,3,,,,,,,completed,1.95,1.8,2.04,1.85,2.1,1.87,2.01,1.8,2020_20_rome_internazionali_bnl_d_italia,2020_20_rome_internazionali_bnl_d_italia_2020-09-14_R64_linette_m_ostapenko_j,2020-M009_243,709,2020-M009,Rome,R64,202663,Magda Linette,211533,Jelena Ostapenko,tournament_rank_unique,False,
tennis_data_uk,wta,2020,20,Internazionali BNL d'Italia,Rome,2020-09-14,premier,True,clay,R64,64,3,Blinkova A.,Teichmann J.,65,54,984.0,1164.0,2,0,6,3,6,3,,,,,,,completed,3.0,1.36,3.5,1.34,3.7,1.43,3.2,1.35,2020_20_rome_internazionali_bnl_d_italia,2020_20_rome_internazionali_bnl_d_italia_2020-09-14_R64_blinkova_a_teichmann_j,2020-M009_240,709,2020-M009,Rome,R64,215020,Anna Blinkova,213525,Jil Teichmann,tournament_rank_unique,False,
tennis_data_uk,wta,2020,20,Internazionali BNL d'Italia,Rome,2020-09-14,premier,True,clay,R64,64,3,Mertens E.,Hsieh S.W.,20,62,2360.0,1035.0,2,0,6,3,6,1,,,,,,,completed,1.14,5.5,1.13,6.8,1.16,7.0,1.13,6.06,2020_20_rome_internazionali_bnl_d_italia,2020_20_rome_internazionali_bnl_d_italia_2020-09-14_R64_mertens_e_hsieh_s_w,2020-M009_242,709,2020-M009,Rome,R64,210722,Elise Mertens,201444,Su Wei Hsieh,tournament_rank_unique,False,
tennis_data_uk,wta,2020,20,Internazionali BNL d'Italia,Rome,2020-09-14,premier,True,clay,R64,64,3,Bolsova A.,Riske A.,107,23,645.0,2256.0,2,1,5,7,7,6,6,3,,,,,completed,1.4,2.75,1.69,2.28,1.69,2.75,1.54,2.47,2020_20_rome_internazionali_bnl_d_italia,2020_20_rome_internazionali_bnl_d_italia_2020-09-14_R64_bolsova_a_riske_a,2020-M009_241,709,2020-M009,Rome,R64,211901,Aliona Bolsova,201590,Alison Riske Amritraj,tournament_rank_unique,False,
tennis_data_uk,wta,2020,20,Internazionali BNL d'Italia,Rome,2020-09-14,premier,True,clay,R64,64,3,Kovinic D.,Goerges J.,86,41,812.0,1423.0,2,0,6,1,6,0,,,,,,,completed,1.57,2.25,1.72,2.23,1.74,2.38,1.67,2.2,2020_20_rome_internazionali_bnl_d_italia,2020_20_rome_internazionali_bnl_d_italia_2020-09-14_R64_kovinic_d_goerges_j,2020-M009_244,709,2020-M009,Rome,R64,203575,Danka Kovinic,201504,Julia Goerges,tournament_rank_unique,False,
tennis_data_uk,wta,2020,20,Internazionali BNL d'Italia,Rome,2020-09-14,premier,True,clay,R64,64,3,Yastremska D.,Giorgi C.,29,69,1880.0,930.0,2,1,7,5,6,7,6,4,,,,,completed,1.57,2.25,1.76,2.18,1.76,2.38,1.68,2.18,2020_20_rome_internazionali_bnl_d_italia,2020_20_rome_internazionali_bnl_d_italia_2020-09-14_R64_yastremska_d_giorgi_c,2020-M009_267,709,2020-M009,Rome,R64,215035,Dayana Yastremska,202429,Camila Giorgi,tournament_rank_unique,False,
tennis_data_uk,wta,2020,20,Internazionali BNL d'Italia,Rome,2020-09-15,premier,True,clay,R64,64,3,Vondrousova M.,Doi M.,19,80,2378.0,846.0,2,1,6,1,4,6,6,4,,,,,completed,1.18,4.5,1.22,4.7,1.23,4.85,1.2,4.55,2020_20_rome_internazionali_bnl_d_italia,2020_20_rome_internazionali_bnl_d_italia_2020-09-15_R64_vondrousova_m_doi_m,2020-M009_250,709,2020-M009,Rome,R64,214954,Marketa Vondrousova,201595,Misaki Doi,tournament_rank_unique,False,
tennis_data_uk,wta,2020,20,Internazionali BNL d'Italia,Rome,2020-09-15,premier,True,clay,R64,64,3,Siniakova K.,Kerber A.,61,22,1045.0,2270.0,2,0,6,3,6,1,,,,,,,completed,3.0,1.36,3.11,1.41,3.2,1.5,3.01,1.39,2020_20_rome_internazionali_bnl_d_italia,2020_20_rome_internazionali_bnl_d_italia_2020-09-15_R64_siniakova_k_kerber_a,2020-M009_258,709,2020-M009,Rome,R64,211701,Katerina Siniakova,201493,Angelique Kerber,tournament_rank_unique,False,
tennis_data_uk,wta,2020,20,Internazionali BNL d'Italia,Rome,2020-09-15,premier,True,clay,R64,64,3,Rus A.,Swiatek I.,71,52,929.0,1199.0,2,0,7,6,6,3,,,,,,,completed,2.37,1.53,2.53,1.58,2.53,1.61,2.4,1.57,2020_20_rome_internazionali_bnl_d_italia,2020_20_rome_internazionali_bnl_d_italia_2020-09-15_R64_rus_a_swiatek_i,2020-M009_251,709,2020-M009,Rome,R64,201551,Arantxa Rus,216347,Iga Swiatek,tournament_rank_unique,False,
tennis_data_uk,wta,2020,20,Internazionali BNL d'Italia,Rome,2020-09-15,premier,True,clay,R64,64,3,Begu I.,Cocciaretto E.,77,128,872.0,549.0,2,0,6,2,6,2,,,,,,,completed,1.5,2.5,1.6,2.49,1.63,2.6,1.55,2.44,2020_20_rome_internazionali_bnl_d_italia,2020_20_rome_internazionali_bnl_d_italia_2020-09-15_R64_begu_i_cocciaretto_e,2020-M009_255,709,2020-M009,Rome,R64,201593,Irina Camelia Begu,220714,Elisabetta Cocciaretto,tournament_rank_unique,False,
tennis_data_uk,wta,2020,20,Internazionali BNL d'Italia,Rome,2020-09-15,premier,True,clay,R64,64,3,Hercog P.,Juvan K.,50,102,1235.0,673.0,2,1,4,6,6,4,6,1,,,,,completed,2.25,1.57,2.45,1.61,2.45,1.73,2.24,1.65,2020_20_rome_internazionali_bnl_d_italia,2020_20_rome_internazionali_bnl_d_italia_2020-09-15_R64_hercog_p_juvan_k,2020-M009_252,709,2020-M009,Rome,R64,201555,Polona Hercog,215219,Kaja Juvan,tournament_rank_unique,False,
tennis_data_uk,wta,2020,20,Internazionali BNL d'Italia,Rome,2020-09-15,premier,True,clay,R64,64,3,Kontaveit A.,Garcia C.,21,45,2330.0,1325.0,2,0,6,3,7,6,,,,,,,completed,1.2,4.33,1.24,4.49,1.26,4.85,1.22,4.24,2020_20_rome_internazionali_bnl_d_italia,2020_20_rome_internazionali_bnl_d_italia_2020-09-15_R64_kontaveit_a_garcia_c,2020-M009_249,709,2020-M009,Rome,R64,204426,Anett Kontaveit,201614,Caroline Garcia,tournament_rank_unique,False,
tennis_data_uk,wta,2020,20,Internazionali BNL d'Italia,Rome,2020-09-15,premier,True,clay,R64,64,3,Putintseva Y.,Peterson R.,30,49,1825.0,1255.0,2,0,6,2,6,4,,,,,,,completed,1.36,3.0,1.42,3.09,1.43,3.64,1.38,3.02,2020_20_rome_internazionali_bnl_d_italia,2020_20_rome_internazionali_bnl_d_italia_2020-09-15_R64_putintseva_y_peterson_r,2020-M009_263,709,2020-M009,Rome,R64,201709,Yulia Putintseva,202490,Rebecca Peterson,tournament_rank_unique,False,
tennis_data_uk,wta,2020,20,Internazionali BNL d'Italia,Rome,2020-09-15,premier,True,clay,R64,64,3,Kuznetsova S.,Pera B.,38,60,1527.0,1075.0,2,1,3,6,7,6,6,3,,,,,completed,2.1,1.66,2.4,1.63,2.4,1.78,2.19,1.67,2020_20_rome_internazionali_bnl_d_italia,2020_20_rome_internazionali_bnl_d_italia_2020-09-15_R64_kuznetsova_s_pera_b,2020-M009_248,709,2020-M009,Rome,R64,201320,Svetlana Kuznetsova,211095,Bernarda Pera,tournament_rank_unique,False,
tennis_data_uk,wta,2020,20,Internazionali BNL d'Italia,Rome,2020-09-15,premier,True,clay,R64,64,3,Gauff C.,Jabeur O.,53,34,1174.0,1573.0,2,0,6,4,6,3,,,,,,,completed,2.37,1.53,2.51,1.58,2.55,1.63,2.4,1.57,2020_20_rome_internazionali_bnl_d_italia,2020_20_rome_internazionali_bnl_d_italia_2020-09-15_R64_gauff_c_jabeur_o,2020-M009_256,709,2020-M009,Rome,R64,221103,Coco Gauff,202460,Ons Jabeur,tournament_rank_unique,False,
tennis_data_uk,wta,2020,20,Internazionali BNL d'Italia,Rome,2020-09-15,premier,True,clay,R64,64,3,Kasatkina D.,Zvonareva V.,74,181,905.0,361.0,2,0,6,2,6,2,,,,,,,completed,1.4,2.75,1.52,2.7,1.55,3.0,1.47,2.69,2020_20_rome_internazionali_bnl_d_italia,2020_20_rome_internazionali_bnl_d_italia_2020-09-15_R64_kasatkina_d_zvonareva_v,2020-M009_259,709,2020-M009,Rome,R64,214082,Daria Kasatkina,201329,Vera Zvonareva,tournament_rank_unique,False,
tennis_data_uk,wta,2020,20,Internazionali BNL d'Italia,Rome,2020-09-15,premier,True,clay,R64,64,3,Muguruza G.,Stephens S.,17,33,2771.0,1573.0,2,0,6,3,6,3,,,,,,,completed,1.5,2.5,1.54,2.64,1.59,2.64,1.54,2.48,2020_20_rome_internazionali_bnl_d_italia,2020_20_rome_internazionali_bnl_d_italia_2020-09-15_R64_muguruza_g_stephens_s,2020-M009_257,709,2020-M009,Rome,R64,202469,Garbine Muguruza,201585,Sloane Stephens,tournament_rank_unique,False,
tennis_data_uk,wta,2020,20,Internazionali BNL d'Italia,Rome,2020-09-16,premier,True,clay,R64,64,3,Azarenka V.,Williams V.,14,70,3122.0,929.0,2,0,7,6,6,2,,,,,,,completed,1.4,2.75,1.34,3.55,1.44,3.55,1.39,3.01,2020_20_rome_internazionali_bnl_d_italia,2020_20_rome_internazionali_bnl_d_italia_2020-09-16_R64_azarenka_v_williams_v,2020-M009_260,709,2020-M009,Rome,R64,201458,Victoria Azarenka,200748,Venus Williams,tournament_rank_unique,False,
tennis_data_uk,wta,2020,20,Internazionali BNL d'Italia,Rome,2020-09-16,premier,True,clay,R32,32,3,Kovinic D.,Bencic B.,86,10,812.0,4010.0,2,0,6,3,6,1,,,,,,,completed,2.25,1.57,2.3,1.69,2.55,1.71,2.24,1.65,2020_20_rome_internazionali_bnl_d_italia,2020_20_rome_internazionali_bnl_d_italia_2020-09-16_R32_kovinic_d_bencic_b,2020-M009_273,709,2020-M009,Rome,R32,203575,Danka Kovinic,202505,Belinda Bencic,tournament_rank_unique,False,
tennis_data_uk,wta,2020,20,Internazionali BNL d'Italia,Rome,2020-09-16,premier,True,clay,R32,32,3,Mertens E.,Linette M.,20,35,2360.0,1542.0,2,0,6,2,6,4,,,,,,,completed,1.12,6.0,1.15,6.4,1.17,6.4,1.14,5.71,2020_20_rome_internazionali_bnl_d_italia,2020_20_rome_internazionali_bnl_d_italia_2020-09-16_R32_mertens_e_linette_m,2020-M009_272,709,2020-M009,Rome,R32,210722,Elise Mertens,202663,Magda Linette,tournament_rank_unique,False,
tennis_data_uk,wta,2020,20,Internazionali BNL d'Italia,Rome,2020-09-16,premier,True,clay,R32,32,3,Halep S.,Paolini J.,2,99,6356.0,707.0,2,0,6,3,6,4,,,,,,,completed,1.11,6.5,1.13,7.04,1.15,7.04,1.12,6.34,2020_20_rome_internazionali_bnl_d_italia,2020_20_rome_internazionali_bnl_d_italia_2020-09-16_R32_halep_s_paolini_j,2020-M009_285,709,2020-M009,Rome,R32,201594,Simona Halep,211148,Jasmine Paolini,tournament_rank_unique,False,
tennis_data_uk,wta,2020,20,Internazionali BNL d'Italia,Rome,2020-09-16,premier,True,clay,R32,32,3,Blinkova A.,Bolsova A.,65,107,984.0,645.0,2,1,4,6,6,1,7,6,,,,,completed,2.0,1.75,1.98,1.93,2.03,1.97,1.95,1.85,2020_20_rome_internazionali_bnl_d_italia,2020_20_rome_internazionali_bnl_d_italia_2020-09-16_R32_blinkova_a_bolsova_a,2020-M009_271,709,2020-M009,Rome,R32,215020,Anna Blinkova,211901,Aliona Bolsova,tournament_rank_unique,False,
tennis_data_uk,wta,2020,20,Internazionali BNL d'Italia,Rome,2020-09-16,premier,True,clay,R32,32,3,Yastremska D.,Anisimova A.,29,27,1880.0,1905.0,2,1,4,6,7,6,6,4,,,,,completed,1.61,2.2,1.72,2.26,1.75,2.27,1.68,2.18,2020_20_rome_internazionali_bnl_d_italia,2020_20_rome_internazionali_bnl_d_italia_2020-09-16_R32_yastremska_d_anisimova_a,2020-M009_284,709,2020-M009,Rome,R32,215035,Dayana Yastremska,216153,Amanda Anisimova,tournament_rank_unique,False,
tennis_data_uk,wta,2020,20,Internazionali BNL d'Italia,Rome,2020-09-16,premier,True,clay,R32,32,3,Rybakina E.,Bouzkova M.,18,47,2501.0,1274.0,2,0,7,5,7,6,,,,,,,completed,1.36,3.0,1.43,3.09,1.48,3.12,1.4,2.93,2020_20_rome_internazionali_bnl_d_italia,2020_20_rome_internazionali_bnl_d_italia_2020-09-16_R32_rybakina_e_bouzkova_m,2020-M009_283,709,2020-M009,Rome,R32,214981,Elena Rybakina,213631,Marie Bouzkova,tournament_rank_unique,False,
tennis_data_uk,wta,2020,20,Internazionali BNL d'Italia,Rome,2020-09-16,premier,True,clay,R32,32,3,Pliskova Ka.,Strycova B.,4,37,5205.0,1530.0,2,0,6,3,6,3,,,,,,,completed,1.36,3.0,1.38,3.34,1.43,3.5,1.35,3.2,2020_20_rome_internazionali_bnl_d_italia,2020_20_rome_internazionali_bnl_d_italia_2020-09-16_R32_pliskova_ka_strycova_b,2020-M009_270,709,2020-M009,Rome,R32,201662,Karolina Pliskova,201366,Barbora Strycova,tournament_rank_unique,False,
tennis_data_uk,wta,2020,20,Internazionali BNL d'Italia,Rome,2020-09-16,premier,True,clay,R32,32,3,Svitolina E.,Pavlyuchenkova A.,6,36,4580.0,1540.0,2,0,6,3,7,6,,,,,,,completed,1.66,2.1,1.74,2.23,2.1,2.3,1.7,2.16,2020_20_rome_internazionali_bnl_d_italia,2020_20_rome_internazionali_bnl_d_italia_2020-09-16_R32_svitolina_e_pavlyuchenkova_a,2020-M009_274,709,2020-M009,Rome,R32,202494,Elina Svitolina,201499,Anastasia Pavlyuchenkova,tournament_rank_unique,False,
tennis_data_uk,wta,2020,20,Internazionali BNL d'Italia,Rome,2020-09-17,premier,True,clay,R32,32,3,Kasatkina D.,Siniakova K.,74,61,905.0,1045.0,2,0,6,2,6,3,,,,,,,completed,1.53,2.37,1.53,2.69,1.58,2.7,1.52,2.53,2020_20_rome_internazionali_bnl_d_italia,2020_20_rome_internazionali_bnl_d_italia_2020-09-17_R32_kasatkina_d_siniakova_k,2020-M009_280,709,2020-M009,Rome,R32,214082,Daria Kasatkina,211701,Katerina Siniakova,tournament_rank_unique,False,
tennis_data_uk,wta,2020,20,Internazionali BNL d'Italia,Rome,2020-09-17,premier,True,clay,R32,32,3,Kuznetsova S.,Kontaveit A.,38,21,1527.0,2330.0,2,1,4,6,7,5,6,3,,,,,completed,4.0,1.22,4.34,1.26,4.34,1.29,4.0,1.24,2020_20_rome_internazionali_bnl_d_italia,2020_20_rome_internazionali_bnl_d_italia_2020-09-17_R32_kuznetsova_s_kontaveit_a,2020-M009_275,709,2020-M009,Rome,R32,201320,Svetlana Kuznetsova,204426,Anett Kontaveit,tournament_rank_unique,False,
tennis_data_uk,wta,2020,20,Internazionali BNL d'Italia,Rome,2020-09-17,premier,True,clay,R32,32,3,Vondrousova M.,Rus A.,19,71,2378.0,929.0,2,0,6,3,6,3,,,,,,,completed,1.75,2.0,1.9,2.01,1.9,2.1,1.82,1.99,2020_20_rome_internazionali_bnl_d_italia,2020_20_rome_internazionali_bnl_d_italia_2020-09-17_R32_vondrousova_m_rus_a,2020-M009_276,709,2020-M009,Rome,R32,214954,Marketa Vondrousova,201551,Arantxa Rus,tournament_rank_unique,False,
tennis_data_uk,wta,2020,20,Internazionali BNL d'Italia,Rome,2020-09-17,premier,True,clay,R32,32,3,Muguruza G.,Gauff C.,17,53,2771.0,1174.0,2,1,7,6,3,6,6,3,,,,,completed,1.36,3.0,1.4,3.21,1.4,3.25,1.36,3.09,2020_20_rome_internazionali_bnl_d_italia,2020_20_rome_internazionali_bnl_d_italia_2020-09-17_R32_muguruza_g_gauff_c,2020-M009_279,709,2020-M009,Rome,R32,202469,Garbine Muguruza,221103,Coco Gauff,tournament_rank_unique,False,
tennis_data_uk,wta,2020,20,Internazionali BNL d'Italia,Rome,2020-09-17,premier,True,clay,R32,32,3,Putintseva Y.,Martic P.,30,16,1825.0,2850.0,2,1,6,3,6,7,6,4,,,,,completed,2.0,1.72,2.21,1.75,2.25,1.8,2.14,1.7,2020_20_rome_internazionali_bnl_d_italia,2020_20_rome_internazionali_bnl_d_italia_2020-09-17_R32_putintseva_y_martic_p,2020-M009_282,709,2020-M009,Rome,R32,201709,Yulia Putintseva,201549,Petra Martic,tournament_rank_unique,False,
tennis_data_uk,wta,2020,20,Internazionali BNL d'Italia,Rome,2020-09-17,premier,True,clay,R32,32,3,Konta J.,Begu I.,13,77,3152.0,872.0,2,0,6,0,6,4,,,,,,,completed,2.1,1.66,1.92,1.99,2.11,1.99,2.02,1.79,2020_20_rome_internazionali_bnl_d_italia,2020_20_rome_internazionali_bnl_d_italia_2020-09-17_R32_konta_j_begu_i,2020-M009_278,709,2020-M009,Rome,R32,202427,Johanna Konta,201593,Irina Camelia Begu,tournament_rank_unique,False,
tennis_data_uk,wta,2020,20,Internazionali BNL d'Italia,Rome,2020-09-17,premier,True,clay,R32,32,3,Hercog P.,Bertens K.,50,8,1235.0,4335.0,2,0,6,4,6,4,,,,,,,completed,2.25,1.57,2.69,1.53,2.69,1.57,2.49,1.53,2020_20_rome_internazionali_bnl_d_italia,2020_20_rome_internazionali_bnl_d_italia_2020-09-17_R32_hercog_p_bertens_k,2020-M009_277,709,2020-M009,Rome,R32,201555,Polona Hercog,202428,Kiki Bertens,tournament_rank_unique,False,
tennis_data_uk,wta,2020,20,Internazionali BNL d'Italia,Rome,2020-09-17,premier,True,clay,R32,32,3,Azarenka V.,Kenin S.,14,5,3122.0,4700.0,2,0,6,0,6,0,,,,,,,completed,1.61,2.2,1.65,2.39,1.76,2.42,1.62,2.28,2020_20_rome_internazionali_bnl_d_italia,2020_20_rome_internazionali_bnl_d_italia_2020-09-17_R32_azarenka_v_kenin_s,2020-M009_281,709,2020-M009,Rome,R32,201458,Victoria Azarenka,213550,Sofia Kenin,tournament_rank_unique,False,
tennis_data_uk,wta,2020,20,Internazionali BNL d'Italia,Rome,2020-09-18,premier,True,clay,R16,16,3,Pliskova Ka.,Blinkova A.,4,65,5205.0,984.0,2,0,6,4,6,3,,,,,,,completed,1.16,5.0,1.18,5.66,1.2,5.8,1.16,5.15,2020_20_rome_internazionali_bnl_d_italia,2020_20_rome_internazionali_bnl_d_italia_2020-09-18_R16_pliskova_ka_blinkova_a,2020-M009_286,709,2020-M009,Rome,R16,201662,Karolina Pliskova,215020,Anna Blinkova,tournament_rank_unique,False,
tennis_data_uk,wta,2020,20,Internazionali BNL d'Italia,Rome,2020-09-18,premier,True,clay,R16,16,3,Mertens E.,Kovinic D.,20,86,2360.0,812.0,2,0,6,4,6,4,,,,,,,completed,1.22,4.0,1.28,4.07,1.3,4.2,1.26,3.87,2020_20_rome_internazionali_bnl_d_italia,2020_20_rome_internazionali_bnl_d_italia_2020-09-18_R16_mertens_e_kovinic_d,2020-M009_287,709,2020-M009,Rome,R16,210722,Elise Mertens,203575,Danka Kovinic,tournament_rank_unique,False,
tennis_data_uk,wta,2020,20,Internazionali BNL d'Italia,Rome,2020-09-18,premier,True,clay,R16,16,3,Putintseva Y.,Rybakina E.,30,18,1825.0,2501.0,2,1,4,6,7,6,6,2,,,,,completed,2.37,1.53,2.55,1.58,2.64,1.75,2.45,1.55,2020_20_rome_internazionali_bnl_d_italia,2020_20_rome_internazionali_bnl_d_italia_2020-09-18_R16_putintseva_y_rybakina_e,2020-M009_292,709,2020-M009,Rome,R16,201709,Yulia Putintseva,214981,Elena Rybakina,tournament_rank_unique,False,
tennis_data_uk,wta,2020,20,Internazionali BNL d'Italia,Rome,2020-09-18,premier,True,clay,R16,16,3,Halep S.,Yastremska D.,2,29,6356.0,1880.0,2,0,7,5,6,4,,,,,,,completed,1.28,3.5,1.34,3.61,1.34,3.8,1.31,3.49,2020_20_rome_internazionali_bnl_d_italia,2020_20_rome_internazionali_bnl_d_italia_2020-09-18_R16_halep_s_yastremska_d,2020-M009_293,709,2020-M009,Rome,R16,201594,Simona Halep,215035,Dayana Yastremska,tournament_rank_unique,False,
tennis_data_uk,wta,2020,20,Internazionali BNL d'Italia,Rome,2020-09-18,premier,True,clay,R16,16,3,Muguruza G.,Konta J.,17,13,2771.0,3152.0,2,0,6,4,6,1,,,,,,,completed,1.9,1.9,1.85,2.06,1.9,2.15,1.8,2.03,2020_20_rome_internazionali_bnl_d_italia,2020_20_rome_internazionali_bnl_d_italia_2020-09-18_R16_muguruza_g_konta_j,2020-M009_290,709,2020-M009,Rome,R16,202469,Garbine Muguruza,202427,Johanna Konta,tournament_rank_unique,False,
tennis_data_uk,wta,2020,20,Internazionali BNL d'Italia,Rome,2020-09-18,premier,True,clay,R16,16,3,Azarenka V.,Kasatkina D.,14,74,3122.0,905.0,0,0,6,6,,,,,,,,,retired,1.25,3.75,1.29,3.97,1.29,4.22,1.26,3.91,2020_20_rome_internazionali_bnl_d_italia,2020_20_rome_internazionali_bnl_d_italia_2020-09-18_R16_azarenka_v_kasatkina_d,2020-M009_291,709,2020-M009,Rome,R16,201458,Victoria Azarenka,214082,Daria Kasatkina,tournament_rank_unique,False,
tennis_data_uk,wta,2020,20,Internazionali BNL d'Italia,Rome,2020-09-18,premier,True,clay,R16,16,3,Svitolina E.,Kuznetsova S.,6,38,4580.0,1527.0,2,0,7,6,6,4,,,,,,,completed,1.5,2.5,1.56,2.59,1.59,2.68,1.53,2.51,2020_20_rome_internazionali_bnl_d_italia,2020_20_rome_internazionali_bnl_d_italia_2020-09-18_R16_svitolina_e_kuznetsova_s,2020-M009_288,709,2020-M009,Rome,R16,202494,Elina Svitolina,201320,Svetlana Kuznetsova,tournament_rank_unique,False,
tennis_data_uk,wta,2020,20,Internazionali BNL d'Italia,Rome,2020-09-18,premier,True,clay,R16,16,3,Vondrousova M.,Hercog P.,19,50,2378.0,1235.0,2,1,1,6,6,1,7,6,,,,,completed,1.57,2.25,1.69,2.31,1.7,2.5,1.62,2.31,2020_20_rome_internazionali_bnl_d_italia,2020_20_rome_internazionali_bnl_d_italia_2020-09-18_R16_vondrousova_m_hercog_p,2020-M009_289,709,2020-M009,Rome,R16,214954,Marketa Vondrousova,201555,Polona Hercog,tournament_rank_unique,False,
tennis_data_uk,wta,2020,20,Internazionali BNL d'Italia,Rome,2020-09-19,premier,True,clay,QF,8,3,Halep S.,Putintseva Y.,2,30,6356.0,1825.0,1,0,6,2,2,0,,,,,,,retired,1.16,5.0,1.17,6.09,1.19,6.1,1.15,5.4,2020_20_rome_internazionali_bnl_d_italia,2020_20_rome_internazionali_bnl_d_italia_2020-09-19_QF_halep_s_putintseva_y,2020-M009_297,709,2020-M009,Rome,QF,201594,Simona Halep,201709,Yulia Putintseva,tournament_rank_unique,False,
tennis_data_uk,wta,2020,20,Internazionali BNL d'Italia,Rome,2020-09-19,premier,True,clay,QF,8,3,Muguruza G.,Azarenka V.,17,14,2771.0,3122.0,2,1,3,6,6,3,6,4,,,,,completed,2.2,1.61,2.25,1.74,2.31,1.74,2.2,1.67,2020_20_rome_internazionali_bnl_d_italia,2020_20_rome_internazionali_bnl_d_italia_2020-09-19_QF_muguruza_g_azarenka_v,2020-M009_296,709,2020-M009,Rome,QF,202469,Garbine Muguruza,201458,Victoria Azarenka,tournament_rank_unique,False,
tennis_data_uk,wta,2020,20,Internazionali BNL d'Italia,Rome,2020-09-19,premier,True,clay,QF,8,3,Vondrousova M.,Svitolina E.,19,6,2378.0,4580.0,2,0,6,3,6,0,,,,,,,completed,2.75,1.4,3.21,1.41,3.25,1.49,2.97,1.4,2020_20_rome_internazionali_bnl_d_italia,2020_20_rome_internazionali_bnl_d_italia_2020-09-19_QF_vondrousova_m_svitolina_e,2020-M009_295,709,2020-M009,Rome,QF,214954,Marketa Vondrousova,202494,Elina Svitolina,tournament_rank_unique,False,
tennis_data_uk,wta,2020,20,Internazionali BNL d'Italia,Rome,2020-09-19,premier,True,clay,QF,8,3,Pliskova Ka.,Mertens E.,4,20,5205.0,2360.0,2,1,6,3,3,6,6,0,,,,,completed,1.75,2.0,1.85,2.08,2.05,2.08,1.83,1.99,2020_20_rome_internazionali_bnl_d_italia,2020_20_rome_internazionali_bnl_d_italia_2020-09-19_QF_pliskova_ka_mertens_e,2020-M009_294,709,2020-M009,Rome,QF,201662,Karolina Pliskova,210722,Elise Mertens,tournament_rank_unique,False,
tennis_data_uk,wta,2020,20,Internazionali BNL d'Italia,Rome,2020-09-20,premier,True,clay,SF,4,3,Halep S.,Muguruza G.,2,17,6356.0,2771.0,2,1,6,3,4,6,6,4,,,,,completed,1.4,3.0,1.46,2.98,1.47,3.42,1.41,2.92,2020_20_rome_internazionali_bnl_d_italia,2020_20_rome_internazionali_bnl_d_italia_2020-09-20_SF_halep_s_muguruza_g,2020-M009_299,709,2020-M009,Rome,SF,201594,Simona Halep,202469,Garbine Muguruza,tournament_rank_unique,False,
tennis_data_uk,wta,2020,20,Internazionali BNL d'Italia,Rome,2020-09-20,premier,True,clay,SF,4,3,Pliskova Ka.,Vondrousova M.,4,19,5205.0,2378.0,2,0,6,2,6,4,,,,,,,completed,1.3,3.5,1.64,2.44,1.65,3.5,1.56,2.48,2020_20_rome_internazionali_bnl_d_italia,2020_20_rome_internazionali_bnl_d_italia_2020-09-20_SF_pliskova_ka_vondrousova_m,2020-M009_298,709,2020-M009,Rome,SF,201662,Karolina Pliskova,214954,Marketa Vondrousova,tournament_rank_unique,False,
tennis_data_uk,wta,2020,20,Internazionali BNL d'Italia,Rome,2020-09-21,premier,True,clay,F,2,3,Halep S.,Pliskova Ka.,2,4,6356.0,5205.0,1,0,6,0,2,1,,,,,,,retired,1.44,2.75,52.0,2.77,1.54,3.12,1.47,2.7,2020_20_rome_internazionali_bnl_d_italia,2020_20_rome_internazionali_bnl_d_italia_2020-09-21_F_halep_s_pliskova_ka,2020-M009_300,709,2020-M009,Rome,F,201594,Simona Halep,201662,Karolina Pliskova,tournament_rank_unique,False,
tennis_data_uk,wta,2020,21,Internationaux de Strasbourg,Strasbourg,2020-09-20,international,True,clay,R32,32,3,Teichmann J.,Anisimova A.,54,29,1164.0,1905.0,2,0,6,2,6,3,,,,,,,completed,2.1,1.66,2.12,1.79,2.25,1.83,2.09,1.73,2020_21_strasbourg_internationaux_de_strasbourg,2020_21_strasbourg_internationaux_de_strasbourg_2020-09-20_R32_teichmann_j_anisimova_a,2020-0406_273,406,2020-0406,Strasbourg,R32,213525,Jil Teichmann,216153,Amanda Anisimova,tournament_rank_unique,False,
tennis_data_uk,wta,2020,21,Internationaux de Strasbourg,Strasbourg,2020-09-20,international,True,clay,R32,32,3,Pavlyuchenkova A.,Van Uytvanck A.,38,65,1570.0,1035.0,2,0,6,3,7,5,,,,,,,completed,1.5,2.5,1.53,2.66,1.55,2.75,1.49,2.58,2020_21_strasbourg_internationaux_de_strasbourg,2020_21_strasbourg_internationaux_de_strasbourg_2020-09-20_R32_pavlyuchenkova_a_van_uytvanck_a,2020-0406_272,406,2020-0406,Strasbourg,R32,201499,Anastasia Pavlyuchenkova,202421,Alison Van Uytvanck,tournament_rank_unique,False,
tennis_data_uk,wta,2020,21,Internationaux de Strasbourg,Strasbourg,2020-09-20,international,True,clay,R32,32,3,Burel C.,Bondarenko K.,415,287,109.0,212.0,2,1,3,6,6,1,6,4,,,,,completed,1.61,2.2,,,1.95,2.3,1.87,1.92,2020_21_strasbourg_internationaux_de_strasbourg,2020_21_strasbourg_internationaux_de_strasbourg_2020-09-20_R32_burel_c_bondarenko_k,2020-0406_281,406,2020-0406,Strasbourg,R32,216262,Clara Burel,201435,Kateryna Bondarenko,tournament_rank_unique,False,
tennis_data_uk,wta,2020,21,Internationaux de Strasbourg,Strasbourg,2020-09-21,international,True,clay,R32,32,3,Diyas Z.,Mchale C.,76,81,918.0,857.0,2,1,6,7,7,5,7,6,,,,,completed,2.25,1.57,2.29,1.68,2.4,1.72,2.24,1.64,2020_21_strasbourg_internationaux_de_strasbourg,2020_21_strasbourg_internationaux_de_strasbourg_2020-09-21_R32_diyas_z_mchale_c,2020-0406_283,406,2020-0406,Strasbourg,R32,201610,Zarina Diyas,201539,Christina Mchale,tournament_rank_unique,False,
tennis_data_uk,wta,2020,21,Internationaux de Strasbourg,Strasbourg,2020-09-21,international,True,clay,R32,32,3,Linette M.,Parmentier P.,36,164,1573.0,418.0,2,0,6,4,6,3,,,,,,,completed,1.3,3.4,1.34,3.57,1.36,3.65,1.32,3.36,2020_21_strasbourg_internationaux_de_strasbourg,2020_21_strasbourg_internationaux_de_strasbourg_2020-09-21_R32_linette_m_parmentier_p,2020-0406_271,406,2020-0406,Strasbourg,R32,202663,Magda Linette,201426,Pauline Parmentier,tournament_rank_unique,False,
tennis_data_uk,wta,2020,21,Internationaux de Strasbourg,Strasbourg,2020-09-21,international,True,clay,R32,32,3,Rybakina E.,Minnen G.,18,111,2546.0,636.0,2,0,7,5,6,4,,,,,,,completed,1.14,5.5,1.18,5.52,1.19,5.65,1.16,5.2,2020_21_strasbourg_internationaux_de_strasbourg,2020_21_strasbourg_internationaux_de_strasbourg_2020-09-21_R32_rybakina_e_minnen_g,2020-0406_278,406,2020-0406,Strasbourg,R32,214981,Elena Rybakina,213889,Greet Minnen,tournament_rank_unique,False,
tennis_data_uk,wta,2020,21,Internationaux de Strasbourg,Strasbourg,2020-09-21,international,True,clay,R32,32,3,Cornet A.,Hercog P.,52,47,1230.0,1310.0,2,0,6,3,6,4,,,,,,,completed,1.9,1.9,1.94,1.94,2.02,1.98,1.91,1.88,2020_21_strasbourg_internationaux_de_strasbourg,2020_21_strasbourg_internationaux_de_strasbourg_2020-09-21_R32_cornet_a_hercog_p,2020-0406_279,406,2020-0406,Strasbourg,R32,201427,Alize Cornet,201555,Polona Hercog,tournament_rank_unique,False,
tennis_data_uk,wta,2020,21,Internationaux de Strasbourg,Strasbourg,2020-09-21,international,True,clay,R32,32,3,Alexandrova E.,Sanders S.,31,277,1775.0,221.0,2,0,6,1,6,0,,,,,,,completed,1.11,6.5,1.13,6.76,1.13,8.25,1.11,6.52,2020_21_strasbourg_internationaux_de_strasbourg,2020_21_strasbourg_internationaux_de_strasbourg_2020-09-21_R32_alexandrova_e_sanders_s,2020-0406_277,406,2020-0406,Strasbourg,R32,206420,Ekaterina Alexandrova,204411,Storm Hunter,tournament_rank_unique,False,
tennis_data_uk,wta,2020,21,Internationaux de Strasbourg,Strasbourg,2020-09-21,international,True,clay,R32,32,3,Hibino N.,Stephens S.,84,34,838.0,1573.0,2,1,6,2,3,6,6,1,,,,,completed,4.0,1.22,4.09,1.27,4.33,1.28,4.01,1.24,2020_21_strasbourg_internationaux_de_strasbourg,2020_21_strasbourg_internationaux_de_strasbourg_2020-09-21_R32_hibino_n_stephens_s,2020-0406_282,406,2020-0406,Strasbourg,R32,211702,Nao Hibino,201585,Sloane Stephens,tournament_rank_unique,False,
tennis_data_uk,wta,2020,21,Internationaux de Strasbourg,Strasbourg,2020-09-21,international,True,clay,R32,32,3,Zhang S.,Tomljanovic A.,40,64,1475.0,1035.0,2,1,3,6,6,4,6,2,,,,,completed,2.1,1.66,2.24,1.71,2.25,1.72,2.18,1.67,2020_21_strasbourg_internationaux_de_strasbourg,2020_21_strasbourg_internationaux_de_strasbourg_2020-09-21_R32_zhang_s_tomljanovic_a,2020-0406_280,406,2020-0406,Strasbourg,R32,201533,Shuai Zhang,201548,Ajla Tomljanovic,tournament_rank_unique,False,
tennis_data_uk,wta,2020,21,Internationaux de Strasbourg,Strasbourg,2020-09-21,international,True,clay,R32,32,3,Sabalenka A.,Perez E.,12,240,3615.0,263.0,2,0,6,4,6,3,,,,,,,completed,1.07,9.0,1.09,8.99,1.12,9.15,1.08,7.88,2020_21_strasbourg_internationaux_de_strasbourg,2020_21_strasbourg_internationaux_de_strasbourg_2020-09-21_R32_sabalenka_a_perez_e,2020-0406_274,406,2020-0406,Strasbourg,R32,214544,Aryna Sabalenka,206391,Ellen Perez,tournament_rank_unique,False,
tennis_data_uk,wta,2020,21,Internationaux de Strasbourg,Strasbourg,2020-09-21,international,True,clay,R32,32,3,Blinkova A.,Georges M.,59,294,1104.0,204.0,2,0,6,1,6,2,,,,,,,completed,1.18,4.5,1.18,5.46,1.21,6.0,1.17,4.93,2020_21_strasbourg_internationaux_de_strasbourg,2020_21_strasbourg_internationaux_de_strasbourg_2020-09-21_R32_blinkova_a_georges_m,2020-0406_275,406,2020-0406,Strasbourg,R32,215020,Anna Blinkova,202707,Myrtille Georges,tournament_rank_unique,False,
tennis_data_uk,wta,2020,21,Internationaux de Strasbourg,Strasbourg,2020-09-21,international,True,clay,R32,32,3,Siniakova K.,Pera B.,62,61,1045.0,1075.0,2,1,4,6,7,6,6,1,,,,,completed,2.25,1.57,2.44,1.61,2.45,1.66,2.33,1.6,2020_21_strasbourg_internationaux_de_strasbourg,2020_21_strasbourg_internationaux_de_strasbourg_2020-09-21_R32_siniakova_k_pera_b,2020-0406_276,406,2020-0406,Strasbourg,R32,211701,Katerina Siniakova,211095,Bernarda Pera,tournament_rank_unique,False,
tennis_data_uk,wta,2020,21,Internationaux de Strasbourg,Strasbourg,2020-09-21,international,True,clay,R32,32,3,Ostapenko J.,Davis L.,43,68,1360.0,967.0,2,0,6,2,6,3,,,,,,,completed,1.44,2.62,1.51,2.73,1.53,2.85,1.47,2.66,2020_21_strasbourg_internationaux_de_strasbourg,2020_21_strasbourg_internationaux_de_strasbourg_2020-09-21_R32_ostapenko_j_davis_l,2020-0406_284,406,2020-0406,Strasbourg,R32,211533,Jelena Ostapenko,201616,Lauren Davis,tournament_rank_unique,False,
tennis_data_uk,wta,2020,21,Internationaux de Strasbourg,Strasbourg,2020-09-22,international,True,clay,R16,16,3,Teichmann J.,Pavlyuchenkova A.,54,38,1164.0,1570.0,2,0,7,6,7,5,,,,,,,completed,1.66,2.1,1.81,2.12,1.87,2.37,1.76,2.06,2020_21_strasbourg_internationaux_de_strasbourg,2020_21_strasbourg_internationaux_de_strasbourg_2020-09-22_R16_teichmann_j_pavlyuchenkova_a,2020-0406_287,406,2020-0406,Strasbourg,R16,213525,Jil Teichmann,201499,Anastasia Pavlyuchenkova,tournament_rank_unique,False,
tennis_data_uk,wta,2020,21,Internationaux de Strasbourg,Strasbourg,2020-09-22,international,True,clay,R16,16,3,Svitolina E.,Linette M.,5,36,4740.0,1573.0,2,0,7,6,7,5,,,,,,,completed,1.33,3.25,1.39,3.28,1.41,3.3,1.36,3.15,2020_21_strasbourg_internationaux_de_strasbourg,2020_21_strasbourg_internationaux_de_strasbourg_2020-09-22_R16_svitolina_e_linette_m,2020-0406_286,406,2020-0406,Strasbourg,R16,202494,Elina Svitolina,202663,Magda Linette,tournament_rank_unique,False,
tennis_data_uk,wta,2020,21,Internationaux de Strasbourg,Strasbourg,2020-09-22,international,True,clay,R16,16,3,Rybakina E.,Cornet A.,18,52,2546.0,1230.0,2,0,6,3,7,6,,,,,,,completed,1.57,2.25,1.68,2.32,1.71,2.33,1.65,2.23,2020_21_strasbourg_internationaux_de_strasbourg,2020_21_strasbourg_internationaux_de_strasbourg_2020-09-22_R16_rybakina_e_cornet_a,2020-0406_290,406,2020-0406,Strasbourg,R16,214981,Elena Rybakina,201427,Alize Cornet,tournament_rank_unique,False,
tennis_data_uk,wta,2020,21,Internationaux de Strasbourg,Strasbourg,2020-09-22,international,True,clay,R16,16,3,Zhang S.,Burel C.,40,415,1475.0,109.0,2,0,6,3,7,6,,,,,,,completed,1.36,3.0,1.47,2.92,1.47,3.15,1.42,2.86,2020_21_strasbourg_internationaux_de_strasbourg,2020_21_strasbourg_internationaux_de_strasbourg_2020-09-22_R16_zhang_s_burel_c,2020-0406_291,406,2020-0406,Strasbourg,R16,201533,Shuai Zhang,216262,Clara Burel,tournament_rank_unique,False,
tennis_data_uk,wta,2020,21,Internationaux de Strasbourg,Strasbourg,2020-09-23,international,True,clay,R16,16,3,Hibino N.,Diyas Z.,84,76,838.0,918.0,2,0,7,5,6,3,,,,,,,completed,2.37,1.53,2.45,1.62,2.49,1.63,2.38,1.57,2020_21_strasbourg_internationaux_de_strasbourg,2020_21_strasbourg_internationaux_de_strasbourg_2020-09-23_R16_hibino_n_diyas_z,2020-0406_292,406,2020-0406,Strasbourg,R16,211702,Nao Hibino,201610,Zarina Diyas,tournament_rank_unique,False,
tennis_data_uk,wta,2020,21,Internationaux de Strasbourg,Strasbourg,2020-09-23,international,True,clay,R16,16,3,Ostapenko J.,Bertens K.,43,8,1360.0,4335.0,1,1,2,6,6,4,4,2,,,,,retired,2.5,1.5,2.54,1.58,2.65,1.61,2.45,1.54,2020_21_strasbourg_internationaux_de_strasbourg,2020_21_strasbourg_internationaux_de_strasbourg_2020-09-23_R16_ostapenko_j_bertens_k,2020-0406_293,406,2020-0406,Strasbourg,R16,211533,Jelena Ostapenko,202428,Kiki Bertens,tournament_rank_unique,False,
tennis_data_uk,wta,2020,21,Internationaux de Strasbourg,Strasbourg,2020-09-23,international,True,clay,R16,16,3,Siniakova K.,Alexandrova E.,62,31,1045.0,1775.0,2,0,6,2,6,4,,,,,,,completed,2.5,1.5,2.51,1.6,2.6,1.6,2.46,1.54,2020_21_strasbourg_internationaux_de_strasbourg,2020_21_strasbourg_internationaux_de_strasbourg_2020-09-23_R16_siniakova_k_alexandrova_e,2020-0406_289,406,2020-0406,Strasbourg,R16,211701,Katerina Siniakova,206420,Ekaterina Alexandrova,tournament_rank_unique,False,
tennis_data_uk,wta,2020,21,Internationaux de Strasbourg,Strasbourg,2020-09-23,international,True,clay,R16,16,3,Sabalenka A.,Blinkova A.,12,59,3615.0,1104.0,2,1,1,6,6,4,6,2,,,,,completed,1.4,2.75,1.47,2.91,1.55,3.0,1.46,2.71,2020_21_strasbourg_internationaux_de_strasbourg,2020_21_strasbourg_internationaux_de_strasbourg_2020-09-23_R16_sabalenka_a_blinkova_a,2020-0406_288,406,2020-0406,Strasbourg,R16,214544,Aryna Sabalenka,215020,Anna Blinkova,tournament_rank_unique,False,
tennis_data_uk,wta,2020,21,Internationaux de Strasbourg,Strasbourg,2020-09-24,international,True,clay,QF,8,3,Hibino N.,Ostapenko J.,84,43,838.0,1360.0,2,0,7,6,7,6,,,,,,,completed,3.5,1.28,3.97,1.29,3.97,1.34,3.58,1.29,2020_21_strasbourg_internationaux_de_strasbourg,2020_21_strasbourg_internationaux_de_strasbourg_2020-09-24_QF_hibino_n_ostapenko_j,2020-0406_297,406,2020-0406,Strasbourg,QF,211702,Nao Hibino,211533,Jelena Ostapenko,tournament_rank_unique,False,
tennis_data_uk,wta,2020,21,Internationaux de Strasbourg,Strasbourg,2020-09-24,international,True,clay,QF,8,3,Rybakina E.,Zhang S.,18,40,2546.0,1475.0,2,0,6,3,6,2,,,,,,,completed,1.25,4.0,1.27,4.27,1.28,4.35,1.24,4.04,2020_21_strasbourg_internationaux_de_strasbourg,2020_21_strasbourg_internationaux_de_strasbourg_2020-09-24_QF_rybakina_e_zhang_s,2020-0406_296,406,2020-0406,Strasbourg,QF,214981,Elena Rybakina,201533,Shuai Zhang,tournament_rank_unique,False,
tennis_data_uk,wta,2020,21,Internationaux de Strasbourg,Strasbourg,2020-09-24,international,True,clay,QF,8,3,Svitolina E.,Teichmann J.,5,54,4740.0,1164.0,2,0,6,4,6,3,,,,,,,completed,1.61,2.3,1.72,2.25,1.83,2.44,1.69,2.17,2020_21_strasbourg_internationaux_de_strasbourg,2020_21_strasbourg_internationaux_de_strasbourg_2020-09-24_QF_svitolina_e_teichmann_j,2020-0406_294,406,2020-0406,Strasbourg,QF,202494,Elina Svitolina,213525,Jil Teichmann,tournament_rank_unique,False,
tennis_data_uk,wta,2020,21,Internationaux de Strasbourg,Strasbourg,2020-09-25,international,True,clay,QF,8,3,Sabalenka A.,Siniakova K.,12,62,3615.0,1045.0,2,1,2,6,6,3,6,3,,,,,completed,2.5,1.5,1.6,2.51,2.63,1.64,2.49,1.54,2020_21_strasbourg_internationaux_de_strasbourg,2020_21_strasbourg_internationaux_de_strasbourg_2020-09-25_QF_sabalenka_a_siniakova_k,2020-0406_295,406,2020-0406,Strasbourg,QF,214544,Aryna Sabalenka,211701,Katerina Siniakova,tournament_rank_unique,False,
tennis_data_uk,wta,2020,21,Internationaux de Strasbourg,Strasbourg,2020-09-25,international,True,clay,SF,4,3,Rybakina E.,Hibino N.,18,84,2546.0,838.0,2,0,6,3,6,4,,,,,,,completed,1.2,4.5,1.2,5.23,1.24,5.3,1.19,4.63,2020_21_strasbourg_internationaux_de_strasbourg,2020_21_strasbourg_internationaux_de_strasbourg_2020-09-25_SF_rybakina_e_hibino_n,2020-0406_299,406,2020-0406,Strasbourg,SF,214981,Elena Rybakina,211702,Nao Hibino,tournament_rank_unique,False,
tennis_data_uk,wta,2020,21,Internationaux de Strasbourg,Strasbourg,2020-09-25,international,True,clay,SF,4,3,Svitolina E.,Sabalenka A.,5,12,4740.0,3615.0,2,1,6,2,4,6,6,4,,,,,completed,1.44,2.75,1.5,2.75,1.54,2.8,1.48,2.65,2020_21_strasbourg_internationaux_de_strasbourg,2020_21_strasbourg_internationaux_de_strasbourg_2020-09-25_SF_svitolina_e_sabalenka_a,2020-0406_298,406,2020-0406,Strasbourg,SF,202494,Elina Svitolina,214544,Aryna Sabalenka,tournament_rank_unique,False,
tennis_data_uk,wta,2020,21,Internationaux de Strasbourg,Strasbourg,2020-09-26,international,True,clay,F,2,3,Svitolina E.,Rybakina E.,5,18,4740.0,2546.0,2,1,6,4,1,6,6,2,,,,,completed,1.66,2.1,1.88,2.02,1.88,2.22,1.77,2.06,2020_21_strasbourg_internationaux_de_strasbourg,2020_21_strasbourg_internationaux_de_strasbourg_2020-09-26_F_svitolina_e_rybakina_e,2020-0406_300,406,2020-0406,Strasbourg,F,202494,Elina Svitolina,214981,Elena Rybakina,tournament_rank_unique,False,
tennis_data_uk,wta,2020,22,French Open,Paris,2020-09-27,grand_slam,True,clay,R128,128,3,Azarenka V.,Kovinic D.,14,73,3122.0,932.0,2,0,6,1,6,2,,,,,,,completed,1.1,7.0,1.12,7.26,1.13,8.0,1.11,6.78,2020_22_paris_french_open,2020_22_paris_french_open_2020-09-27_R128_azarenka_v_kovinic_d,2020-520_2125,520,2020-520,Roland Garros,R128,201458,Victoria Azarenka,203575,Danka Kovinic,tournament_round_name_pair,False,rank_mismatch
tennis_data_uk,wta,2020,22,French Open,Paris,2020-09-27,grand_slam,True,clay,R128,128,3,Sharma A.,Blinkova A.,134,59,529.0,1104.0,2,1,6,3,2,6,7,5,,,,,completed,4.0,1.25,3.77,1.31,4.3,1.31,3.98,1.25,2020_22_paris_french_open,2020_22_paris_french_open_2020-09-27_R128_sharma_a_blinkova_a,2020-520_2119,520,2020-520,Roland Garros,R128,206292,Astra Sharma,215020,Anna Blinkova,tournament_round_name_pair,False,rank_mismatch
tennis_data_uk,wta,2020,22,French Open,Paris,2020-09-27,grand_slam,True,clay,R128,128,3,Kanepi K.,Bouzkova M.,106,46,656.0,1314.0,2,1,4,6,6,4,6,2,,,,,completed,2.2,1.66,2.41,1.63,2.46,1.72,2.29,1.63,2020_22_paris_french_open,2020_22_paris_french_open_2020-09-27_R128_kanepi_k_bouzkova_m,2020-520_2123,520,2020-520,Roland Garros,R128,201466,Kaia Kanepi,213631,Marie Bouzkova,tournament_rank_unique,False,
tennis_data_uk,wta,2020,22,French Open,Paris,2020-09-27,grand_slam,True,clay,R128,128,3,Alexandrova E.,Inglis M.,31,124,1775.0,586.0,2,0,6,3,6,3,,,,,,,completed,1.1,7.0,1.11,7.9,1.14,8.55,1.1,7.17,2020_22_paris_french_open,2020_22_paris_french_open_2020-09-27_R128_alexandrova_e_inglis_m,2020-520_2120,520,2020-520,Roland Garros,R128,206420,Ekaterina Alexandrova,213666,Maddison Inglis,tournament_rank_unique,False,
tennis_data_uk,wta,2020,22,French Open,Paris,2020-09-27,grand_slam,True,clay,R128,128,3,Rakhimova K.,Rogers S.,189,55,349.0,1133.0,2,0,6,2,6,3,,,,,,,completed,4.0,1.25,4.23,1.26,4.5,1.3,4.03,1.24,2020_22_paris_french_open,2020_22_paris_french_open_2020-09-27_R128_rakhimova_k_rogers_s,2020-520_2111,520,2020-520,Roland Garros,R128,215872,Kamilla Rakhimova,201603,Shelby Rogers,tournament_round_name_pair,False,rank_mismatch
tennis_data_uk,wta,2020,22,French Open,Paris,2020-09-27,grand_slam,True,clay,R128,128,3,Sakkari M.,Tomljanovic A.,24,64,2240.0,1035.0,2,0,6,0,7,5,,,,,,,completed,1.25,4.0,1.27,4.13,1.29,4.2,1.26,3.93,2020_22_paris_french_open,2020_22_paris_french_open_2020-09-27_R128_sakkari_m_tomljanovic_a,2020-520_2112,520,2020-520,Roland Garros,R128,206289,Maria Sakkari,201548,Ajla Tomljanovic,tournament_rank_unique,False,
tennis_data_uk,wta,2020,22,French Open,Paris,2020-09-27,grand_slam,True,clay,R128,128,3,Mertens E.,Gasparyan M.,20,122,2490.0,601.0,2,0,6,2,6,3,,,,,,,completed,1.06,10.0,1.06,11.51,1.07,13.0,1.05,10.31,2020_22_paris_french_open,2020_22_paris_french_open_2020-09-27_R128_mertens_e_gasparyan_m,2020-520_2124,520,2020-520,Roland Garros,R128,210722,Elise Mertens,202506,Margarita Gasparyan,tournament_rank_unique,False,
tennis_data_uk,wta,2020,22,French Open,Paris,2020-09-27,grand_slam,True,clay,R128,128,3,Halep S.,Sorribes Tormo S.,2,70,7255.0,945.0,2,0,6,4,6,0,,,,,,,completed,1.05,11.0,1.05,13.31,1.07,14.5,1.04,11.45,2020_22_paris_french_open,2020_22_paris_french_open_2020-09-27_R128_halep_s_sorribes_tormo_s,2020-520_2101,520,2020-520,Roland Garros,R128,201594,Simona Halep,204427,Sara Sorribes Tormo,tournament_rank_unique,False,
tennis_data_uk,wta,2020,22,French Open,Paris,2020-09-27,grand_slam,True,clay,R128,128,3,Sasnovich A.,Friedsam A.L.,96,104,738.0,680.0,2,1,6,2,2,6,6,3,,,,,completed,1.53,2.5,1.57,2.54,1.62,2.55,1.56,2.44,2020_22_paris_french_open,2020_22_paris_french_open_2020-09-27_R128_sasnovich_a_friedsam_a_l,2020-520_2122,520,2020-520,Roland Garros,R128,205925,Aliaksandra Sasnovich,204431,Anna Lena Friedsam,tournament_rank_unique,False,
tennis_data_uk,wta,2020,22,French Open,Paris,2020-09-27,grand_slam,True,clay,R128,128,3,Schmiedlova A.,Williams V.,161,75,427.0,929.0,2,0,6,4,6,4,,,,,,,completed,1.61,2.3,1.75,2.19,1.75,2.47,1.65,2.26,2020_22_paris_french_open,2020_22_paris_french_open_2020-09-27_R128_schmiedlova_a_williams_v,2020-520_2126,520,2020-520,Roland Garros,R128,203533,Anna Karolina Schmiedlova,200748,Venus Williams,tournament_round_name_pair,False,rank_mismatch
tennis_data_uk,wta,2020,22,French Open,Paris,2020-09-27,grand_slam,True,clay,R128,128,3,Garcia C.,Kontaveit A.,45,21,1325.0,2330.0,2,1,6,4,3,6,6,4,,,,,completed,3.5,1.3,3.77,1.31,3.77,1.34,3.52,1.3,2020_22_paris_french_open,2020_22_paris_french_open_2020-09-27_R128_garcia_c_kontaveit_a,2020-520_2121,520,2020-520,Roland Garros,R128,201614,Caroline Garcia,204426,Anett Kontaveit,tournament_rank_unique,False,
tennis_data_uk,wta,2020,22,French Open,Paris,2020-09-27,grand_slam,True,clay,R128,128,3,Begu I.,Teichmann J.,72,54,932.0,1164.0,2,1,6,4,4,6,6,3,,,,,completed,2.37,1.57,2.5,1.59,2.63,1.61,2.42,1.57,2020_22_paris_french_open,2020_22_paris_french_open_2020-09-27_R128_begu_i_teichmann_j,2020-520_2102,520,2020-520,Roland Garros,R128,201593,Irina Camelia Begu,213525,Jil Teichmann,tournament_round_name_pair,False,rank_mismatch
tennis_data_uk,wta,2020,22,French Open,Paris,2020-09-27,grand_slam,True,clay,R128,128,3,Strycova B.,Lepchenko V.,37,183,1570.0,359.0,2,0,7,5,6,2,,,,,,,completed,1.53,2.5,1.6,2.47,1.61,2.57,1.56,2.44,2020_22_paris_french_open,2020_22_paris_french_open_2020-09-27_R128_strycova_b_lepchenko_v,2020-520_2129,520,2020-520,Roland Garros,R128,201366,Barbora Strycova,201478,Varvara Lepchenko,tournament_round_name_pair,False,rank_mismatch
tennis_data_uk,wta,2020,22,French Open,Paris,2020-09-27,grand_slam,True,clay,R128,128,3,Trevisan M.,Giorgi C.,159,74,429.0,930.0,1,0,7,5,3,0,,,,,,,retired,2.62,1.5,2.88,1.47,2.9,1.51,2.71,1.47,2020_22_paris_french_open,2020_22_paris_french_open_2020-09-27_R128_trevisan_m_giorgi_c,2020-520_2110,520,2020-520,Roland Garros,R128,203354,Martina Trevisan,202429,Camila Giorgi,tournament_round_name_pair,False,rank_mismatch
tennis_data_uk,wta,2020,22,French Open,Paris,2020-09-27,grand_slam,True,clay,R128,128,3,Gauff C.,Konta J.,51,13,1234.0,3152.0,2,0,6,3,6,3,,,,,,,completed,2.3,1.61,2.34,1.66,2.38,1.76,2.23,1.66,2020_22_paris_french_open,2020_22_paris_french_open_2020-09-27_R128_gauff_c_konta_j,2020-520_2109,520,2020-520,Roland Garros,R128,221103,Coco Gauff,202427,Johanna Konta,tournament_rank_unique,False,
tennis_data_uk,wta,2020,22,French Open,Paris,2020-09-27,grand_slam,True,clay,R128,128,3,Putintseva Y.,Flipkens K.,27,79,1955.0,878.0,2,0,6,1,6,2,,,,,,,completed,1.12,6.0,1.15,6.15,1.17,7.0,1.13,6.02,2020_22_paris_french_open,2020_22_paris_french_open_2020-09-27_R128_putintseva_y_flipkens_k,2020-520_2128,520,2020-520,Roland Garros,R128,201709,Yulia Putintseva,201465,Kirsten Flipkens,tournament_round_name_pair,False,rank_mismatch
tennis_data_uk,wta,2020,22,French Open,Paris,2020-09-27,grand_slam,True,clay,R128,128,3,Podoroska N.,Minnen G.,131,111,545.0,636.0,2,0,6,2,6,1,,,,,,,completed,1.2,4.5,1.22,4.82,1.25,4.85,1.2,4.49,2020_22_paris_french_open,2020_22_paris_french_open_2020-09-27_R128_podoroska_n_minnen_g,2020-520_2127,520,2020-520,Roland Garros,R128,206408,Nadia Podoroska,213889,Greet Minnen,tournament_round_name_pair,False,rank_mismatch
tennis_data_uk,wta,2020,22,French Open,Paris,2020-09-27,grand_slam,True,clay,R128,128,3,Gavrilova D.,Yastremska D.,785,28,26.0,1925.0,2,0,6,4,6,3,,,,,,,completed,4.5,1.2,4.76,1.22,4.8,1.28,4.44,1.21,2020_22_paris_french_open,2020_22_paris_french_open_2020-09-27_R128_gavrilova_d_yastremska_d,,,,,,,,,,,,
tennis_data_uk,wta,2020,22,French Open,Paris,2020-09-27,grand_slam,True,clay,R128,128,3,Bouchard E.,Kalinskaya A.,168,108,411.0,643.0,2,0,6,4,6,4,,,,,,,completed,1.36,3.2,1.35,3.48,1.4,3.55,1.34,3.27,2020_22_paris_french_open,2020_22_paris_french_open_2020-09-27_R128_bouchard_e_kalinskaya_a,2020-520_2106,520,2020-520,Roland Garros,R128,202446,Eugenie Bouchard,214939,Anna Kalinskaya,tournament_rank_unique,False,
tennis_data_uk,wta,2020,22,French Open,Paris,2020-09-27,grand_slam,True,clay,R128,128,3,Krejcikova B.,Stojanovic N.,117,91,618.0,761.0,2,0,6,3,7,5,,,,,,,completed,1.33,3.4,1.36,3.41,1.37,3.45,1.34,3.28,2020_22_paris_french_open,2020_22_paris_french_open_2020-09-27_R128_krejcikova_b_stojanovic_n,2020-520_2130,520,2020-520,Roland Garros,R128,206252,Barbora Krejcikova,211411,Nina Stojanovic,tournament_round_name_pair,False,rank_mismatch
tennis_data_uk,wta,2020,22,French Open,Paris,2020-09-28,grand_slam,True,clay,R128,128,3,Kvitova P.,Dodin O.,11,118,3736.0,614.0,2,0,6,3,7,5,,,,,,,completed,1.11,6.5,1.1,8.19,1.13,8.19,1.11,6.67,2020_22_paris_french_open,2020_22_paris_french_open_2020-09-28_R128_kvitova_p_dodin_o,2020-520_2149,520,2020-520,Roland Garros,R128,201520,Petra Kvitova,206219,Oceane Dodin,tournament_rank_unique,False,
tennis_data_uk,wta,2020,22,French Open,Paris,2020-09-28,grand_slam,True,clay,R128,128,3,Pera B.,Bellis C.,61,171,1075.0,400.0,2,0,7,6,6,1,,,,,,,completed,1.53,2.5,1.5,2.76,1.62,2.76,1.52,2.56,2020_22_paris_french_open,2020_22_paris_french_open_2020-09-28_R128_pera_b_bellis_c,2020-520_2103,520,2020-520,Roland Garros,R128,211095,Bernarda Pera,214263,Catherine Cartan Bellis,tournament_round_name_pair,False,rank_mismatch
tennis_data_uk,wta,2020,22,French Open,Paris,2020-09-28,grand_slam,True,clay,R128,128,3,Paolini J.,Bolsova A.,94,97,755.0,726.0,2,0,6,4,6,3,,,,,,,completed,1.9,1.9,2.0,1.89,2.1,1.93,1.95,1.86,2020_22_paris_french_open,2020_22_paris_french_open_2020-09-28_R128_paolini_j_bolsova_a,2020-520_2150,520,2020-520,Roland Garros,R128,211148,Jasmine Paolini,211901,Aliona Bolsova,tournament_rank_unique,False,
tennis_data_uk,wta,2020,22,French Open,Paris,2020-09-28,grand_slam,True,clay,R128,128,3,Errani S.,Puig M.,150,98,446.0,722.0,2,0,6,2,6,1,,,,,,,completed,1.61,2.3,1.61,2.45,1.64,2.45,1.6,2.34,2020_22_paris_french_open,2020_22_paris_french_open_2020-09-28_R128_errani_s_puig_m,2020-520_2115,520,2020-520,Roland Garros,R128,201506,Sara Errani,201620,Monica Puig,tournament_rank_unique,False,
tennis_data_uk,wta,2020,22,French Open,Paris,2020-09-28,grand_slam,True,clay,R128,128,3,Bertens K.,Zavatska K.,8,112,4335.0,633.0,2,1,2,6,6,2,6,0,,,,,completed,1.14,5.5,1.17,5.84,1.19,6.25,1.16,5.36,2020_22_paris_french_open,2020_22_paris_french_open_2020-09-28_R128_bertens_k_zavatska_k,2020-520_2116,520,2020-520,Roland Garros,R128,202428,Kiki Bertens,215290,Katarina Zavatska,tournament_rank_unique,False,
tennis_data_uk,wta,2020,22,French Open,Paris,2020-09-28,grand_slam,True,clay,R128,128,3,Siniakova K.,Davis L.,62,68,1045.0,967.0,2,0,7,6,6,2,,,,,,,completed,1.25,4.0,1.25,4.33,1.26,4.75,1.23,4.13,2020_22_paris_french_open,2020_22_paris_french_open_2020-09-28_R128_siniakova_k_davis_l,2020-520_2114,520,2020-520,Roland Garros,R128,211701,Katerina Siniakova,201616,Lauren Davis,tournament_round_name_pair,False,rank_mismatch
tennis_data_uk,wta,2020,22,French Open,Paris,2020-09-28,grand_slam,True,clay,R128,128,3,Pironkova T.,Petkovic A.,157,95,430.0,750.0,2,0,6,3,6,3,,,,,,,completed,1.57,2.37,1.54,2.62,1.62,2.68,1.53,2.51,2020_22_paris_french_open,2020_22_paris_french_open_2020-09-28_R128_pironkova_t_petkovic_a,2020-520_2131,520,2020-520,Roland Garros,R128,201450,Tsvetana Pironkova,201492,Andrea Petkovic,tournament_rank_unique,False,
tennis_data_uk,wta,2020,22,French Open,Paris,2020-09-28,grand_slam,True,clay,R128,128,3,Mchale C.,Muchova K.,81,26,857.0,1982.0,2,0,6,2,6,4,,,,,,,completed,4.5,1.2,4.21,1.26,4.7,1.27,4.17,1.23,2020_22_paris_french_open,2020_22_paris_french_open_2020-09-28_R128_mchale_c_muchova_k,2020-520_2144,520,2020-520,Roland Garros,R128,201539,Christina Mchale,214096,Karolina Muchova,tournament_round_name_pair,False,rank_mismatch
tennis_data_uk,wta,2020,22,French Open,Paris,2020-09-28,grand_slam,True,clay,R128,128,3,Pavlyuchenkova A.,Kuznetsova S.,38,33,1570.0,1631.0,2,1,6,1,2,6,6,1,,,,,completed,2.37,1.57,2.45,1.61,2.5,1.65,2.36,1.59,2020_22_paris_french_open,2020_22_paris_french_open_2020-09-28_R128_pavlyuchenkova_a_kuznetsova_s,2020-520_2113,520,2020-520,Roland Garros,R128,201499,Anastasia Pavlyuchenkova,201320,Svetlana Kuznetsova,tournament_rank_unique,False,
tennis_data_uk,wta,2020,22,French Open,Paris,2020-09-28,grand_slam,True,clay,R128,128,3,Anisimova A.,Korpatsch T.,29,123,1905.0,601.0,2,0,6,2,6,0,,,,,,,completed,1.14,5.5,1.22,4.84,1.22,5.7,1.18,4.96,2020_22_paris_french_open,2020_22_paris_french_open_2020-09-28_R128_anisimova_a_korpatsch_t,2020-520_2104,520,2020-520,Roland Garros,R128,216153,Amanda Anisimova,211337,Tamara Korpatsch,tournament_rank_unique,False,
tennis_data_uk,wta,2020,22,French Open,Paris,2020-09-28,grand_slam,True,clay,R128,128,3,Williams S.,Ahn K.,9,102,4080.0,698.0,2,0,7,6,6,0,,,,,,,completed,1.07,9.0,1.09,8.99,1.12,10.2,1.08,8.23,2020_22_paris_french_open,2020_22_paris_french_open_2020-09-28_R128_williams_s_ahn_k,2020-520_2132,520,2020-520,Roland Garros,R128,200033,Serena Williams,201529,Kristie Ahn,tournament_rank_unique,False,
tennis_data_uk,wta,2020,22,French Open,Paris,2020-09-28,grand_slam,True,clay,R128,128,3,Svitolina E.,Gracheva V.,5,89,4740.0,778.0,2,0,7,6,6,4,,,,,,,completed,1.12,6.0,1.18,5.41,1.19,6.0,1.16,5.17,2020_22_paris_french_open,2020_22_paris_french_open_2020-09-28_R128_svitolina_e_gracheva_v,2020-520_2117,520,2020-520,Roland Garros,R128,202494,Elina Svitolina,219875,Varvara Gracheva,tournament_rank_unique,False,
tennis_data_uk,wta,2020,22,French Open,Paris,2020-09-28,grand_slam,True,clay,R128,128,3,Hsieh S.W.,Haas B.,63,143,1035.0,470.0,2,0,6,3,7,6,,,,,,,completed,2.1,1.72,2.2,1.74,2.2,1.8,2.13,1.72,2020_22_paris_french_open,2020_22_paris_french_open_2020-09-28_R128_hsieh_s_w_haas_b,2020-520_2107,520,2020-520,Roland Garros,R128,201444,Su Wei Hsieh,202482,Barbara Haas,tournament_rank_unique,False,
tennis_data_uk,wta,2020,22,French Open,Paris,2020-09-28,grand_slam,True,clay,R128,128,3,Swiatek I.,Vondrousova M.,53,19,1200.0,2538.0,2,0,6,1,6,2,,,,,,,completed,2.5,1.53,2.21,1.74,2.5,1.74,2.35,1.6,2020_22_paris_french_open,2020_22_paris_french_open_2020-09-28_R128_swiatek_i_vondrousova_m,2020-520_2108,520,2020-520,Roland Garros,R128,216347,Iga Swiatek,214954,Marketa Vondrousova,tournament_round_name_pair,False,rank_mismatch
tennis_data_uk,wta,2020,22,French Open,Paris,2020-09-28,grand_slam,True,clay,R128,128,3,Zarazua R.,Jacquemot E.,178,522,378.0,71.0,2,0,6,1,6,2,,,,,,,completed,1.22,4.33,1.19,5.31,1.23,5.4,1.19,4.68,2020_22_paris_french_open,2020_22_paris_french_open_2020-09-28_R128_zarazua_r_jacquemot_e,2020-520_2118,520,2020-520,Roland Garros,R128,213887,Renata Zarazua,221039,Elsa Jacquemot,tournament_round_name_pair,False,rank_mismatch
tennis_data_uk,wta,2020,22,French Open,Paris,2020-09-28,grand_slam,True,clay,R128,128,3,Muguruza G.,Zidansek T.,15,82,3016.0,840.0,2,1,7,5,4,6,8,6,,,,,completed,1.1,7.0,1.09,9.27,1.11,10.2,1.08,8.16,2020_22_paris_french_open,2020_22_paris_french_open_2020-09-28_R128_muguruza_g_zidansek_t,2020-520_2140,520,2020-520,Roland Garros,R128,202469,Garbine Muguruza,214461,Tamara Zidansek,tournament_round_name_pair,False,rank_mismatch
tennis_data_uk,wta,2020,22,French Open,Paris,2020-09-28,grand_slam,True,clay,R128,128,3,Zhang S.,Keys M.,40,16,1475.0,2962.0,2,0,6,3,7,6,,,,,,,completed,3.2,1.36,3.07,1.42,3.25,1.42,3.06,1.38,2020_22_paris_french_open,2020_22_paris_french_open_2020-09-28_R128_zhang_s_keys_m,2020-520_2156,520,2020-520,Roland Garros,R128,201533,Shuai Zhang,201619,Madison Keys,tournament_round_name_pair,False,rank_mismatch
tennis_data_uk,wta,2020,22,French Open,Paris,2020-09-28,grand_slam,True,clay,R128,128,3,Tig P.M.,Voegele S.,58,116,1105.0,618.0,2,0,7,5,7,5,,,,,,,completed,1.16,5.0,1.25,4.41,1.25,5.5,1.22,4.31,2020_22_paris_french_open,2020_22_paris_french_open_2020-09-28_R128_tig_p_m_voegele_s,2020-520_2143,520,2020-520,Roland Garros,R128,206255,Patricia Maria Tig,201527,Stefanie Voegele,tournament_round_name_pair,False,rank_mismatch
tennis_data_uk,wta,2020,22,French Open,Paris,2020-09-28,grand_slam,True,clay,R128,128,3,Juvan K.,Kerber A.,103,22,693.0,2271.0,2,0,6,3,6,3,,,,,,,completed,2.1,1.72,2.17,1.76,2.35,1.85,2.17,1.7,2020_22_paris_french_open,2020_22_paris_french_open_2020-09-28_R128_juvan_k_kerber_a,2020-520_2153,520,2020-520,Roland Garros,R128,215219,Kaja Juvan,201493,Angelique Kerber,tournament_rank_unique,False,
tennis_data_uk,wta,2020,22,French Open,Paris,2020-09-28,grand_slam,True,clay,R128,128,3,Cornet A.,Paquet C.,52,184,1230.0,359.0,2,0,6,3,6,2,,,,,,,completed,1.1,7.0,1.15,6.29,1.15,7.95,1.1,6.88,2020_22_paris_french_open,2020_22_paris_french_open_2020-09-28_R128_cornet_a_paquet_c,2020-520_2155,520,2020-520,Roland Garros,R128,201427,Alize Cornet,203564,Chloe Paquet,tournament_round_name_pair,False,rank_mismatch
tennis_data_uk,wta,2020,22,French Open,Paris,2020-09-28,grand_slam,True,clay,R128,128,3,Fernandez L.A.,Linette M.,100,36,714.0,1573.0,2,1,1,6,6,2,6,3,,,,,completed,2.1,1.72,2.29,1.68,2.3,1.73,2.19,1.68,2020_22_paris_french_open,2020_22_paris_french_open_2020-09-28_R128_fernandez_l_a_linette_m,2020-520_2152,520,2020-520,Roland Garros,R128,220367,Leylah Fernandez,202663,Magda Linette,tournament_rank_unique,False,
tennis_data_uk,wta,2020,22,French Open,Paris,2020-09-28,grand_slam,True,clay,R128,128,3,Hercog P.,Parry D.,47,304,1310.0,186.0,2,0,6,4,6,2,,,,,,,completed,1.12,6.0,1.15,6.35,1.15,6.6,1.13,5.91,2020_22_paris_french_open,2020_22_paris_french_open_2020-09-28_R128_hercog_p_parry_d,2020-520_2151,520,2020-520,Roland Garros,R128,201555,Polona Hercog,220348,Diane Parry,tournament_round_name_pair,False,rank_mismatch
tennis_data_uk,wta,2020,22,French Open,Paris,2020-09-28,grand_slam,True,clay,R128,128,3,Pliskova Kr.,Kuzmova V.,69,90,960.0,775.0,2,0,6,1,6,2,,,,,,,completed,1.44,2.75,1.56,2.56,1.6,2.75,1.52,2.56,2020_22_paris_french_open,2020_22_paris_french_open_2020-09-28_R128_pliskova_kr_kuzmova_v,2020-520_2139,520,2020-520,Roland Garros,R128,201697,Kristyna Pliskova,214149,Viktoria Hruncakova,tournament_rank_unique,False,
tennis_data_uk,wta,2020,22,French Open,Paris,2020-09-28,grand_slam,True,clay,R128,128,3,Burel C.,Rus A.,415,67,109.0,971.0,2,1,6,7,7,6,6,3,,,,,completed,4.33,1.22,4.43,1.25,4.55,1.25,4.2,1.23,2020_22_paris_french_open,2020_22_paris_french_open_2020-09-28_R128_burel_c_rus_a,2020-520_2154,520,2020-520,Roland Garros,R128,216262,Clara Burel,201551,Arantxa Rus,tournament_round_name_pair,False,rank_mismatch
tennis_data_uk,wta,2020,22,French Open,Paris,2020-09-29,grand_slam,True,clay,R128,128,3,Hibino N.,Kostyuk M.,84,119,838.0,605.0,2,0,6,4,6,0,,,,,,,completed,4.33,1.22,4.2,1.26,4.36,1.3,4.0,1.25,2020_22_paris_french_open,2020_22_paris_french_open_2020-09-29_R128_hibino_n_kostyuk_m,2020-520_2135,520,2020-520,Roland Garros,R128,211702,Nao Hibino,216146,Marta Kostyuk,tournament_round_name_pair,False,rank_mismatch
tennis_data_uk,wta,2020,22,French Open,Paris,2020-09-29,grand_slam,True,clay,R128,128,3,Ostapenko J.,Brengle M.,43,77,1360.0,906.0,2,0,6,2,6,1,,,,,,,completed,1.28,3.75,1.29,3.94,1.32,4.0,1.28,3.71,2020_22_paris_french_open,2020_22_paris_french_open_2020-09-29_R128_ostapenko_j_brengle_m,2020-520_2163,520,2020-520,Roland Garros,R128,211533,Jelena Ostapenko,201483,Madison Brengle,tournament_round_name_pair,False,rank_mismatch
tennis_data_uk,wta,2020,22,French Open,Paris,2020-09-29,grand_slam,True,clay,R128,128,3,Pliskova Ka.,Sherif M.,4,172,5205.0,400.0,2,1,6,7,6,2,6,4,,,,,completed,1.14,5.5,1.13,6.92,1.16,7.0,1.13,6.13,2020_22_paris_french_open,2020_22_paris_french_open_2020-09-29_R128_pliskova_ka_sherif_m,2020-520_2164,520,2020-520,Roland Garros,R128,201662,Karolina Pliskova,210886,Mayar Sherif,tournament_rank_unique,False,
tennis_data_uk,wta,2020,22,French Open,Paris,2020-09-29,grand_slam,True,clay,R128,128,3,Van Uytvanck A.,Peterson R.,65,50,1035.0,1255.0,2,1,2,6,6,3,6,1,,,,,completed,1.72,2.1,1.7,2.27,1.75,2.3,1.68,2.19,2020_22_paris_french_open,2020_22_paris_french_open_2020-09-29_R128_van_uytvanck_a_peterson_r,2020-520_2146,520,2020-520,Roland Garros,R128,202421,Alison Van Uytvanck,202490,Rebecca Peterson,tournament_rank_unique,False,
tennis_data_uk,wta,2020,22,French Open,Paris,2020-09-29,grand_slam,True,clay,R128,128,3,Bogdan A.,Babos T.,93,107,755.0,650.0,2,0,6,4,6,2,,,,,,,completed,1.36,3.2,1.38,3.27,1.4,3.35,1.36,3.14,2020_22_paris_french_open,2020_22_paris_french_open_2020-09-29_R128_bogdan_a_babos_t,2020-520_2147,520,2020-520,Roland Garros,R128,202536,Ana Bogdan,201693,Timea Babos,tournament_rank_unique,False,
tennis_data_uk,wta,2020,22,French Open,Paris,2020-09-29,grand_slam,True,clay,R128,128,3,Tauson C.,Brady J.,187,25,354.0,2165.0,2,1,6,4,3,6,9,7,,,,,completed,3.0,1.4,2.93,1.45,3.23,1.45,2.96,1.4,2020_22_paris_french_open,2020_22_paris_french_open_2020-09-29_R128_tauson_c_brady_j,2020-520_2137,520,2020-520,Roland Garros,R128,220704,Clara Tauson,206108,Jennifer Brady,tournament_round_name_pair,False,rank_mismatch
tennis_data_uk,wta,2020,22,French Open,Paris,2020-09-29,grand_slam,True,clay,R128,128,3,Collins D.,Niculescu M.,57,141,1115.0,480.0,2,1,2,6,6,2,6,1,,,,,completed,1.9,1.9,1.99,1.89,2.07,1.93,1.95,1.86,2020_22_paris_french_open,2020_22_paris_french_open_2020-09-29_R128_collins_d_niculescu_m,2020-520_2138,520,2020-520,Roland Garros,R128,203389,Danielle Collins,201512,Monica Niculescu,tournament_rank_unique,False,
tennis_data_uk,wta,2020,22,French Open,Paris,2020-09-29,grand_slam,True,clay,R128,128,3,Rybakina E.,Cirstea S.,18,83,2546.0,839.0,2,0,6,0,6,3,,,,,,,completed,1.22,4.33,1.24,4.47,1.29,4.55,1.23,4.2,2020_22_paris_french_open,2020_22_paris_french_open_2020-09-29_R128_rybakina_e_cirstea_s,2020-520_2141,520,2020-520,Roland Garros,R128,214981,Elena Rybakina,201514,Sorana Cirstea,tournament_round_name_pair,False,rank_mismatch
tennis_data_uk,wta,2020,22,French Open,Paris,2020-09-29,grand_slam,True,clay,R128,128,3,Kenin S.,Samsonova L.,6,125,4700.0,576.0,2,1,6,4,3,6,6,3,,,,,completed,1.3,3.5,1.29,3.9,1.33,3.9,1.29,3.58,2020_22_paris_french_open,2020_22_paris_french_open_2020-09-29_R128_kenin_s_samsonova_l,2020-520_2148,520,2020-520,Roland Garros,R128,213550,Sofia Kenin,214643,Liudmila Samsonova,tournament_rank_unique,False,
tennis_data_uk,wta,2020,22,French Open,Paris,2020-09-29,grand_slam,True,clay,R128,128,3,Bara I.,Vekic D.,142,30,479.0,1880.0,2,0,6,3,6,4,,,,,,,completed,3.0,1.4,3.02,1.43,3.02,1.48,2.85,1.43,2020_22_paris_french_open,2020_22_paris_french_open_2020-09-29_R128_bara_i_vekic_d,2020-520_2145,520,2020-520,Roland Garros,R128,210705,Irina Bara,202499,Donna Vekic,tournament_rank_unique,False,
tennis_data_uk,wta,2020,22,French Open,Paris,2020-09-29,grand_slam,True,clay,R128,128,3,Siegemund L.,Mladenovic K.,66,44,971.0,1335.0,2,0,7,5,6,3,,,,,,,completed,1.66,2.2,1.8,2.11,1.8,2.27,1.69,2.16,2020_22_paris_french_open,2020_22_paris_french_open_2020-09-29_R128_siegemund_l_mladenovic_k,2020-520_2159,520,2020-520,Roland Garros,R128,201696,Laura Siegemund,201540,Kristina Mladenovic,tournament_rank_unique,False,
tennis_data_uk,wta,2020,22,French Open,Paris,2020-09-29,grand_slam,True,clay,R128,128,3,Jabeur O.,Diyas Z.,35,76,1573.0,918.0,2,1,4,6,6,3,6,1,,,,,completed,1.28,3.75,1.27,4.1,1.32,4.5,1.25,3.98,2020_22_paris_french_open,2020_22_paris_french_open_2020-09-29_R128_jabeur_o_diyas_z,2020-520_2136,520,2020-520,Roland Garros,R128,202460,Ons Jabeur,201610,Zarina Diyas,tournament_round_name_pair,False,rank_mismatch
tennis_data_uk,wta,2020,22,French Open,Paris,2020-09-29,grand_slam,True,clay,R128,128,3,Ferro F.,Watson H.,49,56,1267.0,1130.0,2,0,7,6,6,4,,,,,,,completed,1.2,4.5,1.21,4.91,1.23,4.95,1.2,4.57,2020_22_paris_french_open,2020_22_paris_french_open_2020-09-29_R128_ferro_f_watson_h,2020-520_2142,520,2020-520,Roland Garros,R128,211539,Fiona Ferro,201586,Heather Watson,tournament_rank_unique,False,
tennis_data_uk,wta,2020,22,French Open,Paris,2020-09-29,grand_slam,True,clay,R128,128,3,Badosa P.,Kozlova K.,87,99,798.0,718.0,2,1,6,2,4,6,6,3,,,,,completed,1.57,2.37,1.56,2.57,1.62,2.6,1.55,2.47,2020_22_paris_french_open,2020_22_paris_french_open_2020-09-29_R128_badosa_p_kozlova_k,2020-520_2162,520,2020-520,Roland Garros,R128,211651,Paula Badosa,203462,Kateryna Baindl,tournament_rank_unique,False,
tennis_data_uk,wta,2020,22,French Open,Paris,2020-09-29,grand_slam,True,clay,R128,128,3,Goerges J.,Riske A.,41,23,1423.0,2256.0,2,1,6,3,6,7,6,1,,,,,completed,2.37,1.57,2.37,1.65,2.41,1.67,2.33,1.61,2020_22_paris_french_open,2020_22_paris_french_open_2020-09-29_R128_goerges_j_riske_a,2020-520_2160,520,2020-520,Roland Garros,R128,201504,Julia Goerges,201590,Alison Riske Amritraj,tournament_rank_unique,False,
tennis_data_uk,wta,2020,22,French Open,Paris,2020-09-29,grand_slam,True,clay,R128,128,3,Stephens S.,Diatchenko V.,34,115,1573.0,619.0,2,0,6,2,6,2,,,,,,,completed,1.14,5.5,1.15,6.23,1.17,6.4,1.14,5.69,2020_22_paris_french_open,2020_22_paris_french_open_2020-09-29_R128_stephens_s_diatchenko_v,2020-520_2161,520,2020-520,Roland Garros,R128,201585,Sloane Stephens,201554,Vitalia Diatchenko,tournament_round_name_pair,False,rank_mismatch
tennis_data_uk,wta,2020,22,French Open,Paris,2020-09-29,grand_slam,True,clay,R128,128,3,Martic P.,Doi M.,17,80,2850.0,863.0,2,0,7,6,7,5,,,,,,,completed,1.16,5.0,1.16,5.91,1.18,6.0,1.15,5.43,2020_22_paris_french_open,2020_22_paris_french_open_2020-09-29_R128_martic_p_doi_m,2020-520_2157,520,2020-520,Roland Garros,R128,201549,Petra Martic,201595,Misaki Doi,tournament_round_name_pair,False,rank_mismatch
tennis_data_uk,wta,2020,22,French Open,Paris,2020-09-29,grand_slam,True,clay,R128,128,3,Kasatkina D.,Tan H.,71,235,935.0,270.0,2,0,6,2,6,1,,,,,,,completed,1.11,6.5,1.17,5.72,1.17,6.5,1.15,5.51,2020_22_paris_french_open,2020_22_paris_french_open_2020-09-29_R128_kasatkina_d_tan_h,2020-520_2134,520,2020-520,Roland Garros,R128,214082,Daria Kasatkina,211552,Harmony Tan,tournament_round_name_pair,False,rank_mismatch
tennis_data_uk,wta,2020,22,French Open,Paris,2020-09-29,grand_slam,True,clay,R128,128,3,Sabalenka A.,Pegula J.,12,60,3615.0,1103.0,2,0,6,3,6,1,,,,,,,completed,1.44,2.75,1.45,2.95,1.49,2.95,1.44,2.8,2020_22_paris_french_open,2020_22_paris_french_open_2020-09-29_R128_sabalenka_a_pegula_j,2020-520_2133,520,2020-520,Roland Garros,R128,214544,Aryna Sabalenka,202468,Jessica Pegula,tournament_rank_unique,False,
tennis_data_uk,wta,2020,22,French Open,Paris,2020-09-29,grand_slam,True,clay,R128,128,3,Kudermetova V.,Parmentier P.,42,164,1388.0,418.0,2,0,6,2,6,3,,,,,,,completed,1.36,3.2,1.38,3.27,1.41,3.3,1.37,3.14,2020_22_paris_french_open,2020_22_paris_french_open_2020-09-29_R128_kudermetova_v_parmentier_p,2020-520_2158,520,2020-520,Roland Garros,R128,206368,Veronika Kudermetova,201426,Pauline Parmentier,tournament_rank_unique,False,
tennis_data_uk,wta,2020,22,French Open,Paris,2020-09-30,grand_slam,True,clay,R64,64,3,Svitolina E.,Zarazua R.,5,178,4740.0,378.0,2,1,6,3,0,6,6,2,,,,,completed,1.16,5.0,1.15,6.36,1.18,6.45,1.15,5.56,2020_22_paris_french_open,2020_22_paris_french_open_2020-09-30_R64_svitolina_e_zarazua_r,2020-520_2209,520,2020-520,Roland Garros,R64,202494,Elina Svitolina,213887,Renata Zarazua,tournament_rank_unique,False,
tennis_data_uk,wta,2020,22,French Open,Paris,2020-09-30,grand_slam,True,clay,R64,64,3,Podoroska N.,Putintseva Y.,131,27,545.0,1955.0,2,1,6,3,1,6,6,2,,,,,completed,2.75,1.44,2.74,1.51,3.0,1.51,2.74,1.46,2020_22_paris_french_open,2020_22_paris_french_open_2020-09-30_R64_podoroska_n_putintseva_y,2020-520_2214,520,2020-520,Roland Garros,R64,206408,Nadia Podoroska,201709,Yulia Putintseva,tournament_rank_unique,False,
tennis_data_uk,wta,2020,22,French Open,Paris,2020-09-30,grand_slam,True,clay,R64,64,3,Alexandrova E.,Sharma A.,31,134,1775.0,529.0,2,0,6,3,6,3,,,,,,,completed,1.36,3.2,1.34,3.57,1.38,3.94,1.33,3.36,2020_22_paris_french_open,2020_22_paris_french_open_2020-09-30_R64_alexandrova_e_sharma_a,2020-520_2210,520,2020-520,Roland Garros,R64,206420,Ekaterina Alexandrova,206292,Astra Sharma,tournament_rank_unique,False,
tennis_data_uk,wta,2020,22,French Open,Paris,2020-09-30,grand_slam,True,clay,R64,64,3,Schmiedlova A.,Azarenka V.,161,14,427.0,3122.0,2,0,6,2,6,2,,,,,,,completed,8.0,1.08,8.16,1.1,9.3,1.11,7.51,1.09,2020_22_paris_french_open,2020_22_paris_french_open_2020-09-30_R64_schmiedlova_a_azarenka_v,2020-520_2213,520,2020-520,Roland Garros,R64,203533,Anna Karolina Schmiedlova,201458,Victoria Azarenka,tournament_rank_unique,False,
tennis_data_uk,wta,2020,22,French Open,Paris,2020-09-30,grand_slam,True,clay,R64,64,3,Bertens K.,Errani S.,8,150,4335.0,446.0,2,1,7,6,3,6,9,7,,,,,completed,1.4,3.0,1.39,3.23,1.44,3.3,1.37,3.08,2020_22_paris_french_open,2020_22_paris_french_open_2020-09-30_R64_bertens_k_errani_s,2020-520_2208,520,2020-520,Roland Garros,R64,202428,Kiki Bertens,201506,Sara Errani,tournament_rank_unique,False,
tennis_data_uk,wta,2020,22,French Open,Paris,2020-09-30,grand_slam,True,clay,R64,64,3,Krejcikova B.,Strycova B.,117,37,618.0,1570.0,2,1,6,4,3,6,6,3,,,,,completed,2.1,1.72,2.04,1.85,2.16,1.87,2.04,1.78,2020_22_paris_french_open,2020_22_paris_french_open_2020-09-30_R64_krejcikova_b_strycova_b,2020-520_2215,520,2020-520,Roland Garros,R64,206252,Barbora Krejcikova,201366,Barbora Strycova,tournament_round_name_pair,False,rank_mismatch
tennis_data_uk,wta,2020,22,French Open,Paris,2020-09-30,grand_slam,True,clay,R64,64,3,Pironkova T.,Williams S.,157,9,430.0,4080.0,,,,,,,,,,,,,walkover,3.0,1.4,3.0,1.44,3.15,1.46,2.97,1.4,2020_22_paris_french_open,2020_22_paris_french_open_2020-09-30_R64_pironkova_t_williams_s,2020-520_2216,520,2020-520,Roland Garros,R64,201450,Tsvetana Pironkova,200033,Serena Williams,tournament_rank_unique,False,
tennis_data_uk,wta,2020,22,French Open,Paris,2020-09-30,grand_slam,True,clay,R64,64,3,Anisimova A.,Pera B.,29,61,1905.0,1075.0,2,0,6,2,6,0,,,,,,,completed,1.53,2.5,1.56,2.56,1.57,2.65,1.53,2.51,2020_22_paris_french_open,2020_22_paris_french_open_2020-09-30_R64_anisimova_a_pera_b,2020-520_2202,520,2020-520,Roland Garros,R64,216153,Amanda Anisimova,211095,Bernarda Pera,tournament_round_name_pair,False,rank_mismatch
tennis_data_uk,wta,2020,22,French Open,Paris,2020-09-30,grand_slam,True,clay,R64,64,3,Bouchard E.,Gavrilova D.,168,785,411.0,26.0,2,1,5,7,6,4,6,3,,,,,completed,1.5,2.62,1.51,2.74,1.53,2.75,1.49,2.64,2020_22_paris_french_open,2020_22_paris_french_open_2020-09-30_R64_bouchard_e_gavrilova_d,,,,,,,,,,,,
tennis_data_uk,wta,2020,22,French Open,Paris,2020-09-30,grand_slam,True,clay,R64,64,3,Siniakova K.,Pavlyuchenkova A.,62,38,1045.0,1570.0,2,0,6,3,6,4,,,,,,,completed,2.2,1.66,2.2,1.74,2.3,1.75,2.18,1.69,2020_22_paris_french_open,2020_22_paris_french_open_2020-09-30_R64_siniakova_k_pavlyuchenkova_a,2020-520_2207,520,2020-520,Roland Garros,R64,211701,Katerina Siniakova,201499,Anastasia Pavlyuchenkova,tournament_round_name_pair,False,rank_mismatch
tennis_data_uk,wta,2020,22,French Open,Paris,2020-09-30,grand_slam,True,clay,R64,64,3,Swiatek I.,Hsieh S.W.,53,63,1200.0,1035.0,2,0,6,1,6,4,,,,,,,completed,1.16,5.0,1.15,6.14,1.18,6.14,1.16,5.31,2020_22_paris_french_open,2020_22_paris_french_open_2020-09-30_R64_swiatek_i_hsieh_s_w,2020-520_2204,520,2020-520,Roland Garros,R64,216347,Iga Swiatek,201444,Su Wei Hsieh,tournament_round_name_pair,False,rank_mismatch
tennis_data_uk,wta,2020,22,French Open,Paris,2020-09-30,grand_slam,True,clay,R64,64,3,Sakkari M.,Rakhimova K.,24,189,2240.0,349.0,2,0,7,6,6,2,,,,,,,completed,1.1,7.0,1.12,7.32,1.13,8.5,1.1,6.95,2020_22_paris_french_open,2020_22_paris_french_open_2020-09-30_R64_sakkari_m_rakhimova_k,2020-520_2206,520,2020-520,Roland Garros,R64,206289,Maria Sakkari,215872,Kamilla Rakhimova,tournament_round_name_pair,False,rank_mismatch
tennis_data_uk,wta,2020,22,French Open,Paris,2020-09-30,grand_slam,True,clay,R64,64,3,Mertens E.,Kanepi K.,20,106,2490.0,656.0,2,0,6,4,7,5,,,,,,,completed,1.22,4.33,1.22,4.76,1.24,4.76,1.22,4.28,2020_22_paris_french_open,2020_22_paris_french_open_2020-09-30_R64_mertens_e_kanepi_k,2020-520_2212,520,2020-520,Roland Garros,R64,210722,Elise Mertens,201466,Kaia Kanepi,tournament_rank_unique,False,
tennis_data_uk,wta,2020,22,French Open,Paris,2020-09-30,grand_slam,True,clay,R64,64,3,Halep S.,Begu I.,2,72,7255.0,932.0,2,0,6,3,6,4,,,,,,,completed,1.08,8.0,1.07,10.55,1.11,10.55,1.07,8.83,2020_22_paris_french_open,2020_22_paris_french_open_2020-09-30_R64_halep_s_begu_i,2020-520_2201,520,2020-520,Roland Garros,R64,201594,Simona Halep,201593,Irina Camelia Begu,tournament_round_name_pair,False,rank_mismatch
tennis_data_uk,wta,2020,22,French Open,Paris,2020-09-30,grand_slam,True,clay,R64,64,3,Garcia C.,Sasnovich A.,45,96,1325.0,738.0,2,0,7,6,6,2,,,,,,,completed,1.57,2.37,1.54,2.62,1.6,2.65,1.54,2.5,2020_22_paris_french_open,2020_22_paris_french_open_2020-09-30_R64_garcia_c_sasnovich_a,2020-520_2211,520,2020-520,Roland Garros,R64,201614,Caroline Garcia,205925,Aliaksandra Sasnovich,tournament_rank_unique,False,
tennis_data_uk,wta,2020,22,French Open,Paris,2020-09-30,grand_slam,True,clay,R64,64,3,Trevisan M.,Gauff C.,159,51,429.0,1234.0,2,1,4,6,6,2,7,5,,,,,completed,3.5,1.3,3.7,1.32,3.72,1.35,3.44,1.31,2020_22_paris_french_open,2020_22_paris_french_open_2020-09-30_R64_trevisan_m_gauff_c,2020-520_2205,520,2020-520,Roland Garros,R64,203354,Martina Trevisan,221103,Coco Gauff,tournament_rank_unique,False,
tennis_data_uk,wta,2020,22,French Open,Paris,2020-10-01,grand_slam,True,clay,R64,64,3,Ostapenko J.,Pliskova Ka.,43,4,1360.0,5205.0,2,0,6,4,6,2,,,,,,,completed,2.3,1.61,2.3,1.68,2.33,1.83,2.23,1.66,2020_22_paris_french_open,2020_22_paris_french_open_2020-10-01_R64_ostapenko_j_pliskova_ka,2020-520_2232,520,2020-520,Roland Garros,R64,211533,Jelena Ostapenko,201662,Karolina Pliskova,tournament_rank_unique,False,
tennis_data_uk,wta,2020,22,French Open,Paris,2020-10-01,grand_slam,True,clay,R64,64,3,Kvitova P.,Paolini J.,11,94,3736.0,755.0,2,0,6,3,6,3,,,,,,,completed,1.14,5.5,1.14,6.72,1.2,7.0,1.14,5.75,2020_22_paris_french_open,2020_22_paris_french_open_2020-10-01_R64_kvitova_p_paolini_j,2020-520_2225,520,2020-520,Roland Garros,R64,201520,Petra Kvitova,211148,Jasmine Paolini,tournament_rank_unique,False,
tennis_data_uk,wta,2020,22,French Open,Paris,2020-10-01,grand_slam,True,clay,R64,64,3,Collins D.,Tauson C.,57,187,1115.0,354.0,2,0,6,2,6,3,,,,,,,completed,2.3,1.61,2.47,1.6,2.55,1.63,2.41,1.57,2020_22_paris_french_open,2020_22_paris_french_open_2020-10-01_R64_collins_d_tauson_c,2020-520_2219,520,2020-520,Roland Garros,R64,203389,Danielle Collins,220704,Clara Tauson,tournament_round_name_pair,False,rank_mismatch
tennis_data_uk,wta,2020,22,French Open,Paris,2020-10-01,grand_slam,True,clay,R64,64,3,Kenin S.,Bogdan A.,6,93,4700.0,755.0,2,1,3,6,6,3,6,2,,,,,completed,1.44,2.75,1.44,3.0,1.48,3.0,1.45,2.77,2020_22_paris_french_open,2020_22_paris_french_open_2020-10-01_R64_kenin_s_bogdan_a,2020-520_2224,520,2020-520,Roland Garros,R64,213550,Sofia Kenin,202536,Ana Bogdan,tournament_rank_unique,False,
tennis_data_uk,wta,2020,22,French Open,Paris,2020-10-01,grand_slam,True,clay,R64,64,3,Sabalenka A.,Kasatkina D.,12,71,3615.0,935.0,2,0,7,6,6,0,,,,,,,completed,1.72,2.1,1.71,2.25,1.73,2.44,1.63,2.28,2020_22_paris_french_open,2020_22_paris_french_open_2020-10-01_R64_sabalenka_a_kasatkina_d,2020-520_2217,520,2020-520,Roland Garros,R64,214544,Aryna Sabalenka,214082,Daria Kasatkina,tournament_rank_unique,False,
tennis_data_uk,wta,2020,22,French Open,Paris,2020-10-01,grand_slam,True,clay,R64,64,3,Fernandez L.A.,Hercog P.,100,47,714.0,1310.0,2,1,6,4,3,6,6,1,,,,,completed,2.5,1.53,2.47,1.6,2.53,1.65,2.41,1.57,2020_22_paris_french_open,2020_22_paris_french_open_2020-10-01_R64_fernandez_l_a_hercog_p,2020-520_2226,520,2020-520,Roland Garros,R64,220367,Leylah Fernandez,201555,Polona Hercog,tournament_rank_unique,False,
tennis_data_uk,wta,2020,22,French Open,Paris,2020-10-01,grand_slam,True,clay,R64,64,3,Badosa P.,Stephens S.,87,34,798.0,1573.0,2,1,6,4,4,6,6,2,,,,,completed,2.3,1.61,2.4,1.63,2.5,1.67,2.38,1.59,2020_22_paris_french_open,2020_22_paris_french_open_2020-10-01_R64_badosa_p_stephens_s,2020-520_2231,520,2020-520,Roland Garros,R64,211651,Paula Badosa,201585,Sloane Stephens,tournament_rank_unique,False,
tennis_data_uk,wta,2020,22,French Open,Paris,2020-10-01,grand_slam,True,clay,R64,64,3,Tig P.M.,Mchale C.,58,81,1105.0,857.0,2,0,6,4,6,3,,,,,,,completed,1.44,2.75,1.49,2.79,1.5,2.85,1.45,2.75,2020_22_paris_french_open,2020_22_paris_french_open_2020-10-01_R64_tig_p_m_mchale_c,2020-520_2222,520,2020-520,Roland Garros,R64,206255,Patricia Maria Tig,201539,Christina Mchale,tournament_round_name_pair,False,rank_mismatch
tennis_data_uk,wta,2020,22,French Open,Paris,2020-10-01,grand_slam,True,clay,R64,64,3,Jabeur O.,Hibino N.,35,84,1573.0,838.0,2,0,7,6,6,4,,,,,,,completed,1.5,2.62,1.51,2.73,1.59,2.77,1.51,2.58,2020_22_paris_french_open,2020_22_paris_french_open_2020-10-01_R64_jabeur_o_hibino_n,2020-520_2218,520,2020-520,Roland Garros,R64,202460,Ons Jabeur,211702,Nao Hibino,tournament_round_name_pair,False,rank_mismatch
tennis_data_uk,wta,2020,22,French Open,Paris,2020-10-01,grand_slam,True,clay,R64,64,3,Burel C.,Juvan K.,415,103,109.0,693.0,2,0,7,6,6,2,,,,,,,completed,4.0,1.25,4.21,1.26,4.25,1.27,3.98,1.25,2020_22_paris_french_open,2020_22_paris_french_open_2020-10-01_R64_burel_c_juvan_k,2020-520_2227,520,2020-520,Roland Garros,R64,216262,Clara Burel,215219,Kaja Juvan,tournament_round_name_pair,False,rank_mismatch
tennis_data_uk,wta,2020,22,French Open,Paris,2020-10-01,grand_slam,True,clay,R64,64,3,Siegemund L.,Goerges J.,66,41,971.0,1423.0,2,1,1,6,6,1,6,3,,,,,completed,1.57,2.37,1.58,2.52,1.64,2.55,1.58,2.4,2020_22_paris_french_open,2020_22_paris_french_open_2020-10-01_R64_siegemund_l_goerges_j,2020-520_2230,520,2020-520,Roland Garros,R64,201696,Laura Siegemund,201504,Julia Goerges,tournament_rank_unique,False,
tennis_data_uk,wta,2020,22,French Open,Paris,2020-10-01,grand_slam,True,clay,R64,64,3,Zhang S.,Cornet A.,40,52,1475.0,1230.0,2,0,6,4,7,6,,,,,,,completed,2.62,1.5,2.64,1.54,2.72,1.59,2.56,1.52,2020_22_paris_french_open,2020_22_paris_french_open_2020-10-01_R64_zhang_s_cornet_a,2020-520_2228,520,2020-520,Roland Garros,R64,201533,Shuai Zhang,201427,Alize Cornet,tournament_round_name_pair,False,rank_mismatch
tennis_data_uk,wta,2020,22,French Open,Paris,2020-10-01,grand_slam,True,clay,R64,64,3,Bara I.,Van Uytvanck A.,142,65,479.0,1035.0,1,0,6,1,4,0,,,,,,,retired,1.8,2.0,1.76,2.16,1.9,2.2,1.79,2.04,2020_22_paris_french_open,2020_22_paris_french_open_2020-10-01_R64_bara_i_van_uytvanck_a,2020-520_2223,520,2020-520,Roland Garros,R64,210705,Irina Bara,202421,Alison Van Uytvanck,tournament_rank_unique,False,
tennis_data_uk,wta,2020,22,French Open,Paris,2020-10-01,grand_slam,True,clay,R64,64,3,Martic P.,Kudermetova V.,17,42,2850.0,1388.0,2,1,6,7,7,5,6,3,,,,,completed,1.36,3.2,1.37,3.36,1.41,3.36,1.37,3.14,2020_22_paris_french_open,2020_22_paris_french_open_2020-10-01_R64_martic_p_kudermetova_v,2020-520_2229,520,2020-520,Roland Garros,R64,201549,Petra Martic,206368,Veronika Kudermetova,tournament_rank_unique,False,
tennis_data_uk,wta,2020,22,French Open,Paris,2020-10-01,grand_slam,True,clay,R64,64,3,Muguruza G.,Pliskova Kr.,15,69,3016.0,960.0,2,0,6,3,6,2,,,,,,,completed,1.25,4.0,1.24,4.55,1.27,4.6,1.23,4.2,2020_22_paris_french_open,2020_22_paris_french_open_2020-10-01_R64_muguruza_g_pliskova_kr,2020-520_2220,520,2020-520,Roland Garros,R64,202469,Garbine Muguruza,201697,Kristyna Pliskova,tournament_rank_unique,False,
tennis_data_uk,wta,2020,22,French Open,Paris,2020-10-01,grand_slam,True,clay,R64,64,3,Ferro F.,Rybakina E.,49,18,1267.0,2546.0,2,1,6,3,4,6,6,2,,,,,completed,3.0,1.4,3.02,1.43,3.02,1.5,2.85,1.43,2020_22_paris_french_open,2020_22_paris_french_open_2020-10-01_R64_ferro_f_rybakina_e,2020-520_2221,520,2020-520,Roland Garros,R64,211539,Fiona Ferro,214981,Elena Rybakina,tournament_rank_unique,False,
tennis_data_uk,wta,2020,22,French Open,Paris,2020-10-02,grand_slam,True,clay,R32,32,3,Svitolina E.,Alexandrova E.,5,31,4740.0,1775.0,2,0,6,4,7,5,,,,,,,completed,1.3,3.5,1.38,3.3,1.4,3.54,1.35,3.22,2020_22_paris_french_open,2020_22_paris_french_open_2020-10-02_R32_svitolina_e_alexandrova_e,2020-520_2305,520,2020-520,Roland Garros,R32,202494,Elina Svitolina,206420,Ekaterina Alexandrova,tournament_rank_unique,False,
tennis_data_uk,wta,2020,22,French Open,Paris,2020-10-02,grand_slam,True,clay,R32,32,3,Swiatek I.,Bouchard E.,53,168,1200.0,411.0,2,0,6,3,6,2,,,,,,,completed,1.53,2.5,1.47,2.88,1.56,2.88,1.5,2.62,2020_22_paris_french_open,2020_22_paris_french_open_2020-10-02_R32_swiatek_i_bouchard_e,2020-520_2302,520,2020-520,Roland Garros,R32,216347,Iga Swiatek,202446,Eugenie Bouchard,tournament_round_name_pair,False,rank_mismatch
tennis_data_uk,wta,2020,22,French Open,Paris,2020-10-02,grand_slam,True,clay,R32,32,3,Podoroska N.,Schmiedlova A.,131,161,545.0,427.0,2,0,6,3,6,2,,,,,,,completed,1.9,1.9,1.89,1.99,1.95,2.0,1.88,1.92,2020_22_paris_french_open,2020_22_paris_french_open_2020-10-02_R32_podoroska_n_schmiedlova_a,2020-520_2307,520,2020-520,Roland Garros,R32,206408,Nadia Podoroska,203533,Anna Karolina Schmiedlova,tournament_rank_unique,False,
tennis_data_uk,wta,2020,22,French Open,Paris,2020-10-02,grand_slam,True,clay,R32,32,3,Halep S.,Anisimova A.,2,29,7255.0,1905.0,2,0,6,0,6,1,,,,,,,completed,1.2,4.5,1.22,4.74,1.26,4.74,1.22,4.34,2020_22_paris_french_open,2020_22_paris_french_open_2020-10-02_R32_halep_s_anisimova_a,2020-520_2301,520,2020-520,Roland Garros,R32,201594,Simona Halep,216153,Amanda Anisimova,tournament_rank_unique,False,
tennis_data_uk,wta,2020,22,French Open,Paris,2020-10-02,grand_slam,True,clay,R32,32,3,Garcia C.,Mertens E.,45,20,1325.0,2490.0,2,1,1,6,6,4,7,5,,,,,completed,3.5,1.3,3.37,1.36,3.55,1.38,3.37,1.32,2020_22_paris_french_open,2020_22_paris_french_open_2020-10-02_R32_garcia_c_mertens_e,2020-520_2306,520,2020-520,Roland Garros,R32,201614,Caroline Garcia,210722,Elise Mertens,tournament_rank_unique,False,
tennis_data_uk,wta,2020,22,French Open,Paris,2020-10-02,grand_slam,True,clay,R32,32,3,Krejcikova B.,Pironkova T.,117,157,618.0,430.0,2,1,5,7,6,4,6,3,,,,,completed,2.2,1.66,2.06,1.84,2.2,1.89,2.06,1.78,2020_22_paris_french_open,2020_22_paris_french_open_2020-10-02_R32_krejcikova_b_pironkova_t,2020-520_2308,520,2020-520,Roland Garros,R32,206252,Barbora Krejcikova,201450,Tsvetana Pironkova,tournament_round_name_pair,False,rank_mismatch
tennis_data_uk,wta,2020,22,French Open,Paris,2020-10-02,grand_slam,True,clay,R32,32,3,Trevisan M.,Sakkari M.,159,24,429.0,2240.0,2,1,1,6,7,6,6,3,,,,,completed,3.4,1.33,3.79,1.31,3.79,1.36,3.48,1.31,2020_22_paris_french_open,2020_22_paris_french_open_2020-10-02_R32_trevisan_m_sakkari_m,2020-520_2303,520,2020-520,Roland Garros,R32,203354,Martina Trevisan,206289,Maria Sakkari,tournament_rank_unique,False,
tennis_data_uk,wta,2020,22,French Open,Paris,2020-10-02,grand_slam,True,clay,R32,32,3,Bertens K.,Siniakova K.,8,62,4335.0,1045.0,2,0,6,2,6,2,,,,,,,completed,2.62,1.5,2.76,1.5,2.9,1.51,2.71,1.47,2020_22_paris_french_open,2020_22_paris_french_open_2020-10-02_R32_bertens_k_siniakova_k,2020-520_2304,520,2020-520,Roland Garros,R32,202428,Kiki Bertens,211701,Katerina Siniakova,tournament_round_name_pair,False,rank_mismatch
tennis_data_uk,wta,2020,22,French Open,Paris,2020-10-03,grand_slam,True,clay,R32,32,3,Zhang S.,Burel C.,40,415,1475.0,109.0,2,0,7,6,7,5,,,,,,,completed,1.5,2.62,1.52,2.69,1.61,2.69,1.54,2.49,2020_22_paris_french_open,2020_22_paris_french_open_2020-10-03_R32_zhang_s_burel_c,2020-520_2314,520,2020-520,Roland Garros,R32,201533,Shuai Zhang,216262,Clara Burel,tournament_round_name_pair,False,rank_mismatch
tennis_data_uk,wta,2020,22,French Open,Paris,2020-10-03,grand_slam,True,clay,R32,32,3,Jabeur O.,Sabalenka A.,35,12,1573.0,3615.0,2,1,7,6,2,6,6,3,,,,,completed,2.62,1.5,2.47,1.6,2.66,1.63,2.49,1.54,2020_22_paris_french_open,2020_22_paris_french_open_2020-10-03_R32_jabeur_o_sabalenka_a,2020-520_2309,520,2020-520,Roland Garros,R32,202460,Ons Jabeur,214544,Aryna Sabalenka,tournament_rank_unique,False,
tennis_data_uk,wta,2020,22,French Open,Paris,2020-10-03,grand_slam,True,clay,R32,32,3,Kenin S.,Bara I.,6,142,4700.0,479.0,2,0,6,2,6,0,,,,,,,completed,1.4,3.0,1.5,2.78,1.5,3.02,1.45,2.79,2020_22_paris_french_open,2020_22_paris_french_open_2020-10-03_R32_kenin_s_bara_i,2020-520_2312,520,2020-520,Roland Garros,R32,213550,Sofia Kenin,210705,Irina Bara,tournament_rank_unique,False,
tennis_data_uk,wta,2020,22,French Open,Paris,2020-10-03,grand_slam,True,clay,R32,32,3,Ferro F.,Tig P.M.,49,58,1267.0,1105.0,2,1,7,6,4,6,6,0,,,,,completed,1.4,3.0,1.42,3.08,1.48,3.1,1.43,2.85,2020_22_paris_french_open,2020_22_paris_french_open_2020-10-03_R32_ferro_f_tig_p_m,2020-520_2311,520,2020-520,Roland Garros,R32,211539,Fiona Ferro,206255,Patricia Maria Tig,tournament_round_name_pair,False,rank_mismatch
tennis_data_uk,wta,2020,22,French Open,Paris,2020-10-03,grand_slam,True,clay,R32,32,3,Siegemund L.,Martic P.,66,17,971.0,2850.0,2,1,6,7,6,3,6,0,,,,,completed,3.0,1.4,3.08,1.42,3.1,1.46,2.91,1.42,2020_22_paris_french_open,2020_22_paris_french_open_2020-10-03_R32_siegemund_l_martic_p,2020-520_2315,520,2020-520,Roland Garros,R32,201696,Laura Siegemund,201549,Petra Martic,tournament_rank_unique,False,
tennis_data_uk,wta,2020,22,French Open,Paris,2020-10-03,grand_slam,True,clay,R32,32,3,Kvitova P.,Fernandez L.A.,11,100,3736.0,714.0,2,0,7,5,6,3,,,,,,,completed,1.16,5.0,1.26,4.21,1.32,5.0,1.26,3.91,2020_22_paris_french_open,2020_22_paris_french_open_2020-10-03_R32_kvitova_p_fernandez_l_a,2020-520_2313,520,2020-520,Roland Garros,R32,201520,Petra Kvitova,220367,Leylah Fernandez,tournament_rank_unique,False,
tennis_data_uk,wta,2020,22,French Open,Paris,2020-10-03,grand_slam,True,clay,R32,32,3,Badosa P.,Ostapenko J.,87,43,798.0,1360.0,2,0,6,4,6,3,,,,,,,completed,3.0,1.4,3.16,1.4,3.27,1.44,3.01,1.39,2020_22_paris_french_open,2020_22_paris_french_open_2020-10-03_R32_badosa_p_ostapenko_j,2020-520_2316,520,2020-520,Roland Garros,R32,211651,Paula Badosa,211533,Jelena Ostapenko,tournament_rank_unique,False,
tennis_data_uk,wta,2020,22,French Open,Paris,2020-10-03,grand_slam,True,clay,R32,32,3,Collins D.,Muguruza G.,57,15,1115.0,3016.0,2,1,7,5,2,6,6,4,,,,,completed,4.5,1.2,4.12,1.27,5.5,1.28,4.13,1.24,2020_22_paris_french_open,2020_22_paris_french_open_2020-10-03_R32_collins_d_muguruza_g,2020-520_2310,520,2020-520,Roland Garros,R32,203389,Danielle Collins,202469,Garbine Muguruza,tournament_rank_unique,False,
tennis_data_uk,wta,2020,22,French Open,Paris,2020-10-04,grand_slam,True,clay,R16,16,3,Swiatek I.,Halep S.,53,2,1200.0,7255.0,2,0,6,1,6,2,,,,,,,completed,5.5,1.14,6.28,1.16,6.3,1.19,5.56,1.15,2020_22_paris_french_open,2020_22_paris_french_open_2020-10-04_R16_swiatek_i_halep_s,2020-520_2401,520,2020-520,Roland Garros,R16,216347,Iga Swiatek,201594,Simona Halep,tournament_round_name_pair,False,rank_mismatch
tennis_data_uk,wta,2020,22,French Open,Paris,2020-10-04,grand_slam,True,clay,R16,16,3,Trevisan M.,Bertens K.,159,8,429.0,4335.0,2,0,6,4,6,4,,,,,,,completed,3.75,1.28,3.51,1.35,3.75,1.36,3.44,1.32,2020_22_paris_french_open,2020_22_paris_french_open_2020-10-04_R16_trevisan_m_bertens_k,2020-520_2402,520,2020-520,Roland Garros,R16,203354,Martina Trevisan,202428,Kiki Bertens,tournament_rank_unique,False,
tennis_data_uk,wta,2020,22,French Open,Paris,2020-10-04,grand_slam,True,clay,R16,16,3,Podoroska N.,Krejcikova B.,131,117,545.0,618.0,2,1,2,6,6,2,6,3,,,,,completed,1.44,2.75,1.52,2.74,1.56,2.85,1.49,2.64,2020_22_paris_french_open,2020_22_paris_french_open_2020-10-04_R16_podoroska_n_krejcikova_b,2020-520_2404,520,2020-520,Roland Garros,R16,206408,Nadia Podoroska,206252,Barbora Krejcikova,tournament_round_name_pair,False,rank_mismatch
tennis_data_uk,wta,2020,22,French Open,Paris,2020-10-04,grand_slam,True,clay,R16,16,3,Svitolina E.,Garcia C.,5,45,4740.0,1325.0,2,0,6,1,6,3,,,,,,,completed,1.57,2.37,1.56,2.61,1.6,2.61,1.55,2.48,2020_22_paris_french_open,2020_22_paris_french_open_2020-10-04_R16_svitolina_e_garcia_c,2020-520_2403,520,2020-520,Roland Garros,R16,202494,Elina Svitolina,201614,Caroline Garcia,tournament_rank_unique,False,
tennis_data_uk,wta,2020,22,French Open,Paris,2020-10-05,grand_slam,True,clay,R16,16,3,Kvitova P.,Zhang S.,11,40,3736.0,1475.0,2,0,6,2,6,4,,,,,,,completed,1.28,3.75,1.24,4.57,1.33,4.57,1.26,3.96,2020_22_paris_french_open,2020_22_paris_french_open_2020-10-05_R16_kvitova_p_zhang_s,2020-520_2407,520,2020-520,Roland Garros,R16,201520,Petra Kvitova,201533,Shuai Zhang,tournament_round_name_pair,False,rank_mismatch
tennis_data_uk,wta,2020,22,French Open,Paris,2020-10-05,grand_slam,True,clay,R16,16,3,Siegemund L.,Badosa P.,66,87,971.0,798.0,2,0,7,5,6,2,,,,,,,completed,1.9,1.9,1.95,1.95,2.15,2.09,1.92,1.89,2020_22_paris_french_open,2020_22_paris_french_open_2020-10-05_R16_siegemund_l_badosa_p,2020-520_2408,520,2020-520,Roland Garros,R16,201696,Laura Siegemund,211651,Paula Badosa,tournament_rank_unique,False,
tennis_data_uk,wta,2020,22,French Open,Paris,2020-10-05,grand_slam,True,clay,R16,16,3,Kenin S.,Ferro F.,6,49,4700.0,1267.0,2,1,2,6,6,2,6,1,,,,,completed,1.66,2.2,1.92,1.99,1.95,2.5,1.82,2.02,2020_22_paris_french_open,2020_22_paris_french_open_2020-10-05_R16_kenin_s_ferro_f,2020-520_2406,520,2020-520,Roland Garros,R16,213550,Sofia Kenin,211539,Fiona Ferro,tournament_rank_unique,False,
tennis_data_uk,wta,2020,22,French Open,Paris,2020-10-06,grand_slam,True,clay,R16,16,3,Collins D.,Jabeur O.,57,35,1115.0,1573.0,2,1,6,4,4,6,6,4,,,,,completed,2.2,1.66,2.2,1.75,2.4,1.75,2.24,1.66,2020_22_paris_french_open,2020_22_paris_french_open_2020-10-06_R16_collins_d_jabeur_o,2020-520_2405,520,2020-520,Roland Garros,R16,203389,Danielle Collins,202460,Ons Jabeur,tournament_rank_unique,False,
tennis_data_uk,wta,2020,22,French Open,Paris,2020-10-06,grand_slam,True,clay,QF,8,3,Podoroska N.,Svitolina E.,131,5,545.0,4740.0,2,0,6,2,6,4,,,,,,,completed,3.75,1.28,3.92,1.3,3.95,1.33,3.7,1.28,2020_22_paris_french_open,2020_22_paris_french_open_2020-10-06_QF_podoroska_n_svitolina_e,2020-520_2502,520,2020-520,Roland Garros,QF,206408,Nadia Podoroska,202494,Elina Svitolina,tournament_rank_unique,False,
tennis_data_uk,wta,2020,22,French Open,Paris,2020-10-06,grand_slam,True,clay,QF,8,3,Swiatek I.,Trevisan M.,53,159,1200.0,429.0,2,0,6,3,6,1,,,,,,,completed,1.16,5.0,1.16,6.25,1.24,6.25,1.16,5.3,2020_22_paris_french_open,2020_22_paris_french_open_2020-10-06_QF_swiatek_i_trevisan_m,2020-520_2501,520,2020-520,Roland Garros,QF,216347,Iga Swiatek,203354,Martina Trevisan,tournament_round_name_pair,False,rank_mismatch
tennis_data_uk,wta,2020,22,French Open,Paris,2020-10-07,grand_slam,True,clay,QF,8,3,Kvitova P.,Siegemund L.,11,66,3736.0,971.0,2,0,6,3,6,3,,,,,,,completed,1.28,3.75,1.25,4.51,1.32,4.51,1.28,3.77,2020_22_paris_french_open,2020_22_paris_french_open_2020-10-07_QF_kvitova_p_siegemund_l,2020-520_2504,520,2020-520,Roland Garros,QF,201520,Petra Kvitova,201696,Laura Siegemund,tournament_rank_unique,False,
tennis_data_uk,wta,2020,22,French Open,Paris,2020-10-07,grand_slam,True,clay,QF,8,3,Kenin S.,Collins D.,6,57,4700.0,1115.0,2,1,6,4,4,6,6,0,,,,,completed,1.57,2.37,1.61,2.48,1.63,2.5,1.58,2.41,2020_22_paris_french_open,2020_22_paris_french_open_2020-10-07_QF_kenin_s_collins_d,2020-520_2503,520,2020-520,Roland Garros,QF,213550,Sofia Kenin,203389,Danielle Collins,tournament_rank_unique,False,
tennis_data_uk,wta,2020,22,French Open,Paris,2020-10-08,grand_slam,True,clay,SF,4,3,Swiatek I.,Podoroska N.,53,131,1200.0,545.0,2,0,6,2,6,1,,,,,,,completed,1.25,4.0,1.27,4.3,1.33,4.3,1.26,3.93,2020_22_paris_french_open,2020_22_paris_french_open_2020-10-08_SF_swiatek_i_podoroska_n,2020-520_2601,520,2020-520,Roland Garros,SF,216347,Iga Swiatek,206408,Nadia Podoroska,tournament_round_name_pair,False,rank_mismatch
tennis_data_uk,wta,2020,22,French Open,Paris,2020-10-08,grand_slam,True,clay,SF,4,3,Kenin S.,Kvitova P.,6,11,4700.0,3736.0,2,0,6,4,7,5,,,,,,,completed,2.75,1.44,2.86,1.49,2.93,1.53,2.7,1.48,2020_22_paris_french_open,2020_22_paris_french_open_2020-10-08_SF_kenin_s_kvitova_p,2020-520_2602,520,2020-520,Roland Garros,SF,213550,Sofia Kenin,201520,Petra Kvitova,tournament_rank_unique,False,
tennis_data_uk,wta,2020,22,French Open,Paris,2020-10-10,grand_slam,True,clay,F,2,3,Swiatek I.,Kenin S.,53,6,1200.0,4700.0,2,0,6,4,6,1,,,,,,,completed,1.5,2.62,1.5,2.83,1.63,2.83,1.54,2.52,2020_22_paris_french_open,2020_22_paris_french_open_2020-10-10_F_swiatek_i_kenin_s,2020-520_2701,520,2020-520,Roland Garros,F,216347,Iga Swiatek,213550,Sofia Kenin,tournament_round_name_pair,False,rank_mismatch
tennis_data_uk,wta,2020,23,Ostrava Open,Ostrava,2020-10-19,international,False,clay,R32,32,3,Kontaveit A.,Alexandrova E.,22,33,2330.0,1775.0,2,1,4,6,6,2,7,6,,,,,completed,1.61,2.2,1.72,2.23,1.73,2.31,1.68,2.18,2020_23_ostrava_ostrava_open,2020_23_ostrava_ostrava_open_2020-10-19_R32_kontaveit_a_alexandrova_e,2020-2025_277,2025,2020-2025,Ostrava,R32,204426,Anett Kontaveit,206420,Ekaterina Alexandrova,tournament_rank_unique,False,
tennis_data_uk,wta,2020,23,Ostrava Open,Ostrava,2020-10-19,international,False,clay,R32,32,3,Sorribes Tormo S.,Linette M.,73,40,945.0,1573.0,2,0,6,1,6,3,,,,,,,completed,2.25,1.57,2.31,1.68,2.35,1.69,2.25,1.63,2020_23_ostrava_ostrava_open,2020_23_ostrava_ostrava_open_2020-10-19_R32_sorribes_tormo_s_linette_m,2020-2025_276,2025,2020-2025,Ostrava,R32,204427,Sara Sorribes Tormo,202663,Magda Linette,tournament_rank_unique,False,
tennis_data_uk,wta,2020,23,Ostrava Open,Ostrava,2020-10-19,international,False,clay,R32,32,3,Sakkari M.,Pliskova Kr.,23,68,2300.0,1020.0,2,0,6,3,6,3,,,,,,,completed,1.5,2.5,1.48,2.85,1.54,2.88,1.49,2.61,2020_23_ostrava_ostrava_open,2020_23_ostrava_ostrava_open_2020-10-19_R32_sakkari_m_pliskova_kr,2020-2025_284,2025,2020-2025,Ostrava,R32,206289,Maria Sakkari,201697,Kristyna Pliskova,tournament_rank_unique,False,
tennis_data_uk,wta,2020,23,Ostrava Open,Ostrava,2020-10-19,international,False,clay,R32,32,3,Krejcikova B.,Martincova T.,85,121,868.0,620.0,2,0,7,5,6,1,,,,,,,completed,1.53,2.37,1.67,2.33,1.67,2.42,1.6,2.31,2020_23_ostrava_ostrava_open,2020_23_ostrava_ostrava_open_2020-10-19_R32_krejcikova_b_martincova_t,2020-2025_280,2025,2020-2025,Ostrava,R32,206252,Barbora Krejcikova,206124,Tereza Martincova,tournament_rank_unique,False,
tennis_data_uk,wta,2020,23,Ostrava Open,Ostrava,2020-10-20,international,False,clay,R32,32,3,Kudermetova V.,Vekic D.,47,31,1388.0,1880.0,2,0,6,2,6,4,,,,,,,completed,1.9,1.9,1.83,2.08,1.92,2.08,1.83,1.96,2020_23_ostrava_ostrava_open,2020_23_ostrava_ostrava_open_2020-10-20_R32_kudermetova_v_vekic_d,2020-2025_271,2025,2020-2025,Ostrava,R32,206368,Veronika Kudermetova,202499,Donna Vekic,tournament_rank_unique,False,
tennis_data_uk,wta,2020,23,Ostrava Open,Ostrava,2020-10-20,international,False,clay,R32,32,3,Kasatkina D.,Rybakina E.,75,19,935.0,2696.0,2,1,6,2,3,6,6,3,,,,,completed,2.75,1.4,2.86,1.47,3.04,1.52,2.72,1.45,2020_23_ostrava_ostrava_open,2020_23_ostrava_ostrava_open_2020-10-20_R32_kasatkina_d_rybakina_e,2020-2025_273,2025,2020-2025,Ostrava,R32,214082,Daria Kasatkina,214981,Elena Rybakina,tournament_rank_unique,False,
tennis_data_uk,wta,2020,23,Ostrava Open,Ostrava,2020-10-20,international,False,clay,R32,32,3,Brady J.,Yastremska D.,26,29,2165.0,1925.0,2,1,3,6,7,6,6,1,,,,,completed,1.57,2.25,1.6,2.47,1.64,2.5,1.58,2.36,2020_23_ostrava_ostrava_open,2020_23_ostrava_ostrava_open_2020-10-20_R32_brady_j_yastremska_d,2020-2025_272,2025,2020-2025,Ostrava,R32,206108,Jennifer Brady,215035,Dayana Yastremska,tournament_rank_unique,False,
tennis_data_uk,wta,2020,23,Ostrava Open,Ostrava,2020-10-20,international,False,clay,R32,32,3,Muchova K.,Zhang S.,28,35,1982.0,1693.0,2,0,6,1,6,1,,,,,,,completed,1.36,3.0,1.37,3.35,1.37,3.45,1.34,3.22,2020_23_ostrava_ostrava_open,2020_23_ostrava_ostrava_open_2020-10-20_R32_muchova_k_zhang_s,2020-2025_279,2025,2020-2025,Ostrava,R32,214096,Karolina Muchova,201533,Shuai Zhang,tournament_rank_unique,False,
tennis_data_uk,wta,2020,23,Ostrava Open,Ostrava,2020-10-20,international,False,clay,R32,32,3,Gauff C.,Siniakova K.,55,65,1284.0,1075.0,2,0,7,5,6,4,,,,,,,completed,1.28,3.5,1.31,3.77,1.43,3.77,1.3,3.46,2020_23_ostrava_ostrava_open,2020_23_ostrava_ostrava_open_2020-10-20_R32_gauff_c_siniakova_k,2020-2025_275,2025,2020-2025,Ostrava,R32,221103,Coco Gauff,211701,Katerina Siniakova,tournament_rank_unique,False,
tennis_data_uk,wta,2020,23,Ostrava Open,Ostrava,2020-10-20,international,False,clay,R32,32,3,Jabeur O.,Strycova B.,32,37,1803.0,1630.0,2,0,6,2,6,2,,,,,,,completed,1.5,2.5,1.53,2.67,1.56,2.73,1.51,2.55,2020_23_ostrava_ostrava_open,2020_23_ostrava_ostrava_open_2020-10-20_R32_jabeur_o_strycova_b,2020-2025_283,2025,2020-2025,Ostrava,R32,202460,Ons Jabeur,201366,Barbora Strycova,tournament_rank_unique,False,
tennis_data_uk,wta,2020,23,Ostrava Open,Ostrava,2020-10-21,international,False,clay,R32,32,3,Mertens E.,Anisimova A.,21,30,2490.0,1905.0,2,0,6,2,6,3,,,,,,,completed,1.83,1.83,1.45,2.93,1.83,2.93,1.47,2.7,2020_23_ostrava_ostrava_open,2020_23_ostrava_ostrava_open_2020-10-21_R32_mertens_e_anisimova_a,2020-2025_278,2025,2020-2025,Ostrava,R32,210722,Elise Mertens,216153,Amanda Anisimova,tournament_rank_unique,False,
tennis_data_uk,wta,2020,23,Ostrava Open,Ostrava,2020-10-21,international,False,clay,R32,32,3,Ostapenko J.,Martic P.,44,18,1485.0,2850.0,2,0,6,3,6,1,,,,,,,completed,1.83,1.83,2.15,1.78,2.2,1.85,2.08,1.74,2020_23_ostrava_ostrava_open,2020_23_ostrava_ostrava_open_2020-10-21_R32_ostapenko_j_martic_p,2020-2025_282,2025,2020-2025,Ostrava,R32,211533,Jelena Ostapenko,201549,Petra Martic,tournament_rank_unique,False,
tennis_data_uk,wta,2020,23,Ostrava Open,Ostrava,2020-10-21,international,False,clay,R16,16,3,Azarenka V.,Krejcikova B.,14,85,3122.0,868.0,2,1,2,6,6,2,6,1,,,,,completed,1.28,3.5,1.33,3.69,1.37,3.75,1.3,3.49,2020_23_ostrava_ostrava_open,2020_23_ostrava_ostrava_open_2020-10-21_R16_azarenka_v_krejcikova_b,2020-2025_291,2025,2020-2025,Ostrava,R16,201458,Victoria Azarenka,206252,Barbora Krejcikova,tournament_rank_unique,False,
tennis_data_uk,wta,2020,23,Ostrava Open,Ostrava,2020-10-21,international,False,clay,R16,16,3,Sakkari M.,Svitolina E.,23,5,2300.0,5260.0,2,0,6,3,6,3,,,,,,,completed,2.2,1.61,2.18,1.76,2.35,1.82,2.1,1.73,2020_23_ostrava_ostrava_open,2020_23_ostrava_ostrava_open_2020-10-21_R16_sakkari_m_svitolina_e,2020-2025_293,2025,2020-2025,Ostrava,R16,206289,Maria Sakkari,202494,Elina Svitolina,tournament_rank_unique,False,
tennis_data_uk,wta,2020,23,Ostrava Open,Ostrava,2020-10-21,international,False,clay,R16,16,3,Sorribes Tormo S.,Kontaveit A.,73,22,945.0,2330.0,2,0,6,1,6,4,,,,,,,completed,3.5,1.28,4.37,1.26,4.37,1.31,3.82,1.26,2020_23_ostrava_ostrava_open,2020_23_ostrava_ostrava_open_2020-10-21_R16_sorribes_tormo_s_kontaveit_a,2020-2025_289,2025,2020-2025,Ostrava,R16,204427,Sara Sorribes Tormo,204426,Anett Kontaveit,tournament_rank_unique,False,
tennis_data_uk,wta,2020,23,Ostrava Open,Ostrava,2020-10-22,international,False,clay,R16,16,3,Jabeur O.,Ostapenko J.,32,44,1803.0,1485.0,2,0,6,4,6,4,,,,,,,completed,1.75,2.0,1.73,2.24,1.81,2.3,1.73,2.09,2020_23_ostrava_ostrava_open,2020_23_ostrava_ostrava_open_2020-10-22_R16_jabeur_o_ostapenko_j,2020-2025_292,2025,2020-2025,Ostrava,R16,202460,Ons Jabeur,211533,Jelena Ostapenko,tournament_rank_unique,False,
tennis_data_uk,wta,2020,23,Ostrava Open,Ostrava,2020-10-22,international,False,clay,R16,16,3,Sabalenka A.,Gauff C.,12,55,3675.0,1284.0,2,1,1,6,7,5,7,6,,,,,completed,1.8,1.95,1.93,1.98,1.93,2.1,1.8,1.99,2020_23_ostrava_ostrava_open,2020_23_ostrava_ostrava_open_2020-10-22_R16_sabalenka_a_gauff_c,2020-2025_288,2025,2020-2025,Ostrava,R16,214544,Aryna Sabalenka,221103,Coco Gauff,tournament_rank_unique,False,
tennis_data_uk,wta,2020,23,Ostrava Open,Ostrava,2020-10-22,international,False,clay,R16,16,3,Mertens E.,Muchova K.,21,28,2490.0,1982.0,2,0,6,4,6,2,,,,,,,completed,1.53,2.37,1.72,2.26,1.72,2.4,1.64,2.24,2020_23_ostrava_ostrava_open,2020_23_ostrava_ostrava_open_2020-10-22_R16_mertens_e_muchova_k,2020-2025_290,2025,2020-2025,Ostrava,R16,210722,Elise Mertens,214096,Karolina Muchova,tournament_rank_unique,False,
tennis_data_uk,wta,2020,23,Ostrava Open,Ostrava,2020-10-22,international,False,clay,R16,16,3,Kudermetova V.,Pliskova Ka.,47,6,1388.0,5205.0,2,1,4,6,6,4,6,3,,,,,completed,2.5,1.5,2.66,1.54,2.72,1.59,2.51,1.53,2020_23_ostrava_ostrava_open,2020_23_ostrava_ostrava_open_2020-10-22_R16_kudermetova_v_pliskova_ka,2020-2025_286,2025,2020-2025,Ostrava,R16,206368,Veronika Kudermetova,201662,Karolina Pliskova,tournament_rank_unique,False,
tennis_data_uk,wta,2020,23,Ostrava Open,Ostrava,2020-10-22,international,False,clay,R16,16,3,Brady J.,Kasatkina D.,26,75,2165.0,935.0,2,0,7,5,6,2,,,,,,,completed,1.44,2.62,1.48,2.86,1.53,2.9,1.45,2.75,2020_23_ostrava_ostrava_open,2020_23_ostrava_ostrava_open_2020-10-22_R16_brady_j_kasatkina_d,2020-2025_287,2025,2020-2025,Ostrava,R16,206108,Jennifer Brady,214082,Daria Kasatkina,tournament_rank_unique,False,
tennis_data_uk,wta,2020,23,Ostrava Open,Ostrava,2020-10-23,international,False,clay,QF,8,3,Sakkari M.,Jabeur O.,23,32,2300.0,1803.0,2,1,3,6,6,3,6,1,,,,,completed,1.95,1.8,1.88,2.02,2.04,2.03,1.94,1.87,2020_23_ostrava_ostrava_open,2020_23_ostrava_ostrava_open_2020-10-23_QF_sakkari_m_jabeur_o,2020-2025_297,2025,2020-2025,Ostrava,QF,206289,Maria Sakkari,202460,Ons Jabeur,tournament_rank_unique,False,
tennis_data_uk,wta,2020,23,Ostrava Open,Ostrava,2020-10-23,international,False,clay,QF,8,3,Azarenka V.,Mertens E.,14,21,3122.0,2490.0,2,0,6,4,6,1,,,,,,,completed,1.66,2.1,1.72,2.25,1.77,2.28,1.69,2.17,2020_23_ostrava_ostrava_open,2020_23_ostrava_ostrava_open_2020-10-23_QF_azarenka_v_mertens_e,2020-2025_296,2025,2020-2025,Ostrava,QF,201458,Victoria Azarenka,210722,Elise Mertens,tournament_rank_unique,False,
tennis_data_uk,wta,2020,23,Ostrava Open,Ostrava,2020-10-23,international,False,clay,QF,8,3,Brady J.,Kudermetova V.,26,47,2165.0,1388.0,2,1,6,7,6,3,6,1,,,,,completed,1.44,2.62,1.51,2.75,1.55,2.9,1.49,2.62,2020_23_ostrava_ostrava_open,2020_23_ostrava_ostrava_open_2020-10-23_QF_brady_j_kudermetova_v,2020-2025_294,2025,2020-2025,Ostrava,QF,206108,Jennifer Brady,206368,Veronika Kudermetova,tournament_rank_unique,False,
tennis_data_uk,wta,2020,23,Ostrava Open,Ostrava,2020-10-23,international,False,clay,QF,8,3,Sabalenka A.,Sorribes Tormo S.,12,73,3675.0,945.0,2,1,0,6,6,4,6,0,,,,,completed,1.33,3.25,1.38,3.32,1.44,3.55,1.34,3.24,2020_23_ostrava_ostrava_open,2020_23_ostrava_ostrava_open_2020-10-23_QF_sabalenka_a_sorribes_tormo_s,2020-2025_295,2025,2020-2025,Ostrava,QF,214544,Aryna Sabalenka,204427,Sara Sorribes Tormo,tournament_rank_unique,False,
tennis_data_uk,wta,2020,23,Ostrava Open,Ostrava,2020-10-24,international,False,clay,SF,4,3,Azarenka V.,Sakkari M.,14,23,3122.0,2300.0,2,0,6,1,6,3,,,,,,,completed,1.44,2.75,1.59,2.53,1.65,2.81,1.51,2.58,2020_23_ostrava_ostrava_open,2020_23_ostrava_ostrava_open_2020-10-24_SF_azarenka_v_sakkari_m,2020-2025_299,2025,2020-2025,Ostrava,SF,201458,Victoria Azarenka,206289,Maria Sakkari,tournament_rank_unique,False,
tennis_data_uk,wta,2020,23,Ostrava Open,Ostrava,2020-10-24,international,False,clay,SF,4,3,Sabalenka A.,Brady J.,12,26,3675.0,2165.0,2,0,6,4,6,4,,,,,,,completed,2.5,1.53,2.54,1.58,2.56,1.71,2.4,1.58,2020_23_ostrava_ostrava_open,2020_23_ostrava_ostrava_open_2020-10-24_SF_sabalenka_a_brady_j,2020-2025_298,2025,2020-2025,Ostrava,SF,214544,Aryna Sabalenka,206108,Jennifer Brady,tournament_rank_unique,False,
tennis_data_uk,wta,2020,23,Ostrava Open,Ostrava,2020-10-25,international,False,clay,F,2,3,Sabalenka A.,Azarenka V.,12,14,3675.0,3122.0,2,0,6,2,6,2,,,,,,,completed,2.37,1.53,2.8,1.5,2.88,1.56,2.63,1.49,2020_23_ostrava_ostrava_open,2020_23_ostrava_ostrava_open_2020-10-25_F_sabalenka_a_azarenka_v,2020-2025_300,2025,2020-2025,Ostrava,F,214544,Aryna Sabalenka,201458,Victoria Azarenka,tournament_rank_unique,False,
