year,tour,source_match_key,canonical_match_key,official_tournament_id,winner_id,loser_id,match_method,review_flag,data_quality_flag,source_candidate_count,canonical_candidate_count,round_agrees,winner_rank_points_diff,loser_rank_points_diff
2015,wta,2015_1_auckland_asb_classic_2015-01-04_R32_davis_l_rogers_s,2015-W-INT-NZL-01A-2015_14,1049,201616,201603,tournament_rank_unique,False,,1,1,True,0,0.0
2015,wta,2015_1_auckland_asb_classic_2015-01-04_R32_townsend_t_wickmayer_y,2015-W-INT-NZL-01A-2015_2,1049,203501,201518,tournament_rank_unique,False,,1,1,True,0,0.0
2015,wta,2015_1_auckland_asb_classic_2015-01-05_R32_nara_k_bertens_k,2015-W-INT-NZL-01A-2015_11,1049,201597,202428,tournament_rank_unique,False,,1,1,True,0,0.0
2015,wta,2015_1_auckland_asb_classic_2015-01-05_R32_stephens_s_soler_espinosa_s,2015-W-INT-NZL-01A-2015_13,1049,201585,201562,tournament_rank_unique,False,,1,1,True,0,0.0
2015,wta,2015_1_auckland_asb_classic_2015-01-05_R32_hantuchova_d_errani_s,2015-W-INT-NZL-01A-2015_16,1049,201290,201506,tournament_rank_unique,False,,1,1,True,0,0.0
2015,wta,2015_1_auckland_asb_classic_2015-01-05_R32_zahlavova_strycova_b_scheepers_c,2015-W-INT-NZL-01A-2015_5,1049,201366,201541,tournament_rank_unique,False,,1,1,True,0,0.0
2015,wta,2015_1_auckland_asb_classic_2015-01-05_R32_konjuh_a_barthel_m,2015-W-INT-NZL-01A-2015_9,1049,211951,201621,tournament_rank_unique,False,,1,1,True,0,0.0
2015,wta,2015_1_auckland_asb_classic_2015-01-05_R32_goerges_j_tatishvili_a,2015-W-INT-NZL-01A-2015_3,1049,201504,201588,tournament_rank_unique,False,,1,1,True,0,0.0
2015,wta,2015_1_auckland_asb_classic_2015-01-05_R32_vandeweghe_c_vinci_r,2015-W-INT-NZL-01A-2015_8,1049,201535,201311,tournament_rank_unique,False,,1,1,True,0,0.0
2015,wta,2015_1_auckland_asb_classic_2015-01-05_R32_radwanska_u_schiavone_f,2015-W-INT-NZL-01A-2015_15,1049,201524,201212,tournament_rank_unique,False,,1,1,True,0,0.0
2015,wta,2015_1_auckland_asb_classic_2015-01-06_R32_hradecka_l_kuznetsova_s,2015-W-INT-NZL-01A-2015_4,1049,201556,201320,tournament_rank_unique,False,,1,1,True,0,0.0
2015,wta,2015_1_auckland_asb_classic_2015-01-06_R32_vesnina_e_mladenovic_k,2015-W-INT-NZL-01A-2015_10,1049,201455,201540,tournament_rank_unique,False,,1,1,True,0,0.0
2015,wta,2015_1_auckland_asb_classic_2015-01-06_R32_flipkens_k_larsson_j,2015-W-INT-NZL-01A-2015_7,1049,201465,201596,tournament_rank_unique,False,,1,1,True,0,0.0
2015,wta,2015_1_auckland_asb_classic_2015-01-06_R32_williams_v_cepelova_j,2015-W-INT-NZL-01A-2015_12,1049,200748,202450,tournament_rank_unique,False,,1,1,True,0,0.0
2015,wta,2015_1_auckland_asb_classic_2015-01-06_R32_wozniacki_c_glushko_j,2015-W-INT-NZL-01A-2015_1,1049,201496,202498,tournament_rank_unique,False,,1,1,True,0,0.0
2015,wta,2015_1_auckland_asb_classic_2015-01-06_R32_erakovic_m_puig_m,2015-W-INT-NZL-01A-2015_6,1049,201523,201620,tournament_rank_unique,False,,1,1,True,0,0.0
2015,wta,2015_1_auckland_asb_classic_2015-01-06_R16_vandeweghe_c_flipkens_k,2015-W-INT-NZL-01A-2015_20,1049,201535,201465,tournament_rank_unique,False,,1,1,True,0,0.0
2015,wta,2015_1_auckland_asb_classic_2015-01-06_R16_vesnina_e_konjuh_a,2015-W-INT-NZL-01A-2015_21,1049,201455,211951,tournament_rank_unique,False,,1,1,True,0,0.0
2015,wta,2015_1_auckland_asb_classic_2015-01-07_R16_williams_v_nara_k,2015-W-INT-NZL-01A-2015_22,1049,200748,201597,tournament_rank_unique,False,,1,1,True,0,0.0
2015,wta,2015_1_auckland_asb_classic_2015-01-07_R16_goerges_j_hradecka_l,2015-W-INT-NZL-01A-2015_18,1049,201504,201556,tournament_rank_unique,False,,1,1,True,0,0.0
2015,wta,2015_1_auckland_asb_classic_2015-01-07_R16_radwanska_u_hantuchova_d,2015-W-INT-NZL-01A-2015_24,1049,201524,201290,tournament_rank_unique,False,,1,1,True,0,0.0
2015,wta,2015_1_auckland_asb_classic_2015-01-07_R16_zahlavova_strycova_b_erakovic_m,2015-W-INT-NZL-01A-2015_19,1049,201366,201523,tournament_rank_unique,False,,1,1,True,0,0.0
2015,wta,2015_1_auckland_asb_classic_2015-01-07_R16_wozniacki_c_townsend_t,2015-W-INT-NZL-01A-2015_17,1049,201496,203501,tournament_rank_unique,False,,1,1,True,0,0.0
2015,wta,2015_1_auckland_asb_classic_2015-01-07_R16_davis_l_stephens_s,2015-W-INT-NZL-01A-2015_23,1049,201616,201585,tournament_rank_unique,False,,1,1,True,0,0.0
2015,wta,2015_1_auckland_asb_classic_2015-01-07_QF_zahlavova_strycova_b_vandeweghe_c,2015-W-INT-NZL-01A-2015_26,1049,201366,201535,tournament_rank_unique,False,,1,1,True,0,0.0
2015,wta,2015_1_auckland_asb_classic_2015-01-08_QF_wozniacki_c_goerges_j,2015-W-INT-NZL-01A-2015_25,1049,201496,201504,tournament_rank_unique,False,,1,1,True,0,0.0
2015,wta,2015_1_auckland_asb_classic_2015-01-08_QF_williams_v_vesnina_e,2015-W-INT-NZL-01A-2015_27,1049,200748,201455,tournament_rank_unique,False,,1,1,True,0,0.0
2015,wta,2015_1_auckland_asb_classic_2015-01-08_QF_davis_l_radwanska_u,2015-W-INT-NZL-01A-2015_28,1049,201616,201524,tournament_rank_unique,False,,1,1,True,0,0.0
2015,wta,2015_1_auckland_asb_classic_2015-01-09_SF_wozniacki_c_zahlavova_strycova_b,2015-W-INT-NZL-01A-2015_29,1049,201496,201366,tournament_rank_unique,False,,1,1,True,0,0.0
2015,wta,2015_1_auckland_asb_classic_2015-01-09_SF_williams_v_davis_l,2015-W-INT-NZL-01A-2015_30,1049,200748,201616,tournament_rank_unique,False,,1,1,True,0,0.0
2015,wta,2015_1_auckland_asb_classic_2015-01-10_F_williams_v_wozniacki_c,2015-W-INT-NZL-01A-2015_31,1049,200748,201496,tournament_rank_unique,False,,1,1,True,0,0.0
2015,wta,2015_2_brisbane_brisbane_international_2015-01-04_R32_tomljanovic_a_jankovic_j,2015-W-PR-AUS-01A-2015_7,800,201548,201347,tournament_rank_unique,False,,1,1,True,0,0.0
2015,wta,2015_2_brisbane_brisbane_international_2015-01-04_R32_svitolina_e_rybarikova_m,2015-W-PR-AUS-01A-2015_6,800,202494,201517,tournament_rank_unique,False,,1,1,True,0,0.0
2015,wta,2015_2_brisbane_brisbane_international_2015-01-04_R32_kanepi_k_petkovic_a,2015-W-PR-AUS-01A-2015_12,800,201466,201492,tournament_rank_unique,False,,1,1,True,0,0.0
2015,wta,2015_2_brisbane_brisbane_international_2015-01-04_R32_suarez_navarro_c_pironkova_t,2015-W-PR-AUS-01A-2015_3,800,201521,201450,tournament_rank_unique,False,,1,1,True,0,0.0
2015,wta,2015_2_brisbane_brisbane_international_2015-01-04_R32_lepchenko_v_stosur_s,2015-W-PR-AUS-01A-2015_10,800,201478,201325,tournament_rank_unique,False,,1,1,True,0,0.0
2015,wta,2015_2_brisbane_brisbane_international_2015-01-05_R32_keys_m_cibulkova_d,2015-W-PR-AUS-01A-2015_11,800,201619,201495,tournament_rank_unique,False,,1,1,True,0,0.0
2015,wta,2015_2_brisbane_brisbane_international_2015-01-05_R32_gajdosova_j_zhang_s,2015-W-PR-AUS-01A-2015_14,800,201457,201533,tournament_rank_unique,False,,1,1,True,0,0.0
2015,wta,2015_2_brisbane_brisbane_international_2015-01-05_R32_gavrilova_d_riske_a,2015-W-PR-AUS-01A-2015_5,800,201611,201590,tournament_rank_unique,False,,1,1,True,0,0.0
2015,wta,2015_2_brisbane_brisbane_international_2015-01-05_R32_shvedova_y_lisicki_s,2015-W-PR-AUS-01A-2015_1,800,201468,201513,tournament_rank_unique,False,,1,1,True,0,0.0
2015,wta,2015_2_brisbane_brisbane_international_2015-01-05_R32_kudryavtseva_a_mattek_sands_b,2015-W-PR-AUS-01A-2015_8,800,201485,201318,tournament_rank_unique,False,,1,1,True,0,0.0
2015,wta,2015_2_brisbane_brisbane_international_2015-01-05_R32_kerber_a_garcia_c,2015-W-PR-AUS-01A-2015_4,800,201493,201614,tournament_rank_unique,False,,1,1,True,0,0.0
2015,wta,2015_2_brisbane_brisbane_international_2015-01-05_R32_lucic_m_mchale_c,2015-W-PR-AUS-01A-2015_2,800,200002,201539,tournament_rank_unique,False,,1,1,True,0,0.0
2015,wta,2015_2_brisbane_brisbane_international_2015-01-05_R32_brengle_m_tsurenko_l,2015-W-PR-AUS-01A-2015_13,800,201483,201615,tournament_rank_unique,False,,1,1,True,0,0.0
2015,wta,2015_2_brisbane_brisbane_international_2015-01-05_R32_pliskova_ka_azarenka_v,2015-W-PR-AUS-01A-2015_9,800,201662,201458,tournament_rank_unique,False,,1,1,True,0,0.0
2015,wta,2015_2_brisbane_brisbane_international_2015-01-06_R16_kerber_a_gavrilova_d,2015-W-PR-AUS-01A-2015_17,800,201493,201611,tournament_rank_unique,False,,1,1,True,0,0.0
2015,wta,2015_2_brisbane_brisbane_international_2015-01-06_R16_lepchenko_v_keys_m,2015-W-PR-AUS-01A-2015_20,800,201478,201619,tournament_rank_unique,False,,1,1,True,0,0.0
2015,wta,2015_2_brisbane_brisbane_international_2015-01-06_R16_svitolina_e_tomljanovic_a,2015-W-PR-AUS-01A-2015_18,800,202494,201548,tournament_rank_unique,False,,1,1,True,0,0.0
2015,wta,2015_2_brisbane_brisbane_international_2015-01-06_R16_sharapova_m_shvedova_y,2015-W-PR-AUS-01A-2015_15,800,201345,201468,tournament_rank_unique,False,,1,1,True,0,0.0
2015,wta,2015_2_brisbane_brisbane_international_2015-01-07_R16_kudryavtseva_a_pliskova_ka,2015-W-PR-AUS-01A-2015_19,800,201485,201662,tournament_rank_unique,False,,1,1,True,0,0.0
2015,wta,2015_2_brisbane_brisbane_international_2015-01-07_R16_suarez_navarro_c_lucic_m,2015-W-PR-AUS-01A-2015_16,800,201521,200002,tournament_rank_unique,False,,1,1,True,0,0.0
2015,wta,2015_2_brisbane_brisbane_international_2015-01-07_R16_kanepi_k_brengle_m,2015-W-PR-AUS-01A-2015_21,800,201466,201483,tournament_rank_unique,False,,1,1,True,0,0.0
2015,wta,2015_2_brisbane_brisbane_international_2015-01-07_R16_ivanovic_a_gajdosova_j,2015-W-PR-AUS-01A-2015_22,800,201421,201457,tournament_rank_unique,False,,1,1,True,0,0.0
2015,wta,2015_2_brisbane_brisbane_international_2015-01-08_QF_svitolina_e_kerber_a,2015-W-PR-AUS-01A-2015_24,800,202494,201493,tournament_rank_unique,False,,1,1,True,0,0.0
2015,wta,2015_2_brisbane_brisbane_international_2015-01-08_QF_sharapova_m_suarez_navarro_c,2015-W-PR-AUS-01A-2015_23,800,201345,201521,tournament_rank_unique,False,,1,1,True,0,0.0
2015,wta,2015_2_brisbane_brisbane_international_2015-01-08_QF_lepchenko_v_kudryavtseva_a,2015-W-PR-AUS-01A-2015_25,800,201478,201485,tournament_rank_unique,False,,1,1,True,0,0.0
2015,wta,2015_2_brisbane_brisbane_international_2015-01-08_QF_ivanovic_a_kanepi_k,2015-W-PR-AUS-01A-2015_26,800,201421,201466,tournament_rank_unique,False,,1,1,True,0,0.0
2015,wta,2015_2_brisbane_brisbane_international_2015-01-09_SF_ivanovic_a_lepchenko_v,2015-W-PR-AUS-01A-2015_28,800,201421,201478,tournament_rank_unique,False,,1,1,True,0,0.0
2015,wta,2015_2_brisbane_brisbane_international_2015-01-09_SF_sharapova_m_svitolina_e,2015-W-PR-AUS-01A-2015_27,800,201345,202494,tournament_rank_unique,False,,1,1,True,0,0.0
2015,wta,2015_2_brisbane_brisbane_international_2015-01-10_F_sharapova_m_ivanovic_a,2015-W-PR-AUS-01A-2015_29,800,201345,201421,tournament_rank_unique,False,,1,1,True,0,0.0
2015,wta,2015_3_shenzhen_shenzhen_open_2015-01-04_R32_vikhlyantseva_n_friedsam_a_l,2015-W-INT-CHN-01A-2015_2,1063,212001,204431,tournament_rank_unique,False,,1,1,True,0,0.0
2015,wta,2015_3_shenzhen_shenzhen_open_2015-01-04_R32_zheng_s_dulgheru_a,2015-W-INT-CHN-01A-2015_7,1063,202453,201567,tournament_rank_unique,False,,1,1,True,0,0.0
2015,wta,2015_3_shenzhen_shenzhen_open_2015-01-04_R32_bacsinszky_t_voegele_s,2015-W-INT-CHN-01A-2015_9,1063,201490,201527,tournament_rank_unique,False,,1,1,True,0,0.0
2015,wta,2015_3_shenzhen_shenzhen_open_2015-01-04_R32_babos_t_wang_q,2015-W-INT-CHN-01A-2015_6,1063,201693,202492,tournament_rank_unique,False,,1,1,True,0,0.0
2015,wta,2015_3_shenzhen_shenzhen_open_2015-01-04_R32_diyas_z_vekic_d,2015-W-INT-CHN-01A-2015_5,1063,201610,202499,tournament_rank_unique,False,,1,1,True,0,0.0
2015,wta,2015_3_shenzhen_shenzhen_open_2015-01-04_R32_schmiedlova_a_koukalova_k,2015-W-INT-CHN-01A-2015_4,1063,203533,201344,tournament_rank_unique,False,,1,1,True,0,0.0
2015,wta,2015_3_shenzhen_shenzhen_open_2015-01-05_R32_knapp_k_parmentier_p,2015-W-INT-CHN-01A-2015_10,1063,201498,201426,tournament_rank_unique,False,,1,1,True,0,0.0
2015,wta,2015_3_shenzhen_shenzhen_open_2015-01-05_R32_zvonareva_v_peng_s,2015-W-INT-CHN-01A-2015_12,1063,201329,201397,tournament_rank_unique,False,,1,1,True,0,0.0
2015,wta,2015_3_shenzhen_shenzhen_open_2015-01-05_R32_hercog_p_niculescu_m,2015-W-INT-CHN-01A-2015_8,1063,201555,201512,tournament_rank_unique,False,,1,1,True,0,0.0
2015,wta,2015_3_shenzhen_shenzhen_open_2015-01-05_R32_smitkova_t_govortsova_o,2015-W-INT-CHN-01A-2015_14,1063,202702,201501,tournament_rank_unique,False,,1,1,True,0,0.0
2015,wta,2015_3_shenzhen_shenzhen_open_2015-01-05_R32_krunic_a_zhu_l,2015-W-INT-CHN-01A-2015_3,1063,202434,202684,tournament_rank_unique,False,,1,1,True,0,0.0
2015,wta,2015_3_shenzhen_shenzhen_open_2015-01-05_R32_halep_s_beck_a,2015-W-INT-CHN-01A-2015_1,1063,201594,202470,tournament_rank_unique,False,,1,1,True,0,0.0
2015,wta,2015_3_shenzhen_shenzhen_open_2015-01-05_R32_jovanovski_b_torro_flor_m_t,2015-W-INT-CHN-01A-2015_15,1063,201587,201640,tournament_rank_unique,False,,1,1,True,0,0.0
2015,wta,2015_3_shenzhen_shenzhen_open_2015-01-05_R32_buyukakcay_c_arruabarrena_l,2015-W-INT-CHN-01A-2015_11,1063,201666,202418,tournament_rank_unique,False,,1,1,True,0,0.0
2015,wta,2015_3_shenzhen_shenzhen_open_2015-01-05_R32_kvitova_p_duan_y_y,2015-W-INT-CHN-01A-2015_16,1063,201520,202504,tournament_rank_unique,False,,1,1,True,0,0.0
2015,wta,2015_3_shenzhen_shenzhen_open_2015-01-05_R32_siniakova_k_begu_i,2015-W-INT-CHN-01A-2015_13,1063,211701,201593,tournament_rank_unique,False,,1,1,True,0,0.0
2015,wta,2015_3_shenzhen_shenzhen_open_2015-01-06_R16_zheng_s_hercog_p,2015-W-INT-CHN-01A-2015_20,1063,202453,201555,tournament_rank_unique,False,,1,1,True,0,0.0
2015,wta,2015_3_shenzhen_shenzhen_open_2015-01-06_R16_diyas_z_babos_t,2015-W-INT-CHN-01A-2015_19,1063,201610,201693,tournament_rank_unique,False,,1,1,True,0,0.0
2015,wta,2015_3_shenzhen_shenzhen_open_2015-01-06_R16_kvitova_p_jovanovski_b,2015-W-INT-CHN-01A-2015_24,1063,201520,201587,tournament_rank_unique,False,,1,1,True,0,0.0
2015,wta,2015_3_shenzhen_shenzhen_open_2015-01-07_R16_zvonareva_v_buyukakcay_c,2015-W-INT-CHN-01A-2015_22,1063,201329,201666,tournament_rank_unique,False,,1,1,True,0,0.0
2015,wta,2015_3_shenzhen_shenzhen_open_2015-01-07_R16_bacsinszky_t_knapp_k,2015-W-INT-CHN-01A-2015_21,1063,201490,201498,tournament_rank_unique,False,,1,1,True,0,0.0
2015,wta,2015_3_shenzhen_shenzhen_open_2015-01-07_R16_krunic_a_schmiedlova_a,2015-W-INT-CHN-01A-2015_18,1063,202434,203533,tournament_rank_unique,False,,1,1,True,0,0.0
2015,wta,2015_3_shenzhen_shenzhen_open_2015-01-07_R16_halep_s_vikhlyantseva_n,2015-W-INT-CHN-01A-2015_17,1063,201594,212001,tournament_rank_unique,False,,1,1,True,0,0.0
2015,wta,2015_3_shenzhen_shenzhen_open_2015-01-07_R16_smitkova_t_siniakova_k,2015-W-INT-CHN-01A-2015_23,1063,202702,211701,tournament_rank_unique,False,,1,1,True,0,0.0
2015,wta,2015_3_shenzhen_shenzhen_open_2015-01-08_QF_zheng_s_diyas_z,2015-W-INT-CHN-01A-2015_26,1063,202453,201610,tournament_rank_unique,False,,1,1,True,0,0.0
2015,wta,2015_3_shenzhen_shenzhen_open_2015-01-08_QF_bacsinszky_t_zvonareva_v,2015-W-INT-CHN-01A-2015_27,1063,201490,201329,tournament_rank_unique,False,,1,1,True,0,0.0
2015,wta,2015_3_shenzhen_shenzhen_open_2015-01-08_QF_halep_s_krunic_a,2015-W-INT-CHN-01A-2015_25,1063,201594,202434,tournament_rank_unique,False,,1,1,True,0,0.0
2015,wta,2015_3_shenzhen_shenzhen_open_2015-01-08_QF_kvitova_p_smitkova_t,2015-W-INT-CHN-01A-2015_28,1063,201520,202702,tournament_rank_unique,False,,1,1,True,0,0.0
2015,wta,2015_3_shenzhen_shenzhen_open_2015-01-09_SF_halep_s_zheng_s,2015-W-INT-CHN-01A-2015_29,1063,201594,202453,tournament_rank_unique,False,,1,1,True,0,0.0
2015,wta,2015_3_shenzhen_shenzhen_open_2015-01-09_SF_bacsinszky_t_kvitova_p,2015-W-INT-CHN-01A-2015_30,1063,201490,201520,tournament_rank_unique,False,,1,1,True,0,0.0
2015,wta,2015_3_shenzhen_shenzhen_open_2015-01-10_F_halep_s_bacsinszky_t,2015-W-INT-CHN-01A-2015_31,1063,201594,201490,tournament_rank_unique,False,,1,1,True,0,0.0
2015,wta,2015_5_sydney_apai_international_2015-01-13_R16_suarez_navarro_c_makarova_e,2015-W-PR-AUS-02A-2015_16,702,201521,201505,tournament_rank_unique,False,,1,1,True,0,0.0
2015,wta,2015_5_sydney_apai_international_2015-01-13_R16_kvitova_p_peng_s,2015-W-PR-AUS-02A-2015_29,702,201520,201662,tournament_rank_unique,False,,1,1,False,75,25.0
2015,wta,2015_6_melbourne_australian_open_2015-01-19_R128_goerges_j_bencic_b,2015-W-SL-AUS-01A-2015_36,901,201504,202505,tournament_rank_unique,False,,1,1,True,0,0.0
2015,wta,2015_6_melbourne_australian_open_2015-01-19_R128_halep_s_knapp_k,2015-W-SL-AUS-01A-2015_48,901,201594,201498,tournament_rank_unique,False,,1,1,True,0,0.0
2015,wta,2015_6_melbourne_australian_open_2015-01-19_R128_peng_s_maria_t,2015-W-SL-AUS-01A-2015_60,901,201397,213583,tournament_rank_unique,False,,1,1,True,0,0.0
2015,wta,2015_6_melbourne_australian_open_2015-01-19_R128_koukalova_k_sanders_s,2015-W-SL-AUS-01A-2015_35,901,201344,204411,tournament_rank_unique,False,,1,1,True,0,0.0
2015,wta,2015_6_melbourne_australian_open_2015-01-19_R128_rybarikova_m_konjuh_a,2015-W-SL-AUS-01A-2015_59,901,201517,211951,tournament_rank_unique,False,,1,1,True,0,0.0
2015,wta,2015_6_melbourne_australian_open_2015-01-19_R128_gajdosova_j_dulgheru_a,2015-W-SL-AUS-01A-2015_47,901,201457,201567,tournament_rank_unique,False,,1,1,True,0,0.0
2015,wta,2015_6_melbourne_australian_open_2015-01-19_R128_arruabarrena_l_voracova_r,2015-W-SL-AUS-01A-2015_43,901,202418,201339,tournament_rank_unique,False,,1,1,True,0,0.0
2015,wta,2015_6_melbourne_australian_open_2015-01-19_R128_garcia_c_kuznetsova_s,2015-W-SL-AUS-01A-2015_52,901,201614,201320,tournament_rank_unique,False,,1,1,True,0,0.0
2015,wta,2015_6_melbourne_australian_open_2015-01-19_R128_mladenovic_k_lisicki_s,2015-W-SL-AUS-01A-2015_45,901,201540,201513,tournament_rank_unique,False,,1,1,True,0,0.0
2015,wta,2015_6_melbourne_australian_open_2015-01-19_R128_schmiedlova_a_scheepers_c,2015-W-SL-AUS-01A-2015_62,901,203533,201541,tournament_rank_unique,False,,1,1,True,0,0.0
2015,wta,2015_6_melbourne_australian_open_2015-01-19_R128_hradecka_l_ivanovic_a,2015-W-SL-AUS-01A-2015_33,901,201556,201421,tournament_rank_unique,False,,1,1,True,0,0.0
2015,wta,2015_6_melbourne_australian_open_2015-01-19_R128_hercog_p_wang_q,2015-W-SL-AUS-01A-2015_34,901,201555,202492,tournament_rank_unique,False,,1,1,True,0,0.0
2015,wta,2015_6_melbourne_australian_open_2015-01-19_R128_pliskova_ka_rodina_e,2015-W-SL-AUS-01A-2015_37,901,201662,201516,tournament_rank_unique,False,,1,1,True,0,0.0
2015,wta,2015_6_melbourne_australian_open_2015-01-19_R128_dodin_o_riske_a,2015-W-SL-AUS-01A-2015_38,901,206219,201590,tournament_rank_unique,False,,1,1,True,0,0.0
2015,wta,2015_6_melbourne_australian_open_2015-01-19_R128_voegele_s_parmentier_p,2015-W-SL-AUS-01A-2015_51,901,201527,201426,tournament_rank_unique,False,,1,1,True,0,0.0
2015,wta,2015_6_melbourne_australian_open_2015-01-19_R128_wickmayer_y_pavlyuchenkova_a,2015-W-SL-AUS-01A-2015_44,901,201518,201499,tournament_rank_unique,False,,1,1,True,0,0.0
2015,wta,2015_6_melbourne_australian_open_2015-01-19_R128_mattek_sands_b_duan_y_y,2015-W-SL-AUS-01A-2015_46,901,201318,202504,tournament_rank_unique,False,,1,1,True,0,0.0
2015,wta,2015_6_melbourne_australian_open_2015-01-19_R128_siniakova_k_vesnina_e,2015-W-SL-AUS-01A-2015_55,901,211701,201455,tournament_rank_unique,False,,1,1,True,0,0.0
2015,wta,2015_6_melbourne_australian_open_2015-01-19_R128_begu_i_kerber_a,2015-W-SL-AUS-01A-2015_56,901,201593,201493,tournament_rank_unique,False,,1,1,True,0,0.0
2015,wta,2015_6_melbourne_australian_open_2015-01-19_R128_mchale_c_foretz_s,2015-W-SL-AUS-01A-2015_54,901,201539,200773,tournament_rank_unique,False,,1,1,True,0,0.0
2015,wta,2015_6_melbourne_australian_open_2015-01-19_R128_diyas_z_radwanska_u,2015-W-SL-AUS-01A-2015_61,901,201610,201524,tournament_rank_unique,False,,1,1,True,0,0.0
2015,wta,2015_6_melbourne_australian_open_2015-01-19_R128_puig_m_rodionova_ar,2015-W-SL-AUS-01A-2015_58,901,201620,201613,tournament_rank_unique,False,,1,1,True,0,0.0
2015,wta,2015_6_melbourne_australian_open_2015-01-19_R128_errani_s_min_g,2015-W-SL-AUS-01A-2015_41,901,201506,202479,tournament_rank_unique,False,,1,1,True,0,0.0
2015,wta,2015_6_melbourne_australian_open_2015-01-19_R128_makarova_e_mestach_a_s,2015-W-SL-AUS-01A-2015_40,901,201505,202420,tournament_rank_unique,False,,1,1,True,0,0.0
2015,wta,2015_6_melbourne_australian_open_2015-01-19_R128_shvedova_y_safarova_l,2015-W-SL-AUS-01A-2015_57,901,201468,201425,tournament_rank_unique,False,,1,1,True,0,0.0
2015,wta,2015_6_melbourne_australian_open_2015-01-19_R128_bertens_k_gavrilova_d,2015-W-SL-AUS-01A-2015_50,901,202428,201611,tournament_rank_unique,False,,1,1,True,0,0.0
2015,wta,2015_6_melbourne_australian_open_2015-01-19_R128_soler_espinosa_s_beck_a,2015-W-SL-AUS-01A-2015_42,901,201562,202470,tournament_rank_unique,False,,1,1,True,0,0.0
2015,wta,2015_6_melbourne_australian_open_2015-01-19_R128_vinci_r_jovanovski_b,2015-W-SL-AUS-01A-2015_39,901,201311,201587,tournament_rank_unique,False,,1,1,True,0,0.0
2015,wta,2015_6_melbourne_australian_open_2015-01-19_R128_panova_a_cirstea_s,2015-W-SL-AUS-01A-2015_63,901,201668,201514,tournament_rank_unique,False,,1,1,True,0,0.0
2015,wta,2015_6_melbourne_australian_open_2015-01-19_R128_bouchard_e_friedsam_a_l,2015-W-SL-AUS-01A-2015_49,901,202446,204431,tournament_rank_unique,False,,1,1,True,0,0.0
2015,wta,2015_6_melbourne_australian_open_2015-01-19_R128_witthoeft_c_suarez_navarro_c,2015-W-SL-AUS-01A-2015_53,901,202489,201521,tournament_rank_unique,False,,1,1,True,0,0.0
2015,wta,2015_6_melbourne_australian_open_2015-01-19_R128_sharapova_m_martic_p,2015-W-SL-AUS-01A-2015_64,901,201345,201549,tournament_rank_unique,False,,1,1,True,0,0.0
2015,wta,2015_6_melbourne_australian_open_2015-01-20_R128_hantuchova_d_zheng_s,2015-W-SL-AUS-01A-2015_6,901,201290,202453,tournament_rank_unique,False,,1,1,True,0,0.0
2015,wta,2015_6_melbourne_australian_open_2015-01-20_R128_muguruza_g_erakovic_m,2015-W-SL-AUS-01A-2015_5,901,202469,201523,tournament_rank_unique,False,,1,1,True,0,0.0
2015,wta,2015_6_melbourne_australian_open_2015-01-20_R128_allertova_d_oprandi_r,2015-W-SL-AUS-01A-2015_11,901,202653,201472,tournament_rank_unique,False,,1,1,True,0,0.0
2015,wta,2015_6_melbourne_australian_open_2015-01-20_R128_pironkova_t_watson_h,2015-W-SL-AUS-01A-2015_10,901,201450,201586,tournament_rank_unique,False,,1,1,True,0,0.0
2015,wta,2015_6_melbourne_australian_open_2015-01-20_R128_azarenka_v_stephens_s,2015-W-SL-AUS-01A-2015_15,901,201458,201585,tournament_rank_unique,False,,1,1,True,0,0.0
2015,wta,2015_6_melbourne_australian_open_2015-01-20_R128_stosur_s_niculescu_m,2015-W-SL-AUS-01A-2015_21,901,201325,201512,tournament_rank_unique,False,,1,1,True,0,0.0
2015,wta,2015_6_melbourne_australian_open_2015-01-20_R128_zahlavova_strycova_b_babos_t,2015-W-SL-AUS-01A-2015_13,901,201366,201693,tournament_rank_unique,False,,1,1,True,0,0.0
2015,wta,2015_6_melbourne_australian_open_2015-01-20_R128_cornet_a_zhang_s,2015-W-SL-AUS-01A-2015_12,901,201427,201533,tournament_rank_unique,False,,1,1,True,0,0.0
2015,wta,2015_6_melbourne_australian_open_2015-01-20_R128_chang_k_c_zheng_j,2015-W-SL-AUS-01A-2015_14,901,201578,201386,tournament_rank_unique,False,,1,1,True,0,0.0
2015,wta,2015_6_melbourne_australian_open_2015-01-20_R128_cibulkova_d_flipkens_k,2015-W-SL-AUS-01A-2015_9,901,201495,201465,tournament_rank_unique,False,,1,1,True,0,0.0
2015,wta,2015_6_melbourne_australian_open_2015-01-20_R128_wozniacki_c_townsend_t,2015-W-SL-AUS-01A-2015_16,901,201496,203501,tournament_rank_unique,False,,1,1,True,0,0.0
2015,wta,2015_6_melbourne_australian_open_2015-01-20_R128_falconi_i_kanepi_k,2015-W-SL-AUS-01A-2015_23,901,201604,201466,tournament_rank_unique,False,,1,1,True,0,0.0
2015,wta,2015_6_melbourne_australian_open_2015-01-20_R128_vandeweghe_c_schiavone_f,2015-W-SL-AUS-01A-2015_22,901,201535,201212,tournament_rank_unique,False,,1,1,True,0,0.0
2015,wta,2015_6_melbourne_australian_open_2015-01-20_R128_brengle_m_petkovic_a,2015-W-SL-AUS-01A-2015_24,901,201483,201492,tournament_rank_unique,False,,1,1,True,0,0.0
2015,wta,2015_6_melbourne_australian_open_2015-01-20_R128_kvitova_p_hogenkamp_r,2015-W-SL-AUS-01A-2015_17,901,201520,202480,tournament_rank_unique,False,,1,1,True,0,0.0
2015,wta,2015_6_melbourne_australian_open_2015-01-20_R128_svitolina_e_putintseva_y,2015-W-SL-AUS-01A-2015_4,901,202494,201709,tournament_rank_unique,False,,1,1,True,0,0.0
2015,wta,2015_6_melbourne_australian_open_2015-01-20_R128_dellacqua_c_meusburger_y,2015-W-SL-AUS-01A-2015_20,901,201348,201423,tournament_rank_unique,False,,1,1,True,0,0.0
2015,wta,2015_6_melbourne_australian_open_2015-01-20_R128_gibbs_n_rogowska_o,2015-W-SL-AUS-01A-2015_3,901,202484,201542,tournament_rank_unique,False,,1,1,True,0,0.0
2015,wta,2015_6_melbourne_australian_open_2015-01-20_R128_zvonareva_v_jabeur_o,2015-W-SL-AUS-01A-2015_2,901,201329,202460,tournament_rank_unique,False,,1,1,True,0,0.0
2015,wta,2015_6_melbourne_australian_open_2015-01-20_R128_barthel_m_vekic_d,2015-W-SL-AUS-01A-2015_18,901,201621,202499,tournament_rank_unique,False,,1,1,True,0,0.0
2015,wta,2015_6_melbourne_australian_open_2015-01-20_R128_smitkova_t_lucic_m,2015-W-SL-AUS-01A-2015_26,901,202702,200002,tournament_rank_unique,False,,1,1,True,0,0.0
2015,wta,2015_6_melbourne_australian_open_2015-01-20_R128_bacsinszky_t_jankovic_j,2015-W-SL-AUS-01A-2015_8,901,201490,201347,tournament_rank_unique,False,,1,1,True,0,0.0
2015,wta,2015_6_melbourne_australian_open_2015-01-20_R128_keys_m_tsurenko_l,2015-W-SL-AUS-01A-2015_19,901,201619,201615,tournament_rank_unique,False,,1,1,True,0,0.0
2015,wta,2015_6_melbourne_australian_open_2015-01-20_R128_williams_v_torro_flor_m_t,2015-W-SL-AUS-01A-2015_28,901,200748,201640,tournament_rank_unique,False,,1,1,True,0,0.0
2015,wta,2015_6_melbourne_australian_open_2015-01-20_R128_giorgi_c_pennetta_f,2015-W-SL-AUS-01A-2015_25,901,202429,201355,tournament_rank_unique,False,,1,1,True,0,0.0
2015,wta,2015_6_melbourne_australian_open_2015-01-20_R128_lepchenko_v_diatchenko_v,2015-W-SL-AUS-01A-2015_29,901,201478,201554,tournament_rank_unique,False,,1,1,True,0,0.0
2015,wta,2015_6_melbourne_australian_open_2015-01-20_R128_radwanska_a_nara_k,2015-W-SL-AUS-01A-2015_32,901,201474,201597,tournament_rank_unique,False,,1,1,True,0,0.0
2015,wta,2015_6_melbourne_australian_open_2015-01-20_R128_davis_l_krunic_a,2015-W-SL-AUS-01A-2015_27,901,201616,202434,tournament_rank_unique,False,,1,1,True,0,0.0
2015,wta,2015_6_melbourne_australian_open_2015-01-20_R128_larsson_j_kudryavtseva_a,2015-W-SL-AUS-01A-2015_31,901,201596,201485,tournament_rank_unique,False,,1,1,True,0,0.0
2015,wta,2015_6_melbourne_australian_open_2015-01-20_R128_williams_s_van_uytvanck_a,2015-W-SL-AUS-01A-2015_1,901,200033,202421,tournament_rank_unique,False,,1,1,True,0,0.0
2015,wta,2015_6_melbourne_australian_open_2015-01-20_R128_tomljanovic_a_rogers_s,2015-W-SL-AUS-01A-2015_30,901,201548,201603,tournament_rank_unique,False,,1,1,True,0,0.0
2015,wta,2015_6_melbourne_australian_open_2015-01-21_R64_shvedova_y_puig_m,2015-W-SL-AUS-01A-2015_93,901,201468,201620,tournament_rank_unique,False,,1,1,True,0,0.0
2015,wta,2015_6_melbourne_australian_open_2015-01-21_R64_witthoeft_c_mchale_c,2015-W-SL-AUS-01A-2015_91,901,202489,201539,tournament_rank_unique,False,,1,1,True,0,0.0
2015,wta,2015_6_melbourne_australian_open_2015-01-21_R64_goerges_j_koukalova_k,2015-W-SL-AUS-01A-2015_82,901,201504,201344,tournament_rank_unique,False,,1,1,True,0,0.0
2015,wta,2015_6_melbourne_australian_open_2015-01-21_R64_peng_s_rybarikova_m,2015-W-SL-AUS-01A-2015_94,901,201397,201517,tournament_rank_unique,False,,1,1,True,0,0.0
2015,wta,2015_6_melbourne_australian_open_2015-01-21_R64_makarova_e_vinci_r,2015-W-SL-AUS-01A-2015_84,901,201505,201311,tournament_rank_unique,False,,1,1,True,0,0.0
2015,wta,2015_6_melbourne_australian_open_2015-01-21_R64_begu_i_siniakova_k,2015-W-SL-AUS-01A-2015_92,901,201593,211701,tournament_rank_unique,False,,1,1,True,0,0.0
2015,wta,2015_6_melbourne_australian_open_2015-01-21_R64_pliskova_ka_dodin_o,2015-W-SL-AUS-01A-2015_83,901,201662,206219,tournament_rank_unique,False,,1,1,True,0,0.0
2015,wta,2015_6_melbourne_australian_open_2015-01-21_R64_sharapova_m_panova_a,2015-W-SL-AUS-01A-2015_96,901,201345,201668,tournament_rank_unique,False,,1,1,True,0,0.0
2015,wta,2015_6_melbourne_australian_open_2015-01-21_R64_hradecka_l_hercog_p,2015-W-SL-AUS-01A-2015_81,901,201556,201555,tournament_rank_unique,False,,1,1,True,0,0.0
2015,wta,2015_6_melbourne_australian_open_2015-01-21_R64_wickmayer_y_arruabarrena_l,2015-W-SL-AUS-01A-2015_86,901,201518,202418,tournament_rank_unique,False,,1,1,True,0,0.0
2015,wta,2015_6_melbourne_australian_open_2015-01-21_R64_errani_s_soler_espinosa_s,2015-W-SL-AUS-01A-2015_85,901,201506,201562,tournament_rank_unique,False,,1,1,True,0,0.0
2015,wta,2015_6_melbourne_australian_open_2015-01-21_R64_diyas_z_schmiedlova_a,2015-W-SL-AUS-01A-2015_95,901,201610,203533,tournament_rank_unique,False,,1,1,True,0,0.0
2015,wta,2015_6_melbourne_australian_open_2015-01-21_R64_garcia_c_voegele_s,2015-W-SL-AUS-01A-2015_90,901,201614,201527,tournament_rank_unique,False,,1,1,True,0,0.0
2015,wta,2015_6_melbourne_australian_open_2015-01-21_R64_mattek_sands_b_mladenovic_k,2015-W-SL-AUS-01A-2015_87,901,201318,201540,tournament_rank_unique,False,,1,1,True,0,0.0
2015,wta,2015_6_melbourne_australian_open_2015-01-21_R64_bouchard_e_bertens_k,2015-W-SL-AUS-01A-2015_89,901,202446,202428,tournament_rank_unique,False,,1,1,True,0,0.0
2015,wta,2015_6_melbourne_australian_open_2015-01-21_R64_halep_s_gajdosova_j,2015-W-SL-AUS-01A-2015_88,901,201594,201457,tournament_rank_unique,False,,1,1,True,0,0.0
2015,wta,2015_6_melbourne_australian_open_2015-01-22_R64_radwanska_a_larsson_j,2015-W-SL-AUS-01A-2015_80,901,201474,201596,tournament_rank_unique,False,,1,1,True,0,0.0
2015,wta,2015_6_melbourne_australian_open_2015-01-22_R64_bacsinszky_t_tatishvili_a,2015-W-SL-AUS-01A-2015_68,901,201490,201588,tournament_rank_unique,False,,1,1,True,0,0.0
2015,wta,2015_6_melbourne_australian_open_2015-01-22_R64_williams_v_davis_l,2015-W-SL-AUS-01A-2015_78,901,200748,201616,tournament_rank_unique,False,,1,1,True,0,0.0
2015,wta,2015_6_melbourne_australian_open_2015-01-22_R64_muguruza_g_hantuchova_d,2015-W-SL-AUS-01A-2015_67,901,202469,201290,tournament_rank_unique,False,,1,1,True,0,0.0
2015,wta,2015_6_melbourne_australian_open_2015-01-22_R64_williams_s_zvonareva_v,2015-W-SL-AUS-01A-2015_65,901,200033,201329,tournament_rank_unique,False,,1,1,True,0,0.0
2015,wta,2015_6_melbourne_australian_open_2015-01-22_R64_giorgi_c_smitkova_t,2015-W-SL-AUS-01A-2015_77,901,202429,202702,tournament_rank_unique,False,,1,1,True,0,0.0
2015,wta,2015_6_melbourne_australian_open_2015-01-22_R64_svitolina_e_gibbs_n,2015-W-SL-AUS-01A-2015_66,901,202494,202484,tournament_rank_unique,False,,1,1,True,0,0.0
2015,wta,2015_6_melbourne_australian_open_2015-01-22_R64_lepchenko_v_tomljanovic_a,2015-W-SL-AUS-01A-2015_79,901,201478,201548,tournament_rank_unique,False,,1,1,True,0,0.0
2015,wta,2015_6_melbourne_australian_open_2015-01-22_R64_cibulkova_d_pironkova_t,2015-W-SL-AUS-01A-2015_69,901,201495,201450,tournament_rank_unique,False,,1,1,True,0,0.0
2015,wta,2015_6_melbourne_australian_open_2015-01-22_R64_cornet_a_allertova_d,2015-W-SL-AUS-01A-2015_70,901,201427,202653,tournament_rank_unique,False,,1,1,True,0,0.0
2015,wta,2015_6_melbourne_australian_open_2015-01-22_R64_keys_m_dellacqua_c,2015-W-SL-AUS-01A-2015_74,901,201619,201348,tournament_rank_unique,False,,1,1,True,0,0.0
2015,wta,2015_6_melbourne_australian_open_2015-01-22_R64_kvitova_p_barthel_m,2015-W-SL-AUS-01A-2015_73,901,201520,201621,tournament_rank_unique,False,,1,1,True,0,0.0
2015,wta,2015_6_melbourne_australian_open_2015-01-22_R64_brengle_m_falconi_i,2015-W-SL-AUS-01A-2015_76,901,201483,201604,tournament_rank_unique,False,,1,1,True,0,0.0
2015,wta,2015_6_melbourne_australian_open_2015-01-22_R64_zahlavova_strycova_b_chang_k_c,2015-W-SL-AUS-01A-2015_71,901,201366,201578,tournament_rank_unique,False,,1,1,True,0,0.0
2015,wta,2015_6_melbourne_australian_open_2015-01-22_R64_azarenka_v_wozniacki_c,2015-W-SL-AUS-01A-2015_72,901,201458,201496,tournament_rank_unique,False,,1,1,True,0,0.0
2015,wta,2015_6_melbourne_australian_open_2015-01-22_R64_vandeweghe_c_stosur_s,2015-W-SL-AUS-01A-2015_75,901,201535,201325,tournament_rank_unique,False,,1,1,True,0,0.0
2015,wta,2015_6_melbourne_australian_open_2015-01-23_R32_peng_s_shvedova_y,2015-W-SL-AUS-01A-2015_111,901,201397,201468,tournament_rank_unique,False,,1,1,True,0,0.0
2015,wta,2015_6_melbourne_australian_open_2015-01-23_R32_wickmayer_y_errani_s,2015-W-SL-AUS-01A-2015_107,901,201518,201506,tournament_rank_unique,False,,1,1,True,0,0.0
2015,wta,2015_6_melbourne_australian_open_2015-01-23_R32_goerges_j_hradecka_l,2015-W-SL-AUS-01A-2015_105,901,201504,201556,tournament_rank_unique,False,,1,1,True,0,0.0
2015,wta,2015_6_melbourne_australian_open_2015-01-23_R32_makarova_e_pliskova_ka,2015-W-SL-AUS-01A-2015_106,901,201505,201662,tournament_rank_unique,False,,1,1,True,0,0.0
2015,wta,2015_6_melbourne_australian_open_2015-01-23_R32_bouchard_e_garcia_c,2015-W-SL-AUS-01A-2015_109,901,202446,201614,tournament_rank_unique,False,,1,1,True,0,0.0
2015,wta,2015_6_melbourne_australian_open_2015-01-23_R32_begu_i_witthoeft_c,2015-W-SL-AUS-01A-2015_110,901,201593,202489,tournament_rank_unique,False,,1,1,True,0,0.0
2015,wta,2015_6_melbourne_australian_open_2015-01-23_R32_halep_s_mattek_sands_b,2015-W-SL-AUS-01A-2015_108,901,201594,201318,tournament_rank_unique,False,,1,1,True,0,0.0
2015,wta,2015_6_melbourne_australian_open_2015-01-23_R32_sharapova_m_diyas_z,2015-W-SL-AUS-01A-2015_112,901,201345,201610,tournament_rank_unique,False,,1,1,True,0,0.0
2015,wta,2015_6_melbourne_australian_open_2015-01-24_R32_radwanska_a_lepchenko_v,2015-W-SL-AUS-01A-2015_104,901,201474,201478,tournament_rank_unique,False,,1,1,True,0,0.0
2015,wta,2015_6_melbourne_australian_open_2015-01-24_R32_muguruza_g_bacsinszky_t,2015-W-SL-AUS-01A-2015_98,901,202469,201490,tournament_rank_unique,False,,1,1,True,0,0.0
2015,wta,2015_6_melbourne_australian_open_2015-01-24_R32_williams_v_giorgi_c,2015-W-SL-AUS-01A-2015_103,901,200748,202429,tournament_rank_unique,False,,1,1,True,0,0.0
2015,wta,2015_6_melbourne_australian_open_2015-01-24_R32_cibulkova_d_cornet_a,2015-W-SL-AUS-01A-2015_99,901,201495,201427,tournament_rank_unique,False,,1,1,True,0,0.0
2015,wta,2015_6_melbourne_australian_open_2015-01-24_R32_williams_s_svitolina_e,2015-W-SL-AUS-01A-2015_97,901,200033,202494,tournament_rank_unique,False,,1,1,True,0,0.0
2015,wta,2015_6_melbourne_australian_open_2015-01-24_R32_brengle_m_vandeweghe_c,2015-W-SL-AUS-01A-2015_102,901,201483,201535,tournament_rank_unique,False,,1,1,True,0,0.0
2015,wta,2015_6_melbourne_australian_open_2015-01-24_R32_azarenka_v_zahlavova_strycova_b,2015-W-SL-AUS-01A-2015_100,901,201458,201366,tournament_rank_unique,False,,1,1,True,0,0.0
2015,wta,2015_6_melbourne_australian_open_2015-01-24_R32_keys_m_kvitova_p,2015-W-SL-AUS-01A-2015_101,901,201619,201520,tournament_rank_unique,False,,1,1,True,0,0.0
2015,wta,2015_6_melbourne_australian_open_2015-01-25_R16_bouchard_e_begu_i,2015-W-SL-AUS-01A-2015_119,901,202446,201593,tournament_rank_unique,False,,1,1,True,0,0.0
2015,wta,2015_6_melbourne_australian_open_2015-01-25_R16_makarova_e_goerges_j,2015-W-SL-AUS-01A-2015_117,901,201505,201504,tournament_rank_unique,False,,1,1,True,0,0.0
2015,wta,2015_6_melbourne_australian_open_2015-01-25_R16_sharapova_m_peng_s,2015-W-SL-AUS-01A-2015_120,901,201345,201397,tournament_rank_unique,False,,1,1,True,0,0.0
2015,wta,2015_6_melbourne_australian_open_2015-01-25_R16_halep_s_wickmayer_y,2015-W-SL-AUS-01A-2015_118,901,201594,201518,tournament_rank_unique,False,,1,1,True,0,0.0
2015,wta,2015_6_melbourne_australian_open_2015-01-26_R16_cibulkova_d_azarenka_v,2015-W-SL-AUS-01A-2015_114,901,201495,201458,tournament_rank_unique,False,,1,1,True,0,0.0
2015,wta,2015_6_melbourne_australian_open_2015-01-26_R16_williams_s_muguruza_g,2015-W-SL-AUS-01A-2015_113,901,200033,202469,tournament_rank_unique,False,,1,1,True,0,0.0
2015,wta,2015_6_melbourne_australian_open_2015-01-26_R16_keys_m_brengle_m,2015-W-SL-AUS-01A-2015_115,901,201619,201483,tournament_rank_unique,False,,1,1,True,0,0.0
2015,wta,2015_6_melbourne_australian_open_2015-01-26_R16_williams_v_radwanska_a,2015-W-SL-AUS-01A-2015_116,901,200748,201474,tournament_rank_unique,False,,1,1,True,0,0.0
2015,wta,2015_6_melbourne_australian_open_2015-01-27_QF_makarova_e_halep_s,2015-W-SL-AUS-01A-2015_123,901,201505,201594,tournament_rank_unique,False,,1,1,True,0,0.0
2015,wta,2015_6_melbourne_australian_open_2015-01-27_QF_sharapova_m_bouchard_e,2015-W-SL-AUS-01A-2015_124,901,201345,202446,tournament_rank_unique,False,,1,1,True,0,0.0
2015,wta,2015_6_melbourne_australian_open_2015-01-28_QF_keys_m_williams_v,2015-W-SL-AUS-01A-2015_122,901,201619,200748,tournament_rank_unique,False,,1,1,True,0,0.0
2015,wta,2015_6_melbourne_australian_open_2015-01-28_QF_williams_s_cibulkova_d,2015-W-SL-AUS-01A-2015_121,901,200033,201495,tournament_rank_unique,False,,1,1,True,0,0.0
2015,wta,2015_6_melbourne_australian_open_2015-01-29_SF_sharapova_m_makarova_e,2015-W-SL-AUS-01A-2015_126,901,201345,201505,tournament_rank_unique,False,,1,1,True,0,0.0
2015,wta,2015_6_melbourne_australian_open_2015-01-29_SF_williams_s_keys_m,2015-W-SL-AUS-01A-2015_125,901,200033,201619,tournament_rank_unique,False,,1,1,True,0,0.0
2015,wta,2015_6_melbourne_australian_open_2015-01-31_F_williams_s_sharapova_m,2015-W-SL-AUS-01A-2015_127,901,200033,201345,tournament_rank_unique,False,,1,1,True,0,0.0
2015,wta,2015_7_antwerp_bnp_paribas_fortis_diamond_games_2015-02-10_R32_beck_a_knapp_k,2015-W-PR-BEL-01A-2015_8,1016,202470,201498,tournament_rank_unique,False,,1,1,True,0,0.0
2015,wta,2015_7_antwerp_bnp_paribas_fortis_diamond_games_2015-02-10_R32_schiavone_f_koukalova_k,2015-W-PR-BEL-01A-2015_12,1016,201212,201344,tournament_rank_unique,False,,1,1,True,0,0.0
2015,wta,2015_7_antwerp_bnp_paribas_fortis_diamond_games_2015-02-10_R32_van_uytvanck_a_rybarikova_m,2015-W-PR-BEL-01A-2015_4,1016,202421,201517,tournament_rank_unique,False,,1,1,True,0,0.0
2015,wta,2015_7_antwerp_bnp_paribas_fortis_diamond_games_2015-02-10_R32_cornet_a_bencic_b,2015-W-PR-BEL-01A-2015_3,1016,201427,202505,tournament_rank_unique,False,,1,1,True,0,0.0
2015,wta,2015_7_antwerp_bnp_paribas_fortis_diamond_games_2015-02-10_R32_zahlavova_strycova_b_wickmayer_y,2015-W-PR-BEL-01A-2015_2,1016,201366,201518,tournament_rank_unique,False,,1,1,True,0,0.0
2015,wta,2015_7_antwerp_bnp_paribas_fortis_diamond_games_2015-02-10_R32_barthel_m_liebens_k,2015-W-PR-BEL-01A-2015_1,1016,201621,211321,tournament_rank_unique,False,,1,1,True,0,0.0
2015,wta,2015_7_antwerp_bnp_paribas_fortis_diamond_games_2015-02-11_R32_mladenovic_k_soler_espinosa_s,2015-W-PR-BEL-01A-2015_9,1016,201540,201562,tournament_rank_unique,False,,1,1,True,0,0.0
2015,wta,2015_7_antwerp_bnp_paribas_fortis_diamond_games_2015-02-11_R32_de_vroome_i_pironkova_t,2015-W-PR-BEL-01A-2015_5,1016,204377,201450,tournament_rank_unique,False,,1,1,True,0,0.0
2015,wta,2015_7_antwerp_bnp_paribas_fortis_diamond_games_2015-02-11_R32_pliskova_ka_lucic_m,2015-W-PR-BEL-01A-2015_7,1016,201662,200002,tournament_rank_unique,False,,1,1,True,0,0.0
2015,wta,2015_7_antwerp_bnp_paribas_fortis_diamond_games_2015-02-11_R32_cibulkova_d_bondarenko_k,2015-W-PR-BEL-01A-2015_6,1016,201495,201435,tournament_rank_unique,False,,1,1,True,0,0.0
2015,wta,2015_7_antwerp_bnp_paribas_fortis_diamond_games_2015-02-11_R32_niculescu_m_flipkens_k,2015-W-PR-BEL-01A-2015_11,1016,201512,201465,tournament_rank_unique,False,,1,1,True,0,0.0
2015,wta,2015_7_antwerp_bnp_paribas_fortis_diamond_games_2015-02-11_R32_suarez_navarro_c_giorgi_c,2015-W-PR-BEL-01A-2015_10,1016,201521,202429,tournament_rank_unique,False,,1,1,True,0,0.0
2015,wta,2015_7_antwerp_bnp_paribas_fortis_diamond_games_2015-02-11_R16_petkovic_a_van_uytvanck_a,2015-W-PR-BEL-01A-2015_15,1016,201492,202421,tournament_rank_unique,False,,1,1,True,0,0.0
2015,wta,2015_7_antwerp_bnp_paribas_fortis_diamond_games_2015-02-12_R16_pliskova_ka_beck_a,2015-W-PR-BEL-01A-2015_17,1016,201662,202470,tournament_rank_unique,False,,1,1,True,0,0.0
2015,wta,2015_7_antwerp_bnp_paribas_fortis_diamond_games_2015-02-12_R16_cibulkova_d_de_vroome_i,2015-W-PR-BEL-01A-2015_16,1016,201495,204377,tournament_rank_unique,False,,1,1,True,0,0.0
2015,wta,2015_7_antwerp_bnp_paribas_fortis_diamond_games_2015-02-12_R16_suarez_navarro_c_niculescu_m,2015-W-PR-BEL-01A-2015_19,1016,201521,201512,tournament_rank_unique,False,,1,1,True,0,0.0
2015,wta,2015_7_antwerp_bnp_paribas_fortis_diamond_games_2015-02-12_R16_safarova_l_mladenovic_k,2015-W-PR-BEL-01A-2015_18,1016,201425,201540,tournament_rank_unique,False,,1,1,True,0,0.0
2015,wta,2015_7_antwerp_bnp_paribas_fortis_diamond_games_2015-02-12_R16_zahlavova_strycova_b_cornet_a,2015-W-PR-BEL-01A-2015_14,1016,201366,201427,tournament_rank_unique,False,,1,1,True,0,0.0
2015,wta,2015_7_antwerp_bnp_paribas_fortis_diamond_games_2015-02-12_R16_schiavone_f_kerber_a,2015-W-PR-BEL-01A-2015_20,1016,201212,201493,tournament_rank_unique,False,,1,1,True,0,0.0
2015,wta,2015_7_antwerp_bnp_paribas_fortis_diamond_games_2015-02-12_R16_barthel_m_bouchard_e,2015-W-PR-BEL-01A-2015_13,1016,201621,202446,tournament_rank_unique,False,,1,1,True,0,0.0
2015,wta,2015_7_antwerp_bnp_paribas_fortis_diamond_games_2015-02-13_QF_pliskova_ka_safarova_l,2015-W-PR-BEL-01A-2015_23,1016,201662,201425,tournament_rank_unique,False,,1,1,True,0,0.0
2015,wta,2015_7_antwerp_bnp_paribas_fortis_diamond_games_2015-02-13_QF_suarez_navarro_c_schiavone_f,2015-W-PR-BEL-01A-2015_24,1016,201521,201212,tournament_rank_unique,False,,1,1,True,0,0.0
2015,wta,2015_7_antwerp_bnp_paribas_fortis_diamond_games_2015-02-13_QF_zahlavova_strycova_b_barthel_m,2015-W-PR-BEL-01A-2015_21,1016,201366,201621,tournament_rank_unique,False,,1,1,True,0,0.0
2015,wta,2015_7_antwerp_bnp_paribas_fortis_diamond_games_2015-02-13_QF_petkovic_a_cibulkova_d,2015-W-PR-BEL-01A-2015_22,1016,201492,201495,tournament_rank_unique,False,,1,1,True,0,0.0
2015,wta,2015_7_antwerp_bnp_paribas_fortis_diamond_games_2015-02-14_SF_suarez_navarro_c_pliskova_ka,2015-W-PR-BEL-01A-2015_26,1016,201521,201662,tournament_rank_unique,False,,1,1,True,0,0.0
2015,wta,2015_7_antwerp_bnp_paribas_fortis_diamond_games_2015-02-14_SF_petkovic_a_zahlavova_strycova_b,2015-W-PR-BEL-01A-2015_25,1016,201492,201366,tournament_rank_unique,False,,1,1,True,0,0.0
2015,wta,2015_7_antwerp_bnp_paribas_fortis_diamond_games_2015-02-15_F_petkovic_a_suarez_navarro_c,2015-W-PR-BEL-01A-2015_27,1016,201492,201521,tournament_rank_unique,False,,1,1,True,0,0.0
2015,wta,2015_8_pattaya_pattaya_women_s_open_2015-02-09_R32_oprandi_r_vesnina_e,2015-W-INT-THA-01A-2015_3,303,201472,201455,tournament_rank_unique,False,,1,1,True,0,0.0
2015,wta,2015_8_pattaya_pattaya_women_s_open_2015-02-09_R32_puig_m_voegele_s,2015-W-INT-THA-01A-2015_4,303,201620,201527,tournament_rank_unique,False,,1,1,True,0,0.0
2015,wta,2015_8_pattaya_pattaya_women_s_open_2015-02-09_R32_rodina_e_putintseva_y,2015-W-INT-THA-01A-2015_6,303,201516,201709,tournament_rank_unique,False,,1,1,True,0,0.0
2015,wta,2015_8_pattaya_pattaya_women_s_open_2015-02-09_R32_zvonareva_v_wang_q,2015-W-INT-THA-01A-2015_14,303,201329,202492,tournament_rank_unique,False,,1,1,True,0,0.0
2015,wta,2015_8_pattaya_pattaya_women_s_open_2015-02-10_R32_duan_y_y_chan_y_j,2015-W-INT-THA-01A-2015_10,303,202504,201442,tournament_rank_unique,False,,1,1,True,0,0.0
2015,wta,2015_8_pattaya_pattaya_women_s_open_2015-02-10_R32_peng_s_kudryavtseva_a,2015-W-INT-THA-01A-2015_1,303,201397,201485,tournament_rank_unique,False,,1,1,True,0,0.0
2015,wta,2015_8_pattaya_pattaya_women_s_open_2015-02-10_R32_zhu_l_peer_s,2015-W-INT-THA-01A-2015_9,303,202684,201424,tournament_rank_unique,False,,1,1,True,0,0.0
2015,wta,2015_8_pattaya_pattaya_women_s_open_2015-02-10_R32_doi_m_tanasugarn_t,2015-W-INT-THA-01A-2015_2,303,201595,200009,tournament_rank_unique,False,,1,1,True,0,0.0
2015,wta,2015_8_pattaya_pattaya_women_s_open_2015-02-10_R32_tomljanovic_a_kulichkova_e,2015-W-INT-THA-01A-2015_7,303,201548,206404,tournament_rank_unique,False,,1,1,True,0,0.0
2015,wta,2015_8_pattaya_pattaya_women_s_open_2015-02-10_R32_zhang_s_vekic_d,2015-W-INT-THA-01A-2015_13,303,201533,202499,tournament_rank_unique,False,,1,1,True,0,0.0
2015,wta,2015_8_pattaya_pattaya_women_s_open_2015-02-10_R32_erakovic_m_kumkhum_l,2015-W-INT-THA-01A-2015_15,303,201523,202503,tournament_rank_unique,False,,1,1,True,0,0.0
2015,wta,2015_8_pattaya_pattaya_women_s_open_2015-02-10_R32_zheng_s_xu_y_f,2015-W-INT-THA-01A-2015_11,303,202453,201703,tournament_rank_unique,False,,1,1,True,0,0.0
2015,wta,2015_8_pattaya_pattaya_women_s_open_2015-02-10_R32_nara_k_lertpitaksinchai_n,2015-W-INT-THA-01A-2015_5,303,201597,201631,tournament_rank_unique,False,,1,1,True,0,0.0
2015,wta,2015_8_pattaya_pattaya_women_s_open_2015-02-10_R32_beygelzimer_y_date_krumm_k,2015-W-INT-THA-01A-2015_16,303,201377,200617,tournament_rank_unique,False,,1,1,True,0,0.0
2015,wta,2015_8_pattaya_pattaya_women_s_open_2015-02-10_R32_hantuchova_d_diyas_z,2015-W-INT-THA-01A-2015_12,303,201290,201610,tournament_rank_unique,False,,1,1,True,0,0.0
2015,wta,2015_8_pattaya_pattaya_women_s_open_2015-02-10_R32_gajdosova_j_eguchi_m,2015-W-INT-THA-01A-2015_8,303,201457,202685,tournament_rank_unique,False,,1,1,True,0,0.0
2015,wta,2015_8_pattaya_pattaya_women_s_open_2015-02-11_R16_doi_m_peng_s,2015-W-INT-THA-01A-2015_17,303,201595,201397,tournament_rank_unique,False,,1,1,True,0,0.0
2015,wta,2015_8_pattaya_pattaya_women_s_open_2015-02-11_R16_puig_m_oprandi_r,2015-W-INT-THA-01A-2015_18,303,201620,201472,tournament_rank_unique,False,,1,1,True,0,0.0
2015,wta,2015_8_pattaya_pattaya_women_s_open_2015-02-11_R16_zvonareva_v_zhang_s,2015-W-INT-THA-01A-2015_23,303,201329,201533,tournament_rank_unique,False,,1,1,True,0,0.0
2015,wta,2015_8_pattaya_pattaya_women_s_open_2015-02-11_R16_erakovic_m_beygelzimer_y,2015-W-INT-THA-01A-2015_24,303,201523,201377,tournament_rank_unique,False,,1,1,True,0,0.0
2015,wta,2015_8_pattaya_pattaya_women_s_open_2015-02-12_R16_rodina_e_nara_k,2015-W-INT-THA-01A-2015_19,303,201516,201597,tournament_rank_unique,False,,1,1,True,0,0.0
2015,wta,2015_8_pattaya_pattaya_women_s_open_2015-02-12_R16_duan_y_y_zhu_l,2015-W-INT-THA-01A-2015_21,303,202504,202684,tournament_rank_unique,False,,1,1,True,0,0.0
2015,wta,2015_8_pattaya_pattaya_women_s_open_2015-02-12_R16_hantuchova_d_zheng_s,2015-W-INT-THA-01A-2015_22,303,201290,202453,tournament_rank_unique,False,,1,1,True,0,0.0
2015,wta,2015_8_pattaya_pattaya_women_s_open_2015-02-12_R16_tomljanovic_a_gajdosova_j,2015-W-INT-THA-01A-2015_20,303,201548,201457,tournament_rank_unique,False,,1,1,True,0,0.0
2015,wta,2015_8_pattaya_pattaya_women_s_open_2015-02-13_QF_erakovic_m_zvonareva_v,2015-W-INT-THA-01A-2015_28,303,201523,201329,tournament_rank_unique,False,,1,1,True,0,0.0
2015,wta,2015_8_pattaya_pattaya_women_s_open_2015-02-13_QF_tomljanovic_a_rodina_e,2015-W-INT-THA-01A-2015_26,303,201548,201516,tournament_rank_unique,False,,1,1,True,0,0.0
2015,wta,2015_8_pattaya_pattaya_women_s_open_2015-02-13_QF_hantuchova_d_duan_y_y,2015-W-INT-THA-01A-2015_27,303,201290,202504,tournament_rank_unique,False,,1,1,True,0,0.0
2015,wta,2015_8_pattaya_pattaya_women_s_open_2015-02-13_QF_puig_m_doi_m,2015-W-INT-THA-01A-2015_25,303,201620,201595,tournament_rank_unique,False,,1,1,True,0,0.0
2015,wta,2015_8_pattaya_pattaya_women_s_open_2015-02-14_SF_hantuchova_d_erakovic_m,2015-W-INT-THA-01A-2015_30,303,201290,201523,tournament_rank_unique,False,,1,1,True,0,0.0
2015,wta,2015_8_pattaya_pattaya_women_s_open_2015-02-14_SF_tomljanovic_a_puig_m,2015-W-INT-THA-01A-2015_29,303,201548,201620,tournament_rank_unique,False,,1,1,True,0,0.0
2015,wta,2015_8_pattaya_pattaya_women_s_open_2015-02-15_F_hantuchova_d_tomljanovic_a,2015-W-INT-THA-01A-2015_31,303,201290,201548,tournament_rank_unique,False,,1,1,True,0,0.0
2015,wta,2015_9_dubai_dubai_duty_free_tennis_championships_2015-02-15_R64_pironkova_t_koukalova_k,2015-W-PR-UAE-01A-2015_2,718,201450,201344,tournament_rank_unique,False,,1,1,True,0,0.0
2015,wta,2015_9_dubai_dubai_duty_free_tennis_championships_2015-02-15_R64_bencic_b_knapp_k,2015-W-PR-UAE-01A-2015_12,718,202505,201498,tournament_rank_unique,False,,1,1,True,0,0.0
2015,wta,2015_9_dubai_dubai_duty_free_tennis_championships_2015-02-15_R64_stosur_s_lucic_m,2015-W-PR-UAE-01A-2015_6,718,201325,200002,tournament_rank_unique,False,,1,1,True,0,0.0
2015,wta,2015_9_dubai_dubai_duty_free_tennis_championships_2015-02-15_R64_kuznetsova_s_kanepi_k,2015-W-PR-UAE-01A-2015_11,718,201320,201466,tournament_rank_unique,False,,1,1,True,0,0.0
2015,wta,2015_9_dubai_dubai_duty_free_tennis_championships_2015-02-15_R64_lisicki_s_niculescu_m,2015-W-PR-UAE-01A-2015_17,718,201513,201512,tournament_rank_unique,False,,1,1,True,0,0.0
2015,wta,2015_9_dubai_dubai_duty_free_tennis_championships_2015-02-15_R64_dellacqua_c_siniakova_k,2015-W-PR-UAE-01A-2015_13,718,201348,211701,tournament_rank_unique,False,,1,1,True,0,0.0
2015,wta,2015_9_dubai_dubai_duty_free_tennis_championships_2015-02-15_R64_pennetta_f_goerges_j,2015-W-PR-UAE-01A-2015_9,718,201355,201504,tournament_rank_unique,False,,1,1,True,0,0.0
2015,wta,2015_9_dubai_dubai_duty_free_tennis_championships_2015-02-15_R64_diyas_z_beck_a,2015-W-PR-UAE-01A-2015_4,718,201610,202470,tournament_rank_unique,False,,1,1,True,0,0.0
2015,wta,2015_9_dubai_dubai_duty_free_tennis_championships_2015-02-15_R64_garcia_c_rodionova_ar,2015-W-PR-UAE-01A-2015_18,718,201614,201613,tournament_rank_unique,False,,1,1,True,0,0.0
2015,wta,2015_9_dubai_dubai_duty_free_tennis_championships_2015-02-15_R64_cornet_a_flipkens_k,2015-W-PR-UAE-01A-2015_8,718,201427,201465,tournament_rank_unique,False,,1,1,True,0,0.0
2015,wta,2015_9_dubai_dubai_duty_free_tennis_championships_2015-02-15_R64_jankovic_j_babos_t,2015-W-PR-UAE-01A-2015_20,718,201347,201693,tournament_rank_unique,False,,1,1,True,0,0.0
2015,wta,2015_9_dubai_dubai_duty_free_tennis_championships_2015-02-16_R64_muguruza_g_gajdosova_j,2015-W-PR-UAE-01A-2015_19,718,202469,201457,tournament_rank_unique,False,,1,1,True,0,0.0
2015,wta,2015_9_dubai_dubai_duty_free_tennis_championships_2015-02-16_R64_peng_s_vesnina_e,2015-W-PR-UAE-01A-2015_3,718,201397,201455,tournament_rank_unique,False,,1,1,True,0,0.0
2015,wta,2015_9_dubai_dubai_duty_free_tennis_championships_2015-02-16_R64_wang_q_nara_k,2015-W-PR-UAE-01A-2015_10,718,202492,201597,tournament_rank_unique,False,,1,1,True,0,0.0
2015,wta,2015_9_dubai_dubai_duty_free_tennis_championships_2015-02-16_R64_giorgi_c_zvonareva_v,2015-W-PR-UAE-01A-2015_21,718,202429,201329,tournament_rank_unique,False,,1,1,True,0,0.0
2015,wta,2015_9_dubai_dubai_duty_free_tennis_championships_2015-02-16_R64_kozlova_k_watson_h,2015-W-PR-UAE-01A-2015_5,718,203462,201586,tournament_rank_unique,False,,1,1,True,0,0.0
2015,wta,2015_9_dubai_dubai_duty_free_tennis_championships_2015-02-16_R64_buyukakcay_c_dabrowski_g,2015-W-PR-UAE-01A-2015_7,718,201666,202681,tournament_rank_unique,False,,1,1,True,0,0.0
2015,wta,2015_9_dubai_dubai_duty_free_tennis_championships_2015-02-16_R64_svitolina_e_vandeweghe_c,2015-W-PR-UAE-01A-2015_22,718,202494,201535,tournament_rank_unique,False,,1,1,True,0,0.0
2015,wta,2015_9_dubai_dubai_duty_free_tennis_championships_2015-02-16_R64_pliskova_ka_pavlyuchenkova_a,2015-W-PR-UAE-01A-2015_15,718,201662,201499,tournament_rank_unique,False,,1,1,True,0,0.0
2015,wta,2015_9_dubai_dubai_duty_free_tennis_championships_2015-02-16_R64_safarova_l_puig_m,2015-W-PR-UAE-01A-2015_14,718,201425,201620,tournament_rank_unique,False,,1,1,True,0,0.0
2015,wta,2015_9_dubai_dubai_duty_free_tennis_championships_2015-02-16_R64_zahlavova_strycova_b_beygelzimer_y,2015-W-PR-UAE-01A-2015_16,718,201366,201377,tournament_rank_unique,False,,1,1,True,0,0.0
2015,wta,2015_9_dubai_dubai_duty_free_tennis_championships_2015-02-16_R64_hantuchova_d_barthel_m,2015-W-PR-UAE-01A-2015_1,718,201290,201621,tournament_rank_unique,False,,1,1,True,0,0.0
2015,wta,2015_9_dubai_dubai_duty_free_tennis_championships_2015-02-16_R32_williams_v_bencic_b,2015-W-PR-UAE-01A-2015_31,718,200748,202505,tournament_rank_unique,False,,1,1,True,0,0.0
2015,wta,2015_9_dubai_dubai_duty_free_tennis_championships_2015-02-17_R32_muguruza_g_jankovic_j,2015-W-PR-UAE-01A-2015_36,718,202469,201347,tournament_rank_unique,False,,1,1,True,0,0.0
2015,wta,2015_9_dubai_dubai_duty_free_tennis_championships_2015-02-17_R32_radwanska_a_garcia_c,2015-W-PR-UAE-01A-2015_35,718,201474,201614,tournament_rank_unique,False,,1,1,True,0,0.0
2015,wta,2015_9_dubai_dubai_duty_free_tennis_championships_2015-02-17_R32_suarez_navarro_c_giorgi_c,2015-W-PR-UAE-01A-2015_37,718,201521,202429,tournament_rank_unique,False,,1,1,True,0,0.0
2015,wta,2015_9_dubai_dubai_duty_free_tennis_championships_2015-02-17_R32_cornet_a_buyukakcay_c,2015-W-PR-UAE-01A-2015_28,718,201427,201666,tournament_rank_unique,False,,1,1,True,0,0.0
2015,wta,2015_9_dubai_dubai_duty_free_tennis_championships_2015-02-17_R32_diyas_z_petkovic_a,2015-W-PR-UAE-01A-2015_25,718,201610,201492,tournament_rank_unique,False,,1,1,True,0,0.0
2015,wta,2015_9_dubai_dubai_duty_free_tennis_championships_2015-02-17_R32_safarova_l_dellacqua_c,2015-W-PR-UAE-01A-2015_32,718,201425,201348,tournament_rank_unique,False,,1,1,True,0,0.0
2015,wta,2015_9_dubai_dubai_duty_free_tennis_championships_2015-02-17_R32_pliskova_ka_zahlavova_strycova_b,2015-W-PR-UAE-01A-2015_33,718,201662,201366,tournament_rank_unique,False,,1,1,True,0,0.0
2015,wta,2015_9_dubai_dubai_duty_free_tennis_championships_2015-02-17_R32_ivanovic_a_lisicki_s,2015-W-PR-UAE-01A-2015_34,718,201421,201513,tournament_rank_unique,False,,1,1,True,0,0.0
2015,wta,2015_9_dubai_dubai_duty_free_tennis_championships_2015-02-17_R32_kerber_a_kuznetsova_s,2015-W-PR-UAE-01A-2015_30,718,201493,201320,tournament_rank_unique,False,,1,1,True,0,0.0
2015,wta,2015_9_dubai_dubai_duty_free_tennis_championships_2015-02-17_R32_pironkova_t_peng_s,2015-W-PR-UAE-01A-2015_24,718,201450,201397,tournament_rank_unique,False,,1,1,True,0,0.0
2015,wta,2015_9_dubai_dubai_duty_free_tennis_championships_2015-02-17_R32_wozniacki_c_stosur_s,2015-W-PR-UAE-01A-2015_27,718,201496,201325,tournament_rank_unique,False,,1,1,True,0,0.0
2015,wta,2015_9_dubai_dubai_duty_free_tennis_championships_2015-02-17_R32_makarova_e_kozlova_k,2015-W-PR-UAE-01A-2015_26,718,201505,203462,tournament_rank_unique,False,,1,1,True,0,0.0
2015,wta,2015_9_dubai_dubai_duty_free_tennis_championships_2015-02-17_R32_pennetta_f_wang_q,2015-W-PR-UAE-01A-2015_29,718,201355,202492,tournament_rank_unique,False,,1,1,True,0,0.0
2015,wta,2015_9_dubai_dubai_duty_free_tennis_championships_2015-02-17_R32_kvitova_p_svitolina_e,2015-W-PR-UAE-01A-2015_38,718,201520,202494,tournament_rank_unique,False,,1,1,True,0,0.0
2015,wta,2015_9_dubai_dubai_duty_free_tennis_championships_2015-02-17_R32_halep_s_hantuchova_d,2015-W-PR-UAE-01A-2015_23,718,201594,201290,tournament_rank_unique,False,,1,1,True,0,0.0
2015,wta,2015_9_dubai_dubai_duty_free_tennis_championships_2015-02-18_R16_makarova_e_diyas_z,2015-W-PR-UAE-01A-2015_40,718,201505,201610,tournament_rank_unique,False,,1,1,True,0,0.0
2015,wta,2015_9_dubai_dubai_duty_free_tennis_championships_2015-02-18_R16_muguruza_g_radwanska_a,2015-W-PR-UAE-01A-2015_45,718,202469,201474,tournament_rank_unique,False,,1,1,True,0,0.0
2015,wta,2015_9_dubai_dubai_duty_free_tennis_championships_2015-02-18_R16_safarova_l_williams_v,2015-W-PR-UAE-01A-2015_43,718,201425,200748,tournament_rank_unique,False,,1,1,True,0,0.0
2015,wta,2015_9_dubai_dubai_duty_free_tennis_championships_2015-02-18_R16_pennetta_f_kerber_a,2015-W-PR-UAE-01A-2015_42,718,201355,201493,tournament_rank_unique,False,,1,1,True,0,0.0
2015,wta,2015_9_dubai_dubai_duty_free_tennis_championships_2015-02-18_R16_pliskova_ka_ivanovic_a,2015-W-PR-UAE-01A-2015_44,718,201662,201421,tournament_rank_unique,False,,1,1,True,0,0.0
2015,wta,2015_9_dubai_dubai_duty_free_tennis_championships_2015-02-18_R16_suarez_navarro_c_kvitova_p,2015-W-PR-UAE-01A-2015_46,718,201521,201520,tournament_rank_unique,False,,1,1,True,0,0.0
2015,wta,2015_9_dubai_dubai_duty_free_tennis_championships_2015-02-18_R16_halep_s_pironkova_t,2015-W-PR-UAE-01A-2015_39,718,201594,201450,tournament_rank_unique,False,,1,1,True,0,0.0
2015,wta,2015_9_dubai_dubai_duty_free_tennis_championships_2015-02-18_R16_wozniacki_c_cornet_a,2015-W-PR-UAE-01A-2015_41,718,201496,201427,tournament_rank_unique,False,,1,1,True,0,0.0
2015,wta,2015_9_dubai_dubai_duty_free_tennis_championships_2015-02-19_QF_pliskova_ka_safarova_l,2015-W-PR-UAE-01A-2015_49,718,201662,201425,tournament_rank_unique,False,,1,1,True,0,0.0
2015,wta,2015_9_dubai_dubai_duty_free_tennis_championships_2015-02-19_QF_muguruza_g_suarez_navarro_c,2015-W-PR-UAE-01A-2015_50,718,202469,201521,tournament_rank_unique,False,,1,1,True,0,0.0
2015,wta,2015_9_dubai_dubai_duty_free_tennis_championships_2015-02-19_QF_halep_s_makarova_e,2015-W-PR-UAE-01A-2015_47,718,201594,201505,tournament_rank_unique,False,,1,1,True,0,0.0
2015,wta,2015_9_dubai_dubai_duty_free_tennis_championships_2015-02-19_QF_wozniacki_c_pennetta_f,2015-W-PR-UAE-01A-2015_48,718,201496,201355,tournament_rank_unique,False,,1,1,True,0,0.0
2015,wta,2015_9_dubai_dubai_duty_free_tennis_championships_2015-02-20_SF_pliskova_ka_muguruza_g,2015-W-PR-UAE-01A-2015_52,718,201662,202469,tournament_rank_unique,False,,1,1,True,0,0.0
2015,wta,2015_9_dubai_dubai_duty_free_tennis_championships_2015-02-20_SF_halep_s_wozniacki_c,2015-W-PR-UAE-01A-2015_51,718,201594,201496,tournament_rank_unique,False,,1,1,True,0,0.0
2015,wta,2015_9_dubai_dubai_duty_free_tennis_championships_2015-02-21_F_halep_s_pliskova_ka,2015-W-PR-UAE-01A-2015_53,718,201594,201662,tournament_rank_unique,False,,1,1,True,0,0.0
2015,wta,2015_10_rio_de_janeiro_rio_open_2015-02-16_R32_larsson_j_torro_flor_m_t,2015-W-INT-BRA-01A-2015_8,1073,201596,201640,tournament_rank_unique,False,,1,1,True,0,0.0
2015,wta,2015_10_rio_de_janeiro_rio_open_2015-02-16_R32_begu_i_rogowska_o,2015-W-INT-BRA-01A-2015_16,1073,201593,201542,tournament_rank_unique,False,,1,1,True,0,0.0
2015,wta,2015_10_rio_de_janeiro_rio_open_2015-02-16_R32_min_g_scheepers_c,2015-W-INT-BRA-01A-2015_13,1073,202479,201541,tournament_rank_unique,False,,1,1,True,0,0.0
2015,wta,2015_10_rio_de_janeiro_rio_open_2015-02-16_R32_brengle_m_bogdan_a,2015-W-INT-BRA-01A-2015_5,1073,201483,202536,tournament_rank_unique,False,,1,1,True,0,0.0
2015,wta,2015_10_rio_de_janeiro_rio_open_2015-02-16_R32_ce_g_parmentier_p,2015-W-INT-BRA-01A-2015_7,1073,206194,201426,tournament_rank_unique,False,,1,1,True,0,0.0
2015,wta,2015_10_rio_de_janeiro_rio_open_2015-02-17_R32_cepede_royg_v_goncalves_p_c,2015-W-INT-BRA-01A-2015_11,1073,202705,205591,tournament_rank_unique,False,,1,1,True,0,0.0
2015,wta,2015_10_rio_de_janeiro_rio_open_2015-02-17_R32_haddad_maia_b_irigoyen_m,2015-W-INT-BRA-01A-2015_3,1073,206242,202395,tournament_rank_unique,False,,1,1,True,0,0.0
2015,wta,2015_10_rio_de_janeiro_rio_open_2015-02-17_R32_glushko_j_mitu_a,2015-W-INT-BRA-01A-2015_14,1073,202498,202671,tournament_rank_unique,False,,1,1,True,0,0.0
2015,wta,2015_10_rio_de_janeiro_rio_open_2015-02-17_R32_pfizenmaier_d_cabeza_candela_e,2015-W-INT-BRA-01A-2015_6,1073,202477,201638,tournament_rank_unique,False,,1,1,True,0,0.0
2015,wta,2015_10_rio_de_janeiro_rio_open_2015-02-17_R32_mattek_sands_b_kovinic_d,2015-W-INT-BRA-01A-2015_15,1073,201318,203575,tournament_rank_unique,False,,1,1,True,0,0.0
2015,wta,2015_10_rio_de_janeiro_rio_open_2015-02-17_R32_vinci_r_hradecka_l,2015-W-INT-BRA-01A-2015_12,1073,201311,201556,tournament_rank_unique,False,,1,1,True,0,0.0
2015,wta,2015_10_rio_de_janeiro_rio_open_2015-02-17_R32_ormaechea_p_sorribes_tormo_s,2015-W-INT-BRA-01A-2015_10,1073,202440,204427,tournament_rank_unique,False,,1,1,True,0,0.0
2015,wta,2015_10_rio_de_janeiro_rio_open_2015-02-17_R32_errani_s_pereira_t,2015-W-INT-BRA-01A-2015_1,1073,201506,202694,tournament_rank_unique,False,,1,1,True,0,0.0
2015,wta,2015_10_rio_de_janeiro_rio_open_2015-02-18_R32_hercog_p_mestach_a_s,2015-W-INT-BRA-01A-2015_4,1073,201555,202420,tournament_rank_unique,False,,1,1,True,0,0.0
2015,wta,2015_10_rio_de_janeiro_rio_open_2015-02-18_R32_schmiedlova_a_van_uytvanck_a,2015-W-INT-BRA-01A-2015_9,1073,203533,202421,tournament_rank_unique,False,,1,1,True,0,0.0
2015,wta,2015_10_rio_de_janeiro_rio_open_2015-02-18_R16_glushko_j_min_g,2015-W-INT-BRA-01A-2015_23,1073,202498,202479,tournament_rank_unique,False,,1,1,True,0,0.0
2015,wta,2015_10_rio_de_janeiro_rio_open_2015-02-18_R16_larsson_j_ce_g,2015-W-INT-BRA-01A-2015_20,1073,201596,206194,tournament_rank_unique,False,,1,1,True,0,0.0
2015,wta,2015_10_rio_de_janeiro_rio_open_2015-02-18_R16_begu_i_mattek_sands_b,2015-W-INT-BRA-01A-2015_24,1073,201593,201318,tournament_rank_unique,False,,1,1,True,0,0.0
2015,wta,2015_10_rio_de_janeiro_rio_open_2015-02-18_R16_pfizenmaier_d_brengle_m,2015-W-INT-BRA-01A-2015_19,1073,202477,201483,tournament_rank_unique,False,,1,1,True,0,0.0
2015,wta,2015_10_rio_de_janeiro_rio_open_2015-02-19_R16_cepede_royg_v_vinci_r,2015-W-INT-BRA-01A-2015_22,1073,202705,201311,tournament_rank_unique,False,,1,1,True,0,0.0
2015,wta,2015_10_rio_de_janeiro_rio_open_2015-02-19_R16_haddad_maia_b_hercog_p,2015-W-INT-BRA-01A-2015_18,1073,206242,201555,tournament_rank_unique,False,,1,1,True,0,0.0
2015,wta,2015_10_rio_de_janeiro_rio_open_2015-02-19_R16_schmiedlova_a_ormaechea_p,2015-W-INT-BRA-01A-2015_21,1073,203533,202440,tournament_rank_unique,False,,1,1,True,0,0.0
2015,wta,2015_10_rio_de_janeiro_rio_open_2015-02-19_R16_errani_s_dominguez_lino_l,2015-W-INT-BRA-01A-2015_17,1073,201506,201452,tournament_rank_unique,False,,1,1,True,0,0.0
2015,wta,2015_10_rio_de_janeiro_rio_open_2015-02-20_QF_begu_i_glushko_j,2015-W-INT-BRA-01A-2015_28,1073,201593,202498,tournament_rank_unique,False,,1,1,True,0,0.0
2015,wta,2015_10_rio_de_janeiro_rio_open_2015-02-20_QF_larsson_j_pfizenmaier_d,2015-W-INT-BRA-01A-2015_26,1073,201596,202477,tournament_rank_unique,False,,1,1,True,0,0.0
2015,wta,2015_10_rio_de_janeiro_rio_open_2015-02-20_QF_errani_s_haddad_maia_b,2015-W-INT-BRA-01A-2015_25,1073,201506,206242,tournament_rank_unique,False,,1,1,True,0,0.0
2015,wta,2015_10_rio_de_janeiro_rio_open_2015-02-20_QF_schmiedlova_a_cepede_royg_v,2015-W-INT-BRA-01A-2015_27,1073,203533,202705,tournament_rank_unique,False,,1,1,True,0,0.0
2015,wta,2015_10_rio_de_janeiro_rio_open_2015-02-21_SF_schmiedlova_a_begu_i,2015-W-INT-BRA-01A-2015_30,1073,203533,201593,tournament_rank_unique,False,,1,1,True,0,0.0
2015,wta,2015_10_rio_de_janeiro_rio_open_2015-02-21_SF_errani_s_larsson_j,2015-W-INT-BRA-01A-2015_29,1073,201506,201596,tournament_rank_unique,False,,1,1,True,0,0.0
2015,wta,2015_10_rio_de_janeiro_rio_open_2015-02-22_F_errani_s_schmiedlova_a,2015-W-INT-BRA-01A-2015_31,1073,201506,203533,tournament_rank_unique,False,,1,1,True,0,0.0
2015,wta,2015_11_acapulco_abierto_mexicano_2015-02-24_R32_mattek_sands_b_zacarias_m,2015-W-INT-MEX-01A-2015_6,1002,201318,204420,tournament_rank_unique,False,,1,1,True,0,0.0
2015,wta,2015_11_acapulco_abierto_mexicano_2015-02-24_R32_sharapova_m_rogers_s,2015-W-INT-MEX-01A-2015_1,1002,201345,201603,tournament_rank_unique,False,,1,1,True,0,0.0
2015,wta,2015_11_acapulco_abierto_mexicano_2015-02-24_R32_lucic_m_arruabarrena_l,2015-W-INT-MEX-01A-2015_7,1002,200002,202418,tournament_rank_unique,False,,1,1,True,0,0.0
2015,wta,2015_11_acapulco_abierto_mexicano_2015-02-24_R32_puig_m_smitkova_t,2015-W-INT-MEX-01A-2015_15,1002,201620,202702,tournament_rank_unique,False,,1,1,True,0,0.0
2015,wta,2015_11_acapulco_abierto_mexicano_2015-02-24_R32_torro_flor_m_t_brengle_m,2015-W-INT-MEX-01A-2015_8,1002,201640,201483,tournament_rank_unique,False,,1,1,True,0,0.0
2015,wta,2015_11_acapulco_abierto_mexicano_2015-02-24_R32_larsson_j_stephens_s,2015-W-INT-MEX-01A-2015_9,1002,201596,201585,tournament_rank_unique,False,,1,1,True,0,0.0
2015,wta,2015_11_acapulco_abierto_mexicano_2015-02-24_R32_tsurenko_l_sanchez_a_s,2015-W-INT-MEX-01A-2015_11,1002,201615,204419,tournament_rank_unique,False,,1,1,True,0,0.0
2015,wta,2015_11_acapulco_abierto_mexicano_2015-02-24_R32_bertens_k_vinci_r,2015-W-INT-MEX-01A-2015_13,1002,202428,201311,tournament_rank_unique,False,,1,1,True,0,0.0
2015,wta,2015_11_acapulco_abierto_mexicano_2015-02-24_R32_rybarikova_m_tomljanovic_a,2015-W-INT-MEX-01A-2015_4,1002,201517,201548,tournament_rank_unique,False,,1,1,True,0,0.0
2015,wta,2015_11_acapulco_abierto_mexicano_2015-02-25_R32_bogdan_e_davis_l,2015-W-INT-MEX-01A-2015_3,1002,202594,201616,tournament_rank_unique,False,,1,1,True,0,0.0
2015,wta,2015_11_acapulco_abierto_mexicano_2015-02-25_R32_errani_s_hradecka_l,2015-W-INT-MEX-01A-2015_16,1002,201506,201556,tournament_rank_unique,False,,1,1,True,0,0.0
2015,wta,2015_11_acapulco_abierto_mexicano_2015-02-25_R32_duque_marino_m_chirico_l,2015-W-INT-MEX-01A-2015_2,1002,201531,211635,tournament_rank_unique,False,,1,1,True,0,0.0
2015,wta,2015_11_acapulco_abierto_mexicano_2015-02-25_R32_garcia_c_hercog_p,2015-W-INT-MEX-01A-2015_5,1002,201614,201555,tournament_rank_unique,False,,1,1,True,0,0.0
2015,wta,2015_11_acapulco_abierto_mexicano_2015-02-25_R32_krunic_a_schmiedlova_a,2015-W-INT-MEX-01A-2015_10,1002,202434,203533,tournament_rank_unique,False,,1,1,True,0,0.0
2015,wta,2015_11_acapulco_abierto_mexicano_2015-02-25_R32_bacsinszky_t_hogenkamp_r,2015-W-INT-MEX-01A-2015_12,1002,201490,202480,tournament_rank_unique,False,,1,1,True,0,0.0
2015,wta,2015_11_acapulco_abierto_mexicano_2015-02-25_R32_karatantcheva_s_bouzkova_m,2015-W-INT-MEX-01A-2015_14,1002,201402,213631,tournament_rank_unique,False,,1,1,True,0,0.0
2015,wta,2015_11_acapulco_abierto_mexicano_2015-02-25_R16_rybarikova_m_bogdan_e,2015-W-INT-MEX-01A-2015_18,1002,201517,202594,tournament_rank_unique,False,,1,1,True,0,0.0
2015,wta,2015_11_acapulco_abierto_mexicano_2015-02-25_R16_lucic_m_torro_flor_m_t,2015-W-INT-MEX-01A-2015_20,1002,200002,201640,tournament_rank_unique,False,,1,1,True,0,0.0
2015,wta,2015_11_acapulco_abierto_mexicano_2015-02-26_R16_bacsinszky_t_tsurenko_l,2015-W-INT-MEX-01A-2015_22,1002,201490,201615,tournament_rank_unique,False,,1,1,True,0,0.0
2015,wta,2015_11_acapulco_abierto_mexicano_2015-02-26_R16_sharapova_m_duque_marino_m,2015-W-INT-MEX-01A-2015_17,1002,201345,201531,tournament_rank_unique,False,,1,1,True,0,0.0
2015,wta,2015_11_acapulco_abierto_mexicano_2015-02-26_R16_garcia_c_mattek_sands_b,2015-W-INT-MEX-01A-2015_19,1002,201614,201318,tournament_rank_unique,False,,1,1,True,0,0.0
2015,wta,2015_11_acapulco_abierto_mexicano_2015-02-26_R16_larsson_j_krunic_a,2015-W-INT-MEX-01A-2015_21,1002,201596,202434,tournament_rank_unique,False,,1,1,True,0,0.0
2015,wta,2015_11_acapulco_abierto_mexicano_2015-02-26_R16_puig_m_errani_s,2015-W-INT-MEX-01A-2015_24,1002,201620,201506,tournament_rank_unique,False,,1,1,True,0,0.0
2015,wta,2015_11_acapulco_abierto_mexicano_2015-02-26_R16_karatantcheva_s_bertens_k,2015-W-INT-MEX-01A-2015_23,1002,201402,202428,tournament_rank_unique,False,,1,1,True,0,0.0
2015,wta,2015_11_acapulco_abierto_mexicano_2015-02-26_QF_karatantcheva_s_puig_m,2015-W-INT-MEX-01A-2015_28,1002,201402,201620,tournament_rank_unique,False,,1,1,True,0,0.0
2015,wta,2015_11_acapulco_abierto_mexicano_2015-02-27_QF_bacsinszky_t_larsson_j,2015-W-INT-MEX-01A-2015_27,1002,201490,201596,tournament_rank_unique,False,,1,1,True,0,0.0
2015,wta,2015_11_acapulco_abierto_mexicano_2015-02-27_QF_sharapova_m_rybarikova_m,2015-W-INT-MEX-01A-2015_25,1002,201345,201517,tournament_rank_unique,False,,1,1,True,0,0.0
2015,wta,2015_11_acapulco_abierto_mexicano_2015-02-27_QF_garcia_c_lucic_m,2015-W-INT-MEX-01A-2015_26,1002,201614,200002,tournament_rank_unique,False,,1,1,True,0,0.0
2015,wta,2015_11_acapulco_abierto_mexicano_2015-02-27_SF_bacsinszky_t_karatantcheva_s,2015-W-INT-MEX-01A-2015_30,1002,201490,201402,tournament_rank_unique,False,,1,1,True,0,0.0
2015,wta,2015_11_acapulco_abierto_mexicano_2015-02-28_SF_garcia_c_sharapova_m,2015-W-INT-MEX-01A-2015_29,1002,201614,201345,tournament_rank_unique,False,,1,1,True,0,0.0
2015,wta,2015_11_acapulco_abierto_mexicano_2015-03-01_F_bacsinszky_t_garcia_c,2015-W-INT-MEX-01A-2015_31,1002,201490,201614,tournament_rank_unique,False,,1,1,True,0,0.0
2015,wta,2015_12_doha_qatar_total_open_2015-02-23_R32_pennetta_f_kuznetsova_s,2015-W-PR-QAT-01A-2015_9,1003,201355,201320,tournament_rank_unique,False,,1,1,True,0,0.0
2015,wta,2015_12_doha_qatar_total_open_2015-02-23_R32_zahlavova_strycova_b_lisicki_s,2015-W-PR-QAT-01A-2015_8,1003,201366,201513,tournament_rank_unique,False,,1,1,True,0,0.0
2015,wta,2015_12_doha_qatar_total_open_2015-02-23_R32_azarenka_v_kerber_a,2015-W-PR-QAT-01A-2015_10,1003,201458,201493,tournament_rank_unique,False,,1,1,True,0,0.0
2015,wta,2015_12_doha_qatar_total_open_2015-02-23_R32_williams_v_dellacqua_c,2015-W-PR-QAT-01A-2015_7,1003,200748,201348,tournament_rank_unique,False,,1,1,True,0,0.0
2015,wta,2015_12_doha_qatar_total_open_2015-02-23_R32_safarova_l_stosur_s,2015-W-PR-QAT-01A-2015_4,1003,201425,201325,tournament_rank_unique,False,,1,1,True,0,0.0
2015,wta,2015_12_doha_qatar_total_open_2015-02-24_R32_petkovic_a_flipkens_k,2015-W-PR-QAT-01A-2015_6,1003,201492,201465,tournament_rank_unique,False,,1,1,True,0,0.0
2015,wta,2015_12_doha_qatar_total_open_2015-02-24_R32_svitolina_e_gavrilova_d,2015-W-PR-QAT-01A-2015_11,1003,202494,201611,tournament_rank_unique,False,,1,1,True,0,0.0
2015,wta,2015_12_doha_qatar_total_open_2015-02-24_R32_diyas_z_jabeur_o,2015-W-PR-QAT-01A-2015_5,1003,201610,202460,tournament_rank_unique,False,,1,1,True,0,0.0
2015,wta,2015_12_doha_qatar_total_open_2015-02-24_R32_jankovic_j_zheng_s,2015-W-PR-QAT-01A-2015_1,1003,201347,202453,tournament_rank_unique,False,,1,1,True,0,0.0
2015,wta,2015_12_doha_qatar_total_open_2015-02-24_R32_pliskova_ka_voegele_s,2015-W-PR-QAT-01A-2015_2,1003,201662,201527,tournament_rank_unique,False,,1,1,True,0,0.0
2015,wta,2015_12_doha_qatar_total_open_2015-02-24_R32_suarez_navarro_c_muguruza_g,2015-W-PR-QAT-01A-2015_3,1003,201521,202469,tournament_rank_unique,False,,1,1,True,0,0.0
2015,wta,2015_12_doha_qatar_total_open_2015-02-24_R32_dulgheru_a_cornet_a,2015-W-PR-QAT-01A-2015_12,1003,201567,201427,tournament_rank_unique,False,,1,1,True,0,0.0
2015,wta,2015_12_doha_qatar_total_open_2015-02-24_R16_williams_v_zahlavova_strycova_b,2015-W-PR-QAT-01A-2015_17,1003,200748,201366,tournament_rank_unique,False,,1,1,True,0,0.0
2015,wta,2015_12_doha_qatar_total_open_2015-02-25_R16_safarova_l_makarova_e,2015-W-PR-QAT-01A-2015_15,1003,201425,201505,tournament_rank_unique,False,,1,1,True,0,0.0
2015,wta,2015_12_doha_qatar_total_open_2015-02-25_R16_radwanska_a_pennetta_f,2015-W-PR-QAT-01A-2015_18,1003,201474,201355,tournament_rank_unique,False,,1,1,True,0,0.0
2015,wta,2015_12_doha_qatar_total_open_2015-02-25_R16_kvitova_p_jankovic_j,2015-W-PR-QAT-01A-2015_13,1003,201520,201347,tournament_rank_unique,False,,1,1,True,0,0.0
2015,wta,2015_12_doha_qatar_total_open_2015-02-25_R16_petkovic_a_diyas_z,2015-W-PR-QAT-01A-2015_16,1003,201492,201610,tournament_rank_unique,False,,1,1,True,0,0.0
2015,wta,2015_12_doha_qatar_total_open_2015-02-25_R16_wozniacki_c_dulgheru_a,2015-W-PR-QAT-01A-2015_20,1003,201496,201567,tournament_rank_unique,False,,1,1,True,0,0.0
2015,wta,2015_12_doha_qatar_total_open_2015-02-25_R16_azarenka_v_svitolina_e,2015-W-PR-QAT-01A-2015_19,1003,201458,202494,tournament_rank_unique,False,,1,1,True,0,0.0
2015,wta,2015_12_doha_qatar_total_open_2015-02-25_R16_suarez_navarro_c_pliskova_ka,2015-W-PR-QAT-01A-2015_14,1003,201521,201662,tournament_rank_unique,False,,1,1,True,0,0.0
2015,wta,2015_12_doha_qatar_total_open_2015-02-26_QF_williams_v_radwanska_a,2015-W-PR-QAT-01A-2015_23,1003,200748,201474,tournament_rank_unique,False,,1,1,True,0,0.0
2015,wta,2015_12_doha_qatar_total_open_2015-02-26_QF_azarenka_v_wozniacki_c,2015-W-PR-QAT-01A-2015_24,1003,201458,201496,tournament_rank_unique,False,,1,1,True,0,0.0
2015,wta,2015_12_doha_qatar_total_open_2015-02-26_QF_suarez_navarro_c_kvitova_p,2015-W-PR-QAT-01A-2015_21,1003,201521,201520,tournament_rank_unique,False,,1,1,True,0,0.0
2015,wta,2015_12_doha_qatar_total_open_2015-02-26_QF_safarova_l_petkovic_a,2015-W-PR-QAT-01A-2015_22,1003,201425,201492,tournament_rank_unique,False,,1,1,True,0,0.0
2015,wta,2015_12_doha_qatar_total_open_2015-02-27_SF_safarova_l_suarez_navarro_c,2015-W-PR-QAT-01A-2015_25,1003,201425,201521,tournament_rank_unique,False,,1,1,True,0,0.0
2015,wta,2015_12_doha_qatar_total_open_2015-02-27_SF_azarenka_v_williams_v,2015-W-PR-QAT-01A-2015_26,1003,201458,200748,tournament_rank_unique,False,,1,1,True,0,0.0
2015,wta,2015_12_doha_qatar_total_open_2015-02-28_F_safarova_l_azarenka_v,2015-W-PR-QAT-01A-2015_27,1003,201425,201458,tournament_rank_unique,False,,1,1,True,0,0.0
2015,wta,2015_13_kuala_lumpur_malaysia_open_2015-03-02_R32_nara_k_voegele_s,2015-W-INT-MAS-01A-2015_9,1041,201597,201527,tournament_rank_unique,False,,1,1,True,0,0.0
2015,wta,2015_13_kuala_lumpur_malaysia_open_2015-03-02_R32_kozlova_k_zheng_s,2015-W-INT-MAS-01A-2015_14,1041,203462,202453,tournament_rank_unique,False,,1,1,True,0,0.0
2015,wta,2015_13_kuala_lumpur_malaysia_open_2015-03-02_R32_kumkhum_l_namigata_j,2015-W-INT-MAS-01A-2015_11,1041,202503,201612,tournament_rank_unique,False,,1,1,True,0,0.0
2015,wta,2015_13_kuala_lumpur_malaysia_open_2015-03-02_R32_duan_y_y_xu_y_f,2015-W-INT-MAS-01A-2015_15,1041,202504,201703,tournament_rank_unique,False,,1,1,True,0,0.0
2015,wta,2015_13_kuala_lumpur_malaysia_open_2015-03-02_R32_linette_m_wang_q,2015-W-INT-MAS-01A-2015_10,1041,202663,202492,tournament_rank_unique,False,,1,1,True,0,0.0
2015,wta,2015_13_kuala_lumpur_malaysia_open_2015-03-02_R32_kulichkova_e_jovanovski_b,2015-W-INT-MAS-01A-2015_8,1041,206404,201587,tournament_rank_unique,False,,1,1,True,0,0.0
2015,wta,2015_13_kuala_lumpur_malaysia_open_2015-03-03_R32_gajdosova_j_buyukakcay_c,2015-W-INT-MAS-01A-2015_12,1041,201457,201666,tournament_rank_unique,False,,1,1,True,0,0.0
2015,wta,2015_13_kuala_lumpur_malaysia_open_2015-03-03_R32_goerges_j_kudryavtseva_a,2015-W-INT-MAS-01A-2015_13,1041,201504,201485,tournament_rank_unique,False,,1,1,True,0,0.0
2015,wta,2015_13_kuala_lumpur_malaysia_open_2015-03-03_R32_eguchi_m_mestach_a_s,2015-W-INT-MAS-01A-2015_6,1041,202685,202420,tournament_rank_unique,False,,1,1,True,0,0.0
2015,wta,2015_13_kuala_lumpur_malaysia_open_2015-03-03_R32_hsieh_s_w_dellacqua_c,2015-W-INT-MAS-01A-2015_5,1041,201444,201348,tournament_rank_unique,False,,1,1,True,0,0.0
2015,wta,2015_13_kuala_lumpur_malaysia_open_2015-03-03_R32_zhu_l_beygelzimer_y,2015-W-INT-MAS-01A-2015_2,1041,202684,201377,tournament_rank_unique,False,,1,1,True,0,0.0
2015,wta,2015_13_kuala_lumpur_malaysia_open_2015-03-03_R32_koukalova_k_mayr_p,2015-W-INT-MAS-01A-2015_4,1041,201344,201537,tournament_rank_unique,False,,1,1,True,0,0.0
2015,wta,2015_13_kuala_lumpur_malaysia_open_2015-03-03_R32_wozniacki_c_wang_yaf,2015-W-INT-MAS-01A-2015_1,1041,201496,206374,tournament_rank_unique,False,,1,1,True,0,0.0
2015,wta,2015_13_kuala_lumpur_malaysia_open_2015-03-03_R32_witthoeft_c_doi_m,2015-W-INT-MAS-01A-2015_3,1041,202489,201595,tournament_rank_unique,False,,1,1,True,0,0.0
2015,wta,2015_13_kuala_lumpur_malaysia_open_2015-03-03_R32_dulgheru_a_lisicki_s,2015-W-INT-MAS-01A-2015_16,1041,201567,201513,tournament_rank_unique,False,,1,1,True,0,0.0
2015,wta,2015_13_kuala_lumpur_malaysia_open_2015-03-04_R16_gajdosova_j_kumkhum_l,2015-W-INT-MAS-01A-2015_22,1041,201457,202503,tournament_rank_unique,False,,1,1,True,0,0.0
2015,wta,2015_13_kuala_lumpur_malaysia_open_2015-03-04_R16_kulichkova_e_putintseva_y,2015-W-INT-MAS-01A-2015_20,1041,206404,201709,tournament_rank_unique,False,,1,1,True,0,0.0
2015,wta,2015_13_kuala_lumpur_malaysia_open_2015-03-04_R16_nara_k_linette_m,2015-W-INT-MAS-01A-2015_21,1041,201597,202663,tournament_rank_unique,False,,1,1,True,0,0.0
2015,wta,2015_13_kuala_lumpur_malaysia_open_2015-03-04_R16_dulgheru_a_duan_y_y,2015-W-INT-MAS-01A-2015_24,1041,201567,202504,tournament_rank_unique,False,,1,1,True,0,0.0
2015,wta,2015_13_kuala_lumpur_malaysia_open_2015-03-04_R16_goerges_j_kozlova_k,2015-W-INT-MAS-01A-2015_23,1041,201504,203462,tournament_rank_unique,False,,1,1,True,0,0.0
2015,wta,2015_13_kuala_lumpur_malaysia_open_2015-03-05_R16_hsieh_s_w_eguchi_m,2015-W-INT-MAS-01A-2015_19,1041,201444,202685,tournament_rank_unique,False,,1,1,True,0,0.0
2015,wta,2015_13_kuala_lumpur_malaysia_open_2015-03-05_R16_witthoeft_c_koukalova_k,2015-W-INT-MAS-01A-2015_18,1041,202489,201344,tournament_rank_unique,False,,1,1,True,0,0.0
2015,wta,2015_13_kuala_lumpur_malaysia_open_2015-03-05_R16_wozniacki_c_zhu_l,2015-W-INT-MAS-01A-2015_17,1041,201496,202684,tournament_rank_unique,False,,1,1,True,0,0.0
2015,wta,2015_13_kuala_lumpur_malaysia_open_2015-03-06_QF_dulgheru_a_goerges_j,2015-W-INT-MAS-01A-2015_28,1041,201567,201504,tournament_rank_unique,False,,1,1,True,0,0.0
2015,wta,2015_13_kuala_lumpur_malaysia_open_2015-03-06_QF_gajdosova_j_nara_k,2015-W-INT-MAS-01A-2015_27,1041,201457,201597,tournament_rank_unique,False,,1,1,True,0,0.0
2015,wta,2015_13_kuala_lumpur_malaysia_open_2015-03-06_QF_hsieh_s_w_kulichkova_e,2015-W-INT-MAS-01A-2015_26,1041,201444,206404,tournament_rank_unique,False,,1,1,True,0,0.0
2015,wta,2015_13_kuala_lumpur_malaysia_open_2015-03-06_QF_wozniacki_c_witthoeft_c,2015-W-INT-MAS-01A-2015_25,1041,201496,202489,tournament_rank_unique,False,,1,1,True,0,0.0
2015,wta,2015_13_kuala_lumpur_malaysia_open_2015-03-07_SF_dulgheru_a_gajdosova_j,2015-W-INT-MAS-01A-2015_30,1041,201567,201457,tournament_rank_unique,False,,1,1,True,0,0.0
2015,wta,2015_13_kuala_lumpur_malaysia_open_2015-03-07_SF_wozniacki_c_hsieh_s_w,2015-W-INT-MAS-01A-2015_29,1041,201496,201444,tournament_rank_unique,False,,1,1,True,0,0.0
2015,wta,2015_13_kuala_lumpur_malaysia_open_2015-03-08_F_wozniacki_c_dulgheru_a,2015-W-INT-MAS-01A-2015_31,1041,201496,201567,tournament_rank_unique,False,,1,1,True,0,0.0
2015,wta,2015_14_monterrey_monterrey_open_2015-03-03_R32_tsurenko_l_rogers_s,2015-W-INT-MEX-02A-2015_11,1039,201615,201603,tournament_rank_unique,False,,1,1,True,0,0.0
2015,wta,2015_14_monterrey_monterrey_open_2015-03-03_R32_bacsinszky_t_wickmayer_y,2015-W-INT-MEX-02A-2015_12,1039,201490,201518,tournament_rank_unique,False,,1,1,True,0,0.0
2015,wta,2015_14_monterrey_monterrey_open_2015-03-03_R32_rybarikova_m_jaksic_j,2015-W-INT-MEX-02A-2015_8,1039,201517,206049,tournament_rank_unique,False,,1,1,True,0,0.0
2015,wta,2015_14_monterrey_monterrey_open_2015-03-03_R32_larsson_j_bertens_k,2015-W-INT-MEX-02A-2015_14,1039,201596,202428,tournament_rank_unique,False,,1,1,True,0,0.0
2015,wta,2015_14_monterrey_monterrey_open_2015-03-03_R32_parmentier_p_krunic_a,2015-W-INT-MEX-02A-2015_2,1039,201426,202434,tournament_rank_unique,False,,1,1,True,0,0.0
2015,wta,2015_14_monterrey_monterrey_open_2015-03-03_R32_hercog_p_sanchez_a_s,2015-W-INT-MEX-02A-2015_7,1039,201555,204419,tournament_rank_unique,False,,1,1,True,0,0.0
2015,wta,2015_14_monterrey_monterrey_open_2015-03-03_R32_mladenovic_k_smitkova_t,2015-W-INT-MEX-02A-2015_3,1039,201540,202702,tournament_rank_unique,False,,1,1,True,0,0.0
2015,wta,2015_14_monterrey_monterrey_open_2015-03-03_R32_errani_s_davis_l,2015-W-INT-MEX-02A-2015_16,1039,201506,201616,tournament_rank_unique,False,,1,1,True,0,0.0
2015,wta,2015_14_monterrey_monterrey_open_2015-03-03_R32_zvonareva_v_riske_a,2015-W-INT-MEX-02A-2015_4,1039,201329,201590,tournament_rank_unique,False,,1,1,True,0,0.0
2015,wta,2015_14_monterrey_monterrey_open_2015-03-03_R32_radwanska_u_torro_flor_m_t,2015-W-INT-MEX-02A-2015_10,1039,201524,201640,tournament_rank_unique,False,,1,1,True,0,0.0
2015,wta,2015_14_monterrey_monterrey_open_2015-03-03_R32_babos_t_soler_espinosa_s,2015-W-INT-MEX-02A-2015_15,1039,201693,201562,tournament_rank_unique,False,,1,1,True,0,0.0
2015,wta,2015_14_monterrey_monterrey_open_2015-03-03_R32_garcia_c_knapp_k,2015-W-INT-MEX-02A-2015_5,1039,201614,201498,tournament_rank_unique,False,,1,1,True,0,0.0
2015,wta,2015_14_monterrey_monterrey_open_2015-03-03_R32_schiavone_f_mattek_sands_b,2015-W-INT-MEX-02A-2015_6,1039,201212,201318,tournament_rank_unique,False,,1,1,True,0,0.0
2015,wta,2015_14_monterrey_monterrey_open_2015-03-04_R32_ivanovic_a_vaidisova_n,2015-W-INT-MEX-02A-2015_1,1039,201421,201400,tournament_rank_unique,False,,1,1,True,0,0.0
2015,wta,2015_14_monterrey_monterrey_open_2015-03-04_R32_pavlyuchenkova_a_schmiedlova_a,2015-W-INT-MEX-02A-2015_13,1039,201499,203533,tournament_rank_unique,False,,1,1,True,0,0.0
2015,wta,2015_14_monterrey_monterrey_open_2015-03-04_R32_hantuchova_d_puig_m,2015-W-INT-MEX-02A-2015_9,1039,201290,201620,tournament_rank_unique,False,,1,1,True,0,0.0
2015,wta,2015_14_monterrey_monterrey_open_2015-03-04_R16_mladenovic_k_zvonareva_v,2015-W-INT-MEX-02A-2015_18,1039,201540,201329,tournament_rank_unique,False,,1,1,True,0,0.0
2015,wta,2015_14_monterrey_monterrey_open_2015-03-04_R16_rybarikova_m_hercog_p,2015-W-INT-MEX-02A-2015_20,1039,201517,201555,tournament_rank_unique,False,,1,1,True,0,0.0
2015,wta,2015_14_monterrey_monterrey_open_2015-03-05_R16_errani_s_babos_t,2015-W-INT-MEX-02A-2015_24,1039,201506,201693,tournament_rank_unique,False,,1,1,True,0,0.0
2015,wta,2015_14_monterrey_monterrey_open_2015-03-05_R16_ivanovic_a_parmentier_p,2015-W-INT-MEX-02A-2015_17,1039,201421,201426,tournament_rank_unique,False,,1,1,True,0,0.0
2015,wta,2015_14_monterrey_monterrey_open_2015-03-05_R16_bacsinszky_t_tsurenko_l,2015-W-INT-MEX-02A-2015_22,1039,201490,201615,tournament_rank_unique,False,,1,1,True,0,0.0
2015,wta,2015_14_monterrey_monterrey_open_2015-03-06_R16_radwanska_u_hantuchova_d,2015-W-INT-MEX-02A-2015_21,1039,201524,201290,tournament_rank_unique,False,,1,1,True,0,0.0
2015,wta,2015_14_monterrey_monterrey_open_2015-03-06_R16_pavlyuchenkova_a_larsson_j,2015-W-INT-MEX-02A-2015_23,1039,201499,201596,tournament_rank_unique,False,,1,1,True,0,0.0
2015,wta,2015_14_monterrey_monterrey_open_2015-03-06_R16_garcia_c_schiavone_f,2015-W-INT-MEX-02A-2015_19,1039,201614,201212,tournament_rank_unique,False,,1,1,True,0,0.0
2015,wta,2015_14_monterrey_monterrey_open_2015-03-06_QF_bacsinszky_t_radwanska_u,2015-W-INT-MEX-02A-2015_27,1039,201490,201524,tournament_rank_unique,False,,1,1,True,0,0.0
2015,wta,2015_14_monterrey_monterrey_open_2015-03-07_QF_errani_s_pavlyuchenkova_a,2015-W-INT-MEX-02A-2015_28,1039,201506,201499,tournament_rank_unique,False,,1,1,True,0,0.0
2015,wta,2015_14_monterrey_monterrey_open_2015-03-07_QF_garcia_c_rybarikova_m,2015-W-INT-MEX-02A-2015_26,1039,201614,201517,tournament_rank_unique,False,,1,1,True,0,0.0
2015,wta,2015_14_monterrey_monterrey_open_2015-03-07_QF_ivanovic_a_mladenovic_k,2015-W-INT-MEX-02A-2015_25,1039,201421,201540,tournament_rank_unique,False,,1,1,True,0,0.0
2015,wta,2015_14_monterrey_monterrey_open_2015-03-07_SF_bacsinszky_t_errani_s,2015-W-INT-MEX-02A-2015_30,1039,201490,201506,tournament_rank_unique,False,,1,1,True,0,0.0
2015,wta,2015_14_monterrey_monterrey_open_2015-03-08_SF_garcia_c_ivanovic_a,2015-W-INT-MEX-02A-2015_29,1039,201614,201421,tournament_rank_unique,False,,1,1,True,0,0.0
2015,wta,2015_14_monterrey_monterrey_open_2015-03-09_F_bacsinszky_t_garcia_c,2015-W-INT-MEX-02A-2015_31,1039,201490,201614,tournament_rank_unique,False,,1,1,True,0,0.0
2015,wta,2015_15_indian_wells_bnp_paribas_open_2015-03-11_R128_vekic_d_chirico_l,2015-W-PM-USA-01A-2015_2,609,202499,211635,tournament_rank_unique,False,,1,1,True,0,0.0
2015,wta,2015_15_indian_wells_bnp_paribas_open_2015-03-11_R128_watson_h_goerges_j,2015-W-PM-USA-01A-2015_15,609,201586,201504,tournament_rank_unique,False,,1,1,True,0,0.0
2015,wta,2015_15_indian_wells_bnp_paribas_open_2015-03-11_R128_niculescu_m_krunic_a,2015-W-PM-USA-01A-2015_1,609,201512,202434,tournament_rank_unique,False,,1,1,True,0,0.0
2015,wta,2015_15_indian_wells_bnp_paribas_open_2015-03-11_R128_barthel_m_mladenovic_k,2015-W-PM-USA-01A-2015_5,609,201621,201540,tournament_rank_unique,False,,1,1,True,0,0.0
2015,wta,2015_15_indian_wells_bnp_paribas_open_2015-03-11_R128_vesnina_e_kozlova_k,2015-W-PM-USA-01A-2015_8,609,201455,203462,tournament_rank_unique,False,,1,1,True,0,0.0
2015,wta,2015_15_indian_wells_bnp_paribas_open_2015-03-11_R128_gavrilova_d_soler_espinosa_s,2015-W-PM-USA-01A-2015_9,609,201611,201562,tournament_rank_unique,False,,1,1,True,0,0.0
2015,wta,2015_15_indian_wells_bnp_paribas_open_2015-03-11_R128_falconi_i_tomljanovic_a,2015-W-PM-USA-01A-2015_11,609,201604,201548,tournament_rank_unique,False,,1,1,True,0,0.0
2015,wta,2015_15_indian_wells_bnp_paribas_open_2015-03-11_R128_puig_m_gibbs_n,2015-W-PM-USA-01A-2015_13,609,201620,202484,tournament_rank_unique,False,,1,1,True,0,0.0
2015,wta,2015_15_indian_wells_bnp_paribas_open_2015-03-11_R128_vickery_s_kudryavtseva_a,2015-W-PM-USA-01A-2015_10,609,203500,201485,tournament_rank_unique,False,,1,1,True,0,0.0
2015,wta,2015_15_indian_wells_bnp_paribas_open_2015-03-11_R128_siniakova_k_rodina_e,2015-W-PM-USA-01A-2015_3,609,211701,201516,tournament_rank_unique,False,,1,1,True,0,0.0
2015,wta,2015_15_indian_wells_bnp_paribas_open_2015-03-12_R128_van_uytvanck_a_nara_k,2015-W-PM-USA-01A-2015_6,609,202421,201597,tournament_rank_unique,False,,1,1,True,0,0.0
2015,wta,2015_15_indian_wells_bnp_paribas_open_2015-03-12_R128_arruabarrena_l_rybarikova_m,2015-W-PM-USA-01A-2015_12,609,202418,201517,tournament_rank_unique,False,,1,1,True,0,0.0
2015,wta,2015_15_indian_wells_bnp_paribas_open_2015-03-12_R128_riske_a_lucic_m,2015-W-PM-USA-01A-2015_16,609,201590,200002,tournament_rank_unique,False,,1,1,True,0,0.0
2015,wta,2015_15_indian_wells_bnp_paribas_open_2015-03-12_R128_erakovic_m_min_g,2015-W-PM-USA-01A-2015_7,609,201523,202479,tournament_rank_unique,False,,1,1,True,0,0.0
2015,wta,2015_15_indian_wells_bnp_paribas_open_2015-03-12_R128_stephens_s_scheepers_c,2015-W-PM-USA-01A-2015_4,609,201585,201541,tournament_rank_unique,False,,1,1,True,0,0.0
2015,wta,2015_15_indian_wells_bnp_paribas_open_2015-03-12_R128_pavlyuchenkova_a_larsson_j,2015-W-PM-USA-01A-2015_14,609,201499,201596,tournament_rank_unique,False,,1,1,True,0,0.0
2015,wta,2015_15_indian_wells_bnp_paribas_open_2015-03-12_R128_vinci_r_gajdosova_j,2015-W-PM-USA-01A-2015_27,609,201311,201457,tournament_rank_unique,False,,1,1,True,0,0.0
2015,wta,2015_15_indian_wells_bnp_paribas_open_2015-03-12_R128_jabeur_o_kanepi_k,2015-W-PM-USA-01A-2015_24,609,202460,201466,tournament_rank_unique,False,,1,1,True,0,0.0
2015,wta,2015_15_indian_wells_bnp_paribas_open_2015-03-12_R128_wickmayer_y_knapp_k,2015-W-PM-USA-01A-2015_32,609,201518,201498,tournament_rank_unique,False,,1,1,True,0,0.0
2015,wta,2015_15_indian_wells_bnp_paribas_open_2015-03-12_R128_jovanovski_b_bertens_k,2015-W-PM-USA-01A-2015_23,609,201587,202428,tournament_rank_unique,False,,1,1,True,0,0.0
2015,wta,2015_15_indian_wells_bnp_paribas_open_2015-03-12_R128_karatantcheva_s_pironkova_t,2015-W-PM-USA-01A-2015_18,609,201402,201450,tournament_rank_unique,False,,1,1,True,0,0.0
2015,wta,2015_15_indian_wells_bnp_paribas_open_2015-03-12_R128_putintseva_y_smitkova_t,2015-W-PM-USA-01A-2015_25,609,201709,202702,tournament_rank_unique,False,,1,1,True,0,0.0
2015,wta,2015_15_indian_wells_bnp_paribas_open_2015-03-12_R128_zhu_l_schiavone_f,2015-W-PM-USA-01A-2015_28,609,202684,201212,tournament_rank_unique,False,,1,1,True,0,0.0
2015,wta,2015_15_indian_wells_bnp_paribas_open_2015-03-12_R128_tsurenko_l_beck_a,2015-W-PM-USA-01A-2015_20,609,201615,202470,tournament_rank_unique,False,,1,1,True,0,0.0
2015,wta,2015_15_indian_wells_bnp_paribas_open_2015-03-12_R128_hercog_p_zvonareva_v,2015-W-PM-USA-01A-2015_26,609,201555,201329,tournament_rank_unique,False,,1,1,True,0,0.0
2015,wta,2015_15_indian_wells_bnp_paribas_open_2015-03-12_R128_flipkens_k_rogers_s,2015-W-PM-USA-01A-2015_31,609,201465,201603,tournament_rank_unique,False,,1,1,True,0,0.0
2015,wta,2015_15_indian_wells_bnp_paribas_open_2015-03-12_R128_davis_l_schmiedlova_a,2015-W-PM-USA-01A-2015_22,609,201616,203533,tournament_rank_unique,False,,1,1,True,0,0.0
2015,wta,2015_15_indian_wells_bnp_paribas_open_2015-03-12_R128_hradecka_l_cepelova_j,2015-W-PM-USA-01A-2015_17,609,201556,202450,tournament_rank_unique,False,,1,1,True,0,0.0
2015,wta,2015_15_indian_wells_bnp_paribas_open_2015-03-12_R128_mchale_c_cetkovska_p,2015-W-PM-USA-01A-2015_19,609,201539,201508,tournament_rank_unique,False,,1,1,True,0,0.0
2015,wta,2015_15_indian_wells_bnp_paribas_open_2015-03-12_R128_brengle_m_zheng_s,2015-W-PM-USA-01A-2015_29,609,201483,202453,tournament_rank_unique,False,,1,1,True,0,0.0
2015,wta,2015_15_indian_wells_bnp_paribas_open_2015-03-13_R128_koukalova_k_hantuchova_d,2015-W-PM-USA-01A-2015_21,609,201344,201290,tournament_rank_unique,False,,1,1,True,0,0.0
2015,wta,2015_15_indian_wells_bnp_paribas_open_2015-03-13_R128_townsend_t_mattek_sands_b,2015-W-PM-USA-01A-2015_30,609,203501,201318,tournament_rank_unique,False,,1,1,True,0,0.0
2015,wta,2015_15_indian_wells_bnp_paribas_open_2015-03-13_R64_watson_h_giorgi_c,2015-W-PM-USA-01A-2015_47,609,201586,202429,tournament_rank_unique,False,,1,1,True,0,0.0
2015,wta,2015_15_indian_wells_bnp_paribas_open_2015-03-13_R64_radwanska_a_riske_a,2015-W-PM-USA-01A-2015_48,609,201474,201590,tournament_rank_unique,False,,1,1,True,0,0.0
2015,wta,2015_15_indian_wells_bnp_paribas_open_2015-03-13_R64_svitolina_e_van_uytvanck_a,2015-W-PM-USA-01A-2015_38,609,202494,202421,tournament_rank_unique,False,,1,1,True,0,0.0
2015,wta,2015_15_indian_wells_bnp_paribas_open_2015-03-13_R64_makarova_e_vesnina_e,2015-W-PM-USA-01A-2015_40,609,201505,201455,tournament_rank_unique,False,,1,1,True,0,0.0
2015,wta,2015_15_indian_wells_bnp_paribas_open_2015-03-13_R64_diyas_z_vekic_d,2015-W-PM-USA-01A-2015_34,609,201610,202499,tournament_rank_unique,False,,1,1,True,0,0.0
2015,wta,2015_15_indian_wells_bnp_paribas_open_2015-03-13_R64_halep_s_gavrilova_d,2015-W-PM-USA-01A-2015_41,609,201594,201611,tournament_rank_unique,False,,1,1,True,0,0.0
2015,wta,2015_15_indian_wells_bnp_paribas_open_2015-03-13_R64_bacsinszky_t_erakovic_m,2015-W-PM-USA-01A-2015_39,609,201490,201523,tournament_rank_unique,False,,1,1,True,0,0.0
2015,wta,2015_15_indian_wells_bnp_paribas_open_2015-03-13_R64_pliskova_ka_arruabarrena_l,2015-W-PM-USA-01A-2015_44,609,201662,202418,tournament_rank_unique,False,,1,1,True,0,0.0
2015,wta,2015_15_indian_wells_bnp_paribas_open_2015-03-13_R64_stephens_s_kerber_a,2015-W-PM-USA-01A-2015_36,609,201585,201493,tournament_rank_unique,False,,1,1,True,0,0.0
2015,wta,2015_15_indian_wells_bnp_paribas_open_2015-03-13_R64_kuznetsova_s_siniakova_k,2015-W-PM-USA-01A-2015_35,609,201320,211701,tournament_rank_unique,False,,1,1,True,0,0.0
2015,wta,2015_15_indian_wells_bnp_paribas_open_2015-03-13_R64_pavlyuchenkova_a_zahlavova_strycova_b,2015-W-PM-USA-01A-2015_46,609,201499,201366,tournament_rank_unique,False,,1,1,True,0,0.0
2015,wta,2015_15_indian_wells_bnp_paribas_open_2015-03-13_R64_muguruza_g_falconi_i,2015-W-PM-USA-01A-2015_43,609,202469,201604,tournament_rank_unique,False,,1,1,True,0,0.0
2015,wta,2015_15_indian_wells_bnp_paribas_open_2015-03-13_R64_safarova_l_barthel_m,2015-W-PM-USA-01A-2015_37,609,201425,201621,tournament_rank_unique,False,,1,1,True,0,0.0
2015,wta,2015_15_indian_wells_bnp_paribas_open_2015-03-13_R64_lepchenko_v_vickery_s,2015-W-PM-USA-01A-2015_42,609,201478,203500,tournament_rank_unique,False,,1,1,True,0,0.0
2015,wta,2015_15_indian_wells_bnp_paribas_open_2015-03-14_R64_suarez_navarro_c_puig_m,2015-W-PM-USA-01A-2015_45,609,201521,201620,tournament_rank_unique,False,,1,1,True,0,0.0
2015,wta,2015_15_indian_wells_bnp_paribas_open_2015-03-14_R64_williams_s_niculescu_m,2015-W-PM-USA-01A-2015_33,609,200033,201512,tournament_rank_unique,False,,1,1,True,0,0.0
2015,wta,2015_15_indian_wells_bnp_paribas_open_2015-03-14_R64_bencic_b_jovanovski_b,2015-W-PM-USA-01A-2015_55,609,202505,201587,tournament_rank_unique,False,,1,1,True,0,0.0
2015,wta,2015_15_indian_wells_bnp_paribas_open_2015-03-14_R64_ivanovic_a_putintseva_y,2015-W-PM-USA-01A-2015_57,609,201421,201709,tournament_rank_unique,False,,1,1,True,0,0.0
2015,wta,2015_15_indian_wells_bnp_paribas_open_2015-03-14_R64_lisicki_s_vinci_r,2015-W-PM-USA-01A-2015_59,609,201513,201311,tournament_rank_unique,False,,1,1,True,0,0.0
2015,wta,2015_15_indian_wells_bnp_paribas_open_2015-03-14_R64_pennetta_f_brengle_m,2015-W-PM-USA-01A-2015_61,609,201355,201483,tournament_rank_unique,False,,1,1,True,0,0.0
2015,wta,2015_15_indian_wells_bnp_paribas_open_2015-03-14_R64_errani_s_zhu_l,2015-W-PM-USA-01A-2015_60,609,201506,202684,tournament_rank_unique,False,,1,1,True,0,0.0
2015,wta,2015_15_indian_wells_bnp_paribas_open_2015-03-14_R64_tsurenko_l_petkovic_a,2015-W-PM-USA-01A-2015_52,609,201615,201492,tournament_rank_unique,False,,1,1,True,0,0.0
2015,wta,2015_15_indian_wells_bnp_paribas_open_2015-03-14_R64_garcia_c_hercog_p,2015-W-PM-USA-01A-2015_58,609,201614,201555,tournament_rank_unique,False,,1,1,True,0,0.0
2015,wta,2015_15_indian_wells_bnp_paribas_open_2015-03-14_R64_wozniacki_c_jabeur_o,2015-W-PM-USA-01A-2015_56,609,201496,202460,tournament_rank_unique,False,,1,1,True,0,0.0
2015,wta,2015_15_indian_wells_bnp_paribas_open_2015-03-14_R64_keys_m_koukalova_k,2015-W-PM-USA-01A-2015_53,609,201619,201344,tournament_rank_unique,False,,1,1,True,0,0.0
2015,wta,2015_15_indian_wells_bnp_paribas_open_2015-03-14_R64_jankovic_j_davis_l,2015-W-PM-USA-01A-2015_54,609,201347,201616,tournament_rank_unique,False,,1,1,True,0,0.0
2015,wta,2015_15_indian_wells_bnp_paribas_open_2015-03-14_R64_azarenka_v_flipkens_k,2015-W-PM-USA-01A-2015_63,609,201458,201465,tournament_rank_unique,False,,1,1,True,0,0.0
2015,wta,2015_15_indian_wells_bnp_paribas_open_2015-03-14_R64_sharapova_m_wickmayer_y,2015-W-PM-USA-01A-2015_64,609,201345,201518,tournament_rank_unique,False,,1,1,True,0,0.0
2015,wta,2015_15_indian_wells_bnp_paribas_open_2015-03-14_R64_cornet_a_mchale_c,2015-W-PM-USA-01A-2015_51,609,201427,201539,tournament_rank_unique,False,,1,1,True,0,0.0
2015,wta,2015_15_indian_wells_bnp_paribas_open_2015-03-15_R64_stosur_s_townsend_t,2015-W-PM-USA-01A-2015_62,609,201325,203501,tournament_rank_unique,False,,1,1,True,0,0.0
2015,wta,2015_15_indian_wells_bnp_paribas_open_2015-03-15_R64_vandeweghe_c_karatantcheva_s,2015-W-PM-USA-01A-2015_50,609,201535,201402,tournament_rank_unique,False,,1,1,True,0,0.0
2015,wta,2015_15_indian_wells_bnp_paribas_open_2015-03-15_R64_bouchard_e_hradecka_l,2015-W-PM-USA-01A-2015_49,609,202446,201556,tournament_rank_unique,False,,1,1,True,0,0.0
2015,wta,2015_15_indian_wells_bnp_paribas_open_2015-03-15_R32_svitolina_e_safarova_l,2015-W-PM-USA-01A-2015_67,609,202494,201425,tournament_rank_unique,False,,1,1,True,0,0.0
2015,wta,2015_15_indian_wells_bnp_paribas_open_2015-03-15_R32_watson_h_radwanska_a,2015-W-PM-USA-01A-2015_72,609,201586,201474,tournament_rank_unique,False,,1,1,True,0,0.0
2015,wta,2015_15_indian_wells_bnp_paribas_open_2015-03-15_R32_pliskova_ka_muguruza_g,2015-W-PM-USA-01A-2015_70,609,201662,202469,tournament_rank_unique,False,,1,1,True,0,0.0
2015,wta,2015_15_indian_wells_bnp_paribas_open_2015-03-15_R32_bacsinszky_t_makarova_e,2015-W-PM-USA-01A-2015_68,609,201490,201505,tournament_rank_unique,False,,1,1,True,0,0.0
2015,wta,2015_15_indian_wells_bnp_paribas_open_2015-03-15_R32_williams_s_diyas_z,2015-W-PM-USA-01A-2015_65,609,200033,201610,tournament_rank_unique,False,,1,1,True,0,0.0
2015,wta,2015_15_indian_wells_bnp_paribas_open_2015-03-15_R32_suarez_navarro_c_pavlyuchenkova_a,2015-W-PM-USA-01A-2015_71,609,201521,201499,tournament_rank_unique,False,,1,1,True,0,0.0
2015,wta,2015_15_indian_wells_bnp_paribas_open_2015-03-15_R32_stephens_s_kuznetsova_s,2015-W-PM-USA-01A-2015_66,609,201585,201320,tournament_rank_unique,False,,1,1,True,0,0.0
2015,wta,2015_15_indian_wells_bnp_paribas_open_2015-03-16_R32_halep_s_lepchenko_v,2015-W-PM-USA-01A-2015_69,609,201594,201478,tournament_rank_unique,False,,1,1,True,0,0.0
2015,wta,2015_15_indian_wells_bnp_paribas_open_2015-03-16_R32_tsurenko_l_cornet_a,2015-W-PM-USA-01A-2015_74,609,201615,201427,tournament_rank_unique,False,,1,1,True,0,0.0
2015,wta,2015_15_indian_wells_bnp_paribas_open_2015-03-16_R32_bouchard_e_vandeweghe_c,2015-W-PM-USA-01A-2015_73,609,202446,201535,tournament_rank_unique,False,,1,1,True,0,0.0
2015,wta,2015_15_indian_wells_bnp_paribas_open_2015-03-16_R32_bencic_b_wozniacki_c,2015-W-PM-USA-01A-2015_76,609,202505,201496,tournament_rank_unique,False,,1,1,True,0,0.0
2015,wta,2015_15_indian_wells_bnp_paribas_open_2015-03-16_R32_jankovic_j_keys_m,2015-W-PM-USA-01A-2015_75,609,201347,201619,tournament_rank_unique,False,,1,1,True,0,0.0
2015,wta,2015_15_indian_wells_bnp_paribas_open_2015-03-17_R32_garcia_c_ivanovic_a,2015-W-PM-USA-01A-2015_77,609,201614,201421,tournament_rank_unique,False,,1,1,True,0,0.0
2015,wta,2015_15_indian_wells_bnp_paribas_open_2015-03-17_R32_sharapova_m_azarenka_v,2015-W-PM-USA-01A-2015_80,609,201345,201458,tournament_rank_unique,False,,1,1,True,0,0.0
2015,wta,2015_15_indian_wells_bnp_paribas_open_2015-03-17_R32_pennetta_f_stosur_s,2015-W-PM-USA-01A-2015_79,609,201355,201325,tournament_rank_unique,False,,1,1,True,0,0.0
2015,wta,2015_15_indian_wells_bnp_paribas_open_2015-03-17_R32_lisicki_s_errani_s,2015-W-PM-USA-01A-2015_78,609,201513,201506,tournament_rank_unique,False,,1,1,True,0,0.0
2015,wta,2015_15_indian_wells_bnp_paribas_open_2015-03-17_R16_suarez_navarro_c_watson_h,2015-W-PM-USA-01A-2015_84,609,201521,201586,tournament_rank_unique,False,,1,1,True,0,0.0
2015,wta,2015_15_indian_wells_bnp_paribas_open_2015-03-17_R16_williams_s_stephens_s,2015-W-PM-USA-01A-2015_81,609,200033,201585,tournament_rank_unique,False,,1,1,True,0,0.0
2015,wta,2015_15_indian_wells_bnp_paribas_open_2015-03-17_R16_halep_s_pliskova_ka,2015-W-PM-USA-01A-2015_83,609,201594,201662,tournament_rank_unique,False,,1,1,True,0,0.0
2015,wta,2015_15_indian_wells_bnp_paribas_open_2015-03-18_R16_bacsinszky_t_svitolina_e,2015-W-PM-USA-01A-2015_82,609,201490,202494,tournament_rank_unique,False,,1,1,True,0,0.0
2015,wta,2015_15_indian_wells_bnp_paribas_open_2015-03-18_R16_pennetta_f_sharapova_m,2015-W-PM-USA-01A-2015_88,609,201355,201345,tournament_rank_unique,False,,1,1,True,0,0.0
2015,wta,2015_15_indian_wells_bnp_paribas_open_2015-03-18_R16_jankovic_j_bencic_b,2015-W-PM-USA-01A-2015_86,609,201347,202505,tournament_rank_unique,False,,1,1,True,0,0.0
2015,wta,2015_15_indian_wells_bnp_paribas_open_2015-03-18_R16_tsurenko_l_bouchard_e,2015-W-PM-USA-01A-2015_85,609,201615,202446,tournament_rank_unique,False,,1,1,True,0,0.0
2015,wta,2015_15_indian_wells_bnp_paribas_open_2015-03-18_R16_lisicki_s_garcia_c,2015-W-PM-USA-01A-2015_87,609,201513,201614,tournament_rank_unique,False,,1,1,True,0,0.0
2015,wta,2015_15_indian_wells_bnp_paribas_open_2015-03-18_QF_halep_s_suarez_navarro_c,2015-W-PM-USA-01A-2015_90,609,201594,201521,tournament_rank_unique,False,,1,1,True,0,0.0
2015,wta,2015_15_indian_wells_bnp_paribas_open_2015-03-19_QF_williams_s_bacsinszky_t,2015-W-PM-USA-01A-2015_89,609,200033,201490,tournament_rank_unique,False,,1,1,True,0,0.0
2015,wta,2015_15_indian_wells_bnp_paribas_open_2015-03-19_QF_jankovic_j_tsurenko_l,2015-W-PM-USA-01A-2015_91,609,201347,201615,tournament_rank_unique,False,,1,1,True,0,0.0
2015,wta,2015_15_indian_wells_bnp_paribas_open_2015-03-20_QF_lisicki_s_pennetta_f,2015-W-PM-USA-01A-2015_92,609,201513,201355,tournament_rank_unique,False,,1,1,True,0,0.0
2015,wta,2015_15_indian_wells_bnp_paribas_open_2015-03-21_SF_jankovic_j_lisicki_s,2015-W-PM-USA-01A-2015_94,609,201347,201513,tournament_rank_unique,False,,1,1,True,0,0.0
2015,wta,2015_15_indian_wells_bnp_paribas_open_2015-03-21_SF_halep_s_williams_s,2015-W-PM-USA-01A-2015_93,609,201594,200033,tournament_rank_unique,False,,1,1,True,0,0.0
2015,wta,2015_15_indian_wells_bnp_paribas_open_2015-03-22_F_halep_s_jankovic_j,2015-W-PM-USA-01A-2015_95,609,201594,201347,tournament_rank_unique,False,,1,1,True,0,0.0
2015,wta,2015_16_miami_sony_ericsson_open_2015-03-24_R128_schmiedlova_a_hercog_p,2015-W-PM-USA-02A-2015_17,902,203533,201555,tournament_rank_unique,False,,1,1,True,0,0.0
2015,wta,2015_16_miami_sony_ericsson_open_2015-03-24_R128_brengle_m_krunic_a,2015-W-PM-USA-02A-2015_24,902,201483,202434,tournament_rank_unique,False,,1,1,True,0,0.0
2015,wta,2015_16_miami_sony_ericsson_open_2015-03-24_R128_bellis_c_de_vroome_i,2015-W-PM-USA-02A-2015_2,902,214263,204377,tournament_rank_unique,False,,1,1,True,0,0.0
2015,wta,2015_16_miami_sony_ericsson_open_2015-03-24_R128_knapp_k_siniakova_k,2015-W-PM-USA-02A-2015_25,902,201498,211701,tournament_rank_unique,False,,1,1,True,0,0.0
2015,wta,2015_16_miami_sony_ericsson_open_2015-03-24_R128_niculescu_m_rogers_s,2015-W-PM-USA-02A-2015_1,902,201512,201603,tournament_rank_unique,False,,1,1,True,0,0.0
2015,wta,2015_16_miami_sony_ericsson_open_2015-03-24_R128_badosa_gibert_p_cetkovska_p,2015-W-PM-USA-02A-2015_30,902,211651,201508,tournament_rank_unique,False,,1,1,True,0,0.0
2015,wta,2015_16_miami_sony_ericsson_open_2015-03-24_R128_larsson_j_shvedova_y,2015-W-PM-USA-02A-2015_13,902,201596,201468,tournament_rank_unique,False,,1,1,True,0,0.0
2015,wta,2015_16_miami_sony_ericsson_open_2015-03-24_R128_mladenovic_k_koukalova_k,2015-W-PM-USA-02A-2015_27,902,201540,201344,tournament_rank_unique,False,,1,1,True,0,0.0
2015,wta,2015_16_miami_sony_ericsson_open_2015-03-24_R128_kanepi_k_abanda_f,2015-W-PM-USA-02A-2015_23,902,201466,211796,tournament_rank_unique,False,,1,1,True,0,0.0
2015,wta,2015_16_miami_sony_ericsson_open_2015-03-24_R128_smitkova_t_vikhlyantseva_n,2015-W-PM-USA-02A-2015_18,902,202702,212001,tournament_rank_unique,False,,1,1,True,0,0.0
2015,wta,2015_16_miami_sony_ericsson_open_2015-03-24_R128_jovanovski_b_barthel_m,2015-W-PM-USA-02A-2015_26,902,201587,201621,tournament_rank_unique,False,,1,1,True,0,0.0
2015,wta,2015_16_miami_sony_ericsson_open_2015-03-24_R128_nara_k_tomljanovic_a,2015-W-PM-USA-02A-2015_31,902,201597,201548,tournament_rank_unique,False,,1,1,True,0,0.0
2015,wta,2015_16_miami_sony_ericsson_open_2015-03-25_R128_beck_a_zhang_s,2015-W-PM-USA-02A-2015_29,902,202470,201533,tournament_rank_unique,False,,1,1,True,0,0.0
2015,wta,2015_16_miami_sony_ericsson_open_2015-03-25_R128_mchale_c_cirstea_s,2015-W-PM-USA-02A-2015_28,902,201539,201514,tournament_rank_unique,False,,1,1,True,0,0.0
2015,wta,2015_16_miami_sony_ericsson_open_2015-03-25_R128_bencic_b_hantuchova_d,2015-W-PM-USA-02A-2015_15,902,202505,201290,tournament_rank_unique,False,,1,1,True,0,0.0
2015,wta,2015_16_miami_sony_ericsson_open_2015-03-25_R128_pironkova_t_kozlova_k,2015-W-PM-USA-02A-2015_12,902,201450,203462,tournament_rank_unique,False,,1,1,True,0,0.0
2015,wta,2015_16_miami_sony_ericsson_open_2015-03-25_R128_riske_a_lucic_m,2015-W-PM-USA-02A-2015_3,902,201590,200002,tournament_rank_unique,False,,1,1,True,0,0.0
2015,wta,2015_16_miami_sony_ericsson_open_2015-03-25_R128_watson_h_rodina_e,2015-W-PM-USA-02A-2015_4,902,201586,201516,tournament_rank_unique,False,,1,1,True,0,0.0
2015,wta,2015_16_miami_sony_ericsson_open_2015-03-25_R128_parmentier_p_bertens_k,2015-W-PM-USA-02A-2015_22,902,201426,202428,tournament_rank_unique,False,,1,1,True,0,0.0
2015,wta,2015_16_miami_sony_ericsson_open_2015-03-25_R128_vesnina_e_dulgheru_a,2015-W-PM-USA-02A-2015_19,902,201455,201567,tournament_rank_unique,False,,1,1,True,0,0.0
2015,wta,2015_16_miami_sony_ericsson_open_2015-03-25_R128_radwanska_u_vandeweghe_c,2015-W-PM-USA-02A-2015_21,902,201524,201535,tournament_rank_unique,False,,1,1,True,0,0.0
2015,wta,2015_16_miami_sony_ericsson_open_2015-03-25_R128_gavrilova_d_erakovic_m,2015-W-PM-USA-02A-2015_32,902,201611,201523,tournament_rank_unique,False,,1,1,True,0,0.0
2015,wta,2015_16_miami_sony_ericsson_open_2015-03-25_R128_voegele_s_flipkens_k,2015-W-PM-USA-02A-2015_20,902,201527,201465,tournament_rank_unique,False,,1,1,True,0,0.0
2015,wta,2015_16_miami_sony_ericsson_open_2015-03-25_R128_vaidisova_n_babos_t,2015-W-PM-USA-02A-2015_9,902,201400,201693,tournament_rank_unique,False,,1,1,True,0,0.0
2015,wta,2015_16_miami_sony_ericsson_open_2015-03-25_R128_maria_t_vinci_r,2015-W-PM-USA-02A-2015_16,902,213583,201311,tournament_rank_unique,False,,1,1,True,0,0.0
2015,wta,2015_16_miami_sony_ericsson_open_2015-03-25_R128_azarenka_v_soler_espinosa_s,2015-W-PM-USA-02A-2015_11,902,201458,201562,tournament_rank_unique,False,,1,1,True,0,0.0
2015,wta,2015_16_miami_sony_ericsson_open_2015-03-25_R128_van_uytvanck_a_rybarikova_m,2015-W-PM-USA-02A-2015_10,902,202421,201517,tournament_rank_unique,False,,1,1,True,0,0.0
2015,wta,2015_16_miami_sony_ericsson_open_2015-03-25_R128_goerges_j_cepelova_j,2015-W-PM-USA-02A-2015_7,902,201504,202450,tournament_rank_unique,False,,1,1,True,0,0.0
2015,wta,2015_16_miami_sony_ericsson_open_2015-03-25_R128_falconi_i_puig_m,2015-W-PM-USA-02A-2015_8,902,201604,201620,tournament_rank_unique,False,,1,1,True,0,0.0
2015,wta,2015_16_miami_sony_ericsson_open_2015-03-25_R128_pavlyuchenkova_a_zvonareva_v,2015-W-PM-USA-02A-2015_5,902,201499,201329,tournament_rank_unique,False,,1,1,True,0,0.0
2015,wta,2015_16_miami_sony_ericsson_open_2015-03-25_R128_karatantcheva_s_davis_l,2015-W-PM-USA-02A-2015_6,902,201402,201616,tournament_rank_unique,False,,1,1,True,0,0.0
2015,wta,2015_16_miami_sony_ericsson_open_2015-03-26_R128_stephens_s_wickmayer_y,2015-W-PM-USA-02A-2015_14,902,201585,201518,tournament_rank_unique,False,,1,1,True,0,0.0
2015,wta,2015_16_miami_sony_ericsson_open_2015-03-26_R64_radwanska_a_schmiedlova_a,2015-W-PM-USA-02A-2015_49,902,201474,203533,tournament_rank_unique,False,,1,1,True,0,0.0
2015,wta,2015_16_miami_sony_ericsson_open_2015-03-26_R64_begu_i_smitkova_t,2015-W-PM-USA-02A-2015_50,902,201593,202702,tournament_rank_unique,False,,1,1,True,0,0.0
2015,wta,2015_16_miami_sony_ericsson_open_2015-03-26_R64_badosa_gibert_p_zheng_s,2015-W-PM-USA-02A-2015_62,902,211651,202453,tournament_rank_unique,False,,1,1,True,0,0.0
2015,wta,2015_16_miami_sony_ericsson_open_2015-03-26_R64_pliskova_ka_beck_a,2015-W-PM-USA-02A-2015_61,902,201662,202470,tournament_rank_unique,False,,1,1,True,0,0.0
2015,wta,2015_16_miami_sony_ericsson_open_2015-03-26_R64_suarez_navarro_c_voegele_s,2015-W-PM-USA-02A-2015_52,902,201521,201527,tournament_rank_unique,False,,1,1,True,0,0.0
2015,wta,2015_16_miami_sony_ericsson_open_2015-03-26_R64_petkovic_a_mchale_c,2015-W-PM-USA-02A-2015_60,902,201492,201539,tournament_rank_unique,False,,1,1,True,0,0.0
2015,wta,2015_16_miami_sony_ericsson_open_2015-03-26_R64_mladenovic_k_zahlavova_strycova_b,2015-W-PM-USA-02A-2015_59,902,201540,201366,tournament_rank_unique,False,,1,1,True,0,0.0
2015,wta,2015_16_miami_sony_ericsson_open_2015-03-26_R64_kanepi_k_lepchenko_v,2015-W-PM-USA-02A-2015_55,902,201466,201478,tournament_rank_unique,False,,1,1,True,0,0.0
2015,wta,2015_16_miami_sony_ericsson_open_2015-03-26_R64_cornet_a_vesnina_e,2015-W-PM-USA-02A-2015_51,902,201427,201455,tournament_rank_unique,False,,1,1,True,0,0.0
2015,wta,2015_16_miami_sony_ericsson_open_2015-03-26_R64_svitolina_e_jovanovski_b,2015-W-PM-USA-02A-2015_58,902,202494,201587,tournament_rank_unique,False,,1,1,True,0,0.0
2015,wta,2015_16_miami_sony_ericsson_open_2015-03-26_R64_makarova_e_knapp_k,2015-W-PM-USA-02A-2015_57,902,201505,201498,tournament_rank_unique,False,,1,1,True,0,0.0
2015,wta,2015_16_miami_sony_ericsson_open_2015-03-26_R64_wozniacki_c_brengle_m,2015-W-PM-USA-02A-2015_56,902,201496,201483,tournament_rank_unique,False,,1,1,True,0,0.0
2015,wta,2015_16_miami_sony_ericsson_open_2015-03-26_R64_williams_v_radwanska_u,2015-W-PM-USA-02A-2015_53,902,200748,201524,tournament_rank_unique,False,,1,1,True,0,0.0
2015,wta,2015_16_miami_sony_ericsson_open_2015-03-26_R64_stosur_s_parmentier_p,2015-W-PM-USA-02A-2015_54,902,201325,201426,tournament_rank_unique,False,,1,1,True,0,0.0
2015,wta,2015_16_miami_sony_ericsson_open_2015-03-26_R64_nara_k_garcia_c,2015-W-PM-USA-02A-2015_63,902,201597,201614,tournament_rank_unique,False,,1,1,True,0,0.0
2015,wta,2015_16_miami_sony_ericsson_open_2015-03-26_R64_gavrilova_d_sharapova_m,2015-W-PM-USA-02A-2015_64,902,201611,201345,tournament_rank_unique,False,,1,1,True,0,0.0
2015,wta,2015_16_miami_sony_ericsson_open_2015-03-27_R64_halep_s_vaidisova_n,2015-W-PM-USA-02A-2015_41,902,201594,201400,tournament_rank_unique,False,,1,1,True,0,0.0
2015,wta,2015_16_miami_sony_ericsson_open_2015-03-27_R64_larsson_j_safarova_l,2015-W-PM-USA-02A-2015_45,902,201596,201425,tournament_rank_unique,False,,1,1,True,0,0.0
2015,wta,2015_16_miami_sony_ericsson_open_2015-03-27_R64_bellis_c_diyas_z,2015-W-PM-USA-02A-2015_34,902,214263,201610,tournament_rank_unique,False,,1,1,True,0,0.0
2015,wta,2015_16_miami_sony_ericsson_open_2015-03-27_R64_kuznetsova_s_riske_a,2015-W-PM-USA-02A-2015_35,902,201320,201590,tournament_rank_unique,False,,1,1,True,0,0.0
2015,wta,2015_16_miami_sony_ericsson_open_2015-03-27_R64_giorgi_c_van_uytvanck_a,2015-W-PM-USA-02A-2015_42,902,202429,202421,tournament_rank_unique,False,,1,1,True,0,0.0
2015,wta,2015_16_miami_sony_ericsson_open_2015-03-27_R64_muguruza_g_karatantcheva_s,2015-W-PM-USA-02A-2015_38,902,202469,201402,tournament_rank_unique,False,,1,1,True,0,0.0
2015,wta,2015_16_miami_sony_ericsson_open_2015-03-27_R64_azarenka_v_jankovic_j,2015-W-PM-USA-02A-2015_43,902,201458,201347,tournament_rank_unique,False,,1,1,True,0,0.0
2015,wta,2015_16_miami_sony_ericsson_open_2015-03-27_R64_lisicki_s_goerges_j,2015-W-PM-USA-02A-2015_39,902,201513,201504,tournament_rank_unique,False,,1,1,True,0,0.0
2015,wta,2015_16_miami_sony_ericsson_open_2015-03-27_R64_pennetta_f_pironkova_t,2015-W-PM-USA-02A-2015_44,902,201355,201450,tournament_rank_unique,False,,1,1,True,0,0.0
2015,wta,2015_16_miami_sony_ericsson_open_2015-03-27_R64_stephens_s_keys_m,2015-W-PM-USA-02A-2015_46,902,201585,201619,tournament_rank_unique,False,,1,1,True,0,0.0
2015,wta,2015_16_miami_sony_ericsson_open_2015-03-27_R64_ivanovic_a_falconi_i,2015-W-PM-USA-02A-2015_40,902,201421,201604,tournament_rank_unique,False,,1,1,True,0,0.0
2015,wta,2015_16_miami_sony_ericsson_open_2015-03-27_R64_bencic_b_dellacqua_c,2015-W-PM-USA-02A-2015_47,902,202505,201348,tournament_rank_unique,False,,1,1,True,0,0.0
2015,wta,2015_16_miami_sony_ericsson_open_2015-03-28_R64_maria_t_bouchard_e,2015-W-PM-USA-02A-2015_48,902,213583,202446,tournament_rank_unique,False,,1,1,True,0,0.0
2015,wta,2015_16_miami_sony_ericsson_open_2015-03-28_R64_errani_s_pavlyuchenkova_a,2015-W-PM-USA-02A-2015_37,902,201506,201499,tournament_rank_unique,False,,1,1,True,0,0.0
2015,wta,2015_16_miami_sony_ericsson_open_2015-03-28_R64_kerber_a_watson_h,2015-W-PM-USA-02A-2015_36,902,201493,201586,tournament_rank_unique,False,,1,1,True,0,0.0
2015,wta,2015_16_miami_sony_ericsson_open_2015-03-28_R64_williams_s_niculescu_m,2015-W-PM-USA-02A-2015_33,902,200033,201512,tournament_rank_unique,False,,1,1,True,0,0.0
2015,wta,2015_16_miami_sony_ericsson_open_2015-03-28_R32_wozniacki_c_kanepi_k,2015-W-PM-USA-02A-2015_76,902,201496,201466,tournament_rank_unique,False,,1,1,True,0,0.0
2015,wta,2015_16_miami_sony_ericsson_open_2015-03-28_R32_makarova_e_svitolina_e,2015-W-PM-USA-02A-2015_77,902,201505,202494,tournament_rank_unique,False,,1,1,True,0,0.0
2015,wta,2015_16_miami_sony_ericsson_open_2015-03-28_R32_suarez_navarro_c_cornet_a,2015-W-PM-USA-02A-2015_74,902,201521,201427,tournament_rank_unique,False,,1,1,True,0,0.0
2015,wta,2015_16_miami_sony_ericsson_open_2015-03-28_R32_petkovic_a_mladenovic_k,2015-W-PM-USA-02A-2015_78,902,201492,201540,tournament_rank_unique,False,,1,1,True,0,0.0
2015,wta,2015_16_miami_sony_ericsson_open_2015-03-28_R32_gavrilova_d_nara_k,2015-W-PM-USA-02A-2015_80,902,201611,201597,tournament_rank_unique,False,,1,1,True,0,0.0
2015,wta,2015_16_miami_sony_ericsson_open_2015-03-28_R32_williams_v_stosur_s,2015-W-PM-USA-02A-2015_75,902,200748,201325,tournament_rank_unique,False,,1,1,True,0,0.0
2015,wta,2015_16_miami_sony_ericsson_open_2015-03-28_R32_pliskova_ka_badosa_gibert_p,2015-W-PM-USA-02A-2015_79,902,201662,211651,tournament_rank_unique,False,,1,1,True,0,0.0
2015,wta,2015_16_miami_sony_ericsson_open_2015-03-29_R32_radwanska_a_begu_i,2015-W-PM-USA-02A-2015_73,902,201474,201593,tournament_rank_unique,False,,1,1,True,0,0.0
2015,wta,2015_16_miami_sony_ericsson_open_2015-03-29_R32_halep_s_giorgi_c,2015-W-PM-USA-02A-2015_69,902,201594,202429,tournament_rank_unique,False,,1,1,True,0,0.0
2015,wta,2015_16_miami_sony_ericsson_open_2015-03-29_R32_kuznetsova_s_kerber_a,2015-W-PM-USA-02A-2015_66,902,201320,201493,tournament_rank_unique,False,,1,1,True,0,0.0
2015,wta,2015_16_miami_sony_ericsson_open_2015-03-29_R32_pennetta_f_azarenka_v,2015-W-PM-USA-02A-2015_70,902,201355,201458,tournament_rank_unique,False,,1,1,True,0,0.0
2015,wta,2015_16_miami_sony_ericsson_open_2015-03-29_R32_bencic_b_maria_t,2015-W-PM-USA-02A-2015_72,902,202505,213583,tournament_rank_unique,False,,1,1,True,0,0.0
2015,wta,2015_16_miami_sony_ericsson_open_2015-03-29_R32_errani_s_muguruza_g,2015-W-PM-USA-02A-2015_67,902,201506,202469,tournament_rank_unique,False,,1,1,True,0,0.0
2015,wta,2015_16_miami_sony_ericsson_open_2015-03-29_R32_williams_s_bellis_c,2015-W-PM-USA-02A-2015_65,902,200033,214263,tournament_rank_unique,False,,1,1,True,0,0.0
2015,wta,2015_16_miami_sony_ericsson_open_2015-03-29_R32_stephens_s_larsson_j,2015-W-PM-USA-02A-2015_71,902,201585,201596,tournament_rank_unique,False,,1,1,True,0,0.0
2015,wta,2015_16_miami_sony_ericsson_open_2015-03-30_R32_lisicki_s_ivanovic_a,2015-W-PM-USA-02A-2015_68,902,201513,201421,tournament_rank_unique,False,,1,1,True,0,0.0
2015,wta,2015_16_miami_sony_ericsson_open_2015-03-30_R16_suarez_navarro_c_radwanska_a,2015-W-PM-USA-02A-2015_85,902,201521,201474,tournament_rank_unique,False,,1,1,True,0,0.0
2015,wta,2015_16_miami_sony_ericsson_open_2015-03-30_R16_williams_v_wozniacki_c,2015-W-PM-USA-02A-2015_86,902,200748,201496,tournament_rank_unique,False,,1,1,True,0,0.0
2015,wta,2015_16_miami_sony_ericsson_open_2015-03-30_R16_williams_s_kuznetsova_s,2015-W-PM-USA-02A-2015_81,902,200033,201320,tournament_rank_unique,False,,1,1,True,0,0.0
2015,wta,2015_16_miami_sony_ericsson_open_2015-03-30_R16_pliskova_ka_gavrilova_d,2015-W-PM-USA-02A-2015_88,902,201662,201611,tournament_rank_unique,False,,1,1,True,0,0.0
2015,wta,2015_16_miami_sony_ericsson_open_2015-03-30_R16_petkovic_a_makarova_e,2015-W-PM-USA-02A-2015_87,902,201492,201505,tournament_rank_unique,False,,1,1,True,0,0.0
2015,wta,2015_16_miami_sony_ericsson_open_2015-03-30_R16_lisicki_s_errani_s,2015-W-PM-USA-02A-2015_82,902,201513,201506,tournament_rank_unique,False,,1,1,True,0,0.0
2015,wta,2015_16_miami_sony_ericsson_open_2015-03-30_R16_stephens_s_bencic_b,2015-W-PM-USA-02A-2015_84,902,201585,202505,tournament_rank_unique,False,,1,1,True,0,0.0
2015,wta,2015_16_miami_sony_ericsson_open_2015-03-31_R16_halep_s_pennetta_f,2015-W-PM-USA-02A-2015_83,902,201594,201355,tournament_rank_unique,False,,1,1,True,0,0.0
2015,wta,2015_16_miami_sony_ericsson_open_2015-03-31_QF_petkovic_a_pliskova_ka,2015-W-PM-USA-02A-2015_92,902,201492,201662,tournament_rank_unique,False,,1,1,True,0,0.0
2015,wta,2015_16_miami_sony_ericsson_open_2015-04-01_QF_suarez_navarro_c_williams_v,2015-W-PM-USA-02A-2015_91,902,201521,200748,tournament_rank_unique,False,,1,1,True,0,0.0
2015,wta,2015_16_miami_sony_ericsson_open_2015-04-01_QF_williams_s_lisicki_s,2015-W-PM-USA-02A-2015_89,902,200033,201513,tournament_rank_unique,False,,1,1,True,0,0.0
2015,wta,2015_16_miami_sony_ericsson_open_2015-04-02_QF_halep_s_stephens_s,2015-W-PM-USA-02A-2015_90,902,201594,201585,tournament_rank_unique,False,,1,1,True,0,0.0
2015,wta,2015_16_miami_sony_ericsson_open_2015-04-02_SF_suarez_navarro_c_petkovic_a,2015-W-PM-USA-02A-2015_94,902,201521,201492,tournament_rank_unique,False,,1,1,True,0,0.0
2015,wta,2015_16_miami_sony_ericsson_open_2015-04-03_SF_williams_s_halep_s,2015-W-PM-USA-02A-2015_93,902,200033,201594,tournament_rank_unique,False,,1,1,True,0,0.0
2015,wta,2015_16_miami_sony_ericsson_open_2015-04-04_F_williams_s_suarez_navarro_c,2015-W-PM-USA-02A-2015_95,902,200033,201521,tournament_rank_unique,False,,1,1,True,0,0.0
2015,wta,2015_17_charleston_family_circle_cup_2015-04-06_R64_scheepers_c_erakovic_m,2015-W-P700-USA-01A-2015_18,804,201541,201523,tournament_rank_unique,False,,1,1,True,0,0.0
2015,wta,2015_17_charleston_family_circle_cup_2015-04-06_R64_maria_t_falconi_i,2015-W-P700-USA-01A-2015_13,804,213583,201604,tournament_rank_unique,False,,1,1,True,0,0.0
2015,wta,2015_17_charleston_family_circle_cup_2015-04-06_R64_shvedova_y_voegele_s,2015-W-P700-USA-01A-2015_23,804,201468,201527,tournament_rank_unique,False,,1,1,True,0,0.0
2015,wta,2015_17_charleston_family_circle_cup_2015-04-06_R64_vekic_d_watson_h,2015-W-P700-USA-01A-2015_16,804,202499,201586,tournament_rank_unique,False,,1,1,True,0,0.0
2015,wta,2015_17_charleston_family_circle_cup_2015-04-06_R64_davis_l_min_g,2015-W-P700-USA-01A-2015_1,804,201616,202479,tournament_rank_unique,False,,1,1,True,0,0.0
2015,wta,2015_17_charleston_family_circle_cup_2015-04-06_R64_tomljanovic_a_dulgheru_a,2015-W-P700-USA-01A-2015_5,804,201548,201567,tournament_rank_unique,False,,1,1,True,0,0.0
2015,wta,2015_17_charleston_family_circle_cup_2015-04-06_R64_rodina_e_putintseva_y,2015-W-P700-USA-01A-2015_19,804,201516,201709,tournament_rank_unique,False,,1,1,True,0,0.0
2015,wta,2015_17_charleston_family_circle_cup_2015-04-06_R64_rogers_s_soler_espinosa_s,2015-W-P700-USA-01A-2015_8,804,201603,201562,tournament_rank_unique,False,,1,1,True,0,0.0
2015,wta,2015_17_charleston_family_circle_cup_2015-04-06_R64_kucova_k_lucic_m,2015-W-P700-USA-01A-2015_11,804,201568,200002,tournament_rank_unique,False,,1,1,True,0,0.0
2015,wta,2015_17_charleston_family_circle_cup_2015-04-06_R64_begu_i_siegemund_l,2015-W-P700-USA-01A-2015_22,804,201593,201696,tournament_rank_unique,False,,1,1,True,0,0.0
2015,wta,2015_17_charleston_family_circle_cup_2015-04-06_R64_barthel_m_babos_t,2015-W-P700-USA-01A-2015_3,804,201621,201693,tournament_rank_unique,False,,1,1,True,0,0.0
2015,wta,2015_17_charleston_family_circle_cup_2015-04-06_R64_vickery_s_pegula_j,2015-W-P700-USA-01A-2015_12,804,203500,202468,tournament_rank_unique,False,,1,1,True,0,0.0
2015,wta,2015_17_charleston_family_circle_cup_2015-04-06_R64_zhang_s_gibbs_n,2015-W-P700-USA-01A-2015_24,804,201533,202484,tournament_rank_unique,False,,1,1,True,0,0.0
2015,wta,2015_17_charleston_family_circle_cup_2015-04-06_R64_hradecka_l_diyas_z,2015-W-P700-USA-01A-2015_10,804,201556,201610,tournament_rank_unique,False,,1,1,True,0,0.0
2015,wta,2015_17_charleston_family_circle_cup_2015-04-06_R64_kovinic_d_mchale_c,2015-W-P700-USA-01A-2015_14,804,203575,201539,tournament_rank_unique,False,,1,1,True,0,0.0
2015,wta,2015_17_charleston_family_circle_cup_2015-04-06_R64_bondarenko_k_riske_a,2015-W-P700-USA-01A-2015_6,804,201435,201590,tournament_rank_unique,False,,1,1,True,0,0.0
2015,wta,2015_17_charleston_family_circle_cup_2015-04-07_R64_brengle_m_gallovits_e,2015-W-P700-USA-01A-2015_17,804,201483,201365,tournament_rank_unique,False,,1,1,True,0,0.0
2015,wta,2015_17_charleston_family_circle_cup_2015-04-07_R64_stosur_s_karatantcheva_s,2015-W-P700-USA-01A-2015_21,804,201325,201402,tournament_rank_unique,False,,1,1,True,0,0.0
2015,wta,2015_17_charleston_family_circle_cup_2015-04-07_R64_sorribes_tormo_s_pavlyuchenkova_a,2015-W-P700-USA-01A-2015_9,804,204427,201499,tournament_rank_unique,False,,1,1,True,0,0.0
2015,wta,2015_17_charleston_family_circle_cup_2015-04-07_R64_arruabarrena_l_buyukakcay_c,2015-W-P700-USA-01A-2015_20,804,202418,201666,tournament_rank_unique,False,,1,1,True,0,0.0
2015,wta,2015_17_charleston_family_circle_cup_2015-04-07_R64_cepelova_j_vesnina_e,2015-W-P700-USA-01A-2015_7,804,202450,201455,tournament_rank_unique,False,,1,1,True,0,0.0
2015,wta,2015_17_charleston_family_circle_cup_2015-04-07_R64_stephens_s_mattek_sands_b,2015-W-P700-USA-01A-2015_2,804,201585,201318,tournament_rank_unique,False,,1,1,True,0,0.0
2015,wta,2015_17_charleston_family_circle_cup_2015-04-07_R64_bencic_b_dellacqua_c,2015-W-P700-USA-01A-2015_15,804,202505,201348,tournament_rank_unique,False,,1,1,True,0,0.0
2015,wta,2015_17_charleston_family_circle_cup_2015-04-07_R64_mitu_a_lepchenko_v,2015-W-P700-USA-01A-2015_4,804,202671,201478,tournament_rank_unique,False,,1,1,True,0,0.0
2015,wta,2015_17_charleston_family_circle_cup_2015-04-07_R32_jankovic_j_maria_t,2015-W-P700-USA-01A-2015_33,804,201347,213583,tournament_rank_unique,False,,1,1,True,0,0.0
2015,wta,2015_17_charleston_family_circle_cup_2015-04-07_R32_garcia_c_vickery_s,2015-W-P700-USA-01A-2015_32,804,201614,203500,tournament_rank_unique,False,,1,1,True,0,0.0
2015,wta,2015_17_charleston_family_circle_cup_2015-04-07_R32_hradecka_l_kucova_k,2015-W-P700-USA-01A-2015_31,804,201556,201568,tournament_rank_unique,False,,1,1,True,0,0.0
2015,wta,2015_17_charleston_family_circle_cup_2015-04-07_R32_kerber_a_rodina_e,2015-W-P700-USA-01A-2015_37,804,201493,201516,tournament_rank_unique,False,,1,1,True,0,0.0
2015,wta,2015_17_charleston_family_circle_cup_2015-04-08_R32_petkovic_a_scheepers_c,2015-W-P700-USA-01A-2015_36,804,201492,201541,tournament_rank_unique,False,,1,1,True,0,0.0
2015,wta,2015_17_charleston_family_circle_cup_2015-04-08_R32_kovinic_d_bencic_b,2015-W-P700-USA-01A-2015_34,804,203575,202505,tournament_rank_unique,False,,1,1,True,0,0.0
2015,wta,2015_17_charleston_family_circle_cup_2015-04-08_R32_makarova_e_zhang_s,2015-W-P700-USA-01A-2015_40,804,201505,201533,tournament_rank_unique,False,,1,1,True,0,0.0
2015,wta,2015_17_charleston_family_circle_cup_2015-04-08_R32_begu_i_shvedova_y,2015-W-P700-USA-01A-2015_39,804,201593,201468,tournament_rank_unique,False,,1,1,True,0,0.0
2015,wta,2015_17_charleston_family_circle_cup_2015-04-08_R32_brengle_m_vekic_d,2015-W-P700-USA-01A-2015_35,804,201483,202499,tournament_rank_unique,False,,1,1,True,0,0.0
2015,wta,2015_17_charleston_family_circle_cup_2015-04-08_R32_sorribes_tormo_s_rogers_s,2015-W-P700-USA-01A-2015_30,804,204427,201603,tournament_rank_unique,False,,1,1,True,0,0.0
2015,wta,2015_17_charleston_family_circle_cup_2015-04-08_R32_mitu_a_tomljanovic_a,2015-W-P700-USA-01A-2015_27,804,202671,201548,tournament_rank_unique,False,,1,1,True,0,0.0
2015,wta,2015_17_charleston_family_circle_cup_2015-04-08_R32_arruabarrena_l_stosur_s,2015-W-P700-USA-01A-2015_38,804,202418,201325,tournament_rank_unique,False,,1,1,True,0,0.0
2015,wta,2015_17_charleston_family_circle_cup_2015-04-08_R32_errani_s_cepelova_j,2015-W-P700-USA-01A-2015_29,804,201506,202450,tournament_rank_unique,False,,1,1,True,0,0.0
2015,wta,2015_17_charleston_family_circle_cup_2015-04-08_R32_barthel_m_stephens_s,2015-W-P700-USA-01A-2015_26,804,201621,201585,tournament_rank_unique,False,,1,1,True,0,0.0
2015,wta,2015_17_charleston_family_circle_cup_2015-04-08_R32_davis_l_bouchard_e,2015-W-P700-USA-01A-2015_25,804,201616,202446,tournament_rank_unique,False,,1,1,True,0,0.0
2015,wta,2015_17_charleston_family_circle_cup_2015-04-09_R32_keys_m_bondarenko_k,2015-W-P700-USA-01A-2015_28,804,201619,201435,tournament_rank_unique,False,,1,1,True,0,0.0
2015,wta,2015_17_charleston_family_circle_cup_2015-04-09_R16_begu_i_makarova_e,2015-W-P700-USA-01A-2015_48,804,201593,201505,tournament_rank_unique,False,,1,1,True,0,0.0
2015,wta,2015_17_charleston_family_circle_cup_2015-04-09_R16_hradecka_l_garcia_c,2015-W-P700-USA-01A-2015_44,804,201556,201614,tournament_rank_unique,False,,1,1,True,0,0.0
2015,wta,2015_17_charleston_family_circle_cup_2015-04-09_R16_kerber_a_arruabarrena_l,2015-W-P700-USA-01A-2015_47,804,201493,202418,tournament_rank_unique,False,,1,1,True,0,0.0
2015,wta,2015_17_charleston_family_circle_cup_2015-04-09_R16_davis_l_barthel_m,2015-W-P700-USA-01A-2015_41,804,201616,201621,tournament_rank_unique,False,,1,1,True,0,0.0
2015,wta,2015_17_charleston_family_circle_cup_2015-04-09_R16_petkovic_a_brengle_m,2015-W-P700-USA-01A-2015_46,804,201492,201483,tournament_rank_unique,False,,1,1,True,0,0.0
2015,wta,2015_17_charleston_family_circle_cup_2015-04-09_R16_errani_s_sorribes_tormo_s,2015-W-P700-USA-01A-2015_43,804,201506,204427,tournament_rank_unique,False,,1,1,True,0,0.0
2015,wta,2015_17_charleston_family_circle_cup_2015-04-09_R16_keys_m_mitu_a,2015-W-P700-USA-01A-2015_42,804,201619,202671,tournament_rank_unique,False,,1,1,True,0,0.0
2015,wta,2015_17_charleston_family_circle_cup_2015-04-10_R16_kovinic_d_jankovic_j,2015-W-P700-USA-01A-2015_45,804,203575,201347,tournament_rank_unique,False,,1,1,True,0,0.0
2015,wta,2015_17_charleston_family_circle_cup_2015-04-10_QF_keys_m_davis_l,2015-W-P700-USA-01A-2015_49,804,201619,201616,tournament_rank_unique,False,,1,1,True,0,0.0
2015,wta,2015_17_charleston_family_circle_cup_2015-04-10_QF_hradecka_l_errani_s,2015-W-P700-USA-01A-2015_50,804,201556,201506,tournament_rank_unique,False,,1,1,True,0,0.0
2015,wta,2015_17_charleston_family_circle_cup_2015-04-10_QF_petkovic_a_kovinic_d,2015-W-P700-USA-01A-2015_51,804,201492,203575,tournament_rank_unique,False,,1,1,True,0,0.0
2015,wta,2015_17_charleston_family_circle_cup_2015-04-11_QF_kerber_a_begu_i,2015-W-P700-USA-01A-2015_52,804,201493,201593,tournament_rank_unique,False,,1,1,True,0,0.0
2015,wta,2015_17_charleston_family_circle_cup_2015-04-11_SF_keys_m_hradecka_l,2015-W-P700-USA-01A-2015_53,804,201619,201556,tournament_rank_unique,False,,1,1,True,0,0.0
2015,wta,2015_17_charleston_family_circle_cup_2015-04-11_SF_kerber_a_petkovic_a,2015-W-P700-USA-01A-2015_54,804,201493,201492,tournament_rank_unique,False,,1,1,True,0,0.0
2015,wta,2015_17_charleston_family_circle_cup_2015-04-12_F_kerber_a_keys_m,2015-W-P700-USA-01A-2015_55,804,201493,201619,tournament_rank_unique,False,,1,1,True,0,0.0
2015,wta,2015_18_katowice_katowice_open_2015-04-06_R32_van_uytvanck_a_rybarikova_m,2015-W-INT-POL-01A-2015_12,1067,202421,201517,tournament_rank_unique,False,,1,1,True,0,0.0
2015,wta,2015_18_katowice_katowice_open_2015-04-06_R32_zvonareva_v_knapp_k,2015-W-INT-POL-01A-2015_4,1067,201329,201498,tournament_rank_unique,False,,1,1,True,0,0.0
2015,wta,2015_18_katowice_katowice_open_2015-04-06_R32_giorgi_c_allertova_d,2015-W-INT-POL-01A-2015_5,1067,202429,202653,tournament_rank_unique,False,,1,1,True,0,0.0
2015,wta,2015_18_katowice_katowice_open_2015-04-06_R32_hercog_p_doi_m,2015-W-INT-POL-01A-2015_15,1067,201555,201595,tournament_rank_unique,False,,1,1,True,0,0.0
2015,wta,2015_18_katowice_katowice_open_2015-04-06_R32_cornet_a_bertens_k,2015-W-INT-POL-01A-2015_16,1067,201427,202428,tournament_rank_unique,False,,1,1,True,0,0.0
2015,wta,2015_18_katowice_katowice_open_2015-04-07_R32_linette_m_friedsam_a_l,2015-W-INT-POL-01A-2015_6,1067,202663,204431,tournament_rank_unique,False,,1,1,True,0,0.0
2015,wta,2015_18_katowice_katowice_open_2015-04-07_R32_koukalova_k_martic_p,2015-W-INT-POL-01A-2015_3,1067,201344,201549,tournament_rank_unique,False,,1,1,True,0,0.0
2015,wta,2015_18_katowice_katowice_open_2015-04-07_R32_flipkens_k_beck_a,2015-W-INT-POL-01A-2015_9,1067,201465,202470,tournament_rank_unique,False,,1,1,True,0,0.0
2015,wta,2015_18_katowice_katowice_open_2015-04-07_R32_witthoeft_c_smitkova_t,2015-W-INT-POL-01A-2015_11,1067,202489,202702,tournament_rank_unique,False,,1,1,True,0,0.0
2015,wta,2015_18_katowice_katowice_open_2015-04-07_R32_kulichkova_e_radwanska_u,2015-W-INT-POL-01A-2015_7,1067,206404,201524,tournament_rank_unique,False,,1,1,True,0,0.0
2015,wta,2015_18_katowice_katowice_open_2015-04-07_R32_siniakova_k_torro_flor_m_t,2015-W-INT-POL-01A-2015_14,1067,211701,201640,tournament_rank_unique,False,,1,1,True,0,0.0
2015,wta,2015_18_katowice_katowice_open_2015-04-07_R32_mestach_a_s_frech_m,2015-W-INT-POL-01A-2015_2,1067,202420,211684,tournament_rank_unique,False,,1,1,True,0,0.0
2015,wta,2015_18_katowice_katowice_open_2015-04-07_R32_kanepi_k_peer_s,2015-W-INT-POL-01A-2015_8,1067,201466,201424,tournament_rank_unique,False,,1,1,True,0,0.0
2015,wta,2015_18_katowice_katowice_open_2015-04-07_R32_schmiedlova_a_abduraimova_n,2015-W-INT-POL-01A-2015_13,1067,203533,201672,tournament_rank_unique,False,,1,1,True,0,0.0
2015,wta,2015_18_katowice_katowice_open_2015-04-07_R32_radwanska_a_wickmayer_y,2015-W-INT-POL-01A-2015_1,1067,201474,201518,tournament_rank_unique,False,,1,1,True,0,0.0
2015,wta,2015_18_katowice_katowice_open_2015-04-08_R32_niculescu_m_mladenovic_k,2015-W-INT-POL-01A-2015_10,1067,201512,201540,tournament_rank_unique,False,,1,1,True,0,0.0
2015,wta,2015_18_katowice_katowice_open_2015-04-08_R16_koukalova_k_zvonareva_v,2015-W-INT-POL-01A-2015_18,1067,201344,201329,tournament_rank_unique,False,,1,1,True,0,0.0
2015,wta,2015_18_katowice_katowice_open_2015-04-08_R16_giorgi_c_linette_m,2015-W-INT-POL-01A-2015_19,1067,202429,202663,tournament_rank_unique,False,,1,1,True,0,0.0
2015,wta,2015_18_katowice_katowice_open_2015-04-08_R16_cornet_a_hercog_p,2015-W-INT-POL-01A-2015_24,1067,201427,201555,tournament_rank_unique,False,,1,1,True,0,0.0
2015,wta,2015_18_katowice_katowice_open_2015-04-08_R16_van_uytvanck_a_witthoeft_c,2015-W-INT-POL-01A-2015_22,1067,202421,202489,tournament_rank_unique,False,,1,1,True,0,0.0
2015,wta,2015_18_katowice_katowice_open_2015-04-09_R16_schmiedlova_a_siniakova_k,2015-W-INT-POL-01A-2015_23,1067,203533,211701,tournament_rank_unique,False,,1,1,True,0,0.0
2015,wta,2015_18_katowice_katowice_open_2015-04-09_R16_kulichkova_e_kanepi_k,2015-W-INT-POL-01A-2015_20,1067,206404,201466,tournament_rank_unique,False,,1,1,True,0,0.0
2015,wta,2015_18_katowice_katowice_open_2015-04-09_R16_flipkens_k_niculescu_m,2015-W-INT-POL-01A-2015_21,1067,201465,201512,tournament_rank_unique,False,,1,1,True,0,0.0
2015,wta,2015_18_katowice_katowice_open_2015-04-09_R16_radwanska_a_mestach_a_s,2015-W-INT-POL-01A-2015_17,1067,201474,202420,tournament_rank_unique,False,,1,1,True,0,0.0
2015,wta,2015_18_katowice_katowice_open_2015-04-10_QF_schmiedlova_a_cornet_a,2015-W-INT-POL-01A-2015_28,1067,203533,201427,tournament_rank_unique,False,,1,1,True,0,0.0
2015,wta,2015_18_katowice_katowice_open_2015-04-10_QF_van_uytvanck_a_flipkens_k,2015-W-INT-POL-01A-2015_27,1067,202421,201465,tournament_rank_unique,False,,1,1,True,0,0.0
2015,wta,2015_18_katowice_katowice_open_2015-04-10_QF_giorgi_c_kulichkova_e,2015-W-INT-POL-01A-2015_26,1067,202429,206404,tournament_rank_unique,False,,1,1,True,0,0.0
2015,wta,2015_18_katowice_katowice_open_2015-04-10_QF_radwanska_a_koukalova_k,2015-W-INT-POL-01A-2015_25,1067,201474,201344,tournament_rank_unique,False,,1,1,True,0,0.0
2015,wta,2015_18_katowice_katowice_open_2015-04-11_SF_schmiedlova_a_van_uytvanck_a,2015-W-INT-POL-01A-2015_30,1067,203533,202421,tournament_rank_unique,False,,1,1,True,0,0.0
2015,wta,2015_18_katowice_katowice_open_2015-04-11_SF_giorgi_c_radwanska_a,2015-W-INT-POL-01A-2015_29,1067,202429,201474,tournament_rank_unique,False,,1,1,True,0,0.0
2015,wta,2015_18_katowice_katowice_open_2015-04-12_F_schmiedlova_a_giorgi_c,2015-W-INT-POL-01A-2015_31,1067,203533,202429,tournament_rank_unique,False,,1,1,True,0,0.0
2015,wta,2015_19_bogota_copa_claro_colsanitas_2015-04-13_R32_maria_t_lizarazo_y,2015-W-INT-COL-01A-2015_10,894,213583,202464,tournament_rank_unique,False,,1,1,True,0,0.0
2015,wta,2015_19_bogota_copa_claro_colsanitas_2015-04-13_R32_pfizenmaier_d_date_krumm_k,2015-W-INT-COL-01A-2015_3,894,202477,200617,tournament_rank_unique,False,,1,1,True,0,0.0
2015,wta,2015_19_bogota_copa_claro_colsanitas_2015-04-13_R32_glushko_j_kolar_n,2015-W-INT-COL-01A-2015_11,894,202498,201657,tournament_rank_unique,False,,1,1,True,0,0.0
2015,wta,2015_19_bogota_copa_claro_colsanitas_2015-04-13_R32_svitolina_e_chirico_l,2015-W-INT-COL-01A-2015_1,894,202494,211635,tournament_rank_unique,False,,1,1,True,0,0.0
2015,wta,2015_19_bogota_copa_claro_colsanitas_2015-04-13_R32_dominguez_lino_l_rogers_s,2015-W-INT-COL-01A-2015_8,894,201452,201603,tournament_rank_unique,False,,1,1,True,0,0.0
2015,wta,2015_19_bogota_copa_claro_colsanitas_2015-04-13_R32_haddad_maia_b_herazo_gonzalez_m,2015-W-INT-COL-01A-2015_7,894,206242,211864,tournament_rank_unique,False,,1,1,True,0,0.0
2015,wta,2015_19_bogota_copa_claro_colsanitas_2015-04-14_R32_pereira_t_schiavone_f,2015-W-INT-COL-01A-2015_5,894,202694,201212,tournament_rank_unique,False,,1,1,True,0,0.0
2015,wta,2015_19_bogota_copa_claro_colsanitas_2015-04-14_R32_vickery_s_kucova_k,2015-W-INT-COL-01A-2015_14,894,203500,201568,tournament_rank_unique,False,,1,1,True,0,0.0
2015,wta,2015_19_bogota_copa_claro_colsanitas_2015-04-14_R32_minella_m_mayr_p,2015-W-INT-COL-01A-2015_6,894,201605,201537,tournament_rank_unique,False,,1,1,True,0,0.0
2015,wta,2015_19_bogota_copa_claro_colsanitas_2015-04-14_R32_falconi_i_cirstea_s,2015-W-INT-COL-01A-2015_4,894,201604,201514,tournament_rank_unique,False,,1,1,True,0,0.0
2015,wta,2015_19_bogota_copa_claro_colsanitas_2015-04-14_R32_puig_m_burger_c,2015-W-INT-COL-01A-2015_16,894,201620,206183,tournament_rank_unique,False,,1,1,True,0,0.0
2015,wta,2015_19_bogota_copa_claro_colsanitas_2015-04-14_R32_gibbs_n_rodionova_an,2015-W-INT-COL-01A-2015_15,894,202484,201370,tournament_rank_unique,False,,1,1,True,0,0.0
2015,wta,2015_19_bogota_copa_claro_colsanitas_2015-04-14_R32_shvedova_y_zanevska_m,2015-W-INT-COL-01A-2015_13,894,201468,202628,tournament_rank_unique,False,,1,1,True,0,0.0
2015,wta,2015_19_bogota_copa_claro_colsanitas_2015-04-14_R32_panova_a_tomljanovic_a,2015-W-INT-COL-01A-2015_12,894,201668,201548,tournament_rank_unique,False,,1,1,True,0,0.0
2015,wta,2015_19_bogota_copa_claro_colsanitas_2015-04-14_R32_duque_marino_m_babos_t,2015-W-INT-COL-01A-2015_9,894,201531,201693,tournament_rank_unique,False,,1,1,True,0,0.0
2015,wta,2015_19_bogota_copa_claro_colsanitas_2015-04-15_R16_falconi_i_pfizenmaier_d,2015-W-INT-COL-01A-2015_18,894,201604,202477,tournament_rank_unique,False,,1,1,True,0,0.0
2015,wta,2015_19_bogota_copa_claro_colsanitas_2015-04-15_R16_pereira_t_minella_m,2015-W-INT-COL-01A-2015_19,894,202694,201605,tournament_rank_unique,False,,1,1,True,0,0.0
2015,wta,2015_19_bogota_copa_claro_colsanitas_2015-04-15_R16_svitolina_e_kovinic_d,2015-W-INT-COL-01A-2015_17,894,202494,203575,tournament_rank_unique,False,,1,1,True,0,0.0
2015,wta,2015_19_bogota_copa_claro_colsanitas_2015-04-15_R16_dominguez_lino_l_haddad_maia_b,2015-W-INT-COL-01A-2015_20,894,201452,206242,tournament_rank_unique,False,,1,1,True,0,0.0
2015,wta,2015_19_bogota_copa_claro_colsanitas_2015-04-16_R16_shvedova_y_vickery_s,2015-W-INT-COL-01A-2015_23,894,201468,203500,tournament_rank_unique,False,,1,1,True,0,0.0
2015,wta,2015_19_bogota_copa_claro_colsanitas_2015-04-16_R16_glushko_j_panova_a,2015-W-INT-COL-01A-2015_22,894,202498,201668,tournament_rank_unique,False,,1,1,True,0,0.0
2015,wta,2015_19_bogota_copa_claro_colsanitas_2015-04-16_R16_duque_marino_m_maria_t,2015-W-INT-COL-01A-2015_21,894,201531,213583,tournament_rank_unique,False,,1,1,True,0,0.0
2015,wta,2015_19_bogota_copa_claro_colsanitas_2015-04-16_R16_puig_m_gibbs_n,2015-W-INT-COL-01A-2015_24,894,201620,202484,tournament_rank_unique,False,,1,1,True,0,0.0
2015,wta,2015_19_bogota_copa_claro_colsanitas_2015-04-17_QF_svitolina_e_falconi_i,2015-W-INT-COL-01A-2015_25,894,202494,201604,tournament_rank_unique,False,,1,1,True,0,0.0
2015,wta,2015_19_bogota_copa_claro_colsanitas_2015-04-17_QF_pereira_t_dominguez_lino_l,2015-W-INT-COL-01A-2015_26,894,202694,201452,tournament_rank_unique,False,,1,1,True,0,0.0
2015,wta,2015_19_bogota_copa_claro_colsanitas_2015-04-17_QF_shvedova_y_puig_m,2015-W-INT-COL-01A-2015_28,894,201468,201620,tournament_rank_unique,False,,1,1,True,0,0.0
2015,wta,2015_19_bogota_copa_claro_colsanitas_2015-04-18_SF_pereira_t_svitolina_e,2015-W-INT-COL-01A-2015_29,894,202694,202494,tournament_rank_unique,False,,1,1,True,0,0.0
2015,wta,2015_19_bogota_copa_claro_colsanitas_2015-04-18_QF_duque_marino_m_glushko_j,2015-W-INT-COL-01A-2015_27,894,201531,202498,tournament_rank_unique,False,,1,1,True,0,0.0
2015,wta,2015_19_bogota_copa_claro_colsanitas_2015-04-18_SF_shvedova_y_duque_marino_m,2015-W-INT-COL-01A-2015_30,894,201468,201531,tournament_rank_unique,False,,1,1,True,0,0.0
2015,wta,2015_19_bogota_copa_claro_colsanitas_2015-04-19_F_pereira_t_shvedova_y,2015-W-INT-COL-01A-2015_31,894,202694,201468,tournament_rank_unique,False,,1,1,True,0,0.0
2015,wta,2015_20_stuttgart_porsche_tennis_grand_prix_2015-04-20_R32_witthoeft_c_barthel_m,2015-W-P700-GER-01A-2015_5,1051,202489,201621,tournament_rank_unique,False,,1,1,True,0,0.0
2015,wta,2015_20_stuttgart_porsche_tennis_grand_prix_2015-04-21_R32_muguruza_g_strycova_b,2015-W-P700-GER-01A-2015_12,1051,202469,201366,tournament_rank_unique,False,,1,1,True,0,0.0
2015,wta,2015_20_stuttgart_porsche_tennis_grand_prix_2015-04-21_R32_suarez_navarro_c_rodina_e,2015-W-P700-GER-01A-2015_7,1051,201521,201516,tournament_rank_unique,False,,1,1,True,0,0.0
2015,wta,2015_20_stuttgart_porsche_tennis_grand_prix_2015-04-21_R32_melnikova_m_martic_p,2015-W-P700-GER-01A-2015_2,1051,203379,201549,tournament_rank_unique,False,,1,1,True,0,0.0
2015,wta,2015_20_stuttgart_porsche_tennis_grand_prix_2015-04-21_R32_safarova_l_bondarenko_k,2015-W-P700-GER-01A-2015_9,1051,201425,201435,tournament_rank_unique,False,,1,1,True,0,0.0
2015,wta,2015_20_stuttgart_porsche_tennis_grand_prix_2015-04-21_R32_brengle_m_brianti_a,2015-W-P700-GER-01A-2015_4,1051,201483,201462,tournament_rank_unique,False,,1,1,True,0,0.0
2015,wta,2015_20_stuttgart_porsche_tennis_grand_prix_2015-04-21_R32_garcia_c_ivanovic_a,2015-W-P700-GER-01A-2015_6,1051,201614,201421,tournament_rank_unique,False,,1,1,True,0,0.0
2015,wta,2015_20_stuttgart_porsche_tennis_grand_prix_2015-04-21_R32_makarova_e_mattek_sands_b,2015-W-P700-GER-01A-2015_3,1051,201505,201318,tournament_rank_unique,False,,1,1,True,0,0.0
2015,wta,2015_20_stuttgart_porsche_tennis_grand_prix_2015-04-22_R32_errani_s_radwanska_a,2015-W-P700-GER-01A-2015_10,1051,201506,201474,tournament_rank_unique,False,,1,1,True,0,0.0
2015,wta,2015_20_stuttgart_porsche_tennis_grand_prix_2015-04-22_R32_diyas_z_lisicki_s,2015-W-P700-GER-01A-2015_11,1051,201610,201513,tournament_rank_unique,False,,1,1,True,0,0.0
2015,wta,2015_20_stuttgart_porsche_tennis_grand_prix_2015-04-22_R32_kerber_a_glatch_a,2015-W-P700-GER-01A-2015_1,1051,201493,201443,tournament_rank_unique,False,,1,1,True,0,0.0
2015,wta,2015_20_stuttgart_porsche_tennis_grand_prix_2015-04-22_R32_bencic_b_goerges_j,2015-W-P700-GER-01A-2015_8,1051,202505,201504,tournament_rank_unique,False,,1,1,True,0,0.0
2015,wta,2015_20_stuttgart_porsche_tennis_grand_prix_2015-04-22_R16_halep_s_muguruza_g,2015-W-P700-GER-01A-2015_20,1051,201594,202469,tournament_rank_unique,False,,1,1,True,0,0.0
2015,wta,2015_20_stuttgart_porsche_tennis_grand_prix_2015-04-23_R16_brengle_m_kvitova_p,2015-W-P700-GER-01A-2015_15,1051,201483,201520,tournament_rank_unique,False,,1,1,True,0,0.0
2015,wta,2015_20_stuttgart_porsche_tennis_grand_prix_2015-04-23_R16_errani_s_diyas_z,2015-W-P700-GER-01A-2015_19,1051,201506,201610,tournament_rank_unique,False,,1,1,True,0,0.0
2015,wta,2015_20_stuttgart_porsche_tennis_grand_prix_2015-04-23_R16_garcia_c_witthoeft_c,2015-W-P700-GER-01A-2015_16,1051,201614,202489,tournament_rank_unique,False,,1,1,True,0,0.0
2015,wta,2015_20_stuttgart_porsche_tennis_grand_prix_2015-04-23_R16_makarova_e_melnikova_m,2015-W-P700-GER-01A-2015_14,1051,201505,203379,tournament_rank_unique,False,,1,1,True,0,0.0
2015,wta,2015_20_stuttgart_porsche_tennis_grand_prix_2015-04-23_R16_wozniacki_c_safarova_l,2015-W-P700-GER-01A-2015_18,1051,201496,201425,tournament_rank_unique,False,,1,1,True,0,0.0
2015,wta,2015_20_stuttgart_porsche_tennis_grand_prix_2015-04-23_R16_kerber_a_sharapova_m,2015-W-P700-GER-01A-2015_13,1051,201493,201345,tournament_rank_unique,False,,1,1,True,0,0.0
2015,wta,2015_20_stuttgart_porsche_tennis_grand_prix_2015-04-23_R16_suarez_navarro_c_bencic_b,2015-W-P700-GER-01A-2015_17,1051,201521,202505,tournament_rank_unique,False,,1,1,True,0,0.0
2015,wta,2015_20_stuttgart_porsche_tennis_grand_prix_2015-04-24_QF_halep_s_errani_s,2015-W-P700-GER-01A-2015_24,1051,201594,201506,tournament_rank_unique,False,,1,1,True,0,0.0
2015,wta,2015_20_stuttgart_porsche_tennis_grand_prix_2015-04-24_QF_wozniacki_c_suarez_navarro_c,2015-W-P700-GER-01A-2015_23,1051,201496,201521,tournament_rank_unique,False,,1,1,True,0,0.0
2015,wta,2015_20_stuttgart_porsche_tennis_grand_prix_2015-04-24_QF_kerber_a_makarova_e,2015-W-P700-GER-01A-2015_21,1051,201493,201505,tournament_rank_unique,False,,1,1,True,0,0.0
2015,wta,2015_20_stuttgart_porsche_tennis_grand_prix_2015-04-24_QF_brengle_m_garcia_c,2015-W-P700-GER-01A-2015_22,1051,201483,201614,tournament_rank_unique,False,,1,1,True,0,0.0
2015,wta,2015_20_stuttgart_porsche_tennis_grand_prix_2015-04-25_SF_wozniacki_c_halep_s,2015-W-P700-GER-01A-2015_26,1051,201496,201594,tournament_rank_unique,False,,1,1,True,0,0.0
2015,wta,2015_20_stuttgart_porsche_tennis_grand_prix_2015-04-25_SF_kerber_a_brengle_m,2015-W-P700-GER-01A-2015_25,1051,201493,201483,tournament_rank_unique,False,,1,1,True,0,0.0
2015,wta,2015_20_stuttgart_porsche_tennis_grand_prix_2015-04-26_F_kerber_a_wozniacki_c,2015-W-P700-GER-01A-2015_27,1051,201493,201496,tournament_rank_unique,False,,1,1,True,0,0.0
2015,wta,2015_21_marrakesh_grand_prix_sar_lalla_meryem_2015-04-27_R32_schmiedlova_a_soler_espinosa_s,2015-W-INT-MAR-01A-2015_13,1005,203533,201562,tournament_rank_unique,False,,1,1,True,0,0.0
2015,wta,2015_21_marrakesh_grand_prix_sar_lalla_meryem_2015-04-27_R32_arruabarrena_l_nara_k,2015-W-INT-MAR-01A-2015_3,1005,202418,201597,tournament_rank_unique,False,,1,1,True,0,0.0
2015,wta,2015_21_marrakesh_grand_prix_sar_lalla_meryem_2015-04-28_R32_maria_t_witthoeft_c,2015-W-INT-MAR-01A-2015_15,1005,213583,202489,tournament_rank_unique,False,,1,1,True,0,0.0
2015,wta,2015_21_marrakesh_grand_prix_sar_lalla_meryem_2015-04-28_R32_babos_t_barthel_m,2015-W-INT-MAR-01A-2015_8,1005,201693,201621,tournament_rank_unique,False,,1,1,True,0,0.0
2015,wta,2015_21_marrakesh_grand_prix_sar_lalla_meryem_2015-04-28_R32_mladenovic_k_erakovic_m,2015-W-INT-MAR-01A-2015_2,1005,201540,201523,tournament_rank_unique,False,,1,1,True,0,0.0
2015,wta,2015_21_marrakesh_grand_prix_sar_lalla_meryem_2015-04-28_R32_irigoyen_m_atik_r,2015-W-INT-MAR-01A-2015_14,1005,202395,213634,tournament_rank_unique,False,,1,1,True,0,0.0
2015,wta,2015_21_marrakesh_grand_prix_sar_lalla_meryem_2015-04-28_R32_mchale_c_hantuchova_d,2015-W-INT-MAR-01A-2015_11,1005,201539,201290,tournament_rank_unique,False,,1,1,True,0,0.0
2015,wta,2015_21_marrakesh_grand_prix_sar_lalla_meryem_2015-04-28_R32_muguruza_g_kasatkina_d,2015-W-INT-MAR-01A-2015_1,1005,202469,214082,tournament_rank_unique,False,,1,1,True,0,0.0
2015,wta,2015_21_marrakesh_grand_prix_sar_lalla_meryem_2015-04-28_R32_siegemund_l_parmentier_p,2015-W-INT-MAR-01A-2015_6,1005,201696,201426,tournament_rank_unique,False,,1,1,True,0,0.0
2015,wta,2015_21_marrakesh_grand_prix_sar_lalla_meryem_2015-04-28_R32_svitolina_e_vekic_d,2015-W-INT-MAR-01A-2015_12,1005,202494,202499,tournament_rank_unique,False,,1,1,True,0,0.0
2015,wta,2015_21_marrakesh_grand_prix_sar_lalla_meryem_2015-04-28_R32_pennetta_f_jovanovski_b,2015-W-INT-MAR-01A-2015_5,1005,201355,201587,tournament_rank_unique,False,,1,1,True,0,0.0
2015,wta,2015_21_marrakesh_grand_prix_sar_lalla_meryem_2015-04-28_R32_pereira_t_kanepi_k,2015-W-INT-MAR-01A-2015_7,1005,202694,201466,tournament_rank_unique,False,,1,1,True,0,0.0
2015,wta,2015_21_marrakesh_grand_prix_sar_lalla_meryem_2015-04-28_R32_bacsinszky_t_rodina_e,2015-W-INT-MAR-01A-2015_16,1005,201490,201516,tournament_rank_unique,False,,1,1,True,0,0.0
2015,wta,2015_21_marrakesh_grand_prix_sar_lalla_meryem_2015-04-28_R32_puig_m_van_uytvanck_a,2015-W-INT-MAR-01A-2015_4,1005,201620,202421,tournament_rank_unique,False,,1,1,True,0,0.0
2015,wta,2015_21_marrakesh_grand_prix_sar_lalla_meryem_2015-04-28_R32_vinci_r_radwanska_u,2015-W-INT-MAR-01A-2015_9,1005,201311,201524,tournament_rank_unique,False,,1,1,True,0,0.0
2015,wta,2015_21_marrakesh_grand_prix_sar_lalla_meryem_2015-04-28_R32_knapp_k_buyukakcay_c,2015-W-INT-MAR-01A-2015_10,1005,201498,201666,tournament_rank_unique,False,,1,1,True,0,0.0
2015,wta,2015_21_marrakesh_grand_prix_sar_lalla_meryem_2015-04-29_R16_svitolina_e_mchale_c,2015-W-INT-MAR-01A-2015_22,1005,202494,201539,tournament_rank_unique,False,,1,1,True,0,0.0
2015,wta,2015_21_marrakesh_grand_prix_sar_lalla_meryem_2015-04-29_R16_mladenovic_k_muguruza_g,2015-W-INT-MAR-01A-2015_17,1005,201540,202469,tournament_rank_unique,False,,1,1,True,0,0.0
2015,wta,2015_21_marrakesh_grand_prix_sar_lalla_meryem_2015-04-29_R16_babos_t_pereira_t,2015-W-INT-MAR-01A-2015_20,1005,201693,202694,tournament_rank_unique,False,,1,1,True,0,0.0
2015,wta,2015_21_marrakesh_grand_prix_sar_lalla_meryem_2015-04-29_R16_schmiedlova_a_irigoyen_m,2015-W-INT-MAR-01A-2015_23,1005,203533,202395,tournament_rank_unique,False,,1,1,True,0,0.0
2015,wta,2015_21_marrakesh_grand_prix_sar_lalla_meryem_2015-04-29_R16_bacsinszky_t_maria_t,2015-W-INT-MAR-01A-2015_24,1005,201490,213583,tournament_rank_unique,False,,1,1,True,0,0.0
2015,wta,2015_21_marrakesh_grand_prix_sar_lalla_meryem_2015-04-29_R16_arruabarrena_l_puig_m,2015-W-INT-MAR-01A-2015_18,1005,202418,201620,tournament_rank_unique,False,,1,1,True,0,0.0
2015,wta,2015_21_marrakesh_grand_prix_sar_lalla_meryem_2015-04-29_R16_pennetta_f_siegemund_l,2015-W-INT-MAR-01A-2015_19,1005,201355,201696,tournament_rank_unique,False,,1,1,True,0,0.0
2015,wta,2015_21_marrakesh_grand_prix_sar_lalla_meryem_2015-04-29_R16_knapp_k_vinci_r,2015-W-INT-MAR-01A-2015_21,1005,201498,201311,tournament_rank_unique,False,,1,1,True,0,0.0
2015,wta,2015_21_marrakesh_grand_prix_sar_lalla_meryem_2015-04-30_QF_mladenovic_k_arruabarrena_l,2015-W-INT-MAR-01A-2015_25,1005,201540,202418,tournament_rank_unique,False,,1,1,True,0,0.0
2015,wta,2015_21_marrakesh_grand_prix_sar_lalla_meryem_2015-04-30_QF_babos_t_pennetta_f,2015-W-INT-MAR-01A-2015_26,1005,201693,201355,tournament_rank_unique,False,,1,1,True,0,0.0
2015,wta,2015_21_marrakesh_grand_prix_sar_lalla_meryem_2015-04-30_QF_svitolina_e_knapp_k,2015-W-INT-MAR-01A-2015_27,1005,202494,201498,tournament_rank_unique,False,,1,1,True,0,0.0
2015,wta,2015_21_marrakesh_grand_prix_sar_lalla_meryem_2015-04-30_QF_schmiedlova_a_bacsinszky_t,2015-W-INT-MAR-01A-2015_28,1005,203533,201490,tournament_rank_unique,False,,1,1,True,0,0.0
2015,wta,2015_21_marrakesh_grand_prix_sar_lalla_meryem_2015-05-01_SF_babos_t_mladenovic_k,2015-W-INT-MAR-01A-2015_29,1005,201693,201540,tournament_rank_unique,False,,1,1,True,0,0.0
2015,wta,2015_21_marrakesh_grand_prix_sar_lalla_meryem_2015-05-01_SF_svitolina_e_schmiedlova_a,2015-W-INT-MAR-01A-2015_30,1005,202494,203533,tournament_rank_unique,False,,1,1,True,0,0.0
2015,wta,2015_21_marrakesh_grand_prix_sar_lalla_meryem_2015-05-02_F_svitolina_e_babos_t,2015-W-INT-MAR-01A-2015_31,1005,202494,201693,tournament_rank_unique,False,,1,1,True,0,0.0
2015,wta,2015_22_prague_j_t_banka_prague_open_2015-04-27_R32_krunic_a_lucic_m,2015-W-INT-CZE-01A-2015_7,1082,202434,200002,tournament_rank_unique,False,,1,1,True,0,0.0
2015,wta,2015_22_prague_j_t_banka_prague_open_2015-04-27_R32_vesnina_e_cepelova_j,2015-W-INT-CZE-01A-2015_11,1082,201455,202450,tournament_rank_unique,False,,1,1,True,0,0.0
2015,wta,2015_22_prague_j_t_banka_prague_open_2015-04-27_R32_hercog_p_watson_h,2015-W-INT-CZE-01A-2015_10,1082,201555,201586,tournament_rank_unique,False,,1,1,True,0,0.0
2015,wta,2015_22_prague_j_t_banka_prague_open_2015-04-27_R32_cornet_a_schmiedlova_k,2015-W-INT-CZE-01A-2015_4,1082,201427,214123,tournament_rank_unique,False,,1,1,True,0,0.0
2015,wta,2015_22_prague_j_t_banka_prague_open_2015-04-27_R32_allertova_d_vandeweghe_c,2015-W-INT-CZE-01A-2015_3,1082,202653,201535,tournament_rank_unique,False,,1,1,True,0,0.0
2015,wta,2015_22_prague_j_t_banka_prague_open_2015-04-27_R32_siniakova_k_begu_i,2015-W-INT-CZE-01A-2015_9,1082,211701,201593,tournament_rank_unique,False,,1,1,True,0,0.0
2015,wta,2015_22_prague_j_t_banka_prague_open_2015-04-27_R32_zhang_s_kuznetsova_s,2015-W-INT-CZE-01A-2015_5,1082,201533,201320,tournament_rank_unique,False,,1,1,True,0,0.0
2015,wta,2015_22_prague_j_t_banka_prague_open_2015-04-27_R32_wickmayer_y_giorgi_c,2015-W-INT-CZE-01A-2015_8,1082,201518,202429,tournament_rank_unique,False,,1,1,True,0,0.0
2015,wta,2015_22_prague_j_t_banka_prague_open_2015-04-28_R32_pliskova_ka_beck_a,2015-W-INT-CZE-01A-2015_1,1082,201662,202470,tournament_rank_unique,False,,1,1,True,0,0.0
2015,wta,2015_22_prague_j_t_banka_prague_open_2015-04-28_R32_konjuh_a_bencic_b,2015-W-INT-CZE-01A-2015_13,1082,211951,202505,tournament_rank_unique,False,,1,1,True,0,0.0
2015,wta,2015_22_prague_j_t_banka_prague_open_2015-04-28_R32_pironkova_t_govortsova_o,2015-W-INT-CZE-01A-2015_2,1082,201450,201501,tournament_rank_unique,False,,1,1,True,0,0.0
2015,wta,2015_22_prague_j_t_banka_prague_open_2015-04-28_R32_strycova_b_brengle_m,2015-W-INT-CZE-01A-2015_12,1082,201366,201483,tournament_rank_unique,False,,1,1,True,0,0.0
2015,wta,2015_22_prague_j_t_banka_prague_open_2015-04-28_R32_koukalova_k_goerges_j,2015-W-INT-CZE-01A-2015_14,1082,201344,201504,tournament_rank_unique,False,,1,1,True,0,0.0
2015,wta,2015_22_prague_j_t_banka_prague_open_2015-04-28_R32_kovinic_d_niculescu_m,2015-W-INT-CZE-01A-2015_6,1082,203575,201512,tournament_rank_unique,False,,1,1,True,0,0.0
2015,wta,2015_22_prague_j_t_banka_prague_open_2015-04-29_R32_smitkova_t_safarova_l,2015-W-INT-CZE-01A-2015_16,1082,202702,201425,tournament_rank_unique,False,,1,1,True,0,0.0
2015,wta,2015_22_prague_j_t_banka_prague_open_2015-04-29_R32_hradecka_l_pavlyuchenkova_a,2015-W-INT-CZE-01A-2015_15,1082,201556,201499,tournament_rank_unique,False,,1,1,True,0,0.0
2015,wta,2015_22_prague_j_t_banka_prague_open_2015-04-29_R16_wickmayer_y_krunic_a,2015-W-INT-CZE-01A-2015_20,1082,201518,202434,tournament_rank_unique,False,,1,1,True,0,0.0
2015,wta,2015_22_prague_j_t_banka_prague_open_2015-04-29_R16_siniakova_k_hercog_p,2015-W-INT-CZE-01A-2015_21,1082,211701,201555,tournament_rank_unique,False,,1,1,True,0,0.0
2015,wta,2015_22_prague_j_t_banka_prague_open_2015-04-29_R16_pliskova_ka_pironkova_t,2015-W-INT-CZE-01A-2015_17,1082,201662,201450,tournament_rank_unique,False,,1,1,True,0,0.0
2015,wta,2015_22_prague_j_t_banka_prague_open_2015-04-29_R16_kovinic_d_zhang_s,2015-W-INT-CZE-01A-2015_19,1082,203575,201533,tournament_rank_unique,False,,1,1,True,0,0.0
2015,wta,2015_22_prague_j_t_banka_prague_open_2015-04-29_R16_allertova_d_cornet_a,2015-W-INT-CZE-01A-2015_18,1082,202653,201427,tournament_rank_unique,False,,1,1,True,0,0.0
2015,wta,2015_22_prague_j_t_banka_prague_open_2015-04-29_R16_koukalova_k_konjuh_a,2015-W-INT-CZE-01A-2015_23,1082,201344,211951,tournament_rank_unique,False,,1,1,True,0,0.0
2015,wta,2015_22_prague_j_t_banka_prague_open_2015-04-29_R16_hradecka_l_smitkova_t,2015-W-INT-CZE-01A-2015_24,1082,201556,202702,tournament_rank_unique,False,,1,1,True,0,0.0
2015,wta,2015_22_prague_j_t_banka_prague_open_2015-04-29_R16_strycova_b_vesnina_e,2015-W-INT-CZE-01A-2015_22,1082,201366,201455,tournament_rank_unique,False,,1,1,True,0,0.0
2015,wta,2015_22_prague_j_t_banka_prague_open_2015-04-30_QF_pliskova_ka_allertova_d,2015-W-INT-CZE-01A-2015_25,1082,201662,202653,tournament_rank_unique,False,,1,1,True,0,0.0
2015,wta,2015_22_prague_j_t_banka_prague_open_2015-04-30_QF_wickmayer_y_kovinic_d,2015-W-INT-CZE-01A-2015_26,1082,201518,203575,tournament_rank_unique,False,,1,1,True,0,0.0
2015,wta,2015_22_prague_j_t_banka_prague_open_2015-04-30_QF_siniakova_k_strycova_b,2015-W-INT-CZE-01A-2015_27,1082,211701,201366,tournament_rank_unique,False,,1,1,True,0,0.0
2015,wta,2015_22_prague_j_t_banka_prague_open_2015-04-30_QF_hradecka_l_koukalova_k,2015-W-INT-CZE-01A-2015_28,1082,201556,201344,tournament_rank_unique,False,,1,1,True,0,0.0
2015,wta,2015_22_prague_j_t_banka_prague_open_2015-05-01_SF_pliskova_ka_wickmayer_y,2015-W-INT-CZE-01A-2015_29,1082,201662,201518,tournament_rank_unique,False,,1,1,True,0,0.0
2015,wta,2015_22_prague_j_t_banka_prague_open_2015-05-01_SF_hradecka_l_siniakova_k,2015-W-INT-CZE-01A-2015_30,1082,201556,211701,tournament_rank_unique,False,,1,1,True,0,0.0
2015,wta,2015_22_prague_j_t_banka_prague_open_2015-05-02_F_pliskova_ka_hradecka_l,2015-W-INT-CZE-01A-2015_31,1082,201662,201556,tournament_rank_unique,False,,1,1,True,0,0.0
2015,wta,2015_23_madrid_mutua_madrid_open_2015-05-02_R64_dellacqua_c_schiavone_f,2015-W-PM-ESP-01A-2015_19,1038,201348,201212,tournament_rank_unique,False,,1,1,True,0,0.0
2015,wta,2015_23_madrid_mutua_madrid_open_2015-05-02_R64_kuznetsova_s_makarova_e,2015-W-PM-ESP-01A-2015_25,1038,201320,201505,tournament_rank_unique,False,,1,1,True,0,0.0
2015,wta,2015_23_madrid_mutua_madrid_open_2015-05-02_R64_begu_i_nara_k,2015-W-PM-ESP-01A-2015_14,1038,201593,201597,tournament_rank_unique,False,,1,1,True,0,0.0
2015,wta,2015_23_madrid_mutua_madrid_open_2015-05-02_R64_ivanovic_a_dulgheru_a,2015-W-PM-ESP-01A-2015_8,1038,201421,201567,tournament_rank_unique,False,,1,1,True,0,0.0
2015,wta,2015_23_madrid_mutua_madrid_open_2015-05-02_R64_stephens_s_mattek_sands_b,2015-W-PM-ESP-01A-2015_2,1038,201585,201318,tournament_rank_unique,False,,1,1,True,0,0.0
2015,wta,2015_23_madrid_mutua_madrid_open_2015-05-02_R64_radwanska_a_arruabarrena_l,2015-W-PM-ESP-01A-2015_20,1038,201474,202418,tournament_rank_unique,False,,1,1,True,0,0.0
2015,wta,2015_23_madrid_mutua_madrid_open_2015-05-02_R64_kanepi_k_keys_m,2015-W-PM-ESP-01A-2015_27,1038,201466,201619,tournament_rank_unique,False,,1,1,True,0,0.0
2015,wta,2015_23_madrid_mutua_madrid_open_2015-05-02_R64_safarova_l_riske_a,2015-W-PM-ESP-01A-2015_29,1038,201425,201590,tournament_rank_unique,False,,1,1,True,0,0.0
2015,wta,2015_23_madrid_mutua_madrid_open_2015-05-03_R64_vinci_r_puig_m,2015-W-PM-ESP-01A-2015_31,1038,201311,201620,tournament_rank_unique,False,,1,1,True,0,0.0
2015,wta,2015_23_madrid_mutua_madrid_open_2015-05-03_R64_sharapova_m_bacsinszky_t,2015-W-PM-ESP-01A-2015_24,1038,201345,201490,tournament_rank_unique,False,,1,1,True,0,0.0
2015,wta,2015_23_madrid_mutua_madrid_open_2015-05-03_R64_pironkova_t_giorgi_c,2015-W-PM-ESP-01A-2015_30,1038,201450,202429,tournament_rank_unique,False,,1,1,True,0,0.0
2015,wta,2015_23_madrid_mutua_madrid_open_2015-05-03_R64_suarez_navarro_c_diyas_z,2015-W-PM-ESP-01A-2015_5,1038,201521,201610,tournament_rank_unique,False,,1,1,True,0,0.0
2015,wta,2015_23_madrid_mutua_madrid_open_2015-05-03_R64_tomljanovic_a_bencic_b,2015-W-PM-ESP-01A-2015_3,1038,201548,202505,tournament_rank_unique,False,,1,1,True,0,0.0
2015,wta,2015_23_madrid_mutua_madrid_open_2015-05-03_R64_garcia_c_lucic_m,2015-W-PM-ESP-01A-2015_22,1038,201614,200002,tournament_rank_unique,False,,1,1,True,0,0.0
2015,wta,2015_23_madrid_mutua_madrid_open_2015-05-03_R64_cornet_a_halep_s,2015-W-PM-ESP-01A-2015_32,1038,201427,201594,tournament_rank_unique,False,,1,1,True,0,0.0
2015,wta,2015_23_madrid_mutua_madrid_open_2015-05-03_R64_muguruza_g_torro_flor_m_t,2015-W-PM-ESP-01A-2015_26,1038,202469,201640,tournament_rank_unique,False,,1,1,True,0,0.0
2015,wta,2015_23_madrid_mutua_madrid_open_2015-05-03_R64_stosur_s_kerber_a,2015-W-PM-ESP-01A-2015_28,1038,201325,201493,tournament_rank_unique,False,,1,1,True,0,0.0
2015,wta,2015_23_madrid_mutua_madrid_open_2015-05-03_R64_strycova_b_bouchard_e,2015-W-PM-ESP-01A-2015_16,1038,201366,202446,tournament_rank_unique,False,,1,1,True,0,0.0
2015,wta,2015_23_madrid_mutua_madrid_open_2015-05-03_R64_wozniacki_c_gajdosova_j,2015-W-PM-ESP-01A-2015_17,1038,201496,201457,tournament_rank_unique,False,,1,1,True,0,0.0
2015,wta,2015_23_madrid_mutua_madrid_open_2015-05-03_R64_svitolina_e_hantuchova_d,2015-W-PM-ESP-01A-2015_7,1038,202494,201290,tournament_rank_unique,False,,1,1,True,0,0.0
2015,wta,2015_23_madrid_mutua_madrid_open_2015-05-03_R64_kvitova_p_govortsova_o,2015-W-PM-ESP-01A-2015_9,1038,201520,201501,tournament_rank_unique,False,,1,1,True,0,407.0
2015,wta,2015_23_madrid_mutua_madrid_open_2015-05-03_R64_vandeweghe_c_lisicki_s,2015-W-PM-ESP-01A-2015_10,1038,201535,201513,tournament_rank_unique,False,,1,1,True,0,0.0
2015,wta,2015_23_madrid_mutua_madrid_open_2015-05-03_R64_petkovic_a_pennetta_f,2015-W-PM-ESP-01A-2015_13,1038,201492,201355,tournament_rank_unique,False,,1,1,True,0,0.0
2015,wta,2015_23_madrid_mutua_madrid_open_2015-05-03_R64_pavlyuchenkova_a_peng_s,2015-W-PM-ESP-01A-2015_11,1038,201499,201397,tournament_rank_unique,False,,1,1,True,0,0.0
2015,wta,2015_23_madrid_mutua_madrid_open_2015-05-03_R64_mchale_c_barthel_m,2015-W-PM-ESP-01A-2015_18,1038,201539,201621,tournament_rank_unique,False,,1,1,True,0,0.0
2015,wta,2015_23_madrid_mutua_madrid_open_2015-05-03_R64_williams_s_brengle_m,2015-W-PM-ESP-01A-2015_1,1038,200033,201483,tournament_rank_unique,False,,1,1,True,0,0.0
2015,wta,2015_23_madrid_mutua_madrid_open_2015-05-03_R64_duque_marino_m_watson_h,2015-W-PM-ESP-01A-2015_23,1038,201531,201586,tournament_rank_unique,False,,1,1,True,0,0.0
2015,wta,2015_23_madrid_mutua_madrid_open_2015-05-03_R64_goerges_j_erakovic_m,2015-W-PM-ESP-01A-2015_6,1038,201504,201523,tournament_rank_unique,False,,1,1,True,0,0.0
2015,wta,2015_23_madrid_mutua_madrid_open_2015-05-03_R64_errani_s_badosa_gibert_p,2015-W-PM-ESP-01A-2015_12,1038,201506,211651,tournament_rank_unique,False,,1,1,True,0,0.0
2015,wta,2015_23_madrid_mutua_madrid_open_2015-05-03_R64_lepchenko_v_mitu_a,2015-W-PM-ESP-01A-2015_15,1038,201478,202671,tournament_rank_unique,False,,1,1,True,0,0.0
2015,wta,2015_23_madrid_mutua_madrid_open_2015-05-03_R64_azarenka_v_williams_v,2015-W-PM-ESP-01A-2015_4,1038,201458,200748,tournament_rank_unique,False,,1,1,True,0,0.0
2015,wta,2015_23_madrid_mutua_madrid_open_2015-05-03_R64_pliskova_ka_soler_espinosa_s,2015-W-PM-ESP-01A-2015_21,1038,201662,201562,tournament_rank_unique,False,,1,1,True,0,0.0
2015,wta,2015_23_madrid_mutua_madrid_open_2015-05-04_R32_radwanska_a_dellacqua_c,2015-W-PM-ESP-01A-2015_42,1038,201474,201348,tournament_rank_unique,False,,1,1,True,0,0.0
2015,wta,2015_23_madrid_mutua_madrid_open_2015-05-04_R32_kuznetsova_s_muguruza_g,2015-W-PM-ESP-01A-2015_45,1038,201320,202469,tournament_rank_unique,False,,1,1,True,0,0.0
2015,wta,2015_23_madrid_mutua_madrid_open_2015-05-04_R32_safarova_l_pironkova_t,2015-W-PM-ESP-01A-2015_47,1038,201425,201450,tournament_rank_unique,False,,1,1,True,0,0.0
2015,wta,2015_23_madrid_mutua_madrid_open_2015-05-04_R32_stosur_s_kanepi_k,2015-W-PM-ESP-01A-2015_46,1038,201325,201466,tournament_rank_unique,False,,1,1,True,0,0.0
2015,wta,2015_23_madrid_mutua_madrid_open_2015-05-04_R32_wozniacki_c_mchale_c,2015-W-PM-ESP-01A-2015_41,1038,201496,201539,tournament_rank_unique,False,,1,1,True,0,0.0
2015,wta,2015_23_madrid_mutua_madrid_open_2015-05-04_R32_vinci_r_cornet_a,2015-W-PM-ESP-01A-2015_48,1038,201311,201427,tournament_rank_unique,False,,1,1,True,0,0.0
2015,wta,2015_23_madrid_mutua_madrid_open_2015-05-04_R32_begu_i_petkovic_a,2015-W-PM-ESP-01A-2015_39,1038,201593,201492,tournament_rank_unique,False,,1,1,True,0,0.0
2015,wta,2015_23_madrid_mutua_madrid_open_2015-05-04_R32_williams_s_stephens_s,2015-W-PM-ESP-01A-2015_33,1038,200033,201585,tournament_rank_unique,False,,1,1,True,0,0.0
2015,wta,2015_23_madrid_mutua_madrid_open_2015-05-05_R32_kvitova_p_vandeweghe_c,2015-W-PM-ESP-01A-2015_37,1038,201520,201535,tournament_rank_unique,False,,1,1,True,0,0.0
2015,wta,2015_23_madrid_mutua_madrid_open_2015-05-05_R32_strycova_b_lepchenko_v,2015-W-PM-ESP-01A-2015_40,1038,201366,201478,tournament_rank_unique,False,,1,1,True,0,0.0
2015,wta,2015_23_madrid_mutua_madrid_open_2015-05-05_R32_azarenka_v_tomljanovic_a,2015-W-PM-ESP-01A-2015_34,1038,201458,201548,tournament_rank_unique,False,,1,1,True,0,0.0
2015,wta,2015_23_madrid_mutua_madrid_open_2015-05-05_R32_pavlyuchenkova_a_errani_s,2015-W-PM-ESP-01A-2015_38,1038,201499,201506,tournament_rank_unique,False,,1,1,True,0,0.0
2015,wta,2015_23_madrid_mutua_madrid_open_2015-05-05_R32_sharapova_m_duque_marino_m,2015-W-PM-ESP-01A-2015_44,1038,201345,201531,tournament_rank_unique,False,,1,1,True,0,0.0
2015,wta,2015_23_madrid_mutua_madrid_open_2015-05-05_R32_garcia_c_pliskova_ka,2015-W-PM-ESP-01A-2015_43,1038,201614,201662,tournament_rank_unique,False,,1,1,True,0,0.0
2015,wta,2015_23_madrid_mutua_madrid_open_2015-05-05_R32_ivanovic_a_svitolina_e,2015-W-PM-ESP-01A-2015_36,1038,201421,202494,tournament_rank_unique,False,,1,1,True,0,0.0
2015,wta,2015_23_madrid_mutua_madrid_open_2015-05-05_R32_suarez_navarro_c_goerges_j,2015-W-PM-ESP-01A-2015_35,1038,201521,201504,tournament_rank_unique,False,,1,1,True,0,0.0
2015,wta,2015_23_madrid_mutua_madrid_open_2015-05-06_R16_begu_i_strycova_b,2015-W-PM-ESP-01A-2015_52,1038,201593,201366,tournament_rank_unique,False,,1,1,True,0,0.0
2015,wta,2015_23_madrid_mutua_madrid_open_2015-05-06_R16_sharapova_m_garcia_c,2015-W-PM-ESP-01A-2015_54,1038,201345,201614,tournament_rank_unique,False,,1,1,True,0,0.0
2015,wta,2015_23_madrid_mutua_madrid_open_2015-05-06_R16_kvitova_p_pavlyuchenkova_a,2015-W-PM-ESP-01A-2015_51,1038,201520,201499,tournament_rank_unique,False,,1,1,True,0,0.0
2015,wta,2015_23_madrid_mutua_madrid_open_2015-05-06_R16_williams_s_azarenka_v,2015-W-PM-ESP-01A-2015_49,1038,200033,201458,tournament_rank_unique,False,,1,1,True,0,0.0
2015,wta,2015_23_madrid_mutua_madrid_open_2015-05-06_R16_wozniacki_c_radwanska_a,2015-W-PM-ESP-01A-2015_53,1038,201496,201474,tournament_rank_unique,False,,1,1,True,0,0.0
2015,wta,2015_23_madrid_mutua_madrid_open_2015-05-06_R16_safarova_l_vinci_r,2015-W-PM-ESP-01A-2015_56,1038,201425,201311,tournament_rank_unique,False,,1,1,True,0,0.0
2015,wta,2015_23_madrid_mutua_madrid_open_2015-05-06_R16_suarez_navarro_c_ivanovic_a,2015-W-PM-ESP-01A-2015_50,1038,201521,201421,tournament_rank_unique,False,,1,1,True,0,0.0
2015,wta,2015_23_madrid_mutua_madrid_open_2015-05-06_R16_kuznetsova_s_stosur_s,2015-W-PM-ESP-01A-2015_55,1038,201320,201325,tournament_rank_unique,False,,1,1,True,0,0.0
2015,wta,2015_23_madrid_mutua_madrid_open_2015-05-07_QF_sharapova_m_wozniacki_c,2015-W-PM-ESP-01A-2015_59,1038,201345,201496,tournament_rank_unique,False,,1,1,True,0,0.0
2015,wta,2015_23_madrid_mutua_madrid_open_2015-05-07_QF_williams_s_suarez_navarro_c,2015-W-PM-ESP-01A-2015_57,1038,200033,201521,tournament_rank_unique,False,,1,1,True,0,0.0
2015,wta,2015_23_madrid_mutua_madrid_open_2015-05-07_QF_kuznetsova_s_safarova_l,2015-W-PM-ESP-01A-2015_60,1038,201320,201425,tournament_rank_unique,False,,1,1,True,0,0.0
2015,wta,2015_23_madrid_mutua_madrid_open_2015-05-07_QF_kvitova_p_begu_i,2015-W-PM-ESP-01A-2015_58,1038,201520,201593,tournament_rank_unique,False,,1,1,True,0,0.0
2015,wta,2015_23_madrid_mutua_madrid_open_2015-05-08_SF_kuznetsova_s_sharapova_m,2015-W-PM-ESP-01A-2015_62,1038,201320,201345,tournament_rank_unique,False,,1,1,True,0,0.0
2015,wta,2015_23_madrid_mutua_madrid_open_2015-05-08_SF_kvitova_p_williams_s,2015-W-PM-ESP-01A-2015_61,1038,201520,200033,tournament_rank_unique,False,,1,1,True,0,0.0
2015,wta,2015_23_madrid_mutua_madrid_open_2015-05-09_F_kvitova_p_kuznetsova_s,2015-W-PM-ESP-01A-2015_63,1038,201520,201320,tournament_rank_unique,False,,1,1,True,0,0.0
2015,wta,2015_24_rome_internazionali_bnl_d_italia_2015-05-11_R64_pavlyuchenkova_a_stosur_s,2015-W-P5-ITA-01A-2015_1,709,201499,201325,tournament_rank_unique,False,,1,1,True,0,0.0
2015,wta,2015_24_rome_internazionali_bnl_d_italia_2015-05-11_R64_keys_m_brengle_m,2015-W-P5-ITA-01A-2015_9,709,201619,201483,tournament_rank_unique,False,,1,1,True,0,0.0
2015,wta,2015_24_rome_internazionali_bnl_d_italia_2015-05-11_R64_diyas_z_pironkova_t,2015-W-P5-ITA-01A-2015_13,709,201610,201450,tournament_rank_unique,False,,1,1,True,0,0.0
2015,wta,2015_24_rome_internazionali_bnl_d_italia_2015-05-11_R64_knapp_k_schiavone_f,2015-W-P5-ITA-01A-2015_18,709,201498,201212,tournament_rank_unique,False,,1,1,True,0,0.0
2015,wta,2015_24_rome_internazionali_bnl_d_italia_2015-05-11_R64_bacsinszky_t_pliskova_ka,2015-W-P5-ITA-01A-2015_4,709,201490,201662,tournament_rank_unique,False,,1,1,True,0,0.0
2015,wta,2015_24_rome_internazionali_bnl_d_italia_2015-05-11_R64_riske_a_lepchenko_v,2015-W-P5-ITA-01A-2015_24,709,201590,201478,tournament_rank_unique,False,,1,1,True,0,0.0
2015,wta,2015_24_rome_internazionali_bnl_d_italia_2015-05-11_R64_errani_s_hantuchova_d,2015-W-P5-ITA-01A-2015_3,709,201506,201290,tournament_rank_unique,False,,1,1,True,0,0.0
2015,wta,2015_24_rome_internazionali_bnl_d_italia_2015-05-11_R64_lisicki_s_stephens_s,2015-W-P5-ITA-01A-2015_5,709,201513,201585,tournament_rank_unique,False,,1,1,True,0,0.0
2015,wta,2015_24_rome_internazionali_bnl_d_italia_2015-05-11_R64_mchale_c_strycova_b,2015-W-P5-ITA-01A-2015_2,709,201539,201366,tournament_rank_unique,False,,1,1,True,0,0.0
2015,wta,2015_24_rome_internazionali_bnl_d_italia_2015-05-11_R64_gajdosova_j_vesnina_e,2015-W-P5-ITA-01A-2015_7,709,201457,201455,tournament_rank_unique,False,,1,1,True,0,0.0
2015,wta,2015_24_rome_internazionali_bnl_d_italia_2015-05-11_R64_kerber_a_cornet_a,2015-W-P5-ITA-01A-2015_10,709,201493,201427,tournament_rank_unique,False,,1,1,True,0,0.0
2015,wta,2015_24_rome_internazionali_bnl_d_italia_2015-05-11_R64_rybarikova_m_burnett_n,2015-W-P5-ITA-01A-2015_17,709,201517,202487,tournament_rank_unique,False,,1,1,True,0,0.0
2015,wta,2015_24_rome_internazionali_bnl_d_italia_2015-05-11_R64_watson_h_vinci_r,2015-W-P5-ITA-01A-2015_14,709,201586,201311,tournament_rank_unique,False,,1,1,True,0,0.0
2015,wta,2015_24_rome_internazionali_bnl_d_italia_2015-05-11_R64_williams_v_siniakova_k,2015-W-P5-ITA-01A-2015_22,709,200748,211701,tournament_rank_unique,False,,1,1,True,0,0.0
2015,wta,2015_24_rome_internazionali_bnl_d_italia_2015-05-12_R64_suarez_navarro_c_barthel_m,2015-W-P5-ITA-01A-2015_15,709,201521,201621,tournament_rank_unique,False,,1,1,True,0,0.0
2015,wta,2015_24_rome_internazionali_bnl_d_italia_2015-05-12_R64_mladenovic_k_puig_m,2015-W-P5-ITA-01A-2015_19,709,201540,201620,tournament_rank_unique,False,,1,1,True,0,0.0
2015,wta,2015_24_rome_internazionali_bnl_d_italia_2015-05-12_R64_dulgheru_a_doi_m,2015-W-P5-ITA-01A-2015_20,709,201567,201595,tournament_rank_unique,False,,1,1,True,0,506.0
2015,wta,2015_24_rome_internazionali_bnl_d_italia_2015-05-12_R64_gavrilova_d_bencic_b,2015-W-P5-ITA-01A-2015_6,709,201611,202505,tournament_rank_unique,False,,1,1,True,0,0.0
2015,wta,2015_24_rome_internazionali_bnl_d_italia_2015-05-12_R64_svitolina_e_pennetta_f,2015-W-P5-ITA-01A-2015_23,709,202494,201355,tournament_rank_unique,False,,1,1,True,0,0.0
2015,wta,2015_24_rome_internazionali_bnl_d_italia_2015-05-12_R64_begu_i_radwanska_u,2015-W-P5-ITA-01A-2015_11,709,201593,201524,tournament_rank_unique,False,,1,1,True,0,0.0
2015,wta,2015_24_rome_internazionali_bnl_d_italia_2015-05-12_R64_jovanovski_b_garcia_c,2015-W-P5-ITA-01A-2015_8,709,201587,201614,tournament_rank_unique,False,,1,1,True,0,0.0
2015,wta,2015_24_rome_internazionali_bnl_d_italia_2015-05-12_R64_azarenka_v_hradecka_l,2015-W-P5-ITA-01A-2015_12,709,201458,201556,tournament_rank_unique,False,,1,1,True,0,0.0
2015,wta,2015_24_rome_internazionali_bnl_d_italia_2015-05-12_R64_safarova_l_schmiedlova_a,2015-W-P5-ITA-01A-2015_21,709,201425,203533,tournament_rank_unique,False,,1,1,True,0,0.0
2015,wta,2015_24_rome_internazionali_bnl_d_italia_2015-05-12_R64_jankovic_j_giorgi_c,2015-W-P5-ITA-01A-2015_16,709,201347,202429,tournament_rank_unique,False,,1,1,True,0,0.0
2015,wta,2015_24_rome_internazionali_bnl_d_italia_2015-05-12_R32_sharapova_m_gajdosova_j,2015-W-P5-ITA-01A-2015_29,709,201345,201457,tournament_rank_unique,False,,1,1,True,0,0.0
2015,wta,2015_24_rome_internazionali_bnl_d_italia_2015-05-12_R32_bacsinszky_t_lisicki_s,2015-W-P5-ITA-01A-2015_27,709,201490,201513,tournament_rank_unique,False,,1,1,True,0,0.0
2015,wta,2015_24_rome_internazionali_bnl_d_italia_2015-05-12_R32_williams_s_pavlyuchenkova_a,2015-W-P5-ITA-01A-2015_25,709,200033,201499,tournament_rank_unique,False,,1,1,True,0,0.0
2015,wta,2015_24_rome_internazionali_bnl_d_italia_2015-05-13_R32_gavrilova_d_ivanovic_a,2015-W-P5-ITA-01A-2015_28,709,201611,201421,tournament_rank_unique,False,,1,1,True,0,0.0
2015,wta,2015_24_rome_internazionali_bnl_d_italia_2015-05-13_R32_halep_s_riske_a,2015-W-P5-ITA-01A-2015_40,709,201594,201590,tournament_rank_unique,False,,1,1,True,0,0.0
2015,wta,2015_24_rome_internazionali_bnl_d_italia_2015-05-13_R32_makarova_e_mladenovic_k,2015-W-P5-ITA-01A-2015_37,709,201505,201540,tournament_rank_unique,False,,1,1,True,0,0.0
2015,wta,2015_24_rome_internazionali_bnl_d_italia_2015-05-13_R32_jovanovski_b_keys_m,2015-W-P5-ITA-01A-2015_30,709,201587,201619,tournament_rank_unique,False,,1,1,True,0,0.0
2015,wta,2015_24_rome_internazionali_bnl_d_italia_2015-05-13_R32_mchale_c_errani_s,2015-W-P5-ITA-01A-2015_26,709,201539,201506,tournament_rank_unique,False,,1,1,True,0,0.0
2015,wta,2015_24_rome_internazionali_bnl_d_italia_2015-05-13_R32_dulgheru_a_safarova_l,2015-W-P5-ITA-01A-2015_38,709,201567,201425,tournament_rank_unique,False,,1,1,True,0,0.0
2015,wta,2015_24_rome_internazionali_bnl_d_italia_2015-05-13_R32_bouchard_e_diyas_z,2015-W-P5-ITA-01A-2015_33,709,202446,201610,tournament_rank_unique,False,,1,1,True,0,0.0
2015,wta,2015_24_rome_internazionali_bnl_d_italia_2015-05-13_R32_azarenka_v_wozniacki_c,2015-W-P5-ITA-01A-2015_32,709,201458,201496,tournament_rank_unique,False,,1,1,True,0,0.0
2015,wta,2015_24_rome_internazionali_bnl_d_italia_2015-05-13_R32_williams_v_svitolina_e,2015-W-P5-ITA-01A-2015_39,709,200748,202494,tournament_rank_unique,False,,1,1,True,0,0.0
2015,wta,2015_24_rome_internazionali_bnl_d_italia_2015-05-13_R32_begu_i_kerber_a,2015-W-P5-ITA-01A-2015_31,709,201593,201493,tournament_rank_unique,False,,1,1,True,0,0.0
2015,wta,2015_24_rome_internazionali_bnl_d_italia_2015-05-13_R32_suarez_navarro_c_watson_h,2015-W-P5-ITA-01A-2015_34,709,201521,201586,tournament_rank_unique,False,,1,1,True,0,0.0
2015,wta,2015_24_rome_internazionali_bnl_d_italia_2015-05-13_R32_kvitova_p_knapp_k,2015-W-P5-ITA-01A-2015_36,709,201520,201498,tournament_rank_unique,False,,1,1,True,0,0.0
2015,wta,2015_24_rome_internazionali_bnl_d_italia_2015-05-13_R32_jankovic_j_rybarikova_m,2015-W-P5-ITA-01A-2015_35,709,201347,201517,tournament_rank_unique,False,,1,1,True,0,0.0
2015,wta,2015_24_rome_internazionali_bnl_d_italia_2015-05-14_R16_suarez_navarro_c_bouchard_e,2015-W-P5-ITA-01A-2015_45,709,201521,202446,tournament_rank_unique,False,,1,1,True,0,0.0
2015,wta,2015_24_rome_internazionali_bnl_d_italia_2015-05-14_R16_dulgheru_a_makarova_e,2015-W-P5-ITA-01A-2015_47,709,201567,201505,tournament_rank_unique,False,,1,1,True,0,0.0
2015,wta,2015_24_rome_internazionali_bnl_d_italia_2015-05-14_R16_halep_s_williams_v,2015-W-P5-ITA-01A-2015_48,709,201594,200748,tournament_rank_unique,False,,1,1,True,0,0.0
2015,wta,2015_24_rome_internazionali_bnl_d_italia_2015-05-14_R16_sharapova_m_jovanovski_b,2015-W-P5-ITA-01A-2015_43,709,201345,201587,tournament_rank_unique,False,,1,1,True,0,0.0
2015,wta,2015_24_rome_internazionali_bnl_d_italia_2015-05-14_R16_gavrilova_d_bacsinszky_t,2015-W-P5-ITA-01A-2015_42,709,201611,201490,tournament_rank_unique,False,,1,1,True,0,0.0
2015,wta,2015_24_rome_internazionali_bnl_d_italia_2015-05-14_R16_mchale_c_williams_s,2015-W-P5-ITA-01A-2015_41,709,201539,200033,tournament_rank_unique,False,,1,1,True,0,0.0
2015,wta,2015_24_rome_internazionali_bnl_d_italia_2015-05-14_R16_kvitova_p_jankovic_j,2015-W-P5-ITA-01A-2015_46,709,201520,201347,tournament_rank_unique,False,,1,1,True,0,0.0
2015,wta,2015_24_rome_internazionali_bnl_d_italia_2015-05-14_R16_azarenka_v_begu_i,2015-W-P5-ITA-01A-2015_44,709,201458,201593,tournament_rank_unique,False,,1,1,True,0,0.0
2015,wta,2015_24_rome_internazionali_bnl_d_italia_2015-05-15_QF_halep_s_dulgheru_a,2015-W-P5-ITA-01A-2015_52,709,201594,201567,tournament_rank_unique,False,,1,1,True,0,0.0
2015,wta,2015_24_rome_internazionali_bnl_d_italia_2015-05-15_QF_suarez_navarro_c_kvitova_p,2015-W-P5-ITA-01A-2015_51,709,201521,201520,tournament_rank_unique,False,,1,1,True,0,0.0
2015,wta,2015_24_rome_internazionali_bnl_d_italia_2015-05-15_QF_gavrilova_d_mchale_c,2015-W-P5-ITA-01A-2015_49,709,201611,201539,tournament_rank_unique,False,,1,1,True,0,0.0
2015,wta,2015_24_rome_internazionali_bnl_d_italia_2015-05-15_QF_sharapova_m_azarenka_v,2015-W-P5-ITA-01A-2015_50,709,201345,201458,tournament_rank_unique,False,,1,1,True,0,0.0
2015,wta,2015_24_rome_internazionali_bnl_d_italia_2015-05-16_SF_suarez_navarro_c_halep_s,2015-W-P5-ITA-01A-2015_54,709,201521,201594,tournament_rank_unique,False,,1,1,True,0,0.0
2015,wta,2015_24_rome_internazionali_bnl_d_italia_2015-05-16_SF_sharapova_m_gavrilova_d,2015-W-P5-ITA-01A-2015_53,709,201345,201611,tournament_rank_unique,False,,1,1,True,0,0.0
2015,wta,2015_24_rome_internazionali_bnl_d_italia_2015-05-17_F_sharapova_m_suarez_navarro_c,2015-W-P5-ITA-01A-2015_55,709,201345,201521,tournament_rank_unique,False,,1,1,True,0,0.0
2015,wta,2015_25_n_rnberg_n_rnberger_versicherungscup_2015-05-17_R32_knapp_k_lottner_a,2015-W-INT-GER-01A-2015_4,1068,201498,204430,tournament_rank_unique,False,,1,1,True,0,0.0
2015,wta,2015_25_n_rnberg_n_rnberger_versicherungscup_2015-05-17_R32_rodina_e_wickmayer_y,2015-W-INT-GER-01A-2015_7,1068,201516,201518,tournament_rank_unique,False,,1,1,True,0,0.0
2015,wta,2015_25_n_rnberg_n_rnberger_versicherungscup_2015-05-17_R32_vinci_r_diatchenko_v,2015-W-INT-GER-01A-2015_12,1068,201311,201554,tournament_rank_unique,False,,1,1,True,0,0.0
2015,wta,2015_25_n_rnberg_n_rnberger_versicherungscup_2015-05-17_R32_zhang_s_jovanovski_b,2015-W-INT-GER-01A-2015_14,1068,201533,201587,tournament_rank_unique,False,,1,1,True,0,0.0
2015,wta,2015_25_n_rnberg_n_rnberger_versicherungscup_2015-05-17_R32_nara_k_hercog_p,2015-W-INT-GER-01A-2015_9,1068,201597,201555,tournament_rank_unique,False,,1,1,True,0,0.0
2015,wta,2015_25_n_rnberg_n_rnberger_versicherungscup_2015-05-18_R32_koukalova_k_beck_a,2015-W-INT-GER-01A-2015_15,1068,201344,202470,tournament_rank_unique,False,,1,1,True,0,0.0
2015,wta,2015_25_n_rnberg_n_rnberger_versicherungscup_2015-05-18_R32_voegele_s_voracova_r,2015-W-INT-GER-01A-2015_10,1068,201527,201339,tournament_rank_unique,False,,1,1,True,0,0.0
2015,wta,2015_25_n_rnberg_n_rnberger_versicherungscup_2015-05-18_R32_doi_m_schmiedlova_a,2015-W-INT-GER-01A-2015_13,1068,201595,203533,tournament_rank_unique,False,,1,1,True,0,0.0
2015,wta,2015_25_n_rnberg_n_rnberger_versicherungscup_2015-05-18_R32_smitkova_t_mitu_a,2015-W-INT-GER-01A-2015_11,1068,202702,202671,tournament_rank_unique,False,,1,1,True,0,0.0
2015,wta,2015_25_n_rnberg_n_rnberger_versicherungscup_2015-05-18_R32_kerber_a_peterson_r,2015-W-INT-GER-01A-2015_16,1068,201493,202490,tournament_rank_unique,False,,1,1,True,0,0.0
2015,wta,2015_25_n_rnberg_n_rnberger_versicherungscup_2015-05-18_R32_bertens_k_shvedova_y,2015-W-INT-GER-01A-2015_2,1068,202428,201468,tournament_rank_unique,False,,1,1,True,0,0.0
2015,wta,2015_25_n_rnberg_n_rnberger_versicherungscup_2015-05-18_R32_friedsam_a_l_maria_t,2015-W-INT-GER-01A-2015_3,1068,204431,213583,tournament_rank_unique,False,,1,1,True,0,0.0
2015,wta,2015_25_n_rnberg_n_rnberger_versicherungscup_2015-05-18_R32_lisicki_s_soler_espinosa_s,2015-W-INT-GER-01A-2015_5,1068,201513,201562,tournament_rank_unique,False,,1,1,True,0,0.0
2015,wta,2015_25_n_rnberg_n_rnberger_versicherungscup_2015-05-18_R32_witthoeft_c_van_uytvanck_a,2015-W-INT-GER-01A-2015_8,1068,202489,202421,tournament_rank_unique,False,,1,1,True,0,0.0
2015,wta,2015_25_n_rnberg_n_rnberger_versicherungscup_2015-05-18_R32_arruabarrena_l_babos_t,2015-W-INT-GER-01A-2015_6,1068,202418,201693,tournament_rank_unique,False,,1,1,True,0,0.0
2015,wta,2015_25_n_rnberg_n_rnberger_versicherungscup_2015-05-18_R32_putintseva_y_petkovic_a,2015-W-INT-GER-01A-2015_1,1068,201709,201492,tournament_rank_unique,False,,1,1,True,0,0.0
2015,wta,2015_25_n_rnberg_n_rnberger_versicherungscup_2015-05-19_R16_doi_m_zhang_s,2015-W-INT-GER-01A-2015_23,1068,201595,201533,tournament_rank_unique,False,,1,1,True,0,0.0
2015,wta,2015_25_n_rnberg_n_rnberger_versicherungscup_2015-05-19_R16_vinci_r_smitkova_t,2015-W-INT-GER-01A-2015_22,1068,201311,202702,tournament_rank_unique,False,,1,1,True,0,0.0
2015,wta,2015_25_n_rnberg_n_rnberger_versicherungscup_2015-05-19_R16_knapp_k_friedsam_a_l,2015-W-INT-GER-01A-2015_18,1068,201498,204431,tournament_rank_unique,False,,1,1,True,0,0.0
2015,wta,2015_25_n_rnberg_n_rnberger_versicherungscup_2015-05-19_R16_nara_k_voegele_s,2015-W-INT-GER-01A-2015_21,1068,201597,201527,tournament_rank_unique,False,,1,1,True,0,0.0
2015,wta,2015_25_n_rnberg_n_rnberger_versicherungscup_2015-05-19_R16_kerber_a_koukalova_k,2015-W-INT-GER-01A-2015_24,1068,201493,201344,tournament_rank_unique,False,,1,1,True,0,0.0
2015,wta,2015_25_n_rnberg_n_rnberger_versicherungscup_2015-05-20_R16_arruabarrena_l_lisicki_s,2015-W-INT-GER-01A-2015_19,1068,202418,201513,tournament_rank_unique,False,,1,1,True,0,0.0
2015,wta,2015_25_n_rnberg_n_rnberger_versicherungscup_2015-05-20_R16_putintseva_y_bertens_k,2015-W-INT-GER-01A-2015_17,1068,201709,202428,tournament_rank_unique,False,,1,1,True,0,0.0
2015,wta,2015_25_n_rnberg_n_rnberger_versicherungscup_2015-05-20_R16_witthoeft_c_rodina_e,2015-W-INT-GER-01A-2015_20,1068,202489,201516,tournament_rank_unique,False,,1,1,True,0,0.0
2015,wta,2015_25_n_rnberg_n_rnberger_versicherungscup_2015-05-21_QF_vinci_r_nara_k,2015-W-INT-GER-01A-2015_27,1068,201311,201597,tournament_rank_unique,False,,1,1,True,0,0.0
2015,wta,2015_25_n_rnberg_n_rnberger_versicherungscup_2015-05-21_QF_kerber_a_doi_m,2015-W-INT-GER-01A-2015_28,1068,201493,201595,tournament_rank_unique,False,,1,1,True,0,0.0
2015,wta,2015_25_n_rnberg_n_rnberger_versicherungscup_2015-05-21_QF_knapp_k_putintseva_y,2015-W-INT-GER-01A-2015_25,1068,201498,201709,tournament_rank_unique,False,,1,1,True,0,0.0
2015,wta,2015_25_n_rnberg_n_rnberger_versicherungscup_2015-05-21_QF_arruabarrena_l_witthoeft_c,2015-W-INT-GER-01A-2015_26,1068,202418,202489,tournament_rank_unique,False,,1,1,True,0,0.0
2015,wta,2015_25_n_rnberg_n_rnberger_versicherungscup_2015-05-22_SF_vinci_r_kerber_a,2015-W-INT-GER-01A-2015_30,1068,201311,201493,tournament_rank_unique,False,,1,1,True,0,0.0
2015,wta,2015_25_n_rnberg_n_rnberger_versicherungscup_2015-05-22_SF_knapp_k_arruabarrena_l,2015-W-INT-GER-01A-2015_29,1068,201498,202418,tournament_rank_unique,False,,1,1,True,0,0.0
2015,wta,2015_25_n_rnberg_n_rnberger_versicherungscup_2015-05-23_F_knapp_k_vinci_r,2015-W-INT-GER-01A-2015_31,1068,201498,201311,tournament_rank_unique,False,,1,1,True,0,0.0
2015,wta,2015_26_strasbourg_internationaux_de_strasbourg_2015-05-17_R32_rogers_s_krunic_a,2015-W-INT-FRA-01A-2015_10,406,201603,202434,tournament_rank_unique,False,,1,1,True,0,0.0
2015,wta,2015_26_strasbourg_internationaux_de_strasbourg_2015-05-17_R32_tsurenko_l_lepchenko_v,2015-W-INT-FRA-01A-2015_11,406,201615,201478,tournament_rank_unique,False,,1,1,True,0,0.0
2015,wta,2015_26_strasbourg_internationaux_de_strasbourg_2015-05-17_R32_razzano_v_barthel_m,2015-W-INT-FRA-01A-2015_8,406,200043,201621,tournament_rank_unique,False,,1,1,True,0,0.0
2015,wta,2015_26_strasbourg_internationaux_de_strasbourg_2015-05-17_R32_zheng_s_hsieh_s_w,2015-W-INT-FRA-01A-2015_15,406,202453,201444,tournament_rank_unique,False,,1,1,True,0,0.0
2015,wta,2015_26_strasbourg_internationaux_de_strasbourg_2015-05-17_R32_tomljanovic_a_brengle_m,2015-W-INT-FRA-01A-2015_9,406,201548,201483,tournament_rank_unique,False,,1,1,True,0,0.0
2015,wta,2015_26_strasbourg_internationaux_de_strasbourg_2015-05-17_R32_stephens_s_kichenok_n,2015-W-INT-FRA-01A-2015_14,406,201585,203297,tournament_rank_unique,False,,1,1,True,0,0.0
2015,wta,2015_26_strasbourg_internationaux_de_strasbourg_2015-05-17_R32_vesnina_e_dabrowski_g,2015-W-INT-FRA-01A-2015_6,406,201455,202681,tournament_rank_unique,False,,1,1,True,0,0.0
2015,wta,2015_26_strasbourg_internationaux_de_strasbourg_2015-05-18_R32_keys_m_mchale_c,2015-W-INT-FRA-01A-2015_1,406,201619,201539,tournament_rank_unique,False,,1,1,True,0,0.0
2015,wta,2015_26_strasbourg_internationaux_de_strasbourg_2015-05-18_R32_vandeweghe_c_dodin_o,2015-W-INT-FRA-01A-2015_13,406,201535,206219,tournament_rank_unique,False,,1,1,True,0,0.0
2015,wta,2015_26_strasbourg_internationaux_de_strasbourg_2015-05-18_R32_stosur_s_puig_m,2015-W-INT-FRA-01A-2015_12,406,201325,201620,tournament_rank_unique,False,,1,1,True,0,0.0
2015,wta,2015_26_strasbourg_internationaux_de_strasbourg_2015-05-18_R32_lucic_m_govortsova_o,2015-W-INT-FRA-01A-2015_2,406,200002,201501,tournament_rank_unique,False,,1,1,True,0,0.0
2015,wta,2015_26_strasbourg_internationaux_de_strasbourg_2015-05-18_R32_schiavone_f_davis_l,2015-W-INT-FRA-01A-2015_7,406,201212,201616,tournament_rank_unique,False,,1,1,True,0,0.0
2015,wta,2015_26_strasbourg_internationaux_de_strasbourg_2015-05-18_R32_jankovic_j_falconi_i,2015-W-INT-FRA-01A-2015_16,406,201347,201604,tournament_rank_unique,False,,1,1,True,0,0.0
2015,wta,2015_26_strasbourg_internationaux_de_strasbourg_2015-05-18_R32_riske_a_diyas_z,2015-W-INT-FRA-01A-2015_4,406,201590,201610,tournament_rank_unique,False,,1,1,True,0,0.0
2015,wta,2015_26_strasbourg_internationaux_de_strasbourg_2015-05-18_R32_mladenovic_k_parmentier_p,2015-W-INT-FRA-01A-2015_3,406,201540,201426,tournament_rank_unique,False,,1,1,True,0,0.0
2015,wta,2015_26_strasbourg_internationaux_de_strasbourg_2015-05-18_R32_cornet_a_wang_q,2015-W-INT-FRA-01A-2015_5,406,201427,202492,tournament_rank_unique,False,,1,1,True,0,0.0
2015,wta,2015_26_strasbourg_internationaux_de_strasbourg_2015-05-19_R16_tomljanovic_a_rogers_s,2015-W-INT-FRA-01A-2015_21,406,201548,201603,tournament_rank_unique,False,,1,1,True,0,0.0
2015,wta,2015_26_strasbourg_internationaux_de_strasbourg_2015-05-19_R16_stephens_s_vandeweghe_c,2015-W-INT-FRA-01A-2015_23,406,201585,201535,tournament_rank_unique,False,,1,1,True,0,0.0
2015,wta,2015_26_strasbourg_internationaux_de_strasbourg_2015-05-19_R16_stosur_s_tsurenko_l,2015-W-INT-FRA-01A-2015_22,406,201325,201615,tournament_rank_unique,False,,1,1,True,0,0.0
2015,wta,2015_26_strasbourg_internationaux_de_strasbourg_2015-05-19_R16_jankovic_j_zheng_s,2015-W-INT-FRA-01A-2015_24,406,201347,202453,tournament_rank_unique,False,,1,1,True,0,0.0
2015,wta,2015_26_strasbourg_internationaux_de_strasbourg_2015-05-20_R16_keys_m_lucic_m,2015-W-INT-FRA-01A-2015_17,406,201619,200002,tournament_rank_unique,False,,1,1,True,0,0.0
2015,wta,2015_26_strasbourg_internationaux_de_strasbourg_2015-05-20_R16_vesnina_e_cornet_a,2015-W-INT-FRA-01A-2015_19,406,201455,201427,tournament_rank_unique,False,,1,1,True,0,0.0
2015,wta,2015_26_strasbourg_internationaux_de_strasbourg_2015-05-20_R16_mladenovic_k_riske_a,2015-W-INT-FRA-01A-2015_18,406,201540,201590,tournament_rank_unique,False,,1,1,True,0,0.0
2015,wta,2015_26_strasbourg_internationaux_de_strasbourg_2015-05-20_R16_razzano_v_schiavone_f,2015-W-INT-FRA-01A-2015_20,406,200043,201212,tournament_rank_unique,False,,1,1,True,0,0.0
2015,wta,2015_26_strasbourg_internationaux_de_strasbourg_2015-05-21_QF_stosur_s_tomljanovic_a,2015-W-INT-FRA-01A-2015_27,406,201325,201548,tournament_rank_unique,False,,1,1,True,0,0.0
2015,wta,2015_26_strasbourg_internationaux_de_strasbourg_2015-05-21_QF_stephens_s_jankovic_j,2015-W-INT-FRA-01A-2015_28,406,201585,201347,tournament_rank_unique,False,,1,1,True,0,0.0
2015,wta,2015_26_strasbourg_internationaux_de_strasbourg_2015-05-21_QF_mladenovic_k_keys_m,2015-W-INT-FRA-01A-2015_25,406,201540,201619,tournament_rank_unique,False,,1,1,True,0,0.0
2015,wta,2015_26_strasbourg_internationaux_de_strasbourg_2015-05-21_QF_razzano_v_vesnina_e,2015-W-INT-FRA-01A-2015_26,406,200043,201455,tournament_rank_unique,False,,1,1,True,0,0.0
2015,wta,2015_26_strasbourg_internationaux_de_strasbourg_2015-05-22_SF_stosur_s_stephens_s,2015-W-INT-FRA-01A-2015_30,406,201325,201585,tournament_rank_unique,False,,1,1,True,0,0.0
2015,wta,2015_26_strasbourg_internationaux_de_strasbourg_2015-05-22_SF_mladenovic_k_razzano_v,2015-W-INT-FRA-01A-2015_29,406,201540,200043,tournament_rank_unique,False,,1,1,True,0,0.0
2015,wta,2015_26_strasbourg_internationaux_de_strasbourg_2015-05-23_F_stosur_s_mladenovic_k,2015-W-INT-FRA-01A-2015_31,406,201325,201540,tournament_rank_unique,False,,1,1,True,0,0.0
2015,wta,2015_27_paris_french_open_2015-05-24_R128_makarova_e_chirico_l,2015-W-SL-FRA-01A-2015_40,903,201505,211635,tournament_rank_unique,False,,1,1,True,0,0.0
2015,wta,2015_27_paris_french_open_2015-05-24_R128_pereira_t_ferro_f,2015-W-SL-FRA-01A-2015_39,903,202694,211539,tournament_rank_unique,False,,1,1,True,0,0.0
2015,wta,2015_27_paris_french_open_2015-05-24_R128_lucic_m_davis_l,2015-W-SL-FRA-01A-2015_47,903,200002,201616,tournament_rank_unique,False,,1,1,True,0,0.0
2015,wta,2015_27_paris_french_open_2015-05-24_R128_halep_s_rodina_e,2015-W-SL-FRA-01A-2015_48,903,201594,201516,tournament_rank_unique,False,,1,1,True,0,0.0
2015,wta,2015_27_paris_french_open_2015-05-24_R128_giorgi_c_maria_t,2015-W-SL-FRA-01A-2015_54,903,202429,213583,tournament_rank_unique,False,,1,1,True,0,0.0
2015,wta,2015_27_paris_french_open_2015-05-24_R128_jovanovski_b_tsurenko_l,2015-W-SL-FRA-01A-2015_35,903,201587,201615,tournament_rank_unique,False,,1,1,True,0,0.0
2015,wta,2015_27_paris_french_open_2015-05-24_R128_muguruza_g_martic_p,2015-W-SL-FRA-01A-2015_53,903,202469,201549,tournament_rank_unique,False,,1,1,True,0,0.0
2015,wta,2015_27_paris_french_open_2015-05-24_R128_doi_m_cetkovska_p,2015-W-SL-FRA-01A-2015_34,903,201595,201508,tournament_rank_unique,False,,1,1,True,0,0.0
2015,wta,2015_27_paris_french_open_2015-05-24_R128_vekic_d_garcia_c,2015-W-SL-FRA-01A-2015_36,903,202499,201614,tournament_rank_unique,False,,1,1,True,0,0.0
2015,wta,2015_27_paris_french_open_2015-05-24_R128_pennetta_f_linette_m,2015-W-SL-FRA-01A-2015_52,903,201355,202663,tournament_rank_unique,False,,1,1,True,0,0.0
2015,wta,2015_27_paris_french_open_2015-05-24_R128_rybarikova_m_rogowska_o,2015-W-SL-FRA-01A-2015_51,903,201517,201542,tournament_rank_unique,False,,1,1,True,0,0.0
2015,wta,2015_27_paris_french_open_2015-05-24_R128_ivanovic_a_shvedova_y,2015-W-SL-FRA-01A-2015_33,903,201421,201468,tournament_rank_unique,False,,1,1,True,0,0.0
2015,wta,2015_27_paris_french_open_2015-05-24_R128_safarova_l_pavlyuchenkova_a,2015-W-SL-FRA-01A-2015_57,903,201425,201499,tournament_rank_unique,False,,1,1,True,0,0.0
2015,wta,2015_27_paris_french_open_2015-05-24_R128_nara_k_dodin_o,2015-W-SL-FRA-01A-2015_58,903,201597,206219,tournament_rank_unique,False,,1,1,True,0,0.0
2015,wta,2015_27_paris_french_open_2015-05-24_R128_hercog_p_peng_s,2015-W-SL-FRA-01A-2015_37,903,201555,201397,tournament_rank_unique,False,,1,1,True,0,0.0
2015,wta,2015_27_paris_french_open_2015-05-24_R128_vesnina_e_flipkens_k,2015-W-SL-FRA-01A-2015_38,903,201455,201465,tournament_rank_unique,False,,1,1,True,0,0.0
2015,wta,2015_27_paris_french_open_2015-05-25_R128_cornet_a_vinci_r,2015-W-SL-FRA-01A-2015_45,903,201427,201311,tournament_rank_unique,False,,1,1,True,0,0.0
2015,wta,2015_27_paris_french_open_2015-05-25_R128_hesse_a_gajdosova_j,2015-W-SL-FRA-01A-2015_62,903,203281,201457,tournament_rank_unique,False,,1,1,True,0,0.0
2015,wta,2015_27_paris_french_open_2015-05-25_R128_kania_p_barthel_m,2015-W-SL-FRA-01A-2015_42,903,203518,201621,tournament_rank_unique,False,,1,1,True,0,0.0
2015,wta,2015_27_paris_french_open_2015-05-25_R128_lisicki_s_puig_m,2015-W-SL-FRA-01A-2015_60,903,201513,201620,tournament_rank_unique,False,,1,1,True,0,0.0
2015,wta,2015_27_paris_french_open_2015-05-25_R128_suarez_navarro_c_niculescu_m,2015-W-SL-FRA-01A-2015_49,903,201521,201512,tournament_rank_unique,False,,1,1,True,0,0.0
2015,wta,2015_27_paris_french_open_2015-05-25_R128_tomljanovic_a_dellacqua_c,2015-W-SL-FRA-01A-2015_55,903,201548,201348,tournament_rank_unique,False,,1,1,True,0,0.0
2015,wta,2015_27_paris_french_open_2015-05-25_R128_dulgheru_a_gibbs_n,2015-W-SL-FRA-01A-2015_46,903,201567,202484,tournament_rank_unique,False,,1,1,True,0,0.0
2015,wta,2015_27_paris_french_open_2015-05-25_R128_svitolina_e_wickmayer_y,2015-W-SL-FRA-01A-2015_44,903,202494,201518,tournament_rank_unique,False,,1,1,True,0,0.0
2015,wta,2015_27_paris_french_open_2015-05-25_R128_kerber_a_babos_t,2015-W-SL-FRA-01A-2015_56,903,201493,201693,tournament_rank_unique,False,,1,1,True,0,0.0
2015,wta,2015_27_paris_french_open_2015-05-25_R128_razzano_v_cepede_royg_v,2015-W-SL-FRA-01A-2015_50,903,200043,202705,tournament_rank_unique,False,,1,1,True,0,0.0
2015,wta,2015_27_paris_french_open_2015-05-25_R128_diatchenko_v_voegele_s,2015-W-SL-FRA-01A-2015_63,903,201554,201527,tournament_rank_unique,False,,1,1,True,0,0.0
2015,wta,2015_27_paris_french_open_2015-05-25_R128_beck_a_radwanska_a,2015-W-SL-FRA-01A-2015_41,903,202470,201474,tournament_rank_unique,False,,1,1,True,0,0.0
2015,wta,2015_27_paris_french_open_2015-05-25_R128_stosur_s_brengle_m,2015-W-SL-FRA-01A-2015_61,903,201325,201483,tournament_rank_unique,False,,1,1,True,0,0.0
2015,wta,2015_27_paris_french_open_2015-05-25_R128_gavrilova_d_larsson_j,2015-W-SL-FRA-01A-2015_59,903,201611,201596,tournament_rank_unique,False,,1,1,True,0,0.0
2015,wta,2015_27_paris_french_open_2015-05-25_R128_putintseva_y_krunic_a,2015-W-SL-FRA-01A-2015_43,903,201709,202434,tournament_rank_unique,False,,1,1,True,0,0.0
2015,wta,2015_27_paris_french_open_2015-05-25_R128_begu_i_mattek_sands_b,2015-W-SL-FRA-01A-2015_20,903,201593,201318,tournament_rank_unique,False,,1,1,True,0,0.0
2015,wta,2015_27_paris_french_open_2015-05-25_R128_konjuh_a_gasparyan_m,2015-W-SL-FRA-01A-2015_19,903,211951,202506,tournament_rank_unique,False,,1,1,True,0,0.0
2015,wta,2015_27_paris_french_open_2015-05-25_R128_errani_s_riske_a,2015-W-SL-FRA-01A-2015_12,903,201506,201590,tournament_rank_unique,False,,1,1,True,0,0.0
2015,wta,2015_27_paris_french_open_2015-05-25_R128_azarenka_v_torro_flor_m_t,2015-W-SL-FRA-01A-2015_4,903,201458,201640,tournament_rank_unique,False,,1,1,True,0,0.0
2015,wta,2015_27_paris_french_open_2015-05-25_R128_sharapova_m_kanepi_k,2015-W-SL-FRA-01A-2015_64,903,201345,201466,tournament_rank_unique,False,,1,1,True,0,0.0
2015,wta,2015_27_paris_french_open_2015-05-25_R128_watson_h_johansson_m,2015-W-SL-FRA-01A-2015_7,903,201586,201428,tournament_rank_unique,False,,1,1,True,0,0.0
2015,wta,2015_27_paris_french_open_2015-05-25_R128_hradecka_l_zheng_s,2015-W-SL-FRA-01A-2015_3,903,201556,202453,tournament_rank_unique,False,,1,1,True,0,0.0
2015,wta,2015_27_paris_french_open_2015-05-25_R128_witthoeft_c_siniakova_k,2015-W-SL-FRA-01A-2015_11,903,202489,211701,tournament_rank_unique,False,,1,1,True,0,0.0
2015,wta,2015_27_paris_french_open_2015-05-25_R128_mitu_a_lim_a,2015-W-SL-FRA-01A-2015_26,903,202671,202430,tournament_rank_unique,False,,1,1,True,0,0.0
2015,wta,2015_27_paris_french_open_2015-05-25_R128_pironkova_t_strycova_b,2015-W-SL-FRA-01A-2015_5,903,201450,201366,tournament_rank_unique,False,,1,1,True,0,0.0
2015,wta,2015_27_paris_french_open_2015-05-25_R128_allertova_d_konta_j,2015-W-SL-FRA-01A-2015_6,903,202653,202427,tournament_rank_unique,False,,1,1,True,0,0.0
2015,wta,2015_27_paris_french_open_2015-05-25_R128_pliskova_ka_zhang_s,2015-W-SL-FRA-01A-2015_25,903,201662,201533,tournament_rank_unique,False,,1,1,True,0,0.0
2015,wta,2015_27_paris_french_open_2015-05-25_R128_stephens_s_williams_v,2015-W-SL-FRA-01A-2015_8,903,201585,200748,tournament_rank_unique,False,,1,1,True,0,0.0
2015,wta,2015_27_paris_french_open_2015-05-26_R128_kuznetsova_s_bertens_k,2015-W-SL-FRA-01A-2015_28,903,201320,202428,tournament_rank_unique,False,,1,1,True,0,0.0
2015,wta,2015_27_paris_french_open_2015-05-26_R128_kvitova_p_erakovic_m,2015-W-SL-FRA-01A-2015_17,903,201520,201523,tournament_rank_unique,False,,1,1,True,0,0.0
2015,wta,2015_27_paris_french_open_2015-05-26_R128_smitkova_t_townsend_t,2015-W-SL-FRA-01A-2015_22,903,202702,203501,tournament_rank_unique,False,,1,1,True,0,0.0
2015,wta,2015_27_paris_french_open_2015-05-26_R128_goerges_j_vandeweghe_c,2015-W-SL-FRA-01A-2015_15,903,201504,201535,tournament_rank_unique,False,,1,1,True,0,0.0
2015,wta,2015_27_paris_french_open_2015-05-26_R128_diyas_z_pfizenmaier_d,2015-W-SL-FRA-01A-2015_29,903,201610,202477,tournament_rank_unique,False,,1,1,True,0,0.0
2015,wta,2015_27_paris_french_open_2015-05-26_R128_wozniacki_c_knapp_k,2015-W-SL-FRA-01A-2015_16,903,201496,201498,tournament_rank_unique,False,,1,1,True,0,0.0
2015,wta,2015_27_paris_french_open_2015-05-26_R128_soler_espinosa_s_parmentier_p,2015-W-SL-FRA-01A-2015_18,903,201562,201426,tournament_rank_unique,False,,1,1,True,0,0.0
2015,wta,2015_27_paris_french_open_2015-05-26_R128_van_uytvanck_a_schmiedlova_a,2015-W-SL-FRA-01A-2015_30,903,202421,203533,tournament_rank_unique,False,,1,1,True,0,0.0
2015,wta,2015_27_paris_french_open_2015-05-26_R128_bacsinszky_t_arruabarrena_l,2015-W-SL-FRA-01A-2015_21,903,201490,202418,tournament_rank_unique,False,,1,1,True,0,0.0
2015,wta,2015_27_paris_french_open_2015-05-26_R128_schiavone_f_wang_q,2015-W-SL-FRA-01A-2015_27,903,201212,202492,tournament_rank_unique,False,,1,1,True,0,0.0
2015,wta,2015_27_paris_french_open_2015-05-26_R128_petkovic_a_rogers_s,2015-W-SL-FRA-01A-2015_9,903,201492,201603,tournament_rank_unique,False,,1,1,True,0,0.0
2015,wta,2015_27_paris_french_open_2015-05-26_R128_karatantcheva_s_jankovic_j,2015-W-SL-FRA-01A-2015_13,903,201402,201347,tournament_rank_unique,False,,1,1,True,0,0.0
2015,wta,2015_27_paris_french_open_2015-05-26_R128_mladenovic_k_bouchard_e,2015-W-SL-FRA-01A-2015_32,903,201540,202446,tournament_rank_unique,False,,1,1,True,0,0.0
2015,wta,2015_27_paris_french_open_2015-05-26_R128_keys_m_lepchenko_v,2015-W-SL-FRA-01A-2015_24,903,201619,201478,tournament_rank_unique,False,,1,1,True,0,0.0
2015,wta,2015_27_paris_french_open_2015-05-26_R128_falconi_i_arcangioli_m,2015-W-SL-FRA-01A-2015_14,903,201604,202706,tournament_rank_unique,False,,1,1,True,0,0.0
2015,wta,2015_27_paris_french_open_2015-05-26_R128_friedsam_a_l_glatch_a,2015-W-SL-FRA-01A-2015_2,903,204431,201443,tournament_rank_unique,False,,1,1,True,0,0.0
2015,wta,2015_27_paris_french_open_2015-05-26_R128_kovinic_d_koukalova_k,2015-W-SL-FRA-01A-2015_31,903,203575,201344,tournament_rank_unique,False,,1,1,True,0,0.0
2015,wta,2015_27_paris_french_open_2015-05-26_R128_williams_s_hlavackova_a,2015-W-SL-FRA-01A-2015_1,903,200033,201599,tournament_rank_unique,False,,1,1,True,0,0.0
2015,wta,2015_27_paris_french_open_2015-05-26_R128_dominguez_lino_l_mchale_c,2015-W-SL-FRA-01A-2015_10,903,201452,201539,tournament_rank_unique,False,,1,1,True,0,0.0
2015,wta,2015_27_paris_french_open_2015-05-26_R128_bencic_b_hantuchova_d,2015-W-SL-FRA-01A-2015_23,903,202505,201290,tournament_rank_unique,False,,1,1,True,0,0.0
2015,wta,2015_27_paris_french_open_2015-05-27_R64_beck_a_kania_p,2015-W-SL-FRA-01A-2015_85,903,202470,203518,tournament_rank_unique,False,,1,1,True,0,0.0
2015,wta,2015_27_paris_french_open_2015-05-27_R64_sharapova_m_diatchenko_v,2015-W-SL-FRA-01A-2015_96,903,201345,201554,tournament_rank_unique,False,,1,1,True,0,0.0
2015,wta,2015_27_paris_french_open_2015-05-27_R64_lisicki_s_gavrilova_d,2015-W-SL-FRA-01A-2015_94,903,201513,201611,tournament_rank_unique,False,,1,1,True,0,0.0
2015,wta,2015_27_paris_french_open_2015-05-27_R64_stosur_s_hesse_a,2015-W-SL-FRA-01A-2015_95,903,201325,203281,tournament_rank_unique,False,,1,1,True,0,0.0
2015,wta,2015_27_paris_french_open_2015-05-27_R64_safarova_l_nara_k,2015-W-SL-FRA-01A-2015_93,903,201425,201597,tournament_rank_unique,False,,1,1,True,0,0.0
2015,wta,2015_27_paris_french_open_2015-05-27_R64_cornet_a_dulgheru_a,2015-W-SL-FRA-01A-2015_87,903,201427,201567,tournament_rank_unique,False,,1,1,True,0,0.0
2015,wta,2015_27_paris_french_open_2015-05-27_R64_lucic_m_halep_s,2015-W-SL-FRA-01A-2015_88,903,200002,201594,tournament_rank_unique,False,,1,1,True,0,0.0
2015,wta,2015_27_paris_french_open_2015-05-27_R64_vekic_d_jovanovski_b,2015-W-SL-FRA-01A-2015_82,903,202499,201587,tournament_rank_unique,False,,1,1,True,0,0.0
2015,wta,2015_27_paris_french_open_2015-05-27_R64_svitolina_e_putintseva_y,2015-W-SL-FRA-01A-2015_86,903,202494,201709,tournament_rank_unique,False,,1,1,True,0,0.0
2015,wta,2015_27_paris_french_open_2015-05-27_R64_vesnina_e_hercog_p,2015-W-SL-FRA-01A-2015_83,903,201455,201555,tournament_rank_unique,False,,1,1,True,0,0.0
2015,wta,2015_27_paris_french_open_2015-05-27_R64_kerber_a_tomljanovic_a,2015-W-SL-FRA-01A-2015_92,903,201493,201548,tournament_rank_unique,False,,1,1,True,0,0.0
2015,wta,2015_27_paris_french_open_2015-05-27_R64_muguruza_g_giorgi_c,2015-W-SL-FRA-01A-2015_91,903,202469,202429,tournament_rank_unique,False,,1,1,True,0,0.0
2015,wta,2015_27_paris_french_open_2015-05-27_R64_makarova_e_pereira_t,2015-W-SL-FRA-01A-2015_84,903,201505,202694,tournament_rank_unique,False,,1,1,True,0,0.0
2015,wta,2015_27_paris_french_open_2015-05-27_R64_suarez_navarro_c_razzano_v,2015-W-SL-FRA-01A-2015_89,903,201521,200043,tournament_rank_unique,False,,1,1,True,0,0.0
2015,wta,2015_27_paris_french_open_2015-05-27_R64_pennetta_f_rybarikova_m,2015-W-SL-FRA-01A-2015_90,903,201355,201517,tournament_rank_unique,False,,1,1,True,0,0.0
2015,wta,2015_27_paris_french_open_2015-05-27_R64_ivanovic_a_doi_m,2015-W-SL-FRA-01A-2015_81,903,201421,201595,tournament_rank_unique,False,,1,1,True,0,0.0
2015,wta,2015_27_paris_french_open_2015-05-28_R64_goerges_j_wozniacki_c,2015-W-SL-FRA-01A-2015_72,903,201504,201496,tournament_rank_unique,False,,1,1,True,0,0.0
2015,wta,2015_27_paris_french_open_2015-05-28_R64_falconi_i_karatantcheva_s,2015-W-SL-FRA-01A-2015_71,903,201604,201402,tournament_rank_unique,False,,1,1,True,0,0.0
2015,wta,2015_27_paris_french_open_2015-05-28_R64_kvitova_p_soler_espinosa_s,2015-W-SL-FRA-01A-2015_73,903,201520,201562,tournament_rank_unique,False,,1,1,True,0,0.0
2015,wta,2015_27_paris_french_open_2015-05-28_R64_petkovic_a_dominguez_lino_l,2015-W-SL-FRA-01A-2015_69,903,201492,201452,tournament_rank_unique,False,,1,1,True,0,0.0
2015,wta,2015_27_paris_french_open_2015-05-28_R64_schiavone_f_kuznetsova_s,2015-W-SL-FRA-01A-2015_78,903,201212,201320,tournament_rank_unique,False,,1,1,True,0,0.0
2015,wta,2015_27_paris_french_open_2015-05-28_R64_errani_s_witthoeft_c,2015-W-SL-FRA-01A-2015_70,903,201506,202489,tournament_rank_unique,False,,1,1,True,0,0.0
2015,wta,2015_27_paris_french_open_2015-05-28_R64_begu_i_konjuh_a,2015-W-SL-FRA-01A-2015_74,903,201593,211951,tournament_rank_unique,False,,1,1,True,0,0.0
2015,wta,2015_27_paris_french_open_2015-05-28_R64_mitu_a_pliskova_ka,2015-W-SL-FRA-01A-2015_77,903,202671,201662,tournament_rank_unique,False,,1,1,True,0,0.0
2015,wta,2015_27_paris_french_open_2015-05-28_R64_williams_s_friedsam_a_l,2015-W-SL-FRA-01A-2015_65,903,200033,204431,tournament_rank_unique,False,,1,1,True,0,0.0
2015,wta,2015_27_paris_french_open_2015-05-28_R64_azarenka_v_hradecka_l,2015-W-SL-FRA-01A-2015_66,903,201458,201556,tournament_rank_unique,False,,1,1,True,0,0.0
2015,wta,2015_27_paris_french_open_2015-05-28_R64_pironkova_t_allertova_d,2015-W-SL-FRA-01A-2015_67,903,201450,202653,tournament_rank_unique,False,,1,1,True,0,0.0
2015,wta,2015_27_paris_french_open_2015-05-28_R64_keys_m_bencic_b,2015-W-SL-FRA-01A-2015_76,903,201619,202505,tournament_rank_unique,False,,1,1,True,0,0.0
2015,wta,2015_27_paris_french_open_2015-05-28_R64_bacsinszky_t_smitkova_t,2015-W-SL-FRA-01A-2015_75,903,201490,202702,tournament_rank_unique,False,,1,1,True,0,0.0
2015,wta,2015_27_paris_french_open_2015-05-28_R64_stephens_s_watson_h,2015-W-SL-FRA-01A-2015_68,903,201585,201586,tournament_rank_unique,False,,1,1,True,0,0.0
2015,wta,2015_27_paris_french_open_2015-05-28_R64_mladenovic_k_kovinic_d,2015-W-SL-FRA-01A-2015_80,903,201540,203575,tournament_rank_unique,False,,1,1,True,0,0.0
2015,wta,2015_27_paris_french_open_2015-05-28_R64_van_uytvanck_a_diyas_z,2015-W-SL-FRA-01A-2015_79,903,202421,201610,tournament_rank_unique,False,,1,1,True,0,0.0
2015,wta,2015_27_paris_french_open_2015-05-29_R32_svitolina_e_beck_a,2015-W-SL-FRA-01A-2015_107,903,202494,202470,tournament_rank_unique,False,,1,1,True,0,0.0
2015,wta,2015_27_paris_french_open_2015-05-29_R32_cornet_a_lucic_m,2015-W-SL-FRA-01A-2015_108,903,201427,200002,tournament_rank_unique,False,,1,1,True,0,0.0
2015,wta,2015_27_paris_french_open_2015-05-29_R32_ivanovic_a_vekic_d,2015-W-SL-FRA-01A-2015_105,903,201421,202499,tournament_rank_unique,False,,1,1,True,0,0.0
2015,wta,2015_27_paris_french_open_2015-05-29_R32_safarova_l_lisicki_s,2015-W-SL-FRA-01A-2015_111,903,201425,201513,tournament_rank_unique,False,,1,1,True,0,0.0
2015,wta,2015_27_paris_french_open_2015-05-29_R32_makarova_e_vesnina_e,2015-W-SL-FRA-01A-2015_106,903,201505,201455,tournament_rank_unique,False,,1,1,True,0,0.0
2015,wta,2015_27_paris_french_open_2015-05-29_R32_muguruza_g_kerber_a,2015-W-SL-FRA-01A-2015_110,903,202469,201493,tournament_rank_unique,False,,1,1,True,0,0.0
2015,wta,2015_27_paris_french_open_2015-05-29_R32_sharapova_m_stosur_s,2015-W-SL-FRA-01A-2015_112,903,201345,201325,tournament_rank_unique,False,,1,1,True,0,0.0
2015,wta,2015_27_paris_french_open_2015-05-29_R32_pennetta_f_suarez_navarro_c,2015-W-SL-FRA-01A-2015_109,903,201355,201521,tournament_rank_unique,False,,1,1,True,0,0.0
2015,wta,2015_27_paris_french_open_2015-05-30_R32_kvitova_p_begu_i,2015-W-SL-FRA-01A-2015_101,903,201520,201593,tournament_rank_unique,False,,1,1,True,0,0.0
2015,wta,2015_27_paris_french_open_2015-05-30_R32_mitu_a_schiavone_f,2015-W-SL-FRA-01A-2015_103,903,202671,201212,tournament_rank_unique,False,,1,1,True,0,0.0
2015,wta,2015_27_paris_french_open_2015-05-30_R32_errani_s_petkovic_a,2015-W-SL-FRA-01A-2015_99,903,201506,201492,tournament_rank_unique,False,,1,1,True,0,0.0
2015,wta,2015_27_paris_french_open_2015-05-30_R32_bacsinszky_t_keys_m,2015-W-SL-FRA-01A-2015_102,903,201490,201619,tournament_rank_unique,False,,1,1,True,0,0.0
2015,wta,2015_27_paris_french_open_2015-05-30_R32_van_uytvanck_a_mladenovic_k,2015-W-SL-FRA-01A-2015_104,903,202421,201540,tournament_rank_unique,False,,1,1,True,0,0.0
2015,wta,2015_27_paris_french_open_2015-05-30_R32_goerges_j_falconi_i,2015-W-SL-FRA-01A-2015_100,903,201504,201604,tournament_rank_unique,False,,1,1,True,0,0.0
2015,wta,2015_27_paris_french_open_2015-05-30_R32_stephens_s_pironkova_t,2015-W-SL-FRA-01A-2015_98,903,201585,201450,tournament_rank_unique,False,,1,1,True,0,0.0
2015,wta,2015_27_paris_french_open_2015-05-30_R32_williams_s_azarenka_v,2015-W-SL-FRA-01A-2015_97,903,200033,201458,tournament_rank_unique,False,,1,1,True,0,0.0
2015,wta,2015_27_paris_french_open_2015-05-31_R16_ivanovic_a_makarova_e,2015-W-SL-FRA-01A-2015_117,903,201421,201505,tournament_rank_unique,False,,1,1,True,0,0.0
2015,wta,2015_27_paris_french_open_2015-05-31_R16_svitolina_e_cornet_a,2015-W-SL-FRA-01A-2015_118,903,202494,201427,tournament_rank_unique,False,,1,1,True,0,0.0
2015,wta,2015_27_paris_french_open_2015-06-01_R16_muguruza_g_pennetta_f,2015-W-SL-FRA-01A-2015_119,903,202469,201355,tournament_rank_unique,False,,1,1,True,0,0.0
2015,wta,2015_27_paris_french_open_2015-06-01_R16_safarova_l_sharapova_m,2015-W-SL-FRA-01A-2015_120,903,201425,201345,tournament_rank_unique,False,,1,1,True,0,0.0
2015,wta,2015_27_paris_french_open_2015-06-01_R16_williams_s_stephens_s,2015-W-SL-FRA-01A-2015_113,903,200033,201585,tournament_rank_unique,False,,1,1,True,0,0.0
2015,wta,2015_27_paris_french_open_2015-06-01_R16_errani_s_goerges_j,2015-W-SL-FRA-01A-2015_114,903,201506,201504,tournament_rank_unique,False,,1,1,True,0,0.0
2015,wta,2015_27_paris_french_open_2015-06-01_R16_van_uytvanck_a_mitu_a,2015-W-SL-FRA-01A-2015_116,903,202421,202671,tournament_rank_unique,False,,1,1,True,0,0.0
2015,wta,2015_27_paris_french_open_2015-06-01_R16_bacsinszky_t_kvitova_p,2015-W-SL-FRA-01A-2015_115,903,201490,201520,tournament_rank_unique,False,,1,1,True,0,0.0
2015,wta,2015_27_paris_french_open_2015-06-02_QF_ivanovic_a_svitolina_e,2015-W-SL-FRA-01A-2015_123,903,201421,202494,tournament_rank_unique,False,,1,1,True,0,0.0
2015,wta,2015_27_paris_french_open_2015-06-02_QF_safarova_l_muguruza_g,2015-W-SL-FRA-01A-2015_124,903,201425,202469,tournament_rank_unique,False,,1,1,True,0,0.0
2015,wta,2015_27_paris_french_open_2015-06-03_QF_bacsinszky_t_van_uytvanck_a,2015-W-SL-FRA-01A-2015_122,903,201490,202421,tournament_rank_unique,False,,1,1,True,0,0.0
2015,wta,2015_27_paris_french_open_2015-06-03_QF_williams_s_errani_s,2015-W-SL-FRA-01A-2015_121,903,200033,201506,tournament_rank_unique,False,,1,1,True,0,0.0
2015,wta,2015_27_paris_french_open_2015-06-04_SF_safarova_l_ivanovic_a,2015-W-SL-FRA-01A-2015_126,903,201425,201421,tournament_rank_unique,False,,1,1,True,0,0.0
2015,wta,2015_27_paris_french_open_2015-06-04_SF_williams_s_bacsinszky_t,2015-W-SL-FRA-01A-2015_125,903,200033,201490,tournament_rank_unique,False,,1,1,True,0,0.0
2015,wta,2015_27_paris_french_open_2015-06-06_F_williams_s_safarova_l,2015-W-SL-FRA-01A-2015_127,903,200033,201425,tournament_rank_unique,False,,1,1,True,0,0.0
2015,wta,2015_28_s_hertogenbosch_topshelf_open_2015-06-08_R32_giorgi_c_falconi_i,2015-W-INT-NED-01A-2015_4,822,202429,201604,tournament_rank_unique,False,,1,1,True,0,0.0
2015,wta,2015_28_s_hertogenbosch_topshelf_open_2015-06-08_R32_vandeweghe_c_mitu_a,2015-W-INT-NED-01A-2015_5,822,201535,202671,tournament_rank_unique,False,,1,1,True,0,0.0
2015,wta,2015_28_s_hertogenbosch_topshelf_open_2015-06-08_R32_nara_k_flipkens_k,2015-W-INT-NED-01A-2015_10,822,201597,201465,tournament_rank_unique,False,,1,1,True,0,0.0
2015,wta,2015_28_s_hertogenbosch_topshelf_open_2015-06-08_R32_erakovic_m_witthoeft_c,2015-W-INT-NED-01A-2015_2,822,201523,202489,tournament_rank_unique,False,,1,1,True,0,0.0
2015,wta,2015_28_s_hertogenbosch_topshelf_open_2015-06-08_R32_krajicek_m_dodin_o,2015-W-INT-NED-01A-2015_3,822,201414,206219,tournament_rank_unique,False,,1,1,True,0,0.0
2015,wta,2015_28_s_hertogenbosch_topshelf_open_2015-06-09_R32_mladenovic_k_babos_t,2015-W-INT-NED-01A-2015_9,822,201540,201693,tournament_rank_unique,False,,1,1,True,0,0.0
2015,wta,2015_28_s_hertogenbosch_topshelf_open_2015-06-09_R32_van_uytvanck_a_rodina_e,2015-W-INT-NED-01A-2015_11,822,202421,201516,tournament_rank_unique,False,,1,1,True,0,0.0
2015,wta,2015_28_s_hertogenbosch_topshelf_open_2015-06-09_R32_hlavackova_a_tsurenko_l,2015-W-INT-NED-01A-2015_15,822,201599,201615,tournament_rank_unique,False,,1,1,True,0,0.0
2015,wta,2015_28_s_hertogenbosch_topshelf_open_2015-06-09_R32_pavlyuchenkova_a_sanchez_m,2015-W-INT-NED-01A-2015_8,822,201499,202500,tournament_rank_unique,False,,1,1,True,0,0.0
2015,wta,2015_28_s_hertogenbosch_topshelf_open_2015-06-09_R32_maria_t_siniakova_k,2015-W-INT-NED-01A-2015_6,822,213583,211701,tournament_rank_unique,False,,1,1,True,0,0.0
2015,wta,2015_28_s_hertogenbosch_topshelf_open_2015-06-09_R32_shvedova_y_bouchard_e,2015-W-INT-NED-01A-2015_1,822,201468,202446,tournament_rank_unique,False,,1,1,True,0,0.0
2015,wta,2015_28_s_hertogenbosch_topshelf_open_2015-06-09_R32_koukalova_k_larsson_j,2015-W-INT-NED-01A-2015_13,822,201344,201596,tournament_rank_unique,False,,1,1,True,0,0.0
2015,wta,2015_28_s_hertogenbosch_topshelf_open_2015-06-09_R32_bencic_b_pegula_j,2015-W-INT-NED-01A-2015_12,822,202505,202468,tournament_rank_unique,False,,1,1,True,0,0.0
2015,wta,2015_28_s_hertogenbosch_topshelf_open_2015-06-09_R32_beck_a_radwanska_u,2015-W-INT-NED-01A-2015_14,822,202470,201524,tournament_rank_unique,False,,1,1,True,0,0.0
2015,wta,2015_28_s_hertogenbosch_topshelf_open_2015-06-09_R32_bertens_k_zhang_s,2015-W-INT-NED-01A-2015_7,822,202428,201533,tournament_rank_unique,False,,1,1,True,0,0.0
2015,wta,2015_28_s_hertogenbosch_topshelf_open_2015-06-09_R32_jankovic_j_smitkova_t,2015-W-INT-NED-01A-2015_16,822,201347,202702,tournament_rank_unique,False,,1,1,True,0,0.0
2015,wta,2015_28_s_hertogenbosch_topshelf_open_2015-06-10_R16_mladenovic_k_nara_k,2015-W-INT-NED-01A-2015_21,822,201540,201597,tournament_rank_unique,False,,1,1,True,0,0.0
2015,wta,2015_28_s_hertogenbosch_topshelf_open_2015-06-10_R16_vandeweghe_c_maria_t,2015-W-INT-NED-01A-2015_19,822,201535,213583,tournament_rank_unique,False,,1,1,True,0,0.0
2015,wta,2015_28_s_hertogenbosch_topshelf_open_2015-06-10_R16_giorgi_c_krajicek_m,2015-W-INT-NED-01A-2015_18,822,202429,201414,tournament_rank_unique,False,,1,1,True,0,0.0
2015,wta,2015_28_s_hertogenbosch_topshelf_open_2015-06-10_R16_shvedova_y_erakovic_m,2015-W-INT-NED-01A-2015_17,822,201468,201523,tournament_rank_unique,False,,1,1,True,0,0.0
2015,wta,2015_28_s_hertogenbosch_topshelf_open_2015-06-11_R16_bencic_b_van_uytvanck_a,2015-W-INT-NED-01A-2015_22,822,202505,202421,tournament_rank_unique,False,,1,1,True,0,0.0
2015,wta,2015_28_s_hertogenbosch_topshelf_open_2015-06-11_R16_bertens_k_pavlyuchenkova_a,2015-W-INT-NED-01A-2015_20,822,202428,201499,tournament_rank_unique,False,,1,1,True,0,0.0
2015,wta,2015_28_s_hertogenbosch_topshelf_open_2015-06-11_R16_beck_a_koukalova_k,2015-W-INT-NED-01A-2015_23,822,202470,201344,tournament_rank_unique,False,,1,1,True,0,0.0
2015,wta,2015_28_s_hertogenbosch_topshelf_open_2015-06-11_R16_jankovic_j_hlavackova_a,2015-W-INT-NED-01A-2015_24,822,201347,201599,tournament_rank_unique,False,,1,1,True,0,0.0
2015,wta,2015_28_s_hertogenbosch_topshelf_open_2015-06-12_QF_giorgi_c_shvedova_y,2015-W-INT-NED-01A-2015_25,822,202429,201468,tournament_rank_unique,False,,1,1,True,0,0.0
2015,wta,2015_28_s_hertogenbosch_topshelf_open_2015-06-12_QF_bertens_k_vandeweghe_c,2015-W-INT-NED-01A-2015_26,822,202428,201535,tournament_rank_unique,False,,1,1,True,0,0.0
2015,wta,2015_28_s_hertogenbosch_topshelf_open_2015-06-12_QF_bencic_b_mladenovic_k,2015-W-INT-NED-01A-2015_27,822,202505,201540,tournament_rank_unique,False,,1,1,True,0,0.0
2015,wta,2015_28_s_hertogenbosch_topshelf_open_2015-06-12_QF_jankovic_j_beck_a,2015-W-INT-NED-01A-2015_28,822,201347,202470,tournament_rank_unique,False,,1,1,True,0,0.0
2015,wta,2015_28_s_hertogenbosch_topshelf_open_2015-06-13_SF_bencic_b_jankovic_j,2015-W-INT-NED-01A-2015_30,822,202505,201347,tournament_rank_unique,False,,1,1,True,0,0.0
2015,wta,2015_28_s_hertogenbosch_topshelf_open_2015-06-13_SF_giorgi_c_bertens_k,2015-W-INT-NED-01A-2015_29,822,202429,202428,tournament_rank_unique,False,,1,1,True,0,0.0
2015,wta,2015_28_s_hertogenbosch_topshelf_open_2015-06-14_F_giorgi_c_bencic_b,2015-W-INT-NED-01A-2015_31,822,202429,202505,tournament_rank_unique,False,,1,1,True,0,0.0
2015,wta,2015_29_nottingham_aegon_open_2015-06-08_R32_wickmayer_y_knapp_k,2015-W-INT-GBR-01A-2015_12,1080,201518,201498,tournament_rank_unique,False,,1,1,True,0,0.0
2015,wta,2015_29_nottingham_aegon_open_2015-06-08_R32_davis_l_tomljanovic_a,2015-W-INT-GBR-01A-2015_4,1080,201616,201548,tournament_rank_unique,False,,1,1,True,0,0.0
2015,wta,2015_29_nottingham_aegon_open_2015-06-08_R32_konjuh_a_rogers_s,2015-W-INT-GBR-01A-2015_14,1080,211951,201603,tournament_rank_unique,False,,1,1,True,0,0.0
2015,wta,2015_29_nottingham_aegon_open_2015-06-08_R32_lucic_m_voegele_s,2015-W-INT-GBR-01A-2015_10,1080,200002,201527,tournament_rank_unique,False,,1,1,True,0,0.0
2015,wta,2015_29_nottingham_aegon_open_2015-06-08_R32_jovanovski_b_gibbs_n,2015-W-INT-GBR-01A-2015_11,1080,201587,202484,tournament_rank_unique,False,,1,1,True,0,0.0
2015,wta,2015_29_nottingham_aegon_open_2015-06-08_R32_riske_a_zheng_s,2015-W-INT-GBR-01A-2015_9,1080,201590,202453,tournament_rank_unique,False,,1,1,True,0,0.0
2015,wta,2015_29_nottingham_aegon_open_2015-06-09_R32_puig_m_hradecka_l,2015-W-INT-GBR-01A-2015_7,1080,201620,201556,tournament_rank_unique,False,,1,1,True,0,0.0
2015,wta,2015_29_nottingham_aegon_open_2015-06-09_R32_linette_m_hantuchova_d,2015-W-INT-GBR-01A-2015_3,1080,202663,201290,tournament_rank_unique,False,,1,1,True,0,0.0
2015,wta,2015_29_nottingham_aegon_open_2015-06-09_R32_vickery_s_wang_q,2015-W-INT-GBR-01A-2015_15,1080,203500,202492,tournament_rank_unique,False,,1,1,True,0,0.0
2015,wta,2015_29_nottingham_aegon_open_2015-06-09_R32_dellacqua_c_karatantcheva_s,2015-W-INT-GBR-01A-2015_13,1080,201348,201402,tournament_rank_unique,False,,1,1,True,0,0.0
2015,wta,2015_29_nottingham_aegon_open_2015-06-09_R32_mchale_c_gajdosova_j,2015-W-INT-GBR-01A-2015_2,1080,201539,201457,tournament_rank_unique,False,,1,1,True,0,0.0
2015,wta,2015_29_nottingham_aegon_open_2015-06-09_R32_diyas_z_schiavone_f,2015-W-INT-GBR-01A-2015_16,1080,201610,201212,tournament_rank_unique,False,,1,1,True,0,0.0
2015,wta,2015_29_nottingham_aegon_open_2015-06-09_R32_govortsova_o_dunne_k,2015-W-INT-GBR-01A-2015_6,1080,201501,203591,tournament_rank_unique,False,,1,1,True,0,0.0
2015,wta,2015_29_nottingham_aegon_open_2015-06-09_R32_niculescu_m_lepchenko_v,2015-W-INT-GBR-01A-2015_5,1080,201512,201478,tournament_rank_unique,False,,1,1,True,0,0.0
2015,wta,2015_29_nottingham_aegon_open_2015-06-09_R32_konta_j_rybarikova_m,2015-W-INT-GBR-01A-2015_8,1080,202427,201517,tournament_rank_unique,False,,1,1,True,0,0.0
2015,wta,2015_29_nottingham_aegon_open_2015-06-09_R32_radwanska_a_kudryavtseva_a,2015-W-INT-GBR-01A-2015_1,1080,201474,201485,tournament_rank_unique,False,,1,1,True,0,0.0
2015,wta,2015_29_nottingham_aegon_open_2015-06-10_R16_riske_a_lucic_m,2015-W-INT-GBR-01A-2015_21,1080,201590,200002,tournament_rank_unique,False,,1,1,True,0,0.0
2015,wta,2015_29_nottingham_aegon_open_2015-06-10_R16_davis_l_linette_m,2015-W-INT-GBR-01A-2015_18,1080,201616,202663,tournament_rank_unique,False,,1,1,True,0,0.0
2015,wta,2015_29_nottingham_aegon_open_2015-06-10_R16_niculescu_m_govortsova_o,2015-W-INT-GBR-01A-2015_19,1080,201512,201501,tournament_rank_unique,False,,1,1,True,0,0.0
2015,wta,2015_29_nottingham_aegon_open_2015-06-11_R16_wickmayer_y_jovanovski_b,2015-W-INT-GBR-01A-2015_22,1080,201518,201587,tournament_rank_unique,False,,1,1,True,0,0.0
2015,wta,2015_29_nottingham_aegon_open_2015-06-11_R16_konta_j_puig_m,2015-W-INT-GBR-01A-2015_20,1080,202427,201620,tournament_rank_unique,False,,1,1,True,0,0.0
2015,wta,2015_29_nottingham_aegon_open_2015-06-11_R16_radwanska_a_mchale_c,2015-W-INT-GBR-01A-2015_17,1080,201474,201539,tournament_rank_unique,False,,1,1,True,0,0.0
2015,wta,2015_29_nottingham_aegon_open_2015-06-11_R16_konjuh_a_dellacqua_c,2015-W-INT-GBR-01A-2015_23,1080,211951,201348,tournament_rank_unique,False,,1,1,True,0,0.0
2015,wta,2015_29_nottingham_aegon_open_2015-06-11_R16_vickery_s_diyas_z,2015-W-INT-GBR-01A-2015_24,1080,203500,201610,tournament_rank_unique,False,,1,1,True,0,0.0
2015,wta,2015_29_nottingham_aegon_open_2015-06-12_QF_niculescu_m_konta_j,2015-W-INT-GBR-01A-2015_26,1080,201512,202427,tournament_rank_unique,False,,1,1,True,0,0.0
2015,wta,2015_29_nottingham_aegon_open_2015-06-12_QF_radwanska_a_davis_l,2015-W-INT-GBR-01A-2015_25,1080,201474,201616,tournament_rank_unique,False,,1,1,True,0,0.0
2015,wta,2015_29_nottingham_aegon_open_2015-06-12_QF_riske_a_wickmayer_y,2015-W-INT-GBR-01A-2015_27,1080,201590,201518,tournament_rank_unique,False,,1,1,True,0,0.0
2015,wta,2015_29_nottingham_aegon_open_2015-06-14_QF_konjuh_a_vickery_s,2015-W-INT-GBR-01A-2015_28,1080,211951,203500,tournament_rank_unique,False,,1,1,True,0,0.0
2015,wta,2015_29_nottingham_aegon_open_2015-06-14_SF_niculescu_m_radwanska_a,2015-W-INT-GBR-01A-2015_29,1080,201512,201474,tournament_rank_unique,False,,1,1,True,0,0.0
2015,wta,2015_29_nottingham_aegon_open_2015-06-14_SF_konjuh_a_riske_a,2015-W-INT-GBR-01A-2015_30,1080,211951,201590,tournament_rank_unique,False,,1,1,True,0,0.0
2015,wta,2015_29_nottingham_aegon_open_2015-06-15_F_konjuh_a_niculescu_m,2015-W-INT-GBR-01A-2015_31,1080,211951,201512,tournament_rank_unique,False,,1,1,True,0,0.0
2015,wta,2015_30_birmingham_aegon_classic_2015-06-15_R64_rybarikova_m_muguruza_g,2015-W-P700-GBR-01A-2015_21,1052,201517,202469,tournament_rank_unique,False,,1,1,True,0,0.0
2015,wta,2015_30_birmingham_aegon_classic_2015-06-17_R32_rybarikova_m_schmiedlova_a,2015-W-P700-GBR-01A-2015_38,1052,201517,203533,tournament_rank_unique,False,,1,1,True,0,0.0
2015,wta,2015_30_birmingham_aegon_classic_2015-06-17_R32_mladenovic_k_bouchard_e,2015-W-P700-GBR-01A-2015_28,1052,201540,202446,tournament_rank_unique,False,,1,1,True,5,0.0
2015,wta,2015_30_birmingham_aegon_classic_2015-06-18_R16_lisicki_s_rybarikova_m,2015-W-P700-GBR-01A-2015_47,1052,201513,201517,tournament_rank_unique,False,,1,1,True,0,0.0
2015,wta,2015_30_birmingham_aegon_classic_2015-06-19_QF_pliskova_ka_suarez_navarro_c,2015-W-P700-GBR-01A-2015_50,1052,201662,201521,tournament_rank_unique,False,,1,1,True,0,0.0
2015,wta,2015_30_birmingham_aegon_classic_2015-06-19_QF_mladenovic_k_halep_s,2015-W-P700-GBR-01A-2015_49,1052,201540,201594,tournament_rank_unique,False,,1,1,True,5,0.0
2015,wta,2015_30_birmingham_aegon_classic_2015-06-20_SF_pliskova_ka_mladenovic_k,2015-W-P700-GBR-01A-2015_53,1052,201662,201540,tournament_rank_unique,False,,1,1,True,0,5.0
2015,wta,2015_30_birmingham_aegon_classic_2015-06-20_SF_kerber_a_lisicki_s,2015-W-P700-GBR-01A-2015_54,1052,201493,201513,tournament_rank_unique,False,,1,1,True,0,0.0
2015,wta,2015_30_birmingham_aegon_classic_2015-06-21_F_kerber_a_pliskova_ka,2015-W-P700-GBR-01A-2015_55,1052,201493,201662,tournament_rank_unique,False,,1,1,True,0,0.0
2015,wta,2015_31_eastbourne_aegon_international_2015-06-21_R64_garcia_c_vinci_r,2015-W-P700-GBR-02A-2015_14,710,201614,201311,tournament_rank_unique,False,,1,1,True,0,0.0
2015,wta,2015_31_eastbourne_aegon_international_2015-06-21_R64_bencic_b_barthel_m,2015-W-P700-GBR-02A-2015_10,710,202505,201621,tournament_rank_unique,False,,1,1,True,0,0.0
2015,wta,2015_31_eastbourne_aegon_international_2015-06-21_R64_riske_a_cornet_a,2015-W-P700-GBR-02A-2015_9,710,201590,201427,tournament_rank_unique,False,,1,1,True,0,0.0
2015,wta,2015_31_eastbourne_aegon_international_2015-06-21_R64_vandeweghe_c_larsson_j,2015-W-P700-GBR-02A-2015_13,710,201535,201596,tournament_rank_unique,False,,1,1,True,0,0.0
2015,wta,2015_31_eastbourne_aegon_international_2015-06-21_R64_stephens_s_broady_n,2015-W-P700-GBR-02A-2015_4,710,201585,201648,tournament_rank_unique,False,,1,1,True,0,0.0
2015,wta,2015_31_eastbourne_aegon_international_2015-06-21_R64_dellacqua_c_schmiedlova_a,2015-W-P700-GBR-02A-2015_8,710,201348,203533,tournament_rank_unique,False,,1,1,True,0,0.0
2015,wta,2015_31_eastbourne_aegon_international_2015-06-21_R64_konta_j_diyas_z,2015-W-P700-GBR-02A-2015_12,710,202427,201610,tournament_rank_unique,False,,1,1,True,0,0.0
2015,wta,2015_31_eastbourne_aegon_international_2015-06-22_R64_cibulkova_d_dart_h,2015-W-P700-GBR-02A-2015_5,710,201495,211279,tournament_rank_unique,False,,1,1,True,0,0.0
2015,wta,2015_31_eastbourne_aegon_international_2015-06-22_R64_kuznetsova_s_rybarikova_m,2015-W-P700-GBR-02A-2015_15,710,201320,201517,tournament_rank_unique,False,,1,1,True,0,0.0
2015,wta,2015_31_eastbourne_aegon_international_2015-06-22_R64_hercog_p_brengle_m,2015-W-P700-GBR-02A-2015_11,710,201555,201483,tournament_rank_unique,False,,1,1,True,0,0.0
2015,wta,2015_31_eastbourne_aegon_international_2015-06-22_R64_falconi_i_dulgheru_a,2015-W-P700-GBR-02A-2015_7,710,201604,201567,tournament_rank_unique,False,,1,1,True,0,0.0
2015,wta,2015_31_eastbourne_aegon_international_2015-06-22_R64_strycova_b_begu_i,2015-W-P700-GBR-02A-2015_2,710,201366,201593,tournament_rank_unique,False,,1,1,True,0,0.0
2015,wta,2015_31_eastbourne_aegon_international_2015-06-22_R64_watson_h_lepchenko_v,2015-W-P700-GBR-02A-2015_3,710,201586,201478,tournament_rank_unique,False,,1,1,True,0,0.0
2015,wta,2015_31_eastbourne_aegon_international_2015-06-22_R64_pironkova_t_erakovic_m,2015-W-P700-GBR-02A-2015_6,710,201450,201523,tournament_rank_unique,False,,1,1,True,0,0.0
2015,wta,2015_31_eastbourne_aegon_international_2015-06-22_R64_gajdosova_j_davis_l,2015-W-P700-GBR-02A-2015_16,710,201457,201616,tournament_rank_unique,False,,1,1,True,0,0.0
2015,wta,2015_31_eastbourne_aegon_international_2015-06-22_R64_giorgi_c_mchale_c,2015-W-P700-GBR-02A-2015_1,710,202429,201539,tournament_rank_unique,False,,1,1,True,0,0.0
2015,wta,2015_31_eastbourne_aegon_international_2015-06-23_R32_petkovic_a_garcia_c,2015-W-P700-GBR-02A-2015_30,710,201492,201614,tournament_rank_unique,False,,1,1,True,0,0.0
2015,wta,2015_31_eastbourne_aegon_international_2015-06-23_R32_konta_j_makarova_e,2015-W-P700-GBR-02A-2015_28,710,202427,201505,tournament_rank_unique,False,,1,1,True,0,0.0
2015,wta,2015_31_eastbourne_aegon_international_2015-06-23_R32_pliskova_ka_dellacqua_c,2015-W-P700-GBR-02A-2015_24,710,201662,201348,tournament_rank_unique,False,,1,1,True,0,0.0
2015,wta,2015_31_eastbourne_aegon_international_2015-06-23_R32_bouchard_e_riske_a,2015-W-P700-GBR-02A-2015_25,710,202446,201590,tournament_rank_unique,False,,1,1,True,0,0.0
2015,wta,2015_31_eastbourne_aegon_international_2015-06-23_R32_stephens_s_suarez_navarro_c,2015-W-P700-GBR-02A-2015_20,710,201585,201521,tournament_rank_unique,False,,1,1,True,0,0.0
2015,wta,2015_31_eastbourne_aegon_international_2015-06-23_R32_muguruza_g_hercog_p,2015-W-P700-GBR-02A-2015_27,710,202469,201555,tournament_rank_unique,False,,1,1,True,0,0.0
2015,wta,2015_31_eastbourne_aegon_international_2015-06-23_R32_pironkova_t_stosur_s,2015-W-P700-GBR-02A-2015_22,710,201450,201325,tournament_rank_unique,False,,1,1,True,0,0.0
2015,wta,2015_31_eastbourne_aegon_international_2015-06-23_R32_radwanska_a_falconi_i,2015-W-P700-GBR-02A-2015_23,710,201474,201604,tournament_rank_unique,False,,1,1,True,0,0.0
2015,wta,2015_31_eastbourne_aegon_international_2015-06-23_R32_bencic_b_keys_m,2015-W-P700-GBR-02A-2015_26,710,202505,201619,tournament_rank_unique,False,,1,1,True,0,0.0
2015,wta,2015_31_eastbourne_aegon_international_2015-06-23_R32_errani_s_strycova_b,2015-W-P700-GBR-02A-2015_18,710,201506,201366,tournament_rank_unique,False,,1,1,True,0,0.0
2015,wta,2015_31_eastbourne_aegon_international_2015-06-23_R32_cibulkova_d_safarova_l,2015-W-P700-GBR-02A-2015_21,710,201495,201425,tournament_rank_unique,False,,1,1,True,0,0.0
2015,wta,2015_31_eastbourne_aegon_international_2015-06-23_R32_wozniacki_c_gajdosova_j,2015-W-P700-GBR-02A-2015_32,710,201496,201457,tournament_rank_unique,False,,1,1,True,0,0.0
2015,wta,2015_31_eastbourne_aegon_international_2015-06-23_R32_vandeweghe_c_niculescu_m,2015-W-P700-GBR-02A-2015_29,710,201535,201512,tournament_rank_unique,False,,1,1,True,0,0.0
2015,wta,2015_31_eastbourne_aegon_international_2015-06-23_R32_kuznetsova_s_pennetta_f,2015-W-P700-GBR-02A-2015_31,710,201320,201355,tournament_rank_unique,False,,1,1,True,0,0.0
2015,wta,2015_31_eastbourne_aegon_international_2015-06-23_R32_watson_h_svitolina_e,2015-W-P700-GBR-02A-2015_19,710,201586,202494,tournament_rank_unique,False,,1,1,True,0,0.0
2015,wta,2015_31_eastbourne_aegon_international_2015-06-23_R32_gavrilova_d_giorgi_c,2015-W-P700-GBR-02A-2015_17,710,201611,202429,tournament_rank_unique,False,,1,1,True,0,0.0
2015,wta,2015_31_eastbourne_aegon_international_2015-06-24_R16_bencic_b_bouchard_e,2015-W-P700-GBR-02A-2015_37,710,202505,202446,tournament_rank_unique,False,,1,1,True,0,0.0
2015,wta,2015_31_eastbourne_aegon_international_2015-06-24_R16_pironkova_t_cibulkova_d,2015-W-P700-GBR-02A-2015_35,710,201450,201495,tournament_rank_unique,False,,1,1,True,0,0.0
2015,wta,2015_31_eastbourne_aegon_international_2015-06-24_R16_konta_j_muguruza_g,2015-W-P700-GBR-02A-2015_38,710,202427,202469,tournament_rank_unique,False,,1,1,True,0,0.0
2015,wta,2015_31_eastbourne_aegon_international_2015-06-24_R16_radwanska_a_pliskova_ka,2015-W-P700-GBR-02A-2015_36,710,201474,201662,tournament_rank_unique,False,,1,1,True,0,0.0
2015,wta,2015_31_eastbourne_aegon_international_2015-06-24_R16_wozniacki_c_kuznetsova_s,2015-W-P700-GBR-02A-2015_40,710,201496,201320,tournament_rank_unique,False,,1,1,True,0,0.0
2015,wta,2015_31_eastbourne_aegon_international_2015-06-24_R16_petkovic_a_vandeweghe_c,2015-W-P700-GBR-02A-2015_39,710,201492,201535,tournament_rank_unique,False,,1,1,True,0,0.0
2015,wta,2015_31_eastbourne_aegon_international_2015-06-24_R16_gavrilova_d_errani_s,2015-W-P700-GBR-02A-2015_33,710,201611,201506,tournament_rank_unique,False,,1,1,True,0,0.0
2015,wta,2015_31_eastbourne_aegon_international_2015-06-24_R16_stephens_s_watson_h,2015-W-P700-GBR-02A-2015_34,710,201585,201586,tournament_rank_unique,False,,1,1,True,0,0.0
2015,wta,2015_31_eastbourne_aegon_international_2015-06-25_QF_radwanska_a_pironkova_t,2015-W-P700-GBR-02A-2015_42,710,201474,201450,tournament_rank_unique,False,,1,1,True,0,0.0
2015,wta,2015_31_eastbourne_aegon_international_2015-06-25_QF_bencic_b_konta_j,2015-W-P700-GBR-02A-2015_43,710,202505,202427,tournament_rank_unique,False,,1,1,True,0,0.0
2015,wta,2015_31_eastbourne_aegon_international_2015-06-25_QF_stephens_s_gavrilova_d,2015-W-P700-GBR-02A-2015_41,710,201585,201611,tournament_rank_unique,False,,1,1,True,0,0.0
2015,wta,2015_31_eastbourne_aegon_international_2015-06-25_QF_wozniacki_c_petkovic_a,2015-W-P700-GBR-02A-2015_44,710,201496,201492,tournament_rank_unique,False,,1,1,True,0,0.0
2015,wta,2015_31_eastbourne_aegon_international_2015-06-26_SF_radwanska_a_stephens_s,2015-W-P700-GBR-02A-2015_45,710,201474,201585,tournament_rank_unique,False,,1,1,True,0,0.0
2015,wta,2015_31_eastbourne_aegon_international_2015-06-26_SF_bencic_b_wozniacki_c,2015-W-P700-GBR-02A-2015_46,710,202505,201496,tournament_rank_unique,False,,1,1,True,0,0.0
2015,wta,2015_31_eastbourne_aegon_international_2015-06-27_F_bencic_b_radwanska_a,2015-W-P700-GBR-02A-2015_47,710,202505,201474,tournament_rank_unique,False,,1,1,True,0,0.0
2015,wta,2015_32_london_wimbledon_2015-06-29_R128_babos_t_cetkovska_p,2015-W-SL-GBR-01A-2015_2,904,201693,201508,tournament_rank_unique,False,,1,1,True,0,0.0
2015,wta,2015_32_london_wimbledon_2015-06-29_R128_flipkens_k_beck_a,2015-W-SL-GBR-01A-2015_11,904,201465,202470,tournament_rank_unique,False,,1,1,True,0,0.0
2015,wta,2015_32_london_wimbledon_2015-06-29_R128_diyas_z_pennetta_f,2015-W-SL-GBR-01A-2015_21,904,201610,201355,tournament_rank_unique,False,,1,1,True,0,0.0
2015,wta,2015_32_london_wimbledon_2015-06-29_R128_pliskova_ka_falconi_i,2015-W-SL-GBR-01A-2015_25,904,201662,201604,tournament_rank_unique,False,,1,1,True,0,0.0
2015,wta,2015_32_london_wimbledon_2015-06-29_R128_azarenka_v_kontaveit_a,2015-W-SL-GBR-01A-2015_12,904,201458,204426,tournament_rank_unique,False,,1,1,True,0,0.0
2015,wta,2015_32_london_wimbledon_2015-06-29_R128_vandeweghe_c_schmiedlova_a,2015-W-SL-GBR-01A-2015_26,904,201535,203533,tournament_rank_unique,False,,1,1,True,0,0.0
2015,wta,2015_32_london_wimbledon_2015-06-29_R128_williams_s_gasparyan_m,2015-W-SL-GBR-01A-2015_1,904,200033,202506,tournament_rank_unique,False,,1,1,True,0,0.0
2015,wta,2015_32_london_wimbledon_2015-06-29_R128_friedsam_a_l_diatchenko_v,2015-W-SL-GBR-01A-2015_14,904,204431,201554,tournament_rank_unique,False,,1,1,True,0,0.0
2015,wta,2015_32_london_wimbledon_2015-06-29_R128_sasnovich_a_zhu_l,2015-W-SL-GBR-01A-2015_22,904,205925,202684,tournament_rank_unique,False,,1,1,True,0,0.0
2015,wta,2015_32_london_wimbledon_2015-06-29_R128_mladenovic_k_dulgheru_a,2015-W-SL-GBR-01A-2015_10,904,201540,201567,tournament_rank_unique,False,,1,1,True,0,0.0
2015,wta,2015_32_london_wimbledon_2015-06-29_R128_errani_s_schiavone_f,2015-W-SL-GBR-01A-2015_5,904,201506,201212,tournament_rank_unique,False,,1,1,True,0,0.0
2015,wta,2015_32_london_wimbledon_2015-06-29_R128_mattek_sands_b_van_uytvanck_a,2015-W-SL-GBR-01A-2015_15,904,201318,202421,tournament_rank_unique,False,,1,1,True,0,0.0
2015,wta,2015_32_london_wimbledon_2015-06-29_R128_ivanovic_a_xu_y_f,2015-W-SL-GBR-01A-2015_16,904,201421,201703,tournament_rank_unique,False,,1,1,True,0,0.0
2015,wta,2015_32_london_wimbledon_2015-06-29_R128_ostapenko_j_suarez_navarro_c,2015-W-SL-GBR-01A-2015_9,904,211533,201521,tournament_rank_unique,False,,1,1,True,0,0.0
2015,wta,2015_32_london_wimbledon_2015-06-29_R128_stosur_s_kovinic_d,2015-W-SL-GBR-01A-2015_28,904,201325,203575,tournament_rank_unique,False,,1,1,True,0,0.0
2015,wta,2015_32_london_wimbledon_2015-06-29_R128_bencic_b_pironkova_t,2015-W-SL-GBR-01A-2015_13,904,202505,201450,tournament_rank_unique,False,,1,1,True,0,0.0
2015,wta,2015_32_london_wimbledon_2015-06-29_R128_sharapova_m_konta_j,2015-W-SL-GBR-01A-2015_17,904,201345,202427,tournament_rank_unique,False,,1,1,True,0,0.0
2015,wta,2015_32_london_wimbledon_2015-06-29_R128_radwanska_u_gallovits_e,2015-W-SL-GBR-01A-2015_27,904,201524,201365,tournament_rank_unique,False,,1,1,True,0,0.0
2015,wta,2015_32_london_wimbledon_2015-06-29_R128_krunic_a_vinci_r,2015-W-SL-GBR-01A-2015_6,904,202434,201311,tournament_rank_unique,False,,1,1,True,0,0.0
2015,wta,2015_32_london_wimbledon_2015-06-29_R128_hogenkamp_r_wang_q,2015-W-SL-GBR-01A-2015_18,904,202480,202492,tournament_rank_unique,False,,1,1,True,0,0.0
2015,wta,2015_32_london_wimbledon_2015-06-29_R128_hsieh_s_w_kanepi_k,2015-W-SL-GBR-01A-2015_31,904,201444,201466,tournament_rank_unique,False,,1,1,True,0,0.0
2015,wta,2015_32_london_wimbledon_2015-06-29_R128_hantuchova_d_cibulkova_d,2015-W-SL-GBR-01A-2015_3,904,201290,201495,tournament_rank_unique,False,,1,1,True,0,0.0
2015,wta,2015_32_london_wimbledon_2015-06-29_R128_davis_l_hercog_p,2015-W-SL-GBR-01A-2015_30,904,201616,201555,tournament_rank_unique,False,,1,1,True,0,0.0
2015,wta,2015_32_london_wimbledon_2015-06-29_R128_williams_v_brengle_m,2015-W-SL-GBR-01A-2015_8,904,200748,201483,tournament_rank_unique,False,,1,1,True,0,0.0
2015,wta,2015_32_london_wimbledon_2015-06-29_R128_safarova_l_riske_a,2015-W-SL-GBR-01A-2015_32,904,201425,201590,tournament_rank_unique,False,,1,1,True,0,0.0
2015,wta,2015_32_london_wimbledon_2015-06-29_R128_petkovic_a_rogers_s,2015-W-SL-GBR-01A-2015_24,904,201492,201603,tournament_rank_unique,False,,1,1,True,0,0.0
2015,wta,2015_32_london_wimbledon_2015-06-29_R128_putintseva_y_erakovic_m,2015-W-SL-GBR-01A-2015_7,904,201709,201523,tournament_rank_unique,False,,1,1,True,0,0.0
2015,wta,2015_32_london_wimbledon_2015-06-29_R128_tsurenko_l_gibbs_n,2015-W-SL-GBR-01A-2015_19,904,201615,202484,tournament_rank_unique,False,,1,1,True,0,0.0
2015,wta,2015_32_london_wimbledon_2015-06-29_R128_begu_i_gavrilova_d,2015-W-SL-GBR-01A-2015_20,904,201593,201611,tournament_rank_unique,False,,1,1,True,0,0.0
2015,wta,2015_32_london_wimbledon_2015-06-29_R128_duque_marino_m_broady_n,2015-W-SL-GBR-01A-2015_23,904,201531,201648,tournament_rank_unique,False,,1,1,True,0,0.0
2015,wta,2015_32_london_wimbledon_2015-06-29_R128_stephens_s_strycova_b,2015-W-SL-GBR-01A-2015_29,904,201585,201366,tournament_rank_unique,False,,1,1,True,0,0.0
2015,wta,2015_32_london_wimbledon_2015-06-30_R128_svitolina_e_doi_m,2015-W-SL-GBR-01A-2015_60,904,202494,201595,tournament_rank_unique,False,,1,1,True,0,0.0
2015,wta,2015_32_london_wimbledon_2015-06-30_R128_nara_k_linette_m,2015-W-SL-GBR-01A-2015_63,904,201597,202663,tournament_rank_unique,False,,1,1,True,0,0.0
2015,wta,2015_32_london_wimbledon_2015-06-30_R128_lucic_m_shvedova_y,2015-W-SL-GBR-01A-2015_38,904,200002,201468,tournament_rank_unique,False,,1,1,True,0,0.0
2015,wta,2015_32_london_wimbledon_2015-06-30_R128_muguruza_g_lepchenko_v,2015-W-SL-GBR-01A-2015_37,904,202469,201478,tournament_rank_unique,False,,1,1,True,0,0.0
2015,wta,2015_32_london_wimbledon_2015-06-30_R128_dellacqua_c_paszek_t,2015-W-SL-GBR-01A-2015_59,904,201348,201481,tournament_rank_unique,False,,1,1,True,0,0.0
2015,wta,2015_32_london_wimbledon_2015-06-30_R128_pavlyuchenkova_a_barthel_m,2015-W-SL-GBR-01A-2015_39,904,201499,201621,tournament_rank_unique,False,,1,1,True,0,0.0
2015,wta,2015_32_london_wimbledon_2015-06-30_R128_kerber_a_witthoeft_c,2015-W-SL-GBR-01A-2015_40,904,201493,202489,tournament_rank_unique,False,,1,1,True,0,0.0
2015,wta,2015_32_london_wimbledon_2015-06-30_R128_kvitova_p_bertens_k,2015-W-SL-GBR-01A-2015_64,904,201520,202428,tournament_rank_unique,False,,1,1,True,0,0.0
2015,wta,2015_32_london_wimbledon_2015-06-30_R128_watson_h_garcia_c,2015-W-SL-GBR-01A-2015_4,904,201586,201614,tournament_rank_unique,False,,1,1,True,0,0.0
2015,wta,2015_32_london_wimbledon_2015-06-30_R128_tomljanovic_a_koukalova_k,2015-W-SL-GBR-01A-2015_58,904,201548,201344,tournament_rank_unique,False,,1,1,True,0,0.0
2015,wta,2015_32_london_wimbledon_2015-06-30_R128_niculescu_m_puig_m,2015-W-SL-GBR-01A-2015_47,904,201512,201620,tournament_rank_unique,False,,1,1,True,0,0.0
2015,wta,2015_32_london_wimbledon_2015-06-30_R128_jankovic_j_vesnina_e,2015-W-SL-GBR-01A-2015_61,904,201347,201455,tournament_rank_unique,False,,1,1,True,0,0.0
2015,wta,2015_32_london_wimbledon_2015-06-30_R128_cepelova_j_halep_s,2015-W-SL-GBR-01A-2015_48,904,202450,201594,tournament_rank_unique,False,,1,1,True,0,0.0
2015,wta,2015_32_london_wimbledon_2015-06-30_R128_pliskova_kr_smitkova_t,2015-W-SL-GBR-01A-2015_46,904,201697,202702,tournament_rank_unique,False,,1,1,True,0,0.0
2015,wta,2015_32_london_wimbledon_2015-06-30_R128_duan_y_y_bouchard_e,2015-W-SL-GBR-01A-2015_56,904,202504,202446,tournament_rank_unique,False,,1,1,True,0,0.0
2015,wta,2015_32_london_wimbledon_2015-06-30_R128_radwanska_a_hradecka_l,2015-W-SL-GBR-01A-2015_57,904,201474,201556,tournament_rank_unique,False,,1,1,True,0,0.0
2015,wta,2015_32_london_wimbledon_2015-06-30_R128_giorgi_c_pereira_t,2015-W-SL-GBR-01A-2015_36,904,202429,202694,tournament_rank_unique,False,,1,1,True,0,0.0
2015,wta,2015_32_london_wimbledon_2015-06-30_R128_kuznetsova_s_siegemund_l,2015-W-SL-GBR-01A-2015_45,904,201320,201696,tournament_rank_unique,False,,1,1,True,0,0.0
2015,wta,2015_32_london_wimbledon_2015-06-30_R128_govortsova_o_mitu_a,2015-W-SL-GBR-01A-2015_51,904,201501,202671,tournament_rank_unique,False,,1,1,True,0,0.0
2015,wta,2015_32_london_wimbledon_2015-06-30_R128_maria_t_jovanovski_b,2015-W-SL-GBR-01A-2015_55,904,213583,201587,tournament_rank_unique,False,,1,1,True,0,0.0
2015,wta,2015_32_london_wimbledon_2015-06-30_R128_allertova_d_siniakova_k,2015-W-SL-GBR-01A-2015_34,904,202653,211701,tournament_rank_unique,False,,1,1,True,0,0.0
2015,wta,2015_32_london_wimbledon_2015-06-30_R128_soler_espinosa_s_karatantcheva_s,2015-W-SL-GBR-01A-2015_42,904,201562,201402,tournament_rank_unique,False,,1,1,True,0,0.0
2015,wta,2015_32_london_wimbledon_2015-06-30_R128_wozniacki_c_zheng_s,2015-W-SL-GBR-01A-2015_33,904,201496,202453,tournament_rank_unique,False,,1,1,True,0,0.0
2015,wta,2015_32_london_wimbledon_2015-06-30_R128_mchale_c_larsson_j,2015-W-SL-GBR-01A-2015_43,904,201539,201596,tournament_rank_unique,False,,1,1,True,0,0.0
2015,wta,2015_32_london_wimbledon_2015-06-30_R128_makarova_e_vickery_s,2015-W-SL-GBR-01A-2015_49,904,201505,203500,tournament_rank_unique,False,,1,1,True,0,0.0
2015,wta,2015_32_london_wimbledon_2015-06-30_R128_lisicki_s_gajdosova_j,2015-W-SL-GBR-01A-2015_44,904,201513,201457,tournament_rank_unique,False,,1,1,True,0,0.0
2015,wta,2015_32_london_wimbledon_2015-06-30_R128_bacsinszky_t_goerges_j,2015-W-SL-GBR-01A-2015_41,904,201490,201504,tournament_rank_unique,False,,1,1,True,0,0.0
2015,wta,2015_32_london_wimbledon_2015-06-30_R128_rybarikova_m_knapp_k,2015-W-SL-GBR-01A-2015_50,904,201517,201498,tournament_rank_unique,False,,1,1,True,0,0.0
2015,wta,2015_32_london_wimbledon_2015-06-30_R128_cornet_a_konjuh_a,2015-W-SL-GBR-01A-2015_52,904,201427,211951,tournament_rank_unique,False,,1,1,True,0,0.0
2015,wta,2015_32_london_wimbledon_2015-06-30_R128_arruabarrena_l_parmentier_p,2015-W-SL-GBR-01A-2015_35,904,202418,201426,tournament_rank_unique,False,,1,1,True,0,0.0
2015,wta,2015_32_london_wimbledon_2015-07-01_R128_keys_m_voegele_s,2015-W-SL-GBR-01A-2015_53,904,201619,201527,tournament_rank_unique,False,,1,1,True,0,0.0
2015,wta,2015_32_london_wimbledon_2015-07-01_R128_kulichkova_e_wickmayer_y,2015-W-SL-GBR-01A-2015_54,904,206404,201518,tournament_rank_unique,False,,1,1,True,0,0.0
2015,wta,2015_32_london_wimbledon_2015-07-01_R64_vandeweghe_c_pliskova_ka,2015-W-SL-GBR-01A-2015_77,904,201535,201662,tournament_rank_unique,False,,1,1,True,0,0.0
2015,wta,2015_32_london_wimbledon_2015-07-01_R64_stosur_s_radwanska_u,2015-W-SL-GBR-01A-2015_78,904,201325,201524,tournament_rank_unique,False,,1,1,True,0,0.0
2015,wta,2015_32_london_wimbledon_2015-07-01_R64_diyas_z_sasnovich_a,2015-W-SL-GBR-01A-2015_75,904,201610,205925,tournament_rank_unique,False,,1,1,True,0,0.0
2015,wta,2015_32_london_wimbledon_2015-07-01_R64_begu_i_tsurenko_l,2015-W-SL-GBR-01A-2015_74,904,201593,201615,tournament_rank_unique,False,,1,1,True,0,0.0
2015,wta,2015_32_london_wimbledon_2015-07-01_R64_sharapova_m_hogenkamp_r,2015-W-SL-GBR-01A-2015_73,904,201345,202480,tournament_rank_unique,False,,1,1,True,0,0.0
2015,wta,2015_32_london_wimbledon_2015-07-01_R64_bencic_b_friedsam_a_l,2015-W-SL-GBR-01A-2015_71,904,202505,204431,tournament_rank_unique,False,,1,1,True,0,0.0
2015,wta,2015_32_london_wimbledon_2015-07-01_R64_watson_h_hantuchova_d,2015-W-SL-GBR-01A-2015_66,904,201586,201290,tournament_rank_unique,False,,1,1,True,0,0.0
2015,wta,2015_32_london_wimbledon_2015-07-01_R64_petkovic_a_duque_marino_m,2015-W-SL-GBR-01A-2015_76,904,201492,201531,tournament_rank_unique,False,,1,1,True,0,0.0
2015,wta,2015_32_london_wimbledon_2015-07-01_R64_stephens_s_davis_l,2015-W-SL-GBR-01A-2015_79,904,201585,201616,tournament_rank_unique,False,,1,1,True,0,0.0
2015,wta,2015_32_london_wimbledon_2015-07-01_R64_mladenovic_k_ostapenko_j,2015-W-SL-GBR-01A-2015_69,904,201540,211533,tournament_rank_unique,False,,1,1,True,0,0.0
2015,wta,2015_32_london_wimbledon_2015-07-01_R64_azarenka_v_flipkens_k,2015-W-SL-GBR-01A-2015_70,904,201458,201465,tournament_rank_unique,False,,1,1,True,0,0.0
2015,wta,2015_32_london_wimbledon_2015-07-01_R64_mattek_sands_b_ivanovic_a,2015-W-SL-GBR-01A-2015_72,904,201318,201421,tournament_rank_unique,False,,1,1,True,0,0.0
2015,wta,2015_32_london_wimbledon_2015-07-01_R64_safarova_l_hsieh_s_w,2015-W-SL-GBR-01A-2015_80,904,201425,201444,tournament_rank_unique,False,,1,1,True,0,0.0
2015,wta,2015_32_london_wimbledon_2015-07-01_R64_krunic_a_errani_s,2015-W-SL-GBR-01A-2015_67,904,202434,201506,tournament_rank_unique,False,,1,1,True,0,0.0
2015,wta,2015_32_london_wimbledon_2015-07-01_R64_williams_v_putintseva_y,2015-W-SL-GBR-01A-2015_68,904,200748,201709,tournament_rank_unique,False,,1,1,True,0,0.0
2015,wta,2015_32_london_wimbledon_2015-07-01_R64_williams_s_babos_t,2015-W-SL-GBR-01A-2015_65,904,200033,201693,tournament_rank_unique,False,,1,1,True,0,0.0
2015,wta,2015_32_london_wimbledon_2015-07-02_R64_rybarikova_m_makarova_e,2015-W-SL-GBR-01A-2015_89,904,201517,201505,tournament_rank_unique,False,,1,1,True,0,0.0
2015,wta,2015_32_london_wimbledon_2015-07-02_R64_kerber_a_pavlyuchenkova_a,2015-W-SL-GBR-01A-2015_84,904,201493,201499,tournament_rank_unique,False,,1,1,True,0,0.0
2015,wta,2015_32_london_wimbledon_2015-07-02_R64_wozniacki_c_allertova_d,2015-W-SL-GBR-01A-2015_81,904,201496,202653,tournament_rank_unique,False,,1,1,True,0,0.0
2015,wta,2015_32_london_wimbledon_2015-07-02_R64_giorgi_c_arruabarrena_l,2015-W-SL-GBR-01A-2015_82,904,202429,202418,tournament_rank_unique,False,,1,1,True,0,0.0
2015,wta,2015_32_london_wimbledon_2015-07-02_R64_govortsova_o_cornet_a,2015-W-SL-GBR-01A-2015_90,904,201501,201427,tournament_rank_unique,False,,1,1,True,0,0.0
2015,wta,2015_32_london_wimbledon_2015-07-02_R64_muguruza_g_lucic_m,2015-W-SL-GBR-01A-2015_83,904,202469,200002,tournament_rank_unique,False,,1,1,True,0,0.0
2015,wta,2015_32_london_wimbledon_2015-07-02_R64_lisicki_s_mchale_c,2015-W-SL-GBR-01A-2015_86,904,201513,201539,tournament_rank_unique,False,,1,1,True,0,0.0
2015,wta,2015_32_london_wimbledon_2015-07-02_R64_bacsinszky_t_soler_espinosa_s,2015-W-SL-GBR-01A-2015_85,904,201490,201562,tournament_rank_unique,False,,1,1,True,0,0.0
2015,wta,2015_32_london_wimbledon_2015-07-02_R64_dellacqua_c_svitolina_e,2015-W-SL-GBR-01A-2015_94,904,201348,202494,tournament_rank_unique,False,,1,1,True,0,0.0
2015,wta,2015_32_london_wimbledon_2015-07-02_R64_maria_t_duan_y_y,2015-W-SL-GBR-01A-2015_92,904,213583,202504,tournament_rank_unique,False,,1,1,True,0,0.0
2015,wta,2015_32_london_wimbledon_2015-07-02_R64_kvitova_p_nara_k,2015-W-SL-GBR-01A-2015_96,904,201520,201597,tournament_rank_unique,False,,1,1,True,0,0.0
2015,wta,2015_32_london_wimbledon_2015-07-02_R64_jankovic_j_rodina_e,2015-W-SL-GBR-01A-2015_95,904,201347,201516,tournament_rank_unique,False,,1,1,True,0,0.0
2015,wta,2015_32_london_wimbledon_2015-07-02_R64_keys_m_kulichkova_e,2015-W-SL-GBR-01A-2015_91,904,201619,206404,tournament_rank_unique,False,,1,1,True,0,0.0
2015,wta,2015_32_london_wimbledon_2015-07-02_R64_radwanska_a_tomljanovic_a,2015-W-SL-GBR-01A-2015_93,904,201474,201548,tournament_rank_unique,False,,1,1,True,0,0.0
2015,wta,2015_32_london_wimbledon_2015-07-02_R64_niculescu_m_cepelova_j,2015-W-SL-GBR-01A-2015_88,904,201512,202450,tournament_rank_unique,False,,1,1,True,0,0.0
2015,wta,2015_32_london_wimbledon_2015-07-02_R64_pliskova_kr_kuznetsova_s,2015-W-SL-GBR-01A-2015_87,904,201697,201320,tournament_rank_unique,False,,1,1,True,0,0.0
2015,wta,2015_32_london_wimbledon_2015-07-03_R32_bencic_b_mattek_sands_b,2015-W-SL-GBR-01A-2015_100,904,202505,201318,tournament_rank_unique,False,,1,1,True,0,0.0
2015,wta,2015_32_london_wimbledon_2015-07-03_R32_vandeweghe_c_stosur_s,2015-W-SL-GBR-01A-2015_103,904,201535,201325,tournament_rank_unique,False,,1,1,True,0,0.0
2015,wta,2015_32_london_wimbledon_2015-07-03_R32_sharapova_m_begu_i,2015-W-SL-GBR-01A-2015_101,904,201345,201593,tournament_rank_unique,False,,1,1,True,0,0.0
2015,wta,2015_32_london_wimbledon_2015-07-03_R32_safarova_l_stephens_s,2015-W-SL-GBR-01A-2015_104,904,201425,201585,tournament_rank_unique,False,,1,1,True,0,0.0
2015,wta,2015_32_london_wimbledon_2015-07-03_R32_azarenka_v_mladenovic_k,2015-W-SL-GBR-01A-2015_99,904,201458,201540,tournament_rank_unique,False,,1,1,True,0,0.0
2015,wta,2015_32_london_wimbledon_2015-07-03_R32_diyas_z_petkovic_a,2015-W-SL-GBR-01A-2015_102,904,201610,201492,tournament_rank_unique,False,,1,1,True,0,0.0
2015,wta,2015_32_london_wimbledon_2015-07-03_R32_williams_s_watson_h,2015-W-SL-GBR-01A-2015_97,904,200033,201586,tournament_rank_unique,False,,1,1,True,0,0.0
2015,wta,2015_32_london_wimbledon_2015-07-03_R32_williams_v_krunic_a,2015-W-SL-GBR-01A-2015_98,904,200748,202434,tournament_rank_unique,False,,1,1,True,0,0.0
2015,wta,2015_32_london_wimbledon_2015-07-04_R32_muguruza_g_kerber_a,2015-W-SL-GBR-01A-2015_106,904,202469,201493,tournament_rank_unique,False,,1,1,True,0,0.0
2015,wta,2015_32_london_wimbledon_2015-07-04_R32_niculescu_m_pliskova_kr,2015-W-SL-GBR-01A-2015_108,904,201512,201697,tournament_rank_unique,False,,1,1,True,0,0.0
2015,wta,2015_32_london_wimbledon_2015-07-04_R32_wozniacki_c_giorgi_c,2015-W-SL-GBR-01A-2015_105,904,201496,202429,tournament_rank_unique,False,,1,1,True,0,0.0
2015,wta,2015_32_london_wimbledon_2015-07-04_R32_keys_m_maria_t,2015-W-SL-GBR-01A-2015_110,904,201619,213583,tournament_rank_unique,False,,1,1,True,0,0.0
2015,wta,2015_32_london_wimbledon_2015-07-04_R32_radwanska_a_dellacqua_c,2015-W-SL-GBR-01A-2015_111,904,201474,201348,tournament_rank_unique,False,,1,1,True,0,0.0
2015,wta,2015_32_london_wimbledon_2015-07-04_R32_bacsinszky_t_lisicki_s,2015-W-SL-GBR-01A-2015_107,904,201490,201513,tournament_rank_unique,False,,1,1,True,0,0.0
2015,wta,2015_32_london_wimbledon_2015-07-04_R32_govortsova_o_rybarikova_m,2015-W-SL-GBR-01A-2015_109,904,201501,201517,tournament_rank_unique,False,,1,1,True,0,0.0
2015,wta,2015_32_london_wimbledon_2015-07-04_R32_jankovic_j_kvitova_p,2015-W-SL-GBR-01A-2015_112,904,201347,201520,tournament_rank_unique,False,,1,1,True,0,0.0
2015,wta,2015_32_london_wimbledon_2015-07-06_R16_vandeweghe_c_safarova_l,2015-W-SL-GBR-01A-2015_116,904,201535,201425,tournament_rank_unique,False,,1,1,True,0,0.0
2015,wta,2015_32_london_wimbledon_2015-07-06_R16_keys_m_govortsova_o,2015-W-SL-GBR-01A-2015_119,904,201619,201501,tournament_rank_unique,False,,1,1,True,0,0.0
2015,wta,2015_32_london_wimbledon_2015-07-06_R16_sharapova_m_diyas_z,2015-W-SL-GBR-01A-2015_115,904,201345,201610,tournament_rank_unique,False,,1,1,True,0,0.0
2015,wta,2015_32_london_wimbledon_2015-07-06_R16_williams_s_williams_v,2015-W-SL-GBR-01A-2015_113,904,200033,200748,tournament_rank_unique,False,,1,1,True,0,0.0
2015,wta,2015_32_london_wimbledon_2015-07-06_R16_bacsinszky_t_niculescu_m,2015-W-SL-GBR-01A-2015_118,904,201490,201512,tournament_rank_unique,False,,1,1,True,0,0.0
2015,wta,2015_32_london_wimbledon_2015-07-06_R16_radwanska_a_jankovic_j,2015-W-SL-GBR-01A-2015_120,904,201474,201347,tournament_rank_unique,False,,1,1,True,0,0.0
2015,wta,2015_32_london_wimbledon_2015-07-06_R16_azarenka_v_bencic_b,2015-W-SL-GBR-01A-2015_114,904,201458,202505,tournament_rank_unique,False,,1,1,True,0,0.0
2015,wta,2015_32_london_wimbledon_2015-07-06_R16_muguruza_g_wozniacki_c,2015-W-SL-GBR-01A-2015_117,904,202469,201496,tournament_rank_unique,False,,1,1,True,0,0.0
2015,wta,2015_32_london_wimbledon_2015-07-07_QF_sharapova_m_vandeweghe_c,2015-W-SL-GBR-01A-2015_122,904,201345,201535,tournament_rank_unique,False,,1,1,True,0,0.0
2015,wta,2015_32_london_wimbledon_2015-07-07_QF_muguruza_g_bacsinszky_t,2015-W-SL-GBR-01A-2015_123,904,202469,201490,tournament_rank_unique,False,,1,1,True,0,0.0
2015,wta,2015_32_london_wimbledon_2015-07-07_QF_radwanska_a_keys_m,2015-W-SL-GBR-01A-2015_124,904,201474,201619,tournament_rank_unique,False,,1,1,True,0,0.0
2015,wta,2015_32_london_wimbledon_2015-07-07_QF_williams_s_azarenka_v,2015-W-SL-GBR-01A-2015_121,904,200033,201458,tournament_rank_unique,False,,1,1,True,0,0.0
2015,wta,2015_32_london_wimbledon_2015-07-09_SF_muguruza_g_radwanska_a,2015-W-SL-GBR-01A-2015_126,904,202469,201474,tournament_rank_unique,False,,1,1,True,0,0.0
2015,wta,2015_32_london_wimbledon_2015-07-09_SF_williams_s_sharapova_m,2015-W-SL-GBR-01A-2015_125,904,200033,201345,tournament_rank_unique,False,,1,1,True,0,0.0
2015,wta,2015_32_london_wimbledon_2015-07-11_F_williams_s_muguruza_g,2015-W-SL-GBR-01A-2015_127,904,200033,202469,tournament_rank_unique,False,,1,1,True,0,0.0
2015,wta,2015_33_bastad_collector_swedish_open_2015-07-13_R32_barthel_m_bertens_k,2015-W-INT-SWE-01A-2015_12,1048,201621,202428,tournament_rank_unique,False,,1,1,True,0,0.0
2015,wta,2015_33_bastad_collector_swedish_open_2015-07-13_R32_stosur_s_glushko_j,2015-W-INT-SWE-01A-2015_16,1048,201325,202498,tournament_rank_unique,False,,1,1,True,0,0.0
2015,wta,2015_33_bastad_collector_swedish_open_2015-07-13_R32_siniakova_k_beygelzimer_y,2015-W-INT-SWE-01A-2015_9,1048,211701,201377,tournament_rank_unique,False,,1,1,True,0,0.0
2015,wta,2015_33_bastad_collector_swedish_open_2015-07-14_R32_govortsova_o_kontaveit_a,2015-W-INT-SWE-01A-2015_14,1048,201501,204426,tournament_rank_unique,False,,1,1,True,0,0.0
2015,wta,2015_33_bastad_collector_swedish_open_2015-07-14_R32_friedsam_a_l_sorribes_tormo_s,2015-W-INT-SWE-01A-2015_7,1048,204431,204427,tournament_rank_unique,False,,1,1,True,0,0.0
2015,wta,2015_33_bastad_collector_swedish_open_2015-07-14_R32_strycova_b_min_g,2015-W-INT-SWE-01A-2015_5,1048,201366,202479,tournament_rank_unique,False,,1,1,True,0,0.0
2015,wta,2015_33_bastad_collector_swedish_open_2015-07-14_R32_zanevska_m_siegemund_l,2015-W-INT-SWE-01A-2015_11,1048,202628,201696,tournament_rank_unique,False,,1,1,True,0,0.0
2015,wta,2015_33_bastad_collector_swedish_open_2015-07-14_R32_cepelova_j_witthoeft_c,2015-W-INT-SWE-01A-2015_13,1048,202450,202489,tournament_rank_unique,False,,1,1,True,0,0.0
2015,wta,2015_33_bastad_collector_swedish_open_2015-07-14_R32_arruabarrena_l_arvidsson_s,2015-W-INT-SWE-01A-2015_15,1048,202418,201387,tournament_rank_unique,False,,1,1,True,0,0.0
2015,wta,2015_33_bastad_collector_swedish_open_2015-07-14_R32_rodina_e_rus_a,2015-W-INT-SWE-01A-2015_6,1048,201516,201551,tournament_rank_unique,False,,1,1,True,0,0.0
2015,wta,2015_33_bastad_collector_swedish_open_2015-07-14_R32_peterson_r_minella_m,2015-W-INT-SWE-01A-2015_10,1048,202490,201605,tournament_rank_unique,False,,1,1,True,0,0.0
2015,wta,2015_33_bastad_collector_swedish_open_2015-07-14_R32_putintseva_y_maria_t,2015-W-INT-SWE-01A-2015_4,1048,201709,213583,tournament_rank_unique,False,,1,1,True,0,0.0
2015,wta,2015_33_bastad_collector_swedish_open_2015-07-14_R32_lim_a_dominguez_lino_l,2015-W-INT-SWE-01A-2015_3,1048,202430,201452,tournament_rank_unique,False,,1,1,True,0,0.0
2015,wta,2015_33_bastad_collector_swedish_open_2015-07-14_R32_koukalova_k_celik_s,2015-W-INT-SWE-01A-2015_2,1048,201344,206178,tournament_rank_unique,False,,1,1,True,0,0.0
2015,wta,2015_33_bastad_collector_swedish_open_2015-07-15_R32_larsson_j_hogenkamp_r,2015-W-INT-SWE-01A-2015_8,1048,201596,202480,tournament_rank_unique,False,,1,1,True,0,0.0
2015,wta,2015_33_bastad_collector_swedish_open_2015-07-15_R32_williams_s_bonaventure_y,2015-W-INT-SWE-01A-2015_1,1048,200033,204434,tournament_rank_unique,False,,1,1,True,0,0.0
2015,wta,2015_33_bastad_collector_swedish_open_2015-07-15_R16_arruabarrena_l_stosur_s,2015-W-INT-SWE-01A-2015_24,1048,202418,201325,tournament_rank_unique,False,,1,1,True,0,0.0
2015,wta,2015_33_bastad_collector_swedish_open_2015-07-15_R16_cepelova_j_govortsova_o,2015-W-INT-SWE-01A-2015_23,1048,202450,201501,tournament_rank_unique,False,,1,1,True,0,0.0
2015,wta,2015_33_bastad_collector_swedish_open_2015-07-15_R16_barthel_m_zanevska_m,2015-W-INT-SWE-01A-2015_22,1048,201621,202628,tournament_rank_unique,False,,1,1,True,0,0.0
2015,wta,2015_33_bastad_collector_swedish_open_2015-07-16_R16_strycova_b_rodina_e,2015-W-INT-SWE-01A-2015_19,1048,201366,201516,tournament_rank_unique,False,,1,1,True,0,0.0
2015,wta,2015_33_bastad_collector_swedish_open_2015-07-16_R16_peterson_r_siniakova_k,2015-W-INT-SWE-01A-2015_21,1048,202490,211701,tournament_rank_unique,False,,1,1,True,0,0.0
2015,wta,2015_33_bastad_collector_swedish_open_2015-07-16_R16_putintseva_y_lim_a,2015-W-INT-SWE-01A-2015_18,1048,201709,202430,tournament_rank_unique,False,,1,1,True,0,0.0
2015,wta,2015_33_bastad_collector_swedish_open_2015-07-16_R16_koukalova_k_williams_s,2015-W-INT-SWE-01A-2015_17,1048,201344,200033,tournament_rank_unique,False,,1,1,True,0,0.0
2015,wta,2015_33_bastad_collector_swedish_open_2015-07-16_R16_larsson_j_friedsam_a_l,2015-W-INT-SWE-01A-2015_20,1048,201596,204431,tournament_rank_unique,False,,1,1,True,0,0.0
2015,wta,2015_33_bastad_collector_swedish_open_2015-07-17_QF_arruabarrena_l_cepelova_j,2015-W-INT-SWE-01A-2015_28,1048,202418,202450,tournament_rank_unique,False,,1,1,True,0,0.0
2015,wta,2015_33_bastad_collector_swedish_open_2015-07-17_QF_putintseva_y_koukalova_k,2015-W-INT-SWE-01A-2015_25,1048,201709,201344,tournament_rank_unique,False,,1,1,True,0,0.0
2015,wta,2015_33_bastad_collector_swedish_open_2015-07-17_QF_larsson_j_strycova_b,2015-W-INT-SWE-01A-2015_26,1048,201596,201366,tournament_rank_unique,False,,1,1,True,0,0.0
2015,wta,2015_33_bastad_collector_swedish_open_2015-07-17_QF_barthel_m_peterson_r,2015-W-INT-SWE-01A-2015_27,1048,201621,202490,tournament_rank_unique,False,,1,1,True,0,0.0
2015,wta,2015_33_bastad_collector_swedish_open_2015-07-18_SF_barthel_m_arruabarrena_l,2015-W-INT-SWE-01A-2015_30,1048,201621,202418,tournament_rank_unique,False,,1,1,True,0,0.0
2015,wta,2015_33_bastad_collector_swedish_open_2015-07-18_SF_larsson_j_putintseva_y,2015-W-INT-SWE-01A-2015_29,1048,201596,201709,tournament_rank_unique,False,,1,1,True,0,0.0
2015,wta,2015_33_bastad_collector_swedish_open_2015-07-19_F_larsson_j_barthel_m,2015-W-INT-SWE-01A-2015_31,1048,201596,201621,tournament_rank_unique,False,,1,1,True,0,0.0
2015,wta,2015_34_bucharest_bucharest_open_2015-07-13_R32_tig_p_m_soler_espinosa_s,2015-W-INT-ROU-01A-2015_14,1079,206255,201562,tournament_rank_unique,False,,1,1,True,0,0.0
2015,wta,2015_34_bucharest_bucharest_open_2015-07-13_R32_hercog_p_smitkova_t,2015-W-INT-ROU-01A-2015_13,1079,201555,202702,tournament_rank_unique,False,,1,1,True,0,0.0
2015,wta,2015_34_bucharest_bucharest_open_2015-07-13_R32_errani_s_buyukakcay_c,2015-W-INT-ROU-01A-2015_1,1079,201506,201666,tournament_rank_unique,False,,1,1,True,0,0.0
2015,wta,2015_34_bucharest_bucharest_open_2015-07-13_R32_tatishvili_a_voegele_s,2015-W-INT-ROU-01A-2015_3,1079,201588,201527,tournament_rank_unique,False,,1,1,True,0,0.0
2015,wta,2015_34_bucharest_bucharest_open_2015-07-14_R32_peer_s_bondarenko_k,2015-W-INT-ROU-01A-2015_2,1079,201424,201435,tournament_rank_unique,False,,1,1,True,0,0.0
2015,wta,2015_34_bucharest_bucharest_open_2015-07-14_R32_kovinic_d_martic_p,2015-W-INT-ROU-01A-2015_11,1079,203575,201549,tournament_rank_unique,False,,1,1,True,0,0.0
2015,wta,2015_34_bucharest_bucharest_open_2015-07-14_R32_niculescu_m_bogdan_a,2015-W-INT-ROU-01A-2015_5,1079,201512,202536,tournament_rank_unique,False,,1,1,True,0,0.0
2015,wta,2015_34_bucharest_bucharest_open_2015-07-14_R32_schmiedlova_a_jani_r_l,2015-W-INT-ROU-01A-2015_9,1079,203533,202436,tournament_rank_unique,False,,1,1,True,0,0.0
2015,wta,2015_34_bucharest_bucharest_open_2015-07-14_R32_krunic_a_kulichkova_e,2015-W-INT-ROU-01A-2015_15,1079,202434,206404,tournament_rank_unique,False,,1,1,True,0,0.0
2015,wta,2015_34_bucharest_bucharest_open_2015-07-14_R32_allertova_d_dinu_c,2015-W-INT-ROU-01A-2015_10,1079,202653,202669,tournament_rank_unique,False,,1,1,True,0,0.0
2015,wta,2015_34_bucharest_bucharest_open_2015-07-14_R32_mitu_a_beck_a,2015-W-INT-ROU-01A-2015_8,1079,202671,202470,tournament_rank_unique,False,,1,1,True,0,0.0
2015,wta,2015_34_bucharest_bucharest_open_2015-07-15_R32_goerges_j_kasatkina_d,2015-W-INT-ROU-01A-2015_12,1079,201504,214082,tournament_rank_unique,False,,1,1,True,0,0.0
2015,wta,2015_34_bucharest_bucharest_open_2015-07-15_R32_pereira_t_kucova_k,2015-W-INT-ROU-01A-2015_6,1079,202694,201568,tournament_rank_unique,False,,1,1,True,0,0.0
2015,wta,2015_34_bucharest_bucharest_open_2015-07-15_R32_vinci_r_babos_t,2015-W-INT-ROU-01A-2015_16,1079,201311,201693,tournament_rank_unique,False,,1,1,True,0,0.0
2015,wta,2015_34_bucharest_bucharest_open_2015-07-15_R32_cirstea_s_karatantcheva_s,2015-W-INT-ROU-01A-2015_7,1079,201514,201402,tournament_rank_unique,False,,1,1,True,0,0.0
2015,wta,2015_34_bucharest_bucharest_open_2015-07-15_R32_dulgheru_a_zhang_s,2015-W-INT-ROU-01A-2015_4,1079,201567,201533,tournament_rank_unique,False,,1,1,True,0,0.0
2015,wta,2015_34_bucharest_bucharest_open_2015-07-15_R16_errani_s_peer_s,2015-W-INT-ROU-01A-2015_17,1079,201506,201424,tournament_rank_unique,False,,1,1,True,0,0.0
2015,wta,2015_34_bucharest_bucharest_open_2015-07-15_R16_hercog_p_tig_p_m,2015-W-INT-ROU-01A-2015_23,1079,201555,206255,tournament_rank_unique,False,,1,1,True,0,0.0
2015,wta,2015_34_bucharest_bucharest_open_2015-07-16_R16_kovinic_d_goerges_j,2015-W-INT-ROU-01A-2015_22,1079,203575,201504,tournament_rank_unique,False,,1,1,True,0,0.0
2015,wta,2015_34_bucharest_bucharest_open_2015-07-16_R16_krunic_a_vinci_r,2015-W-INT-ROU-01A-2015_24,1079,202434,201311,tournament_rank_unique,False,,1,1,True,0,0.0
2015,wta,2015_34_bucharest_bucharest_open_2015-07-16_R16_schmiedlova_a_allertova_d,2015-W-INT-ROU-01A-2015_21,1079,203533,202653,tournament_rank_unique,False,,1,1,True,0,0.0
2015,wta,2015_34_bucharest_bucharest_open_2015-07-16_R16_mitu_a_cirstea_s,2015-W-INT-ROU-01A-2015_20,1079,202671,201514,tournament_rank_unique,False,,1,1,True,0,0.0
2015,wta,2015_34_bucharest_bucharest_open_2015-07-16_R16_niculescu_m_pereira_t,2015-W-INT-ROU-01A-2015_19,1079,201512,202694,tournament_rank_unique,False,,1,1,True,0,0.0
2015,wta,2015_34_bucharest_bucharest_open_2015-07-16_R16_tatishvili_a_dulgheru_a,2015-W-INT-ROU-01A-2015_18,1079,201588,201567,tournament_rank_unique,False,,1,1,True,0,0.0
2015,wta,2015_34_bucharest_bucharest_open_2015-07-17_QF_niculescu_m_mitu_a,2015-W-INT-ROU-01A-2015_26,1079,201512,202671,tournament_rank_unique,False,,1,1,True,0,0.0
2015,wta,2015_34_bucharest_bucharest_open_2015-07-17_QF_errani_s_tatishvili_a,2015-W-INT-ROU-01A-2015_25,1079,201506,201588,tournament_rank_unique,False,,1,1,True,0,0.0
2015,wta,2015_34_bucharest_bucharest_open_2015-07-17_QF_hercog_p_krunic_a,2015-W-INT-ROU-01A-2015_28,1079,201555,202434,tournament_rank_unique,False,,1,1,True,0,0.0
2015,wta,2015_34_bucharest_bucharest_open_2015-07-17_QF_schmiedlova_a_kovinic_d,2015-W-INT-ROU-01A-2015_27,1079,203533,203575,tournament_rank_unique,False,,1,1,True,0,0.0
2015,wta,2015_34_bucharest_bucharest_open_2015-07-18_SF_errani_s_niculescu_m,2015-W-INT-ROU-01A-2015_29,1079,201506,201512,tournament_rank_unique,False,,1,1,True,0,0.0
2015,wta,2015_34_bucharest_bucharest_open_2015-07-18_SF_schmiedlova_a_hercog_p,2015-W-INT-ROU-01A-2015_30,1079,203533,201555,tournament_rank_unique,False,,1,1,True,0,0.0
2015,wta,2015_34_bucharest_bucharest_open_2015-07-19_F_schmiedlova_a_errani_s,2015-W-INT-ROU-01A-2015_31,1079,203533,201506,tournament_rank_unique,False,,1,1,True,0,0.0
2015,wta,2015_35_bad_gastein_gastein_ladies_2015-07-20_R32_kovinic_d_siniakova_k,2015-W-INT-AUT-01A-2015_13,1036,203575,211701,tournament_rank_unique,False,,1,1,True,0,0.0
2015,wta,2015_35_bad_gastein_gastein_ladies_2015-07-20_R32_koukalova_k_friedsam_a_l,2015-W-INT-AUT-01A-2015_15,1036,201344,204431,tournament_rank_unique,False,,1,1,True,0,0.0
2015,wta,2015_35_bad_gastein_gastein_ladies_2015-07-21_R32_zanevska_m_bogdan_a,2015-W-INT-AUT-01A-2015_2,1036,202628,202536,tournament_rank_unique,False,,1,1,True,0,0.0
2015,wta,2015_35_bad_gastein_gastein_ladies_2015-07-21_R32_mitu_a_haas_b,2015-W-INT-AUT-01A-2015_10,1036,202671,202482,tournament_rank_unique,False,,1,1,True,0,0.0
2015,wta,2015_35_bad_gastein_gastein_ladies_2015-07-21_R32_hercog_p_babos_t,2015-W-INT-AUT-01A-2015_7,1036,201555,201693,tournament_rank_unique,False,,1,1,True,0,0.0
2015,wta,2015_35_bad_gastein_gastein_ladies_2015-07-21_R32_kasatkina_d_krunic_a,2015-W-INT-AUT-01A-2015_3,1036,214082,202434,tournament_rank_unique,False,,1,1,True,0,0.0
2015,wta,2015_35_bad_gastein_gastein_ladies_2015-07-21_R32_hradecka_l_arruabarrena_l,2015-W-INT-AUT-01A-2015_8,1036,201556,202418,tournament_rank_unique,False,,1,1,True,0,0.0
2015,wta,2015_35_bad_gastein_gastein_ladies_2015-07-21_R32_hogenkamp_r_martic_p,2015-W-INT-AUT-01A-2015_14,1036,202480,201549,tournament_rank_unique,False,,1,1,True,0,0.0
2015,wta,2015_35_bad_gastein_gastein_ladies_2015-07-21_R32_goerges_j_ozaki_r,2015-W-INT-AUT-01A-2015_4,1036,201504,203552,tournament_rank_unique,False,,1,1,True,0,0.0
2015,wta,2015_35_bad_gastein_gastein_ladies_2015-07-21_R32_allertova_d_witthoeft_c,2015-W-INT-AUT-01A-2015_12,1036,202653,202489,tournament_rank_unique,False,,1,1,True,0,0.0
2015,wta,2015_35_bad_gastein_gastein_ladies_2015-07-21_R32_knapp_k_paszek_t,2015-W-INT-AUT-01A-2015_5,1036,201498,201481,tournament_rank_unique,False,,1,1,True,0,0.0
2015,wta,2015_35_bad_gastein_gastein_ladies_2015-07-21_R32_beck_a_pereira_t,2015-W-INT-AUT-01A-2015_11,1036,202470,202694,tournament_rank_unique,False,,1,1,True,0,0.0
2015,wta,2015_35_bad_gastein_gastein_ladies_2015-07-21_R32_stosur_s_sevastova_a,2015-W-INT-AUT-01A-2015_16,1036,201325,201545,tournament_rank_unique,False,,1,1,True,0,0.0
2015,wta,2015_35_bad_gastein_gastein_ladies_2015-07-22_R32_larsson_j_voegele_s,2015-W-INT-AUT-01A-2015_6,1036,201596,201527,tournament_rank_unique,False,,1,1,True,0,0.0
2015,wta,2015_35_bad_gastein_gastein_ladies_2015-07-22_R32_schmiedlova_a_mayr_p,2015-W-INT-AUT-01A-2015_9,1036,203533,201537,tournament_rank_unique,False,,1,1,True,0,0.0
2015,wta,2015_35_bad_gastein_gastein_ladies_2015-07-22_R32_errani_s_sasnovich_a,2015-W-INT-AUT-01A-2015_1,1036,201506,205925,tournament_rank_unique,False,,1,1,True,0,0.0
2015,wta,2015_35_bad_gastein_gastein_ladies_2015-07-22_R16_hercog_p_hradecka_l,2015-W-INT-AUT-01A-2015_20,1036,201555,201556,tournament_rank_unique,False,,1,1,True,0,0.0
2015,wta,2015_35_bad_gastein_gastein_ladies_2015-07-22_R16_kovinic_d_hogenkamp_r,2015-W-INT-AUT-01A-2015_23,1036,203575,202480,tournament_rank_unique,False,,1,1,True,0,0.0
2015,wta,2015_35_bad_gastein_gastein_ladies_2015-07-22_R16_beck_a_allertova_d,2015-W-INT-AUT-01A-2015_22,1036,202470,202653,tournament_rank_unique,False,,1,1,True,0,0.0
2015,wta,2015_35_bad_gastein_gastein_ladies_2015-07-22_R16_stosur_s_koukalova_k,2015-W-INT-AUT-01A-2015_24,1036,201325,201344,tournament_rank_unique,False,,1,1,True,0,0.0
2015,wta,2015_35_bad_gastein_gastein_ladies_2015-07-23_R16_errani_s_zanevska_m,2015-W-INT-AUT-01A-2015_17,1036,201506,202628,tournament_rank_unique,False,,1,1,True,0,0.0
2015,wta,2015_35_bad_gastein_gastein_ladies_2015-07-23_R16_schmiedlova_a_mitu_a,2015-W-INT-AUT-01A-2015_21,1036,203533,202671,tournament_rank_unique,False,,1,1,True,0,0.0
2015,wta,2015_35_bad_gastein_gastein_ladies_2015-07-23_R16_kasatkina_d_goerges_j,2015-W-INT-AUT-01A-2015_18,1036,214082,201504,tournament_rank_unique,False,,1,1,True,0,0.0
2015,wta,2015_35_bad_gastein_gastein_ladies_2015-07-24_R16_knapp_k_larsson_j,2015-W-INT-AUT-01A-2015_19,1036,201498,201596,tournament_rank_unique,False,,1,1,True,0,0.0
2015,wta,2015_35_bad_gastein_gastein_ladies_2015-07-24_QF_schmiedlova_a_beck_a,2015-W-INT-AUT-01A-2015_27,1036,203533,202470,tournament_rank_unique,False,,1,1,True,0,0.0
2015,wta,2015_35_bad_gastein_gastein_ladies_2015-07-24_QF_stosur_s_kovinic_d,2015-W-INT-AUT-01A-2015_28,1036,201325,203575,tournament_rank_unique,False,,1,1,True,0,0.0
2015,wta,2015_35_bad_gastein_gastein_ladies_2015-07-24_QF_errani_s_kasatkina_d,2015-W-INT-AUT-01A-2015_25,1036,201506,214082,tournament_rank_unique,False,,1,1,True,0,0.0
2015,wta,2015_35_bad_gastein_gastein_ladies_2015-07-24_QF_knapp_k_hercog_p,2015-W-INT-AUT-01A-2015_26,1036,201498,201555,tournament_rank_unique,False,,1,1,True,0,0.0
2015,wta,2015_35_bad_gastein_gastein_ladies_2015-07-25_SF_stosur_s_schmiedlova_a,2015-W-INT-AUT-01A-2015_30,1036,201325,203533,tournament_rank_unique,False,,1,1,True,0,0.0
2015,wta,2015_35_bad_gastein_gastein_ladies_2015-07-26_SF_knapp_k_errani_s,2015-W-INT-AUT-01A-2015_29,1036,201498,201506,tournament_rank_unique,False,,1,1,True,0,0.0
2015,wta,2015_35_bad_gastein_gastein_ladies_2015-07-26_F_stosur_s_knapp_k,2015-W-INT-AUT-01A-2015_31,1036,201325,201498,tournament_rank_unique,False,,1,1,True,0,0.0
2015,wta,2015_36_istanbul_teb_bnp_paribas_istanbul_cup_2015-07-20_R32_vinci_r_pavlyuchenkova_a,2015-W-INT-TUR-01A-2015_13,1027,201311,201499,tournament_rank_unique,False,,1,1,True,0,0.0
2015,wta,2015_36_istanbul_teb_bnp_paribas_istanbul_cup_2015-07-20_R32_rybarikova_m_svitolina_e,2015-W-INT-TUR-01A-2015_16,1027,201517,202494,tournament_rank_unique,False,,1,1,True,0,0.0
2015,wta,2015_36_istanbul_teb_bnp_paribas_istanbul_cup_2015-07-20_R32_tsurenko_l_gavrilova_d,2015-W-INT-TUR-01A-2015_4,1027,201615,201611,tournament_rank_unique,False,,1,1,True,0,0.0
2015,wta,2015_36_istanbul_teb_bnp_paribas_istanbul_cup_2015-07-20_R32_jovanovski_b_shvedova_y,2015-W-INT-TUR-01A-2015_11,1027,201587,201468,tournament_rank_unique,False,,1,1,True,0,0.0
2015,wta,2015_36_istanbul_teb_bnp_paribas_istanbul_cup_2015-07-21_R32_cornet_a_wickmayer_y,2015-W-INT-TUR-01A-2015_5,1027,201427,201518,tournament_rank_unique,False,,1,1,True,0,0.0
2015,wta,2015_36_istanbul_teb_bnp_paribas_istanbul_cup_2015-07-21_R32_nara_k_diatchenko_v,2015-W-INT-TUR-01A-2015_10,1027,201597,201554,tournament_rank_unique,False,,1,1,True,0,0.0
2015,wta,2015_36_istanbul_teb_bnp_paribas_istanbul_cup_2015-07-21_R32_panova_a_kulichkova_e,2015-W-INT-TUR-01A-2015_14,1027,201668,206404,tournament_rank_unique,False,,1,1,True,0,0.0
2015,wta,2015_36_istanbul_teb_bnp_paribas_istanbul_cup_2015-07-21_R32_pironkova_t_gasparyan_m,2015-W-INT-TUR-01A-2015_9,1027,201450,202506,tournament_rank_unique,False,,1,1,True,0,0.0
2015,wta,2015_36_istanbul_teb_bnp_paribas_istanbul_cup_2015-07-21_R32_flipkens_k_ostapenko_j,2015-W-INT-TUR-01A-2015_6,1027,201465,211533,tournament_rank_unique,False,,1,1,True,0,0.0
2015,wta,2015_36_istanbul_teb_bnp_paribas_istanbul_cup_2015-07-21_R32_schiavone_f_karatantcheva_s,2015-W-INT-TUR-01A-2015_7,1027,201212,201402,tournament_rank_unique,False,,1,1,True,0,0.0
2015,wta,2015_36_istanbul_teb_bnp_paribas_istanbul_cup_2015-07-21_R32_radwanska_u_jankovic_j,2015-W-INT-TUR-01A-2015_12,1027,201524,201347,tournament_rank_unique,False,,1,1,True,0,0.0
2015,wta,2015_36_istanbul_teb_bnp_paribas_istanbul_cup_2015-07-21_R32_giorgi_c_cibulkova_d,2015-W-INT-TUR-01A-2015_8,1027,202429,201495,tournament_rank_unique,False,,1,1,True,0,0.0
2015,wta,2015_36_istanbul_teb_bnp_paribas_istanbul_cup_2015-07-21_R32_hantuchova_d_buyukakcay_c,2015-W-INT-TUR-01A-2015_3,1027,201290,201666,tournament_rank_unique,False,,1,1,True,0,0.0
2015,wta,2015_36_istanbul_teb_bnp_paribas_istanbul_cup_2015-07-21_R32_bondarenko_k_williams_v,2015-W-INT-TUR-01A-2015_1,1027,201435,200748,tournament_rank_unique,False,,1,1,True,0,0.0
2015,wta,2015_36_istanbul_teb_bnp_paribas_istanbul_cup_2015-07-21_R32_soylu_i_tatishvili_a,2015-W-INT-TUR-01A-2015_15,1027,203567,201588,tournament_rank_unique,False,,1,1,True,0,0.0
2015,wta,2015_36_istanbul_teb_bnp_paribas_istanbul_cup_2015-07-22_R32_barthel_m_savchuk_o,2015-W-INT-TUR-01A-2015_2,1027,201621,201456,tournament_rank_unique,False,,1,1,True,0,0.0
2015,wta,2015_36_istanbul_teb_bnp_paribas_istanbul_cup_2015-07-22_R16_vinci_r_panova_a,2015-W-INT-TUR-01A-2015_23,1027,201311,201668,tournament_rank_unique,False,,1,1,True,0,0.0
2015,wta,2015_36_istanbul_teb_bnp_paribas_istanbul_cup_2015-07-22_R16_radwanska_u_jovanovski_b,2015-W-INT-TUR-01A-2015_22,1027,201524,201587,tournament_rank_unique,False,,1,1,True,0,0.0
2015,wta,2015_36_istanbul_teb_bnp_paribas_istanbul_cup_2015-07-22_R16_rybarikova_m_soylu_i,2015-W-INT-TUR-01A-2015_24,1027,201517,203567,tournament_rank_unique,False,,1,1,True,0,0.0
2015,wta,2015_36_istanbul_teb_bnp_paribas_istanbul_cup_2015-07-22_R16_tsurenko_l_hantuchova_d,2015-W-INT-TUR-01A-2015_18,1027,201615,201290,tournament_rank_unique,False,,1,1,True,0,0.0
2015,wta,2015_36_istanbul_teb_bnp_paribas_istanbul_cup_2015-07-23_R16_bondarenko_k_barthel_m,2015-W-INT-TUR-01A-2015_17,1027,201435,201621,tournament_rank_unique,False,,1,1,True,0,0.0
2015,wta,2015_36_istanbul_teb_bnp_paribas_istanbul_cup_2015-07-23_R16_pironkova_t_nara_k,2015-W-INT-TUR-01A-2015_21,1027,201450,201597,tournament_rank_unique,False,,1,1,True,0,0.0
2015,wta,2015_36_istanbul_teb_bnp_paribas_istanbul_cup_2015-07-23_R16_flipkens_k_cornet_a,2015-W-INT-TUR-01A-2015_19,1027,201465,201427,tournament_rank_unique,False,,1,1,True,0,0.0
2015,wta,2015_36_istanbul_teb_bnp_paribas_istanbul_cup_2015-07-23_R16_schiavone_f_giorgi_c,2015-W-INT-TUR-01A-2015_20,1027,201212,202429,tournament_rank_unique,False,,1,1,True,0,0.0
2015,wta,2015_36_istanbul_teb_bnp_paribas_istanbul_cup_2015-07-24_QF_tsurenko_l_bondarenko_k,2015-W-INT-TUR-01A-2015_25,1027,201615,201435,tournament_rank_unique,False,,1,1,True,0,0.0
2015,wta,2015_36_istanbul_teb_bnp_paribas_istanbul_cup_2015-07-24_QF_radwanska_u_pironkova_t,2015-W-INT-TUR-01A-2015_27,1027,201524,201450,tournament_rank_unique,False,,1,1,True,0,0.0
2015,wta,2015_36_istanbul_teb_bnp_paribas_istanbul_cup_2015-07-24_QF_rybarikova_m_vinci_r,2015-W-INT-TUR-01A-2015_28,1027,201517,201311,tournament_rank_unique,False,,1,1,True,0,0.0
2015,wta,2015_36_istanbul_teb_bnp_paribas_istanbul_cup_2015-07-24_QF_flipkens_k_schiavone_f,2015-W-INT-TUR-01A-2015_26,1027,201465,201212,tournament_rank_unique,False,,1,1,True,0,0.0
2015,wta,2015_36_istanbul_teb_bnp_paribas_istanbul_cup_2015-07-25_SF_radwanska_u_rybarikova_m,2015-W-INT-TUR-01A-2015_30,1027,201524,201517,tournament_rank_unique,False,,1,1,True,0,0.0
2015,wta,2015_36_istanbul_teb_bnp_paribas_istanbul_cup_2015-07-25_SF_tsurenko_l_flipkens_k,2015-W-INT-TUR-01A-2015_29,1027,201615,201465,tournament_rank_unique,False,,1,1,True,0,0.0
2015,wta,2015_36_istanbul_teb_bnp_paribas_istanbul_cup_2015-07-26_F_tsurenko_l_radwanska_u,2015-W-INT-TUR-01A-2015_31,1027,201615,201524,tournament_rank_unique,False,,1,1,True,0,0.0
2015,wta,2015_38_florianopolis_brasil_tennis_cup_2015-07-28_R32_mattek_sands_b_minella_m,2015-W-INT-BRA-02A-2015_13,1064,201318,201605,tournament_rank_unique,False,,1,1,True,0,0.0
2015,wta,2015_38_florianopolis_brasil_tennis_cup_2015-07-29_R16_mattek_sands_b_bogdan_a,2015-W-INT-BRA-02A-2015_28,1064,201318,206124,tournament_rank_unique,False,,1,1,False,0,2.0
2015,wta,2015_39_stanford_bank_of_the_west_classic_2015-08-03_R32_doi_m_bellis_c,2015-W-P700-USA-03A-2015_12,703,201595,214263,tournament_rank_unique,False,,1,1,True,0,0.0
2015,wta,2015_39_stanford_bank_of_the_west_classic_2015-08-03_R32_riske_a_maria_t,2015-W-P700-USA-03A-2015_9,703,201590,213583,tournament_rank_unique,False,,1,1,True,0,0.0
2015,wta,2015_39_stanford_bank_of_the_west_classic_2015-08-03_R32_gibbs_n_garcia_c,2015-W-P700-USA-03A-2015_8,703,202484,201614,tournament_rank_unique,False,,1,1,True,0,0.0
2015,wta,2015_39_stanford_bank_of_the_west_classic_2015-08-03_R32_petkovic_a_witthoeft_c,2015-W-P700-USA-03A-2015_3,703,201492,202489,tournament_rank_unique,False,,1,1,True,0,0.0
2015,wta,2015_39_stanford_bank_of_the_west_classic_2015-08-04_R32_keys_m_krunic_a,2015-W-P700-USA-03A-2015_6,703,201619,202434,tournament_rank_unique,False,,1,1,True,0,0.0
2015,wta,2015_39_stanford_bank_of_the_west_classic_2015-08-04_R32_barthel_m_zhao_c,2015-W-P700-USA-03A-2015_2,703,201621,203475,tournament_rank_unique,False,,1,1,True,0,0.0
2015,wta,2015_39_stanford_bank_of_the_west_classic_2015-08-04_R32_lepchenko_v_lucic_m,2015-W-P700-USA-03A-2015_1,703,201478,200002,tournament_rank_unique,False,,1,1,True,0,0.0
2015,wta,2015_39_stanford_bank_of_the_west_classic_2015-08-04_R32_konjuh_a_zheng_s,2015-W-P700-USA-03A-2015_11,703,211951,202453,tournament_rank_unique,False,,1,1,True,0,0.0
2015,wta,2015_39_stanford_bank_of_the_west_classic_2015-08-04_R32_svitolina_e_bondarenko_k,2015-W-P700-USA-03A-2015_7,703,202494,201435,tournament_rank_unique,False,,1,1,True,0,0.0
2015,wta,2015_39_stanford_bank_of_the_west_classic_2015-08-05_R32_tomljanovic_a_diatchenko_v,2015-W-P700-USA-03A-2015_5,703,201548,201554,tournament_rank_unique,False,,1,1,True,0,0.0
2015,wta,2015_39_stanford_bank_of_the_west_classic_2015-08-05_R32_kerber_a_gavrilova_d,2015-W-P700-USA-03A-2015_10,703,201493,201611,tournament_rank_unique,False,,1,1,True,0,0.0
2015,wta,2015_39_stanford_bank_of_the_west_classic_2015-08-05_R32_date_krumm_k_lisicki_s,2015-W-P700-USA-03A-2015_4,703,200617,201513,tournament_rank_unique,False,,1,1,True,0,0.0
2015,wta,2015_39_stanford_bank_of_the_west_classic_2015-08-05_R16_barthel_m_petkovic_a,2015-W-P700-USA-03A-2015_14,703,201621,201492,tournament_rank_unique,False,,1,1,True,0,0.0
2015,wta,2015_39_stanford_bank_of_the_west_classic_2015-08-05_R16_riske_a_suarez_navarro_c,2015-W-P700-USA-03A-2015_18,703,201590,201521,tournament_rank_unique,False,,1,1,True,0,0.0
2015,wta,2015_39_stanford_bank_of_the_west_classic_2015-08-06_R16_tomljanovic_a_keys_m,2015-W-P700-USA-03A-2015_16,703,201548,201619,tournament_rank_unique,False,,1,1,True,0,0.0
2015,wta,2015_39_stanford_bank_of_the_west_classic_2015-08-06_R16_svitolina_e_gibbs_n,2015-W-P700-USA-03A-2015_17,703,202494,202484,tournament_rank_unique,False,,1,1,True,0,0.0
2015,wta,2015_39_stanford_bank_of_the_west_classic_2015-08-06_R16_kerber_a_konjuh_a,2015-W-P700-USA-03A-2015_19,703,201493,211951,tournament_rank_unique,False,,1,1,True,0,0.0
2015,wta,2015_39_stanford_bank_of_the_west_classic_2015-08-06_R16_radwanska_a_doi_m,2015-W-P700-USA-03A-2015_20,703,201474,201595,tournament_rank_unique,False,,1,1,True,0,0.0
2015,wta,2015_39_stanford_bank_of_the_west_classic_2015-08-06_R16_pliskova_ka_date_krumm_k,2015-W-P700-USA-03A-2015_15,703,201662,200617,tournament_rank_unique,False,,1,1,True,0,0.0
2015,wta,2015_39_stanford_bank_of_the_west_classic_2015-08-07_R16_lepchenko_v_wozniacki_c,2015-W-P700-USA-03A-2015_13,703,201478,201496,tournament_rank_unique,False,,1,1,True,0,0.0
2015,wta,2015_39_stanford_bank_of_the_west_classic_2015-08-07_QF_pliskova_ka_tomljanovic_a,2015-W-P700-USA-03A-2015_22,703,201662,201548,tournament_rank_unique,False,,1,1,True,0,0.0
2015,wta,2015_39_stanford_bank_of_the_west_classic_2015-08-07_QF_svitolina_e_riske_a,2015-W-P700-USA-03A-2015_23,703,202494,201590,tournament_rank_unique,False,,1,1,True,0,0.0
2015,wta,2015_39_stanford_bank_of_the_west_classic_2015-08-08_QF_lepchenko_v_barthel_m,2015-W-P700-USA-03A-2015_21,703,201478,201621,tournament_rank_unique,False,,1,1,True,0,0.0
2015,wta,2015_39_stanford_bank_of_the_west_classic_2015-08-08_QF_kerber_a_radwanska_a,2015-W-P700-USA-03A-2015_24,703,201493,201474,tournament_rank_unique,False,,1,1,True,0,0.0
2015,wta,2015_39_stanford_bank_of_the_west_classic_2015-08-08_SF_pliskova_ka_lepchenko_v,2015-W-P700-USA-03A-2015_25,703,201662,201478,tournament_rank_unique,False,,1,1,True,0,0.0
2015,wta,2015_39_stanford_bank_of_the_west_classic_2015-08-09_SF_kerber_a_svitolina_e,2015-W-P700-USA-03A-2015_26,703,201493,202494,tournament_rank_unique,False,,1,1,True,0,0.0
2015,wta,2015_39_stanford_bank_of_the_west_classic_2015-08-09_F_kerber_a_pliskova_ka,2015-W-P700-USA-03A-2015_27,703,201493,201662,tournament_rank_unique,False,,1,1,True,0,0.0
2015,wta,2015_40_washington_citi_open_2015-08-03_R32_chirico_l_watson_h,2015-W-INT-USA-01A-2015_10,1045,211635,201586,tournament_rank_unique,False,,1,1,True,0,0.0
2015,wta,2015_40_washington_citi_open_2015-08-03_R32_begu_i_brengle_m,2015-W-INT-USA-01A-2015_4,1045,201593,201483,tournament_rank_unique,False,,1,1,True,0,0.0
2015,wta,2015_40_washington_citi_open_2015-08-03_R32_putintseva_y_nara_k,2015-W-INT-USA-01A-2015_7,1045,201709,201597,tournament_rank_unique,False,,1,1,True,0,0.0
2015,wta,2015_40_washington_citi_open_2015-08-03_R32_niculescu_m_arruabarrena_l,2015-W-INT-USA-01A-2015_14,1045,201512,202418,tournament_rank_unique,False,,1,1,True,0,0.0
2015,wta,2015_40_washington_citi_open_2015-08-04_R32_falconi_i_townsend_t,2015-W-INT-USA-01A-2015_15,1045,201604,203501,tournament_rank_unique,False,,1,1,True,0,0.0
2015,wta,2015_40_washington_citi_open_2015-08-04_R32_cornet_a_mestach_a_s,2015-W-INT-USA-01A-2015_9,1045,201427,202420,tournament_rank_unique,False,,1,1,True,0,0.0
2015,wta,2015_40_washington_citi_open_2015-08-04_R32_davis_l_diyas_z,2015-W-INT-USA-01A-2015_13,1045,201616,201610,tournament_rank_unique,False,,1,1,True,0,0.0
2015,wta,2015_40_washington_citi_open_2015-08-04_R32_mchale_c_vandeweghe_c,2015-W-INT-USA-01A-2015_8,1045,201539,201535,tournament_rank_unique,False,,1,1,True,0,0.0
2015,wta,2015_40_washington_citi_open_2015-08-04_R32_stosur_s_mladenovic_k,2015-W-INT-USA-01A-2015_16,1045,201325,201540,tournament_rank_unique,False,,1,1,True,0,0.0
2015,wta,2015_40_washington_citi_open_2015-08-04_R32_broady_n_gajdosova_j,2015-W-INT-USA-01A-2015_2,1045,201648,201457,tournament_rank_unique,False,,1,1,True,0,0.0
2015,wta,2015_40_washington_citi_open_2015-08-04_R32_hercog_p_glushko_j,2015-W-INT-USA-01A-2015_3,1045,201555,202498,tournament_rank_unique,False,,1,1,True,0,0.0
2015,wta,2015_40_washington_citi_open_2015-08-04_R32_makarova_e_van_uytvanck_a,2015-W-INT-USA-01A-2015_1,1045,201505,202421,tournament_rank_unique,False,,1,1,True,0,0.0
2015,wta,2015_40_washington_citi_open_2015-08-05_R32_bencic_b_smitkova_t,2015-W-INT-USA-01A-2015_5,1045,202505,202702,tournament_rank_unique,False,,1,1,True,0,0.0
2015,wta,2015_40_washington_citi_open_2015-08-05_R32_stephens_s_linette_m,2015-W-INT-USA-01A-2015_11,1045,201585,202663,tournament_rank_unique,False,,1,1,True,0,0.0
2015,wta,2015_40_washington_citi_open_2015-08-05_R32_kuznetsova_s_marand_s,2015-W-INT-USA-01A-2015_12,1045,201320,203341,tournament_rank_unique,False,,1,1,True,0,0.0
2015,wta,2015_40_washington_citi_open_2015-08-05_R32_pavlyuchenkova_a_rybarikova_m,2015-W-INT-USA-01A-2015_6,1045,201499,201517,tournament_rank_unique,False,,1,1,True,0,0.0
2015,wta,2015_40_washington_citi_open_2015-08-05_R16_stosur_s_falconi_i,2015-W-INT-USA-01A-2015_24,1045,201325,201604,tournament_rank_unique,False,,1,1,True,0,0.0
2015,wta,2015_40_washington_citi_open_2015-08-05_R16_chirico_l_cornet_a,2015-W-INT-USA-01A-2015_21,1045,211635,201427,tournament_rank_unique,False,,1,1,True,0,0.0
2015,wta,2015_40_washington_citi_open_2015-08-05_R16_niculescu_m_davis_l,2015-W-INT-USA-01A-2015_23,1045,201512,201616,tournament_rank_unique,False,,1,1,True,0,0.0
2015,wta,2015_40_washington_citi_open_2015-08-05_R16_begu_i_hercog_p,2015-W-INT-USA-01A-2015_18,1045,201593,201555,tournament_rank_unique,False,,1,1,True,0,0.0
2015,wta,2015_40_washington_citi_open_2015-08-06_R16_stephens_s_kuznetsova_s,2015-W-INT-USA-01A-2015_22,1045,201585,201320,tournament_rank_unique,False,,1,1,True,0,0.0
2015,wta,2015_40_washington_citi_open_2015-08-06_R16_pavlyuchenkova_a_bencic_b,2015-W-INT-USA-01A-2015_19,1045,201499,202505,tournament_rank_unique,False,,1,1,True,0,0.0
2015,wta,2015_40_washington_citi_open_2015-08-06_R16_mchale_c_putintseva_y,2015-W-INT-USA-01A-2015_20,1045,201539,201709,tournament_rank_unique,False,,1,1,True,0,0.0
2015,wta,2015_40_washington_citi_open_2015-08-06_R16_makarova_e_broady_n,2015-W-INT-USA-01A-2015_17,1045,201505,201648,tournament_rank_unique,False,,1,1,True,0,0.0
2015,wta,2015_40_washington_citi_open_2015-08-07_QF_pavlyuchenkova_a_mchale_c,2015-W-INT-USA-01A-2015_26,1045,201499,201539,tournament_rank_unique,False,,1,1,True,0,0.0
2015,wta,2015_40_washington_citi_open_2015-08-07_QF_stosur_s_niculescu_m,2015-W-INT-USA-01A-2015_28,1045,201325,201512,tournament_rank_unique,False,,1,1,True,0,0.0
2015,wta,2015_40_washington_citi_open_2015-08-07_QF_stephens_s_chirico_l,2015-W-INT-USA-01A-2015_27,1045,201585,211635,tournament_rank_unique,False,,1,1,True,0,0.0
2015,wta,2015_40_washington_citi_open_2015-08-07_QF_makarova_e_begu_i,2015-W-INT-USA-01A-2015_25,1045,201505,201593,tournament_rank_unique,False,,1,1,True,0,0.0
2015,wta,2015_40_washington_citi_open_2015-08-08_SF_pavlyuchenkova_a_makarova_e,2015-W-INT-USA-01A-2015_29,1045,201499,201505,tournament_rank_unique,False,,1,1,True,0,0.0
2015,wta,2015_40_washington_citi_open_2015-08-09_SF_stephens_s_stosur_s,2015-W-INT-USA-01A-2015_30,1045,201585,201325,tournament_rank_unique,False,,1,1,True,0,0.0
2015,wta,2015_40_washington_citi_open_2015-08-09_F_stephens_s_pavlyuchenkova_a,2015-W-INT-USA-01A-2015_31,1045,201585,201499,tournament_rank_unique,False,,1,1,True,0,0.0
2015,wta,2015_41_toronto_rogers_cup_2015-08-10_R64_pennetta_f_dabrowski_g,2015-W-P5-CAN-01A-2015_1,806,201355,202681,tournament_rank_unique,False,,1,1,True,0,0.0
2015,wta,2015_41_toronto_rogers_cup_2015-08-11_R64_lisicki_s_williams_v,2015-W-P5-CAN-01A-2015_9,806,201513,200748,tournament_rank_unique,False,,1,1,True,0,0.0
2015,wta,2015_41_toronto_rogers_cup_2015-08-11_R64_makarova_e_tatishvili_a,2015-W-P5-CAN-01A-2015_10,806,201505,201588,tournament_rank_unique,False,,1,1,True,0,0.0
2015,wta,2015_41_toronto_rogers_cup_2015-08-11_R64_lucic_m_pliskova_ka,2015-W-P5-CAN-01A-2015_4,806,200002,201662,tournament_rank_unique,False,,1,1,True,0,0.0
2015,wta,2015_41_toronto_rogers_cup_2015-08-11_R64_hercog_p_van_uytvanck_a,2015-W-P5-CAN-01A-2015_11,806,201555,202421,tournament_rank_unique,False,,1,1,True,0,0.0
2015,wta,2015_41_toronto_rogers_cup_2015-08-11_R64_strycova_b_lepchenko_v,2015-W-P5-CAN-01A-2015_8,806,201366,201478,tournament_rank_unique,False,,1,1,True,0,0.0
2015,wta,2015_41_toronto_rogers_cup_2015-08-11_R64_gavrilova_d_stosur_s,2015-W-P5-CAN-01A-2015_6,806,201611,201325,tournament_rank_unique,False,,1,1,True,0,0.0
2015,wta,2015_41_toronto_rogers_cup_2015-08-11_R64_vinci_r_knapp_k,2015-W-P5-CAN-01A-2015_5,806,201311,201498,tournament_rank_unique,False,,1,1,True,0,0.0
2015,wta,2015_41_toronto_rogers_cup_2015-08-11_R64_jankovic_j_garcia_c,2015-W-P5-CAN-01A-2015_24,806,201347,201614,tournament_rank_unique,False,,1,1,True,0,0.0
2015,wta,2015_41_toronto_rogers_cup_2015-08-11_R64_cornet_a_suarez_navarro_c,2015-W-P5-CAN-01A-2015_21,806,201427,201521,tournament_rank_unique,False,,1,1,True,0,0.0
2015,wta,2015_41_toronto_rogers_cup_2015-08-11_R64_kerber_a_doi_m,2015-W-P5-CAN-01A-2015_22,806,201493,201595,tournament_rank_unique,False,,1,1,True,0,0.0
2015,wta,2015_41_toronto_rogers_cup_2015-08-11_R64_puig_m_duque_marino_m,2015-W-P5-CAN-01A-2015_23,806,201620,201531,tournament_rank_unique,False,,1,1,True,0,0.0
2015,wta,2015_41_toronto_rogers_cup_2015-08-11_R64_tsurenko_l_wickmayer_y,2015-W-P5-CAN-01A-2015_13,806,201615,201518,tournament_rank_unique,False,,1,1,True,0,0.0
2015,wta,2015_41_toronto_rogers_cup_2015-08-11_R64_witthoeft_c_vandeweghe_c,2015-W-P5-CAN-01A-2015_14,806,202489,201535,tournament_rank_unique,False,,1,1,True,0,0.0
2015,wta,2015_41_toronto_rogers_cup_2015-08-11_R64_riske_a_bacsinszky_t,2015-W-P5-CAN-01A-2015_15,806,201590,201490,tournament_rank_unique,False,,1,1,True,0,0.0
2015,wta,2015_41_toronto_rogers_cup_2015-08-11_R64_azarenka_v_svitolina_e,2015-W-P5-CAN-01A-2015_18,806,201458,202494,tournament_rank_unique,False,,1,1,True,0,0.0
2015,wta,2015_41_toronto_rogers_cup_2015-08-11_R64_errani_s_mladenovic_k,2015-W-P5-CAN-01A-2015_16,806,201506,201540,tournament_rank_unique,False,,1,1,True,0,0.0
2015,wta,2015_41_toronto_rogers_cup_2015-08-11_R64_goerges_j_diyas_z,2015-W-P5-CAN-01A-2015_19,806,201504,201610,tournament_rank_unique,False,,1,1,True,0,0.0
2015,wta,2015_41_toronto_rogers_cup_2015-08-11_R64_brengle_m_zhao_c,2015-W-P5-CAN-01A-2015_17,806,201483,203475,tournament_rank_unique,False,,1,1,True,0,0.0
2015,wta,2015_41_toronto_rogers_cup_2015-08-11_R64_govortsova_o_begu_i,2015-W-P5-CAN-01A-2015_12,806,201501,201593,tournament_rank_unique,False,,1,1,True,0,0.0
2015,wta,2015_41_toronto_rogers_cup_2015-08-11_R64_petkovic_a_abanda_f,2015-W-P5-CAN-01A-2015_3,806,201492,211796,tournament_rank_unique,False,,1,1,True,0,0.0
2015,wta,2015_41_toronto_rogers_cup_2015-08-12_R64_bencic_b_bouchard_e,2015-W-P5-CAN-01A-2015_7,806,202505,202446,tournament_rank_unique,False,,1,1,True,0,0.0
2015,wta,2015_41_toronto_rogers_cup_2015-08-12_R64_watson_h_falconi_i,2015-W-P5-CAN-01A-2015_2,806,201586,201604,tournament_rank_unique,False,,1,1,True,0,0.0
2015,wta,2015_41_toronto_rogers_cup_2015-08-12_R64_cibulkova_d_stephens_s,2015-W-P5-CAN-01A-2015_20,806,201495,201585,tournament_rank_unique,False,,1,1,True,0,0.0
2015,wta,2015_41_toronto_rogers_cup_2015-08-11_R32_williams_s_pennetta_f,2015-W-P5-CAN-01A-2015_25,806,200033,201355,tournament_rank_unique,False,,1,1,True,0,0.0
2015,wta,2015_41_toronto_rogers_cup_2015-08-12_R32_errani_s_brengle_m,2015-W-P5-CAN-01A-2015_35,806,201506,201483,tournament_rank_unique,False,,1,1,True,0,0.0
2015,wta,2015_41_toronto_rogers_cup_2015-08-12_R32_gavrilova_d_safarova_l,2015-W-P5-CAN-01A-2015_28,806,201611,201425,tournament_rank_unique,False,,1,1,True,0,0.0
2015,wta,2015_41_toronto_rogers_cup_2015-08-12_R32_vinci_r_lucic_m,2015-W-P5-CAN-01A-2015_27,806,201311,200002,tournament_rank_unique,False,,1,1,True,0,0.0
2015,wta,2015_41_toronto_rogers_cup_2015-08-12_R32_hercog_p_makarova_e,2015-W-P5-CAN-01A-2015_31,806,201555,201505,tournament_rank_unique,False,,1,1,True,0,0.0
2015,wta,2015_41_toronto_rogers_cup_2015-08-12_R32_tsurenko_l_muguruza_g,2015-W-P5-CAN-01A-2015_33,806,201615,202469,tournament_rank_unique,False,,1,1,True,0,0.0
2015,wta,2015_41_toronto_rogers_cup_2015-08-12_R32_ivanovic_a_govortsova_o,2015-W-P5-CAN-01A-2015_32,806,201421,201501,tournament_rank_unique,False,,1,1,True,0,0.0
2015,wta,2015_41_toronto_rogers_cup_2015-08-12_R32_witthoeft_c_riske_a,2015-W-P5-CAN-01A-2015_34,806,202489,201590,tournament_rank_unique,False,,1,1,True,0,0.0
2015,wta,2015_41_toronto_rogers_cup_2015-08-12_R32_halep_s_jankovic_j,2015-W-P5-CAN-01A-2015_40,806,201594,201347,tournament_rank_unique,False,,1,1,True,0,0.0
2015,wta,2015_41_toronto_rogers_cup_2015-08-12_R32_lisicki_s_strycova_b,2015-W-P5-CAN-01A-2015_30,806,201513,201366,tournament_rank_unique,False,,1,1,True,0,0.0
2015,wta,2015_41_toronto_rogers_cup_2015-08-12_R32_cornet_a_cibulkova_d,2015-W-P5-CAN-01A-2015_38,806,201427,201495,tournament_rank_unique,False,,1,1,True,0,0.0
2015,wta,2015_41_toronto_rogers_cup_2015-08-12_R32_bencic_b_wozniacki_c,2015-W-P5-CAN-01A-2015_29,806,202505,201496,tournament_rank_unique,False,,1,1,True,0,0.0
2015,wta,2015_41_toronto_rogers_cup_2015-08-12_R32_petkovic_a_watson_h,2015-W-P5-CAN-01A-2015_26,806,201492,201586,tournament_rank_unique,False,,1,1,True,0,0.0
2015,wta,2015_41_toronto_rogers_cup_2015-08-12_R32_kerber_a_puig_m,2015-W-P5-CAN-01A-2015_39,806,201493,201620,tournament_rank_unique,False,,1,1,True,0,0.0
2015,wta,2015_41_toronto_rogers_cup_2015-08-13_R32_azarenka_v_kvitova_p,2015-W-P5-CAN-01A-2015_36,806,201458,201520,tournament_rank_unique,False,,1,1,True,0,0.0
2015,wta,2015_41_toronto_rogers_cup_2015-08-13_R32_radwanska_a_goerges_j,2015-W-P5-CAN-01A-2015_37,806,201474,201504,tournament_rank_unique,False,,1,1,True,0,0.0
2015,wta,2015_41_toronto_rogers_cup_2015-08-13_R16_tsurenko_l_witthoeft_c,2015-W-P5-CAN-01A-2015_45,806,201615,202489,tournament_rank_unique,False,,1,1,True,0,0.0
2015,wta,2015_41_toronto_rogers_cup_2015-08-13_R16_vinci_r_gavrilova_d,2015-W-P5-CAN-01A-2015_42,806,201311,201611,tournament_rank_unique,False,,1,1,True,0,0.0
2015,wta,2015_41_toronto_rogers_cup_2015-08-13_R16_halep_s_kerber_a,2015-W-P5-CAN-01A-2015_48,806,201594,201493,tournament_rank_unique,False,,1,1,True,0,0.0
2015,wta,2015_41_toronto_rogers_cup_2015-08-13_R16_bencic_b_lisicki_s,2015-W-P5-CAN-01A-2015_43,806,202505,201513,tournament_rank_unique,False,,1,1,True,0,0.0
2015,wta,2015_41_toronto_rogers_cup_2015-08-13_R16_radwanska_a_cornet_a,2015-W-P5-CAN-01A-2015_47,806,201474,201427,tournament_rank_unique,False,,1,1,True,0,0.0
2015,wta,2015_41_toronto_rogers_cup_2015-08-13_R16_errani_s_azarenka_v,2015-W-P5-CAN-01A-2015_46,806,201506,201458,tournament_rank_unique,False,,1,1,True,0,0.0
2015,wta,2015_41_toronto_rogers_cup_2015-08-14_R16_williams_s_petkovic_a,2015-W-P5-CAN-01A-2015_41,806,200033,201492,tournament_rank_unique,False,,1,1,True,0,0.0
2015,wta,2015_41_toronto_rogers_cup_2015-08-14_R16_ivanovic_a_hercog_p,2015-W-P5-CAN-01A-2015_44,806,201421,201555,tournament_rank_unique,False,,1,1,True,0,0.0
2015,wta,2015_41_toronto_rogers_cup_2015-08-14_QF_halep_s_radwanska_a,2015-W-P5-CAN-01A-2015_52,806,201594,201474,tournament_rank_unique,False,,1,1,True,0,0.0
2015,wta,2015_41_toronto_rogers_cup_2015-08-14_QF_errani_s_tsurenko_l,2015-W-P5-CAN-01A-2015_51,806,201506,201615,tournament_rank_unique,False,,1,1,True,0,0.0
2015,wta,2015_41_toronto_rogers_cup_2015-08-15_QF_williams_s_vinci_r,2015-W-P5-CAN-01A-2015_49,806,200033,201311,tournament_rank_unique,False,,1,1,True,0,0.0
2015,wta,2015_41_toronto_rogers_cup_2015-08-15_QF_bencic_b_ivanovic_a,2015-W-P5-CAN-01A-2015_50,806,202505,201421,tournament_rank_unique,False,,1,1,True,0,0.0
2015,wta,2015_41_toronto_rogers_cup_2015-08-15_SF_halep_s_errani_s,2015-W-P5-CAN-01A-2015_54,806,201594,201506,tournament_rank_unique,False,,1,1,True,0,0.0
2015,wta,2015_41_toronto_rogers_cup_2015-08-15_SF_bencic_b_williams_s,2015-W-P5-CAN-01A-2015_53,806,202505,200033,tournament_rank_unique,False,,1,1,True,0,0.0
2015,wta,2015_41_toronto_rogers_cup_2015-08-16_F_bencic_b_halep_s,2015-W-P5-CAN-01A-2015_55,806,202505,201594,tournament_rank_unique,False,,1,1,True,0,0.0
2015,wta,2015_42_cincinnati_western_southern_financial_group_women_s_open_2015-08-17_R64_jankovic_j_brengle_m,2015-W-P5-USA-01A-2015_20,1017,201347,201483,tournament_rank_unique,False,,1,1,True,0,0.0
2015,wta,2015_42_cincinnati_western_southern_financial_group_women_s_open_2015-08-17_R64_knapp_k_konjuh_a,2015-W-P5-USA-01A-2015_2,1017,201498,211951,tournament_rank_unique,False,,1,1,True,0,0.0
2015,wta,2015_42_cincinnati_western_southern_financial_group_women_s_open_2015-08-17_R64_vandeweghe_c_putintseva_y,2015-W-P5-USA-01A-2015_12,1017,201535,201709,tournament_rank_unique,False,,1,1,True,0,0.0
2015,wta,2015_42_cincinnati_western_southern_financial_group_women_s_open_2015-08-17_R64_williams_v_diyas_z,2015-W-P5-USA-01A-2015_6,1017,200748,201610,tournament_rank_unique,False,,1,1,True,0,0.0
2015,wta,2015_42_cincinnati_western_southern_financial_group_women_s_open_2015-08-17_R64_lepchenko_v_strycova_b,2015-W-P5-USA-01A-2015_24,1017,201478,201366,tournament_rank_unique,False,,1,1,True,0,0.0
2015,wta,2015_42_cincinnati_western_southern_financial_group_women_s_open_2015-08-17_R64_babos_t_stosur_s,2015-W-P5-USA-01A-2015_19,1017,201693,201325,tournament_rank_unique,False,,1,1,True,0,0.0
2015,wta,2015_42_cincinnati_western_southern_financial_group_women_s_open_2015-08-17_R64_shvedova_y_muguruza_g,2015-W-P5-USA-01A-2015_15,1017,201468,202469,tournament_rank_unique,False,,1,1,True,0,0.0
2015,wta,2015_42_cincinnati_western_southern_financial_group_women_s_open_2015-08-18_R64_keys_m_bacsinszky_t,2015-W-P5-USA-01A-2015_21,1017,201619,201490,tournament_rank_unique,False,,1,1,True,0,0.0
2015,wta,2015_42_cincinnati_western_southern_financial_group_women_s_open_2015-08-18_R64_pironkova_t_hradecka_l,2015-W-P5-USA-01A-2015_1,1017,201450,201556,tournament_rank_unique,False,,1,1,True,0,0.0
2015,wta,2015_42_cincinnati_western_southern_financial_group_women_s_open_2015-08-18_R64_petkovic_a_goerges_j,2015-W-P5-USA-01A-2015_16,1017,201492,201504,tournament_rank_unique,False,,1,1,True,0,0.0
2015,wta,2015_42_cincinnati_western_southern_financial_group_women_s_open_2015-08-18_R64_svitolina_e_riske_a,2015-W-P5-USA-01A-2015_9,1017,202494,201590,tournament_rank_unique,False,,1,1,True,0,0.0
2015,wta,2015_42_cincinnati_western_southern_financial_group_women_s_open_2015-08-18_R64_begu_i_cornet_a,2015-W-P5-USA-01A-2015_23,1017,201593,201427,tournament_rank_unique,False,,1,1,True,0,0.0
2015,wta,2015_42_cincinnati_western_southern_financial_group_women_s_open_2015-08-18_R64_mladenovic_k_hantuchova_d,2015-W-P5-USA-01A-2015_18,1017,201540,201290,tournament_rank_unique,False,,1,1,True,0,0.0
2015,wta,2015_42_cincinnati_western_southern_financial_group_women_s_open_2015-08-18_R64_pennetta_f_cibulkova_d,2015-W-P5-USA-01A-2015_11,1017,201355,201495,tournament_rank_unique,False,,1,1,True,0,0.0
2015,wta,2015_42_cincinnati_western_southern_financial_group_women_s_open_2015-08-18_R64_stephens_s_suarez_navarro_c,2015-W-P5-USA-01A-2015_4,1017,201585,201521,tournament_rank_unique,False,,1,1,True,0,0.0
2015,wta,2015_42_cincinnati_western_southern_financial_group_women_s_open_2015-08-18_R64_gavrilova_d_errani_s,2015-W-P5-USA-01A-2015_3,1017,201611,201506,tournament_rank_unique,False,,1,1,True,0,0.0
2015,wta,2015_42_cincinnati_western_southern_financial_group_women_s_open_2015-08-18_R64_pavlyuchenkova_a_vinci_r,2015-W-P5-USA-01A-2015_14,1017,201499,201311,tournament_rank_unique,False,,1,1,True,0,0.0
2015,wta,2015_42_cincinnati_western_southern_financial_group_women_s_open_2015-08-18_R64_giorgi_c_mchale_c,2015-W-P5-USA-01A-2015_17,1017,202429,201539,tournament_rank_unique,False,,1,1,True,0,0.0
2015,wta,2015_42_cincinnati_western_southern_financial_group_women_s_open_2015-08-18_R64_azarenka_v_davis_l,2015-W-P5-USA-01A-2015_13,1017,201458,201616,tournament_rank_unique,False,,1,1,True,0,0.0
2015,wta,2015_42_cincinnati_western_southern_financial_group_women_s_open_2015-08-18_R64_bencic_b_kerber_a,2015-W-P5-USA-01A-2015_10,1017,202505,201493,tournament_rank_unique,False,,1,1,True,0,0.0
2015,wta,2015_42_cincinnati_western_southern_financial_group_women_s_open_2015-08-18_R64_garcia_c_lisicki_s,2015-W-P5-USA-01A-2015_7,1017,201614,201513,tournament_rank_unique,False,,1,1,True,0,0.0
2015,wta,2015_42_cincinnati_western_southern_financial_group_women_s_open_2015-08-18_R64_barthel_m_dellacqua_c,2015-W-P5-USA-01A-2015_5,1017,201621,201348,tournament_rank_unique,False,,1,1,True,0,0.0
2015,wta,2015_42_cincinnati_western_southern_financial_group_women_s_open_2015-08-18_R64_schmiedlova_a_radwanska_a,2015-W-P5-USA-01A-2015_22,1017,203533,201474,tournament_rank_unique,False,,1,1,True,0,0.0
2015,wta,2015_42_cincinnati_western_southern_financial_group_women_s_open_2015-08-19_R64_bouchard_e_bondarenko_k,2015-W-P5-USA-01A-2015_8,1017,202446,201435,tournament_rank_unique,False,,1,1,True,0,0.0
2015,wta,2015_42_cincinnati_western_southern_financial_group_women_s_open_2015-08-19_R32_ivanovic_a_williams_v,2015-W-P5-USA-01A-2015_28,1017,201421,200748,tournament_rank_unique,False,,1,1,True,0,0.0
2015,wta,2015_42_cincinnati_western_southern_financial_group_women_s_open_2015-08-19_R32_halep_s_mladenovic_k,2015-W-P5-USA-01A-2015_36,1017,201594,201540,tournament_rank_unique,False,,1,1,True,0,0.0
2015,wta,2015_42_cincinnati_western_southern_financial_group_women_s_open_2015-08-19_R32_jankovic_j_keys_m,2015-W-P5-USA-01A-2015_38,1017,201347,201619,tournament_rank_unique,False,,1,1,True,0,0.0
2015,wta,2015_42_cincinnati_western_southern_financial_group_women_s_open_2015-08-19_R32_knapp_k_gavrilova_d,2015-W-P5-USA-01A-2015_26,1017,201498,201611,tournament_rank_unique,False,,1,1,True,0,0.0
2015,wta,2015_42_cincinnati_western_southern_financial_group_women_s_open_2015-08-19_R32_lepchenko_v_lucic_m,2015-W-P5-USA-01A-2015_40,1017,201478,200002,tournament_rank_unique,False,,1,1,True,0,0.0
2015,wta,2015_42_cincinnati_western_southern_financial_group_women_s_open_2015-08-19_R32_pliskova_ka_babos_t,2015-W-P5-USA-01A-2015_37,1017,201662,201693,tournament_rank_unique,False,,1,1,True,0,0.0
2015,wta,2015_42_cincinnati_western_southern_financial_group_women_s_open_2015-08-19_R32_pavlyuchenkova_a_shvedova_y,2015-W-P5-USA-01A-2015_34,1017,201499,201468,tournament_rank_unique,False,,1,1,True,0,0.0
2015,wta,2015_42_cincinnati_western_southern_financial_group_women_s_open_2015-08-19_R32_bencic_b_pennetta_f,2015-W-P5-USA-01A-2015_31,1017,202505,201355,tournament_rank_unique,False,,1,1,True,0,0.0
2015,wta,2015_42_cincinnati_western_southern_financial_group_women_s_open_2015-08-19_R32_safarova_l_vandeweghe_c,2015-W-P5-USA-01A-2015_32,1017,201425,201535,tournament_rank_unique,False,,1,1,True,0,0.0
2015,wta,2015_42_cincinnati_western_southern_financial_group_women_s_open_2015-08-19_R32_williams_s_pironkova_t,2015-W-P5-USA-01A-2015_25,1017,200033,201450,tournament_rank_unique,False,,1,1,True,0,0.0
2015,wta,2015_42_cincinnati_western_southern_financial_group_women_s_open_2015-08-19_R32_petkovic_a_giorgi_c,2015-W-P5-USA-01A-2015_35,1017,201492,202429,tournament_rank_unique,False,,1,1,True,0,0.0
2015,wta,2015_42_cincinnati_western_southern_financial_group_women_s_open_2015-08-19_R32_schmiedlova_a_begu_i,2015-W-P5-USA-01A-2015_39,1017,203533,201593,tournament_rank_unique,False,,1,1,True,0,0.0
2015,wta,2015_42_cincinnati_western_southern_financial_group_women_s_open_2015-08-19_R32_stephens_s_barthel_m,2015-W-P5-USA-01A-2015_27,1017,201585,201621,tournament_rank_unique,False,,1,1,True,0,0.0
2015,wta,2015_42_cincinnati_western_southern_financial_group_women_s_open_2015-08-20_R32_azarenka_v_wozniacki_c,2015-W-P5-USA-01A-2015_33,1017,201458,201496,tournament_rank_unique,False,,1,1,True,0,0.0
2015,wta,2015_42_cincinnati_western_southern_financial_group_women_s_open_2015-08-20_R32_garcia_c_kvitova_p,2015-W-P5-USA-01A-2015_29,1017,201614,201520,tournament_rank_unique,False,,1,1,True,0,0.0
2015,wta,2015_42_cincinnati_western_southern_financial_group_women_s_open_2015-08-20_R32_svitolina_e_bouchard_e,2015-W-P5-USA-01A-2015_30,1017,202494,202446,tournament_rank_unique,False,,1,1,True,0,0.0
2015,wta,2015_42_cincinnati_western_southern_financial_group_women_s_open_2015-08-20_R16_safarova_l_bencic_b,2015-W-P5-USA-01A-2015_44,1017,201425,202505,tournament_rank_unique,False,,1,1,True,0,0.0
2015,wta,2015_42_cincinnati_western_southern_financial_group_women_s_open_2015-08-20_R16_schmiedlova_a_lepchenko_v,2015-W-P5-USA-01A-2015_48,1017,203533,201478,tournament_rank_unique,False,,1,1,True,0,0.0
2015,wta,2015_42_cincinnati_western_southern_financial_group_women_s_open_2015-08-20_R16_jankovic_j_pliskova_ka,2015-W-P5-USA-01A-2015_47,1017,201347,201662,tournament_rank_unique,False,,1,1,True,0,0.0
2015,wta,2015_42_cincinnati_western_southern_financial_group_women_s_open_2015-08-20_R16_ivanovic_a_stephens_s,2015-W-P5-USA-01A-2015_42,1017,201421,201585,tournament_rank_unique,False,,1,1,True,0,0.0
2015,wta,2015_42_cincinnati_western_southern_financial_group_women_s_open_2015-08-20_R16_williams_s_knapp_k,2015-W-P5-USA-01A-2015_41,1017,200033,201498,tournament_rank_unique,False,,1,1,True,0,0.0
2015,wta,2015_42_cincinnati_western_southern_financial_group_women_s_open_2015-08-20_R16_pavlyuchenkova_a_azarenka_v,2015-W-P5-USA-01A-2015_45,1017,201499,201458,tournament_rank_unique,False,,1,1,True,0,0.0
2015,wta,2015_42_cincinnati_western_southern_financial_group_women_s_open_2015-08-21_R16_svitolina_e_garcia_c,2015-W-P5-USA-01A-2015_43,1017,202494,201614,tournament_rank_unique,False,,1,1,True,0,0.0
2015,wta,2015_42_cincinnati_western_southern_financial_group_women_s_open_2015-08-21_R16_halep_s_petkovic_a,2015-W-P5-USA-01A-2015_46,1017,201594,201492,tournament_rank_unique,False,,1,1,True,0,0.0
2015,wta,2015_42_cincinnati_western_southern_financial_group_women_s_open_2015-08-21_QF_williams_s_ivanovic_a,2015-W-P5-USA-01A-2015_49,1017,200033,201421,tournament_rank_unique,False,,1,1,True,0,0.0
2015,wta,2015_42_cincinnati_western_southern_financial_group_women_s_open_2015-08-21_QF_svitolina_e_safarova_l,2015-W-P5-USA-01A-2015_50,1017,202494,201425,tournament_rank_unique,False,,1,1,True,0,0.0
2015,wta,2015_42_cincinnati_western_southern_financial_group_women_s_open_2015-08-22_QF_jankovic_j_schmiedlova_a,2015-W-P5-USA-01A-2015_52,1017,201347,203533,tournament_rank_unique,False,,1,1,True,0,0.0
2015,wta,2015_42_cincinnati_western_southern_financial_group_women_s_open_2015-08-22_QF_halep_s_pavlyuchenkova_a,2015-W-P5-USA-01A-2015_51,1017,201594,201499,tournament_rank_unique,False,,1,1,True,0,0.0
2015,wta,2015_42_cincinnati_western_southern_financial_group_women_s_open_2015-08-23_SF_williams_s_svitolina_e,2015-W-P5-USA-01A-2015_53,1017,200033,202494,tournament_rank_unique,False,,1,1,True,0,0.0
2015,wta,2015_42_cincinnati_western_southern_financial_group_women_s_open_2015-08-23_SF_halep_s_jankovic_j,2015-W-P5-USA-01A-2015_54,1017,201594,201347,tournament_rank_unique,False,,1,1,True,0,0.0
2015,wta,2015_42_cincinnati_western_southern_financial_group_women_s_open_2015-08-23_F_williams_s_halep_s,2015-W-P5-USA-01A-2015_55,1017,200033,201594,tournament_rank_unique,False,,1,1,True,0,0.0
2015,wta,2015_43_new_haven_connecticut_open_2015-08-23_R32_cibulkova_d_pironkova_t,2015-W-P700-USA-02A-2015_6,602,201495,201450,tournament_rank_unique,False,,1,1,True,0,0.0
2015,wta,2015_43_new_haven_connecticut_open_2015-08-23_R32_begu_i_diyas_z,2015-W-P700-USA-02A-2015_5,602,201593,201610,tournament_rank_unique,False,,1,1,True,0,0.0
2015,wta,2015_43_new_haven_connecticut_open_2015-08-23_R32_strycova_b_giorgi_c,2015-W-P700-USA-02A-2015_1,602,201366,202429,tournament_rank_unique,False,,1,1,True,0,0.0
2015,wta,2015_43_new_haven_connecticut_open_2015-08-24_R32_vinci_r_bouchard_e,2015-W-P700-USA-02A-2015_10,602,201311,202446,tournament_rank_unique,False,,1,1,True,0,0.0
2015,wta,2015_43_new_haven_connecticut_open_2015-08-24_R32_mladenovic_k_errani_s,2015-W-P700-USA-02A-2015_7,602,201540,201506,tournament_rank_unique,False,,1,1,True,0,0.0
2015,wta,2015_43_new_haven_connecticut_open_2015-08-24_R32_savchuk_o_govortsova_o,2015-W-P700-USA-02A-2015_2,602,201456,201501,tournament_rank_unique,False,,1,1,True,0,0.0
2015,wta,2015_43_new_haven_connecticut_open_2015-08-24_R32_keys_m_svitolina_e,2015-W-P700-USA-02A-2015_14,602,201619,202494,tournament_rank_unique,False,,1,1,True,0,0.0
2015,wta,2015_43_new_haven_connecticut_open_2015-08-24_R32_garcia_c_bacsinszky_t,2015-W-P700-USA-02A-2015_8,602,201614,201490,tournament_rank_unique,False,,1,1,True,0,0.0
2015,wta,2015_43_new_haven_connecticut_open_2015-08-24_R32_safarova_l_gavrilova_d,2015-W-P700-USA-02A-2015_4,602,201425,201611,tournament_rank_unique,False,,1,1,True,0,0.0
2015,wta,2015_43_new_haven_connecticut_open_2015-08-24_R32_rybarikova_m_pennetta_f,2015-W-P700-USA-02A-2015_9,602,201517,201355,tournament_rank_unique,False,,1,1,True,0,0.0
2015,wta,2015_43_new_haven_connecticut_open_2015-08-24_R32_cornet_a_putintseva_y,2015-W-P700-USA-02A-2015_13,602,201427,201709,tournament_rank_unique,False,,1,1,True,0,0.0
2015,wta,2015_43_new_haven_connecticut_open_2015-08-25_R32_radwanska_a_vandeweghe_c,2015-W-P700-USA-02A-2015_12,602,201474,201535,tournament_rank_unique,False,,1,1,True,0,0.0
2015,wta,2015_43_new_haven_connecticut_open_2015-08-25_R32_pliskova_ka_hercog_p,2015-W-P700-USA-02A-2015_3,602,201662,201555,tournament_rank_unique,False,,1,1,True,0,0.0
2015,wta,2015_43_new_haven_connecticut_open_2015-08-26_R32_wozniacki_c_riske_a,2015-W-P700-USA-02A-2015_11,602,201496,201590,tournament_rank_unique,False,,1,1,True,0,0.0
2015,wta,2015_43_new_haven_connecticut_open_2015-08-25_R16_tsurenko_l_strycova_b,2015-W-P700-USA-02A-2015_15,602,201615,201366,tournament_rank_unique,False,,1,1,True,0,0.0
2015,wta,2015_43_new_haven_connecticut_open_2015-08-25_R16_cibulkova_d_mladenovic_k,2015-W-P700-USA-02A-2015_18,602,201495,201540,tournament_rank_unique,False,,1,1,True,0,0.0
2015,wta,2015_43_new_haven_connecticut_open_2015-08-25_R16_garcia_c_rybarikova_m,2015-W-P700-USA-02A-2015_19,602,201614,201517,tournament_rank_unique,False,,1,1,True,0,0.0
2015,wta,2015_43_new_haven_connecticut_open_2015-08-26_R16_safarova_l_begu_i,2015-W-P700-USA-02A-2015_17,602,201425,201593,tournament_rank_unique,False,,1,1,True,0,0.0
2015,wta,2015_43_new_haven_connecticut_open_2015-08-26_R16_pliskova_ka_savchuk_o,2015-W-P700-USA-02A-2015_16,602,201662,201456,tournament_rank_unique,False,,1,1,True,0,0.0
2015,wta,2015_43_new_haven_connecticut_open_2015-08-26_R16_radwanska_a_cornet_a,2015-W-P700-USA-02A-2015_21,602,201474,201427,tournament_rank_unique,False,,1,1,True,0,0.0
2015,wta,2015_43_new_haven_connecticut_open_2015-08-26_R16_wozniacki_c_vinci_r,2015-W-P700-USA-02A-2015_20,602,201496,201311,tournament_rank_unique,False,,1,1,True,0,0.0
2015,wta,2015_43_new_haven_connecticut_open_2015-08-27_R16_kvitova_p_keys_m,2015-W-P700-USA-02A-2015_22,602,201520,201619,tournament_rank_unique,False,,1,1,True,0,0.0
2015,wta,2015_43_new_haven_connecticut_open_2015-08-27_QF_tsurenko_l_pliskova_ka,2015-W-P700-USA-02A-2015_23,602,201615,201662,tournament_rank_unique,False,,1,1,True,0,0.0
2015,wta,2015_43_new_haven_connecticut_open_2015-08-27_QF_safarova_l_cibulkova_d,2015-W-P700-USA-02A-2015_24,602,201425,201495,tournament_rank_unique,False,,1,1,True,0,0.0
2015,wta,2015_43_new_haven_connecticut_open_2015-08-27_QF_kvitova_p_radwanska_a,2015-W-P700-USA-02A-2015_26,602,201520,201474,tournament_rank_unique,False,,1,1,True,0,0.0
2015,wta,2015_43_new_haven_connecticut_open_2015-08-28_QF_wozniacki_c_garcia_c,2015-W-P700-USA-02A-2015_25,602,201496,201614,tournament_rank_unique,False,,1,1,True,0,0.0
2015,wta,2015_43_new_haven_connecticut_open_2015-08-28_SF_safarova_l_tsurenko_l,2015-W-P700-USA-02A-2015_27,602,201425,201615,tournament_rank_unique,False,,1,1,True,0,0.0
2015,wta,2015_43_new_haven_connecticut_open_2015-08-29_SF_kvitova_p_wozniacki_c,2015-W-P700-USA-02A-2015_28,602,201520,201496,tournament_rank_unique,False,,1,1,True,0,0.0
2015,wta,2015_43_new_haven_connecticut_open_2015-08-29_F_kvitova_p_safarova_l,2015-W-P700-USA-02A-2015_29,602,201520,201425,tournament_rank_unique,False,,1,1,True,0,0.0
2015,wta,2015_44_new_york_us_open_2015-08-31_R128_jovanovski_b_arruabarrena_l,2015-W-SL-USA-01A-2015_19,905,201587,202418,tournament_rank_unique,False,,1,1,True,0,0.0
2015,wta,2015_44_new_york_us_open_2015-08-31_R128_duque_marino_m_kenin_s,2015-W-SL-USA-01A-2015_27,905,201531,213550,tournament_rank_unique,False,,1,1,True,0,0.0
2015,wta,2015_44_new_york_us_open_2015-08-31_R128_kontaveit_a_dellacqua_c,2015-W-SL-USA-01A-2015_14,905,204426,201348,tournament_rank_unique,False,,1,1,True,0,0.0
2015,wta,2015_44_new_york_us_open_2015-08-31_R128_pegula_j_van_uytvanck_a,2015-W-SL-USA-01A-2015_31,905,202468,202421,tournament_rank_unique,False,,1,1,True,0,0.0
2015,wta,2015_44_new_york_us_open_2015-08-31_R128_makarova_e_pereira_t,2015-W-SL-USA-01A-2015_24,905,201505,202694,tournament_rank_unique,False,,1,1,True,0,0.0
2015,wta,2015_44_new_york_us_open_2015-08-31_R128_radwanska_a_siniakova_k,2015-W-SL-USA-01A-2015_8,905,201474,211701,tournament_rank_unique,False,,1,1,True,0,0.0
2015,wta,2015_44_new_york_us_open_2015-08-31_R128_brengle_m_zheng_s,2015-W-SL-USA-01A-2015_15,905,201483,202453,tournament_rank_unique,False,,1,1,True,0,0.0
2015,wta,2015_44_new_york_us_open_2015-08-31_R128_cibulkova_d_ivanovic_a,2015-W-SL-USA-01A-2015_32,905,201495,201421,tournament_rank_unique,False,,1,1,True,0,0.0
2015,wta,2015_44_new_york_us_open_2015-08-31_R128_davis_l_watson_h,2015-W-SL-USA-01A-2015_23,905,201616,201586,tournament_rank_unique,False,,1,1,True,0,0.0
2015,wta,2015_44_new_york_us_open_2015-08-31_R128_kanepi_k_friedsam_a_l,2015-W-SL-USA-01A-2015_22,905,201466,204431,tournament_rank_unique,False,,1,1,True,0,0.0
2015,wta,2015_44_new_york_us_open_2015-08-31_R128_mladenovic_k_kuznetsova_s,2015-W-SL-USA-01A-2015_20,905,201540,201320,tournament_rank_unique,False,,1,1,True,0,0.0
2015,wta,2015_44_new_york_us_open_2015-08-31_R128_dodin_o_jankovic_j,2015-W-SL-USA-01A-2015_28,905,206219,201347,tournament_rank_unique,False,,1,1,True,0,0.0
2015,wta,2015_44_new_york_us_open_2015-08-31_R128_williams_v_puig_m,2015-W-SL-USA-01A-2015_12,905,200748,201620,tournament_rank_unique,False,,1,1,True,0,0.0
2015,wta,2015_44_new_york_us_open_2015-08-31_R128_svitolina_e_kulichkova_e,2015-W-SL-USA-01A-2015_21,905,202494,206404,tournament_rank_unique,False,,1,1,True,0,0.0
2015,wta,2015_44_new_york_us_open_2015-08-31_R128_tatishvili_a_pliskova_ka,2015-W-SL-USA-01A-2015_16,905,201588,201662,tournament_rank_unique,False,,1,1,True,0,0.0
2015,wta,2015_44_new_york_us_open_2015-08-31_R128_falconi_i_crawford_s,2015-W-SL-USA-01A-2015_11,905,201604,202496,tournament_rank_unique,False,,1,1,True,0,0.0
2015,wta,2015_44_new_york_us_open_2015-08-31_R128_allertova_d_suarez_navarro_c,2015-W-SL-USA-01A-2015_25,905,202653,201521,tournament_rank_unique,False,,1,1,True,0,0.0
2015,wta,2015_44_new_york_us_open_2015-08-31_R128_linette_m_radwanska_u,2015-W-SL-USA-01A-2015_7,905,202663,201524,tournament_rank_unique,False,,1,1,True,0,0.0
2015,wta,2015_44_new_york_us_open_2015-08-31_R128_pavlyuchenkova_a_rybarikova_m,2015-W-SL-USA-01A-2015_13,905,201499,201517,tournament_rank_unique,False,,1,1,True,0,0.0
2015,wta,2015_44_new_york_us_open_2015-08-31_R128_hercog_p_diyas_z,2015-W-SL-USA-01A-2015_30,905,201555,201610,tournament_rank_unique,False,,1,1,True,0,0.0
2015,wta,2015_44_new_york_us_open_2015-08-31_R128_mattek_sands_b_kozlova_k,2015-W-SL-USA-01A-2015_3,905,201318,203462,tournament_rank_unique,False,,1,1,True,0,0.0
2015,wta,2015_44_new_york_us_open_2015-08-31_R128_bouchard_e_riske_a,2015-W-SL-USA-01A-2015_29,905,202446,201590,tournament_rank_unique,False,,1,1,True,0,0.0
2015,wta,2015_44_new_york_us_open_2015-08-31_R128_vandeweghe_c_stephens_s,2015-W-SL-USA-01A-2015_4,905,201535,201585,tournament_rank_unique,False,,1,1,True,0,0.0
2015,wta,2015_44_new_york_us_open_2015-08-31_R128_kasatkina_d_gavrilova_d,2015-W-SL-USA-01A-2015_17,905,214082,201611,tournament_rank_unique,False,,1,1,True,0,0.0
2015,wta,2015_44_new_york_us_open_2015-08-31_R128_konjuh_a_maria_t,2015-W-SL-USA-01A-2015_18,905,211951,213583,tournament_rank_unique,False,,1,1,True,0,0.0
2015,wta,2015_44_new_york_us_open_2015-08-31_R128_bertens_k_lucic_m,2015-W-SL-USA-01A-2015_2,905,202428,200002,tournament_rank_unique,False,,1,1,True,0,0.0
2015,wta,2015_44_new_york_us_open_2015-08-31_R128_vinci_r_king_v,2015-W-SL-USA-01A-2015_26,905,201311,201447,tournament_rank_unique,False,,1,1,True,0,0.0
2015,wta,2015_44_new_york_us_open_2015-08-31_R128_doi_m_hantuchova_d,2015-W-SL-USA-01A-2015_10,905,201595,201290,tournament_rank_unique,False,,1,1,True,0,0.0
2015,wta,2015_44_new_york_us_open_2015-08-31_R128_bencic_b_karatantcheva_s,2015-W-SL-USA-01A-2015_9,905,202505,201402,tournament_rank_unique,False,,1,1,True,0,0.0
2015,wta,2015_44_new_york_us_open_2015-08-31_R128_keys_m_koukalova_k,2015-W-SL-USA-01A-2015_5,905,201619,201344,tournament_rank_unique,False,,1,1,True,0,0.0
2015,wta,2015_44_new_york_us_open_2015-08-31_R128_smitkova_t_mitu_a,2015-W-SL-USA-01A-2015_6,905,202702,202671,tournament_rank_unique,False,,1,1,True,0,0.0
2015,wta,2015_44_new_york_us_open_2015-09-01_R128_williams_s_diatchenko_v,2015-W-SL-USA-01A-2015_1,905,200033,201554,tournament_rank_unique,False,,1,1,True,0,0.0
2015,wta,2015_44_new_york_us_open_2015-09-01_R128_konta_j_chirico_l,2015-W-SL-USA-01A-2015_39,905,202427,211635,tournament_rank_unique,False,,1,1,True,0,0.0
2015,wta,2015_44_new_york_us_open_2015-09-01_R128_kerber_a_dulgheru_a,2015-W-SL-USA-01A-2015_56,905,201493,201567,tournament_rank_unique,False,,1,1,True,0,0.0
2015,wta,2015_44_new_york_us_open_2015-09-01_R128_tsurenko_l_safarova_l,2015-W-SL-USA-01A-2015_49,905,201615,201425,tournament_rank_unique,False,,1,1,True,0,0.0
2015,wta,2015_44_new_york_us_open_2015-09-01_R128_wang_q_sakkari_m,2015-W-SL-USA-01A-2015_58,905,202492,206289,tournament_rank_unique,False,,1,1,True,0,0.0
2015,wta,2015_44_new_york_us_open_2015-09-01_R128_strycova_b_bacsinszky_t,2015-W-SL-USA-01A-2015_57,905,201366,201490,tournament_rank_unique,False,,1,1,True,0,0.0
2015,wta,2015_44_new_york_us_open_2015-09-01_R128_govortsova_o_begu_i,2015-W-SL-USA-01A-2015_52,905,201501,201593,tournament_rank_unique,False,,1,1,True,0,0.0
2015,wta,2015_44_new_york_us_open_2015-09-01_R128_lepchenko_v_flipkens_k,2015-W-SL-USA-01A-2015_50,905,201478,201465,tournament_rank_unique,False,,1,1,True,0,0.0
2015,wta,2015_44_new_york_us_open_2015-09-01_R128_knapp_k_tomljanovic_a,2015-W-SL-USA-01A-2015_55,905,201498,201548,tournament_rank_unique,False,,1,1,True,0,0.0
2015,wta,2015_44_new_york_us_open_2015-09-01_R128_halep_s_erakovic_m,2015-W-SL-USA-01A-2015_64,905,201594,201523,tournament_rank_unique,False,,1,1,True,0,0.0
2015,wta,2015_44_new_york_us_open_2015-09-01_R128_vesnina_e_robson_l,2015-W-SL-USA-01A-2015_38,905,201455,201573,tournament_rank_unique,False,,1,1,True,0,0.0
2015,wta,2015_44_new_york_us_open_2015-09-01_R128_wozniacki_c_loeb_j,2015-W-SL-USA-01A-2015_48,905,201496,211222,tournament_rank_unique,False,,1,1,True,0,0.0
2015,wta,2015_44_new_york_us_open_2015-09-01_R128_giorgi_c_larsson_j,2015-W-SL-USA-01A-2015_59,905,202429,201596,tournament_rank_unique,False,,1,1,True,0,0.0
2015,wta,2015_44_new_york_us_open_2015-09-01_R128_barthel_m_pironkova_t,2015-W-SL-USA-01A-2015_51,905,201621,201450,tournament_rank_unique,False,,1,1,True,0,0.0
2015,wta,2015_44_new_york_us_open_2015-09-01_R128_bondarenko_k_putintseva_y,2015-W-SL-USA-01A-2015_63,905,201435,201709,tournament_rank_unique,False,,1,1,True,0,0.0
2015,wta,2015_44_new_york_us_open_2015-09-01_R128_azarenka_v_hradecka_l,2015-W-SL-USA-01A-2015_53,905,201458,201556,tournament_rank_unique,False,,1,1,True,0,0.0
2015,wta,2015_44_new_york_us_open_2015-09-01_R128_petkovic_a_garcia_c,2015-W-SL-USA-01A-2015_37,905,201492,201614,tournament_rank_unique,False,,1,1,True,0,0.0
2015,wta,2015_44_new_york_us_open_2015-09-01_R128_muguruza_g_witthoeft_c,2015-W-SL-USA-01A-2015_40,905,202469,202489,tournament_rank_unique,False,,1,1,True,0,0.0
2015,wta,2015_44_new_york_us_open_2015-09-01_R128_cetkovska_p_mchale_c,2015-W-SL-USA-01A-2015_47,905,201508,201539,tournament_rank_unique,False,,1,1,True,0,0.0
2015,wta,2015_44_new_york_us_open_2015-09-01_R128_schmiedlova_a_goerges_j,2015-W-SL-USA-01A-2015_36,905,203533,201504,tournament_rank_unique,False,,1,1,True,0,0.0
2015,wta,2015_44_new_york_us_open_2015-09-01_R128_kovinic_d_krunic_a,2015-W-SL-USA-01A-2015_35,905,203575,202434,tournament_rank_unique,False,,1,1,True,0,0.0
2015,wta,2015_44_new_york_us_open_2015-09-01_R128_wickmayer_y_schiavone_f,2015-W-SL-USA-01A-2015_54,905,201518,201212,tournament_rank_unique,False,,1,1,True,0,0.0
2015,wta,2015_44_new_york_us_open_2015-09-01_R128_gibbs_n_dominguez_lino_l,2015-W-SL-USA-01A-2015_34,905,202484,201452,tournament_rank_unique,False,,1,1,True,0,0.0
2015,wta,2015_44_new_york_us_open_2015-09-01_R128_lisicki_s_sasnovich_a,2015-W-SL-USA-01A-2015_60,905,201513,205925,tournament_rank_unique,False,,1,1,True,0,0.0
2015,wta,2015_44_new_york_us_open_2015-09-01_R128_niculescu_m_panova_a,2015-W-SL-USA-01A-2015_46,905,201512,201668,tournament_rank_unique,False,,1,1,True,0,0.0
2015,wta,2015_44_new_york_us_open_2015-09-01_R128_errani_s_hibi_m,2015-W-SL-USA-01A-2015_41,905,201506,206349,tournament_rank_unique,False,,1,1,True,0,0.0
2015,wta,2015_44_new_york_us_open_2015-09-01_R128_rodina_e_mrdeza_t,2015-W-SL-USA-01A-2015_43,905,201516,202659,tournament_rank_unique,False,,1,1,True,0,0.0
2015,wta,2015_44_new_york_us_open_2015-09-01_R128_pennetta_f_gajdosova_j,2015-W-SL-USA-01A-2015_45,905,201355,201457,tournament_rank_unique,False,,1,1,True,0,0.0
2015,wta,2015_44_new_york_us_open_2015-09-02_R128_nara_k_cornet_a,2015-W-SL-USA-01A-2015_61,905,201597,201427,tournament_rank_unique,False,,1,1,True,0,0.0
2015,wta,2015_44_new_york_us_open_2015-09-02_R128_stosur_s_babos_t,2015-W-SL-USA-01A-2015_44,905,201325,201693,tournament_rank_unique,False,,1,1,True,0,0.0
2015,wta,2015_44_new_york_us_open_2015-09-02_R128_rogers_s_vickery_s,2015-W-SL-USA-01A-2015_62,905,201603,203500,tournament_rank_unique,False,,1,1,True,0,0.0
2015,wta,2015_44_new_york_us_open_2015-09-02_R128_kvitova_p_siegemund_l,2015-W-SL-USA-01A-2015_33,905,201520,201696,tournament_rank_unique,False,,1,1,True,0,0.0
2015,wta,2015_44_new_york_us_open_2015-09-02_R64_brengle_m_tatishvili_a,2015-W-SL-USA-01A-2015_72,905,201483,201588,tournament_rank_unique,False,,1,1,True,0,0.0
2015,wta,2015_44_new_york_us_open_2015-09-02_R64_kasatkina_d_konjuh_a,2015-W-SL-USA-01A-2015_73,905,214082,211951,tournament_rank_unique,False,,1,1,True,0,0.0
2015,wta,2015_44_new_york_us_open_2015-09-02_R64_kontaveit_a_pavlyuchenkova_a,2015-W-SL-USA-01A-2015_71,905,204426,201499,tournament_rank_unique,False,,1,1,True,0,0.0
2015,wta,2015_44_new_york_us_open_2015-09-02_R64_keys_m_smitkova_t,2015-W-SL-USA-01A-2015_67,905,201619,202702,tournament_rank_unique,False,,1,1,True,0,0.0
2015,wta,2015_44_new_york_us_open_2015-09-02_R64_vinci_r_allertova_d,2015-W-SL-USA-01A-2015_77,905,201311,202653,tournament_rank_unique,False,,1,1,True,0,0.0
2015,wta,2015_44_new_york_us_open_2015-09-02_R64_radwanska_a_linette_m,2015-W-SL-USA-01A-2015_68,905,201474,202663,tournament_rank_unique,False,,1,1,True,0,0.0
2015,wta,2015_44_new_york_us_open_2015-09-02_R64_mattek_sands_b_vandeweghe_c,2015-W-SL-USA-01A-2015_66,905,201318,201535,tournament_rank_unique,False,,1,1,True,0,0.0
2015,wta,2015_44_new_york_us_open_2015-09-02_R64_mladenovic_k_jovanovski_b,2015-W-SL-USA-01A-2015_74,905,201540,201587,tournament_rank_unique,False,,1,1,True,0,0.0
2015,wta,2015_44_new_york_us_open_2015-09-02_R64_cibulkova_d_pegula_j,2015-W-SL-USA-01A-2015_80,905,201495,202468,tournament_rank_unique,False,,1,1,True,0,0.0
2015,wta,2015_44_new_york_us_open_2015-09-02_R64_williams_s_bertens_k,2015-W-SL-USA-01A-2015_65,905,200033,202428,tournament_rank_unique,False,,1,1,True,0,0.0
2015,wta,2015_44_new_york_us_open_2015-09-02_R64_bouchard_e_hercog_p,2015-W-SL-USA-01A-2015_79,905,202446,201555,tournament_rank_unique,False,,1,1,True,0,0.0
2015,wta,2015_44_new_york_us_open_2015-09-02_R64_duque_marino_m_dodin_o,2015-W-SL-USA-01A-2015_78,905,201531,206219,tournament_rank_unique,False,,1,1,True,0,0.0
2015,wta,2015_44_new_york_us_open_2015-09-02_R64_svitolina_e_kanepi_k,2015-W-SL-USA-01A-2015_75,905,202494,201466,tournament_rank_unique,False,,1,1,True,0,0.0
2015,wta,2015_44_new_york_us_open_2015-09-02_R64_bencic_b_doi_m,2015-W-SL-USA-01A-2015_69,905,202505,201595,tournament_rank_unique,False,,1,1,True,0,0.0
2015,wta,2015_44_new_york_us_open_2015-09-03_R64_williams_v_falconi_i,2015-W-SL-USA-01A-2015_70,905,200748,201604,tournament_rank_unique,False,,1,1,True,0,0.0
2015,wta,2015_44_new_york_us_open_2015-09-03_R64_makarova_e_davis_l,2015-W-SL-USA-01A-2015_76,905,201505,201616,tournament_rank_unique,False,,1,1,True,0,0.0
2015,wta,2015_44_new_york_us_open_2015-09-03_R64_errani_s_ostapenko_j,2015-W-SL-USA-01A-2015_85,905,201506,211533,tournament_rank_unique,False,,1,1,True,0,0.0
2015,wta,2015_44_new_york_us_open_2015-09-03_R64_konta_j_muguruza_g,2015-W-SL-USA-01A-2015_84,905,202427,202469,tournament_rank_unique,False,,1,1,True,0,0.0
2015,wta,2015_44_new_york_us_open_2015-09-03_R64_petkovic_a_vesnina_e,2015-W-SL-USA-01A-2015_83,905,201492,201455,tournament_rank_unique,False,,1,1,True,0,0.0
2015,wta,2015_44_new_york_us_open_2015-09-03_R64_stosur_s_rodina_e,2015-W-SL-USA-01A-2015_86,905,201325,201516,tournament_rank_unique,False,,1,1,True,0,0.0
2015,wta,2015_44_new_york_us_open_2015-09-03_R64_lepchenko_v_tsurenko_l,2015-W-SL-USA-01A-2015_89,905,201478,201615,tournament_rank_unique,False,,1,1,True,0,0.0
2015,wta,2015_44_new_york_us_open_2015-09-03_R64_azarenka_v_wickmayer_y,2015-W-SL-USA-01A-2015_91,905,201458,201518,tournament_rank_unique,False,,1,1,True,0,0.0
2015,wta,2015_44_new_york_us_open_2015-09-03_R64_strycova_b_wang_q,2015-W-SL-USA-01A-2015_93,905,201366,202492,tournament_rank_unique,False,,1,1,True,0,0.0
2015,wta,2015_44_new_york_us_open_2015-09-03_R64_kerber_a_knapp_k,2015-W-SL-USA-01A-2015_92,905,201493,201498,tournament_rank_unique,False,,1,1,True,0,0.0
2015,wta,2015_44_new_york_us_open_2015-09-03_R64_barthel_m_govortsova_o,2015-W-SL-USA-01A-2015_90,905,201621,201501,tournament_rank_unique,False,,1,1,True,0,0.0
2015,wta,2015_44_new_york_us_open_2015-09-03_R64_halep_s_bondarenko_k,2015-W-SL-USA-01A-2015_96,905,201594,201435,tournament_rank_unique,False,,1,1,True,0,0.0
2015,wta,2015_44_new_york_us_open_2015-09-03_R64_rogers_s_nara_k,2015-W-SL-USA-01A-2015_95,905,201603,201597,tournament_rank_unique,False,,1,1,True,0,0.0
2015,wta,2015_44_new_york_us_open_2015-09-03_R64_lisicki_s_giorgi_c,2015-W-SL-USA-01A-2015_94,905,201513,202429,tournament_rank_unique,False,,1,1,True,0,0.0
2015,wta,2015_44_new_york_us_open_2015-09-03_R64_kvitova_p_gibbs_n,2015-W-SL-USA-01A-2015_81,905,201520,202484,tournament_rank_unique,False,,1,1,True,0,0.0
2015,wta,2015_44_new_york_us_open_2015-09-03_R64_schmiedlova_a_kovinic_d,2015-W-SL-USA-01A-2015_82,905,203533,203575,tournament_rank_unique,False,,1,1,True,0,0.0
2015,wta,2015_44_new_york_us_open_2015-09-04_R64_pennetta_f_niculescu_m,2015-W-SL-USA-01A-2015_87,905,201355,201512,tournament_rank_unique,False,,1,1,True,0,0.0
2015,wta,2015_44_new_york_us_open_2015-09-04_R64_cetkovska_p_wozniacki_c,2015-W-SL-USA-01A-2015_88,905,201508,201496,tournament_rank_unique,False,,1,1,True,0,0.0
2015,wta,2015_44_new_york_us_open_2015-09-04_R32_mladenovic_k_kasatkina_d,2015-W-SL-USA-01A-2015_101,905,201540,214082,tournament_rank_unique,False,,1,1,True,0,0.0
2015,wta,2015_44_new_york_us_open_2015-09-04_R32_makarova_e_svitolina_e,2015-W-SL-USA-01A-2015_102,905,201505,202494,tournament_rank_unique,False,,1,1,True,0,0.0
2015,wta,2015_44_new_york_us_open_2015-09-04_R32_williams_v_bencic_b,2015-W-SL-USA-01A-2015_99,905,200748,202505,tournament_rank_unique,False,,1,1,True,0,0.0
2015,wta,2015_44_new_york_us_open_2015-09-04_R32_vinci_r_duque_marino_m,2015-W-SL-USA-01A-2015_103,905,201311,201531,tournament_rank_unique,False,,1,1,True,0,0.0
2015,wta,2015_44_new_york_us_open_2015-09-04_R32_kontaveit_a_brengle_m,2015-W-SL-USA-01A-2015_100,905,204426,201483,tournament_rank_unique,False,,1,1,True,0,0.0
2015,wta,2015_44_new_york_us_open_2015-09-04_R32_bouchard_e_cibulkova_d,2015-W-SL-USA-01A-2015_104,905,202446,201495,tournament_rank_unique,False,,1,1,True,0,0.0
2015,wta,2015_44_new_york_us_open_2015-09-05_R32_williams_s_mattek_sands_b,2015-W-SL-USA-01A-2015_97,905,200033,201318,tournament_rank_unique,False,,1,1,True,0,0.0
2015,wta,2015_44_new_york_us_open_2015-09-05_R32_keys_m_radwanska_a,2015-W-SL-USA-01A-2015_98,905,201619,201474,tournament_rank_unique,False,,1,1,True,0,0.0
2015,wta,2015_44_new_york_us_open_2015-09-05_R32_konta_j_petkovic_a,2015-W-SL-USA-01A-2015_106,905,202427,201492,tournament_rank_unique,False,,1,1,True,0,0.0
2015,wta,2015_44_new_york_us_open_2015-09-05_R32_kvitova_p_schmiedlova_a,2015-W-SL-USA-01A-2015_105,905,201520,203533,tournament_rank_unique,False,,1,1,True,0,0.0
2015,wta,2015_44_new_york_us_open_2015-09-05_R32_stosur_s_errani_s,2015-W-SL-USA-01A-2015_107,905,201325,201506,tournament_rank_unique,False,,1,1,True,0,0.0
2015,wta,2015_44_new_york_us_open_2015-09-05_R32_azarenka_v_kerber_a,2015-W-SL-USA-01A-2015_110,905,201458,201493,tournament_rank_unique,False,,1,1,True,0,0.0
2015,wta,2015_44_new_york_us_open_2015-09-05_R32_pennetta_f_cetkovska_p,2015-W-SL-USA-01A-2015_108,905,201355,201508,tournament_rank_unique,False,,1,1,True,0,0.0
2015,wta,2015_44_new_york_us_open_2015-09-05_R32_lepchenko_v_barthel_m,2015-W-SL-USA-01A-2015_109,905,201478,201621,tournament_rank_unique,False,,1,1,True,0,0.0
2015,wta,2015_44_new_york_us_open_2015-09-06_R32_lisicki_s_strycova_b,2015-W-SL-USA-01A-2015_111,905,201513,201366,tournament_rank_unique,False,,1,1,True,0,0.0
2015,wta,2015_44_new_york_us_open_2015-09-06_R32_halep_s_rogers_s,2015-W-SL-USA-01A-2015_112,905,201594,201603,tournament_rank_unique,False,,1,1,True,0,0.0
2015,wta,2015_44_new_york_us_open_2015-09-06_R16_williams_v_kontaveit_a,2015-W-SL-USA-01A-2015_114,905,200748,204426,tournament_rank_unique,False,,1,1,True,0,0.0
2015,wta,2015_44_new_york_us_open_2015-09-06_R16_williams_s_keys_m,2015-W-SL-USA-01A-2015_113,905,200033,201619,tournament_rank_unique,False,,1,1,True,0,0.0
2015,wta,2015_44_new_york_us_open_2015-09-07_R16_vinci_r_bouchard_e,2015-W-SL-USA-01A-2015_116,905,201311,202446,tournament_rank_unique,False,,1,1,True,0,0.0
2015,wta,2015_44_new_york_us_open_2015-09-07_R16_mladenovic_k_makarova_e,2015-W-SL-USA-01A-2015_115,905,201540,201505,tournament_rank_unique,False,,1,1,True,0,0.0
2015,wta,2015_44_new_york_us_open_2015-09-07_R16_azarenka_v_lepchenko_v,2015-W-SL-USA-01A-2015_119,905,201458,201478,tournament_rank_unique,False,,1,1,True,0,0.0
2015,wta,2015_44_new_york_us_open_2015-09-07_R16_halep_s_lisicki_s,2015-W-SL-USA-01A-2015_120,905,201594,201513,tournament_rank_unique,False,,1,1,True,0,0.0
2015,wta,2015_44_new_york_us_open_2015-09-07_R16_pennetta_f_stosur_s,2015-W-SL-USA-01A-2015_118,905,201355,201325,tournament_rank_unique,False,,1,1,True,0,0.0
2015,wta,2015_44_new_york_us_open_2015-09-08_R16_kvitova_p_konta_j,2015-W-SL-USA-01A-2015_117,905,201520,202427,tournament_rank_unique,False,,1,1,True,0,0.0
2015,wta,2015_44_new_york_us_open_2015-09-08_QF_vinci_r_mladenovic_k,2015-W-SL-USA-01A-2015_122,905,201311,201540,tournament_rank_unique,False,,1,1,True,0,0.0
2015,wta,2015_44_new_york_us_open_2015-09-09_QF_williams_s_williams_v,2015-W-SL-USA-01A-2015_121,905,200033,200748,tournament_rank_unique,False,,1,1,True,0,0.0
2015,wta,2015_44_new_york_us_open_2015-09-09_QF_pennetta_f_kvitova_p,2015-W-SL-USA-01A-2015_123,905,201355,201520,tournament_rank_unique,False,,1,1,True,0,0.0
2015,wta,2015_44_new_york_us_open_2015-09-09_QF_halep_s_azarenka_v,2015-W-SL-USA-01A-2015_124,905,201594,201458,tournament_rank_unique,False,,1,1,True,0,0.0
2015,wta,2015_44_new_york_us_open_2015-09-11_SF_pennetta_f_halep_s,2015-W-SL-USA-01A-2015_126,905,201355,201594,tournament_rank_unique,False,,1,1,True,0,0.0
2015,wta,2015_44_new_york_us_open_2015-09-11_SF_vinci_r_williams_s,2015-W-SL-USA-01A-2015_125,905,201311,200033,tournament_rank_unique,False,,1,1,True,0,0.0
2015,wta,2015_44_new_york_us_open_2015-09-12_F_pennetta_f_vinci_r,2015-W-SL-USA-01A-2015_127,905,201355,201311,tournament_rank_unique,False,,1,1,True,0,0.0
2015,wta,2015_45_quebec_coupe_banque_nationale_2015-09-14_R32_hlavackova_a_rogers_s,2015-W-INT-CAN-01A-2015_10,656,201599,201603,tournament_rank_unique,False,,1,1,True,0,0.0
2015,wta,2015_45_quebec_coupe_banque_nationale_2015-09-14_R32_ostapenko_j_barthel_m,2015-W-INT-CAN-01A-2015_5,656,211533,201621,tournament_rank_unique,False,,1,1,True,0,0.0
2015,wta,2015_45_quebec_coupe_banque_nationale_2015-09-14_R32_karatantcheva_s_krejcikova_b,2015-W-INT-CAN-01A-2015_7,656,201402,206252,tournament_rank_unique,False,,1,1,True,0,0.0
2015,wta,2015_45_quebec_coupe_banque_nationale_2015-09-14_R32_chirico_l_boserup_j,2015-W-INT-CAN-01A-2015_2,656,211635,202426,tournament_rank_unique,False,,1,1,True,0,0.0
2015,wta,2015_45_quebec_coupe_banque_nationale_2015-09-14_R32_broady_n_kudryavtseva_a,2015-W-INT-CAN-01A-2015_3,656,201648,201485,tournament_rank_unique,False,,1,1,True,0,0.0
2015,wta,2015_45_quebec_coupe_banque_nationale_2015-09-15_R32_beck_a_fichman_s,2015-W-INT-CAN-01A-2015_9,656,202470,201589,tournament_rank_unique,False,,1,1,True,0,0.0
2015,wta,2015_45_quebec_coupe_banque_nationale_2015-09-15_R32_paszek_t_kozlova_k,2015-W-INT-CAN-01A-2015_15,656,201481,203462,tournament_rank_unique,False,,1,1,True,0,0.0
2015,wta,2015_45_quebec_coupe_banque_nationale_2015-09-15_R32_hesse_a_irigoyen_m,2015-W-INT-CAN-01A-2015_11,656,203281,202395,tournament_rank_unique,False,,1,1,True,0,0.0
2015,wta,2015_45_quebec_coupe_banque_nationale_2015-09-15_R32_kania_p_mestach_a_s,2015-W-INT-CAN-01A-2015_8,656,203518,202420,tournament_rank_unique,False,,1,1,True,0,0.0
2015,wta,2015_45_quebec_coupe_banque_nationale_2015-09-15_R32_glatch_a_maria_t,2015-W-INT-CAN-01A-2015_4,656,201443,213583,tournament_rank_unique,False,,1,1,True,0,0.0
2015,wta,2015_45_quebec_coupe_banque_nationale_2015-09-15_R32_pegula_j_gibbs_n,2015-W-INT-CAN-01A-2015_6,656,202468,202484,tournament_rank_unique,False,,1,1,True,0,0.0
2015,wta,2015_45_quebec_coupe_banque_nationale_2015-09-15_R32_rodina_e_vickery_s,2015-W-INT-CAN-01A-2015_13,656,201516,203500,tournament_rank_unique,False,,1,1,True,0,0.0
2015,wta,2015_45_quebec_coupe_banque_nationale_2015-09-15_R32_crawford_s_minella_m,2015-W-INT-CAN-01A-2015_14,656,202496,201605,tournament_rank_unique,False,,1,1,True,0,0.0
2015,wta,2015_45_quebec_coupe_banque_nationale_2015-09-16_R32_lucic_m_abanda_f,2015-W-INT-CAN-01A-2015_16,656,200002,211796,tournament_rank_unique,False,,1,1,True,0,0.0
2015,wta,2015_45_quebec_coupe_banque_nationale_2015-09-16_R32_hradecka_l_vekic_d,2015-W-INT-CAN-01A-2015_12,656,201556,202499,tournament_rank_unique,False,,1,1,True,0,0.0
2015,wta,2015_45_quebec_coupe_banque_nationale_2015-09-16_R16_kania_p_karatantcheva_s,2015-W-INT-CAN-01A-2015_20,656,203518,201402,tournament_rank_unique,False,,1,1,True,0,0.0
2015,wta,2015_45_quebec_coupe_banque_nationale_2015-09-16_R16_beck_a_hlavackova_a,2015-W-INT-CAN-01A-2015_21,656,202470,201599,tournament_rank_unique,False,,1,1,True,0,0.0
2015,wta,2015_45_quebec_coupe_banque_nationale_2015-09-16_R16_ostapenko_j_pegula_j,2015-W-INT-CAN-01A-2015_19,656,211533,202468,tournament_rank_unique,False,,1,1,True,0,0.0
2015,wta,2015_45_quebec_coupe_banque_nationale_2015-09-17_R16_broady_n_glatch_a,2015-W-INT-CAN-01A-2015_18,656,201648,201443,tournament_rank_unique,False,,1,1,True,0,0.0
2015,wta,2015_45_quebec_coupe_banque_nationale_2015-09-17_R16_hradecka_l_hesse_a,2015-W-INT-CAN-01A-2015_22,656,201556,203281,tournament_rank_unique,False,,1,1,True,0,0.0
2015,wta,2015_45_quebec_coupe_banque_nationale_2015-09-17_R16_tatishvili_a_chirico_l,2015-W-INT-CAN-01A-2015_17,656,201588,211635,tournament_rank_unique,False,,1,1,True,0,0.0
2015,wta,2015_45_quebec_coupe_banque_nationale_2015-09-17_R16_crawford_s_rodina_e,2015-W-INT-CAN-01A-2015_23,656,202496,201516,tournament_rank_unique,False,,1,1,True,0,0.0
2015,wta,2015_45_quebec_coupe_banque_nationale_2015-09-18_R16_lucic_m_paszek_t,2015-W-INT-CAN-01A-2015_24,656,200002,201481,tournament_rank_unique,False,,1,1,True,0,0.0
2015,wta,2015_45_quebec_coupe_banque_nationale_2015-09-18_QF_ostapenko_j_kania_p,2015-W-INT-CAN-01A-2015_26,656,211533,203518,tournament_rank_unique,False,,1,1,True,0,0.0
2015,wta,2015_45_quebec_coupe_banque_nationale_2015-09-18_QF_lucic_m_crawford_s,2015-W-INT-CAN-01A-2015_28,656,200002,202496,tournament_rank_unique,False,,1,1,True,0,0.0
2015,wta,2015_45_quebec_coupe_banque_nationale_2015-09-18_QF_broady_n_tatishvili_a,2015-W-INT-CAN-01A-2015_25,656,201648,201588,tournament_rank_unique,False,,1,1,True,0,0.0
2015,wta,2015_45_quebec_coupe_banque_nationale_2015-09-19_QF_beck_a_hradecka_l,2015-W-INT-CAN-01A-2015_27,656,202470,201556,tournament_rank_unique,False,,1,1,True,0,0.0
2015,wta,2015_45_quebec_coupe_banque_nationale_2015-09-19_SF_ostapenko_j_broady_n,2015-W-INT-CAN-01A-2015_29,656,211533,201648,tournament_rank_unique,False,,1,1,True,0,0.0
2015,wta,2015_45_quebec_coupe_banque_nationale_2015-09-19_SF_beck_a_lucic_m,2015-W-INT-CAN-01A-2015_30,656,202470,200002,tournament_rank_unique,False,,1,1,True,0,0.0
2015,wta,2015_45_quebec_coupe_banque_nationale_2015-09-20_F_beck_a_ostapenko_j,2015-W-INT-CAN-01A-2015_31,656,202470,211533,tournament_rank_unique,False,,1,1,True,0,0.0
2015,wta,2015_46_tokyo_japan_women_s_tennis_open_2015-09-14_R32_wickmayer_y_siniakova_k,2015-W-INT-JPN-01A-2015_3,405,201518,211701,tournament_rank_unique,False,,1,1,True,0,0.0
2015,wta,2015_46_tokyo_japan_women_s_tennis_open_2015-09-14_R32_brengle_m_friedsam_a_l,2015-W-INT-JPN-01A-2015_5,405,201483,204431,tournament_rank_unique,False,,1,1,True,0,0.0
2015,wta,2015_46_tokyo_japan_women_s_tennis_open_2015-09-14_R32_date_krumm_k_doi_m,2015-W-INT-JPN-01A-2015_7,405,200617,201595,tournament_rank_unique,False,,1,1,True,0,0.0
2015,wta,2015_46_tokyo_japan_women_s_tennis_open_2015-09-14_R32_mchale_c_putintseva_y,2015-W-INT-JPN-01A-2015_9,405,201539,201709,tournament_rank_unique,False,,1,1,True,0,0.0
2015,wta,2015_46_tokyo_japan_women_s_tennis_open_2015-09-14_R32_tomljanovic_a_babos_t,2015-W-INT-JPN-01A-2015_8,405,201548,201693,tournament_rank_unique,False,,1,1,True,0,0.0
2015,wta,2015_46_tokyo_japan_women_s_tennis_open_2015-09-15_R32_ozaki_r_jovanovski_b,2015-W-INT-JPN-01A-2015_10,405,203552,201587,tournament_rank_unique,False,,1,1,True,0,0.0
2015,wta,2015_46_tokyo_japan_women_s_tennis_open_2015-09-15_R32_falconi_i_osaka_n,2015-W-INT-JPN-01A-2015_11,405,201604,211768,tournament_rank_unique,False,,1,1,True,0,0.0
2015,wta,2015_46_tokyo_japan_women_s_tennis_open_2015-09-15_R32_larsson_j_wang_q,2015-W-INT-JPN-01A-2015_4,405,201596,202492,tournament_rank_unique,False,,1,1,True,0,0.0
2015,wta,2015_46_tokyo_japan_women_s_tennis_open_2015-09-15_R32_zheng_s_riske_a,2015-W-INT-JPN-01A-2015_12,405,202453,201590,tournament_rank_unique,False,,1,1,True,0,0.0
2015,wta,2015_46_tokyo_japan_women_s_tennis_open_2015-09-15_R32_gajdosova_j_panova_a,2015-W-INT-JPN-01A-2015_2,405,201457,201668,tournament_rank_unique,False,,1,1,True,0,0.0
2015,wta,2015_46_tokyo_japan_women_s_tennis_open_2015-09-15_R32_hibino_n_kuwata_h,2015-W-INT-JPN-01A-2015_6,405,211702,206075,tournament_rank_unique,False,,1,1,True,0,0.0
2015,wta,2015_46_tokyo_japan_women_s_tennis_open_2015-09-15_R32_linette_m_davis_l,2015-W-INT-JPN-01A-2015_15,405,202663,201616,tournament_rank_unique,False,,1,1,True,0,0.0
2015,wta,2015_46_tokyo_japan_women_s_tennis_open_2015-09-15_R32_nara_k_mitu_a,2015-W-INT-JPN-01A-2015_14,405,201597,202671,tournament_rank_unique,False,,1,1,True,0,0.0
2015,wta,2015_46_tokyo_japan_women_s_tennis_open_2015-09-15_R32_hsieh_s_w_hercog_p,2015-W-INT-JPN-01A-2015_13,405,201444,201555,tournament_rank_unique,False,,1,1,True,0,0.0
2015,wta,2015_46_tokyo_japan_women_s_tennis_open_2015-09-15_R32_diyas_z_bertens_k,2015-W-INT-JPN-01A-2015_16,405,201610,202428,tournament_rank_unique,False,,1,1,True,0,0.0
2015,wta,2015_46_tokyo_japan_women_s_tennis_open_2015-09-15_R32_bondarenko_k_suarez_navarro_c,2015-W-INT-JPN-01A-2015_1,405,201435,201521,tournament_rank_unique,False,,1,1,True,0,0.0
2015,wta,2015_46_tokyo_japan_women_s_tennis_open_2015-09-16_R16_brengle_m_hibino_n,2015-W-INT-JPN-01A-2015_19,405,201483,211702,tournament_rank_unique,False,,1,1,True,0,0.0
2015,wta,2015_46_tokyo_japan_women_s_tennis_open_2015-09-16_R16_wickmayer_y_larsson_j,2015-W-INT-JPN-01A-2015_18,405,201518,201596,tournament_rank_unique,False,,1,1,True,0,0.0
2015,wta,2015_46_tokyo_japan_women_s_tennis_open_2015-09-16_R16_mchale_c_ozaki_r,2015-W-INT-JPN-01A-2015_21,405,201539,203552,tournament_rank_unique,False,,1,1,True,0,0.0
2015,wta,2015_46_tokyo_japan_women_s_tennis_open_2015-09-16_R16_tomljanovic_a_date_krumm_k,2015-W-INT-JPN-01A-2015_20,405,201548,200617,tournament_rank_unique,False,,1,1,True,0,0.0
2015,wta,2015_46_tokyo_japan_women_s_tennis_open_2015-09-17_R16_bondarenko_k_gajdosova_j,2015-W-INT-JPN-01A-2015_17,405,201435,201457,tournament_rank_unique,False,,1,1,True,0,0.0
2015,wta,2015_46_tokyo_japan_women_s_tennis_open_2015-09-17_R16_linette_m_diyas_z,2015-W-INT-JPN-01A-2015_24,405,202663,201610,tournament_rank_unique,False,,1,1,True,0,0.0
2015,wta,2015_46_tokyo_japan_women_s_tennis_open_2015-09-17_R16_hsieh_s_w_nara_k,2015-W-INT-JPN-01A-2015_23,405,201444,201597,tournament_rank_unique,False,,1,1,True,0,0.0
2015,wta,2015_46_tokyo_japan_women_s_tennis_open_2015-09-17_R16_zheng_s_falconi_i,2015-W-INT-JPN-01A-2015_22,405,202453,201604,tournament_rank_unique,False,,1,1,True,0,0.0
2015,wta,2015_46_tokyo_japan_women_s_tennis_open_2015-09-18_QF_wickmayer_y_bondarenko_k,2015-W-INT-JPN-01A-2015_25,405,201518,201435,tournament_rank_unique,False,,1,1,True,0,0.0
2015,wta,2015_46_tokyo_japan_women_s_tennis_open_2015-09-18_QF_tomljanovic_a_brengle_m,2015-W-INT-JPN-01A-2015_26,405,201548,201483,tournament_rank_unique,False,,1,1,True,0,0.0
2015,wta,2015_46_tokyo_japan_women_s_tennis_open_2015-09-18_QF_linette_m_hsieh_s_w,2015-W-INT-JPN-01A-2015_28,405,202663,201444,tournament_rank_unique,False,,1,1,True,0,0.0
2015,wta,2015_46_tokyo_japan_women_s_tennis_open_2015-09-18_QF_mchale_c_zheng_s,2015-W-INT-JPN-01A-2015_27,405,201539,202453,tournament_rank_unique,False,,1,1,True,0,0.0
2015,wta,2015_46_tokyo_japan_women_s_tennis_open_2015-09-19_SF_wickmayer_y_tomljanovic_a,2015-W-INT-JPN-01A-2015_29,405,201518,201548,tournament_rank_unique,False,,1,1,True,0,0.0
2015,wta,2015_46_tokyo_japan_women_s_tennis_open_2015-09-19_SF_linette_m_mchale_c,2015-W-INT-JPN-01A-2015_30,405,202663,201539,tournament_rank_unique,False,,1,1,True,0,0.0
2015,wta,2015_46_tokyo_japan_women_s_tennis_open_2015-09-20_F_wickmayer_y_linette_m,2015-W-INT-JPN-01A-2015_31,405,201518,202663,tournament_rank_unique,False,,1,1,True,0,0.0
2015,wta,2015_47_guangzhou_guangzhou_open_2015-09-22_R32_errani_s_duan_y_y,2015-W-INT-CHN-02A-2015_5,1023,201506,202504,tournament_rank_unique,False,,1,1,True,0,0.0
2015,wta,2015_47_guangzhou_guangzhou_open_2015-09-22_R32_zheng_s_krunic_a,2015-W-INT-CHN-02A-2015_8,1023,202453,202434,tournament_rank_unique,False,,1,1,True,0,0.0
2015,wta,2015_47_guangzhou_guangzhou_open_2015-09-22_R32_babos_t_yang_z,2015-W-INT-CHN-02A-2015_2,1023,201693,206107,tournament_rank_unique,False,,1,1,True,0,0.0
2015,wta,2015_47_guangzhou_guangzhou_open_2015-09-22_R32_niculescu_m_putintseva_y,2015-W-INT-CHN-02A-2015_13,1023,201512,201709,tournament_rank_unique,False,,1,1,True,0,0.0
2015,wta,2015_47_guangzhou_guangzhou_open_2015-09-22_R32_peterson_r_wang_yaf,2015-W-INT-CHN-02A-2015_14,1023,202490,206374,tournament_rank_unique,False,,1,1,True,0,0.0
2015,wta,2015_47_guangzhou_guangzhou_open_2015-09-22_R32_kontaveit_a_hsieh_s_w,2015-W-INT-CHN-02A-2015_7,1023,204426,201444,tournament_rank_unique,False,,1,1,True,0,0.0
2015,wta,2015_47_guangzhou_guangzhou_open_2015-09-22_R32_zhang_k_l_jabeur_o,2015-W-INT-CHN-02A-2015_6,1023,203576,202460,tournament_rank_unique,False,,1,1,True,0,0.0
2015,wta,2015_47_guangzhou_guangzhou_open_2015-09-22_R32_halep_s_martic_p,2015-W-INT-CHN-02A-2015_1,1023,201594,201549,tournament_rank_unique,False,,1,1,True,0,0.0
2015,wta,2015_47_guangzhou_guangzhou_open_2015-09-22_R32_radwanska_u_wang_q,2015-W-INT-CHN-02A-2015_10,1023,201524,202492,tournament_rank_unique,False,,1,1,True,0,0.0
2015,wta,2015_47_guangzhou_guangzhou_open_2015-09-22_R32_allertova_d_friedsam_a_l,2015-W-INT-CHN-02A-2015_3,1023,202653,204431,tournament_rank_unique,False,,1,1,True,0,0.0
2015,wta,2015_47_guangzhou_guangzhou_open_2015-09-22_R32_kuznetsova_s_hantuchova_d,2015-W-INT-CHN-02A-2015_9,1023,201320,201290,tournament_rank_unique,False,,1,1,True,0,0.0
2015,wta,2015_47_guangzhou_guangzhou_open_2015-09-22_R32_jankovic_j_vesnina_e,2015-W-INT-CHN-02A-2015_12,1023,201347,201455,tournament_rank_unique,False,,1,1,True,0,0.0
2015,wta,2015_47_guangzhou_guangzhou_open_2015-09-22_R32_wickmayer_y_linette_m,2015-W-INT-CHN-02A-2015_15,1023,201518,202663,tournament_rank_unique,False,,1,1,True,0,0.0
2015,wta,2015_47_guangzhou_guangzhou_open_2015-09-22_R32_schiavone_f_zhang_s,2015-W-INT-CHN-02A-2015_11,1023,201212,201533,tournament_rank_unique,False,,1,1,True,0,0.0
2015,wta,2015_47_guangzhou_guangzhou_open_2015-09-22_R32_jovanovski_b_kovinic_d,2015-W-INT-CHN-02A-2015_4,1023,201587,203575,tournament_rank_unique,False,,1,1,True,0,0.0
2015,wta,2015_47_guangzhou_guangzhou_open_2015-09-22_R32_puig_m_petkovic_a,2015-W-INT-CHN-02A-2015_16,1023,201620,201492,tournament_rank_unique,False,,1,1,True,0,0.0
2015,wta,2015_47_guangzhou_guangzhou_open_2015-09-23_R16_errani_s_zhang_k_l,2015-W-INT-CHN-02A-2015_19,1023,201506,203576,tournament_rank_unique,False,,1,1,True,0,0.0
2015,wta,2015_47_guangzhou_guangzhou_open_2015-09-23_R16_zheng_s_kontaveit_a,2015-W-INT-CHN-02A-2015_20,1023,202453,204426,tournament_rank_unique,False,,1,1,True,0,0.0
2015,wta,2015_47_guangzhou_guangzhou_open_2015-09-23_R16_niculescu_m_peterson_r,2015-W-INT-CHN-02A-2015_23,1023,201512,202490,tournament_rank_unique,False,,1,1,True,0,0.0
2015,wta,2015_47_guangzhou_guangzhou_open_2015-09-23_R16_wickmayer_y_puig_m,2015-W-INT-CHN-02A-2015_24,1023,201518,201620,tournament_rank_unique,False,,1,1,True,0,0.0
2015,wta,2015_47_guangzhou_guangzhou_open_2015-09-23_R16_jankovic_j_schiavone_f,2015-W-INT-CHN-02A-2015_22,1023,201347,201212,tournament_rank_unique,False,,1,1,True,0,0.0
2015,wta,2015_47_guangzhou_guangzhou_open_2015-09-23_R16_kuznetsova_s_radwanska_u,2015-W-INT-CHN-02A-2015_21,1023,201320,201524,tournament_rank_unique,False,,1,1,True,0,0.0
2015,wta,2015_47_guangzhou_guangzhou_open_2015-09-23_R16_allertova_d_jovanovski_b,2015-W-INT-CHN-02A-2015_18,1023,202653,201587,tournament_rank_unique,False,,1,1,True,0,0.0
2015,wta,2015_47_guangzhou_guangzhou_open_2015-09-23_R16_halep_s_babos_t,2015-W-INT-CHN-02A-2015_17,1023,201594,201693,tournament_rank_unique,False,,1,1,True,0,0.0
2015,wta,2015_47_guangzhou_guangzhou_open_2015-09-24_QF_wickmayer_y_niculescu_m,2015-W-INT-CHN-02A-2015_28,1023,201518,201512,tournament_rank_unique,False,,1,1,True,0,0.0
2015,wta,2015_47_guangzhou_guangzhou_open_2015-09-24_QF_jankovic_j_kuznetsova_s,2015-W-INT-CHN-02A-2015_27,1023,201347,201320,tournament_rank_unique,False,,1,1,True,0,0.0
2015,wta,2015_47_guangzhou_guangzhou_open_2015-09-24_QF_errani_s_zheng_s,2015-W-INT-CHN-02A-2015_26,1023,201506,202453,tournament_rank_unique,False,,1,1,True,0,0.0
2015,wta,2015_47_guangzhou_guangzhou_open_2015-09-24_QF_allertova_d_halep_s,2015-W-INT-CHN-02A-2015_25,1023,202653,201594,tournament_rank_unique,False,,1,1,True,0,0.0
2015,wta,2015_47_guangzhou_guangzhou_open_2015-09-25_SF_jankovic_j_wickmayer_y,2015-W-INT-CHN-02A-2015_30,1023,201347,201518,tournament_rank_unique,False,,1,1,True,0,0.0
2015,wta,2015_47_guangzhou_guangzhou_open_2015-09-25_SF_allertova_d_errani_s,2015-W-INT-CHN-02A-2015_29,1023,202653,201506,tournament_rank_unique,False,,1,1,True,0,0.0
2015,wta,2015_47_guangzhou_guangzhou_open_2015-09-26_F_jankovic_j_allertova_d,2015-W-INT-CHN-02A-2015_31,1023,201347,202653,tournament_rank_unique,False,,1,1,True,0,0.0
2015,wta,2015_48_seoul_kia_korea_open_2015-09-21_R32_hercog_p_davis_l,2015-W-INT-KOR-01A-2015_2,1024,201555,201616,tournament_rank_unique,False,,1,1,True,0,0.0
2015,wta,2015_48_seoul_kia_korea_open_2015-09-21_R32_goerges_j_arruabarrena_l,2015-W-INT-KOR-01A-2015_4,1024,201504,202418,tournament_rank_unique,False,,1,1,True,0,0.0
2015,wta,2015_48_seoul_kia_korea_open_2015-09-21_R32_van_uytvanck_a_mitu_a,2015-W-INT-KOR-01A-2015_8,1024,202421,202671,tournament_rank_unique,False,,1,1,True,0,0.0
2015,wta,2015_48_seoul_kia_korea_open_2015-09-21_R32_rybarikova_m_koukalova_k,2015-W-INT-KOR-01A-2015_10,1024,201517,201344,tournament_rank_unique,False,,1,1,True,0,0.0
2015,wta,2015_48_seoul_kia_korea_open_2015-09-21_R32_barthel_m_jang_s_j,2015-W-INT-KOR-01A-2015_13,1024,201621,204294,tournament_rank_unique,False,,1,1,True,0,0.0
2015,wta,2015_48_seoul_kia_korea_open_2015-09-21_R32_duque_marino_m_bertens_k,2015-W-INT-KOR-01A-2015_14,1024,201531,202428,tournament_rank_unique,False,,1,1,True,0,0.0
2015,wta,2015_48_seoul_kia_korea_open_2015-09-21_R32_schmiedlova_a_pliskova_kr,2015-W-INT-KOR-01A-2015_16,1024,203533,201697,tournament_rank_unique,False,,1,1,True,0,0.0
2015,wta,2015_48_seoul_kia_korea_open_2015-09-22_R32_siniakova_k_falconi_i,2015-W-INT-KOR-01A-2015_7,1024,211701,201604,tournament_rank_unique,False,,1,1,True,0,0.0
2015,wta,2015_48_seoul_kia_korea_open_2015-09-22_R32_kulichkova_e_watson_h,2015-W-INT-KOR-01A-2015_6,1024,206404,201586,tournament_rank_unique,False,,1,1,True,0,0.0
2015,wta,2015_48_seoul_kia_korea_open_2015-09-22_R32_lepchenko_v_badosa_gibert_p,2015-W-INT-KOR-01A-2015_5,1024,201478,211651,tournament_rank_unique,False,,1,1,True,0,0.0
2015,wta,2015_48_seoul_kia_korea_open_2015-09-22_R32_mchale_c_shvedova_y,2015-W-INT-KOR-01A-2015_15,1024,201539,201468,tournament_rank_unique,False,,1,1,True,0,0.0
2015,wta,2015_48_seoul_kia_korea_open_2015-09-22_R32_stephens_s_han_n_l,2015-W-INT-KOR-01A-2015_12,1024,201585,204291,tournament_rank_unique,False,,1,1,True,0,0.0
2015,wta,2015_48_seoul_kia_korea_open_2015-09-22_R32_larsson_j_melichar_n,2015-W-INT-KOR-01A-2015_3,1024,201596,203414,tournament_rank_unique,False,,1,1,True,0,0.0
2015,wta,2015_48_seoul_kia_korea_open_2015-09-22_R32_sasnovich_a_dulgheru_a,2015-W-INT-KOR-01A-2015_9,1024,205925,201567,tournament_rank_unique,False,,1,1,True,0,0.0
2015,wta,2015_48_seoul_kia_korea_open_2015-09-22_R32_begu_i_kozlova_k,2015-W-INT-KOR-01A-2015_1,1024,201593,203462,tournament_rank_unique,False,,1,1,True,0,0.0
2015,wta,2015_48_seoul_kia_korea_open_2015-09-23_R16_barthel_m_duque_marino_m,2015-W-INT-KOR-01A-2015_23,1024,201621,201531,tournament_rank_unique,False,,1,1,True,0,0.0
2015,wta,2015_48_seoul_kia_korea_open_2015-09-23_R16_van_uytvanck_a_siniakova_k,2015-W-INT-KOR-01A-2015_20,1024,202421,211701,tournament_rank_unique,False,,1,1,True,0,0.0
2015,wta,2015_48_seoul_kia_korea_open_2015-09-23_R16_schmiedlova_a_mchale_c,2015-W-INT-KOR-01A-2015_24,1024,203533,201539,tournament_rank_unique,False,,1,1,True,0,0.0
2015,wta,2015_48_seoul_kia_korea_open_2015-09-23_R16_larsson_j_goerges_j,2015-W-INT-KOR-01A-2015_18,1024,201596,201504,tournament_rank_unique,False,,1,1,True,0,0.0
2015,wta,2015_48_seoul_kia_korea_open_2015-09-24_R16_sasnovich_a_rybarikova_m,2015-W-INT-KOR-01A-2015_21,1024,205925,201517,tournament_rank_unique,False,,1,1,True,0,0.0
2015,wta,2015_48_seoul_kia_korea_open_2015-09-24_R16_kulichkova_e_lepchenko_v,2015-W-INT-KOR-01A-2015_19,1024,206404,201478,tournament_rank_unique,False,,1,1,True,0,0.0
2015,wta,2015_48_seoul_kia_korea_open_2015-09-24_R16_begu_i_hercog_p,2015-W-INT-KOR-01A-2015_17,1024,201593,201555,tournament_rank_unique,False,,1,1,True,0,0.0
2015,wta,2015_48_seoul_kia_korea_open_2015-09-25_QF_schmiedlova_a_barthel_m,2015-W-INT-KOR-01A-2015_28,1024,203533,201621,tournament_rank_unique,False,,1,1,True,0,0.0
2015,wta,2015_48_seoul_kia_korea_open_2015-09-25_QF_begu_i_larsson_j,2015-W-INT-KOR-01A-2015_25,1024,201593,201596,tournament_rank_unique,False,,1,1,True,0,0.0
2015,wta,2015_48_seoul_kia_korea_open_2015-09-25_QF_van_uytvanck_a_kulichkova_e,2015-W-INT-KOR-01A-2015_26,1024,202421,206404,tournament_rank_unique,False,,1,1,True,0,0.0
2015,wta,2015_48_seoul_kia_korea_open_2015-09-25_QF_sasnovich_a_stephens_s,2015-W-INT-KOR-01A-2015_27,1024,205925,201585,tournament_rank_unique,False,,1,1,True,0,0.0
2015,wta,2015_48_seoul_kia_korea_open_2015-09-26_SF_sasnovich_a_schmiedlova_a,2015-W-INT-KOR-01A-2015_30,1024,205925,203533,tournament_rank_unique,False,,1,1,True,0,0.0
2015,wta,2015_48_seoul_kia_korea_open_2015-09-26_SF_begu_i_van_uytvanck_a,2015-W-INT-KOR-01A-2015_29,1024,201593,202421,tournament_rank_unique,False,,1,1,True,0,0.0
2015,wta,2015_48_seoul_kia_korea_open_2015-09-27_F_begu_i_sasnovich_a,2015-W-INT-KOR-01A-2015_31,1024,201593,205925,tournament_rank_unique,False,,1,1,True,0,0.0
2015,wta,2015_49_tokyo_toray_pan_pacific_open_2015-09-21_R32_strycova_b_osaka_n,2015-W-P700-JPN-01A-2015_4,1056,201366,211768,tournament_rank_unique,False,,1,1,True,0,0.0
2015,wta,2015_49_tokyo_toray_pan_pacific_open_2015-09-21_R32_giorgi_c_garcia_c,2015-W-P700-JPN-01A-2015_12,1056,202429,201614,tournament_rank_unique,False,,1,1,True,0,0.0
2015,wta,2015_49_tokyo_toray_pan_pacific_open_2015-09-21_R32_radwanska_a_vandeweghe_c,2015-W-P700-JPN-01A-2015_7,1056,201474,201535,tournament_rank_unique,False,,1,1,True,0,0.0
2015,wta,2015_49_tokyo_toray_pan_pacific_open_2015-09-22_R32_konjuh_a_mladenovic_k,2015-W-P700-JPN-01A-2015_1,1056,211951,201540,tournament_rank_unique,False,,1,1,True,0,0.0
2015,wta,2015_49_tokyo_toray_pan_pacific_open_2015-09-22_R32_stosur_s_riske_a,2015-W-P700-JPN-01A-2015_5,1056,201325,201590,tournament_rank_unique,False,,1,1,True,0,0.0
2015,wta,2015_49_tokyo_toray_pan_pacific_open_2015-09-22_R32_brengle_m_diyas_z,2015-W-P700-JPN-01A-2015_2,1056,201483,201610,tournament_rank_unique,False,,1,1,True,0,0.0
2015,wta,2015_49_tokyo_toray_pan_pacific_open_2015-09-22_R32_kerber_a_gavrilova_d,2015-W-P700-JPN-01A-2015_3,1056,201493,201611,tournament_rank_unique,False,,1,1,True,0,0.0
2015,wta,2015_49_tokyo_toray_pan_pacific_open_2015-09-22_R32_suarez_navarro_c_bondarenko_k,2015-W-P700-JPN-01A-2015_10,1056,201521,201435,tournament_rank_unique,False,,1,1,True,0,0.0
2015,wta,2015_49_tokyo_toray_pan_pacific_open_2015-09-22_R32_nara_k_doi_m,2015-W-P700-JPN-01A-2015_9,1056,201597,201595,tournament_rank_unique,False,,1,1,True,0,0.0
2015,wta,2015_49_tokyo_toray_pan_pacific_open_2015-09-22_R32_svitolina_e_savchuk_o,2015-W-P700-JPN-01A-2015_8,1056,202494,201456,tournament_rank_unique,False,,1,1,True,0,0.0
2015,wta,2015_49_tokyo_toray_pan_pacific_open_2015-09-22_R32_bencic_b_xu_y_f,2015-W-P700-JPN-01A-2015_6,1056,202505,201703,tournament_rank_unique,False,,1,1,True,0,0.0
2015,wta,2015_49_tokyo_toray_pan_pacific_open_2015-09-22_R32_cibulkova_d_lucic_m,2015-W-P700-JPN-01A-2015_11,1056,201495,200002,tournament_rank_unique,False,,1,1,True,0,0.0
2015,wta,2015_49_tokyo_toray_pan_pacific_open_2015-09-23_R16_muguruza_g_strycova_b,2015-W-P700-JPN-01A-2015_15,1056,202469,201366,tournament_rank_unique,False,,1,1,True,0,0.0
2015,wta,2015_49_tokyo_toray_pan_pacific_open_2015-09-23_R16_bencic_b_stosur_s,2015-W-P700-JPN-01A-2015_16,1056,202505,201325,tournament_rank_unique,False,,1,1,True,0,0.0
2015,wta,2015_49_tokyo_toray_pan_pacific_open_2015-09-23_R16_kerber_a_brengle_m,2015-W-P700-JPN-01A-2015_14,1056,201493,201483,tournament_rank_unique,False,,1,1,True,0,0.0
2015,wta,2015_49_tokyo_toray_pan_pacific_open_2015-09-23_R16_wozniacki_c_konjuh_a,2015-W-P700-JPN-01A-2015_13,1056,201496,211951,tournament_rank_unique,False,,1,1,True,0,0.0
2015,wta,2015_49_tokyo_toray_pan_pacific_open_2015-09-24_R16_cibulkova_d_suarez_navarro_c,2015-W-P700-JPN-01A-2015_19,1056,201495,201521,tournament_rank_unique,False,,1,1,True,0,0.0
2015,wta,2015_49_tokyo_toray_pan_pacific_open_2015-09-24_R16_pliskova_ka_nara_k,2015-W-P700-JPN-01A-2015_18,1056,201662,201597,tournament_rank_unique,False,,1,1,True,0,0.0
2015,wta,2015_49_tokyo_toray_pan_pacific_open_2015-09-24_R16_radwanska_a_svitolina_e,2015-W-P700-JPN-01A-2015_17,1056,201474,202494,tournament_rank_unique,False,,1,1,True,0,0.0
2015,wta,2015_49_tokyo_toray_pan_pacific_open_2015-09-24_R16_ivanovic_a_giorgi_c,2015-W-P700-JPN-01A-2015_20,1056,201421,202429,tournament_rank_unique,False,,1,1,True,0,0.0
2015,wta,2015_49_tokyo_toray_pan_pacific_open_2015-09-25_QF_bencic_b_muguruza_g,2015-W-P700-JPN-01A-2015_22,1056,202505,202469,tournament_rank_unique,False,,1,1,True,0,0.0
2015,wta,2015_49_tokyo_toray_pan_pacific_open_2015-09-25_QF_wozniacki_c_kerber_a,2015-W-P700-JPN-01A-2015_21,1056,201496,201493,tournament_rank_unique,False,,1,1,True,0,0.0
2015,wta,2015_49_tokyo_toray_pan_pacific_open_2015-09-25_QF_radwanska_a_pliskova_ka,2015-W-P700-JPN-01A-2015_23,1056,201474,201662,tournament_rank_unique,False,,1,1,True,0,0.0
2015,wta,2015_49_tokyo_toray_pan_pacific_open_2015-09-25_QF_cibulkova_d_ivanovic_a,2015-W-P700-JPN-01A-2015_24,1056,201495,201421,tournament_rank_unique,False,,1,1,True,0,0.0
2015,wta,2015_49_tokyo_toray_pan_pacific_open_2015-09-26_SF_bencic_b_wozniacki_c,2015-W-P700-JPN-01A-2015_25,1056,202505,201496,tournament_rank_unique,False,,1,1,True,0,0.0
2015,wta,2015_49_tokyo_toray_pan_pacific_open_2015-09-26_SF_radwanska_a_cibulkova_d,2015-W-P700-JPN-01A-2015_26,1056,201474,201495,tournament_rank_unique,False,,1,1,True,0,0.0
2015,wta,2015_49_tokyo_toray_pan_pacific_open_2015-09-27_F_radwanska_a_bencic_b,2015-W-P700-JPN-01A-2015_27,1056,201474,202505,tournament_rank_unique,False,,1,1,True,0,0.0
2015,wta,2015_50_tashkent_tashkent_open_2015-09-28_R32_hibino_n_kalinina_a,2015-W-INT-UZB-01A-2015_6,825,211702,211843,tournament_rank_unique,False,,1,1,True,0,0.0
2015,wta,2015_50_tashkent_tashkent_open_2015-09-28_R32_witthoeft_c_pliskova_kr,2015-W-INT-UZB-01A-2015_16,825,202489,201697,tournament_rank_unique,False,,1,1,True,0,0.0
2015,wta,2015_50_tashkent_tashkent_open_2015-09-28_R32_gasparyan_m_panova_a,2015-W-INT-UZB-01A-2015_13,825,202506,201668,tournament_rank_unique,False,,1,1,True,0,0.0
2015,wta,2015_50_tashkent_tashkent_open_2015-09-28_R32_friedsam_a_l_vesnina_e,2015-W-INT-UZB-01A-2015_14,825,204431,201455,tournament_rank_unique,False,,1,1,True,0,0.0
2015,wta,2015_50_tashkent_tashkent_open_2015-09-29_R32_jovanovski_b_ostapenko_j,2015-W-INT-UZB-01A-2015_4,825,201587,211533,tournament_rank_unique,False,,1,1,True,0,0.0
2015,wta,2015_50_tashkent_tashkent_open_2015-09-29_R32_shvedova_y_mitu_a,2015-W-INT-UZB-01A-2015_9,825,201468,202671,tournament_rank_unique,False,,1,1,True,0,0.0
2015,wta,2015_50_tashkent_tashkent_open_2015-09-29_R32_rodina_e_radwanska_u,2015-W-INT-UZB-01A-2015_10,825,201516,201524,tournament_rank_unique,False,,1,1,True,0,0.0
2015,wta,2015_50_tashkent_tashkent_open_2015-09-29_R32_kozlova_k_koukalova_k,2015-W-INT-UZB-01A-2015_7,825,203462,201344,tournament_rank_unique,False,,1,1,True,0,0.0
2015,wta,2015_50_tashkent_tashkent_open_2015-09-29_R32_siniakova_k_kania_p,2015-W-INT-UZB-01A-2015_8,825,211701,203518,tournament_rank_unique,False,,1,1,True,0,0.0
2015,wta,2015_50_tashkent_tashkent_open_2015-09-29_R32_abduraimova_n_martic_p,2015-W-INT-UZB-01A-2015_11,825,201672,201549,tournament_rank_unique,False,,1,1,True,0,0.0
2015,wta,2015_50_tashkent_tashkent_open_2015-09-29_R32_krunic_a_kontaveit_a,2015-W-INT-UZB-01A-2015_3,825,202434,204426,tournament_rank_unique,False,,1,1,True,0,0.0
2015,wta,2015_50_tashkent_tashkent_open_2015-09-29_R32_larsson_j_voegele_s,2015-W-INT-UZB-01A-2015_12,825,201596,201527,tournament_rank_unique,False,,1,1,True,0,0.0
2015,wta,2015_50_tashkent_tashkent_open_2015-09-29_R32_cepelova_j_sharipova_s,2015-W-INT-UZB-01A-2015_2,825,202450,201674,tournament_rank_unique,False,,1,1,True,0,0.0
2015,wta,2015_50_tashkent_tashkent_open_2015-09-29_R32_vekic_d_bertens_k,2015-W-INT-UZB-01A-2015_15,825,202499,202428,tournament_rank_unique,False,,1,1,True,0,0.0
2015,wta,2015_50_tashkent_tashkent_open_2015-09-29_R32_sasnovich_a_hercog_p,2015-W-INT-UZB-01A-2015_5,825,205925,201555,tournament_rank_unique,False,,1,1,True,0,0.0
2015,wta,2015_50_tashkent_tashkent_open_2015-09-30_R16_jovanovski_b_krunic_a,2015-W-INT-UZB-01A-2015_18,825,201587,202434,tournament_rank_unique,False,,1,1,True,0,0.0
2015,wta,2015_50_tashkent_tashkent_open_2015-09-30_R16_rodina_e_shvedova_y,2015-W-INT-UZB-01A-2015_21,825,201516,201468,tournament_rank_unique,False,,1,1,True,0,0.0
2015,wta,2015_50_tashkent_tashkent_open_2015-09-30_R16_larsson_j_abduraimova_n,2015-W-INT-UZB-01A-2015_22,825,201596,201672,tournament_rank_unique,False,,1,1,True,0,0.0
2015,wta,2015_50_tashkent_tashkent_open_2015-09-30_R16_kozlova_k_siniakova_k,2015-W-INT-UZB-01A-2015_20,825,203462,211701,tournament_rank_unique,False,,1,1,True,0,0.0
2015,wta,2015_50_tashkent_tashkent_open_2015-09-30_R16_friedsam_a_l_gasparyan_m,2015-W-INT-UZB-01A-2015_23,825,204431,202506,tournament_rank_unique,False,,1,1,True,0,0.0
2015,wta,2015_50_tashkent_tashkent_open_2015-09-30_R16_hibino_n_sasnovich_a,2015-W-INT-UZB-01A-2015_19,825,211702,205925,tournament_rank_unique,False,,1,1,True,0,0.0
2015,wta,2015_50_tashkent_tashkent_open_2015-09-30_R16_vekic_d_witthoeft_c,2015-W-INT-UZB-01A-2015_24,825,202499,202489,tournament_rank_unique,False,,1,1,True,0,0.0
2015,wta,2015_50_tashkent_tashkent_open_2015-10-01_QF_vekic_d_friedsam_a_l,2015-W-INT-UZB-01A-2015_28,825,202499,204431,tournament_rank_unique,False,,1,1,True,0,0.0
2015,wta,2015_50_tashkent_tashkent_open_2015-10-01_QF_hibino_n_kozlova_k,2015-W-INT-UZB-01A-2015_26,825,211702,203462,tournament_rank_unique,False,,1,1,True,0,0.0
2015,wta,2015_50_tashkent_tashkent_open_2015-10-01_QF_rodina_e_larsson_j,2015-W-INT-UZB-01A-2015_27,825,201516,201596,tournament_rank_unique,False,,1,1,True,0,0.0
2015,wta,2015_50_tashkent_tashkent_open_2015-10-02_SF_hibino_n_jovanovski_b,2015-W-INT-UZB-01A-2015_29,825,211702,201587,tournament_rank_unique,False,,1,1,True,0,0.0
2015,wta,2015_50_tashkent_tashkent_open_2015-10-02_SF_vekic_d_rodina_e,2015-W-INT-UZB-01A-2015_30,825,202499,201516,tournament_rank_unique,False,,1,1,True,0,0.0
2015,wta,2015_50_tashkent_tashkent_open_2015-10-03_F_hibino_n_vekic_d,2015-W-INT-UZB-01A-2015_31,825,211702,202499,tournament_rank_unique,False,,1,1,True,0,0.0
2015,wta,2015_51_wuhan_wuhan_open_2015-09-27_R64_gavrilova_d_pereira_t,2015-W-P5-CHN-01A-2015_7,1075,201611,202694,tournament_rank_unique,False,,1,1,True,0,0.0
2015,wta,2015_51_wuhan_wuhan_open_2015-09-27_R64_lucic_m_stosur_s,2015-W-P5-CHN-01A-2015_12,1075,200002,201325,tournament_rank_unique,False,,1,1,True,0,0.0
2015,wta,2015_51_wuhan_wuhan_open_2015-09-27_R64_konta_j_petkovic_a,2015-W-P5-CHN-01A-2015_3,1075,202427,201492,tournament_rank_unique,False,,1,1,True,0,0.0
2015,wta,2015_51_wuhan_wuhan_open_2015-09-27_R64_lepchenko_v_zheng_s,2015-W-P5-CHN-01A-2015_11,1075,201478,202453,tournament_rank_unique,False,,1,1,True,0,0.0
2015,wta,2015_51_wuhan_wuhan_open_2015-09-27_R64_strycova_b_babos_t,2015-W-P5-CHN-01A-2015_24,1075,201366,201693,tournament_rank_unique,False,,1,1,True,0,0.0
2015,wta,2015_51_wuhan_wuhan_open_2015-09-27_R64_svitolina_e_hantuchova_d,2015-W-P5-CHN-01A-2015_10,1075,202494,201290,tournament_rank_unique,False,,1,1,True,0,0.0
2015,wta,2015_51_wuhan_wuhan_open_2015-09-27_R64_pavlyuchenkova_a_kuznetsova_s,2015-W-P5-CHN-01A-2015_1,1075,201499,201320,tournament_rank_unique,False,,1,1,True,0,0.0
2015,wta,2015_51_wuhan_wuhan_open_2015-09-27_R64_vandeweghe_c_tsurenko_l,2015-W-P5-CHN-01A-2015_23,1075,201535,201615,tournament_rank_unique,False,,1,1,True,0,0.0
2015,wta,2015_51_wuhan_wuhan_open_2015-09-27_R64_goerges_j_cornet_a,2015-W-P5-CHN-01A-2015_5,1075,201504,201427,tournament_rank_unique,False,,1,1,True,0,0.0
2015,wta,2015_51_wuhan_wuhan_open_2015-09-27_R64_azarenka_v_davis_l,2015-W-P5-CHN-01A-2015_2,1075,201458,201616,tournament_rank_unique,False,,1,1,True,0,0.0
2015,wta,2015_51_wuhan_wuhan_open_2015-09-27_R64_niculescu_m_liu_f,2015-W-P5-CHN-01A-2015_6,1075,201512,203578,tournament_rank_unique,False,,1,1,True,0,0.0
2015,wta,2015_51_wuhan_wuhan_open_2015-09-28_R64_vinci_r_kovinic_d,2015-W-P5-CHN-01A-2015_9,1075,201311,203575,tournament_rank_unique,False,,1,1,True,0,0.0
2015,wta,2015_51_wuhan_wuhan_open_2015-09-28_R64_ivanovic_a_dulgheru_a,2015-W-P5-CHN-01A-2015_15,1075,201421,201567,tournament_rank_unique,False,,1,1,True,0,0.0
2015,wta,2015_51_wuhan_wuhan_open_2015-09-28_R64_brengle_m_cibulkova_d,2015-W-P5-CHN-01A-2015_14,1075,201483,201495,tournament_rank_unique,False,,1,1,True,0,0.0
2015,wta,2015_51_wuhan_wuhan_open_2015-09-28_R64_stephens_s_riske_a,2015-W-P5-CHN-01A-2015_13,1075,201585,201590,tournament_rank_unique,False,,1,1,True,0,0.0
2015,wta,2015_51_wuhan_wuhan_open_2015-09-28_R64_jankovic_j_watson_h,2015-W-P5-CHN-01A-2015_19,1075,201347,201586,tournament_rank_unique,False,,1,1,True,0,0.0
2015,wta,2015_51_wuhan_wuhan_open_2015-09-28_R64_schmiedlova_a_duque_marino_m,2015-W-P5-CHN-01A-2015_18,1075,203533,201531,tournament_rank_unique,False,,1,1,True,0,0.0
2015,wta,2015_51_wuhan_wuhan_open_2015-09-28_R64_mladenovic_k_tig_p_m,2015-W-P5-CHN-01A-2015_17,1075,201540,206255,tournament_rank_unique,False,,1,1,True,0,0.0
2015,wta,2015_51_wuhan_wuhan_open_2015-09-28_R64_giorgi_c_pironkova_t,2015-W-P5-CHN-01A-2015_20,1075,202429,201450,tournament_rank_unique,False,,1,1,True,0,0.0
2015,wta,2015_51_wuhan_wuhan_open_2015-09-28_R64_garcia_c_errani_s,2015-W-P5-CHN-01A-2015_22,1075,201614,201506,tournament_rank_unique,False,,1,1,True,0,0.0
2015,wta,2015_51_wuhan_wuhan_open_2015-09-28_R64_keys_m_rybarikova_m,2015-W-P5-CHN-01A-2015_16,1075,201619,201517,tournament_rank_unique,False,,1,1,True,0,0.0
2015,wta,2015_51_wuhan_wuhan_open_2015-09-28_R64_bencic_b_tomljanovic_a,2015-W-P5-CHN-01A-2015_21,1075,202505,201548,tournament_rank_unique,False,,1,1,True,0,0.0
2015,wta,2015_51_wuhan_wuhan_open_2015-09-28_R64_begu_i_diyas_z,2015-W-P5-CHN-01A-2015_8,1075,201593,201610,tournament_rank_unique,False,,1,1,True,0,0.0
2015,wta,2015_51_wuhan_wuhan_open_2015-09-28_R64_williams_v_radwanska_a,2015-W-P5-CHN-01A-2015_4,1075,200748,201474,tournament_rank_unique,False,,1,1,True,0,0.0
2015,wta,2015_51_wuhan_wuhan_open_2015-09-28_R32_pliskova_ka_lucic_m,2015-W-P5-CHN-01A-2015_32,1075,201662,200002,tournament_rank_unique,False,,1,1,True,0,0.0
2015,wta,2015_51_wuhan_wuhan_open_2015-09-28_R32_strycova_b_sharapova_m,2015-W-P5-CHN-01A-2015_40,1075,201366,201345,tournament_rank_unique,False,,1,1,True,0,0.0
2015,wta,2015_51_wuhan_wuhan_open_2015-09-29_R32_ivanovic_a_brengle_m,2015-W-P5-CHN-01A-2015_34,1075,201421,201483,tournament_rank_unique,False,,1,1,True,0,0.0
2015,wta,2015_51_wuhan_wuhan_open_2015-09-29_R32_kerber_a_jankovic_j,2015-W-P5-CHN-01A-2015_37,1075,201493,201347,tournament_rank_unique,False,,1,1,True,0,0.0
2015,wta,2015_51_wuhan_wuhan_open_2015-09-29_R32_mladenovic_k_keys_m,2015-W-P5-CHN-01A-2015_35,1075,201540,201619,tournament_rank_unique,False,,1,1,True,0,0.0
2015,wta,2015_51_wuhan_wuhan_open_2015-09-29_R32_svitolina_e_lepchenko_v,2015-W-P5-CHN-01A-2015_31,1075,202494,201478,tournament_rank_unique,False,,1,1,True,0,0.0
2015,wta,2015_51_wuhan_wuhan_open_2015-09-29_R32_suarez_navarro_c_niculescu_m,2015-W-P5-CHN-01A-2015_28,1075,201521,201512,tournament_rank_unique,False,,1,1,True,0,0.0
2015,wta,2015_51_wuhan_wuhan_open_2015-09-29_R32_vandeweghe_c_garcia_c,2015-W-P5-CHN-01A-2015_39,1075,201535,201614,tournament_rank_unique,False,,1,1,True,0,0.0
2015,wta,2015_51_wuhan_wuhan_open_2015-09-29_R32_giorgi_c_bencic_b,2015-W-P5-CHN-01A-2015_38,1075,202429,202505,tournament_rank_unique,False,,1,1,True,0,0.0
2015,wta,2015_51_wuhan_wuhan_open_2015-09-29_R32_schmiedlova_a_wozniacki_c,2015-W-P5-CHN-01A-2015_36,1075,203533,201496,tournament_rank_unique,False,,1,1,True,0,0.0
2015,wta,2015_51_wuhan_wuhan_open_2015-09-29_R32_konta_j_azarenka_v,2015-W-P5-CHN-01A-2015_26,1075,202427,201458,tournament_rank_unique,False,,1,1,True,0,0.0
2015,wta,2015_51_wuhan_wuhan_open_2015-09-29_R32_vinci_r_begu_i,2015-W-P5-CHN-01A-2015_30,1075,201311,201593,tournament_rank_unique,False,,1,1,True,0,0.0
2015,wta,2015_51_wuhan_wuhan_open_2015-09-29_R32_williams_v_goerges_j,2015-W-P5-CHN-01A-2015_27,1075,200748,201504,tournament_rank_unique,False,,1,1,True,0,0.0
2015,wta,2015_51_wuhan_wuhan_open_2015-09-29_R32_muguruza_g_stephens_s,2015-W-P5-CHN-01A-2015_33,1075,202469,201585,tournament_rank_unique,False,,1,1,True,0,0.0
2015,wta,2015_51_wuhan_wuhan_open_2015-09-29_R32_kvitova_p_gavrilova_d,2015-W-P5-CHN-01A-2015_29,1075,201520,201611,tournament_rank_unique,False,,1,1,True,0,0.0
2015,wta,2015_51_wuhan_wuhan_open_2015-09-29_R32_halep_s_pavlyuchenkova_a,2015-W-P5-CHN-01A-2015_25,1075,201594,201499,tournament_rank_unique,False,,1,1,True,0,0.0
2015,wta,2015_51_wuhan_wuhan_open_2015-09-30_R16_muguruza_g_ivanovic_a,2015-W-P5-CHN-01A-2015_45,1075,202469,201421,tournament_rank_unique,False,,1,1,True,0,0.0
2015,wta,2015_51_wuhan_wuhan_open_2015-09-30_R16_williams_v_suarez_navarro_c,2015-W-P5-CHN-01A-2015_42,1075,200748,201521,tournament_rank_unique,False,,1,1,True,0,0.0
2015,wta,2015_51_wuhan_wuhan_open_2015-09-30_R16_vinci_r_kvitova_p,2015-W-P5-CHN-01A-2015_43,1075,201311,201520,tournament_rank_unique,False,,1,1,True,0,0.0
2015,wta,2015_51_wuhan_wuhan_open_2015-09-30_R16_schmiedlova_a_mladenovic_k,2015-W-P5-CHN-01A-2015_46,1075,203533,201540,tournament_rank_unique,False,,1,1,True,0,0.0
2015,wta,2015_51_wuhan_wuhan_open_2015-09-30_R16_konta_j_halep_s,2015-W-P5-CHN-01A-2015_41,1075,202427,201594,tournament_rank_unique,False,,1,1,True,0,0.0
2015,wta,2015_51_wuhan_wuhan_open_2015-09-30_R16_pliskova_ka_svitolina_e,2015-W-P5-CHN-01A-2015_44,1075,201662,202494,tournament_rank_unique,False,,1,1,True,0,0.0
2015,wta,2015_51_wuhan_wuhan_open_2015-09-30_R16_kerber_a_giorgi_c,2015-W-P5-CHN-01A-2015_47,1075,201493,202429,tournament_rank_unique,False,,1,1,True,0,0.0
2015,wta,2015_51_wuhan_wuhan_open_2015-09-30_R16_vandeweghe_c_strycova_b,2015-W-P5-CHN-01A-2015_48,1075,201535,201366,tournament_rank_unique,False,,1,1,True,0,0.0
2015,wta,2015_51_wuhan_wuhan_open_2015-10-01_QF_vinci_r_pliskova_ka,2015-W-P5-CHN-01A-2015_50,1075,201311,201662,tournament_rank_unique,False,,1,1,True,0,0.0
2015,wta,2015_51_wuhan_wuhan_open_2015-10-01_QF_muguruza_g_schmiedlova_a,2015-W-P5-CHN-01A-2015_51,1075,202469,203533,tournament_rank_unique,False,,1,1,True,0,0.0
2015,wta,2015_51_wuhan_wuhan_open_2015-10-01_QF_williams_v_konta_j,2015-W-P5-CHN-01A-2015_49,1075,200748,202427,tournament_rank_unique,False,,1,1,True,0,0.0
2015,wta,2015_51_wuhan_wuhan_open_2015-10-01_QF_kerber_a_vandeweghe_c,2015-W-P5-CHN-01A-2015_52,1075,201493,201535,tournament_rank_unique,False,,1,1,True,0,0.0
2015,wta,2015_51_wuhan_wuhan_open_2015-10-02_SF_williams_v_vinci_r,2015-W-P5-CHN-01A-2015_53,1075,200748,201311,tournament_rank_unique,False,,1,1,True,0,0.0
2015,wta,2015_51_wuhan_wuhan_open_2015-10-02_SF_muguruza_g_kerber_a,2015-W-P5-CHN-01A-2015_54,1075,202469,201493,tournament_rank_unique,False,,1,1,True,0,0.0
2015,wta,2015_51_wuhan_wuhan_open_2015-10-03_F_williams_v_muguruza_g,2015-W-P5-CHN-01A-2015_55,1075,200748,202469,tournament_rank_unique,False,,1,1,True,0,0.0
2015,wta,2015_52_beijing_china_open_2015-10-03_R64_bacsinszky_t_giorgi_c,2015-W-PM-CHN-01A-2015_24,1020,201490,202429,tournament_rank_unique,False,,1,1,True,0,0.0
2015,wta,2015_52_beijing_china_open_2015-10-03_R64_pereira_t_dulgheru_a,2015-W-PM-CHN-01A-2015_19,1020,202694,201567,tournament_rank_unique,False,,1,1,True,0,0.0
2015,wta,2015_52_beijing_china_open_2015-10-03_R64_keys_m_mladenovic_k,2015-W-PM-CHN-01A-2015_10,1020,201619,201540,tournament_rank_unique,False,,1,1,True,0,0.0
2015,wta,2015_52_beijing_china_open_2015-10-03_R64_kuznetsova_s_witthoeft_c,2015-W-PM-CHN-01A-2015_15,1020,201320,202489,tournament_rank_unique,False,,1,1,True,0,0.0
2015,wta,2015_52_beijing_china_open_2015-10-03_R64_ivanovic_a_dellacqua_c,2015-W-PM-CHN-01A-2015_14,1020,201421,201348,tournament_rank_unique,False,,1,1,True,0,0.0
2015,wta,2015_52_beijing_china_open_2015-10-03_R64_wang_q_lepchenko_v,2015-W-PM-CHN-01A-2015_12,1020,202492,201478,tournament_rank_unique,False,,1,1,True,0,0.0
2015,wta,2015_52_beijing_china_open_2015-10-04_R64_barthel_m_zhang_s,2015-W-PM-CHN-01A-2015_8,1020,201621,201533,tournament_rank_unique,False,,1,1,True,0,0.0
2015,wta,2015_52_beijing_china_open_2015-10-04_R64_pennetta_f_han_x,2015-W-PM-CHN-01A-2015_20,1020,201355,201580,tournament_rank_unique,False,,1,1,True,0,0.0
2015,wta,2015_52_beijing_china_open_2015-10-04_R64_van_uytvanck_a_schmiedlova_a,2015-W-PM-CHN-01A-2015_3,1020,202421,203533,tournament_rank_unique,False,,1,1,True,0,0.0
2015,wta,2015_52_beijing_china_open_2015-10-04_R64_suarez_navarro_c_tsurenko_l,2015-W-PM-CHN-01A-2015_21,1020,201521,201615,tournament_rank_unique,False,,1,1,True,0,0.0
2015,wta,2015_52_beijing_china_open_2015-10-04_R64_stephens_s_pliskova_ka,2015-W-PM-CHN-01A-2015_16,1020,201585,201662,tournament_rank_unique,False,,1,1,True,0,0.0
2015,wta,2015_52_beijing_china_open_2015-10-04_R64_pavlyuchenkova_a_goerges_j,2015-W-PM-CHN-01A-2015_18,1020,201499,201504,tournament_rank_unique,False,,1,1,True,0,0.0
2015,wta,2015_52_beijing_china_open_2015-10-04_R64_falconi_i_gavrilova_d,2015-W-PM-CHN-01A-2015_6,1020,201604,201611,tournament_rank_unique,False,,1,1,True,0,0.0
2015,wta,2015_52_beijing_china_open_2015-10-04_R64_puig_m_diyas_z,2015-W-PM-CHN-01A-2015_22,1020,201620,201610,tournament_rank_unique,False,,1,1,True,0,0.0
2015,wta,2015_52_beijing_china_open_2015-10-04_R64_bondarenko_k_strycova_b,2015-W-PM-CHN-01A-2015_9,1020,201435,201366,tournament_rank_unique,False,,1,1,True,0,0.0
2015,wta,2015_52_beijing_china_open_2015-10-04_R64_errani_s_kvitova_p,2015-W-PM-CHN-01A-2015_28,1020,201506,201520,tournament_rank_unique,False,,1,1,True,0,0.0
2015,wta,2015_52_beijing_china_open_2015-10-04_R64_duque_marino_m_pironkova_t,2015-W-PM-CHN-01A-2015_23,1020,201531,201450,tournament_rank_unique,False,,1,1,True,0,0.0
2015,wta,2015_52_beijing_china_open_2015-10-04_R64_garcia_c_zheng_s,2015-W-PM-CHN-01A-2015_27,1020,201614,202453,tournament_rank_unique,False,,1,1,True,0,0.0
2015,wta,2015_52_beijing_china_open_2015-10-04_R64_svitolina_e_putintseva_y,2015-W-PM-CHN-01A-2015_17,1020,202494,201709,tournament_rank_unique,False,,1,1,True,0,0.0
2015,wta,2015_52_beijing_china_open_2015-10-04_R64_radwanska_a_vandeweghe_c,2015-W-PM-CHN-01A-2015_7,1020,201474,201535,tournament_rank_unique,False,,1,1,True,0,0.0
2015,wta,2015_52_beijing_china_open_2015-10-04_R64_mattek_sands_b_cornet_a,2015-W-PM-CHN-01A-2015_2,1020,201318,201427,tournament_rank_unique,False,,1,1,True,0,0.0
2015,wta,2015_52_beijing_china_open_2015-10-04_R64_arruabarrena_l_halep_s,2015-W-PM-CHN-01A-2015_1,1020,202418,201594,tournament_rank_unique,False,,1,1,True,0,0.0
2015,wta,2015_52_beijing_china_open_2015-10-04_R64_wozniacki_c_jovanovski_b,2015-W-PM-CHN-01A-2015_13,1020,201496,201587,tournament_rank_unique,False,,1,1,True,0,0.0
2015,wta,2015_52_beijing_china_open_2015-10-04_R64_cibulkova_d_jankovic_j,2015-W-PM-CHN-01A-2015_11,1020,201495,201347,tournament_rank_unique,False,,1,1,True,0,0.0
2015,wta,2015_52_beijing_china_open_2015-10-05_R64_lucic_m_begu_i,2015-W-PM-CHN-01A-2015_5,1020,200002,201593,tournament_rank_unique,False,,1,1,True,0,0.0
2015,wta,2015_52_beijing_china_open_2015-10-05_R64_stosur_s_niculescu_m,2015-W-PM-CHN-01A-2015_26,1020,201325,201512,tournament_rank_unique,False,,1,1,True,0,0.0
2015,wta,2015_52_beijing_china_open_2015-10-05_R64_petkovic_a_bouchard_e,2015-W-PM-CHN-01A-2015_25,1020,201492,202446,tournament_rank_unique,False,,1,1,True,0,0.0
2015,wta,2015_52_beijing_china_open_2015-10-05_R64_bencic_b_brengle_m,2015-W-PM-CHN-01A-2015_4,1020,202505,201483,tournament_rank_unique,False,,1,1,True,0,0.0
2015,wta,2015_52_beijing_china_open_2015-10-05_R32_vinci_r_van_uytvanck_a,2015-W-PM-CHN-01A-2015_30,1020,201311,202421,tournament_rank_unique,False,,1,1,True,0,0.0
2015,wta,2015_52_beijing_china_open_2015-10-05_R32_keys_m_bondarenko_k,2015-W-PM-CHN-01A-2015_34,1020,201619,201435,tournament_rank_unique,False,,1,1,True,0,0.0
2015,wta,2015_52_beijing_china_open_2015-10-05_R32_suarez_navarro_c_puig_m,2015-W-PM-CHN-01A-2015_41,1020,201521,201620,tournament_rank_unique,False,,1,1,True,0,0.0
2015,wta,2015_52_beijing_china_open_2015-10-05_R32_pavlyuchenkova_a_svitolina_e,2015-W-PM-CHN-01A-2015_39,1020,201499,202494,tournament_rank_unique,False,,1,1,True,0,0.0
2015,wta,2015_52_beijing_china_open_2015-10-05_R32_radwanska_a_barthel_m,2015-W-PM-CHN-01A-2015_33,1020,201474,201621,tournament_rank_unique,False,,1,1,True,0,0.0
2015,wta,2015_52_beijing_china_open_2015-10-05_R32_kuznetsova_s_stephens_s,2015-W-PM-CHN-01A-2015_38,1020,201320,201585,tournament_rank_unique,False,,1,1,True,0,0.0
2015,wta,2015_52_beijing_china_open_2015-10-06_R32_wozniacki_c_wang_q,2015-W-PM-CHN-01A-2015_36,1020,201496,202492,tournament_rank_unique,False,,1,1,True,0,0.0
2015,wta,2015_52_beijing_china_open_2015-10-06_R32_mattek_sands_b_arruabarrena_l,2015-W-PM-CHN-01A-2015_29,1020,201318,202418,tournament_rank_unique,False,,1,1,True,0,0.0
2015,wta,2015_52_beijing_china_open_2015-10-06_R32_pennetta_f_pereira_t,2015-W-PM-CHN-01A-2015_40,1020,201355,202694,tournament_rank_unique,False,,1,1,True,0,0.0
2015,wta,2015_52_beijing_china_open_2015-10-06_R32_errani_s_garcia_c,2015-W-PM-CHN-01A-2015_44,1020,201506,201614,tournament_rank_unique,False,,1,1,True,0,0.0
2015,wta,2015_52_beijing_china_open_2015-10-06_R32_kerber_a_cibulkova_d,2015-W-PM-CHN-01A-2015_35,1020,201493,201495,tournament_rank_unique,False,,1,1,True,0,0.0
2015,wta,2015_52_beijing_china_open_2015-10-06_R32_petkovic_a_stosur_s,2015-W-PM-CHN-01A-2015_43,1020,201492,201325,tournament_rank_unique,False,,1,1,True,0,0.0
2015,wta,2015_52_beijing_china_open_2015-10-06_R32_bacsinszky_t_duque_marino_m,2015-W-PM-CHN-01A-2015_42,1020,201490,201531,tournament_rank_unique,False,,1,1,True,0,0.0
2015,wta,2015_52_beijing_china_open_2015-10-06_R32_ivanovic_a_williams_v,2015-W-PM-CHN-01A-2015_37,1020,201421,200748,tournament_rank_unique,False,,1,1,True,0,0.0
2015,wta,2015_52_beijing_china_open_2015-10-06_R32_lucic_m_bencic_b,2015-W-PM-CHN-01A-2015_31,1020,200002,202505,tournament_rank_unique,False,,1,1,True,0,0.0
2015,wta,2015_52_beijing_china_open_2015-10-07_R32_muguruza_g_falconi_i,2015-W-PM-CHN-01A-2015_32,1020,202469,201604,tournament_rank_unique,False,,1,1,True,0,0.0
2015,wta,2015_52_beijing_china_open_2015-10-07_R16_errani_s_petkovic_a,2015-W-PM-CHN-01A-2015_52,1020,201506,201492,tournament_rank_unique,False,,1,1,True,0,0.0
2015,wta,2015_52_beijing_china_open_2015-10-07_R16_radwanska_a_keys_m,2015-W-PM-CHN-01A-2015_47,1020,201474,201619,tournament_rank_unique,False,,1,1,True,0,0.0
2015,wta,2015_52_beijing_china_open_2015-10-07_R16_bacsinszky_t_suarez_navarro_c,2015-W-PM-CHN-01A-2015_51,1020,201490,201521,tournament_rank_unique,False,,1,1,True,0,0.0
2015,wta,2015_52_beijing_china_open_2015-10-07_R16_kerber_a_wozniacki_c,2015-W-PM-CHN-01A-2015_48,1020,201493,201496,tournament_rank_unique,False,,1,1,True,0,0.0
2015,wta,2015_52_beijing_china_open_2015-10-08_R16_mattek_sands_b_vinci_r,2015-W-PM-CHN-01A-2015_45,1020,201318,201311,tournament_rank_unique,False,,1,1,True,0,0.0
2015,wta,2015_52_beijing_china_open_2015-10-08_R16_pavlyuchenkova_a_pennetta_f,2015-W-PM-CHN-01A-2015_50,1020,201499,201355,tournament_rank_unique,False,,1,1,True,0,0.0
2015,wta,2015_52_beijing_china_open_2015-10-08_R16_muguruza_g_lucic_m,2015-W-PM-CHN-01A-2015_46,1020,202469,200002,tournament_rank_unique,False,,1,1,True,0,0.0
2015,wta,2015_52_beijing_china_open_2015-10-08_R16_ivanovic_a_kuznetsova_s,2015-W-PM-CHN-01A-2015_49,1020,201421,201320,tournament_rank_unique,False,,1,1,True,0,0.0
2015,wta,2015_52_beijing_china_open_2015-10-09_QF_bacsinszky_t_errani_s,2015-W-PM-CHN-01A-2015_56,1020,201490,201506,tournament_rank_unique,False,,1,1,True,0,0.0
2015,wta,2015_52_beijing_china_open_2015-10-09_QF_radwanska_a_kerber_a,2015-W-PM-CHN-01A-2015_54,1020,201474,201493,tournament_rank_unique,False,,1,1,True,0,0.0
2015,wta,2015_52_beijing_china_open_2015-10-09_QF_ivanovic_a_pavlyuchenkova_a,2015-W-PM-CHN-01A-2015_55,1020,201421,201499,tournament_rank_unique,False,,1,1,True,0,0.0
2015,wta,2015_52_beijing_china_open_2015-10-09_QF_muguruza_g_mattek_sands_b,2015-W-PM-CHN-01A-2015_53,1020,202469,201318,tournament_rank_unique,False,,1,1,True,0,0.0
2015,wta,2015_52_beijing_china_open_2015-10-10_SF_bacsinszky_t_ivanovic_a,2015-W-PM-CHN-01A-2015_58,1020,201490,201421,tournament_rank_unique,False,,1,1,True,0,0.0
2015,wta,2015_52_beijing_china_open_2015-10-10_SF_muguruza_g_radwanska_a,2015-W-PM-CHN-01A-2015_57,1020,202469,201474,tournament_rank_unique,False,,1,1,True,0,0.0
2015,wta,2015_52_beijing_china_open_2015-10-11_F_muguruza_g_bacsinszky_t,2015-W-PM-CHN-01A-2015_59,1020,202469,201490,tournament_rank_unique,False,,1,1,True,0,0.0
2015,wta,2015_53_hong_kong_prudential_hong_kong_tennis_open_2015-10-12_R32_arruabarrena_l_falconi_i,2015-W-INT-HKG-01A-2015_7,1074,202418,201604,tournament_rank_unique,False,,1,1,True,0,0.0
2015,wta,2015_53_hong_kong_prudential_hong_kong_tennis_open_2015-10-12_R32_puig_m_kumkhum_l,2015-W-INT-HKG-01A-2015_11,1074,201620,202503,tournament_rank_unique,False,,1,1,True,0,0.0
2015,wta,2015_53_hong_kong_prudential_hong_kong_tennis_open_2015-10-12_R32_lee_y_h_jang_s_j,2015-W-INT-HKG-01A-2015_10,1074,202693,204294,tournament_rank_unique,False,,1,1,True,0,0.0
2015,wta,2015_53_hong_kong_prudential_hong_kong_tennis_open_2015-10-12_R32_komardina_a_chang_k_c,2015-W-INT-HKG-01A-2015_14,1074,211856,201578,tournament_rank_unique,False,,1,1,True,0,0.0
2015,wta,2015_53_hong_kong_prudential_hong_kong_tennis_open_2015-10-12_R32_rodionova_an_ramialison_i,2015-W-INT-HKG-01A-2015_6,1074,201370,202640,tournament_rank_unique,False,,1,1,True,0,0.0
2015,wta,2015_53_hong_kong_prudential_hong_kong_tennis_open_2015-10-12_R32_shvedova_y_gajdosova_j,2015-W-INT-HKG-01A-2015_3,1074,201468,201457,tournament_rank_unique,False,,1,1,True,0,0.0
2015,wta,2015_53_hong_kong_prudential_hong_kong_tennis_open_2015-10-13_R32_garcia_c_davis_l,2015-W-INT-HKG-01A-2015_13,1074,201614,201616,tournament_rank_unique,False,,1,1,True,0,0.0
2015,wta,2015_53_hong_kong_prudential_hong_kong_tennis_open_2015-10-13_R32_jankovic_j_bogdan_a,2015-W-INT-HKG-01A-2015_5,1074,201347,202536,tournament_rank_unique,False,,1,1,True,0,0.0
2015,wta,2015_53_hong_kong_prudential_hong_kong_tennis_open_2015-10-13_R32_stosur_s_ozaki_r,2015-W-INT-HKG-01A-2015_12,1074,201325,203552,tournament_rank_unique,False,,1,1,True,0,0.0
2015,wta,2015_53_hong_kong_prudential_hong_kong_tennis_open_2015-10-13_R32_gavrilova_d_kato_m,2015-W-INT-HKG-01A-2015_8,1074,201611,203504,tournament_rank_unique,False,,1,1,True,0,0.0
2015,wta,2015_53_hong_kong_prudential_hong_kong_tennis_open_2015-10-13_R32_watson_h_zhang_k_l,2015-W-INT-HKG-01A-2015_9,1074,201586,203576,tournament_rank_unique,False,,1,1,True,0,0.0
2015,wta,2015_53_hong_kong_prudential_hong_kong_tennis_open_2015-10-13_R32_nara_k_zhang_l,2015-W-INT-HKG-01A-2015_15,1074,201597,201667,tournament_rank_unique,False,,1,1,True,0,0.0
2015,wta,2015_53_hong_kong_prudential_hong_kong_tennis_open_2015-10-13_R32_williams_v_beygelzimer_y,2015-W-INT-HKG-01A-2015_1,1074,200748,201377,tournament_rank_unique,False,,1,1,True,0,0.0
2015,wta,2015_53_hong_kong_prudential_hong_kong_tennis_open_2015-10-13_R32_wang_yaf_mchale_c,2015-W-INT-HKG-01A-2015_2,1074,206374,201539,tournament_rank_unique,False,,1,1,True,0,0.0
2015,wta,2015_53_hong_kong_prudential_hong_kong_tennis_open_2015-10-13_R32_cornet_a_kozlova_k,2015-W-INT-HKG-01A-2015_4,1074,201427,203462,tournament_rank_unique,False,,1,1,True,0,0.0
2015,wta,2015_53_hong_kong_prudential_hong_kong_tennis_open_2015-10-13_R32_kerber_a_schiavone_f,2015-W-INT-HKG-01A-2015_16,1074,201493,201212,tournament_rank_unique,False,,1,1,True,0,0.0
2015,wta,2015_53_hong_kong_prudential_hong_kong_tennis_open_2015-10-14_R16_gavrilova_d_arruabarrena_l,2015-W-INT-HKG-01A-2015_20,1074,201611,202418,tournament_rank_unique,False,,1,1,True,0,0.0
2015,wta,2015_53_hong_kong_prudential_hong_kong_tennis_open_2015-10-14_R16_watson_h_lee_y_h,2015-W-INT-HKG-01A-2015_21,1074,201586,202693,tournament_rank_unique,False,,1,1,True,0,0.0
2015,wta,2015_53_hong_kong_prudential_hong_kong_tennis_open_2015-10-14_R16_stosur_s_puig_m,2015-W-INT-HKG-01A-2015_22,1074,201325,201620,tournament_rank_unique,False,,1,1,True,0,0.0
2015,wta,2015_53_hong_kong_prudential_hong_kong_tennis_open_2015-10-14_R16_jankovic_j_rodionova_an,2015-W-INT-HKG-01A-2015_19,1074,201347,201370,tournament_rank_unique,False,,1,1,True,0,0.0
2015,wta,2015_53_hong_kong_prudential_hong_kong_tennis_open_2015-10-15_R16_cornet_a_shvedova_y,2015-W-INT-HKG-01A-2015_18,1074,201427,201468,tournament_rank_unique,False,,1,1,True,0,0.0
2015,wta,2015_53_hong_kong_prudential_hong_kong_tennis_open_2015-10-15_R16_garcia_c_komardina_a,2015-W-INT-HKG-01A-2015_23,1074,201614,211856,tournament_rank_unique,False,,1,1,True,0,0.0
2015,wta,2015_53_hong_kong_prudential_hong_kong_tennis_open_2015-10-15_R16_williams_v_wang_yaf,2015-W-INT-HKG-01A-2015_17,1074,200748,206374,tournament_rank_unique,False,,1,1,True,0,0.0
2015,wta,2015_53_hong_kong_prudential_hong_kong_tennis_open_2015-10-15_R16_kerber_a_nara_k,2015-W-INT-HKG-01A-2015_24,1074,201493,201597,tournament_rank_unique,False,,1,1,True,0,0.0
2015,wta,2015_53_hong_kong_prudential_hong_kong_tennis_open_2015-10-16_QF_stosur_s_watson_h,2015-W-INT-HKG-01A-2015_27,1074,201325,201586,tournament_rank_unique,False,,1,1,True,0,0.0
2015,wta,2015_53_hong_kong_prudential_hong_kong_tennis_open_2015-10-16_QF_kerber_a_garcia_c,2015-W-INT-HKG-01A-2015_28,1074,201493,201614,tournament_rank_unique,False,,1,1,True,0,0.0
2015,wta,2015_53_hong_kong_prudential_hong_kong_tennis_open_2015-10-16_QF_williams_v_cornet_a,2015-W-INT-HKG-01A-2015_25,1074,200748,201427,tournament_rank_unique,False,,1,1,True,0,0.0
2015,wta,2015_53_hong_kong_prudential_hong_kong_tennis_open_2015-10-16_QF_jankovic_j_gavrilova_d,2015-W-INT-HKG-01A-2015_26,1074,201347,201611,tournament_rank_unique,False,,1,1,True,0,0.0
2015,wta,2015_53_hong_kong_prudential_hong_kong_tennis_open_2015-10-17_SF_kerber_a_stosur_s,2015-W-INT-HKG-01A-2015_30,1074,201493,201325,tournament_rank_unique,False,,1,1,True,0,0.0
2015,wta,2015_53_hong_kong_prudential_hong_kong_tennis_open_2015-10-17_SF_jankovic_j_williams_v,2015-W-INT-HKG-01A-2015_29,1074,201347,200748,tournament_rank_unique,False,,1,1,True,0,0.0
2015,wta,2015_53_hong_kong_prudential_hong_kong_tennis_open_2015-10-18_F_jankovic_j_kerber_a,2015-W-INT-HKG-01A-2015_31,1074,201347,201493,tournament_rank_unique,False,,1,1,True,0,0.0
2015,wta,2015_54_linz_generali_ladies_linz_2015-10-12_R32_friedsam_a_l_rybarikova_m,2015-W-INT-AUT-02A-2015_2,528,204431,201517,tournament_rank_unique,False,,1,1,True,0,0.0
2015,wta,2015_54_linz_generali_ladies_linz_2015-10-12_R32_gasparyan_m_witthoeft_c,2015-W-INT-AUT-02A-2015_3,528,202506,202489,tournament_rank_unique,False,,1,1,True,0,0.0
2015,wta,2015_54_linz_generali_ladies_linz_2015-10-12_R32_flipkens_k_lepchenko_v,2015-W-INT-AUT-02A-2015_15,528,201465,201478,tournament_rank_unique,False,,1,1,True,0,0.0
2015,wta,2015_54_linz_generali_ladies_linz_2015-10-13_R32_van_uytvanck_a_hradecka_l,2015-W-INT-AUT-02A-2015_6,528,202421,201556,tournament_rank_unique,False,,1,1,True,0,0.0
2015,wta,2015_54_linz_generali_ladies_linz_2015-10-13_R32_giorgi_c_goerges_j,2015-W-INT-AUT-02A-2015_4,528,202429,201504,tournament_rank_unique,False,,1,1,True,0,0.0
2015,wta,2015_54_linz_generali_ladies_linz_2015-10-13_R32_brengle_m_doi_m,2015-W-INT-AUT-02A-2015_7,528,201483,201595,tournament_rank_unique,False,,1,1,True,0,0.0
2015,wta,2015_54_linz_generali_ladies_linz_2015-10-13_R32_konta_j_beck_a,2015-W-INT-AUT-02A-2015_8,528,202427,202470,tournament_rank_unique,False,,1,1,True,0,0.0
2015,wta,2015_54_linz_generali_ladies_linz_2015-10-13_R32_voegele_s_paszek_t,2015-W-INT-AUT-02A-2015_10,528,201527,201481,tournament_rank_unique,False,,1,1,True,0,0.0
2015,wta,2015_54_linz_generali_ladies_linz_2015-10-13_R32_pavlyuchenkova_a_siniakova_k,2015-W-INT-AUT-02A-2015_9,528,201499,211701,tournament_rank_unique,False,,1,1,True,0,0.0
2015,wta,2015_54_linz_generali_ladies_linz_2015-10-13_R32_mitu_a_safarova_l,2015-W-INT-AUT-02A-2015_1,528,202671,201425,tournament_rank_unique,False,,1,1,True,0,0.0
2015,wta,2015_54_linz_generali_ladies_linz_2015-10-13_R32_barthel_m_bertens_k,2015-W-INT-AUT-02A-2015_11,528,201621,202428,tournament_rank_unique,False,,1,1,True,0,0.0
2015,wta,2015_54_linz_generali_ladies_linz_2015-10-13_R32_strycova_b_haas_b,2015-W-INT-AUT-02A-2015_13,528,201366,202482,tournament_rank_unique,False,,1,1,True,0,0.0
2015,wta,2015_54_linz_generali_ladies_linz_2015-10-13_R32_allertova_d_koukalova_k,2015-W-INT-AUT-02A-2015_14,528,202653,201344,tournament_rank_unique,False,,1,1,True,0,0.0
2015,wta,2015_54_linz_generali_ladies_linz_2015-10-13_R32_larsson_j_petkovic_a,2015-W-INT-AUT-02A-2015_5,528,201596,201492,tournament_rank_unique,False,,1,1,True,0,0.0
2015,wta,2015_54_linz_generali_ladies_linz_2015-10-14_R32_krunic_a_vinci_r,2015-W-INT-AUT-02A-2015_12,528,202434,201311,tournament_rank_unique,False,,1,1,True,0,0.0
2015,wta,2015_54_linz_generali_ladies_linz_2015-10-14_R32_wozniacki_c_lucic_m,2015-W-INT-AUT-02A-2015_16,528,201496,200002,tournament_rank_unique,False,,1,1,True,0,0.0
2015,wta,2015_54_linz_generali_ladies_linz_2015-10-14_R16_brengle_m_konta_j,2015-W-INT-AUT-02A-2015_20,528,201483,202427,tournament_rank_unique,False,,1,1,True,0,0.0
2015,wta,2015_54_linz_generali_ladies_linz_2015-10-14_R16_gasparyan_m_giorgi_c,2015-W-INT-AUT-02A-2015_18,528,202506,202429,tournament_rank_unique,False,,1,1,True,0,0.0
2015,wta,2015_54_linz_generali_ladies_linz_2015-10-14_R16_friedsam_a_l_mitu_a,2015-W-INT-AUT-02A-2015_17,528,204431,202671,tournament_rank_unique,False,,1,1,True,0,0.0
2015,wta,2015_54_linz_generali_ladies_linz_2015-10-15_R16_larsson_j_van_uytvanck_a,2015-W-INT-AUT-02A-2015_19,528,201596,202421,tournament_rank_unique,False,,1,1,True,0,0.0
2015,wta,2015_54_linz_generali_ladies_linz_2015-10-15_R16_pavlyuchenkova_a_voegele_s,2015-W-INT-AUT-02A-2015_21,528,201499,201527,tournament_rank_unique,False,,1,1,True,0,0.0
2015,wta,2015_54_linz_generali_ladies_linz_2015-10-15_R16_krunic_a_barthel_m,2015-W-INT-AUT-02A-2015_22,528,202434,201621,tournament_rank_unique,False,,1,1,True,0,0.0
2015,wta,2015_54_linz_generali_ladies_linz_2015-10-15_R16_flipkens_k_wozniacki_c,2015-W-INT-AUT-02A-2015_24,528,201465,201496,tournament_rank_unique,False,,1,1,True,0,0.0
2015,wta,2015_54_linz_generali_ladies_linz_2015-10-15_R16_allertova_d_strycova_b,2015-W-INT-AUT-02A-2015_23,528,202653,201366,tournament_rank_unique,False,,1,1,True,0,0.0
2015,wta,2015_54_linz_generali_ladies_linz_2015-10-16_QF_friedsam_a_l_gasparyan_m,2015-W-INT-AUT-02A-2015_25,528,204431,202506,tournament_rank_unique,False,,1,1,True,0,0.0
2015,wta,2015_54_linz_generali_ladies_linz_2015-10-16_QF_larsson_j_brengle_m,2015-W-INT-AUT-02A-2015_26,528,201596,201483,tournament_rank_unique,False,,1,1,True,0,0.0
2015,wta,2015_54_linz_generali_ladies_linz_2015-10-16_QF_flipkens_k_allertova_d,2015-W-INT-AUT-02A-2015_28,528,201465,202653,tournament_rank_unique,False,,1,1,True,0,0.0
2015,wta,2015_54_linz_generali_ladies_linz_2015-10-16_QF_pavlyuchenkova_a_krunic_a,2015-W-INT-AUT-02A-2015_27,528,201499,202434,tournament_rank_unique,False,,1,1,True,0,0.0
2015,wta,2015_54_linz_generali_ladies_linz_2015-10-17_SF_friedsam_a_l_larsson_j,2015-W-INT-AUT-02A-2015_29,528,204431,201596,tournament_rank_unique,False,,1,1,True,0,0.0
2015,wta,2015_54_linz_generali_ladies_linz_2015-10-17_SF_pavlyuchenkova_a_flipkens_k,2015-W-INT-AUT-02A-2015_30,528,201499,201465,tournament_rank_unique,False,,1,1,True,0,0.0
2015,wta,2015_54_linz_generali_ladies_linz_2015-10-18_F_pavlyuchenkova_a_friedsam_a_l,2015-W-INT-AUT-02A-2015_31,528,201499,204431,tournament_rank_unique,False,,1,1,True,0,0.0
2015,wta,2015_55_tianjin_tianjin_open_2015-10-12_R32_vesnina_e_svitolina_e,2015-W-INT-CHN-03A-2015_5,1076,201455,202494,tournament_rank_unique,False,,1,1,True,0,0.0
2015,wta,2015_55_tianjin_tianjin_open_2015-10-12_R32_wang_q_zhang_yux,2015-W-INT-CHN-03A-2015_15,1076,202492,202508,tournament_rank_unique,False,,1,1,True,0,0.0
2015,wta,2015_55_tianjin_tianjin_open_2015-10-12_R32_linette_m_putintseva_y,2015-W-INT-CHN-03A-2015_11,1076,202663,201709,tournament_rank_unique,False,,1,1,True,0,0.0
2015,wta,2015_55_tianjin_tianjin_open_2015-10-12_R32_rodina_e_zheng_s,2015-W-INT-CHN-03A-2015_13,1076,201516,202453,tournament_rank_unique,False,,1,1,True,0,0.0
2015,wta,2015_55_tianjin_tianjin_open_2015-10-12_R32_kulichkova_e_tig_p_m,2015-W-INT-CHN-03A-2015_14,1076,206404,206255,tournament_rank_unique,False,,1,1,True,0,0.0
2015,wta,2015_55_tianjin_tianjin_open_2015-10-12_R32_mladenovic_k_liu_f,2015-W-INT-CHN-03A-2015_8,1076,201540,203578,tournament_rank_unique,False,,1,1,True,0,0.0
2015,wta,2015_55_tianjin_tianjin_open_2015-10-12_R32_pereira_t_hibino_n,2015-W-INT-CHN-03A-2015_4,1076,202694,211702,tournament_rank_unique,False,,1,1,True,0,0.0
2015,wta,2015_55_tianjin_tianjin_open_2015-10-12_R32_riske_a_han_x,2015-W-INT-CHN-03A-2015_9,1076,201590,201580,tournament_rank_unique,False,,1,1,True,0,0.0
2015,wta,2015_55_tianjin_tianjin_open_2015-10-13_R32_babos_t_kudryavtseva_a,2015-W-INT-CHN-03A-2015_10,1076,201693,201485,tournament_rank_unique,False,,1,1,True,0,0.0
2015,wta,2015_55_tianjin_tianjin_open_2015-10-13_R32_kovinic_d_bondarenko_k,2015-W-INT-CHN-03A-2015_3,1076,203575,201435,tournament_rank_unique,False,,1,1,True,0,0.0
2015,wta,2015_55_tianjin_tianjin_open_2015-10-13_R32_duan_y_y_vaidisova_n,2015-W-INT-CHN-03A-2015_2,1076,202504,201400,tournament_rank_unique,False,,1,1,True,0,0.0
2015,wta,2015_55_tianjin_tianjin_open_2015-10-13_R32_jovanovski_b_jabeur_o,2015-W-INT-CHN-03A-2015_6,1076,201587,202460,tournament_rank_unique,False,,1,1,True,0,0.0
2015,wta,2015_55_tianjin_tianjin_open_2015-10-13_R32_kichenok_l_pennetta_f,2015-W-INT-CHN-03A-2015_1,1076,202622,201355,tournament_rank_unique,False,,1,1,True,0,0.0
2015,wta,2015_55_tianjin_tianjin_open_2015-10-13_R32_radwanska_u_kichenok_n,2015-W-INT-CHN-03A-2015_7,1076,201524,203297,tournament_rank_unique,False,,1,1,True,0,0.0
2015,wta,2015_55_tianjin_tianjin_open_2015-10-13_R32_pliskova_ka_kucova_k,2015-W-INT-CHN-03A-2015_12,1076,201662,201568,tournament_rank_unique,False,,1,1,True,0,0.0
2015,wta,2015_55_tianjin_tianjin_open_2015-10-13_R32_radwanska_a_savchuk_o,2015-W-INT-CHN-03A-2015_16,1076,201474,201456,tournament_rank_unique,False,,1,1,True,0,0.0
2015,wta,2015_55_tianjin_tianjin_open_2015-10-14_R16_mladenovic_k_radwanska_u,2015-W-INT-CHN-03A-2015_20,1076,201540,201524,tournament_rank_unique,False,,1,1,True,0,0.0
2015,wta,2015_55_tianjin_tianjin_open_2015-10-14_R16_jovanovski_b_vesnina_e,2015-W-INT-CHN-03A-2015_19,1076,201587,201455,tournament_rank_unique,False,,1,1,True,0,0.0
2015,wta,2015_55_tianjin_tianjin_open_2015-10-14_R16_babos_t_riske_a,2015-W-INT-CHN-03A-2015_21,1076,201693,201590,tournament_rank_unique,False,,1,1,True,0,0.0
2015,wta,2015_55_tianjin_tianjin_open_2015-10-14_R16_pliskova_ka_linette_m,2015-W-INT-CHN-03A-2015_22,1076,201662,202663,tournament_rank_unique,False,,1,1,True,0,0.0
2015,wta,2015_55_tianjin_tianjin_open_2015-10-15_R16_duan_y_y_kichenok_l,2015-W-INT-CHN-03A-2015_17,1076,202504,202622,tournament_rank_unique,False,,1,1,True,0,0.0
2015,wta,2015_55_tianjin_tianjin_open_2015-10-15_R16_kulichkova_e_rodina_e,2015-W-INT-CHN-03A-2015_23,1076,206404,201516,tournament_rank_unique,False,,1,1,True,0,0.0
2015,wta,2015_55_tianjin_tianjin_open_2015-10-15_R16_kovinic_d_pereira_t,2015-W-INT-CHN-03A-2015_18,1076,203575,202694,tournament_rank_unique,False,,1,1,True,0,0.0
2015,wta,2015_55_tianjin_tianjin_open_2015-10-15_R16_radwanska_a_wang_q,2015-W-INT-CHN-03A-2015_24,1076,201474,202492,tournament_rank_unique,False,,1,1,True,0,0.0
2015,wta,2015_55_tianjin_tianjin_open_2015-10-16_QF_jovanovski_b_mladenovic_k,2015-W-INT-CHN-03A-2015_26,1076,201587,201540,tournament_rank_unique,False,,1,1,True,0,0.0
2015,wta,2015_55_tianjin_tianjin_open_2015-10-16_QF_pliskova_ka_babos_t,2015-W-INT-CHN-03A-2015_27,1076,201662,201693,tournament_rank_unique,False,,1,1,True,0,0.0
2015,wta,2015_55_tianjin_tianjin_open_2015-10-16_QF_kovinic_d_duan_y_y,2015-W-INT-CHN-03A-2015_25,1076,203575,202504,tournament_rank_unique,False,,1,1,True,0,0.0
2015,wta,2015_55_tianjin_tianjin_open_2015-10-16_QF_radwanska_a_kulichkova_e,2015-W-INT-CHN-03A-2015_28,1076,201474,206404,tournament_rank_unique,False,,1,1,True,0,0.0
2015,wta,2015_55_tianjin_tianjin_open_2015-10-17_SF_kovinic_d_jovanovski_b,2015-W-INT-CHN-03A-2015_29,1076,203575,201587,tournament_rank_unique,False,,1,1,True,0,0.0
2015,wta,2015_55_tianjin_tianjin_open_2015-10-17_SF_radwanska_a_pliskova_ka,2015-W-INT-CHN-03A-2015_30,1076,201474,201662,tournament_rank_unique,False,,1,1,True,0,0.0
2015,wta,2015_55_tianjin_tianjin_open_2015-10-18_F_radwanska_a_kovinic_d,2015-W-INT-CHN-03A-2015_31,1076,201474,203575,tournament_rank_unique,False,,1,1,True,0,0.0
2015,wta,2015_56_luxembourg_bgl_bnp_paribas_luxembourg_open_2015-10-19_R32_lucic_m_witthoeft_c,2015-W-INT-LUX-01A-2015_6,300,200002,202489,tournament_rank_unique,False,,1,1,True,0,0.0
2015,wta,2015_56_luxembourg_bgl_bnp_paribas_luxembourg_open_2015-10-19_R32_maria_t_andrianjafitrimo_t,2015-W-INT-LUX-01A-2015_7,300,213583,214219,tournament_rank_unique,False,,1,1,True,0,0.0
2015,wta,2015_56_luxembourg_bgl_bnp_paribas_luxembourg_open_2015-10-19_R32_doi_m_petkovic_a,2015-W-INT-LUX-01A-2015_12,300,201595,201492,tournament_rank_unique,False,,1,1,True,0,0.0
2015,wta,2015_56_luxembourg_bgl_bnp_paribas_luxembourg_open_2015-10-19_R32_barthel_m_stephens_s,2015-W-INT-LUX-01A-2015_8,300,201621,201585,tournament_rank_unique,False,,1,1,True,0,0.0
2015,wta,2015_56_luxembourg_bgl_bnp_paribas_luxembourg_open_2015-10-20_R32_larsson_j_mitu_a,2015-W-INT-LUX-01A-2015_14,300,201596,202671,tournament_rank_unique,False,,1,1,True,0,0.0
2015,wta,2015_56_luxembourg_bgl_bnp_paribas_luxembourg_open_2015-10-20_R32_strycova_b_wickmayer_y,2015-W-INT-LUX-01A-2015_13,300,201366,201518,tournament_rank_unique,False,,1,1,True,0,0.0
2015,wta,2015_56_luxembourg_bgl_bnp_paribas_luxembourg_open_2015-10-20_R32_allertova_d_cepelova_j,2015-W-INT-LUX-01A-2015_11,300,202653,202450,tournament_rank_unique,False,,1,1,True,0,0.0
2015,wta,2015_56_luxembourg_bgl_bnp_paribas_luxembourg_open_2015-10-20_R32_errani_s_coin_j,2015-W-INT-LUX-01A-2015_5,300,201506,201526,tournament_rank_unique,False,,1,1,True,0,0.0
2015,wta,2015_56_luxembourg_bgl_bnp_paribas_luxembourg_open_2015-10-20_R32_voegele_s_radwanska_u,2015-W-INT-LUX-01A-2015_3,300,201527,201524,tournament_rank_unique,False,,1,1,True,0,0.0
2015,wta,2015_56_luxembourg_bgl_bnp_paribas_luxembourg_open_2015-10-20_R32_ivanovic_a_watson_h,2015-W-INT-LUX-01A-2015_16,300,201421,201586,tournament_rank_unique,False,,1,1,True,0,0.0
2015,wta,2015_56_luxembourg_bgl_bnp_paribas_luxembourg_open_2015-10-20_R32_van_uytvanck_a_hogenkamp_r,2015-W-INT-LUX-01A-2015_15,300,202421,202480,tournament_rank_unique,False,,1,1,True,0,0.0
2015,wta,2015_56_luxembourg_bgl_bnp_paribas_luxembourg_open_2015-10-21_R32_flipkens_k_brengle_m,2015-W-INT-LUX-01A-2015_2,300,201465,201483,tournament_rank_unique,False,,1,1,True,0,0.0
2015,wta,2015_56_luxembourg_bgl_bnp_paribas_luxembourg_open_2015-10-21_R32_friedsam_a_l_beck_a,2015-W-INT-LUX-01A-2015_4,300,204431,202470,tournament_rank_unique,False,,1,1,True,0,0.0
2015,wta,2015_56_luxembourg_bgl_bnp_paribas_luxembourg_open_2015-10-21_R32_tatishvili_a_dodin_o,2015-W-INT-LUX-01A-2015_10,300,201588,206219,tournament_rank_unique,False,,1,1,True,0,0.0
2015,wta,2015_56_luxembourg_bgl_bnp_paribas_luxembourg_open_2015-10-21_R32_siegemund_l_bacsinszky_t,2015-W-INT-LUX-01A-2015_1,300,201696,201490,tournament_rank_unique,False,,1,1,True,0,0.0
2015,wta,2015_56_luxembourg_bgl_bnp_paribas_luxembourg_open_2015-10-21_R32_jankovic_j_minella_m,2015-W-INT-LUX-01A-2015_9,300,201347,201605,tournament_rank_unique,False,,1,1,True,0,0.0
2015,wta,2015_56_luxembourg_bgl_bnp_paribas_luxembourg_open_2015-10-21_R16_barthel_m_maria_t,2015-W-INT-LUX-01A-2015_20,300,201621,213583,tournament_rank_unique,False,,1,1,True,0,0.0
2015,wta,2015_56_luxembourg_bgl_bnp_paribas_luxembourg_open_2015-10-21_R16_lucic_m_errani_s,2015-W-INT-LUX-01A-2015_19,300,200002,201506,tournament_rank_unique,False,,1,1,True,0,0.0
2015,wta,2015_56_luxembourg_bgl_bnp_paribas_luxembourg_open_2015-10-21_R16_doi_m_allertova_d,2015-W-INT-LUX-01A-2015_22,300,201595,202653,tournament_rank_unique,False,,1,1,True,0,0.0
2015,wta,2015_56_luxembourg_bgl_bnp_paribas_luxembourg_open_2015-10-22_R16_strycova_b_larsson_j,2015-W-INT-LUX-01A-2015_23,300,201366,201596,tournament_rank_unique,False,,1,1,True,0,0.0
2015,wta,2015_56_luxembourg_bgl_bnp_paribas_luxembourg_open_2015-10-22_R16_voegele_s_friedsam_a_l,2015-W-INT-LUX-01A-2015_18,300,201527,204431,tournament_rank_unique,False,,1,1,True,0,0.0
2015,wta,2015_56_luxembourg_bgl_bnp_paribas_luxembourg_open_2015-10-22_R16_siegemund_l_flipkens_k,2015-W-INT-LUX-01A-2015_17,300,201696,201465,tournament_rank_unique,False,,1,1,True,0,0.0
2015,wta,2015_56_luxembourg_bgl_bnp_paribas_luxembourg_open_2015-10-22_R16_jankovic_j_tatishvili_a,2015-W-INT-LUX-01A-2015_21,300,201347,201588,tournament_rank_unique,False,,1,1,True,0,0.0
2015,wta,2015_56_luxembourg_bgl_bnp_paribas_luxembourg_open_2015-10-22_R16_van_uytvanck_a_ivanovic_a,2015-W-INT-LUX-01A-2015_24,300,202421,201421,tournament_rank_unique,False,,1,1,True,0,0.0
2015,wta,2015_56_luxembourg_bgl_bnp_paribas_luxembourg_open_2015-10-23_QF_barthel_m_lucic_m,2015-W-INT-LUX-01A-2015_26,300,201621,200002,tournament_rank_unique,False,,1,1,True,0,0.0
2015,wta,2015_56_luxembourg_bgl_bnp_paribas_luxembourg_open_2015-10-23_QF_voegele_s_siegemund_l,2015-W-INT-LUX-01A-2015_25,300,201527,201696,tournament_rank_unique,False,,1,1,True,0,0.0
2015,wta,2015_56_luxembourg_bgl_bnp_paribas_luxembourg_open_2015-10-23_QF_van_uytvanck_a_strycova_b,2015-W-INT-LUX-01A-2015_28,300,202421,201366,tournament_rank_unique,False,,1,1,True,0,0.0
2015,wta,2015_56_luxembourg_bgl_bnp_paribas_luxembourg_open_2015-10-23_QF_doi_m_jankovic_j,2015-W-INT-LUX-01A-2015_27,300,201595,201347,tournament_rank_unique,False,,1,1,True,0,0.0
2015,wta,2015_56_luxembourg_bgl_bnp_paribas_luxembourg_open_2015-10-24_SF_barthel_m_voegele_s,2015-W-INT-LUX-01A-2015_29,300,201621,201527,tournament_rank_unique,False,,1,1,True,0,0.0
2015,wta,2015_56_luxembourg_bgl_bnp_paribas_luxembourg_open_2015-10-24_SF_doi_m_van_uytvanck_a,2015-W-INT-LUX-01A-2015_30,300,201595,202421,tournament_rank_unique,False,,1,1,True,0,0.0
2015,wta,2015_56_luxembourg_bgl_bnp_paribas_luxembourg_open_2015-10-25_F_doi_m_barthel_m,2015-W-INT-LUX-01A-2015_31,300,201595,201621,tournament_rank_unique,False,,1,1,True,0,0.0
2015,wta,2015_57_moscow_kremlin_cup_2015-10-19_R32_cibulkova_d_vesnina_e,2015-W-P700-RUS-01A-2015_9,730,201495,201455,tournament_rank_unique,False,,1,1,True,0,0.0
2015,wta,2015_57_moscow_kremlin_cup_2015-10-19_R32_begu_i_pironkova_t,2015-W-P700-RUS-01A-2015_7,730,201593,201450,tournament_rank_unique,False,,1,1,True,0,0.0
2015,wta,2015_57_moscow_kremlin_cup_2015-10-19_R32_kuznetsova_s_siniakova_k,2015-W-P700-RUS-01A-2015_4,730,201320,211701,tournament_rank_unique,False,,1,1,True,0,0.0
2015,wta,2015_57_moscow_kremlin_cup_2015-10-19_R32_tsurenko_l_krunic_a,2015-W-P700-RUS-01A-2015_2,730,201615,202434,tournament_rank_unique,False,,1,1,True,0,0.0
2015,wta,2015_57_moscow_kremlin_cup_2015-10-19_R32_gasparyan_m_lepchenko_v,2015-W-P700-RUS-01A-2015_11,730,202506,201478,tournament_rank_unique,False,,1,1,True,0,0.0
2015,wta,2015_57_moscow_kremlin_cup_2015-10-20_R32_mladenovic_k_bogdan_a,2015-W-P700-RUS-01A-2015_10,730,201540,202536,tournament_rank_unique,False,,1,1,True,0,0.0
2015,wta,2015_57_moscow_kremlin_cup_2015-10-20_R32_schmiedlova_a_sasnovich_a,2015-W-P700-RUS-01A-2015_3,730,203533,205925,tournament_rank_unique,False,,1,1,True,0,0.0
2015,wta,2015_57_moscow_kremlin_cup_2015-10-20_R32_sevastova_a_govortsova_o,2015-W-P700-RUS-01A-2015_5,730,201545,201501,tournament_rank_unique,False,,1,1,True,0,0.0
2015,wta,2015_57_moscow_kremlin_cup_2015-10-20_R32_pavlyuchenkova_a_niculescu_m,2015-W-P700-RUS-01A-2015_12,730,201499,201512,tournament_rank_unique,False,,1,1,True,0,0.0
2015,wta,2015_57_moscow_kremlin_cup_2015-10-20_R32_gavrilova_d_cornet_a,2015-W-P700-RUS-01A-2015_1,730,201611,201427,tournament_rank_unique,False,,1,1,True,0,0.0
2015,wta,2015_57_moscow_kremlin_cup_2015-10-20_R32_kasatkina_d_kania_p,2015-W-P700-RUS-01A-2015_8,730,214082,203518,tournament_rank_unique,False,,1,1,True,0,0.0
2015,wta,2015_57_moscow_kremlin_cup_2015-10-20_R32_pliskova_ka_dulgheru_a,2015-W-P700-RUS-01A-2015_6,730,201662,201567,tournament_rank_unique,False,,1,1,True,0,0.0
2015,wta,2015_57_moscow_kremlin_cup_2015-10-20_R16_suarez_navarro_c_cibulkova_d,2015-W-P700-RUS-01A-2015_18,730,201521,201495,tournament_rank_unique,False,,1,1,True,0,0.0
2015,wta,2015_57_moscow_kremlin_cup_2015-10-21_R16_pavlyuchenkova_a_safarova_l,2015-W-P700-RUS-01A-2015_20,730,201499,201425,tournament_rank_unique,False,,1,1,True,0,0.0
2015,wta,2015_57_moscow_kremlin_cup_2015-10-21_R16_tsurenko_l_schmiedlova_a,2015-W-P700-RUS-01A-2015_14,730,201615,203533,tournament_rank_unique,False,,1,1,True,0,0.0
2015,wta,2015_57_moscow_kremlin_cup_2015-10-21_R16_gasparyan_m_mladenovic_k,2015-W-P700-RUS-01A-2015_19,730,202506,201540,tournament_rank_unique,False,,1,1,True,0,0.0
2015,wta,2015_57_moscow_kremlin_cup_2015-10-21_R16_pennetta_f_gavrilova_d,2015-W-P700-RUS-01A-2015_13,730,201355,201611,tournament_rank_unique,False,,1,1,True,0,0.0
2015,wta,2015_57_moscow_kremlin_cup_2015-10-21_R16_kasatkina_d_begu_i,2015-W-P700-RUS-01A-2015_17,730,214082,201593,tournament_rank_unique,False,,1,1,True,0,0.0
2015,wta,2015_57_moscow_kremlin_cup_2015-10-21_R16_sevastova_a_pliskova_ka,2015-W-P700-RUS-01A-2015_16,730,201545,201662,tournament_rank_unique,False,,1,1,True,0,0.0
2015,wta,2015_57_moscow_kremlin_cup_2015-10-21_R16_kuznetsova_s_koukalova_k,2015-W-P700-RUS-01A-2015_15,730,201320,201344,tournament_rank_unique,False,,1,1,True,0,0.0
2015,wta,2015_57_moscow_kremlin_cup_2015-10-22_QF_tsurenko_l_pennetta_f,2015-W-P700-RUS-01A-2015_21,730,201615,201355,tournament_rank_unique,False,,1,1,True,0,0.0
2015,wta,2015_57_moscow_kremlin_cup_2015-10-22_QF_kasatkina_d_suarez_navarro_c,2015-W-P700-RUS-01A-2015_23,730,214082,201521,tournament_rank_unique,False,,1,1,True,0,0.0
2015,wta,2015_57_moscow_kremlin_cup_2015-10-22_QF_kuznetsova_s_sevastova_a,2015-W-P700-RUS-01A-2015_22,730,201320,201545,tournament_rank_unique,False,,1,1,True,0,0.0
2015,wta,2015_57_moscow_kremlin_cup_2015-10-22_QF_pavlyuchenkova_a_gasparyan_m,2015-W-P700-RUS-01A-2015_24,730,201499,202506,tournament_rank_unique,False,,1,1,True,0,0.0
2015,wta,2015_57_moscow_kremlin_cup_2015-10-23_SF_pavlyuchenkova_a_kasatkina_d,2015-W-P700-RUS-01A-2015_26,730,201499,214082,tournament_rank_unique,False,,1,1,True,0,0.0
2015,wta,2015_57_moscow_kremlin_cup_2015-10-23_SF_kuznetsova_s_tsurenko_l,2015-W-P700-RUS-01A-2015_25,730,201320,201615,tournament_rank_unique,False,,1,1,True,0,0.0
2015,wta,2015_57_moscow_kremlin_cup_2015-10-24_F_kuznetsova_s_pavlyuchenkova_a,2015-W-P700-RUS-01A-2015_27,730,201320,201499,tournament_rank_unique,False,,1,1,True,0,0.0
2015,wta,2015_58_singapore_sony_ericsson_championships_2015-10-25_RR_halep_s_pennetta_f,2015-W-WT-SIN-01A-2015_3,808,201594,201355,tournament_rank_unique,False,,1,1,True,0,0.0
2015,wta,2015_58_singapore_sony_ericsson_championships_2015-10-25_RR_sharapova_m_radwanska_a,2015-W-WT-SIN-01A-2015_4,808,201345,201474,tournament_rank_unique,False,,1,1,True,0,0.0
2015,wta,2015_58_singapore_sony_ericsson_championships_2015-10-26_RR_muguruza_g_safarova_l,2015-W-WT-SIN-01A-2015_9,808,202469,201425,tournament_rank_unique,False,,1,1,True,0,0.0
2015,wta,2015_58_singapore_sony_ericsson_championships_2015-10-26_RR_kerber_a_kvitova_p,2015-W-WT-SIN-01A-2015_10,808,201493,201520,tournament_rank_unique,False,,1,1,True,0,0.0
2015,wta,2015_58_singapore_sony_ericsson_championships_2015-10-27_RR_pennetta_f_radwanska_a,2015-W-WT-SIN-01A-2015_6,808,201355,201474,tournament_rank_unique,False,,1,1,True,0,0.0
2015,wta,2015_58_singapore_sony_ericsson_championships_2015-10-27_RR_sharapova_m_halep_s,2015-W-WT-SIN-01A-2015_1,808,201345,201594,tournament_rank_unique,False,,1,1,True,0,0.0
2015,wta,2015_58_singapore_sony_ericsson_championships_2015-10-28_RR_kvitova_p_safarova_l,2015-W-WT-SIN-01A-2015_11,808,201520,201425,tournament_rank_unique,False,,1,1,True,0,0.0
2015,wta,2015_58_singapore_sony_ericsson_championships_2015-10-28_RR_muguruza_g_kerber_a,2015-W-WT-SIN-01A-2015_8,808,202469,201493,tournament_rank_unique,False,,1,1,True,0,0.0
2015,wta,2015_58_singapore_sony_ericsson_championships_2015-10-29_RR_radwanska_a_halep_s,2015-W-WT-SIN-01A-2015_2,808,201474,201594,tournament_rank_unique,False,,1,1,True,0,0.0
2015,wta,2015_58_singapore_sony_ericsson_championships_2015-10-29_RR_sharapova_m_pennetta_f,2015-W-WT-SIN-01A-2015_5,808,201345,201355,tournament_rank_unique,False,,1,1,True,0,0.0
2015,wta,2015_58_singapore_sony_ericsson_championships_2015-10-30_RR_muguruza_g_kvitova_p,2015-W-WT-SIN-01A-2015_7,808,202469,201520,tournament_rank_unique,False,,1,1,True,0,0.0
2015,wta,2015_58_singapore_sony_ericsson_championships_2015-10-30_RR_safarova_l_kerber_a,2015-W-WT-SIN-01A-2015_12,808,201425,201493,tournament_rank_unique,False,,1,1,True,0,0.0
2015,wta,2015_58_singapore_sony_ericsson_championships_2015-10-31_SF_radwanska_a_muguruza_g,2015-W-WT-SIN-01A-2015_14,808,201474,202469,tournament_rank_unique,False,,1,1,True,0,0.0
2015,wta,2015_58_singapore_sony_ericsson_championships_2015-10-31_SF_kvitova_p_sharapova_m,2015-W-WT-SIN-01A-2015_13,808,201520,201345,tournament_rank_unique,False,,1,1,True,0,0.0
2015,wta,2015_58_singapore_sony_ericsson_championships_2015-11-01_F_radwanska_a_kvitova_p,2015-W-WT-SIN-01A-2015_15,808,201474,201520,tournament_rank_unique,False,,1,1,True,0,0.0
2015,wta,2015_59_zhuhai_wta_elite_trophy_2015-11-03_RR_williams_v_keys_m,2015-W-WET-CHN-01A-2015_1,1081,200748,201619,tournament_rank_unique,False,,1,1,True,0,0.0
2015,wta,2015_59_zhuhai_wta_elite_trophy_2015-11-03_RR_jankovic_j_errani_s,2015-W-WET-CHN-01A-2015_9,1081,201347,201506,tournament_rank_unique,False,,1,1,True,0,0.0
2015,wta,2015_59_zhuhai_wta_elite_trophy_2015-11-03_RR_svitolina_e_petkovic_a,2015-W-WET-CHN-01A-2015_6,1081,202494,201492,tournament_rank_unique,False,,1,1,True,0,0.0
2015,wta,2015_59_zhuhai_wta_elite_trophy_2015-11-04_RR_vinci_r_kuznetsova_s,2015-W-WET-CHN-01A-2015_10,1081,201311,201320,tournament_rank_unique,False,,1,1,True,0,0.0
2015,wta,2015_59_zhuhai_wta_elite_trophy_2015-11-04_RR_pliskova_ka_jankovic_j,2015-W-WET-CHN-01A-2015_8,1081,201662,201347,tournament_rank_unique,False,,1,1,True,0,0.0
2015,wta,2015_59_zhuhai_wta_elite_trophy_2015-11-04_RR_suarez_navarro_c_petkovic_a,2015-W-WET-CHN-01A-2015_5,1081,201521,201492,tournament_rank_unique,False,,1,1,True,0,0.0
2015,wta,2015_59_zhuhai_wta_elite_trophy_2015-11-05_RR_williams_v_zheng_s,2015-W-WET-CHN-01A-2015_2,1081,200748,202453,tournament_rank_unique,False,,1,1,True,0,0.0
2015,wta,2015_59_zhuhai_wta_elite_trophy_2015-11-05_RR_kuznetsova_s_wozniacki_c,2015-W-WET-CHN-01A-2015_12,1081,201320,201496,tournament_rank_unique,False,,1,1,True,0,0.0
2015,wta,2015_59_zhuhai_wta_elite_trophy_2015-11-05_RR_pliskova_ka_errani_s,2015-W-WET-CHN-01A-2015_7,1081,201662,201506,tournament_rank_unique,False,,1,1,True,0,0.0
2015,wta,2015_59_zhuhai_wta_elite_trophy_2015-11-06_RR_svitolina_e_suarez_navarro_c,2015-W-WET-CHN-01A-2015_4,1081,202494,201521,tournament_rank_unique,False,,1,1,True,0,0.0
2015,wta,2015_59_zhuhai_wta_elite_trophy_2015-11-06_RR_schmiedlova_a_vinci_r,2015-W-WET-CHN-01A-2015_11,1081,203533,201311,tournament_rank_unique,False,,1,1,True,0,0.0
2015,wta,2015_59_zhuhai_wta_elite_trophy_2015-11-06_RR_keys_m_zheng_s,2015-W-WET-CHN-01A-2015_3,1081,201619,202453,tournament_rank_unique,False,,1,1,True,0,0.0
2015,wta,2015_59_zhuhai_wta_elite_trophy_2015-11-07_SF_williams_v_vinci_r,2015-W-WET-CHN-01A-2015_13,1081,200748,201311,tournament_rank_unique,False,,1,1,True,0,0.0
2015,wta,2015_59_zhuhai_wta_elite_trophy_2015-11-07_SF_pliskova_ka_svitolina_e,2015-W-WET-CHN-01A-2015_14,1081,201662,202494,tournament_rank_unique,False,,1,1,True,0,0.0
2015,wta,2015_59_zhuhai_wta_elite_trophy_2015-11-08_F_williams_v_pliskova_ka,2015-W-WET-CHN-01A-2015_15,1081,200748,201662,tournament_rank_unique,False,,1,1,True,0,0.0
2015,wta,2015_4_hobart_hobart_international_2015-01-11_R32_kanepi_k_puig_m,2015-W-INT-AUS-01A-2015_6,1050,201466,201620,tournament_round_name_pair,False,rank_mismatch,1,1,True,,
2015,wta,2015_4_hobart_hobart_international_2015-01-11_R32_stephens_s_niculescu_m,2015-W-INT-AUS-01A-2015_12,1050,201585,201512,tournament_round_name_pair,False,rank_mismatch,1,1,True,,
2015,wta,2015_4_hobart_hobart_international_2015-01-11_R32_nara_k_koukalova_k,2015-W-INT-AUS-01A-2015_8,1050,201597,201344,tournament_round_name_pair,False,rank_mismatch,1,1,True,,
2015,wta,2015_4_hobart_hobart_international_2015-01-11_R32_beck_a_cepelova_j,2015-W-INT-AUS-01A-2015_10,1050,202470,202450,tournament_round_name_pair,False,rank_mismatch,1,1,True,,
2015,wta,2015_4_hobart_hobart_international_2015-01-12_R32_diyas_z_soler_espinosa_s,2015-W-INT-AUS-01A-2015_16,1050,201610,201562,tournament_round_name_pair,False,rank_mismatch,1,1,True,,
2015,wta,2015_4_hobart_hobart_international_2015-01-12_R32_jovanovski_b_lucic_m,2015-W-INT-AUS-01A-2015_14,1050,201587,200002,tournament_round_name_pair,False,rank_mismatch,1,1,True,,
2015,wta,2015_4_hobart_hobart_international_2015-01-12_R32_vinci_r_rogowska_o,2015-W-INT-AUS-01A-2015_9,1050,201311,201542,tournament_round_name_pair,False,rank_mismatch,1,1,True,,
2015,wta,2015_4_hobart_hobart_international_2015-01-12_R32_larsson_j_zheng_s,2015-W-INT-AUS-01A-2015_7,1050,201596,202453,tournament_round_name_pair,False,rank_mismatch,1,1,True,,
2015,wta,2015_4_hobart_hobart_international_2015-01-12_R32_knapp_k_tomljanovic_a,2015-W-INT-AUS-01A-2015_2,1050,201498,201548,tournament_round_name_pair,False,rank_mismatch,1,1,True,,
2015,wta,2015_4_hobart_hobart_international_2015-01-12_R32_watson_h_rybarikova_m,2015-W-INT-AUS-01A-2015_11,1050,201586,201517,tournament_round_name_pair,False,rank_mismatch,1,1,True,,
2015,wta,2015_4_hobart_hobart_international_2015-01-12_R32_dellacqua_c_davis_l,2015-W-INT-AUS-01A-2015_1,1050,201348,201616,tournament_round_name_pair,False,rank_mismatch,1,1,True,,
2015,wta,2015_4_hobart_hobart_international_2015-01-12_R32_hantuchova_d_hogenkamp_r,2015-W-INT-AUS-01A-2015_15,1050,201290,202480,tournament_round_name_pair,False,rank_mismatch,1,1,True,,
2015,wta,2015_4_hobart_hobart_international_2015-01-12_R32_brengle_m_barthel_m,2015-W-INT-AUS-01A-2015_4,1050,201483,201621,tournament_round_name_pair,False,rank_mismatch,1,1,True,,
2015,wta,2015_4_hobart_hobart_international_2015-01-13_R16_nara_k_larsson_j,2015-W-INT-AUS-01A-2015_20,1050,201597,201596,tournament_round_name_pair,False,rank_mismatch,1,1,True,,
2015,wta,2015_4_hobart_hobart_international_2015-01-13_R16_watson_h_stephens_s,2015-W-INT-AUS-01A-2015_22,1050,201586,201585,tournament_round_name_pair,False,rank_mismatch,1,1,True,,
2015,wta,2015_4_hobart_hobart_international_2015-01-13_R16_vinci_r_beck_a,2015-W-INT-AUS-01A-2015_21,1050,201311,202470,tournament_round_name_pair,False,rank_mismatch,1,1,True,,
2015,wta,2015_4_hobart_hobart_international_2015-01-14_R16_diyas_z_hantuchova_d,2015-W-INT-AUS-01A-2015_24,1050,201610,201290,tournament_round_name_pair,False,rank_mismatch,1,1,True,,
2015,wta,2015_4_hobart_hobart_international_2015-01-14_R16_giorgi_c_kanepi_k,2015-W-INT-AUS-01A-2015_19,1050,202429,201466,tournament_round_name_pair,False,rank_mismatch,1,1,True,,
2015,wta,2015_4_hobart_hobart_international_2015-01-15_R16_knapp_k_dellacqua_c,2015-W-INT-AUS-01A-2015_17,1050,201498,201348,tournament_round_name_pair,False,rank_mismatch,1,1,True,,
2015,wta,2015_4_hobart_hobart_international_2015-01-15_QF_watson_h_vinci_r,2015-W-INT-AUS-01A-2015_27,1050,201586,201311,tournament_round_name_pair,False,rank_mismatch,1,1,True,,
2015,wta,2015_4_hobart_hobart_international_2015-01-15_QF_nara_k_giorgi_c,2015-W-INT-AUS-01A-2015_26,1050,201597,202429,tournament_round_name_pair,False,rank_mismatch,1,1,True,,
2015,wta,2015_4_hobart_hobart_international_2015-01-15_QF_brengle_m_knapp_k,2015-W-INT-AUS-01A-2015_25,1050,201483,201498,tournament_round_name_pair,False,rank_mismatch,1,1,True,,
2015,wta,2015_4_hobart_hobart_international_2015-01-16_SF_brengle_m_nara_k,2015-W-INT-AUS-01A-2015_29,1050,201483,201597,tournament_round_name_pair,False,rank_mismatch,1,1,True,,
2015,wta,2015_4_hobart_hobart_international_2015-01-17_F_watson_h_brengle_m,2015-W-INT-AUS-01A-2015_31,1050,201586,201483,tournament_round_name_pair,False,rank_mismatch,1,1,True,,
2015,wta,2015_5_sydney_apai_international_2015-01-11_R32_keys_m_kuznetsova_s,2015-W-PR-AUS-02A-2015_9,702,201619,201320,tournament_round_name_pair,False,rank_mismatch,1,1,True,,
2015,wta,2015_5_sydney_apai_international_2015-01-12_R32_muguruza_g_errani_s,2015-W-PR-AUS-02A-2015_5,702,202469,201506,tournament_round_name_pair,False,rank_mismatch,1,1,True,,
2015,wta,2015_5_sydney_apai_international_2015-01-12_R32_stosur_s_safarova_l,2015-W-PR-AUS-02A-2015_10,702,201325,201425,tournament_round_name_pair,False,rank_mismatch,1,1,True,,
2015,wta,2015_5_sydney_apai_international_2015-01-12_R32_suarez_navarro_c_lisicki_s,2015-W-PR-AUS-02A-2015_2,702,201521,201513,tournament_round_name_pair,False,rank_mismatch,1,1,True,,
2015,wta,2015_5_sydney_apai_international_2015-01-12_R32_gajdosova_j_petkovic_a,2015-W-PR-AUS-02A-2015_13,702,201457,201492,tournament_round_name_pair,False,rank_mismatch,1,1,True,,
2015,wta,2015_5_sydney_apai_international_2015-01-12_R32_peng_s_pavlyuchenkova_a,2015-W-PR-AUS-02A-2015_14,702,201397,201499,tournament_round_name_pair,False,rank_mismatch,1,1,True,,
2015,wta,2015_5_sydney_apai_international_2015-01-12_R32_pironkova_t_pennetta_f,2015-W-PR-AUS-02A-2015_8,702,201450,201355,tournament_round_name_pair,False,rank_mismatch,1,1,True,,
2015,wta,2015_5_sydney_apai_international_2015-01-12_R32_cibulkova_d_mladenovic_k,2015-W-PR-AUS-02A-2015_12,702,201495,201540,tournament_round_name_pair,False,rank_mismatch,1,1,True,,
2015,wta,2015_5_sydney_apai_international_2015-01-12_R32_pliskova_ka_hercog_p,2015-W-PR-AUS-02A-2015_1,702,201662,201555,tournament_round_name_pair,False,rank_mismatch,1,1,True,,
2015,wta,2015_5_sydney_apai_international_2015-01-12_R32_radwanska_a_cornet_a,2015-W-PR-AUS-02A-2015_4,702,201474,201427,tournament_round_name_pair,False,rank_mismatch,1,1,True,,
2015,wta,2015_5_sydney_apai_international_2015-01-12_R32_kerber_a_tsurenko_l,2015-W-PR-AUS-02A-2015_7,702,201493,201615,tournament_round_name_pair,False,rank_mismatch,1,1,True,,
2015,wta,2015_5_sydney_apai_international_2015-01-13_R16_pliskova_ka_gibbs_n,2015-W-PR-AUS-02A-2015_15,702,201662,202484,tournament_round_name_pair,False,rank_mismatch,1,1,True,,
2015,wta,2015_5_sydney_apai_international_2015-01-13_R16_pironkova_t_keys_m,2015-W-PR-AUS-02A-2015_19,702,201450,201619,tournament_round_name_pair,False,rank_mismatch,1,1,True,,
2015,wta,2015_5_sydney_apai_international_2015-01-13_R16_muguruza_g_radwanska_a,2015-W-PR-AUS-02A-2015_17,702,202469,201474,tournament_round_name_pair,False,rank_mismatch,1,1,True,,
2015,wta,2015_5_sydney_apai_international_2015-01-13_R16_gajdosova_j_cibulkova_d,2015-W-PR-AUS-02A-2015_21,702,201457,201495,tournament_round_name_pair,False,rank_mismatch,1,1,True,,
2015,wta,2015_5_sydney_apai_international_2015-01-14_QF_pliskova_ka_suarez_navarro_c,2015-W-PR-AUS-02A-2015_23,702,201662,201521,tournament_round_name_pair,False,rank_mismatch,1,1,True,,
2015,wta,2015_5_sydney_apai_international_2015-01-14_QF_kvitova_p_gajdosova_j,2015-W-PR-AUS-02A-2015_26,702,201520,201457,tournament_round_name_pair,False,rank_mismatch,1,1,True,,
2015,wta,2015_5_sydney_apai_international_2015-01-14_QF_kerber_a_muguruza_g,2015-W-PR-AUS-02A-2015_24,702,201493,202469,tournament_round_name_pair,False,rank_mismatch,1,1,True,,
2015,wta,2015_5_sydney_apai_international_2015-01-15_SF_pliskova_ka_kerber_a,2015-W-PR-AUS-02A-2015_27,702,201662,201493,tournament_round_name_pair,False,rank_mismatch,1,1,True,,
2015,wta,2015_5_sydney_apai_international_2015-01-15_SF_kvitova_p_pironkova_t,2015-W-PR-AUS-02A-2015_28,702,201520,201450,tournament_round_name_pair,False,rank_mismatch,1,1,True,,
2015,wta,2015_6_melbourne_australian_open_2015-01-20_R128_tatishvili_a_date_krumm_k,2015-W-SL-AUS-01A-2015_7,901,201588,200617,tournament_round_name_pair,False,rank_mismatch,1,1,True,,
2015,wta,2015_10_rio_de_janeiro_rio_open_2015-02-16_R32_dominguez_lino_l_gonzalez_m,2015-W-INT-BRA-01A-2015_2,1073,201452,206329,tournament_round_name_pair,False,rank_mismatch,1,1,True,,
2015,wta,2015_13_kuala_lumpur_malaysia_open_2015-03-02_R32_putintseva_y_noordin_j,2015-W-INT-MAS-01A-2015_7,1041,201709,204304,tournament_round_name_pair,False,missing_rank,1,1,True,,
2015,wta,2015_19_bogota_copa_claro_colsanitas_2015-04-14_R32_kovinic_d_perez_garcia_m_p,2015-W-INT-COL-01A-2015_2,894,203575,211043,tournament_round_name_pair,False,rank_mismatch,1,1,True,,
2015,wta,2015_30_birmingham_aegon_classic_2015-06-15_R64_dellacqua_c_davis_l,2015-W-P700-GBR-01A-2015_17,1052,201348,201616,tournament_round_name_pair,False,rank_mismatch,1,1,True,,
2015,wta,2015_30_birmingham_aegon_classic_2015-06-15_R64_hradecka_l_tsurenko_l,2015-W-P700-GBR-01A-2015_5,1052,201556,201615,tournament_round_name_pair,False,rank_mismatch,1,1,True,,
2015,wta,2015_30_birmingham_aegon_classic_2015-06-15_R64_mchale_c_cornet_a,2015-W-P700-GBR-01A-2015_15,1052,201539,201427,tournament_round_name_pair,False,rank_mismatch,1,1,True,,
2015,wta,2015_30_birmingham_aegon_classic_2015-06-15_R64_koukalova_k_vandeweghe_c,2015-W-P700-GBR-01A-2015_2,1052,201344,201535,tournament_round_name_pair,False,rank_mismatch,1,1,True,,
2015,wta,2015_30_birmingham_aegon_classic_2015-06-15_R64_broady_n_tomljanovic_a,2015-W-P700-GBR-01A-2015_1,1052,201648,201548,tournament_round_name_pair,False,rank_mismatch,1,1,True,,
2015,wta,2015_30_birmingham_aegon_classic_2015-06-15_R64_siniakova_k_nara_k,2015-W-P700-GBR-01A-2015_13,1052,211701,201597,tournament_round_name_pair,False,rank_mismatch,1,1,True,,
2015,wta,2015_30_birmingham_aegon_classic_2015-06-15_R64_schmiedlova_a_jovanovski_b,2015-W-P700-GBR-01A-2015_20,1052,203533,201587,tournament_round_name_pair,False,rank_mismatch,1,1,True,,
2015,wta,2015_30_birmingham_aegon_classic_2015-06-15_R64_konta_j_gajdosova_j,2015-W-P700-GBR-01A-2015_12,1052,202427,201457,tournament_round_name_pair,False,rank_mismatch,1,1,True,,
2015,wta,2015_30_birmingham_aegon_classic_2015-06-15_R64_pironkova_t_swan_k,2015-W-P700-GBR-01A-2015_18,1052,201450,215042,tournament_round_name_pair,False,rank_mismatch,1,1,True,,
2015,wta,2015_30_birmingham_aegon_classic_2015-06-15_R64_larcherde_brito_m_zheng_s,2015-W-P700-GBR-01A-2015_24,1052,201547,202453,tournament_round_name_pair,False,rank_mismatch,1,1,True,,
2015,wta,2015_30_birmingham_aegon_classic_2015-06-16_R64_diyas_z_bondarenko_k,2015-W-P700-GBR-01A-2015_11,1052,201610,201435,tournament_round_name_pair,False,rank_mismatch,1,1,True,,
2015,wta,2015_30_birmingham_aegon_classic_2015-06-16_R64_garcia_c_maria_t,2015-W-P700-GBR-01A-2015_3,1052,201614,213583,tournament_round_name_pair,False,rank_mismatch,1,1,True,,
2015,wta,2015_30_birmingham_aegon_classic_2015-06-16_R64_jankovic_j_smitkova_t,2015-W-P700-GBR-01A-2015_16,1052,201347,202702,tournament_round_name_pair,False,rank_mismatch,1,1,True,,
2015,wta,2015_30_birmingham_aegon_classic_2015-06-16_R64_azarenka_v_lepchenko_v,2015-W-P700-GBR-01A-2015_10,1052,201458,201478,tournament_round_name_pair,False,rank_mismatch,1,1,True,,
2015,wta,2015_30_birmingham_aegon_classic_2015-06-16_R64_kuznetsova_s_knapp_k,2015-W-P700-GBR-01A-2015_9,1052,201320,201498,tournament_round_name_pair,False,rank_mismatch,1,1,True,,
2015,wta,2015_30_birmingham_aegon_classic_2015-06-16_R64_krunic_a_watson_h,2015-W-P700-GBR-01A-2015_8,1052,202434,201586,tournament_round_name_pair,False,rank_mismatch,1,1,True,,
2015,wta,2015_30_birmingham_aegon_classic_2015-06-16_R64_doi_m_puig_m,2015-W-P700-GBR-01A-2015_14,1052,201595,201620,tournament_round_name_pair,False,rank_mismatch,1,1,True,,
2015,wta,2015_30_birmingham_aegon_classic_2015-06-16_R64_babos_t_vinci_r,2015-W-P700-GBR-01A-2015_7,1052,201693,201311,tournament_round_name_pair,False,rank_mismatch,1,1,True,,
2015,wta,2015_30_birmingham_aegon_classic_2015-06-16_R64_erakovic_m_cetkovska_p,2015-W-P700-GBR-01A-2015_23,1052,201523,201508,tournament_round_name_pair,False,rank_mismatch,1,1,True,,
2015,wta,2015_30_birmingham_aegon_classic_2015-06-16_R64_strycova_b_niculescu_m,2015-W-P700-GBR-01A-2015_4,1052,201366,201512,tournament_round_name_pair,False,rank_mismatch,1,1,True,,
2015,wta,2015_30_birmingham_aegon_classic_2015-06-16_R64_bencic_b_lucic_m,2015-W-P700-GBR-01A-2015_19,1052,202505,200002,tournament_round_name_pair,False,rank_mismatch,1,1,True,,
2015,wta,2015_30_birmingham_aegon_classic_2015-06-16_R64_hantuchova_d_begu_i,2015-W-P700-GBR-01A-2015_22,1052,201290,201593,tournament_round_name_pair,False,rank_mismatch,1,1,True,,
2015,wta,2015_30_birmingham_aegon_classic_2015-06-16_R32_halep_s_broady_n,2015-W-P700-GBR-01A-2015_25,1052,201594,201648,tournament_round_name_pair,False,rank_mismatch,1,1,True,,
2015,wta,2015_30_birmingham_aegon_classic_2015-06-16_R32_siniakova_k_petkovic_a,2015-W-P700-GBR-01A-2015_33,1052,211701,201492,tournament_round_name_pair,False,rank_mismatch,1,1,True,,
2015,wta,2015_30_birmingham_aegon_classic_2015-06-17_R32_mchale_c_doi_m,2015-W-P700-GBR-01A-2015_34,1052,201539,201595,tournament_round_name_pair,False,rank_mismatch,1,1,True,,
2015,wta,2015_30_birmingham_aegon_classic_2015-06-17_R32_jankovic_j_dellacqua_c,2015-W-P700-GBR-01A-2015_35,1052,201347,201348,tournament_round_name_pair,False,rank_mismatch,1,1,True,,
2015,wta,2015_30_birmingham_aegon_classic_2015-06-17_R32_koukalova_k_garcia_c,2015-W-P700-GBR-01A-2015_26,1052,201344,201614,tournament_round_name_pair,False,rank_mismatch,1,1,True,,
2015,wta,2015_30_birmingham_aegon_classic_2015-06-17_R32_larcherde_brito_m_ivanovic_a,2015-W-P700-GBR-01A-2015_40,1052,201547,201421,tournament_round_name_pair,False,rank_mismatch,1,1,True,,
2015,wta,2015_30_birmingham_aegon_classic_2015-06-17_R32_suarez_navarro_c_babos_t,2015-W-P700-GBR-01A-2015_29,1052,201521,201693,tournament_round_name_pair,False,rank_mismatch,1,1,True,,
2015,wta,2015_30_birmingham_aegon_classic_2015-06-17_R32_strycova_b_hradecka_l,2015-W-P700-GBR-01A-2015_27,1052,201366,201556,tournament_round_name_pair,False,rank_mismatch,1,1,True,,
2015,wta,2015_30_birmingham_aegon_classic_2015-06-17_R32_kerber_a_pironkova_t,2015-W-P700-GBR-01A-2015_36,1052,201493,201450,tournament_round_name_pair,False,rank_mismatch,1,1,True,,
2015,wta,2015_30_birmingham_aegon_classic_2015-06-17_R32_hantuchova_d_erakovic_m,2015-W-P700-GBR-01A-2015_39,1052,201290,201523,tournament_round_name_pair,False,rank_mismatch,1,1,True,,
2015,wta,2015_30_birmingham_aegon_classic_2015-06-17_R32_kuznetsova_s_krunic_a,2015-W-P700-GBR-01A-2015_30,1052,201320,202434,tournament_round_name_pair,False,rank_mismatch,1,1,True,,
2015,wta,2015_30_birmingham_aegon_classic_2015-06-17_R32_lisicki_s_bencic_b,2015-W-P700-GBR-01A-2015_37,1052,201513,202505,tournament_round_name_pair,False,rank_mismatch,1,1,True,,
2015,wta,2015_30_birmingham_aegon_classic_2015-06-17_R32_diyas_z_azarenka_v,2015-W-P700-GBR-01A-2015_31,1052,201610,201458,tournament_round_name_pair,False,rank_mismatch,1,1,True,,
2015,wta,2015_30_birmingham_aegon_classic_2015-06-18_R32_pliskova_ka_konta_j,2015-W-P700-GBR-01A-2015_32,1052,201662,202427,tournament_round_name_pair,False,rank_mismatch,1,1,True,,
2015,wta,2015_30_birmingham_aegon_classic_2015-06-18_R16_siniakova_k_mchale_c,2015-W-P700-GBR-01A-2015_45,1052,211701,201539,tournament_round_name_pair,False,rank_mismatch,1,1,True,,
2015,wta,2015_30_birmingham_aegon_classic_2015-06-18_R16_suarez_navarro_c_kuznetsova_s,2015-W-P700-GBR-01A-2015_43,1052,201521,201320,tournament_round_name_pair,False,rank_mismatch,1,1,True,,
2015,wta,2015_30_birmingham_aegon_classic_2015-06-18_R16_halep_s_koukalova_k,2015-W-P700-GBR-01A-2015_41,1052,201594,201344,tournament_round_name_pair,False,rank_mismatch,1,1,True,,
2015,wta,2015_30_birmingham_aegon_classic_2015-06-18_R16_mladenovic_k_strycova_b,2015-W-P700-GBR-01A-2015_42,1052,201540,201366,tournament_round_name_pair,False,rank_mismatch,1,1,True,,
2015,wta,2015_30_birmingham_aegon_classic_2015-06-18_R16_kerber_a_jankovic_j,2015-W-P700-GBR-01A-2015_46,1052,201493,201347,tournament_round_name_pair,False,rank_mismatch,1,1,True,,
2015,wta,2015_30_birmingham_aegon_classic_2015-06-18_R16_pliskova_ka_diyas_z,2015-W-P700-GBR-01A-2015_44,1052,201662,201610,tournament_round_name_pair,False,rank_mismatch,1,1,True,,
2015,wta,2015_30_birmingham_aegon_classic_2015-06-18_R16_hantuchova_d_larcherde_brito_m,2015-W-P700-GBR-01A-2015_48,1052,201290,201547,tournament_round_name_pair,False,rank_mismatch,1,1,True,,
2015,wta,2015_30_birmingham_aegon_classic_2015-06-19_QF_kerber_a_siniakova_k,2015-W-P700-GBR-01A-2015_51,1052,201493,211701,tournament_round_name_pair,False,rank_mismatch,1,1,True,,
2015,wta,2015_30_birmingham_aegon_classic_2015-06-19_QF_lisicki_s_hantuchova_d,2015-W-P700-GBR-01A-2015_52,1052,201513,201290,tournament_round_name_pair,False,rank_mismatch,1,1,True,,
2015,wta,2015_32_london_wimbledon_2015-06-30_R128_rodina_e_robson_l,2015-W-SL-GBR-01A-2015_62,904,201516,201573,tournament_round_name_pair,False,missing_rank,1,1,True,,
2015,wta,2015_37_baku_baku_cup_2015-07-27_R32_korashvili_o_safarova_z,2015-W-INT-AZE-01A-2015_10,1044,211472,214842,tournament_round_name_pair,False,rank_mismatch,1,1,True,,
2015,wta,2015_37_baku_baku_cup_2015-07-27_R32_hlavackova_a_jovanovski_b,2015-W-INT-AZE-01A-2015_13,1044,201599,201587,tournament_round_name_pair,False,rank_mismatch,1,1,True,,
2015,wta,2015_37_baku_baku_cup_2015-07-27_R32_gasparyan_m_cibulkova_d,2015-W-INT-AZE-01A-2015_12,1044,202506,201495,tournament_round_name_pair,False,rank_mismatch,1,1,True,,
2015,wta,2015_37_baku_baku_cup_2015-07-27_R32_panova_a_linette_m,2015-W-INT-AZE-01A-2015_14,1044,201668,202663,tournament_round_name_pair,False,rank_mismatch,1,1,True,,
2015,wta,2015_37_baku_baku_cup_2015-07-27_R32_pavlyuchenkova_a_kulichkova_e,2015-W-INT-AZE-01A-2015_1,1044,201499,206404,tournament_round_name_pair,False,rank_mismatch,1,1,True,,
2015,wta,2015_37_baku_baku_cup_2015-07-27_R32_vekic_d_schiavone_f,2015-W-INT-AZE-01A-2015_8,1044,202499,201212,tournament_round_name_pair,False,rank_mismatch,1,1,True,,
2015,wta,2015_37_baku_baku_cup_2015-07-28_R32_diatchenko_v_abduraimova_n,2015-W-INT-AZE-01A-2015_4,1044,201554,201672,tournament_round_name_pair,False,rank_mismatch,1,1,True,,
2015,wta,2015_37_baku_baku_cup_2015-07-28_R32_yang_z_beygelzimer_y,2015-W-INT-AZE-01A-2015_11,1044,206107,201377,tournament_round_name_pair,False,rank_mismatch,1,1,True,,
2015,wta,2015_37_baku_baku_cup_2015-07-28_R32_bondarenko_k_ivakhnenko_v,2015-W-INT-AZE-01A-2015_2,1044,201435,202488,tournament_round_name_pair,False,rank_mismatch,1,1,True,,
2015,wta,2015_37_baku_baku_cup_2015-07-28_R32_zhu_l_pliskova_kr,2015-W-INT-AZE-01A-2015_7,1044,202684,201697,tournament_round_name_pair,False,rank_mismatch,1,1,True,,
2015,wta,2015_37_baku_baku_cup_2015-07-28_R32_savchuk_o_nara_k,2015-W-INT-AZE-01A-2015_5,1044,201456,201597,tournament_round_name_pair,False,rank_mismatch,1,1,True,,
2015,wta,2015_37_baku_baku_cup_2015-07-28_R32_tig_p_m_ianchuk_o,2015-W-INT-AZE-01A-2015_6,1044,206255,203549,tournament_round_name_pair,False,rank_mismatch,1,1,True,,
2015,wta,2015_37_baku_baku_cup_2015-07-28_R32_kontaveit_a_eguchi_m,2015-W-INT-AZE-01A-2015_15,1044,204426,202685,tournament_round_name_pair,False,rank_mismatch,1,1,True,,
2015,wta,2015_37_baku_baku_cup_2015-07-28_R32_flipkens_k_buyukakcay_c,2015-W-INT-AZE-01A-2015_3,1044,201465,201666,tournament_round_name_pair,False,rank_mismatch,1,1,True,,
2015,wta,2015_37_baku_baku_cup_2015-07-29_R32_rodina_e_kovinic_d,2015-W-INT-AZE-01A-2015_9,1044,201516,203575,tournament_round_name_pair,False,rank_mismatch,1,1,True,,
2015,wta,2015_37_baku_baku_cup_2015-07-29_R32_knapp_k_voegele_s,2015-W-INT-AZE-01A-2015_16,1044,201498,201527,tournament_round_name_pair,False,rank_mismatch,1,1,True,,
2015,wta,2015_37_baku_baku_cup_2015-07-29_R16_gasparyan_m_yang_z,2015-W-INT-AZE-01A-2015_22,1044,202506,206107,tournament_round_name_pair,False,rank_mismatch,1,1,True,,
2015,wta,2015_37_baku_baku_cup_2015-07-29_R16_vekic_d_zhu_l,2015-W-INT-AZE-01A-2015_20,1044,202499,202684,tournament_round_name_pair,False,rank_mismatch,1,1,True,,
2015,wta,2015_37_baku_baku_cup_2015-07-29_R16_panova_a_hlavackova_a,2015-W-INT-AZE-01A-2015_23,1044,201668,201599,tournament_round_name_pair,False,rank_mismatch,1,1,True,,
2015,wta,2015_37_baku_baku_cup_2015-07-29_R16_pavlyuchenkova_a_bondarenko_k,2015-W-INT-AZE-01A-2015_17,1044,201499,201435,tournament_round_name_pair,False,rank_mismatch,1,1,True,,
2015,wta,2015_37_baku_baku_cup_2015-07-30_R16_tig_p_m_savchuk_o,2015-W-INT-AZE-01A-2015_19,1044,206255,201456,tournament_round_name_pair,False,rank_mismatch,1,1,True,,
2015,wta,2015_37_baku_baku_cup_2015-07-30_R16_rodina_e_korashvili_o,2015-W-INT-AZE-01A-2015_21,1044,201516,211472,tournament_round_name_pair,False,rank_mismatch,1,1,True,,
2015,wta,2015_37_baku_baku_cup_2015-07-30_R16_flipkens_k_diatchenko_v,2015-W-INT-AZE-01A-2015_18,1044,201465,201554,tournament_round_name_pair,False,rank_mismatch,1,1,True,,
2015,wta,2015_37_baku_baku_cup_2015-07-30_R16_knapp_k_kontaveit_a,2015-W-INT-AZE-01A-2015_24,1044,201498,204426,tournament_round_name_pair,False,rank_mismatch,1,1,True,,
2015,wta,2015_37_baku_baku_cup_2015-07-31_QF_knapp_k_panova_a,2015-W-INT-AZE-01A-2015_28,1044,201498,201668,tournament_round_name_pair,False,rank_mismatch,1,1,True,,
2015,wta,2015_37_baku_baku_cup_2015-07-31_QF_gasparyan_m_rodina_e,2015-W-INT-AZE-01A-2015_27,1044,202506,201516,tournament_round_name_pair,False,rank_mismatch,1,1,True,,
2015,wta,2015_37_baku_baku_cup_2015-07-31_QF_tig_p_m_vekic_d,2015-W-INT-AZE-01A-2015_26,1044,206255,202499,tournament_round_name_pair,False,rank_mismatch,1,1,True,,
2015,wta,2015_37_baku_baku_cup_2015-07-31_QF_pavlyuchenkova_a_flipkens_k,2015-W-INT-AZE-01A-2015_25,1044,201499,201465,tournament_round_name_pair,False,rank_mismatch,1,1,True,,
2015,wta,2015_37_baku_baku_cup_2015-08-01_SF_gasparyan_m_knapp_k,2015-W-INT-AZE-01A-2015_30,1044,202506,201498,tournament_round_name_pair,False,rank_mismatch,1,1,True,,
2015,wta,2015_37_baku_baku_cup_2015-08-01_SF_tig_p_m_pavlyuchenkova_a,2015-W-INT-AZE-01A-2015_29,1044,206255,201499,tournament_round_name_pair,False,rank_mismatch,1,1,True,,
2015,wta,2015_37_baku_baku_cup_2015-08-02_F_gasparyan_m_tig_p_m,2015-W-INT-AZE-01A-2015_31,1044,202506,206255,tournament_round_name_pair,False,rank_mismatch,1,1,True,,
2015,wta,2015_38_florianopolis_brasil_tennis_cup_2015-07-27_R32_maria_t_alves_m_f,2015-W-INT-BRA-02A-2015_1,1064,213583,202302,tournament_round_name_pair,False,rank_mismatch,1,1,True,,
2015,wta,2015_38_florianopolis_brasil_tennis_cup_2015-07-27_R32_lim_a_ormaechea_p,2015-W-INT-BRA-02A-2015_11,1064,202430,202440,tournament_round_name_pair,False,rank_mismatch,1,1,True,,
2015,wta,2015_38_florianopolis_brasil_tennis_cup_2015-07-27_R32_kania_p_celik_s,2015-W-INT-BRA-02A-2015_9,1064,203518,206178,tournament_round_name_pair,False,rank_mismatch,1,1,True,,
2015,wta,2015_38_florianopolis_brasil_tennis_cup_2015-07-28_R32_cepede_royg_v_goncalves_p_c,2015-W-INT-BRA-02A-2015_3,1064,202705,205591,tournament_round_name_pair,False,rank_mismatch,1,1,True,,
2015,wta,2015_38_florianopolis_brasil_tennis_cup_2015-07-28_R32_siegemund_l_melnikova_m,2015-W-INT-BRA-02A-2015_8,1064,201696,203379,tournament_round_name_pair,False,rank_mismatch,1,1,True,,
2015,wta,2015_38_florianopolis_brasil_tennis_cup_2015-07-28_R32_torro_flor_m_t_peterson_r,2015-W-INT-BRA-02A-2015_2,1064,201640,202490,tournament_round_name_pair,False,rank_mismatch,1,1,True,,
2015,wta,2015_38_florianopolis_brasil_tennis_cup_2015-07-28_R32_kostova_e_pivovarova_a,2015-W-INT-BRA-02A-2015_7,1064,202467,201532,tournament_round_name_pair,False,rank_mismatch,1,1,True,,
2015,wta,2015_38_florianopolis_brasil_tennis_cup_2015-07-28_R32_ce_g_burger_c,2015-W-INT-BRA-02A-2015_10,1064,206194,206183,tournament_round_name_pair,False,rank_mismatch,1,1,True,,
2015,wta,2015_38_florianopolis_brasil_tennis_cup_2015-07-28_R32_sevastova_a_chirico_l,2015-W-INT-BRA-02A-2015_4,1064,201545,211635,tournament_round_name_pair,False,rank_mismatch,1,1,True,,
2015,wta,2015_38_florianopolis_brasil_tennis_cup_2015-07-28_R32_martincova_t_lemoine_q,2015-W-INT-BRA-02A-2015_15,1064,206124,206045,tournament_round_name_pair,False,rank_mismatch,1,1,True,,
2015,wta,2015_38_florianopolis_brasil_tennis_cup_2015-07-28_R32_bogdan_a_stefani_l,2015-W-INT-BRA-02A-2015_14,1064,202536,213604,tournament_round_name_pair,False,rank_mismatch,1,1,True,,
2015,wta,2015_38_florianopolis_brasil_tennis_cup_2015-07-28_R32_ozaki_r_gamiz_a,2015-W-INT-BRA-02A-2015_6,1064,203552,203521,tournament_round_name_pair,False,rank_mismatch,1,1,True,,
2015,wta,2015_38_florianopolis_brasil_tennis_cup_2015-07-28_R32_pereira_t_irigoyen_m,2015-W-INT-BRA-02A-2015_5,1064,202694,202395,tournament_round_name_pair,False,rank_mismatch,1,1,True,,
2015,wta,2015_38_florianopolis_brasil_tennis_cup_2015-07-29_R16_ce_g_kania_p,2015-W-INT-BRA-02A-2015_21,1064,206194,203518,tournament_round_name_pair,False,rank_mismatch,1,1,True,,
2015,wta,2015_38_florianopolis_brasil_tennis_cup_2015-07-29_R16_torro_flor_m_t_maria_t,2015-W-INT-BRA-02A-2015_17,1064,201640,213583,tournament_round_name_pair,False,rank_mismatch,1,1,True,,
2015,wta,2015_38_florianopolis_brasil_tennis_cup_2015-07-29_R16_martincova_t_tomljanovic_a,2015-W-INT-BRA-02A-2015_24,1064,206124,201548,tournament_round_name_pair,False,rank_mismatch,1,1,True,,
2015,wta,2015_38_florianopolis_brasil_tennis_cup_2015-07-29_R16_siegemund_l_kostova_e,2015-W-INT-BRA-02A-2015_20,1064,201696,202467,tournament_round_name_pair,False,rank_mismatch,1,1,True,,
2015,wta,2015_38_florianopolis_brasil_tennis_cup_2015-07-29_R16_sevastova_a_cepede_royg_v,2015-W-INT-BRA-02A-2015_18,1064,201545,202705,tournament_round_name_pair,False,rank_mismatch,1,1,True,,
2015,wta,2015_38_florianopolis_brasil_tennis_cup_2015-07-29_R16_beck_a_lim_a,2015-W-INT-BRA-02A-2015_22,1064,202470,202430,tournament_round_name_pair,False,rank_mismatch,1,1,True,,
2015,wta,2015_38_florianopolis_brasil_tennis_cup_2015-07-29_R16_pereira_t_ozaki_r,2015-W-INT-BRA-02A-2015_19,1064,202694,203552,tournament_round_name_pair,False,rank_mismatch,1,1,True,,
2015,wta,2015_38_florianopolis_brasil_tennis_cup_2015-07-30_QF_beck_a_ce_g,2015-W-INT-BRA-02A-2015_27,1064,202470,206194,tournament_round_name_pair,False,rank_mismatch,1,1,True,,
2015,wta,2015_38_florianopolis_brasil_tennis_cup_2015-07-30_QF_sevastova_a_torro_flor_m_t,2015-W-INT-BRA-02A-2015_25,1064,201545,201640,tournament_round_name_pair,False,rank_mismatch,1,1,True,,
2015,wta,2015_38_florianopolis_brasil_tennis_cup_2015-07-30_QF_pereira_t_siegemund_l,2015-W-INT-BRA-02A-2015_26,1064,202694,201696,tournament_round_name_pair,False,rank_mismatch,1,1,True,,
2015,wta,2015_38_florianopolis_brasil_tennis_cup_2015-07-31_SF_pereira_t_sevastova_a,2015-W-INT-BRA-02A-2015_29,1064,202694,201545,tournament_round_name_pair,False,rank_mismatch,1,1,True,,
2015,wta,2015_38_florianopolis_brasil_tennis_cup_2015-07-31_SF_beck_a_mattek_sands_b,2015-W-INT-BRA-02A-2015_30,1064,202470,201318,tournament_round_name_pair,False,rank_mismatch,1,1,True,,
2015,wta,2015_38_florianopolis_brasil_tennis_cup_2015-08-01_F_pereira_t_beck_a,2015-W-INT-BRA-02A-2015_31,1064,202694,202470,tournament_round_name_pair,False,rank_mismatch,1,1,True,,
2015,wta,2015_44_new_york_us_open_2015-09-01_R128_ostapenko_j_beck_a,2015-W-SL-USA-01A-2015_42,905,211533,202470,tournament_round_name_pair,False,rank_mismatch,1,1,True,,
2015,wta,2015_48_seoul_kia_korea_open_2015-09-22_R32_date_krumm_k_tomljanovic_a,2015-W-INT-KOR-01A-2015_11,1024,200617,201548,tournament_round_name_pair,False,rank_mismatch,1,1,True,,
2015,wta,2015_48_seoul_kia_korea_open_2015-09-24_R16_stephens_s_date_krumm_k,2015-W-INT-KOR-01A-2015_22,1024,201585,200617,tournament_round_name_pair,False,rank_mismatch,1,1,True,,
2015,wta,2015_50_tashkent_tashkent_open_2015-09-29_R32_beck_a_kulichkova_e,2015-W-INT-UZB-01A-2015_1,825,202470,206404,tournament_round_name_pair,False,rank_mismatch,1,1,True,,
2015,wta,2015_50_tashkent_tashkent_open_2015-09-30_R16_beck_a_cepelova_j,2015-W-INT-UZB-01A-2015_17,825,202470,202450,tournament_round_name_pair,False,rank_mismatch,1,1,True,,
2015,wta,2015_50_tashkent_tashkent_open_2015-10-01_QF_jovanovski_b_beck_a,2015-W-INT-UZB-01A-2015_25,825,201587,202470,tournament_round_name_pair,False,rank_mismatch,1,1,True,,
