source,tour,year,uk_tournament_id,tournament_name,location,match_date,series,is_outdoor,surface,round,players_remaining,best_of,winner_name,loser_name,winner_rank,loser_rank,winner_rank_points,loser_rank_points,winner_sets,loser_sets,winner_set_1_games,loser_set_1_games,winner_set_2_games,loser_set_2_games,winner_set_3_games,loser_set_3_games,winner_set_4_games,loser_set_4_games,winner_set_5_games,loser_set_5_games,match_status,odds_b365_winner,odds_b365_loser,odds_pinnacle_winner,odds_pinnacle_loser,odds_max_winner,odds_max_loser,odds_avg_winner,odds_avg_loser,source_event_key,source_match_key
tennis_data_uk,atp,2012,1,Brisbane International,Brisbane,2012-01-01,atp_250,True,hard,R32,32,3,Duckworth J.,Mahut N.,275,80,171,653,2,0,6,4,6,4,,,,,,,completed,4.33,1.2,4.65,1.23,5.0,1.23,4.35,1.2,2012_1_brisbane_brisbane_international,2012_1_brisbane_brisbane_international_2012-01-01_R32_duckworth_j_mahut_n
tennis_data_uk,atp,2012,1,Brisbane International,Brisbane,2012-01-01,atp_250,True,hard,R32,32,3,Dolgopolov O.,Falla A.,15,74,1925,671,2,0,7,6,6,2,,,,,,,completed,1.25,3.75,1.32,3.71,1.33,4.0,1.28,3.59,2012_1_brisbane_brisbane_international,2012_1_brisbane_brisbane_international_2012-01-01_R32_dolgopolov_o_falla_a
tennis_data_uk,atp,2012,1,Brisbane International,Brisbane,2012-01-02,atp_250,True,hard,R32,32,3,Istomin D.,Mayer F.,73,23,685,1630,1,0,7,6,2,3,,,,,,,retired,3.25,1.33,3.29,1.38,3.46,1.38,3.1,1.35,2012_1_brisbane_brisbane_international,2012_1_brisbane_brisbane_international_2012-01-02_R32_istomin_d_mayer_f
tennis_data_uk,atp,2012,1,Brisbane International,Brisbane,2012-01-02,atp_250,True,hard,R32,32,3,Tomic B.,Benneteau J.,42,52,970,900,2,1,6,2,4,6,7,5,,,,,completed,1.66,2.1,1.7,2.27,1.7,3.1,1.63,2.22,2012_1_brisbane_brisbane_international,2012_1_brisbane_brisbane_international_2012-01-02_R32_tomic_b_benneteau_j
tennis_data_uk,atp,2012,1,Brisbane International,Brisbane,2012-01-02,atp_250,True,hard,R32,32,3,Muller G.,Mello R.,54,85,893,630,2,1,6,7,7,6,6,3,,,,,completed,1.4,2.75,1.41,3.13,1.44,3.7,1.4,2.86,2012_1_brisbane_brisbane_international,2012_1_brisbane_brisbane_international_2012-01-02_R32_muller_g_mello_r
tennis_data_uk,atp,2012,1,Brisbane International,Brisbane,2012-01-02,atp_250,True,hard,R32,32,3,Simon G.,Sweeting R.,12,72,2165,690,2,0,6,3,6,4,,,,,,,completed,1.2,4.33,1.24,4.48,1.3,4.6,1.2,4.25,2012_1_brisbane_brisbane_international,2012_1_brisbane_brisbane_international_2012-01-02_R32_simon_g_sweeting_r
tennis_data_uk,atp,2012,1,Brisbane International,Brisbane,2012-01-02,atp_250,True,hard,R32,32,3,Baghdatis M.,Harrison R.,44,79,940,658,2,0,7,6,6,4,,,,,,,completed,1.36,3.0,1.51,2.74,1.51,3.15,1.41,2.79,2012_1_brisbane_brisbane_international,2012_1_brisbane_brisbane_international_2012-01-02_R32_baghdatis_m_harrison_r
tennis_data_uk,atp,2012,1,Brisbane International,Brisbane,2012-01-03,atp_250,True,hard,R32,32,3,Nishikori K.,Stebe C.M.,25,81,1430,652,2,1,3,6,6,1,6,4,,,,,completed,1.22,4.0,1.26,4.29,1.34,4.3,1.25,3.8,2012_1_brisbane_brisbane_international,2012_1_brisbane_brisbane_international_2012-01-03_R32_nishikori_k_stebe_c_m
tennis_data_uk,atp,2012,1,Brisbane International,Brisbane,2012-01-03,atp_250,True,hard,R32,32,3,Nieminen J.,Levine J.,77,164,666,308,2,0,7,6,6,2,,,,,,,completed,1.36,3.0,1.44,2.99,1.44,3.25,1.38,2.94,2012_1_brisbane_brisbane_international,2012_1_brisbane_brisbane_international_2012-01-03_R32_nieminen_j_levine_j
tennis_data_uk,atp,2012,1,Brisbane International,Brisbane,2012-01-03,atp_250,True,hard,R32,32,3,Ito T.,Mitchell B.,122,227,474,214,2,0,6,4,6,2,,,,,,,completed,1.44,2.62,1.51,2.72,1.55,2.8,1.49,2.52,2012_1_brisbane_brisbane_international,2012_1_brisbane_brisbane_international_2012-01-03_R32_ito_t_mitchell_b
tennis_data_uk,atp,2012,1,Brisbane International,Brisbane,2012-01-03,atp_250,True,hard,R32,32,3,Stepanek R.,Ebden M.,28,86,1275,627,2,1,6,4,3,6,6,3,,,,,completed,1.5,2.5,1.61,2.46,1.68,2.88,1.53,2.43,2012_1_brisbane_brisbane_international,2012_1_brisbane_brisbane_international_2012-01-03_R32_stepanek_r_ebden_m
tennis_data_uk,atp,2012,1,Brisbane International,Brisbane,2012-01-03,atp_250,True,hard,R32,32,3,Giraldo S.,Millman J.,55,541,890,51,2,0,6,3,6,3,,,,,,,completed,1.28,3.5,1.28,4.02,1.33,4.04,1.28,3.53,2012_1_brisbane_brisbane_international,2012_1_brisbane_brisbane_international_2012-01-03_R32_giraldo_s_millman_j
tennis_data_uk,atp,2012,1,Brisbane International,Brisbane,2012-01-03,atp_250,True,hard,R32,32,3,Petzschner P.,Melzer J.,63,33,780,1170,2,0,6,1,7,5,,,,,,,completed,2.37,1.53,2.35,1.66,2.6,1.68,2.34,1.58,2012_1_brisbane_brisbane_international,2012_1_brisbane_brisbane_international_2012-01-03_R32_petzschner_p_melzer_j
tennis_data_uk,atp,2012,1,Brisbane International,Brisbane,2012-01-03,atp_250,True,hard,R32,32,3,Haas T.,Matosevic M.,205,203,237,240,2,0,6,3,7,5,,,,,,,completed,1.53,2.37,1.66,2.34,1.66,2.5,1.55,2.37,2012_1_brisbane_brisbane_international,2012_1_brisbane_brisbane_international_2012-01-03_R32_haas_t_matosevic_m
tennis_data_uk,atp,2012,1,Brisbane International,Brisbane,2012-01-03,atp_250,True,hard,R32,32,3,Andreev I.,Mannarino A.,115,87,494,623,2,0,7,6,6,2,,,,,,,completed,1.83,1.83,1.83,2.07,2.0,2.5,1.85,1.89,2012_1_brisbane_brisbane_international,2012_1_brisbane_brisbane_international_2012-01-03_R32_andreev_i_mannarino_a
tennis_data_uk,atp,2012,1,Brisbane International,Brisbane,2012-01-03,atp_250,True,hard,R32,32,3,Murray A.,Kukushkin M.,4,91,7380,598,2,1,5,7,6,3,6,2,,,,,completed,1.02,17.0,1.02,26.0,1.04,28.25,1.02,13.93,2012_1_brisbane_brisbane_international,2012_1_brisbane_brisbane_international_2012-01-03_R32_murray_a_kukushkin_m
tennis_data_uk,atp,2012,1,Brisbane International,Brisbane,2012-01-04,atp_250,True,hard,R16,16,3,Simon G.,Duckworth J.,12,275,2165,171,2,0,6,3,7,5,,,,,,,completed,1.08,8.0,1.11,7.91,1.12,8.0,1.09,6.69,2012_1_brisbane_brisbane_international,2012_1_brisbane_brisbane_international_2012-01-04_R16_simon_g_duckworth_j
tennis_data_uk,atp,2012,1,Brisbane International,Brisbane,2012-01-04,atp_250,True,hard,R16,16,3,Stepanek R.,Nieminen J.,28,77,1275,666,2,0,7,6,6,2,,,,,,,completed,1.5,2.5,1.58,2.56,1.62,2.6,1.55,2.38,2012_1_brisbane_brisbane_international,2012_1_brisbane_brisbane_international_2012-01-04_R16_stepanek_r_nieminen_j
tennis_data_uk,atp,2012,1,Brisbane International,Brisbane,2012-01-04,atp_250,True,hard,R16,16,3,Istomin D.,Haas T.,73,205,685,237,,,,,,,,,,,,,walkover,2.1,1.66,2.04,1.88,2.15,1.88,2.02,1.75,2012_1_brisbane_brisbane_international,2012_1_brisbane_brisbane_international_2012-01-04_R16_istomin_d_haas_t
tennis_data_uk,atp,2012,1,Brisbane International,Brisbane,2012-01-04,atp_250,True,hard,R16,16,3,Giraldo S.,Petzschner P.,55,63,890,780,2,0,6,4,6,4,,,,,,,completed,2.0,1.72,1.91,2.0,2.05,2.0,1.93,1.81,2012_1_brisbane_brisbane_international,2012_1_brisbane_brisbane_international_2012-01-04_R16_giraldo_s_petzschner_p
tennis_data_uk,atp,2012,1,Brisbane International,Brisbane,2012-01-04,atp_250,True,hard,R16,16,3,Dolgopolov O.,Andreev I.,15,115,1925,494,2,1,6,7,7,6,6,2,,,,,completed,1.38,3.0,1.38,3.31,1.47,3.5,1.39,2.9,2012_1_brisbane_brisbane_international,2012_1_brisbane_brisbane_international_2012-01-04_R16_dolgopolov_o_andreev_i
tennis_data_uk,atp,2012,1,Brisbane International,Brisbane,2012-01-04,atp_250,True,hard,R16,16,3,Baghdatis M.,Nishikori K.,44,25,940,1430,2,0,6,3,6,4,,,,,,,completed,1.57,2.25,1.63,2.44,1.67,2.53,1.6,2.27,2012_1_brisbane_brisbane_international,2012_1_brisbane_brisbane_international_2012-01-04_R16_baghdatis_m_nishikori_k
tennis_data_uk,atp,2012,1,Brisbane International,Brisbane,2012-01-04,atp_250,True,hard,R16,16,3,Tomic B.,Ito T.,42,122,970,474,2,0,6,1,6,2,,,,,,,completed,1.22,4.0,1.26,4.38,1.28,5.1,1.24,3.91,2012_1_brisbane_brisbane_international,2012_1_brisbane_brisbane_international_2012-01-04_R16_tomic_b_ito_t
tennis_data_uk,atp,2012,1,Brisbane International,Brisbane,2012-01-04,atp_250,True,hard,R16,16,3,Murray A.,Muller G.,4,54,7380,893,2,1,4,6,7,6,6,0,,,,,completed,1.11,6.5,1.11,7.88,1.13,9.0,1.1,6.36,2012_1_brisbane_brisbane_international,2012_1_brisbane_brisbane_international_2012-01-04_R16_murray_a_muller_g
tennis_data_uk,atp,2012,1,Brisbane International,Brisbane,2012-01-05,atp_250,True,hard,QF,8,3,Simon G.,Giraldo S.,12,55,2165,890,2,0,7,6,6,4,,,,,,,completed,1.4,2.75,1.57,2.61,1.57,2.8,1.47,2.63,2012_1_brisbane_brisbane_international,2012_1_brisbane_brisbane_international_2012-01-05_QF_simon_g_giraldo_s
tennis_data_uk,atp,2012,1,Brisbane International,Brisbane,2012-01-05,atp_250,True,hard,QF,8,3,Dolgopolov O.,Stepanek R.,15,28,1925,1275,2,1,4,6,6,3,6,3,,,,,completed,2.1,1.66,2.13,1.82,2.22,1.82,2.06,1.72,2012_1_brisbane_brisbane_international,2012_1_brisbane_brisbane_international_2012-01-05_QF_dolgopolov_o_stepanek_r
tennis_data_uk,atp,2012,1,Brisbane International,Brisbane,2012-01-06,atp_250,True,hard,QF,8,3,Murray A.,Baghdatis M.,4,44,7380,940,2,0,6,2,6,2,,,,,,,completed,1.28,3.5,1.29,4.14,1.33,4.14,1.28,3.53,2012_1_brisbane_brisbane_international,2012_1_brisbane_brisbane_international_2012-01-06_QF_murray_a_baghdatis_m
tennis_data_uk,atp,2012,1,Brisbane International,Brisbane,2012-01-06,atp_250,True,hard,QF,8,3,Tomic B.,Istomin D.,42,73,970,685,2,0,6,3,7,6,,,,,,,completed,1.3,3.4,1.33,3.72,1.35,4.1,1.3,3.42,2012_1_brisbane_brisbane_international,2012_1_brisbane_brisbane_international_2012-01-06_QF_tomic_b_istomin_d
tennis_data_uk,atp,2012,1,Brisbane International,Brisbane,2012-01-07,atp_250,True,hard,SF,4,3,Dolgopolov O.,Simon G.,15,12,1925,2165,2,0,6,3,6,4,,,,,,,completed,2.25,1.57,2.27,1.72,2.3,1.8,2.2,1.64,2012_1_brisbane_brisbane_international,2012_1_brisbane_brisbane_international_2012-01-07_SF_dolgopolov_o_simon_g
tennis_data_uk,atp,2012,1,Brisbane International,Brisbane,2012-01-07,atp_250,True,hard,SF,4,3,Murray A.,Tomic B.,4,42,7380,970,2,0,6,3,6,2,,,,,,,completed,1.16,5.0,1.22,5.05,1.25,5.3,1.2,4.33,2012_1_brisbane_brisbane_international,2012_1_brisbane_brisbane_international_2012-01-07_SF_murray_a_tomic_b
tennis_data_uk,atp,2012,1,Brisbane International,Brisbane,2012-01-08,atp_250,True,hard,F,2,3,Murray A.,Dolgopolov O.,4,15,7380,1925,2,0,6,1,6,3,,,,,,,completed,1.16,5.0,1.18,5.84,1.2,5.84,1.17,4.78,2012_1_brisbane_brisbane_international,2012_1_brisbane_brisbane_international_2012-01-08_F_murray_a_dolgopolov_o
tennis_data_uk,atp,2012,2,Chennai Open,Chennai,2012-01-02,atp_250,True,hard,R32,32,3,Bhambri Y.,Beck K.,345,98,122,580,2,0,6,2,6,3,,,,,,,completed,3.0,1.36,3.1,1.41,3.5,1.45,2.98,1.37,2012_2_chennai_chennai_open,2012_2_chennai_chennai_open_2012-01-02_R32_bhambri_y_beck_k
tennis_data_uk,atp,2012,2,Chennai Open,Chennai,2012-01-02,atp_250,True,hard,R32,32,3,Sela D.,Fognini F.,83,48,640,915,2,0,6,0,6,1,,,,,,,completed,1.53,2.37,1.61,2.46,1.64,3.0,1.54,2.4,2012_2_chennai_chennai_open,2012_2_chennai_chennai_open_2012-01-02_R32_sela_d_fognini_f
tennis_data_uk,atp,2012,2,Chennai Open,Chennai,2012-01-02,atp_250,True,hard,R32,32,3,Dodig I.,Vardhan V.,36,313,1065,140,2,1,4,6,7,6,6,1,,,,,completed,1.14,5.5,1.16,6.0,1.18,6.01,1.15,5.16,2012_2_chennai_chennai_open,2012_2_chennai_chennai_open_2012-01-02_R32_dodig_i_vardhan_v
tennis_data_uk,atp,2012,2,Chennai Open,Chennai,2012-01-02,atp_250,True,hard,R32,32,3,Paire B.,Riba P.,95,89,586,612,2,0,6,2,6,1,,,,,,,completed,1.53,2.37,1.62,2.43,1.65,2.5,1.59,2.29,2012_2_chennai_chennai_open,2012_2_chennai_chennai_open_2012-01-02_R32_paire_b_riba_p
tennis_data_uk,atp,2012,2,Chennai Open,Chennai,2012-01-03,atp_250,True,hard,R32,32,3,Roger-Vasselin E.,Prodon E.,106,97,548,581,2,0,6,4,6,3,,,,,,,completed,1.28,3.5,1.36,3.42,1.36,3.9,1.29,3.42,2012_2_chennai_chennai_open,2012_2_chennai_chennai_open_2012-01-03_R32_roger_vasselin_e_prodon_e
tennis_data_uk,atp,2012,2,Chennai Open,Chennai,2012-01-03,atp_250,True,hard,R32,32,3,Sugita Y.,Rochus O.,235,67,207,704,2,0,6,3,6,4,,,,,,,completed,2.62,1.44,2.37,1.65,3.4,1.65,2.47,1.51,2012_2_chennai_chennai_open,2012_2_chennai_chennai_open_2012-01-03_R32_sugita_y_rochus_o
tennis_data_uk,atp,2012,2,Chennai Open,Chennai,2012-01-03,atp_250,True,hard,R32,32,3,Hanescu V.,Querrey S.,90,93,600,589,2,0,6,3,6,4,,,,,,,completed,3.4,1.3,3.78,1.31,3.8,1.39,3.41,1.3,2012_2_chennai_chennai_open,2012_2_chennai_chennai_open_2012-01-03_R32_hanescu_v_querrey_s
tennis_data_uk,atp,2012,2,Chennai Open,Chennai,2012-01-03,atp_250,True,hard,R32,32,3,Lu Y.H.,De Bakker T.,82,223,651,216,2,0,6,3,6,3,,,,,,,completed,1.66,2.1,1.93,1.96,1.93,2.3,1.73,2.05,2012_2_chennai_chennai_open,2012_2_chennai_chennai_open_2012-01-03_R32_lu_y_h_de_bakker_t
tennis_data_uk,atp,2012,2,Chennai Open,Chennai,2012-01-03,atp_250,True,hard,R32,32,3,Beck A.,Pospisil V.,98,208,580,235,2,0,6,3,7,6,,,,,,,completed,2.2,1.61,2.3,1.68,2.43,1.7,2.25,1.6,2012_2_chennai_chennai_open,2012_2_chennai_chennai_open_2012-01-03_R32_beck_a_pospisil_v
tennis_data_uk,atp,2012,2,Chennai Open,Chennai,2012-01-03,atp_250,True,hard,R32,32,3,Goffin D.,Malisse X.,174,49,287,910,2,1,4,6,6,2,6,3,,,,,completed,3.0,1.36,3.08,1.42,4.0,1.65,2.94,1.38,2012_2_chennai_chennai_open,2012_2_chennai_chennai_open_2012-01-03_R32_goffin_d_malisse_x
tennis_data_uk,atp,2012,2,Chennai Open,Chennai,2012-01-03,atp_250,True,hard,R32,32,3,Darcis S.,Kavcic B.,88,92,622,590,2,1,4,6,7,5,6,3,,,,,completed,1.66,2.1,1.65,2.37,1.73,2.37,1.65,2.16,2012_2_chennai_chennai_open,2012_2_chennai_chennai_open_2012-01-03_R32_darcis_s_kavcic_b
tennis_data_uk,atp,2012,2,Chennai Open,Chennai,2012-01-03,atp_250,True,hard,R32,32,3,Soeda G.,Gil F.,120,102,481,561,2,1,6,2,6,7,7,5,,,,,completed,1.4,2.75,1.55,2.6,1.67,2.75,1.47,2.59,2012_2_chennai_chennai_open,2012_2_chennai_chennai_open_2012-01-03_R32_soeda_g_gil_f
tennis_data_uk,atp,2012,2,Chennai Open,Chennai,2012-01-04,atp_250,True,hard,R16,16,3,Sela D.,Paire B.,83,95,640,586,2,1,4,6,6,2,6,4,,,,,completed,1.5,2.5,1.61,2.48,1.61,2.61,1.53,2.43,2012_2_chennai_chennai_open,2012_2_chennai_chennai_open_2012-01-04_R16_sela_d_paire_b
tennis_data_uk,atp,2012,2,Chennai Open,Chennai,2012-01-04,atp_250,True,hard,R16,16,3,Raonic M.,Hanescu V.,31,90,1255,600,2,0,6,1,6,4,,,,,,,completed,1.28,3.5,1.37,3.39,1.37,3.63,1.31,3.31,2012_2_chennai_chennai_open,2012_2_chennai_chennai_open_2012-01-04_R16_raonic_m_hanescu_v
tennis_data_uk,atp,2012,2,Chennai Open,Chennai,2012-01-04,atp_250,True,hard,R16,16,3,Wawrinka S.,Roger-Vasselin E.,17,106,1820,548,2,1,3,6,6,3,7,5,,,,,completed,1.18,4.5,1.23,4.7,1.23,4.7,1.2,4.29,2012_2_chennai_chennai_open,2012_2_chennai_chennai_open_2012-01-04_R16_wawrinka_s_roger_vasselin_e
tennis_data_uk,atp,2012,2,Chennai Open,Chennai,2012-01-04,atp_250,True,hard,R16,16,3,Soeda G.,Dodig I.,120,36,481,1065,2,0,7,6,6,3,,,,,,,completed,2.75,1.4,2.8,1.5,3.3,1.5,2.87,1.39,2012_2_chennai_chennai_open,2012_2_chennai_chennai_open_2012-01-04_R16_soeda_g_dodig_i
tennis_data_uk,atp,2012,2,Chennai Open,Chennai,2012-01-05,atp_250,True,hard,R16,16,3,Almagro N.,Darcis S.,10,88,2380,622,,,,,,,,,,,,,walkover,1.4,2.75,1.48,2.86,1.48,3.1,1.41,2.79,2012_2_chennai_chennai_open,2012_2_chennai_chennai_open_2012-01-05_R16_almagro_n_darcis_s
tennis_data_uk,atp,2012,2,Chennai Open,Chennai,2012-01-05,atp_250,True,hard,R16,16,3,Goffin D.,Beck A.,174,98,287,580,2,1,4,6,6,4,6,2,,,,,completed,2.1,1.66,2.22,1.74,2.22,1.81,2.08,1.71,2012_2_chennai_chennai_open,2012_2_chennai_chennai_open_2012-01-05_R16_goffin_d_beck_a
tennis_data_uk,atp,2012,2,Chennai Open,Chennai,2012-01-05,atp_250,True,hard,R16,16,3,Sugita Y.,Lu Y.H.,235,82,207,651,2,0,7,6,6,4,,,,,,,completed,3.0,1.36,3.26,1.39,3.5,1.4,3.08,1.35,2012_2_chennai_chennai_open,2012_2_chennai_chennai_open_2012-01-05_R16_sugita_y_lu_y_h
tennis_data_uk,atp,2012,2,Chennai Open,Chennai,2012-01-05,atp_250,True,hard,R16,16,3,Tipsarevic J.,Bhambri Y.,9,345,2595,122,2,0,6,1,6,3,,,,,,,completed,1.06,10.0,1.05,13.0,1.08,13.0,1.05,9.16,2012_2_chennai_chennai_open,2012_2_chennai_chennai_open_2012-01-05_R16_tipsarevic_j_bhambri_y
tennis_data_uk,atp,2012,2,Chennai Open,Chennai,2012-01-06,atp_250,True,hard,QF,8,3,Raonic M.,Sela D.,31,83,1255,640,2,0,7,6,6,3,,,,,,,completed,1.2,4.33,1.29,4.14,1.29,4.6,1.22,4.03,2012_2_chennai_chennai_open,2012_2_chennai_chennai_open_2012-01-06_QF_raonic_m_sela_d
tennis_data_uk,atp,2012,2,Chennai Open,Chennai,2012-01-06,atp_250,True,hard,QF,8,3,Soeda G.,Wawrinka S.,120,17,481,1820,2,0,6,4,6,4,,,,,,,completed,5.0,1.16,5.14,1.21,5.5,1.21,4.7,1.17,2012_2_chennai_chennai_open,2012_2_chennai_chennai_open_2012-01-06_QF_soeda_g_wawrinka_s
tennis_data_uk,atp,2012,2,Chennai Open,Chennai,2012-01-06,atp_250,True,hard,QF,8,3,Almagro N.,Sugita Y.,10,235,2380,207,2,1,4,6,7,6,6,4,,,,,completed,1.33,3.25,1.34,3.67,1.67,3.7,1.33,3.16,2012_2_chennai_chennai_open,2012_2_chennai_chennai_open_2012-01-06_QF_almagro_n_sugita_y
tennis_data_uk,atp,2012,2,Chennai Open,Chennai,2012-01-06,atp_250,True,hard,QF,8,3,Tipsarevic J.,Goffin D.,9,174,2595,287,2,1,6,2,3,6,6,2,,,,,completed,1.1,7.0,1.13,7.47,1.13,7.8,1.1,6.56,2012_2_chennai_chennai_open,2012_2_chennai_chennai_open_2012-01-06_QF_tipsarevic_j_goffin_d
tennis_data_uk,atp,2012,2,Chennai Open,Chennai,2012-01-07,atp_250,True,hard,SF,4,3,Raonic M.,Almagro N.,31,10,1255,2380,2,0,6,4,6,4,,,,,,,completed,1.38,2.87,1.51,2.79,1.51,3.1,1.4,2.84,2012_2_chennai_chennai_open,2012_2_chennai_chennai_open_2012-01-07_SF_raonic_m_almagro_n
tennis_data_uk,atp,2012,2,Chennai Open,Chennai,2012-01-07,atp_250,True,hard,SF,4,3,Tipsarevic J.,Soeda G.,9,120,2595,481,2,0,6,1,6,4,,,,,,,completed,1.14,5.5,1.16,6.23,1.18,6.5,1.14,5.28,2012_2_chennai_chennai_open,2012_2_chennai_chennai_open_2012-01-07_SF_tipsarevic_j_soeda_g
tennis_data_uk,atp,2012,2,Chennai Open,Chennai,2012-01-08,atp_250,True,hard,F,2,3,Raonic M.,Tipsarevic J.,31,9,1255,2595,2,1,6,7,7,6,7,6,,,,,completed,1.66,2.2,1.73,2.26,1.8,2.26,1.68,2.1,2012_2_chennai_chennai_open,2012_2_chennai_chennai_open_2012-01-08_F_raonic_m_tipsarevic_j
tennis_data_uk,atp,2012,3,Qatar Exxon Mobil Open,Doha,2012-01-02,atp_250,True,hard,R32,32,3,Seppi A.,Kubot L.,38,57,1015,828,2,0,6,2,6,3,,,,,,,completed,1.5,2.5,1.63,2.4,1.65,2.53,1.56,2.34,2012_3_doha_qatar_exxon_mobil_open,2012_3_doha_qatar_exxon_mobil_open_2012-01-02_R32_seppi_a_kubot_l
tennis_data_uk,atp,2012,3,Qatar Exxon Mobil Open,Doha,2012-01-02,atp_250,True,hard,R32,32,3,Ramos A.,Tursunov D.,66,40,709,988,2,0,7,5,6,2,,,,,,,completed,2.75,1.4,2.71,1.52,3.0,1.52,2.83,1.4,2012_3_doha_qatar_exxon_mobil_open,2012_3_doha_qatar_exxon_mobil_open_2012-01-02_R32_ramos_a_tursunov_d
tennis_data_uk,atp,2012,3,Qatar Exxon Mobil Open,Doha,2012-01-02,atp_250,True,hard,R32,32,3,Cipolla F.,Al Mutawa J.,75,,669,,2,0,6,0,6,0,,,,,,,completed,1.002,34.0,1.01,24.11,1.03,36.3,1.02,15.02,2012_3_doha_qatar_exxon_mobil_open,2012_3_doha_qatar_exxon_mobil_open_2012-01-02_R32_cipolla_f_al_mutawa_j
tennis_data_uk,atp,2012,3,Qatar Exxon Mobil Open,Doha,2012-01-02,atp_250,True,hard,R32,32,3,Troicki V.,Rosol L.,22,70,1655,693,2,0,6,4,7,6,,,,,,,completed,1.18,4.5,1.21,4.96,1.23,5.15,1.19,4.44,2012_3_doha_qatar_exxon_mobil_open,2012_3_doha_qatar_exxon_mobil_open_2012-01-02_R32_troicki_v_rosol_l
tennis_data_uk,atp,2012,3,Qatar Exxon Mobil Open,Doha,2012-01-02,atp_250,True,hard,R32,32,3,Bogomolov A.,Volandri F.,34,69,1135,696,2,1,5,7,6,4,6,2,,,,,completed,1.1,7.0,1.11,7.62,1.14,8.0,1.11,6.05,2012_3_doha_qatar_exxon_mobil_open,2012_3_doha_qatar_exxon_mobil_open_2012-01-02_R32_bogomolov_a_volandri_f
tennis_data_uk,atp,2012,3,Qatar Exxon Mobil Open,Doha,2012-01-02,atp_250,True,hard,R32,32,3,Becker B.,Kunitsyn I.,304,71,148,692,2,0,6,4,7,5,,,,,,,completed,1.9,1.8,1.96,1.93,2.2,1.93,2.0,1.76,2012_3_doha_qatar_exxon_mobil_open,2012_3_doha_qatar_exxon_mobil_open_2012-01-02_R32_becker_b_kunitsyn_i
tennis_data_uk,atp,2012,3,Qatar Exxon Mobil Open,Doha,2012-01-03,atp_250,True,hard,R32,32,3,Bachinger M.,Bautista R.,94,178,587,275,2,0,6,3,6,4,,,,,,,completed,1.53,2.37,1.7,2.26,1.7,2.5,1.6,2.27,2012_3_doha_qatar_exxon_mobil_open,2012_3_doha_qatar_exxon_mobil_open_2012-01-03_R32_bachinger_m_bautista_r
tennis_data_uk,atp,2012,3,Qatar Exxon Mobil Open,Doha,2012-01-03,atp_250,True,hard,R32,32,3,Gremelmayr D.,Starace P.,189,58,262,825,2,0,6,3,6,2,,,,,,,completed,2.1,1.66,2.05,1.85,2.3,1.85,2.12,1.67,2012_3_doha_qatar_exxon_mobil_open,2012_3_doha_qatar_exxon_mobil_open_2012-01-03_R32_gremelmayr_d_starace_p
tennis_data_uk,atp,2012,3,Qatar Exxon Mobil Open,Doha,2012-01-03,atp_250,True,hard,R32,32,3,Tsonga J.W.,Jaziri M.,6,118,4335,485,2,1,7,6,6,7,6,1,,,,,completed,1.03,15.0,1.04,14.79,1.06,16.08,1.03,11.14,2012_3_doha_qatar_exxon_mobil_open,2012_3_doha_qatar_exxon_mobil_open_2012-01-03_R32_tsonga_j_w_jaziri_m
tennis_data_uk,atp,2012,3,Qatar Exxon Mobil Open,Doha,2012-01-03,atp_250,True,hard,R32,32,3,Karlovic I.,Stakhovsky S.,56,62,867,780,2,1,6,7,6,2,7,6,,,,,completed,1.57,2.25,1.64,2.38,1.7,2.4,1.6,2.25,2012_3_doha_qatar_exxon_mobil_open,2012_3_doha_qatar_exxon_mobil_open_2012-01-03_R32_karlovic_i_stakhovsky_s
tennis_data_uk,atp,2012,3,Qatar Exxon Mobil Open,Doha,2012-01-03,atp_250,True,hard,R32,32,3,Garcia-Lopez G.,Andujar P.,65,46,755,920,2,1,6,2,2,6,6,3,,,,,completed,1.33,3.25,1.38,3.3,1.4,3.36,1.36,2.99,2012_3_doha_qatar_exxon_mobil_open,2012_3_doha_qatar_exxon_mobil_open_2012-01-03_R32_garcia_lopez_g_andujar_p
tennis_data_uk,atp,2012,3,Qatar Exxon Mobil Open,Doha,2012-01-03,atp_250,True,hard,R32,32,3,Zemlja G.,Bubka S.,116,148,491,356,2,1,4,6,6,1,6,1,,,,,completed,1.4,2.75,1.49,2.8,1.6,2.8,1.45,2.63,2012_3_doha_qatar_exxon_mobil_open,2012_3_doha_qatar_exxon_mobil_open_2012-01-03_R32_zemlja_g_bubka_s
tennis_data_uk,atp,2012,3,Qatar Exxon Mobil Open,Doha,2012-01-03,atp_250,True,hard,R32,32,3,Youzhny M.,Gulbis E.,35,61,1105,785,2,1,6,4,6,7,6,2,,,,,completed,1.8,1.9,1.96,1.93,1.97,2.05,1.83,1.89,2012_3_doha_qatar_exxon_mobil_open,2012_3_doha_qatar_exxon_mobil_open_2012-01-03_R32_youzhny_m_gulbis_e
tennis_data_uk,atp,2012,3,Qatar Exxon Mobil Open,Doha,2012-01-03,atp_250,True,hard,R32,32,3,Nadal R.,Kohlschreiber P.,2,43,9595,960,2,1,6,3,6,7,6,3,,,,,completed,1.1,7.0,1.09,8.43,1.13,9.0,1.1,6.72,2012_3_doha_qatar_exxon_mobil_open,2012_3_doha_qatar_exxon_mobil_open_2012-01-03_R32_nadal_r_kohlschreiber_p
tennis_data_uk,atp,2012,3,Qatar Exxon Mobil Open,Doha,2012-01-03,atp_250,True,hard,R32,32,3,Federer R.,Davydenko N.,3,41,8170,980,2,0,6,2,6,2,,,,,,,completed,1.12,6.0,1.1,8.19,1.15,13.0,1.11,6.22,2012_3_doha_qatar_exxon_mobil_open,2012_3_doha_qatar_exxon_mobil_open_2012-01-03_R32_federer_r_davydenko_n
tennis_data_uk,atp,2012,3,Qatar Exxon Mobil Open,Doha,2012-01-03,atp_250,True,hard,R32,32,3,Monfils G.,Machado R.,16,68,1910,698,2,0,7,5,6,3,,,,,,,completed,1.05,11.0,1.06,11.23,1.08,11.35,1.06,8.88,2012_3_doha_qatar_exxon_mobil_open,2012_3_doha_qatar_exxon_mobil_open_2012-01-03_R32_monfils_g_machado_r
tennis_data_uk,atp,2012,3,Qatar Exxon Mobil Open,Doha,2012-01-04,atp_250,True,hard,R16,16,3,Troicki V.,Bachinger M.,22,94,1655,587,2,0,7,6,6,1,,,,,,,completed,1.25,3.75,1.29,4.01,1.33,4.4,1.27,3.57,2012_3_doha_qatar_exxon_mobil_open,2012_3_doha_qatar_exxon_mobil_open_2012-01-04_R16_troicki_v_bachinger_m
tennis_data_uk,atp,2012,3,Qatar Exxon Mobil Open,Doha,2012-01-04,atp_250,True,hard,R16,16,3,Tsonga J.W.,Cipolla F.,6,75,4335,669,2,0,7,6,6,3,,,,,,,completed,1.1,7.0,1.1,8.7,1.11,9.0,1.08,7.34,2012_3_doha_qatar_exxon_mobil_open,2012_3_doha_qatar_exxon_mobil_open_2012-01-04_R16_tsonga_j_w_cipolla_f
tennis_data_uk,atp,2012,3,Qatar Exxon Mobil Open,Doha,2012-01-04,atp_250,True,hard,R16,16,3,Seppi A.,Garcia-Lopez G.,38,65,1015,755,2,0,7,5,6,3,,,,,,,completed,1.36,3.0,1.39,3.27,1.42,3.31,1.36,2.99,2012_3_doha_qatar_exxon_mobil_open,2012_3_doha_qatar_exxon_mobil_open_2012-01-04_R16_seppi_a_garcia_lopez_g
tennis_data_uk,atp,2012,3,Qatar Exxon Mobil Open,Doha,2012-01-04,atp_250,True,hard,R16,16,3,Youzhny M.,Karlovic I.,35,56,1105,867,2,1,6,2,6,7,6,3,,,,,completed,1.61,2.2,1.78,2.16,1.78,2.2,1.69,2.1,2012_3_doha_qatar_exxon_mobil_open,2012_3_doha_qatar_exxon_mobil_open_2012-01-04_R16_youzhny_m_karlovic_i
tennis_data_uk,atp,2012,3,Qatar Exxon Mobil Open,Doha,2012-01-04,atp_250,True,hard,R16,16,3,Nadal R.,Gremelmayr D.,2,189,9595,262,2,0,6,2,6,2,,,,,,,completed,1.02,17.0,1.03,17.5,1.04,26.0,1.02,13.39,2012_3_doha_qatar_exxon_mobil_open,2012_3_doha_qatar_exxon_mobil_open_2012-01-04_R16_nadal_r_gremelmayr_d
tennis_data_uk,atp,2012,3,Qatar Exxon Mobil Open,Doha,2012-01-04,atp_250,True,hard,R16,16,3,Ramos A.,Bogomolov A.,66,34,709,1135,,,,,,,,,,,,,walkover,2.37,1.53,2.34,1.68,2.55,1.68,2.31,1.58,2012_3_doha_qatar_exxon_mobil_open,2012_3_doha_qatar_exxon_mobil_open_2012-01-04_R16_ramos_a_bogomolov_a
tennis_data_uk,atp,2012,3,Qatar Exxon Mobil Open,Doha,2012-01-04,atp_250,True,hard,R16,16,3,Federer R.,Zemlja G.,3,116,8170,491,2,0,6,2,6,3,,,,,,,completed,1.02,17.0,1.01,46.0,1.03,46.0,1.02,16.92,2012_3_doha_qatar_exxon_mobil_open,2012_3_doha_qatar_exxon_mobil_open_2012-01-04_R16_federer_r_zemlja_g
tennis_data_uk,atp,2012,3,Qatar Exxon Mobil Open,Doha,2012-01-04,atp_250,True,hard,R16,16,3,Monfils G.,Becker B.,16,304,1910,148,2,1,7,5,4,6,7,5,,,,,completed,1.16,5.0,1.19,5.46,1.19,6.8,1.15,5.04,2012_3_doha_qatar_exxon_mobil_open,2012_3_doha_qatar_exxon_mobil_open_2012-01-04_R16_monfils_g_becker_b
tennis_data_uk,atp,2012,3,Qatar Exxon Mobil Open,Doha,2012-01-05,atp_250,True,hard,QF,8,3,Tsonga J.W.,Ramos A.,6,66,4335,709,2,0,6,2,6,1,,,,,,,completed,1.07,9.0,1.09,9.95,1.1,10.0,1.07,7.85,2012_3_doha_qatar_exxon_mobil_open,2012_3_doha_qatar_exxon_mobil_open_2012-01-05_QF_tsonga_j_w_ramos_a
tennis_data_uk,atp,2012,3,Qatar Exxon Mobil Open,Doha,2012-01-05,atp_250,True,hard,QF,8,3,Federer R.,Seppi A.,3,38,8170,1015,2,1,6,3,5,7,6,4,,,,,completed,1.03,15.0,1.03,21.0,1.04,26.0,1.02,13.43,2012_3_doha_qatar_exxon_mobil_open,2012_3_doha_qatar_exxon_mobil_open_2012-01-05_QF_federer_r_seppi_a
tennis_data_uk,atp,2012,3,Qatar Exxon Mobil Open,Doha,2012-01-05,atp_250,True,hard,QF,8,3,Nadal R.,Youzhny M.,2,35,9595,1105,2,0,6,4,6,4,,,,,,,completed,1.11,6.5,1.16,6.46,1.17,7.0,1.11,5.98,2012_3_doha_qatar_exxon_mobil_open,2012_3_doha_qatar_exxon_mobil_open_2012-01-05_QF_nadal_r_youzhny_m
tennis_data_uk,atp,2012,3,Qatar Exxon Mobil Open,Doha,2012-01-05,atp_250,True,hard,QF,8,3,Monfils G.,Troicki V.,16,22,1910,1655,2,0,6,2,6,3,,,,,,,completed,1.66,2.1,1.67,2.37,1.75,3.0,1.66,2.16,2012_3_doha_qatar_exxon_mobil_open,2012_3_doha_qatar_exxon_mobil_open_2012-01-05_QF_monfils_g_troicki_v
tennis_data_uk,atp,2012,3,Qatar Exxon Mobil Open,Doha,2012-01-06,atp_250,True,hard,SF,4,3,Tsonga J.W.,Federer R.,6,3,4335,8170,,,,,,,,,,,,,walkover,2.37,1.53,2.62,1.57,2.87,1.57,2.51,1.5,2012_3_doha_qatar_exxon_mobil_open,2012_3_doha_qatar_exxon_mobil_open_2012-01-06_SF_tsonga_j_w_federer_r
tennis_data_uk,atp,2012,3,Qatar Exxon Mobil Open,Doha,2012-01-06,atp_250,True,hard,SF,4,3,Monfils G.,Nadal R.,16,2,1910,9595,2,0,6,3,6,4,,,,,,,completed,3.75,1.25,4.43,1.26,4.7,1.29,3.93,1.24,2012_3_doha_qatar_exxon_mobil_open,2012_3_doha_qatar_exxon_mobil_open_2012-01-06_SF_monfils_g_nadal_r
tennis_data_uk,atp,2012,3,Qatar Exxon Mobil Open,Doha,2012-01-07,atp_250,True,hard,F,2,3,Tsonga J.W.,Monfils G.,6,16,4335,1910,2,0,7,5,6,3,,,,,,,completed,1.75,2.05,1.71,2.29,1.83,2.38,1.73,2.06,2012_3_doha_qatar_exxon_mobil_open,2012_3_doha_qatar_exxon_mobil_open_2012-01-07_F_tsonga_j_w_monfils_g
tennis_data_uk,atp,2012,4,Heineken Open,Auckland,2012-01-09,atp_250,True,hard,R32,32,3,Falla A.,Young D.,80,40,657,1004,2,1,4,6,6,3,6,3,,,,,completed,2.2,1.61,2.31,1.68,2.38,1.69,2.28,1.6,2012_4_auckland_heineken_open,2012_4_auckland_heineken_open_2012-01-09_R32_falla_a_young_d
tennis_data_uk,atp,2012,4,Heineken Open,Auckland,2012-01-09,atp_250,True,hard,R32,32,3,Bellucci T.,Machado R.,38,69,1060,698,2,0,6,3,7,6,,,,,,,completed,1.3,3.4,1.34,3.54,1.37,3.75,1.32,3.24,2012_4_auckland_heineken_open,2012_4_auckland_heineken_open_2012-01-09_R32_bellucci_t_machado_r
tennis_data_uk,atp,2012,4,Heineken Open,Auckland,2012-01-09,atp_250,True,hard,R32,32,3,Giraldo S.,Venus M.,51,378,890,106,2,0,6,4,6,3,,,,,,,completed,1.07,9.0,1.09,8.93,1.12,10.4,1.08,7.32,2012_4_auckland_heineken_open,2012_4_auckland_heineken_open_2012-01-09_R32_giraldo_s_venus_m
tennis_data_uk,atp,2012,4,Heineken Open,Auckland,2012-01-10,atp_250,True,hard,R32,32,3,Berlocq C.,Volandri F.,59,70,801,696,0,0,6,5,,,,,,,,,retired,1.22,4.0,1.23,4.64,1.27,4.64,1.23,3.97,2012_4_auckland_heineken_open,2012_4_auckland_heineken_open_2012-01-10_R32_berlocq_c_volandri_f
tennis_data_uk,atp,2012,4,Heineken Open,Auckland,2012-01-10,atp_250,True,hard,R32,32,3,Garcia-Lopez G.,Kunitsyn I.,66,71,730,692,2,1,2,6,6,4,6,2,,,,,completed,1.66,2.1,1.7,2.26,1.75,2.26,1.67,2.14,2012_4_auckland_heineken_open,2012_4_auckland_heineken_open_2012-01-10_R32_garcia_lopez_g_kunitsyn_i
tennis_data_uk,atp,2012,4,Heineken Open,Auckland,2012-01-10,atp_250,True,hard,R32,32,3,Mannarino A.,Anderson K.,87,32,623,1190,2,0,6,3,6,3,,,,,,,completed,2.37,1.53,2.34,1.66,2.88,1.66,2.44,1.52,2012_4_auckland_heineken_open,2012_4_auckland_heineken_open_2012-01-10_R32_mannarino_a_anderson_k
tennis_data_uk,atp,2012,4,Heineken Open,Auckland,2012-01-10,atp_250,True,hard,R32,32,3,Kohlschreiber P.,Bohli S.,42,218,960,224,2,1,6,4,4,6,6,4,,,,,completed,1.2,4.33,1.26,4.25,1.27,8.0,1.22,4.16,2012_4_auckland_heineken_open,2012_4_auckland_heineken_open_2012-01-10_R32_kohlschreiber_p_bohli_s
tennis_data_uk,atp,2012,4,Heineken Open,Auckland,2012-01-10,atp_250,True,hard,R32,32,3,Rochus O.,Kamke T.,68,95,704,582,2,0,7,5,6,4,,,,,,,completed,2.75,1.4,3.06,1.42,3.06,1.47,2.75,1.42,2012_4_auckland_heineken_open,2012_4_auckland_heineken_open_2012-01-10_R32_rochus_o_kamke_t
tennis_data_uk,atp,2012,4,Heineken Open,Auckland,2012-01-10,atp_250,True,hard,R32,32,3,Rosol L.,Ramos A.,74,65,681,734,2,0,6,2,6,4,,,,,,,completed,1.8,1.9,1.89,2.0,1.91,2.01,1.83,1.92,2012_4_auckland_heineken_open,2012_4_auckland_heineken_open_2012-01-10_R32_rosol_l_ramos_a
tennis_data_uk,atp,2012,4,Heineken Open,Auckland,2012-01-10,atp_250,True,hard,R32,32,3,Harrison R.,Querrey S.,84,94,646,589,2,0,6,4,6,3,,,,,,,completed,1.83,1.83,1.95,1.93,2.0,1.93,1.88,1.85,2012_4_auckland_heineken_open,2012_4_auckland_heineken_open_2012-01-10_R32_harrison_r_querrey_s
tennis_data_uk,atp,2012,4,Heineken Open,Auckland,2012-01-10,atp_250,True,hard,R32,32,3,Starace P.,Montanes A.,56,50,825,895,2,0,6,3,6,2,,,,,,,completed,2.37,1.53,2.4,1.63,2.5,1.65,2.3,1.59,2012_4_auckland_heineken_open,2012_4_auckland_heineken_open_2012-01-10_R32_starace_p_montanes_a
tennis_data_uk,atp,2012,4,Heineken Open,Auckland,2012-01-10,atp_250,True,hard,R32,32,3,Paire B.,Ferrero J.C.,92,47,594,910,2,0,6,3,6,2,,,,,,,completed,2.62,1.44,2.38,1.64,2.88,1.64,2.56,1.48,2012_4_auckland_heineken_open,2012_4_auckland_heineken_open_2012-01-10_R32_paire_b_ferrero_j_c
tennis_data_uk,atp,2012,4,Heineken Open,Auckland,2012-01-11,atp_250,True,hard,R16,16,3,Kohlschreiber P.,Harrison R.,42,84,960,646,2,1,4,6,6,4,6,3,,,,,completed,1.66,2.1,1.72,2.25,1.83,2.25,1.72,2.05,2012_4_auckland_heineken_open,2012_4_auckland_heineken_open_2012-01-11_R16_kohlschreiber_p_harrison_r
tennis_data_uk,atp,2012,4,Heineken Open,Auckland,2012-01-11,atp_250,True,hard,R16,16,3,Falla A.,Starace P.,80,56,657,825,2,0,7,6,6,3,,,,,,,completed,1.57,2.25,1.64,2.41,1.69,2.41,1.63,2.21,2012_4_auckland_heineken_open,2012_4_auckland_heineken_open_2012-01-11_R16_falla_a_starace_p
tennis_data_uk,atp,2012,4,Heineken Open,Auckland,2012-01-11,atp_250,True,hard,R16,16,3,Rochus O.,Bellucci T.,68,38,704,1060,2,1,7,6,5,7,7,6,,,,,completed,2.75,1.4,3.02,1.44,3.02,1.48,2.76,1.42,2012_4_auckland_heineken_open,2012_4_auckland_heineken_open_2012-01-11_R16_rochus_o_bellucci_t
tennis_data_uk,atp,2012,4,Heineken Open,Auckland,2012-01-11,atp_250,True,hard,R16,16,3,Almagro N.,Giraldo S.,10,51,2380,890,2,0,6,4,6,2,,,,,,,completed,1.83,1.83,1.98,1.93,2.0,2.0,1.89,1.86,2012_4_auckland_heineken_open,2012_4_auckland_heineken_open_2012-01-11_R16_almagro_n_giraldo_s
tennis_data_uk,atp,2012,4,Heineken Open,Auckland,2012-01-11,atp_250,True,hard,R16,16,3,Paire B.,Chela J.I.,92,29,594,1270,2,1,5,7,6,2,6,2,,,,,completed,1.44,2.62,1.56,2.62,1.57,2.63,1.52,2.45,2012_4_auckland_heineken_open,2012_4_auckland_heineken_open_2012-01-11_R16_paire_b_chela_j_i
tennis_data_uk,atp,2012,4,Heineken Open,Auckland,2012-01-11,atp_250,True,hard,R16,16,3,Ferrer D.,Rosol L.,5,74,4925,681,2,0,6,4,6,2,,,,,,,completed,1.05,11.0,1.05,13.25,1.08,13.25,1.06,8.96,2012_4_auckland_heineken_open,2012_4_auckland_heineken_open_2012-01-11_R16_ferrer_d_rosol_l
tennis_data_uk,atp,2012,4,Heineken Open,Auckland,2012-01-11,atp_250,True,hard,R16,16,3,Garcia-Lopez G.,Mannarino A.,66,87,730,623,2,0,6,2,6,3,,,,,,,completed,2.5,1.5,2.62,1.56,2.62,1.61,2.44,1.53,2012_4_auckland_heineken_open,2012_4_auckland_heineken_open_2012-01-11_R16_garcia_lopez_g_mannarino_a
tennis_data_uk,atp,2012,4,Heineken Open,Auckland,2012-01-11,atp_250,True,hard,R16,16,3,Verdasco F.,Berlocq C.,24,59,1550,801,2,0,7,5,7,6,,,,,,,completed,1.2,4.33,1.28,4.14,1.29,4.33,1.22,4.04,2012_4_auckland_heineken_open,2012_4_auckland_heineken_open_2012-01-11_R16_verdasco_f_berlocq_c
tennis_data_uk,atp,2012,4,Heineken Open,Auckland,2012-01-12,atp_250,True,hard,QF,8,3,Kohlschreiber P.,Almagro N.,42,10,960,2380,2,0,7,6,6,4,,,,,,,completed,1.9,1.8,2.0,1.93,2.15,1.93,1.98,1.79,2012_4_auckland_heineken_open,2012_4_auckland_heineken_open_2012-01-12_QF_kohlschreiber_p_almagro_n
tennis_data_uk,atp,2012,4,Heineken Open,Auckland,2012-01-12,atp_250,True,hard,QF,8,3,Rochus O.,Paire B.,68,92,704,594,2,1,6,3,6,7,7,6,,,,,completed,2.25,1.57,2.3,1.71,2.32,1.71,2.2,1.63,2012_4_auckland_heineken_open,2012_4_auckland_heineken_open_2012-01-12_QF_rochus_o_paire_b
tennis_data_uk,atp,2012,4,Heineken Open,Auckland,2012-01-12,atp_250,True,hard,QF,8,3,Ferrer D.,Falla A.,5,80,4925,657,2,1,6,4,4,6,6,3,,,,,completed,1.06,10.0,1.07,11.5,1.1,11.5,1.06,8.53,2012_4_auckland_heineken_open,2012_4_auckland_heineken_open_2012-01-12_QF_ferrer_d_falla_a
tennis_data_uk,atp,2012,4,Heineken Open,Auckland,2012-01-12,atp_250,True,hard,QF,8,3,Verdasco F.,Garcia-Lopez G.,24,66,1550,730,2,0,7,5,6,4,,,,,,,completed,1.4,2.75,1.48,2.92,1.51,3.0,1.44,2.73,2012_4_auckland_heineken_open,2012_4_auckland_heineken_open_2012-01-12_QF_verdasco_f_garcia_lopez_g
tennis_data_uk,atp,2012,4,Heineken Open,Auckland,2012-01-13,atp_250,True,hard,SF,4,3,Rochus O.,Kohlschreiber P.,68,42,704,960,2,1,6,7,6,1,6,4,,,,,completed,4.0,1.22,3.79,1.32,4.0,1.32,3.63,1.27,2012_4_auckland_heineken_open,2012_4_auckland_heineken_open_2012-01-13_SF_rochus_o_kohlschreiber_p
tennis_data_uk,atp,2012,4,Heineken Open,Auckland,2012-01-13,atp_250,True,hard,SF,4,3,Ferrer D.,Verdasco F.,5,24,4925,1550,2,0,6,3,6,4,,,,,,,completed,1.4,2.75,1.47,2.97,1.49,3.06,1.44,2.77,2012_4_auckland_heineken_open,2012_4_auckland_heineken_open_2012-01-13_SF_ferrer_d_verdasco_f
tennis_data_uk,atp,2012,4,Heineken Open,Auckland,2012-01-14,atp_250,True,hard,F,2,3,Ferrer D.,Rochus O.,5,68,4925,704,2,0,6,3,6,4,,,,,,,completed,1.07,9.0,1.1,9.35,1.11,9.65,1.08,7.37,2012_4_auckland_heineken_open,2012_4_auckland_heineken_open_2012-01-14_F_ferrer_d_rochus_o
tennis_data_uk,atp,2012,5,Apia International,Sydney,2012-01-09,atp_250,True,hard,R32,32,3,Sweeting R.,Muller G.,72,54,690,853,2,1,3,6,7,6,7,5,,,,,completed,,,,,5.25,1.14,5.25,1.14,2012_5_sydney_apia_international,2012_5_sydney_apia_international_2012-01-09_R32_sweeting_r_muller_g
tennis_data_uk,atp,2012,5,Apia International,Sydney,2012-01-09,atp_250,True,hard,R32,32,3,Kubot L.,Dodig I.,58,36,808,1065,2,0,7,6,7,5,,,,,,,completed,2.2,1.61,2.3,1.68,2.33,1.71,2.19,1.63,2012_5_sydney_apia_international,2012_5_sydney_apia_international_2012-01-09_R32_kubot_l_dodig_i
tennis_data_uk,atp,2012,5,Apia International,Sydney,2012-01-09,atp_250,True,hard,R32,32,3,Istomin D.,Andujar P.,67,44,710,920,2,1,6,3,2,6,6,3,,,,,completed,1.25,3.75,1.27,4.12,1.35,4.14,1.28,3.57,2012_5_sydney_apia_international,2012_5_sydney_apia_international_2012-01-09_R32_istomin_d_andujar_p
tennis_data_uk,atp,2012,5,Apia International,Sydney,2012-01-09,atp_250,True,hard,R32,32,3,Nieminen J.,Duckworth J.,77,251,666,191,2,0,6,2,6,2,,,,,,,completed,1.18,4.5,1.2,5.11,1.22,5.37,1.19,4.54,2012_5_sydney_apia_international,2012_5_sydney_apia_international_2012-01-09_R32_nieminen_j_duckworth_j
tennis_data_uk,atp,2012,5,Apia International,Sydney,2012-01-09,atp_250,True,hard,R32,32,3,Reynolds B.,Stakhovsky S.,126,61,459,780,2,0,7,5,6,3,,,,,,,completed,3.0,1.36,3.04,1.43,3.05,1.5,2.85,1.42,2012_5_sydney_apia_international,2012_5_sydney_apia_international_2012-01-09_R32_reynolds_b_stakhovsky_s
tennis_data_uk,atp,2012,5,Apia International,Sydney,2012-01-09,atp_250,True,hard,R32,32,3,Ebden M.,Granollers M.,97,28,578,1335,2,1,6,1,3,6,6,3,,,,,completed,1.72,2.0,1.81,2.09,1.88,2.1,1.79,1.96,2012_5_sydney_apia_international,2012_5_sydney_apia_international_2012-01-09_R32_ebden_m_granollers_m
tennis_data_uk,atp,2012,5,Apia International,Sydney,2012-01-10,atp_250,True,hard,R32,32,3,Benneteau J.,Seppi A.,49,39,900,1015,2,0,6,3,6,4,,,,,,,completed,2.25,1.57,2.21,1.74,2.25,1.78,2.16,1.65,2012_5_sydney_apia_international,2012_5_sydney_apia_international_2012-01-10_R32_benneteau_j_seppi_a
tennis_data_uk,atp,2012,5,Apia International,Sydney,2012-01-10,atp_250,True,hard,R32,32,3,Fognini F.,Russell M.,46,98,915,578,2,1,2,6,6,2,6,0,,,,,completed,3.0,1.36,2.91,1.46,3.25,1.46,2.88,1.39,2012_5_sydney_apia_international,2012_5_sydney_apia_international_2012-01-10_R32_fognini_f_russell_m
tennis_data_uk,atp,2012,5,Apia International,Sydney,2012-01-10,atp_250,True,hard,R32,32,3,Stepanek R.,Malisse X.,31,63,1230,760,2,1,6,7,6,4,6,4,,,,,completed,1.38,2.87,1.47,2.89,1.5,3.0,1.42,2.76,2012_5_sydney_apia_international,2012_5_sydney_apia_international_2012-01-10_R32_stepanek_r_malisse_x
tennis_data_uk,atp,2012,5,Apia International,Sydney,2012-01-10,atp_250,True,hard,R32,32,3,Bogomolov A.,Haase R.,34,52,1135,881,2,1,6,4,1,6,6,4,,,,,completed,2.62,1.44,2.46,1.61,2.74,1.61,2.53,1.49,2012_5_sydney_apia_international,2012_5_sydney_apia_international_2012-01-10_R32_bogomolov_a_haase_r
tennis_data_uk,atp,2012,5,Apia International,Sydney,2012-01-10,atp_250,True,hard,R32,32,3,Baghdatis M.,Tursunov D.,43,41,940,988,2,0,6,4,6,4,,,,,,,completed,1.25,3.75,1.24,4.52,1.3,4.58,1.26,3.78,2012_5_sydney_apia_international,2012_5_sydney_apia_international_2012-01-10_R32_baghdatis_m_tursunov_d
tennis_data_uk,atp,2012,5,Apia International,Sydney,2012-01-10,atp_250,True,hard,R32,32,3,Troicki V.,Hewitt L.,21,182,1655,265,2,1,4,6,6,3,6,2,,,,,completed,1.5,2.5,1.54,2.64,1.63,2.65,1.51,2.47,2012_5_sydney_apia_international,2012_5_sydney_apia_international_2012-01-10_R32_troicki_v_hewitt_l
tennis_data_uk,atp,2012,5,Apia International,Sydney,2012-01-11,atp_250,True,hard,R16,16,3,Reynolds B.,Isner J.,126,17,459,1800,2,1,3,6,6,4,6,3,,,,,completed,5.0,1.16,5.08,1.21,5.44,1.22,4.61,1.18,2012_5_sydney_apia_international,2012_5_sydney_apia_international_2012-01-11_R16_reynolds_b_isner_j
tennis_data_uk,atp,2012,5,Apia International,Sydney,2012-01-11,atp_250,True,hard,R16,16,3,Del Potro J.M.,Kubot L.,11,58,2315,808,2,0,6,4,6,2,,,,,,,completed,1.08,8.0,1.1,8.52,1.15,8.55,1.09,6.96,2012_5_sydney_apia_international,2012_5_sydney_apia_international_2012-01-11_R16_del_potro_j_m_kubot_l
tennis_data_uk,atp,2012,5,Apia International,Sydney,2012-01-11,atp_250,True,hard,R16,16,3,Istomin D.,Sweeting R.,67,72,710,690,2,0,6,2,6,1,,,,,,,completed,1.53,2.37,1.63,2.45,1.68,2.45,1.59,2.27,2012_5_sydney_apia_international,2012_5_sydney_apia_international_2012-01-11_R16_istomin_d_sweeting_r
tennis_data_uk,atp,2012,5,Apia International,Sydney,2012-01-11,atp_250,True,hard,R16,16,3,Nieminen J.,Stepanek R.,77,31,666,1230,2,1,7,6,5,7,6,1,,,,,completed,2.1,1.66,2.19,1.77,2.25,1.77,2.16,1.65,2012_5_sydney_apia_international,2012_5_sydney_apia_international_2012-01-11_R16_nieminen_j_stepanek_r
tennis_data_uk,atp,2012,5,Apia International,Sydney,2012-01-11,atp_250,True,hard,R16,16,3,Gasquet R.,Fognini F.,18,46,1765,915,2,0,6,2,6,1,,,,,,,completed,1.1,7.0,1.13,7.07,1.15,7.15,1.11,6.04,2012_5_sydney_apia_international,2012_5_sydney_apia_international_2012-01-11_R16_gasquet_r_fognini_f
tennis_data_uk,atp,2012,5,Apia International,Sydney,2012-01-11,atp_250,True,hard,R16,16,3,Baghdatis M.,Ebden M.,43,97,940,578,2,1,3,6,7,5,7,6,,,,,completed,1.33,3.25,1.38,3.32,1.38,3.41,1.33,3.2,2012_5_sydney_apia_international,2012_5_sydney_apia_international_2012-01-11_R16_baghdatis_m_ebden_m
tennis_data_uk,atp,2012,5,Apia International,Sydney,2012-01-11,atp_250,True,hard,R16,16,3,Benneteau J.,Lopez F.,49,19,900,1755,2,0,6,3,6,4,,,,,,,completed,1.57,2.25,1.63,2.45,1.7,2.53,1.64,2.2,2012_5_sydney_apia_international,2012_5_sydney_apia_international_2012-01-11_R16_benneteau_j_lopez_f
tennis_data_uk,atp,2012,5,Apia International,Sydney,2012-01-11,atp_250,True,hard,R16,16,3,Bogomolov A.,Troicki V.,34,21,1135,1655,2,0,7,6,6,4,,,,,,,completed,2.75,1.4,2.8,1.5,2.85,1.51,2.7,1.43,2012_5_sydney_apia_international,2012_5_sydney_apia_international_2012-01-11_R16_bogomolov_a_troicki_v
tennis_data_uk,atp,2012,5,Apia International,Sydney,2012-01-12,atp_250,True,hard,QF,8,3,Istomin D.,Gasquet R.,67,18,710,1765,2,0,6,4,7,6,,,,,,,completed,4.5,1.18,4.64,1.24,4.85,1.25,4.15,1.21,2012_5_sydney_apia_international,2012_5_sydney_apia_international_2012-01-12_QF_istomin_d_gasquet_r
tennis_data_uk,atp,2012,5,Apia International,Sydney,2012-01-12,atp_250,True,hard,QF,8,3,Nieminen J.,Reynolds B.,77,126,666,459,2,0,6,3,6,3,,,,,,,completed,1.4,2.75,1.46,2.97,1.5,3.05,1.44,2.7,2012_5_sydney_apia_international,2012_5_sydney_apia_international_2012-01-12_QF_nieminen_j_reynolds_b
tennis_data_uk,atp,2012,5,Apia International,Sydney,2012-01-12,atp_250,True,hard,QF,8,3,Baghdatis M.,Del Potro J.M.,43,11,940,2315,2,0,7,6,6,4,,,,,,,completed,3.5,1.28,3.67,1.34,3.67,1.35,3.33,1.31,2012_5_sydney_apia_international,2012_5_sydney_apia_international_2012-01-12_QF_baghdatis_m_del_potro_j_m
tennis_data_uk,atp,2012,5,Apia International,Sydney,2012-01-12,atp_250,True,hard,QF,8,3,Benneteau J.,Bogomolov A.,49,34,900,1135,2,0,6,2,6,4,,,,,,,completed,1.5,2.5,1.64,2.45,1.65,3.5,1.54,2.4,2012_5_sydney_apia_international,2012_5_sydney_apia_international_2012-01-12_QF_benneteau_j_bogomolov_a
tennis_data_uk,atp,2012,5,Apia International,Sydney,2012-01-13,atp_250,True,hard,SF,4,3,Nieminen J.,Istomin D.,77,67,666,710,2,0,7,6,6,3,,,,,,,completed,1.57,2.25,1.71,2.3,1.95,2.3,1.67,2.14,2012_5_sydney_apia_international,2012_5_sydney_apia_international_2012-01-13_SF_nieminen_j_istomin_d
tennis_data_uk,atp,2012,5,Apia International,Sydney,2012-01-13,atp_250,True,hard,SF,4,3,Benneteau J.,Baghdatis M.,49,43,900,940,2,0,6,4,6,4,,,,,,,completed,2.62,1.44,2.53,1.6,2.62,1.61,2.44,1.53,2012_5_sydney_apia_international,2012_5_sydney_apia_international_2012-01-13_SF_benneteau_j_baghdatis_m
tennis_data_uk,atp,2012,5,Apia International,Sydney,2012-01-15,atp_250,True,hard,F,2,3,Nieminen J.,Benneteau J.,77,49,666,900,2,0,6,2,7,5,,,,,,,completed,2.2,1.66,2.24,1.75,2.3,1.8,2.12,1.69,2012_5_sydney_apia_international,2012_5_sydney_apia_international_2012-01-15_F_nieminen_j_benneteau_j
tennis_data_uk,atp,2012,6,Australian Open,Melbourne,2012-01-16,grand_slam,True,hard,R128,128,5,Cipolla F.,Davydenko N.,76,52,671,875,3,2,6,4,4,6,3,6,6,2,6,1,completed,3.5,1.28,3.61,1.34,3.75,1.35,3.48,1.29,2012_6_melbourne_australian_open,2012_6_melbourne_australian_open_2012-01-16_R128_cipolla_f_davydenko_n
tennis_data_uk,atp,2012,6,Australian Open,Melbourne,2012-01-16,grand_slam,True,hard,R128,128,5,Almagro N.,Kubot L.,10,58,2380,822,3,1,1,6,7,5,6,3,7,5,,,completed,1.3,3.4,1.43,3.06,1.43,3.4,1.34,3.17,2012_6_melbourne_australian_open,2012_6_melbourne_australian_open_2012-01-16_R128_almagro_n_kubot_l
tennis_data_uk,atp,2012,6,Australian Open,Melbourne,2012-01-16,grand_slam,True,hard,R128,128,5,Riba P.,Montanes A.,88,50,612,895,3,1,7,6,2,6,6,4,7,6,,,completed,3.5,1.28,3.52,1.35,3.52,1.37,3.27,1.32,2012_6_melbourne_australian_open,2012_6_melbourne_australian_open_2012-01-16_R128_riba_p_montanes_a
tennis_data_uk,atp,2012,6,Australian Open,Melbourne,2012-01-16,grand_slam,True,hard,R128,128,5,Stakhovsky S.,Marchenko I.,65,246,755,192,3,2,6,3,6,7,4,6,6,3,7,5,completed,1.38,2.87,1.45,2.97,1.46,3.25,1.38,2.94,2012_6_melbourne_australian_open,2012_6_melbourne_australian_open_2012-01-16_R128_stakhovsky_s_marchenko_i
tennis_data_uk,atp,2012,6,Australian Open,Melbourne,2012-01-16,grand_slam,True,hard,R128,128,5,Del Potro J.M.,Mannarino A.,11,91,2315,598,3,1,2,6,6,1,7,5,6,4,,,completed,1.07,9.0,1.09,9.5,1.09,10.4,1.06,8.33,2012_6_melbourne_australian_open,2012_6_melbourne_australian_open_2012-01-16_R128_del_potro_j_m_mannarino_a
tennis_data_uk,atp,2012,6,Australian Open,Melbourne,2012-01-16,grand_slam,True,hard,R128,128,5,Lopez F.,Mayer L.,19,21,1755,1630,3,0,7,6,6,3,7,6,,,,,completed,1.16,5.0,1.29,3.97,1.3,6.0,1.19,4.53,2012_6_melbourne_australian_open,2012_6_melbourne_australian_open_2012-01-16_R128_lopez_f_mayer_l
tennis_data_uk,atp,2012,6,Australian Open,Melbourne,2012-01-16,grand_slam,True,hard,R128,128,5,Anderson K.,Nielsen F.,32,240,1190,197,3,0,6,1,6,2,6,4,,,,,completed,1.22,4.0,1.26,4.3,1.3,4.3,1.25,3.75,2012_6_melbourne_australian_open,2012_6_melbourne_australian_open_2012-01-16_R128_anderson_k_nielsen_f
tennis_data_uk,atp,2012,6,Australian Open,Melbourne,2012-01-16,grand_slam,True,hard,R128,128,5,Kavcic B.,Ward J.,103,347,552,123,3,0,6,4,6,3,6,4,,,,,completed,1.8,1.9,1.92,1.99,1.92,2.01,1.8,1.95,2012_6_melbourne_australian_open,2012_6_melbourne_australian_open_2012-01-16_R128_kavcic_b_ward_j
tennis_data_uk,atp,2012,6,Australian Open,Melbourne,2012-01-16,grand_slam,True,hard,R128,128,5,Berdych T.,Ramos A.,7,67,3700,734,3,1,7,5,4,6,6,2,6,3,,,completed,1.01,21.0,1.02,21.0,1.03,26.24,1.02,13.7,2012_6_melbourne_australian_open,2012_6_melbourne_australian_open_2012-01-16_R128_berdych_t_ramos_a
tennis_data_uk,atp,2012,6,Australian Open,Melbourne,2012-01-16,grand_slam,True,hard,R128,128,5,Tomic B.,Verdasco F.,38,24,1048,1550,3,2,4,6,6,7,6,4,6,2,7,5,completed,1.53,2.37,1.65,2.38,1.68,2.55,1.57,2.34,2012_6_melbourne_australian_open,2012_6_melbourne_australian_open_2012-01-16_R128_tomic_b_verdasco_f
tennis_data_uk,atp,2012,6,Australian Open,Melbourne,2012-01-16,grand_slam,True,hard,R128,128,5,Kamke T.,Hanescu V.,98,90,578,600,3,0,6,2,6,1,6,2,,,,,completed,1.61,2.2,1.64,2.41,1.8,2.41,1.68,2.12,2012_6_melbourne_australian_open,2012_6_melbourne_australian_open_2012-01-16_R128_kamke_t_hanescu_v
tennis_data_uk,atp,2012,6,Australian Open,Melbourne,2012-01-16,grand_slam,True,hard,R128,128,5,Karlovic I.,Melzer J.,57,33,842,1170,3,0,7,6,7,5,6,3,,,,,completed,2.62,1.44,2.49,1.61,2.7,1.61,2.5,1.51,2012_6_melbourne_australian_open,2012_6_melbourne_australian_open_2012-01-16_R128_karlovic_i_melzer_j
tennis_data_uk,atp,2012,6,Australian Open,Melbourne,2012-01-16,grand_slam,True,hard,R128,128,5,Fish M.,Muller G.,8,55,2965,853,3,0,6,4,6,4,6,2,,,,,completed,1.16,5.0,1.19,5.46,1.25,5.46,1.2,4.33,2012_6_melbourne_australian_open,2012_6_melbourne_australian_open_2012-01-16_R128_fish_m_muller_g
tennis_data_uk,atp,2012,6,Australian Open,Melbourne,2012-01-16,grand_slam,True,hard,R128,128,5,Berlocq C.,Huta Galung J.,61,233,801,205,3,1,2,6,6,3,7,6,6,3,,,completed,1.66,2.1,1.81,2.12,1.9,2.18,1.77,2.0,2012_6_melbourne_australian_open,2012_6_melbourne_australian_open_2012-01-16_R128_berlocq_c_huta_galung_j
tennis_data_uk,atp,2012,6,Australian Open,Melbourne,2012-01-16,grand_slam,True,hard,R128,128,5,Kohlschreiber P.,Monaco J.,41,27,1005,1335,3,2,7,5,4,6,6,3,6,7,6,0,completed,1.44,2.62,1.59,2.53,1.59,2.63,1.52,2.48,2012_6_melbourne_australian_open,2012_6_melbourne_australian_open_2012-01-16_R128_kohlschreiber_p_monaco_j
tennis_data_uk,atp,2012,6,Australian Open,Melbourne,2012-01-16,grand_slam,True,hard,R128,128,5,Wawrinka S.,Paire B.,22,84,1615,636,3,0,6,1,6,1,7,5,,,,,completed,1.22,4.0,1.22,4.89,1.29,4.89,1.25,3.83,2012_6_melbourne_australian_open,2012_6_melbourne_australian_open_2012-01-16_R128_wawrinka_s_paire_b
tennis_data_uk,atp,2012,6,Australian Open,Melbourne,2012-01-16,grand_slam,True,hard,R128,128,5,Querrey S.,De Schepper K.,95,135,589,400,3,0,6,3,6,2,6,2,,,,,completed,1.14,5.5,1.17,5.94,1.18,5.94,1.16,4.95,2012_6_melbourne_australian_open,2012_6_melbourne_australian_open_2012-01-16_R128_querrey_s_de_schepper_k
tennis_data_uk,atp,2012,6,Australian Open,Melbourne,2012-01-16,grand_slam,True,hard,R128,128,5,Falla A.,Fognini F.,71,47,696,915,3,1,6,3,6,2,3,6,6,1,,,completed,1.38,2.87,1.5,2.8,1.5,3.0,1.42,2.76,2012_6_melbourne_australian_open,2012_6_melbourne_australian_open_2012-01-16_R128_falla_a_fognini_f
tennis_data_uk,atp,2012,6,Australian Open,Melbourne,2012-01-16,grand_slam,True,hard,R128,128,5,Haas T.,Kudla D.,190,276,257,171,3,1,7,6,3,6,6,0,7,5,,,completed,1.36,3.0,1.43,3.1,1.44,3.2,1.39,2.9,2012_6_melbourne_australian_open,2012_6_melbourne_australian_open_2012-01-16_R128_haas_t_kudla_d
tennis_data_uk,atp,2012,6,Australian Open,Melbourne,2012-01-16,grand_slam,True,hard,R128,128,5,Dimitrov G.,Chardy J.,78,82,666,652,3,2,4,6,6,3,3,6,6,4,6,4,completed,1.5,2.5,1.6,2.52,1.6,2.65,1.54,2.43,2012_6_melbourne_australian_open,2012_6_melbourne_australian_open_2012-01-16_R128_dimitrov_g_chardy_j
tennis_data_uk,atp,2012,6,Australian Open,Melbourne,2012-01-16,grand_slam,True,hard,R128,128,5,Serra F.,Darcis S.,156,85,324,634,2,0,7,6,6,3,4,5,,,,,retired,2.5,1.5,2.58,1.57,2.65,1.71,2.42,1.54,2012_6_melbourne_australian_open,2012_6_melbourne_australian_open_2012-01-16_R128_serra_f_darcis_s
tennis_data_uk,atp,2012,6,Australian Open,Melbourne,2012-01-16,grand_slam,True,hard,R128,128,5,Young D.,Gojowczyk P.,42,248,1004,192,3,2,6,1,6,2,4,6,1,6,6,2,completed,1.53,2.37,1.6,2.52,1.7,2.65,1.57,2.34,2012_6_melbourne_australian_open,2012_6_melbourne_australian_open_2012-01-16_R128_young_d_gojowczyk_p
tennis_data_uk,atp,2012,6,Australian Open,Melbourne,2012-01-16,grand_slam,True,hard,R128,128,5,Lacko L.,Ljubicic I.,119,30,491,1270,3,2,3,6,4,6,6,3,6,4,6,4,completed,1.66,2.1,1.7,2.29,2.0,2.29,1.8,1.96,2012_6_melbourne_australian_open,2012_6_melbourne_australian_open_2012-01-16_R128_lacko_l_ljubicic_i
tennis_data_uk,atp,2012,6,Australian Open,Melbourne,2012-01-16,grand_slam,True,hard,R128,128,5,Dolgopolov O.,Jones G.,13,198,2030,245,3,2,1,6,4,6,6,1,6,1,6,2,completed,1.04,13.0,1.05,13.0,1.07,13.0,1.05,9.78,2012_6_melbourne_australian_open,2012_6_melbourne_australian_open_2012-01-16_R128_dolgopolov_o_jones_g
tennis_data_uk,atp,2012,6,Australian Open,Melbourne,2012-01-16,grand_slam,True,hard,R128,128,5,Rochus O.,Phau B.,54,174,854,286,3,0,6,1,6,4,6,0,,,,,completed,1.53,2.37,1.95,1.95,1.95,3.0,1.58,2.35,2012_6_melbourne_australian_open,2012_6_melbourne_australian_open_2012-01-16_R128_rochus_o_phau_b
tennis_data_uk,atp,2012,6,Australian Open,Melbourne,2012-01-16,grand_slam,True,hard,R128,128,5,Baghdatis M.,Becker B.,44,304,985,148,3,0,6,1,7,6,6,2,,,,,completed,1.12,6.0,1.14,6.62,1.18,6.62,1.15,5.13,2012_6_melbourne_australian_open,2012_6_melbourne_australian_open_2012-01-16_R128_baghdatis_m_becker_b
tennis_data_uk,atp,2012,6,Australian Open,Melbourne,2012-01-16,grand_slam,True,hard,R128,128,5,Nadal R.,Kuznetsov A.,2,167,9595,301,3,0,6,4,6,1,6,1,,,,,completed,,34.0,1.01,41.0,1.02,56.71,1.01,21.51,2012_6_melbourne_australian_open,2012_6_melbourne_australian_open_2012-01-16_R128_nadal_r_kuznetsov_a
tennis_data_uk,atp,2012,6,Australian Open,Melbourne,2012-01-16,grand_slam,True,hard,R128,128,5,Isner J.,Mitchell B.,17,222,1800,220,3,0,6,4,6,4,7,6,,,,,completed,1.05,11.0,1.07,10.25,1.08,11.38,1.06,8.7,2012_6_melbourne_australian_open,2012_6_melbourne_australian_open_2012-01-16_R128_isner_j_mitchell_b
tennis_data_uk,atp,2012,6,Australian Open,Melbourne,2012-01-16,grand_slam,True,hard,R128,128,5,Lu Y.H.,De Voest R.,79,126,661,459,3,2,6,4,3,6,6,1,3,6,6,3,completed,1.33,3.25,1.43,3.04,1.43,3.5,1.36,3.08,2012_6_melbourne_australian_open,2012_6_melbourne_australian_open_2012-01-16_R128_lu_y_h_de_voest_r
tennis_data_uk,atp,2012,6,Australian Open,Melbourne,2012-01-16,grand_slam,True,hard,R128,128,5,Beck A.,Prodon E.,93,96,592,581,3,1,6,4,6,2,4,6,7,5,,,completed,1.18,4.5,1.22,4.9,1.29,4.9,1.21,4.21,2012_6_melbourne_australian_open,2012_6_melbourne_australian_open_2012-01-16_R128_beck_a_prodon_e
tennis_data_uk,atp,2012,6,Australian Open,Melbourne,2012-01-16,grand_slam,True,hard,R128,128,5,Federer R.,Kudryavtsev A.,3,172,8010,290,3,0,7,5,6,2,6,2,,,,,completed,,34.0,1.01,61.0,1.01,61.0,1.01,22.5,2012_6_melbourne_australian_open,2012_6_melbourne_australian_open_2012-01-16_R128_federer_r_kudryavtsev_a
tennis_data_uk,atp,2012,6,Australian Open,Melbourne,2012-01-16,grand_slam,True,hard,R128,128,5,Nalbandian D.,Nieminen J.,87,49,630,908,1,0,6,4,4,2,,,,,,,retired,1.57,2.25,1.75,2.2,1.75,2.4,1.63,2.22,2012_6_melbourne_australian_open,2012_6_melbourne_australian_open_2012-01-16_R128_nalbandian_d_nieminen_j
tennis_data_uk,atp,2012,6,Australian Open,Melbourne,2012-01-17,grand_slam,True,hard,R128,128,5,Bogomolov A.,Gimeno-Traver D.,34,104,1135,547,3,0,6,3,6,2,6,4,,,,,completed,1.12,6.0,1.15,6.41,1.21,6.41,1.15,5.21,2012_6_melbourne_australian_open,2012_6_melbourne_australian_open_2012-01-17_R128_bogomolov_a_gimeno_traver_d
tennis_data_uk,atp,2012,6,Australian Open,Melbourne,2012-01-17,grand_slam,True,hard,R128,128,5,Ferrer D.,Machado R.,5,70,4925,698,3,0,6,1,6,4,6,2,,,,,completed,,29.0,1.01,46.0,1.02,51.82,1.01,19.39,2012_6_melbourne_australian_open,2012_6_melbourne_australian_open_2012-01-17_R128_ferrer_d_machado_r
tennis_data_uk,atp,2012,6,Australian Open,Melbourne,2012-01-17,grand_slam,True,hard,R128,128,5,Nishikori K.,Robert S.,26,106,1410,540,3,0,6,1,7,6,6,0,,,,,completed,1.07,9.0,1.09,8.91,1.12,9.24,1.09,7.14,2012_6_melbourne_australian_open,2012_6_melbourne_australian_open_2012-01-17_R128_nishikori_k_robert_s
tennis_data_uk,atp,2012,6,Australian Open,Melbourne,2012-01-17,grand_slam,True,hard,R128,128,5,Petzschner P.,Rosol L.,63,69,780,701,3,0,6,0,6,0,6,2,,,,,completed,1.36,3.0,1.4,3.2,1.42,3.25,1.38,2.93,2012_6_melbourne_australian_open,2012_6_melbourne_australian_open_2012-01-17_R128_petzschner_p_rosol_l
tennis_data_uk,atp,2012,6,Australian Open,Melbourne,2012-01-17,grand_slam,True,hard,R128,128,5,Gasquet R.,Seppi A.,18,40,1765,1015,3,1,6,3,3,6,6,3,6,1,,,completed,1.28,3.5,1.33,3.66,1.36,3.75,1.31,3.33,2012_6_melbourne_australian_open,2012_6_melbourne_australian_open_2012-01-17_R128_gasquet_r_seppi_a
tennis_data_uk,atp,2012,6,Australian Open,Melbourne,2012-01-17,grand_slam,True,hard,R128,128,5,Giraldo S.,Viola Mat.,56,153,845,335,3,0,6,4,6,2,6,1,,,,,completed,1.08,8.0,1.09,9.41,1.14,9.41,1.09,7.01,2012_6_melbourne_australian_open,2012_6_melbourne_australian_open_2012-01-17_R128_giraldo_s_viola_mat
tennis_data_uk,atp,2012,6,Australian Open,Melbourne,2012-01-17,grand_slam,True,hard,R128,128,5,Golubev A.,Youzhny M.,146,35,362,1105,3,2,7,5,6,7,6,4,4,6,6,3,completed,4.5,1.18,5.23,1.2,5.23,1.25,4.23,1.21,2012_6_melbourne_australian_open,2012_6_melbourne_australian_open_2012-01-17_R128_golubev_a_youzhny_m
tennis_data_uk,atp,2012,6,Australian Open,Melbourne,2012-01-17,grand_slam,True,hard,R128,128,5,Djokovic N.,Lorenzi P.,1,109,13630,521,3,0,6,2,6,0,6,0,,,,,completed,1.0,67.0,1.01,81.0,1.01,96.0,1.01,34.48,2012_6_melbourne_australian_open,2012_6_melbourne_australian_open_2012-01-17_R128_djokovic_n_lorenzi_p
tennis_data_uk,atp,2012,6,Australian Open,Melbourne,2012-01-17,grand_slam,True,hard,R128,128,5,Roger-Vasselin E.,Malisse X.,101,64,562,760,1,0,7,6,,,,,,,,,retired,2.75,1.4,2.82,1.49,2.82,1.51,2.64,1.46,2012_6_melbourne_australian_open,2012_6_melbourne_australian_open_2012-01-17_R128_roger_vasselin_e_malisse_x
tennis_data_uk,atp,2012,6,Australian Open,Melbourne,2012-01-17,grand_slam,True,hard,R128,128,5,Chela J.I.,Russell M.,29,97,1270,578,3,0,7,6,6,3,6,4,,,,,completed,1.8,1.9,2.02,1.88,2.02,2.03,1.84,1.89,2012_6_melbourne_australian_open,2012_6_melbourne_australian_open_2012-01-17_R128_chela_j_i_russell_m
tennis_data_uk,atp,2012,6,Australian Open,Melbourne,2012-01-17,grand_slam,True,hard,R128,128,5,Raonic M.,Volandri F.,25,72,1460,696,3,0,6,4,6,0,6,2,,,,,completed,1.01,26.0,1.01,41.0,1.02,51.0,1.01,17.99,2012_6_melbourne_australian_open,2012_6_melbourne_australian_open_2012-01-17_R128_raonic_m_volandri_f
tennis_data_uk,atp,2012,6,Australian Open,Melbourne,2012-01-17,grand_slam,True,hard,R128,128,5,Llodra M.,Gulbis E.,46,73,915,695,3,1,2,6,6,1,6,2,6,2,,,completed,2.1,1.66,2.31,1.69,2.31,1.74,2.14,1.67,2012_6_melbourne_australian_open,2012_6_melbourne_australian_open_2012-01-17_R128_llodra_m_gulbis_e
tennis_data_uk,atp,2012,6,Australian Open,Melbourne,2012-01-17,grand_slam,True,hard,R128,128,5,Tipsarevic J.,Tursunov D.,9,43,2655,988,3,1,5,7,7,6,6,3,6,4,,,completed,1.1,7.0,1.13,7.45,1.15,7.45,1.11,6.11,2012_6_melbourne_australian_open,2012_6_melbourne_australian_open_2012-01-17_R128_tipsarevic_j_tursunov_d
tennis_data_uk,atp,2012,6,Australian Open,Melbourne,2012-01-17,grand_slam,True,hard,R128,128,5,Ito T.,Starace P.,117,62,500,800,3,1,6,3,4,6,6,3,6,4,,,completed,2.2,1.61,2.17,1.78,2.25,1.81,2.09,1.7,2012_6_melbourne_australian_open,2012_6_melbourne_australian_open_2012-01-17_R128_ito_t_starace_p
tennis_data_uk,atp,2012,6,Australian Open,Melbourne,2012-01-17,grand_slam,True,hard,R128,128,5,Duckworth J.,Zopp J.,250,148,191,359,3,0,6,3,6,4,6,4,,,,,completed,2.62,1.44,2.93,1.46,2.93,1.51,2.64,1.46,2012_6_melbourne_australian_open,2012_6_melbourne_australian_open_2012-01-17_R128_duckworth_j_zopp_j
tennis_data_uk,atp,2012,6,Australian Open,Melbourne,2012-01-17,grand_slam,True,hard,R128,128,5,Sweeting R.,Bachinger M.,68,89,716,611,3,0,6,4,6,4,6,2,,,,,completed,2.1,1.66,2.1,1.81,2.15,1.85,2.0,1.76,2012_6_melbourne_australian_open,2012_6_melbourne_australian_open_2012-01-17_R128_sweeting_r_bachinger_m
tennis_data_uk,atp,2012,6,Australian Open,Melbourne,2012-01-17,grand_slam,True,hard,R128,128,5,Granollers M.,Levine J.,28,158,1315,320,3,2,6,0,7,6,5,7,5,7,6,3,completed,1.3,3.4,1.32,3.71,1.37,3.71,1.33,3.23,2012_6_melbourne_australian_open,2012_6_melbourne_australian_open_2012-01-17_R128_granollers_m_levine_j
tennis_data_uk,atp,2012,6,Australian Open,Melbourne,2012-01-17,grand_slam,True,hard,R128,128,5,Monfils G.,Matosevic M.,15,203,1970,240,3,0,7,6,6,3,6,3,,,,,completed,1.03,15.0,1.02,26.0,1.05,26.0,1.03,12.0,2012_6_melbourne_australian_open,2012_6_melbourne_australian_open_2012-01-17_R128_monfils_g_matosevic_m
tennis_data_uk,atp,2012,6,Australian Open,Melbourne,2012-01-17,grand_slam,True,hard,R128,128,5,Murray A.,Harrison R.,4,77,7380,666,3,1,4,6,6,3,6,4,6,2,,,completed,1.02,19.0,1.02,20.5,1.05,26.0,1.03,13.3,2012_6_melbourne_australian_open,2012_6_melbourne_australian_open_2012-01-17_R128_murray_a_harrison_r
tennis_data_uk,atp,2012,6,Australian Open,Melbourne,2012-01-17,grand_slam,True,hard,R128,128,5,Andujar P.,Kunitsyn I.,45,74,920,692,3,0,6,1,7,6,6,0,,,,,completed,2.87,1.38,3.35,1.38,3.35,1.54,2.87,1.4,2012_6_melbourne_australian_open,2012_6_melbourne_australian_open_2012-01-17_R128_andujar_p_kunitsyn_i
tennis_data_uk,atp,2012,6,Australian Open,Melbourne,2012-01-17,grand_slam,True,hard,R128,128,5,Mello R.,Bautista R.,108,175,526,281,3,0,6,4,6,4,7,5,,,,,completed,1.8,1.9,2.0,1.9,2.01,2.19,1.82,1.93,2012_6_melbourne_australian_open,2012_6_melbourne_australian_open_2012-01-17_R128_mello_r_bautista_r
tennis_data_uk,atp,2012,6,Australian Open,Melbourne,2012-01-17,grand_slam,True,hard,R128,128,5,Bellucci T.,Sela D.,37,75,1060,685,3,0,7,6,6,4,6,3,,,,,completed,1.9,1.8,1.88,2.02,2.1,2.02,1.91,1.83,2012_6_melbourne_australian_open,2012_6_melbourne_australian_open_2012-01-17_R128_bellucci_t_sela_d
tennis_data_uk,atp,2012,6,Australian Open,Melbourne,2012-01-17,grand_slam,True,hard,R128,128,5,Mahut N.,Stepanek R.,81,31,653,1230,3,0,7,5,7,5,6,3,,,,,completed,5.0,1.16,5.83,1.17,5.83,1.23,4.57,1.19,2012_6_melbourne_australian_open,2012_6_melbourne_australian_open_2012-01-17_R128_mahut_n_stepanek_r
tennis_data_uk,atp,2012,6,Australian Open,Melbourne,2012-01-17,grand_slam,True,hard,R128,128,5,Gil F.,Dodig I.,107,36,537,1065,2,1,2,6,6,1,6,1,4,1,,,retired,3.75,1.25,3.77,1.32,4.0,1.32,3.6,1.28,2012_6_melbourne_australian_open,2012_6_melbourne_australian_open_2012-01-17_R128_gil_f_dodig_i
tennis_data_uk,atp,2012,6,Australian Open,Melbourne,2012-01-17,grand_slam,True,hard,R128,128,5,Simon G.,Udomchoke D.,14,201,2005,242,3,2,6,1,3,6,6,7,6,3,6,2,completed,1.04,13.0,1.03,17.5,1.06,19.75,1.04,11.05,2012_6_melbourne_australian_open,2012_6_melbourne_australian_open_2012-01-17_R128_simon_g_udomchoke_d
tennis_data_uk,atp,2012,6,Australian Open,Melbourne,2012-01-17,grand_slam,True,hard,R128,128,5,Ebden M.,Souza J.,94,105,590,544,3,0,6,3,7,6,6,2,,,,,completed,1.14,5.5,1.17,5.98,1.22,6.04,1.16,4.97,2012_6_melbourne_australian_open,2012_6_melbourne_australian_open_2012-01-17_R128_ebden_m_souza_j
tennis_data_uk,atp,2012,6,Australian Open,Melbourne,2012-01-17,grand_slam,True,hard,R128,128,5,Roddick A.,Haase R.,16,53,1880,861,3,0,6,3,6,4,6,1,,,,,completed,1.28,3.5,1.28,4.1,1.31,4.5,1.27,3.65,2012_6_melbourne_australian_open,2012_6_melbourne_australian_open_2012-01-17_R128_roddick_a_haase_r
tennis_data_uk,atp,2012,6,Australian Open,Melbourne,2012-01-17,grand_slam,True,hard,R128,128,5,Kukushkin M.,Garcia-Lopez G.,92,66,598,755,3,0,6,4,6,3,6,0,,,,,completed,2.5,1.5,2.54,1.58,2.64,1.6,2.48,1.52,2012_6_melbourne_australian_open,2012_6_melbourne_australian_open_2012-01-17_R128_kukushkin_m_garcia_lopez_g
tennis_data_uk,atp,2012,6,Australian Open,Melbourne,2012-01-17,grand_slam,True,hard,R128,128,5,Benneteau J.,Beck K.,39,100,1030,567,3,0,6,4,6,2,7,5,,,,,completed,1.08,8.0,1.07,10.75,1.14,10.75,1.08,7.46,2012_6_melbourne_australian_open,2012_6_melbourne_australian_open_2012-01-17_R128_benneteau_j_beck_k
tennis_data_uk,atp,2012,6,Australian Open,Melbourne,2012-01-17,grand_slam,True,hard,R128,128,5,Hewitt L.,Stebe C.M.,181,83,265,652,3,1,7,5,6,4,3,6,7,5,,,completed,1.36,3.0,1.39,3.28,1.39,3.5,1.33,3.22,2012_6_melbourne_australian_open,2012_6_melbourne_australian_open_2012-01-17_R128_hewitt_l_stebe_c_m
tennis_data_uk,atp,2012,6,Australian Open,Melbourne,2012-01-17,grand_slam,True,hard,R128,128,5,Tsonga J.W.,Istomin D.,6,60,4335,802,3,1,6,4,3,6,6,2,7,5,,,completed,1.08,8.0,1.1,8.6,1.11,8.89,1.09,7.21,2012_6_melbourne_australian_open,2012_6_melbourne_australian_open_2012-01-17_R128_tsonga_j_w_istomin_d
tennis_data_uk,atp,2012,6,Australian Open,Melbourne,2012-01-17,grand_slam,True,hard,R128,128,5,Troicki V.,Ferrero J.C.,23,48,1595,910,3,2,4,6,6,7,6,2,7,6,6,2,completed,1.44,2.62,1.61,2.48,1.61,2.89,1.47,2.62,2012_6_melbourne_australian_open,2012_6_melbourne_australian_open_2012-01-17_R128_troicki_v_ferrero_j_c
tennis_data_uk,atp,2012,6,Australian Open,Melbourne,2012-01-18,grand_slam,True,hard,R64,64,5,Falla A.,Fish M.,71,8,696,2965,3,0,7,6,6,3,7,6,,,,,completed,8.0,1.08,8.95,1.1,8.95,1.12,6.92,1.09,2012_6_melbourne_australian_open,2012_6_melbourne_australian_open_2012-01-18_R64_falla_a_fish_m
tennis_data_uk,atp,2012,6,Australian Open,Melbourne,2012-01-18,grand_slam,True,hard,R64,64,5,Kohlschreiber P.,Riba P.,41,88,1005,612,1,0,6,0,4,0,,,,,,,retired,1.07,9.0,1.1,8.95,1.1,9.52,1.07,7.71,2012_6_melbourne_australian_open,2012_6_melbourne_australian_open_2012-01-18_R64_kohlschreiber_p_riba_p
tennis_data_uk,atp,2012,6,Australian Open,Melbourne,2012-01-18,grand_slam,True,hard,R64,64,5,Berdych T.,Rochus O.,7,54,3700,854,3,0,6,1,6,0,7,6,,,,,completed,1.07,9.0,1.09,9.5,1.1,9.52,1.08,7.49,2012_6_melbourne_australian_open,2012_6_melbourne_australian_open_2012-01-18_R64_berdych_t_rochus_o
tennis_data_uk,atp,2012,6,Australian Open,Melbourne,2012-01-18,grand_slam,True,hard,R64,64,5,Lu Y.H.,Serra F.,79,156,661,324,3,0,7,5,6,2,6,2,,,,,completed,1.44,2.62,1.54,2.67,1.54,2.9,1.46,2.65,2012_6_melbourne_australian_open,2012_6_melbourne_australian_open_2012-01-18_R64_lu_y_h_serra_f
tennis_data_uk,atp,2012,6,Australian Open,Melbourne,2012-01-18,grand_slam,True,hard,R64,64,5,Anderson K.,Stakhovsky S.,32,65,1190,755,3,1,3,6,6,1,7,6,6,3,,,completed,1.25,3.75,1.28,4.1,1.32,4.28,1.27,3.6,2012_6_melbourne_australian_open,2012_6_melbourne_australian_open_2012-01-18_R64_anderson_k_stakhovsky_s
tennis_data_uk,atp,2012,6,Australian Open,Melbourne,2012-01-18,grand_slam,True,hard,R64,64,5,Del Potro J.M.,Kavcic B.,11,103,2315,552,3,0,6,4,7,5,6,3,,,,,completed,1.05,11.0,1.04,15.0,1.05,16.91,1.04,10.65,2012_6_melbourne_australian_open,2012_6_melbourne_australian_open_2012-01-18_R64_del_potro_j_m_kavcic_b
tennis_data_uk,atp,2012,6,Australian Open,Melbourne,2012-01-18,grand_slam,True,hard,R64,64,5,Lopez F.,Cipolla F.,19,76,1755,671,3,0,7,5,7,6,6,2,,,,,completed,1.3,3.4,1.35,3.5,1.4,3.75,1.3,3.42,2012_6_melbourne_australian_open,2012_6_melbourne_australian_open_2012-01-18_R64_lopez_f_cipolla_f
tennis_data_uk,atp,2012,6,Australian Open,Melbourne,2012-01-18,grand_slam,True,hard,R64,64,5,Nadal R.,Haas T.,2,190,9595,257,3,0,6,4,6,3,6,4,,,,,completed,1.02,19.0,1.03,20.0,1.03,24.8,1.02,13.54,2012_6_melbourne_australian_open,2012_6_melbourne_australian_open_2012-01-18_R64_nadal_r_haas_t
tennis_data_uk,atp,2012,6,Australian Open,Melbourne,2012-01-18,grand_slam,True,hard,R64,64,5,Isner J.,Nalbandian D.,17,87,1800,630,3,2,4,6,6,3,2,6,7,6,10,8,completed,1.9,1.8,1.97,1.93,2.1,2.0,1.95,1.81,2012_6_melbourne_australian_open,2012_6_melbourne_australian_open_2012-01-18_R64_isner_j_nalbandian_d
tennis_data_uk,atp,2012,6,Australian Open,Melbourne,2012-01-18,grand_slam,True,hard,R64,64,5,Lacko L.,Young D.,119,42,491,1004,3,1,6,3,6,1,3,6,6,3,,,completed,2.0,1.72,2.02,1.88,2.04,1.93,1.93,1.82,2012_6_melbourne_australian_open,2012_6_melbourne_australian_open_2012-01-18_R64_lacko_l_young_d
tennis_data_uk,atp,2012,6,Australian Open,Melbourne,2012-01-18,grand_slam,True,hard,R64,64,5,Federer R.,Beck A.,3,93,8010,592,,,,,,,,,,,,,walkover,,34.0,1.01,51.0,1.01,57.57,1.01,23.48,2012_6_melbourne_australian_open,2012_6_melbourne_australian_open_2012-01-18_R64_federer_r_beck_a
tennis_data_uk,atp,2012,6,Australian Open,Melbourne,2012-01-18,grand_slam,True,hard,R64,64,5,Dolgopolov O.,Kamke T.,13,98,2030,578,3,2,4,6,6,1,6,1,3,6,8,6,completed,1.36,3.0,1.46,2.93,1.46,3.25,1.4,2.87,2012_6_melbourne_australian_open,2012_6_melbourne_australian_open_2012-01-18_R64_dolgopolov_o_kamke_t
tennis_data_uk,atp,2012,6,Australian Open,Melbourne,2012-01-18,grand_slam,True,hard,R64,64,5,Karlovic I.,Berlocq C.,57,61,842,801,3,1,7,6,3,6,6,3,6,4,,,completed,1.28,3.5,1.33,3.7,1.36,3.75,1.3,3.39,2012_6_melbourne_australian_open,2012_6_melbourne_australian_open_2012-01-18_R64_karlovic_i_berlocq_c
tennis_data_uk,atp,2012,6,Australian Open,Melbourne,2012-01-18,grand_slam,True,hard,R64,64,5,Almagro N.,Dimitrov G.,10,78,2380,666,3,2,4,6,6,3,6,7,6,4,6,0,completed,1.66,2.1,1.79,2.14,1.79,2.25,1.65,2.17,2012_6_melbourne_australian_open,2012_6_melbourne_australian_open_2012-01-18_R64_almagro_n_dimitrov_g
tennis_data_uk,atp,2012,6,Australian Open,Melbourne,2012-01-18,grand_slam,True,hard,R64,64,5,Tomic B.,Querrey S.,38,95,1048,589,3,1,3,6,6,3,7,6,6,3,,,completed,1.33,3.25,1.35,3.49,1.38,3.5,1.33,3.19,2012_6_melbourne_australian_open,2012_6_melbourne_australian_open_2012-01-18_R64_tomic_b_querrey_s
tennis_data_uk,atp,2012,6,Australian Open,Melbourne,2012-01-18,grand_slam,True,hard,R64,64,5,Wawrinka S.,Baghdatis M.,22,44,1615,985,3,1,7,6,6,4,5,7,6,1,,,completed,2.1,1.66,2.21,1.75,2.23,2.1,1.8,1.7,2012_6_melbourne_australian_open,2012_6_melbourne_australian_open_2012-01-18_R64_wawrinka_s_baghdatis_m
tennis_data_uk,atp,2012,6,Australian Open,Melbourne,2012-01-19,grand_slam,True,hard,R64,64,5,Raonic M.,Petzschner P.,25,63,1460,780,3,1,6,4,5,7,6,2,7,5,,,completed,1.28,3.5,1.34,3.63,1.34,3.95,1.28,3.57,2012_6_melbourne_australian_open,2012_6_melbourne_australian_open_2012-01-19_R64_raonic_m_petzschner_p
tennis_data_uk,atp,2012,6,Australian Open,Melbourne,2012-01-19,grand_slam,True,hard,R64,64,5,Chela J.I.,Andujar P.,29,45,1270,920,3,0,6,4,6,4,6,3,,,,,completed,1.53,2.37,1.61,2.49,1.67,2.55,1.57,2.33,2012_6_melbourne_australian_open,2012_6_melbourne_australian_open_2012-01-19_R64_chela_j_i_andujar_p
tennis_data_uk,atp,2012,6,Australian Open,Melbourne,2012-01-19,grand_slam,True,hard,R64,64,5,Llodra M.,Bogomolov A.,46,34,915,1135,3,2,6,1,6,3,4,6,5,7,6,4,completed,2.1,1.66,2.31,1.68,2.31,1.75,2.11,1.69,2012_6_melbourne_australian_open,2012_6_melbourne_australian_open_2012-01-19_R64_llodra_m_bogomolov_a
tennis_data_uk,atp,2012,6,Australian Open,Melbourne,2012-01-19,grand_slam,True,hard,R64,64,5,Tsonga J.W.,Mello R.,6,108,4335,526,3,0,7,5,6,4,6,4,,,,,completed,1.01,21.0,1.02,21.0,1.04,25.09,1.02,13.72,2012_6_melbourne_australian_open,2012_6_melbourne_australian_open_2012-01-19_R64_tsonga_j_w_mello_r
tennis_data_uk,atp,2012,6,Australian Open,Melbourne,2012-01-19,grand_slam,True,hard,R64,64,5,Tipsarevic J.,Duckworth J.,9,250,2655,191,3,1,3,6,6,2,7,6,6,4,,,completed,1.03,15.0,1.04,16.0,1.06,16.34,1.04,10.51,2012_6_melbourne_australian_open,2012_6_melbourne_australian_open_2012-01-19_R64_tipsarevic_j_duckworth_j
tennis_data_uk,atp,2012,6,Australian Open,Melbourne,2012-01-19,grand_slam,True,hard,R64,64,5,Ferrer D.,Sweeting R.,5,68,4925,716,3,2,6,7,6,2,3,6,6,2,6,3,completed,1.02,19.0,1.03,20.0,1.04,25.95,1.02,13.4,2012_6_melbourne_australian_open,2012_6_melbourne_australian_open_2012-01-19_R64_ferrer_d_sweeting_r
tennis_data_uk,atp,2012,6,Australian Open,Melbourne,2012-01-19,grand_slam,True,hard,R64,64,5,Gil F.,Granollers M.,107,28,537,1315,3,1,6,3,4,6,6,4,6,3,,,completed,3.5,1.28,4.05,1.29,4.05,1.31,3.56,1.28,2012_6_melbourne_australian_open,2012_6_melbourne_australian_open_2012-01-19_R64_gil_f_granollers_m
tennis_data_uk,atp,2012,6,Australian Open,Melbourne,2012-01-19,grand_slam,True,hard,R64,64,5,Mahut N.,Ito T.,81,117,653,500,3,1,1,6,7,6,6,2,6,2,,,completed,1.53,2.37,1.66,2.37,1.66,2.5,1.56,2.36,2012_6_melbourne_australian_open,2012_6_melbourne_australian_open_2012-01-19_R64_mahut_n_ito_t
tennis_data_uk,atp,2012,6,Australian Open,Melbourne,2012-01-19,grand_slam,True,hard,R64,64,5,Djokovic N.,Giraldo S.,1,56,13630,845,3,0,6,3,6,2,6,1,,,,,completed,1.002,34.0,1.01,61.0,1.01,62.46,1.01,23.28,2012_6_melbourne_australian_open,2012_6_melbourne_australian_open_2012-01-19_R64_djokovic_n_giraldo_s
tennis_data_uk,atp,2012,6,Australian Open,Melbourne,2012-01-19,grand_slam,True,hard,R64,64,5,Nishikori K.,Ebden M.,26,94,1410,590,3,2,3,6,1,6,6,4,6,1,6,1,completed,1.28,3.5,1.31,3.85,1.36,3.85,1.29,3.45,2012_6_melbourne_australian_open,2012_6_melbourne_australian_open_2012-01-19_R64_nishikori_k_ebden_m
tennis_data_uk,atp,2012,6,Australian Open,Melbourne,2012-01-19,grand_slam,True,hard,R64,64,5,Gasquet R.,Golubev A.,18,146,1765,362,2,0,6,4,6,2,3,0,,,,,retired,1.12,6.0,1.14,6.8,1.17,6.8,1.13,5.56,2012_6_melbourne_australian_open,2012_6_melbourne_australian_open_2012-01-19_R64_gasquet_r_golubev_a
tennis_data_uk,atp,2012,6,Australian Open,Melbourne,2012-01-19,grand_slam,True,hard,R64,64,5,Murray A.,Roger-Vasselin E.,4,101,7380,562,3,0,6,1,6,4,6,4,,,,,completed,1.002,29.0,1.01,51.0,1.02,51.0,1.01,17.45,2012_6_melbourne_australian_open,2012_6_melbourne_australian_open_2012-01-19_R64_murray_a_roger_vasselin_e
tennis_data_uk,atp,2012,6,Australian Open,Melbourne,2012-01-19,grand_slam,True,hard,R64,64,5,Kukushkin M.,Troicki V.,92,23,598,1595,3,2,5,7,6,4,6,2,4,6,6,3,completed,3.4,1.3,3.41,1.37,3.6,1.5,3.32,1.31,2012_6_melbourne_australian_open,2012_6_melbourne_australian_open_2012-01-19_R64_kukushkin_m_troicki_v
tennis_data_uk,atp,2012,6,Australian Open,Melbourne,2012-01-19,grand_slam,True,hard,R64,64,5,Benneteau J.,Simon G.,39,14,1030,2005,3,2,7,5,7,6,1,6,3,6,6,2,completed,2.2,1.61,2.05,1.86,2.25,1.88,2.07,1.72,2012_6_melbourne_australian_open,2012_6_melbourne_australian_open_2012-01-19_R64_benneteau_j_simon_g
tennis_data_uk,atp,2012,6,Australian Open,Melbourne,2012-01-19,grand_slam,True,hard,R64,64,5,Monfils G.,Bellucci T.,15,37,1970,1060,3,1,2,6,6,0,6,4,6,2,,,completed,1.16,5.0,1.14,6.74,1.19,6.74,1.15,5.24,2012_6_melbourne_australian_open,2012_6_melbourne_australian_open_2012-01-19_R64_monfils_g_bellucci_t
tennis_data_uk,atp,2012,6,Australian Open,Melbourne,2012-01-19,grand_slam,True,hard,R64,64,5,Hewitt L.,Roddick A.,181,16,265,1880,2,1,3,6,6,3,6,4,,,,,retired,3.75,1.25,4.3,1.26,4.36,1.3,3.77,1.25,2012_6_melbourne_australian_open,2012_6_melbourne_australian_open_2012-01-19_R64_hewitt_l_roddick_a
tennis_data_uk,atp,2012,6,Australian Open,Melbourne,2012-01-20,grand_slam,True,hard,R32,32,5,Nadal R.,Lacko L.,2,119,9595,491,3,0,6,2,6,4,6,2,,,,,completed,1.01,21.0,1.02,21.5,1.04,23.0,1.02,14.46,2012_6_melbourne_australian_open,2012_6_melbourne_australian_open_2012-01-20_R32_nadal_r_lacko_l
tennis_data_uk,atp,2012,6,Australian Open,Melbourne,2012-01-20,grand_slam,True,hard,R32,32,5,Federer R.,Karlovic I.,3,57,8010,842,3,0,7,6,7,5,6,3,,,,,completed,1.02,17.0,1.02,25.01,1.05,25.69,1.03,13.0,2012_6_melbourne_australian_open,2012_6_melbourne_australian_open_2012-01-20_R32_federer_r_karlovic_i
tennis_data_uk,atp,2012,6,Australian Open,Melbourne,2012-01-20,grand_slam,True,hard,R32,32,5,Berdych T.,Anderson K.,7,32,3700,1190,3,0,7,6,7,6,6,1,,,,,completed,1.16,5.0,1.2,5.33,1.25,5.33,1.19,4.51,2012_6_melbourne_australian_open,2012_6_melbourne_australian_open_2012-01-20_R32_berdych_t_anderson_k
tennis_data_uk,atp,2012,6,Australian Open,Melbourne,2012-01-20,grand_slam,True,hard,R32,32,5,Lopez F.,Isner J.,19,17,1755,1800,3,2,6,3,6,7,6,4,6,7,6,1,completed,2.2,1.61,2.31,1.7,2.5,1.85,2.09,1.71,2012_6_melbourne_australian_open,2012_6_melbourne_australian_open_2012-01-20_R32_lopez_f_isner_j
tennis_data_uk,atp,2012,6,Australian Open,Melbourne,2012-01-20,grand_slam,True,hard,R32,32,5,Kohlschreiber P.,Falla A.,41,71,1005,696,3,0,6,3,6,2,7,6,,,,,completed,1.36,3.0,1.41,3.21,1.42,4.33,1.38,2.96,2012_6_melbourne_australian_open,2012_6_melbourne_australian_open_2012-01-20_R32_kohlschreiber_p_falla_a
tennis_data_uk,atp,2012,6,Australian Open,Melbourne,2012-01-20,grand_slam,True,hard,R32,32,5,Almagro N.,Wawrinka S.,10,22,2380,1615,3,0,7,6,6,2,6,4,,,,,completed,3.25,1.33,3.52,1.36,3.52,1.4,3.11,1.35,2012_6_melbourne_australian_open,2012_6_melbourne_australian_open_2012-01-20_R32_almagro_n_wawrinka_s
tennis_data_uk,atp,2012,6,Australian Open,Melbourne,2012-01-20,grand_slam,True,hard,R32,32,5,Tomic B.,Dolgopolov O.,38,13,1048,2030,3,2,4,6,7,6,7,6,2,6,6,3,completed,1.66,2.1,1.79,2.17,1.85,2.2,1.71,2.08,2012_6_melbourne_australian_open,2012_6_melbourne_australian_open_2012-01-20_R32_tomic_b_dolgopolov_o
tennis_data_uk,atp,2012,6,Australian Open,Melbourne,2012-01-20,grand_slam,True,hard,R32,32,5,Del Potro J.M.,Lu Y.H.,11,79,2315,661,3,0,6,2,6,3,6,0,,,,,completed,1.06,10.0,1.07,11.5,1.09,11.75,1.06,8.59,2012_6_melbourne_australian_open,2012_6_melbourne_australian_open_2012-01-20_R32_del_potro_j_m_lu_y_h
tennis_data_uk,atp,2012,6,Australian Open,Melbourne,2012-01-21,grand_slam,True,hard,R32,32,5,Tsonga J.W.,Gil F.,6,107,4335,537,3,0,6,2,6,2,6,2,,,,,completed,1.01,21.0,1.02,26.0,1.03,26.0,1.02,15.07,2012_6_melbourne_australian_open,2012_6_melbourne_australian_open_2012-01-21_R32_tsonga_j_w_gil_f
tennis_data_uk,atp,2012,6,Australian Open,Melbourne,2012-01-21,grand_slam,True,hard,R32,32,5,Ferrer D.,Chela J.I.,5,29,4925,1270,3,0,7,5,6,2,6,1,,,,,completed,1.06,10.0,1.07,11.25,1.1,11.6,1.07,8.37,2012_6_melbourne_australian_open,2012_6_melbourne_australian_open_2012-01-21_R32_ferrer_d_chela_j_i
tennis_data_uk,atp,2012,6,Australian Open,Melbourne,2012-01-21,grand_slam,True,hard,R32,32,5,Djokovic N.,Mahut N.,1,81,13630,653,3,0,6,0,6,1,6,1,,,,,completed,1.002,34.0,1.01,71.0,1.01,71.0,1.01,26.87,2012_6_melbourne_australian_open,2012_6_melbourne_australian_open_2012-01-21_R32_djokovic_n_mahut_n
tennis_data_uk,atp,2012,6,Australian Open,Melbourne,2012-01-21,grand_slam,True,hard,R32,32,5,Gasquet R.,Tipsarevic J.,18,9,1765,2655,3,0,6,3,6,3,6,1,,,,,completed,1.9,1.9,1.94,1.98,1.95,2.0,1.86,1.9,2012_6_melbourne_australian_open,2012_6_melbourne_australian_open_2012-01-21_R32_gasquet_r_tipsarevic_j
tennis_data_uk,atp,2012,6,Australian Open,Melbourne,2012-01-21,grand_slam,True,hard,R32,32,5,Nishikori K.,Benneteau J.,26,39,1410,1030,3,1,4,6,7,6,7,6,6,3,,,completed,1.8,2.0,1.84,2.1,1.91,2.1,1.79,1.97,2012_6_melbourne_australian_open,2012_6_melbourne_australian_open_2012-01-21_R32_nishikori_k_benneteau_j
tennis_data_uk,atp,2012,6,Australian Open,Melbourne,2012-01-21,grand_slam,True,hard,R32,32,5,Kukushkin M.,Monfils G.,92,15,598,1970,3,2,6,2,7,5,5,7,1,6,6,4,completed,7.0,1.1,7.1,1.14,8.0,1.14,6.35,1.11,2012_6_melbourne_australian_open,2012_6_melbourne_australian_open_2012-01-21_R32_kukushkin_m_monfils_g
tennis_data_uk,atp,2012,6,Australian Open,Melbourne,2012-01-21,grand_slam,True,hard,R32,32,5,Murray A.,Llodra M.,4,46,7380,915,3,0,6,4,6,2,6,0,,,,,completed,1.02,17.0,1.03,19.0,1.05,21.0,1.03,12.83,2012_6_melbourne_australian_open,2012_6_melbourne_australian_open_2012-01-21_R32_murray_a_llodra_m
tennis_data_uk,atp,2012,6,Australian Open,Melbourne,2012-01-21,grand_slam,True,hard,R32,32,5,Hewitt L.,Raonic M.,181,25,265,1460,3,1,4,6,6,3,7,6,6,3,,,completed,3.25,1.33,3.31,1.39,3.75,1.4,3.29,1.32,2012_6_melbourne_australian_open,2012_6_melbourne_australian_open_2012-01-21_R32_hewitt_l_raonic_m
tennis_data_uk,atp,2012,6,Australian Open,Melbourne,2012-01-22,grand_slam,True,hard,R16,16,5,Nadal R.,Lopez F.,2,19,9595,1755,3,0,6,4,6,4,6,2,,,,,completed,1.05,11.0,1.06,12.0,1.08,12.0,1.05,9.11,2012_6_melbourne_australian_open,2012_6_melbourne_australian_open_2012-01-22_R16_nadal_r_lopez_f
tennis_data_uk,atp,2012,6,Australian Open,Melbourne,2012-01-22,grand_slam,True,hard,R16,16,5,Berdych T.,Almagro N.,7,10,3700,2380,3,1,4,6,7,6,7,6,7,6,,,completed,1.22,4.33,1.19,5.69,1.26,5.69,1.22,4.19,2012_6_melbourne_australian_open,2012_6_melbourne_australian_open_2012-01-22_R16_berdych_t_almagro_n
tennis_data_uk,atp,2012,6,Australian Open,Melbourne,2012-01-22,grand_slam,True,hard,R16,16,5,Del Potro J.M.,Kohlschreiber P.,11,41,2315,1005,3,0,6,4,6,2,6,1,,,,,completed,1.18,4.5,1.17,6.16,1.22,7.0,1.18,4.71,2012_6_melbourne_australian_open,2012_6_melbourne_australian_open_2012-01-22_R16_del_potro_j_m_kohlschreiber_p
tennis_data_uk,atp,2012,6,Australian Open,Melbourne,2012-01-22,grand_slam,True,hard,R16,16,5,Federer R.,Tomic B.,3,38,8010,1048,3,0,6,4,6,2,6,2,,,,,completed,1.07,9.0,1.09,10.2,1.1,10.2,1.08,7.55,2012_6_melbourne_australian_open,2012_6_melbourne_australian_open_2012-01-22_R16_federer_r_tomic_b
tennis_data_uk,atp,2012,6,Australian Open,Melbourne,2012-01-23,grand_slam,True,hard,R16,16,5,Murray A.,Kukushkin M.,4,92,7380,598,2,0,6,1,6,1,1,0,,,,,retired,1.01,23.0,1.02,25.5,1.04,34.0,1.02,15.43,2012_6_melbourne_australian_open,2012_6_melbourne_australian_open_2012-01-23_R16_murray_a_kukushkin_m
tennis_data_uk,atp,2012,6,Australian Open,Melbourne,2012-01-23,grand_slam,True,hard,R16,16,5,Nishikori K.,Tsonga J.W.,26,6,1410,4335,3,2,2,6,6,2,6,1,3,6,6,3,completed,5.0,1.16,4.92,1.22,5.26,1.25,4.52,1.19,2012_6_melbourne_australian_open,2012_6_melbourne_australian_open_2012-01-23_R16_nishikori_k_tsonga_j_w
tennis_data_uk,atp,2012,6,Australian Open,Melbourne,2012-01-23,grand_slam,True,hard,R16,16,5,Ferrer D.,Gasquet R.,5,18,4925,1765,3,0,6,4,6,4,6,1,,,,,completed,1.44,2.75,1.57,2.61,1.57,2.88,1.47,2.64,2012_6_melbourne_australian_open,2012_6_melbourne_australian_open_2012-01-23_R16_ferrer_d_gasquet_r
tennis_data_uk,atp,2012,6,Australian Open,Melbourne,2012-01-23,grand_slam,True,hard,R16,16,5,Djokovic N.,Hewitt L.,1,181,13630,265,3,1,6,1,6,3,4,6,6,3,,,completed,1.01,21.0,1.03,21.0,1.03,26.79,1.02,14.46,2012_6_melbourne_australian_open,2012_6_melbourne_australian_open_2012-01-23_R16_djokovic_n_hewitt_l
tennis_data_uk,atp,2012,6,Australian Open,Melbourne,2012-01-24,grand_slam,True,hard,QF,8,5,Federer R.,Del Potro J.M.,3,11,8010,2315,3,0,6,4,6,3,6,2,,,,,completed,1.28,3.9,1.33,3.76,1.33,3.9,1.28,3.59,2012_6_melbourne_australian_open,2012_6_melbourne_australian_open_2012-01-24_QF_federer_r_del_potro_j_m
tennis_data_uk,atp,2012,6,Australian Open,Melbourne,2012-01-24,grand_slam,True,hard,QF,8,5,Nadal R.,Berdych T.,2,7,9595,3700,3,1,6,7,7,6,6,4,6,3,,,completed,1.22,4.6,1.24,4.75,1.25,4.8,1.22,4.17,2012_6_melbourne_australian_open,2012_6_melbourne_australian_open_2012-01-24_QF_nadal_r_berdych_t
tennis_data_uk,atp,2012,6,Australian Open,Melbourne,2012-01-25,grand_slam,True,hard,QF,8,5,Murray A.,Nishikori K.,4,26,7380,1410,3,0,6,3,6,3,6,1,,,,,completed,1.07,10.0,1.07,11.5,1.1,11.5,1.07,8.53,2012_6_melbourne_australian_open,2012_6_melbourne_australian_open_2012-01-25_QF_murray_a_nishikori_k
tennis_data_uk,atp,2012,6,Australian Open,Melbourne,2012-01-25,grand_slam,True,hard,QF,8,5,Djokovic N.,Ferrer D.,1,5,13630,4925,3,0,6,4,7,6,6,1,,,,,completed,1.1,8.0,1.12,8.01,1.12,9.0,1.09,7.16,2012_6_melbourne_australian_open,2012_6_melbourne_australian_open_2012-01-25_QF_djokovic_n_ferrer_d
tennis_data_uk,atp,2012,6,Australian Open,Melbourne,2012-01-26,grand_slam,True,hard,SF,4,5,Nadal R.,Federer R.,2,3,9595,8010,3,1,6,7,6,2,7,6,6,4,,,completed,2.5,1.57,2.47,1.64,2.75,1.67,2.33,1.59,2012_6_melbourne_australian_open,2012_6_melbourne_australian_open_2012-01-26_SF_nadal_r_federer_r
tennis_data_uk,atp,2012,6,Australian Open,Melbourne,2012-01-27,grand_slam,True,hard,SF,4,5,Djokovic N.,Murray A.,1,4,13630,7380,3,2,6,3,3,6,6,7,6,1,7,5,completed,1.36,3.3,1.39,3.37,1.44,3.4,1.36,3.1,2012_6_melbourne_australian_open,2012_6_melbourne_australian_open_2012-01-27_SF_djokovic_n_murray_a
tennis_data_uk,atp,2012,6,Australian Open,Melbourne,2012-01-29,grand_slam,True,hard,F,2,5,Djokovic N.,Nadal R.,1,2,13630,9595,3,2,5,7,6,4,6,2,6,7,7,5,completed,1.66,2.3,1.68,2.37,1.78,2.37,1.67,2.21,2012_6_melbourne_australian_open,2012_6_melbourne_australian_open_2012-01-29_F_djokovic_n_nadal_r
tennis_data_uk,atp,2012,7,Open Sud de France,Montpellier,2012-01-30,atp_250,False,hard,R32,32,3,Rufin G.,Pospisil V.,209,120,228,490,2,0,6,4,7,6,,,,,,,completed,2.62,1.44,2.55,1.57,2.66,1.62,2.52,1.5,2012_7_montpellier_open_sud_de_france,2012_7_montpellier_open_sud_de_france_2012-01-30_R32_rufin_g_pospisil_v
tennis_data_uk,atp,2012,7,Open Sud de France,Montpellier,2012-01-30,atp_250,False,hard,R32,32,3,Mayer F.,Muller G.,21,60,1585,793,2,0,7,6,6,3,,,,,,,completed,1.8,1.9,1.88,2.01,1.9,2.3,1.81,1.93,2012_7_montpellier_open_sud_de_france,2012_7_montpellier_open_sud_de_france_2012-01-30_R32_mayer_f_muller_g
tennis_data_uk,atp,2012,7,Open Sud de France,Montpellier,2012-01-30,atp_250,False,hard,R32,32,3,Davydenko N.,Robert S.,52,115,875,506,2,0,6,2,6,1,,,,,,,completed,1.33,3.25,1.32,3.7,1.36,3.89,1.3,3.37,2012_7_montpellier_open_sud_de_france,2012_7_montpellier_open_sud_de_france_2012-01-30_R32_davydenko_n_robert_s
tennis_data_uk,atp,2012,7,Open Sud de France,Montpellier,2012-01-31,atp_250,False,hard,R32,32,3,Kohlschreiber P.,Rochus O.,33,51,1140,899,2,0,6,1,6,4,,,,,,,completed,1.44,2.62,1.48,2.84,1.5,2.88,1.44,2.67,2012_7_montpellier_open_sud_de_france,2012_7_montpellier_open_sud_de_france_2012-01-31_R32_kohlschreiber_p_rochus_o
tennis_data_uk,atp,2012,7,Open Sud de France,Montpellier,2012-01-31,atp_250,False,hard,R32,32,3,Nieminen J.,Teixeira M.,50,163,908,314,2,1,6,3,3,6,6,4,,,,,completed,1.14,5.5,1.16,5.88,1.17,6.01,1.14,5.29,2012_7_montpellier_open_sud_de_france,2012_7_montpellier_open_sud_de_france_2012-01-31_R32_nieminen_j_teixeira_m
tennis_data_uk,atp,2012,7,Open Sud de France,Montpellier,2012-01-31,atp_250,False,hard,R32,32,3,Mathieu P.H.,Stebe C.M.,,72,3,688,2,0,6,4,6,4,,,,,,,completed,2.5,1.5,2.5,1.59,2.62,1.59,2.46,1.52,2012_7_montpellier_open_sud_de_france,2012_7_montpellier_open_sud_de_france_2012-01-31_R32_mathieu_p_h_stebe_c_m
tennis_data_uk,atp,2012,7,Open Sud de France,Montpellier,2012-01-31,atp_250,False,hard,R32,32,3,Roger-Vasselin E.,Bautista R.,98,165,592,310,2,0,7,5,6,2,,,,,,,completed,1.53,2.37,1.6,2.47,1.65,2.65,1.56,2.34,2012_7_montpellier_open_sud_de_france,2012_7_montpellier_open_sud_de_france_2012-01-31_R32_roger_vasselin_e_bautista_r
tennis_data_uk,atp,2012,7,Open Sud de France,Montpellier,2012-01-31,atp_250,False,hard,R32,32,3,Mahut N.,Ramos A.,78,66,673,724,2,0,6,3,6,2,,,,,,,completed,1.44,2.62,1.49,2.81,1.51,3.0,1.45,2.67,2012_7_montpellier_open_sud_de_france,2012_7_montpellier_open_sud_de_france_2012-01-31_R32_mahut_n_ramos_a
tennis_data_uk,atp,2012,7,Open Sud de France,Montpellier,2012-01-31,atp_250,False,hard,R32,32,3,Russell M.,Mannarino A.,110,101,531,563,2,0,6,3,7,5,,,,,,,completed,3.4,1.3,3.58,1.33,3.58,1.4,3.18,1.33,2012_7_montpellier_open_sud_de_france,2012_7_montpellier_open_sud_de_france_2012-01-31_R32_russell_m_mannarino_a
tennis_data_uk,atp,2012,7,Open Sud de France,Montpellier,2012-01-31,atp_250,False,hard,R32,32,3,Cipolla F.,Gicquel M.,75,147,680,364,2,1,1,6,6,4,7,5,,,,,completed,2.0,1.72,1.96,1.93,2.05,2.5,1.9,1.84,2012_7_montpellier_open_sud_de_france,2012_7_montpellier_open_sud_de_france_2012-01-31_R32_cipolla_f_gicquel_m
tennis_data_uk,atp,2012,7,Open Sud de France,Montpellier,2012-01-31,atp_250,False,hard,R32,32,3,Lopez F.,Kunitsyn I.,15,80,1890,657,2,0,6,4,7,6,,,,,,,completed,1.16,5.0,1.19,5.36,1.22,5.36,1.18,4.56,2012_7_montpellier_open_sud_de_france,2012_7_montpellier_open_sud_de_france_2012-01-31_R32_lopez_f_kunitsyn_i
tennis_data_uk,atp,2012,7,Open Sud de France,Montpellier,2012-01-31,atp_250,False,hard,R32,32,3,Serra F.,Kamke T.,142,91,377,613,2,0,6,3,6,3,,,,,,,completed,2.75,1.4,2.94,1.45,3.01,1.46,2.73,1.42,2012_7_montpellier_open_sud_de_france,2012_7_montpellier_open_sud_de_france_2012-01-31_R32_serra_f_kamke_t
tennis_data_uk,atp,2012,7,Open Sud de France,Montpellier,2012-02-01,atp_250,False,hard,R16,16,3,Rufin G.,Lopez F.,209,15,228,1890,2,0,7,6,6,3,,,,,,,completed,6.0,1.12,5.42,1.19,6.0,1.2,5.29,1.14,2012_7_montpellier_open_sud_de_france,2012_7_montpellier_open_sud_de_france_2012-02-01_R16_rufin_g_lopez_f
tennis_data_uk,atp,2012,7,Open Sud de France,Montpellier,2012-02-01,atp_250,False,hard,R16,16,3,Gasquet R.,Davydenko N.,16,52,1855,875,2,0,6,3,6,4,,,,,,,completed,1.28,3.5,1.33,3.7,1.35,4.1,1.3,3.41,2012_7_montpellier_open_sud_de_france,2012_7_montpellier_open_sud_de_france_2012-02-01_R16_gasquet_r_davydenko_n
tennis_data_uk,atp,2012,7,Open Sud de France,Montpellier,2012-02-01,atp_250,False,hard,R16,16,3,Kohlschreiber P.,Roger-Vasselin E.,33,98,1140,592,2,0,6,4,7,5,,,,,,,completed,1.33,3.25,1.38,3.31,1.4,3.4,1.34,3.16,2012_7_montpellier_open_sud_de_france,2012_7_montpellier_open_sud_de_france_2012-02-01_R16_kohlschreiber_p_roger_vasselin_e
tennis_data_uk,atp,2012,7,Open Sud de France,Montpellier,2012-02-01,atp_250,False,hard,R16,16,3,Simon G.,Cipolla F.,12,75,2005,680,2,0,6,3,6,2,,,,,,,completed,1.18,4.5,1.21,5.04,1.22,5.05,1.19,4.47,2012_7_montpellier_open_sud_de_france,2012_7_montpellier_open_sud_de_france_2012-02-01_R16_simon_g_cipolla_f
tennis_data_uk,atp,2012,7,Open Sud de France,Montpellier,2012-02-02,atp_250,False,hard,R16,16,3,Mahut N.,Mayer F.,78,21,673,1585,2,0,7,6,6,3,,,,,,,completed,2.25,1.57,2.29,1.7,2.3,1.72,2.2,1.63,2012_7_montpellier_open_sud_de_france,2012_7_montpellier_open_sud_de_france_2012-02-02_R16_mahut_n_mayer_f
tennis_data_uk,atp,2012,7,Open Sud de France,Montpellier,2012-02-02,atp_250,False,hard,R16,16,3,Berdych T.,Serra F.,7,142,3700,377,2,0,6,0,6,2,,,,,,,completed,1.08,8.0,1.13,7.04,1.15,9.0,1.09,6.77,2012_7_montpellier_open_sud_de_france,2012_7_montpellier_open_sud_de_france_2012-02-02_R16_berdych_t_serra_f
tennis_data_uk,atp,2012,7,Open Sud de France,Montpellier,2012-02-02,atp_250,False,hard,R16,16,3,Monfils G.,Russell M.,13,110,1970,531,2,0,6,3,6,3,,,,,,,completed,1.08,8.0,1.11,8.2,1.12,8.7,1.09,6.88,2012_7_montpellier_open_sud_de_france,2012_7_montpellier_open_sud_de_france_2012-02-02_R16_monfils_g_russell_m
tennis_data_uk,atp,2012,7,Open Sud de France,Montpellier,2012-02-02,atp_250,False,hard,R16,16,3,Nieminen J.,Mathieu P.H.,50,,908,3,2,0,7,6,6,1,,,,,,,completed,1.44,2.62,1.5,2.79,1.55,2.79,1.48,2.57,2012_7_montpellier_open_sud_de_france,2012_7_montpellier_open_sud_de_france_2012-02-02_R16_nieminen_j_mathieu_p_h
tennis_data_uk,atp,2012,7,Open Sud de France,Montpellier,2012-02-03,atp_250,False,hard,QF,8,3,Simon G.,Rufin G.,12,209,2005,228,2,1,7,6,6,7,6,2,,,,,completed,1.16,5.0,1.23,4.78,1.23,5.2,1.18,4.6,2012_7_montpellier_open_sud_de_france,2012_7_montpellier_open_sud_de_france_2012-02-03_QF_simon_g_rufin_g
tennis_data_uk,atp,2012,7,Open Sud de France,Montpellier,2012-02-03,atp_250,False,hard,QF,8,3,Berdych T.,Mahut N.,7,78,3700,673,2,0,6,3,6,4,,,,,,,completed,1.12,6.0,1.18,5.84,1.18,6.25,1.14,5.34,2012_7_montpellier_open_sud_de_france,2012_7_montpellier_open_sud_de_france_2012-02-03_QF_berdych_t_mahut_n
tennis_data_uk,atp,2012,7,Open Sud de France,Montpellier,2012-02-03,atp_250,False,hard,QF,8,3,Monfils G.,Nieminen J.,13,50,1970,908,2,0,6,3,6,3,,,,,,,completed,1.36,3.0,1.47,2.96,1.5,3.61,1.36,3.0,2012_7_montpellier_open_sud_de_france,2012_7_montpellier_open_sud_de_france_2012-02-03_QF_monfils_g_nieminen_j
tennis_data_uk,atp,2012,7,Open Sud de France,Montpellier,2012-02-03,atp_250,False,hard,QF,8,3,Kohlschreiber P.,Gasquet R.,33,16,1140,1855,2,1,6,2,3,6,6,3,,,,,completed,3.25,1.33,3.45,1.38,3.9,1.4,3.15,1.34,2012_7_montpellier_open_sud_de_france,2012_7_montpellier_open_sud_de_france_2012-02-03_QF_kohlschreiber_p_gasquet_r
tennis_data_uk,atp,2012,7,Open Sud de France,Montpellier,2012-02-04,atp_250,False,hard,SF,4,3,Monfils G.,Simon G.,13,12,1970,2005,2,1,4,6,7,6,6,4,,,,,completed,1.36,3.0,1.42,3.19,1.44,3.35,1.37,2.99,2012_7_montpellier_open_sud_de_france,2012_7_montpellier_open_sud_de_france_2012-02-04_SF_monfils_g_simon_g
tennis_data_uk,atp,2012,7,Open Sud de France,Montpellier,2012-02-04,atp_250,False,hard,SF,4,3,Berdych T.,Kohlschreiber P.,7,33,3700,1140,2,0,6,3,6,4,,,,,,,completed,1.18,4.5,1.3,3.97,1.3,4.5,1.22,4.06,2012_7_montpellier_open_sud_de_france,2012_7_montpellier_open_sud_de_france_2012-02-04_SF_berdych_t_kohlschreiber_p
tennis_data_uk,atp,2012,7,Open Sud de France,Montpellier,2012-02-05,atp_250,False,hard,F,2,3,Berdych T.,Monfils G.,7,13,3700,1970,2,1,6,2,4,6,6,3,,,,,completed,1.38,3.0,1.46,2.98,1.46,3.2,1.38,2.93,2012_7_montpellier_open_sud_de_france,2012_7_montpellier_open_sud_de_france_2012-02-05_F_berdych_t_monfils_g
tennis_data_uk,atp,2012,8,VTR Open,Vina del Mar,2012-01-30,atp_250,True,clay,R32,32,3,Souza J.,Volandri F.,108,70,539,696,2,1,1,6,7,5,7,6,,,,,completed,2.37,1.53,2.58,1.56,2.58,1.6,2.38,1.55,2012_8_vina_del_mar_vtr_open,2012_8_vina_del_mar_vtr_open_2012-01-30_R32_souza_j_volandri_f
tennis_data_uk,atp,2012,8,VTR Open,Vina del Mar,2012-01-30,atp_250,True,clay,R32,32,3,Mayer L.,Giraldo S.,79,54,659,845,2,0,7,6,6,1,,,,,,,completed,2.62,1.44,2.47,1.6,2.75,1.6,2.52,1.5,2012_8_vina_del_mar_vtr_open,2012_8_vina_del_mar_vtr_open_2012-01-30_R32_mayer_l_giraldo_s
tennis_data_uk,atp,2012,8,VTR Open,Vina del Mar,2012-01-31,atp_250,True,clay,R32,32,3,Andreev I.,Capdeville P.,126,130,459,438,2,1,3,6,6,3,6,4,,,,,completed,1.53,2.37,1.54,2.64,1.67,2.7,1.56,2.36,2012_8_vina_del_mar_vtr_open,2012_8_vina_del_mar_vtr_open_2012-01-31_R32_andreev_i_capdeville_p
tennis_data_uk,atp,2012,8,VTR Open,Vina del Mar,2012-01-31,atp_250,True,clay,R32,32,3,Gil F.,Lorenzi P.,99,106,582,544,2,1,6,3,5,7,6,1,,,,,completed,1.66,2.1,1.71,2.24,1.77,2.33,1.69,2.09,2012_8_vina_del_mar_vtr_open,2012_8_vina_del_mar_vtr_open_2012-01-31_R32_gil_f_lorenzi_p
tennis_data_uk,atp,2012,8,VTR Open,Vina del Mar,2012-01-31,atp_250,True,clay,R32,32,3,Berlocq C.,Gimeno-Traver D.,55,104,836,547,2,0,7,5,6,0,,,,,,,completed,1.25,3.75,1.28,3.99,1.33,3.99,1.28,3.56,2012_8_vina_del_mar_vtr_open,2012_8_vina_del_mar_vtr_open_2012-01-31_R32_berlocq_c_gimeno_traver_d
tennis_data_uk,atp,2012,8,VTR Open,Vina del Mar,2012-01-31,atp_250,True,clay,R32,32,3,Dutra Silva R.,Gonzalez M.,124,117,483,496,2,1,0,6,7,6,6,3,,,,,completed,2.37,1.53,2.37,1.65,2.53,1.65,2.37,1.55,2012_8_vina_del_mar_vtr_open,2012_8_vina_del_mar_vtr_open_2012-01-31_R32_dutra_silva_r_gonzalez_m
tennis_data_uk,atp,2012,8,VTR Open,Vina del Mar,2012-01-31,atp_250,True,clay,R32,32,3,Zeballos H.,Ungur A.,113,107,516,541,2,0,6,0,7,5,,,,,,,completed,1.66,2.1,1.67,2.32,1.75,2.35,1.66,2.15,2012_8_vina_del_mar_vtr_open,2012_8_vina_del_mar_vtr_open_2012-01-31_R32_zeballos_h_ungur_a
tennis_data_uk,atp,2012,8,VTR Open,Vina del Mar,2012-01-31,atp_250,True,clay,R32,32,3,Montanes A.,Ramirez-Hidalgo R.,53,66,860,724,2,0,6,2,6,4,,,,,,,completed,1.5,2.5,1.56,2.59,1.6,2.65,1.51,2.47,2012_8_vina_del_mar_vtr_open,2012_8_vina_del_mar_vtr_open_2012-01-31_R32_montanes_a_ramirez_hidalgo_r
tennis_data_uk,atp,2012,8,VTR Open,Vina del Mar,2012-01-31,atp_250,True,clay,R32,32,3,Chardy J.,Prodon E.,82,109,652,534,2,0,6,4,6,3,,,,,,,completed,1.25,3.75,1.33,3.62,1.36,3.75,1.29,3.46,2012_8_vina_del_mar_vtr_open,2012_8_vina_del_mar_vtr_open_2012-01-31_R32_chardy_j_prodon_e
tennis_data_uk,atp,2012,8,VTR Open,Vina del Mar,2012-01-31,atp_250,True,clay,R32,32,3,Junqueira D.,Mello R.,125,102,473,561,2,0,6,4,6,2,,,,,,,completed,2.2,1.61,2.7,1.52,2.7,1.75,2.18,1.64,2012_8_vina_del_mar_vtr_open,2012_8_vina_del_mar_vtr_open_2012-01-31_R32_junqueira_d_mello_r
tennis_data_uk,atp,2012,8,VTR Open,Vina del Mar,2012-01-31,atp_250,True,clay,R32,32,3,Gonzalez F.,Riba P.,290,92,155,612,2,0,6,4,6,4,,,,,,,completed,1.53,2.37,1.59,2.5,1.65,2.58,1.59,2.29,2012_8_vina_del_mar_vtr_open,2012_8_vina_del_mar_vtr_open_2012-01-31_R32_gonzalez_f_riba_p
tennis_data_uk,atp,2012,8,VTR Open,Vina del Mar,2012-02-01,atp_250,True,clay,R32,32,3,Del Bonis F.,Massu N.,172,503,289,63,2,0,6,0,6,3,,,,,,,completed,1.2,4.33,1.22,4.76,1.25,4.95,1.22,4.1,2012_8_vina_del_mar_vtr_open,2012_8_vina_del_mar_vtr_open_2012-02-01_R32_del_bonis_f_massu_n
tennis_data_uk,atp,2012,8,VTR Open,Vina del Mar,2012-02-01,atp_250,True,clay,R16,16,3,Montanes A.,Dutra Silva R.,53,124,860,483,2,0,7,5,6,2,,,,,,,completed,1.25,3.75,1.3,3.89,1.32,3.89,1.28,3.5,2012_8_vina_del_mar_vtr_open,2012_8_vina_del_mar_vtr_open_2012-02-01_R16_montanes_a_dutra_silva_r
tennis_data_uk,atp,2012,8,VTR Open,Vina del Mar,2012-02-01,atp_250,True,clay,R16,16,3,Chardy J.,Mayer L.,82,79,652,659,2,0,7,5,6,2,,,,,,,completed,1.8,1.9,2.06,1.85,2.2,2.0,1.88,1.85,2012_8_vina_del_mar_vtr_open,2012_8_vina_del_mar_vtr_open_2012-02-01_R16_chardy_j_mayer_l
tennis_data_uk,atp,2012,8,VTR Open,Vina del Mar,2012-02-01,atp_250,True,clay,R16,16,3,Gil F.,Andujar P.,99,44,582,955,2,0,6,2,6,1,,,,,,,completed,2.2,1.61,2.24,1.72,2.36,1.74,2.22,1.62,2012_8_vina_del_mar_vtr_open,2012_8_vina_del_mar_vtr_open_2012-02-01_R16_gil_f_andujar_p
tennis_data_uk,atp,2012,8,VTR Open,Vina del Mar,2012-02-02,atp_250,True,clay,R16,16,3,Monaco J.,Andreev I.,29,126,1300,459,2,0,6,2,6,1,,,,,,,completed,1.3,3.4,1.34,3.59,1.44,3.61,1.31,3.3,2012_8_vina_del_mar_vtr_open,2012_8_vina_del_mar_vtr_open_2012-02-02_R16_monaco_j_andreev_i
tennis_data_uk,atp,2012,8,VTR Open,Vina del Mar,2012-02-02,atp_250,True,clay,R16,16,3,Del Bonis F.,Bellucci T.,172,37,289,1060,2,0,6,2,7,5,,,,,,,completed,2.87,1.38,2.99,1.45,3.2,1.46,2.87,1.39,2012_8_vina_del_mar_vtr_open,2012_8_vina_del_mar_vtr_open_2012-02-02_R16_del_bonis_f_bellucci_t
tennis_data_uk,atp,2012,8,VTR Open,Vina del Mar,2012-02-02,atp_250,True,clay,R16,16,3,Berlocq C.,Junqueira D.,55,125,836,473,2,0,6,1,6,0,,,,,,,completed,1.25,3.75,1.26,4.34,1.3,4.5,1.25,3.79,2012_8_vina_del_mar_vtr_open,2012_8_vina_del_mar_vtr_open_2012-02-02_R16_berlocq_c_junqueira_d
tennis_data_uk,atp,2012,8,VTR Open,Vina del Mar,2012-02-02,atp_250,True,clay,R16,16,3,Souza J.,Gonzalez F.,108,290,539,155,2,0,6,3,7,6,,,,,,,completed,3.0,1.36,3.56,1.34,3.56,1.4,3.12,1.34,2012_8_vina_del_mar_vtr_open,2012_8_vina_del_mar_vtr_open_2012-02-02_R16_souza_j_gonzalez_f
tennis_data_uk,atp,2012,8,VTR Open,Vina del Mar,2012-02-02,atp_250,True,clay,R16,16,3,Chela J.I.,Zeballos H.,25,113,1350,516,2,0,6,4,7,6,,,,,,,completed,1.38,2.87,1.4,3.21,1.44,3.26,1.38,2.93,2012_8_vina_del_mar_vtr_open,2012_8_vina_del_mar_vtr_open_2012-02-02_R16_chela_j_i_zeballos_h
tennis_data_uk,atp,2012,8,VTR Open,Vina del Mar,2012-02-03,atp_250,True,clay,QF,8,3,Berlocq C.,Del Bonis F.,55,172,836,289,2,0,6,3,6,4,,,,,,,completed,1.36,3.0,1.46,2.98,1.46,3.1,1.4,2.85,2012_8_vina_del_mar_vtr_open,2012_8_vina_del_mar_vtr_open_2012-02-03_QF_berlocq_c_del_bonis_f
tennis_data_uk,atp,2012,8,VTR Open,Vina del Mar,2012-02-03,atp_250,True,clay,QF,8,3,Chela J.I.,Souza J.,25,108,1350,539,2,1,5,7,7,6,6,1,,,,,completed,1.25,3.75,1.37,3.41,1.4,4.5,1.27,3.62,2012_8_vina_del_mar_vtr_open,2012_8_vina_del_mar_vtr_open_2012-02-03_QF_chela_j_i_souza_j
tennis_data_uk,atp,2012,8,VTR Open,Vina del Mar,2012-02-03,atp_250,True,clay,QF,8,3,Chardy J.,Gil F.,82,99,652,582,2,0,6,2,7,6,,,,,,,completed,1.53,2.37,1.61,2.52,1.62,3.0,1.55,2.37,2012_8_vina_del_mar_vtr_open,2012_8_vina_del_mar_vtr_open_2012-02-03_QF_chardy_j_gil_f
tennis_data_uk,atp,2012,8,VTR Open,Vina del Mar,2012-02-04,atp_250,True,clay,QF,8,3,Monaco J.,Montanes A.,29,53,1300,860,2,1,3,6,6,1,6,1,,,,,completed,1.4,2.75,1.42,3.19,1.67,3.19,1.46,2.64,2012_8_vina_del_mar_vtr_open,2012_8_vina_del_mar_vtr_open_2012-02-04_QF_monaco_j_montanes_a
tennis_data_uk,atp,2012,8,VTR Open,Vina del Mar,2012-02-04,atp_250,True,clay,SF,4,3,Berlocq C.,Chela J.I.,55,25,836,1350,2,1,6,3,4,6,6,0,,,,,completed,1.44,2.62,1.52,2.78,1.57,2.78,1.51,2.51,2012_8_vina_del_mar_vtr_open,2012_8_vina_del_mar_vtr_open_2012-02-04_SF_berlocq_c_chela_j_i
tennis_data_uk,atp,2012,8,VTR Open,Vina del Mar,2012-02-05,atp_250,True,clay,SF,4,3,Monaco J.,Chardy J.,29,82,1300,652,2,0,6,1,6,4,,,,,,,completed,1.44,2.62,1.42,3.19,1.5,3.19,1.43,2.71,2012_8_vina_del_mar_vtr_open,2012_8_vina_del_mar_vtr_open_2012-02-05_SF_monaco_j_chardy_j
tennis_data_uk,atp,2012,8,VTR Open,Vina del Mar,2012-02-05,atp_250,True,clay,F,2,3,Monaco J.,Berlocq C.,29,55,1300,836,2,1,6,3,6,7,6,1,,,,,completed,1.44,2.75,1.56,2.64,1.56,2.8,1.47,2.62,2012_8_vina_del_mar_vtr_open,2012_8_vina_del_mar_vtr_open_2012-02-05_F_monaco_j_berlocq_c
tennis_data_uk,atp,2012,9,PBZ Zagreb Indoors,Zagreb,2012-01-30,atp_250,False,hard,R32,32,3,Lacko L.,Starace P.,97,58,596,800,2,1,7,6,6,7,6,3,,,,,completed,1.25,3.75,1.3,3.86,1.31,3.89,1.28,3.54,2012_9_zagreb_pbz_zagreb_indoors,2012_9_zagreb_pbz_zagreb_indoors_2012-01-30_R32_lacko_l_starace_p
tennis_data_uk,atp,2012,9,PBZ Zagreb Indoors,Zagreb,2012-01-30,atp_250,False,hard,R32,32,3,Bachinger M.,Van D. Merwe I.,93,118,602,491,2,0,6,3,6,3,,,,,,,completed,1.22,4.0,1.21,5.0,1.3,5.0,1.22,4.11,2012_9_zagreb_pbz_zagreb_indoors,2012_9_zagreb_pbz_zagreb_indoors_2012-01-30_R32_bachinger_m_van_d_merwe_i
tennis_data_uk,atp,2012,9,PBZ Zagreb Indoors,Zagreb,2012-01-30,atp_250,False,hard,R32,32,3,Ljubicic I.,Beck K.,32,100,1190,576,2,1,7,6,3,6,6,3,,,,,completed,1.14,5.5,1.19,5.31,1.2,5.67,1.16,4.89,2012_9_zagreb_pbz_zagreb_indoors,2012_9_zagreb_pbz_zagreb_indoors_2012-01-30_R32_ljubicic_i_beck_k
tennis_data_uk,atp,2012,9,PBZ Zagreb Indoors,Zagreb,2012-01-30,atp_250,False,hard,R32,32,3,Seppi A.,Brands D.,42,129,980,440,2,0,6,4,7,6,,,,,,,completed,1.22,4.0,1.27,4.17,1.3,4.17,1.25,3.77,2012_9_zagreb_pbz_zagreb_indoors,2012_9_zagreb_pbz_zagreb_indoors_2012-01-30_R32_seppi_a_brands_d
tennis_data_uk,atp,2012,9,PBZ Zagreb Indoors,Zagreb,2012-01-30,atp_250,False,hard,R32,32,3,Haase R.,Mesaros K.,62,295,781,153,2,0,6,2,6,3,,,,,,,completed,1.05,11.0,1.07,10.51,1.14,11.0,1.05,9.12,2012_9_zagreb_pbz_zagreb_indoors,2012_9_zagreb_pbz_zagreb_indoors_2012-01-30_R32_haase_r_mesaros_k
tennis_data_uk,atp,2012,9,PBZ Zagreb Indoors,Zagreb,2012-01-31,atp_250,False,hard,R32,32,3,Bogomolov A.,Marcan D.,35,354,1135,118,2,0,6,3,6,1,,,,,,,completed,1.04,13.0,1.06,11.63,1.08,14.0,1.05,9.45,2012_9_zagreb_pbz_zagreb_indoors,2012_9_zagreb_pbz_zagreb_indoors_2012-01-31_R32_bogomolov_a_marcan_d
tennis_data_uk,atp,2012,9,PBZ Zagreb Indoors,Zagreb,2012-01-31,atp_250,False,hard,R32,32,3,Berrer M.,Chiudinelli M.,105,198,547,243,2,0,7,6,6,1,,,,,,,completed,1.53,2.37,1.68,2.31,1.68,2.5,1.57,2.33,2012_9_zagreb_pbz_zagreb_indoors,2012_9_zagreb_pbz_zagreb_indoors_2012-01-31_R32_berrer_m_chiudinelli_m
tennis_data_uk,atp,2012,9,PBZ Zagreb Indoors,Zagreb,2012-01-31,atp_250,False,hard,R32,32,3,Kubot L.,Viola Mat.,61,148,787,362,2,0,6,2,6,1,,,,,,,completed,1.25,3.75,1.3,3.81,1.31,4.0,1.26,3.65,2012_9_zagreb_pbz_zagreb_indoors,2012_9_zagreb_pbz_zagreb_indoors_2012-01-31_R32_kubot_l_viola_mat
tennis_data_uk,atp,2012,9,PBZ Zagreb Indoors,Zagreb,2012-01-31,atp_250,False,hard,R32,32,3,Youzhny M.,Stakhovsky S.,39,67,1025,710,2,0,6,4,7,6,,,,,,,completed,1.5,2.5,1.5,2.76,1.56,2.86,1.46,2.59,2012_9_zagreb_pbz_zagreb_indoors,2012_9_zagreb_pbz_zagreb_indoors_2012-01-31_R32_youzhny_m_stakhovsky_s
tennis_data_uk,atp,2012,9,PBZ Zagreb Indoors,Zagreb,2012-01-31,atp_250,False,hard,R32,32,3,Melzer J.,Petzschner P.,41,56,1000,815,2,0,6,1,6,3,,,,,,,completed,1.72,2.0,1.79,2.12,1.87,2.3,1.75,2.01,2012_9_zagreb_pbz_zagreb_indoors,2012_9_zagreb_pbz_zagreb_indoors_2012-01-31_R32_melzer_j_petzschner_p
tennis_data_uk,atp,2012,9,PBZ Zagreb Indoors,Zagreb,2012-01-31,atp_250,False,hard,R32,32,3,Karlovic I.,Kavcic B.,46,111,922,527,2,0,7,6,6,3,,,,,,,completed,1.25,3.75,1.27,4.13,1.32,4.13,1.27,3.56,2012_9_zagreb_pbz_zagreb_indoors,2012_9_zagreb_pbz_zagreb_indoors_2012-01-31_R32_karlovic_i_kavcic_b
tennis_data_uk,atp,2012,9,PBZ Zagreb Indoors,Zagreb,2012-01-31,atp_250,False,hard,R32,32,3,Baghdatis M.,Rosol L.,45,81,940,656,2,1,4,6,6,3,6,3,,,,,completed,1.11,6.5,1.17,5.81,1.18,7.0,1.13,5.65,2012_9_zagreb_pbz_zagreb_indoors,2012_9_zagreb_pbz_zagreb_indoors_2012-01-31_R32_baghdatis_m_rosol_l
tennis_data_uk,atp,2012,9,PBZ Zagreb Indoors,Zagreb,2012-02-01,atp_250,False,hard,R32,32,3,Garcia-Lopez G.,Evans D.,77,296,675,152,2,1,6,4,1,6,6,1,,,,,completed,1.36,3.0,1.52,2.7,1.52,3.25,1.38,2.91,2012_9_zagreb_pbz_zagreb_indoors,2012_9_zagreb_pbz_zagreb_indoors_2012-02-01_R32_garcia_lopez_g_evans_d
tennis_data_uk,atp,2012,9,PBZ Zagreb Indoors,Zagreb,2012-02-01,atp_250,False,hard,R32,32,3,Sela D.,Beck A.,73,87,685,628,2,1,3,6,6,3,6,2,,,,,completed,1.57,2.25,1.7,2.27,1.7,2.43,1.6,2.27,2012_9_zagreb_pbz_zagreb_indoors,2012_9_zagreb_pbz_zagreb_indoors_2012-02-01_R32_sela_d_beck_a
tennis_data_uk,atp,2012,9,PBZ Zagreb Indoors,Zagreb,2012-02-01,atp_250,False,hard,R32,32,3,Zemlja G.,Veic A.,121,173,490,287,2,0,7,6,7,6,,,,,,,completed,1.4,2.75,1.4,3.18,1.54,3.2,1.41,2.79,2012_9_zagreb_pbz_zagreb_indoors,2012_9_zagreb_pbz_zagreb_indoors_2012-02-01_R32_zemlja_g_veic_a
tennis_data_uk,atp,2012,9,PBZ Zagreb Indoors,Zagreb,2012-02-01,atp_250,False,hard,R32,32,3,Dodig I.,Ilhan M.,38,114,1030,513,2,0,7,6,7,5,,,,,,,completed,1.36,3.0,1.41,3.1,1.41,3.31,1.37,2.98,2012_9_zagreb_pbz_zagreb_indoors,2012_9_zagreb_pbz_zagreb_indoors_2012-02-01_R32_dodig_i_ilhan_m
tennis_data_uk,atp,2012,9,PBZ Zagreb Indoors,Zagreb,2012-02-01,atp_250,False,hard,R16,16,3,Haase R.,Bachinger M.,62,93,781,602,2,1,7,6,3,6,6,3,,,,,completed,1.4,2.75,1.49,2.84,1.49,2.9,1.43,2.7,2012_9_zagreb_pbz_zagreb_indoors,2012_9_zagreb_pbz_zagreb_indoors_2012-02-01_R16_haase_r_bachinger_m
tennis_data_uk,atp,2012,9,PBZ Zagreb Indoors,Zagreb,2012-02-01,atp_250,False,hard,R16,16,3,Melzer J.,Seppi A.,41,42,1000,980,2,0,6,2,6,3,,,,,,,completed,1.5,2.5,1.61,2.48,1.61,2.7,1.51,2.47,2012_9_zagreb_pbz_zagreb_indoors,2012_9_zagreb_pbz_zagreb_indoors_2012-02-01_R16_melzer_j_seppi_a
tennis_data_uk,atp,2012,9,PBZ Zagreb Indoors,Zagreb,2012-02-01,atp_250,False,hard,R16,16,3,Berrer M.,Ljubicic I.,105,32,547,1190,2,0,6,4,6,4,,,,,,,completed,2.37,1.53,2.75,1.51,2.75,1.62,2.38,1.54,2012_9_zagreb_pbz_zagreb_indoors,2012_9_zagreb_pbz_zagreb_indoors_2012-02-01_R16_berrer_m_ljubicic_i
tennis_data_uk,atp,2012,9,PBZ Zagreb Indoors,Zagreb,2012-02-02,atp_250,False,hard,R16,16,3,Baghdatis M.,Kubot L.,45,61,940,787,2,0,6,4,6,2,,,,,,,completed,1.25,3.75,1.32,3.77,1.32,4.19,1.27,3.59,2012_9_zagreb_pbz_zagreb_indoors,2012_9_zagreb_pbz_zagreb_indoors_2012-02-02_R16_baghdatis_m_kubot_l
tennis_data_uk,atp,2012,9,PBZ Zagreb Indoors,Zagreb,2012-02-02,atp_250,False,hard,R16,16,3,Lacko L.,Bogomolov A.,97,35,596,1135,2,1,6,0,6,7,6,1,,,,,completed,1.72,2.0,1.8,2.13,2.0,2.23,1.82,1.92,2012_9_zagreb_pbz_zagreb_indoors,2012_9_zagreb_pbz_zagreb_indoors_2012-02-02_R16_lacko_l_bogomolov_a
tennis_data_uk,atp,2012,9,PBZ Zagreb Indoors,Zagreb,2012-02-02,atp_250,False,hard,R16,16,3,Youzhny M.,Zemlja G.,39,121,1025,490,2,0,6,1,6,3,,,,,,,completed,1.2,4.33,1.23,4.7,1.26,4.7,1.23,3.98,2012_9_zagreb_pbz_zagreb_indoors,2012_9_zagreb_pbz_zagreb_indoors_2012-02-02_R16_youzhny_m_zemlja_g
tennis_data_uk,atp,2012,9,PBZ Zagreb Indoors,Zagreb,2012-02-02,atp_250,False,hard,R16,16,3,Dodig I.,Garcia-Lopez G.,38,77,1030,675,2,1,4,6,6,4,6,4,,,,,completed,1.5,2.5,1.68,2.34,1.68,3.75,1.53,2.42,2012_9_zagreb_pbz_zagreb_indoors,2012_9_zagreb_pbz_zagreb_indoors_2012-02-02_R16_dodig_i_garcia_lopez_g
tennis_data_uk,atp,2012,9,PBZ Zagreb Indoors,Zagreb,2012-02-02,atp_250,False,hard,R16,16,3,Karlovic I.,Sela D.,46,73,922,685,2,0,6,3,6,2,,,,,,,completed,1.33,3.25,1.3,3.94,1.37,4.0,1.3,3.39,2012_9_zagreb_pbz_zagreb_indoors,2012_9_zagreb_pbz_zagreb_indoors_2012-02-02_R16_karlovic_i_sela_d
tennis_data_uk,atp,2012,9,PBZ Zagreb Indoors,Zagreb,2012-02-03,atp_250,False,hard,QF,8,3,Lacko L.,Haase R.,97,62,596,781,2,0,6,4,6,4,,,,,,,completed,1.83,1.83,1.92,2.01,1.95,2.11,1.85,1.89,2012_9_zagreb_pbz_zagreb_indoors,2012_9_zagreb_pbz_zagreb_indoors_2012-02-03_QF_lacko_l_haase_r
tennis_data_uk,atp,2012,9,PBZ Zagreb Indoors,Zagreb,2012-02-03,atp_250,False,hard,QF,8,3,Berrer M.,Melzer J.,105,41,547,1000,2,1,5,7,6,4,6,4,,,,,completed,3.25,1.33,3.5,1.36,3.5,1.4,3.11,1.34,2012_9_zagreb_pbz_zagreb_indoors,2012_9_zagreb_pbz_zagreb_indoors_2012-02-03_QF_berrer_m_melzer_j
tennis_data_uk,atp,2012,9,PBZ Zagreb Indoors,Zagreb,2012-02-03,atp_250,False,hard,QF,8,3,Youzhny M.,Karlovic I.,39,46,1025,922,2,1,7,6,3,6,7,6,,,,,completed,1.8,1.9,1.88,2.04,2.0,2.05,1.86,1.88,2012_9_zagreb_pbz_zagreb_indoors,2012_9_zagreb_pbz_zagreb_indoors_2012-02-03_QF_youzhny_m_karlovic_i
tennis_data_uk,atp,2012,9,PBZ Zagreb Indoors,Zagreb,2012-02-03,atp_250,False,hard,QF,8,3,Baghdatis M.,Dodig I.,45,38,940,1030,2,0,6,4,7,5,,,,,,,completed,1.28,3.5,1.36,3.54,1.43,3.57,1.34,3.16,2012_9_zagreb_pbz_zagreb_indoors,2012_9_zagreb_pbz_zagreb_indoors_2012-02-03_QF_baghdatis_m_dodig_i
tennis_data_uk,atp,2012,9,PBZ Zagreb Indoors,Zagreb,2012-02-04,atp_250,False,hard,SF,4,3,Youzhny M.,Berrer M.,39,105,1025,547,2,0,6,3,6,4,,,,,,,completed,1.4,2.75,1.43,3.11,1.5,3.13,1.42,2.75,2012_9_zagreb_pbz_zagreb_indoors,2012_9_zagreb_pbz_zagreb_indoors_2012-02-04_SF_youzhny_m_berrer_m
tennis_data_uk,atp,2012,9,PBZ Zagreb Indoors,Zagreb,2012-02-04,atp_250,False,hard,SF,4,3,Lacko L.,Baghdatis M.,97,45,596,940,2,0,7,5,7,6,,,,,,,completed,2.62,1.44,2.79,1.51,2.79,1.59,2.56,1.48,2012_9_zagreb_pbz_zagreb_indoors,2012_9_zagreb_pbz_zagreb_indoors_2012-02-04_SF_lacko_l_baghdatis_m
tennis_data_uk,atp,2012,9,PBZ Zagreb Indoors,Zagreb,2012-02-05,atp_250,False,hard,F,2,3,Youzhny M.,Lacko L.,39,97,1025,596,2,0,6,2,6,3,,,,,,,completed,1.57,2.37,1.66,2.39,1.67,2.45,1.61,2.26,2012_9_zagreb_pbz_zagreb_indoors,2012_9_zagreb_pbz_zagreb_indoors_2012-02-05_F_youzhny_m_lacko_l
tennis_data_uk,atp,2012,10,ABN AMRO World Tennis Tournament,Rotterdam,2012-02-13,atp_500,False,hard,R32,32,3,Gasquet R.,Cipolla F.,16,86,1855,620,2,1,6,3,1,6,6,1,,,,,completed,1.07,9.0,1.08,9.2,1.12,9.55,1.08,7.45,2012_10_rotterdam_abn_amro_world_tennis_tournament,2012_10_rotterdam_abn_amro_world_tennis_tournament_2012-02-13_R32_gasquet_r_cipolla_f
tennis_data_uk,atp,2012,10,ABN AMRO World Tennis Tournament,Rotterdam,2012-02-13,atp_500,False,hard,R32,32,3,Mathieu P.H.,Lopez F.,733,15,20,1890,2,1,4,6,7,6,6,4,,,,,completed,2.37,1.53,2.3,1.68,2.5,1.68,2.34,1.57,2012_10_rotterdam_abn_amro_world_tennis_tournament,2012_10_rotterdam_abn_amro_world_tennis_tournament_2012-02-13_R32_mathieu_p_h_lopez_f
tennis_data_uk,atp,2012,10,ABN AMRO World Tennis Tournament,Rotterdam,2012-02-13,atp_500,False,hard,R32,32,3,Huta Galung J.,Ljubicic I.,232,41,199,985,2,0,7,6,6,3,,,,,,,completed,2.5,1.5,2.59,1.56,2.75,1.58,2.55,1.49,2012_10_rotterdam_abn_amro_world_tennis_tournament,2012_10_rotterdam_abn_amro_world_tennis_tournament_2012-02-13_R32_huta_galung_j_ljubicic_i
tennis_data_uk,atp,2012,10,ABN AMRO World Tennis Tournament,Rotterdam,2012-02-13,atp_500,False,hard,R32,32,3,Kubot L.,Dolgopolov O.,58,19,787,1655,2,1,6,7,6,4,6,2,,,,,completed,2.62,1.44,2.87,1.47,3.01,1.54,2.67,1.45,2012_10_rotterdam_abn_amro_world_tennis_tournament,2012_10_rotterdam_abn_amro_world_tennis_tournament_2012-02-13_R32_kubot_l_dolgopolov_o
tennis_data_uk,atp,2012,10,ABN AMRO World Tennis Tournament,Rotterdam,2012-02-14,atp_500,False,hard,R32,32,3,Seppi A.,De Voest R.,45,122,935,452,2,1,1,6,7,6,6,2,,,,,completed,1.33,3.25,1.36,3.37,1.5,3.52,1.35,3.13,2012_10_rotterdam_abn_amro_world_tennis_tournament,2012_10_rotterdam_abn_amro_world_tennis_tournament_2012-02-14_R32_seppi_a_de_voest_r
tennis_data_uk,atp,2012,10,ABN AMRO World Tennis Tournament,Rotterdam,2012-02-14,atp_500,False,hard,R32,32,3,Nieminen J.,Sijsling I.,46,151,933,355,2,1,6,1,6,7,7,5,,,,,completed,1.57,2.25,1.55,2.6,1.67,2.61,1.58,2.31,2012_10_rotterdam_abn_amro_world_tennis_tournament,2012_10_rotterdam_abn_amro_world_tennis_tournament_2012-02-14_R32_nieminen_j_sijsling_i
tennis_data_uk,atp,2012,10,ABN AMRO World Tennis Tournament,Rotterdam,2012-02-14,atp_500,False,hard,R32,32,3,Kohlschreiber P.,Granollers M.,30,25,1185,1350,2,1,6,1,1,6,6,4,,,,,completed,1.4,2.75,1.57,2.54,1.57,2.87,1.46,2.64,2012_10_rotterdam_abn_amro_world_tennis_tournament,2012_10_rotterdam_abn_amro_world_tennis_tournament_2012-02-14_R32_kohlschreiber_p_granollers_m
tennis_data_uk,atp,2012,10,ABN AMRO World Tennis Tournament,Rotterdam,2012-02-14,atp_500,False,hard,R32,32,3,Troicki V.,De Bakker T.,24,245,1370,189,2,0,7,6,6,0,,,,,,,completed,1.25,3.75,1.3,3.86,1.33,4.0,1.28,3.59,2012_10_rotterdam_abn_amro_world_tennis_tournament,2012_10_rotterdam_abn_amro_world_tennis_tournament_2012-02-14_R32_troicki_v_de_bakker_t
tennis_data_uk,atp,2012,10,ABN AMRO World Tennis Tournament,Rotterdam,2012-02-14,atp_500,False,hard,R32,32,3,Davydenko N.,Haase R.,49,54,875,826,2,0,7,5,6,2,,,,,,,completed,2.2,1.61,2.26,1.7,2.48,1.7,2.22,1.63,2012_10_rotterdam_abn_amro_world_tennis_tournament,2012_10_rotterdam_abn_amro_world_tennis_tournament_2012-02-14_R32_davydenko_n_haase_r
tennis_data_uk,atp,2012,10,ABN AMRO World Tennis Tournament,Rotterdam,2012-02-14,atp_500,False,hard,R32,32,3,Youzhny M.,Kunitsyn I.,31,79,1185,647,2,1,6,0,6,7,6,0,,,,,completed,1.44,2.62,1.46,2.92,1.51,3.01,1.45,2.67,2012_10_rotterdam_abn_amro_world_tennis_tournament,2012_10_rotterdam_abn_amro_world_tennis_tournament_2012-02-14_R32_youzhny_m_kunitsyn_i
tennis_data_uk,atp,2012,10,ABN AMRO World Tennis Tournament,Rotterdam,2012-02-15,atp_500,False,hard,R32,32,3,Baghdatis M.,Bachinger M.,44,95,940,593,2,0,7,6,6,2,,,,,,,completed,1.16,5.0,1.22,4.76,1.25,5.0,1.19,4.52,2012_10_rotterdam_abn_amro_world_tennis_tournament,2012_10_rotterdam_abn_amro_world_tennis_tournament_2012-02-15_R32_baghdatis_m_bachinger_m
tennis_data_uk,atp,2012,10,ABN AMRO World Tennis Tournament,Rotterdam,2012-02-15,atp_500,False,hard,R32,32,3,Berdych T.,Rosol L.,7,77,3815,656,2,0,6,4,6,2,,,,,,,completed,1.03,15.0,1.04,13.71,1.06,16.94,1.03,11.28,2012_10_rotterdam_abn_amro_world_tennis_tournament,2012_10_rotterdam_abn_amro_world_tennis_tournament_2012-02-15_R32_berdych_t_rosol_l
tennis_data_uk,atp,2012,10,ABN AMRO World Tennis Tournament,Rotterdam,2012-02-15,atp_500,False,hard,R32,32,3,Bogomolov A.,Stakhovsky S.,33,66,1123,710,1,0,6,3,0,1,,,,,,,retired,2.2,1.61,2.2,1.74,2.33,1.78,2.16,1.66,2012_10_rotterdam_abn_amro_world_tennis_tournament,2012_10_rotterdam_abn_amro_world_tennis_tournament_2012-02-15_R32_bogomolov_a_stakhovsky_s
tennis_data_uk,atp,2012,10,ABN AMRO World Tennis Tournament,Rotterdam,2012-02-15,atp_500,False,hard,R32,32,3,Del Potro J.M.,Llodra M.,10,47,2585,915,2,1,6,4,6,7,6,4,,,,,completed,1.18,4.5,1.15,6.16,1.2,6.16,1.17,4.8,2012_10_rotterdam_abn_amro_world_tennis_tournament,2012_10_rotterdam_abn_amro_world_tennis_tournament_2012-02-15_R32_del_potro_j_m_llodra_m
tennis_data_uk,atp,2012,10,ABN AMRO World Tennis Tournament,Rotterdam,2012-02-15,atp_500,False,hard,R32,32,3,Beck K.,Petzschner P.,105,56,531,815,2,0,7,6,6,3,,,,,,,completed,3.0,1.36,2.99,1.44,3.01,1.45,2.81,1.41,2012_10_rotterdam_abn_amro_world_tennis_tournament,2012_10_rotterdam_abn_amro_world_tennis_tournament_2012-02-15_R32_beck_k_petzschner_p
tennis_data_uk,atp,2012,10,ABN AMRO World Tennis Tournament,Rotterdam,2012-02-15,atp_500,False,hard,R32,32,3,Federer R.,Mahut N.,3,83,8010,638,2,0,6,4,6,4,,,,,,,completed,1.04,13.0,1.03,15.56,1.06,15.56,1.03,10.97,2012_10_rotterdam_abn_amro_world_tennis_tournament,2012_10_rotterdam_abn_amro_world_tennis_tournament_2012-02-15_R32_federer_r_mahut_n
tennis_data_uk,atp,2012,10,ABN AMRO World Tennis Tournament,Rotterdam,2012-02-15,atp_500,False,hard,R16,16,3,Nieminen J.,Kubot L.,46,58,933,787,2,1,6,3,5,7,7,6,,,,,completed,1.44,2.62,1.47,2.9,1.52,2.9,1.47,2.61,2012_10_rotterdam_abn_amro_world_tennis_tournament,2012_10_rotterdam_abn_amro_world_tennis_tournament_2012-02-15_R16_nieminen_j_kubot_l
tennis_data_uk,atp,2012,10,ABN AMRO World Tennis Tournament,Rotterdam,2012-02-15,atp_500,False,hard,R16,16,3,Davydenko N.,Mathieu P.H.,49,733,875,20,2,1,6,4,6,7,6,1,,,,,completed,1.66,2.1,1.64,2.41,1.76,2.41,1.68,2.14,2012_10_rotterdam_abn_amro_world_tennis_tournament,2012_10_rotterdam_abn_amro_world_tennis_tournament_2012-02-15_R16_davydenko_n_mathieu_p_h
tennis_data_uk,atp,2012,10,ABN AMRO World Tennis Tournament,Rotterdam,2012-02-16,atp_500,False,hard,R16,16,3,Federer R.,Youzhny M.,3,31,8010,1185,,,,,,,,,,,,,walkover,1.08,8.0,,,1.1,8.0,1.08,6.85,2012_10_rotterdam_abn_amro_world_tennis_tournament,2012_10_rotterdam_abn_amro_world_tennis_tournament_2012-02-16_R16_federer_r_youzhny_m
tennis_data_uk,atp,2012,10,ABN AMRO World Tennis Tournament,Rotterdam,2012-02-16,atp_500,False,hard,R16,16,3,Seppi A.,Kohlschreiber P.,45,30,935,1185,2,0,6,4,6,2,,,,,,,completed,2.62,1.44,2.73,1.52,3.1,1.59,2.49,1.51,2012_10_rotterdam_abn_amro_world_tennis_tournament,2012_10_rotterdam_abn_amro_world_tennis_tournament_2012-02-16_R16_seppi_a_kohlschreiber_p
tennis_data_uk,atp,2012,10,ABN AMRO World Tennis Tournament,Rotterdam,2012-02-16,atp_500,False,hard,R16,16,3,Gasquet R.,Bogomolov A.,16,33,1855,1123,2,0,6,3,6,2,,,,,,,completed,1.2,4.33,1.22,4.93,1.27,4.93,1.22,4.14,2012_10_rotterdam_abn_amro_world_tennis_tournament,2012_10_rotterdam_abn_amro_world_tennis_tournament_2012-02-16_R16_gasquet_r_bogomolov_a
tennis_data_uk,atp,2012,10,ABN AMRO World Tennis Tournament,Rotterdam,2012-02-16,atp_500,False,hard,R16,16,3,Berdych T.,Baghdatis M.,7,44,3815,940,0,0,3,0,,,,,,,,,retired,1.22,4.0,1.31,3.79,1.33,4.14,1.27,3.65,2012_10_rotterdam_abn_amro_world_tennis_tournament,2012_10_rotterdam_abn_amro_world_tennis_tournament_2012-02-16_R16_berdych_t_baghdatis_m
tennis_data_uk,atp,2012,10,ABN AMRO World Tennis Tournament,Rotterdam,2012-02-16,atp_500,False,hard,R16,16,3,Del Potro J.M.,Beck K.,10,105,2585,531,2,0,6,4,7,5,,,,,,,completed,1.05,11.0,1.05,13.0,1.06,16.05,1.04,10.34,2012_10_rotterdam_abn_amro_world_tennis_tournament,2012_10_rotterdam_abn_amro_world_tennis_tournament_2012-02-16_R16_del_potro_j_m_beck_k
tennis_data_uk,atp,2012,10,ABN AMRO World Tennis Tournament,Rotterdam,2012-02-16,atp_500,False,hard,R16,16,3,Troicki V.,Huta Galung J.,24,232,1370,199,2,0,7,6,6,3,,,,,,,completed,1.33,3.25,1.38,3.35,1.38,3.54,1.31,3.33,2012_10_rotterdam_abn_amro_world_tennis_tournament,2012_10_rotterdam_abn_amro_world_tennis_tournament_2012-02-16_R16_troicki_v_huta_galung_j
tennis_data_uk,atp,2012,10,ABN AMRO World Tennis Tournament,Rotterdam,2012-02-17,atp_500,False,hard,QF,8,3,Berdych T.,Seppi A.,7,45,3815,935,2,0,6,3,6,4,,,,,,,completed,1.08,8.0,1.14,7.1,1.14,8.0,1.1,6.5,2012_10_rotterdam_abn_amro_world_tennis_tournament,2012_10_rotterdam_abn_amro_world_tennis_tournament_2012-02-17_QF_berdych_t_seppi_a
tennis_data_uk,atp,2012,10,ABN AMRO World Tennis Tournament,Rotterdam,2012-02-17,atp_500,False,hard,QF,8,3,Del Potro J.M.,Troicki V.,10,24,2585,1370,2,0,6,0,6,1,,,,,,,completed,1.18,4.5,1.26,4.47,1.27,4.5,1.24,3.9,2012_10_rotterdam_abn_amro_world_tennis_tournament,2012_10_rotterdam_abn_amro_world_tennis_tournament_2012-02-17_QF_del_potro_j_m_troicki_v
tennis_data_uk,atp,2012,10,ABN AMRO World Tennis Tournament,Rotterdam,2012-02-17,atp_500,False,hard,QF,8,3,Federer R.,Nieminen J.,3,46,8010,933,2,0,7,5,7,6,,,,,,,completed,1.05,11.0,1.06,13.0,1.07,13.6,1.06,9.15,2012_10_rotterdam_abn_amro_world_tennis_tournament,2012_10_rotterdam_abn_amro_world_tennis_tournament_2012-02-17_QF_federer_r_nieminen_j
tennis_data_uk,atp,2012,10,ABN AMRO World Tennis Tournament,Rotterdam,2012-02-17,atp_500,False,hard,QF,8,3,Davydenko N.,Gasquet R.,49,16,875,1855,2,0,7,5,6,3,,,,,,,completed,3.0,1.36,3.14,1.43,3.25,1.43,3.03,1.37,2012_10_rotterdam_abn_amro_world_tennis_tournament,2012_10_rotterdam_abn_amro_world_tennis_tournament_2012-02-17_QF_davydenko_n_gasquet_r
tennis_data_uk,atp,2012,10,ABN AMRO World Tennis Tournament,Rotterdam,2012-02-18,atp_500,False,hard,SF,4,3,Del Potro J.M.,Berdych T.,10,7,2585,3815,2,0,6,3,6,1,,,,,,,completed,2.1,1.66,2.15,1.8,2.2,1.83,2.1,1.71,2012_10_rotterdam_abn_amro_world_tennis_tournament,2012_10_rotterdam_abn_amro_world_tennis_tournament_2012-02-18_SF_del_potro_j_m_berdych_t
tennis_data_uk,atp,2012,10,ABN AMRO World Tennis Tournament,Rotterdam,2012-02-18,atp_500,False,hard,SF,4,3,Federer R.,Davydenko N.,3,49,8010,875,2,1,4,6,6,3,6,4,,,,,completed,1.1,7.0,1.13,7.87,1.13,7.87,1.11,6.42,2012_10_rotterdam_abn_amro_world_tennis_tournament,2012_10_rotterdam_abn_amro_world_tennis_tournament_2012-02-18_SF_federer_r_davydenko_n
tennis_data_uk,atp,2012,10,ABN AMRO World Tennis Tournament,Rotterdam,2012-02-19,atp_500,False,hard,F,2,3,Federer R.,Del Potro J.M.,3,10,8010,2585,2,0,6,1,6,4,,,,,,,completed,1.61,2.25,1.68,2.36,1.7,2.38,1.64,2.23,2012_10_rotterdam_abn_amro_world_tennis_tournament,2012_10_rotterdam_abn_amro_world_tennis_tournament_2012-02-19_F_federer_r_del_potro_j_m
tennis_data_uk,atp,2012,11,SAP Open,San Jose,2012-02-13,atp_250,False,hard,R32,32,3,Kamke T.,Van Der Merwe I.,89,129,613,436,2,0,6,3,6,3,,,,,,,completed,1.25,3.75,1.29,3.94,1.34,4.1,1.27,3.58,2012_11_san_jose_sap_open,2012_11_san_jose_sap_open_2012-02-13_R32_kamke_t_van_der_merwe_i
tennis_data_uk,atp,2012,11,SAP Open,San Jose,2012-02-14,atp_250,False,hard,R32,32,3,Anderson K.,Dimitrov G.,35,82,1065,641,2,1,2,6,7,6,7,6,,,,,completed,1.66,2.1,1.72,2.23,1.76,2.3,1.67,2.14,2012_11_san_jose_sap_open,2012_11_san_jose_sap_open_2012-02-14_R32_anderson_k_dimitrov_g
tennis_data_uk,atp,2012,11,SAP Open,San Jose,2012-02-14,atp_250,False,hard,R32,32,3,Kutrovsky D.,Lajola D.,438,719,81,22,2,1,6,7,6,3,7,6,,,,,completed,1.53,2.37,1.63,2.4,1.67,2.5,1.6,2.27,2012_11_san_jose_sap_open,2012_11_san_jose_sap_open_2012-02-14_R32_kutrovsky_d_lajola_d
tennis_data_uk,atp,2012,11,SAP Open,San Jose,2012-02-14,atp_250,False,hard,R32,32,3,Muller G.,Smyczek T.,70,301,690,143,2,1,2,6,7,6,6,3,,,,,completed,1.61,2.2,1.69,2.29,1.73,2.38,1.66,2.17,2012_11_san_jose_sap_open,2012_11_san_jose_sap_open_2012-02-14_R32_muller_g_smyczek_t
tennis_data_uk,atp,2012,11,SAP Open,San Jose,2012-02-14,atp_250,False,hard,R32,32,3,Kudla D.,Sock J.,203,308,237,140,2,1,6,4,6,7,6,3,,,,,completed,1.8,1.9,1.93,1.96,1.98,2.88,1.83,1.94,2012_11_san_jose_sap_open,2012_11_san_jose_sap_open_2012-02-14_R32_kudla_d_sock_j
tennis_data_uk,atp,2012,11,SAP Open,San Jose,2012-02-15,atp_250,False,hard,R32,32,3,Darcis S.,Johnson S.,72,365,687,110,2,0,7,6,7,6,,,,,,,completed,1.25,3.75,1.42,3.09,1.42,3.8,1.31,3.44,2012_11_san_jose_sap_open,2012_11_san_jose_sap_open_2012-02-15_R32_darcis_s_johnson_s
tennis_data_uk,atp,2012,11,SAP Open,San Jose,2012-02-15,atp_250,False,hard,R32,32,3,Ginepri R.,Malisse X.,235,74,196,680,2,0,6,1,6,2,,,,,,,completed,1.83,1.83,1.85,2.04,2.0,2.08,1.88,1.87,2012_11_san_jose_sap_open,2012_11_san_jose_sap_open_2012-02-15_R32_ginepri_r_malisse_x
tennis_data_uk,atp,2012,11,SAP Open,San Jose,2012-02-15,atp_250,False,hard,R32,32,3,Russell M.,Young D.,104,40,531,1000,2,0,6,1,7,6,,,,,,,completed,2.2,1.61,2.2,1.74,2.3,1.74,2.18,1.65,2012_11_san_jose_sap_open,2012_11_san_jose_sap_open_2012-02-15_R32_russell_m_young_d
tennis_data_uk,atp,2012,11,SAP Open,San Jose,2012-02-15,atp_250,False,hard,R32,32,3,Ebden M.,Sela D.,88,73,614,685,2,1,6,7,6,2,7,6,,,,,completed,2.0,1.72,1.93,1.96,2.0,2.03,1.91,1.84,2012_11_san_jose_sap_open,2012_11_san_jose_sap_open_2012-02-15_R32_ebden_m_sela_d
tennis_data_uk,atp,2012,11,SAP Open,San Jose,2012-02-15,atp_250,False,hard,R32,32,3,Istomin D.,Querrey S.,61,85,767,624,2,1,5,7,6,3,7,5,,,,,completed,2.37,1.53,2.39,1.64,2.48,1.67,2.31,1.58,2012_11_san_jose_sap_open,2012_11_san_jose_sap_open_2012-02-15_R32_istomin_d_querrey_s
tennis_data_uk,atp,2012,11,SAP Open,San Jose,2012-02-15,atp_250,False,hard,R32,32,3,Harrison R.,Rochus C.,94,1502,596,1,2,1,4,6,6,2,6,3,,,,,completed,1.57,2.25,1.72,2.23,1.76,2.43,1.65,2.2,2012_11_san_jose_sap_open,2012_11_san_jose_sap_open_2012-02-15_R32_harrison_r_rochus_c
tennis_data_uk,atp,2012,11,SAP Open,San Jose,2012-02-16,atp_250,False,hard,R32,32,3,Benneteau J.,Sweeting R.,34,75,1120,676,2,0,7,6,7,6,,,,,,,completed,1.3,3.4,1.33,3.62,1.35,3.74,1.32,3.32,2012_11_san_jose_sap_open,2012_11_san_jose_sap_open_2012-02-16_R32_benneteau_j_sweeting_r
tennis_data_uk,atp,2012,11,SAP Open,San Jose,2012-02-16,atp_250,False,hard,R16,16,3,Roddick A.,Kudla D.,17,203,1745,237,2,1,6,7,7,6,6,4,,,,,completed,1.14,5.5,1.15,6.45,1.18,6.5,1.15,5.13,2012_11_san_jose_sap_open,2012_11_san_jose_sap_open_2012-02-16_R16_roddick_a_kudla_d
tennis_data_uk,atp,2012,11,SAP Open,San Jose,2012-02-16,atp_250,False,hard,R16,16,3,Raonic M.,Kamke T.,32,89,1140,613,2,0,6,2,7,6,,,,,,,completed,1.28,3.5,1.26,4.34,1.31,4.34,1.27,3.73,2012_11_san_jose_sap_open,2012_11_san_jose_sap_open_2012-02-16_R16_raonic_m_kamke_t
tennis_data_uk,atp,2012,11,SAP Open,San Jose,2012-02-16,atp_250,False,hard,R16,16,3,Darcis S.,Stepanek R.,72,29,687,1195,2,0,7,6,7,6,,,,,,,completed,2.37,1.53,2.71,1.53,2.74,1.6,2.44,1.53,2012_11_san_jose_sap_open,2012_11_san_jose_sap_open_2012-02-16_R16_darcis_s_stepanek_r
tennis_data_uk,atp,2012,11,SAP Open,San Jose,2012-02-16,atp_250,False,hard,R16,16,3,Kutrovsky D.,Strode B.,438,393,81,95,2,0,7,5,6,3,,,,,,,completed,1.66,2.1,1.59,2.52,1.8,2.53,1.63,2.22,2012_11_san_jose_sap_open,2012_11_san_jose_sap_open_2012-02-16_R16_kutrovsky_d_strode_b
tennis_data_uk,atp,2012,11,SAP Open,San Jose,2012-02-16,atp_250,False,hard,R16,16,3,Anderson K.,Ebden M.,35,88,1065,614,2,0,6,1,6,2,,,,,,,completed,1.3,3.4,1.39,3.26,1.4,3.39,1.33,3.2,2012_11_san_jose_sap_open,2012_11_san_jose_sap_open_2012-02-16_R16_anderson_k_ebden_m
tennis_data_uk,atp,2012,11,SAP Open,San Jose,2012-02-16,atp_250,False,hard,R16,16,3,Benneteau J.,Muller G.,34,70,1120,690,2,0,6,2,6,4,,,,,,,completed,1.36,2.87,1.42,3.14,1.45,3.14,1.4,2.84,2012_11_san_jose_sap_open,2012_11_san_jose_sap_open_2012-02-16_R16_benneteau_j_muller_g
tennis_data_uk,atp,2012,11,SAP Open,San Jose,2012-02-17,atp_250,False,hard,R16,16,3,Harrison R.,Ginepri R.,94,235,596,196,2,1,6,3,2,6,7,6,,,,,completed,1.5,2.5,1.58,2.55,1.65,2.69,1.58,2.33,2012_11_san_jose_sap_open,2012_11_san_jose_sap_open_2012-02-17_R16_harrison_r_ginepri_r
tennis_data_uk,atp,2012,11,SAP Open,San Jose,2012-02-17,atp_250,False,hard,R16,16,3,Istomin D.,Russell M.,61,104,767,531,2,0,6,2,6,2,,,,,,,completed,1.44,2.62,1.45,2.97,1.64,2.97,1.5,2.54,2012_11_san_jose_sap_open,2012_11_san_jose_sap_open_2012-02-17_R16_istomin_d_russell_m
tennis_data_uk,atp,2012,11,SAP Open,San Jose,2012-02-17,atp_250,False,hard,QF,8,3,Harrison R.,Kutrovsky D.,94,438,596,81,2,0,6,1,6,4,,,,,,,completed,1.1,7.0,1.17,6.19,1.18,8.0,1.13,5.61,2012_11_san_jose_sap_open,2012_11_san_jose_sap_open_2012-02-17_QF_harrison_r_kutrovsky_d
tennis_data_uk,atp,2012,11,SAP Open,San Jose,2012-02-18,atp_250,False,hard,QF,8,3,Raonic M.,Anderson K.,32,35,1140,1065,2,0,7,5,7,6,,,,,,,completed,1.5,2.5,1.57,2.6,1.57,2.86,1.5,2.54,2012_11_san_jose_sap_open,2012_11_san_jose_sap_open_2012-02-18_QF_raonic_m_anderson_k
tennis_data_uk,atp,2012,11,SAP Open,San Jose,2012-02-18,atp_250,False,hard,QF,8,3,Istomin D.,Roddick A.,61,17,767,1745,2,0,6,2,6,4,,,,,,,completed,2.1,1.66,2.26,1.73,2.33,1.77,2.16,1.66,2012_11_san_jose_sap_open,2012_11_san_jose_sap_open_2012-02-18_QF_istomin_d_roddick_a
tennis_data_uk,atp,2012,11,SAP Open,San Jose,2012-02-18,atp_250,False,hard,QF,8,3,Benneteau J.,Darcis S.,34,72,1120,687,2,1,3,6,6,1,6,2,,,,,completed,1.36,3.0,1.41,3.21,1.44,3.46,1.4,2.88,2012_11_san_jose_sap_open,2012_11_san_jose_sap_open_2012-02-18_QF_benneteau_j_darcis_s
tennis_data_uk,atp,2012,11,SAP Open,San Jose,2012-02-18,atp_250,False,hard,SF,4,3,Raonic M.,Harrison R.,32,94,1140,596,2,0,7,6,6,2,,,,,,,completed,1.22,4.0,1.29,4.05,1.33,4.1,1.26,3.71,2012_11_san_jose_sap_open,2012_11_san_jose_sap_open_2012-02-18_SF_raonic_m_harrison_r
tennis_data_uk,atp,2012,11,SAP Open,San Jose,2012-02-19,atp_250,False,hard,SF,4,3,Istomin D.,Benneteau J.,61,34,767,1120,2,1,6,3,6,7,6,3,,,,,completed,2.2,1.61,2.22,1.76,2.3,1.76,2.17,1.66,2012_11_san_jose_sap_open,2012_11_san_jose_sap_open_2012-02-19_SF_istomin_d_benneteau_j
tennis_data_uk,atp,2012,11,SAP Open,San Jose,2012-02-19,atp_250,False,hard,F,2,3,Raonic M.,Istomin D.,32,61,1140,767,2,0,7,6,6,2,,,,,,,completed,1.36,3.2,1.43,3.13,1.43,3.3,1.36,3.07,2012_11_san_jose_sap_open,2012_11_san_jose_sap_open_2012-02-19_F_raonic_m_istomin_d
tennis_data_uk,atp,2012,12,Brasil Open,Sao Paulo,2012-02-13,atp_250,False,clay,R32,32,3,Marti J.,Gil F.,184,87,265,619,2,0,6,2,6,4,,,,,,,completed,3.0,1.36,3.18,1.4,3.41,1.41,3.06,1.36,2012_12_sao_paulo_brasil_open,2012_12_sao_paulo_brasil_open_2012-02-13_R32_marti_j_gil_f
tennis_data_uk,atp,2012,12,Brasil Open,Sao Paulo,2012-02-13,atp_250,False,clay,R32,32,3,Volandri F.,Montanes A.,69,51,693,860,2,0,6,2,6,3,,,,,,,completed,3.5,1.28,3.46,1.35,3.57,1.38,3.23,1.32,2012_12_sao_paulo_brasil_open,2012_12_sao_paulo_brasil_open_2012-02-13_R32_volandri_f_montanes_a
tennis_data_uk,atp,2012,12,Brasil Open,Sao Paulo,2012-02-13,atp_250,False,clay,R32,32,3,Mello R.,Riba P.,123,90,451,612,2,0,6,4,6,2,,,,,,,completed,1.53,2.37,1.5,2.76,1.78,2.76,1.53,2.43,2012_12_sao_paulo_brasil_open,2012_12_sao_paulo_brasil_open_2012-02-13_R32_mello_r_riba_p
tennis_data_uk,atp,2012,12,Brasil Open,Sao Paulo,2012-02-14,atp_250,False,clay,R32,32,3,Ramirez-Hidalgo R.,Machado R.,128,78,436,649,2,1,6,3,1,6,6,2,,,,,completed,1.72,2.0,1.83,2.07,1.91,2.07,1.81,1.95,2012_12_sao_paulo_brasil_open,2012_12_sao_paulo_brasil_open_2012-02-14_R32_ramirez_hidalgo_r_machado_r
tennis_data_uk,atp,2012,12,Brasil Open,Sao Paulo,2012-02-14,atp_250,False,clay,R32,32,3,Berlocq C.,Prodon E.,42,103,966,534,2,0,6,4,6,0,,,,,,,completed,1.1,7.0,1.13,7.44,1.15,7.5,1.11,6.32,2012_12_sao_paulo_brasil_open,2012_12_sao_paulo_brasil_open_2012-02-14_R32_berlocq_c_prodon_e
tennis_data_uk,atp,2012,12,Brasil Open,Sao Paulo,2012-02-14,atp_250,False,clay,R32,32,3,Andreev I.,Gonzalez F.,121,266,459,175,2,0,6,2,6,3,,,,,,,completed,1.53,2.37,1.63,2.42,1.63,2.58,1.57,2.35,2012_12_sao_paulo_brasil_open,2012_12_sao_paulo_brasil_open_2012-02-14_R32_andreev_i_gonzalez_f
tennis_data_uk,atp,2012,12,Brasil Open,Sao Paulo,2012-02-14,atp_250,False,clay,R32,32,3,Hanescu V.,Souza J.,93,97,600,552,2,0,6,3,6,3,,,,,,,completed,2.1,1.66,2.33,1.67,2.4,1.74,2.19,1.64,2012_12_sao_paulo_brasil_open,2012_12_sao_paulo_brasil_open_2012-02-14_R32_hanescu_v_souza_j
tennis_data_uk,atp,2012,12,Brasil Open,Sao Paulo,2012-02-15,atp_250,False,clay,R32,32,3,Chardy J.,Kavcic B.,63,110,732,501,2,0,6,4,6,4,,,,,,,completed,1.33,3.25,1.41,3.14,1.41,3.25,1.37,3.0,2012_12_sao_paulo_brasil_open,2012_12_sao_paulo_brasil_open_2012-02-15_R32_chardy_j_kavcic_b
tennis_data_uk,atp,2012,12,Brasil Open,Sao Paulo,2012-02-15,atp_250,False,clay,R32,32,3,Starace P.,Capdeville P.,76,126,670,438,2,1,5,7,7,6,6,2,,,,,completed,1.8,1.9,1.73,2.22,1.89,2.22,1.76,2.0,2012_12_sao_paulo_brasil_open,2012_12_sao_paulo_brasil_open_2012-02-15_R32_starace_p_capdeville_p
tennis_data_uk,atp,2012,12,Brasil Open,Sao Paulo,2012-02-15,atp_250,False,clay,R32,32,3,Ramos A.,Giraldo S.,64,65,724,715,2,0,6,3,6,4,,,,,,,completed,2.25,1.57,2.35,1.66,2.43,1.67,2.31,1.59,2012_12_sao_paulo_brasil_open,2012_12_sao_paulo_brasil_open_2012-02-15_R32_ramos_a_giraldo_s
tennis_data_uk,atp,2012,12,Brasil Open,Sao Paulo,2012-02-15,atp_250,False,clay,R32,32,3,Mayer L.,Ferrero J.C.,80,43,647,960,2,0,7,6,6,2,,,,,,,completed,2.2,1.61,2.46,1.61,2.46,1.73,2.18,1.65,2012_12_sao_paulo_brasil_open,2012_12_sao_paulo_brasil_open_2012-02-15_R32_mayer_l_ferrero_j_c
tennis_data_uk,atp,2012,12,Brasil Open,Sao Paulo,2012-02-15,atp_250,False,clay,R32,32,3,Nalbandian D.,Paire B.,84,98,630,551,2,0,7,6,6,3,,,,,,,completed,1.22,4.0,1.23,4.59,1.27,4.79,1.23,4.01,2012_12_sao_paulo_brasil_open,2012_12_sao_paulo_brasil_open_2012-02-15_R32_nalbandian_d_paire_b
tennis_data_uk,atp,2012,12,Brasil Open,Sao Paulo,2012-02-15,atp_250,False,clay,R16,16,3,Bellucci T.,Mello R.,38,123,1020,451,2,1,6,0,1,6,6,3,,,,,completed,1.53,2.37,1.49,2.84,1.63,2.88,1.54,2.42,2012_12_sao_paulo_brasil_open,2012_12_sao_paulo_brasil_open_2012-02-15_R16_bellucci_t_mello_r
tennis_data_uk,atp,2012,12,Brasil Open,Sao Paulo,2012-02-16,atp_250,False,clay,R16,16,3,Ramos A.,Andreev I.,64,121,724,459,2,0,7,6,7,6,,,,,,,completed,1.61,2.2,1.75,2.21,1.75,2.52,1.61,2.25,2012_12_sao_paulo_brasil_open,2012_12_sao_paulo_brasil_open_2012-02-16_R16_ramos_a_andreev_i
tennis_data_uk,atp,2012,12,Brasil Open,Sao Paulo,2012-02-16,atp_250,False,clay,R16,16,3,Volandri F.,Ramirez-Hidalgo R.,69,128,693,436,2,1,6,4,1,6,6,3,,,,,completed,1.72,2.0,1.85,2.06,1.85,2.29,1.72,2.06,2012_12_sao_paulo_brasil_open,2012_12_sao_paulo_brasil_open_2012-02-16_R16_volandri_f_ramirez_hidalgo_r
tennis_data_uk,atp,2012,12,Brasil Open,Sao Paulo,2012-02-16,atp_250,False,clay,R16,16,3,Almagro N.,Hanescu V.,11,93,2220,600,2,1,6,3,6,7,6,3,,,,,completed,1.12,6.0,1.21,5.04,1.21,6.64,1.15,5.19,2012_12_sao_paulo_brasil_open,2012_12_sao_paulo_brasil_open_2012-02-16_R16_almagro_n_hanescu_v
tennis_data_uk,atp,2012,12,Brasil Open,Sao Paulo,2012-02-16,atp_250,False,clay,R16,16,3,Berlocq C.,Starace P.,42,76,966,670,2,1,3,6,6,2,6,3,,,,,completed,1.44,2.62,1.5,2.8,1.53,2.85,1.49,2.55,2012_12_sao_paulo_brasil_open,2012_12_sao_paulo_brasil_open_2012-02-16_R16_berlocq_c_starace_p
tennis_data_uk,atp,2012,12,Brasil Open,Sao Paulo,2012-02-16,atp_250,False,clay,R16,16,3,Verdasco F.,Marti J.,27,184,1320,265,2,1,6,4,6,7,7,5,,,,,completed,1.18,4.5,1.26,4.3,1.38,5.0,1.21,4.26,2012_12_sao_paulo_brasil_open,2012_12_sao_paulo_brasil_open_2012-02-16_R16_verdasco_f_marti_j
tennis_data_uk,atp,2012,12,Brasil Open,Sao Paulo,2012-02-16,atp_250,False,clay,R16,16,3,Mayer L.,Chardy J.,80,63,647,732,2,1,4,6,7,5,6,2,,,,,completed,2.2,1.61,2.49,1.61,2.5,1.67,2.27,1.61,2012_12_sao_paulo_brasil_open,2012_12_sao_paulo_brasil_open_2012-02-16_R16_mayer_l_chardy_j
tennis_data_uk,atp,2012,12,Brasil Open,Sao Paulo,2012-02-17,atp_250,False,clay,R16,16,3,Nalbandian D.,Simon G.,84,12,630,2050,2,0,6,3,6,2,,,,,,,completed,1.61,2.2,1.57,2.58,1.75,2.69,1.64,2.23,2012_12_sao_paulo_brasil_open,2012_12_sao_paulo_brasil_open_2012-02-17_R16_nalbandian_d_simon_g
tennis_data_uk,atp,2012,12,Brasil Open,Sao Paulo,2012-02-17,atp_250,False,clay,QF,8,3,Almagro N.,Berlocq C.,11,42,2220,966,2,0,6,3,6,2,,,,,,,completed,1.36,3.0,1.4,3.28,1.45,3.28,1.37,2.98,2012_12_sao_paulo_brasil_open,2012_12_sao_paulo_brasil_open_2012-02-17_QF_almagro_n_berlocq_c
tennis_data_uk,atp,2012,12,Brasil Open,Sao Paulo,2012-02-17,atp_250,False,clay,QF,8,3,Ramos A.,Verdasco F.,64,27,724,1320,2,0,7,6,6,3,,,,,,,completed,2.1,1.66,2.26,1.74,2.38,1.77,2.1,1.7,2012_12_sao_paulo_brasil_open,2012_12_sao_paulo_brasil_open_2012-02-17_QF_ramos_a_verdasco_f
tennis_data_uk,atp,2012,12,Brasil Open,Sao Paulo,2012-02-17,atp_250,False,clay,QF,8,3,Volandri F.,Nalbandian D.,69,84,693,630,2,1,3,6,6,3,7,5,,,,,completed,5.0,1.16,5.96,1.17,5.96,1.22,4.65,1.18,2012_12_sao_paulo_brasil_open,2012_12_sao_paulo_brasil_open_2012-02-17_QF_volandri_f_nalbandian_d
tennis_data_uk,atp,2012,12,Brasil Open,Sao Paulo,2012-02-18,atp_250,False,clay,QF,8,3,Bellucci T.,Mayer L.,38,80,1020,647,2,1,3,6,6,2,7,5,,,,,completed,1.66,2.1,1.59,2.56,1.8,2.58,1.68,2.16,2012_12_sao_paulo_brasil_open,2012_12_sao_paulo_brasil_open_2012-02-18_QF_bellucci_t_mayer_l
tennis_data_uk,atp,2012,12,Brasil Open,Sao Paulo,2012-02-18,atp_250,False,clay,SF,4,3,Almagro N.,Ramos A.,11,64,2220,724,2,0,6,4,7,6,,,,,,,completed,1.16,5.0,1.21,5.21,1.22,5.25,1.19,4.56,2012_12_sao_paulo_brasil_open,2012_12_sao_paulo_brasil_open_2012-02-18_SF_almagro_n_ramos_a
tennis_data_uk,atp,2012,12,Brasil Open,Sao Paulo,2012-02-18,atp_250,False,clay,SF,4,3,Volandri F.,Bellucci T.,69,38,693,1020,2,1,5,7,6,0,6,2,,,,,completed,3.25,1.33,3.67,1.34,3.67,1.45,3.04,1.37,2012_12_sao_paulo_brasil_open,2012_12_sao_paulo_brasil_open_2012-02-18_SF_volandri_f_bellucci_t
tennis_data_uk,atp,2012,12,Brasil Open,Sao Paulo,2012-02-19,atp_250,False,clay,F,2,3,Almagro N.,Volandri F.,11,69,2220,693,2,1,6,3,4,6,6,4,,,,,completed,1.12,6.0,1.18,5.72,1.18,6.0,1.15,5.23,2012_12_sao_paulo_brasil_open,2012_12_sao_paulo_brasil_open_2012-02-19_F_almagro_n_volandri_f
tennis_data_uk,atp,2012,13,Copa Claro,Buenos Aires,2012-02-20,atp_250,True,clay,R32,32,3,Berlocq C.,Riba P.,43,90,991,612,2,1,6,7,6,0,6,0,,,,,completed,1.11,6.5,1.13,7.0,1.16,7.0,1.13,5.82,2012_13_buenos_aires_copa_claro,2012_13_buenos_aires_copa_claro_2012-02-20_R32_berlocq_c_riba_p
tennis_data_uk,atp,2012,13,Copa Claro,Buenos Aires,2012-02-20,atp_250,True,clay,R32,32,3,Hanescu V.,Andujar P.,93,48,600,910,2,1,6,3,4,6,7,6,,,,,completed,1.53,2.37,1.66,2.35,1.73,2.45,1.63,2.24,2012_13_buenos_aires_copa_claro,2012_13_buenos_aires_copa_claro_2012-02-20_R32_hanescu_v_andujar_p
tennis_data_uk,atp,2012,13,Copa Claro,Buenos Aires,2012-02-20,atp_250,True,clay,R32,32,3,Gonzalez F.,Montanes A.,263,52,175,860,1,0,7,5,1,0,,,,,,,retired,3.25,1.33,3.82,1.3,3.85,1.4,3.26,1.33,2012_13_buenos_aires_copa_claro,2012_13_buenos_aires_copa_claro_2012-02-20_R32_gonzalez_f_montanes_a
tennis_data_uk,atp,2012,13,Copa Claro,Buenos Aires,2012-02-20,atp_250,True,clay,R32,32,3,Bagnis F.,Mayer L.,162,76,318,672,2,1,5,7,6,4,6,2,,,,,completed,4.0,1.22,4.29,1.26,4.29,1.29,3.89,1.25,2012_13_buenos_aires_copa_claro,2012_13_buenos_aires_copa_claro_2012-02-20_R32_bagnis_f_mayer_l
tennis_data_uk,atp,2012,13,Copa Claro,Buenos Aires,2012-02-20,atp_250,True,clay,R32,32,3,Nishikori K.,Ferrero J.C.,17,47,1710,960,2,1,7,5,3,6,6,2,,,,,completed,1.9,1.8,2.01,1.88,2.5,1.88,2.02,1.76,2012_13_buenos_aires_copa_claro,2012_13_buenos_aires_copa_claro_2012-02-20_R32_nishikori_k_ferrero_j_c
tennis_data_uk,atp,2012,13,Copa Claro,Buenos Aires,2012-02-21,atp_250,True,clay,R32,32,3,Wawrinka S.,Zeballos H.,26,116,1300,486,2,0,6,3,6,4,,,,,,,completed,1.2,4.33,1.24,4.52,1.3,4.52,1.25,3.88,2012_13_buenos_aires_copa_claro,2012_13_buenos_aires_copa_claro_2012-02-21_R32_wawrinka_s_zeballos_h
tennis_data_uk,atp,2012,13,Copa Claro,Buenos Aires,2012-02-21,atp_250,True,clay,R32,32,3,Paire B.,Marti J.,98,177,551,282,2,1,2,6,7,6,6,2,,,,,completed,1.72,2.0,1.7,2.26,1.83,2.28,1.7,2.1,2012_13_buenos_aires_copa_claro,2012_13_buenos_aires_copa_claro_2012-02-21_R32_paire_b_marti_j
tennis_data_uk,atp,2012,13,Copa Claro,Buenos Aires,2012-02-21,atp_250,True,clay,R32,32,3,Ramos A.,Chela J.I.,59,31,782,1165,2,1,4,6,6,3,6,4,,,,,completed,2.1,1.66,2.12,1.79,2.31,1.8,2.14,1.67,2012_13_buenos_aires_copa_claro,2012_13_buenos_aires_copa_claro_2012-02-21_R32_ramos_a_chela_j_i
tennis_data_uk,atp,2012,13,Copa Claro,Buenos Aires,2012-02-21,atp_250,True,clay,R32,32,3,Simon G.,Machado R.,12,80,2050,649,2,0,6,3,7,5,,,,,,,completed,1.22,4.0,1.3,3.86,1.3,4.33,1.25,3.81,2012_13_buenos_aires_copa_claro,2012_13_buenos_aires_copa_claro_2012-02-21_R32_simon_g_machado_r
tennis_data_uk,atp,2012,13,Copa Claro,Buenos Aires,2012-02-21,atp_250,True,clay,R32,32,3,Andreev I.,Kavcic B.,118,110,481,501,2,0,6,2,6,2,,,,,,,completed,1.36,3.0,1.44,2.98,1.44,3.11,1.4,2.88,2012_13_buenos_aires_copa_claro,2012_13_buenos_aires_copa_claro_2012-02-21_R32_andreev_i_kavcic_b
tennis_data_uk,atp,2012,13,Copa Claro,Buenos Aires,2012-02-21,atp_250,True,clay,R32,32,3,Verdasco F.,Prodon E.,25,103,1320,534,2,0,6,4,6,1,,,,,,,completed,1.18,4.5,1.18,5.5,1.22,5.5,1.19,4.52,2012_13_buenos_aires_copa_claro,2012_13_buenos_aires_copa_claro_2012-02-21_R32_verdasco_f_prodon_e
tennis_data_uk,atp,2012,13,Copa Claro,Buenos Aires,2012-02-21,atp_250,True,clay,R32,32,3,Monaco J.,Volandri F.,20,56,1505,826,1,0,6,1,3,1,,,,,,,retired,1.16,5.0,1.14,6.71,1.18,6.71,1.15,5.23,2012_13_buenos_aires_copa_claro,2012_13_buenos_aires_copa_claro_2012-02-21_R32_monaco_j_volandri_f
tennis_data_uk,atp,2012,13,Copa Claro,Buenos Aires,2012-02-21,atp_250,True,clay,R32,32,3,Del Bonis F.,Gil F.,10,88,2705,619,2,0,6,2,6,2,,,,,,,completed,1.53,2.37,1.48,2.84,1.62,3.06,1.52,2.48,2012_13_buenos_aires_copa_claro,2012_13_buenos_aires_copa_claro_2012-02-21_R32_del_bonis_f_gil_f
tennis_data_uk,atp,2012,13,Copa Claro,Buenos Aires,2012-02-21,atp_250,True,clay,R32,32,3,Almagro N.,Starace P.,11,71,2220,690,2,1,4,6,6,3,7,6,,,,,completed,1.22,4.0,1.3,3.82,1.3,4.98,1.22,4.16,2012_13_buenos_aires_copa_claro,2012_13_buenos_aires_copa_claro_2012-02-21_R32_almagro_n_starace_p
tennis_data_uk,atp,2012,13,Copa Claro,Buenos Aires,2012-02-21,atp_250,True,clay,R32,32,3,Nalbandian D.,Odesnik W.,85,107,630,511,2,0,6,2,6,3,,,,,,,completed,1.12,6.0,1.13,7.19,1.18,8.0,1.13,5.84,2012_13_buenos_aires_copa_claro,2012_13_buenos_aires_copa_claro_2012-02-21_R32_nalbandian_d_odesnik_w
tennis_data_uk,atp,2012,13,Copa Claro,Buenos Aires,2012-02-22,atp_250,True,clay,R32,32,3,Ferrer D.,Molteni A.,5,237,4595,194,2,0,6,1,6,0,,,,,,,completed,1.01,23.0,1.01,51.0,1.03,51.0,1.02,17.19,2012_13_buenos_aires_copa_claro,2012_13_buenos_aires_copa_claro_2012-02-22_R32_ferrer_d_molteni_a
tennis_data_uk,atp,2012,13,Copa Claro,Buenos Aires,2012-02-22,atp_250,True,clay,R16,16,3,Wawrinka S.,Paire B.,26,98,1300,551,2,1,6,3,5,7,6,2,,,,,completed,1.18,4.5,1.24,4.52,1.25,5.0,1.2,4.32,2012_13_buenos_aires_copa_claro,2012_13_buenos_aires_copa_claro_2012-02-22_R16_wawrinka_s_paire_b
tennis_data_uk,atp,2012,13,Copa Claro,Buenos Aires,2012-02-22,atp_250,True,clay,R16,16,3,Nishikori K.,Hanescu V.,17,93,1710,600,2,1,3,6,7,5,6,1,,,,,completed,1.4,2.75,1.45,2.93,1.5,3.06,1.44,2.72,2012_13_buenos_aires_copa_claro,2012_13_buenos_aires_copa_claro_2012-02-22_R16_nishikori_k_hanescu_v
tennis_data_uk,atp,2012,13,Copa Claro,Buenos Aires,2012-02-22,atp_250,True,clay,R16,16,3,Ferrer D.,Bagnis F.,5,162,4595,318,2,0,6,3,6,4,,,,,,,completed,1.02,17.0,1.01,24.11,1.04,24.11,1.02,14.4,2012_13_buenos_aires_copa_claro,2012_13_buenos_aires_copa_claro_2012-02-22_R16_ferrer_d_bagnis_f
tennis_data_uk,atp,2012,13,Copa Claro,Buenos Aires,2012-02-23,atp_250,True,clay,R16,16,3,Gonzalez F.,Ramos A.,263,59,175,782,2,0,7,6,7,6,,,,,,,completed,3.4,1.3,3.58,1.33,3.58,1.37,3.27,1.32,2012_13_buenos_aires_copa_claro,2012_13_buenos_aires_copa_claro_2012-02-23_R16_gonzalez_f_ramos_a
tennis_data_uk,atp,2012,13,Copa Claro,Buenos Aires,2012-02-23,atp_250,True,clay,R16,16,3,Berlocq C.,Simon G.,43,12,991,2050,2,0,6,2,6,1,,,,,,,completed,2.0,1.72,2.24,1.71,2.3,1.85,2.08,1.71,2012_13_buenos_aires_copa_claro,2012_13_buenos_aires_copa_claro_2012-02-23_R16_berlocq_c_simon_g
tennis_data_uk,atp,2012,13,Copa Claro,Buenos Aires,2012-02-23,atp_250,True,clay,R16,16,3,Andreev I.,Verdasco F.,118,25,481,1320,2,0,7,6,6,3,,,,,,,completed,2.2,1.61,2.22,1.73,2.35,1.73,2.19,1.64,2012_13_buenos_aires_copa_claro,2012_13_buenos_aires_copa_claro_2012-02-23_R16_andreev_i_verdasco_f
tennis_data_uk,atp,2012,13,Copa Claro,Buenos Aires,2012-02-23,atp_250,True,clay,R16,16,3,Nalbandian D.,Monaco J.,85,20,630,1505,2,0,6,3,6,1,,,,,,,completed,2.0,1.72,2.19,1.75,2.2,1.91,2.06,1.73,2012_13_buenos_aires_copa_claro,2012_13_buenos_aires_copa_claro_2012-02-23_R16_nalbandian_d_monaco_j
tennis_data_uk,atp,2012,13,Copa Claro,Buenos Aires,2012-02-24,atp_250,True,clay,R16,16,3,Almagro N.,Del Bonis F.,11,10,2220,2705,2,0,6,3,6,2,,,,,,,completed,1.2,4.33,1.22,4.74,1.25,5.0,1.21,4.2,2012_13_buenos_aires_copa_claro,2012_13_buenos_aires_copa_claro_2012-02-24_R16_almagro_n_del_bonis_f
tennis_data_uk,atp,2012,13,Copa Claro,Buenos Aires,2012-02-24,atp_250,True,clay,QF,8,3,Wawrinka S.,Nishikori K.,26,17,1300,1710,2,0,6,4,6,2,,,,,,,completed,1.57,2.25,1.65,2.4,1.7,2.4,1.64,2.21,2012_13_buenos_aires_copa_claro,2012_13_buenos_aires_copa_claro_2012-02-24_QF_wawrinka_s_nishikori_k
tennis_data_uk,atp,2012,13,Copa Claro,Buenos Aires,2012-02-24,atp_250,True,clay,QF,8,3,Almagro N.,Andreev I.,11,118,2220,481,2,0,6,3,7,5,,,,,,,completed,1.22,4.0,1.32,3.71,1.32,4.0,1.27,3.58,2012_13_buenos_aires_copa_claro,2012_13_buenos_aires_copa_claro_2012-02-24_QF_almagro_n_andreev_i
tennis_data_uk,atp,2012,13,Copa Claro,Buenos Aires,2012-02-24,atp_250,True,clay,QF,8,3,Ferrer D.,Gonzalez F.,5,263,4595,175,2,0,6,2,6,4,,,,,,,completed,1.07,9.0,1.08,10.25,1.09,11.25,1.06,8.48,2012_13_buenos_aires_copa_claro,2012_13_buenos_aires_copa_claro_2012-02-24_QF_ferrer_d_gonzalez_f
tennis_data_uk,atp,2012,13,Copa Claro,Buenos Aires,2012-02-25,atp_250,True,clay,QF,8,3,Nalbandian D.,Berlocq C.,85,43,630,991,2,0,6,0,6,3,,,,,,,completed,1.44,2.62,1.34,3.56,1.5,3.57,1.41,2.84,2012_13_buenos_aires_copa_claro,2012_13_buenos_aires_copa_claro_2012-02-25_QF_nalbandian_d_berlocq_c
tennis_data_uk,atp,2012,13,Copa Claro,Buenos Aires,2012-02-25,atp_250,True,clay,SF,4,3,Almagro N.,Wawrinka S.,11,26,2220,1300,2,1,6,4,3,6,7,5,,,,,completed,1.44,2.62,1.51,2.79,1.55,2.85,1.48,2.57,2012_13_buenos_aires_copa_claro,2012_13_buenos_aires_copa_claro_2012-02-25_SF_almagro_n_wawrinka_s
tennis_data_uk,atp,2012,13,Copa Claro,Buenos Aires,2012-02-25,atp_250,True,clay,SF,4,3,Ferrer D.,Nalbandian D.,5,85,4595,630,2,0,6,1,6,4,,,,,,,completed,1.36,3.0,1.43,3.14,1.46,3.25,1.39,2.95,2012_13_buenos_aires_copa_claro,2012_13_buenos_aires_copa_claro_2012-02-25_SF_ferrer_d_nalbandian_d
tennis_data_uk,atp,2012,13,Copa Claro,Buenos Aires,2012-02-26,atp_250,True,clay,F,2,3,Ferrer D.,Almagro N.,5,11,4595,2220,2,1,4,6,6,3,6,2,,,,,completed,1.25,4.0,1.29,4.1,1.3,4.33,1.26,3.79,2012_13_buenos_aires_copa_claro,2012_13_buenos_aires_copa_claro_2012-02-26_F_ferrer_d_almagro_n
tennis_data_uk,atp,2012,14,Open 13,Marseille,2012-02-20,atp_250,False,hard,R32,32,3,Ljubicic I.,Serra F.,42,143,995,373,2,1,6,4,6,7,6,3,,,,,completed,1.4,2.75,1.45,2.96,1.5,3.15,1.43,2.74,2012_14_marseille_open_13,2012_14_marseille_open_13_2012-02-20_R32_ljubicic_i_serra_f
tennis_data_uk,atp,2012,14,Open 13,Marseille,2012-02-20,atp_250,False,hard,R32,32,3,Roger-Vasselin E.,Nieminen J.,95,45,584,978,2,0,6,2,7,6,,,,,,,completed,3.4,1.3,3.36,1.37,3.52,1.37,3.24,1.33,2012_14_marseille_open_13,2012_14_marseille_open_13_2012-02-20_R32_roger_vasselin_e_nieminen_j
tennis_data_uk,atp,2012,14,Open 13,Marseille,2012-02-20,atp_250,False,hard,R32,32,3,Cipolla F.,Seppi A.,87,44,620,980,2,0,6,4,7,6,,,,,,,completed,3.25,1.33,4.36,1.25,4.36,1.36,3.46,1.3,2012_14_marseille_open_13,2012_14_marseille_open_13_2012-02-20_R32_cipolla_f_seppi_a
tennis_data_uk,atp,2012,14,Open 13,Marseille,2012-02-21,atp_250,False,hard,R32,32,3,Olivetti A.,Bachinger M.,388,92,100,604,2,0,6,4,6,3,,,,,,,completed,2.75,1.4,3.14,1.41,3.26,1.45,2.82,1.41,2012_14_marseille_open_13,2012_14_marseille_open_13_2012-02-21_R32_olivetti_a_bachinger_m
tennis_data_uk,atp,2012,14,Open 13,Marseille,2012-02-21,atp_250,False,hard,R32,32,3,Goffin D.,Mannarino A.,164,126,315,454,1,0,6,2,1,0,,,,,,,retired,2.0,1.72,1.94,1.94,2.13,1.95,1.97,1.79,2012_14_marseille_open_13,2012_14_marseille_open_13_2012-02-21_R32_goffin_d_mannarino_a
tennis_data_uk,atp,2012,14,Open 13,Marseille,2012-02-21,atp_250,False,hard,R32,32,3,Kunitsyn I.,Bautista R.,81,161,647,318,2,0,6,4,6,4,,,,,,,completed,2.0,1.72,2.16,1.76,2.16,1.85,1.98,1.78,2012_14_marseille_open_13,2012_14_marseille_open_13_2012-02-21_R32_kunitsyn_i_bautista_r
tennis_data_uk,atp,2012,14,Open 13,Marseille,2012-02-21,atp_250,False,hard,R32,32,3,Mahut N.,Clement A.,84,155,636,333,2,0,6,3,6,4,,,,,,,completed,1.3,3.4,1.38,3.26,1.39,3.6,1.33,3.19,2012_14_marseille_open_13,2012_14_marseille_open_13_2012-02-21_R32_mahut_n_clement_a
tennis_data_uk,atp,2012,14,Open 13,Marseille,2012-02-21,atp_250,False,hard,R32,32,3,Davydenko N.,Beck A.,40,96,1010,576,2,0,6,1,7,5,,,,,,,completed,1.16,5.0,1.21,5.0,1.21,8.5,1.16,5.0,2012_14_marseille_open_13,2012_14_marseille_open_13_2012-02-21_R32_davydenko_n_beck_a
tennis_data_uk,atp,2012,14,Open 13,Marseille,2012-02-21,atp_250,False,hard,R32,32,3,Gasquet R.,Soeda G.,15,82,1900,645,2,0,6,0,6,2,,,,,,,completed,1.08,8.0,1.09,8.68,1.15,8.68,1.1,6.79,2012_14_marseille_open_13,2012_14_marseille_open_13_2012-02-21_R32_gasquet_r_soeda_g
tennis_data_uk,atp,2012,14,Open 13,Marseille,2012-02-21,atp_250,False,hard,R32,32,3,Beck K.,Mathieu P.H.,94,417,596,85,2,1,7,6,2,6,6,3,,,,,completed,3.5,1.28,3.5,1.34,3.63,1.37,3.21,1.33,2012_14_marseille_open_13,2012_14_marseille_open_13_2012-02-21_R32_beck_k_mathieu_p_h
tennis_data_uk,atp,2012,14,Open 13,Marseille,2012-02-22,atp_250,False,hard,R32,32,3,Dolgopolov O.,Rosol L.,168,79,390,656,2,1,2,6,7,6,6,3,,,,,completed,1.2,4.33,1.32,3.66,1.5,4.55,1.25,3.87,2012_14_marseille_open_13,2012_14_marseille_open_13_2012-02-22_R32_dolgopolov_o_rosol_l
tennis_data_uk,atp,2012,14,Open 13,Marseille,2012-02-22,atp_250,False,hard,R32,32,3,Llodra M.,Chiudinelli M.,50,192,870,255,2,0,7,6,7,6,,,,,,,completed,1.33,3.25,1.4,3.18,1.42,3.5,1.34,3.16,2012_14_marseille_open_13,2012_14_marseille_open_13_2012-02-22_R32_llodra_m_chiudinelli_m
tennis_data_uk,atp,2012,14,Open 13,Marseille,2012-02-22,atp_250,False,hard,R16,16,3,Roger-Vasselin E.,Cipolla F.,95,87,584,620,2,0,6,3,6,0,,,,,,,completed,1.44,2.62,1.63,2.44,1.63,2.62,1.53,2.43,2012_14_marseille_open_13,2012_14_marseille_open_13_2012-02-22_R16_roger_vasselin_e_cipolla_f
tennis_data_uk,atp,2012,14,Open 13,Marseille,2012-02-22,atp_250,False,hard,R16,16,3,Tsonga J.W.,Mahut N.,6,84,4410,636,2,0,6,3,6,2,,,,,,,completed,1.12,6.0,1.16,6.05,1.17,7.6,1.12,5.86,2012_14_marseille_open_13,2012_14_marseille_open_13_2012-02-22_R16_tsonga_j_w_mahut_n
tennis_data_uk,atp,2012,14,Open 13,Marseille,2012-02-22,atp_250,False,hard,R16,16,3,Tipsarevic J.,Goffin D.,9,164,2770,315,2,0,6,4,6,2,,,,,,,completed,1.16,5.0,1.22,4.85,1.23,5.68,1.16,4.9,2012_14_marseille_open_13,2012_14_marseille_open_13_2012-02-22_R16_tipsarevic_j_goffin_d
tennis_data_uk,atp,2012,14,Open 13,Marseille,2012-02-22,atp_250,False,hard,R16,16,3,Ljubicic I.,Beck K.,42,94,995,596,2,0,6,4,7,6,,,,,,,completed,1.5,2.5,1.57,2.57,1.57,2.74,1.5,2.52,2012_14_marseille_open_13,2012_14_marseille_open_13_2012-02-22_R16_ljubicic_i_beck_k
tennis_data_uk,atp,2012,14,Open 13,Marseille,2012-02-23,atp_250,False,hard,R16,16,3,Gasquet R.,Kunitsyn I.,15,81,1900,647,2,0,6,3,6,2,,,,,,,completed,1.1,7.0,1.11,8.14,1.13,9.0,1.1,6.56,2012_14_marseille_open_13,2012_14_marseille_open_13_2012-02-23_R16_gasquet_r_kunitsyn_i
tennis_data_uk,atp,2012,14,Open 13,Marseille,2012-02-23,atp_250,False,hard,R16,16,3,Llodra M.,Dolgopolov O.,50,168,870,390,2,1,6,4,5,7,7,6,,,,,completed,1.57,2.25,1.6,2.5,1.67,2.5,1.6,2.27,2012_14_marseille_open_13,2012_14_marseille_open_13_2012-02-23_R16_llodra_m_dolgopolov_o
tennis_data_uk,atp,2012,14,Open 13,Marseille,2012-02-23,atp_250,False,hard,R16,16,3,Del Potro J.M.,Davydenko N.,10,40,2705,1010,1,1,6,7,6,4,,,,,,,retired,1.33,3.25,1.36,3.48,1.42,3.48,1.35,3.1,2012_14_marseille_open_13,2012_14_marseille_open_13_2012-02-23_R16_del_potro_j_m_davydenko_n
tennis_data_uk,atp,2012,14,Open 13,Marseille,2012-02-23,atp_250,False,hard,R16,16,3,Olivetti A.,Fish M.,388,8,100,2915,2,1,6,3,3,6,6,3,,,,,completed,6.0,1.12,6.83,1.14,6.83,1.17,5.48,1.14,2012_14_marseille_open_13,2012_14_marseille_open_13_2012-02-23_R16_olivetti_a_fish_m
tennis_data_uk,atp,2012,14,Open 13,Marseille,2012-02-24,atp_250,False,hard,QF,8,3,Tsonga J.W.,Roger-Vasselin E.,6,95,4410,584,2,0,6,4,7,5,,,,,,,completed,1.08,8.0,1.11,8.36,1.13,8.6,1.09,7.08,2012_14_marseille_open_13,2012_14_marseille_open_13_2012-02-24_QF_tsonga_j_w_roger_vasselin_e
tennis_data_uk,atp,2012,14,Open 13,Marseille,2012-02-24,atp_250,False,hard,QF,8,3,Llodra M.,Olivetti A.,50,388,870,100,2,0,7,6,7,5,,,,,,,completed,1.25,3.75,1.28,4.22,1.33,5.0,1.26,3.72,2012_14_marseille_open_13,2012_14_marseille_open_13_2012-02-24_QF_llodra_m_olivetti_a
tennis_data_uk,atp,2012,14,Open 13,Marseille,2012-02-24,atp_250,False,hard,QF,8,3,Del Potro J.M.,Gasquet R.,10,15,2705,1900,2,0,7,5,7,6,,,,,,,completed,1.36,3.0,1.41,3.21,1.44,3.5,1.39,2.93,2012_14_marseille_open_13,2012_14_marseille_open_13_2012-02-24_QF_del_potro_j_m_gasquet_r
tennis_data_uk,atp,2012,14,Open 13,Marseille,2012-02-24,atp_250,False,hard,QF,8,3,Tipsarevic J.,Ljubicic I.,9,42,2770,995,2,0,6,4,6,4,,,,,,,completed,1.33,3.25,1.38,3.36,1.44,3.75,1.35,3.12,2012_14_marseille_open_13,2012_14_marseille_open_13_2012-02-24_QF_tipsarevic_j_ljubicic_i
tennis_data_uk,atp,2012,14,Open 13,Marseille,2012-02-25,atp_250,False,hard,SF,4,3,Del Potro J.M.,Tsonga J.W.,10,6,2705,4410,2,1,6,4,6,7,6,3,,,,,completed,2.0,1.72,2.1,1.83,2.11,2.63,1.93,1.83,2012_14_marseille_open_13,2012_14_marseille_open_13_2012-02-25_SF_del_potro_j_m_tsonga_j_w
tennis_data_uk,atp,2012,14,Open 13,Marseille,2012-02-25,atp_250,False,hard,SF,4,3,Llodra M.,Tipsarevic J.,50,9,870,2770,2,0,6,4,7,6,,,,,,,completed,2.62,1.44,2.66,1.55,2.75,1.57,2.56,1.49,2012_14_marseille_open_13,2012_14_marseille_open_13_2012-02-25_SF_llodra_m_tipsarevic_j
tennis_data_uk,atp,2012,14,Open 13,Marseille,2012-02-26,atp_250,False,hard,F,2,3,Del Potro J.M.,Llodra M.,10,50,2705,870,2,0,6,4,6,4,,,,,,,completed,1.2,4.5,1.28,4.2,1.28,4.5,1.23,4.02,2012_14_marseille_open_13,2012_14_marseille_open_13_2012-02-26_F_del_potro_j_m_llodra_m
tennis_data_uk,atp,2012,15,Regions Morgan Keegan Championships,Memphis,2012-02-20,atp_500,False,hard,R32,32,3,Dodig I.,Tomic B.,58,37,795,1061,2,1,5,7,6,4,7,6,,,,,completed,3.25,1.33,3.27,1.38,3.36,1.38,3.13,1.35,2012_15_memphis_regions_morgan_keegan_championships,2012_15_memphis_regions_morgan_keegan_championships_2012-02-20_R32_dodig_i_tomic_b
tennis_data_uk,atp,2012,15,Regions Morgan Keegan Championships,Memphis,2012-02-20,atp_500,False,hard,R32,32,3,Young D.,Dimitrov G.,41,83,1000,641,2,1,7,6,4,6,7,6,,,,,completed,3.25,1.33,2.92,1.46,3.26,1.46,2.93,1.39,2012_15_memphis_regions_morgan_keegan_championships,2012_15_memphis_regions_morgan_keegan_championships_2012-02-20_R32_young_d_dimitrov_g
tennis_data_uk,atp,2012,15,Regions Morgan Keegan Championships,Memphis,2012-02-21,atp_500,False,hard,R32,32,3,Stakhovsky S.,Kendrick R.,68,546,710,50,2,0,6,3,7,6,,,,,,,completed,2.0,1.72,1.88,2.01,2.05,2.01,1.94,1.81,2012_15_memphis_regions_morgan_keegan_championships,2012_15_memphis_regions_morgan_keegan_championships_2012-02-21_R32_stakhovsky_s_kendrick_r
tennis_data_uk,atp,2012,15,Regions Morgan Keegan Championships,Memphis,2012-02-21,atp_500,False,hard,R32,32,3,Sweeting R.,Blake J.,78,61,656,769,2,0,6,0,6,2,,,,,,,completed,1.72,2.0,1.83,2.07,2.07,2.09,1.83,1.92,2012_15_memphis_regions_morgan_keegan_championships,2012_15_memphis_regions_morgan_keegan_championships_2012-02-21_R32_sweeting_r_blake_j
tennis_data_uk,atp,2012,15,Regions Morgan Keegan Championships,Memphis,2012-02-21,atp_500,False,hard,R32,32,3,Querrey S.,Falla A.,99,60,550,776,2,1,2,6,6,3,6,4,,,,,completed,1.4,2.75,1.39,3.22,1.52,3.22,1.44,2.71,2012_15_memphis_regions_morgan_keegan_championships,2012_15_memphis_regions_morgan_keegan_championships_2012-02-21_R32_querrey_s_falla_a
tennis_data_uk,atp,2012,15,Regions Morgan Keegan Championships,Memphis,2012-02-22,atp_500,False,hard,R32,32,3,Isner J.,Muller G.,13,69,2025,710,2,0,7,6,7,6,,,,,,,completed,1.14,5.5,1.17,5.81,1.18,5.9,1.15,5.21,2012_15_memphis_regions_morgan_keegan_championships,2012_15_memphis_regions_morgan_keegan_championships_2012-02-22_R32_isner_j_muller_g
tennis_data_uk,atp,2012,15,Regions Morgan Keegan Championships,Memphis,2012-02-22,atp_500,False,hard,R32,32,3,Harrison R.,Sock J.,73,306,686,140,2,1,6,3,2,6,6,4,,,,,completed,1.16,5.0,1.2,5.14,1.23,5.44,1.18,4.62,2012_15_memphis_regions_morgan_keegan_championships,2012_15_memphis_regions_morgan_keegan_championships_2012-02-22_R32_harrison_r_sock_j
tennis_data_uk,atp,2012,15,Regions Morgan Keegan Championships,Memphis,2012-02-22,atp_500,False,hard,R32,32,3,Kubot L.,Levine J.,54,135,832,407,2,0,7,6,6,4,,,,,,,completed,1.9,1.8,1.85,2.05,1.97,2.05,1.87,1.86,2012_15_memphis_regions_morgan_keegan_championships,2012_15_memphis_regions_morgan_keegan_championships_2012-02-22_R32_kubot_l_levine_j
tennis_data_uk,atp,2012,15,Regions Morgan Keegan Championships,Memphis,2012-02-22,atp_500,False,hard,R32,32,3,Rochus O.,Bogomolov A.,51,33,867,1123,2,1,1,6,6,4,7,6,,,,,completed,2.0,1.72,1.73,2.22,2.05,2.22,1.9,1.84,2012_15_memphis_regions_morgan_keegan_championships,2012_15_memphis_regions_morgan_keegan_championships_2012-02-22_R32_rochus_o_bogomolov_a
tennis_data_uk,atp,2012,15,Regions Morgan Keegan Championships,Memphis,2012-02-22,atp_500,False,hard,R32,32,3,Melzer J.,Istomin D.,38,49,1052,907,2,1,6,7,6,3,7,6,,,,,completed,1.72,2.0,1.74,2.2,1.89,2.2,1.74,2.03,2012_15_memphis_regions_morgan_keegan_championships,2012_15_memphis_regions_morgan_keegan_championships_2012-02-22_R32_melzer_j_istomin_d
tennis_data_uk,atp,2012,15,Regions Morgan Keegan Championships,Memphis,2012-02-22,atp_500,False,hard,R32,32,3,Anderson K.,Ginepri R.,36,218,1065,216,2,0,7,5,6,3,,,,,,,completed,1.36,3.0,1.42,3.09,1.42,3.5,1.37,2.97,2012_15_memphis_regions_morgan_keegan_championships,2012_15_memphis_regions_morgan_keegan_championships_2012-02-22_R32_anderson_k_ginepri_r
tennis_data_uk,atp,2012,15,Regions Morgan Keegan Championships,Memphis,2012-02-22,atp_500,False,hard,R32,32,3,Petzschner P.,Benneteau J.,57,29,811,1190,2,0,7,6,7,6,,,,,,,completed,3.25,1.33,2.89,1.47,3.25,1.53,2.93,1.39,2012_15_memphis_regions_morgan_keegan_championships,2012_15_memphis_regions_morgan_keegan_championships_2012-02-22_R32_petzschner_p_benneteau_j
tennis_data_uk,atp,2012,15,Regions Morgan Keegan Championships,Memphis,2012-02-22,atp_500,False,hard,R32,32,3,Stepanek R.,Reynolds B.,28,117,1195,485,2,0,6,3,6,2,,,,,,,completed,1.33,3.25,1.36,3.42,1.42,3.5,1.35,3.14,2012_15_memphis_regions_morgan_keegan_championships,2012_15_memphis_regions_morgan_keegan_championships_2012-02-22_R32_stepanek_r_reynolds_b
tennis_data_uk,atp,2012,15,Regions Morgan Keegan Championships,Memphis,2012-02-23,atp_500,False,hard,R32,32,3,Becker B.,Sela D.,284,74,155,685,2,0,6,4,6,1,,,,,,,completed,1.83,1.83,1.93,1.95,2.12,1.95,1.96,1.8,2012_15_memphis_regions_morgan_keegan_championships,2012_15_memphis_regions_morgan_keegan_championships_2012-02-23_R32_becker_b_sela_d
tennis_data_uk,atp,2012,15,Regions Morgan Keegan Championships,Memphis,2012-02-23,atp_500,False,hard,R32,32,3,Malisse X.,Roddick A.,75,27,680,1290,2,0,7,6,7,5,,,,,,,completed,4.0,1.22,4.59,1.23,4.59,1.29,3.87,1.24,2012_15_memphis_regions_morgan_keegan_championships,2012_15_memphis_regions_morgan_keegan_championships_2012-02-23_R32_malisse_x_roddick_a
tennis_data_uk,atp,2012,15,Regions Morgan Keegan Championships,Memphis,2012-02-23,atp_500,False,hard,R32,32,3,Raonic M.,Gulbis E.,35,70,1090,695,2,0,6,2,7,6,,,,,,,completed,1.18,4.5,1.19,5.22,1.22,5.35,1.19,4.48,2012_15_memphis_regions_morgan_keegan_championships,2012_15_memphis_regions_morgan_keegan_championships_2012-02-23_R32_raonic_m_gulbis_e
tennis_data_uk,atp,2012,15,Regions Morgan Keegan Championships,Memphis,2012-02-23,atp_500,False,hard,R16,16,3,Melzer J.,Dodig I.,38,58,1052,795,2,1,2,6,6,3,7,6,,,,,completed,1.38,2.87,1.47,2.93,1.51,3.06,1.42,2.78,2012_15_memphis_regions_morgan_keegan_championships,2012_15_memphis_regions_morgan_keegan_championships_2012-02-23_R16_melzer_j_dodig_i
tennis_data_uk,atp,2012,15,Regions Morgan Keegan Championships,Memphis,2012-02-23,atp_500,False,hard,R16,16,3,Querrey S.,Anderson K.,99,36,550,1065,2,0,7,6,6,4,,,,,,,completed,2.75,1.4,2.66,1.54,2.88,1.55,2.69,1.45,2012_15_memphis_regions_morgan_keegan_championships,2012_15_memphis_regions_morgan_keegan_championships_2012-02-23_R16_querrey_s_anderson_k
tennis_data_uk,atp,2012,15,Regions Morgan Keegan Championships,Memphis,2012-02-23,atp_500,False,hard,R16,16,3,Kubot L.,Petzschner P.,54,57,832,811,2,0,7,6,6,2,,,,,,,completed,2.1,1.66,2.63,1.55,2.64,1.69,2.25,1.63,2012_15_memphis_regions_morgan_keegan_championships,2012_15_memphis_regions_morgan_keegan_championships_2012-02-23_R16_kubot_l_petzschner_p
tennis_data_uk,atp,2012,15,Regions Morgan Keegan Championships,Memphis,2012-02-23,atp_500,False,hard,R16,16,3,Stepanek R.,Sweeting R.,28,78,1195,656,2,1,4,6,6,3,7,6,,,,,completed,1.36,3.0,1.42,3.14,1.44,3.41,1.38,2.98,2012_15_memphis_regions_morgan_keegan_championships,2012_15_memphis_regions_morgan_keegan_championships_2012-02-23_R16_stepanek_r_sweeting_r
tennis_data_uk,atp,2012,15,Regions Morgan Keegan Championships,Memphis,2012-02-23,atp_500,False,hard,R16,16,3,Rochus O.,Harrison R.,51,73,867,686,2,0,6,4,7,5,,,,,,,completed,2.87,1.38,3.07,1.43,3.07,1.8,2.8,1.42,2012_15_memphis_regions_morgan_keegan_championships,2012_15_memphis_regions_morgan_keegan_championships_2012-02-23_R16_rochus_o_harrison_r
tennis_data_uk,atp,2012,15,Regions Morgan Keegan Championships,Memphis,2012-02-24,atp_500,False,hard,R16,16,3,Becker B.,Malisse X.,284,75,155,680,2,0,7,6,6,4,,,,,,,completed,1.9,1.8,1.9,2.01,2.33,2.03,1.97,1.8,2012_15_memphis_regions_morgan_keegan_championships,2012_15_memphis_regions_morgan_keegan_championships_2012-02-24_R16_becker_b_malisse_x
tennis_data_uk,atp,2012,15,Regions Morgan Keegan Championships,Memphis,2012-02-24,atp_500,False,hard,R16,16,3,Isner J.,Young D.,13,41,2025,1000,2,0,7,6,6,4,,,,,,,completed,1.14,5.5,1.15,6.41,1.17,6.5,1.13,5.58,2012_15_memphis_regions_morgan_keegan_championships,2012_15_memphis_regions_morgan_keegan_championships_2012-02-24_R16_isner_j_young_d
tennis_data_uk,atp,2012,15,Regions Morgan Keegan Championships,Memphis,2012-02-24,atp_500,False,hard,R16,16,3,Raonic M.,Stakhovsky S.,35,68,1090,710,2,0,6,4,6,4,,,,,,,completed,1.14,5.5,1.16,6.3,1.18,6.3,1.14,5.39,2012_15_memphis_regions_morgan_keegan_championships,2012_15_memphis_regions_morgan_keegan_championships_2012-02-24_R16_raonic_m_stakhovsky_s
tennis_data_uk,atp,2012,15,Regions Morgan Keegan Championships,Memphis,2012-02-24,atp_500,False,hard,QF,8,3,Stepanek R.,Querrey S.,28,99,1195,550,2,0,7,6,6,0,,,,,,,completed,2.25,1.57,2.41,1.65,2.53,1.73,2.22,1.64,2012_15_memphis_regions_morgan_keegan_championships,2012_15_memphis_regions_morgan_keegan_championships_2012-02-24_QF_stepanek_r_querrey_s
tennis_data_uk,atp,2012,15,Regions Morgan Keegan Championships,Memphis,2012-02-24,atp_500,False,hard,QF,8,3,Melzer J.,Isner J.,38,13,1052,2025,2,0,6,3,7,6,,,,,,,completed,2.75,1.4,3.13,1.43,3.13,1.45,2.81,1.41,2012_15_memphis_regions_morgan_keegan_championships,2012_15_memphis_regions_morgan_keegan_championships_2012-02-24_QF_melzer_j_isner_j
tennis_data_uk,atp,2012,15,Regions Morgan Keegan Championships,Memphis,2012-02-25,atp_500,False,hard,QF,8,3,Raonic M.,Rochus O.,35,51,1090,867,2,0,6,3,7,6,,,,,,,completed,1.11,6.5,1.11,8.36,1.13,8.36,1.11,6.29,2012_15_memphis_regions_morgan_keegan_championships,2012_15_memphis_regions_morgan_keegan_championships_2012-02-25_QF_raonic_m_rochus_o
tennis_data_uk,atp,2012,15,Regions Morgan Keegan Championships,Memphis,2012-02-25,atp_500,False,hard,QF,8,3,Becker B.,Kubot L.,284,54,155,832,2,0,7,5,7,6,,,,,,,completed,2.0,1.72,2.38,1.67,2.38,1.83,2.03,1.75,2012_15_memphis_regions_morgan_keegan_championships,2012_15_memphis_regions_morgan_keegan_championships_2012-02-25_QF_becker_b_kubot_l
tennis_data_uk,atp,2012,15,Regions Morgan Keegan Championships,Memphis,2012-02-25,atp_500,False,hard,SF,4,3,Melzer J.,Stepanek R.,38,28,1052,1195,2,1,6,4,3,6,6,3,,,,,completed,1.5,2.5,1.63,2.45,1.63,2.65,1.54,2.42,2012_15_memphis_regions_morgan_keegan_championships,2012_15_memphis_regions_morgan_keegan_championships_2012-02-25_SF_melzer_j_stepanek_r
tennis_data_uk,atp,2012,15,Regions Morgan Keegan Championships,Memphis,2012-02-25,atp_500,False,hard,SF,4,3,Raonic M.,Becker B.,35,284,1090,155,2,0,6,4,6,4,,,,,,,completed,1.1,7.0,1.17,6.16,1.17,7.0,1.12,6.01,2012_15_memphis_regions_morgan_keegan_championships,2012_15_memphis_regions_morgan_keegan_championships_2012-02-25_SF_raonic_m_becker_b
tennis_data_uk,atp,2012,15,Regions Morgan Keegan Championships,Memphis,2012-02-26,atp_500,False,hard,F,2,3,Melzer J.,Raonic M.,38,35,1052,1090,2,0,7,5,7,6,,,,,,,completed,3.4,1.33,3.23,1.41,3.4,1.41,3.18,1.34,2012_15_memphis_regions_morgan_keegan_championships,2012_15_memphis_regions_morgan_keegan_championships_2012-02-26_F_melzer_j_raonic_m
tennis_data_uk,atp,2012,16,Abierto Mexicano,Acapulco,2012-02-27,atp_500,True,clay,R32,32,3,Andujar P.,Mayer L.,50,73,910,672,2,0,7,6,6,3,,,,,,,completed,1.9,1.8,2.13,1.79,2.23,1.95,2.0,1.77,2012_16_acapulco_abierto_mexicano,2012_16_acapulco_abierto_mexicano_2012-02-27_R32_andujar_p_mayer_l
tennis_data_uk,atp,2012,16,Abierto Mexicano,Acapulco,2012-02-27,atp_500,True,clay,R32,32,3,Starace P.,Giannessi A.,71,138,690,395,2,0,6,2,7,5,,,,,,,completed,1.25,3.75,1.24,4.52,1.3,4.52,1.27,3.68,2012_16_acapulco_abierto_mexicano,2012_16_acapulco_abierto_mexicano_2012-02-27_R32_starace_p_giannessi_a
tennis_data_uk,atp,2012,16,Abierto Mexicano,Acapulco,2012-02-27,atp_500,True,clay,R32,32,3,Mayer F.,Bagnis F.,18,154,1540,338,2,0,6,2,6,4,,,,,,,completed,1.5,2.5,1.39,3.22,1.56,3.22,1.49,2.55,2012_16_acapulco_abierto_mexicano,2012_16_acapulco_abierto_mexicano_2012-02-27_R32_mayer_f_bagnis_f
tennis_data_uk,atp,2012,16,Abierto Mexicano,Acapulco,2012-02-27,atp_500,True,clay,R32,32,3,Granollers M.,Bellucci T.,28,49,1315,930,2,0,6,4,6,2,,,,,,,completed,1.72,2.0,1.74,2.2,1.9,2.2,1.81,1.94,2012_16_acapulco_abierto_mexicano,2012_16_acapulco_abierto_mexicano_2012-02-27_R32_granollers_m_bellucci_t
tennis_data_uk,atp,2012,16,Abierto Mexicano,Acapulco,2012-02-28,atp_500,True,clay,R32,32,3,Chela J.I.,Ramirez C.,33,536,1165,53,2,0,6,0,6,2,,,,,,,completed,1.07,9.0,1.05,12.39,1.08,14.05,1.06,8.93,2012_16_acapulco_abierto_mexicano,2012_16_acapulco_abierto_mexicano_2012-02-28_R32_chela_j_i_ramirez_c
tennis_data_uk,atp,2012,16,Abierto Mexicano,Acapulco,2012-02-28,atp_500,True,clay,R32,32,3,Paire B.,Cabal J.S.,99,257,556,177,2,0,7,6,7,6,,,,,,,completed,1.33,3.25,1.33,3.58,1.4,3.74,1.34,3.25,2012_16_acapulco_abierto_mexicano,2012_16_acapulco_abierto_mexicano_2012-02-28_R32_paire_b_cabal_j_s
tennis_data_uk,atp,2012,16,Abierto Mexicano,Acapulco,2012-02-28,atp_500,True,clay,R32,32,3,Berlocq C.,Simon G.,43,13,991,2005,2,0,7,6,6,3,,,,,,,completed,1.72,2.0,2.02,1.87,2.02,2.1,1.78,1.97,2012_16_acapulco_abierto_mexicano,2012_16_acapulco_abierto_mexicano_2012-02-28_R32_berlocq_c_simon_g
tennis_data_uk,atp,2012,16,Abierto Mexicano,Acapulco,2012-02-28,atp_500,True,clay,R32,32,3,Kubot L.,Garza D.,54,328,832,133,2,0,6,1,6,3,,,,,,,completed,1.07,9.0,1.04,14.79,1.08,15.47,1.05,9.41,2012_16_acapulco_abierto_mexicano,2012_16_acapulco_abierto_mexicano_2012-02-28_R32_kubot_l_garza_d
tennis_data_uk,atp,2012,16,Abierto Mexicano,Acapulco,2012-02-28,atp_500,True,clay,R32,32,3,Ramos A.,Monaco J.,58,23,782,1460,1,0,7,6,5,3,,,,,,,retired,3.5,1.28,3.66,1.32,3.8,1.37,3.3,1.32,2012_16_acapulco_abierto_mexicano,2012_16_acapulco_abierto_mexicano_2012-02-28_R32_ramos_a_monaco_j
tennis_data_uk,atp,2012,16,Abierto Mexicano,Acapulco,2012-02-28,atp_500,True,clay,R32,32,3,Chardy J.,Machado R.,64,79,744,649,2,0,7,6,6,3,,,,,,,completed,1.44,2.62,1.49,2.8,1.54,2.8,1.46,2.63,2012_16_acapulco_abierto_mexicano,2012_16_acapulco_abierto_mexicano_2012-02-28_R32_chardy_j_machado_r
tennis_data_uk,atp,2012,16,Abierto Mexicano,Acapulco,2012-02-28,atp_500,True,clay,R32,32,3,Wawrinka S.,Ferrero J.C.,29,47,1300,960,2,1,2,6,6,3,6,4,,,,,completed,1.4,2.75,1.48,2.84,1.51,2.9,1.43,2.72,2012_16_acapulco_abierto_mexicano,2012_16_acapulco_abierto_mexicano_2012-02-28_R32_wawrinka_s_ferrero_j_c
tennis_data_uk,atp,2012,16,Abierto Mexicano,Acapulco,2012-02-28,atp_500,True,clay,R32,32,3,Giraldo S.,Nalbandian D.,80,70,645,700,2,0,6,2,6,2,,,,,,,completed,3.5,1.28,3.82,1.3,3.82,1.34,3.39,1.3,2012_16_acapulco_abierto_mexicano,2012_16_acapulco_abierto_mexicano_2012-02-28_R32_giraldo_s_nalbandian_d
tennis_data_uk,atp,2012,16,Abierto Mexicano,Acapulco,2012-02-28,atp_500,True,clay,R32,32,3,Verdasco F.,Volandri F.,27,56,1320,798,2,0,6,0,6,2,,,,,,,completed,1.4,2.75,1.44,3.0,1.47,3.01,1.42,2.78,2012_16_acapulco_abierto_mexicano,2012_16_acapulco_abierto_mexicano_2012-02-28_R32_verdasco_f_volandri_f
tennis_data_uk,atp,2012,16,Abierto Mexicano,Acapulco,2012-02-29,atp_500,True,clay,R32,32,3,Nishikori K.,Montanes A.,17,52,1665,860,1,0,6,2,4,1,,,,,,,retired,1.38,2.87,1.41,3.11,1.45,3.16,1.41,2.84,2012_16_acapulco_abierto_mexicano,2012_16_acapulco_abierto_mexicano_2012-02-29_R32_nishikori_k_montanes_a
tennis_data_uk,atp,2012,16,Abierto Mexicano,Acapulco,2012-02-29,atp_500,True,clay,R32,32,3,Ferrer D.,Gonzalez S.,6,,4345,,2,0,6,1,6,2,,,,,,,completed,1.01,26.0,1.01,51.0,1.02,54.12,1.01,20.35,2012_16_acapulco_abierto_mexicano,2012_16_acapulco_abierto_mexicano_2012-02-29_R32_ferrer_d_gonzalez_s
tennis_data_uk,atp,2012,16,Abierto Mexicano,Acapulco,2012-02-29,atp_500,True,clay,R32,32,3,Almagro N.,Riba P.,12,92,2070,612,2,1,6,2,3,6,6,2,,,,,completed,1.08,8.0,1.08,9.43,1.12,10.0,1.09,6.99,2012_16_acapulco_abierto_mexicano,2012_16_acapulco_abierto_mexicano_2012-02-29_R32_almagro_n_riba_p
tennis_data_uk,atp,2012,16,Abierto Mexicano,Acapulco,2012-02-29,atp_500,True,clay,R16,16,3,Giraldo S.,Granollers M.,80,28,645,1315,2,0,6,4,6,3,,,,,,,completed,2.0,1.72,2.04,1.87,2.1,1.87,1.98,1.78,2012_16_acapulco_abierto_mexicano,2012_16_acapulco_abierto_mexicano_2012-02-29_R16_giraldo_s_granollers_m
tennis_data_uk,atp,2012,16,Abierto Mexicano,Acapulco,2012-02-29,atp_500,True,clay,R16,16,3,Berlocq C.,Starace P.,43,71,991,690,2,0,6,1,6,4,,,,,,,completed,1.72,2.0,1.83,2.09,1.83,2.23,1.72,2.05,2012_16_acapulco_abierto_mexicano,2012_16_acapulco_abierto_mexicano_2012-02-29_R16_berlocq_c_starace_p
tennis_data_uk,atp,2012,16,Abierto Mexicano,Acapulco,2012-02-29,atp_500,True,clay,R16,16,3,Andujar P.,Mayer F.,50,18,910,1540,2,1,4,6,7,5,6,4,,,,,completed,2.62,1.44,2.73,1.52,2.83,1.53,2.58,1.48,2012_16_acapulco_abierto_mexicano,2012_16_acapulco_abierto_mexicano_2012-02-29_R16_andujar_p_mayer_f
tennis_data_uk,atp,2012,16,Abierto Mexicano,Acapulco,2012-02-29,atp_500,True,clay,R16,16,3,Almagro N.,Paire B.,12,99,2070,556,2,1,3,6,6,3,6,4,,,,,completed,1.12,6.0,1.17,5.83,1.17,6.87,1.14,5.38,2012_16_acapulco_abierto_mexicano,2012_16_acapulco_abierto_mexicano_2012-02-29_R16_almagro_n_paire_b
tennis_data_uk,atp,2012,16,Abierto Mexicano,Acapulco,2012-02-29,atp_500,True,clay,R16,16,3,Verdasco F.,Chela J.I.,27,33,1320,1165,2,0,6,4,6,2,,,,,,,completed,1.44,2.62,1.5,2.8,1.8,2.96,1.48,2.58,2012_16_acapulco_abierto_mexicano,2012_16_acapulco_abierto_mexicano_2012-02-29_R16_verdasco_f_chela_j_i
tennis_data_uk,atp,2012,16,Abierto Mexicano,Acapulco,2012-03-01,atp_500,True,clay,R16,16,3,Chardy J.,Nishikori K.,64,17,744,1665,2,1,1,6,7,6,6,0,,,,,completed,2.75,1.4,2.93,1.47,3.06,1.5,2.64,1.46,2012_16_acapulco_abierto_mexicano,2012_16_acapulco_abierto_mexicano_2012-03-01_R16_chardy_j_nishikori_k
tennis_data_uk,atp,2012,16,Abierto Mexicano,Acapulco,2012-03-01,atp_500,True,clay,R16,16,3,Ferrer D.,Kubot L.,6,54,4345,832,2,0,6,3,6,3,,,,,,,completed,1.03,15.0,1.03,20.0,1.05,20.0,1.03,11.71,2012_16_acapulco_abierto_mexicano,2012_16_acapulco_abierto_mexicano_2012-03-01_R16_ferrer_d_kubot_l
tennis_data_uk,atp,2012,16,Abierto Mexicano,Acapulco,2012-03-01,atp_500,True,clay,R16,16,3,Wawrinka S.,Ramos A.,29,58,1300,782,2,1,6,3,3,6,6,3,,,,,completed,1.4,2.75,1.5,2.79,1.5,2.95,1.43,2.76,2012_16_acapulco_abierto_mexicano,2012_16_acapulco_abierto_mexicano_2012-03-01_R16_wawrinka_s_ramos_a
tennis_data_uk,atp,2012,16,Abierto Mexicano,Acapulco,2012-03-01,atp_500,True,clay,QF,8,3,Verdasco F.,Almagro N.,27,12,1320,2070,2,0,6,4,7,6,,,,,,,completed,2.2,1.61,2.29,1.71,2.29,1.76,2.15,1.67,2012_16_acapulco_abierto_mexicano,2012_16_acapulco_abierto_mexicano_2012-03-01_QF_verdasco_f_almagro_n
tennis_data_uk,atp,2012,16,Abierto Mexicano,Acapulco,2012-03-01,atp_500,True,clay,QF,8,3,Wawrinka S.,Chardy J.,29,64,1300,744,2,0,7,5,6,1,,,,,,,completed,1.33,3.25,1.33,3.71,1.4,3.71,1.35,3.11,2012_16_acapulco_abierto_mexicano,2012_16_acapulco_abierto_mexicano_2012-03-01_QF_wawrinka_s_chardy_j
tennis_data_uk,atp,2012,16,Abierto Mexicano,Acapulco,2012-03-02,atp_500,True,clay,QF,8,3,Ferrer D.,Andujar P.,6,50,4345,910,2,0,6,2,6,4,,,,,,,completed,1.03,15.0,1.05,13.8,1.06,16.75,1.04,10.61,2012_16_acapulco_abierto_mexicano,2012_16_acapulco_abierto_mexicano_2012-03-02_QF_ferrer_d_andujar_p
tennis_data_uk,atp,2012,16,Abierto Mexicano,Acapulco,2012-03-02,atp_500,True,clay,QF,8,3,Giraldo S.,Berlocq C.,80,43,645,991,2,1,7,5,3,6,6,4,,,,,completed,2.25,1.57,2.38,1.67,2.43,1.75,2.2,1.64,2012_16_acapulco_abierto_mexicano,2012_16_acapulco_abierto_mexicano_2012-03-02_QF_giraldo_s_berlocq_c
tennis_data_uk,atp,2012,16,Abierto Mexicano,Acapulco,2012-03-02,atp_500,True,clay,SF,4,3,Verdasco F.,Wawrinka S.,27,29,1320,1300,2,0,6,3,6,3,,,,,,,completed,1.72,2.0,1.79,2.16,1.85,2.16,1.78,1.98,2012_16_acapulco_abierto_mexicano,2012_16_acapulco_abierto_mexicano_2012-03-02_SF_verdasco_f_wawrinka_s
tennis_data_uk,atp,2012,16,Abierto Mexicano,Acapulco,2012-03-03,atp_500,True,clay,SF,4,3,Ferrer D.,Giraldo S.,6,80,4345,645,2,0,7,5,6,4,,,,,,,completed,1.05,11.0,1.07,11.5,1.07,13.05,1.05,9.3,2012_16_acapulco_abierto_mexicano,2012_16_acapulco_abierto_mexicano_2012-03-03_SF_ferrer_d_giraldo_s
tennis_data_uk,atp,2012,16,Abierto Mexicano,Acapulco,2012-03-04,atp_500,True,clay,F,2,3,Ferrer D.,Verdasco F.,6,27,4345,1320,2,0,6,1,6,2,,,,,,,completed,1.3,3.5,1.34,3.64,1.4,3.64,1.34,3.22,2012_16_acapulco_abierto_mexicano,2012_16_acapulco_abierto_mexicano_2012-03-04_F_ferrer_d_verdasco_f
tennis_data_uk,atp,2012,17,International Championships,Delray Beach,2012-02-27,atp_250,True,hard,R32,32,3,Sela D.,Kudla D.,75,179,665,279,2,0,6,4,6,3,,,,,,,completed,1.44,2.62,1.57,2.55,1.61,3.75,1.52,2.47,2012_17_delray_beach_international_championships,2012_17_delray_beach_international_championships_2012-02-27_R32_sela_d_kudla_d
tennis_data_uk,atp,2012,17,International Championships,Delray Beach,2012-02-27,atp_250,True,hard,R32,32,3,Istomin D.,Ebden M.,51,85,907,628,2,0,6,2,6,3,,,,,,,completed,1.36,3.0,1.34,3.54,1.44,3.54,1.36,3.06,2012_17_delray_beach_international_championships,2012_17_delray_beach_international_championships_2012-02-27_R32_istomin_d_ebden_m
tennis_data_uk,atp,2012,17,International Championships,Delray Beach,2012-02-27,atp_250,True,hard,R32,32,3,Sweeting R.,Young D.,82,38,644,1039,2,0,6,1,6,1,,,,,,,completed,2.0,1.72,1.87,2.02,2.2,2.02,1.96,1.8,2012_17_delray_beach_international_championships,2012_17_delray_beach_international_championships_2012-02-27_R32_sweeting_r_young_d
tennis_data_uk,atp,2012,17,International Championships,Delray Beach,2012-02-28,atp_250,True,hard,R32,32,3,Tomic B.,Haas T.,37,165,1061,302,2,0,6,4,6,3,,,,,,,completed,1.38,2.87,1.38,3.3,1.45,3.49,1.37,2.97,2012_17_delray_beach_international_championships,2012_17_delray_beach_international_championships_2012-02-28_R32_tomic_b_haas_t
tennis_data_uk,atp,2012,17,International Championships,Delray Beach,2012-02-28,atp_250,True,hard,R32,32,3,Gulbis E.,Falla A.,78,67,650,725,2,0,6,4,6,1,,,,,,,completed,1.9,1.8,1.98,1.91,2.03,1.98,1.89,1.85,2012_17_delray_beach_international_championships,2012_17_delray_beach_international_championships_2012-02-28_R32_gulbis_e_falla_a
tennis_data_uk,atp,2012,17,International Championships,Delray Beach,2012-02-28,atp_250,True,hard,R32,32,3,Kohlschreiber P.,Rochus O.,32,48,1185,957,2,0,6,1,6,4,,,,,,,completed,1.44,2.62,1.58,2.52,1.58,2.75,1.49,2.53,2012_17_delray_beach_international_championships,2012_17_delray_beach_international_championships_2012-02-28_R32_kohlschreiber_p_rochus_o
tennis_data_uk,atp,2012,17,International Championships,Delray Beach,2012-02-28,atp_250,True,hard,R32,32,3,Darcis S.,Troicki V.,68,22,720,1460,2,1,6,4,4,6,6,4,,,,,completed,2.62,1.44,3.01,1.43,3.13,1.5,2.7,1.44,2012_17_delray_beach_international_championships,2012_17_delray_beach_international_championships_2012-02-28_R32_darcis_s_troicki_v
tennis_data_uk,atp,2012,17,International Championships,Delray Beach,2012-02-28,atp_250,True,hard,R32,32,3,Dodig I.,Bachinger M.,57,94,795,598,2,1,4,6,6,4,6,4,,,,,completed,1.4,2.75,1.55,2.6,1.55,2.85,1.46,2.64,2012_17_delray_beach_international_championships,2012_17_delray_beach_international_championships_2012-02-28_R32_dodig_i_bachinger_m
tennis_data_uk,atp,2012,17,International Championships,Delray Beach,2012-02-28,atp_250,True,hard,R32,32,3,Nieminen J.,Cilic M.,45,21,978,1485,2,1,6,3,3,6,6,2,,,,,completed,1.57,2.25,1.54,2.62,1.6,2.65,1.53,2.43,2012_17_delray_beach_international_championships,2012_17_delray_beach_international_championships_2012-02-28_R32_nieminen_j_cilic_m
tennis_data_uk,atp,2012,17,International Championships,Delray Beach,2012-02-28,atp_250,True,hard,R32,32,3,Malisse X.,Garcia-Lopez G.,66,93,725,605,2,0,7,6,6,3,,,,,,,completed,1.57,2.25,1.53,2.67,1.65,2.67,1.58,2.32,2012_17_delray_beach_international_championships,2012_17_delray_beach_international_championships_2012-02-28_R32_malisse_x_garcia_lopez_g
tennis_data_uk,atp,2012,17,International Championships,Delray Beach,2012-02-28,atp_250,True,hard,R32,32,3,Anderson K.,Krajicek A.,36,502,1065,64,2,0,6,1,6,4,,,,,,,completed,1.06,10.0,1.03,15.56,1.07,15.56,1.05,9.33,2012_17_delray_beach_international_championships,2012_17_delray_beach_international_championships_2012-02-28_R32_anderson_k_krajicek_a
tennis_data_uk,atp,2012,17,International Championships,Delray Beach,2012-02-28,atp_250,True,hard,R32,32,3,Isner J.,Levine J.,11,133,2075,427,2,0,6,4,7,6,,,,,,,completed,1.11,6.5,1.16,6.02,1.16,9.0,1.12,5.86,2012_17_delray_beach_international_championships,2012_17_delray_beach_international_championships_2012-02-28_R32_isner_j_levine_j
tennis_data_uk,atp,2012,17,International Championships,Delray Beach,2012-02-28,atp_250,True,hard,R32,32,3,Smyczek T.,Melzer J.,287,19,155,1507,2,1,6,4,2,6,7,5,,,,,completed,4.0,1.22,3.29,1.37,4.25,1.37,3.57,1.28,2012_17_delray_beach_international_championships,2012_17_delray_beach_international_championships_2012-02-28_R32_smyczek_t_melzer_j
tennis_data_uk,atp,2012,17,International Championships,Delray Beach,2012-02-28,atp_250,True,hard,R32,32,3,Matosevic M.,Karlovic I.,173,41,293,1017,2,0,6,3,6,4,,,,,,,completed,4.5,1.18,4.36,1.25,4.7,1.25,4.3,1.21,2012_17_delray_beach_international_championships,2012_17_delray_beach_international_championships_2012-02-28_R32_matosevic_m_karlovic_i
tennis_data_uk,atp,2012,17,International Championships,Delray Beach,2012-02-28,atp_250,True,hard,R32,32,3,Bogomolov A.,Yani M.,35,186,1123,264,2,0,6,3,6,1,,,,,,,completed,1.16,5.0,1.22,4.74,1.22,5.25,1.18,4.66,2012_17_delray_beach_international_championships,2012_17_delray_beach_international_championships_2012-02-28_R32_bogomolov_a_yani_m
tennis_data_uk,atp,2012,17,International Championships,Delray Beach,2012-02-29,atp_250,True,hard,R32,32,3,Roddick A.,Petzschner P.,30,61,1290,766,2,1,4,6,6,4,6,1,,,,,completed,1.38,2.87,1.41,3.13,1.45,3.21,1.4,2.84,2012_17_delray_beach_international_championships,2012_17_delray_beach_international_championships_2012-02-29_R32_roddick_a_petzschner_p
tennis_data_uk,atp,2012,17,International Championships,Delray Beach,2012-02-29,atp_250,True,hard,R16,16,3,Gulbis E.,Darcis S.,78,68,650,720,2,1,6,7,6,1,6,3,,,,,completed,1.53,2.37,1.65,2.4,1.67,2.6,1.6,2.28,2012_17_delray_beach_international_championships,2012_17_delray_beach_international_championships_2012-02-29_R16_gulbis_e_darcis_s
tennis_data_uk,atp,2012,17,International Championships,Delray Beach,2012-02-29,atp_250,True,hard,R16,16,3,Matosevic M.,Bogomolov A.,173,35,293,1123,2,1,4,6,6,1,6,3,,,,,completed,2.37,1.53,2.65,1.55,2.65,1.65,2.31,1.58,2012_17_delray_beach_international_championships,2012_17_delray_beach_international_championships_2012-02-29_R16_matosevic_m_bogomolov_a
tennis_data_uk,atp,2012,17,International Championships,Delray Beach,2012-03-01,atp_250,True,hard,R16,16,3,Isner J.,Sweeting R.,11,82,2075,644,2,0,6,3,6,4,,,,,,,completed,1.22,4.0,1.32,3.73,1.32,4.33,1.26,3.75,2012_17_delray_beach_international_championships,2012_17_delray_beach_international_championships_2012-03-01_R16_isner_j_sweeting_r
tennis_data_uk,atp,2012,17,International Championships,Delray Beach,2012-03-01,atp_250,True,hard,R16,16,3,Tomic B.,Smyczek T.,37,287,1061,155,2,0,6,1,7,5,,,,,,,completed,1.22,4.0,1.26,4.38,1.29,4.38,1.25,3.79,2012_17_delray_beach_international_championships,2012_17_delray_beach_international_championships_2012-03-01_R16_tomic_b_smyczek_t
tennis_data_uk,atp,2012,17,International Championships,Delray Beach,2012-03-01,atp_250,True,hard,R16,16,3,Sela D.,Nieminen J.,75,45,665,978,2,0,6,4,6,4,,,,,,,completed,3.5,1.28,4.26,1.27,4.26,1.37,3.43,1.3,2012_17_delray_beach_international_championships,2012_17_delray_beach_international_championships_2012-03-01_R16_sela_d_nieminen_j
tennis_data_uk,atp,2012,17,International Championships,Delray Beach,2012-03-01,atp_250,True,hard,R16,16,3,Kohlschreiber P.,Dodig I.,32,57,1185,795,2,0,6,2,6,2,,,,,,,completed,1.38,2.87,1.46,2.96,1.46,3.25,1.41,2.81,2012_17_delray_beach_international_championships,2012_17_delray_beach_international_championships_2012-03-01_R16_kohlschreiber_p_dodig_i
tennis_data_uk,atp,2012,17,International Championships,Delray Beach,2012-03-01,atp_250,True,hard,R16,16,3,Anderson K.,Malisse X.,36,66,1065,725,2,1,6,3,3,6,6,3,,,,,completed,1.33,3.25,1.32,3.73,1.36,3.73,1.32,3.25,2012_17_delray_beach_international_championships,2012_17_delray_beach_international_championships_2012-03-01_R16_anderson_k_malisse_x
tennis_data_uk,atp,2012,17,International Championships,Delray Beach,2012-03-02,atp_250,True,hard,R16,16,3,Roddick A.,Istomin D.,30,51,1290,907,2,0,6,4,7,5,,,,,,,completed,1.72,2.0,1.83,2.09,1.83,2.14,1.77,2.0,2012_17_delray_beach_international_championships,2012_17_delray_beach_international_championships_2012-03-02_R16_roddick_a_istomin_d
tennis_data_uk,atp,2012,17,International Championships,Delray Beach,2012-03-02,atp_250,True,hard,QF,8,3,Sela D.,Kohlschreiber P.,75,32,665,1185,2,1,6,4,6,7,6,0,,,,,completed,3.75,1.25,3.97,1.3,4.1,1.3,3.71,1.26,2012_17_delray_beach_international_championships,2012_17_delray_beach_international_championships_2012-03-02_QF_sela_d_kohlschreiber_p
tennis_data_uk,atp,2012,17,International Championships,Delray Beach,2012-03-02,atp_250,True,hard,QF,8,3,Matosevic M.,Gulbis E.,173,78,293,650,2,1,3,6,6,1,6,1,,,,,completed,3.0,1.36,3.58,1.35,3.58,1.4,3.06,1.36,2012_17_delray_beach_international_championships,2012_17_delray_beach_international_championships_2012-03-02_QF_matosevic_m_gulbis_e
tennis_data_uk,atp,2012,17,International Championships,Delray Beach,2012-03-02,atp_250,True,hard,QF,8,3,Isner J.,Tomic B.,11,37,2075,1061,2,0,6,3,6,2,,,,,,,completed,1.5,2.5,1.48,2.91,1.57,2.91,1.5,2.53,2012_17_delray_beach_international_championships,2012_17_delray_beach_international_championships_2012-03-02_QF_isner_j_tomic_b
tennis_data_uk,atp,2012,17,International Championships,Delray Beach,2012-03-03,atp_250,True,hard,QF,8,3,Anderson K.,Roddick A.,36,30,1065,1290,2,1,2,6,7,6,6,4,,,,,completed,2.0,1.72,2.32,1.7,2.45,1.72,2.18,1.65,2012_17_delray_beach_international_championships,2012_17_delray_beach_international_championships_2012-03-03_QF_anderson_k_roddick_a
tennis_data_uk,atp,2012,17,International Championships,Delray Beach,2012-03-03,atp_250,True,hard,SF,4,3,Matosevic M.,Sela D.,173,75,293,665,2,1,5,7,6,4,7,6,,,,,completed,2.37,1.53,2.29,1.71,2.37,1.71,2.23,1.63,2012_17_delray_beach_international_championships,2012_17_delray_beach_international_championships_2012-03-03_SF_matosevic_m_sela_d
tennis_data_uk,atp,2012,17,International Championships,Delray Beach,2012-03-04,atp_250,True,hard,SF,4,3,Anderson K.,Isner J.,36,11,1065,2075,2,0,7,5,7,6,,,,,,,completed,2.75,1.4,3.06,1.44,3.06,1.53,2.68,1.45,2012_17_delray_beach_international_championships,2012_17_delray_beach_international_championships_2012-03-04_SF_anderson_k_isner_j
tennis_data_uk,atp,2012,17,International Championships,Delray Beach,2012-03-04,atp_250,True,hard,F,2,3,Anderson K.,Matosevic M.,36,173,1065,293,2,0,6,4,7,6,,,,,,,completed,1.18,4.5,1.23,4.8,1.29,4.8,1.21,4.3,2012_17_delray_beach_international_championships,2012_17_delray_beach_international_championships_2012-03-04_F_anderson_k_matosevic_m
tennis_data_uk,atp,2012,18,Dubai Tennis Championships,Dubai,2012-02-27,atp_500,True,hard,R32,32,3,Golubev A.,Djokovic M.,143,869,377,12,2,0,6,3,6,2,,,,,,,completed,1.05,11.0,1.07,10.16,1.12,12.7,1.06,8.65,2012_18_dubai_dubai_tennis_championships,2012_18_dubai_dubai_tennis_championships_2012-02-27_R32_golubev_a_djokovic_m
tennis_data_uk,atp,2012,18,Dubai Tennis Championships,Dubai,2012-02-27,atp_500,True,hard,R32,32,3,Fish M.,Beck A.,8,97,2870,576,2,0,6,1,6,1,,,,,,,completed,1.14,5.5,1.18,5.4,1.18,8.0,1.14,5.44,2012_18_dubai_dubai_tennis_championships,2012_18_dubai_dubai_tennis_championships_2012-02-27_R32_fish_m_beck_a
tennis_data_uk,atp,2012,18,Dubai Tennis Championships,Dubai,2012-02-27,atp_500,True,hard,R32,32,3,Rosol L.,Mannarino A.,96,125,591,443,2,0,6,2,6,2,,,,,,,completed,1.5,2.5,1.59,2.5,1.6,2.64,1.53,2.44,2012_18_dubai_dubai_tennis_championships,2012_18_dubai_dubai_tennis_championships_2012-02-27_R32_rosol_l_mannarino_a
tennis_data_uk,atp,2012,18,Dubai Tennis Championships,Dubai,2012-02-27,atp_500,True,hard,R32,32,3,Djokovic N.,Stebe C.M.,1,72,13130,678,2,0,6,4,6,2,,,,,,,completed,1.01,26.0,1.01,71.0,1.02,71.0,1.01,21.27,2012_18_dubai_dubai_tennis_championships,2012_18_dubai_dubai_tennis_championships_2012-02-27_R32_djokovic_n_stebe_c_m
tennis_data_uk,atp,2012,18,Dubai Tennis Championships,Dubai,2012-02-27,atp_500,True,hard,R32,32,3,Lacko L.,Bubka S.,76,190,661,259,2,1,2,6,6,2,7,6,,,,,completed,1.2,4.33,1.22,4.81,1.26,4.81,1.23,4.05,2012_18_dubai_dubai_tennis_championships,2012_18_dubai_dubai_tennis_championships_2012-02-27_R32_lacko_l_bubka_s
tennis_data_uk,atp,2012,18,Dubai Tennis Championships,Dubai,2012-02-28,atp_500,True,hard,R32,32,3,Chiudinelli M.,Davydenko N.,185,42,267,1010,2,1,6,4,5,7,6,4,,,,,completed,3.75,1.25,3.9,1.29,4.33,1.32,3.56,1.28,2012_18_dubai_dubai_tennis_championships,2012_18_dubai_dubai_tennis_championships_2012-02-28_R32_chiudinelli_m_davydenko_n
tennis_data_uk,atp,2012,18,Dubai Tennis Championships,Dubai,2012-02-28,atp_500,True,hard,R32,32,3,Murray A.,Berrer M.,4,116,7150,487,2,1,6,3,4,6,6,4,,,,,completed,1.02,19.0,1.02,26.0,1.04,28.9,1.02,14.24,2012_18_dubai_dubai_tennis_championships,2012_18_dubai_dubai_tennis_championships_2012-02-28_R32_murray_a_berrer_m
tennis_data_uk,atp,2012,18,Dubai Tennis Championships,Dubai,2012-02-28,atp_500,True,hard,R32,32,3,Stakhovsky S.,Awadhy O.,74,,665,,2,0,6,1,6,2,,,,,,,completed,1.01,21.0,1.01,36.0,1.02,40.22,1.01,17.51,2012_18_dubai_dubai_tennis_championships,2012_18_dubai_dubai_tennis_championships_2012-02-28_R32_stakhovsky_s_awadhy_o
tennis_data_uk,atp,2012,18,Dubai Tennis Championships,Dubai,2012-02-28,atp_500,True,hard,R32,32,3,Youzhny M.,Gasquet R.,34,16,1140,1765,1,0,6,3,,,,,,,,,retired,2.62,1.44,2.94,1.45,3.16,1.51,2.69,1.44,2012_18_dubai_dubai_tennis_championships,2012_18_dubai_dubai_tennis_championships_2012-02-28_R32_youzhny_m_gasquet_r
tennis_data_uk,atp,2012,18,Dubai Tennis Championships,Dubai,2012-02-28,atp_500,True,hard,R32,32,3,Cipolla F.,Ljubicic I.,86,39,624,1030,2,0,6,2,7,5,,,,,,,completed,2.5,1.5,2.55,1.57,2.75,1.57,2.53,1.5,2012_18_dubai_dubai_tennis_championships,2012_18_dubai_dubai_tennis_championships_2012-02-28_R32_cipolla_f_ljubicic_i
tennis_data_uk,atp,2012,18,Dubai Tennis Championships,Dubai,2012-02-28,atp_500,True,hard,R32,32,3,Tsonga J.W.,Baghdatis M.,5,46,4410,975,2,0,7,6,6,4,,,,,,,completed,1.25,3.75,1.29,3.95,1.31,4.1,1.27,3.65,2012_18_dubai_dubai_tennis_championships,2012_18_dubai_dubai_tennis_championships_2012-02-28_R32_tsonga_j_w_baghdatis_m
tennis_data_uk,atp,2012,18,Dubai Tennis Championships,Dubai,2012-02-28,atp_500,True,hard,R32,32,3,Tipsarevic J.,Kunitsyn I.,9,77,2710,657,2,0,6,2,6,2,,,,,,,completed,1.1,7.0,1.09,8.93,1.13,9.0,1.1,6.57,2012_18_dubai_dubai_tennis_championships,2012_18_dubai_dubai_tennis_championships_2012-02-28_R32_tipsarevic_j_kunitsyn_i
tennis_data_uk,atp,2012,18,Dubai Tennis Championships,Dubai,2012-02-28,atp_500,True,hard,R32,32,3,Berdych T.,Becker B.,7,155,3860,335,2,0,6,2,6,2,,,,,,,completed,1.06,10.0,1.06,11.63,1.07,12.46,1.06,9.07,2012_18_dubai_dubai_tennis_championships,2012_18_dubai_dubai_tennis_championships_2012-02-28_R32_berdych_t_becker_b
tennis_data_uk,atp,2012,18,Dubai Tennis Championships,Dubai,2012-02-28,atp_500,True,hard,R32,32,3,Federer R.,Llodra M.,3,40,8235,1020,2,0,6,0,7,6,,,,,,,completed,1.04,13.0,1.03,15.56,1.06,15.56,1.04,10.77,2012_18_dubai_dubai_tennis_championships,2012_18_dubai_dubai_tennis_championships_2012-02-28_R32_federer_r_llodra_m
tennis_data_uk,atp,2012,18,Dubai Tennis Championships,Dubai,2012-02-28,atp_500,True,hard,R32,32,3,Lopez F.,Mahut N.,15,83,1890,638,2,0,6,4,6,4,,,,,,,completed,1.36,3.0,1.45,2.94,1.5,3.01,1.42,2.76,2012_18_dubai_dubai_tennis_championships,2012_18_dubai_dubai_tennis_championships_2012-02-28_R32_lopez_f_mahut_n
tennis_data_uk,atp,2012,18,Dubai Tennis Championships,Dubai,2012-02-28,atp_500,True,hard,R32,32,3,Del Potro J.M.,Dolgopolov O.,10,171,2705,390,2,0,6,3,7,6,,,,,,,completed,1.25,3.75,1.27,4.1,1.33,4.19,1.27,3.63,2012_18_dubai_dubai_tennis_championships,2012_18_dubai_dubai_tennis_championships_2012-02-28_R32_del_potro_j_m_dolgopolov_o
tennis_data_uk,atp,2012,18,Dubai Tennis Championships,Dubai,2012-02-29,atp_500,True,hard,R16,16,3,Tipsarevic J.,Cipolla F.,9,86,2710,624,2,1,6,7,6,1,6,1,,,,,completed,1.08,8.0,1.12,7.45,1.12,9.0,1.08,7.16,2012_18_dubai_dubai_tennis_championships,2012_18_dubai_dubai_tennis_championships_2012-02-29_R16_tipsarevic_j_cipolla_f
tennis_data_uk,atp,2012,18,Dubai Tennis Championships,Dubai,2012-02-29,atp_500,True,hard,R16,16,3,Murray A.,Chiudinelli M.,4,185,7150,267,2,0,6,3,6,4,,,,,,,completed,1.04,13.0,1.03,20.0,1.05,20.5,1.03,12.24,2012_18_dubai_dubai_tennis_championships,2012_18_dubai_dubai_tennis_championships_2012-02-29_R16_murray_a_chiudinelli_m
tennis_data_uk,atp,2012,18,Dubai Tennis Championships,Dubai,2012-02-29,atp_500,True,hard,R16,16,3,Djokovic N.,Stakhovsky S.,1,74,13130,665,2,0,7,6,6,3,,,,,,,completed,1.01,26.0,1.01,46.0,1.02,52.69,1.01,19.4,2012_18_dubai_dubai_tennis_championships,2012_18_dubai_dubai_tennis_championships_2012-02-29_R16_djokovic_n_stakhovsky_s
tennis_data_uk,atp,2012,18,Dubai Tennis Championships,Dubai,2012-02-29,atp_500,True,hard,R16,16,3,Youzhny M.,Fish M.,34,8,1140,2870,2,0,6,2,7,6,,,,,,,completed,2.37,1.53,2.37,1.66,2.53,1.66,2.29,1.6,2012_18_dubai_dubai_tennis_championships,2012_18_dubai_dubai_tennis_championships_2012-02-29_R16_youzhny_m_fish_m
tennis_data_uk,atp,2012,18,Dubai Tennis Championships,Dubai,2012-02-29,atp_500,True,hard,R16,16,3,Berdych T.,Lacko L.,7,76,3860,661,2,0,6,1,6,2,,,,,,,completed,1.07,9.0,1.07,10.75,1.09,12.25,1.07,7.98,2012_18_dubai_dubai_tennis_championships,2012_18_dubai_dubai_tennis_championships_2012-02-29_R16_berdych_t_lacko_l
tennis_data_uk,atp,2012,18,Dubai Tennis Championships,Dubai,2012-02-29,atp_500,True,hard,R16,16,3,Del Potro J.M.,Golubev A.,10,143,2705,377,2,0,6,4,6,2,,,,,,,completed,1.06,10.0,1.08,9.65,1.08,12.0,1.06,8.83,2012_18_dubai_dubai_tennis_championships,2012_18_dubai_dubai_tennis_championships_2012-02-29_R16_del_potro_j_m_golubev_a
tennis_data_uk,atp,2012,18,Dubai Tennis Championships,Dubai,2012-02-29,atp_500,True,hard,R16,16,3,Federer R.,Lopez F.,3,15,8235,1890,2,0,7,5,6,3,,,,,,,completed,1.06,10.0,1.08,10.25,1.08,12.0,1.06,8.96,2012_18_dubai_dubai_tennis_championships,2012_18_dubai_dubai_tennis_championships_2012-02-29_R16_federer_r_lopez_f
tennis_data_uk,atp,2012,18,Dubai Tennis Championships,Dubai,2012-02-29,atp_500,True,hard,R16,16,3,Tsonga J.W.,Rosol L.,5,96,4410,591,2,0,6,3,6,4,,,,,,,completed,1.05,11.0,1.08,10.15,1.08,12.5,1.05,9.32,2012_18_dubai_dubai_tennis_championships,2012_18_dubai_dubai_tennis_championships_2012-02-29_R16_tsonga_j_w_rosol_l
tennis_data_uk,atp,2012,18,Dubai Tennis Championships,Dubai,2012-03-01,atp_500,True,hard,QF,8,3,Murray A.,Berdych T.,4,7,7150,3860,2,0,6,3,7,5,,,,,,,completed,1.53,2.37,1.68,2.36,1.68,3.5,1.57,2.36,2012_18_dubai_dubai_tennis_championships,2012_18_dubai_dubai_tennis_championships_2012-03-01_QF_murray_a_berdych_t
tennis_data_uk,atp,2012,18,Dubai Tennis Championships,Dubai,2012-03-01,atp_500,True,hard,QF,8,3,Federer R.,Youzhny M.,3,34,8235,1140,2,0,6,3,6,4,,,,,,,completed,1.06,10.0,1.08,10.25,1.09,11.15,1.07,8.31,2012_18_dubai_dubai_tennis_championships,2012_18_dubai_dubai_tennis_championships_2012-03-01_QF_federer_r_youzhny_m
tennis_data_uk,atp,2012,18,Dubai Tennis Championships,Dubai,2012-03-01,atp_500,True,hard,QF,8,3,Djokovic N.,Tipsarevic J.,1,9,13130,2710,2,0,6,1,7,6,,,,,,,completed,1.1,7.0,1.13,8.01,1.16,8.01,1.11,6.26,2012_18_dubai_dubai_tennis_championships,2012_18_dubai_dubai_tennis_championships_2012-03-01_QF_djokovic_n_tipsarevic_j
tennis_data_uk,atp,2012,18,Dubai Tennis Championships,Dubai,2012-03-01,atp_500,True,hard,QF,8,3,Del Potro J.M.,Tsonga J.W.,10,5,2705,4410,2,0,7,6,6,2,,,,,,,completed,1.61,2.2,1.75,2.24,1.94,2.3,1.7,2.12,2012_18_dubai_dubai_tennis_championships,2012_18_dubai_dubai_tennis_championships_2012-03-01_QF_del_potro_j_m_tsonga_j_w
tennis_data_uk,atp,2012,18,Dubai Tennis Championships,Dubai,2012-03-02,atp_500,True,hard,SF,4,3,Murray A.,Djokovic N.,4,1,7150,13130,2,0,6,2,7,5,,,,,,,completed,3.4,1.33,3.39,1.38,3.46,1.44,3.17,1.34,2012_18_dubai_dubai_tennis_championships,2012_18_dubai_dubai_tennis_championships_2012-03-02_SF_murray_a_djokovic_n
tennis_data_uk,atp,2012,18,Dubai Tennis Championships,Dubai,2012-03-02,atp_500,True,hard,SF,4,3,Federer R.,Del Potro J.M.,3,10,8235,2705,2,0,7,6,7,6,,,,,,,completed,1.3,3.5,1.37,3.36,1.37,3.7,1.31,3.37,2012_18_dubai_dubai_tennis_championships,2012_18_dubai_dubai_tennis_championships_2012-03-02_SF_federer_r_del_potro_j_m
tennis_data_uk,atp,2012,18,Dubai Tennis Championships,Dubai,2012-03-03,atp_500,True,hard,F,2,3,Federer R.,Murray A.,3,4,8235,7150,2,0,7,5,6,4,,,,,,,completed,1.72,2.1,1.78,2.19,1.83,2.2,1.71,2.1,2012_18_dubai_dubai_tennis_championships,2012_18_dubai_dubai_tennis_championships_2012-03-03_F_federer_r_murray_a
tennis_data_uk,atp,2012,19,BNP Paribas Open,Indian Wells,2012-03-08,masters_1000,True,hard,R128,128,3,Seppi A.,Rochus O.,46,49,980,957,2,1,4,6,6,3,6,4,,,,,completed,1.5,2.5,1.58,2.56,1.62,2.58,1.56,2.36,2012_19_indian_wells_bnp_paribas_open,2012_19_indian_wells_bnp_paribas_open_2012-03-08_R128_seppi_a_rochus_o
tennis_data_uk,atp,2012,19,BNP Paribas Open,Indian Wells,2012-03-08,masters_1000,True,hard,R128,128,3,Kubot L.,Karlovic I.,52,42,871,1017,2,0,6,4,6,2,,,,,,,completed,2.5,1.5,2.75,1.51,2.75,1.61,2.41,1.54,2012_19_indian_wells_bnp_paribas_open,2012_19_indian_wells_bnp_paribas_open_2012-03-08_R128_kubot_l_karlovic_i
tennis_data_uk,atp,2012,19,BNP Paribas Open,Indian Wells,2012-03-08,masters_1000,True,hard,R128,128,3,Kohlschreiber P.,Bachinger M.,34,94,1185,598,2,0,6,4,6,2,,,,,,,completed,1.18,4.5,1.24,4.65,1.25,4.73,1.21,4.27,2012_19_indian_wells_bnp_paribas_open,2012_19_indian_wells_bnp_paribas_open_2012-03-08_R128_kohlschreiber_p_bachinger_m
tennis_data_uk,atp,2012,19,BNP Paribas Open,Indian Wells,2012-03-08,masters_1000,True,hard,R128,128,3,Ginepri R.,Lorenzi P.,211,97,236,575,2,1,1,6,6,3,6,4,,,,,completed,1.36,3.0,1.47,2.92,1.47,3.1,1.4,2.86,2012_19_indian_wells_bnp_paribas_open,2012_19_indian_wells_bnp_paribas_open_2012-03-08_R128_ginepri_r_lorenzi_p
tennis_data_uk,atp,2012,19,BNP Paribas Open,Indian Wells,2012-03-08,masters_1000,True,hard,R128,128,3,Giraldo S.,Sock J.,58,334,805,131,2,1,5,7,6,0,6,1,,,,,completed,1.2,4.33,1.25,4.51,1.29,4.51,1.24,3.91,2012_19_indian_wells_bnp_paribas_open,2012_19_indian_wells_bnp_paribas_open_2012-03-08_R128_giraldo_s_sock_j
tennis_data_uk,atp,2012,19,BNP Paribas Open,Indian Wells,2012-03-08,masters_1000,True,hard,R128,128,3,Ebden M.,Kunitsyn I.,91,81,607,657,2,1,6,1,4,6,6,4,,,,,completed,1.5,2.5,1.52,2.73,1.62,2.73,1.54,2.42,2012_19_indian_wells_bnp_paribas_open,2012_19_indian_wells_bnp_paribas_open_2012-03-08_R128_ebden_m_kunitsyn_i
tennis_data_uk,atp,2012,19,BNP Paribas Open,Indian Wells,2012-03-08,masters_1000,True,hard,R128,128,3,Stakhovsky S.,Bogomolov A.,76,37,690,1088,2,1,7,6,4,6,7,6,,,,,completed,1.8,1.9,1.91,2.01,2.0,2.05,1.85,1.91,2012_19_indian_wells_bnp_paribas_open,2012_19_indian_wells_bnp_paribas_open_2012-03-08_R128_stakhovsky_s_bogomolov_a
tennis_data_uk,atp,2012,19,BNP Paribas Open,Indian Wells,2012-03-08,masters_1000,True,hard,R128,128,3,Ramos A.,Levine J.,57,134,807,427,2,1,6,7,7,6,6,2,,,,,completed,2.0,1.72,2.05,1.87,2.2,1.87,2.06,1.73,2012_19_indian_wells_bnp_paribas_open,2012_19_indian_wells_bnp_paribas_open_2012-03-08_R128_ramos_a_levine_j
tennis_data_uk,atp,2012,19,BNP Paribas Open,Indian Wells,2012-03-08,masters_1000,True,hard,R128,128,3,Andujar P.,Haase R.,45,55,1000,826,2,1,6,2,3,6,7,6,,,,,completed,3.25,1.33,3.6,1.34,3.6,1.36,3.31,1.32,2012_19_indian_wells_bnp_paribas_open,2012_19_indian_wells_bnp_paribas_open_2012-03-08_R128_andujar_p_haase_r
tennis_data_uk,atp,2012,19,BNP Paribas Open,Indian Wells,2012-03-09,masters_1000,True,hard,R128,128,3,Sela D.,Delic A.,63,178,755,285,2,1,2,6,6,0,6,2,,,,,completed,1.4,2.75,1.43,3.07,1.47,3.07,1.42,2.78,2012_19_indian_wells_bnp_paribas_open,2012_19_indian_wells_bnp_paribas_open_2012-03-09_R128_sela_d_delic_a
tennis_data_uk,atp,2012,19,BNP Paribas Open,Indian Wells,2012-03-09,masters_1000,True,hard,R128,128,3,Querrey S.,Smyczek T.,85,252,620,187,2,0,7,6,6,4,,,,,,,completed,1.5,2.5,1.57,2.59,1.57,2.72,1.53,2.45,2012_19_indian_wells_bnp_paribas_open,2012_19_indian_wells_bnp_paribas_open_2012-03-09_R128_querrey_s_smyczek_t
tennis_data_uk,atp,2012,19,BNP Paribas Open,Indian Wells,2012-03-09,masters_1000,True,hard,R128,128,3,Gil F.,Williams R.,86,427,617,85,2,1,6,3,6,7,6,4,,,,,completed,1.5,2.5,1.54,2.66,1.56,2.8,1.47,2.62,2012_19_indian_wells_bnp_paribas_open,2012_19_indian_wells_bnp_paribas_open_2012-03-09_R128_gil_f_williams_r
tennis_data_uk,atp,2012,19,BNP Paribas Open,Indian Wells,2012-03-09,masters_1000,True,hard,R128,128,3,Golubev A.,De Voest R.,145,119,372,462,2,0,6,1,6,4,,,,,,,completed,1.4,2.75,1.41,3.17,1.45,3.21,1.39,2.92,2012_19_indian_wells_bnp_paribas_open,2012_19_indian_wells_bnp_paribas_open_2012-03-09_R128_golubev_a_de_voest_r
tennis_data_uk,atp,2012,19,BNP Paribas Open,Indian Wells,2012-03-09,masters_1000,True,hard,R128,128,3,Mahut N.,Pospisil V.,93,114,601,500,2,0,6,3,6,2,,,,,,,completed,1.53,2.37,1.63,2.46,1.63,2.48,1.58,2.33,2012_19_indian_wells_bnp_paribas_open,2012_19_indian_wells_bnp_paribas_open_2012-03-09_R128_mahut_n_pospisil_v
tennis_data_uk,atp,2012,19,BNP Paribas Open,Indian Wells,2012-03-09,masters_1000,True,hard,R128,128,3,Garcia-Lopez G.,Machado R.,92,83,605,649,2,1,7,6,4,6,6,2,,,,,completed,1.36,3.0,1.39,3.3,1.39,3.5,1.33,3.24,2012_19_indian_wells_bnp_paribas_open,2012_19_indian_wells_bnp_paribas_open_2012-03-09_R128_garcia_lopez_g_machado_r
tennis_data_uk,atp,2012,19,BNP Paribas Open,Indian Wells,2012-03-09,masters_1000,True,hard,R128,128,3,Harrison R.,Cipolla F.,72,82,716,651,2,0,6,1,6,2,,,,,,,completed,1.5,2.5,1.43,3.06,1.51,3.11,1.44,2.71,2012_19_indian_wells_bnp_paribas_open,2012_19_indian_wells_bnp_paribas_open_2012-03-09_R128_harrison_r_cipolla_f
tennis_data_uk,atp,2012,19,BNP Paribas Open,Indian Wells,2012-03-09,masters_1000,True,hard,R128,128,3,Kudla D.,Kamke T.,185,88,272,613,2,1,2,6,7,6,6,4,,,,,completed,1.8,1.9,1.88,2.02,1.9,2.02,1.83,1.92,2012_19_indian_wells_bnp_paribas_open,2012_19_indian_wells_bnp_paribas_open_2012-03-09_R128_kudla_d_kamke_t
tennis_data_uk,atp,2012,19,BNP Paribas Open,Indian Wells,2012-03-09,masters_1000,True,hard,R128,128,3,Malisse X.,Reynolds B.,67,115,735,498,2,0,6,2,6,4,,,,,,,completed,1.53,2.37,1.6,2.51,1.67,2.53,1.61,2.28,2012_19_indian_wells_bnp_paribas_open,2012_19_indian_wells_bnp_paribas_open_2012-03-09_R128_malisse_x_reynolds_b
tennis_data_uk,atp,2012,19,BNP Paribas Open,Indian Wells,2012-03-09,masters_1000,True,hard,R128,128,3,Haas T.,Nieminen J.,169,44,302,1003,2,0,7,6,6,4,,,,,,,completed,2.87,1.38,2.96,1.46,3.0,1.48,2.8,1.41,2012_19_indian_wells_bnp_paribas_open,2012_19_indian_wells_bnp_paribas_open_2012-03-09_R128_haas_t_nieminen_j
tennis_data_uk,atp,2012,19,BNP Paribas Open,Indian Wells,2012-03-09,masters_1000,True,hard,R128,128,3,Berlocq C.,Paire B.,38,95,1061,585,2,0,6,4,6,2,,,,,,,completed,1.72,2.0,1.78,2.16,1.84,2.2,1.75,2.02,2012_19_indian_wells_bnp_paribas_open,2012_19_indian_wells_bnp_paribas_open_2012-03-09_R128_berlocq_c_paire_b
tennis_data_uk,atp,2012,19,BNP Paribas Open,Indian Wells,2012-03-09,masters_1000,True,hard,R128,128,3,Llodra M.,Gulbis E.,41,75,1020,695,2,1,6,3,5,7,7,6,,,,,completed,1.57,2.25,1.95,1.95,1.95,2.3,1.7,2.11,2012_19_indian_wells_bnp_paribas_open,2012_19_indian_wells_bnp_paribas_open_2012-03-09_R128_llodra_m_gulbis_e
tennis_data_uk,atp,2012,19,BNP Paribas Open,Indian Wells,2012-03-09,masters_1000,True,hard,R128,128,3,Baghdatis M.,Chardy J.,47,64,975,754,2,0,6,3,6,4,,,,,,,completed,1.4,2.75,1.44,3.02,1.53,3.25,1.45,2.69,2012_19_indian_wells_bnp_paribas_open,2012_19_indian_wells_bnp_paribas_open_2012-03-09_R128_baghdatis_m_chardy_j
tennis_data_uk,atp,2012,19,BNP Paribas Open,Indian Wells,2012-03-09,masters_1000,True,hard,R128,128,3,Davydenko N.,Bubka S.,43,191,1010,259,2,0,7,5,6,3,,,,,,,completed,1.2,4.33,1.23,4.69,1.29,4.69,1.23,3.99,2012_19_indian_wells_bnp_paribas_open,2012_19_indian_wells_bnp_paribas_open_2012-03-09_R128_davydenko_n_bubka_s
tennis_data_uk,atp,2012,19,BNP Paribas Open,Indian Wells,2012-03-09,masters_1000,True,hard,R128,128,3,Istomin D.,Lu Y.H.,51,56,917,820,2,0,7,6,6,3,,,,,,,completed,1.44,2.62,1.56,2.62,1.56,3.0,1.47,2.61,2012_19_indian_wells_bnp_paribas_open,2012_19_indian_wells_bnp_paribas_open_2012-03-09_R128_istomin_d_lu_y_h
tennis_data_uk,atp,2012,19,BNP Paribas Open,Indian Wells,2012-03-09,masters_1000,True,hard,R128,128,3,Nalbandian D.,Starace P.,74,68,700,730,2,0,7,6,6,0,,,,,,,completed,1.1,7.0,1.13,7.35,1.15,7.65,1.11,6.24,2012_19_indian_wells_bnp_paribas_open,2012_19_indian_wells_bnp_paribas_open_2012-03-09_R128_nalbandian_d_starace_p
tennis_data_uk,atp,2012,19,BNP Paribas Open,Indian Wells,2012-03-09,masters_1000,True,hard,R128,128,3,Matosevic M.,Bemelmans R.,129,165,440,320,2,0,6,2,6,3,,,,,,,completed,1.3,3.4,1.38,3.33,1.38,3.5,1.34,3.2,2012_19_indian_wells_bnp_paribas_open,2012_19_indian_wells_bnp_paribas_open_2012-03-09_R128_matosevic_m_bemelmans_r
tennis_data_uk,atp,2012,19,BNP Paribas Open,Indian Wells,2012-03-09,masters_1000,True,hard,R128,128,3,Bellucci T.,Rosol L.,50,84,930,636,2,0,6,2,7,6,,,,,,,completed,1.66,2.1,1.74,2.23,1.76,2.35,1.67,2.16,2012_19_indian_wells_bnp_paribas_open,2012_19_indian_wells_bnp_paribas_open_2012-03-09_R128_bellucci_t_rosol_l
tennis_data_uk,atp,2012,19,BNP Paribas Open,Indian Wells,2012-03-10,masters_1000,True,hard,R128,128,3,Mayer L.,Falla A.,78,70,672,725,2,1,2,6,7,6,6,4,,,,,completed,2.25,1.57,2.32,1.68,2.4,1.68,2.28,1.6,2012_19_indian_wells_bnp_paribas_open,2012_19_indian_wells_bnp_paribas_open_2012-03-10_R128_mayer_l_falla_a
tennis_data_uk,atp,2012,19,BNP Paribas Open,Indian Wells,2012-03-10,masters_1000,True,hard,R128,128,3,Dimitrov G.,Dodig I.,102,59,539,800,2,0,6,1,6,4,,,,,,,completed,1.5,2.5,1.54,2.66,1.58,2.66,1.54,2.44,2012_19_indian_wells_bnp_paribas_open,2012_19_indian_wells_bnp_paribas_open_2012-03-10_R128_dimitrov_g_dodig_i
tennis_data_uk,atp,2012,19,BNP Paribas Open,Indian Wells,2012-03-10,masters_1000,True,hard,R128,128,3,Muller G.,Tomic B.,73,36,710,1106,2,1,4,6,7,6,6,0,,,,,completed,3.0,1.36,3.39,1.38,3.39,1.46,2.91,1.39,2012_19_indian_wells_bnp_paribas_open,2012_19_indian_wells_bnp_paribas_open_2012-03-10_R128_muller_g_tomic_b
tennis_data_uk,atp,2012,19,BNP Paribas Open,Indian Wells,2012-03-10,masters_1000,True,hard,R128,128,3,Darcis S.,Young D.,71,39,725,1039,2,1,6,2,3,6,7,6,,,,,completed,1.8,1.9,1.88,2.03,1.89,2.15,1.76,2.02,2012_19_indian_wells_bnp_paribas_open,2012_19_indian_wells_bnp_paribas_open_2012-03-10_R128_darcis_s_young_d
tennis_data_uk,atp,2012,19,BNP Paribas Open,Indian Wells,2012-03-10,masters_1000,True,hard,R128,128,3,Sweeting R.,Stebe C.M.,80,79,664,666,2,0,6,2,6,2,,,,,,,completed,1.53,2.37,1.53,2.71,1.63,2.71,1.56,2.39,2012_19_indian_wells_bnp_paribas_open,2012_19_indian_wells_bnp_paribas_open_2012-03-10_R128_sweeting_r_stebe_c_m
tennis_data_uk,atp,2012,19,BNP Paribas Open,Indian Wells,2012-03-10,masters_1000,True,hard,R64,64,3,Ebden M.,Benneteau J.,91,33,607,1190,2,1,2,6,6,3,6,2,,,,,completed,3.5,1.28,3.79,1.32,3.79,1.4,3.29,1.32,2012_19_indian_wells_bnp_paribas_open,2012_19_indian_wells_bnp_paribas_open_2012-03-10_R64_ebden_m_benneteau_j
tennis_data_uk,atp,2012,19,BNP Paribas Open,Indian Wells,2012-03-10,masters_1000,True,hard,R64,64,3,Isner J.,Gil F.,11,86,2120,617,2,0,7,5,6,3,,,,,,,completed,1.06,10.0,1.07,11.25,1.08,11.6,1.06,8.99,2012_19_indian_wells_bnp_paribas_open,2012_19_indian_wells_bnp_paribas_open_2012-03-10_R64_isner_j_gil_f
tennis_data_uk,atp,2012,19,BNP Paribas Open,Indian Wells,2012-03-10,masters_1000,True,hard,R64,64,3,Ramos A.,Gasquet R.,57,16,807,1765,2,1,3,6,7,5,6,1,,,,,completed,6.0,1.12,5.85,1.18,6.5,1.18,5.42,1.14,2012_19_indian_wells_bnp_paribas_open,2012_19_indian_wells_bnp_paribas_open_2012-03-10_R64_ramos_a_gasquet_r
tennis_data_uk,atp,2012,19,BNP Paribas Open,Indian Wells,2012-03-10,masters_1000,True,hard,R64,64,3,Simon G.,Sela D.,13,63,2005,755,2,1,7,5,6,7,6,4,,,,,completed,1.44,2.62,1.48,2.9,1.53,3.0,1.45,2.69,2012_19_indian_wells_bnp_paribas_open,2012_19_indian_wells_bnp_paribas_open_2012-03-10_R64_simon_g_sela_d
tennis_data_uk,atp,2012,19,BNP Paribas Open,Indian Wells,2012-03-10,masters_1000,True,hard,R64,64,3,Roddick A.,Kubot L.,31,52,1210,871,2,1,4,6,7,6,6,3,,,,,completed,1.36,3.0,1.47,2.93,1.47,3.31,1.38,2.99,2012_19_indian_wells_bnp_paribas_open,2012_19_indian_wells_bnp_paribas_open_2012-03-10_R64_roddick_a_kubot_l
tennis_data_uk,atp,2012,19,BNP Paribas Open,Indian Wells,2012-03-10,masters_1000,True,hard,R64,64,3,Berdych T.,Stakhovsky S.,7,76,3860,690,2,1,6,7,6,3,6,4,,,,,completed,1.07,9.0,1.09,9.85,1.09,10.02,1.07,8.02,2012_19_indian_wells_bnp_paribas_open,2012_19_indian_wells_bnp_paribas_open_2012-03-10_R64_berdych_t_stakhovsky_s
tennis_data_uk,atp,2012,19,BNP Paribas Open,Indian Wells,2012-03-10,masters_1000,True,hard,R64,64,3,Monaco J.,Mahut N.,22,93,1460,601,2,1,6,4,5,7,6,3,,,,,completed,1.53,2.37,1.59,2.57,1.65,2.6,1.59,2.31,2012_19_indian_wells_bnp_paribas_open,2012_19_indian_wells_bnp_paribas_open_2012-03-10_R64_monaco_j_mahut_n
tennis_data_uk,atp,2012,19,BNP Paribas Open,Indian Wells,2012-03-10,masters_1000,True,hard,R64,64,3,Anderson K.,Kohlschreiber P.,30,34,1270,1185,,,,,,,,,,,,,walkover,1.61,2.2,1.75,2.24,1.75,2.3,1.67,2.15,2012_19_indian_wells_bnp_paribas_open,2012_19_indian_wells_bnp_paribas_open_2012-03-10_R64_anderson_k_kohlschreiber_p
tennis_data_uk,atp,2012,19,BNP Paribas Open,Indian Wells,2012-03-10,masters_1000,True,hard,R64,64,3,Wawrinka S.,Ginepri R.,23,211,1435,236,2,1,4,6,6,4,6,4,,,,,completed,1.22,4.0,1.27,4.31,1.29,4.31,1.25,3.92,2012_19_indian_wells_bnp_paribas_open,2012_19_indian_wells_bnp_paribas_open_2012-03-10_R64_wawrinka_s_ginepri_r
tennis_data_uk,atp,2012,19,BNP Paribas Open,Indian Wells,2012-03-10,masters_1000,True,hard,R64,64,3,Andujar P.,Mayer F.,45,18,1000,1540,2,0,6,2,6,4,,,,,,,completed,3.4,1.3,3.62,1.34,3.62,1.36,3.22,1.33,2012_19_indian_wells_bnp_paribas_open,2012_19_indian_wells_bnp_paribas_open_2012-03-10_R64_andujar_p_mayer_f
tennis_data_uk,atp,2012,19,BNP Paribas Open,Indian Wells,2012-03-10,masters_1000,True,hard,R64,64,3,Almagro N.,Querrey S.,12,85,2070,620,2,1,5,7,6,4,6,4,,,,,completed,1.66,2.1,1.75,2.23,1.8,2.25,1.71,2.1,2012_19_indian_wells_bnp_paribas_open,2012_19_indian_wells_bnp_paribas_open_2012-03-10_R64_almagro_n_querrey_s
tennis_data_uk,atp,2012,19,BNP Paribas Open,Indian Wells,2012-03-10,masters_1000,True,hard,R64,64,3,Djokovic N.,Golubev A.,1,145,13310,372,2,0,6,3,6,2,,,,,,,completed,1.01,23.0,1.01,36.0,1.02,36.0,1.01,18.57,2012_19_indian_wells_bnp_paribas_open,2012_19_indian_wells_bnp_paribas_open_2012-03-10_R64_djokovic_n_golubev_a
tennis_data_uk,atp,2012,19,BNP Paribas Open,Indian Wells,2012-03-11,masters_1000,True,hard,R64,64,3,Fish M.,Seppi A.,8,46,2875,980,1,0,6,3,3,2,,,,,,,retired,1.25,3.75,1.33,3.71,1.33,4.0,1.28,3.6,2012_19_indian_wells_bnp_paribas_open,2012_19_indian_wells_bnp_paribas_open_2012-03-11_R64_fish_m_seppi_a
tennis_data_uk,atp,2012,19,BNP Paribas Open,Indian Wells,2012-03-11,masters_1000,True,hard,R64,64,3,Harrison R.,Troicki V.,72,25,716,1420,2,0,7,6,6,3,,,,,,,completed,1.66,2.1,1.76,2.22,1.85,2.22,1.75,2.04,2012_19_indian_wells_bnp_paribas_open,2012_19_indian_wells_bnp_paribas_open_2012-03-11_R64_harrison_r_troicki_v
tennis_data_uk,atp,2012,19,BNP Paribas Open,Indian Wells,2012-03-11,masters_1000,True,hard,R64,64,3,Giraldo S.,Nishikori K.,58,17,805,1685,2,0,7,5,6,2,,,,,,,completed,2.75,1.4,2.83,1.5,2.9,1.5,2.67,1.46,2012_19_indian_wells_bnp_paribas_open,2012_19_indian_wells_bnp_paribas_open_2012-03-11_R64_giraldo_s_nishikori_k
tennis_data_uk,atp,2012,19,BNP Paribas Open,Indian Wells,2012-03-11,masters_1000,True,hard,R64,64,3,Garcia-Lopez G.,Murray A.,92,4,605,7450,2,0,6,4,6,2,,,,,,,completed,19.0,1.02,36.0,1.01,40.24,1.03,15.8,1.02,2012_19_indian_wells_bnp_paribas_open,2012_19_indian_wells_bnp_paribas_open_2012-03-11_R64_garcia_lopez_g_murray_a
tennis_data_uk,atp,2012,19,BNP Paribas Open,Indian Wells,2012-03-11,masters_1000,True,hard,R64,64,3,Istomin D.,Chela J.I.,51,32,917,1210,2,1,7,6,6,7,7,5,,,,,completed,1.22,4.0,1.34,3.67,1.34,4.05,1.28,3.6,2012_19_indian_wells_bnp_paribas_open,2012_19_indian_wells_bnp_paribas_open_2012-03-11_R64_istomin_d_chela_j_i
tennis_data_uk,atp,2012,19,BNP Paribas Open,Indian Wells,2012-03-11,masters_1000,True,hard,R64,64,3,Del Potro J.M.,Matosevic M.,9,129,2840,440,2,0,7,5,6,2,,,,,,,completed,1.07,9.0,1.07,11.25,1.1,11.25,1.07,8.41,2012_19_indian_wells_bnp_paribas_open,2012_19_indian_wells_bnp_paribas_open_2012-03-11_R64_del_potro_j_m_matosevic_m
tennis_data_uk,atp,2012,19,BNP Paribas Open,Indian Wells,2012-03-11,masters_1000,True,hard,R64,64,3,Davydenko N.,Phau B.,43,113,1010,502,2,0,7,5,6,2,,,,,,,completed,,,,,1.17,6.5,1.13,5.75,2012_19_indian_wells_bnp_paribas_open,2012_19_indian_wells_bnp_paribas_open_2012-03-11_R64_davydenko_n_phau_b
tennis_data_uk,atp,2012,19,BNP Paribas Open,Indian Wells,2012-03-11,masters_1000,True,hard,R64,64,3,Granollers M.,Haas T.,26,169,1360,302,2,1,6,3,2,6,6,3,,,,,completed,1.72,2.0,1.73,2.25,1.85,2.25,1.74,2.05,2012_19_indian_wells_bnp_paribas_open,2012_19_indian_wells_bnp_paribas_open_2012-03-11_R64_granollers_m_haas_t
tennis_data_uk,atp,2012,19,BNP Paribas Open,Indian Wells,2012-03-11,masters_1000,True,hard,R64,64,3,Nadal R.,Mayer L.,2,78,10415,672,2,0,6,1,6,3,,,,,,,completed,1.01,21.0,1.03,18.5,1.04,34.5,1.02,16.28,2012_19_indian_wells_bnp_paribas_open,2012_19_indian_wells_bnp_paribas_open_2012-03-11_R64_nadal_r_mayer_l
tennis_data_uk,atp,2012,19,BNP Paribas Open,Indian Wells,2012-03-11,masters_1000,True,hard,R64,64,3,Verdasco F.,Sweeting R.,19,80,1530,664,2,0,6,2,6,2,,,,,,,completed,1.44,2.62,1.47,2.95,1.53,3.3,1.45,2.67,2012_19_indian_wells_bnp_paribas_open,2012_19_indian_wells_bnp_paribas_open_2012-03-11_R64_verdasco_f_sweeting_r
tennis_data_uk,atp,2012,19,BNP Paribas Open,Indian Wells,2012-03-11,masters_1000,True,hard,R64,64,3,Baghdatis M.,Lopez F.,47,15,975,1890,2,0,6,3,6,4,,,,,,,completed,1.57,2.25,1.78,2.19,1.78,2.38,1.65,2.21,2012_19_indian_wells_bnp_paribas_open,2012_19_indian_wells_bnp_paribas_open_2012-03-11_R64_baghdatis_m_lopez_f
tennis_data_uk,atp,2012,19,BNP Paribas Open,Indian Wells,2012-03-11,masters_1000,True,hard,R64,64,3,Bellucci T.,Melzer J.,50,20,930,1507,2,0,6,3,6,3,,,,,,,completed,3.25,1.33,3.45,1.37,3.45,1.45,3.08,1.36,2012_19_indian_wells_bnp_paribas_open,2012_19_indian_wells_bnp_paribas_open_2012-03-11_R64_bellucci_t_melzer_j
tennis_data_uk,atp,2012,19,BNP Paribas Open,Indian Wells,2012-03-11,masters_1000,True,hard,R64,64,3,Tipsarevic J.,Muller G.,10,73,2710,710,2,0,6,4,6,2,,,,,,,completed,1.22,4.0,1.32,3.84,1.32,4.35,1.25,3.87,2012_19_indian_wells_bnp_paribas_open,2012_19_indian_wells_bnp_paribas_open_2012-03-11_R64_tipsarevic_j_muller_g
tennis_data_uk,atp,2012,19,BNP Paribas Open,Indian Wells,2012-03-11,masters_1000,True,hard,R64,64,3,Ferrer D.,Dimitrov G.,5,102,4665,539,2,0,6,2,6,2,,,,,,,completed,1.14,5.5,1.19,5.54,1.25,6.3,1.14,5.52,2012_19_indian_wells_bnp_paribas_open,2012_19_indian_wells_bnp_paribas_open_2012-03-11_R64_ferrer_d_dimitrov_g
tennis_data_uk,atp,2012,19,BNP Paribas Open,Indian Wells,2012-03-11,masters_1000,True,hard,R64,64,3,Nalbandian D.,Cilic M.,74,24,700,1435,2,0,7,6,7,6,,,,,,,completed,1.36,3.0,1.41,3.24,1.45,3.24,1.39,2.94,2012_19_indian_wells_bnp_paribas_open,2012_19_indian_wells_bnp_paribas_open_2012-03-11_R64_nalbandian_d_cilic_m
tennis_data_uk,atp,2012,19,BNP Paribas Open,Indian Wells,2012-03-11,masters_1000,True,hard,R64,64,3,Tsonga J.W.,Llodra M.,6,41,4455,1020,0,0,4,1,,,,,,,,,retired,1.18,4.5,1.21,5.21,1.25,5.21,1.2,4.45,2012_19_indian_wells_bnp_paribas_open,2012_19_indian_wells_bnp_paribas_open_2012-03-11_R64_tsonga_j_w_llodra_m
tennis_data_uk,atp,2012,19,BNP Paribas Open,Indian Wells,2012-03-11,masters_1000,True,hard,R64,64,3,Stepanek R.,Malisse X.,28,67,1330,735,2,0,6,2,6,1,,,,,,,completed,1.57,2.25,1.66,2.39,1.7,2.39,1.63,2.24,2012_19_indian_wells_bnp_paribas_open,2012_19_indian_wells_bnp_paribas_open_2012-03-11_R64_stepanek_r_malisse_x
tennis_data_uk,atp,2012,19,BNP Paribas Open,Indian Wells,2012-03-12,masters_1000,True,hard,R64,64,3,Dolgopolov O.,Darcis S.,21,71,1495,725,2,1,6,7,6,3,7,5,,,,,completed,1.44,2.62,1.47,2.93,1.55,2.93,1.46,2.64,2012_19_indian_wells_bnp_paribas_open,2012_19_indian_wells_bnp_paribas_open_2012-03-12_R64_dolgopolov_o_darcis_s
tennis_data_uk,atp,2012,19,BNP Paribas Open,Indian Wells,2012-03-12,masters_1000,True,hard,R64,64,3,Raonic M.,Berlocq C.,27,38,1345,1061,2,0,6,4,6,2,,,,,,,completed,1.16,5.0,1.18,5.73,1.2,6.0,1.16,5.07,2012_19_indian_wells_bnp_paribas_open,2012_19_indian_wells_bnp_paribas_open_2012-03-12_R64_raonic_m_berlocq_c
tennis_data_uk,atp,2012,19,BNP Paribas Open,Indian Wells,2012-03-12,masters_1000,True,hard,R64,64,3,Federer R.,Kudla D.,3,185,8710,272,2,0,6,4,6,1,,,,,,,completed,1.01,23.0,1.01,56.0,1.02,56.0,1.01,22.01,2012_19_indian_wells_bnp_paribas_open,2012_19_indian_wells_bnp_paribas_open_2012-03-12_R64_federer_r_kudla_d
tennis_data_uk,atp,2012,19,BNP Paribas Open,Indian Wells,2012-03-12,masters_1000,True,hard,R32,32,3,Isner J.,Monaco J.,11,22,2120,1460,2,0,7,5,7,5,,,,,,,completed,1.28,3.5,1.3,4.0,1.37,4.0,1.3,3.47,2012_19_indian_wells_bnp_paribas_open,2012_19_indian_wells_bnp_paribas_open_2012-03-12_R32_isner_j_monaco_j
tennis_data_uk,atp,2012,19,BNP Paribas Open,Indian Wells,2012-03-12,masters_1000,True,hard,R32,32,3,Simon G.,Wawrinka S.,13,23,2005,1435,2,0,6,4,6,4,,,,,,,completed,2.62,1.44,2.66,1.55,2.7,1.56,2.53,1.5,2012_19_indian_wells_bnp_paribas_open,2012_19_indian_wells_bnp_paribas_open_2012-03-12_R32_simon_g_wawrinka_s
tennis_data_uk,atp,2012,19,BNP Paribas Open,Indian Wells,2012-03-12,masters_1000,True,hard,R32,32,3,Andujar P.,Ramos A.,45,57,1000,807,2,0,7,6,6,4,,,,,,,completed,2.0,1.72,2.14,1.8,2.18,1.94,1.99,1.78,2012_19_indian_wells_bnp_paribas_open,2012_19_indian_wells_bnp_paribas_open_2012-03-12_R32_andujar_p_ramos_a
tennis_data_uk,atp,2012,19,BNP Paribas Open,Indian Wells,2012-03-12,masters_1000,True,hard,R32,32,3,Djokovic N.,Anderson K.,1,30,13310,1270,2,0,6,2,6,3,,,,,,,completed,1.04,13.0,1.07,11.5,1.07,16.0,1.04,10.35,2012_19_indian_wells_bnp_paribas_open,2012_19_indian_wells_bnp_paribas_open_2012-03-12_R32_djokovic_n_anderson_k
tennis_data_uk,atp,2012,19,BNP Paribas Open,Indian Wells,2012-03-12,masters_1000,True,hard,R32,32,3,Ebden M.,Fish M.,91,8,607,2875,2,0,6,3,6,4,,,,,,,completed,5.0,1.16,5.49,1.19,5.61,1.22,4.77,1.18,2012_19_indian_wells_bnp_paribas_open,2012_19_indian_wells_bnp_paribas_open_2012-03-12_R32_ebden_m_fish_m
tennis_data_uk,atp,2012,19,BNP Paribas Open,Indian Wells,2012-03-12,masters_1000,True,hard,R32,32,3,Almagro N.,Giraldo S.,12,58,2070,805,2,1,4,6,6,2,7,6,,,,,completed,1.4,2.75,1.52,2.74,1.53,2.9,1.46,2.64,2012_19_indian_wells_bnp_paribas_open,2012_19_indian_wells_bnp_paribas_open_2012-03-12_R32_almagro_n_giraldo_s
tennis_data_uk,atp,2012,19,BNP Paribas Open,Indian Wells,2012-03-13,masters_1000,True,hard,R32,32,3,Berdych T.,Roddick A.,7,31,3860,1210,2,1,6,3,4,6,6,2,,,,,completed,1.3,3.4,1.37,3.38,1.39,3.5,1.34,3.22,2012_19_indian_wells_bnp_paribas_open,2012_19_indian_wells_bnp_paribas_open_2012-03-13_R32_berdych_t_roddick_a
tennis_data_uk,atp,2012,19,BNP Paribas Open,Indian Wells,2012-03-13,masters_1000,True,hard,R32,32,3,Harrison R.,Garcia-Lopez G.,72,92,716,605,2,0,6,4,7,5,,,,,,,completed,1.44,2.62,1.43,3.13,1.5,3.2,1.43,2.75,2012_19_indian_wells_bnp_paribas_open,2012_19_indian_wells_bnp_paribas_open_2012-03-13_R32_harrison_r_garcia_lopez_g
tennis_data_uk,atp,2012,19,BNP Paribas Open,Indian Wells,2012-03-13,masters_1000,True,hard,R32,32,3,Bellucci T.,Davydenko N.,50,43,930,1010,,,,,,,,,,,,,walkover,2.62,1.44,2.66,1.55,2.75,1.56,2.58,1.48,2012_19_indian_wells_bnp_paribas_open,2012_19_indian_wells_bnp_paribas_open_2012-03-13_R32_bellucci_t_davydenko_n
tennis_data_uk,atp,2012,19,BNP Paribas Open,Indian Wells,2012-03-13,masters_1000,True,hard,R32,32,3,Del Potro J.M.,Verdasco F.,9,19,2840,1530,2,0,6,2,7,6,,,,,,,completed,1.18,4.5,1.24,4.64,1.25,4.7,1.21,4.21,2012_19_indian_wells_bnp_paribas_open,2012_19_indian_wells_bnp_paribas_open_2012-03-13_R32_del_potro_j_m_verdasco_f
tennis_data_uk,atp,2012,19,BNP Paribas Open,Indian Wells,2012-03-13,masters_1000,True,hard,R32,32,3,Istomin D.,Ferrer D.,51,5,917,4665,2,0,6,4,6,3,,,,,,,completed,8.0,1.08,7.65,1.12,8.5,1.25,6.72,1.1,2012_19_indian_wells_bnp_paribas_open,2012_19_indian_wells_bnp_paribas_open_2012-03-13_R32_istomin_d_ferrer_d
tennis_data_uk,atp,2012,19,BNP Paribas Open,Indian Wells,2012-03-13,masters_1000,True,hard,R32,32,3,Tsonga J.W.,Stepanek R.,6,28,4455,1330,2,1,6,7,6,3,6,2,,,,,completed,1.18,4.5,1.31,3.88,1.31,5.0,1.21,4.26,2012_19_indian_wells_bnp_paribas_open,2012_19_indian_wells_bnp_paribas_open_2012-03-13_R32_tsonga_j_w_stepanek_r
tennis_data_uk,atp,2012,19,BNP Paribas Open,Indian Wells,2012-03-13,masters_1000,True,hard,R32,32,3,Dolgopolov O.,Baghdatis M.,21,47,1495,975,2,1,6,4,5,7,6,4,,,,,completed,2.1,1.66,2.24,1.75,2.25,1.77,2.14,1.68,2012_19_indian_wells_bnp_paribas_open,2012_19_indian_wells_bnp_paribas_open_2012-03-13_R32_dolgopolov_o_baghdatis_m
tennis_data_uk,atp,2012,19,BNP Paribas Open,Indian Wells,2012-03-13,masters_1000,True,hard,R32,32,3,Nadal R.,Granollers M.,2,26,10415,1360,2,0,6,1,6,4,,,,,,,completed,1.02,17.0,1.04,17.0,1.05,17.0,1.03,12.87,2012_19_indian_wells_bnp_paribas_open,2012_19_indian_wells_bnp_paribas_open_2012-03-13_R32_nadal_r_granollers_m
tennis_data_uk,atp,2012,19,BNP Paribas Open,Indian Wells,2012-03-14,masters_1000,True,hard,R32,32,3,Nalbandian D.,Tipsarevic J.,74,10,700,2710,2,1,6,3,3,6,6,3,,,,,completed,2.37,1.53,2.38,1.67,2.5,1.68,2.32,1.59,2012_19_indian_wells_bnp_paribas_open,2012_19_indian_wells_bnp_paribas_open_2012-03-14_R32_nalbandian_d_tipsarevic_j
tennis_data_uk,atp,2012,19,BNP Paribas Open,Indian Wells,2012-03-14,masters_1000,True,hard,R32,32,3,Federer R.,Raonic M.,3,27,8710,1345,2,1,6,7,6,2,6,4,,,,,completed,1.2,4.33,1.2,5.37,1.22,5.37,1.19,4.49,2012_19_indian_wells_bnp_paribas_open,2012_19_indian_wells_bnp_paribas_open_2012-03-14_R32_federer_r_raonic_m
tennis_data_uk,atp,2012,19,BNP Paribas Open,Indian Wells,2012-03-14,masters_1000,True,hard,R16,16,3,Almagro N.,Berdych T.,12,7,2070,3860,2,0,6,4,6,0,,,,,,,completed,4.33,1.2,4.18,1.28,4.4,1.3,3.97,1.24,2012_19_indian_wells_bnp_paribas_open,2012_19_indian_wells_bnp_paribas_open_2012-03-14_R16_almagro_n_berdych_t
tennis_data_uk,atp,2012,19,BNP Paribas Open,Indian Wells,2012-03-14,masters_1000,True,hard,R16,16,3,Djokovic N.,Andujar P.,1,45,13310,1000,2,1,6,0,6,7,6,2,,,,,completed,1.01,26.0,1.01,31.0,1.03,34.57,1.01,18.13,2012_19_indian_wells_bnp_paribas_open,2012_19_indian_wells_bnp_paribas_open_2012-03-14_R16_djokovic_n_andujar_p
tennis_data_uk,atp,2012,19,BNP Paribas Open,Indian Wells,2012-03-14,masters_1000,True,hard,R16,16,3,Isner J.,Ebden M.,11,91,2120,607,2,0,6,4,7,5,,,,,,,completed,1.16,5.0,1.2,5.37,1.22,5.7,1.17,4.88,2012_19_indian_wells_bnp_paribas_open,2012_19_indian_wells_bnp_paribas_open_2012-03-14_R16_isner_j_ebden_m
tennis_data_uk,atp,2012,19,BNP Paribas Open,Indian Wells,2012-03-14,masters_1000,True,hard,R16,16,3,Nalbandian D.,Tsonga J.W.,74,6,700,4455,2,1,3,6,7,5,6,3,,,,,completed,2.75,1.4,2.97,1.47,2.97,1.91,2.76,1.43,2012_19_indian_wells_bnp_paribas_open,2012_19_indian_wells_bnp_paribas_open_2012-03-14_R16_nalbandian_d_tsonga_j_w
tennis_data_uk,atp,2012,19,BNP Paribas Open,Indian Wells,2012-03-14,masters_1000,True,hard,R16,16,3,Nadal R.,Dolgopolov O.,2,21,10415,1495,2,0,6,3,6,2,,,,,,,completed,1.06,10.0,1.08,11.0,1.1,11.68,1.06,8.78,2012_19_indian_wells_bnp_paribas_open,2012_19_indian_wells_bnp_paribas_open_2012-03-14_R16_nadal_r_dolgopolov_o
tennis_data_uk,atp,2012,19,BNP Paribas Open,Indian Wells,2012-03-15,masters_1000,True,hard,R16,16,3,Simon G.,Harrison R.,13,72,2005,716,2,1,7,6,5,7,6,1,,,,,completed,1.72,2.0,1.78,2.18,1.8,2.2,1.74,2.04,2012_19_indian_wells_bnp_paribas_open,2012_19_indian_wells_bnp_paribas_open_2012-03-15_R16_simon_g_harrison_r
tennis_data_uk,atp,2012,19,BNP Paribas Open,Indian Wells,2012-03-15,masters_1000,True,hard,R16,16,3,Federer R.,Bellucci T.,3,50,8710,930,2,1,3,6,6,3,6,4,,,,,completed,1.04,13.0,1.05,15.5,1.05,15.5,1.04,11.18,2012_19_indian_wells_bnp_paribas_open,2012_19_indian_wells_bnp_paribas_open_2012-03-15_R16_federer_r_bellucci_t
tennis_data_uk,atp,2012,19,BNP Paribas Open,Indian Wells,2012-03-15,masters_1000,True,hard,R16,16,3,Del Potro J.M.,Istomin D.,9,51,2840,917,2,1,7,6,6,7,6,2,,,,,completed,1.12,6.0,1.14,6.95,1.16,6.95,1.13,5.64,2012_19_indian_wells_bnp_paribas_open,2012_19_indian_wells_bnp_paribas_open_2012-03-15_R16_del_potro_j_m_istomin_d
tennis_data_uk,atp,2012,19,BNP Paribas Open,Indian Wells,2012-03-15,masters_1000,True,hard,QF,8,3,Djokovic N.,Almagro N.,1,12,13310,2070,2,0,6,3,6,4,,,,,,,completed,1.08,8.0,1.09,9.6,1.1,10.4,1.07,7.91,2012_19_indian_wells_bnp_paribas_open,2012_19_indian_wells_bnp_paribas_open_2012-03-15_QF_djokovic_n_almagro_n
tennis_data_uk,atp,2012,19,BNP Paribas Open,Indian Wells,2012-03-16,masters_1000,True,hard,QF,8,3,Isner J.,Simon G.,11,13,2120,2005,2,1,6,3,1,6,7,5,,,,,completed,1.4,2.75,1.48,2.9,2.1,2.9,1.47,2.63,2012_19_indian_wells_bnp_paribas_open,2012_19_indian_wells_bnp_paribas_open_2012-03-16_QF_isner_j_simon_g
tennis_data_uk,atp,2012,19,BNP Paribas Open,Indian Wells,2012-03-16,masters_1000,True,hard,QF,8,3,Federer R.,Del Potro J.M.,3,9,8710,2840,2,0,6,3,6,2,,,,,,,completed,1.4,2.75,1.49,2.86,1.53,3.0,1.42,2.79,2012_19_indian_wells_bnp_paribas_open,2012_19_indian_wells_bnp_paribas_open_2012-03-16_QF_federer_r_del_potro_j_m
tennis_data_uk,atp,2012,19,BNP Paribas Open,Indian Wells,2012-03-16,masters_1000,True,hard,QF,8,3,Nadal R.,Nalbandian D.,2,74,10415,700,2,1,4,6,7,5,6,4,,,,,completed,1.08,8.0,1.12,7.47,1.13,8.0,1.1,6.82,2012_19_indian_wells_bnp_paribas_open,2012_19_indian_wells_bnp_paribas_open_2012-03-16_QF_nadal_r_nalbandian_d
tennis_data_uk,atp,2012,19,BNP Paribas Open,Indian Wells,2012-03-17,masters_1000,True,hard,SF,4,3,Isner J.,Djokovic N.,11,1,2120,13310,2,1,7,6,3,6,7,6,,,,,completed,7.0,1.1,7.14,1.14,7.5,1.14,6.54,1.11,2012_19_indian_wells_bnp_paribas_open,2012_19_indian_wells_bnp_paribas_open_2012-03-17_SF_isner_j_djokovic_n
tennis_data_uk,atp,2012,19,BNP Paribas Open,Indian Wells,2012-03-18,masters_1000,True,hard,SF,4,3,Federer R.,Nadal R.,3,2,8710,10415,2,0,6,3,6,4,,,,,,,completed,2.2,1.66,2.22,1.76,2.3,1.77,2.17,1.69,2012_19_indian_wells_bnp_paribas_open,2012_19_indian_wells_bnp_paribas_open_2012-03-18_SF_federer_r_nadal_r
tennis_data_uk,atp,2012,19,BNP Paribas Open,Indian Wells,2012-03-18,masters_1000,True,hard,F,2,3,Federer R.,Isner J.,3,11,8710,2120,2,0,7,6,6,3,,,,,,,completed,1.22,4.33,1.27,4.3,1.27,5.15,1.22,4.26,2012_19_indian_wells_bnp_paribas_open,2012_19_indian_wells_bnp_paribas_open_2012-03-18_F_federer_r_isner_j
tennis_data_uk,atp,2012,20,Sony Ericsson Open,Miami,2012-03-21,masters_1000,True,hard,R128,128,3,Haase R.,Matosevic M.,53,122,851,455,2,0,6,3,6,4,,,,,,,completed,1.9,1.8,1.87,2.03,2.0,2.1,1.88,1.87,2012_20_miami_sony_ericsson_open,2012_20_miami_sony_ericsson_open_2012-03-21_R128_haase_r_matosevic_m
tennis_data_uk,atp,2012,20,Sony Ericsson Open,Miami,2012-03-21,masters_1000,True,hard,R128,128,3,Gil F.,Bellucci T.,85,47,630,975,2,0,6,3,6,4,,,,,,,completed,3.5,1.28,3.53,1.35,3.9,1.35,3.37,1.3,2012_20_miami_sony_ericsson_open,2012_20_miami_sony_ericsson_open_2012-03-21_R128_gil_f_bellucci_t
tennis_data_uk,atp,2012,20,Sony Ericsson Open,Miami,2012-03-21,masters_1000,True,hard,R128,128,3,Dimitrov G.,Kukushkin M.,101,72,564,728,2,0,6,2,6,2,,,,,,,completed,1.4,2.75,1.49,2.84,1.55,2.84,1.45,2.66,2012_20_miami_sony_ericsson_open,2012_20_miami_sony_ericsson_open_2012-03-21_R128_dimitrov_g_kukushkin_m
tennis_data_uk,atp,2012,20,Sony Ericsson Open,Miami,2012-03-21,masters_1000,True,hard,R128,128,3,Falla A.,Istomin D.,71,44,729,997,1,0,6,1,2,1,,,,,,,retired,3.75,1.25,3.63,1.34,4.0,1.34,3.57,1.28,2012_20_miami_sony_ericsson_open,2012_20_miami_sony_ericsson_open_2012-03-21_R128_falla_a_istomin_d
tennis_data_uk,atp,2012,20,Sony Ericsson Open,Miami,2012-03-21,masters_1000,True,hard,R128,128,3,Rosol L.,Llodra M.,83,43,636,1000,2,0,6,4,7,6,,,,,,,completed,3.0,1.36,2.82,1.49,3.1,1.6,2.86,1.4,2012_20_miami_sony_ericsson_open,2012_20_miami_sony_ericsson_open_2012-03-21_R128_rosol_l_llodra_m
tennis_data_uk,atp,2012,20,Sony Ericsson Open,Miami,2012-03-21,masters_1000,True,hard,R128,128,3,Giraldo S.,Andujar P.,57,38,825,1080,2,0,6,3,6,2,,,,,,,completed,1.44,2.62,1.38,3.35,1.5,3.5,1.41,2.86,2012_20_miami_sony_ericsson_open,2012_20_miami_sony_ericsson_open_2012-03-21_R128_giraldo_s_andujar_p
tennis_data_uk,atp,2012,20,Sony Ericsson Open,Miami,2012-03-21,masters_1000,True,hard,R128,128,3,Lacko L.,Sweeting R.,66,86,745,628,2,0,6,4,6,4,,,,,,,completed,1.57,2.25,1.85,2.07,1.86,2.25,1.68,2.13,2012_20_miami_sony_ericsson_open,2012_20_miami_sony_ericsson_open_2012-03-21_R128_lacko_l_sweeting_r
tennis_data_uk,atp,2012,20,Sony Ericsson Open,Miami,2012-03-21,masters_1000,True,hard,R128,128,3,Davydenko N.,Blake J.,40,69,1030,734,2,1,4,6,6,4,6,4,,,,,completed,1.28,3.5,1.29,4.01,1.35,4.01,1.31,3.37,2012_20_miami_sony_ericsson_open,2012_20_miami_sony_ericsson_open_2012-03-21_R128_davydenko_n_blake_j
tennis_data_uk,atp,2012,20,Sony Ericsson Open,Miami,2012-03-21,masters_1000,True,hard,R128,128,3,Veic A.,Kudla D.,166,176,319,297,2,1,2,6,6,2,6,1,,,,,completed,2.0,1.72,1.94,1.96,2.25,1.96,1.99,1.77,2012_20_miami_sony_ericsson_open,2012_20_miami_sony_ericsson_open_2012-03-21_R128_veic_a_kudla_d
tennis_data_uk,atp,2012,20,Sony Ericsson Open,Miami,2012-03-21,masters_1000,True,hard,R128,128,3,Haas T.,Rufin G.,145,173,372,304,2,0,6,4,6,4,,,,,,,completed,1.53,2.37,1.71,2.28,1.71,2.75,1.57,2.34,2012_20_miami_sony_ericsson_open,2012_20_miami_sony_ericsson_open_2012-03-21_R128_haas_t_rufin_g
tennis_data_uk,atp,2012,20,Sony Ericsson Open,Miami,2012-03-21,masters_1000,True,hard,R128,128,3,Malisse X.,Roger-Vasselin E.,75,89,715,614,2,0,7,6,6,3,,,,,,,completed,1.72,2.0,1.85,2.07,1.85,2.2,1.76,2.0,2012_20_miami_sony_ericsson_open,2012_20_miami_sony_ericsson_open_2012-03-21_R128_malisse_x_roger_vasselin_e
tennis_data_uk,atp,2012,20,Sony Ericsson Open,Miami,2012-03-21,masters_1000,True,hard,R128,128,3,Clement A.,Sela D.,153,61,350,772,2,0,6,3,6,3,,,,,,,completed,2.25,1.57,2.3,1.69,2.38,1.69,2.21,1.63,2012_20_miami_sony_ericsson_open,2012_20_miami_sony_ericsson_open_2012-03-21_R128_clement_a_sela_d
tennis_data_uk,atp,2012,20,Sony Ericsson Open,Miami,2012-03-21,masters_1000,True,hard,R128,128,3,Bautista R.,Seppi A.,169,45,313,995,2,1,6,3,1,6,6,3,,,,,completed,2.75,1.4,3.11,1.42,3.13,1.46,2.8,1.41,2012_20_miami_sony_ericsson_open,2012_20_miami_sony_ericsson_open_2012-03-21_R128_bautista_r_seppi_a
tennis_data_uk,atp,2012,20,Sony Ericsson Open,Miami,2012-03-21,masters_1000,True,hard,R128,128,3,Dodig I.,Kamke T.,60,88,790,621,2,1,6,0,2,6,7,6,,,,,completed,1.4,2.75,,,1.4,2.75,1.4,2.75,2012_20_miami_sony_ericsson_open,2012_20_miami_sony_ericsson_open_2012-03-21_R128_dodig_i_kamke_t
tennis_data_uk,atp,2012,20,Sony Ericsson Open,Miami,2012-03-21,masters_1000,True,hard,R128,128,3,Nalbandian D.,Darcis S.,50,68,880,735,2,0,6,4,7,6,,,,,,,completed,1.14,5.5,1.19,5.4,1.2,5.87,1.17,4.82,2012_20_miami_sony_ericsson_open,2012_20_miami_sony_ericsson_open_2012-03-21_R128_nalbandian_d_darcis_s
tennis_data_uk,atp,2012,20,Sony Ericsson Open,Miami,2012-03-21,masters_1000,True,hard,R128,128,3,Mahut N.,Gonzalez F.,92,221,597,220,2,1,7,5,4,6,7,6,,,,,completed,1.57,2.25,1.66,2.37,1.69,2.43,1.6,2.26,2012_20_miami_sony_ericsson_open,2012_20_miami_sony_ericsson_open_2012-03-21_R128_mahut_n_gonzalez_f
tennis_data_uk,atp,2012,20,Sony Ericsson Open,Miami,2012-03-22,masters_1000,True,hard,R128,128,3,Harrison R.,Starace P.,73,70,716,730,2,1,6,7,6,4,6,4,,,,,completed,1.14,5.5,1.17,5.98,1.18,6.0,1.16,5.05,2012_20_miami_sony_ericsson_open,2012_20_miami_sony_ericsson_open_2012-03-22_R128_harrison_r_starace_p
tennis_data_uk,atp,2012,20,Sony Ericsson Open,Miami,2012-03-22,masters_1000,True,hard,R128,128,3,Kunitsyn I.,Levine J.,90,133,612,419,2,0,7,6,7,6,,,,,,,completed,2.75,1.4,2.66,1.54,2.8,1.57,2.54,1.49,2012_20_miami_sony_ericsson_open,2012_20_miami_sony_ericsson_open_2012-03-22_R128_kunitsyn_i_levine_j
tennis_data_uk,atp,2012,20,Sony Ericsson Open,Miami,2012-03-22,masters_1000,True,hard,R128,128,3,Karlovic I.,Kubot L.,54,51,847,871,2,1,6,3,6,7,7,6,,,,,completed,2.2,1.61,2.22,1.74,2.3,1.74,2.16,1.66,2012_20_miami_sony_ericsson_open,2012_20_miami_sony_ericsson_open_2012-03-22_R128_karlovic_i_kubot_l
tennis_data_uk,atp,2012,20,Sony Ericsson Open,Miami,2012-03-22,masters_1000,True,hard,R128,128,3,Ramos A.,Bolelli S.,56,109,832,508,2,0,6,3,6,1,,,,,,,completed,1.44,2.62,1.58,2.54,1.62,2.7,1.53,2.45,2012_20_miami_sony_ericsson_open,2012_20_miami_sony_ericsson_open_2012-03-22_R128_ramos_a_bolelli_s
tennis_data_uk,atp,2012,20,Sony Ericsson Open,Miami,2012-03-22,masters_1000,True,hard,R128,128,3,Stebe C.M.,Cipolla F.,91,84,602,635,2,0,6,3,7,5,,,,,,,completed,1.83,1.83,1.95,1.95,2.1,1.95,1.94,1.81,2012_20_miami_sony_ericsson_open,2012_20_miami_sony_ericsson_open_2012-03-22_R128_stebe_c_m_cipolla_f
tennis_data_uk,atp,2012,20,Sony Ericsson Open,Miami,2012-03-22,masters_1000,True,hard,R128,128,3,Baghdatis M.,Mayer L.,42,77,1010,695,2,0,6,1,6,4,,,,,,,completed,1.18,4.5,1.24,4.65,1.25,5.0,1.2,4.36,2012_20_miami_sony_ericsson_open,2012_20_miami_sony_ericsson_open_2012-03-22_R128_baghdatis_m_mayer_l
tennis_data_uk,atp,2012,20,Sony Ericsson Open,Miami,2012-03-22,masters_1000,True,hard,R128,128,3,Becker B.,Rochus O.,165,52,320,857,2,1,5,7,6,3,6,2,,,,,completed,2.0,1.72,1.99,1.92,2.1,2.04,1.93,1.83,2012_20_miami_sony_ericsson_open,2012_20_miami_sony_ericsson_open_2012-03-22_R128_becker_b_rochus_o
tennis_data_uk,atp,2012,20,Sony Ericsson Open,Miami,2012-03-22,masters_1000,True,hard,R128,128,3,Bubka S.,Gulbis E.,182,79,279,660,2,0,6,4,6,4,,,,,,,completed,2.62,1.44,2.62,1.56,2.88,1.56,2.62,1.47,2012_20_miami_sony_ericsson_open,2012_20_miami_sony_ericsson_open_2012-03-22_R128_bubka_s_gulbis_e
tennis_data_uk,atp,2012,20,Sony Ericsson Open,Miami,2012-03-22,masters_1000,True,hard,R128,128,3,Phau B.,Berlocq C.,103,37,555,1086,2,0,6,4,6,2,,,,,,,completed,2.0,1.72,2.05,1.87,2.2,1.87,1.99,1.78,2012_20_miami_sony_ericsson_open,2012_20_miami_sony_ericsson_open_2012-03-22_R128_phau_b_berlocq_c
tennis_data_uk,atp,2012,20,Sony Ericsson Open,Miami,2012-03-22,masters_1000,True,hard,R128,128,3,Dancevic F.,Chardy J.,132,64,424,754,2,0,7,5,7,6,,,,,,,completed,1.9,1.8,1.88,2.04,2.0,2.05,1.84,1.91,2012_20_miami_sony_ericsson_open,2012_20_miami_sony_ericsson_open_2012-03-22_R128_dancevic_f_chardy_j
tennis_data_uk,atp,2012,20,Sony Ericsson Open,Miami,2012-03-22,masters_1000,True,hard,R128,128,3,Muller G.,Bogomolov A.,63,39,760,1072,2,1,5,7,6,4,7,6,,,,,completed,1.57,2.25,1.78,2.16,1.78,2.3,1.65,2.17,2012_20_miami_sony_ericsson_open,2012_20_miami_sony_ericsson_open_2012-03-22_R128_muller_g_bogomolov_a
tennis_data_uk,atp,2012,20,Sony Ericsson Open,Miami,2012-03-22,masters_1000,True,hard,R128,128,3,Tomic B.,Stakhovsky S.,36,74,1091,715,2,0,7,6,6,3,,,,,,,completed,1.53,2.37,1.52,2.72,1.62,2.72,1.55,2.4,2012_20_miami_sony_ericsson_open,2012_20_miami_sony_ericsson_open_2012-03-22_R128_tomic_b_stakhovsky_s
tennis_data_uk,atp,2012,20,Sony Ericsson Open,Miami,2012-03-22,masters_1000,True,hard,R128,128,3,Goffin D.,Young D.,148,46,356,988,2,0,7,5,6,4,,,,,,,completed,1.8,1.9,1.86,2.04,1.93,2.06,1.85,1.9,2012_20_miami_sony_ericsson_open,2012_20_miami_sony_ericsson_open_2012-03-22_R128_goffin_d_young_d
tennis_data_uk,atp,2012,20,Sony Ericsson Open,Miami,2012-03-22,masters_1000,True,hard,R128,128,3,Garcia-Lopez G.,Ram R.,82,144,640,373,2,0,6,4,7,6,,,,,,,completed,1.4,2.75,1.56,2.62,1.56,2.88,1.44,2.7,2012_20_miami_sony_ericsson_open,2012_20_miami_sony_ericsson_open_2012-03-22_R128_garcia_lopez_g_ram_r
tennis_data_uk,atp,2012,20,Sony Ericsson Open,Miami,2012-03-22,masters_1000,True,hard,R128,128,3,Lu Y.H.,Nieminen J.,59,48,805,968,2,0,6,4,6,3,,,,,,,completed,2.0,1.72,2.02,1.87,2.2,1.87,2.06,1.73,2012_20_miami_sony_ericsson_open,2012_20_miami_sony_ericsson_open_2012-03-22_R128_lu_y_h_nieminen_j
tennis_data_uk,atp,2012,20,Sony Ericsson Open,Miami,2012-03-23,masters_1000,True,hard,R128,128,3,Querrey S.,Ebden M.,102,78,555,687,2,1,6,1,5,7,7,5,,,,,completed,1.44,2.62,1.56,2.62,1.63,2.69,1.53,2.45,2012_20_miami_sony_ericsson_open,2012_20_miami_sony_ericsson_open_2012-03-23_R128_querrey_s_ebden_m
tennis_data_uk,atp,2012,20,Sony Ericsson Open,Miami,2012-03-23,masters_1000,True,hard,R64,64,3,Murray A.,Falla A.,4,71,7450,729,2,0,6,2,6,3,,,,,,,completed,1.04,13.0,1.04,16.0,1.07,16.62,1.04,10.95,2012_20_miami_sony_ericsson_open,2012_20_miami_sony_ericsson_open_2012-03-23_R64_murray_a_falla_a
tennis_data_uk,atp,2012,20,Sony Ericsson Open,Miami,2012-03-23,masters_1000,True,hard,R64,64,3,Melzer J.,Haase R.,22,53,1472,851,2,1,7,6,3,6,6,4,,,,,completed,1.4,2.75,1.52,2.73,1.52,3.0,1.46,2.65,2012_20_miami_sony_ericsson_open,2012_20_miami_sony_ericsson_open_2012-03-23_R64_melzer_j_haase_r
tennis_data_uk,atp,2012,20,Sony Ericsson Open,Miami,2012-03-23,masters_1000,True,hard,R64,64,3,Simon G.,Bautista R.,13,169,2140,313,2,0,6,4,6,2,,,,,,,completed,1.14,5.5,1.15,6.52,1.2,6.52,1.14,5.4,2012_20_miami_sony_ericsson_open,2012_20_miami_sony_ericsson_open_2012-03-23_R64_simon_g_bautista_r
tennis_data_uk,atp,2012,20,Sony Ericsson Open,Miami,2012-03-23,masters_1000,True,hard,R64,64,3,Tipsarevic J.,Nalbandian D.,9,50,2730,880,2,0,7,5,6,3,,,,,,,completed,2.0,1.72,2.12,1.81,2.12,1.87,1.94,1.81,2012_20_miami_sony_ericsson_open,2012_20_miami_sony_ericsson_open_2012-03-23_R64_tipsarevic_j_nalbandian_d
tennis_data_uk,atp,2012,20,Sony Ericsson Open,Miami,2012-03-23,masters_1000,True,hard,R64,64,3,Tsonga J.W.,Malisse X.,6,75,4535,715,2,0,7,5,7,5,,,,,,,completed,1.16,5.0,1.19,5.54,1.21,6.0,1.15,5.22,2012_20_miami_sony_ericsson_open,2012_20_miami_sony_ericsson_open_2012-03-23_R64_tsonga_j_w_malisse_x
tennis_data_uk,atp,2012,20,Sony Ericsson Open,Miami,2012-03-23,masters_1000,True,hard,R64,64,3,Dolgopolov O.,Veic A.,18,166,1540,319,2,0,6,4,7,5,,,,,,,completed,1.16,5.0,1.21,4.97,1.21,5.4,1.17,4.83,2012_20_miami_sony_ericsson_open,2012_20_miami_sony_ericsson_open_2012-03-23_R64_dolgopolov_o_veic_a
tennis_data_uk,atp,2012,20,Sony Ericsson Open,Miami,2012-03-23,masters_1000,True,hard,R64,64,3,Mayer F.,Dodig I.,19,60,1540,790,2,0,6,4,7,5,,,,,,,completed,1.5,2.5,1.56,2.62,1.6,2.69,1.54,2.42,2012_20_miami_sony_ericsson_open,2012_20_miami_sony_ericsson_open_2012-03-23_R64_mayer_f_dodig_i
tennis_data_uk,atp,2012,20,Sony Ericsson Open,Miami,2012-03-23,masters_1000,True,hard,R64,64,3,Kohlschreiber P.,Gil F.,35,85,1120,630,2,0,6,2,7,5,,,,,,,completed,1.25,3.75,1.33,3.7,1.33,4.15,1.25,3.82,2012_20_miami_sony_ericsson_open,2012_20_miami_sony_ericsson_open_2012-03-23_R64_kohlschreiber_p_gil_f
tennis_data_uk,atp,2012,20,Sony Ericsson Open,Miami,2012-03-23,masters_1000,True,hard,R64,64,3,Stepanek R.,Haas T.,25,145,1365,372,2,0,7,6,6,1,,,,,,,completed,1.5,2.5,1.52,2.74,1.62,2.74,1.53,2.43,2012_20_miami_sony_ericsson_open,2012_20_miami_sony_ericsson_open_2012-03-23_R64_stepanek_r_haas_t
tennis_data_uk,atp,2012,20,Sony Ericsson Open,Miami,2012-03-23,masters_1000,True,hard,R64,64,3,Raonic M.,Clement A.,26,153,1345,350,2,0,7,6,6,2,,,,,,,completed,1.11,6.5,1.11,8.3,1.13,9.24,1.1,6.62,2012_20_miami_sony_ericsson_open,2012_20_miami_sony_ericsson_open_2012-03-23_R64_raonic_m_clement_a
tennis_data_uk,atp,2012,20,Sony Ericsson Open,Miami,2012-03-23,masters_1000,True,hard,R64,64,3,Isner J.,Davydenko N.,10,40,2675,1030,2,1,2,6,6,3,6,4,,,,,completed,1.33,3.25,1.42,3.14,1.42,3.5,1.34,3.19,2012_20_miami_sony_ericsson_open,2012_20_miami_sony_ericsson_open_2012-03-23_R64_isner_j_davydenko_n
tennis_data_uk,atp,2012,20,Sony Ericsson Open,Miami,2012-03-23,masters_1000,True,hard,R64,64,3,Rosol L.,Granollers M.,83,24,636,1395,2,1,2,6,6,3,6,1,,,,,completed,2.75,1.4,2.95,1.46,3.0,1.46,2.74,1.43,2012_20_miami_sony_ericsson_open,2012_20_miami_sony_ericsson_open_2012-03-23_R64_rosol_l_granollers_m
tennis_data_uk,atp,2012,20,Sony Ericsson Open,Miami,2012-03-23,masters_1000,True,hard,R64,64,3,Nishikori K.,Lacko L.,16,66,1685,745,2,0,6,3,6,3,,,,,,,completed,1.61,2.2,1.7,2.29,1.75,2.38,1.63,2.23,2012_20_miami_sony_ericsson_open,2012_20_miami_sony_ericsson_open_2012-03-23_R64_nishikori_k_lacko_l
tennis_data_uk,atp,2012,20,Sony Ericsson Open,Miami,2012-03-23,masters_1000,True,hard,R64,64,3,Berdych T.,Mahut N.,7,92,3860,597,2,0,7,5,6,1,,,,,,,completed,1.08,8.0,1.07,11.25,1.11,11.25,1.08,7.66,2012_20_miami_sony_ericsson_open,2012_20_miami_sony_ericsson_open_2012-03-23_R64_berdych_t_mahut_n
tennis_data_uk,atp,2012,20,Sony Ericsson Open,Miami,2012-03-23,masters_1000,True,hard,R64,64,3,Dimitrov G.,Chela J.I.,101,32,564,1175,2,1,6,2,4,6,6,4,,,,,completed,1.36,3.0,1.43,3.05,1.9,3.06,1.4,2.9,2012_20_miami_sony_ericsson_open,2012_20_miami_sony_ericsson_open_2012-03-23_R64_dimitrov_g_chela_j_i
tennis_data_uk,atp,2012,20,Sony Ericsson Open,Miami,2012-03-24,masters_1000,True,hard,R64,64,3,Nadal R.,Giraldo S.,2,57,10175,825,2,0,6,2,6,0,,,,,,,completed,1.03,15.0,1.03,17.5,1.05,17.5,1.03,12.46,2012_20_miami_sony_ericsson_open,2012_20_miami_sony_ericsson_open_2012-03-24_R64_nadal_r_giraldo_s
tennis_data_uk,atp,2012,20,Sony Ericsson Open,Miami,2012-03-24,masters_1000,True,hard,R64,64,3,Monaco J.,Lu Y.H.,21,59,1495,805,0,0,5,0,,,,,,,,,retired,1.53,2.37,1.71,2.28,1.73,2.4,1.61,2.25,2012_20_miami_sony_ericsson_open,2012_20_miami_sony_ericsson_open_2012-03-24_R64_monaco_j_lu_y_h
tennis_data_uk,atp,2012,20,Sony Ericsson Open,Miami,2012-03-24,masters_1000,True,hard,R64,64,3,Ferrer D.,Tomic B.,5,36,4700,1091,2,0,6,4,6,4,,,,,,,completed,1.18,4.5,1.22,4.81,1.3,4.89,1.21,4.18,2012_20_miami_sony_ericsson_open,2012_20_miami_sony_ericsson_open_2012-03-24_R64_ferrer_d_tomic_b
tennis_data_uk,atp,2012,20,Sony Ericsson Open,Miami,2012-03-24,masters_1000,True,hard,R64,64,3,Gasquet R.,Stebe C.M.,17,91,1595,602,2,1,6,3,6,7,6,2,,,,,completed,1.2,4.33,1.24,4.61,1.3,4.61,1.22,4.18,2012_20_miami_sony_ericsson_open,2012_20_miami_sony_ericsson_open_2012-03-24_R64_gasquet_r_stebe_c_m
tennis_data_uk,atp,2012,20,Sony Ericsson Open,Miami,2012-03-24,masters_1000,True,hard,R64,64,3,Benneteau J.,Becker B.,33,165,1175,320,2,1,3,6,6,3,7,6,,,,,completed,1.5,2.5,1.57,2.57,1.61,2.64,1.52,2.48,2012_20_miami_sony_ericsson_open,2012_20_miami_sony_ericsson_open_2012-03-24_R64_benneteau_j_becker_b
tennis_data_uk,atp,2012,20,Sony Ericsson Open,Miami,2012-03-24,masters_1000,True,hard,R64,64,3,Verdasco F.,Phau B.,20,103,1530,555,2,0,6,3,6,0,,,,,,,completed,1.28,3.5,1.31,3.85,1.33,3.85,1.29,3.46,2012_20_miami_sony_ericsson_open,2012_20_miami_sony_ericsson_open_2012-03-24_R64_verdasco_f_phau_b
tennis_data_uk,atp,2012,20,Sony Ericsson Open,Miami,2012-03-24,masters_1000,True,hard,R64,64,3,Roddick A.,Muller G.,34,63,1165,760,2,0,6,3,6,2,,,,,,,completed,1.36,3.0,1.34,3.58,1.46,3.58,1.38,2.96,2012_20_miami_sony_ericsson_open,2012_20_miami_sony_ericsson_open_2012-03-24_R64_roddick_a_muller_g
tennis_data_uk,atp,2012,20,Sony Ericsson Open,Miami,2012-03-24,masters_1000,True,hard,R64,64,3,Monfils G.,Bubka S.,14,182,1970,279,2,0,6,4,6,4,,,,,,,completed,1.2,4.33,1.23,4.8,1.24,4.94,1.21,4.26,2012_20_miami_sony_ericsson_open,2012_20_miami_sony_ericsson_open_2012-03-24_R64_monfils_g_bubka_s
tennis_data_uk,atp,2012,20,Sony Ericsson Open,Miami,2012-03-24,masters_1000,True,hard,R64,64,3,Cilic M.,Kunitsyn I.,23,90,1400,612,2,0,6,3,7,6,,,,,,,completed,1.22,4.0,1.24,4.65,1.27,4.65,1.23,4.02,2012_20_miami_sony_ericsson_open,2012_20_miami_sony_ericsson_open_2012-03-24_R64_cilic_m_kunitsyn_i
tennis_data_uk,atp,2012,20,Sony Ericsson Open,Miami,2012-03-24,masters_1000,True,hard,R64,64,3,Troicki V.,Garcia-Lopez G.,27,82,1340,640,2,1,4,6,6,1,6,4,,,,,completed,1.53,2.37,1.55,2.62,1.65,2.62,1.58,2.33,2012_20_miami_sony_ericsson_open,2012_20_miami_sony_ericsson_open_2012-03-24_R64_troicki_v_garcia_lopez_g
tennis_data_uk,atp,2012,20,Sony Ericsson Open,Miami,2012-03-24,masters_1000,True,hard,R64,64,3,Ramos A.,Lopez F.,56,15,832,1890,2,0,6,4,7,6,,,,,,,completed,2.37,1.53,2.57,1.57,2.66,1.62,2.42,1.54,2012_20_miami_sony_ericsson_open,2012_20_miami_sony_ericsson_open_2012-03-24_R64_ramos_a_lopez_f
tennis_data_uk,atp,2012,20,Sony Ericsson Open,Miami,2012-03-24,masters_1000,True,hard,R64,64,3,Federer R.,Harrison R.,3,73,9350,716,2,0,6,2,7,6,,,,,,,completed,1.04,13.0,1.03,19.5,1.06,19.5,1.03,11.4,2012_20_miami_sony_ericsson_open,2012_20_miami_sony_ericsson_open_2012-03-24_R64_federer_r_harrison_r
tennis_data_uk,atp,2012,20,Sony Ericsson Open,Miami,2012-03-24,masters_1000,True,hard,R64,64,3,Anderson K.,Querrey S.,28,102,1305,555,2,1,6,3,6,7,6,3,,,,,completed,1.61,2.2,1.81,2.12,1.83,2.2,1.71,2.1,2012_20_miami_sony_ericsson_open,2012_20_miami_sony_ericsson_open_2012-03-24_R64_anderson_k_querrey_s
tennis_data_uk,atp,2012,20,Sony Ericsson Open,Miami,2012-03-24,masters_1000,True,hard,R64,64,3,Fish M.,Dancevic F.,8,132,2910,424,2,0,6,3,7,6,,,,,,,completed,1.28,3.5,1.34,3.6,1.45,3.66,1.34,3.18,2012_20_miami_sony_ericsson_open,2012_20_miami_sony_ericsson_open_2012-03-24_R64_fish_m_dancevic_f
tennis_data_uk,atp,2012,20,Sony Ericsson Open,Miami,2012-03-24,masters_1000,True,hard,R64,64,3,Almagro N.,Goffin D.,12,148,2205,356,2,0,6,4,6,2,,,,,,,completed,1.22,4.0,1.21,5.08,1.27,5.08,1.22,4.12,2012_20_miami_sony_ericsson_open,2012_20_miami_sony_ericsson_open_2012-03-24_R64_almagro_n_goffin_d
tennis_data_uk,atp,2012,20,Sony Ericsson Open,Miami,2012-03-24,masters_1000,True,hard,R64,64,3,Del Potro J.M.,Karlovic I.,11,54,2660,847,2,0,7,5,6,4,,,,,,,completed,1.14,5.5,1.16,6.1,1.18,6.1,1.15,5.24,2012_20_miami_sony_ericsson_open,2012_20_miami_sony_ericsson_open_2012-03-24_R64_del_potro_j_m_karlovic_i
tennis_data_uk,atp,2012,20,Sony Ericsson Open,Miami,2012-03-25,masters_1000,True,hard,R64,64,3,Djokovic N.,Baghdatis M.,1,42,12670,1010,2,0,6,4,6,4,,,,,,,completed,1.07,9.0,1.09,9.5,1.09,11.25,1.06,8.99,2012_20_miami_sony_ericsson_open,2012_20_miami_sony_ericsson_open_2012-03-25_R64_djokovic_n_baghdatis_m
tennis_data_uk,atp,2012,20,Sony Ericsson Open,Miami,2012-03-25,masters_1000,True,hard,R32,32,3,Tipsarevic J.,Dolgopolov O.,9,18,2730,1540,2,1,6,4,5,7,6,2,,,,,completed,1.4,2.75,1.47,2.95,1.5,3.75,1.45,2.68,2012_20_miami_sony_ericsson_open,2012_20_miami_sony_ericsson_open_2012-03-25_R32_tipsarevic_j_dolgopolov_o
tennis_data_uk,atp,2012,20,Sony Ericsson Open,Miami,2012-03-25,masters_1000,True,hard,R32,32,3,Dimitrov G.,Berdych T.,101,7,564,3860,2,1,6,3,2,6,6,4,,,,,completed,4.5,1.18,4.78,1.23,4.8,1.29,4.21,1.21,2012_20_miami_sony_ericsson_open,2012_20_miami_sony_ericsson_open_2012-03-25_R32_dimitrov_g_berdych_t
tennis_data_uk,atp,2012,20,Sony Ericsson Open,Miami,2012-03-25,masters_1000,True,hard,R32,32,3,Simon G.,Melzer J.,13,22,2140,1472,2,0,7,6,6,4,,,,,,,completed,1.5,2.5,1.5,2.83,1.7,2.83,1.5,2.55,2012_20_miami_sony_ericsson_open,2012_20_miami_sony_ericsson_open_2012-03-25_R32_simon_g_melzer_j
tennis_data_uk,atp,2012,20,Sony Ericsson Open,Miami,2012-03-25,masters_1000,True,hard,R32,32,3,Murray A.,Raonic M.,4,26,7450,1345,,,,,,,,,,,,,walkover,1.22,4.0,1.25,4.55,1.3,4.6,1.24,3.9,2012_20_miami_sony_ericsson_open,2012_20_miami_sony_ericsson_open_2012-03-25_R32_murray_a_raonic_m
tennis_data_uk,atp,2012,20,Sony Ericsson Open,Miami,2012-03-25,masters_1000,True,hard,R32,32,3,Tsonga J.W.,Kohlschreiber P.,6,35,4535,1120,2,0,6,4,7,6,,,,,,,completed,1.22,4.0,1.25,4.51,1.31,5.5,1.26,3.81,2012_20_miami_sony_ericsson_open,2012_20_miami_sony_ericsson_open_2012-03-25_R32_tsonga_j_w_kohlschreiber_p
tennis_data_uk,atp,2012,20,Sony Ericsson Open,Miami,2012-03-25,masters_1000,True,hard,R32,32,3,Nishikori K.,Rosol L.,16,83,1685,636,2,0,6,4,6,2,,,,,,,completed,1.2,4.33,1.22,4.96,1.3,4.96,1.23,4.07,2012_20_miami_sony_ericsson_open,2012_20_miami_sony_ericsson_open_2012-03-25_R32_nishikori_k_rosol_l
tennis_data_uk,atp,2012,20,Sony Ericsson Open,Miami,2012-03-26,masters_1000,True,hard,R32,32,3,Nadal R.,Stepanek R.,2,25,10175,1365,2,0,6,2,6,2,,,,,,,completed,1.03,15.0,1.06,13.0,1.06,16.0,1.04,11.56,2012_20_miami_sony_ericsson_open,2012_20_miami_sony_ericsson_open_2012-03-26_R32_nadal_r_stepanek_r
tennis_data_uk,atp,2012,20,Sony Ericsson Open,Miami,2012-03-26,masters_1000,True,hard,R32,32,3,Mayer F.,Isner J.,19,10,1540,2675,2,0,6,4,6,2,,,,,,,completed,3.5,1.28,3.61,1.35,3.8,1.35,3.51,1.29,2012_20_miami_sony_ericsson_open,2012_20_miami_sony_ericsson_open_2012-03-26_R32_mayer_f_isner_j
tennis_data_uk,atp,2012,20,Sony Ericsson Open,Miami,2012-03-26,masters_1000,True,hard,R32,32,3,Fish M.,Anderson K.,8,28,2910,1305,2,0,6,4,6,3,,,,,,,completed,1.72,2.0,1.78,2.18,1.82,2.25,1.75,2.04,2012_20_miami_sony_ericsson_open,2012_20_miami_sony_ericsson_open_2012-03-26_R32_fish_m_anderson_k
tennis_data_uk,atp,2012,20,Sony Ericsson Open,Miami,2012-03-26,masters_1000,True,hard,R32,32,3,Gasquet R.,Ramos A.,17,56,1595,832,2,1,6,2,5,7,6,3,,,,,completed,1.4,2.75,1.38,3.38,1.5,3.5,1.41,2.85,2012_20_miami_sony_ericsson_open,2012_20_miami_sony_ericsson_open_2012-03-26_R32_gasquet_r_ramos_a
tennis_data_uk,atp,2012,20,Sony Ericsson Open,Miami,2012-03-26,masters_1000,True,hard,R32,32,3,Almagro N.,Verdasco F.,12,20,2205,1530,2,0,6,3,6,4,,,,,,,completed,2.0,1.72,2.14,1.81,2.14,1.88,1.99,1.78,2012_20_miami_sony_ericsson_open,2012_20_miami_sony_ericsson_open_2012-03-26_R32_almagro_n_verdasco_f
tennis_data_uk,atp,2012,20,Sony Ericsson Open,Miami,2012-03-26,masters_1000,True,hard,R32,32,3,Ferrer D.,Benneteau J.,5,33,4700,1175,2,0,7,6,6,4,,,,,,,completed,1.14,5.5,1.21,5.11,1.21,7.0,1.16,5.07,2012_20_miami_sony_ericsson_open,2012_20_miami_sony_ericsson_open_2012-03-26_R32_ferrer_d_benneteau_j
tennis_data_uk,atp,2012,20,Sony Ericsson Open,Miami,2012-03-26,masters_1000,True,hard,R32,32,3,Djokovic N.,Troicki V.,1,27,12670,1340,2,0,6,3,6,4,,,,,,,completed,1.03,15.0,1.03,19.0,1.06,19.0,1.04,11.58,2012_20_miami_sony_ericsson_open,2012_20_miami_sony_ericsson_open_2012-03-26_R32_djokovic_n_troicki_v
tennis_data_uk,atp,2012,20,Sony Ericsson Open,Miami,2012-03-26,masters_1000,True,hard,R32,32,3,Del Potro J.M.,Cilic M.,11,23,2660,1400,2,0,6,3,7,6,,,,,,,completed,1.16,5.0,1.24,4.75,1.25,5.05,1.19,4.53,2012_20_miami_sony_ericsson_open,2012_20_miami_sony_ericsson_open_2012-03-26_R32_del_potro_j_m_cilic_m
tennis_data_uk,atp,2012,20,Sony Ericsson Open,Miami,2012-03-27,masters_1000,True,hard,R32,32,3,Roddick A.,Federer R.,34,3,1165,9350,2,1,7,6,1,6,6,4,,,,,completed,8.0,1.08,7.94,1.12,9.0,1.12,7.45,1.08,2012_20_miami_sony_ericsson_open,2012_20_miami_sony_ericsson_open_2012-03-27_R32_roddick_a_federer_r
tennis_data_uk,atp,2012,20,Sony Ericsson Open,Miami,2012-03-27,masters_1000,True,hard,R32,32,3,Monaco J.,Monfils G.,21,14,1495,1970,2,1,4,6,6,3,6,4,,,,,completed,2.62,1.44,2.84,1.5,3.0,1.53,2.78,1.43,2012_20_miami_sony_ericsson_open,2012_20_miami_sony_ericsson_open_2012-03-27_R32_monaco_j_monfils_g
tennis_data_uk,atp,2012,20,Sony Ericsson Open,Miami,2012-03-27,masters_1000,True,hard,R16,16,3,Tipsarevic J.,Dimitrov G.,9,101,2730,564,2,0,7,6,6,2,,,,,,,completed,1.28,3.5,1.32,3.79,1.35,3.79,1.29,3.49,2012_20_miami_sony_ericsson_open,2012_20_miami_sony_ericsson_open_2012-03-27_R16_tipsarevic_j_dimitrov_g
tennis_data_uk,atp,2012,20,Sony Ericsson Open,Miami,2012-03-27,masters_1000,True,hard,R16,16,3,Nadal R.,Nishikori K.,2,16,10175,1685,2,0,6,4,6,4,,,,,,,completed,1.07,9.0,1.09,9.6,1.09,11.0,1.06,8.93,2012_20_miami_sony_ericsson_open,2012_20_miami_sony_ericsson_open_2012-03-27_R16_nadal_r_nishikori_k
tennis_data_uk,atp,2012,20,Sony Ericsson Open,Miami,2012-03-27,masters_1000,True,hard,R16,16,3,Fish M.,Almagro N.,8,12,2910,2205,2,1,6,3,6,7,6,3,,,,,completed,1.66,2.1,1.82,2.13,1.82,2.2,1.71,2.09,2012_20_miami_sony_ericsson_open,2012_20_miami_sony_ericsson_open_2012-03-27_R16_fish_m_almagro_n
tennis_data_uk,atp,2012,20,Sony Ericsson Open,Miami,2012-03-27,masters_1000,True,hard,R16,16,3,Djokovic N.,Gasquet R.,1,17,12670,1595,2,0,7,5,6,3,,,,,,,completed,1.05,11.0,1.06,13.4,1.08,13.4,1.05,9.76,2012_20_miami_sony_ericsson_open,2012_20_miami_sony_ericsson_open_2012-03-27_R16_djokovic_n_gasquet_r
tennis_data_uk,atp,2012,20,Sony Ericsson Open,Miami,2012-03-27,masters_1000,True,hard,R16,16,3,Murray A.,Simon G.,4,13,7450,2140,2,0,6,3,6,4,,,,,,,completed,1.1,7.0,1.13,7.65,1.14,7.7,1.12,6.17,2012_20_miami_sony_ericsson_open,2012_20_miami_sony_ericsson_open_2012-03-27_R16_murray_a_simon_g
tennis_data_uk,atp,2012,20,Sony Ericsson Open,Miami,2012-03-27,masters_1000,True,hard,R16,16,3,Monaco J.,Roddick A.,21,34,1495,1165,2,0,7,5,6,0,,,,,,,completed,3.0,1.36,3.45,1.38,3.45,1.4,3.06,1.36,2012_20_miami_sony_ericsson_open,2012_20_miami_sony_ericsson_open_2012-03-27_R16_monaco_j_roddick_a
tennis_data_uk,atp,2012,20,Sony Ericsson Open,Miami,2012-03-27,masters_1000,True,hard,R16,16,3,Tsonga J.W.,Mayer F.,6,19,4535,1540,2,0,6,3,6,2,,,,,,,completed,1.25,3.75,1.3,3.97,1.31,4.1,1.27,3.7,2012_20_miami_sony_ericsson_open,2012_20_miami_sony_ericsson_open_2012-03-27_R16_tsonga_j_w_mayer_f
tennis_data_uk,atp,2012,20,Sony Ericsson Open,Miami,2012-03-28,masters_1000,True,hard,R16,16,3,Ferrer D.,Del Potro J.M.,5,11,4700,2660,2,0,6,3,6,3,,,,,,,completed,2.62,1.44,2.77,1.52,2.88,1.62,2.65,1.46,2012_20_miami_sony_ericsson_open,2012_20_miami_sony_ericsson_open_2012-03-28_R16_ferrer_d_del_potro_j_m
tennis_data_uk,atp,2012,20,Sony Ericsson Open,Miami,2012-03-28,masters_1000,True,hard,QF,8,3,Murray A.,Tipsarevic J.,4,9,7450,2730,2,1,4,6,6,3,6,4,,,,,completed,1.22,4.0,1.28,4.15,1.3,4.15,1.26,3.79,2012_20_miami_sony_ericsson_open,2012_20_miami_sony_ericsson_open_2012-03-28_QF_murray_a_tipsarevic_j
tennis_data_uk,atp,2012,20,Sony Ericsson Open,Miami,2012-03-29,masters_1000,True,hard,QF,8,3,Nadal R.,Tsonga J.W.,2,6,10175,4535,2,1,6,2,5,7,6,4,,,,,completed,1.38,2.87,1.42,3.19,1.46,3.19,1.39,2.89,2012_20_miami_sony_ericsson_open,2012_20_miami_sony_ericsson_open_2012-03-29_QF_nadal_r_tsonga_j_w
tennis_data_uk,atp,2012,20,Sony Ericsson Open,Miami,2012-03-29,masters_1000,True,hard,QF,8,3,Monaco J.,Fish M.,21,8,1495,2910,2,0,6,1,6,3,,,,,,,completed,2.62,1.44,2.88,1.49,2.88,1.58,2.62,1.47,2012_20_miami_sony_ericsson_open,2012_20_miami_sony_ericsson_open_2012-03-29_QF_monaco_j_fish_m
tennis_data_uk,atp,2012,20,Sony Ericsson Open,Miami,2012-03-30,masters_1000,True,hard,QF,8,3,Djokovic N.,Ferrer D.,1,5,12670,4700,2,0,6,2,7,6,,,,,,,completed,1.22,4.33,1.26,4.39,1.28,4.7,1.22,4.22,2012_20_miami_sony_ericsson_open,2012_20_miami_sony_ericsson_open_2012-03-30_QF_djokovic_n_ferrer_d
tennis_data_uk,atp,2012,20,Sony Ericsson Open,Miami,2012-03-30,masters_1000,True,hard,SF,4,3,Murray A.,Nadal R.,4,2,7450,10175,,,,,,,,,,,,,walkover,2.2,1.66,2.27,1.72,2.3,1.8,2.16,1.68,2012_20_miami_sony_ericsson_open,2012_20_miami_sony_ericsson_open_2012-03-30_SF_murray_a_nadal_r
tennis_data_uk,atp,2012,20,Sony Ericsson Open,Miami,2012-03-31,masters_1000,True,hard,SF,4,3,Djokovic N.,Monaco J.,1,21,12670,1495,2,0,6,0,7,6,,,,,,,completed,1.05,11.0,1.07,12.25,1.08,12.25,1.06,8.7,2012_20_miami_sony_ericsson_open,2012_20_miami_sony_ericsson_open_2012-03-31_SF_djokovic_n_monaco_j
tennis_data_uk,atp,2012,20,Sony Ericsson Open,Miami,2012-04-01,masters_1000,True,hard,F,2,3,Djokovic N.,Murray A.,1,4,12670,7450,2,0,6,1,7,6,,,,,,,completed,1.41,2.9,1.45,3.01,1.5,3.45,1.41,2.86,2012_20_miami_sony_ericsson_open,2012_20_miami_sony_ericsson_open_2012-04-01_F_djokovic_n_murray_a
tennis_data_uk,atp,2012,21,Grand Prix Hassan II,Casablanca,2012-04-09,atp_250,True,clay,R32,32,3,Garcia-Lopez G.,Fognini F.,80,57,646,800,2,1,6,4,3,6,7,5,,,,,completed,1.5,2.5,1.59,2.5,1.59,2.65,1.54,2.42,2012_21_casablanca_grand_prix_hassan_ii,2012_21_casablanca_grand_prix_hassan_ii_2012-04-09_R32_garcia_lopez_g_fognini_f
tennis_data_uk,atp,2012,21,Grand Prix Hassan II,Casablanca,2012-04-09,atp_250,True,clay,R32,32,3,Andreev I.,Montanes A.,100,69,553,715,2,0,6,3,6,3,,,,,,,completed,1.4,2.75,1.51,2.73,1.52,2.75,1.48,2.58,2012_21_casablanca_grand_prix_hassan_ii,2012_21_casablanca_grand_prix_hassan_ii_2012-04-09_R32_andreev_i_montanes_a
tennis_data_uk,atp,2012,21,Grand Prix Hassan II,Casablanca,2012-04-09,atp_250,True,clay,R32,32,3,Paire B.,Young D.,102,45,547,972,2,1,4,6,7,6,6,2,,,,,completed,1.36,3.0,1.48,2.84,1.53,3.3,1.39,2.92,2012_21_casablanca_grand_prix_hassan_ii,2012_21_casablanca_grand_prix_hassan_ii_2012-04-09_R32_paire_b_young_d
tennis_data_uk,atp,2012,21,Grand Prix Hassan II,Casablanca,2012-04-10,atp_250,True,clay,R32,32,3,Chardy J.,Delbonis F.,64,147,754,361,2,0,6,4,7,5,,,,,,,completed,1.9,1.8,2.05,1.85,2.08,1.91,1.94,1.82,2012_21_casablanca_grand_prix_hassan_ii,2012_21_casablanca_grand_prix_hassan_ii_2012-04-10_R32_chardy_j_delbonis_f
tennis_data_uk,atp,2012,21,Grand Prix Hassan II,Casablanca,2012-04-10,atp_250,True,clay,R32,32,3,Ramos A.,Riba P.,52,89,857,602,2,0,6,2,6,3,,,,,,,completed,1.18,4.5,1.22,4.7,1.25,4.85,1.21,4.23,2012_21_casablanca_grand_prix_hassan_ii,2012_21_casablanca_grand_prix_hassan_ii_2012-04-10_R32_ramos_a_riba_p
tennis_data_uk,atp,2012,21,Grand Prix Hassan II,Casablanca,2012-04-10,atp_250,True,clay,R32,32,3,Hanescu V.,Jaziri M.,105,86,529,611,1,0,6,2,3,0,,,,,,,retired,1.5,2.5,1.57,2.55,1.63,2.6,1.56,2.37,2012_21_casablanca_grand_prix_hassan_ii,2012_21_casablanca_grand_prix_hassan_ii_2012-04-10_R32_hanescu_v_jaziri_m
tennis_data_uk,atp,2012,21,Grand Prix Hassan II,Casablanca,2012-04-10,atp_250,True,clay,R32,32,3,Mathieu P.H.,Ziadi M.,394,613,100,36,2,0,6,3,6,1,,,,,,,completed,1.05,11.0,1.05,11.88,1.08,12.16,1.05,9.14,2012_21_casablanca_grand_prix_hassan_ii,2012_21_casablanca_grand_prix_hassan_ii_2012-04-10_R32_mathieu_p_h_ziadi_m
tennis_data_uk,atp,2012,21,Grand Prix Hassan II,Casablanca,2012-04-10,atp_250,True,clay,R32,32,3,Bachinger M.,Volandri F.,104,63,532,763,2,1,6,3,3,6,6,3,,,,,completed,3.5,1.28,3.5,1.34,3.7,1.36,3.34,1.31,2012_21_casablanca_grand_prix_hassan_ii,2012_21_casablanca_grand_prix_hassan_ii_2012-04-10_R32_bachinger_m_volandri_f
tennis_data_uk,atp,2012,21,Grand Prix Hassan II,Casablanca,2012-04-10,atp_250,True,clay,R32,32,3,Cipolla F.,Idmbarek Y.,85,1064,616,6,2,1,6,1,2,6,6,1,,,,,completed,1.04,13.0,1.05,13.12,1.07,16.0,1.04,10.41,2012_21_casablanca_grand_prix_hassan_ii,2012_21_casablanca_grand_prix_hassan_ii_2012-04-10_R32_cipolla_f_idmbarek_y
tennis_data_uk,atp,2012,21,Grand Prix Hassan II,Casablanca,2012-04-10,atp_250,True,clay,R32,32,3,Gutierrez-Ferrol S.,Machado R.,544,97,52,561,2,0,6,2,6,1,,,,,,,completed,2.25,1.57,2.55,1.57,2.55,1.67,2.32,1.58,2012_21_casablanca_grand_prix_hassan_ii,2012_21_casablanca_grand_prix_hassan_ii_2012-04-10_R32_gutierrez_ferrol_s_machado_r
tennis_data_uk,atp,2012,21,Grand Prix Hassan II,Casablanca,2012-04-10,atp_250,True,clay,R32,32,3,Starace P.,Bautista R.,83,152,628,347,2,0,6,4,7,5,,,,,,,completed,1.83,1.83,1.87,2.02,2.0,2.05,1.81,1.94,2012_21_casablanca_grand_prix_hassan_ii,2012_21_casablanca_grand_prix_hassan_ii_2012-04-10_R32_starace_p_bautista_r
tennis_data_uk,atp,2012,21,Grand Prix Hassan II,Casablanca,2012-04-10,atp_250,True,clay,R32,32,3,Ouahab L.,Haase R.,752,51,19,866,2,0,6,3,6,2,,,,,,,completed,4.0,1.22,5.11,1.2,5.15,1.25,4.21,1.21,2012_21_casablanca_grand_prix_hassan_ii,2012_21_casablanca_grand_prix_hassan_ii_2012-04-10_R32_ouahab_l_haase_r
tennis_data_uk,atp,2012,21,Grand Prix Hassan II,Casablanca,2012-04-11,atp_250,True,clay,R16,16,3,Andreev I.,Istomin D.,100,42,553,982,2,1,6,7,6,3,6,2,,,,,completed,1.4,2.75,1.53,2.71,1.57,2.8,1.48,2.58,2012_21_casablanca_grand_prix_hassan_ii,2012_21_casablanca_grand_prix_hassan_ii_2012-04-11_R16_andreev_i_istomin_d
tennis_data_uk,atp,2012,21,Grand Prix Hassan II,Casablanca,2012-04-11,atp_250,True,clay,R16,16,3,Paire B.,Bachinger M.,102,104,547,532,2,1,6,7,6,3,6,2,,,,,completed,1.53,2.37,1.65,2.4,1.65,2.5,1.58,2.33,2012_21_casablanca_grand_prix_hassan_ii,2012_21_casablanca_grand_prix_hassan_ii_2012-04-11_R16_paire_b_bachinger_m
tennis_data_uk,atp,2012,21,Grand Prix Hassan II,Casablanca,2012-04-11,atp_250,True,clay,R16,16,3,Garcia-Lopez G.,Mathieu P.H.,80,394,646,100,2,0,6,4,6,2,,,,,,,completed,1.9,1.8,1.94,1.96,2.0,1.97,1.92,1.83,2012_21_casablanca_grand_prix_hassan_ii,2012_21_casablanca_grand_prix_hassan_ii_2012-04-11_R16_garcia_lopez_g_mathieu_p_h
tennis_data_uk,atp,2012,21,Grand Prix Hassan II,Casablanca,2012-04-11,atp_250,True,clay,R16,16,3,Cipolla F.,Dolgopolov O.,85,22,616,1495,2,0,6,4,6,1,,,,,,,completed,3.75,1.25,4.01,1.29,4.01,1.33,3.61,1.27,2012_21_casablanca_grand_prix_hassan_ii,2012_21_casablanca_grand_prix_hassan_ii_2012-04-11_R16_cipolla_f_dolgopolov_o
tennis_data_uk,atp,2012,21,Grand Prix Hassan II,Casablanca,2012-04-12,atp_250,True,clay,R16,16,3,Ramos A.,Hanescu V.,52,105,857,529,2,0,6,2,6,4,,,,,,,completed,1.38,2.87,1.44,3.01,1.5,3.0,1.41,2.83,2012_21_casablanca_grand_prix_hassan_ii,2012_21_casablanca_grand_prix_hassan_ii_2012-04-12_R16_ramos_a_hanescu_v
tennis_data_uk,atp,2012,21,Grand Prix Hassan II,Casablanca,2012-04-12,atp_250,True,clay,R16,16,3,Chardy J.,Mayer F.,64,20,754,1540,2,0,6,3,6,1,,,,,,,completed,2.25,1.57,2.44,1.63,2.45,1.7,2.29,1.6,2012_21_casablanca_grand_prix_hassan_ii,2012_21_casablanca_grand_prix_hassan_ii_2012-04-12_R16_chardy_j_mayer_f
tennis_data_uk,atp,2012,21,Grand Prix Hassan II,Casablanca,2012-04-13,atp_250,True,clay,R16,16,3,Gutierrez-Ferrol S.,Ouahab L.,544,752,52,19,2,0,6,4,6,1,,,,,,,completed,1.57,2.25,1.69,2.31,1.73,2.33,1.66,2.16,2012_21_casablanca_grand_prix_hassan_ii,2012_21_casablanca_grand_prix_hassan_ii_2012-04-13_R16_gutierrez_ferrol_s_ouahab_l
tennis_data_uk,atp,2012,21,Grand Prix Hassan II,Casablanca,2012-04-13,atp_250,True,clay,R16,16,3,Andujar P.,Starace P.,58,83,795,628,2,0,6,3,6,0,,,,,,,completed,1.66,2.1,1.75,2.2,1.77,2.25,1.69,2.12,2012_21_casablanca_grand_prix_hassan_ii,2012_21_casablanca_grand_prix_hassan_ii_2012-04-13_R16_andujar_p_starace_p
tennis_data_uk,atp,2012,21,Grand Prix Hassan II,Casablanca,2012-04-13,atp_250,True,clay,QF,8,3,Cipolla F.,Paire B.,85,102,616,547,2,0,6,3,6,4,,,,,,,completed,2.0,1.72,1.93,1.99,2.01,1.99,1.88,1.86,2012_21_casablanca_grand_prix_hassan_ii,2012_21_casablanca_grand_prix_hassan_ii_2012-04-13_QF_cipolla_f_paire_b
tennis_data_uk,atp,2012,21,Grand Prix Hassan II,Casablanca,2012-04-13,atp_250,True,clay,QF,8,3,Andreev I.,Garcia-Lopez G.,100,80,553,646,2,0,6,4,6,2,,,,,,,completed,1.8,1.9,1.88,2.04,1.88,2.2,1.76,2.02,2012_21_casablanca_grand_prix_hassan_ii,2012_21_casablanca_grand_prix_hassan_ii_2012-04-13_QF_andreev_i_garcia_lopez_g
tennis_data_uk,atp,2012,21,Grand Prix Hassan II,Casablanca,2012-04-13,atp_250,True,clay,QF,8,3,Ramos A.,Chardy J.,52,64,857,754,2,0,6,3,6,4,,,,,,,completed,1.5,2.5,1.59,2.56,1.62,2.75,1.51,2.49,2012_21_casablanca_grand_prix_hassan_ii,2012_21_casablanca_grand_prix_hassan_ii_2012-04-13_QF_ramos_a_chardy_j
tennis_data_uk,atp,2012,21,Grand Prix Hassan II,Casablanca,2012-04-13,atp_250,True,clay,QF,8,3,Andujar P.,Gutierrez-Ferrol S.,58,544,795,52,2,1,6,4,1,6,6,3,,,,,completed,1.18,4.5,1.2,5.46,1.25,5.84,1.19,4.57,2012_21_casablanca_grand_prix_hassan_ii,2012_21_casablanca_grand_prix_hassan_ii_2012-04-13_QF_andujar_p_gutierrez_ferrol_s
tennis_data_uk,atp,2012,21,Grand Prix Hassan II,Casablanca,2012-04-14,atp_250,True,clay,SF,4,3,Ramos A.,Andreev I.,52,100,857,553,2,0,6,3,7,6,,,,,,,completed,1.5,2.5,1.59,2.56,1.63,2.6,1.55,2.4,2012_21_casablanca_grand_prix_hassan_ii,2012_21_casablanca_grand_prix_hassan_ii_2012-04-14_SF_ramos_a_andreev_i
tennis_data_uk,atp,2012,21,Grand Prix Hassan II,Casablanca,2012-04-14,atp_250,True,clay,SF,4,3,Andujar P.,Cipolla F.,58,85,795,616,2,0,6,3,7,5,,,,,,,completed,1.4,2.75,1.39,3.33,1.45,3.33,1.41,2.84,2012_21_casablanca_grand_prix_hassan_ii,2012_21_casablanca_grand_prix_hassan_ii_2012-04-14_SF_andujar_p_cipolla_f
tennis_data_uk,atp,2012,21,Grand Prix Hassan II,Casablanca,2012-04-15,atp_250,True,clay,F,2,3,Andujar P.,Ramos A.,58,52,795,857,2,0,6,1,7,6,,,,,,,completed,1.8,2.0,1.96,1.96,1.96,2.1,1.8,1.96,2012_21_casablanca_grand_prix_hassan_ii,2012_21_casablanca_grand_prix_hassan_ii_2012-04-15_F_andujar_p_ramos_a
tennis_data_uk,atp,2012,22,U.S. Men's Clay Court Championships,Houston,2012-04-09,atp_250,True,clay,R32,32,3,Phau B.,Junqueira D.,93,123,588,438,1,0,6,1,3,0,,,,,,,retired,1.4,2.75,1.47,2.88,1.49,3.0,1.41,2.81,2012_22_houston_u_s_men_s_clay_court_championships,2012_22_houston_u_s_men_s_clay_court_championships_2012-04-09_R32_phau_b_junqueira_d
tennis_data_uk,atp,2012,22,U.S. Men's Clay Court Championships,Houston,2012-04-10,atp_250,True,clay,R32,32,3,Berlocq C.,Blake J.,37,74,1051,688,2,1,6,4,2,6,6,1,,,,,completed,1.28,3.5,1.31,3.78,1.33,3.8,1.28,3.51,2012_22_houston_u_s_men_s_clay_court_championships,2012_22_houston_u_s_men_s_clay_court_championships_2012-04-10_R32_berlocq_c_blake_j
tennis_data_uk,atp,2012,22,U.S. Men's Clay Court Championships,Houston,2012-04-10,atp_250,True,clay,R32,32,3,Querrey S.,Prodon E.,103,115,535,490,2,0,6,1,6,4,,,,,,,completed,1.14,5.5,1.17,5.81,1.22,6.0,1.17,4.8,2012_22_houston_u_s_men_s_clay_court_championships,2012_22_houston_u_s_men_s_clay_court_championships_2012-04-10_R32_querrey_s_prodon_e
tennis_data_uk,atp,2012,22,U.S. Men's Clay Court Championships,Houston,2012-04-10,atp_250,True,clay,R32,32,3,Lorenzi P.,Odesnik W.,96,109,563,502,2,1,6,7,6,2,6,3,,,,,completed,2.1,1.66,2.35,1.66,2.38,1.77,2.17,1.66,2012_22_houston_u_s_men_s_clay_court_championships,2012_22_houston_u_s_men_s_clay_court_championships_2012-04-10_R32_lorenzi_p_odesnik_w
tennis_data_uk,atp,2012,22,U.S. Men's Clay Court Championships,Houston,2012-04-10,atp_250,True,clay,R32,32,3,Kunitsyn I.,Malisse X.,91,68,601,715,2,0,6,4,6,2,,,,,,,completed,3.0,1.36,3.42,1.36,3.49,1.42,3.01,1.37,2012_22_houston_u_s_men_s_clay_court_championships,2012_22_houston_u_s_men_s_clay_court_championships_2012-04-10_R32_kunitsyn_i_malisse_x
tennis_data_uk,atp,2012,22,U.S. Men's Clay Court Championships,Houston,2012-04-10,atp_250,True,clay,R32,32,3,Ito T.,Soeda G.,98,77,560,664,2,0,6,4,7,5,,,,,,,completed,2.75,1.4,3.26,1.38,3.26,1.53,2.78,1.43,2012_22_houston_u_s_men_s_clay_court_championships,2012_22_houston_u_s_men_s_clay_court_championships_2012-04-10_R32_ito_t_soeda_g
tennis_data_uk,atp,2012,22,U.S. Men's Clay Court Championships,Houston,2012-04-10,atp_250,True,clay,R32,32,3,Zeballos H.,Ungur A.,117,94,454,584,2,0,6,3,6,3,,,,,,,completed,1.5,2.5,1.54,2.65,1.67,2.72,1.55,2.38,2012_22_houston_u_s_men_s_clay_court_championships,2012_22_houston_u_s_men_s_clay_court_championships_2012-04-10_R32_zeballos_h_ungur_a
tennis_data_uk,atp,2012,22,U.S. Men's Clay Court Championships,Houston,2012-04-11,atp_250,True,clay,R32,32,3,Sweeting R.,Mello R.,143,130,377,424,2,0,6,3,7,6,,,,,,,completed,1.53,2.37,1.67,2.33,1.8,2.43,1.65,2.18,2012_22_houston_u_s_men_s_clay_court_championships,2012_22_houston_u_s_men_s_clay_court_championships_2012-04-11_R32_sweeting_r_mello_r
tennis_data_uk,atp,2012,22,U.S. Men's Clay Court Championships,Houston,2012-04-11,atp_250,True,clay,R32,32,3,Russell M.,Gimeno-Traver D.,136,101,404,551,2,1,2,6,7,5,6,1,,,,,completed,2.0,1.72,2.21,1.74,2.38,1.9,1.93,1.82,2012_22_houston_u_s_men_s_clay_court_championships,2012_22_houston_u_s_men_s_clay_court_championships_2012-04-11_R32_russell_m_gimeno_traver_d
tennis_data_uk,atp,2012,22,U.S. Men's Clay Court Championships,Houston,2012-04-11,atp_250,True,clay,R32,32,3,Reynolds B.,Karlovic I.,116,62,486,770,2,1,7,6,2,6,6,3,,,,,completed,3.5,1.28,3.7,1.32,3.84,1.35,3.39,1.3,2012_22_houston_u_s_men_s_clay_court_championships,2012_22_houston_u_s_men_s_clay_court_championships_2012-04-11_R32_reynolds_b_karlovic_i
tennis_data_uk,atp,2012,22,U.S. Men's Clay Court Championships,Houston,2012-04-11,atp_250,True,clay,R32,32,3,Anderson K.,Souza J.,33,99,1170,554,2,0,6,3,6,4,,,,,,,completed,1.18,4.5,1.22,4.8,1.25,4.8,1.21,4.22,2012_22_houston_u_s_men_s_clay_court_championships,2012_22_houston_u_s_men_s_clay_court_championships_2012-04-11_R32_anderson_k_souza_j
tennis_data_uk,atp,2012,22,U.S. Men's Clay Court Championships,Houston,2012-04-11,atp_250,True,clay,R32,32,3,Harrison R.,Bogomolov A.,65,40,741,1021,2,1,4,6,6,3,6,4,,,,,completed,1.44,2.62,1.56,2.57,1.56,2.78,1.5,2.52,2012_22_houston_u_s_men_s_clay_court_championships,2012_22_houston_u_s_men_s_clay_court_championships_2012-04-11_R32_harrison_r_bogomolov_a
tennis_data_uk,atp,2012,22,U.S. Men's Clay Court Championships,Houston,2012-04-11,atp_250,True,clay,R16,16,3,Berlocq C.,Phau B.,37,93,1051,588,2,0,6,1,6,0,,,,,,,completed,1.44,2.62,1.58,2.55,1.58,3.0,1.45,2.69,2012_22_houston_u_s_men_s_clay_court_championships,2012_22_houston_u_s_men_s_clay_court_championships_2012-04-11_R16_berlocq_c_phau_b
tennis_data_uk,atp,2012,22,U.S. Men's Clay Court Championships,Houston,2012-04-12,atp_250,True,clay,R16,16,3,Lopez F.,Lorenzi P.,15,96,1855,563,2,0,6,4,7,6,,,,,,,completed,1.44,2.62,1.42,3.14,1.51,3.14,1.44,2.7,2012_22_houston_u_s_men_s_clay_court_championships,2012_22_houston_u_s_men_s_clay_court_championships_2012-04-12_R16_lopez_f_lorenzi_p
tennis_data_uk,atp,2012,22,U.S. Men's Clay Court Championships,Houston,2012-04-12,atp_250,True,clay,R16,16,3,Anderson K.,Querrey S.,33,103,1170,535,2,1,7,6,3,6,7,6,,,,,completed,1.83,1.83,2.02,1.88,2.08,1.92,1.9,1.84,2012_22_houston_u_s_men_s_clay_court_championships,2012_22_houston_u_s_men_s_clay_court_championships_2012-04-12_R16_anderson_k_querrey_s
tennis_data_uk,atp,2012,22,U.S. Men's Clay Court Championships,Houston,2012-04-12,atp_250,True,clay,R16,16,3,Monaco J.,Ito T.,16,98,1810,560,2,0,6,3,6,3,,,,,,,completed,1.05,11.0,1.05,14.0,1.1,14.9,1.06,9.14,2012_22_houston_u_s_men_s_clay_court_championships,2012_22_houston_u_s_men_s_clay_court_championships_2012-04-12_R16_monaco_j_ito_t
tennis_data_uk,atp,2012,22,U.S. Men's Clay Court Championships,Houston,2012-04-12,atp_250,True,clay,R16,16,3,Sweeting R.,Reynolds B.,143,116,377,486,2,0,6,3,6,2,,,,,,,completed,1.3,3.4,1.38,3.35,1.39,3.54,1.33,3.25,2012_22_houston_u_s_men_s_clay_court_championships,2012_22_houston_u_s_men_s_clay_court_championships_2012-04-12_R16_sweeting_r_reynolds_b
tennis_data_uk,atp,2012,22,U.S. Men's Clay Court Championships,Houston,2012-04-12,atp_250,True,clay,R16,16,3,Russell M.,Fish M.,136,9,404,2725,2,0,6,3,6,1,,,,,,,completed,5.0,1.16,5.08,1.21,5.37,1.22,4.68,1.18,2012_22_houston_u_s_men_s_clay_court_championships,2012_22_houston_u_s_men_s_clay_court_championships_2012-04-12_R16_russell_m_fish_m
tennis_data_uk,atp,2012,22,U.S. Men's Clay Court Championships,Houston,2012-04-13,atp_250,True,clay,R16,16,3,Harrison R.,Kunitsyn I.,65,91,741,601,2,0,6,2,6,4,,,,,,,completed,1.36,3.0,1.44,3.02,1.45,3.3,1.38,2.95,2012_22_houston_u_s_men_s_clay_court_championships,2012_22_houston_u_s_men_s_clay_court_championships_2012-04-13_R16_harrison_r_kunitsyn_i
tennis_data_uk,atp,2012,22,U.S. Men's Clay Court Championships,Houston,2012-04-13,atp_250,True,clay,R16,16,3,Isner J.,Zeballos H.,10,117,2710,454,2,1,6,7,6,4,6,2,,,,,completed,1.16,5.0,1.17,5.83,1.22,5.83,1.18,4.66,2012_22_houston_u_s_men_s_clay_court_championships,2012_22_houston_u_s_men_s_clay_court_championships_2012-04-13_R16_isner_j_zeballos_h
tennis_data_uk,atp,2012,22,U.S. Men's Clay Court Championships,Houston,2012-04-13,atp_250,True,clay,QF,8,3,Monaco J.,Anderson K.,16,33,1810,1170,2,0,7,6,7,5,,,,,,,completed,1.25,3.75,1.28,4.19,1.32,4.19,1.27,3.61,2012_22_houston_u_s_men_s_clay_court_championships,2012_22_houston_u_s_men_s_clay_court_championships_2012-04-13_QF_monaco_j_anderson_k
tennis_data_uk,atp,2012,22,U.S. Men's Clay Court Championships,Houston,2012-04-13,atp_250,True,clay,QF,8,3,Russell M.,Harrison R.,136,65,404,741,2,1,6,1,5,7,6,3,,,,,completed,3.25,1.33,3.17,1.42,3.35,1.42,3.1,1.35,2012_22_houston_u_s_men_s_clay_court_championships,2012_22_houston_u_s_men_s_clay_court_championships_2012-04-13_QF_russell_m_harrison_r
tennis_data_uk,atp,2012,22,U.S. Men's Clay Court Championships,Houston,2012-04-14,atp_250,True,clay,QF,8,3,Isner J.,Sweeting R.,10,143,2710,377,2,0,7,6,7,6,,,,,,,completed,1.2,4.33,1.24,4.64,1.3,4.64,1.24,3.95,2012_22_houston_u_s_men_s_clay_court_championships,2012_22_houston_u_s_men_s_clay_court_championships_2012-04-14_QF_isner_j_sweeting_r
tennis_data_uk,atp,2012,22,U.S. Men's Clay Court Championships,Houston,2012-04-14,atp_250,True,clay,QF,8,3,Lopez F.,Berlocq C.,15,37,1855,1051,1,0,6,4,2,2,,,,,,,retired,2.5,1.5,2.65,1.56,2.72,1.6,2.48,1.52,2012_22_houston_u_s_men_s_clay_court_championships,2012_22_houston_u_s_men_s_clay_court_championships_2012-04-14_QF_lopez_f_berlocq_c
tennis_data_uk,atp,2012,22,U.S. Men's Clay Court Championships,Houston,2012-04-14,atp_250,True,clay,SF,4,3,Monaco J.,Russell M.,16,136,1810,404,2,1,5,7,6,1,6,4,,,,,completed,1.08,8.0,1.1,9.05,1.12,10.4,1.08,7.61,2012_22_houston_u_s_men_s_clay_court_championships,2012_22_houston_u_s_men_s_clay_court_championships_2012-04-14_SF_monaco_j_russell_m
tennis_data_uk,atp,2012,22,U.S. Men's Clay Court Championships,Houston,2012-04-14,atp_250,True,clay,SF,4,3,Isner J.,Lopez F.,10,15,2710,1855,2,1,6,7,7,6,6,3,,,,,completed,1.36,3.0,1.5,2.83,1.5,3.0,1.43,2.75,2012_22_houston_u_s_men_s_clay_court_championships,2012_22_houston_u_s_men_s_clay_court_championships_2012-04-14_SF_isner_j_lopez_f
tennis_data_uk,atp,2012,22,U.S. Men's Clay Court Championships,Houston,2012-04-15,atp_250,True,clay,F,2,3,Monaco J.,Isner J.,16,10,1810,2710,2,1,6,2,3,6,6,3,,,,,completed,2.1,1.72,2.26,1.74,2.26,1.8,2.08,1.72,2012_22_houston_u_s_men_s_clay_court_championships,2012_22_houston_u_s_men_s_clay_court_championships_2012-04-15_F_monaco_j_isner_j
tennis_data_uk,atp,2012,23,Monte Carlo Masters,Monte Carlo,2012-04-15,masters_1000,True,clay,R64,64,3,Dodig I.,Ljubicic I.,57,53,790,840,2,0,6,0,6,3,,,,,,,completed,1.83,1.83,1.81,2.12,1.83,2.2,1.71,2.07,2012_23_monte_carlo_monte_carlo_masters,2012_23_monte_carlo_monte_carlo_masters_2012-04-15_R64_dodig_i_ljubicic_i
tennis_data_uk,atp,2012,23,Monte Carlo Masters,Monte Carlo,2012-04-15,masters_1000,True,clay,R64,64,3,Troicki V.,Lisnard J.R.,30,393,1185,99,2,0,6,3,6,1,,,,,,,completed,1.11,6.5,1.13,7.24,1.14,7.45,1.11,6.19,2012_23_monte_carlo_monte_carlo_masters,2012_23_monte_carlo_monte_carlo_masters_2012-04-15_R64_troicki_v_lisnard_j_r
tennis_data_uk,atp,2012,23,Monte Carlo Masters,Monte Carlo,2012-04-15,masters_1000,True,clay,R64,64,3,Simon G.,Balleret B.,15,332,1980,129,2,0,6,3,6,2,,,,,,,completed,1.02,17.0,1.02,21.0,1.07,22.58,1.03,12.62,2012_23_monte_carlo_monte_carlo_masters,2012_23_monte_carlo_monte_carlo_masters_2012-04-15_R64_simon_g_balleret_b
tennis_data_uk,atp,2012,23,Monte Carlo Masters,Monte Carlo,2012-04-16,masters_1000,True,clay,R64,64,3,Melzer J.,Kubot L.,29,51,1192,872,2,0,6,2,7,5,,,,,,,completed,1.36,3.0,1.42,3.13,1.45,3.25,1.39,2.91,2012_23_monte_carlo_monte_carlo_masters,2012_23_monte_carlo_monte_carlo_masters_2012-04-16_R64_melzer_j_kubot_l
tennis_data_uk,atp,2012,23,Monte Carlo Masters,Monte Carlo,2012-04-16,masters_1000,True,clay,R64,64,3,Mathieu P.H.,Young D.,352,50,120,892,2,0,6,0,6,1,,,,,,,completed,1.33,3.25,1.42,3.14,1.44,3.3,1.35,3.08,2012_23_monte_carlo_monte_carlo_masters,2012_23_monte_carlo_monte_carlo_masters_2012-04-16_R64_mathieu_p_h_young_d
tennis_data_uk,atp,2012,23,Monte Carlo Masters,Monte Carlo,2012-04-16,masters_1000,True,clay,R64,64,3,Verdasco F.,Rochus O.,19,66,1565,731,2,1,4,6,6,2,7,5,,,,,completed,1.12,6.0,1.16,6.27,1.2,6.3,1.14,5.37,2012_23_monte_carlo_monte_carlo_masters,2012_23_monte_carlo_monte_carlo_masters_2012-04-16_R64_verdasco_f_rochus_o
tennis_data_uk,atp,2012,23,Monte Carlo Masters,Monte Carlo,2012-04-16,masters_1000,True,clay,R64,64,3,Tomic B.,Istomin D.,36,43,1100,982,2,0,6,4,6,3,,,,,,,completed,2.0,1.72,2.32,1.68,2.32,2.75,2.03,1.76,2012_23_monte_carlo_monte_carlo_masters,2012_23_monte_carlo_monte_carlo_masters_2012-04-16_R64_tomic_b_istomin_d
tennis_data_uk,atp,2012,23,Monte Carlo Masters,Monte Carlo,2012-04-16,masters_1000,True,clay,R64,64,3,Nieminen J.,Stepanek R.,48,23,943,1385,2,0,6,3,7,6,,,,,,,completed,2.5,1.5,2.73,1.52,2.8,1.6,2.44,1.53,2012_23_monte_carlo_monte_carlo_masters,2012_23_monte_carlo_monte_carlo_masters_2012-04-16_R64_nieminen_j_stepanek_r
tennis_data_uk,atp,2012,23,Monte Carlo Masters,Monte Carlo,2012-04-16,masters_1000,True,clay,R64,64,3,Kohlschreiber P.,Rufin G.,34,167,1155,312,2,0,6,4,6,4,,,,,,,completed,1.33,3.25,1.37,3.34,1.37,3.57,1.33,3.21,2012_23_monte_carlo_monte_carlo_masters,2012_23_monte_carlo_monte_carlo_masters_2012-04-16_R64_kohlschreiber_p_rufin_g
tennis_data_uk,atp,2012,23,Monte Carlo Masters,Monte Carlo,2012-04-16,masters_1000,True,clay,R64,64,3,Benneteau J.,Granollers M.,31,25,1180,1305,2,1,6,3,3,6,6,2,,,,,completed,1.83,1.83,2.03,1.88,2.05,2.1,1.87,1.88,2012_23_monte_carlo_monte_carlo_masters,2012_23_monte_carlo_monte_carlo_masters_2012-04-16_R64_benneteau_j_granollers_m
tennis_data_uk,atp,2012,23,Monte Carlo Masters,Monte Carlo,2012-04-16,masters_1000,True,clay,R64,64,3,Dolgopolov O.,Chela J.I.,21,33,1495,1165,2,0,6,2,6,2,,,,,,,completed,1.57,2.25,1.63,2.44,1.75,2.44,1.64,2.21,2012_23_monte_carlo_monte_carlo_masters,2012_23_monte_carlo_monte_carlo_masters_2012-04-16_R64_dolgopolov_o_chela_j_i
tennis_data_uk,atp,2012,23,Monte Carlo Masters,Monte Carlo,2012-04-16,masters_1000,True,clay,R64,64,3,Montanes A.,Raonic M.,71,24,690,1335,2,1,6,2,3,6,6,3,,,,,completed,4.0,1.22,4.85,1.22,5.0,1.25,4.05,1.23,2012_23_monte_carlo_monte_carlo_masters,2012_23_monte_carlo_monte_carlo_masters_2012-04-16_R64_montanes_a_raonic_m
tennis_data_uk,atp,2012,23,Monte Carlo Masters,Monte Carlo,2012-04-17,masters_1000,True,clay,R64,64,3,Volandri F.,Giannessi A.,63,136,748,395,2,0,7,5,6,3,,,,,,,completed,1.4,2.75,1.42,3.11,1.48,3.11,1.41,2.79,2012_23_monte_carlo_monte_carlo_masters,2012_23_monte_carlo_monte_carlo_masters_2012-04-17_R64_volandri_f_giannessi_a
tennis_data_uk,atp,2012,23,Monte Carlo Masters,Monte Carlo,2012-04-17,masters_1000,True,clay,R64,64,3,Kukushkin M.,Mayer F.,68,20,707,1540,2,1,3,6,6,1,6,3,,,,,completed,2.25,1.57,3.18,1.41,3.18,1.77,2.48,1.52,2012_23_monte_carlo_monte_carlo_masters,2012_23_monte_carlo_monte_carlo_masters_2012-04-17_R64_kukushkin_m_mayer_f
tennis_data_uk,atp,2012,23,Monte Carlo Masters,Monte Carlo,2012-04-17,masters_1000,True,clay,R64,64,3,Bellucci T.,Anderson K.,45,32,975,1170,2,0,6,4,6,4,,,,,,,completed,1.5,2.5,1.6,2.52,1.6,2.63,1.54,2.41,2012_23_monte_carlo_monte_carlo_masters,2012_23_monte_carlo_monte_carlo_masters_2012-04-17_R64_bellucci_t_anderson_k
tennis_data_uk,atp,2012,23,Monte Carlo Masters,Monte Carlo,2012-04-17,masters_1000,True,clay,R64,64,3,Fognini F.,Llodra M.,60,47,775,955,2,0,7,5,6,3,,,,,,,completed,1.72,2.0,1.74,2.22,1.85,2.22,1.77,1.99,2012_23_monte_carlo_monte_carlo_masters,2012_23_monte_carlo_monte_carlo_masters_2012-04-17_R64_fognini_f_llodra_m
tennis_data_uk,atp,2012,23,Monte Carlo Masters,Monte Carlo,2012-04-17,masters_1000,True,clay,R64,64,3,Seppi A.,Hanescu V.,44,103,980,539,2,0,6,3,6,1,,,,,,,completed,2.1,1.66,2.05,1.86,2.15,1.89,2.01,1.76,2012_23_monte_carlo_monte_carlo_masters,2012_23_monte_carlo_monte_carlo_masters_2012-04-17_R64_seppi_a_hanescu_v
tennis_data_uk,atp,2012,23,Monte Carlo Masters,Monte Carlo,2012-04-17,masters_1000,True,clay,R64,64,3,Gil F.,Youzhny M.,132,35,413,1140,2,0,6,1,6,3,,,,,,,completed,2.5,1.5,2.57,1.57,2.65,1.57,2.49,1.51,2012_23_monte_carlo_monte_carlo_masters,2012_23_monte_carlo_monte_carlo_masters_2012-04-17_R64_gil_f_youzhny_m
tennis_data_uk,atp,2012,23,Monte Carlo Masters,Monte Carlo,2012-04-17,masters_1000,True,clay,R64,64,3,Starace P.,Berlocq C.,81,37,638,1076,0,0,4,2,,,,,,,,,retired,1.72,2.0,1.83,2.1,2.04,2.18,1.8,1.96,2012_23_monte_carlo_monte_carlo_masters,2012_23_monte_carlo_monte_carlo_masters_2012-04-17_R64_starace_p_berlocq_c
tennis_data_uk,atp,2012,23,Monte Carlo Masters,Monte Carlo,2012-04-17,masters_1000,True,clay,R64,64,3,Nishikori K.,Ramos A.,17,42,1625,987,2,0,6,2,7,5,,,,,,,completed,1.66,2.1,1.83,2.09,1.83,2.38,1.74,2.04,2012_23_monte_carlo_monte_carlo_masters,2012_23_monte_carlo_monte_carlo_masters_2012-04-17_R64_nishikori_k_ramos_a
tennis_data_uk,atp,2012,23,Monte Carlo Masters,Monte Carlo,2012-04-17,masters_1000,True,clay,R64,64,3,Wawrinka S.,Lopez F.,26,16,1290,1900,2,0,6,1,6,4,,,,,,,completed,1.4,2.75,1.45,2.99,1.51,2.99,1.45,2.67,2012_23_monte_carlo_monte_carlo_masters,2012_23_monte_carlo_monte_carlo_masters_2012-04-17_R64_wawrinka_s_lopez_f
tennis_data_uk,atp,2012,23,Monte Carlo Masters,Monte Carlo,2012-04-17,masters_1000,True,clay,R64,64,3,Haase R.,Monaco J.,55,14,821,2015,1,1,7,5,0,6,2,3,,,,,retired,3.4,1.3,3.25,1.4,3.5,1.4,3.24,1.33,2012_23_monte_carlo_monte_carlo_masters,2012_23_monte_carlo_monte_carlo_masters_2012-04-17_R64_haase_r_monaco_j
tennis_data_uk,atp,2012,23,Monte Carlo Masters,Monte Carlo,2012-04-17,masters_1000,True,clay,R64,64,3,Andujar P.,Delbonis F.,39,144,1045,373,2,1,3,6,6,4,6,2,,,,,completed,1.44,2.62,1.54,2.66,1.71,2.75,1.5,2.52,2012_23_monte_carlo_monte_carlo_masters,2012_23_monte_carlo_monte_carlo_masters_2012-04-17_R64_andujar_p_delbonis_f
tennis_data_uk,atp,2012,23,Monte Carlo Masters,Monte Carlo,2012-04-17,masters_1000,True,clay,R64,64,3,Cilic M.,Bolelli S.,22,105,1400,514,2,0,6,3,6,4,,,,,,,completed,1.33,3.25,1.31,3.81,1.37,3.81,1.34,3.19,2012_23_monte_carlo_monte_carlo_masters,2012_23_monte_carlo_monte_carlo_masters_2012-04-17_R64_cilic_m_bolelli_s
tennis_data_uk,atp,2012,23,Monte Carlo Masters,Monte Carlo,2012-04-17,masters_1000,True,clay,R32,32,3,Murray A.,Troicki V.,4,30,7680,1185,2,0,6,0,6,3,,,,,,,completed,1.08,8.0,1.16,6.05,1.16,8.0,1.09,6.79,2012_23_monte_carlo_monte_carlo_masters,2012_23_monte_carlo_monte_carlo_masters_2012-04-17_R32_murray_a_troicki_v
tennis_data_uk,atp,2012,23,Monte Carlo Masters,Monte Carlo,2012-04-17,masters_1000,True,clay,R32,32,3,Verdasco F.,Dodig I.,19,57,1565,790,2,1,3,6,6,3,6,1,,,,,completed,1.16,5.0,1.19,5.42,1.22,5.44,1.18,4.59,2012_23_monte_carlo_monte_carlo_masters,2012_23_monte_carlo_monte_carlo_masters_2012-04-17_R32_verdasco_f_dodig_i
tennis_data_uk,atp,2012,23,Monte Carlo Masters,Monte Carlo,2012-04-17,masters_1000,True,clay,R32,32,3,Tsonga J.W.,Kohlschreiber P.,5,34,4795,1155,2,0,6,2,6,4,,,,,,,completed,1.36,3.0,1.43,3.08,1.44,3.1,1.38,2.92,2012_23_monte_carlo_monte_carlo_masters,2012_23_monte_carlo_monte_carlo_masters_2012-04-17_R32_tsonga_j_w_kohlschreiber_p
tennis_data_uk,atp,2012,23,Monte Carlo Masters,Monte Carlo,2012-04-18,masters_1000,True,clay,R32,32,3,Simon G.,Gil F.,15,132,1980,413,2,0,6,3,6,0,,,,,,,completed,1.28,3.5,1.3,3.89,1.37,3.89,1.3,3.39,2012_23_monte_carlo_monte_carlo_masters,2012_23_monte_carlo_monte_carlo_masters_2012-04-18_R32_simon_g_gil_f
tennis_data_uk,atp,2012,23,Monte Carlo Masters,Monte Carlo,2012-04-18,masters_1000,True,clay,R32,32,3,Dolgopolov O.,Tomic B.,21,36,1495,1100,2,1,6,2,5,7,6,1,,,,,completed,1.38,2.87,1.45,2.97,1.47,3.5,1.41,2.82,2012_23_monte_carlo_monte_carlo_masters,2012_23_monte_carlo_monte_carlo_masters_2012-04-18_R32_dolgopolov_o_tomic_b
tennis_data_uk,atp,2012,23,Monte Carlo Masters,Monte Carlo,2012-04-18,masters_1000,True,clay,R32,32,3,Djokovic N.,Seppi A.,1,44,12670,980,2,0,6,1,6,4,,,,,,,completed,1.01,21.0,1.02,31.0,1.02,31.12,1.01,16.82,2012_23_monte_carlo_monte_carlo_masters,2012_23_monte_carlo_monte_carlo_masters_2012-04-18_R32_djokovic_n_seppi_a
tennis_data_uk,atp,2012,23,Monte Carlo Masters,Monte Carlo,2012-04-18,masters_1000,True,clay,R32,32,3,Kukushkin M.,Volandri F.,68,63,707,748,2,1,7,6,2,6,6,2,,,,,completed,2.0,1.72,2.01,1.91,2.15,1.91,1.96,1.79,2012_23_monte_carlo_monte_carlo_masters,2012_23_monte_carlo_monte_carlo_masters_2012-04-18_R32_kukushkin_m_volandri_f
tennis_data_uk,atp,2012,23,Monte Carlo Masters,Monte Carlo,2012-04-18,masters_1000,True,clay,R32,32,3,Tipsarevic J.,Montanes A.,8,71,2820,690,2,0,6,2,6,3,,,,,,,completed,1.3,3.4,1.31,3.85,1.37,3.85,1.33,3.24,2012_23_monte_carlo_monte_carlo_masters,2012_23_monte_carlo_monte_carlo_masters_2012-04-18_R32_tipsarevic_j_montanes_a
tennis_data_uk,atp,2012,23,Monte Carlo Masters,Monte Carlo,2012-04-18,masters_1000,True,clay,R32,32,3,Benneteau J.,Melzer J.,31,29,1180,1192,2,0,6,4,6,3,,,,,,,completed,2.37,1.53,2.44,1.63,2.51,1.65,2.3,1.59,2012_23_monte_carlo_monte_carlo_masters,2012_23_monte_carlo_monte_carlo_masters_2012-04-18_R32_benneteau_j_melzer_j
tennis_data_uk,atp,2012,23,Monte Carlo Masters,Monte Carlo,2012-04-18,masters_1000,True,clay,R32,32,3,Nadal R.,Nieminen J.,2,48,9215,943,2,0,6,4,6,3,,,,,,,completed,1.01,23.0,1.01,46.0,1.02,46.0,1.01,18.6,2012_23_monte_carlo_monte_carlo_masters,2012_23_monte_carlo_monte_carlo_masters_2012-04-18_R32_nadal_r_nieminen_j
tennis_data_uk,atp,2012,23,Monte Carlo Masters,Monte Carlo,2012-04-18,masters_1000,True,clay,R32,32,3,Berdych T.,Cilic M.,7,22,3810,1400,2,0,7,6,6,1,,,,,,,completed,1.38,2.87,1.42,3.14,1.45,3.3,1.38,2.92,2012_23_monte_carlo_monte_carlo_masters,2012_23_monte_carlo_monte_carlo_masters_2012-04-18_R32_berdych_t_cilic_m
tennis_data_uk,atp,2012,23,Monte Carlo Masters,Monte Carlo,2012-04-18,masters_1000,True,clay,R32,32,3,Wawrinka S.,Andujar P.,26,39,1290,1045,2,0,7,5,6,3,,,,,,,completed,1.36,3.0,1.39,3.27,1.43,3.5,1.37,2.97,2012_23_monte_carlo_monte_carlo_masters,2012_23_monte_carlo_monte_carlo_masters_2012-04-18_R32_wawrinka_s_andujar_p
tennis_data_uk,atp,2012,23,Monte Carlo Masters,Monte Carlo,2012-04-18,masters_1000,True,clay,R32,32,3,Almagro N.,Starace P.,12,81,2265,638,2,0,7,6,6,1,,,,,,,completed,1.1,7.0,1.16,6.27,1.16,7.0,1.12,5.84,2012_23_monte_carlo_monte_carlo_masters,2012_23_monte_carlo_monte_carlo_masters_2012-04-18_R32_almagro_n_starace_p
tennis_data_uk,atp,2012,23,Monte Carlo Masters,Monte Carlo,2012-04-18,masters_1000,True,clay,R32,32,3,Haase R.,Fognini F.,55,60,821,775,2,0,6,4,6,4,,,,,,,completed,1.83,1.83,1.95,1.95,2.38,1.95,2.05,1.74,2012_23_monte_carlo_monte_carlo_masters,2012_23_monte_carlo_monte_carlo_masters_2012-04-18_R32_haase_r_fognini_f
tennis_data_uk,atp,2012,23,Monte Carlo Masters,Monte Carlo,2012-04-18,masters_1000,True,clay,R32,32,3,Bellucci T.,Ferrer D.,45,6,975,4280,2,0,6,3,6,2,,,,,,,completed,9.0,1.07,8.6,1.1,9.46,1.14,7.83,1.07,2012_23_monte_carlo_monte_carlo_masters,2012_23_monte_carlo_monte_carlo_masters_2012-04-18_R32_bellucci_t_ferrer_d
tennis_data_uk,atp,2012,23,Monte Carlo Masters,Monte Carlo,2012-04-18,masters_1000,True,clay,R32,32,3,Nishikori K.,Mathieu P.H.,17,352,1625,120,2,0,6,4,6,2,,,,,,,completed,1.3,3.4,1.35,3.52,1.4,3.63,1.33,3.21,2012_23_monte_carlo_monte_carlo_masters,2012_23_monte_carlo_monte_carlo_masters_2012-04-18_R32_nishikori_k_mathieu_p_h
tennis_data_uk,atp,2012,23,Monte Carlo Masters,Monte Carlo,2012-04-19,masters_1000,True,clay,R16,16,3,Murray A.,Benneteau J.,4,31,7680,1180,0,0,6,5,,,,,,,,,retired,1.07,9.0,1.09,10.2,1.1,10.65,1.07,8.1,2012_23_monte_carlo_monte_carlo_masters,2012_23_monte_carlo_monte_carlo_masters_2012-04-19_R16_murray_a_benneteau_j
tennis_data_uk,atp,2012,23,Monte Carlo Masters,Monte Carlo,2012-04-19,masters_1000,True,clay,R16,16,3,Berdych T.,Nishikori K.,7,17,3810,1625,2,1,2,6,6,2,6,4,,,,,completed,1.38,2.87,1.47,2.95,1.57,3.0,1.42,2.81,2012_23_monte_carlo_monte_carlo_masters,2012_23_monte_carlo_monte_carlo_masters_2012-04-19_R16_berdych_t_nishikori_k
tennis_data_uk,atp,2012,23,Monte Carlo Masters,Monte Carlo,2012-04-19,masters_1000,True,clay,R16,16,3,Tsonga J.W.,Verdasco F.,5,19,4795,1565,2,0,7,6,6,2,,,,,,,completed,1.44,2.62,1.55,2.67,1.57,2.9,1.5,2.54,2012_23_monte_carlo_monte_carlo_masters,2012_23_monte_carlo_monte_carlo_masters_2012-04-19_R16_tsonga_j_w_verdasco_f
tennis_data_uk,atp,2012,23,Monte Carlo Masters,Monte Carlo,2012-04-19,masters_1000,True,clay,R16,16,3,Simon G.,Tipsarevic J.,15,8,1980,2820,2,1,6,0,4,6,6,1,,,,,completed,1.8,1.9,2.02,1.9,2.02,2.0,1.86,1.89,2012_23_monte_carlo_monte_carlo_masters,2012_23_monte_carlo_monte_carlo_masters_2012-04-19_R16_simon_g_tipsarevic_j
tennis_data_uk,atp,2012,23,Monte Carlo Masters,Monte Carlo,2012-04-19,masters_1000,True,clay,R16,16,3,Djokovic N.,Dolgopolov O.,1,21,12670,1495,2,1,2,6,6,1,6,4,,,,,completed,1.08,8.0,1.15,6.79,1.15,11.0,1.08,7.69,2012_23_monte_carlo_monte_carlo_masters,2012_23_monte_carlo_monte_carlo_masters_2012-04-19_R16_djokovic_n_dolgopolov_o
tennis_data_uk,atp,2012,23,Monte Carlo Masters,Monte Carlo,2012-04-19,masters_1000,True,clay,R16,16,3,Haase R.,Bellucci T.,55,45,821,975,2,0,6,2,6,3,,,,,,,completed,3.75,1.25,3.36,1.37,3.75,1.38,3.48,1.29,2012_23_monte_carlo_monte_carlo_masters,2012_23_monte_carlo_monte_carlo_masters_2012-04-19_R16_haase_r_bellucci_t
tennis_data_uk,atp,2012,23,Monte Carlo Masters,Monte Carlo,2012-04-19,masters_1000,True,clay,R16,16,3,Nadal R.,Kukushkin M.,2,68,9215,707,2,0,6,1,6,1,,,,,,,completed,1.01,26.0,1.01,31.0,1.02,51.0,1.01,21.93,2012_23_monte_carlo_monte_carlo_masters,2012_23_monte_carlo_monte_carlo_masters_2012-04-19_R16_nadal_r_kukushkin_m
tennis_data_uk,atp,2012,23,Monte Carlo Masters,Monte Carlo,2012-04-19,masters_1000,True,clay,R16,16,3,Wawrinka S.,Almagro N.,26,12,1290,2265,2,0,6,3,6,3,,,,,,,completed,2.62,1.44,2.79,1.51,2.8,1.57,2.57,1.49,2012_23_monte_carlo_monte_carlo_masters,2012_23_monte_carlo_monte_carlo_masters_2012-04-19_R16_wawrinka_s_almagro_n
tennis_data_uk,atp,2012,23,Monte Carlo Masters,Monte Carlo,2012-04-20,masters_1000,True,clay,QF,8,3,Berdych T.,Murray A.,7,4,3810,7680,2,1,6,7,6,2,6,3,,,,,completed,3.0,1.4,3.28,1.4,3.28,1.44,2.99,1.38,2012_23_monte_carlo_monte_carlo_masters,2012_23_monte_carlo_monte_carlo_masters_2012-04-20_QF_berdych_t_murray_a
tennis_data_uk,atp,2012,23,Monte Carlo Masters,Monte Carlo,2012-04-20,masters_1000,True,clay,QF,8,3,Djokovic N.,Haase R.,1,55,12670,821,2,0,6,4,6,2,,,,,,,completed,1.04,13.0,1.05,13.8,1.06,14.25,1.04,10.69,2012_23_monte_carlo_monte_carlo_masters,2012_23_monte_carlo_monte_carlo_masters_2012-04-20_QF_djokovic_n_haase_r
tennis_data_uk,atp,2012,23,Monte Carlo Masters,Monte Carlo,2012-04-20,masters_1000,True,clay,QF,8,3,Nadal R.,Wawrinka S.,2,26,9215,1290,2,0,7,5,6,4,,,,,,,completed,1.04,13.0,1.05,13.9,1.07,15.0,1.04,10.58,2012_23_monte_carlo_monte_carlo_masters,2012_23_monte_carlo_monte_carlo_masters_2012-04-20_QF_nadal_r_wawrinka_s
tennis_data_uk,atp,2012,23,Monte Carlo Masters,Monte Carlo,2012-04-20,masters_1000,True,clay,QF,8,3,Simon G.,Tsonga J.W.,15,5,1980,4795,2,0,7,5,6,4,,,,,,,completed,2.5,1.53,2.47,1.63,2.65,1.63,2.39,1.55,2012_23_monte_carlo_monte_carlo_masters,2012_23_monte_carlo_monte_carlo_masters_2012-04-20_QF_simon_g_tsonga_j_w
tennis_data_uk,atp,2012,23,Monte Carlo Masters,Monte Carlo,2012-04-21,masters_1000,True,clay,SF,4,3,Djokovic N.,Berdych T.,1,7,12670,3810,2,1,4,6,6,3,6,2,,,,,completed,1.28,3.75,1.31,3.91,1.31,4.12,1.26,3.72,2012_23_monte_carlo_monte_carlo_masters,2012_23_monte_carlo_monte_carlo_masters_2012-04-21_SF_djokovic_n_berdych_t
tennis_data_uk,atp,2012,23,Monte Carlo Masters,Monte Carlo,2012-04-21,masters_1000,True,clay,SF,4,3,Nadal R.,Simon G.,2,15,9215,1980,2,0,6,3,6,4,,,,,,,completed,1.04,13.0,1.08,11.05,1.1,13.0,1.05,10.04,2012_23_monte_carlo_monte_carlo_masters,2012_23_monte_carlo_monte_carlo_masters_2012-04-21_SF_nadal_r_simon_g
tennis_data_uk,atp,2012,23,Monte Carlo Masters,Monte Carlo,2012-04-22,masters_1000,True,clay,F,2,3,Nadal R.,Djokovic N.,2,1,9215,12670,2,0,6,3,6,1,,,,,,,completed,1.72,2.1,1.72,2.27,1.8,2.3,1.71,2.11,2012_23_monte_carlo_monte_carlo_masters,2012_23_monte_carlo_monte_carlo_masters_2012-04-22_F_nadal_r_djokovic_n
tennis_data_uk,atp,2012,24,Open Banco Sabadell,Barcelona,2012-04-23,atp_500,True,clay,R64,64,3,Krajinovic F.,Cervantes I.,789,182,17,274,2,0,6,2,6,4,,,,,,,completed,2.25,1.57,2.37,1.65,2.5,1.7,2.29,1.59,2012_24_barcelona_open_banco_sabadell,2012_24_barcelona_open_banco_sabadell_2012-04-23_R64_krajinovic_f_cervantes_i
tennis_data_uk,atp,2012,24,Open Banco Sabadell,Barcelona,2012-04-23,atp_500,True,clay,R64,64,3,Paire B.,Rosol L.,96,79,562,640,2,0,6,3,7,5,,,,,,,completed,1.72,2.0,1.81,2.09,1.87,2.18,1.79,1.97,2012_24_barcelona_open_banco_sabadell,2012_24_barcelona_open_banco_sabadell_2012-04-23_R64_paire_b_rosol_l
tennis_data_uk,atp,2012,24,Open Banco Sabadell,Barcelona,2012-04-23,atp_500,True,clay,R64,64,3,Roger-Vasselin E.,Robert S.,81,136,634,403,2,0,6,2,6,3,,,,,,,completed,1.33,3.25,1.34,3.57,1.6,3.63,1.35,3.08,2012_24_barcelona_open_banco_sabadell,2012_24_barcelona_open_banco_sabadell_2012-04-23_R64_roger_vasselin_e_robert_s
tennis_data_uk,atp,2012,24,Open Banco Sabadell,Barcelona,2012-04-23,atp_500,True,clay,R64,64,3,Giraldo S.,Istomin D.,54,44,828,982,2,0,7,6,6,4,,,,,,,completed,1.33,3.25,1.41,3.13,1.41,3.3,1.35,3.07,2012_24_barcelona_open_banco_sabadell,2012_24_barcelona_open_banco_sabadell_2012-04-23_R64_giraldo_s_istomin_d
tennis_data_uk,atp,2012,24,Open Banco Sabadell,Barcelona,2012-04-23,atp_500,True,clay,R64,64,3,Nieminen J.,Marti J.,47,170,968,292,2,0,6,4,6,1,,,,,,,completed,1.33,3.25,1.36,3.42,1.39,3.7,1.34,3.18,2012_24_barcelona_open_banco_sabadell,2012_24_barcelona_open_banco_sabadell_2012-04-23_R64_nieminen_j_marti_j
tennis_data_uk,atp,2012,24,Open Banco Sabadell,Barcelona,2012-04-23,atp_500,True,clay,R64,64,3,Sousa J.,Kunitsyn I.,140,90,378,606,2,0,7,6,6,3,,,,,,,completed,1.44,2.62,1.63,2.4,1.63,2.65,1.52,2.47,2012_24_barcelona_open_banco_sabadell,2012_24_barcelona_open_banco_sabadell_2012-04-23_R64_sousa_j_kunitsyn_i
tennis_data_uk,atp,2012,24,Open Banco Sabadell,Barcelona,2012-04-23,atp_500,True,clay,R64,64,3,Darcis S.,Golubev A.,66,144,731,374,2,1,4,6,7,6,7,6,,,,,completed,1.57,2.25,1.65,2.38,1.72,2.38,1.61,2.23,2012_24_barcelona_open_banco_sabadell,2012_24_barcelona_open_banco_sabadell_2012-04-23_R64_darcis_s_golubev_a
tennis_data_uk,atp,2012,24,Open Banco Sabadell,Barcelona,2012-04-23,atp_500,True,clay,R64,64,3,Raonic M.,Falla A.,25,53,1335,830,2,0,6,4,7,6,,,,,,,completed,1.4,2.75,1.41,3.11,1.5,3.21,1.42,2.77,2012_24_barcelona_open_banco_sabadell,2012_24_barcelona_open_banco_sabadell_2012-04-23_R64_raonic_m_falla_a
tennis_data_uk,atp,2012,24,Open Banco Sabadell,Barcelona,2012-04-23,atp_500,True,clay,R64,64,3,Stakhovsky S.,Donskoy E.,68,145,700,371,2,0,6,2,6,3,,,,,,,completed,2.0,1.72,1.91,1.98,2.05,2.08,1.88,1.87,2012_24_barcelona_open_banco_sabadell,2012_24_barcelona_open_banco_sabadell_2012-04-23_R64_stakhovsky_s_donskoy_e
tennis_data_uk,atp,2012,24,Open Banco Sabadell,Barcelona,2012-04-23,atp_500,True,clay,R64,64,3,Delbonis F.,Bedene A.,133,162,408,324,2,0,6,3,7,5,,,,,,,completed,1.66,2.1,1.75,2.18,1.76,2.3,1.69,2.1,2012_24_barcelona_open_banco_sabadell,2012_24_barcelona_open_banco_sabadell_2012-04-23_R64_delbonis_f_bedene_a
tennis_data_uk,atp,2012,24,Open Banco Sabadell,Barcelona,2012-04-23,atp_500,True,clay,R64,64,3,Schwank E.,Ramirez-Hidalgo R.,189,43,262,987,2,1,2,6,6,4,6,0,,,,,completed,3.0,1.36,,,3.1,1.38,3.03,1.37,2012_24_barcelona_open_banco_sabadell,2012_24_barcelona_open_banco_sabadell_2012-04-23_R64_schwank_e_ramirez_hidalgo_r
tennis_data_uk,atp,2012,24,Open Banco Sabadell,Barcelona,2012-04-23,atp_500,True,clay,R64,64,3,Haase R.,Bubka S.,45,166,981,305,1,0,6,1,3,2,,,,,,,retired,1.16,5.0,1.18,5.5,1.2,5.75,1.17,4.79,2012_24_barcelona_open_banco_sabadell,2012_24_barcelona_open_banco_sabadell_2012-04-23_R64_haase_r_bubka_s
tennis_data_uk,atp,2012,24,Open Banco Sabadell,Barcelona,2012-04-23,atp_500,True,clay,R64,64,3,Montanes A.,Granollers-Pujol G.,69,265,690,173,2,0,7,5,6,2,,,,,,,completed,1.12,6.0,1.15,6.36,1.16,7.0,1.13,5.63,2012_24_barcelona_open_banco_sabadell,2012_24_barcelona_open_banco_sabadell_2012-04-23_R64_montanes_a_granollers_pujol_g
tennis_data_uk,atp,2012,24,Open Banco Sabadell,Barcelona,2012-04-24,atp_500,True,clay,R64,64,3,Kukushkin M.,Gimeno-Traver D.,55,104,822,508,2,0,6,2,6,3,,,,,,,completed,1.53,2.37,1.56,2.56,1.6,2.65,1.53,2.42,2012_24_barcelona_open_banco_sabadell,2012_24_barcelona_open_banco_sabadell_2012-04-24_R64_kukushkin_m_gimeno_traver_d
tennis_data_uk,atp,2012,24,Open Banco Sabadell,Barcelona,2012-04-24,atp_500,True,clay,R64,64,3,Tomic B.,Gulbis E.,35,86,1145,615,2,0,6,3,6,4,,,,,,,completed,1.33,3.25,1.45,2.94,1.6,3.3,1.39,2.91,2012_24_barcelona_open_banco_sabadell,2012_24_barcelona_open_banco_sabadell_2012-04-24_R64_tomic_b_gulbis_e
tennis_data_uk,atp,2012,24,Open Banco Sabadell,Barcelona,2012-04-24,atp_500,True,clay,R64,64,3,Anderson K.,Jaziri M.,32,87,1170,611,2,0,6,2,6,3,,,,,,,completed,1.22,4.0,1.22,4.74,1.29,5.2,1.24,3.93,2012_24_barcelona_open_banco_sabadell,2012_24_barcelona_open_banco_sabadell_2012-04-24_R64_anderson_k_jaziri_m
tennis_data_uk,atp,2012,24,Open Banco Sabadell,Barcelona,2012-04-24,atp_500,True,clay,R64,64,3,Gil F.,Granollers M.,117,26,468,1295,2,0,6,2,6,2,,,,,,,completed,2.62,1.44,2.72,1.51,2.75,1.56,2.56,1.49,2012_24_barcelona_open_banco_sabadell,2012_24_barcelona_open_banco_sabadell_2012-04-24_R64_gil_f_granollers_m
tennis_data_uk,atp,2012,24,Open Banco Sabadell,Barcelona,2012-04-24,atp_500,True,clay,R64,64,3,Andreev I.,Junqueira D.,82,141,633,376,2,0,6,2,6,3,,,,,,,completed,1.14,5.5,1.15,6.32,1.2,6.32,1.16,5.04,2012_24_barcelona_open_banco_sabadell,2012_24_barcelona_open_banco_sabadell_2012-04-24_R64_andreev_i_junqueira_d
tennis_data_uk,atp,2012,24,Open Banco Sabadell,Barcelona,2012-04-24,atp_500,True,clay,R64,64,3,Hanescu V.,Machado R.,102,92,529,601,2,0,6,3,7,6,,,,,,,completed,1.44,2.62,1.51,2.72,1.55,2.8,1.49,2.54,2012_24_barcelona_open_banco_sabadell,2012_24_barcelona_open_banco_sabadell_2012-04-24_R64_hanescu_v_machado_r
tennis_data_uk,atp,2012,24,Open Banco Sabadell,Barcelona,2012-04-24,atp_500,True,clay,R64,64,3,Garcia-Lopez G.,Rochus O.,78,65,646,741,2,0,6,3,6,3,,,,,,,completed,1.53,2.37,1.65,2.37,1.83,2.45,1.58,2.3,2012_24_barcelona_open_banco_sabadell,2012_24_barcelona_open_banco_sabadell_2012-04-24_R64_garcia_lopez_g_rochus_o
tennis_data_uk,atp,2012,24,Open Banco Sabadell,Barcelona,2012-04-24,atp_500,True,clay,R64,64,3,Ramos A.,Beck A.,43,110,987,493,0,0,4,1,,,,,,,,,retired,1.12,6.0,1.16,5.88,1.18,6.59,1.14,5.33,2012_24_barcelona_open_banco_sabadell,2012_24_barcelona_open_banco_sabadell_2012-04-24_R64_ramos_a_beck_a
tennis_data_uk,atp,2012,24,Open Banco Sabadell,Barcelona,2012-04-24,atp_500,True,clay,R64,64,3,Cipolla F.,Lorenzi P.,70,84,686,627,2,0,6,0,6,3,,,,,,,completed,1.53,2.37,1.66,2.35,1.68,2.63,1.57,2.35,2012_24_barcelona_open_banco_sabadell,2012_24_barcelona_open_banco_sabadell_2012-04-24_R64_cipolla_f_lorenzi_p
tennis_data_uk,atp,2012,24,Open Banco Sabadell,Barcelona,2012-04-24,atp_500,True,clay,R64,64,3,Farah R.,Brugues-Davi A.,246,172,195,291,2,0,6,4,7,6,,,,,,,completed,1.44,2.62,1.46,2.89,1.55,2.91,1.45,2.66,2012_24_barcelona_open_banco_sabadell,2012_24_barcelona_open_banco_sabadell_2012-04-24_R64_farah_r_brugues_davi_a
tennis_data_uk,atp,2012,24,Open Banco Sabadell,Barcelona,2012-04-24,atp_500,True,clay,R64,64,3,Andujar P.,Goffin D.,38,109,1070,494,2,0,7,6,6,4,,,,,,,completed,1.25,3.75,1.34,3.54,1.35,3.8,1.29,3.51,2012_24_barcelona_open_banco_sabadell,2012_24_barcelona_open_banco_sabadell_2012-04-24_R64_andujar_p_goffin_d
tennis_data_uk,atp,2012,24,Open Banco Sabadell,Barcelona,2012-04-24,atp_500,True,clay,R32,32,3,Verdasco F.,Darcis S.,20,66,1565,731,2,0,6,3,6,1,,,,,,,completed,1.12,6.0,1.19,5.4,1.19,6.25,1.14,5.31,2012_24_barcelona_open_banco_sabadell,2012_24_barcelona_open_banco_sabadell_2012-04-24_R32_verdasco_f_darcis_s
tennis_data_uk,atp,2012,24,Open Banco Sabadell,Barcelona,2012-04-24,atp_500,True,clay,R32,32,3,Murray A.,Stakhovsky S.,4,68,7860,700,2,0,6,3,6,2,,,,,,,completed,1.03,15.0,1.04,16.23,1.05,16.23,1.03,11.45,2012_24_barcelona_open_banco_sabadell,2012_24_barcelona_open_banco_sabadell_2012-04-24_R32_murray_a_stakhovsky_s
tennis_data_uk,atp,2012,24,Open Banco Sabadell,Barcelona,2012-04-24,atp_500,True,clay,R32,32,3,Almagro N.,Roger-Vasselin E.,13,81,2175,634,2,0,7,5,7,6,,,,,,,completed,1.05,11.0,1.07,10.25,1.09,11.0,1.06,8.76,2012_24_barcelona_open_banco_sabadell,2012_24_barcelona_open_banco_sabadell_2012-04-24_R32_almagro_n_roger_vasselin_e
tennis_data_uk,atp,2012,24,Open Banco Sabadell,Barcelona,2012-04-25,atp_500,True,clay,R32,32,3,Montanes A.,Tomic B.,69,35,690,1145,2,1,6,0,5,7,7,5,,,,,completed,1.9,1.8,1.88,2.02,2.01,2.3,1.87,1.88,2012_24_barcelona_open_banco_sabadell,2012_24_barcelona_open_banco_sabadell_2012-04-25_R32_montanes_a_tomic_b
tennis_data_uk,atp,2012,24,Open Banco Sabadell,Barcelona,2012-04-25,atp_500,True,clay,R32,32,3,Nishikori K.,Kukushkin M.,17,55,1670,822,2,1,6,3,4,6,6,0,,,,,completed,1.25,3.75,1.34,3.56,1.35,4.0,1.29,3.47,2012_24_barcelona_open_banco_sabadell,2012_24_barcelona_open_banco_sabadell_2012-04-25_R32_nishikori_k_kukushkin_m
tennis_data_uk,atp,2012,24,Open Banco Sabadell,Barcelona,2012-04-25,atp_500,True,clay,R32,32,3,Anderson K.,Delbonis F.,32,133,1170,408,2,0,7,6,7,6,,,,,,,completed,1.66,2.1,1.81,2.11,1.82,2.25,1.72,2.07,2012_24_barcelona_open_banco_sabadell,2012_24_barcelona_open_banco_sabadell_2012-04-25_R32_anderson_k_delbonis_f
tennis_data_uk,atp,2012,24,Open Banco Sabadell,Barcelona,2012-04-25,atp_500,True,clay,R32,32,3,Giraldo S.,Haase R.,54,45,828,981,2,0,6,4,6,3,,,,,,,completed,1.72,2.0,1.79,2.14,1.83,2.14,1.74,2.03,2012_24_barcelona_open_banco_sabadell,2012_24_barcelona_open_banco_sabadell_2012-04-25_R32_giraldo_s_haase_r
tennis_data_uk,atp,2012,24,Open Banco Sabadell,Barcelona,2012-04-25,atp_500,True,clay,R32,32,3,Raonic M.,Andreev I.,25,82,1335,633,2,0,6,4,6,1,,,,,,,completed,1.57,2.25,1.81,2.11,1.81,2.35,1.66,2.17,2012_24_barcelona_open_banco_sabadell,2012_24_barcelona_open_banco_sabadell_2012-04-25_R32_raonic_m_andreev_i
tennis_data_uk,atp,2012,24,Open Banco Sabadell,Barcelona,2012-04-25,atp_500,True,clay,R32,32,3,Ferrer D.,Krajinovic F.,6,789,4160,17,2,0,6,0,6,3,,,,,,,completed,1.01,26.0,1.03,20.0,1.03,37.0,1.01,17.44,2012_24_barcelona_open_banco_sabadell,2012_24_barcelona_open_banco_sabadell_2012-04-25_R32_ferrer_d_krajinovic_f
tennis_data_uk,atp,2012,24,Open Banco Sabadell,Barcelona,2012-04-25,atp_500,True,clay,R32,32,3,Nieminen J.,Schwank E.,47,189,968,262,2,1,6,3,6,7,6,4,,,,,completed,1.2,4.33,1.24,4.55,1.29,4.55,1.23,3.93,2012_24_barcelona_open_banco_sabadell,2012_24_barcelona_open_banco_sabadell_2012-04-25_R32_nieminen_j_schwank_e
tennis_data_uk,atp,2012,24,Open Banco Sabadell,Barcelona,2012-04-25,atp_500,True,clay,R32,32,3,Nadal R.,Garcia-Lopez G.,2,78,9715,646,2,0,6,1,6,2,,,,,,,completed,1.01,26.0,1.01,71.0,1.02,71.0,1.01,19.89,2012_24_barcelona_open_banco_sabadell,2012_24_barcelona_open_banco_sabadell_2012-04-25_R32_nadal_r_garcia_lopez_g
tennis_data_uk,atp,2012,24,Open Banco Sabadell,Barcelona,2012-04-25,atp_500,True,clay,R32,32,3,Ramos A.,Paire B.,43,96,987,562,2,0,6,3,7,5,,,,,,,completed,1.22,4.0,1.24,4.58,1.33,4.58,1.25,3.79,2012_24_barcelona_open_banco_sabadell,2012_24_barcelona_open_banco_sabadell_2012-04-25_R32_ramos_a_paire_b
tennis_data_uk,atp,2012,24,Open Banco Sabadell,Barcelona,2012-04-25,atp_500,True,clay,R32,32,3,Lopez F.,Cipolla F.,16,70,1855,686,2,0,6,4,6,3,,,,,,,completed,1.53,2.37,1.46,2.93,1.55,2.96,1.47,2.6,2012_24_barcelona_open_banco_sabadell,2012_24_barcelona_open_banco_sabadell_2012-04-25_R32_lopez_f_cipolla_f
tennis_data_uk,atp,2012,24,Open Banco Sabadell,Barcelona,2012-04-25,atp_500,True,clay,R32,32,3,Tipsarevic J.,Hanescu V.,8,102,2820,529,2,0,7,5,6,4,,,,,,,completed,1.25,3.75,1.36,3.44,1.36,3.75,1.29,3.44,2012_24_barcelona_open_banco_sabadell,2012_24_barcelona_open_banco_sabadell_2012-04-25_R32_tipsarevic_j_hanescu_v
tennis_data_uk,atp,2012,24,Open Banco Sabadell,Barcelona,2012-04-25,atp_500,True,clay,R32,32,3,Farah R.,Andujar P.,246,38,195,1070,2,1,7,6,4,6,7,5,,,,,completed,6.0,1.12,7.71,1.13,7.71,1.16,5.69,1.13,2012_24_barcelona_open_banco_sabadell,2012_24_barcelona_open_banco_sabadell_2012-04-25_R32_farah_r_andujar_p
tennis_data_uk,atp,2012,24,Open Banco Sabadell,Barcelona,2012-04-25,atp_500,True,clay,R32,32,3,Gil F.,Sousa J.,117,140,468,378,2,1,4,6,6,4,6,3,,,,,completed,1.36,3.0,1.5,2.8,1.5,3.0,1.42,2.78,2012_24_barcelona_open_banco_sabadell,2012_24_barcelona_open_banco_sabadell_2012-04-25_R32_gil_f_sousa_j
tennis_data_uk,atp,2012,24,Open Banco Sabadell,Barcelona,2012-04-26,atp_500,True,clay,R16,16,3,Raonic M.,Almagro N.,25,13,1335,2175,2,0,6,3,6,3,,,,,,,completed,2.75,1.4,2.99,1.45,3.0,1.45,2.86,1.4,2012_24_barcelona_open_banco_sabadell,2012_24_barcelona_open_banco_sabadell_2012-04-26_R16_raonic_m_almagro_n
tennis_data_uk,atp,2012,24,Open Banco Sabadell,Barcelona,2012-04-26,atp_500,True,clay,R16,16,3,Nishikori K.,Ramos A.,17,43,1670,987,2,0,7,6,6,3,,,,,,,completed,1.57,2.25,1.64,2.41,1.7,2.43,1.61,2.25,2012_24_barcelona_open_banco_sabadell,2012_24_barcelona_open_banco_sabadell_2012-04-26_R16_nishikori_k_ramos_a
tennis_data_uk,atp,2012,24,Open Banco Sabadell,Barcelona,2012-04-26,atp_500,True,clay,R16,16,3,Murray A.,Giraldo S.,4,54,7860,828,2,0,6,1,6,2,,,,,,,completed,1.1,7.0,1.13,7.14,1.14,8.0,1.1,6.62,2012_24_barcelona_open_banco_sabadell,2012_24_barcelona_open_banco_sabadell_2012-04-26_R16_murray_a_giraldo_s
tennis_data_uk,atp,2012,24,Open Banco Sabadell,Barcelona,2012-04-26,atp_500,True,clay,R16,16,3,Lopez F.,Nieminen J.,16,47,1855,968,2,0,6,3,6,1,,,,,,,completed,1.57,2.25,1.58,2.55,1.69,2.55,1.61,2.25,2012_24_barcelona_open_banco_sabadell,2012_24_barcelona_open_banco_sabadell_2012-04-26_R16_lopez_f_nieminen_j
tennis_data_uk,atp,2012,24,Open Banco Sabadell,Barcelona,2012-04-26,atp_500,True,clay,R16,16,3,Tipsarevic J.,Gil F.,8,117,2820,468,2,0,6,2,6,2,,,,,,,completed,1.25,3.75,1.29,3.98,1.29,4.2,1.26,3.73,2012_24_barcelona_open_banco_sabadell,2012_24_barcelona_open_banco_sabadell_2012-04-26_R16_tipsarevic_j_gil_f
tennis_data_uk,atp,2012,24,Open Banco Sabadell,Barcelona,2012-04-26,atp_500,True,clay,R16,16,3,Nadal R.,Farah R.,2,246,9715,195,2,0,6,2,6,3,,,,,,,completed,1.0,41.0,1.0,121.0,1.01,131.75,1.01,34.7,2012_24_barcelona_open_banco_sabadell,2012_24_barcelona_open_banco_sabadell_2012-04-26_R16_nadal_r_farah_r
tennis_data_uk,atp,2012,24,Open Banco Sabadell,Barcelona,2012-04-26,atp_500,True,clay,R16,16,3,Ferrer D.,Montanes A.,6,69,4160,690,2,0,6,0,6,2,,,,,,,completed,1.05,11.0,1.06,12.25,1.1,12.75,1.05,9.32,2012_24_barcelona_open_banco_sabadell,2012_24_barcelona_open_banco_sabadell_2012-04-26_R16_ferrer_d_montanes_a
tennis_data_uk,atp,2012,24,Open Banco Sabadell,Barcelona,2012-04-26,atp_500,True,clay,R16,16,3,Verdasco F.,Anderson K.,20,32,1565,1170,2,0,6,4,6,4,,,,,,,completed,1.3,3.4,1.32,3.73,1.36,3.73,1.32,3.31,2012_24_barcelona_open_banco_sabadell,2012_24_barcelona_open_banco_sabadell_2012-04-26_R16_verdasco_f_anderson_k
tennis_data_uk,atp,2012,24,Open Banco Sabadell,Barcelona,2012-04-27,atp_500,True,clay,QF,8,3,Raonic M.,Murray A.,25,4,1335,7860,2,0,6,4,7,6,,,,,,,completed,4.5,1.18,4.84,1.23,4.9,1.25,4.26,1.21,2012_24_barcelona_open_banco_sabadell,2012_24_barcelona_open_banco_sabadell_2012-04-27_QF_raonic_m_murray_a
tennis_data_uk,atp,2012,24,Open Banco Sabadell,Barcelona,2012-04-27,atp_500,True,clay,QF,8,3,Ferrer D.,Lopez F.,6,16,4160,1855,2,1,6,7,7,6,6,3,,,,,completed,1.11,6.5,1.14,7.1,1.17,7.28,1.13,5.8,2012_24_barcelona_open_banco_sabadell,2012_24_barcelona_open_banco_sabadell_2012-04-27_QF_ferrer_d_lopez_f
tennis_data_uk,atp,2012,24,Open Banco Sabadell,Barcelona,2012-04-27,atp_500,True,clay,QF,8,3,Nadal R.,Tipsarevic J.,2,8,9715,2820,2,0,6,2,6,2,,,,,,,completed,1.03,15.0,1.04,18.0,1.04,20.5,1.03,12.65,2012_24_barcelona_open_banco_sabadell,2012_24_barcelona_open_banco_sabadell_2012-04-27_QF_nadal_r_tipsarevic_j
tennis_data_uk,atp,2012,24,Open Banco Sabadell,Barcelona,2012-04-27,atp_500,True,clay,QF,8,3,Verdasco F.,Nishikori K.,20,17,1565,1670,0,0,4,2,,,,,,,,,retired,1.5,2.5,1.56,2.64,1.62,2.65,1.56,2.38,2012_24_barcelona_open_banco_sabadell,2012_24_barcelona_open_banco_sabadell_2012-04-27_QF_verdasco_f_nishikori_k
tennis_data_uk,atp,2012,24,Open Banco Sabadell,Barcelona,2012-04-28,atp_500,True,clay,SF,4,3,Ferrer D.,Raonic M.,6,25,4160,1335,2,0,7,6,7,6,,,,,,,completed,1.4,2.75,1.44,3.06,1.5,3.07,1.41,2.84,2012_24_barcelona_open_banco_sabadell,2012_24_barcelona_open_banco_sabadell_2012-04-28_SF_ferrer_d_raonic_m
tennis_data_uk,atp,2012,24,Open Banco Sabadell,Barcelona,2012-04-28,atp_500,True,clay,SF,4,3,Nadal R.,Verdasco F.,2,20,9715,1565,2,0,6,0,6,4,,,,,,,completed,1.03,15.0,1.04,17.0,1.05,19.0,1.03,12.03,2012_24_barcelona_open_banco_sabadell,2012_24_barcelona_open_banco_sabadell_2012-04-28_SF_nadal_r_verdasco_f
tennis_data_uk,atp,2012,24,Open Banco Sabadell,Barcelona,2012-04-29,atp_500,True,clay,F,2,3,Nadal R.,Ferrer D.,2,6,9715,4160,2,0,7,6,7,5,,,,,,,completed,1.06,10.0,1.1,9.05,1.17,10.11,1.07,8.21,2012_24_barcelona_open_banco_sabadell,2012_24_barcelona_open_banco_sabadell_2012-04-29_F_nadal_r_ferrer_d
tennis_data_uk,atp,2012,25,BRD Nastase Tiriac Trophy,Bucharest,2012-04-23,atp_250,True,clay,R32,32,3,Kubot L.,Moraru G.,51,418,872,89,2,0,6,2,6,3,,,,,,,completed,1.03,15.0,1.04,13.29,1.07,15.0,1.04,10.12,2012_25_bucharest_brd_nastase_tiriac_trophy,2012_25_bucharest_brd_nastase_tiriac_trophy_2012-04-23_R32_kubot_l_moraru_g
tennis_data_uk,atp,2012,25,BRD Nastase Tiriac Trophy,Bucharest,2012-04-23,atp_250,True,clay,R32,32,3,Starace P.,Chardy J.,76,59,663,779,2,0,6,3,6,0,,,,,,,completed,2.1,1.66,2.24,1.71,2.3,1.75,2.1,1.7,2012_25_bucharest_brd_nastase_tiriac_trophy,2012_25_bucharest_brd_nastase_tiriac_trophy_2012-04-23_R32_starace_p_chardy_j
tennis_data_uk,atp,2012,25,BRD Nastase Tiriac Trophy,Bucharest,2012-04-23,atp_250,True,clay,R32,32,3,Bachinger M.,Volandri F.,120,62,450,745,2,1,3,6,6,1,6,3,,,,,completed,2.62,1.44,2.67,1.53,2.88,1.62,2.65,1.45,2012_25_bucharest_brd_nastase_tiriac_trophy,2012_25_bucharest_brd_nastase_tiriac_trophy_2012-04-23_R32_bachinger_m_volandri_f
tennis_data_uk,atp,2012,25,BRD Nastase Tiriac Trophy,Bucharest,2012-04-23,atp_250,True,clay,R32,32,3,Malisse X.,Dimitrov G.,67,85,705,624,2,0,6,2,6,4,,,,,,,completed,3.0,1.36,3.13,1.41,3.16,1.8,2.82,1.41,2012_25_bucharest_brd_nastase_tiriac_trophy,2012_25_bucharest_brd_nastase_tiriac_trophy_2012-04-23_R32_malisse_x_dimitrov_g
tennis_data_uk,atp,2012,25,BRD Nastase Tiriac Trophy,Bucharest,2012-04-24,atp_250,True,clay,R32,32,3,Zopp J.,Crivoi V.,125,247,433,195,2,0,6,3,6,3,,,,,,,completed,1.61,2.2,1.65,2.36,1.7,2.38,1.62,2.22,2012_25_bucharest_brd_nastase_tiriac_trophy,2012_25_bucharest_brd_nastase_tiriac_trophy_2012-04-24_R32_zopp_j_crivoi_v
tennis_data_uk,atp,2012,25,BRD Nastase Tiriac Trophy,Bucharest,2012-04-24,atp_250,True,clay,R32,32,3,Fognini F.,Souza J.,57,116,800,474,2,0,7,5,7,6,,,,,,,completed,1.36,3.0,1.38,3.34,1.41,3.36,1.35,3.07,2012_25_bucharest_brd_nastase_tiriac_trophy,2012_25_bucharest_brd_nastase_tiriac_trophy_2012-04-24_R32_fognini_f_souza_j
tennis_data_uk,atp,2012,25,BRD Nastase Tiriac Trophy,Bucharest,2012-04-24,atp_250,True,clay,R32,32,3,Seppi A.,Rufin G.,46,157,980,329,2,1,1,6,7,6,6,4,,,,,completed,1.5,2.5,1.59,2.5,1.6,2.65,1.53,2.44,2012_25_bucharest_brd_nastase_tiriac_trophy,2012_25_bucharest_brd_nastase_tiriac_trophy_2012-04-24_R32_seppi_a_rufin_g
tennis_data_uk,atp,2012,25,BRD Nastase Tiriac Trophy,Bucharest,2012-04-24,atp_250,True,clay,R32,32,3,Copil M.,Kamke T.,258,83,178,628,2,0,6,3,6,2,,,,,,,completed,2.75,1.4,2.79,1.49,3.0,1.5,2.77,1.42,2012_25_bucharest_brd_nastase_tiriac_trophy,2012_25_bucharest_brd_nastase_tiriac_trophy_2012-04-24_R32_copil_m_kamke_t
tennis_data_uk,atp,2012,25,BRD Nastase Tiriac Trophy,Bucharest,2012-04-24,atp_250,True,clay,R32,32,3,Brands D.,Dodig I.,119,77,456,655,2,0,7,6,6,2,,,,,,,completed,2.25,1.57,2.02,1.88,2.3,1.91,2.08,1.71,2012_25_bucharest_brd_nastase_tiriac_trophy,2012_25_bucharest_brd_nastase_tiriac_trophy_2012-04-24_R32_brands_d_dodig_i
tennis_data_uk,atp,2012,25,BRD Nastase Tiriac Trophy,Bucharest,2012-04-24,atp_250,True,clay,R32,32,3,Balazs A.,Lacko L.,450,64,79,741,2,1,6,7,7,6,6,4,,,,,completed,2.0,1.72,2.16,1.76,2.4,1.76,2.23,1.63,2012_25_bucharest_brd_nastase_tiriac_trophy,2012_25_bucharest_brd_nastase_tiriac_trophy_2012-04-24_R32_balazs_a_lacko_l
tennis_data_uk,atp,2012,25,BRD Nastase Tiriac Trophy,Bucharest,2012-04-24,atp_250,True,clay,R32,32,3,Sela D.,Ungur A.,63,93,742,594,2,0,7,6,6,2,,,,,,,completed,2.87,1.38,3.04,1.43,3.04,1.55,2.81,1.41,2012_25_bucharest_brd_nastase_tiriac_trophy,2012_25_bucharest_brd_nastase_tiriac_trophy_2012-04-24_R32_sela_d_ungur_a
tennis_data_uk,atp,2012,25,BRD Nastase Tiriac Trophy,Bucharest,2012-04-24,atp_250,True,clay,R32,32,3,Stebe C.M.,Chvojka E.,94,233,586,211,2,0,6,3,6,3,,,,,,,completed,1.16,5.0,1.17,5.64,1.19,5.72,1.16,4.85,2012_25_bucharest_brd_nastase_tiriac_trophy,2012_25_bucharest_brd_nastase_tiriac_trophy_2012-04-24_R32_stebe_c_m_chvojka_e
tennis_data_uk,atp,2012,25,BRD Nastase Tiriac Trophy,Bucharest,2012-04-25,atp_250,True,clay,R16,16,3,Brands D.,Zopp J.,119,125,456,433,2,0,7,6,6,3,,,,,,,completed,1.66,2.1,1.69,2.3,1.75,2.33,1.67,2.13,2012_25_bucharest_brd_nastase_tiriac_trophy,2012_25_bucharest_brd_nastase_tiriac_trophy_2012-04-25_R16_brands_d_zopp_j
tennis_data_uk,atp,2012,25,BRD Nastase Tiriac Trophy,Bucharest,2012-04-25,atp_250,True,clay,R16,16,3,Malisse X.,Mayer F.,67,21,705,1540,2,1,7,5,4,6,6,4,,,,,completed,2.5,1.5,2.74,1.52,2.74,1.61,2.45,1.53,2012_25_bucharest_brd_nastase_tiriac_trophy,2012_25_bucharest_brd_nastase_tiriac_trophy_2012-04-25_R16_malisse_x_mayer_f
tennis_data_uk,atp,2012,25,BRD Nastase Tiriac Trophy,Bucharest,2012-04-25,atp_250,True,clay,R16,16,3,Balazs A.,Starace P.,450,76,79,663,2,0,6,3,6,4,,,,,,,completed,5.5,1.14,5.76,1.18,6.0,1.18,5.12,1.15,2012_25_bucharest_brd_nastase_tiriac_trophy,2012_25_bucharest_brd_nastase_tiriac_trophy_2012-04-25_R16_balazs_a_starace_p
tennis_data_uk,atp,2012,25,BRD Nastase Tiriac Trophy,Bucharest,2012-04-26,atp_250,True,clay,R16,16,3,Fognini F.,Baghdatis M.,57,41,800,1025,2,0,7,5,7,6,,,,,,,completed,2.0,1.72,2.24,1.72,3.5,1.83,2.09,1.71,2012_25_bucharest_brd_nastase_tiriac_trophy,2012_25_bucharest_brd_nastase_tiriac_trophy_2012-04-26_R16_fognini_f_baghdatis_m
tennis_data_uk,atp,2012,25,BRD Nastase Tiriac Trophy,Bucharest,2012-04-26,atp_250,True,clay,R16,16,3,Seppi A.,Stebe C.M.,46,94,980,586,2,0,6,2,6,3,,,,,,,completed,1.4,2.75,1.41,3.16,1.43,3.16,1.39,2.89,2012_25_bucharest_brd_nastase_tiriac_trophy,2012_25_bucharest_brd_nastase_tiriac_trophy_2012-04-26_R16_seppi_a_stebe_c_m
tennis_data_uk,atp,2012,25,BRD Nastase Tiriac Trophy,Bucharest,2012-04-26,atp_250,True,clay,R16,16,3,Bachinger M.,Troicki V.,120,30,450,1185,2,1,6,3,4,6,7,6,,,,,completed,3.0,1.36,3.03,1.44,3.05,1.45,2.81,1.41,2012_25_bucharest_brd_nastase_tiriac_trophy,2012_25_bucharest_brd_nastase_tiriac_trophy_2012-04-26_R16_bachinger_m_troicki_v
tennis_data_uk,atp,2012,25,BRD Nastase Tiriac Trophy,Bucharest,2012-04-26,atp_250,True,clay,R16,16,3,Kubot L.,Copil M.,51,258,872,178,2,0,6,3,6,3,,,,,,,completed,1.36,3.0,1.43,3.1,1.5,3.1,1.39,2.88,2012_25_bucharest_brd_nastase_tiriac_trophy,2012_25_bucharest_brd_nastase_tiriac_trophy_2012-04-26_R16_kubot_l_copil_m
tennis_data_uk,atp,2012,25,BRD Nastase Tiriac Trophy,Bucharest,2012-04-26,atp_250,True,clay,R16,16,3,Simon G.,Sela D.,12,63,2320,742,2,0,6,4,6,2,,,,,,,completed,1.08,8.0,1.11,7.91,1.12,8.45,1.09,6.95,2012_25_bucharest_brd_nastase_tiriac_trophy,2012_25_bucharest_brd_nastase_tiriac_trophy_2012-04-26_R16_simon_g_sela_d
tennis_data_uk,atp,2012,25,BRD Nastase Tiriac Trophy,Bucharest,2012-04-27,atp_250,True,clay,QF,8,3,Bachinger M.,Brands D.,120,119,450,456,2,0,6,4,6,1,,,,,,,completed,2.1,1.66,2.47,1.63,2.51,1.8,2.2,1.65,2012_25_bucharest_brd_nastase_tiriac_trophy,2012_25_bucharest_brd_nastase_tiriac_trophy_2012-04-27_QF_bachinger_m_brands_d
tennis_data_uk,atp,2012,25,BRD Nastase Tiriac Trophy,Bucharest,2012-04-27,atp_250,True,clay,QF,8,3,Fognini F.,Seppi A.,57,46,800,980,2,1,6,4,6,7,6,4,,,,,completed,2.37,1.53,2.47,1.63,2.55,1.67,2.35,1.57,2012_25_bucharest_brd_nastase_tiriac_trophy,2012_25_bucharest_brd_nastase_tiriac_trophy_2012-04-27_QF_fognini_f_seppi_a
tennis_data_uk,atp,2012,25,BRD Nastase Tiriac Trophy,Bucharest,2012-04-27,atp_250,True,clay,QF,8,3,Simon G.,Kubot L.,12,51,2320,872,2,1,3,6,6,1,6,3,,,,,completed,1.16,5.0,1.22,4.92,1.23,5.5,1.18,4.64,2012_25_bucharest_brd_nastase_tiriac_trophy,2012_25_bucharest_brd_nastase_tiriac_trophy_2012-04-27_QF_simon_g_kubot_l
tennis_data_uk,atp,2012,25,BRD Nastase Tiriac Trophy,Bucharest,2012-04-27,atp_250,True,clay,QF,8,3,Balazs A.,Malisse X.,450,67,79,705,2,1,4,6,6,3,6,4,,,,,completed,2.87,1.38,2.82,1.5,3.0,1.51,2.74,1.43,2012_25_bucharest_brd_nastase_tiriac_trophy,2012_25_bucharest_brd_nastase_tiriac_trophy_2012-04-27_QF_balazs_a_malisse_x
tennis_data_uk,atp,2012,25,BRD Nastase Tiriac Trophy,Bucharest,2012-04-28,atp_250,True,clay,SF,4,3,Simon G.,Bachinger M.,12,120,2320,450,2,0,7,5,6,2,,,,,,,completed,1.14,5.5,1.18,5.88,1.21,6.01,1.15,5.18,2012_25_bucharest_brd_nastase_tiriac_trophy,2012_25_bucharest_brd_nastase_tiriac_trophy_2012-04-28_SF_simon_g_bachinger_m
tennis_data_uk,atp,2012,25,BRD Nastase Tiriac Trophy,Bucharest,2012-04-28,atp_250,True,clay,SF,4,3,Fognini F.,Balazs A.,57,450,800,79,2,0,6,3,6,1,,,,,,,completed,1.33,3.25,1.38,3.41,1.4,3.41,1.35,3.09,2012_25_bucharest_brd_nastase_tiriac_trophy,2012_25_bucharest_brd_nastase_tiriac_trophy_2012-04-28_SF_fognini_f_balazs_a
tennis_data_uk,atp,2012,25,BRD Nastase Tiriac Trophy,Bucharest,2012-04-29,atp_250,True,clay,F,2,3,Simon G.,Fognini F.,12,57,2320,800,2,0,6,4,6,3,,,,,,,completed,1.22,4.33,1.3,4.02,1.3,4.6,1.23,4.06,2012_25_bucharest_brd_nastase_tiriac_trophy,2012_25_bucharest_brd_nastase_tiriac_trophy_2012-04-29_F_simon_g_fognini_f
tennis_data_uk,atp,2012,26,Serbia Open,Belgrade,2012-04-30,atp_250,True,clay,R32,32,3,Dodig I.,Ungur A.,74,95,655,568,2,1,6,2,6,7,6,4,,,,,completed,1.44,2.62,1.52,2.68,1.52,2.9,1.48,2.58,2012_26_belgrade_serbia_open,2012_26_belgrade_serbia_open_2012-04-30_R32_dodig_i_ungur_a
tennis_data_uk,atp,2012,26,Serbia Open,Belgrade,2012-04-30,atp_250,True,clay,R32,32,3,Lajovic D.,Donskoy E.,191,146,270,375,2,0,7,5,6,4,,,,,,,completed,1.53,2.37,1.63,2.41,1.67,2.45,1.59,2.29,2012_26_belgrade_serbia_open,2012_26_belgrade_serbia_open_2012-04-30_R32_lajovic_d_donskoy_e
tennis_data_uk,atp,2012,26,Serbia Open,Belgrade,2012-04-30,atp_250,True,clay,R32,32,3,Volandri F.,Djokovic M.,73,878,672,12,2,0,6,3,6,1,,,,,,,completed,1.06,10.0,1.09,8.7,1.11,12.0,1.06,8.24,2012_26_belgrade_serbia_open,2012_26_belgrade_serbia_open_2012-04-30_R32_volandri_f_djokovic_m
tennis_data_uk,atp,2012,26,Serbia Open,Belgrade,2012-05-01,atp_250,True,clay,R32,32,3,Bedene A.,Klizan M.,156,101,334,542,2,0,6,4,7,6,,,,,,,completed,1.61,2.2,1.79,2.13,1.79,2.2,1.7,2.09,2012_26_belgrade_serbia_open,2012_26_belgrade_serbia_open_2012-05-01_R32_bedene_a_klizan_m
tennis_data_uk,atp,2012,26,Serbia Open,Belgrade,2012-05-01,atp_250,True,clay,R32,32,3,Hanescu V.,Gomez-Herrera C.,104,671,529,30,2,1,6,2,5,7,6,3,,,,,completed,1.05,11.0,1.09,8.68,1.09,11.0,1.05,8.76,2012_26_belgrade_serbia_open,2012_26_belgrade_serbia_open_2012-05-01_R32_hanescu_v_gomez_herrera_c
tennis_data_uk,atp,2012,26,Serbia Open,Belgrade,2012-05-01,atp_250,True,clay,R32,32,3,Muller G.,Lacko L.,62,65,765,741,2,1,6,0,4,6,6,3,,,,,completed,2.62,1.44,2.62,1.54,2.65,1.57,2.5,1.5,2012_26_belgrade_serbia_open,2012_26_belgrade_serbia_open_2012-05-01_R32_muller_g_lacko_l
tennis_data_uk,atp,2012,26,Serbia Open,Belgrade,2012-05-01,atp_250,True,clay,R32,32,3,Souza J.,Harrison R.,116,58,474,786,2,0,6,3,6,3,,,,,,,completed,2.62,1.44,2.55,1.57,2.7,1.62,2.46,1.52,2012_26_belgrade_serbia_open,2012_26_belgrade_serbia_open_2012-05-01_R32_souza_j_harrison_r
tennis_data_uk,atp,2012,26,Serbia Open,Belgrade,2012-05-01,atp_250,True,clay,R32,32,3,Schwank E.,Sela D.,179,63,286,752,2,0,6,2,7,6,,,,,,,completed,1.53,2.37,1.71,2.24,1.71,2.4,1.6,2.27,2012_26_belgrade_serbia_open,2012_26_belgrade_serbia_open_2012-05-01_R32_schwank_e_sela_d
tennis_data_uk,atp,2012,26,Serbia Open,Belgrade,2012-05-01,atp_250,True,clay,R32,32,3,Garcia-Lopez G.,Kunitsyn I.,75,88,646,606,2,1,7,6,6,7,6,2,,,,,completed,1.22,4.0,1.29,3.94,1.3,4.33,1.25,3.82,2012_26_belgrade_serbia_open,2012_26_belgrade_serbia_open_2012-05-01_R32_garcia_lopez_g_kunitsyn_i
tennis_data_uk,atp,2012,26,Serbia Open,Belgrade,2012-05-01,atp_250,True,clay,R32,32,3,Paire B.,Fognini F.,96,48,553,930,2,0,6,1,6,4,,,,,,,completed,2.0,1.72,2.01,1.88,2.2,1.88,2.04,1.74,2012_26_belgrade_serbia_open,2012_26_belgrade_serbia_open_2012-05-01_R32_paire_b_fognini_f
tennis_data_uk,atp,2012,26,Serbia Open,Belgrade,2012-05-01,atp_250,True,clay,R32,32,3,Veic A.,Kavcic B.,127,102,428,538,2,0,6,1,6,1,,,,,,,completed,1.53,2.37,1.58,2.52,1.67,2.53,1.59,2.29,2012_26_belgrade_serbia_open,2012_26_belgrade_serbia_open_2012-05-01_R32_veic_a_kavcic_b
tennis_data_uk,atp,2012,26,Serbia Open,Belgrade,2012-05-01,atp_250,True,clay,R32,32,3,Rosol L.,Kubot L.,79,50,633,901,2,0,7,5,6,2,,,,,,,completed,2.75,1.4,3.18,1.4,3.18,1.5,2.75,1.43,2012_26_belgrade_serbia_open,2012_26_belgrade_serbia_open_2012-05-01_R32_rosol_l_kubot_l
tennis_data_uk,atp,2012,26,Serbia Open,Belgrade,2012-05-02,atp_250,True,clay,R16,16,3,Seppi A.,Dodig I.,46,74,980,655,2,0,6,4,6,2,,,,,,,completed,1.38,2.87,1.43,3.05,1.48,3.2,1.4,2.83,2012_26_belgrade_serbia_open,2012_26_belgrade_serbia_open_2012-05-02_R16_seppi_a_dodig_i
tennis_data_uk,atp,2012,26,Serbia Open,Belgrade,2012-05-02,atp_250,True,clay,R16,16,3,Souza J.,Lajovic D.,116,191,474,270,0,0,4,2,,,,,,,,,retired,2.0,1.72,2.02,1.88,2.02,1.92,1.95,1.8,2012_26_belgrade_serbia_open,2012_26_belgrade_serbia_open_2012-05-02_R16_souza_j_lajovic_d
tennis_data_uk,atp,2012,26,Serbia Open,Belgrade,2012-05-02,atp_250,True,clay,R16,16,3,Muller G.,Schwank E.,62,179,765,286,2,0,6,3,7,6,,,,,,,completed,1.9,1.8,2.12,1.81,2.2,1.85,2.02,1.75,2012_26_belgrade_serbia_open,2012_26_belgrade_serbia_open_2012-05-02_R16_muller_g_schwank_e
tennis_data_uk,atp,2012,26,Serbia Open,Belgrade,2012-05-02,atp_250,True,clay,R16,16,3,Nalbandian D.,Bedene A.,49,156,905,334,2,0,6,4,6,3,,,,,,,completed,1.25,3.75,1.32,3.78,1.32,4.0,1.26,3.68,2012_26_belgrade_serbia_open,2012_26_belgrade_serbia_open_2012-05-02_R16_nalbandian_d_bedene_a
tennis_data_uk,atp,2012,26,Serbia Open,Belgrade,2012-05-03,atp_250,True,clay,R16,16,3,Andujar P.,Volandri F.,38,73,1070,672,2,1,4,6,7,5,6,2,,,,,completed,1.4,2.75,1.47,2.92,1.56,2.92,1.45,2.65,2012_26_belgrade_serbia_open,2012_26_belgrade_serbia_open_2012-05-03_R16_andujar_p_volandri_f
tennis_data_uk,atp,2012,26,Serbia Open,Belgrade,2012-05-03,atp_250,True,clay,R16,16,3,Paire B.,Garcia-Lopez G.,96,75,553,646,2,1,4,6,7,5,7,5,,,,,completed,2.1,1.66,2.18,1.77,3.2,1.77,2.09,1.7,2012_26_belgrade_serbia_open,2012_26_belgrade_serbia_open_2012-05-03_R16_paire_b_garcia_lopez_g
tennis_data_uk,atp,2012,26,Serbia Open,Belgrade,2012-05-03,atp_250,True,clay,R16,16,3,Rosol L.,Hanescu V.,79,104,633,529,2,0,7,6,6,3,,,,,,,completed,1.66,2.1,1.85,2.07,1.9,2.2,1.78,1.98,2012_26_belgrade_serbia_open,2012_26_belgrade_serbia_open_2012-05-03_R16_rosol_l_hanescu_v
tennis_data_uk,atp,2012,26,Serbia Open,Belgrade,2012-05-04,atp_250,True,clay,R16,16,3,Nieminen J.,Veic A.,44,127,993,428,2,1,6,3,4,6,6,3,,,,,completed,1.44,2.62,1.54,2.66,1.57,2.7,1.5,2.51,2012_26_belgrade_serbia_open,2012_26_belgrade_serbia_open_2012-05-04_R16_nieminen_j_veic_a
tennis_data_uk,atp,2012,26,Serbia Open,Belgrade,2012-05-04,atp_250,True,clay,QF,8,3,Andujar P.,Rosol L.,38,79,1070,633,2,0,6,4,6,3,,,,,,,completed,1.5,2.5,,,2.2,2.6,1.55,2.39,2012_26_belgrade_serbia_open,2012_26_belgrade_serbia_open_2012-05-04_QF_andujar_p_rosol_l
tennis_data_uk,atp,2012,26,Serbia Open,Belgrade,2012-05-04,atp_250,True,clay,QF,8,3,Paire B.,Nieminen J.,96,44,553,993,2,1,0,6,6,2,7,5,,,,,completed,2.2,1.61,,,2.25,1.95,2.05,1.74,2012_26_belgrade_serbia_open,2012_26_belgrade_serbia_open_2012-05-04_QF_paire_b_nieminen_j
tennis_data_uk,atp,2012,26,Serbia Open,Belgrade,2012-05-04,atp_250,True,clay,QF,8,3,Seppi A.,Muller G.,46,62,980,765,2,0,6,4,6,3,,,,,,,completed,1.22,4.0,1.29,4.08,1.3,4.36,1.26,3.74,2012_26_belgrade_serbia_open,2012_26_belgrade_serbia_open_2012-05-04_QF_seppi_a_muller_g
tennis_data_uk,atp,2012,26,Serbia Open,Belgrade,2012-05-04,atp_250,True,clay,QF,8,3,Nalbandian D.,Souza J.,49,116,905,474,2,0,6,3,6,2,,,,,,,completed,1.12,6.0,1.16,6.35,1.2,6.55,1.14,5.43,2012_26_belgrade_serbia_open,2012_26_belgrade_serbia_open_2012-05-04_QF_nalbandian_d_souza_j
tennis_data_uk,atp,2012,26,Serbia Open,Belgrade,2012-05-05,atp_250,True,clay,SF,4,3,Paire B.,Andujar P.,96,38,553,1070,2,1,6,3,1,6,6,3,,,,,completed,3.0,1.36,3.21,1.41,3.3,1.41,3.09,1.35,2012_26_belgrade_serbia_open,2012_26_belgrade_serbia_open_2012-05-05_SF_paire_b_andujar_p
tennis_data_uk,atp,2012,26,Serbia Open,Belgrade,2012-05-05,atp_250,True,clay,SF,4,3,Seppi A.,Nalbandian D.,46,49,980,905,2,1,2,6,6,2,7,5,,,,,completed,3.25,1.33,3.23,1.41,3.4,1.41,3.12,1.35,2012_26_belgrade_serbia_open,2012_26_belgrade_serbia_open_2012-05-05_SF_seppi_a_nalbandian_d
tennis_data_uk,atp,2012,26,Serbia Open,Belgrade,2012-05-06,atp_250,True,clay,F,2,3,Seppi A.,Paire B.,46,96,980,553,2,0,6,3,6,2,,,,,,,completed,1.44,2.75,1.48,2.9,1.5,2.95,1.45,2.68,2012_26_belgrade_serbia_open,2012_26_belgrade_serbia_open_2012-05-06_F_seppi_a_paire_b
tennis_data_uk,atp,2012,27,Estoril Open,Estoril,2012-04-30,atp_250,True,clay,R32,32,3,Lorenzi P.,Roger-Vasselin E.,82,83,627,622,2,1,3,6,7,6,6,4,,,,,completed,2.0,1.72,2.16,1.76,2.16,1.83,2.0,1.76,2012_27_estoril_estoril_open,2012_27_estoril_estoril_open_2012-04-30_R32_lorenzi_p_roger_vasselin_e
tennis_data_uk,atp,2012,27,Estoril Open,Estoril,2012-04-30,atp_250,True,clay,R32,32,3,Haase R.,Bolelli S.,43,98,1001,545,2,0,6,3,6,2,,,,,,,completed,1.33,3.25,1.37,3.33,1.42,3.36,1.36,3.04,2012_27_estoril_estoril_open,2012_27_estoril_estoril_open_2012-04-30_R32_haase_r_bolelli_s
tennis_data_uk,atp,2012,27,Estoril Open,Estoril,2012-04-30,atp_250,True,clay,R32,32,3,Istomin D.,Mathieu P.H.,45,273,982,165,2,0,7,5,6,1,,,,,,,completed,2.37,1.53,2.49,1.59,2.53,1.67,2.33,1.57,2012_27_estoril_estoril_open,2012_27_estoril_estoril_open_2012-04-30_R32_istomin_d_mathieu_p_h
tennis_data_uk,atp,2012,27,Estoril Open,Estoril,2012-05-01,atp_250,True,clay,R32,32,3,Cervantes I.,Andreev I.,188,78,274,637,2,1,6,4,3,6,6,3,,,,,completed,5.5,1.14,4.93,1.21,5.5,1.21,4.79,1.17,2012_27_estoril_estoril_open,2012_27_estoril_estoril_open_2012-05-01_R32_cervantes_i_andreev_i
tennis_data_uk,atp,2012,27,Estoril Open,Estoril,2012-05-01,atp_250,True,clay,R32,32,3,Navarro-Pastor I.,Gimeno-Traver D.,310,107,157,508,2,0,7,6,6,2,,,,,,,completed,2.5,1.5,2.55,1.57,2.63,1.57,2.44,1.53,2012_27_estoril_estoril_open,2012_27_estoril_estoril_open_2012-05-01_R32_navarro_pastor_i_gimeno_traver_d
tennis_data_uk,atp,2012,27,Estoril Open,Estoril,2012-05-01,atp_250,True,clay,R32,32,3,Munoz-De La Nava D.,Marti J.,148,174,370,292,2,0,7,5,6,3,,,,,,,completed,2.37,1.53,2.83,1.48,2.83,1.59,2.43,1.53,2012_27_estoril_estoril_open,2012_27_estoril_estoril_open_2012-05-01_R32_munoz_de_la_nava_d_marti_j
tennis_data_uk,atp,2012,27,Estoril Open,Estoril,2012-05-01,atp_250,True,clay,R32,32,3,Machado R.,Sousa P.,90,244,601,199,2,1,6,7,6,1,6,2,,,,,completed,1.44,2.62,1.49,2.8,1.53,2.8,1.46,2.62,2012_27_estoril_estoril_open,2012_27_estoril_estoril_open_2012-05-01_R32_machado_r_sousa_p
tennis_data_uk,atp,2012,27,Estoril Open,Estoril,2012-05-01,atp_250,True,clay,R32,32,3,Montanes A.,Ebden M.,69,72,690,677,2,0,6,2,6,3,,,,,,,completed,1.18,4.5,1.23,4.65,1.25,5.0,1.2,4.35,2012_27_estoril_estoril_open,2012_27_estoril_estoril_open_2012-05-01_R32_montanes_a_ebden_m
tennis_data_uk,atp,2012,27,Estoril Open,Estoril,2012-05-01,atp_250,True,clay,R32,32,3,Cipolla F.,Junqueira D.,70,144,686,376,2,0,6,1,6,4,,,,,,,completed,1.25,3.75,1.29,3.96,1.3,4.2,1.27,3.67,2012_27_estoril_estoril_open,2012_27_estoril_estoril_open_2012-05-01_R32_cipolla_f_junqueira_d
tennis_data_uk,atp,2012,27,Estoril Open,Estoril,2012-05-01,atp_250,True,clay,R32,32,3,Phau B.,Gil F.,87,109,608,493,2,0,6,4,6,2,,,,,,,completed,3.4,1.3,3.42,1.36,3.46,1.4,3.16,1.34,2012_27_estoril_estoril_open,2012_27_estoril_estoril_open_2012-05-01_R32_phau_b_gil_f
tennis_data_uk,atp,2012,27,Estoril Open,Estoril,2012-05-01,atp_250,True,clay,R32,32,3,Sousa J.,Elias G.,140,196,388,258,2,1,5,7,6,4,6,2,,,,,completed,1.44,2.62,1.56,2.59,1.56,2.75,1.48,2.57,2012_27_estoril_estoril_open,2012_27_estoril_estoril_open_2012-05-01_R32_sousa_j_elias_g
tennis_data_uk,atp,2012,27,Estoril Open,Estoril,2012-05-02,atp_250,True,clay,R32,32,3,Reynolds B.,Balazs A.,133,259,405,181,2,0,6,3,6,4,,,,,,,completed,2.62,1.44,2.71,1.52,2.75,1.52,2.62,1.48,2012_27_estoril_estoril_open,2012_27_estoril_estoril_open_2012-05-02_R32_reynolds_b_balazs_a
tennis_data_uk,atp,2012,27,Estoril Open,Estoril,2012-05-02,atp_250,True,clay,R16,16,3,Wawrinka S.,Navarro-Pastor I.,22,310,1425,157,2,0,7,6,6,1,,,,,,,completed,1.03,15.0,1.03,17.5,1.06,19.5,1.03,11.53,2012_27_estoril_estoril_open,2012_27_estoril_estoril_open_2012-05-02_R16_wawrinka_s_navarro_pastor_i
tennis_data_uk,atp,2012,27,Estoril Open,Estoril,2012-05-02,atp_250,True,clay,R16,16,3,Gasquet R.,Lorenzi P.,18,82,1595,627,2,0,6,1,6,1,,,,,,,completed,1.22,4.0,1.29,3.97,1.3,4.34,1.24,3.88,2012_27_estoril_estoril_open,2012_27_estoril_estoril_open_2012-05-02_R16_gasquet_r_lorenzi_p
tennis_data_uk,atp,2012,27,Estoril Open,Estoril,2012-05-02,atp_250,True,clay,R16,16,3,Haase R.,Cervantes I.,43,188,1001,274,2,1,5,7,6,4,6,2,,,,,completed,1.16,5.0,1.23,4.74,1.23,5.25,1.18,4.65,2012_27_estoril_estoril_open,2012_27_estoril_estoril_open_2012-05-02_R16_haase_r_cervantes_i
tennis_data_uk,atp,2012,27,Estoril Open,Estoril,2012-05-02,atp_250,True,clay,R16,16,3,Munoz-De La Nava D.,Cipolla F.,148,70,370,686,2,0,6,4,6,4,,,,,,,completed,3.0,1.36,3.39,1.37,3.52,1.4,3.12,1.35,2012_27_estoril_estoril_open,2012_27_estoril_estoril_open_2012-05-02_R16_munoz_de_la_nava_d_cipolla_f
tennis_data_uk,atp,2012,27,Estoril Open,Estoril,2012-05-03,atp_250,True,clay,R16,16,3,Montanes A.,Reynolds B.,69,133,690,405,2,1,4,6,6,4,6,3,,,,,completed,1.12,6.0,1.16,6.12,1.17,6.5,1.14,5.47,2012_27_estoril_estoril_open,2012_27_estoril_estoril_open_2012-05-03_R16_montanes_a_reynolds_b
tennis_data_uk,atp,2012,27,Estoril Open,Estoril,2012-05-03,atp_250,True,clay,R16,16,3,Del Potro J.M.,Machado R.,12,90,2495,601,2,0,6,1,6,0,,,,,,,completed,1.02,19.0,1.02,22.73,1.04,24.22,1.02,13.45,2012_27_estoril_estoril_open,2012_27_estoril_estoril_open_2012-05-03_R16_del_potro_j_m_machado_r
tennis_data_uk,atp,2012,27,Estoril Open,Estoril,2012-05-03,atp_250,True,clay,R16,16,3,Ramos A.,Phau B.,42,87,1003,608,2,0,7,5,6,0,,,,,,,completed,1.22,4.0,1.3,3.94,1.3,4.33,1.25,3.82,2012_27_estoril_estoril_open,2012_27_estoril_estoril_open_2012-05-03_R16_ramos_a_phau_b
tennis_data_uk,atp,2012,27,Estoril Open,Estoril,2012-05-03,atp_250,True,clay,R16,16,3,Sousa J.,Istomin D.,140,45,388,982,1,1,3,6,6,3,4,2,,,,,retired,2.5,1.5,2.54,1.58,2.6,1.63,2.39,1.55,2012_27_estoril_estoril_open,2012_27_estoril_estoril_open_2012-05-03_R16_sousa_j_istomin_d
tennis_data_uk,atp,2012,27,Estoril Open,Estoril,2012-05-04,atp_250,True,clay,QF,8,3,Ramos A.,Sousa J.,42,140,1003,388,2,0,6,2,6,3,,,,,,,completed,1.18,4.5,,,1.25,4.95,1.21,4.24,2012_27_estoril_estoril_open,2012_27_estoril_estoril_open_2012-05-04_QF_ramos_a_sousa_j
tennis_data_uk,atp,2012,27,Estoril Open,Estoril,2012-05-04,atp_250,True,clay,QF,8,3,Gasquet R.,Munoz-De La Nava D.,18,148,1595,370,2,0,7,6,6,2,,,,,,,completed,1.07,9.0,1.11,8.19,1.1,10.81,1.07,7.84,2012_27_estoril_estoril_open,2012_27_estoril_estoril_open_2012-05-04_QF_gasquet_r_munoz_de_la_nava_d
tennis_data_uk,atp,2012,27,Estoril Open,Estoril,2012-05-04,atp_250,True,clay,QF,8,3,Wawrinka S.,Haase R.,22,43,1425,1001,2,0,6,1,6,4,,,,,,,completed,1.28,3.5,1.36,3.48,1.34,3.7,1.3,3.38,2012_27_estoril_estoril_open,2012_27_estoril_estoril_open_2012-05-04_QF_wawrinka_s_haase_r
tennis_data_uk,atp,2012,27,Estoril Open,Estoril,2012-05-04,atp_250,True,clay,QF,8,3,Del Potro J.M.,Montanes A.,12,69,2495,690,2,0,6,2,6,2,,,,,,,completed,1.05,11.0,1.06,13.4,1.07,13.4,1.04,10.24,2012_27_estoril_estoril_open,2012_27_estoril_estoril_open_2012-05-04_QF_del_potro_j_m_montanes_a
tennis_data_uk,atp,2012,27,Estoril Open,Estoril,2012-05-05,atp_250,True,clay,SF,4,3,Gasquet R.,Ramos A.,18,42,1595,1003,2,1,2,6,7,6,7,5,,,,,completed,1.5,2.5,1.61,2.5,1.61,2.55,1.54,2.43,2012_27_estoril_estoril_open,2012_27_estoril_estoril_open_2012-05-05_SF_gasquet_r_ramos_a
tennis_data_uk,atp,2012,27,Estoril Open,Estoril,2012-05-05,atp_250,True,clay,SF,4,3,Del Potro J.M.,Wawrinka S.,12,22,2495,1425,2,0,7,6,6,4,,,,,,,completed,1.25,3.75,1.28,4.22,1.3,4.25,1.27,3.72,2012_27_estoril_estoril_open,2012_27_estoril_estoril_open_2012-05-05_SF_del_potro_j_m_wawrinka_s
tennis_data_uk,atp,2012,27,Estoril Open,Estoril,2012-05-06,atp_250,True,clay,F,2,3,Del Potro J.M.,Gasquet R.,12,18,2495,1595,2,0,6,4,6,2,,,,,,,completed,1.14,5.5,1.16,6.39,1.18,6.39,1.15,5.18,2012_27_estoril_estoril_open,2012_27_estoril_estoril_open_2012-05-06_F_del_potro_j_m_gasquet_r
tennis_data_uk,atp,2012,28,BMW Open,Munich,2012-04-30,atp_250,True,clay,R32,32,3,Tomic B.,Rochus O.,33,66,1165,741,2,0,6,4,6,3,,,,,,,completed,1.44,2.62,1.59,2.5,1.59,2.75,1.5,2.53,2012_28_munich_bmw_open,2012_28_munich_bmw_open_2012-04-30_R32_tomic_b_rochus_o
tennis_data_uk,atp,2012,28,BMW Open,Munich,2012-04-30,atp_250,True,clay,R32,32,3,Giraldo S.,Darcis S.,53,67,853,735,2,0,6,4,6,3,,,,,,,completed,1.36,3.0,1.43,3.04,1.44,3.13,1.4,2.86,2012_28_munich_bmw_open,2012_28_munich_bmw_open_2012-04-30_R32_giraldo_s_darcis_s
tennis_data_uk,atp,2012,28,BMW Open,Munich,2012-05-01,atp_250,True,clay,R32,32,3,Gulbis E.,Malisse X.,84,64,615,750,2,0,6,4,6,2,,,,,,,completed,2.25,1.57,2.11,1.8,2.4,1.8,2.19,1.64,2012_28_munich_bmw_open,2012_28_munich_bmw_open_2012-05-01_R32_gulbis_e_malisse_x
tennis_data_uk,atp,2012,28,BMW Open,Munich,2012-05-01,atp_250,True,clay,R32,32,3,Baghdatis M.,Kamke T.,39,81,1025,628,2,1,6,1,3,6,6,3,,,,,completed,1.25,3.75,1.32,3.7,1.35,4.0,1.28,3.58,2012_28_munich_bmw_open,2012_28_munich_bmw_open_2012-05-01_R32_baghdatis_m_kamke_t
tennis_data_uk,atp,2012,28,BMW Open,Munich,2012-05-01,atp_250,True,clay,R32,32,3,Stakhovsky S.,Stebe C.M.,68,91,700,600,2,0,7,6,6,3,,,,,,,completed,1.9,1.8,2.01,1.88,2.08,1.95,1.89,1.85,2012_28_munich_bmw_open,2012_28_munich_bmw_open_2012-05-01_R32_stakhovsky_s_stebe_c_m
tennis_data_uk,atp,2012,28,BMW Open,Munich,2012-05-01,atp_250,True,clay,R32,32,3,Starace P.,Goffin D.,77,108,638,496,2,0,6,3,7,6,,,,,,,completed,1.66,2.1,1.85,2.04,1.85,2.4,1.66,2.16,2012_28_munich_bmw_open,2012_28_munich_bmw_open_2012-05-01_R32_starace_p_goffin_d
tennis_data_uk,atp,2012,28,BMW Open,Munich,2012-05-01,atp_250,True,clay,R32,32,3,Brown D.,Brands D.,159,105,331,513,2,0,6,4,6,3,,,,,,,completed,2.5,1.5,2.94,1.45,2.94,1.56,2.59,1.48,2012_28_munich_bmw_open,2012_28_munich_bmw_open_2012-05-01_R32_brown_d_brands_d
tennis_data_uk,atp,2012,28,BMW Open,Munich,2012-05-01,atp_250,True,clay,R32,32,3,Bachinger M.,Falla A.,103,55,532,818,2,0,7,6,6,2,,,,,,,completed,2.1,1.66,2.16,1.76,2.18,1.85,2.06,1.72,2012_28_munich_bmw_open,2012_28_munich_bmw_open_2012-05-01_R32_bachinger_m_falla_a
tennis_data_uk,atp,2012,28,BMW Open,Munich,2012-05-01,atp_250,True,clay,R32,32,3,Farah R.,Davydenko N.,210,56,238,815,2,0,6,3,6,2,,,,,,,completed,2.75,1.4,2.86,1.47,3.0,1.5,2.76,1.42,2012_28_munich_bmw_open,2012_28_munich_bmw_open_2012-05-01_R32_farah_r_davydenko_n
tennis_data_uk,atp,2012,28,BMW Open,Munich,2012-05-01,atp_250,True,clay,R32,32,3,Matosevic M.,Kukushkin M.,122,54,447,842,2,0,7,5,6,1,,,,,,,completed,3.25,1.33,3.22,1.39,3.5,1.41,3.21,1.33,2012_28_munich_bmw_open,2012_28_munich_bmw_open_2012-05-01_R32_matosevic_m_kukushkin_m
tennis_data_uk,atp,2012,28,BMW Open,Munich,2012-05-01,atp_250,True,clay,R32,32,3,Haas T.,Berrer M.,134,112,403,487,2,0,6,0,6,2,,,,,,,completed,1.66,2.1,1.78,2.14,1.8,2.88,1.71,2.08,2012_28_munich_bmw_open,2012_28_munich_bmw_open_2012-05-01_R32_haas_t_berrer_m
tennis_data_uk,atp,2012,28,BMW Open,Munich,2012-05-01,atp_250,True,clay,R32,32,3,Youzhny M.,Petzschner P.,36,93,1140,582,2,0,7,5,7,5,,,,,,,completed,1.33,3.25,1.35,3.46,1.45,5.5,1.36,3.09,2012_28_munich_bmw_open,2012_28_munich_bmw_open_2012-05-01_R32_youzhny_m_petzschner_p
tennis_data_uk,atp,2012,28,BMW Open,Munich,2012-05-02,atp_250,True,clay,R16,16,3,Cilic M.,Bachinger M.,24,103,1400,532,2,0,6,3,6,2,,,,,,,completed,1.25,3.75,1.3,3.9,1.34,4.14,1.28,3.54,2012_28_munich_bmw_open,2012_28_munich_bmw_open_2012-05-02_R16_cilic_m_bachinger_m
tennis_data_uk,atp,2012,28,BMW Open,Munich,2012-05-02,atp_250,True,clay,R16,16,3,Baghdatis M.,Brown D.,39,159,1025,331,2,1,1,6,6,4,6,4,,,,,completed,1.25,3.75,1.29,3.97,1.35,4.2,1.27,3.62,2012_28_munich_bmw_open,2012_28_munich_bmw_open_2012-05-02_R16_baghdatis_m_brown_d
tennis_data_uk,atp,2012,28,BMW Open,Munich,2012-05-02,atp_250,True,clay,R16,16,3,Haas T.,Tsonga J.W.,134,5,403,4830,2,0,6,1,6,4,,,,,,,completed,4.5,1.18,4.7,1.23,5.31,1.23,4.56,1.18,2012_28_munich_bmw_open,2012_28_munich_bmw_open_2012-05-02_R16_haas_t_tsonga_j_w
tennis_data_uk,atp,2012,28,BMW Open,Munich,2012-05-02,atp_250,True,clay,R16,16,3,Youzhny M.,Giraldo S.,36,53,1140,853,2,1,6,7,6,4,6,4,,,,,completed,2.0,1.72,2.12,1.81,2.13,1.91,1.95,1.8,2012_28_munich_bmw_open,2012_28_munich_bmw_open_2012-05-02_R16_youzhny_m_giraldo_s
tennis_data_uk,atp,2012,28,BMW Open,Munich,2012-05-03,atp_250,True,clay,R16,16,3,Matosevic M.,Farah R.,122,210,447,238,2,1,6,1,6,7,6,2,,,,,completed,2.62,1.44,2.54,1.58,2.88,1.61,2.5,1.5,2012_28_munich_bmw_open,2012_28_munich_bmw_open_2012-05-03_R16_matosevic_m_farah_r
tennis_data_uk,atp,2012,28,BMW Open,Munich,2012-05-03,atp_250,True,clay,R16,16,3,Tomic B.,Starace P.,33,77,1165,638,2,1,6,1,6,7,6,3,,,,,completed,1.66,2.1,1.62,2.45,1.83,2.7,1.63,2.23,2012_28_munich_bmw_open,2012_28_munich_bmw_open_2012-05-03_R16_tomic_b_starace_p
tennis_data_uk,atp,2012,28,BMW Open,Munich,2012-05-03,atp_250,True,clay,R16,16,3,Kohlschreiber P.,Gulbis E.,34,84,1155,615,2,0,7,5,6,3,,,,,,,completed,1.36,3.0,1.4,3.2,1.41,3.5,1.37,3.01,2012_28_munich_bmw_open,2012_28_munich_bmw_open_2012-05-03_R16_kohlschreiber_p_gulbis_e
tennis_data_uk,atp,2012,28,BMW Open,Munich,2012-05-03,atp_250,True,clay,R16,16,3,Lopez F.,Stakhovsky S.,16,68,1795,700,2,0,6,4,7,6,,,,,,,completed,1.28,3.5,1.35,3.53,1.35,4.0,1.3,3.39,2012_28_munich_bmw_open,2012_28_munich_bmw_open_2012-05-03_R16_lopez_f_stakhovsky_s
tennis_data_uk,atp,2012,28,BMW Open,Munich,2012-05-04,atp_250,True,clay,QF,8,3,Cilic M.,Youzhny M.,24,36,1400,1140,2,1,6,3,6,7,6,3,,,,,completed,1.57,2.25,1.79,2.17,1.79,2.3,1.67,2.15,2012_28_munich_bmw_open,2012_28_munich_bmw_open_2012-05-04_QF_cilic_m_youzhny_m
tennis_data_uk,atp,2012,28,BMW Open,Munich,2012-05-04,atp_250,True,clay,QF,8,3,Haas T.,Baghdatis M.,134,39,403,1025,2,0,6,1,7,6,,,,,,,completed,1.53,2.37,1.58,2.58,1.64,2.65,1.55,2.4,2012_28_munich_bmw_open,2012_28_munich_bmw_open_2012-05-04_QF_haas_t_baghdatis_m
tennis_data_uk,atp,2012,28,BMW Open,Munich,2012-05-04,atp_250,True,clay,QF,8,3,Kohlschreiber P.,Matosevic M.,34,122,1155,447,2,0,6,0,7,6,,,,,,,completed,1.16,5.0,,,1.22,8.5,1.18,4.64,2012_28_munich_bmw_open,2012_28_munich_bmw_open_2012-05-04_QF_kohlschreiber_p_matosevic_m
tennis_data_uk,atp,2012,28,BMW Open,Munich,2012-05-04,atp_250,True,clay,QF,8,3,Lopez F.,Tomic B.,16,33,1795,1165,2,0,6,4,6,2,,,,,,,completed,1.44,2.62,1.59,2.56,1.8,2.62,1.56,2.39,2012_28_munich_bmw_open,2012_28_munich_bmw_open_2012-05-04_QF_lopez_f_tomic_b
tennis_data_uk,atp,2012,28,BMW Open,Munich,2012-05-05,atp_250,True,clay,SF,4,3,Cilic M.,Haas T.,24,134,1400,403,2,0,6,3,6,4,,,,,,,completed,1.61,2.2,1.63,2.47,1.7,2.61,1.61,2.27,2012_28_munich_bmw_open,2012_28_munich_bmw_open_2012-05-05_SF_cilic_m_haas_t
tennis_data_uk,atp,2012,28,BMW Open,Munich,2012-05-05,atp_250,True,clay,SF,4,3,Kohlschreiber P.,Lopez F.,34,16,1155,1795,2,1,6,2,6,7,6,4,,,,,completed,2.2,1.61,2.2,1.77,2.3,1.83,2.11,1.69,2012_28_munich_bmw_open,2012_28_munich_bmw_open_2012-05-05_SF_kohlschreiber_p_lopez_f
tennis_data_uk,atp,2012,28,BMW Open,Munich,2012-05-06,atp_250,True,clay,F,2,3,Kohlschreiber P.,Cilic M.,34,24,1155,1400,2,0,7,6,6,3,,,,,,,completed,2.5,1.53,2.56,1.59,2.66,1.6,2.41,1.55,2012_28_munich_bmw_open,2012_28_munich_bmw_open_2012-05-06_F_kohlschreiber_p_cilic_m
tennis_data_uk,atp,2012,29,Mutua Madrid Open,Madrid,2012-05-06,masters_1000,True,clay,R64,64,3,Davydenko N.,Karlovic I.,54,60,825,760,2,0,7,6,6,3,,,,,,,completed,1.53,2.37,1.63,2.46,1.65,2.53,1.59,2.31,2012_29_madrid_mutua_madrid_open,2012_29_madrid_mutua_madrid_open_2012-05-06_R64_davydenko_n_karlovic_i
tennis_data_uk,atp,2012,29,Mutua Madrid Open,Madrid,2012-05-06,masters_1000,True,clay,R64,64,3,Anderson K.,Bogomolov A.,35,42,1170,996,2,0,6,3,6,2,,,,,,,completed,1.18,4.5,1.2,5.23,1.22,5.23,1.19,4.53,2012_29_madrid_mutua_madrid_open,2012_29_madrid_mutua_madrid_open_2012-05-06_R64_anderson_k_bogomolov_a
tennis_data_uk,atp,2012,29,Mutua Madrid Open,Madrid,2012-05-07,masters_1000,True,clay,R64,64,3,Troicki V.,Young D.,30,50,1220,846,2,1,6,1,4,6,6,1,,,,,completed,1.18,4.5,1.23,4.77,1.29,4.77,1.22,4.11,2012_29_madrid_mutua_madrid_open,2012_29_madrid_mutua_madrid_open_2012-05-07_R64_troicki_v_young_d
tennis_data_uk,atp,2012,29,Mutua Madrid Open,Madrid,2012-05-07,masters_1000,True,clay,R64,64,3,Youzhny M.,Marti J.,34,173,1175,298,2,0,6,3,6,2,,,,,,,completed,1.25,3.75,1.33,3.66,1.36,3.75,1.3,3.45,2012_29_madrid_mutua_madrid_open,2012_29_madrid_mutua_madrid_open_2012-05-07_R64_youzhny_m_marti_j
tennis_data_uk,atp,2012,29,Mutua Madrid Open,Madrid,2012-05-07,masters_1000,True,clay,R64,64,3,Harrison R.,Stakhovsky S.,61,82,757,630,2,0,7,6,7,6,,,,,,,completed,2.25,1.57,2.2,1.75,2.31,1.75,2.18,1.66,2012_29_madrid_mutua_madrid_open,2012_29_madrid_mutua_madrid_open_2012-05-07_R64_harrison_r_stakhovsky_s
tennis_data_uk,atp,2012,29,Mutua Madrid Open,Madrid,2012-05-07,masters_1000,True,clay,R64,64,3,Almagro N.,Giraldo S.,13,53,2255,828,2,1,6,7,6,3,6,3,,,,,completed,1.22,4.0,1.29,3.97,1.29,4.4,1.25,3.82,2012_29_madrid_mutua_madrid_open,2012_29_madrid_mutua_madrid_open_2012-05-07_R64_almagro_n_giraldo_s
tennis_data_uk,atp,2012,29,Mutua Madrid Open,Madrid,2012-05-07,masters_1000,True,clay,R64,64,3,Falla A.,Chela J.I.,56,36,789,1165,2,1,6,3,2,6,6,2,,,,,completed,1.57,2.25,1.77,2.18,1.77,2.38,1.66,2.16,2012_29_madrid_mutua_madrid_open,2012_29_madrid_mutua_madrid_open_2012-05-07_R64_falla_a_chela_j_i
tennis_data_uk,atp,2012,29,Mutua Madrid Open,Madrid,2012-05-07,masters_1000,True,clay,R64,64,3,Gimeno-Traver D.,Hanescu V.,137,103,399,514,2,1,7,6,4,6,6,3,,,,,completed,2.2,1.61,2.2,1.75,2.35,1.76,2.19,1.65,2012_29_madrid_mutua_madrid_open,2012_29_madrid_mutua_madrid_open_2012-05-07_R64_gimeno_traver_d_hanescu_v
tennis_data_uk,atp,2012,29,Mutua Madrid Open,Madrid,2012-05-07,masters_1000,True,clay,R64,64,3,Andreev I.,Ferrero J.C.,77,49,637,870,2,0,6,4,7,6,,,,,,,completed,1.61,2.2,1.77,2.18,1.8,2.35,1.69,2.12,2012_29_madrid_mutua_madrid_open,2012_29_madrid_mutua_madrid_open_2012-05-07_R64_andreev_i_ferrero_j_c
tennis_data_uk,atp,2012,29,Mutua Madrid Open,Madrid,2012-05-07,masters_1000,True,clay,R64,64,3,Garcia-Lopez G.,Baghdatis M.,94,41,576,1025,2,1,6,4,3,6,6,4,,,,,completed,1.8,1.9,1.84,2.08,1.91,2.08,1.83,1.92,2012_29_madrid_mutua_madrid_open,2012_29_madrid_mutua_madrid_open_2012-05-07_R64_garcia_lopez_g_baghdatis_m
tennis_data_uk,atp,2012,29,Mutua Madrid Open,Madrid,2012-05-08,masters_1000,True,clay,R64,64,3,Cilic M.,Montanes A.,22,64,1505,725,2,0,6,3,6,3,,,,,,,completed,1.36,3.0,1.41,3.17,1.41,3.3,1.36,3.05,2012_29_madrid_mutua_madrid_open,2012_29_madrid_mutua_madrid_open_2012-05-08_R64_cilic_m_montanes_a
tennis_data_uk,atp,2012,29,Mutua Madrid Open,Madrid,2012-05-08,masters_1000,True,clay,R64,64,3,Stepanek R.,Tomic B.,26,31,1340,1210,2,0,6,2,7,5,,,,,,,completed,1.9,1.8,2.01,1.9,2.08,2.0,1.92,1.82,2012_29_madrid_mutua_madrid_open,2012_29_madrid_mutua_madrid_open_2012-05-08_R64_stepanek_r_tomic_b
tennis_data_uk,atp,2012,29,Mutua Madrid Open,Madrid,2012-05-08,masters_1000,True,clay,R64,64,3,Delbonis F.,Ramos A.,131,39,422,1063,2,0,6,3,6,2,,,,,,,completed,2.75,1.4,3.1,1.43,3.25,1.48,2.93,1.38,2012_29_madrid_mutua_madrid_open,2012_29_madrid_mutua_madrid_open_2012-05-08_R64_delbonis_f_ramos_a
tennis_data_uk,atp,2012,29,Mutua Madrid Open,Madrid,2012-05-08,masters_1000,True,clay,R64,64,3,Simon G.,Fognini F.,12,47,2500,930,2,1,6,7,6,3,6,3,,,,,completed,1.14,5.5,1.18,5.72,1.2,6.0,1.14,5.33,2012_29_madrid_mutua_madrid_open,2012_29_madrid_mutua_madrid_open_2012-05-08_R64_simon_g_fognini_f
tennis_data_uk,atp,2012,29,Mutua Madrid Open,Madrid,2012-05-08,masters_1000,True,clay,R64,64,3,Dolgopolov O.,Andujar P.,20,37,1575,1160,2,0,7,6,6,4,,,,,,,completed,1.53,2.37,1.56,2.6,1.58,2.81,1.5,2.52,2012_29_madrid_mutua_madrid_open,2012_29_madrid_mutua_madrid_open_2012-05-08_R64_dolgopolov_o_andujar_p
tennis_data_uk,atp,2012,29,Mutua Madrid Open,Madrid,2012-05-08,masters_1000,True,clay,R64,64,3,Seppi A.,Llodra M.,32,57,1185,785,2,0,7,5,6,4,,,,,,,completed,1.5,2.5,1.66,2.37,1.66,2.72,1.54,2.41,2012_29_madrid_mutua_madrid_open,2012_29_madrid_mutua_madrid_open_2012-05-08_R64_seppi_a_llodra_m
tennis_data_uk,atp,2012,29,Mutua Madrid Open,Madrid,2012-05-08,masters_1000,True,clay,R64,64,3,Wawrinka S.,Rochus O.,21,66,1505,715,2,0,6,4,7,6,,,,,,,completed,1.11,6.5,1.1,8.6,1.15,8.6,1.1,6.75,2012_29_madrid_mutua_madrid_open,2012_29_madrid_mutua_madrid_open_2012-05-08_R64_wawrinka_s_rochus_o
tennis_data_uk,atp,2012,29,Mutua Madrid Open,Madrid,2012-05-08,masters_1000,True,clay,R64,64,3,Monfils G.,Kohlschreiber P.,14,25,2120,1405,2,1,7,5,6,7,6,3,,,,,completed,1.57,2.25,1.68,2.34,1.9,2.34,1.68,2.13,2012_29_madrid_mutua_madrid_open,2012_29_madrid_mutua_madrid_open_2012-05-08_R64_monfils_g_kohlschreiber_p
tennis_data_uk,atp,2012,29,Mutua Madrid Open,Madrid,2012-05-08,masters_1000,True,clay,R64,64,3,Verdasco F.,Istomin D.,19,45,1675,992,2,0,7,5,6,2,,,,,,,completed,1.11,6.5,1.13,7.55,1.17,7.55,1.13,5.73,2012_29_madrid_mutua_madrid_open,2012_29_madrid_mutua_madrid_open_2012-05-08_R64_verdasco_f_istomin_d
tennis_data_uk,atp,2012,29,Mutua Madrid Open,Madrid,2012-05-08,masters_1000,True,clay,R64,64,3,Granollers M.,Berlocq C.,29,38,1250,1076,2,1,7,5,3,6,7,5,,,,,completed,1.66,2.1,1.6,2.5,1.87,2.5,1.67,2.2,2012_29_madrid_mutua_madrid_open,2012_29_madrid_mutua_madrid_open_2012-05-08_R64_granollers_m_berlocq_c
tennis_data_uk,atp,2012,29,Mutua Madrid Open,Madrid,2012-05-08,masters_1000,True,clay,R64,64,3,Raonic M.,Nalbandian D.,23,43,1460,995,2,0,6,4,6,4,,,,,,,completed,1.53,2.37,1.64,2.42,1.67,2.6,1.56,2.36,2012_29_madrid_mutua_madrid_open,2012_29_madrid_mutua_madrid_open_2012-05-08_R64_raonic_m_nalbandian_d
tennis_data_uk,atp,2012,29,Mutua Madrid Open,Madrid,2012-05-08,masters_1000,True,clay,R64,64,3,Melzer J.,Lopez F.,33,16,1182,1840,2,1,3,6,7,6,6,4,,,,,completed,2.75,1.4,3.05,1.43,3.05,1.55,2.72,1.44,2012_29_madrid_mutua_madrid_open,2012_29_madrid_mutua_madrid_open_2012-05-08_R64_melzer_j_lopez_f
tennis_data_uk,atp,2012,29,Mutua Madrid Open,Madrid,2012-05-08,masters_1000,True,clay,R64,64,3,Del Potro J.M.,Mayer F.,11,24,2655,1435,2,0,6,4,6,2,,,,,,,completed,1.06,10.0,1.07,10.75,1.1,11.1,1.07,8.32,2012_29_madrid_mutua_madrid_open,2012_29_madrid_mutua_madrid_open_2012-05-08_R64_del_potro_j_m_mayer_f
tennis_data_uk,atp,2012,29,Mutua Madrid Open,Madrid,2012-05-08,masters_1000,True,clay,R64,64,3,Gasquet R.,Bellucci T.,18,69,1735,680,2,1,4,6,6,4,7,6,,,,,completed,1.53,2.37,1.59,2.52,1.67,2.8,1.6,2.29,2012_29_madrid_mutua_madrid_open,2012_29_madrid_mutua_madrid_open_2012-05-08_R64_gasquet_r_bellucci_t
tennis_data_uk,atp,2012,29,Mutua Madrid Open,Madrid,2012-05-08,masters_1000,True,clay,R32,32,3,Berdych T.,Anderson K.,7,35,3990,1170,2,0,6,4,6,3,,,,,,,completed,1.2,4.33,1.25,4.42,1.29,5.0,1.22,4.1,2012_29_madrid_mutua_madrid_open,2012_29_madrid_mutua_madrid_open_2012-05-08_R32_berdych_t_anderson_k
tennis_data_uk,atp,2012,29,Mutua Madrid Open,Madrid,2012-05-08,masters_1000,True,clay,R32,32,3,Djokovic N.,Gimeno-Traver D.,1,137,12020,399,2,1,6,2,2,6,6,3,,,,,completed,1.01,26.0,1.01,51.0,1.03,54.12,1.01,20.5,2012_29_madrid_mutua_madrid_open,2012_29_madrid_mutua_madrid_open_2012-05-08_R32_djokovic_n_gimeno_traver_d
tennis_data_uk,atp,2012,29,Mutua Madrid Open,Madrid,2012-05-09,masters_1000,True,clay,R32,32,3,Cilic M.,Isner J.,22,10,1505,2725,2,0,7,6,7,6,,,,,,,completed,2.2,1.61,2.3,1.69,2.5,1.83,2.17,1.66,2012_29_madrid_mutua_madrid_open,2012_29_madrid_mutua_madrid_open_2012-05-09_R32_cilic_m_isner_j
tennis_data_uk,atp,2012,29,Mutua Madrid Open,Madrid,2012-05-09,masters_1000,True,clay,R32,32,3,Ferrer D.,Stepanek R.,6,26,4280,1340,2,0,7,6,6,2,,,,,,,completed,1.08,8.0,1.09,8.91,1.1,9.0,1.08,7.55,2012_29_madrid_mutua_madrid_open,2012_29_madrid_mutua_madrid_open_2012-05-09_R32_ferrer_d_stepanek_r
tennis_data_uk,atp,2012,29,Mutua Madrid Open,Madrid,2012-05-09,masters_1000,True,clay,R32,32,3,Wawrinka S.,Melzer J.,21,33,1505,1182,2,0,6,1,6,4,,,,,,,completed,1.33,3.25,1.38,3.33,1.38,3.55,1.33,3.25,2012_29_madrid_mutua_madrid_open,2012_29_madrid_mutua_madrid_open_2012-05-09_R32_wawrinka_s_melzer_j
tennis_data_uk,atp,2012,29,Mutua Madrid Open,Madrid,2012-05-09,masters_1000,True,clay,R32,32,3,Monfils G.,Andreev I.,14,77,2120,637,1,0,6,3,1,0,,,,,,,retired,1.28,3.5,1.33,3.64,1.35,3.75,1.3,3.39,2012_29_madrid_mutua_madrid_open,2012_29_madrid_mutua_madrid_open_2012-05-09_R32_monfils_g_andreev_i
tennis_data_uk,atp,2012,29,Mutua Madrid Open,Madrid,2012-05-09,masters_1000,True,clay,R32,32,3,Dolgopolov O.,Seppi A.,20,32,1575,1185,2,1,6,7,7,6,6,3,,,,,completed,1.4,2.75,1.51,2.75,1.51,2.9,1.46,2.65,2012_29_madrid_mutua_madrid_open,2012_29_madrid_mutua_madrid_open_2012-05-09_R32_dolgopolov_o_seppi_a
tennis_data_uk,atp,2012,29,Mutua Madrid Open,Madrid,2012-05-09,masters_1000,True,clay,R32,32,3,Verdasco F.,Falla A.,19,56,1675,789,2,1,6,7,6,4,6,4,,,,,completed,1.14,5.5,1.16,6.27,1.22,7.5,1.15,5.15,2012_29_madrid_mutua_madrid_open,2012_29_madrid_mutua_madrid_open_2012-05-09_R32_verdasco_f_falla_a
tennis_data_uk,atp,2012,29,Mutua Madrid Open,Madrid,2012-05-09,masters_1000,True,clay,R32,32,3,Nadal R.,Davydenko N.,2,54,9615,825,2,0,6,2,6,2,,,,,,,completed,1.01,23.0,1.02,22.73,1.03,32.33,1.01,16.8,2012_29_madrid_mutua_madrid_open,2012_29_madrid_mutua_madrid_open_2012-05-09_R32_nadal_r_davydenko_n
tennis_data_uk,atp,2012,29,Mutua Madrid Open,Madrid,2012-05-09,masters_1000,True,clay,R32,32,3,Gasquet R.,Troicki V.,18,30,1735,1220,2,0,7,5,6,3,,,,,,,completed,1.3,3.4,1.42,3.11,1.42,3.46,1.34,3.16,2012_29_madrid_mutua_madrid_open,2012_29_madrid_mutua_madrid_open_2012-05-09_R32_gasquet_r_troicki_v
tennis_data_uk,atp,2012,29,Mutua Madrid Open,Madrid,2012-05-09,masters_1000,True,clay,R32,32,3,Tsonga J.W.,Harrison R.,5,61,4885,757,2,0,6,2,7,6,,,,,,,completed,1.14,5.5,1.2,5.2,1.2,5.5,1.16,5.06,2012_29_madrid_mutua_madrid_open,2012_29_madrid_mutua_madrid_open_2012-05-09_R32_tsonga_j_w_harrison_r
tennis_data_uk,atp,2012,29,Mutua Madrid Open,Madrid,2012-05-09,masters_1000,True,clay,R32,32,3,Almagro N.,Granollers M.,13,29,2255,1250,2,0,6,3,7,6,,,,,,,completed,1.16,5.0,1.22,4.9,1.22,8.5,1.17,4.9,2012_29_madrid_mutua_madrid_open,2012_29_madrid_mutua_madrid_open_2012-05-09_R32_almagro_n_granollers_m
tennis_data_uk,atp,2012,29,Mutua Madrid Open,Madrid,2012-05-09,masters_1000,True,clay,R32,32,3,Tipsarevic J.,Delbonis F.,8,131,2820,422,2,1,7,6,6,7,6,3,,,,,completed,1.36,3.0,1.43,3.05,1.45,3.25,1.39,2.93,2012_29_madrid_mutua_madrid_open,2012_29_madrid_mutua_madrid_open_2012-05-09_R32_tipsarevic_j_delbonis_f
tennis_data_uk,atp,2012,29,Mutua Madrid Open,Madrid,2012-05-09,masters_1000,True,clay,R32,32,3,Del Potro J.M.,Youzhny M.,11,34,2655,1175,2,0,6,4,7,6,,,,,,,completed,1.08,8.0,1.1,8.6,1.1,9.52,1.09,7.19,2012_29_madrid_mutua_madrid_open,2012_29_madrid_mutua_madrid_open_2012-05-09_R32_del_potro_j_m_youzhny_m
tennis_data_uk,atp,2012,29,Mutua Madrid Open,Madrid,2012-05-09,masters_1000,True,clay,R32,32,3,Federer R.,Raonic M.,3,23,8520,1460,2,1,4,6,7,5,7,6,,,,,completed,1.33,3.25,1.34,3.56,1.38,3.57,1.33,3.24,2012_29_madrid_mutua_madrid_open,2012_29_madrid_mutua_madrid_open_2012-05-09_R32_federer_r_raonic_m
tennis_data_uk,atp,2012,29,Mutua Madrid Open,Madrid,2012-05-09,masters_1000,True,clay,R32,32,3,Simon G.,Garcia-Lopez G.,12,94,2500,576,2,0,6,4,6,3,,,,,,,completed,1.25,3.75,1.33,3.64,1.33,4.05,1.27,3.69,2012_29_madrid_mutua_madrid_open,2012_29_madrid_mutua_madrid_open_2012-05-09_R32_simon_g_garcia_lopez_g
tennis_data_uk,atp,2012,29,Mutua Madrid Open,Madrid,2012-05-10,masters_1000,True,clay,R16,16,3,Berdych T.,Monfils G.,7,14,3990,2120,2,0,6,1,6,1,,,,,,,completed,1.28,3.5,1.34,3.66,1.36,3.9,1.32,3.33,2012_29_madrid_mutua_madrid_open,2012_29_madrid_mutua_madrid_open_2012-05-10_R16_berdych_t_monfils_g
tennis_data_uk,atp,2012,29,Mutua Madrid Open,Madrid,2012-05-10,masters_1000,True,clay,R16,16,3,Dolgopolov O.,Tsonga J.W.,20,5,1575,4885,2,1,7,5,3,6,7,6,,,,,completed,2.37,1.53,2.56,1.59,2.75,1.63,2.4,1.55,2012_29_madrid_mutua_madrid_open,2012_29_madrid_mutua_madrid_open_2012-05-10_R16_dolgopolov_o_tsonga_j_w
tennis_data_uk,atp,2012,29,Mutua Madrid Open,Madrid,2012-05-10,masters_1000,True,clay,R16,16,3,Verdasco F.,Nadal R.,19,2,1675,9615,2,1,6,3,3,6,7,5,,,,,completed,17.0,1.02,21.0,1.03,24.23,1.03,14.9,1.02,2012_29_madrid_mutua_madrid_open,2012_29_madrid_mutua_madrid_open_2012-05-10_R16_verdasco_f_nadal_r
tennis_data_uk,atp,2012,29,Mutua Madrid Open,Madrid,2012-05-10,masters_1000,True,clay,R16,16,3,Del Potro J.M.,Cilic M.,11,22,2655,1505,2,0,6,2,6,4,,,,,,,completed,1.18,4.5,1.21,5.17,1.25,5.17,1.21,4.31,2012_29_madrid_mutua_madrid_open,2012_29_madrid_mutua_madrid_open_2012-05-10_R16_del_potro_j_m_cilic_m
tennis_data_uk,atp,2012,29,Mutua Madrid Open,Madrid,2012-05-10,masters_1000,True,clay,R16,16,3,Ferrer D.,Almagro N.,6,13,4280,2255,2,1,7,6,3,6,7,6,,,,,completed,1.25,3.75,1.34,3.62,1.34,4.2,1.27,3.7,2012_29_madrid_mutua_madrid_open,2012_29_madrid_mutua_madrid_open_2012-05-10_R16_ferrer_d_almagro_n
tennis_data_uk,atp,2012,29,Mutua Madrid Open,Madrid,2012-05-10,masters_1000,True,clay,R16,16,3,Federer R.,Gasquet R.,3,18,8520,1735,2,0,6,3,6,2,,,,,,,completed,1.11,6.5,1.13,7.6,1.15,7.6,1.12,5.98,2012_29_madrid_mutua_madrid_open,2012_29_madrid_mutua_madrid_open_2012-05-10_R16_federer_r_gasquet_r
tennis_data_uk,atp,2012,29,Mutua Madrid Open,Madrid,2012-05-10,masters_1000,True,clay,R16,16,3,Djokovic N.,Wawrinka S.,1,21,12020,1505,2,0,7,6,6,4,,,,,,,completed,1.16,5.0,1.22,5.05,1.24,5.2,1.2,4.4,2012_29_madrid_mutua_madrid_open,2012_29_madrid_mutua_madrid_open_2012-05-10_R16_djokovic_n_wawrinka_s
tennis_data_uk,atp,2012,29,Mutua Madrid Open,Madrid,2012-05-10,masters_1000,True,clay,R16,16,3,Tipsarevic J.,Simon G.,8,12,2820,2500,2,1,7,6,5,7,6,1,,,,,completed,2.5,1.5,2.88,1.49,2.88,1.57,2.56,1.49,2012_29_madrid_mutua_madrid_open,2012_29_madrid_mutua_madrid_open_2012-05-10_R16_tipsarevic_j_simon_g
tennis_data_uk,atp,2012,29,Mutua Madrid Open,Madrid,2012-05-11,masters_1000,True,clay,QF,8,3,Del Potro J.M.,Dolgopolov O.,11,20,2655,1575,2,0,6,3,6,4,,,,,,,completed,1.14,5.5,1.14,7.05,1.18,7.05,1.15,5.36,2012_29_madrid_mutua_madrid_open,2012_29_madrid_mutua_madrid_open_2012-05-11_QF_del_potro_j_m_dolgopolov_o
tennis_data_uk,atp,2012,29,Mutua Madrid Open,Madrid,2012-05-11,masters_1000,True,clay,QF,8,3,Berdych T.,Verdasco F.,7,19,3990,1675,2,0,6,1,6,2,,,,,,,completed,1.3,3.4,1.35,3.58,1.38,3.75,1.34,3.22,2012_29_madrid_mutua_madrid_open,2012_29_madrid_mutua_madrid_open_2012-05-11_QF_berdych_t_verdasco_f
tennis_data_uk,atp,2012,29,Mutua Madrid Open,Madrid,2012-05-11,masters_1000,True,clay,QF,8,3,Tipsarevic J.,Djokovic N.,8,1,2820,12020,2,0,7,6,6,3,,,,,,,completed,7.0,1.1,7.1,1.14,7.5,1.14,6.45,1.1,2012_29_madrid_mutua_madrid_open,2012_29_madrid_mutua_madrid_open_2012-05-11_QF_tipsarevic_j_djokovic_n
tennis_data_uk,atp,2012,29,Mutua Madrid Open,Madrid,2012-05-11,masters_1000,True,clay,QF,8,3,Federer R.,Ferrer D.,3,6,8520,4280,2,0,6,4,6,4,,,,,,,completed,1.25,3.75,1.34,3.67,1.34,3.9,1.27,3.64,2012_29_madrid_mutua_madrid_open,2012_29_madrid_mutua_madrid_open_2012-05-11_QF_federer_r_ferrer_d
tennis_data_uk,atp,2012,29,Mutua Madrid Open,Madrid,2012-05-12,masters_1000,True,clay,SF,4,3,Berdych T.,Del Potro J.M.,7,11,3990,2655,2,0,7,6,7,6,,,,,,,completed,2.37,1.57,2.51,1.61,3.0,1.61,2.44,1.54,2012_29_madrid_mutua_madrid_open,2012_29_madrid_mutua_madrid_open_2012-05-12_SF_berdych_t_del_potro_j_m
tennis_data_uk,atp,2012,29,Mutua Madrid Open,Madrid,2012-05-12,masters_1000,True,clay,SF,4,3,Federer R.,Tipsarevic J.,3,8,8520,2820,2,0,6,2,6,3,,,,,,,completed,1.11,6.5,1.15,6.54,1.16,7.0,1.12,6.0,2012_29_madrid_mutua_madrid_open,2012_29_madrid_mutua_madrid_open_2012-05-12_SF_federer_r_tipsarevic_j
tennis_data_uk,atp,2012,29,Mutua Madrid Open,Madrid,2012-05-13,masters_1000,True,clay,F,2,3,Federer R.,Berdych T.,3,7,8520,3990,2,1,3,6,7,5,7,5,,,,,completed,1.3,3.5,1.36,3.55,1.44,3.8,1.31,3.4,2012_29_madrid_mutua_madrid_open,2012_29_madrid_mutua_madrid_open_2012-05-13_F_federer_r_berdych_t
tennis_data_uk,atp,2012,30,Internazionali BNL d'Italia,Rome,2012-05-13,masters_1000,True,clay,R64,64,3,Ferrero J.C.,Anderson K.,47,35,880,1205,2,0,6,4,7,5,,,,,,,completed,2.5,1.5,2.52,1.6,2.58,1.6,2.43,1.54,2012_30_rome_internazionali_bnl_d_italia,2012_30_rome_internazionali_bnl_d_italia_2012-05-13_R64_ferrero_j_c_anderson_k
tennis_data_uk,atp,2012,30,Internazionali BNL d'Italia,Rome,2012-05-13,masters_1000,True,clay,R64,64,3,Lorenzi P.,Davydenko N.,96,48,577,860,2,1,6,3,2,6,6,3,,,,,completed,2.37,1.53,2.47,1.61,2.55,1.64,2.39,1.55,2012_30_rome_internazionali_bnl_d_italia,2012_30_rome_internazionali_bnl_d_italia_2012-05-13_R64_lorenzi_p_davydenko_n
tennis_data_uk,atp,2012,30,Internazionali BNL d'Italia,Rome,2012-05-13,masters_1000,True,clay,R64,64,3,Troicki V.,Volandri F.,29,76,1220,647,2,1,4,6,6,4,6,3,,,,,completed,2.1,1.66,2.18,1.77,2.3,1.77,2.14,1.68,2012_30_rome_internazionali_bnl_d_italia,2012_30_rome_internazionali_bnl_d_italia_2012-05-13_R64_troicki_v_volandri_f
tennis_data_uk,atp,2012,30,Internazionali BNL d'Italia,Rome,2012-05-13,masters_1000,True,clay,R64,64,3,Youzhny M.,Bellucci T.,34,67,1210,680,2,1,6,2,3,6,6,3,,,,,completed,1.72,2.0,1.84,2.09,1.86,2.1,1.77,2.0,2012_30_rome_internazionali_bnl_d_italia,2012_30_rome_internazionali_bnl_d_italia_2012-05-13_R64_youzhny_m_bellucci_t
tennis_data_uk,atp,2012,30,Internazionali BNL d'Italia,Rome,2012-05-13,masters_1000,True,clay,R64,64,3,Seppi A.,Istomin D.,30,43,1220,982,2,1,6,4,3,6,6,3,,,,,completed,1.18,4.5,1.21,5.08,1.23,5.08,1.2,4.37,2012_30_rome_internazionali_bnl_d_italia,2012_30_rome_internazionali_bnl_d_italia_2012-05-13_R64_seppi_a_istomin_d
tennis_data_uk,atp,2012,30,Internazionali BNL d'Italia,Rome,2012-05-13,masters_1000,True,clay,R64,64,3,Mayer F.,Raonic M.,28,21,1265,1495,2,0,7,6,6,4,,,,,,,completed,4.5,1.18,5.61,1.18,5.61,1.24,4.39,1.21,2012_30_rome_internazionali_bnl_d_italia,2012_30_rome_internazionali_bnl_d_italia_2012-05-13_R64_mayer_f_raonic_m
tennis_data_uk,atp,2012,30,Internazionali BNL d'Italia,Rome,2012-05-14,masters_1000,True,clay,R64,64,3,Monfils G.,Bogomolov A.,14,44,2210,961,2,0,6,4,6,1,,,,,,,completed,1.05,11.0,1.04,15.0,1.1,15.0,1.06,9.02,2012_30_rome_internazionali_bnl_d_italia,2012_30_rome_internazionali_bnl_d_italia_2012-05-14_R64_monfils_g_bogomolov_a
tennis_data_uk,atp,2012,30,Internazionali BNL d'Italia,Rome,2012-05-14,masters_1000,True,clay,R64,64,3,Verdasco F.,Dolgopolov O.,16,18,1810,1745,1,0,6,0,,,,,,,,,retired,1.66,2.1,1.66,2.37,1.83,2.4,1.7,2.1,2012_30_rome_internazionali_bnl_d_italia,2012_30_rome_internazionali_bnl_d_italia_2012-05-14_R64_verdasco_f_dolgopolov_o
tennis_data_uk,atp,2012,30,Internazionali BNL d'Italia,Rome,2012-05-14,masters_1000,True,clay,R64,64,3,Tomic B.,Giraldo S.,32,51,1215,853,2,1,4,6,6,2,6,4,,,,,completed,2.62,1.44,2.66,1.54,2.75,1.59,2.52,1.5,2012_30_rome_internazionali_bnl_d_italia,2012_30_rome_internazionali_bnl_d_italia_2012-05-14_R64_tomic_b_giraldo_s
tennis_data_uk,atp,2012,30,Internazionali BNL d'Italia,Rome,2012-05-14,masters_1000,True,clay,R64,64,3,Wawrinka S.,Haase R.,20,40,1505,1026,2,1,6,1,4,6,7,5,,,,,completed,1.16,5.0,1.21,5.0,1.25,5.21,1.2,4.46,2012_30_rome_internazionali_bnl_d_italia,2012_30_rome_internazionali_bnl_d_italia_2012-05-14_R64_wawrinka_s_haase_r
tennis_data_uk,atp,2012,30,Internazionali BNL d'Italia,Rome,2012-05-14,masters_1000,True,clay,R64,64,3,Fognini F.,Baghdatis M.,45,41,940,1025,2,0,6,2,6,2,,,,,,,completed,1.53,2.37,1.62,2.46,1.64,2.48,1.59,2.3,2012_30_rome_internazionali_bnl_d_italia,2012_30_rome_internazionali_bnl_d_italia_2012-05-14_R64_fognini_f_baghdatis_m
tennis_data_uk,atp,2012,30,Internazionali BNL d'Italia,Rome,2012-05-14,masters_1000,True,clay,R64,64,3,Nalbandian D.,Ramos A.,42,39,1005,1040,2,0,6,3,6,4,,,,,,,completed,1.53,2.37,1.63,2.44,1.68,2.55,1.59,2.3,2012_30_rome_internazionali_bnl_d_italia,2012_30_rome_internazionali_bnl_d_italia_2012-05-14_R64_nalbandian_d_ramos_a
tennis_data_uk,atp,2012,30,Internazionali BNL d'Italia,Rome,2012-05-14,masters_1000,True,clay,R64,64,3,Berlocq C.,Kavcic B.,38,102,1060,522,2,0,6,1,6,3,,,,,,,completed,1.33,3.25,1.4,3.22,1.43,3.31,1.39,2.93,2012_30_rome_internazionali_bnl_d_italia,2012_30_rome_internazionali_bnl_d_italia_2012-05-14_R64_berlocq_c_kavcic_b
tennis_data_uk,atp,2012,30,Internazionali BNL d'Italia,Rome,2012-05-14,masters_1000,True,clay,R64,64,3,Stepanek R.,Chela J.I.,25,37,1340,1085,2,1,2,6,6,0,6,3,,,,,completed,1.4,2.75,1.56,2.62,1.57,2.85,1.46,2.68,2012_30_rome_internazionali_bnl_d_italia,2012_30_rome_internazionali_bnl_d_italia_2012-05-14_R64_stepanek_r_chela_j_i
tennis_data_uk,atp,2012,30,Internazionali BNL d'Italia,Rome,2012-05-14,masters_1000,True,clay,R64,64,3,Almagro N.,Cilic M.,13,23,2255,1415,2,1,6,2,3,6,6,0,,,,,completed,1.5,2.5,1.6,2.5,1.64,3.25,1.55,2.42,2012_30_rome_internazionali_bnl_d_italia,2012_30_rome_internazionali_bnl_d_italia_2012-05-14_R64_almagro_n_cilic_m
tennis_data_uk,atp,2012,30,Internazionali BNL d'Italia,Rome,2012-05-14,masters_1000,True,clay,R64,64,3,Isner J.,Kohlschreiber P.,10,24,2725,1370,2,1,2,6,7,6,6,2,,,,,completed,1.5,2.5,1.58,2.54,1.63,2.75,1.56,2.37,2012_30_rome_internazionali_bnl_d_italia,2012_30_rome_internazionali_bnl_d_italia_2012-05-14_R64_isner_j_kohlschreiber_p
tennis_data_uk,atp,2012,30,Internazionali BNL d'Italia,Rome,2012-05-15,masters_1000,True,clay,R64,64,3,Gasquet R.,Melzer J.,22,31,1465,1217,2,0,6,1,7,6,,,,,,,completed,1.28,3.5,1.34,3.59,1.42,3.59,1.34,3.19,2012_30_rome_internazionali_bnl_d_italia,2012_30_rome_internazionali_bnl_d_italia_2012-05-15_R64_gasquet_r_melzer_j
tennis_data_uk,atp,2012,30,Internazionali BNL d'Italia,Rome,2012-05-15,masters_1000,True,clay,R64,64,3,Garcia-Lopez G.,Andujar P.,85,36,611,1150,2,0,6,4,6,1,,,,,,,completed,1.9,1.8,1.93,1.98,2.0,1.98,1.91,1.84,2012_30_rome_internazionali_bnl_d_italia,2012_30_rome_internazionali_bnl_d_italia_2012-05-15_R64_garcia_lopez_g_andujar_p
tennis_data_uk,atp,2012,30,Internazionali BNL d'Italia,Rome,2012-05-15,masters_1000,True,clay,R64,64,3,Querrey S.,Nieminen J.,89,46,600,932,2,1,7,6,5,7,6,4,,,,,completed,1.8,1.9,1.98,1.93,2.0,2.08,1.86,1.89,2012_30_rome_internazionali_bnl_d_italia,2012_30_rome_internazionali_bnl_d_italia_2012-05-15_R64_querrey_s_nieminen_j
tennis_data_uk,atp,2012,30,Internazionali BNL d'Italia,Rome,2012-05-15,masters_1000,True,clay,R64,64,3,Granollers M.,Lopez F.,26,17,1295,1760,2,0,6,4,6,4,,,,,,,completed,2.75,1.4,2.84,1.49,2.9,1.51,2.66,1.45,2012_30_rome_internazionali_bnl_d_italia,2012_30_rome_internazionali_bnl_d_italia_2012-05-15_R64_granollers_m_lopez_f
tennis_data_uk,atp,2012,30,Internazionali BNL d'Italia,Rome,2012-05-15,masters_1000,True,clay,R64,64,3,Del Potro J.M.,Llodra M.,9,58,2970,785,2,1,7,5,3,6,6,4,,,,,completed,1.02,17.0,1.03,18.0,1.05,22.5,1.03,12.63,2012_30_rome_internazionali_bnl_d_italia,2012_30_rome_internazionali_bnl_d_italia_2012-05-15_R64_del_potro_j_m_llodra_m
tennis_data_uk,atp,2012,30,Internazionali BNL d'Italia,Rome,2012-05-15,masters_1000,True,clay,R64,64,3,Kubot L.,Starace P.,54,95,841,578,2,1,6,3,5,7,6,2,,,,,completed,2.25,1.57,2.34,1.68,2.43,1.83,2.2,1.65,2012_30_rome_internazionali_bnl_d_italia,2012_30_rome_internazionali_bnl_d_italia_2012-05-15_R64_kubot_l_starace_p
tennis_data_uk,atp,2012,30,Internazionali BNL d'Italia,Rome,2012-05-15,masters_1000,True,clay,R64,64,3,Monaco J.,Ungur A.,15,99,1925,568,2,0,6,2,6,2,,,,,,,completed,1.12,6.0,1.21,5.12,1.21,6.5,1.14,5.48,2012_30_rome_internazionali_bnl_d_italia,2012_30_rome_internazionali_bnl_d_italia_2012-05-15_R64_monaco_j_ungur_a
tennis_data_uk,atp,2012,30,Internazionali BNL d'Italia,Rome,2012-05-15,masters_1000,True,clay,R64,64,3,Simon G.,Young D.,12,49,2545,856,2,0,6,2,7,5,,,,,,,completed,1.04,13.0,1.06,12.5,1.06,16.05,1.04,11.01,2012_30_rome_internazionali_bnl_d_italia,2012_30_rome_internazionali_bnl_d_italia_2012-05-15_R64_simon_g_young_d
tennis_data_uk,atp,2012,30,Internazionali BNL d'Italia,Rome,2012-05-15,masters_1000,True,clay,R32,32,3,Ferrer D.,Verdasco F.,6,16,4460,1810,2,0,6,3,7,6,,,,,,,completed,1.18,4.5,1.25,4.5,1.4,4.77,1.22,4.13,2012_30_rome_internazionali_bnl_d_italia,2012_30_rome_internazionali_bnl_d_italia_2012-05-15_R32_ferrer_d_verdasco_f
tennis_data_uk,atp,2012,30,Internazionali BNL d'Italia,Rome,2012-05-15,masters_1000,True,clay,R32,32,3,Ferrero J.C.,Monfils G.,47,14,880,2210,2,0,7,5,6,3,,,,,,,completed,2.37,1.53,2.5,1.6,2.8,1.7,2.44,1.54,2012_30_rome_internazionali_bnl_d_italia,2012_30_rome_internazionali_bnl_d_italia_2012-05-15_R32_ferrero_j_c_monfils_g
tennis_data_uk,atp,2012,30,Internazionali BNL d'Italia,Rome,2012-05-15,masters_1000,True,clay,R32,32,3,Murray A.,Nalbandian D.,4,42,7500,1005,2,1,6,1,4,6,7,5,,,,,completed,1.25,3.75,1.28,4.1,1.3,4.4,1.27,3.7,2012_30_rome_internazionali_bnl_d_italia,2012_30_rome_internazionali_bnl_d_italia_2012-05-15_R32_murray_a_nalbandian_d
tennis_data_uk,atp,2012,30,Internazionali BNL d'Italia,Rome,2012-05-15,masters_1000,True,clay,R32,32,3,Tsonga J.W.,Troicki V.,5,29,4930,1220,2,0,6,3,6,2,,,,,,,completed,1.22,4.0,1.27,4.2,1.36,4.33,1.25,3.8,2012_30_rome_internazionali_bnl_d_italia,2012_30_rome_internazionali_bnl_d_italia_2012-05-15_R32_tsonga_j_w_troicki_v
tennis_data_uk,atp,2012,30,Internazionali BNL d'Italia,Rome,2012-05-15,masters_1000,True,clay,R32,32,3,Djokovic N.,Tomic B.,1,32,11200,1215,2,0,6,3,6,3,,,,,,,completed,1.03,15.0,1.01,27.22,1.07,27.22,1.03,11.77,2012_30_rome_internazionali_bnl_d_italia,2012_30_rome_internazionali_bnl_d_italia_2012-05-15_R32_djokovic_n_tomic_b
tennis_data_uk,atp,2012,30,Internazionali BNL d'Italia,Rome,2012-05-16,masters_1000,True,clay,R32,32,3,Granollers M.,Fognini F.,26,45,1295,940,2,0,6,3,6,4,,,,,,,completed,2.37,1.53,2.36,1.67,2.4,1.77,2.23,1.63,2012_30_rome_internazionali_bnl_d_italia,2012_30_rome_internazionali_bnl_d_italia_2012-05-16_R32_granollers_m_fognini_f
tennis_data_uk,atp,2012,30,Internazionali BNL d'Italia,Rome,2012-05-16,masters_1000,True,clay,R32,32,3,Monaco J.,Stepanek R.,15,25,1925,1340,2,0,6,4,6,2,,,,,,,completed,1.4,2.75,1.41,3.15,1.48,3.16,1.42,2.79,2012_30_rome_internazionali_bnl_d_italia,2012_30_rome_internazionali_bnl_d_italia_2012-05-16_R32_monaco_j_stepanek_r
tennis_data_uk,atp,2012,30,Internazionali BNL d'Italia,Rome,2012-05-16,masters_1000,True,clay,R32,32,3,Del Potro J.M.,Youzhny M.,9,34,2970,1210,2,0,6,4,6,2,,,,,,,completed,1.18,4.5,1.24,4.58,1.26,4.77,1.23,4.01,2012_30_rome_internazionali_bnl_d_italia,2012_30_rome_internazionali_bnl_d_italia_2012-05-16_R32_del_potro_j_m_youzhny_m
tennis_data_uk,atp,2012,30,Internazionali BNL d'Italia,Rome,2012-05-16,masters_1000,True,clay,R32,32,3,Federer R.,Berlocq C.,2,38,9430,1060,2,0,6,3,6,4,,,,,,,completed,1.02,17.0,1.03,18.0,1.05,19.91,1.02,13.28,2012_30_rome_internazionali_bnl_d_italia,2012_30_rome_internazionali_bnl_d_italia_2012-05-16_R32_federer_r_berlocq_c
tennis_data_uk,atp,2012,30,Internazionali BNL d'Italia,Rome,2012-05-16,masters_1000,True,clay,R32,32,3,Simon G.,Garcia-Lopez G.,12,85,2545,611,2,1,6,4,2,6,6,4,,,,,completed,1.28,3.5,1.37,3.35,1.37,3.8,1.3,3.39,2012_30_rome_internazionali_bnl_d_italia,2012_30_rome_internazionali_bnl_d_italia_2012-05-16_R32_simon_g_garcia_lopez_g
tennis_data_uk,atp,2012,30,Internazionali BNL d'Italia,Rome,2012-05-16,masters_1000,True,clay,R32,32,3,Almagro N.,Querrey S.,13,89,2255,600,2,0,7,5,6,2,,,,,,,completed,1.14,5.5,1.17,5.99,1.18,6.4,1.16,5.11,2012_30_rome_internazionali_bnl_d_italia,2012_30_rome_internazionali_bnl_d_italia_2012-05-16_R32_almagro_n_querrey_s
tennis_data_uk,atp,2012,30,Internazionali BNL d'Italia,Rome,2012-05-16,masters_1000,True,clay,R32,32,3,Berdych T.,Kubot L.,7,54,4410,841,2,0,6,4,6,1,,,,,,,completed,1.07,9.0,1.08,9.65,1.09,11.0,1.07,8.26,2012_30_rome_internazionali_bnl_d_italia,2012_30_rome_internazionali_bnl_d_italia_2012-05-16_R32_berdych_t_kubot_l
tennis_data_uk,atp,2012,30,Internazionali BNL d'Italia,Rome,2012-05-16,masters_1000,True,clay,R32,32,3,Gasquet R.,Lorenzi P.,22,96,1465,577,2,0,6,3,6,2,,,,,,,completed,1.1,7.0,1.14,6.9,1.14,9.0,1.11,6.21,2012_30_rome_internazionali_bnl_d_italia,2012_30_rome_internazionali_bnl_d_italia_2012-05-16_R32_gasquet_r_lorenzi_p
tennis_data_uk,atp,2012,30,Internazionali BNL d'Italia,Rome,2012-05-16,masters_1000,True,clay,R32,32,3,Seppi A.,Isner J.,30,10,1220,2725,2,1,2,6,7,6,7,5,,,,,completed,2.25,1.57,2.43,1.63,3.0,1.67,2.33,1.58,2012_30_rome_internazionali_bnl_d_italia,2012_30_rome_internazionali_bnl_d_italia_2012-05-16_R32_seppi_a_isner_j
tennis_data_uk,atp,2012,30,Internazionali BNL d'Italia,Rome,2012-05-16,masters_1000,True,clay,R32,32,3,Nadal R.,Mayer F.,3,28,9105,1265,2,0,6,1,7,5,,,,,,,completed,1.01,21.0,1.01,36.0,1.03,36.0,1.01,16.88,2012_30_rome_internazionali_bnl_d_italia,2012_30_rome_internazionali_bnl_d_italia_2012-05-16_R32_nadal_r_mayer_f
tennis_data_uk,atp,2012,30,Internazionali BNL d'Italia,Rome,2012-05-16,masters_1000,True,clay,R32,32,3,Wawrinka S.,Tipsarevic J.,20,8,1505,3090,2,0,6,3,6,1,,,,,,,completed,1.61,2.2,1.69,2.3,1.91,2.3,1.66,2.16,2012_30_rome_internazionali_bnl_d_italia,2012_30_rome_internazionali_bnl_d_italia_2012-05-16_R32_wawrinka_s_tipsarevic_j
tennis_data_uk,atp,2012,30,Internazionali BNL d'Italia,Rome,2012-05-17,masters_1000,True,clay,R16,16,3,Berdych T.,Almagro N.,7,13,4410,2255,2,0,7,6,6,3,,,,,,,completed,1.4,2.75,1.55,2.66,1.57,2.8,1.47,2.62,2012_30_rome_internazionali_bnl_d_italia,2012_30_rome_internazionali_bnl_d_italia_2012-05-17_R16_berdych_t_almagro_n
tennis_data_uk,atp,2012,30,Internazionali BNL d'Italia,Rome,2012-05-17,masters_1000,True,clay,R16,16,3,Djokovic N.,Monaco J.,1,15,11200,1925,2,1,4,6,6,2,6,3,,,,,completed,1.08,8.0,1.07,11.5,1.1,11.5,1.07,7.95,2012_30_rome_internazionali_bnl_d_italia,2012_30_rome_internazionali_bnl_d_italia_2012-05-17_R16_djokovic_n_monaco_j
tennis_data_uk,atp,2012,30,Internazionali BNL d'Italia,Rome,2012-05-17,masters_1000,True,clay,R16,16,3,Ferrer D.,Simon G.,6,12,4460,2545,2,0,6,0,7,6,,,,,,,completed,1.14,5.5,1.18,5.73,1.18,6.5,1.16,5.14,2012_30_rome_internazionali_bnl_d_italia,2012_30_rome_internazionali_bnl_d_italia_2012-05-17_R16_ferrer_d_simon_g
tennis_data_uk,atp,2012,30,Internazionali BNL d'Italia,Rome,2012-05-17,masters_1000,True,clay,R16,16,3,Gasquet R.,Murray A.,22,4,1465,7500,2,1,6,7,6,3,6,2,,,,,completed,3.0,1.36,3.19,1.42,4.0,1.42,3.14,1.35,2012_30_rome_internazionali_bnl_d_italia,2012_30_rome_internazionali_bnl_d_italia_2012-05-17_R16_gasquet_r_murray_a
tennis_data_uk,atp,2012,30,Internazionali BNL d'Italia,Rome,2012-05-17,masters_1000,True,clay,R16,16,3,Seppi A.,Wawrinka S.,30,20,1220,1505,2,1,6,7,7,6,7,6,,,,,completed,3.5,1.28,3.67,1.34,3.75,1.35,3.41,1.3,2012_30_rome_internazionali_bnl_d_italia,2012_30_rome_internazionali_bnl_d_italia_2012-05-17_R16_seppi_a_wawrinka_s
tennis_data_uk,atp,2012,30,Internazionali BNL d'Italia,Rome,2012-05-17,masters_1000,True,clay,R16,16,3,Nadal R.,Granollers M.,3,26,9105,1295,2,0,6,1,6,1,,,,,,,completed,1.01,26.0,1.01,31.0,1.02,36.87,1.01,18.34,2012_30_rome_internazionali_bnl_d_italia,2012_30_rome_internazionali_bnl_d_italia_2012-05-17_R16_nadal_r_granollers_m
tennis_data_uk,atp,2012,30,Internazionali BNL d'Italia,Rome,2012-05-17,masters_1000,True,clay,R16,16,3,Tsonga J.W.,Del Potro J.M.,5,9,4930,2970,2,0,6,4,6,1,,,,,,,completed,4.0,1.22,3.88,1.31,4.0,1.33,3.65,1.28,2012_30_rome_internazionali_bnl_d_italia,2012_30_rome_internazionali_bnl_d_italia_2012-05-17_R16_tsonga_j_w_del_potro_j_m
tennis_data_uk,atp,2012,30,Internazionali BNL d'Italia,Rome,2012-05-17,masters_1000,True,clay,R16,16,3,Federer R.,Ferrero J.C.,2,47,9430,880,2,1,6,2,5,7,6,1,,,,,completed,1.04,13.0,1.05,14.8,1.06,16.0,1.05,10.36,2012_30_rome_internazionali_bnl_d_italia,2012_30_rome_internazionali_bnl_d_italia_2012-05-17_R16_federer_r_ferrero_j_c
tennis_data_uk,atp,2012,30,Internazionali BNL d'Italia,Rome,2012-05-18,masters_1000,True,clay,QF,8,3,Ferrer D.,Gasquet R.,6,22,4460,1465,2,0,7,6,6,3,,,,,,,completed,1.14,5.5,1.19,5.69,1.2,6.1,1.16,5.06,2012_30_rome_internazionali_bnl_d_italia,2012_30_rome_internazionali_bnl_d_italia_2012-05-18_QF_ferrer_d_gasquet_r
tennis_data_uk,atp,2012,30,Internazionali BNL d'Italia,Rome,2012-05-18,masters_1000,True,clay,QF,8,3,Nadal R.,Berdych T.,3,7,9105,4410,2,0,6,4,7,5,,,,,,,completed,1.1,7.0,1.14,6.92,1.14,7.5,1.11,6.42,2012_30_rome_internazionali_bnl_d_italia,2012_30_rome_internazionali_bnl_d_italia_2012-05-18_QF_nadal_r_berdych_t
tennis_data_uk,atp,2012,30,Internazionali BNL d'Italia,Rome,2012-05-18,masters_1000,True,clay,QF,8,3,Djokovic N.,Tsonga J.W.,1,5,11200,4930,2,0,7,5,6,1,,,,,,,completed,1.16,5.0,1.22,5.01,1.22,5.5,1.18,4.77,2012_30_rome_internazionali_bnl_d_italia,2012_30_rome_internazionali_bnl_d_italia_2012-05-18_QF_djokovic_n_tsonga_j_w
tennis_data_uk,atp,2012,30,Internazionali BNL d'Italia,Rome,2012-05-18,masters_1000,True,clay,QF,8,3,Federer R.,Seppi A.,2,30,9430,1220,2,0,6,1,6,2,,,,,,,completed,1.04,13.0,1.04,17.0,1.07,19.0,1.04,10.88,2012_30_rome_internazionali_bnl_d_italia,2012_30_rome_internazionali_bnl_d_italia_2012-05-18_QF_federer_r_seppi_a
tennis_data_uk,atp,2012,30,Internazionali BNL d'Italia,Rome,2012-05-19,masters_1000,True,clay,SF,4,3,Nadal R.,Ferrer D.,3,6,9105,4460,2,0,7,6,6,0,,,,,,,completed,1.1,7.0,1.14,7.06,1.14,7.66,1.1,6.59,2012_30_rome_internazionali_bnl_d_italia,2012_30_rome_internazionali_bnl_d_italia_2012-05-19_SF_nadal_r_ferrer_d
tennis_data_uk,atp,2012,30,Internazionali BNL d'Italia,Rome,2012-05-19,masters_1000,True,clay,SF,4,3,Djokovic N.,Federer R.,1,2,11200,9430,2,0,6,2,7,6,,,,,,,completed,1.85,1.95,1.88,2.04,1.92,2.05,1.81,1.96,2012_30_rome_internazionali_bnl_d_italia,2012_30_rome_internazionali_bnl_d_italia_2012-05-19_SF_djokovic_n_federer_r
tennis_data_uk,atp,2012,30,Internazionali BNL d'Italia,Rome,2012-05-21,masters_1000,True,clay,F,2,3,Nadal R.,Djokovic N.,3,1,9105,11200,2,0,7,5,6,3,,,,,,,completed,1.61,2.25,1.63,2.47,1.7,2.5,1.63,2.26,2012_30_rome_internazionali_bnl_d_italia,2012_30_rome_internazionali_bnl_d_italia_2012-05-21_F_nadal_r_djokovic_n
tennis_data_uk,atp,2012,31,Open de Nice Côte d’Azur,Nice,2012-05-22,atp_250,True,clay,R32,32,3,Malisse X.,Lu Y.H.,74,62,680,760,2,0,7,5,6,4,,,,,,,completed,1.2,4.33,1.25,4.36,1.27,4.5,1.22,4.14,2012_31_nice_open_de_nice_c_te_d_azur,2012_31_nice_open_de_nice_c_te_d_azur_2012-05-22_R32_malisse_x_lu_y_h
tennis_data_uk,atp,2012,31,Open de Nice Côte d’Azur,Nice,2012-05-22,atp_250,True,clay,R32,32,3,Istomin D.,Falla A.,61,59,767,776,2,1,7,6,1,6,6,1,,,,,completed,2.25,1.57,2.36,1.65,2.38,1.67,2.21,1.63,2012_31_nice_open_de_nice_c_te_d_azur,2012_31_nice_open_de_nice_c_te_d_azur_2012-05-22_R32_istomin_d_falla_a
tennis_data_uk,atp,2012,31,Open de Nice Côte d’Azur,Nice,2012-05-22,atp_250,True,clay,R32,32,3,Davydenko N.,Ebden M.,49,88,875,614,2,0,6,3,6,3,,,,,,,completed,1.14,5.5,1.18,5.47,1.2,5.5,1.17,4.79,2012_31_nice_open_de_nice_c_te_d_azur,2012_31_nice_open_de_nice_c_te_d_azur_2012-05-22_R32_davydenko_n_ebden_m
tennis_data_uk,atp,2012,31,Open de Nice Côte d’Azur,Nice,2012-05-22,atp_250,True,clay,R32,32,3,Dimitrov G.,Sela D.,82,73,641,685,2,0,7,5,6,1,,,,,,,completed,1.25,3.75,1.27,4.12,1.3,4.12,1.27,3.6,2012_31_nice_open_de_nice_c_te_d_azur,2012_31_nice_open_de_nice_c_te_d_azur_2012-05-22_R32_dimitrov_g_sela_d
tennis_data_uk,atp,2012,31,Open de Nice Côte d’Azur,Nice,2012-05-22,atp_250,True,clay,R32,32,3,Tomic B.,Lacko L.,36,67,1061,706,2,0,6,2,6,3,,,,,,,completed,1.22,4.0,1.26,4.25,1.3,4.33,1.24,3.9,2012_31_nice_open_de_nice_c_te_d_azur,2012_31_nice_open_de_nice_c_te_d_azur_2012-05-22_R32_tomic_b_lacko_l
tennis_data_uk,atp,2012,31,Open de Nice Côte d’Azur,Nice,2012-05-22,atp_250,True,clay,R32,32,3,Roger-Vasselin E.,Paire B.,92,98,601,551,2,0,6,4,7,6,,,,,,,completed,2.2,1.61,2.25,1.71,2.26,1.8,2.13,1.68,2012_31_nice_open_de_nice_c_te_d_azur,2012_31_nice_open_de_nice_c_te_d_azur_2012-05-22_R32_roger_vasselin_e_paire_b
tennis_data_uk,atp,2012,31,Open de Nice Côte d’Azur,Nice,2012-05-22,atp_250,True,clay,R32,32,3,Kukushkin M.,Querrey S.,60,85,768,624,2,0,6,2,7,5,,,,,,,completed,2.62,1.44,2.74,1.51,2.8,1.55,2.63,1.47,2012_31_nice_open_de_nice_c_te_d_azur,2012_31_nice_open_de_nice_c_te_d_azur_2012-05-22_R32_kukushkin_m_querrey_s
tennis_data_uk,atp,2012,31,Open de Nice Côte d’Azur,Nice,2012-05-22,atp_250,True,clay,R32,32,3,Volandri F.,Rochus O.,69,50,693,867,2,1,4,6,7,6,6,2,,,,,completed,1.72,2.0,2.51,1.58,2.4,2.15,2.09,1.72,2012_31_nice_open_de_nice_c_te_d_azur,2012_31_nice_open_de_nice_c_te_d_azur_2012-05-22_R32_volandri_f_rochus_o
tennis_data_uk,atp,2012,31,Open de Nice Côte d’Azur,Nice,2012-05-22,atp_250,True,clay,R32,32,3,Baker B.,Stakhovsky S.,387,66,98,710,2,1,6,7,6,4,7,5,,,,,completed,1.66,2.1,1.75,2.18,1.79,2.35,1.71,2.1,2012_31_nice_open_de_nice_c_te_d_azur,2012_31_nice_open_de_nice_c_te_d_azur_2012-05-22_R32_baker_b_stakhovsky_s
tennis_data_uk,atp,2012,31,Open de Nice Côte d’Azur,Nice,2012-05-22,atp_250,True,clay,R32,32,3,Darcis S.,Fognini F.,72,53,687,845,2,0,7,6,7,5,,,,,,,completed,2.62,1.44,2.58,1.56,2.75,1.57,2.55,1.49,2012_31_nice_open_de_nice_c_te_d_azur,2012_31_nice_open_de_nice_c_te_d_azur_2012-05-22_R32_darcis_s_fognini_f
tennis_data_uk,atp,2012,31,Open de Nice Côte d’Azur,Nice,2012-05-22,atp_250,True,clay,R32,32,3,Bellucci T.,Young D.,38,40,1020,1000,2,1,6,7,6,0,6,3,,,,,completed,1.08,8.0,1.12,7.38,1.13,8.6,1.1,6.79,2012_31_nice_open_de_nice_c_te_d_azur,2012_31_nice_open_de_nice_c_te_d_azur_2012-05-22_R32_bellucci_t_young_d
tennis_data_uk,atp,2012,31,Open de Nice Côte d’Azur,Nice,2012-05-22,atp_250,True,clay,R32,32,3,Ferrero J.C.,Haase R.,43,54,960,826,2,1,4,6,7,6,7,6,,,,,completed,1.53,2.37,1.67,2.32,1.67,2.5,1.59,2.3,2012_31_nice_open_de_nice_c_te_d_azur,2012_31_nice_open_de_nice_c_te_d_azur_2012-05-22_R32_ferrero_j_c_haase_r
tennis_data_uk,atp,2012,31,Open de Nice Côte d’Azur,Nice,2012-05-23,atp_250,True,clay,R16,16,3,Darcis S.,Volandri F.,72,69,687,693,2,1,3,6,6,2,6,4,,,,,completed,1.66,2.1,1.64,2.41,1.71,2.48,1.64,2.2,2012_31_nice_open_de_nice_c_te_d_azur,2012_31_nice_open_de_nice_c_te_d_azur_2012-05-23_R16_darcis_s_volandri_f
tennis_data_uk,atp,2012,31,Open de Nice Côte d’Azur,Nice,2012-05-23,atp_250,True,clay,R16,16,3,Davydenko N.,Istomin D.,49,61,875,767,2,1,6,4,1,6,6,3,,,,,completed,1.53,2.37,1.63,2.43,1.65,2.5,1.58,2.32,2012_31_nice_open_de_nice_c_te_d_azur,2012_31_nice_open_de_nice_c_te_d_azur_2012-05-23_R16_davydenko_n_istomin_d
tennis_data_uk,atp,2012,31,Open de Nice Côte d’Azur,Nice,2012-05-23,atp_250,True,clay,R16,16,3,Isner J.,Malisse X.,14,74,1940,680,2,0,7,6,7,6,,,,,,,completed,1.25,3.75,1.3,3.9,1.31,4.05,1.27,3.63,2012_31_nice_open_de_nice_c_te_d_azur,2012_31_nice_open_de_nice_c_te_d_azur_2012-05-23_R16_isner_j_malisse_x
tennis_data_uk,atp,2012,31,Open de Nice Côte d’Azur,Nice,2012-05-23,atp_250,True,clay,R16,16,3,Bellucci T.,Ferrero J.C.,38,43,1020,960,2,0,6,4,6,3,,,,,,,completed,1.8,1.9,1.83,2.09,1.87,2.1,1.78,1.98,2012_31_nice_open_de_nice_c_te_d_azur,2012_31_nice_open_de_nice_c_te_d_azur_2012-05-23_R16_bellucci_t_ferrero_j_c
tennis_data_uk,atp,2012,31,Open de Nice Côte d’Azur,Nice,2012-05-23,atp_250,True,clay,R16,16,3,Simon G.,Dimitrov G.,12,82,2050,641,2,0,6,3,6,3,,,,,,,completed,1.33,3.25,1.38,3.31,1.4,3.8,1.31,3.33,2012_31_nice_open_de_nice_c_te_d_azur,2012_31_nice_open_de_nice_c_te_d_azur_2012-05-23_R16_simon_g_dimitrov_g
tennis_data_uk,atp,2012,31,Open de Nice Côte d’Azur,Nice,2012-05-23,atp_250,True,clay,R16,16,3,Kukushkin M.,Tomic B.,60,36,768,1061,2,1,3,6,6,2,7,5,,,,,completed,2.25,1.57,2.2,1.75,2.28,1.75,2.2,1.64,2012_31_nice_open_de_nice_c_te_d_azur,2012_31_nice_open_de_nice_c_te_d_azur_2012-05-23_R16_kukushkin_m_tomic_b
tennis_data_uk,atp,2012,31,Open de Nice Côte d’Azur,Nice,2012-05-23,atp_250,True,clay,R16,16,3,Almagro N.,Roger-Vasselin E.,11,92,2220,601,2,0,7,6,6,4,,,,,,,completed,1.12,6.0,1.2,5.27,1.2,7.0,1.12,5.77,2012_31_nice_open_de_nice_c_te_d_azur,2012_31_nice_open_de_nice_c_te_d_azur_2012-05-23_R16_almagro_n_roger_vasselin_e
tennis_data_uk,atp,2012,31,Open de Nice Côte d’Azur,Nice,2012-05-23,atp_250,True,clay,R16,16,3,Baker B.,Monfils G.,387,13,98,1970,2,0,6,3,7,6,,,,,,,completed,4.33,1.2,4.22,1.27,5.0,1.29,4.07,1.21,2012_31_nice_open_de_nice_c_te_d_azur,2012_31_nice_open_de_nice_c_te_d_azur_2012-05-23_R16_baker_b_monfils_g
tennis_data_uk,atp,2012,31,Open de Nice Côte d’Azur,Nice,2012-05-24,atp_250,True,clay,QF,8,3,Simon G.,Bellucci T.,12,38,2050,1020,2,0,7,5,6,0,,,,,,,completed,1.36,3.0,1.45,2.96,1.45,3.25,1.39,2.88,2012_31_nice_open_de_nice_c_te_d_azur,2012_31_nice_open_de_nice_c_te_d_azur_2012-05-24_QF_simon_g_bellucci_t
tennis_data_uk,atp,2012,31,Open de Nice Côte d’Azur,Nice,2012-05-24,atp_250,True,clay,QF,8,3,Davydenko N.,Isner J.,49,14,875,1940,2,0,6,4,7,6,,,,,,,completed,3.0,1.36,3.01,1.43,3.21,1.44,2.93,1.38,2012_31_nice_open_de_nice_c_te_d_azur,2012_31_nice_open_de_nice_c_te_d_azur_2012-05-24_QF_davydenko_n_isner_j
tennis_data_uk,atp,2012,31,Open de Nice Côte d’Azur,Nice,2012-05-24,atp_250,True,clay,QF,8,3,Almagro N.,Darcis S.,11,72,2220,687,2,0,6,4,6,4,,,,,,,completed,1.1,7.0,1.12,7.3,1.13,7.5,1.11,6.24,2012_31_nice_open_de_nice_c_te_d_azur,2012_31_nice_open_de_nice_c_te_d_azur_2012-05-24_QF_almagro_n_darcis_s
tennis_data_uk,atp,2012,31,Open de Nice Côte d’Azur,Nice,2012-05-24,atp_250,True,clay,QF,8,3,Baker B.,Kukushkin M.,387,60,98,768,2,1,4,6,6,3,7,6,,,,,completed,1.72,2.0,1.78,2.14,1.83,2.22,1.72,2.06,2012_31_nice_open_de_nice_c_te_d_azur,2012_31_nice_open_de_nice_c_te_d_azur_2012-05-24_QF_baker_b_kukushkin_m
tennis_data_uk,atp,2012,31,Open de Nice Côte d’Azur,Nice,2012-05-25,atp_250,True,clay,SF,4,3,Almagro N.,Simon G.,11,12,2220,2050,2,0,6,1,6,3,,,,,,,completed,1.61,2.2,1.68,2.36,1.75,2.36,1.66,2.17,2012_31_nice_open_de_nice_c_te_d_azur,2012_31_nice_open_de_nice_c_te_d_azur_2012-05-25_SF_almagro_n_simon_g
tennis_data_uk,atp,2012,31,Open de Nice Côte d’Azur,Nice,2012-05-25,atp_250,True,clay,SF,4,3,Baker B.,Davydenko N.,387,49,98,875,2,1,6,7,6,4,6,2,,,,,completed,2.75,1.4,2.8,1.51,2.85,1.51,2.69,1.46,2012_31_nice_open_de_nice_c_te_d_azur,2012_31_nice_open_de_nice_c_te_d_azur_2012-05-25_SF_baker_b_davydenko_n
tennis_data_uk,atp,2012,31,Open de Nice Côte d’Azur,Nice,2012-05-26,atp_250,True,clay,F,2,3,Almagro N.,Baker B.,11,387,2220,98,2,0,6,3,6,2,,,,,,,completed,1.1,7.0,1.12,7.55,1.14,7.55,1.11,6.09,2012_31_nice_open_de_nice_c_te_d_azur,2012_31_nice_open_de_nice_c_te_d_azur_2012-05-26_F_almagro_n_baker_b
tennis_data_uk,atp,2012,32,French Open,Paris,2012-05-27,grand_slam,True,clay,R128,128,5,Fognini F.,Mannarino A.,45,153,965,344,3,0,6,0,7,5,6,1,,,,,completed,1.16,5.0,1.18,5.61,1.25,5.61,1.18,4.71,2012_32_paris_french_open,2012_32_paris_french_open_2012-05-27_R128_fognini_f_mannarino_a
tennis_data_uk,atp,2012,32,French Open,Paris,2012-05-27,grand_slam,True,clay,R128,128,5,Cilic M.,Munoz-De La Nava D.,24,130,1380,427,3,0,6,4,6,4,7,5,,,,,completed,1.07,9.0,1.08,9.9,1.1,9.9,1.07,7.81,2012_32_paris_french_open,2012_32_paris_french_open_2012-05-27_R128_cilic_m_munoz_de_la_nava_d
tennis_data_uk,atp,2012,32,French Open,Paris,2012-05-27,grand_slam,True,clay,R128,128,5,Del Potro J.M.,Montanes A.,9,65,2910,715,3,1,6,2,6,7,6,2,6,1,,,completed,1.02,19.0,1.02,26.0,1.03,26.52,1.02,14.95,2012_32_paris_french_open,2012_32_paris_french_open_2012-05-27_R128_del_potro_j_m_montanes_a
tennis_data_uk,atp,2012,32,French Open,Paris,2012-05-27,grand_slam,True,clay,R128,128,5,Roger-Vasselin E.,Pospisil V.,82,101,625,535,3,1,3,6,6,3,6,2,6,2,,,completed,1.14,5.5,1.19,5.46,1.23,5.5,1.18,4.73,2012_32_paris_french_open,2012_32_paris_french_open_2012-05-27_R128_roger_vasselin_e_pospisil_v
tennis_data_uk,atp,2012,32,French Open,Paris,2012-05-27,grand_slam,True,clay,R128,128,5,Ferrero J.C.,Dasnieres de Veigy J.,41,158,990,333,3,0,6,1,6,4,6,3,,,,,completed,1.14,5.5,1.19,5.46,1.2,6.68,1.15,5.29,2012_32_paris_french_open,2012_32_paris_french_open_2012-05-27_R128_ferrero_j_c_dasnieres_de_veigy_j
tennis_data_uk,atp,2012,32,French Open,Paris,2012-05-27,grand_slam,True,clay,R128,128,5,Wawrinka S.,Cipolla F.,21,75,1505,656,3,2,6,3,6,3,4,6,3,6,6,2,completed,1.04,13.0,1.05,14.0,1.08,14.4,1.05,9.89,2012_32_paris_french_open,2012_32_paris_french_open_2012-05-27_R128_wawrinka_s_cipolla_f
tennis_data_uk,atp,2012,32,French Open,Paris,2012-05-27,grand_slam,True,clay,R128,128,5,Stebe C.M.,Souza J.,91,118,600,471,1,0,6,3,2,0,,,,,,,retired,1.53,2.37,1.53,2.68,1.65,2.69,1.56,2.37,2012_32_paris_french_open,2012_32_paris_french_open_2012-05-27_R128_stebe_c_m_souza_j
tennis_data_uk,atp,2012,32,French Open,Paris,2012-05-27,grand_slam,True,clay,R128,128,5,Andujar P.,Hanescu V.,36,146,1115,380,3,2,6,1,2,6,1,6,6,3,6,1,completed,1.36,3.0,1.45,2.97,1.45,3.2,1.39,2.93,2012_32_paris_french_open,2012_32_paris_french_open_2012-05-27_R128_andujar_p_hanescu_v
tennis_data_uk,atp,2012,32,French Open,Paris,2012-05-27,grand_slam,True,clay,R128,128,5,Verdasco F.,Darcis S.,16,61,1765,760,3,0,6,3,6,2,7,6,,,,,completed,1.06,10.0,1.09,9.5,1.1,11.0,1.06,8.5,2012_32_paris_french_open,2012_32_paris_french_open_2012-05-27_R128_verdasco_f_darcis_s
tennis_data_uk,atp,2012,32,French Open,Paris,2012-05-27,grand_slam,True,clay,R128,128,5,Muller G.,Sijsling I.,54,122,852,446,3,2,2,6,7,5,3,6,6,4,8,6,completed,1.8,1.9,1.98,1.93,1.98,2.0,1.86,1.89,2012_32_paris_french_open,2012_32_paris_french_open_2012-05-27_R128_muller_g_sijsling_i
tennis_data_uk,atp,2012,32,French Open,Paris,2012-05-27,grand_slam,True,clay,R128,128,5,Berrer M.,Melzer J.,114,32,487,1182,3,2,6,7,4,6,6,2,6,2,6,3,completed,3.75,1.25,3.81,1.31,3.85,1.33,3.51,1.29,2012_32_paris_french_open,2012_32_paris_french_open_2012-05-27_R128_berrer_m_melzer_j
tennis_data_uk,atp,2012,32,French Open,Paris,2012-05-27,grand_slam,True,clay,R128,128,5,Tsonga J.W.,Kuznetsov An.,5,160,4965,333,3,1,1,6,6,3,6,2,6,4,,,completed,1.04,13.0,1.04,16.0,1.06,16.0,1.04,10.29,2012_32_paris_french_open,2012_32_paris_french_open_2012-05-27_R128_tsonga_j_w_kuznetsov_an
tennis_data_uk,atp,2012,32,French Open,Paris,2012-05-27,grand_slam,True,clay,R128,128,5,Devilder N.,Krajinovic F.,286,630,159,37,3,0,6,2,6,2,6,0,,,,,completed,2.37,1.53,2.6,1.56,2.6,1.77,2.29,1.61,2012_32_paris_french_open,2012_32_paris_french_open_2012-05-27_R128_devilder_n_krajinovic_f
tennis_data_uk,atp,2012,32,French Open,Paris,2012-05-27,grand_slam,True,clay,R128,128,5,Mahut N.,Roddick A.,89,33,604,1180,3,1,6,3,6,3,4,6,6,2,,,completed,2.2,1.61,2.27,1.71,2.33,1.75,2.15,1.67,2012_32_paris_french_open,2012_32_paris_french_open_2012-05-27_R128_mahut_n_roddick_a
tennis_data_uk,atp,2012,32,French Open,Paris,2012-05-28,grand_slam,True,clay,R128,128,5,Klizan M.,Dancevic F.,70,120,683,466,0,0,4,0,,,,,,,,,retired,1.14,5.5,1.17,5.87,1.23,6.0,1.17,4.84,2012_32_paris_french_open,2012_32_paris_french_open_2012-05-28_R128_klizan_m_dancevic_f
tennis_data_uk,atp,2012,32,French Open,Paris,2012-05-28,grand_slam,True,clay,R128,128,5,Kukushkin M.,Gulbis E.,53,93,853,596,3,2,6,4,7,6,5,7,2,6,6,4,completed,1.53,2.37,1.6,2.51,1.67,2.55,1.56,2.36,2012_32_paris_french_open,2012_32_paris_french_open_2012-05-28_R128_kukushkin_m_gulbis_e
tennis_data_uk,atp,2012,32,French Open,Paris,2012-05-28,grand_slam,True,clay,R128,128,5,Jaziri M.,Petzschner P.,94,98,595,557,3,0,6,3,7,5,7,6,,,,,completed,1.8,1.9,1.81,2.1,2.1,2.1,1.87,1.88,2012_32_paris_french_open,2012_32_paris_french_open_2012-05-28_R128_jaziri_m_petzschner_p
tennis_data_uk,atp,2012,32,French Open,Paris,2012-05-28,grand_slam,True,clay,R128,128,5,Kavcic B.,Hewitt L.,99,176,557,290,3,1,7,6,6,3,6,7,6,3,,,completed,1.66,2.1,1.68,2.33,1.83,2.33,1.69,2.12,2012_32_paris_french_open,2012_32_paris_french_open_2012-05-28_R128_kavcic_b_hewitt_l
tennis_data_uk,atp,2012,32,French Open,Paris,2012-05-28,grand_slam,True,clay,R128,128,5,Serra F.,Lopez F.,156,17,336,1725,0,0,5,0,,,,,,,,,retired,2.2,1.61,2.69,1.53,3.69,1.65,2.38,1.56,2012_32_paris_french_open,2012_32_paris_french_open_2012-05-28_R128_serra_f_lopez_f
tennis_data_uk,atp,2012,32,French Open,Paris,2012-05-28,grand_slam,True,clay,R128,128,5,Granollers M.,Sousa J.,23,137,1385,403,3,1,6,2,3,6,6,3,6,4,,,completed,1.22,4.0,1.24,4.58,1.28,4.58,1.23,3.95,2012_32_paris_french_open,2012_32_paris_french_open_2012-05-28_R128_granollers_m_sousa_j
tennis_data_uk,atp,2012,32,French Open,Paris,2012-05-28,grand_slam,True,clay,R128,128,5,Seppi A.,Davydenko N.,25,47,1355,920,3,0,6,3,7,6,7,5,,,,,completed,1.5,2.5,1.69,2.31,1.69,2.63,1.54,2.43,2012_32_paris_french_open,2012_32_paris_french_open_2012-05-28_R128_seppi_a_davydenko_n
tennis_data_uk,atp,2012,32,French Open,Paris,2012-05-28,grand_slam,True,clay,R128,128,5,Federer R.,Kamke T.,3,78,9790,648,3,0,6,2,7,5,6,3,,,,,completed,1.002,34.0,1.01,66.0,1.03,66.0,1.01,25.72,2012_32_paris_french_open,2012_32_paris_french_open_2012-05-28_R128_federer_r_kamke_t
tennis_data_uk,atp,2012,32,French Open,Paris,2012-05-28,grand_slam,True,clay,R128,128,5,Ungur A.,Nalbandian D.,92,40,597,1005,3,1,6,3,5,7,6,4,7,5,,,completed,15.0,1.03,16.0,1.04,16.0,1.06,10.59,1.04,2012_32_paris_french_open,2012_32_paris_french_open_2012-05-28_R128_ungur_a_nalbandian_d
tennis_data_uk,atp,2012,32,French Open,Paris,2012-05-28,grand_slam,True,clay,R128,128,5,Zeballos H.,Prodon E.,108,115,502,482,3,1,6,7,6,3,6,3,6,2,,,completed,1.33,3.25,1.34,3.59,1.4,3.59,1.35,3.1,2012_32_paris_french_open,2012_32_paris_french_open_2012-05-28_R128_zeballos_h_prodon_e
tennis_data_uk,atp,2012,32,French Open,Paris,2012-05-28,grand_slam,True,clay,R128,128,5,Levine J.,Becker B.,131,157,425,335,3,0,7,5,6,2,6,4,,,,,completed,1.33,3.25,1.38,3.39,1.45,3.39,1.37,3.0,2012_32_paris_french_open,2012_32_paris_french_open_2012-05-28_R128_levine_j_becker_b
tennis_data_uk,atp,2012,32,French Open,Paris,2012-05-28,grand_slam,True,clay,R128,128,5,Kubot L.,Beck K.,49,104,876,521,3,0,7,5,6,2,7,5,,,,,completed,1.07,9.0,1.06,12.25,1.11,12.46,1.08,8.08,2012_32_paris_french_open,2012_32_paris_french_open_2012-05-28_R128_kubot_l_beck_k
tennis_data_uk,atp,2012,32,French Open,Paris,2012-05-28,grand_slam,True,clay,R128,128,5,Clement A.,Bogomolov A.,139,46,400,926,2,2,6,2,3,6,4,6,7,6,5,4,retired,2.1,1.66,2.35,1.67,2.35,1.8,2.08,1.72,2012_32_paris_french_open,2012_32_paris_french_open_2012-05-28_R128_clement_a_bogomolov_a
tennis_data_uk,atp,2012,32,French Open,Paris,2012-05-28,grand_slam,True,clay,R128,128,5,Giraldo S.,Falla A.,50,52,868,853,3,1,5,7,6,2,6,4,7,6,,,completed,1.4,2.75,1.52,2.73,1.52,2.85,1.46,2.65,2012_32_paris_french_open,2012_32_paris_french_open_2012-05-28_R128_giraldo_s_falla_a
tennis_data_uk,atp,2012,32,French Open,Paris,2012-05-28,grand_slam,True,clay,R128,128,5,Isner J.,Dutra Silva R.,11,121,2620,451,3,0,6,3,6,4,6,4,,,,,completed,1.08,8.0,1.12,7.71,1.12,8.45,1.09,7.1,2012_32_paris_french_open,2012_32_paris_french_open_2012-05-28_R128_isner_j_dutra_silva_r
tennis_data_uk,atp,2012,32,French Open,Paris,2012-05-28,grand_slam,True,clay,R128,128,5,Llodra M.,Garcia-Lopez G.,57,72,795,661,3,1,7,6,6,2,3,6,6,3,,,completed,2.37,1.53,2.4,1.65,2.5,1.65,2.37,1.56,2012_32_paris_french_open,2012_32_paris_french_open_2012-05-28_R128_llodra_m_garcia_lopez_g
tennis_data_uk,atp,2012,32,French Open,Paris,2012-05-28,grand_slam,True,clay,R128,128,5,Troicki V.,Bellucci T.,28,66,1325,707,3,2,4,6,6,3,5,7,6,3,6,2,completed,2.37,1.53,2.52,1.59,2.6,1.67,2.35,1.57,2012_32_paris_french_open,2012_32_paris_french_open_2012-05-28_R128_troicki_v_bellucci_t
tennis_data_uk,atp,2012,32,French Open,Paris,2012-05-28,grand_slam,True,clay,R128,128,5,Djokovic N.,Starace P.,1,97,11800,558,3,0,7,6,6,3,6,1,,,,,completed,1.002,34.0,1.01,71.0,1.01,71.0,1.01,27.69,2012_32_paris_french_open,2012_32_paris_french_open_2012-05-28_R128_djokovic_n_starace_p
tennis_data_uk,atp,2012,32,French Open,Paris,2012-05-28,grand_slam,True,clay,R128,128,5,Tomic B.,Haider-Maurer A.,29,155,1240,336,3,0,7,6,6,3,6,3,,,,,completed,1.25,3.75,1.32,3.74,1.32,4.36,1.25,3.79,2012_32_paris_french_open,2012_32_paris_french_open_2012-05-28_R128_tomic_b_haider_maurer_a
tennis_data_uk,atp,2012,32,French Open,Paris,2012-05-28,grand_slam,True,clay,R128,128,5,Anderson K.,Machado R.,34,80,1170,632,3,2,7,6,6,7,4,6,6,1,11,9,completed,1.25,3.75,1.31,3.81,1.33,3.9,1.27,3.62,2012_32_paris_french_open,2012_32_paris_french_open_2012-05-28_R128_anderson_k_machado_r
tennis_data_uk,atp,2012,32,French Open,Paris,2012-05-28,grand_slam,True,clay,R128,128,5,Kohlschreiber P.,Ebden M.,26,76,1345,654,3,0,6,4,6,4,7,6,,,,,completed,1.04,13.0,1.06,12.5,1.1,13.0,1.06,9.1,2012_32_paris_french_open,2012_32_paris_french_open_2012-05-28_R128_kohlschreiber_p_ebden_m
tennis_data_uk,atp,2012,32,French Open,Paris,2012-05-28,grand_slam,True,clay,R128,128,5,Mathieu P.H.,Phau B.,261,84,185,620,3,2,2,6,4,6,6,4,6,3,6,0,completed,1.28,3.5,1.31,3.87,1.38,4.0,1.31,3.4,2012_32_paris_french_open,2012_32_paris_french_open_2012-05-28_R128_mathieu_p_h_phau_b
tennis_data_uk,atp,2012,32,French Open,Paris,2012-05-28,grand_slam,True,clay,R128,128,5,Berdych T.,Sela D.,7,95,4515,592,3,0,6,3,6,4,6,1,,,,,completed,1.01,26.0,1.02,28.5,1.02,34.0,1.01,18.82,2012_32_paris_french_open,2012_32_paris_french_open_2012-05-28_R128_berdych_t_sela_d
tennis_data_uk,atp,2012,32,French Open,Paris,2012-05-28,grand_slam,True,clay,R128,128,5,Mayer L.,Rochus O.,62,63,749,725,3,1,6,3,6,4,2,6,6,4,,,completed,1.4,2.75,1.46,2.93,1.53,2.93,1.47,2.63,2012_32_paris_french_open,2012_32_paris_french_open_2012-05-28_R128_mayer_l_rochus_o
tennis_data_uk,atp,2012,32,French Open,Paris,2012-05-28,grand_slam,True,clay,R128,128,5,Goffin D.,Stepanek R.,109,27,500,1340,3,2,6,2,4,6,2,6,6,4,6,2,completed,2.75,1.4,3.0,1.45,3.46,1.45,2.94,1.39,2012_32_paris_french_open,2012_32_paris_french_open_2012-05-28_R128_goffin_d_stepanek_r
tennis_data_uk,atp,2012,32,French Open,Paris,2012-05-28,grand_slam,True,clay,R128,128,5,Raonic M.,Ramirez-Hidalgo R.,22,74,1460,657,3,0,6,4,6,2,6,2,,,,,completed,1.12,6.0,1.17,6.02,1.17,6.5,1.13,5.79,2012_32_paris_french_open,2012_32_paris_french_open_2012-05-28_R128_raonic_m_ramirez_hidalgo_r
tennis_data_uk,atp,2012,32,French Open,Paris,2012-05-28,grand_slam,True,clay,R128,128,5,Simon G.,Harrison R.,12,56,2615,817,3,1,3,6,7,5,6,4,6,1,,,completed,1.07,9.0,1.07,10.25,1.09,11.1,1.07,8.41,2012_32_paris_french_open,2012_32_paris_french_open_2012-05-28_R128_simon_g_harrison_r
tennis_data_uk,atp,2012,32,French Open,Paris,2012-05-28,grand_slam,True,clay,R128,128,5,Baker B.,Malisse X.,141,77,393,651,3,0,6,3,7,6,7,6,,,,,completed,1.5,2.5,1.54,2.66,1.66,2.66,1.55,2.4,2012_32_paris_french_open,2012_32_paris_french_open_2012-05-28_R128_baker_b_malisse_x
tennis_data_uk,atp,2012,32,French Open,Paris,2012-05-29,grand_slam,True,clay,R128,128,5,Chardy J.,Lu Y.H.,55,60,834,770,3,2,6,4,6,1,6,7,3,6,11,9,completed,1.12,6.0,1.15,6.48,1.17,6.48,1.15,5.28,2012_32_paris_french_open,2012_32_paris_french_open_2012-05-29_R128_chardy_j_lu_y_h
tennis_data_uk,atp,2012,32,French Open,Paris,2012-05-29,grand_slam,True,clay,R128,128,5,Mayer F.,Gimeno-Traver D.,35,125,1150,444,3,0,6,4,6,2,6,3,,,,,completed,1.22,4.0,1.29,4.05,1.3,4.1,1.27,3.66,2012_32_paris_french_open,2012_32_paris_french_open_2012-05-29_R128_mayer_f_gimeno_traver_d
tennis_data_uk,atp,2012,32,French Open,Paris,2012-05-29,grand_slam,True,clay,R128,128,5,Tipsarevic J.,Querrey S.,8,71,3110,670,3,1,2,6,6,4,7,6,6,3,,,completed,1.14,5.5,1.2,5.16,1.2,5.54,1.17,4.85,2012_32_paris_french_open,2012_32_paris_french_open_2012-05-29_R128_tipsarevic_j_querrey_s
tennis_data_uk,atp,2012,32,French Open,Paris,2012-05-29,grand_slam,True,clay,R128,128,5,Ferrer D.,Lacko L.,6,64,4640,723,3,0,6,3,6,4,6,1,,,,,completed,1.01,26.0,1.01,76.0,1.01,76.0,1.01,26.16,2012_32_paris_french_open,2012_32_paris_french_open_2012-05-29_R128_ferrer_d_lacko_l
tennis_data_uk,atp,2012,32,French Open,Paris,2012-05-29,grand_slam,True,clay,R128,128,5,Tursunov D.,Soeda G.,88,58,608,785,3,0,6,1,6,4,6,4,,,,,completed,3.5,1.28,3.5,1.35,3.75,1.4,3.34,1.31,2012_32_paris_french_open,2012_32_paris_french_open_2012-05-29_R128_tursunov_d_soeda_g
tennis_data_uk,atp,2012,32,French Open,Paris,2012-05-29,grand_slam,True,clay,R128,128,5,Schwank E.,Karlovic I.,192,59,270,776,3,0,6,4,6,0,6,3,,,,,completed,1.4,2.75,1.51,2.75,1.51,3.16,1.42,2.78,2012_32_paris_french_open,2012_32_paris_french_open_2012-05-29_R128_schwank_e_karlovic_i
tennis_data_uk,atp,2012,32,French Open,Paris,2012-05-29,grand_slam,True,clay,R128,128,5,Gasquet R.,Zopp J.,20,103,1600,526,3,0,6,3,6,4,7,6,,,,,completed,1.04,13.0,1.05,13.0,1.07,16.0,1.04,10.81,2012_32_paris_french_open,2012_32_paris_french_open_2012-05-29_R128_gasquet_r_zopp_j
tennis_data_uk,atp,2012,32,French Open,Paris,2012-05-29,grand_slam,True,clay,R128,128,5,Dimitrov G.,Young D.,87,51,611,866,3,0,7,6,6,1,6,1,,,,,completed,1.22,4.0,1.24,4.58,1.27,4.75,1.22,4.08,2012_32_paris_french_open,2012_32_paris_french_open_2012-05-29_R128_dimitrov_g_young_d
tennis_data_uk,atp,2012,32,French Open,Paris,2012-05-29,grand_slam,True,clay,R128,128,5,Stakhovsky S.,Dolgopolov O.,83,19,620,1665,3,2,6,7,6,4,7,6,3,6,6,3,completed,4.5,1.18,4.9,1.22,5.15,1.22,4.51,1.19,2012_32_paris_french_open,2012_32_paris_french_open_2012-05-29_R128_stakhovsky_s_dolgopolov_o
tennis_data_uk,atp,2012,32,French Open,Paris,2012-05-29,grand_slam,True,clay,R128,128,5,Paire B.,Ramos A.,69,38,685,1030,3,1,7,6,6,4,6,7,6,3,,,completed,3.25,1.33,3.01,1.44,3.46,1.44,3.09,1.36,2012_32_paris_french_open,2012_32_paris_french_open_2012-05-29_R128_paire_b_ramos_a
tennis_data_uk,atp,2012,32,French Open,Paris,2012-05-29,grand_slam,True,clay,R128,128,5,Benneteau J.,Zverev M.,31,212,1190,243,3,1,6,2,6,7,6,4,6,4,,,completed,1.57,2.25,1.63,2.45,1.67,2.63,1.59,2.3,2012_32_paris_french_open,2012_32_paris_french_open_2012-05-29_R128_benneteau_j_zverev_m
tennis_data_uk,atp,2012,32,French Open,Paris,2012-05-29,grand_slam,True,clay,R128,128,5,Nieminen J.,Andreev I.,48,85,897,612,1,1,3,6,6,2,2,1,,,,,retired,1.53,2.37,1.61,2.47,1.67,2.48,1.6,2.29,2012_32_paris_french_open,2012_32_paris_french_open_2012-05-29_R128_nieminen_j_andreev_i
tennis_data_uk,atp,2012,32,French Open,Paris,2012-05-29,grand_slam,True,clay,R128,128,5,Rosol L.,Berlocq C.,79,37,636,1085,3,1,6,4,7,5,6,7,6,2,,,completed,4.33,1.2,4.34,1.26,4.53,1.27,4.12,1.22,2012_32_paris_french_open,2012_32_paris_french_open_2012-05-29_R128_rosol_l_berlocq_c
tennis_data_uk,atp,2012,32,French Open,Paris,2012-05-29,grand_slam,True,clay,R128,128,5,Nadal R.,Bolelli S.,2,111,10060,494,3,0,6,2,6,2,6,1,,,,,completed,,41.0,1.01,76.0,1.01,100.0,1.01,33.24,2012_32_paris_french_open,2012_32_paris_french_open_2012-05-29_R128_nadal_r_bolelli_s
tennis_data_uk,atp,2012,32,French Open,Paris,2012-05-29,grand_slam,True,clay,R128,128,5,Almagro N.,Lorenzi P.,13,86,2255,612,3,0,6,3,7,5,6,4,,,,,completed,1.02,19.0,1.02,22.73,1.05,21.0,1.03,12.65,2012_32_paris_french_open,2012_32_paris_french_open_2012-05-29_R128_almagro_n_lorenzi_p
tennis_data_uk,atp,2012,32,French Open,Paris,2012-05-29,grand_slam,True,clay,R128,128,5,Haas T.,Volandri F.,112,81,493,630,3,1,6,3,0,6,6,4,6,4,,,completed,1.36,3.0,1.38,3.33,1.42,3.49,1.37,3.03,2012_32_paris_french_open,2012_32_paris_french_open_2012-05-29_R128_haas_t_volandri_f
tennis_data_uk,atp,2012,32,French Open,Paris,2012-05-29,grand_slam,True,clay,R128,128,5,Monaco J.,Rufin G.,15,150,1945,352,3,1,6,2,2,6,6,2,7,6,,,completed,1.07,9.0,1.07,10.5,1.1,10.5,1.07,8.13,2012_32_paris_french_open,2012_32_paris_french_open_2012-05-29_R128_monaco_j_rufin_g
tennis_data_uk,atp,2012,32,French Open,Paris,2012-05-29,grand_slam,True,clay,R128,128,5,Istomin D.,Kunitsyn I.,43,102,972,526,3,0,6,2,6,1,6,2,,,,,completed,1.22,4.0,1.25,4.4,1.3,4.45,1.25,3.85,2012_32_paris_french_open,2012_32_paris_french_open_2012-05-29_R128_istomin_d_kunitsyn_i
tennis_data_uk,atp,2012,32,French Open,Paris,2012-05-29,grand_slam,True,clay,R128,128,5,Haase R.,Dodig I.,39,73,1010,660,3,0,6,2,6,2,6,1,,,,,completed,1.2,4.33,1.22,4.85,1.25,4.85,1.22,4.15,2012_32_paris_french_open,2012_32_paris_french_open_2012-05-29_R128_haase_r_dodig_i
tennis_data_uk,atp,2012,32,French Open,Paris,2012-05-29,grand_slam,True,clay,R128,128,5,Murray A.,Ito T.,4,68,7500,690,3,0,6,1,7,5,6,0,,,,,completed,1.01,23.0,1.03,18.0,1.03,27.1,1.02,16.13,2012_32_paris_french_open,2012_32_paris_french_open_2012-05-29_R128_murray_a_ito_t
tennis_data_uk,atp,2012,32,French Open,Paris,2012-05-29,grand_slam,True,clay,R128,128,5,Baghdatis M.,Chela J.I.,42,44,990,970,3,0,6,3,6,3,6,1,,,,,completed,1.66,2.1,1.68,2.31,1.8,2.4,1.68,2.13,2012_32_paris_french_open,2012_32_paris_french_open_2012-05-29_R128_baghdatis_m_chela_j_i
tennis_data_uk,atp,2012,32,French Open,Paris,2012-05-29,grand_slam,True,clay,R128,128,5,Youzhny M.,Blake J.,30,96,1210,572,3,0,6,2,6,1,6,2,,,,,completed,1.07,9.0,1.11,8.25,1.11,9.52,1.08,7.59,2012_32_paris_french_open,2012_32_paris_french_open_2012-05-29_R128_youzhny_m_blake_j
tennis_data_uk,atp,2012,32,French Open,Paris,2012-05-30,grand_slam,True,clay,R64,64,5,Djokovic N.,Kavcic B.,1,99,11800,557,3,0,6,0,6,4,6,4,,,,,completed,1.0,41.0,1.01,71.0,1.01,71.0,1.01,26.41,2012_32_paris_french_open,2012_32_paris_french_open_2012-05-30_R64_djokovic_n_kavcic_b
tennis_data_uk,atp,2012,32,French Open,Paris,2012-05-30,grand_slam,True,clay,R64,64,5,Del Potro J.M.,Roger-Vasselin E.,9,82,2910,625,3,1,6,7,7,6,6,4,6,4,,,completed,1.04,13.0,1.05,13.0,1.07,14.65,1.04,10.52,2012_32_paris_french_open,2012_32_paris_french_open_2012-05-30_R64_del_potro_j_m_roger_vasselin_e
tennis_data_uk,atp,2012,32,French Open,Paris,2012-05-30,grand_slam,True,clay,R64,64,5,Cilic M.,Ferrero J.C.,24,41,1380,990,3,0,7,6,6,2,6,3,,,,,completed,1.61,2.2,1.72,2.26,1.72,2.38,1.63,2.23,2012_32_paris_french_open,2012_32_paris_french_open_2012-05-30_R64_cilic_m_ferrero_j_c
tennis_data_uk,atp,2012,32,French Open,Paris,2012-05-30,grand_slam,True,clay,R64,64,5,Seppi A.,Kukushkin M.,25,53,1355,853,3,2,6,7,6,2,2,6,6,1,6,2,completed,1.28,3.5,1.38,3.31,1.4,4.0,1.3,3.44,2012_32_paris_french_open,2012_32_paris_french_open_2012-05-30_R64_seppi_a_kukushkin_m
tennis_data_uk,atp,2012,32,French Open,Paris,2012-05-30,grand_slam,True,clay,R64,64,5,Federer R.,Ungur A.,3,92,9790,597,3,1,6,3,6,2,6,7,6,3,,,completed,1.002,34.0,1.01,51.0,1.03,62.75,1.01,25.54,2012_32_paris_french_open,2012_32_paris_french_open_2012-05-30_R64_federer_r_ungur_a
tennis_data_uk,atp,2012,32,French Open,Paris,2012-05-30,grand_slam,True,clay,R64,64,5,Devilder N.,Berrer M.,286,114,159,487,3,0,7,6,6,4,6,2,,,,,completed,2.1,1.66,1.98,1.93,2.2,1.93,2.05,1.74,2012_32_paris_french_open,2012_32_paris_french_open_2012-05-30_R64_devilder_n_berrer_m
tennis_data_uk,atp,2012,32,French Open,Paris,2012-05-30,grand_slam,True,clay,R64,64,5,Berdych T.,Llodra M.,7,57,4515,795,3,0,6,2,6,3,6,3,,,,,completed,1.11,6.5,1.13,7.21,1.13,7.5,1.1,6.58,2012_32_paris_french_open,2012_32_paris_french_open_2012-05-30_R64_berdych_t_llodra_m
tennis_data_uk,atp,2012,32,French Open,Paris,2012-05-30,grand_slam,True,clay,R64,64,5,Anderson K.,Zeballos H.,34,108,1170,502,3,1,6,3,3,6,6,3,6,0,,,completed,1.57,2.25,1.74,2.23,1.76,2.38,1.64,2.22,2012_32_paris_french_open,2012_32_paris_french_open_2012-05-30_R64_anderson_k_zeballos_h
tennis_data_uk,atp,2012,32,French Open,Paris,2012-05-30,grand_slam,True,clay,R64,64,5,Simon G.,Baker B.,12,141,2615,393,3,2,6,4,6,1,6,7,1,6,6,0,completed,1.22,4.0,1.28,4.14,1.3,4.25,1.27,3.72,2012_32_paris_french_open,2012_32_paris_french_open_2012-05-30_R64_simon_g_baker_b
tennis_data_uk,atp,2012,32,French Open,Paris,2012-05-30,grand_slam,True,clay,R64,64,5,Verdasco F.,Muller G.,16,54,1765,852,3,1,6,7,6,3,6,2,6,2,,,completed,1.05,11.0,1.09,9.16,1.09,11.0,1.06,8.78,2012_32_paris_french_open,2012_32_paris_french_open_2012-05-30_R64_verdasco_f_muller_g
tennis_data_uk,atp,2012,32,French Open,Paris,2012-05-30,grand_slam,True,clay,R64,64,5,Wawrinka S.,Andujar P.,21,36,1505,1115,3,1,7,6,6,7,6,2,6,1,,,completed,1.18,4.5,1.21,5.12,1.29,5.12,1.22,4.12,2012_32_paris_french_open,2012_32_paris_french_open_2012-05-30_R64_wawrinka_s_andujar_p
tennis_data_uk,atp,2012,32,French Open,Paris,2012-05-30,grand_slam,True,clay,R64,64,5,Mahut N.,Klizan M.,89,70,604,683,3,1,4,6,6,4,7,6,6,3,,,completed,2.62,1.44,2.44,1.63,2.88,1.63,2.57,1.49,2012_32_paris_french_open,2012_32_paris_french_open_2012-05-30_R64_mahut_n_klizan_m
tennis_data_uk,atp,2012,32,French Open,Paris,2012-05-30,grand_slam,True,clay,R64,64,5,Kubot L.,Serra F.,49,156,876,336,3,0,7,6,6,2,7,6,,,,,completed,1.44,2.62,1.5,2.8,1.51,2.85,1.46,2.66,2012_32_paris_french_open,2012_32_paris_french_open_2012-05-30_R64_kubot_l_serra_f
tennis_data_uk,atp,2012,32,French Open,Paris,2012-05-31,grand_slam,True,clay,R64,64,5,Monaco J.,Rosol L.,15,79,1945,636,3,0,7,6,6,0,7,6,,,,,completed,1.12,6.0,1.15,6.57,1.15,7.0,1.13,5.8,2012_32_paris_french_open,2012_32_paris_french_open_2012-05-31_R64_monaco_j_rosol_l
tennis_data_uk,atp,2012,32,French Open,Paris,2012-05-31,grand_slam,True,clay,R64,64,5,Murray A.,Nieminen J.,4,48,7500,897,3,1,1,6,6,4,6,1,6,2,,,completed,1.04,13.0,1.05,13.0,1.07,13.0,1.05,9.56,2012_32_paris_french_open,2012_32_paris_french_open_2012-05-31_R64_murray_a_nieminen_j
tennis_data_uk,atp,2012,32,French Open,Paris,2012-05-31,grand_slam,True,clay,R64,64,5,Ferrer D.,Paire B.,6,69,4640,685,3,0,6,3,6,3,6,2,,,,,completed,1.01,21.0,1.02,23.5,1.04,25.95,1.02,14.45,2012_32_paris_french_open,2012_32_paris_french_open_2012-05-31_R64_ferrer_d_paire_b
tennis_data_uk,atp,2012,32,French Open,Paris,2012-05-31,grand_slam,True,clay,R64,64,5,Raonic M.,Levine J.,22,131,1460,425,3,0,6,4,7,5,6,2,,,,,completed,1.05,11.0,1.07,10.25,1.1,12.75,1.07,8.59,2012_32_paris_french_open,2012_32_paris_french_open_2012-05-31_R64_raonic_m_levine_j
tennis_data_uk,atp,2012,32,French Open,Paris,2012-05-31,grand_slam,True,clay,R64,64,5,Giraldo S.,Tomic B.,50,29,868,1240,3,0,6,4,6,1,6,3,,,,,completed,1.83,1.83,1.94,1.96,2.0,1.96,1.92,1.84,2012_32_paris_french_open,2012_32_paris_french_open_2012-05-31_R64_giraldo_s_tomic_b
tennis_data_uk,atp,2012,32,French Open,Paris,2012-05-31,grand_slam,True,clay,R64,64,5,Tsonga J.W.,Stebe C.M.,5,91,4965,600,3,1,6,2,4,6,6,2,6,1,,,completed,1.05,11.0,1.06,12.5,1.07,13.0,1.05,9.55,2012_32_paris_french_open,2012_32_paris_french_open_2012-05-31_R64_tsonga_j_w_stebe_c_m
tennis_data_uk,atp,2012,32,French Open,Paris,2012-05-31,grand_slam,True,clay,R64,64,5,Youzhny M.,Haase R.,30,39,1210,1010,3,0,6,3,7,6,6,4,,,,,completed,1.5,2.5,1.67,2.36,1.67,2.55,1.58,2.35,2012_32_paris_french_open,2012_32_paris_french_open_2012-05-31_R64_youzhny_m_haase_r
tennis_data_uk,atp,2012,32,French Open,Paris,2012-05-31,grand_slam,True,clay,R64,64,5,Goffin D.,Clement A.,109,139,500,400,3,2,3,6,7,6,0,6,6,2,6,1,completed,1.28,3.5,1.29,3.97,1.35,3.97,1.31,3.41,2012_32_paris_french_open,2012_32_paris_french_open_2012-05-31_R64_goffin_d_clement_a
tennis_data_uk,atp,2012,32,French Open,Paris,2012-05-31,grand_slam,True,clay,R64,64,5,Fognini F.,Troicki V.,45,28,965,1325,3,2,6,2,3,6,4,6,6,3,8,6,completed,1.9,1.8,2.08,1.84,2.05,2.0,1.88,1.87,2012_32_paris_french_open,2012_32_paris_french_open_2012-05-31_R64_fognini_f_troicki_v
tennis_data_uk,atp,2012,32,French Open,Paris,2012-05-31,grand_slam,True,clay,R64,64,5,Nadal R.,Istomin D.,2,43,10060,972,3,0,6,2,6,2,6,0,,,,,completed,,41.0,1.01,71.0,1.01,71.0,1.01,29.0,2012_32_paris_french_open,2012_32_paris_french_open_2012-05-31_R64_nadal_r_istomin_d
tennis_data_uk,atp,2012,32,French Open,Paris,2012-05-31,grand_slam,True,clay,R64,64,5,Almagro N.,Baghdatis M.,13,42,2255,990,3,0,6,4,6,3,7,5,,,,,completed,1.1,7.0,1.13,7.65,1.15,8.7,1.11,6.52,2012_32_paris_french_open,2012_32_paris_french_open_2012-05-31_R64_almagro_n_baghdatis_m
tennis_data_uk,atp,2012,32,French Open,Paris,2012-05-31,grand_slam,True,clay,R64,64,5,Schwank E.,Mayer F.,192,35,270,1150,3,1,2,6,6,3,6,4,7,6,,,completed,3.4,1.3,3.43,1.36,3.75,1.36,3.32,1.32,2012_32_paris_french_open,2012_32_paris_french_open_2012-05-31_R64_schwank_e_mayer_f
tennis_data_uk,atp,2012,32,French Open,Paris,2012-05-31,grand_slam,True,clay,R64,64,5,Mayer L.,Kohlschreiber P.,62,26,749,1345,3,0,7,6,7,6,7,5,,,,,completed,3.75,1.25,4.1,1.28,4.1,1.33,3.58,1.28,2012_32_paris_french_open,2012_32_paris_french_open_2012-05-31_R64_mayer_l_kohlschreiber_p
tennis_data_uk,atp,2012,32,French Open,Paris,2012-05-31,grand_slam,True,clay,R64,64,5,Mathieu P.H.,Isner J.,261,11,185,2620,3,2,6,7,6,4,6,4,3,6,18,16,completed,4.5,1.18,4.93,1.22,5.1,1.23,4.39,1.2,2012_32_paris_french_open,2012_32_paris_french_open_2012-05-31_R64_mathieu_p_h_isner_j
tennis_data_uk,atp,2012,32,French Open,Paris,2012-05-31,grand_slam,True,clay,R64,64,5,Benneteau J.,Tursunov D.,31,88,1190,608,3,0,6,4,6,4,6,4,,,,,completed,1.3,3.4,1.33,3.7,1.38,3.7,1.34,3.2,2012_32_paris_french_open,2012_32_paris_french_open_2012-05-31_R64_benneteau_j_tursunov_d
tennis_data_uk,atp,2012,32,French Open,Paris,2012-05-31,grand_slam,True,clay,R64,64,5,Tipsarevic J.,Chardy J.,8,55,3110,834,3,0,7,6,6,1,7,5,,,,,completed,1.12,6.0,1.17,6.02,1.2,6.02,1.16,5.1,2012_32_paris_french_open,2012_32_paris_french_open_2012-05-31_R64_tipsarevic_j_chardy_j
tennis_data_uk,atp,2012,32,French Open,Paris,2012-05-31,grand_slam,True,clay,R64,64,5,Gasquet R.,Dimitrov G.,20,87,1600,611,3,1,5,7,7,5,6,2,6,3,,,completed,1.1,7.0,1.13,7.04,1.17,7.04,1.13,5.88,2012_32_paris_french_open,2012_32_paris_french_open_2012-05-31_R64_gasquet_r_dimitrov_g
tennis_data_uk,atp,2012,32,French Open,Paris,2012-05-31,grand_slam,True,clay,R64,64,5,Haas T.,Stakhovsky S.,112,83,493,620,3,0,6,2,6,3,6,2,,,,,completed,1.44,2.62,1.54,2.66,1.56,2.88,1.48,2.6,2012_32_paris_french_open,2012_32_paris_french_open_2012-05-31_R64_haas_t_stakhovsky_s
tennis_data_uk,atp,2012,32,French Open,Paris,2012-06-01,grand_slam,True,clay,R64,64,5,Granollers M.,Jaziri M.,23,94,1385,595,3,2,7,6,3,6,6,1,3,6,7,5,completed,1.25,3.75,1.3,3.89,1.35,3.99,1.3,3.47,2012_32_paris_french_open,2012_32_paris_french_open_2012-06-01_R64_granollers_m_jaziri_m
tennis_data_uk,atp,2012,32,French Open,Paris,2012-06-01,grand_slam,True,clay,R32,32,5,Berdych T.,Anderson K.,7,34,4515,1170,3,2,6,4,3,6,6,7,6,4,6,4,completed,1.04,13.0,1.05,15.5,1.08,15.5,1.05,9.98,2012_32_paris_french_open,2012_32_paris_french_open_2012-06-01_R32_berdych_t_anderson_k
tennis_data_uk,atp,2012,32,French Open,Paris,2012-06-01,grand_slam,True,clay,R32,32,5,Tsonga J.W.,Fognini F.,5,45,4965,965,3,0,7,5,6,4,6,4,,,,,completed,1.16,5.0,1.19,5.61,1.22,5.61,1.18,4.7,2012_32_paris_french_open,2012_32_paris_french_open_2012-06-01_R32_tsonga_j_w_fognini_f
tennis_data_uk,atp,2012,32,French Open,Paris,2012-06-01,grand_slam,True,clay,R32,32,5,Wawrinka S.,Simon G.,21,12,1505,2615,3,2,7,5,6,7,6,7,6,3,6,2,completed,1.66,2.2,1.71,2.29,1.75,2.35,1.68,2.15,2012_32_paris_french_open,2012_32_paris_french_open_2012-06-01_R32_wawrinka_s_simon_g
tennis_data_uk,atp,2012,32,French Open,Paris,2012-06-01,grand_slam,True,clay,R32,32,5,Seppi A.,Verdasco F.,25,16,1355,1765,3,2,7,5,3,6,6,3,4,6,6,2,completed,3.25,1.36,3.35,1.39,3.4,1.4,3.09,1.36,2012_32_paris_french_open,2012_32_paris_french_open_2012-06-01_R32_seppi_a_verdasco_f
tennis_data_uk,atp,2012,32,French Open,Paris,2012-06-01,grand_slam,True,clay,R32,32,5,Goffin D.,Kubot L.,109,49,500,876,3,0,7,6,7,5,6,1,,,,,completed,2.5,1.53,2.56,1.58,2.68,1.59,2.47,1.53,2012_32_paris_french_open,2012_32_paris_french_open_2012-06-01_R32_goffin_d_kubot_l
tennis_data_uk,atp,2012,32,French Open,Paris,2012-06-01,grand_slam,True,clay,R32,32,5,Del Potro J.M.,Cilic M.,9,24,2910,1380,3,0,6,3,7,6,6,1,,,,,completed,1.3,3.5,1.33,3.75,1.36,3.9,1.31,3.39,2012_32_paris_french_open,2012_32_paris_french_open_2012-06-01_R32_del_potro_j_m_cilic_m
tennis_data_uk,atp,2012,32,French Open,Paris,2012-06-01,grand_slam,True,clay,R32,32,5,Federer R.,Mahut N.,3,89,9790,604,3,1,6,3,4,6,6,2,7,5,,,completed,1.01,26.0,1.01,71.0,1.02,71.0,1.01,22.71,2012_32_paris_french_open,2012_32_paris_french_open_2012-06-01_R32_federer_r_mahut_n
tennis_data_uk,atp,2012,32,French Open,Paris,2012-06-01,grand_slam,True,clay,R32,32,5,Djokovic N.,Devilder N.,1,286,11800,159,3,0,6,1,6,2,6,2,,,,,completed,1.0,41.0,1.01,51.0,1.01,60.45,1.01,29.56,2012_32_paris_french_open,2012_32_paris_french_open_2012-06-01_R32_djokovic_n_devilder_n
tennis_data_uk,atp,2012,32,French Open,Paris,2012-06-02,grand_slam,True,clay,R32,32,5,Ferrer D.,Youzhny M.,6,30,4640,1210,3,0,6,0,6,2,6,2,,,,,completed,1.1,7.0,1.13,7.29,1.15,7.29,1.11,6.24,2012_32_paris_french_open,2012_32_paris_french_open_2012-06-02_R32_ferrer_d_youzhny_m
tennis_data_uk,atp,2012,32,French Open,Paris,2012-06-02,grand_slam,True,clay,R32,32,5,Almagro N.,Mayer L.,13,62,2255,749,3,0,6,4,6,1,6,2,,,,,completed,1.08,8.0,1.11,8.4,1.12,8.4,1.1,6.78,2012_32_paris_french_open,2012_32_paris_french_open_2012-06-02_R32_almagro_n_mayer_l
tennis_data_uk,atp,2012,32,French Open,Paris,2012-06-02,grand_slam,True,clay,R32,32,5,Tipsarevic J.,Benneteau J.,8,31,3110,1190,3,0,6,3,7,5,6,4,,,,,completed,1.28,3.75,1.29,4.14,1.33,4.14,1.28,3.6,2012_32_paris_french_open,2012_32_paris_french_open_2012-06-02_R32_tipsarevic_j_benneteau_j
tennis_data_uk,atp,2012,32,French Open,Paris,2012-06-02,grand_slam,True,clay,R32,32,5,Murray A.,Giraldo S.,4,50,7500,868,3,0,6,3,6,4,6,4,,,,,completed,1.25,4.0,1.27,4.26,1.37,4.33,1.27,3.73,2012_32_paris_french_open,2012_32_paris_french_open_2012-06-02_R32_murray_a_giraldo_s
tennis_data_uk,atp,2012,32,French Open,Paris,2012-06-02,grand_slam,True,clay,R32,32,5,Gasquet R.,Haas T.,20,112,1600,493,3,1,6,7,6,3,6,0,6,0,,,completed,1.33,3.4,1.35,3.58,1.4,3.58,1.34,3.23,2012_32_paris_french_open,2012_32_paris_french_open_2012-06-02_R32_gasquet_r_haas_t
tennis_data_uk,atp,2012,32,French Open,Paris,2012-06-02,grand_slam,True,clay,R32,32,5,Monaco J.,Raonic M.,15,22,1945,1460,3,2,6,7,6,3,6,7,6,3,6,4,completed,1.9,1.9,1.91,2.02,2.1,2.07,1.86,1.9,2012_32_paris_french_open,2012_32_paris_french_open_2012-06-02_R32_monaco_j_raonic_m
tennis_data_uk,atp,2012,32,French Open,Paris,2012-06-02,grand_slam,True,clay,R32,32,5,Granollers M.,Mathieu P.H.,23,261,1385,185,3,2,6,4,6,4,1,6,4,6,6,1,completed,1.72,2.1,1.76,2.22,1.8,2.22,1.74,2.06,2012_32_paris_french_open,2012_32_paris_french_open_2012-06-02_R32_granollers_m_mathieu_p_h
tennis_data_uk,atp,2012,32,French Open,Paris,2012-06-02,grand_slam,True,clay,R32,32,5,Nadal R.,Schwank E.,2,192,10060,270,3,0,6,1,6,3,6,4,,,,,completed,,41.0,1.01,81.0,1.01,88.5,1.01,35.54,2012_32_paris_french_open,2012_32_paris_french_open_2012-06-02_R32_nadal_r_schwank_e
tennis_data_uk,atp,2012,32,French Open,Paris,2012-06-03,grand_slam,True,clay,R16,16,5,Djokovic N.,Seppi A.,1,25,11800,1355,3,2,4,6,6,7,6,3,7,5,6,3,completed,1.02,19.0,1.02,26.0,1.03,27.1,1.02,16.05,2012_32_paris_french_open,2012_32_paris_french_open_2012-06-03_R16_djokovic_n_seppi_a
tennis_data_uk,atp,2012,32,French Open,Paris,2012-06-03,grand_slam,True,clay,R16,16,5,Federer R.,Goffin D.,3,109,9790,500,3,1,5,7,7,5,6,2,6,4,,,completed,1.01,26.0,1.01,31.0,1.02,34.0,1.01,19.54,2012_32_paris_french_open,2012_32_paris_french_open_2012-06-03_R16_federer_r_goffin_d
tennis_data_uk,atp,2012,32,French Open,Paris,2012-06-04,grand_slam,True,clay,R16,16,5,Ferrer D.,Granollers M.,6,23,4640,1385,3,0,6,3,6,2,6,0,,,,,completed,1.02,19.0,1.04,17.0,1.04,20.0,1.02,14.15,2012_32_paris_french_open,2012_32_paris_french_open_2012-06-04_R16_ferrer_d_granollers_m
tennis_data_uk,atp,2012,32,French Open,Paris,2012-06-04,grand_slam,True,clay,R16,16,5,Almagro N.,Tipsarevic J.,13,8,2255,3110,3,0,6,4,6,4,6,4,,,,,completed,1.44,2.75,1.45,3.02,1.46,3.02,1.43,2.79,2012_32_paris_french_open,2012_32_paris_french_open_2012-06-04_R16_almagro_n_tipsarevic_j
tennis_data_uk,atp,2012,32,French Open,Paris,2012-06-04,grand_slam,True,clay,R16,16,5,Tsonga J.W.,Wawrinka S.,5,21,4965,1505,3,2,6,4,7,6,3,6,3,6,6,4,completed,1.66,2.2,1.73,2.26,1.78,2.3,1.7,2.11,2012_32_paris_french_open,2012_32_paris_french_open_2012-06-04_R16_tsonga_j_w_wawrinka_s
tennis_data_uk,atp,2012,32,French Open,Paris,2012-06-04,grand_slam,True,clay,R16,16,5,Del Potro J.M.,Berdych T.,9,7,2910,4515,3,1,7,6,1,6,6,3,7,5,,,completed,1.72,2.1,1.83,2.12,1.82,2.25,1.74,2.06,2012_32_paris_french_open,2012_32_paris_french_open_2012-06-04_R16_del_potro_j_m_berdych_t
tennis_data_uk,atp,2012,32,French Open,Paris,2012-06-04,grand_slam,True,clay,R16,16,5,Nadal R.,Monaco J.,2,15,10060,1945,3,0,6,2,6,0,6,0,,,,,completed,1.01,23.0,1.02,22.78,1.03,27.21,1.02,16.51,2012_32_paris_french_open,2012_32_paris_french_open_2012-06-04_R16_nadal_r_monaco_j
tennis_data_uk,atp,2012,32,French Open,Paris,2012-06-04,grand_slam,True,clay,R16,16,5,Murray A.,Gasquet R.,4,20,7500,1600,3,1,1,6,6,4,6,1,6,2,,,completed,1.55,2.4,1.64,2.45,1.67,2.59,1.59,2.33,2012_32_paris_french_open,2012_32_paris_french_open_2012-06-04_R16_murray_a_gasquet_r
tennis_data_uk,atp,2012,32,French Open,Paris,2012-06-05,grand_slam,True,clay,QF,8,5,Djokovic N.,Tsonga J.W.,1,5,11800,4965,3,2,6,1,5,7,5,7,7,6,6,1,completed,1.16,5.0,1.2,5.3,1.22,5.6,1.18,4.89,2012_32_paris_french_open,2012_32_paris_french_open_2012-06-05_QF_djokovic_n_tsonga_j_w
tennis_data_uk,atp,2012,32,French Open,Paris,2012-06-05,grand_slam,True,clay,QF,8,5,Federer R.,Del Potro J.M.,3,9,9790,2910,3,2,3,6,6,7,6,2,6,0,6,3,completed,1.33,3.4,1.36,3.48,1.38,3.6,1.33,3.27,2012_32_paris_french_open,2012_32_paris_french_open_2012-06-05_QF_federer_r_del_potro_j_m
tennis_data_uk,atp,2012,32,French Open,Paris,2012-06-06,grand_slam,True,clay,QF,8,5,Nadal R.,Almagro N.,2,13,10060,2255,3,0,7,6,6,2,6,3,,,,,completed,1.03,15.0,1.04,17.0,1.05,18.0,1.03,12.72,2012_32_paris_french_open,2012_32_paris_french_open_2012-06-06_QF_nadal_r_almagro_n
tennis_data_uk,atp,2012,32,French Open,Paris,2012-06-06,grand_slam,True,clay,QF,8,5,Ferrer D.,Murray A.,6,4,4640,7500,3,1,6,4,6,7,6,3,6,2,,,completed,1.53,2.5,1.48,2.9,1.57,2.9,1.5,2.59,2012_32_paris_french_open,2012_32_paris_french_open_2012-06-06_QF_ferrer_d_murray_a
tennis_data_uk,atp,2012,32,French Open,Paris,2012-06-08,grand_slam,True,clay,SF,4,5,Nadal R.,Ferrer D.,2,6,10060,4640,3,0,6,2,6,2,6,1,,,,,completed,1.06,10.0,1.1,9.0,1.1,11.0,1.07,8.43,2012_32_paris_french_open,2012_32_paris_french_open_2012-06-08_SF_nadal_r_ferrer_d
tennis_data_uk,atp,2012,32,French Open,Paris,2012-06-08,grand_slam,True,clay,SF,4,5,Djokovic N.,Federer R.,1,3,11800,9790,3,0,6,4,7,5,6,3,,,,,completed,1.53,2.5,1.6,2.56,1.63,2.65,1.54,2.47,2012_32_paris_french_open,2012_32_paris_french_open_2012-06-08_SF_djokovic_n_federer_r
tennis_data_uk,atp,2012,32,French Open,Paris,2012-06-10,grand_slam,True,clay,F,2,5,Nadal R.,Djokovic N.,2,1,10060,11800,3,1,6,4,6,3,2,6,7,5,,,completed,1.25,4.33,1.27,4.36,1.31,4.36,1.27,3.79,2012_32_paris_french_open,2012_32_paris_french_open_2012-06-10_F_nadal_r_djokovic_n
tennis_data_uk,atp,2012,33,Gerry Weber Open,Halle,2012-06-11,atp_250,True,grass,R32,32,3,Kubot L.,Nieminen J.,50,45,851,932,2,0,6,4,6,4,,,,,,,completed,2.2,1.61,2.22,1.72,2.23,1.83,2.09,1.7,2012_33_halle_gerry_weber_open,2012_33_halle_gerry_weber_open_2012-06-11_R32_kubot_l_nieminen_j
tennis_data_uk,atp,2012,33,Gerry Weber Open,Halle,2012-06-11,atp_250,True,grass,R32,32,3,Stebe C.M.,Berlocq C.,78,37,625,1050,2,1,6,3,3,6,7,5,,,,,completed,1.36,3.0,1.37,3.35,1.42,3.5,1.37,2.99,2012_33_halle_gerry_weber_open,2012_33_halle_gerry_weber_open_2012-06-11_R32_stebe_c_m_berlocq_c
tennis_data_uk,atp,2012,33,Gerry Weber Open,Halle,2012-06-11,atp_250,True,grass,R32,32,3,Zhang Z.,Kamke T.,217,85,227,605,2,0,6,4,7,6,,,,,,,completed,4.33,1.2,4.67,1.23,4.73,1.29,3.92,1.24,2012_33_halle_gerry_weber_open,2012_33_halle_gerry_weber_open_2012-06-11_R32_zhang_z_kamke_t
tennis_data_uk,atp,2012,33,Gerry Weber Open,Halle,2012-06-11,atp_250,True,grass,R32,32,3,Youzhny M.,Haase R.,31,40,1210,1010,2,0,6,3,6,2,,,,,,,completed,1.36,3.0,1.52,2.68,1.52,3.05,1.43,2.74,2012_33_halle_gerry_weber_open,2012_33_halle_gerry_weber_open_2012-06-11_R32_youzhny_m_haase_r
tennis_data_uk,atp,2012,33,Gerry Weber Open,Halle,2012-06-11,atp_250,True,grass,R32,32,3,Kohlschreiber P.,Brown D.,34,163,1175,317,2,0,7,6,7,6,,,,,,,completed,1.11,6.5,1.16,5.95,1.16,6.5,1.13,5.64,2012_33_halle_gerry_weber_open,2012_33_halle_gerry_weber_open_2012-06-11_R32_kohlschreiber_p_brown_d
tennis_data_uk,atp,2012,33,Gerry Weber Open,Halle,2012-06-11,atp_250,True,grass,R32,32,3,Raonic M.,Petzschner P.,21,144,1540,372,2,0,7,5,7,6,,,,,,,completed,1.2,4.33,1.29,3.98,1.33,5.7,1.22,4.16,2012_33_halle_gerry_weber_open,2012_33_halle_gerry_weber_open_2012-06-11_R32_raonic_m_petzschner_p
tennis_data_uk,atp,2012,33,Gerry Weber Open,Halle,2012-06-12,atp_250,True,grass,R32,32,3,Stepanek R.,Seppi A.,26,24,1340,1490,2,1,7,6,4,6,7,6,,,,,completed,2.2,1.61,2.18,1.75,2.28,1.75,2.18,1.65,2012_33_halle_gerry_weber_open,2012_33_halle_gerry_weber_open_2012-06-12_R32_stepanek_r_seppi_a
tennis_data_uk,atp,2012,33,Gerry Weber Open,Halle,2012-06-12,atp_250,True,grass,R32,32,3,Granollers M.,Zverev M.,22,190,1520,268,2,0,6,4,6,2,,,,,,,completed,1.9,1.8,1.97,1.92,2.0,1.93,1.9,1.84,2012_33_halle_gerry_weber_open,2012_33_halle_gerry_weber_open_2012-06-12_R32_granollers_m_zverev_m
tennis_data_uk,atp,2012,33,Gerry Weber Open,Halle,2012-06-12,atp_250,True,grass,R32,32,3,Mayer F.,Smyczek T.,29,202,1230,247,2,0,6,4,6,4,,,,,,,completed,1.28,3.5,1.26,4.2,1.33,4.2,1.28,3.55,2012_33_halle_gerry_weber_open,2012_33_halle_gerry_weber_open_2012-06-12_R32_mayer_f_smyczek_t
tennis_data_uk,atp,2012,33,Gerry Weber Open,Halle,2012-06-12,atp_250,True,grass,R32,32,3,Lacko L.,Kravchuk K.,58,179,750,279,2,1,2,6,6,2,6,3,,,,,completed,1.3,3.4,1.33,3.58,1.35,3.63,1.32,3.28,2012_33_halle_gerry_weber_open,2012_33_halle_gerry_weber_open_2012-06-12_R32_lacko_l_kravchuk_k
tennis_data_uk,atp,2012,33,Gerry Weber Open,Halle,2012-06-12,atp_250,True,grass,R32,32,3,Troicki V.,Becker B.,33,124,1190,435,2,0,6,2,7,6,,,,,,,completed,2.2,1.61,2.35,1.66,2.43,1.87,2.2,1.65,2012_33_halle_gerry_weber_open,2012_33_halle_gerry_weber_open_2012-06-12_R32_troicki_v_becker_b
tennis_data_uk,atp,2012,33,Gerry Weber Open,Halle,2012-06-12,atp_250,True,grass,R32,32,3,Haas T.,Tomic B.,87,27,598,1255,0,0,5,2,,,,,,,,,retired,2.0,1.72,2.1,1.81,2.1,1.83,2.0,1.77,2012_33_halle_gerry_weber_open,2012_33_halle_gerry_weber_open_2012-06-12_R32_haas_t_tomic_b
tennis_data_uk,atp,2012,33,Gerry Weber Open,Halle,2012-06-13,atp_250,True,grass,R16,16,3,Raonic M.,Zhang Z.,21,217,1540,227,2,0,6,1,6,1,,,,,,,completed,1.02,19.0,1.02,23.5,1.05,24.62,1.03,12.96,2012_33_halle_gerry_weber_open,2012_33_halle_gerry_weber_open_2012-06-13_R16_raonic_m_zhang_z
tennis_data_uk,atp,2012,33,Gerry Weber Open,Halle,2012-06-13,atp_250,True,grass,R16,16,3,Youzhny M.,Dolgopolov O.,31,20,1210,1585,2,1,6,4,3,6,6,3,,,,,completed,1.33,3.25,1.38,3.33,1.4,3.41,1.35,3.09,2012_33_halle_gerry_weber_open,2012_33_halle_gerry_weber_open_2012-06-13_R16_youzhny_m_dolgopolov_o
tennis_data_uk,atp,2012,33,Gerry Weber Open,Halle,2012-06-13,atp_250,True,grass,R16,16,3,Berdych T.,Troicki V.,7,33,4685,1190,2,0,6,3,6,2,,,,,,,completed,1.11,6.5,1.14,6.87,1.14,7.16,1.12,6.01,2012_33_halle_gerry_weber_open,2012_33_halle_gerry_weber_open_2012-06-13_R16_berdych_t_troicki_v
tennis_data_uk,atp,2012,33,Gerry Weber Open,Halle,2012-06-13,atp_250,True,grass,R16,16,3,Stepanek R.,Stebe C.M.,26,78,1340,625,2,0,6,4,6,4,,,,,,,completed,1.33,3.25,1.36,3.44,1.4,3.44,1.35,3.11,2012_33_halle_gerry_weber_open,2012_33_halle_gerry_weber_open_2012-06-13_R16_stepanek_r_stebe_c_m
tennis_data_uk,atp,2012,33,Gerry Weber Open,Halle,2012-06-14,atp_250,True,grass,R16,16,3,Kohlschreiber P.,Kubot L.,34,50,1175,851,2,1,6,7,6,1,6,3,,,,,completed,1.36,3.0,1.41,3.15,1.41,3.4,1.36,3.04,2012_33_halle_gerry_weber_open,2012_33_halle_gerry_weber_open_2012-06-14_R16_kohlschreiber_p_kubot_l
tennis_data_uk,atp,2012,33,Gerry Weber Open,Halle,2012-06-14,atp_250,True,grass,R16,16,3,Haas T.,Granollers M.,87,22,598,1520,2,0,6,3,6,4,,,,,,,completed,1.33,3.25,1.38,3.31,1.41,3.31,1.36,3.05,2012_33_halle_gerry_weber_open,2012_33_halle_gerry_weber_open_2012-06-14_R16_haas_t_granollers_m
tennis_data_uk,atp,2012,33,Gerry Weber Open,Halle,2012-06-14,atp_250,True,grass,R16,16,3,Nadal R.,Lacko L.,2,58,10060,750,2,0,7,5,6,1,,,,,,,completed,1.02,17.0,1.03,20.0,1.05,20.0,1.03,12.15,2012_33_halle_gerry_weber_open,2012_33_halle_gerry_weber_open_2012-06-14_R16_nadal_r_lacko_l
tennis_data_uk,atp,2012,33,Gerry Weber Open,Halle,2012-06-14,atp_250,True,grass,R16,16,3,Federer R.,Mayer F.,3,29,9310,1230,2,0,6,4,7,5,,,,,,,completed,1.05,11.0,1.07,11.0,1.09,12.0,1.05,9.55,2012_33_halle_gerry_weber_open,2012_33_halle_gerry_weber_open_2012-06-14_R16_federer_r_mayer_f
tennis_data_uk,atp,2012,33,Gerry Weber Open,Halle,2012-06-15,atp_250,True,grass,QF,8,3,Youzhny M.,Stepanek R.,31,26,1210,1340,2,1,6,4,4,6,6,4,,,,,completed,1.44,2.62,1.55,2.67,1.57,2.67,1.52,2.49,2012_33_halle_gerry_weber_open,2012_33_halle_gerry_weber_open_2012-06-15_QF_youzhny_m_stepanek_r
tennis_data_uk,atp,2012,33,Gerry Weber Open,Halle,2012-06-15,atp_250,True,grass,QF,8,3,Kohlschreiber P.,Nadal R.,34,2,1175,10060,2,0,6,3,6,4,,,,,,,completed,6.5,1.11,6.77,1.15,7.0,1.17,6.08,1.12,2012_33_halle_gerry_weber_open,2012_33_halle_gerry_weber_open_2012-06-15_QF_kohlschreiber_p_nadal_r
tennis_data_uk,atp,2012,33,Gerry Weber Open,Halle,2012-06-15,atp_250,True,grass,QF,8,3,Federer R.,Raonic M.,3,21,9310,1540,2,1,6,7,6,4,7,6,,,,,completed,1.25,3.75,1.31,3.91,1.33,4.0,1.28,3.56,2012_33_halle_gerry_weber_open,2012_33_halle_gerry_weber_open_2012-06-15_QF_federer_r_raonic_m
tennis_data_uk,atp,2012,33,Gerry Weber Open,Halle,2012-06-15,atp_250,True,grass,QF,8,3,Haas T.,Berdych T.,87,7,598,4685,2,1,6,4,3,6,7,5,,,,,completed,3.75,1.25,3.79,1.32,4.0,1.32,3.7,1.27,2012_33_halle_gerry_weber_open,2012_33_halle_gerry_weber_open_2012-06-15_QF_haas_t_berdych_t
tennis_data_uk,atp,2012,33,Gerry Weber Open,Halle,2012-06-16,atp_250,True,grass,SF,4,3,Federer R.,Youzhny M.,3,31,9310,1210,2,0,6,1,6,4,,,,,,,completed,1.06,10.0,1.09,9.6,1.09,11.0,1.07,8.48,2012_33_halle_gerry_weber_open,2012_33_halle_gerry_weber_open_2012-06-16_SF_federer_r_youzhny_m
tennis_data_uk,atp,2012,33,Gerry Weber Open,Halle,2012-06-16,atp_250,True,grass,SF,4,3,Haas T.,Kohlschreiber P.,87,34,598,1175,2,0,7,6,7,5,,,,,,,completed,2.25,1.57,2.23,1.75,2.38,1.75,2.24,1.62,2012_33_halle_gerry_weber_open,2012_33_halle_gerry_weber_open_2012-06-16_SF_haas_t_kohlschreiber_p
tennis_data_uk,atp,2012,33,Gerry Weber Open,Halle,2012-06-17,atp_250,True,grass,F,2,3,Haas T.,Federer R.,87,3,598,9310,2,0,7,6,6,4,,,,,,,completed,8.0,1.08,9.6,1.09,9.6,1.11,7.13,1.09,2012_33_halle_gerry_weber_open,2012_33_halle_gerry_weber_open_2012-06-17_F_haas_t_federer_r
tennis_data_uk,atp,2012,34,AEGON Championships,Queens Club,2012-06-12,atp_250,True,grass,R64,64,3,Anderson K.,Ward J.,30,171,1215,297,2,1,4,6,6,3,6,4,,,,,completed,1.18,4.5,1.21,4.87,1.22,5.0,1.19,4.5,2012_34_queens_club_aegon_championships,2012_34_queens_club_aegon_championships_2012-06-12_R64_anderson_k_ward_j
tennis_data_uk,atp,2012,34,AEGON Championships,Queens Club,2012-06-12,atp_250,True,grass,R64,64,3,Mahut N.,Garcia-Lopez G.,65,93,684,581,2,0,6,4,6,2,,,,,,,completed,1.36,3.0,1.4,3.18,1.42,3.21,1.38,3.0,2012_34_queens_club_aegon_championships,2012_34_queens_club_aegon_championships_2012-06-12_R64_mahut_n_garcia_lopez_g
tennis_data_uk,atp,2012,34,AEGON Championships,Queens Club,2012-06-12,atp_250,True,grass,R64,64,3,Baker J.,Golding O.,203,482,247,68,2,0,7,6,6,3,,,,,,,completed,1.38,2.87,1.53,2.67,1.53,2.88,1.45,2.7,2012_34_queens_club_aegon_championships,2012_34_queens_club_aegon_championships_2012-06-12_R64_baker_j_golding_o
tennis_data_uk,atp,2012,34,AEGON Championships,Queens Club,2012-06-12,atp_250,True,grass,R64,64,3,Ebden M.,Bachinger M.,74,106,631,507,2,0,7,6,6,3,,,,,,,completed,1.61,2.2,1.78,2.14,1.8,2.25,1.68,2.15,2012_34_queens_club_aegon_championships,2012_34_queens_club_aegon_championships_2012-06-12_R64_ebden_m_bachinger_m
tennis_data_uk,atp,2012,34,AEGON Championships,Queens Club,2012-06-12,atp_250,True,grass,R64,64,3,Darcis S.,Ramirez-Hidalgo R.,71,81,655,622,2,0,7,6,7,5,,,,,,,completed,1.11,6.5,1.13,6.97,1.15,7.0,1.12,6.01,2012_34_queens_club_aegon_championships,2012_34_queens_club_aegon_championships_2012-06-12_R64_darcis_s_ramirez_hidalgo_r
tennis_data_uk,atp,2012,34,AEGON Championships,Queens Club,2012-06-12,atp_250,True,grass,R64,64,3,Roger-Vasselin E.,Korolev E.,67,383,669,103,2,1,6,7,6,2,6,4,,,,,completed,1.4,2.75,1.47,2.89,1.48,3.0,1.42,2.79,2012_34_queens_club_aegon_championships,2012_34_queens_club_aegon_championships_2012-06-12_R64_roger_vasselin_e_korolev_e
tennis_data_uk,atp,2012,34,AEGON Championships,Queens Club,2012-06-12,atp_250,True,grass,R64,64,3,Muller G.,Broady L.,53,809,797,16,2,0,6,2,6,1,,,,,,,completed,1.04,13.0,1.04,13.71,1.07,15.0,1.04,10.71,2012_34_queens_club_aegon_championships,2012_34_queens_club_aegon_championships_2012-06-12_R64_muller_g_broady_l
tennis_data_uk,atp,2012,34,AEGON Championships,Queens Club,2012-06-12,atp_250,True,grass,R64,64,3,Sweeting R.,Tursunov D.,134,66,400,680,2,0,6,4,7,6,,,,,,,completed,3.5,1.28,3.86,1.3,4.25,1.33,3.63,1.28,2012_34_queens_club_aegon_championships,2012_34_queens_club_aegon_championships_2012-06-12_R64_sweeting_r_tursunov_d
tennis_data_uk,atp,2012,34,AEGON Championships,Queens Club,2012-06-12,atp_250,True,grass,R64,64,3,Karlovic I.,Hewitt L.,56,205,776,245,2,0,6,3,6,2,,,,,,,completed,2.1,1.66,2.2,1.74,2.2,1.79,2.08,1.71,2012_34_queens_club_aegon_championships,2012_34_queens_club_aegon_championships_2012-06-12_R64_karlovic_i_hewitt_l
tennis_data_uk,atp,2012,34,AEGON Championships,Queens Club,2012-06-12,atp_250,True,grass,R64,64,3,Lu Y.H.,Kunitsyn I.,57,100,765,543,2,1,4,6,7,6,6,3,,,,,completed,1.44,2.62,1.56,2.56,1.56,2.75,1.49,2.55,2012_34_queens_club_aegon_championships,2012_34_queens_club_aegon_championships_2012-06-12_R64_lu_y_h_kunitsyn_i
tennis_data_uk,atp,2012,34,AEGON Championships,Queens Club,2012-06-12,atp_250,True,grass,R64,64,3,Stakhovsky S.,Cipolla F.,86,91,603,591,2,0,6,4,6,1,,,,,,,completed,1.3,3.4,1.29,3.9,1.35,3.9,1.3,3.43,2012_34_queens_club_aegon_championships,2012_34_queens_club_aegon_championships_2012-06-12_R64_stakhovsky_s_cipolla_f
tennis_data_uk,atp,2012,34,AEGON Championships,Queens Club,2012-06-12,atp_250,True,grass,R64,64,3,Dimitrov G.,Reynolds B.,72,127,646,410,2,0,6,3,7,5,,,,,,,completed,1.22,4.0,1.28,4.02,1.3,4.14,1.28,3.6,2012_34_queens_club_aegon_championships,2012_34_queens_club_aegon_championships_2012-06-12_R64_dimitrov_g_reynolds_b
tennis_data_uk,atp,2012,34,AEGON Championships,Queens Club,2012-06-12,atp_250,True,grass,R64,64,3,Bolelli S.,Gulbis E.,120,88,441,596,2,0,6,3,6,4,,,,,,,completed,2.2,1.61,2.26,1.7,2.26,1.73,2.14,1.68,2012_34_queens_club_aegon_championships,2012_34_queens_club_aegon_championships_2012-06-12_R64_bolelli_s_gulbis_e
tennis_data_uk,atp,2012,34,AEGON Championships,Queens Club,2012-06-12,atp_250,True,grass,R64,64,3,Baghdatis M.,Gil F.,42,105,990,507,2,1,7,6,4,6,6,2,,,,,completed,1.07,9.0,1.08,9.43,1.11,10.4,1.08,7.6,2012_34_queens_club_aegon_championships,2012_34_queens_club_aegon_championships_2012-06-12_R64_baghdatis_m_gil_f
tennis_data_uk,atp,2012,34,AEGON Championships,Queens Club,2012-06-12,atp_250,True,grass,R64,64,3,Querrey S.,Rochus O.,77,61,627,725,2,1,6,1,6,7,6,4,,,,,completed,1.3,3.4,1.3,3.82,1.35,3.99,1.31,3.37,2012_34_queens_club_aegon_championships,2012_34_queens_club_aegon_championships_2012-06-12_R64_querrey_s_rochus_o
tennis_data_uk,atp,2012,34,AEGON Championships,Queens Club,2012-06-12,atp_250,True,grass,R64,64,3,Bogomolov A.,Klizan M.,46,60,910,728,2,0,6,2,7,6,,,,,,,completed,1.66,2.1,1.74,2.2,1.74,2.28,1.66,2.17,2012_34_queens_club_aegon_championships,2012_34_queens_club_aegon_championships_2012-06-12_R64_bogomolov_a_klizan_m
tennis_data_uk,atp,2012,34,AEGON Championships,Queens Club,2012-06-12,atp_250,True,grass,R64,64,3,Rosol L.,Hanescu V.,101,153,527,345,2,0,6,4,7,6,,,,,,,completed,1.9,1.8,1.93,1.96,2.0,1.96,1.91,1.84,2012_34_queens_club_aegon_championships,2012_34_queens_club_aegon_championships_2012-06-12_R64_rosol_l_hanescu_v
tennis_data_uk,atp,2012,34,AEGON Championships,Queens Club,2012-06-12,atp_250,True,grass,R64,64,3,Malisse X.,Ungur A.,84,79,606,625,2,0,6,4,6,4,,,,,,,completed,1.12,6.0,1.12,7.2,1.14,8.7,1.11,6.45,2012_34_queens_club_aegon_championships,2012_34_queens_club_aegon_championships_2012-06-12_R64_malisse_x_ungur_a
tennis_data_uk,atp,2012,34,AEGON Championships,Queens Club,2012-06-12,atp_250,True,grass,R64,64,3,Istomin D.,De Schepper K.,41,161,1007,326,2,0,6,4,7,6,,,,,,,completed,1.36,3.0,1.43,3.05,1.45,3.11,1.42,2.81,2012_34_queens_club_aegon_championships,2012_34_queens_club_aegon_championships_2012-06-12_R64_istomin_d_de_schepper_k
tennis_data_uk,atp,2012,34,AEGON Championships,Queens Club,2012-06-12,atp_250,True,grass,R64,64,3,Dodig I.,Dancevic F.,69,121,660,441,1,0,6,1,,,,,,,,,retired,1.5,2.5,1.6,2.48,1.6,2.64,1.52,2.48,2012_34_queens_club_aegon_championships,2012_34_queens_club_aegon_championships_2012-06-12_R64_dodig_i_dancevic_f
tennis_data_uk,atp,2012,34,AEGON Championships,Queens Club,2012-06-12,atp_250,True,grass,R64,64,3,Bemelmans R.,Jaziri M.,131,73,402,633,2,1,6,4,1,6,6,3,,,,,completed,1.22,4.0,1.27,4.1,1.3,4.19,1.27,3.7,2012_34_queens_club_aegon_championships,2012_34_queens_club_aegon_championships_2012-06-12_R64_bemelmans_r_jaziri_m
tennis_data_uk,atp,2012,34,AEGON Championships,Queens Club,2012-06-12,atp_250,True,grass,R64,64,3,Nalbandian D.,Pospisil V.,39,103,1015,518,2,1,4,6,6,2,6,2,,,,,completed,1.16,5.0,1.18,5.4,1.2,5.45,1.17,4.77,2012_34_queens_club_aegon_championships,2012_34_queens_club_aegon_championships_2012-06-12_R64_nalbandian_d_pospisil_v
tennis_data_uk,atp,2012,34,AEGON Championships,Queens Club,2012-06-12,atp_250,True,grass,R64,64,3,Soeda G.,Phau B.,54,89,785,595,2,0,6,2,6,2,,,,,,,completed,1.53,2.37,1.61,2.45,1.62,2.5,1.55,2.4,2012_34_queens_club_aegon_championships,2012_34_queens_club_aegon_championships_2012-06-12_R64_soeda_g_phau_b
tennis_data_uk,atp,2012,34,AEGON Championships,Queens Club,2012-06-13,atp_250,True,grass,R64,64,3,Ito T.,Lorenzi P.,68,90,665,593,2,1,7,6,4,6,6,2,,,,,completed,1.36,3.0,1.42,3.09,1.42,3.3,1.35,3.12,2012_34_queens_club_aegon_championships,2012_34_queens_club_aegon_championships_2012-06-13_R64_ito_t_lorenzi_p
tennis_data_uk,atp,2012,34,AEGON Championships,Queens Club,2012-06-13,atp_250,True,grass,R32,32,3,Cilic M.,Ebden M.,25,74,1460,631,2,0,6,2,6,1,,,,,,,completed,1.14,5.5,1.21,5.08,1.22,5.5,1.18,4.68,2012_34_queens_club_aegon_championships,2012_34_queens_club_aegon_championships_2012-06-13_R32_cilic_m_ebden_m
tennis_data_uk,atp,2012,34,AEGON Championships,Queens Club,2012-06-13,atp_250,True,grass,R32,32,3,Lu Y.H.,Karlovic I.,57,56,765,776,2,1,6,7,7,6,7,6,,,,,completed,4.5,1.18,5.0,1.21,5.15,1.3,4.21,1.22,2012_34_queens_club_aegon_championships,2012_34_queens_club_aegon_championships_2012-06-13_R32_lu_y_h_karlovic_i
tennis_data_uk,atp,2012,34,AEGON Championships,Queens Club,2012-06-13,atp_250,True,grass,R32,32,3,Bolelli S.,Simon G.,120,13,441,2525,2,1,4,6,6,3,7,6,,,,,completed,4.0,1.22,4.01,1.29,4.1,1.3,3.75,1.26,2012_34_queens_club_aegon_championships,2012_34_queens_club_aegon_championships_2012-06-13_R32_bolelli_s_simon_g
tennis_data_uk,atp,2012,34,AEGON Championships,Queens Club,2012-06-13,atp_250,True,grass,R32,32,3,Roger-Vasselin E.,Roddick A.,67,32,669,1190,2,1,6,4,4,6,7,5,,,,,completed,3.4,1.3,3.35,1.37,3.6,1.39,3.3,1.32,2012_34_queens_club_aegon_championships,2012_34_queens_club_aegon_championships_2012-06-13_R32_roger_vasselin_e_roddick_a
tennis_data_uk,atp,2012,34,AEGON Championships,Queens Club,2012-06-13,atp_250,True,grass,R32,32,3,Dimitrov G.,Muller G.,72,53,646,797,2,0,7,6,6,4,,,,,,,completed,1.72,2.0,1.77,2.18,1.85,2.2,1.75,2.02,2012_34_queens_club_aegon_championships,2012_34_queens_club_aegon_championships_2012-06-13_R32_dimitrov_g_muller_g
tennis_data_uk,atp,2012,34,AEGON Championships,Queens Club,2012-06-13,atp_250,True,grass,R32,32,3,Lopez F.,Darcis S.,17,71,1725,655,2,1,6,3,3,6,7,5,,,,,completed,1.4,2.75,1.48,2.88,1.59,2.9,1.47,2.63,2012_34_queens_club_aegon_championships,2012_34_queens_club_aegon_championships_2012-06-13_R32_lopez_f_darcis_s
tennis_data_uk,atp,2012,34,AEGON Championships,Queens Club,2012-06-13,atp_250,True,grass,R32,32,3,Anderson K.,Stakhovsky S.,30,86,1215,603,1,1,7,6,2,6,3,4,,,,,retired,1.5,2.5,1.56,2.59,1.57,2.8,1.5,2.54,2012_34_queens_club_aegon_championships,2012_34_queens_club_aegon_championships_2012-06-13_R32_anderson_k_stakhovsky_s
tennis_data_uk,atp,2012,34,AEGON Championships,Queens Club,2012-06-13,atp_250,True,grass,R32,32,3,Mahut N.,Murray A.,65,4,684,6980,2,1,6,3,6,7,7,6,,,,,completed,8.0,1.08,8.2,1.11,9.0,1.12,7.01,1.09,2012_34_queens_club_aegon_championships,2012_34_queens_club_aegon_championships_2012-06-13_R32_mahut_n_murray_a
tennis_data_uk,atp,2012,34,AEGON Championships,Queens Club,2012-06-13,atp_250,True,grass,R32,32,3,Malisse X.,Bogomolov A.,84,46,606,910,2,1,6,3,4,6,6,0,,,,,completed,1.22,4.0,1.25,4.46,1.3,5.6,1.25,3.82,2012_34_queens_club_aegon_championships,2012_34_queens_club_aegon_championships_2012-06-13_R32_malisse_x_bogomolov_a
tennis_data_uk,atp,2012,34,AEGON Championships,Queens Club,2012-06-13,atp_250,True,grass,R32,32,3,Rosol L.,Baghdatis M.,101,42,527,990,2,1,6,3,4,6,6,4,,,,,completed,3.4,1.3,3.48,1.36,3.75,1.36,3.42,1.3,2012_34_queens_club_aegon_championships,2012_34_queens_club_aegon_championships_2012-06-13_R32_rosol_l_baghdatis_m
tennis_data_uk,atp,2012,34,AEGON Championships,Queens Club,2012-06-13,atp_250,True,grass,R32,32,3,Dodig I.,Soeda G.,69,54,660,785,2,0,6,3,7,6,,,,,,,completed,1.8,1.9,1.92,1.99,1.92,2.04,1.82,1.93,2012_34_queens_club_aegon_championships,2012_34_queens_club_aegon_championships_2012-06-13_R32_dodig_i_soeda_g
tennis_data_uk,atp,2012,34,AEGON Championships,Queens Club,2012-06-13,atp_250,True,grass,R32,32,3,Benneteau J.,Ito T.,28,68,1235,665,2,1,5,7,6,4,7,5,,,,,completed,1.36,3.0,1.39,3.27,1.41,3.27,1.37,3.04,2012_34_queens_club_aegon_championships,2012_34_queens_club_aegon_championships_2012-06-13_R32_benneteau_j_ito_t
tennis_data_uk,atp,2012,34,AEGON Championships,Queens Club,2012-06-13,atp_250,True,grass,R32,32,3,Querrey S.,Istomin D.,77,41,627,1007,2,0,7,6,6,3,,,,,,,completed,1.53,2.37,1.6,2.5,1.66,2.5,1.6,2.29,2012_34_queens_club_aegon_championships,2012_34_queens_club_aegon_championships_2012-06-13_R32_querrey_s_istomin_d
tennis_data_uk,atp,2012,34,AEGON Championships,Queens Club,2012-06-13,atp_250,True,grass,R32,32,3,Tsonga J.W.,Baker J.,5,203,5230,247,2,0,6,3,6,2,,,,,,,completed,1.02,17.0,1.02,22.73,1.04,22.73,1.02,13.73,2012_34_queens_club_aegon_championships,2012_34_queens_club_aegon_championships_2012-06-13_R32_tsonga_j_w_baker_j
tennis_data_uk,atp,2012,34,AEGON Championships,Queens Club,2012-06-13,atp_250,True,grass,R32,32,3,Nalbandian D.,Bemelmans R.,39,131,1015,402,2,0,6,4,6,2,,,,,,,completed,1.18,4.5,1.27,4.26,1.27,4.5,1.22,4.15,2012_34_queens_club_aegon_championships,2012_34_queens_club_aegon_championships_2012-06-13_R32_nalbandian_d_bemelmans_r
tennis_data_uk,atp,2012,34,AEGON Championships,Queens Club,2012-06-13,atp_250,True,grass,R32,32,3,Tipsarevic J.,Sweeting R.,8,134,3200,400,2,0,6,1,7,6,,,,,,,completed,1.07,9.0,1.09,9.41,1.1,9.5,1.08,7.5,2012_34_queens_club_aegon_championships,2012_34_queens_club_aegon_championships_2012-06-13_R32_tipsarevic_j_sweeting_r
tennis_data_uk,atp,2012,34,AEGON Championships,Queens Club,2012-06-14,atp_250,True,grass,R16,16,3,Dimitrov G.,Mahut N.,72,65,646,684,2,0,7,6,6,4,,,,,,,completed,2.25,1.57,2.06,1.85,2.3,1.85,2.15,1.67,2012_34_queens_club_aegon_championships,2012_34_queens_club_aegon_championships_2012-06-14_R16_dimitrov_g_mahut_n
tennis_data_uk,atp,2012,34,AEGON Championships,Queens Club,2012-06-14,atp_250,True,grass,R16,16,3,Anderson K.,Lopez F.,30,17,1215,1725,2,0,7,6,7,6,,,,,,,completed,2.2,1.61,2.36,1.67,2.38,1.67,2.23,1.63,2012_34_queens_club_aegon_championships,2012_34_queens_club_aegon_championships_2012-06-14_R16_anderson_k_lopez_f
tennis_data_uk,atp,2012,34,AEGON Championships,Queens Club,2012-06-14,atp_250,True,grass,R16,16,3,Malisse X.,Bolelli S.,84,120,606,441,2,0,7,6,6,3,,,,,,,completed,1.44,2.62,1.5,2.8,1.52,2.83,1.47,2.62,2012_34_queens_club_aegon_championships,2012_34_queens_club_aegon_championships_2012-06-14_R16_malisse_x_bolelli_s
tennis_data_uk,atp,2012,34,AEGON Championships,Queens Club,2012-06-14,atp_250,True,grass,R16,16,3,Dodig I.,Tsonga J.W.,69,5,660,5230,2,1,7,6,3,6,7,6,,,,,completed,10.0,1.06,11.25,1.07,13.0,1.07,9.3,1.05,2012_34_queens_club_aegon_championships,2012_34_queens_club_aegon_championships_2012-06-14_R16_dodig_i_tsonga_j_w
tennis_data_uk,atp,2012,34,AEGON Championships,Queens Club,2012-06-14,atp_250,True,grass,R16,16,3,Querrey S.,Benneteau J.,77,28,627,1235,2,1,6,3,3,6,6,3,,,,,completed,1.38,2.87,1.38,3.35,1.45,3.35,1.4,2.87,2012_34_queens_club_aegon_championships,2012_34_queens_club_aegon_championships_2012-06-14_R16_querrey_s_benneteau_j
tennis_data_uk,atp,2012,34,AEGON Championships,Queens Club,2012-06-14,atp_250,True,grass,R16,16,3,Cilic M.,Rosol L.,25,101,1460,527,2,0,7,6,6,2,,,,,,,completed,1.12,6.0,1.13,7.04,1.16,7.04,1.13,5.72,2012_34_queens_club_aegon_championships,2012_34_queens_club_aegon_championships_2012-06-14_R16_cilic_m_rosol_l
tennis_data_uk,atp,2012,34,AEGON Championships,Queens Club,2012-06-15,atp_250,True,grass,R16,16,3,Lu Y.H.,Tipsarevic J.,57,8,765,3200,2,1,6,3,2,6,7,6,,,,,completed,6.5,1.11,6.35,1.15,7.0,1.18,5.67,1.15,2012_34_queens_club_aegon_championships,2012_34_queens_club_aegon_championships_2012-06-15_R16_lu_y_h_tipsarevic_j
tennis_data_uk,atp,2012,34,AEGON Championships,Queens Club,2012-06-15,atp_250,True,grass,R16,16,3,Nalbandian D.,Roger-Vasselin E.,39,67,1015,669,2,1,4,6,7,5,6,3,,,,,completed,1.36,3.0,1.43,3.1,1.43,3.25,1.38,3.04,2012_34_queens_club_aegon_championships,2012_34_queens_club_aegon_championships_2012-06-15_R16_nalbandian_d_roger_vasselin_e
tennis_data_uk,atp,2012,34,AEGON Championships,Queens Club,2012-06-15,atp_250,True,grass,QF,8,3,Dimitrov G.,Anderson K.,72,30,646,1215,2,1,4,6,6,4,6,3,,,,,completed,1.66,2.1,1.77,2.2,1.81,2.2,1.75,2.04,2012_34_queens_club_aegon_championships,2012_34_queens_club_aegon_championships_2012-06-15_QF_dimitrov_g_anderson_k
tennis_data_uk,atp,2012,34,AEGON Championships,Queens Club,2012-06-15,atp_250,True,grass,QF,8,3,Cilic M.,Lu Y.H.,25,57,1460,765,1,0,6,4,2,0,,,,,,,retired,1.18,4.5,1.24,4.76,1.25,4.79,1.22,4.21,2012_34_queens_club_aegon_championships,2012_34_queens_club_aegon_championships_2012-06-15_QF_cilic_m_lu_y_h
tennis_data_uk,atp,2012,34,AEGON Championships,Queens Club,2012-06-15,atp_250,True,grass,QF,8,3,Nalbandian D.,Malisse X.,39,84,1015,606,2,1,4,6,7,6,6,4,,,,,completed,1.66,2.1,1.93,1.99,1.93,2.38,1.72,2.1,2012_34_queens_club_aegon_championships,2012_34_queens_club_aegon_championships_2012-06-15_QF_nalbandian_d_malisse_x
tennis_data_uk,atp,2012,34,AEGON Championships,Queens Club,2012-06-15,atp_250,True,grass,QF,8,3,Querrey S.,Dodig I.,77,69,627,660,2,1,7,5,3,6,6,3,,,,,completed,1.33,3.25,1.35,3.55,1.4,3.55,1.36,3.07,2012_34_queens_club_aegon_championships,2012_34_queens_club_aegon_championships_2012-06-15_QF_querrey_s_dodig_i
tennis_data_uk,atp,2012,34,AEGON Championships,Queens Club,2012-06-16,atp_250,True,grass,SF,4,3,Cilic M.,Querrey S.,25,77,1460,627,2,1,6,3,3,6,6,3,,,,,completed,1.4,2.75,1.48,2.9,1.48,2.9,1.43,2.74,2012_34_queens_club_aegon_championships,2012_34_queens_club_aegon_championships_2012-06-16_SF_cilic_m_querrey_s
tennis_data_uk,atp,2012,34,AEGON Championships,Queens Club,2012-06-16,atp_250,True,grass,SF,4,3,Nalbandian D.,Dimitrov G.,39,72,1015,646,2,0,6,4,6,4,,,,,,,completed,2.0,1.72,2.24,1.75,2.25,1.9,1.97,1.8,2012_34_queens_club_aegon_championships,2012_34_queens_club_aegon_championships_2012-06-16_SF_nalbandian_d_dimitrov_g
tennis_data_uk,atp,2012,34,AEGON Championships,Queens Club,2012-06-17,atp_250,True,grass,F,2,3,Cilic M.,Nalbandian D.,25,39,1460,1015,0,1,6,7,4,3,,,,,,,disqualified,1.8,2.0,1.74,2.26,1.88,2.26,1.79,1.99,2012_34_queens_club_aegon_championships,2012_34_queens_club_aegon_championships_2012-06-17_F_cilic_m_nalbandian_d
tennis_data_uk,atp,2012,35,AEGON International,Eastbourne,2012-06-18,atp_250,True,grass,R32,32,3,Berlocq C.,Kukushkin M.,37,51,1050,833,2,1,3,6,6,4,6,2,,,,,completed,2.1,1.66,2.14,1.78,2.25,1.8,2.13,1.68,2012_35_eastbourne_aegon_international,2012_35_eastbourne_aegon_international_2012-06-18_R32_berlocq_c_kukushkin_m
tennis_data_uk,atp,2012,35,AEGON International,Eastbourne,2012-06-18,atp_250,True,grass,R32,32,3,Harrison R.,Pospisil V.,53,105,801,518,2,1,3,6,7,6,7,6,,,,,completed,1.61,2.2,1.59,2.5,1.86,2.5,1.67,2.16,2012_35_eastbourne_aegon_international,2012_35_eastbourne_aegon_international_2012-06-18_R32_harrison_r_pospisil_v
tennis_data_uk,atp,2012,35,AEGON International,Eastbourne,2012-06-18,atp_250,True,grass,R32,32,3,Baghdatis M.,Andujar P.,42,36,945,1115,2,0,6,1,6,1,,,,,,,completed,1.16,5.0,1.18,5.54,1.2,5.87,1.17,4.89,2012_35_eastbourne_aegon_international,2012_35_eastbourne_aegon_international_2012-06-18_R32_baghdatis_m_andujar_p
tennis_data_uk,atp,2012,35,AEGON International,Eastbourne,2012-06-18,atp_250,True,grass,R32,32,3,Chardy J.,Mathieu P.H.,58,183,783,275,2,1,7,5,6,7,7,6,,,,,completed,2.37,1.53,2.59,1.56,2.61,1.57,2.44,1.53,2012_35_eastbourne_aegon_international,2012_35_eastbourne_aegon_international_2012-06-18_R32_chardy_j_mathieu_p_h
tennis_data_uk,atp,2012,35,AEGON International,Eastbourne,2012-06-18,atp_250,True,grass,R32,32,3,Fognini F.,Ramos A.,64,43,695,935,2,1,7,6,6,7,6,2,,,,,completed,1.57,2.25,1.72,2.23,1.72,2.4,1.62,2.25,2012_35_eastbourne_aegon_international,2012_35_eastbourne_aegon_international_2012-06-18_R32_fognini_f_ramos_a
tennis_data_uk,atp,2012,35,AEGON International,Eastbourne,2012-06-18,atp_250,True,grass,R32,32,3,Baker J.,Young D.,200,50,256,834,2,0,6,1,6,4,,,,,,,completed,2.1,1.66,2.14,1.78,2.25,1.79,2.12,1.68,2012_35_eastbourne_aegon_international,2012_35_eastbourne_aegon_international_2012-06-18_R32_baker_j_young_d
tennis_data_uk,atp,2012,35,AEGON International,Eastbourne,2012-06-18,atp_250,True,grass,R32,32,3,Matosevic M.,Ward J.,82,173,616,297,2,1,4,6,6,1,6,4,,,,,completed,1.5,2.5,1.5,2.75,1.52,2.8,1.47,2.64,2012_35_eastbourne_aegon_international,2012_35_eastbourne_aegon_international_2012-06-18_R32_matosevic_m_ward_j
tennis_data_uk,atp,2012,35,AEGON International,Eastbourne,2012-06-19,atp_250,True,grass,R32,32,3,Lu Y.H.,Benneteau J.,55,31,795,1210,2,1,6,3,2,6,7,6,,,,,completed,2.62,1.44,2.81,1.49,2.9,1.54,2.67,1.45,2012_35_eastbourne_aegon_international,2012_35_eastbourne_aegon_international_2012-06-19_R32_lu_y_h_benneteau_j
tennis_data_uk,atp,2012,35,AEGON International,Eastbourne,2012-06-19,atp_250,True,grass,R32,32,3,Darcis S.,Ebden M.,72,75,655,641,2,0,6,2,6,4,,,,,,,completed,2.25,1.57,2.29,1.69,2.35,1.74,2.16,1.66,2012_35_eastbourne_aegon_international,2012_35_eastbourne_aegon_international_2012-06-19_R32_darcis_s_ebden_m
tennis_data_uk,atp,2012,35,AEGON International,Eastbourne,2012-06-19,atp_250,True,grass,R32,32,3,Istomin D.,Llodra M.,41,52,1007,810,2,0,6,4,6,3,,,,,,,completed,2.37,1.53,2.55,1.57,2.61,1.64,2.39,1.55,2012_35_eastbourne_aegon_international,2012_35_eastbourne_aegon_international_2012-06-19_R32_istomin_d_llodra_m
tennis_data_uk,atp,2012,35,AEGON International,Eastbourne,2012-06-19,atp_250,True,grass,R32,32,3,Kohlschreiber P.,Soeda G.,29,56,1220,787,2,0,6,4,7,5,,,,,,,completed,1.16,5.0,1.18,5.47,1.2,5.72,1.16,4.87,2012_35_eastbourne_aegon_international,2012_35_eastbourne_aegon_international_2012-06-19_R32_kohlschreiber_p_soeda_g
tennis_data_uk,atp,2012,35,AEGON International,Eastbourne,2012-06-19,atp_250,True,grass,R32,32,3,Roddick A.,Querrey S.,33,63,1190,705,0,0,5,2,,,,,,,,,retired,2.1,1.66,2.23,1.72,2.25,1.77,2.12,1.69,2012_35_eastbourne_aegon_international,2012_35_eastbourne_aegon_international_2012-06-19_R32_roddick_a_querrey_s
tennis_data_uk,atp,2012,35,AEGON International,Eastbourne,2012-06-19,atp_250,True,grass,R16,16,3,Matosevic M.,Gasquet R.,82,19,616,1600,2,1,1,6,7,6,7,6,,,,,completed,4.33,1.2,5.83,1.17,5.83,1.24,4.63,1.18,2012_35_eastbourne_aegon_international,2012_35_eastbourne_aegon_international_2012-06-19_R16_matosevic_m_gasquet_r
tennis_data_uk,atp,2012,35,AEGON International,Eastbourne,2012-06-20,atp_250,True,grass,R16,16,3,Seppi A.,Berlocq C.,26,37,1285,1050,2,0,7,6,6,3,,,,,,,completed,1.22,4.0,1.27,4.18,1.3,4.2,1.26,3.72,2012_35_eastbourne_aegon_international,2012_35_eastbourne_aegon_international_2012-06-20_R16_seppi_a_berlocq_c
tennis_data_uk,atp,2012,35,AEGON International,Eastbourne,2012-06-20,atp_250,True,grass,R16,16,3,Fognini F.,Tomic B.,64,27,695,1255,2,1,4,6,6,3,7,5,,,,,completed,3.25,1.33,3.56,1.34,3.56,1.37,3.29,1.32,2012_35_eastbourne_aegon_international,2012_35_eastbourne_aegon_international_2012-06-20_R16_fognini_f_tomic_b
tennis_data_uk,atp,2012,35,AEGON International,Eastbourne,2012-06-20,atp_250,True,grass,R16,16,3,Darcis S.,Baghdatis M.,72,42,655,945,2,1,6,4,4,6,6,4,,,,,completed,3.4,1.3,3.56,1.34,3.57,1.4,3.19,1.33,2012_35_eastbourne_aegon_international,2012_35_eastbourne_aegon_international_2012-06-20_R16_darcis_s_baghdatis_m
tennis_data_uk,atp,2012,35,AEGON International,Eastbourne,2012-06-20,atp_250,True,grass,R16,16,3,Istomin D.,Granollers M.,41,23,1007,1530,2,1,6,1,4,6,7,6,,,,,completed,1.4,2.75,1.5,2.81,1.5,2.81,1.45,2.66,2012_35_eastbourne_aegon_international,2012_35_eastbourne_aegon_international_2012-06-20_R16_istomin_d_granollers_m
tennis_data_uk,atp,2012,35,AEGON International,Eastbourne,2012-06-20,atp_250,True,grass,R16,16,3,Harrison R.,Lu Y.H.,53,55,801,795,2,0,6,1,7,6,,,,,,,completed,1.61,2.2,1.75,2.2,1.78,2.23,1.71,2.08,2012_35_eastbourne_aegon_international,2012_35_eastbourne_aegon_international_2012-06-20_R16_harrison_r_lu_y_h
tennis_data_uk,atp,2012,35,AEGON International,Eastbourne,2012-06-20,atp_250,True,grass,R16,16,3,Roddick A.,Chardy J.,33,58,1190,783,2,0,6,2,7,6,,,,,,,completed,1.38,2.87,1.34,3.56,1.45,3.56,1.38,2.94,2012_35_eastbourne_aegon_international,2012_35_eastbourne_aegon_international_2012-06-20_R16_roddick_a_chardy_j
tennis_data_uk,atp,2012,35,AEGON International,Eastbourne,2012-06-20,atp_250,True,grass,R16,16,3,Kohlschreiber P.,Baker J.,29,200,1220,256,2,1,6,2,3,6,6,3,,,,,completed,1.08,8.0,1.14,6.97,1.15,8.0,1.1,6.77,2012_35_eastbourne_aegon_international,2012_35_eastbourne_aegon_international_2012-06-20_R16_kohlschreiber_p_baker_j
tennis_data_uk,atp,2012,35,AEGON International,Eastbourne,2012-06-22,atp_250,True,grass,QF,8,3,Darcis S.,Matosevic M.,72,82,655,616,2,0,6,2,7,6,,,,,,,completed,1.8,1.9,1.91,2.02,1.95,2.02,1.87,1.88,2012_35_eastbourne_aegon_international,2012_35_eastbourne_aegon_international_2012-06-22_QF_darcis_s_matosevic_m
tennis_data_uk,atp,2012,35,AEGON International,Eastbourne,2012-06-22,atp_250,True,grass,QF,8,3,Roddick A.,Fognini F.,33,64,1190,695,2,1,6,3,3,6,7,5,,,,,completed,1.16,5.0,1.19,5.57,1.2,5.6,1.17,4.83,2012_35_eastbourne_aegon_international,2012_35_eastbourne_aegon_international_2012-06-22_QF_roddick_a_fognini_f
tennis_data_uk,atp,2012,35,AEGON International,Eastbourne,2012-06-22,atp_250,True,grass,QF,8,3,Harrison R.,Istomin D.,53,41,801,1007,2,0,7,6,6,4,,,,,,,completed,2.5,1.5,2.58,1.58,2.58,1.61,2.38,1.56,2012_35_eastbourne_aegon_international,2012_35_eastbourne_aegon_international_2012-06-22_QF_harrison_r_istomin_d
tennis_data_uk,atp,2012,35,AEGON International,Eastbourne,2012-06-22,atp_250,True,grass,QF,8,3,Seppi A.,Kohlschreiber P.,26,29,1285,1220,1,0,7,5,2,1,,,,,,,retired,2.1,1.66,2.2,1.77,2.24,1.77,2.13,1.69,2012_35_eastbourne_aegon_international,2012_35_eastbourne_aegon_international_2012-06-22_QF_seppi_a_kohlschreiber_p
tennis_data_uk,atp,2012,35,AEGON International,Eastbourne,2012-06-22,atp_250,True,grass,SF,4,3,Roddick A.,Darcis S.,33,72,1190,655,1,0,6,3,3,1,,,,,,,retired,1.5,2.5,1.53,2.72,1.53,3.0,1.45,2.71,2012_35_eastbourne_aegon_international,2012_35_eastbourne_aegon_international_2012-06-22_SF_roddick_a_darcis_s
tennis_data_uk,atp,2012,35,AEGON International,Eastbourne,2012-06-22,atp_250,True,grass,SF,4,3,Seppi A.,Harrison R.,26,53,1285,801,2,0,7,5,6,1,,,,,,,completed,1.4,2.75,1.47,2.94,1.5,2.94,1.45,2.69,2012_35_eastbourne_aegon_international,2012_35_eastbourne_aegon_international_2012-06-22_SF_seppi_a_harrison_r
tennis_data_uk,atp,2012,35,AEGON International,Eastbourne,2012-06-23,atp_250,True,grass,F,2,3,Roddick A.,Seppi A.,33,26,1190,1285,2,0,6,3,6,2,,,,,,,completed,2.1,1.72,2.08,1.85,2.2,1.89,2.05,1.74,2012_35_eastbourne_aegon_international,2012_35_eastbourne_aegon_international_2012-06-23_F_roddick_a_seppi_a
tennis_data_uk,atp,2012,36,Unicef Open,'s-Hertogenbosch,2012-06-17,atp_250,True,grass,R32,32,3,Sijsling I.,Nieminen J.,112,44,481,932,2,0,6,2,6,4,,,,,,,completed,2.37,1.53,2.5,1.59,2.53,1.63,2.36,1.57,2012_36_s_hertogenbosch_unicef_open,2012_36_s_hertogenbosch_unicef_open_2012-06-17_R32_sijsling_i_nieminen_j
tennis_data_uk,atp,2012,36,Unicef Open,'s-Hertogenbosch,2012-06-17,atp_250,True,grass,R32,32,3,Muller G.,Giraldo S.,54,45,797,923,2,1,7,6,6,7,6,3,,,,,completed,1.57,2.25,1.65,2.36,1.69,2.4,1.6,2.27,2012_36_s_hertogenbosch_unicef_open,2012_36_s_hertogenbosch_unicef_open_2012-06-17_R32_muller_g_giraldo_s
tennis_data_uk,atp,2012,36,Unicef Open,'s-Hertogenbosch,2012-06-18,atp_250,True,grass,R32,32,3,Rochus O.,Jaziri M.,68,76,680,633,1,0,6,3,4,0,,,,,,,retired,1.3,3.4,1.37,3.34,1.38,3.5,1.34,3.16,2012_36_s_hertogenbosch_unicef_open,2012_36_s_hertogenbosch_unicef_open_2012-06-18_R32_rochus_o_jaziri_m
tennis_data_uk,atp,2012,36,Unicef Open,'s-Hertogenbosch,2012-06-18,atp_250,True,grass,R32,32,3,Falla A.,Ramirez-Hidalgo R.,74,80,644,622,2,0,6,4,6,4,,,,,,,completed,1.16,5.0,1.18,5.41,1.22,5.44,1.17,4.75,2012_36_s_hertogenbosch_unicef_open,2012_36_s_hertogenbosch_unicef_open_2012-06-18_R32_falla_a_ramirez_hidalgo_r
tennis_data_uk,atp,2012,36,Unicef Open,'s-Hertogenbosch,2012-06-18,atp_250,True,grass,R32,32,3,Paire B.,Goffin D.,60,66,730,688,2,0,6,1,6,4,,,,,,,completed,3.0,1.36,3.13,1.41,3.13,1.44,2.92,1.39,2012_36_s_hertogenbosch_unicef_open,2012_36_s_hertogenbosch_unicef_open_2012-06-18_R32_paire_b_goffin_d
tennis_data_uk,atp,2012,36,Unicef Open,'s-Hertogenbosch,2012-06-18,atp_250,True,grass,R32,32,3,Pavic M.,Haase R.,640,40,35,1010,2,0,6,4,7,6,,,,,,,completed,15.0,1.03,18.68,1.03,18.68,1.05,11.84,1.03,2012_36_s_hertogenbosch_unicef_open,2012_36_s_hertogenbosch_unicef_open_2012-06-18_R32_pavic_m_haase_r
tennis_data_uk,atp,2012,36,Unicef Open,'s-Hertogenbosch,2012-06-18,atp_250,True,grass,R32,32,3,Mayer L.,Ledovskikh M.,62,309,718,143,2,0,6,4,6,2,,,,,,,completed,1.57,2.25,1.66,2.35,1.75,2.4,1.64,2.22,2012_36_s_hertogenbosch_unicef_open,2012_36_s_hertogenbosch_unicef_open_2012-06-18_R32_mayer_l_ledovskikh_m
tennis_data_uk,atp,2012,36,Unicef Open,'s-Hertogenbosch,2012-06-18,atp_250,True,grass,R32,32,3,Petzschner P.,Tursunov D.,145,128,372,430,2,0,6,4,6,2,,,,,,,completed,1.83,1.83,2.01,1.88,2.03,1.93,1.91,1.84,2012_36_s_hertogenbosch_unicef_open,2012_36_s_hertogenbosch_unicef_open_2012-06-18_R32_petzschner_p_tursunov_d
tennis_data_uk,atp,2012,36,Unicef Open,'s-Hertogenbosch,2012-06-18,atp_250,True,grass,R32,32,3,Lorenzi P.,Dodig I.,87,99,593,555,2,0,6,4,6,4,,,,,,,completed,5.5,1.14,4.96,1.21,5.75,1.21,4.9,1.17,2012_36_s_hertogenbosch_unicef_open,2012_36_s_hertogenbosch_unicef_open_2012-06-18_R32_lorenzi_p_dodig_i
tennis_data_uk,atp,2012,36,Unicef Open,'s-Hertogenbosch,2012-06-18,atp_250,True,grass,R32,32,3,Melzer J.,Kunitsyn I.,35,115,1147,468,2,0,6,1,6,1,,,,,,,completed,1.36,3.0,1.35,3.46,1.42,3.46,1.36,3.07,2012_36_s_hertogenbosch_unicef_open,2012_36_s_hertogenbosch_unicef_open_2012-06-18_R32_melzer_j_kunitsyn_i
tennis_data_uk,atp,2012,36,Unicef Open,'s-Hertogenbosch,2012-06-18,atp_250,True,grass,R32,32,3,Ito T.,Fucsovics M.,70,555,666,51,2,1,3,6,6,3,7,6,,,,,completed,1.36,3.0,1.34,3.5,1.45,3.52,1.37,3.07,2012_36_s_hertogenbosch_unicef_open,2012_36_s_hertogenbosch_unicef_open_2012-06-18_R32_ito_t_fucsovics_m
tennis_data_uk,atp,2012,36,Unicef Open,'s-Hertogenbosch,2012-06-19,atp_250,True,grass,R32,32,3,Cipolla F.,Starace P.,88,97,591,558,0,0,4,2,,,,,,,,,retired,1.53,2.37,1.5,2.76,1.63,2.76,1.56,2.35,2012_36_s_hertogenbosch_unicef_open,2012_36_s_hertogenbosch_unicef_open_2012-06-19_R32_cipolla_f_starace_p
tennis_data_uk,atp,2012,36,Unicef Open,'s-Hertogenbosch,2012-06-19,atp_250,True,grass,R32,32,3,Kubot L.,Sela D.,48,106,855,509,2,0,6,1,6,2,,,,,,,completed,1.4,2.75,1.53,2.67,1.53,2.86,1.46,2.64,2012_36_s_hertogenbosch_unicef_open,2012_36_s_hertogenbosch_unicef_open_2012-06-19_R32_kubot_l_sela_d
tennis_data_uk,atp,2012,36,Unicef Open,'s-Hertogenbosch,2012-06-19,atp_250,True,grass,R32,32,3,Roger-Vasselin E.,Bogomolov A.,69,46,672,910,2,0,6,4,6,4,,,,,,,completed,1.38,2.87,1.35,3.49,1.4,3.57,1.34,3.15,2012_36_s_hertogenbosch_unicef_open,2012_36_s_hertogenbosch_unicef_open_2012-06-19_R32_roger_vasselin_e_bogomolov_a
tennis_data_uk,atp,2012,36,Unicef Open,'s-Hertogenbosch,2012-06-19,atp_250,True,grass,R32,32,3,Ferrer D.,Duclos P.L.,6,244,5180,190,2,0,6,4,6,4,,,,,,,completed,1.03,15.0,1.02,23.0,1.07,23.0,1.03,12.81,2012_36_s_hertogenbosch_unicef_open,2012_36_s_hertogenbosch_unicef_open_2012-06-19_R32_ferrer_d_duclos_p_l
tennis_data_uk,atp,2012,36,Unicef Open,'s-Hertogenbosch,2012-06-19,atp_250,True,grass,R32,32,3,Malisse X.,Troicki V.,95,34,561,1190,2,0,7,6,6,2,,,,,,,completed,1.66,2.1,1.67,2.33,1.85,2.33,1.69,2.1,2012_36_s_hertogenbosch_unicef_open,2012_36_s_hertogenbosch_unicef_open_2012-06-19_R32_malisse_x_troicki_v
tennis_data_uk,atp,2012,36,Unicef Open,'s-Hertogenbosch,2012-06-20,atp_250,True,grass,R16,16,3,Ito T.,Melzer J.,70,35,666,1147,2,0,6,2,6,2,,,,,,,completed,4.33,1.2,4.42,1.25,4.42,1.26,4.07,1.22,2012_36_s_hertogenbosch_unicef_open,2012_36_s_hertogenbosch_unicef_open_2012-06-20_R16_ito_t_melzer_j
tennis_data_uk,atp,2012,36,Unicef Open,'s-Hertogenbosch,2012-06-20,atp_250,True,grass,R16,16,3,Paire B.,Kubot L.,60,48,730,855,2,1,6,3,0,6,6,4,,,,,completed,2.75,1.4,3.12,1.42,3.12,1.5,2.75,1.43,2012_36_s_hertogenbosch_unicef_open,2012_36_s_hertogenbosch_unicef_open_2012-06-20_R16_paire_b_kubot_l
tennis_data_uk,atp,2012,36,Unicef Open,'s-Hertogenbosch,2012-06-20,atp_250,True,grass,R16,16,3,Sijsling I.,Rochus O.,112,68,481,680,2,0,7,5,7,6,,,,,,,completed,1.83,1.83,1.94,1.96,2.0,1.96,1.87,1.86,2012_36_s_hertogenbosch_unicef_open,2012_36_s_hertogenbosch_unicef_open_2012-06-20_R16_sijsling_i_rochus_o
tennis_data_uk,atp,2012,36,Unicef Open,'s-Hertogenbosch,2012-06-20,atp_250,True,grass,R16,16,3,Petzschner P.,Pavic M.,145,640,372,35,,,,,,,,,,,,,walkover,1.14,5.5,1.17,5.98,1.18,6.5,1.15,5.18,2012_36_s_hertogenbosch_unicef_open,2012_36_s_hertogenbosch_unicef_open_2012-06-20_R16_petzschner_p_pavic_m
tennis_data_uk,atp,2012,36,Unicef Open,'s-Hertogenbosch,2012-06-20,atp_250,True,grass,R16,16,3,Roger-Vasselin E.,Cipolla F.,69,88,672,591,2,1,6,2,3,6,6,1,,,,,completed,1.22,4.0,1.25,4.42,1.25,4.73,1.21,4.16,2012_36_s_hertogenbosch_unicef_open,2012_36_s_hertogenbosch_unicef_open_2012-06-20_R16_roger_vasselin_e_cipolla_f
tennis_data_uk,atp,2012,36,Unicef Open,'s-Hertogenbosch,2012-06-20,atp_250,True,grass,R16,16,3,Malisse X.,Lorenzi P.,95,87,561,593,2,0,7,6,6,2,,,,,,,completed,1.14,5.5,1.17,5.98,1.2,5.98,1.17,4.84,2012_36_s_hertogenbosch_unicef_open,2012_36_s_hertogenbosch_unicef_open_2012-06-20_R16_malisse_x_lorenzi_p
tennis_data_uk,atp,2012,36,Unicef Open,'s-Hertogenbosch,2012-06-20,atp_250,True,grass,R16,16,3,Ferrer D.,Mayer L.,6,62,5180,718,2,0,6,3,6,1,,,,,,,completed,1.11,6.5,1.1,8.6,1.13,8.6,1.11,6.42,2012_36_s_hertogenbosch_unicef_open,2012_36_s_hertogenbosch_unicef_open_2012-06-20_R16_ferrer_d_mayer_l
tennis_data_uk,atp,2012,36,Unicef Open,'s-Hertogenbosch,2012-06-20,atp_250,True,grass,R16,16,3,Muller G.,Falla A.,54,74,797,644,2,0,6,3,6,0,,,,,,,completed,1.5,2.5,1.57,2.57,1.62,2.57,1.55,2.38,2012_36_s_hertogenbosch_unicef_open,2012_36_s_hertogenbosch_unicef_open_2012-06-20_R16_muller_g_falla_a
tennis_data_uk,atp,2012,36,Unicef Open,'s-Hertogenbosch,2012-06-21,atp_250,True,grass,QF,8,3,Paire B.,Ito T.,60,70,730,666,2,0,6,3,7,5,,,,,,,completed,1.66,2.1,1.72,2.27,1.83,2.43,1.72,2.07,2012_36_s_hertogenbosch_unicef_open,2012_36_s_hertogenbosch_unicef_open_2012-06-21_QF_paire_b_ito_t
tennis_data_uk,atp,2012,36,Unicef Open,'s-Hertogenbosch,2012-06-21,atp_250,True,grass,QF,8,3,Petzschner P.,Roger-Vasselin E.,145,69,372,672,2,0,6,4,7,6,,,,,,,completed,1.72,2.0,1.9,2.03,1.9,2.1,1.79,1.96,2012_36_s_hertogenbosch_unicef_open,2012_36_s_hertogenbosch_unicef_open_2012-06-21_QF_petzschner_p_roger_vasselin_e
tennis_data_uk,atp,2012,36,Unicef Open,'s-Hertogenbosch,2012-06-21,atp_250,True,grass,QF,8,3,Malisse X.,Muller G.,95,54,561,797,2,1,6,3,4,6,6,1,,,,,completed,1.61,2.2,1.65,2.43,1.66,2.45,1.62,2.23,2012_36_s_hertogenbosch_unicef_open,2012_36_s_hertogenbosch_unicef_open_2012-06-21_QF_malisse_x_muller_g
tennis_data_uk,atp,2012,36,Unicef Open,'s-Hertogenbosch,2012-06-21,atp_250,True,grass,QF,8,3,Ferrer D.,Sijsling I.,6,112,5180,481,2,0,6,0,6,1,,,,,,,completed,1.1,7.0,1.12,7.79,1.13,8.6,1.09,6.86,2012_36_s_hertogenbosch_unicef_open,2012_36_s_hertogenbosch_unicef_open_2012-06-21_QF_ferrer_d_sijsling_i
tennis_data_uk,atp,2012,36,Unicef Open,'s-Hertogenbosch,2012-06-22,atp_250,True,grass,SF,4,3,Petzschner P.,Malisse X.,145,95,372,561,2,0,7,5,7,5,,,,,,,completed,2.5,1.5,2.65,1.56,2.74,1.65,2.41,1.55,2012_36_s_hertogenbosch_unicef_open,2012_36_s_hertogenbosch_unicef_open_2012-06-22_SF_petzschner_p_malisse_x
tennis_data_uk,atp,2012,36,Unicef Open,'s-Hertogenbosch,2012-06-22,atp_250,True,grass,SF,4,3,Ferrer D.,Paire B.,6,60,5180,730,2,1,7,6,3,6,6,1,,,,,completed,1.05,11.0,1.06,13.0,1.07,13.0,1.06,9.14,2012_36_s_hertogenbosch_unicef_open,2012_36_s_hertogenbosch_unicef_open_2012-06-22_SF_ferrer_d_paire_b
tennis_data_uk,atp,2012,36,Unicef Open,'s-Hertogenbosch,2012-06-23,atp_250,True,grass,F,2,3,Ferrer D.,Petzschner P.,6,145,5180,372,2,0,6,3,6,4,,,,,,,completed,1.16,5.0,1.21,5.25,1.22,5.4,1.18,4.69,2012_36_s_hertogenbosch_unicef_open,2012_36_s_hertogenbosch_unicef_open_2012-06-23_F_ferrer_d_petzschner_p
tennis_data_uk,atp,2012,37,Wimbledon,London,2012-06-25,grand_slam,True,grass,R128,128,5,Benneteau J.,Muller G.,32,53,1210,826,3,0,6,2,7,5,7,6,,,,,completed,1.72,2.0,1.86,2.05,1.86,2.1,1.77,2.0,2012_37_london_wimbledon,2012_37_london_wimbledon_2012-06-25_R128_benneteau_j_muller_g
tennis_data_uk,atp,2012,37,Wimbledon,London,2012-06-25,grand_slam,True,grass,R128,128,5,Sweeting R.,Starace P.,130,97,413,558,1,0,6,2,2,0,,,,,,,retired,1.18,4.5,1.2,5.23,1.25,5.26,1.2,4.44,2012_37_london_wimbledon,2012_37_london_wimbledon_2012-06-25_R128_sweeting_r_starace_p
tennis_data_uk,atp,2012,37,Wimbledon,London,2012-06-25,grand_slam,True,grass,R128,128,5,Youzhny M.,Young D.,33,51,1210,834,3,1,4,6,6,3,6,2,6,3,,,completed,1.04,13.0,1.03,17.5,1.06,17.5,1.04,11.3,2012_37_london_wimbledon,2012_37_london_wimbledon_2012-06-25_R128_youzhny_m_young_d
tennis_data_uk,atp,2012,37,Wimbledon,London,2012-06-25,grand_slam,True,grass,R128,128,5,Bemelmans R.,Berlocq C.,131,37,411,1050,3,1,7,5,6,7,6,3,7,6,,,completed,1.57,2.25,1.67,2.36,1.67,2.5,1.59,2.32,2012_37_london_wimbledon,2012_37_london_wimbledon_2012-06-25_R128_bemelmans_r_berlocq_c
tennis_data_uk,atp,2012,37,Wimbledon,London,2012-06-25,grand_slam,True,grass,R128,128,5,Gasquet R.,Kamke T.,19,84,1600,605,3,0,6,2,6,2,6,2,,,,,completed,1.04,13.0,1.04,16.0,1.08,16.0,1.05,10.6,2012_37_london_wimbledon,2012_37_london_wimbledon_2012-06-25_R128_gasquet_r_kamke_t
tennis_data_uk,atp,2012,37,Wimbledon,London,2012-06-25,grand_slam,True,grass,R128,128,5,Russell M.,Menendez-Maceiras A.,112,212,500,232,3,0,6,3,6,1,7,6,,,,,completed,1.36,3.0,1.44,3.04,1.45,3.2,1.4,2.88,2012_37_london_wimbledon,2012_37_london_wimbledon_2012-06-25_R128_russell_m_menendez_maceiras_a
tennis_data_uk,atp,2012,37,Wimbledon,London,2012-06-25,grand_slam,True,grass,R128,128,5,Verdasco F.,Wang J.,16,207,1765,240,3,0,7,6,6,4,7,5,,,,,completed,1.1,7.0,1.13,7.24,1.13,7.5,1.11,6.47,2012_37_london_wimbledon,2012_37_london_wimbledon_2012-06-25_R128_verdasco_f_wang_j
tennis_data_uk,atp,2012,37,Wimbledon,London,2012-06-25,grand_slam,True,grass,R128,128,5,Zemlja G.,Goodall J.,120,215,459,229,3,1,6,4,3,6,7,6,6,4,,,completed,1.25,3.75,1.32,3.74,1.33,3.8,1.29,3.48,2012_37_london_wimbledon,2012_37_london_wimbledon_2012-06-25_R128_zemlja_g_goodall_j
tennis_data_uk,atp,2012,37,Wimbledon,London,2012-06-25,grand_slam,True,grass,R128,128,5,Klizan M.,Chela J.I.,62,83,728,620,3,2,7,5,3,6,7,6,1,6,11,9,completed,1.36,3.0,1.44,3.03,1.48,3.1,1.41,2.82,2012_37_london_wimbledon,2012_37_london_wimbledon_2012-06-25_R128_klizan_m_chela_j_i
tennis_data_uk,atp,2012,37,Wimbledon,London,2012-06-25,grand_slam,True,grass,R128,128,5,Becker B.,Blake J.,124,91,441,582,3,1,6,7,7,5,6,0,6,4,,,completed,1.2,4.33,1.25,4.44,1.29,4.53,1.24,3.93,2012_37_london_wimbledon,2012_37_london_wimbledon_2012-06-25_R128_becker_b_blake_j
tennis_data_uk,atp,2012,37,Wimbledon,London,2012-06-25,grand_slam,True,grass,R128,128,5,Cervantes I.,Cipolla F.,152,89,354,591,3,2,2,6,6,7,6,3,6,2,6,1,completed,2.25,1.57,2.24,1.73,2.45,1.73,2.22,1.63,2012_37_london_wimbledon,2012_37_london_wimbledon_2012-06-25_R128_cervantes_i_cipolla_f
tennis_data_uk,atp,2012,37,Wimbledon,London,2012-06-25,grand_slam,True,grass,R128,128,5,Djokovic N.,Ferrero J.C.,1,38,12280,1035,3,0,6,3,6,3,6,1,,,,,completed,1.01,23.0,1.01,36.0,1.02,36.87,1.01,19.94,2012_37_london_wimbledon,2012_37_london_wimbledon_2012-06-25_R128_djokovic_n_ferrero_j_c
tennis_data_uk,atp,2012,37,Wimbledon,London,2012-06-25,grand_slam,True,grass,R128,128,5,Tipsarevic J.,Nalbandian D.,8,40,3200,1015,3,0,6,4,7,6,6,2,,,,,completed,1.57,2.25,1.59,2.53,1.7,2.53,1.62,2.25,2012_37_london_wimbledon,2012_37_london_wimbledon_2012-06-25_R128_tipsarevic_j_nalbandian_d
tennis_data_uk,atp,2012,37,Wimbledon,London,2012-06-25,grand_slam,True,grass,R128,128,5,Fognini F.,Llodra M.,68,54,695,810,3,1,3,6,6,3,6,4,7,5,,,completed,2.62,1.44,2.91,1.47,2.91,1.53,2.63,1.47,2012_37_london_wimbledon,2012_37_london_wimbledon_2012-06-25_R128_fognini_f_llodra_m
tennis_data_uk,atp,2012,37,Wimbledon,London,2012-06-25,grand_slam,True,grass,R128,128,5,Troicki V.,Granollers M.,34,23,1190,1530,3,2,7,5,7,6,3,6,2,6,8,6,completed,1.61,2.2,1.76,2.19,2.1,2.25,1.7,2.13,2012_37_london_wimbledon,2012_37_london_wimbledon_2012-06-25_R128_troicki_v_granollers_m
tennis_data_uk,atp,2012,37,Wimbledon,London,2012-06-25,grand_slam,True,grass,R128,128,5,Simon G.,Mathieu P.H.,13,176,2525,287,1,0,6,3,5,4,,,,,,,retired,1.38,2.87,1.52,2.73,1.52,2.96,1.44,2.73,2012_37_london_wimbledon,2012_37_london_wimbledon_2012-06-25_R128_simon_g_mathieu_p_h
tennis_data_uk,atp,2012,37,Wimbledon,London,2012-06-25,grand_slam,True,grass,R128,128,5,Petzschner P.,Kavcic B.,101,74,534,657,3,0,6,4,6,4,6,2,,,,,completed,1.14,5.5,1.17,5.85,1.18,6.0,1.15,5.22,2012_37_london_wimbledon,2012_37_london_wimbledon_2012-06-25_R128_petzschner_p_kavcic_b
tennis_data_uk,atp,2012,37,Wimbledon,London,2012-06-25,grand_slam,True,grass,R128,128,5,Stepanek R.,Stakhovsky S.,27,85,1340,603,1,0,6,1,1,0,,,,,,,retired,1.25,3.75,1.3,3.88,1.4,4.2,1.34,3.23,2012_37_london_wimbledon,2012_37_london_wimbledon_2012-06-25_R128_stepanek_r_stakhovsky_s
tennis_data_uk,atp,2012,37,Wimbledon,London,2012-06-25,grand_slam,True,grass,R128,128,5,Monaco J.,Mayer L.,14,61,2115,738,3,0,6,4,7,6,7,6,,,,,completed,1.4,2.75,1.43,3.05,1.5,3.05,1.43,2.77,2012_37_london_wimbledon,2012_37_london_wimbledon_2012-06-25_R128_monaco_j_mayer_l
tennis_data_uk,atp,2012,37,Wimbledon,London,2012-06-25,grand_slam,True,grass,R128,128,5,Falla A.,Isner J.,73,10,664,2655,3,2,6,4,6,7,3,6,7,6,7,5,completed,6.0,1.12,7.04,1.13,7.31,1.15,5.87,1.13,2012_37_london_wimbledon,2012_37_london_wimbledon_2012-06-25_R128_falla_a_isner_j
tennis_data_uk,atp,2012,37,Wimbledon,London,2012-06-25,grand_slam,True,grass,R128,128,5,Chardy J.,Volandri F.,57,79,794,630,2,0,6,0,6,1,1,0,,,,,retired,1.06,10.0,1.04,15.0,1.08,15.0,1.06,9.57,2012_37_london_wimbledon,2012_37_london_wimbledon_2012-06-25_R128_chardy_j_volandri_f
tennis_data_uk,atp,2012,37,Wimbledon,London,2012-06-25,grand_slam,True,grass,R128,128,5,Mayer F.,Tursunov D.,29,129,1230,430,3,0,7,6,6,2,6,3,,,,,completed,1.38,2.87,1.43,3.1,1.45,3.1,1.42,2.78,2012_37_london_wimbledon,2012_37_london_wimbledon_2012-06-25_R128_mayer_f_tursunov_d
tennis_data_uk,atp,2012,37,Wimbledon,London,2012-06-25,grand_slam,True,grass,R128,128,5,Federer R.,Ramos A.,3,43,9435,935,3,0,6,1,6,1,6,1,,,,,completed,1.002,29.0,1.01,51.0,1.01,59.87,1.01,25.27,2012_37_london_wimbledon,2012_37_london_wimbledon_2012-06-25_R128_federer_r_ramos_a
tennis_data_uk,atp,2012,37,Wimbledon,London,2012-06-25,grand_slam,True,grass,R128,128,5,Harrison R.,Lu Y.H.,48,56,871,795,3,1,4,6,6,3,6,4,6,2,,,completed,1.57,2.25,1.58,2.55,1.67,2.6,1.58,2.33,2012_37_london_wimbledon,2012_37_london_wimbledon_2012-06-25_R128_harrison_r_lu_y_h
tennis_data_uk,atp,2012,37,Wimbledon,London,2012-06-25,grand_slam,True,grass,R128,128,5,Andreev I.,Golding O.,93,491,575,68,3,1,1,6,7,6,7,6,7,5,,,completed,1.36,3.0,1.41,3.18,1.41,3.53,1.35,3.14,2012_37_london_wimbledon,2012_37_london_wimbledon_2012-06-25_R128_andreev_i_golding_o
tennis_data_uk,atp,2012,37,Wimbledon,London,2012-06-25,grand_slam,True,grass,R128,128,5,Gulbis E.,Berdych T.,87,7,596,4685,3,0,7,6,7,6,7,6,,,,,completed,13.0,1.04,20.0,1.03,21.0,1.05,11.42,1.04,2012_37_london_wimbledon,2012_37_london_wimbledon_2012-06-25_R128_gulbis_e_berdych_t
tennis_data_uk,atp,2012,37,Wimbledon,London,2012-06-25,grand_slam,True,grass,R128,128,5,Malisse X.,Matosevic M.,75,72,651,673,3,0,6,2,6,2,7,5,,,,,completed,1.28,3.5,1.31,3.85,1.36,3.85,1.33,3.26,2012_37_london_wimbledon,2012_37_london_wimbledon_2012-06-25_R128_malisse_x_matosevic_m
tennis_data_uk,atp,2012,37,Wimbledon,London,2012-06-25,grand_slam,True,grass,R128,128,5,Istomin D.,Seppi A.,39,26,1032,1390,3,2,6,7,6,4,3,6,6,3,8,6,completed,2.5,1.5,2.5,1.6,2.6,1.62,2.43,1.54,2012_37_london_wimbledon,2012_37_london_wimbledon_2012-06-25_R128_istomin_d_seppi_a
tennis_data_uk,atp,2012,37,Wimbledon,London,2012-06-25,grand_slam,True,grass,R128,128,5,Rufin G.,Darcis S.,168,63,307,725,3,2,6,4,3,6,5,7,6,4,6,4,completed,2.62,1.44,2.59,1.56,2.65,1.57,2.52,1.5,2012_37_london_wimbledon,2012_37_london_wimbledon_2012-06-25_R128_rufin_g_darcis_s
tennis_data_uk,atp,2012,37,Wimbledon,London,2012-06-25,grand_slam,True,grass,R128,128,5,Janowicz J.,Bolelli S.,136,118,397,461,3,1,3,6,6,3,6,3,6,3,,,completed,2.0,1.72,1.96,1.94,2.05,1.94,1.97,1.8,2012_37_london_wimbledon,2012_37_london_wimbledon_2012-06-25_R128_janowicz_j_bolelli_s
tennis_data_uk,atp,2012,37,Wimbledon,London,2012-06-26,grand_slam,True,grass,R128,128,5,Baker B.,Machado R.,126,96,438,561,3,0,7,6,6,4,6,0,,,,,completed,1.07,9.0,1.1,8.95,1.1,10.23,1.08,7.86,2012_37_london_wimbledon,2012_37_london_wimbledon_2012-06-26_R128_baker_b_machado_r
tennis_data_uk,atp,2012,37,Wimbledon,London,2012-06-26,grand_slam,True,grass,R128,128,5,Dolgopolov O.,Bogomolov A.,21,46,1585,910,3,0,6,3,6,4,7,5,,,,,completed,1.2,4.33,1.27,4.27,1.3,4.33,1.24,3.96,2012_37_london_wimbledon,2012_37_london_wimbledon_2012-06-26_R128_dolgopolov_o_bogomolov_a
tennis_data_uk,atp,2012,37,Wimbledon,London,2012-06-26,grand_slam,True,grass,R128,128,5,Paire B.,Ebden M.,55,76,800,647,3,1,6,1,6,3,6,7,6,3,,,completed,1.44,2.62,1.55,2.64,1.57,2.95,1.49,2.56,2012_37_london_wimbledon,2012_37_london_wimbledon_2012-06-26_R128_paire_b_ebden_m
tennis_data_uk,atp,2012,37,Wimbledon,London,2012-06-26,grand_slam,True,grass,R128,128,5,Levine J.,Beck K.,106,94,521,568,3,1,6,4,6,7,6,3,6,2,,,completed,1.57,2.25,1.65,2.38,1.7,2.38,1.64,2.22,2012_37_london_wimbledon,2012_37_london_wimbledon_2012-06-26_R128_levine_j_beck_k
tennis_data_uk,atp,2012,37,Wimbledon,London,2012-06-26,grand_slam,True,grass,R128,128,5,Nishikori K.,Kukushkin M.,20,52,1600,833,3,0,7,5,6,3,6,4,,,,,completed,1.3,3.4,1.33,3.66,1.4,3.66,1.32,3.3,2012_37_london_wimbledon,2012_37_london_wimbledon_2012-06-26_R128_nishikori_k_kukushkin_m
tennis_data_uk,atp,2012,37,Wimbledon,London,2012-06-26,grand_slam,True,grass,R128,128,5,Fish M.,Ramirez-Hidalgo R.,12,82,2535,622,3,0,7,6,7,5,7,6,,,,,completed,1.14,5.5,1.18,5.61,1.18,7.0,1.14,5.4,2012_37_london_wimbledon,2012_37_london_wimbledon_2012-06-26_R128_fish_m_ramirez_hidalgo_r
tennis_data_uk,atp,2012,37,Wimbledon,London,2012-06-26,grand_slam,True,grass,R128,128,5,Jaziri M.,Zopp J.,78,95,633,565,3,2,4,6,4,6,6,3,6,4,9,7,completed,4.5,1.18,4.44,1.25,4.77,1.25,4.14,1.22,2012_37_london_wimbledon,2012_37_london_wimbledon_2012-06-26_R128_jaziri_m_zopp_j
tennis_data_uk,atp,2012,37,Wimbledon,London,2012-06-26,grand_slam,True,grass,R128,128,5,Nieminen J.,Lopez F.,44,17,932,1725,3,1,7,6,3,6,7,6,6,4,,,completed,4.0,1.22,4.45,1.25,4.45,1.29,3.88,1.25,2012_37_london_wimbledon,2012_37_london_wimbledon_2012-06-26_R128_nieminen_j_lopez_f
tennis_data_uk,atp,2012,37,Wimbledon,London,2012-06-26,grand_slam,True,grass,R128,128,5,Garcia-Lopez G.,Roger-Vasselin E.,92,67,581,697,3,2,6,7,6,3,7,6,5,7,10,8,completed,3.0,1.36,3.01,1.44,3.01,1.45,2.88,1.4,2012_37_london_wimbledon,2012_37_london_wimbledon_2012-06-26_R128_garcia_lopez_g_roger_vasselin_e
tennis_data_uk,atp,2012,37,Wimbledon,London,2012-06-26,grand_slam,True,grass,R128,128,5,Goffin D.,Tomic B.,70,28,688,1255,3,1,3,6,6,3,6,4,6,4,,,completed,4.0,1.22,4.47,1.25,4.5,1.3,3.94,1.24,2012_37_london_wimbledon,2012_37_london_wimbledon_2012-06-26_R128_goffin_d_tomic_b
tennis_data_uk,atp,2012,37,Wimbledon,London,2012-06-26,grand_slam,True,grass,R128,128,5,Mahut N.,Lorenzi P.,71,86,684,598,3,2,6,3,5,7,6,7,7,5,6,2,completed,1.06,10.0,1.07,10.75,1.13,10.75,1.09,7.56,2012_37_london_wimbledon,2012_37_london_wimbledon_2012-06-26_R128_mahut_n_lorenzi_p
tennis_data_uk,atp,2012,37,Wimbledon,London,2012-06-26,grand_slam,True,grass,R128,128,5,Serra F.,Kuznetsov An.,137,151,392,355,3,2,3,6,7,6,6,4,4,6,6,4,completed,2.62,1.44,2.7,1.53,2.75,1.54,2.56,1.49,2012_37_london_wimbledon,2012_37_london_wimbledon_2012-06-26_R128_serra_f_kuznetsov_an
tennis_data_uk,atp,2012,37,Wimbledon,London,2012-06-26,grand_slam,True,grass,R128,128,5,Soeda G.,Kunitsyn I.,58,116,787,468,3,0,6,3,6,2,6,1,,,,,completed,1.44,2.62,1.58,2.56,1.58,2.7,1.51,2.51,2012_37_london_wimbledon,2012_37_london_wimbledon_2012-06-26_R128_soeda_g_kunitsyn_i
tennis_data_uk,atp,2012,37,Wimbledon,London,2012-06-26,grand_slam,True,grass,R128,128,5,Almagro N.,Rochus O.,11,66,2605,700,3,2,6,7,3,6,7,6,6,2,6,4,completed,1.18,4.5,1.26,4.34,1.27,4.75,1.21,4.36,2012_37_london_wimbledon,2012_37_london_wimbledon_2012-06-26_R128_almagro_n_rochus_o
tennis_data_uk,atp,2012,37,Wimbledon,London,2012-06-26,grand_slam,True,grass,R128,128,5,Dimitrov G.,Anderson K.,69,31,691,1215,3,1,7,5,7,6,6,7,6,3,,,completed,1.61,2.2,1.75,2.2,1.75,2.3,1.67,2.17,2012_37_london_wimbledon,2012_37_london_wimbledon_2012-06-26_R128_dimitrov_g_anderson_k
tennis_data_uk,atp,2012,37,Wimbledon,London,2012-06-26,grand_slam,True,grass,R128,128,5,Tsonga J.W.,Hewitt L.,6,202,5230,245,3,0,6,3,6,4,6,4,,,,,completed,1.1,7.0,1.12,7.65,1.13,7.7,1.1,6.62,2012_37_london_wimbledon,2012_37_london_wimbledon_2012-06-26_R128_tsonga_j_w_hewitt_l
tennis_data_uk,atp,2012,37,Wimbledon,London,2012-06-26,grand_slam,True,grass,R128,128,5,Ward J.,Andujar P.,173,36,297,1115,3,2,4,6,6,0,3,6,6,3,6,3,completed,1.36,3.0,1.44,3.05,1.45,3.25,1.38,2.98,2012_37_london_wimbledon,2012_37_london_wimbledon_2012-06-26_R128_ward_j_andujar_p
tennis_data_uk,atp,2012,37,Wimbledon,London,2012-06-26,grand_slam,True,grass,R128,128,5,Lacko L.,Ungur A.,60,81,763,625,3,0,7,6,6,1,6,3,,,,,completed,1.16,5.0,1.17,5.8,1.19,6.0,1.15,5.32,2012_37_london_wimbledon,2012_37_london_wimbledon_2012-06-26_R128_lacko_l_ungur_a
tennis_data_uk,atp,2012,37,Wimbledon,London,2012-06-26,grand_slam,True,grass,R128,128,5,Nadal R.,Bellucci T.,2,80,10060,627,3,0,7,6,6,2,6,3,,,,,completed,1.01,26.0,1.01,41.0,1.03,57.0,1.01,22.87,2012_37_london_wimbledon,2012_37_london_wimbledon_2012-06-26_R128_nadal_r_bellucci_t
tennis_data_uk,atp,2012,37,Wimbledon,London,2012-06-26,grand_slam,True,grass,R128,128,5,Kohlschreiber P.,Haas T.,30,50,1220,848,3,2,3,6,7,6,6,7,7,6,6,2,completed,2.62,1.44,2.6,1.56,2.7,1.57,2.48,1.53,2012_37_london_wimbledon,2012_37_london_wimbledon_2012-06-26_R128_kohlschreiber_p_haas_t
tennis_data_uk,atp,2012,37,Wimbledon,London,2012-06-26,grand_slam,True,grass,R128,128,5,Rosol L.,Dodig I.,100,99,553,555,3,1,6,4,3,6,7,6,7,5,,,completed,2.0,1.72,2.07,1.85,2.14,1.85,2.03,1.75,2012_37_london_wimbledon,2012_37_london_wimbledon_2012-06-26_R128_rosol_l_dodig_i
tennis_data_uk,atp,2012,37,Wimbledon,London,2012-06-26,grand_slam,True,grass,R128,128,5,Baghdatis M.,Montanes A.,42,90,945,585,3,0,6,2,6,4,6,4,,,,,completed,1.12,6.0,1.13,7.04,1.15,7.04,1.13,5.9,2012_37_london_wimbledon,2012_37_london_wimbledon_2012-06-26_R128_baghdatis_m_montanes_a
tennis_data_uk,atp,2012,37,Wimbledon,London,2012-06-26,grand_slam,True,grass,R128,128,5,Cilic M.,Stebe C.M.,18,77,1655,645,3,1,6,4,3,6,6,3,6,2,,,completed,1.05,11.0,1.08,9.65,1.08,11.6,1.06,8.75,2012_37_london_wimbledon,2012_37_london_wimbledon_2012-06-26_R128_cilic_m_stebe_c_m
tennis_data_uk,atp,2012,37,Wimbledon,London,2012-06-26,grand_slam,True,grass,R128,128,5,Del Potro J.M.,Haase R.,9,41,3180,1010,3,1,6,4,3,6,7,6,7,5,,,completed,1.08,8.0,1.12,7.24,1.12,9.0,1.07,7.85,2012_37_london_wimbledon,2012_37_london_wimbledon_2012-06-26_R128_del_potro_j_m_haase_r
tennis_data_uk,atp,2012,37,Wimbledon,London,2012-06-26,grand_slam,True,grass,R128,128,5,De Schepper K.,Bachinger M.,160,110,331,507,3,0,6,4,6,2,6,2,,,,,completed,1.66,2.1,1.75,2.2,1.8,2.2,1.71,2.09,2012_37_london_wimbledon,2012_37_london_wimbledon_2012-06-26_R128_de_schepper_k_bachinger_m
tennis_data_uk,atp,2012,37,Wimbledon,London,2012-06-26,grand_slam,True,grass,R128,128,5,Querrey S.,Pospisil V.,64,104,705,522,3,1,7,5,6,7,6,3,6,4,,,completed,1.3,3.4,1.33,3.7,1.34,3.7,1.3,3.41,2012_37_london_wimbledon,2012_37_london_wimbledon_2012-06-26_R128_querrey_s_pospisil_v
tennis_data_uk,atp,2012,37,Wimbledon,London,2012-06-26,grand_slam,True,grass,R128,128,5,Murray A.,Davydenko N.,4,47,6980,885,3,0,6,1,6,1,6,4,,,,,completed,1.05,11.0,1.05,14.0,1.07,14.0,1.05,10.25,2012_37_london_wimbledon,2012_37_london_wimbledon_2012-06-26_R128_murray_a_davydenko_n
tennis_data_uk,atp,2012,37,Wimbledon,London,2012-06-27,grand_slam,True,grass,R128,128,5,Phau B.,Odesnik W.,88,135,595,404,3,2,6,3,3,6,6,7,6,3,6,4,completed,2.5,1.5,2.71,1.53,2.71,1.57,2.49,1.51,2012_37_london_wimbledon,2012_37_london_wimbledon_2012-06-27_R128_phau_b_odesnik_w
tennis_data_uk,atp,2012,37,Wimbledon,London,2012-06-27,grand_slam,True,grass,R128,128,5,Raonic M.,Giraldo S.,22,45,1540,923,3,0,6,4,6,4,6,4,,,,,completed,1.08,8.0,1.12,7.65,1.12,8.75,1.08,7.53,2012_37_london_wimbledon,2012_37_london_wimbledon_2012-06-27_R128_raonic_m_giraldo_s
tennis_data_uk,atp,2012,37,Wimbledon,London,2012-06-27,grand_slam,True,grass,R128,128,5,Kubot L.,Ito T.,49,65,855,701,3,0,7,6,6,3,6,3,,,,,completed,1.36,3.0,1.35,3.52,1.4,3.52,1.36,3.04,2012_37_london_wimbledon,2012_37_london_wimbledon_2012-06-27_R128_kubot_l_ito_t
tennis_data_uk,atp,2012,37,Wimbledon,London,2012-06-27,grand_slam,True,grass,R128,128,5,Melzer J.,Wawrinka S.,35,24,1147,1505,3,2,3,6,7,6,2,6,6,4,8,6,completed,3.0,1.36,2.97,1.45,3.05,1.45,2.91,1.39,2012_37_london_wimbledon,2012_37_london_wimbledon_2012-06-27_R128_melzer_j_wawrinka_s
tennis_data_uk,atp,2012,37,Wimbledon,London,2012-06-27,grand_slam,True,grass,R128,128,5,Ferrer D.,Brown D.,5,164,5250,317,3,0,7,6,6,4,6,4,,,,,completed,1.02,17.0,1.03,20.0,1.04,21.0,1.03,1.92,2012_37_london_wimbledon,2012_37_london_wimbledon_2012-06-27_R128_ferrer_d_brown_d
tennis_data_uk,atp,2012,37,Wimbledon,London,2012-06-27,grand_slam,True,grass,R128,128,5,Karlovic I.,Sela D.,59,108,786,509,3,0,6,4,6,4,7,6,,,,,completed,1.18,4.5,1.22,4.93,1.25,4.93,1.2,4.32,2012_37_london_wimbledon,2012_37_london_wimbledon_2012-06-27_R128_karlovic_i_sela_d
tennis_data_uk,atp,2012,37,Wimbledon,London,2012-06-27,grand_slam,True,grass,R128,128,5,Roddick A.,Baker J.,25,186,1395,275,3,0,7,6,6,4,7,5,,,,,completed,1.04,13.0,1.04,15.0,1.06,15.0,1.04,10.57,2012_37_london_wimbledon,2012_37_london_wimbledon_2012-06-27_R128_roddick_a_baker_j
tennis_data_uk,atp,2012,37,Wimbledon,London,2012-06-27,grand_slam,True,grass,R64,64,5,Monaco J.,Chardy J.,14,57,2115,794,3,1,6,2,3,6,6,3,7,6,,,completed,1.57,2.25,1.58,2.55,1.67,2.55,1.6,2.29,2012_37_london_wimbledon,2012_37_london_wimbledon_2012-06-27_R64_monaco_j_chardy_j
tennis_data_uk,atp,2012,37,Wimbledon,London,2012-06-27,grand_slam,True,grass,R64,64,5,Mayer F.,Petzschner P.,29,101,1230,534,3,2,3,6,3,6,6,4,6,2,6,4,completed,1.53,2.37,1.7,2.29,1.78,2.38,1.62,2.24,2012_37_london_wimbledon,2012_37_london_wimbledon_2012-06-27_R64_mayer_f_petzschner_p
tennis_data_uk,atp,2012,37,Wimbledon,London,2012-06-27,grand_slam,True,grass,R64,64,5,Troicki V.,Klizan M.,34,62,1190,728,3,2,6,4,4,6,5,7,7,6,6,4,completed,1.14,5.5,1.18,5.61,1.2,5.9,1.16,5.07,2012_37_london_wimbledon,2012_37_london_wimbledon_2012-06-27_R64_troicki_v_klizan_m
tennis_data_uk,atp,2012,37,Wimbledon,London,2012-06-27,grand_slam,True,grass,R64,64,5,Federer R.,Fognini F.,3,68,9435,695,3,0,6,1,6,3,6,2,,,,,completed,1.01,26.0,1.01,71.0,1.03,71.0,1.01,26.65,2012_37_london_wimbledon,2012_37_london_wimbledon_2012-06-27_R64_federer_r_fognini_f
tennis_data_uk,atp,2012,37,Wimbledon,London,2012-06-27,grand_slam,True,grass,R64,64,5,Tipsarevic J.,Sweeting R.,8,130,3200,413,3,1,5,7,7,5,6,4,6,2,,,completed,1.04,13.0,1.05,13.0,1.07,13.0,1.04,10.58,2012_37_london_wimbledon,2012_37_london_wimbledon_2012-06-27_R64_tipsarevic_j_sweeting_r
tennis_data_uk,atp,2012,37,Wimbledon,London,2012-06-27,grand_slam,True,grass,R64,64,5,Istomin D.,Andreev I.,39,93,1032,575,3,1,6,3,7,6,4,6,6,2,,,completed,1.2,4.33,1.22,4.81,1.3,5.26,1.22,4.22,2012_37_london_wimbledon,2012_37_london_wimbledon_2012-06-27_R64_istomin_d_andreev_i
tennis_data_uk,atp,2012,37,Wimbledon,London,2012-06-27,grand_slam,True,grass,R64,64,5,Janowicz J.,Gulbis E.,136,87,397,596,3,2,2,6,6,4,3,6,7,6,9,7,completed,2.25,1.57,2.31,1.69,2.35,1.73,2.21,1.65,2012_37_london_wimbledon,2012_37_london_wimbledon_2012-06-27_R64_janowicz_j_gulbis_e
tennis_data_uk,atp,2012,37,Wimbledon,London,2012-06-27,grand_slam,True,grass,R64,64,5,Benneteau J.,Russell M.,32,112,1210,500,3,1,7,6,2,6,6,4,7,5,,,completed,1.18,4.5,1.2,5.27,1.25,5.27,1.2,4.43,2012_37_london_wimbledon,2012_37_london_wimbledon_2012-06-27_R64_benneteau_j_russell_m
tennis_data_uk,atp,2012,37,Wimbledon,London,2012-06-27,grand_slam,True,grass,R64,64,5,Almagro N.,Rufin G.,11,168,2605,307,3,1,6,2,5,7,6,2,6,4,,,completed,1.16,5.0,1.17,5.8,1.19,5.8,1.17,4.99,2012_37_london_wimbledon,2012_37_london_wimbledon_2012-06-27_R64_almagro_n_rufin_g
tennis_data_uk,atp,2012,37,Wimbledon,London,2012-06-27,grand_slam,True,grass,R64,64,5,Youzhny M.,Cervantes I.,33,152,1210,354,3,0,6,1,6,3,6,4,,,,,completed,1.03,15.0,1.05,14.0,1.06,16.0,1.04,11.54,2012_37_london_wimbledon,2012_37_london_wimbledon_2012-06-27_R64_youzhny_m_cervantes_i
tennis_data_uk,atp,2012,37,Wimbledon,London,2012-06-27,grand_slam,True,grass,R64,64,5,Gasquet R.,Bemelmans R.,19,131,1600,411,3,0,6,3,6,4,6,4,,,,,completed,1.06,10.0,1.06,11.75,1.08,12.0,1.06,8.75,2012_37_london_wimbledon,2012_37_london_wimbledon_2012-06-27_R64_gasquet_r_bemelmans_r
tennis_data_uk,atp,2012,37,Wimbledon,London,2012-06-27,grand_slam,True,grass,R64,64,5,Djokovic N.,Harrison R.,1,48,12280,871,3,0,6,4,6,4,6,4,,,,,completed,1.01,21.0,1.01,36.0,1.02,36.3,1.01,19.57,2012_37_london_wimbledon,2012_37_london_wimbledon_2012-06-27_R64_djokovic_n_harrison_r
tennis_data_uk,atp,2012,37,Wimbledon,London,2012-06-28,grand_slam,True,grass,R64,64,5,Goffin D.,Levine J.,70,106,688,521,3,1,4,6,6,4,6,1,6,3,,,completed,1.57,2.25,1.65,2.38,1.65,2.55,1.56,2.38,2012_37_london_wimbledon,2012_37_london_wimbledon_2012-06-28_R64_goffin_d_levine_j
tennis_data_uk,atp,2012,37,Wimbledon,London,2012-06-28,grand_slam,True,grass,R64,64,5,Malisse X.,Simon G.,75,13,651,2525,3,0,6,4,6,4,7,6,,,,,completed,2.25,1.57,2.23,1.74,2.4,1.74,2.21,1.65,2012_37_london_wimbledon,2012_37_london_wimbledon_2012-06-28_R64_malisse_x_simon_g
tennis_data_uk,atp,2012,37,Wimbledon,London,2012-06-28,grand_slam,True,grass,R64,64,5,Baker B.,Nieminen J.,126,44,438,932,3,0,6,0,6,2,6,4,,,,,completed,1.66,2.1,1.72,2.25,1.8,2.28,1.72,2.07,2012_37_london_wimbledon,2012_37_london_wimbledon_2012-06-28_R64_baker_b_nieminen_j
tennis_data_uk,atp,2012,37,Wimbledon,London,2012-06-28,grand_slam,True,grass,R64,64,5,Nishikori K.,Serra F.,20,137,1600,392,3,0,6,3,7,5,6,2,,,,,completed,1.12,6.0,1.15,6.45,1.15,6.96,1.13,5.65,2012_37_london_wimbledon,2012_37_london_wimbledon_2012-06-28_R64_nishikori_k_serra_f
tennis_data_uk,atp,2012,37,Wimbledon,London,2012-06-28,grand_slam,True,grass,R64,64,5,Verdasco F.,Zemlja G.,16,120,1765,459,3,1,7,6,7,6,3,6,6,3,,,completed,1.16,5.0,1.19,5.37,1.2,5.37,1.18,4.77,2012_37_london_wimbledon,2012_37_london_wimbledon_2012-06-28_R64_verdasco_f_zemlja_g
tennis_data_uk,atp,2012,37,Wimbledon,London,2012-06-28,grand_slam,True,grass,R64,64,5,Ferrer D.,De Schepper K.,5,160,5250,331,3,0,7,6,6,2,6,4,,,,,completed,1.03,15.0,1.04,16.0,1.06,16.0,1.04,11.58,2012_37_london_wimbledon,2012_37_london_wimbledon_2012-06-28_R64_ferrer_d_de_schepper_k
tennis_data_uk,atp,2012,37,Wimbledon,London,2012-06-28,grand_slam,True,grass,R64,64,5,Lacko L.,Melzer J.,60,35,763,1147,3,2,6,4,6,7,3,6,6,3,6,4,completed,2.87,1.38,2.65,1.55,3.2,1.55,2.78,1.43,2012_37_london_wimbledon,2012_37_london_wimbledon_2012-06-28_R64_lacko_l_melzer_j
tennis_data_uk,atp,2012,37,Wimbledon,London,2012-06-28,grand_slam,True,grass,R64,64,5,Stepanek R.,Becker B.,27,124,1340,441,3,0,6,2,7,6,6,3,,,,,completed,1.36,3.0,1.45,3.0,1.46,3.05,1.39,2.93,2012_37_london_wimbledon,2012_37_london_wimbledon_2012-06-28_R64_stepanek_r_becker_b
tennis_data_uk,atp,2012,37,Wimbledon,London,2012-06-28,grand_slam,True,grass,R64,64,5,Falla A.,Mahut N.,73,71,664,684,3,2,6,4,6,3,4,6,4,6,7,5,completed,3.0,1.36,3.0,1.45,3.01,1.5,2.79,1.43,2012_37_london_wimbledon,2012_37_london_wimbledon_2012-06-28_R64_falla_a_mahut_n
tennis_data_uk,atp,2012,37,Wimbledon,London,2012-06-28,grand_slam,True,grass,R64,64,5,Murray A.,Karlovic I.,4,59,6980,786,3,1,7,5,6,7,6,2,7,6,,,completed,1.05,11.0,1.06,12.5,1.08,12.5,1.06,9.27,2012_37_london_wimbledon,2012_37_london_wimbledon_2012-06-28_R64_murray_a_karlovic_i
tennis_data_uk,atp,2012,37,Wimbledon,London,2012-06-28,grand_slam,True,grass,R64,64,5,Fish M.,Ward J.,12,173,2535,297,3,2,6,3,5,7,6,4,6,7,6,3,completed,1.36,3.0,1.37,3.31,1.4,3.41,1.36,3.09,2012_37_london_wimbledon,2012_37_london_wimbledon_2012-06-28_R64_fish_m_ward_j
tennis_data_uk,atp,2012,37,Wimbledon,London,2012-06-28,grand_slam,True,grass,R64,64,5,Paire B.,Dolgopolov O.,55,21,800,1585,3,0,7,6,6,4,6,4,,,,,completed,2.5,1.5,2.55,1.58,2.6,1.6,2.48,1.53,2012_37_london_wimbledon,2012_37_london_wimbledon_2012-06-28_R64_paire_b_dolgopolov_o
tennis_data_uk,atp,2012,37,Wimbledon,London,2012-06-28,grand_slam,True,grass,R64,64,5,Cilic M.,Kubot L.,18,49,1655,855,3,0,7,6,6,2,6,1,,,,,completed,1.18,4.5,1.22,4.81,1.25,5.0,1.21,4.33,2012_37_london_wimbledon,2012_37_london_wimbledon_2012-06-28_R64_cilic_m_kubot_l
tennis_data_uk,atp,2012,37,Wimbledon,London,2012-06-28,grand_slam,True,grass,R64,64,5,Roddick A.,Phau B.,25,88,1395,595,3,0,6,3,7,6,6,3,,,,,completed,1.05,11.0,1.05,13.0,1.07,14.4,1.05,10.06,2012_37_london_wimbledon,2012_37_london_wimbledon_2012-06-28_R64_roddick_a_phau_b
tennis_data_uk,atp,2012,37,Wimbledon,London,2012-06-28,grand_slam,True,grass,R64,64,5,Kohlschreiber P.,Jaziri M.,30,78,1220,633,3,0,6,1,7,6,6,1,,,,,completed,1.06,10.0,1.06,11.75,1.08,12.5,1.06,9.09,2012_37_london_wimbledon,2012_37_london_wimbledon_2012-06-28_R64_kohlschreiber_p_jaziri_m
tennis_data_uk,atp,2012,37,Wimbledon,London,2012-06-28,grand_slam,True,grass,R64,64,5,Tsonga J.W.,Garcia-Lopez G.,6,92,5230,581,3,1,6,7,6,4,6,1,6,3,,,completed,1.03,15.0,1.03,17.5,1.05,17.5,1.03,12.18,2012_37_london_wimbledon,2012_37_london_wimbledon_2012-06-28_R64_tsonga_j_w_garcia_lopez_g
tennis_data_uk,atp,2012,37,Wimbledon,London,2012-06-28,grand_slam,True,grass,R64,64,5,Del Potro J.M.,Soeda G.,9,58,3180,787,3,1,6,2,6,3,1,6,6,4,,,completed,1.03,15.0,1.04,15.5,1.06,17.0,1.04,12.0,2012_37_london_wimbledon,2012_37_london_wimbledon_2012-06-28_R64_del_potro_j_m_soeda_g
tennis_data_uk,atp,2012,37,Wimbledon,London,2012-06-28,grand_slam,True,grass,R64,64,5,Baghdatis M.,Dimitrov G.,42,69,945,691,1,0,7,5,4,1,,,,,,,retired,2.37,1.53,2.33,1.68,2.5,1.68,2.29,1.61,2012_37_london_wimbledon,2012_37_london_wimbledon_2012-06-28_R64_baghdatis_m_dimitrov_g
tennis_data_uk,atp,2012,37,Wimbledon,London,2012-06-28,grand_slam,True,grass,R64,64,5,Rosol L.,Nadal R.,100,2,553,10060,3,2,6,7,6,4,6,4,2,6,6,4,completed,29.0,1.002,41.0,1.01,76.0,1.01,23.45,1.01,2012_37_london_wimbledon,2012_37_london_wimbledon_2012-06-28_R64_rosol_l_nadal_r
tennis_data_uk,atp,2012,37,Wimbledon,London,2012-06-29,grand_slam,True,grass,R64,64,5,Querrey S.,Raonic M.,64,22,705,1540,3,1,6,7,7,6,7,6,6,4,,,completed,4.5,1.18,4.7,1.23,4.7,1.26,4.13,1.22,2012_37_london_wimbledon,2012_37_london_wimbledon_2012-06-29_R64_querrey_s_raonic_m
tennis_data_uk,atp,2012,37,Wimbledon,London,2012-06-29,grand_slam,True,grass,R32,32,5,Troicki V.,Monaco J.,34,14,1190,2115,3,0,7,5,7,5,6,3,,,,,completed,2.87,1.4,2.92,1.48,3.0,1.5,2.77,1.43,2012_37_london_wimbledon,2012_37_london_wimbledon_2012-06-29_R32_troicki_v_monaco_j
tennis_data_uk,atp,2012,37,Wimbledon,London,2012-06-29,grand_slam,True,grass,R32,32,5,Djokovic N.,Stepanek R.,1,27,12280,1340,3,1,4,6,6,2,6,2,6,2,,,completed,1.01,23.0,1.02,27.0,1.04,29.0,1.02,16.46,2012_37_london_wimbledon,2012_37_london_wimbledon_2012-06-29_R32_djokovic_n_stepanek_r
tennis_data_uk,atp,2012,37,Wimbledon,London,2012-06-29,grand_slam,True,grass,R32,32,5,Malisse X.,Verdasco F.,75,16,651,1765,3,2,1,6,7,6,6,1,4,6,6,3,completed,1.61,2.25,1.77,2.2,1.77,2.3,1.69,2.15,2012_37_london_wimbledon,2012_37_london_wimbledon_2012-06-29_R32_malisse_x_verdasco_f
tennis_data_uk,atp,2012,37,Wimbledon,London,2012-06-29,grand_slam,True,grass,R32,32,5,Istomin D.,Falla A.,39,73,1032,664,3,1,6,3,6,4,3,6,7,6,,,completed,1.4,2.87,1.45,3.02,1.5,3.02,1.44,2.74,2012_37_london_wimbledon,2012_37_london_wimbledon_2012-06-29_R32_istomin_d_falla_a
tennis_data_uk,atp,2012,37,Wimbledon,London,2012-06-29,grand_slam,True,grass,R32,32,5,Mayer F.,Janowicz J.,29,136,1230,397,3,2,7,6,3,6,2,6,6,3,7,5,completed,1.44,2.75,1.46,3.0,1.46,3.01,1.43,2.78,2012_37_london_wimbledon,2012_37_london_wimbledon_2012-06-29_R32_mayer_f_janowicz_j
tennis_data_uk,atp,2012,37,Wimbledon,London,2012-06-29,grand_slam,True,grass,R32,32,5,Federer R.,Benneteau J.,3,32,9435,1210,3,2,4,6,6,7,6,2,7,6,6,1,completed,1.01,26.0,1.02,25.5,1.03,29.98,1.01,18.56,2012_37_london_wimbledon,2012_37_london_wimbledon_2012-06-29_R32_federer_r_benneteau_j
tennis_data_uk,atp,2012,37,Wimbledon,London,2012-06-29,grand_slam,True,grass,R32,32,5,Youzhny M.,Tipsarevic J.,33,8,1210,3200,3,1,6,3,6,4,3,6,6,3,,,completed,2.62,1.5,2.59,1.58,2.75,1.59,2.51,1.52,2012_37_london_wimbledon,2012_37_london_wimbledon_2012-06-29_R32_youzhny_m_tipsarevic_j
tennis_data_uk,atp,2012,37,Wimbledon,London,2012-06-29,grand_slam,True,grass,R32,32,5,Gasquet R.,Almagro N.,19,11,1600,2605,3,0,6,3,6,4,6,4,,,,,completed,1.44,2.75,1.45,3.0,1.48,3.01,1.44,2.74,2012_37_london_wimbledon,2012_37_london_wimbledon_2012-06-29_R32_gasquet_r_almagro_n
tennis_data_uk,atp,2012,37,Wimbledon,London,2012-06-30,grand_slam,True,grass,R32,32,5,Baker B.,Paire B.,126,55,438,800,3,1,6,4,4,6,6,1,6,3,,,completed,1.53,2.5,1.56,2.62,1.62,2.62,1.55,2.43,2012_37_london_wimbledon,2012_37_london_wimbledon_2012-06-30_R32_baker_b_paire_b
tennis_data_uk,atp,2012,37,Wimbledon,London,2012-06-30,grand_slam,True,grass,R32,32,5,Kohlschreiber P.,Rosol L.,30,100,1220,553,3,0,6,2,6,3,7,6,,,,,completed,1.4,2.87,1.43,3.12,1.53,3.12,1.41,2.87,2012_37_london_wimbledon,2012_37_london_wimbledon_2012-06-30_R32_kohlschreiber_p_rosol_l
tennis_data_uk,atp,2012,37,Wimbledon,London,2012-06-30,grand_slam,True,grass,R32,32,5,Del Potro J.M.,Nishikori K.,9,20,3180,1600,3,0,6,3,7,6,6,1,,,,,completed,1.28,3.75,1.29,4.08,1.33,4.2,1.29,3.59,2012_37_london_wimbledon,2012_37_london_wimbledon_2012-06-30_R32_del_potro_j_m_nishikori_k
tennis_data_uk,atp,2012,37,Wimbledon,London,2012-06-30,grand_slam,True,grass,R32,32,5,Fish M.,Goffin D.,12,70,2535,688,3,0,6,3,7,6,7,6,,,,,completed,2.25,1.61,2.27,1.72,2.35,1.77,2.16,1.68,2012_37_london_wimbledon,2012_37_london_wimbledon_2012-06-30_R32_fish_m_goffin_d
tennis_data_uk,atp,2012,37,Wimbledon,London,2012-06-30,grand_slam,True,grass,R32,32,5,Cilic M.,Querrey S.,18,64,1655,705,3,2,7,6,6,4,6,7,6,7,17,15,completed,1.36,3.25,1.36,3.49,1.42,3.49,1.37,3.04,2012_37_london_wimbledon,2012_37_london_wimbledon_2012-06-30_R32_cilic_m_querrey_s
tennis_data_uk,atp,2012,37,Wimbledon,London,2012-06-30,grand_slam,True,grass,R32,32,5,Ferrer D.,Roddick A.,5,25,5250,1395,3,1,2,6,7,6,6,4,6,3,,,completed,1.4,2.87,1.46,2.98,1.5,3.1,1.42,2.83,2012_37_london_wimbledon,2012_37_london_wimbledon_2012-06-30_R32_ferrer_d_roddick_a
tennis_data_uk,atp,2012,37,Wimbledon,London,2012-06-30,grand_slam,True,grass,R32,32,5,Tsonga J.W.,Lacko L.,6,60,5230,763,3,0,6,4,6,3,6,3,,,,,completed,1.06,10.0,1.09,9.6,1.09,10.5,1.07,8.31,2012_37_london_wimbledon,2012_37_london_wimbledon_2012-06-30_R32_tsonga_j_w_lacko_l
tennis_data_uk,atp,2012,37,Wimbledon,London,2012-06-30,grand_slam,True,grass,R32,32,5,Murray A.,Baghdatis M.,4,42,6980,945,3,1,7,5,3,6,7,5,6,1,,,completed,1.08,8.0,1.11,8.53,1.12,8.53,1.1,7.04,2012_37_london_wimbledon,2012_37_london_wimbledon_2012-06-30_R32_murray_a_baghdatis_m
tennis_data_uk,atp,2012,37,Wimbledon,London,2012-07-02,grand_slam,True,grass,R16,16,5,Youzhny M.,Istomin D.,33,39,1210,1032,3,2,6,3,5,7,6,4,6,7,7,5,completed,1.38,3.0,1.41,3.2,1.43,3.3,1.38,2.99,2012_37_london_wimbledon,2012_37_london_wimbledon_2012-07-02_R16_youzhny_m_istomin_d
tennis_data_uk,atp,2012,37,Wimbledon,London,2012-07-02,grand_slam,True,grass,R16,16,5,Federer R.,Malisse X.,3,75,9435,651,3,1,7,6,6,1,4,6,6,3,,,completed,1.04,13.0,1.05,14.8,1.07,14.8,1.05,10.63,2012_37_london_wimbledon,2012_37_london_wimbledon_2012-07-02_R16_federer_r_malisse_x
tennis_data_uk,atp,2012,37,Wimbledon,London,2012-07-02,grand_slam,True,grass,R16,16,5,Djokovic N.,Troicki V.,1,34,12280,1190,3,0,6,3,6,1,6,3,,,,,completed,1.02,19.0,1.02,23.0,1.04,26.0,1.02,15.22,2012_37_london_wimbledon,2012_37_london_wimbledon_2012-07-02_R16_djokovic_n_troicki_v
tennis_data_uk,atp,2012,37,Wimbledon,London,2012-07-03,grand_slam,True,grass,R16,16,5,Kohlschreiber P.,Baker B.,30,126,1220,438,3,0,6,1,7,6,6,3,,,,,completed,1.5,2.62,1.57,2.61,1.57,2.65,1.51,2.54,2012_37_london_wimbledon,2012_37_london_wimbledon_2012-07-03_R16_kohlschreiber_p_baker_b
tennis_data_uk,atp,2012,37,Wimbledon,London,2012-07-03,grand_slam,True,grass,R16,16,5,Mayer F.,Gasquet R.,29,19,1230,1600,3,1,6,3,6,1,3,6,6,2,,,completed,4.5,1.2,5.14,1.21,5.14,1.25,4.37,1.21,2012_37_london_wimbledon,2012_37_london_wimbledon_2012-07-03_R16_mayer_f_gasquet_r
tennis_data_uk,atp,2012,37,Wimbledon,London,2012-07-03,grand_slam,True,grass,R16,16,5,Tsonga J.W.,Fish M.,6,12,5230,2535,3,1,4,6,7,6,6,4,6,4,,,completed,1.16,5.0,1.21,5.14,1.25,5.14,1.2,4.48,2012_37_london_wimbledon,2012_37_london_wimbledon_2012-07-03_R16_tsonga_j_w_fish_m
tennis_data_uk,atp,2012,37,Wimbledon,London,2012-07-03,grand_slam,True,grass,R16,16,5,Murray A.,Cilic M.,4,18,6980,1655,3,0,7,5,6,2,6,3,,,,,completed,1.16,5.0,1.23,4.8,1.25,5.0,1.2,4.46,2012_37_london_wimbledon,2012_37_london_wimbledon_2012-07-03_R16_murray_a_cilic_m
tennis_data_uk,atp,2012,37,Wimbledon,London,2012-07-03,grand_slam,True,grass,R16,16,5,Ferrer D.,Del Potro J.M.,5,9,5250,3180,3,0,6,3,6,2,6,3,,,,,completed,2.2,1.66,2.36,1.68,2.36,1.72,2.19,1.67,2012_37_london_wimbledon,2012_37_london_wimbledon_2012-07-03_R16_ferrer_d_del_potro_j_m
tennis_data_uk,atp,2012,37,Wimbledon,London,2012-07-04,grand_slam,True,grass,QF,8,5,Djokovic N.,Mayer F.,1,29,12280,1230,3,0,6,4,6,1,6,4,,,,,completed,1.02,17.0,1.04,18.0,1.04,21.0,1.03,13.65,2012_37_london_wimbledon,2012_37_london_wimbledon_2012-07-04_QF_djokovic_n_mayer_f
tennis_data_uk,atp,2012,37,Wimbledon,London,2012-07-04,grand_slam,True,grass,QF,8,5,Federer R.,Youzhny M.,3,33,9435,1210,3,0,6,1,6,2,6,2,,,,,completed,1.1,7.0,1.14,7.06,1.15,7.5,1.12,6.2,2012_37_london_wimbledon,2012_37_london_wimbledon_2012-07-04_QF_federer_r_youzhny_m
tennis_data_uk,atp,2012,37,Wimbledon,London,2012-07-04,grand_slam,True,grass,QF,8,5,Murray A.,Ferrer D.,4,5,6980,5250,3,1,6,7,7,6,6,4,7,6,,,completed,1.44,2.75,1.54,2.7,1.54,2.81,1.47,2.66,2012_37_london_wimbledon,2012_37_london_wimbledon_2012-07-04_QF_murray_a_ferrer_d
tennis_data_uk,atp,2012,37,Wimbledon,London,2012-07-04,grand_slam,True,grass,QF,8,5,Tsonga J.W.,Kohlschreiber P.,6,30,5230,1220,3,1,7,6,4,6,7,6,6,2,,,completed,1.3,3.5,1.34,3.62,1.36,3.62,1.33,3.31,2012_37_london_wimbledon,2012_37_london_wimbledon_2012-07-04_QF_tsonga_j_w_kohlschreiber_p
tennis_data_uk,atp,2012,37,Wimbledon,London,2012-07-06,grand_slam,True,grass,SF,4,5,Federer R.,Djokovic N.,3,1,9435,12280,3,1,6,3,3,6,6,4,6,3,,,completed,2.87,1.44,2.94,1.48,3.06,1.48,2.87,1.42,2012_37_london_wimbledon,2012_37_london_wimbledon_2012-07-06_SF_federer_r_djokovic_n
tennis_data_uk,atp,2012,37,Wimbledon,London,2012-07-06,grand_slam,True,grass,SF,4,5,Murray A.,Tsonga J.W.,4,6,6980,5230,3,1,6,3,6,4,3,6,7,5,,,completed,1.4,3.0,1.43,3.16,1.47,3.2,1.41,2.89,2012_37_london_wimbledon,2012_37_london_wimbledon_2012-07-06_SF_murray_a_tsonga_j_w
tennis_data_uk,atp,2012,37,Wimbledon,London,2012-07-08,grand_slam,True,grass,F,2,5,Federer R.,Murray A.,3,4,9435,6980,3,1,4,6,7,5,6,3,6,4,,,completed,1.5,2.75,1.5,2.89,1.51,3.04,1.45,2.76,2012_37_london_wimbledon,2012_37_london_wimbledon_2012-07-08_F_federer_r_murray_a
tennis_data_uk,atp,2012,38,SkiStar Swedish Open,Bastad,2012-07-09,atp_250,True,clay,R32,32,3,Zopp J.,Lindell C.,84,434,586,79,2,0,6,2,6,2,,,,,,,completed,1.1,7.0,1.12,7.14,1.17,7.14,1.13,5.58,2012_38_bastad_skistar_swedish_open,2012_38_bastad_skistar_swedish_open_2012-07-09_R32_zopp_j_lindell_c
tennis_data_uk,atp,2012,38,SkiStar Swedish Open,Bastad,2012-07-09,atp_250,True,clay,R32,32,3,Hajek J.,Delbonis F.,102,113,534,486,2,0,7,6,6,3,,,,,,,completed,1.83,1.83,2.1,1.81,2.1,2.02,1.88,1.87,2012_38_bastad_skistar_swedish_open,2012_38_bastad_skistar_swedish_open_2012-07-09_R32_hajek_j_delbonis_f
tennis_data_uk,atp,2012,38,SkiStar Swedish Open,Bastad,2012-07-09,atp_250,True,clay,R32,32,3,Robredo T.,Ungur A.,199,99,245,552,2,0,6,4,6,2,,,,,,,completed,1.25,3.75,1.33,3.58,1.34,3.8,1.28,3.54,2012_38_bastad_skistar_swedish_open,2012_38_bastad_skistar_swedish_open_2012-07-09_R32_robredo_t_ungur_a
tennis_data_uk,atp,2012,38,SkiStar Swedish Open,Bastad,2012-07-09,atp_250,True,clay,R32,32,3,Bolelli S.,Capdeville P.,128,135,429,390,2,0,7,6,7,6,,,,,,,completed,1.25,3.75,1.27,4.1,1.4,4.4,1.29,3.52,2012_38_bastad_skistar_swedish_open,2012_38_bastad_skistar_swedish_open_2012-07-09_R32_bolelli_s_capdeville_p
tennis_data_uk,atp,2012,38,SkiStar Swedish Open,Bastad,2012-07-10,atp_250,True,clay,R32,32,3,Giannessi A.,Berrer M.,146,125,366,437,2,1,6,4,3,6,7,6,,,,,completed,1.57,2.25,1.61,2.45,1.73,2.53,1.61,2.26,2012_38_bastad_skistar_swedish_open,2012_38_bastad_skistar_swedish_open_2012-07-10_R32_giannessi_a_berrer_m
tennis_data_uk,atp,2012,38,SkiStar Swedish Open,Bastad,2012-07-10,atp_250,True,clay,R32,32,3,Souza J.,Zeballos H.,124,101,438,543,2,0,6,4,6,2,,,,,,,completed,3.75,1.25,3.94,1.29,4.09,1.3,3.63,1.27,2012_38_bastad_skistar_swedish_open,2012_38_bastad_skistar_swedish_open_2012-07-10_R32_souza_j_zeballos_h
tennis_data_uk,atp,2012,38,SkiStar Swedish Open,Bastad,2012-07-10,atp_250,True,clay,R32,32,3,Gil F.,Ilhan M.,114,163,482,324,2,1,6,4,1,6,6,3,,,,,completed,1.4,2.75,1.52,2.68,1.55,2.75,1.48,2.58,2012_38_bastad_skistar_swedish_open,2012_38_bastad_skistar_swedish_open_2012-07-10_R32_gil_f_ilhan_m
tennis_data_uk,atp,2012,38,SkiStar Swedish Open,Bastad,2012-07-10,atp_250,True,clay,R32,32,3,Volandri F.,Ryderstedt M.,79,340,630,131,2,0,6,4,6,2,,,,,,,completed,1.36,3.0,1.41,3.14,1.41,3.26,1.36,3.03,2012_38_bastad_skistar_swedish_open,2012_38_bastad_skistar_swedish_open_2012-07-10_R32_volandri_f_ryderstedt_m
tennis_data_uk,atp,2012,38,SkiStar Swedish Open,Bastad,2012-07-10,atp_250,True,clay,R32,32,3,Gimeno-Traver D.,Kukushkin M.,106,49,511,833,2,1,6,4,3,6,6,3,,,,,completed,2.37,1.53,2.33,1.67,2.42,1.68,2.26,1.61,2012_38_bastad_skistar_swedish_open,2012_38_bastad_skistar_swedish_open_2012-07-10_R32_gimeno_traver_d_kukushkin_m
tennis_data_uk,atp,2012,38,SkiStar Swedish Open,Bastad,2012-07-10,atp_250,True,clay,R32,32,3,Minar I.,Bautista R.,216,122,229,444,2,0,7,5,7,6,,,,,,,completed,2.2,1.61,2.37,1.65,2.4,1.68,2.23,1.64,2012_38_bastad_skistar_swedish_open,2012_38_bastad_skistar_swedish_open_2012-07-10_R32_minar_i_bautista_r
tennis_data_uk,atp,2012,38,SkiStar Swedish Open,Bastad,2012-07-10,atp_250,True,clay,R32,32,3,Korolev E.,Alves T.,435,138,78,381,2,0,6,0,6,3,,,,,,,completed,1.36,3.0,1.33,3.62,1.4,3.74,1.33,3.23,2012_38_bastad_skistar_swedish_open,2012_38_bastad_skistar_swedish_open_2012-07-10_R32_korolev_e_alves_t
tennis_data_uk,atp,2012,38,SkiStar Swedish Open,Bastad,2012-07-11,atp_250,True,clay,R32,32,3,Dimitrov G.,Dutra Silva R.,69,100,671,550,2,0,6,1,6,4,,,,,,,completed,1.28,3.5,1.36,3.41,1.37,3.55,1.31,3.32,2012_38_bastad_skistar_swedish_open,2012_38_bastad_skistar_swedish_open_2012-07-11_R32_dimitrov_g_dutra_silva_r
tennis_data_uk,atp,2012,38,SkiStar Swedish Open,Bastad,2012-07-11,atp_250,True,clay,R16,16,3,Zopp J.,Volandri F.,84,79,586,630,2,1,3,6,6,1,6,4,,,,,completed,1.83,1.83,1.78,2.16,2.0,2.16,1.84,1.92,2012_38_bastad_skistar_swedish_open,2012_38_bastad_skistar_swedish_open_2012-07-11_R16_zopp_j_volandri_f
tennis_data_uk,atp,2012,38,SkiStar Swedish Open,Bastad,2012-07-11,atp_250,True,clay,R16,16,3,Hajek J.,Nieminen J.,102,39,534,967,2,0,6,1,7,6,,,,,,,completed,2.0,1.72,2.18,1.77,2.23,1.81,2.07,1.72,2012_38_bastad_skistar_swedish_open,2012_38_bastad_skistar_swedish_open_2012-07-11_R16_hajek_j_nieminen_j
tennis_data_uk,atp,2012,38,SkiStar Swedish Open,Bastad,2012-07-11,atp_250,True,clay,R16,16,3,Robredo T.,Souza J.,199,124,245,438,2,0,6,3,6,1,,,,,,,completed,1.22,4.0,1.28,4.12,1.29,4.19,1.24,3.87,2012_38_bastad_skistar_swedish_open,2012_38_bastad_skistar_swedish_open_2012-07-11_R16_robredo_t_souza_j
tennis_data_uk,atp,2012,38,SkiStar Swedish Open,Bastad,2012-07-11,atp_250,True,clay,R16,16,3,Ferrer D.,Bolelli S.,5,128,5430,429,2,0,6,4,6,3,,,,,,,completed,1.04,13.0,1.03,17.5,1.06,17.5,1.03,11.45,2012_38_bastad_skistar_swedish_open,2012_38_bastad_skistar_swedish_open_2012-07-11_R16_ferrer_d_bolelli_s
tennis_data_uk,atp,2012,38,SkiStar Swedish Open,Bastad,2012-07-12,atp_250,True,clay,R16,16,3,Ramos A.,Korolev E.,46,435,880,78,2,0,6,3,6,3,,,,,,,completed,1.5,2.5,1.53,2.68,1.57,2.69,1.52,2.47,2012_38_bastad_skistar_swedish_open,2012_38_bastad_skistar_swedish_open_2012-07-12_R16_ramos_a_korolev_e
tennis_data_uk,atp,2012,38,SkiStar Swedish Open,Bastad,2012-07-12,atp_250,True,clay,R16,16,3,Dimitrov G.,Gil F.,69,114,671,482,2,0,6,3,6,4,,,,,,,completed,1.28,3.5,1.29,3.97,1.35,3.99,1.29,3.47,2012_38_bastad_skistar_swedish_open,2012_38_bastad_skistar_swedish_open_2012-07-12_R16_dimitrov_g_gil_f
tennis_data_uk,atp,2012,38,SkiStar Swedish Open,Bastad,2012-07-12,atp_250,True,clay,R16,16,3,Almagro N.,Minar I.,10,216,2605,229,2,1,1,6,7,6,6,4,,,,,completed,1.04,13.0,1.06,11.75,1.07,13.0,1.05,9.56,2012_38_bastad_skistar_swedish_open,2012_38_bastad_skistar_swedish_open_2012-07-12_R16_almagro_n_minar_i
tennis_data_uk,atp,2012,38,SkiStar Swedish Open,Bastad,2012-07-12,atp_250,True,clay,R16,16,3,Gimeno-Traver D.,Giannessi A.,106,146,511,366,2,0,6,4,6,3,,,,,,,completed,1.44,2.62,1.5,2.8,1.6,2.8,1.51,2.51,2012_38_bastad_skistar_swedish_open,2012_38_bastad_skistar_swedish_open_2012-07-12_R16_gimeno_traver_d_giannessi_a
tennis_data_uk,atp,2012,38,SkiStar Swedish Open,Bastad,2012-07-13,atp_250,True,clay,QF,8,3,Dimitrov G.,Ramos A.,69,46,671,880,2,0,7,6,6,3,,,,,,,completed,1.57,2.25,1.7,2.31,1.72,2.4,1.64,2.22,2012_38_bastad_skistar_swedish_open,2012_38_bastad_skistar_swedish_open_2012-07-13_QF_dimitrov_g_ramos_a
tennis_data_uk,atp,2012,38,SkiStar Swedish Open,Bastad,2012-07-13,atp_250,True,clay,QF,8,3,Ferrer D.,Robredo T.,5,199,5430,245,2,1,6,3,4,6,6,0,,,,,completed,1.11,6.5,1.12,7.47,1.13,7.47,1.11,6.25,2012_38_bastad_skistar_swedish_open,2012_38_bastad_skistar_swedish_open_2012-07-13_QF_ferrer_d_robredo_t
tennis_data_uk,atp,2012,38,SkiStar Swedish Open,Bastad,2012-07-13,atp_250,True,clay,QF,8,3,Hajek J.,Zopp J.,102,84,534,586,2,1,6,3,4,6,6,3,,,,,completed,1.57,2.25,1.65,2.44,1.65,2.44,1.59,2.31,2012_38_bastad_skistar_swedish_open,2012_38_bastad_skistar_swedish_open_2012-07-13_QF_hajek_j_zopp_j
tennis_data_uk,atp,2012,38,SkiStar Swedish Open,Bastad,2012-07-13,atp_250,True,clay,QF,8,3,Almagro N.,Gimeno-Traver D.,10,106,2605,511,2,1,7,6,4,6,6,3,,,,,completed,1.36,3.0,1.48,2.9,1.5,3.45,1.38,3.01,2012_38_bastad_skistar_swedish_open,2012_38_bastad_skistar_swedish_open_2012-07-13_QF_almagro_n_gimeno_traver_d
tennis_data_uk,atp,2012,38,SkiStar Swedish Open,Bastad,2012-07-14,atp_250,True,clay,SF,4,3,Ferrer D.,Dimitrov G.,5,69,5430,671,2,0,6,3,7,5,,,,,,,completed,1.1,7.0,1.11,8.36,1.15,8.36,1.1,6.57,2012_38_bastad_skistar_swedish_open,2012_38_bastad_skistar_swedish_open_2012-07-14_SF_ferrer_d_dimitrov_g
tennis_data_uk,atp,2012,38,SkiStar Swedish Open,Bastad,2012-07-14,atp_250,True,clay,SF,4,3,Almagro N.,Hajek J.,10,102,2605,534,2,0,6,4,6,3,,,,,,,completed,1.25,3.75,1.29,4.05,1.32,4.14,1.29,3.56,2012_38_bastad_skistar_swedish_open,2012_38_bastad_skistar_swedish_open_2012-07-14_SF_almagro_n_hajek_j
tennis_data_uk,atp,2012,38,SkiStar Swedish Open,Bastad,2012-07-15,atp_250,True,clay,F,2,3,Ferrer D.,Almagro N.,5,10,5430,2605,2,0,6,2,6,2,,,,,,,completed,1.18,4.5,1.24,4.68,1.24,4.89,1.19,4.51,2012_38_bastad_skistar_swedish_open,2012_38_bastad_skistar_swedish_open_2012-07-15_F_ferrer_d_almagro_n
tennis_data_uk,atp,2012,39,Hall of Fame Championships,Newport,2012-07-09,atp_250,True,grass,R32,32,3,Sock J.,Kunitsyn I.,345,126,124,433,2,1,7,5,1,6,6,4,,,,,completed,2.62,1.44,2.49,1.59,2.65,1.59,2.55,1.49,2012_39_newport_hall_of_fame_championships,2012_39_newport_hall_of_fame_championships_2012-07-09_R32_sock_j_kunitsyn_i
tennis_data_uk,atp,2012,39,Hall of Fame Championships,Newport,2012-07-09,atp_250,True,grass,R32,32,3,Mahut N.,Chiudinelli M.,65,129,717,416,2,0,6,0,7,6,,,,,,,completed,1.18,4.5,1.24,4.46,1.24,4.8,1.21,4.22,2012_39_newport_hall_of_fame_championships,2012_39_newport_hall_of_fame_championships_2012-07-09_R32_mahut_n_chiudinelli_m
tennis_data_uk,atp,2012,39,Hall of Fame Championships,Newport,2012-07-09,atp_250,True,grass,R32,32,3,Rochus O.,Soeda G.,104,54,515,806,2,1,6,4,3,6,6,3,,,,,completed,1.5,2.5,1.58,2.51,1.61,2.58,1.53,2.44,2012_39_newport_hall_of_fame_championships,2012_39_newport_hall_of_fame_championships_2012-07-09_R32_rochus_o_soeda_g
tennis_data_uk,atp,2012,39,Hall of Fame Championships,Newport,2012-07-09,atp_250,True,grass,R32,32,3,Sela D.,Dancevic F.,115,132,474,406,2,0,6,0,6,2,,,,,,,completed,1.66,2.1,1.66,2.34,1.74,2.4,1.68,2.14,2012_39_newport_hall_of_fame_championships,2012_39_newport_hall_of_fame_championships_2012-07-09_R32_sela_d_dancevic_f
tennis_data_uk,atp,2012,39,Hall of Fame Championships,Newport,2012-07-09,atp_250,True,grass,R32,32,3,Russell M.,Young D.,96,57,557,785,2,1,1,6,6,1,6,4,,,,,completed,1.53,2.37,1.75,2.18,1.75,2.62,1.58,2.33,2012_39_newport_hall_of_fame_championships,2012_39_newport_hall_of_fame_championships_2012-07-09_R32_russell_m_young_d
tennis_data_uk,atp,2012,39,Hall of Fame Championships,Newport,2012-07-09,atp_250,True,grass,R32,32,3,Harrison R.,Bemelmans R.,48,127,855,432,2,1,7,6,6,7,7,5,,,,,completed,1.4,2.75,1.34,3.56,1.44,3.61,1.37,3.02,2012_39_newport_hall_of_fame_championships,2012_39_newport_hall_of_fame_championships_2012-07-09_R32_harrison_r_bemelmans_r
tennis_data_uk,atp,2012,39,Hall of Fame Championships,Newport,2012-07-10,atp_250,True,grass,R32,32,3,Nishikori K.,Sijsling I.,18,110,1680,491,2,0,6,4,6,4,,,,,,,completed,1.16,5.0,1.19,5.3,1.22,5.35,1.18,4.7,2012_39_newport_hall_of_fame_championships,2012_39_newport_hall_of_fame_championships_2012-07-10_R32_nishikori_k_sijsling_i
tennis_data_uk,atp,2012,39,Hall of Fame Championships,Newport,2012-07-10,atp_250,True,grass,R32,32,3,Querrey S.,Bogomolov A.,55,50,795,830,2,0,7,5,7,6,,,,,,,completed,1.16,5.0,1.16,5.88,1.17,5.88,1.15,5.15,2012_39_newport_hall_of_fame_championships,2012_39_newport_hall_of_fame_championships_2012-07-10_R32_querrey_s_bogomolov_a
tennis_data_uk,atp,2012,39,Hall of Fame Championships,Newport,2012-07-10,atp_250,True,grass,R32,32,3,Becker B.,Goffin D.,112,59,486,753,2,0,6,4,6,3,,,,,,,completed,1.8,1.9,2.04,1.85,2.04,1.9,1.96,1.8,2012_39_newport_hall_of_fame_championships,2012_39_newport_hall_of_fame_championships_2012-07-10_R32_becker_b_goffin_d
tennis_data_uk,atp,2012,39,Hall of Fame Championships,Newport,2012-07-10,atp_250,True,grass,R32,32,3,Raonic M.,Ebden M.,23,80,1540,610,2,1,3,6,6,3,7,5,,,,,completed,1.11,6.5,1.09,8.43,1.13,9.0,1.09,6.92,2012_39_newport_hall_of_fame_championships,2012_39_newport_hall_of_fame_championships_2012-07-10_R32_raonic_m_ebden_m
tennis_data_uk,atp,2012,39,Hall of Fame Championships,Newport,2012-07-10,atp_250,True,grass,R32,32,3,Van Der Merwe I.,Muller G.,155,61,339,746,2,1,7,6,6,7,6,4,,,,,completed,3.0,1.36,3.18,1.4,3.18,1.41,2.94,1.38,2012_39_newport_hall_of_fame_championships,2012_39_newport_hall_of_fame_championships_2012-07-10_R32_van_der_merwe_i_muller_g
tennis_data_uk,atp,2012,39,Hall of Fame Championships,Newport,2012-07-10,atp_250,True,grass,R32,32,3,Smyczek T.,Istomin D.,180,34,274,1167,2,0,6,3,6,3,,,,,,,completed,2.87,1.38,3.5,1.34,3.5,1.4,3.03,1.36,2012_39_newport_hall_of_fame_championships,2012_39_newport_hall_of_fame_championships_2012-07-10_R32_smyczek_t_istomin_d
tennis_data_uk,atp,2012,39,Hall of Fame Championships,Newport,2012-07-10,atp_250,True,grass,R32,32,3,Ram R.,Zemlja G.,118,123,456,443,2,0,6,3,6,1,,,,,,,completed,2.0,1.72,2.18,1.75,2.2,1.8,2.05,1.73,2012_39_newport_hall_of_fame_championships,2012_39_newport_hall_of_fame_championships_2012-07-10_R32_ram_r_zemlja_g
tennis_data_uk,atp,2012,39,Hall of Fame Championships,Newport,2012-07-10,atp_250,True,grass,R32,32,3,Isner J.,Bubka S.,11,151,2520,348,2,1,7,6,4,6,6,3,,,,,completed,1.16,5.0,1.22,4.7,1.24,5.5,1.18,4.64,2012_39_newport_hall_of_fame_championships,2012_39_newport_hall_of_fame_championships_2012-07-10_R32_isner_j_bubka_s
tennis_data_uk,atp,2012,39,Hall of Fame Championships,Newport,2012-07-10,atp_250,True,grass,R32,32,3,Levine J.,Matosevic M.,90,73,573,648,2,0,6,2,7,6,,,,,,,completed,1.57,2.25,1.46,2.9,1.62,3.0,1.49,2.58,2012_39_newport_hall_of_fame_championships,2012_39_newport_hall_of_fame_championships_2012-07-10_R32_levine_j_matosevic_m
tennis_data_uk,atp,2012,39,Hall of Fame Championships,Newport,2012-07-10,atp_250,True,grass,R32,32,3,Hewitt L.,Pospisil V.,233,105,200,514,2,0,6,1,6,1,,,,,,,completed,1.53,2.37,1.49,2.8,1.56,2.8,1.51,2.54,2012_39_newport_hall_of_fame_championships,2012_39_newport_hall_of_fame_championships_2012-07-10_R32_hewitt_l_pospisil_v
tennis_data_uk,atp,2012,39,Hall of Fame Championships,Newport,2012-07-11,atp_250,True,grass,R16,16,3,Sela D.,Querrey S.,115,55,474,795,2,1,5,7,7,6,6,2,,,,,completed,4.5,1.18,5.16,1.2,5.31,1.25,4.58,1.18,2012_39_newport_hall_of_fame_championships,2012_39_newport_hall_of_fame_championships_2012-07-11_R16_sela_d_querrey_s
tennis_data_uk,atp,2012,39,Hall of Fame Championships,Newport,2012-07-11,atp_250,True,grass,R16,16,3,Ram R.,Russell M.,118,96,456,557,2,0,7,6,6,3,,,,,,,completed,1.83,1.83,2.01,1.9,2.01,1.95,1.88,1.86,2012_39_newport_hall_of_fame_championships,2012_39_newport_hall_of_fame_championships_2012-07-11_R16_ram_r_russell_m
tennis_data_uk,atp,2012,39,Hall of Fame Championships,Newport,2012-07-11,atp_250,True,grass,R16,16,3,Nishikori K.,Rochus O.,18,104,1680,515,2,1,6,7,6,4,6,2,,,,,completed,1.33,3.25,1.36,3.48,1.4,3.48,1.35,3.1,2012_39_newport_hall_of_fame_championships,2012_39_newport_hall_of_fame_championships_2012-07-11_R16_nishikori_k_rochus_o
tennis_data_uk,atp,2012,39,Hall of Fame Championships,Newport,2012-07-11,atp_250,True,grass,R16,16,3,Van Der Merwe I.,Sock J.,155,345,339,124,2,0,6,4,6,4,,,,,,,completed,1.44,2.62,1.51,2.75,1.55,2.75,1.5,2.54,2012_39_newport_hall_of_fame_championships,2012_39_newport_hall_of_fame_championships_2012-07-11_R16_van_der_merwe_i_sock_j
tennis_data_uk,atp,2012,39,Hall of Fame Championships,Newport,2012-07-11,atp_250,True,grass,R16,16,3,Isner J.,Mahut N.,11,65,2520,717,2,0,6,2,7,6,,,,,,,completed,1.57,2.25,1.75,2.2,1.75,2.41,1.62,2.24,2012_39_newport_hall_of_fame_championships,2012_39_newport_hall_of_fame_championships_2012-07-11_R16_isner_j_mahut_n
tennis_data_uk,atp,2012,39,Hall of Fame Championships,Newport,2012-07-11,atp_250,True,grass,R16,16,3,Hewitt L.,Smyczek T.,233,180,200,274,2,1,6,4,2,6,6,1,,,,,completed,1.33,3.25,1.32,3.74,1.4,3.9,1.34,3.22,2012_39_newport_hall_of_fame_championships,2012_39_newport_hall_of_fame_championships_2012-07-11_R16_hewitt_l_smyczek_t
tennis_data_uk,atp,2012,39,Hall of Fame Championships,Newport,2012-07-12,atp_250,True,grass,R16,16,3,Harrison R.,Levine J.,48,90,855,573,2,0,6,3,6,4,,,,,,,completed,1.66,2.1,1.75,2.2,1.83,2.23,1.73,2.05,2012_39_newport_hall_of_fame_championships,2012_39_newport_hall_of_fame_championships_2012-07-12_R16_harrison_r_levine_j
tennis_data_uk,atp,2012,39,Hall of Fame Championships,Newport,2012-07-12,atp_250,True,grass,R16,16,3,Becker B.,Raonic M.,112,23,486,1540,2,0,6,3,6,3,,,,,,,completed,4.5,1.18,4.65,1.24,4.89,1.24,4.41,1.19,2012_39_newport_hall_of_fame_championships,2012_39_newport_hall_of_fame_championships_2012-07-12_R16_becker_b_raonic_m
tennis_data_uk,atp,2012,39,Hall of Fame Championships,Newport,2012-07-12,atp_250,True,grass,QF,8,3,Hewitt L.,Sela D.,233,115,200,474,2,0,6,4,6,3,,,,,,,completed,1.36,3.0,1.42,3.16,1.45,3.16,1.4,2.84,2012_39_newport_hall_of_fame_championships,2012_39_newport_hall_of_fame_championships_2012-07-12_QF_hewitt_l_sela_d
tennis_data_uk,atp,2012,39,Hall of Fame Championships,Newport,2012-07-12,atp_250,True,grass,QF,8,3,Ram R.,Nishikori K.,118,18,456,1680,2,0,7,6,6,3,,,,,,,completed,3.75,1.25,4.14,1.29,4.14,1.3,3.64,1.27,2012_39_newport_hall_of_fame_championships,2012_39_newport_hall_of_fame_championships_2012-07-12_QF_ram_r_nishikori_k
tennis_data_uk,atp,2012,39,Hall of Fame Championships,Newport,2012-07-13,atp_250,True,grass,QF,8,3,Isner J.,Van Der Merwe I.,11,155,2520,339,2,0,6,4,7,6,,,,,,,completed,1.11,6.5,1.17,6.16,1.17,6.5,1.13,5.61,2012_39_newport_hall_of_fame_championships,2012_39_newport_hall_of_fame_championships_2012-07-13_QF_isner_j_van_der_merwe_i
tennis_data_uk,atp,2012,39,Hall of Fame Championships,Newport,2012-07-13,atp_250,True,grass,QF,8,3,Harrison R.,Becker B.,48,112,855,486,1,0,6,4,3,0,,,,,,,retired,1.72,2.0,1.73,2.26,1.85,2.3,1.77,2.01,2012_39_newport_hall_of_fame_championships,2012_39_newport_hall_of_fame_championships_2012-07-13_QF_harrison_r_becker_b
tennis_data_uk,atp,2012,39,Hall of Fame Championships,Newport,2012-07-14,atp_250,True,grass,SF,4,3,Hewitt L.,Ram R.,233,118,200,456,2,1,6,4,5,7,6,2,,,,,completed,1.38,2.87,1.45,3.02,1.45,3.05,1.4,2.88,2012_39_newport_hall_of_fame_championships,2012_39_newport_hall_of_fame_championships_2012-07-14_SF_hewitt_l_ram_r
tennis_data_uk,atp,2012,39,Hall of Fame Championships,Newport,2012-07-14,atp_250,True,grass,SF,4,3,Isner J.,Harrison R.,11,48,2520,855,2,0,7,6,6,3,,,,,,,completed,1.53,2.37,1.63,2.47,1.63,2.75,1.53,2.46,2012_39_newport_hall_of_fame_championships,2012_39_newport_hall_of_fame_championships_2012-07-14_SF_isner_j_harrison_r
tennis_data_uk,atp,2012,39,Hall of Fame Championships,Newport,2012-07-15,atp_250,True,grass,F,2,3,Isner J.,Hewitt L.,11,233,2520,200,2,0,7,6,6,4,,,,,,,completed,1.44,2.75,1.48,2.9,1.5,2.9,1.44,2.73,2012_39_newport_hall_of_fame_championships,2012_39_newport_hall_of_fame_championships_2012-07-15_F_isner_j_hewitt_l
tennis_data_uk,atp,2012,40,Mercedes Cup,Stuttgart,2012-07-09,atp_250,True,clay,R32,32,3,Garcia-Lopez G.,Ramirez-Hidalgo R.,87,46,581,880,2,0,6,2,6,3,,,,,,,completed,1.36,3.0,1.44,2.97,1.45,3.2,1.4,2.84,2012_40_stuttgart_mercedes_cup,2012_40_stuttgart_mercedes_cup_2012-07-09_R32_garcia_lopez_g_ramirez_hidalgo_r
tennis_data_uk,atp,2012,40,Mercedes Cup,Stuttgart,2012-07-09,atp_250,True,clay,R32,32,3,Brown D.,Davydenko N.,150,44,352,885,2,1,7,5,3,6,7,6,,,,,completed,3.0,1.36,2.98,1.44,3.3,1.44,3.01,1.37,2012_40_stuttgart_mercedes_cup,2012_40_stuttgart_mercedes_cup_2012-07-09_R32_brown_d_davydenko_n
tennis_data_uk,atp,2012,40,Mercedes Cup,Stuttgart,2012-07-09,atp_250,True,clay,R32,32,3,Darcis S.,Montanes A.,75,86,645,585,2,0,6,2,6,4,,,,,,,completed,2.2,1.61,2.39,1.64,2.43,1.75,2.18,1.65,2012_40_stuttgart_mercedes_cup,2012_40_stuttgart_mercedes_cup_2012-07-09_R32_darcis_s_montanes_a
tennis_data_uk,atp,2012,40,Mercedes Cup,Stuttgart,2012-07-10,atp_250,True,clay,R32,32,3,Kamke T.,Cipolla F.,98,93,555,566,2,0,6,3,6,4,,,,,,,completed,1.44,2.62,1.55,2.6,1.55,2.69,1.49,2.54,2012_40_stuttgart_mercedes_cup,2012_40_stuttgart_mercedes_cup_2012-07-10_R32_kamke_t_cipolla_f
tennis_data_uk,atp,2012,40,Mercedes Cup,Stuttgart,2012-07-10,atp_250,True,clay,R32,32,3,Phau B.,Fischer M.,81,246,597,189,2,0,6,3,6,3,,,,,,,completed,1.44,2.62,1.53,2.66,1.54,2.8,1.48,2.58,2012_40_stuttgart_mercedes_cup,2012_40_stuttgart_mercedes_cup_2012-07-10_R32_phau_b_fischer_m
tennis_data_uk,atp,2012,40,Mercedes Cup,Stuttgart,2012-07-10,atp_250,True,clay,R32,32,3,Bellucci T.,Kern R.,64,658,722,32,2,0,7,6,6,2,,,,,,,completed,1.03,15.0,1.02,21.0,1.05,22.0,1.03,12.58,2012_40_stuttgart_mercedes_cup,2012_40_stuttgart_mercedes_cup_2012-07-10_R32_bellucci_t_kern_r
tennis_data_uk,atp,2012,40,Mercedes Cup,Stuttgart,2012-07-10,atp_250,True,clay,R32,32,3,Rosol L.,Haase R.,103,42,518,930,2,0,6,4,7,5,,,,,,,completed,2.0,1.72,2.21,1.74,2.23,1.8,2.09,1.7,2012_40_stuttgart_mercedes_cup,2012_40_stuttgart_mercedes_cup_2012-07-10_R32_rosol_l_haase_r
tennis_data_uk,atp,2012,40,Mercedes Cup,Stuttgart,2012-07-10,atp_250,True,clay,R32,32,3,Cervenak P.,Stakhovsky S.,206,92,239,568,2,1,6,1,4,6,6,1,,,,,completed,2.62,1.44,2.61,1.55,2.75,1.57,2.58,1.48,2012_40_stuttgart_mercedes_cup,2012_40_stuttgart_mercedes_cup_2012-07-10_R32_cervenak_p_stakhovsky_s
tennis_data_uk,atp,2012,40,Mercedes Cup,Stuttgart,2012-07-10,atp_250,True,clay,R32,32,3,Chardy J.,Reister J.,51,538,829,55,2,0,6,2,6,4,,,,,,,completed,1.57,2.25,1.68,2.3,1.69,2.38,1.62,2.23,2012_40_stuttgart_mercedes_cup,2012_40_stuttgart_mercedes_cup_2012-07-10_R32_chardy_j_reister_j
tennis_data_uk,atp,2012,40,Mercedes Cup,Stuttgart,2012-07-10,atp_250,True,clay,R32,32,3,Paire B.,Schwank E.,47,139,880,377,2,0,7,6,6,4,,,,,,,completed,,,,,,,,,2012_40_stuttgart_mercedes_cup,2012_40_stuttgart_mercedes_cup_2012-07-10_R32_paire_b_schwank_e
tennis_data_uk,atp,2012,40,Mercedes Cup,Stuttgart,2012-07-10,atp_250,True,clay,R32,32,3,Haas T.,Andreev I.,52,89,818,575,2,1,4,6,6,2,6,2,,,,,completed,1.4,2.75,1.46,2.9,1.46,3.0,1.41,2.81,2012_40_stuttgart_mercedes_cup,2012_40_stuttgart_mercedes_cup_2012-07-10_R32_haas_t_andreev_i
tennis_data_uk,atp,2012,40,Mercedes Cup,Stuttgart,2012-07-10,atp_250,True,clay,R32,32,3,Stebe C.M.,Kubot L.,82,68,591,695,2,1,6,2,0,6,6,3,,,,,completed,1.9,1.8,1.94,1.94,2.0,1.98,1.91,1.84,2012_40_stuttgart_mercedes_cup,2012_40_stuttgart_mercedes_cup_2012-07-10_R32_stebe_c_m_kubot_l
tennis_data_uk,atp,2012,40,Mercedes Cup,Stuttgart,2012-07-11,atp_250,True,clay,R16,16,3,Garcia-Lopez G.,Andujar P.,87,35,581,1115,2,1,6,1,4,6,6,1,,,,,completed,1.72,2.0,1.83,2.09,1.83,2.15,1.74,2.04,2012_40_stuttgart_mercedes_cup,2012_40_stuttgart_mercedes_cup_2012-07-11_R16_garcia_lopez_g_andujar_p
tennis_data_uk,atp,2012,40,Mercedes Cup,Stuttgart,2012-07-11,atp_250,True,clay,R16,16,3,Phau B.,Rosol L.,81,103,597,518,2,0,7,6,7,6,,,,,,,completed,2.75,1.4,2.8,1.5,3.0,1.5,2.72,1.43,2012_40_stuttgart_mercedes_cup,2012_40_stuttgart_mercedes_cup_2012-07-11_R16_phau_b_rosol_l
tennis_data_uk,atp,2012,40,Mercedes Cup,Stuttgart,2012-07-11,atp_250,True,clay,R16,16,3,Brown D.,Paire B.,150,47,352,880,2,1,7,6,4,6,6,1,,,,,completed,2.87,1.38,2.73,1.52,3.15,1.52,2.76,1.42,2012_40_stuttgart_mercedes_cup,2012_40_stuttgart_mercedes_cup_2012-07-11_R16_brown_d_paire_b
tennis_data_uk,atp,2012,40,Mercedes Cup,Stuttgart,2012-07-11,atp_250,True,clay,R16,16,3,Tipsarevic J.,Darcis S.,8,75,3215,645,2,0,6,4,6,2,,,,,,,completed,1.3,3.4,1.35,3.51,1.36,3.75,1.31,3.36,2012_40_stuttgart_mercedes_cup,2012_40_stuttgart_mercedes_cup_2012-07-11_R16_tipsarevic_j_darcis_s
tennis_data_uk,atp,2012,40,Mercedes Cup,Stuttgart,2012-07-12,atp_250,True,clay,R16,16,3,Monaco J.,Kamke T.,14,98,2130,555,2,0,6,2,6,3,,,,,,,completed,1.12,6.0,1.17,5.98,1.2,6.3,1.15,5.19,2012_40_stuttgart_mercedes_cup,2012_40_stuttgart_mercedes_cup_2012-07-12_R16_monaco_j_kamke_t
tennis_data_uk,atp,2012,40,Mercedes Cup,Stuttgart,2012-07-12,atp_250,True,clay,R16,16,3,Bellucci T.,Tomic B.,64,45,722,880,2,0,7,6,6,3,,,,,,,completed,1.28,3.5,1.3,3.9,1.35,3.9,1.3,3.41,2012_40_stuttgart_mercedes_cup,2012_40_stuttgart_mercedes_cup_2012-07-12_R16_bellucci_t_tomic_b
tennis_data_uk,atp,2012,40,Mercedes Cup,Stuttgart,2012-07-12,atp_250,True,clay,R16,16,3,Cervenak P.,Haas T.,206,52,239,818,2,0,6,4,6,4,,,,,,,completed,6.0,1.12,5.42,1.19,6.3,1.19,5.52,1.13,2012_40_stuttgart_mercedes_cup,2012_40_stuttgart_mercedes_cup_2012-07-12_R16_cervenak_p_haas_t
tennis_data_uk,atp,2012,40,Mercedes Cup,Stuttgart,2012-07-12,atp_250,True,clay,R16,16,3,Stebe C.M.,Chardy J.,82,51,591,829,2,1,4,6,7,6,6,3,,,,,completed,2.1,1.66,2.13,1.8,2.25,1.82,2.09,1.7,2012_40_stuttgart_mercedes_cup,2012_40_stuttgart_mercedes_cup_2012-07-12_R16_stebe_c_m_chardy_j
tennis_data_uk,atp,2012,40,Mercedes Cup,Stuttgart,2012-07-13,atp_250,True,clay,QF,8,3,Monaco J.,Cervenak P.,14,206,2130,239,2,0,6,1,7,5,,,,,,,completed,1.07,9.0,1.07,11.5,1.08,11.5,1.07,8.34,2012_40_stuttgart_mercedes_cup,2012_40_stuttgart_mercedes_cup_2012-07-13_QF_monaco_j_cervenak_p
tennis_data_uk,atp,2012,40,Mercedes Cup,Stuttgart,2012-07-13,atp_250,True,clay,QF,8,3,Garcia-Lopez G.,Brown D.,87,150,581,352,2,0,6,0,6,3,,,,,,,completed,1.36,3.0,1.41,3.2,1.42,3.25,1.36,3.04,2012_40_stuttgart_mercedes_cup,2012_40_stuttgart_mercedes_cup_2012-07-13_QF_garcia_lopez_g_brown_d
tennis_data_uk,atp,2012,40,Mercedes Cup,Stuttgart,2012-07-13,atp_250,True,clay,QF,8,3,Tipsarevic J.,Phau B.,8,81,3215,597,2,1,6,7,7,6,6,4,,,,,completed,1.12,6.0,1.17,6.05,1.17,6.07,1.14,5.36,2012_40_stuttgart_mercedes_cup,2012_40_stuttgart_mercedes_cup_2012-07-13_QF_tipsarevic_j_phau_b
tennis_data_uk,atp,2012,40,Mercedes Cup,Stuttgart,2012-07-13,atp_250,True,clay,QF,8,3,Bellucci T.,Stebe C.M.,64,82,722,591,2,0,6,4,6,1,,,,,,,completed,1.33,3.25,1.4,3.28,1.4,3.48,1.34,3.2,2012_40_stuttgart_mercedes_cup,2012_40_stuttgart_mercedes_cup_2012-07-13_QF_bellucci_t_stebe_c_m
tennis_data_uk,atp,2012,40,Mercedes Cup,Stuttgart,2012-07-14,atp_250,True,clay,SF,4,3,Tipsarevic J.,Bellucci T.,8,64,3215,722,2,1,6,4,2,6,6,4,,,,,completed,1.61,2.2,1.8,2.15,1.8,2.28,1.67,2.15,2012_40_stuttgart_mercedes_cup,2012_40_stuttgart_mercedes_cup_2012-07-14_SF_tipsarevic_j_bellucci_t
tennis_data_uk,atp,2012,40,Mercedes Cup,Stuttgart,2012-07-14,atp_250,True,clay,SF,4,3,Monaco J.,Garcia-Lopez G.,14,87,2130,581,2,1,6,3,3,6,7,5,,,,,completed,1.22,4.0,1.28,4.22,1.3,4.28,1.26,3.75,2012_40_stuttgart_mercedes_cup,2012_40_stuttgart_mercedes_cup_2012-07-14_SF_monaco_j_garcia_lopez_g
tennis_data_uk,atp,2012,40,Mercedes Cup,Stuttgart,2012-07-15,atp_250,True,clay,F,2,3,Tipsarevic J.,Monaco J.,8,14,3215,2130,2,1,6,4,5,7,6,3,,,,,completed,2.37,1.57,2.49,1.62,2.6,1.62,2.36,1.57,2012_40_stuttgart_mercedes_cup,2012_40_stuttgart_mercedes_cup_2012-07-15_F_tipsarevic_j_monaco_j
tennis_data_uk,atp,2012,41,ATP Vegeta Croatia Open,Umag,2012-07-09,atp_250,True,clay,R32,32,3,Kuznetsov An.,Munoz-De La Nava D.,137,136,382,383,2,1,6,3,5,7,7,6,,,,,completed,1.44,2.62,1.51,2.73,1.56,2.8,1.47,2.61,2012_41_umag_atp_vegeta_croatia_open,2012_41_umag_atp_vegeta_croatia_open_2012-07-09_R32_kuznetsov_an_munoz_de_la_nava_d
tennis_data_uk,atp,2012,41,ATP Vegeta Croatia Open,Umag,2012-07-09,atp_250,True,clay,R32,32,3,Bachinger M.,Sousa J.,108,143,497,369,2,1,6,7,6,1,7,6,,,,,completed,2.0,1.72,2.04,1.85,2.2,1.85,2.0,1.77,2012_41_umag_atp_vegeta_croatia_open,2012_41_umag_atp_vegeta_croatia_open_2012-07-09_R32_bachinger_m_sousa_j
tennis_data_uk,atp,2012,41,ATP Vegeta Croatia Open,Umag,2012-07-09,atp_250,True,clay,R32,32,3,Klizan M.,Bedene A.,60,111,753,489,2,0,6,2,6,2,,,,,,,completed,1.66,2.1,1.78,2.15,1.78,2.25,1.67,2.14,2012_41_umag_atp_vegeta_croatia_open,2012_41_umag_atp_vegeta_croatia_open_2012-07-09_R32_klizan_m_bedene_a
tennis_data_uk,atp,2012,41,ATP Vegeta Croatia Open,Umag,2012-07-10,atp_250,True,clay,R32,32,3,Starace P.,Klec I.,95,427,558,82,2,0,6,3,7,6,,,,,,,completed,1.22,4.0,1.27,4.17,1.27,4.39,1.23,3.98,2012_41_umag_atp_vegeta_croatia_open,2012_41_umag_atp_vegeta_croatia_open_2012-07-10_R32_starace_p_klec_i
tennis_data_uk,atp,2012,41,ATP Vegeta Croatia Open,Umag,2012-07-10,atp_250,True,clay,R32,32,3,Trungelliti M.,Lorenzi P.,250,88,185,579,2,0,7,5,6,4,,,,,,,completed,3.0,1.36,3.1,1.41,3.1,1.45,2.86,1.4,2012_41_umag_atp_vegeta_croatia_open,2012_41_umag_atp_vegeta_croatia_open_2012-07-10_R32_trungelliti_m_lorenzi_p
tennis_data_uk,atp,2012,41,ATP Vegeta Croatia Open,Umag,2012-07-10,atp_250,True,clay,R32,32,3,Odesnik W.,Roger-Vasselin E.,130,74,415,647,2,1,6,7,6,2,7,5,,,,,completed,2.62,1.44,2.67,1.53,2.8,1.54,2.56,1.49,2012_41_umag_atp_vegeta_croatia_open,2012_41_umag_atp_vegeta_croatia_open_2012-07-10_R32_odesnik_w_roger_vasselin_e
tennis_data_uk,atp,2012,41,ATP Vegeta Croatia Open,Umag,2012-07-10,atp_250,True,clay,R32,32,3,Fognini F.,Beck K.,63,117,740,463,2,0,6,3,6,1,,,,,,,completed,1.1,7.0,1.11,7.74,1.14,8.5,1.1,6.65,2012_41_umag_atp_vegeta_croatia_open,2012_41_umag_atp_vegeta_croatia_open_2012-07-10_R32_fognini_f_beck_k
tennis_data_uk,atp,2012,41,ATP Vegeta Croatia Open,Umag,2012-07-10,atp_250,True,clay,R32,32,3,Kavcic B.,Veic A.,71,131,657,408,2,0,6,2,6,2,,,,,,,completed,1.83,1.83,2.1,1.81,2.1,1.87,1.94,1.81,2012_41_umag_atp_vegeta_croatia_open,2012_41_umag_atp_vegeta_croatia_open_2012-07-10_R32_kavcic_b_veic_a
tennis_data_uk,atp,2012,41,ATP Vegeta Croatia Open,Umag,2012-07-10,atp_250,True,clay,R32,32,3,Pavic M.,Ferrero J.C.,547,37,54,1045,2,0,6,2,6,2,,,,,,,completed,10.0,1.06,12.39,1.05,13.0,1.08,8.86,1.06,2012_41_umag_atp_vegeta_croatia_open,2012_41_umag_atp_vegeta_croatia_open_2012-07-10_R32_pavic_m_ferrero_j_c
tennis_data_uk,atp,2012,41,ATP Vegeta Croatia Open,Umag,2012-07-10,atp_250,True,clay,R32,32,3,Brands D.,Trusendi W.,120,386,451,101,2,0,6,1,7,6,,,,,,,completed,1.4,2.75,1.54,2.62,1.54,3.0,1.47,2.63,2012_41_umag_atp_vegeta_croatia_open,2012_41_umag_atp_vegeta_croatia_open_2012-07-10_R32_brands_d_trusendi_w
tennis_data_uk,atp,2012,41,ATP Vegeta Croatia Open,Umag,2012-07-10,atp_250,True,clay,R32,32,3,Gulbis E.,Fraile G.,78,930,631,9,2,0,6,1,6,3,,,,,,,completed,1.14,5.5,1.17,5.75,1.17,5.87,1.15,5.12,2012_41_umag_atp_vegeta_croatia_open,2012_41_umag_atp_vegeta_croatia_open_2012-07-10_R32_gulbis_e_fraile_g
tennis_data_uk,atp,2012,41,ATP Vegeta Croatia Open,Umag,2012-07-10,atp_250,True,clay,R32,32,3,Berlocq C.,Dodig I.,38,97,985,555,2,0,6,4,6,0,,,,,,,completed,1.33,3.25,1.37,3.36,1.4,3.6,1.34,3.14,2012_41_umag_atp_vegeta_croatia_open,2012_41_umag_atp_vegeta_croatia_open_2012-07-10_R32_berlocq_c_dodig_i
tennis_data_uk,atp,2012,41,ATP Vegeta Croatia Open,Umag,2012-07-11,atp_250,True,clay,R16,16,3,Bachinger M.,Klizan M.,108,60,497,753,2,1,6,0,2,6,6,4,,,,,completed,3.25,1.33,3.5,1.35,3.5,1.4,3.12,1.35,2012_41_umag_atp_vegeta_croatia_open,2012_41_umag_atp_vegeta_croatia_open_2012-07-11_R16_bachinger_m_klizan_m
tennis_data_uk,atp,2012,41,ATP Vegeta Croatia Open,Umag,2012-07-11,atp_250,True,clay,R16,16,3,Cilic M.,Brands D.,15,120,1825,451,2,0,6,3,6,2,,,,,,,completed,1.08,8.0,1.09,9.16,1.11,9.16,1.08,7.57,2012_41_umag_atp_vegeta_croatia_open,2012_41_umag_atp_vegeta_croatia_open_2012-07-11_R16_cilic_m_brands_d
tennis_data_uk,atp,2012,41,ATP Vegeta Croatia Open,Umag,2012-07-11,atp_250,True,clay,R16,16,3,Odesnik W.,Kavcic B.,130,71,415,657,2,1,3,6,7,5,7,6,,,,,completed,2.62,1.44,2.66,1.54,2.7,1.57,2.49,1.51,2012_41_umag_atp_vegeta_croatia_open,2012_41_umag_atp_vegeta_croatia_open_2012-07-11_R16_odesnik_w_kavcic_b
tennis_data_uk,atp,2012,41,ATP Vegeta Croatia Open,Umag,2012-07-11,atp_250,True,clay,R16,16,3,Granollers M.,Starace P.,24,95,1530,558,2,1,6,4,3,6,6,3,,,,,completed,1.4,2.75,1.46,2.93,1.5,2.93,1.45,2.68,2012_41_umag_atp_vegeta_croatia_open,2012_41_umag_atp_vegeta_croatia_open_2012-07-11_R16_granollers_m_starace_p
tennis_data_uk,atp,2012,41,ATP Vegeta Croatia Open,Umag,2012-07-12,atp_250,True,clay,R16,16,3,Berlocq C.,Trungelliti M.,38,250,985,185,2,1,7,6,4,6,6,1,,,,,completed,1.12,6.0,1.13,7.04,1.17,7.5,1.13,5.57,2012_41_umag_atp_vegeta_croatia_open,2012_41_umag_atp_vegeta_croatia_open_2012-07-12_R16_berlocq_c_trungelliti_m
tennis_data_uk,atp,2012,41,ATP Vegeta Croatia Open,Umag,2012-07-12,atp_250,True,clay,R16,16,3,Verdasco F.,Gulbis E.,16,78,1810,631,2,1,6,2,3,6,6,1,,,,,completed,1.4,2.75,1.45,3.0,1.47,3.1,1.4,2.85,2012_41_umag_atp_vegeta_croatia_open,2012_41_umag_atp_vegeta_croatia_open_2012-07-12_R16_verdasco_f_gulbis_e
tennis_data_uk,atp,2012,41,ATP Vegeta Croatia Open,Umag,2012-07-12,atp_250,True,clay,R16,16,3,Dolgopolov O.,Fognini F.,19,63,1620,740,2,0,6,2,6,4,,,,,,,completed,1.72,2.0,1.78,2.16,1.84,2.16,1.76,2.01,2012_41_umag_atp_vegeta_croatia_open,2012_41_umag_atp_vegeta_croatia_open_2012-07-12_R16_dolgopolov_o_fognini_f
tennis_data_uk,atp,2012,41,ATP Vegeta Croatia Open,Umag,2012-07-12,atp_250,True,clay,R16,16,3,Kuznetsov An.,Pavic M.,137,547,382,54,2,0,7,6,6,1,,,,,,,completed,1.33,3.25,1.38,3.35,1.4,3.5,1.34,3.21,2012_41_umag_atp_vegeta_croatia_open,2012_41_umag_atp_vegeta_croatia_open_2012-07-12_R16_kuznetsov_an_pavic_m
tennis_data_uk,atp,2012,41,ATP Vegeta Croatia Open,Umag,2012-07-13,atp_250,True,clay,QF,8,3,Cilic M.,Odesnik W.,15,130,1825,415,2,0,6,4,6,0,,,,,,,completed,1.07,9.0,1.07,11.5,1.09,11.5,1.07,8.24,2012_41_umag_atp_vegeta_croatia_open,2012_41_umag_atp_vegeta_croatia_open_2012-07-13_QF_cilic_m_odesnik_w
tennis_data_uk,atp,2012,41,ATP Vegeta Croatia Open,Umag,2012-07-13,atp_250,True,clay,QF,8,3,Verdasco F.,Kuznetsov An.,16,137,1810,382,2,0,6,2,6,2,,,,,,,completed,1.22,4.0,1.28,4.22,1.29,4.34,1.24,3.91,2012_41_umag_atp_vegeta_croatia_open,2012_41_umag_atp_vegeta_croatia_open_2012-07-13_QF_verdasco_f_kuznetsov_an
tennis_data_uk,atp,2012,41,ATP Vegeta Croatia Open,Umag,2012-07-13,atp_250,True,clay,QF,8,3,Granollers M.,Bachinger M.,24,108,1530,497,2,1,1,6,6,3,7,5,,,,,completed,1.33,3.25,1.42,3.19,1.42,3.35,1.35,3.12,2012_41_umag_atp_vegeta_croatia_open,2012_41_umag_atp_vegeta_croatia_open_2012-07-13_QF_granollers_m_bachinger_m
tennis_data_uk,atp,2012,41,ATP Vegeta Croatia Open,Umag,2012-07-13,atp_250,True,clay,QF,8,3,Dolgopolov O.,Berlocq C.,19,38,1620,985,2,0,6,4,6,4,,,,,,,completed,1.53,2.37,1.63,2.46,1.65,2.65,1.54,2.43,2012_41_umag_atp_vegeta_croatia_open,2012_41_umag_atp_vegeta_croatia_open_2012-07-13_QF_dolgopolov_o_berlocq_c
tennis_data_uk,atp,2012,41,ATP Vegeta Croatia Open,Umag,2012-07-14,atp_250,True,clay,SF,4,3,Granollers M.,Verdasco F.,24,16,1530,1810,2,1,6,2,6,7,6,1,,,,,completed,3.0,1.36,3.28,1.4,3.3,1.45,2.97,1.38,2012_41_umag_atp_vegeta_croatia_open,2012_41_umag_atp_vegeta_croatia_open_2012-07-14_SF_granollers_m_verdasco_f
tennis_data_uk,atp,2012,41,ATP Vegeta Croatia Open,Umag,2012-07-14,atp_250,True,clay,SF,4,3,Cilic M.,Dolgopolov O.,15,19,1825,1620,2,0,7,5,6,2,,,,,,,completed,1.44,2.62,1.56,2.65,1.56,2.85,1.5,2.55,2012_41_umag_atp_vegeta_croatia_open,2012_41_umag_atp_vegeta_croatia_open_2012-07-14_SF_cilic_m_dolgopolov_o
tennis_data_uk,atp,2012,41,ATP Vegeta Croatia Open,Umag,2012-07-15,atp_250,True,clay,F,2,3,Cilic M.,Granollers M.,15,24,1825,1530,2,0,6,4,6,2,,,,,,,completed,1.25,4.0,1.27,4.26,1.3,4.3,1.25,3.82,2012_41_umag_atp_vegeta_croatia_open,2012_41_umag_atp_vegeta_croatia_open_2012-07-15_F_cilic_m_granollers_m
tennis_data_uk,atp,2012,42,BB&T Atlanta Open,Atlanta,2012-07-16,atp_250,True,hard,R32,32,3,Sock J.,Bogomolov A.,326,51,136,830,2,1,6,2,4,6,6,4,,,,,completed,3.4,1.3,3.46,1.35,3.7,1.83,3.21,1.34,2012_42_atlanta_bb_t_atlanta_open,2012_42_atlanta_bb_t_atlanta_open_2012-07-16_R32_sock_j_bogomolov_a
tennis_data_uk,atp,2012,42,BB&T Atlanta Open,Atlanta,2012-07-16,atp_250,True,hard,R32,32,3,Muller G.,Matosevic M.,63,73,746,648,2,0,7,6,6,4,,,,,,,completed,1.66,2.1,1.71,2.24,1.82,2.25,1.72,2.08,2012_42_atlanta_bb_t_atlanta_open,2012_42_atlanta_bb_t_atlanta_open_2012-07-16_R32_muller_g_matosevic_m
tennis_data_uk,atp,2012,42,BB&T Atlanta Open,Atlanta,2012-07-17,atp_250,True,hard,R32,32,3,Johnson S.,Young D.,402,58,95,785,2,1,6,3,3,6,6,3,,,,,completed,2.75,1.4,2.8,1.49,2.91,1.52,2.67,1.45,2012_42_atlanta_bb_t_atlanta_open,2012_42_atlanta_bb_t_atlanta_open_2012-07-17_R32_johnson_s_young_d
tennis_data_uk,atp,2012,42,BB&T Atlanta Open,Atlanta,2012-07-17,atp_250,True,hard,R32,32,3,Anderson K.,Lorenzi P.,33,89,1180,579,2,0,6,4,6,3,,,,,,,completed,1.1,7.0,1.1,8.4,1.14,8.4,1.1,6.9,2012_42_atlanta_bb_t_atlanta_open,2012_42_atlanta_bb_t_atlanta_open_2012-07-17_R32_anderson_k_lorenzi_p
tennis_data_uk,atp,2012,42,BB&T Atlanta Open,Atlanta,2012-07-17,atp_250,True,hard,R32,32,3,Mahut N.,Capdeville P.,66,139,719,390,2,1,6,3,3,6,6,4,,,,,completed,1.22,4.0,1.22,4.81,1.29,4.81,1.25,3.93,2012_42_atlanta_bb_t_atlanta_open,2012_42_atlanta_bb_t_atlanta_open_2012-07-17_R32_mahut_n_capdeville_p
tennis_data_uk,atp,2012,42,BB&T Atlanta Open,Atlanta,2012-07-17,atp_250,True,hard,R32,32,3,Kunitsyn I.,Baker B.,132,79,408,625,2,1,6,4,6,7,6,3,,,,,completed,5.5,1.14,5.64,1.17,6.2,1.18,5.24,1.15,2012_42_atlanta_bb_t_atlanta_open,2012_42_atlanta_bb_t_atlanta_open_2012-07-17_R32_kunitsyn_i_baker_b
tennis_data_uk,atp,2012,42,BB&T Atlanta Open,Atlanta,2012-07-17,atp_250,True,hard,R32,32,3,Soeda G.,Malisse X.,54,71,806,651,2,1,4,6,7,5,6,4,,,,,completed,2.62,1.44,2.67,1.53,2.8,1.57,2.55,1.49,2012_42_atlanta_bb_t_atlanta_open,2012_42_atlanta_bb_t_atlanta_open_2012-07-17_R32_soeda_g_malisse_x
tennis_data_uk,atp,2012,42,BB&T Atlanta Open,Atlanta,2012-07-17,atp_250,True,hard,R32,32,3,Russell M.,Kuznetsov Al.,96,208,565,238,2,1,2,6,6,4,7,6,,,,,completed,1.38,2.87,1.45,2.94,1.47,3.13,1.4,2.86,2012_42_atlanta_bb_t_atlanta_open,2012_42_atlanta_bb_t_atlanta_open_2012-07-17_R32_russell_m_kuznetsov_al
tennis_data_uk,atp,2012,42,BB&T Atlanta Open,Atlanta,2012-07-18,atp_250,True,hard,R32,32,3,Ebden M.,Bubka S.,82,146,592,360,2,1,5,7,6,1,6,1,,,,,completed,2.0,1.72,2.04,1.85,2.08,1.91,1.94,1.81,2012_42_atlanta_bb_t_atlanta_open,2012_42_atlanta_bb_t_atlanta_open_2012-07-18_R32_ebden_m_bubka_s
tennis_data_uk,atp,2012,42,BB&T Atlanta Open,Atlanta,2012-07-18,atp_250,True,hard,R32,32,3,Blake J.,Harrison R.,110,43,502,925,2,1,1,6,6,3,7,5,,,,,completed,3.5,1.28,4.81,1.22,4.81,1.33,3.71,1.27,2012_42_atlanta_bb_t_atlanta_open,2012_42_atlanta_bb_t_atlanta_open_2012-07-18_R32_blake_j_harrison_r
tennis_data_uk,atp,2012,42,BB&T Atlanta Open,Atlanta,2012-07-18,atp_250,True,hard,R32,32,3,Berankis R.,Tursunov D.,147,136,355,395,2,0,6,3,6,2,,,,,,,completed,1.61,2.2,1.81,2.1,1.83,2.25,1.74,2.06,2012_42_atlanta_bb_t_atlanta_open,2012_42_atlanta_bb_t_atlanta_open_2012-07-18_R32_berankis_r_tursunov_d
tennis_data_uk,atp,2012,42,BB&T Atlanta Open,Atlanta,2012-07-18,atp_250,True,hard,R32,32,3,Bemelmans R.,Ram R.,125,104,432,538,2,0,6,1,6,3,,,,,,,completed,1.53,2.37,1.59,2.5,1.65,2.5,1.59,2.33,2012_42_atlanta_bb_t_atlanta_open,2012_42_atlanta_bb_t_atlanta_open_2012-07-18_R32_bemelmans_r_ram_r
tennis_data_uk,atp,2012,42,BB&T Atlanta Open,Atlanta,2012-07-19,atp_250,True,hard,R16,16,3,Roddick A.,Mahut N.,27,66,1395,719,2,0,7,6,6,3,,,,,,,completed,1.25,3.75,1.32,3.73,1.32,3.99,1.27,3.69,2012_42_atlanta_bb_t_atlanta_open,2012_42_atlanta_bb_t_atlanta_open_2012-07-19_R16_roddick_a_mahut_n
tennis_data_uk,atp,2012,42,BB&T Atlanta Open,Atlanta,2012-07-19,atp_250,True,hard,R16,16,3,Russell M.,Anderson K.,96,33,565,1180,2,1,6,7,6,4,6,4,,,,,completed,4.0,1.22,4.8,1.23,4.8,1.3,3.9,1.24,2012_42_atlanta_bb_t_atlanta_open,2012_42_atlanta_bb_t_atlanta_open_2012-07-19_R16_russell_m_anderson_k
tennis_data_uk,atp,2012,42,BB&T Atlanta Open,Atlanta,2012-07-19,atp_250,True,hard,R16,16,3,Nishikori K.,Berankis R.,19,147,1680,355,2,1,6,4,6,7,6,4,,,,,completed,1.33,3.25,1.32,3.77,1.33,3.79,1.3,3.47,2012_42_atlanta_bb_t_atlanta_open,2012_42_atlanta_bb_t_atlanta_open_2012-07-19_R16_nishikori_k_berankis_r
tennis_data_uk,atp,2012,42,BB&T Atlanta Open,Atlanta,2012-07-19,atp_250,True,hard,R16,16,3,Soeda G.,Kunitsyn I.,54,132,806,408,2,0,6,1,7,5,,,,,,,completed,1.38,2.87,1.4,3.2,1.43,3.3,1.4,2.89,2012_42_atlanta_bb_t_atlanta_open,2012_42_atlanta_bb_t_atlanta_open_2012-07-19_R16_soeda_g_kunitsyn_i
tennis_data_uk,atp,2012,42,BB&T Atlanta Open,Atlanta,2012-07-19,atp_250,True,hard,R16,16,3,Ebden M.,Blake J.,82,110,592,502,2,1,6,7,6,4,6,4,,,,,completed,1.66,2.1,1.81,2.11,1.81,2.18,1.72,2.07,2012_42_atlanta_bb_t_atlanta_open,2012_42_atlanta_bb_t_atlanta_open_2012-07-19_R16_ebden_m_blake_j
tennis_data_uk,atp,2012,42,BB&T Atlanta Open,Atlanta,2012-07-19,atp_250,True,hard,R16,16,3,Muller G.,Fish M.,63,13,746,2355,0,1,4,6,2,3,,,,,,,retired,3.75,1.25,3.97,1.29,3.99,1.36,3.55,1.28,2012_42_atlanta_bb_t_atlanta_open,2012_42_atlanta_bb_t_atlanta_open_2012-07-19_R16_muller_g_fish_m
tennis_data_uk,atp,2012,42,BB&T Atlanta Open,Atlanta,2012-07-19,atp_250,True,hard,R16,16,3,Sock J.,Johnson S.,326,402,136,95,2,0,7,6,7,6,,,,,,,completed,2.1,1.66,2.3,1.69,2.3,1.75,2.12,1.69,2012_42_atlanta_bb_t_atlanta_open,2012_42_atlanta_bb_t_atlanta_open_2012-07-19_R16_sock_j_johnson_s
tennis_data_uk,atp,2012,42,BB&T Atlanta Open,Atlanta,2012-07-20,atp_250,True,hard,R16,16,3,Isner J.,Bemelmans R.,11,125,2620,432,2,1,4,6,6,3,6,4,,,,,completed,1.16,5.0,1.2,5.27,1.2,6.1,1.15,5.2,2012_42_atlanta_bb_t_atlanta_open,2012_42_atlanta_bb_t_atlanta_open_2012-07-20_R16_isner_j_bemelmans_r
tennis_data_uk,atp,2012,42,BB&T Atlanta Open,Atlanta,2012-07-20,atp_250,True,hard,QF,8,3,Muller G.,Ebden M.,63,82,746,592,2,0,6,4,6,4,,,,,,,completed,1.66,2.1,1.8,2.15,1.8,2.2,1.71,2.08,2012_42_atlanta_bb_t_atlanta_open,2012_42_atlanta_bb_t_atlanta_open_2012-07-20_QF_muller_g_ebden_m
tennis_data_uk,atp,2012,42,BB&T Atlanta Open,Atlanta,2012-07-20,atp_250,True,hard,QF,8,3,Soeda G.,Nishikori K.,54,19,806,1680,2,0,6,2,6,1,,,,,,,completed,3.5,1.28,3.83,1.32,3.83,1.36,3.39,1.31,2012_42_atlanta_bb_t_atlanta_open,2012_42_atlanta_bb_t_atlanta_open_2012-07-20_QF_soeda_g_nishikori_k
tennis_data_uk,atp,2012,42,BB&T Atlanta Open,Atlanta,2012-07-21,atp_250,True,hard,QF,8,3,Roddick A.,Russell M.,27,96,1395,565,2,0,6,3,6,4,,,,,,,completed,1.16,5.0,1.21,5.22,1.21,5.55,1.16,4.97,2012_42_atlanta_bb_t_atlanta_open,2012_42_atlanta_bb_t_atlanta_open_2012-07-21_QF_roddick_a_russell_m
tennis_data_uk,atp,2012,42,BB&T Atlanta Open,Atlanta,2012-07-21,atp_250,True,hard,QF,8,3,Isner J.,Sock J.,11,326,2620,136,2,0,7,6,6,4,,,,,,,completed,1.07,9.0,1.11,8.53,1.11,9.07,1.08,7.44,2012_42_atlanta_bb_t_atlanta_open,2012_42_atlanta_bb_t_atlanta_open_2012-07-21_QF_isner_j_sock_j
tennis_data_uk,atp,2012,42,BB&T Atlanta Open,Atlanta,2012-07-21,atp_250,True,hard,SF,4,3,Muller G.,Soeda G.,63,54,746,806,2,0,6,4,6,3,,,,,,,completed,1.8,1.9,1.94,1.98,1.94,2.0,1.86,1.9,2012_42_atlanta_bb_t_atlanta_open,2012_42_atlanta_bb_t_atlanta_open_2012-07-21_SF_muller_g_soeda_g
tennis_data_uk,atp,2012,42,BB&T Atlanta Open,Atlanta,2012-07-22,atp_250,True,hard,SF,4,3,Roddick A.,Isner J.,27,11,1395,2620,2,1,6,4,6,7,6,4,,,,,completed,1.9,1.8,1.98,1.94,2.15,1.94,1.97,1.8,2012_42_atlanta_bb_t_atlanta_open,2012_42_atlanta_bb_t_atlanta_open_2012-07-22_SF_roddick_a_isner_j
tennis_data_uk,atp,2012,42,BB&T Atlanta Open,Atlanta,2012-07-22,atp_250,True,hard,F,2,3,Roddick A.,Muller G.,27,63,1395,746,2,1,1,6,7,6,6,2,,,,,completed,1.25,4.0,1.25,4.55,1.28,4.7,1.23,4.04,2012_42_atlanta_bb_t_atlanta_open,2012_42_atlanta_bb_t_atlanta_open_2012-07-22_F_roddick_a_muller_g
tennis_data_uk,atp,2012,43,Crédit Agricole Suisse Open Gstaad,Gstaad,2012-07-16,atp_250,True,clay,R32,32,3,Hernych J.,Viola M.,212,155,232,338,2,1,6,3,2,6,6,3,,,,,completed,2.2,1.61,2.17,1.76,2.25,1.76,2.13,1.68,2012_43_gstaad_cr_dit_agricole_suisse_open_gstaad,2012_43_gstaad_cr_dit_agricole_suisse_open_gstaad_2012-07-16_R32_hernych_j_viola_m
tennis_data_uk,atp,2012,43,Crédit Agricole Suisse Open Gstaad,Gstaad,2012-07-16,atp_250,True,clay,R32,32,3,Fischer M.,Ehrat S.,245,427,195,82,2,0,6,2,6,4,,,,,,,completed,1.14,5.5,1.16,6.02,1.2,6.02,1.15,5.1,2012_43_gstaad_cr_dit_agricole_suisse_open_gstaad,2012_43_gstaad_cr_dit_agricole_suisse_open_gstaad_2012-07-16_R32_fischer_m_ehrat_s
tennis_data_uk,atp,2012,43,Crédit Agricole Suisse Open Gstaad,Gstaad,2012-07-16,atp_250,True,clay,R32,32,3,Mathieu P.H.,Andreev I.,172,88,297,579,2,0,6,3,7,6,,,,,,,completed,2.5,1.5,2.55,1.57,2.58,1.61,2.46,1.53,2012_43_gstaad_cr_dit_agricole_suisse_open_gstaad,2012_43_gstaad_cr_dit_agricole_suisse_open_gstaad_2012-07-16_R32_mathieu_p_h_andreev_i
tennis_data_uk,atp,2012,43,Crédit Agricole Suisse Open Gstaad,Gstaad,2012-07-16,atp_250,True,clay,R32,32,3,Paire B.,Tomic B.,47,45,880,880,2,0,6,0,6,4,,,,,,,completed,1.57,2.25,1.76,2.17,1.76,2.35,1.64,2.21,2012_43_gstaad_cr_dit_agricole_suisse_open_gstaad,2012_43_gstaad_cr_dit_agricole_suisse_open_gstaad_2012-07-16_R32_paire_b_tomic_b
tennis_data_uk,atp,2012,43,Crédit Agricole Suisse Open Gstaad,Gstaad,2012-07-17,atp_250,True,clay,R32,32,3,Hajek J.,Roger-Vasselin E.,90,92,579,574,0,0,4,1,,,,,,,,,retired,1.57,2.25,1.66,2.35,1.67,2.38,1.62,2.25,2012_43_gstaad_cr_dit_agricole_suisse_open_gstaad,2012_43_gstaad_cr_dit_agricole_suisse_open_gstaad_2012-07-17_R32_hajek_j_roger_vasselin_e
tennis_data_uk,atp,2012,43,Crédit Agricole Suisse Open Gstaad,Gstaad,2012-07-17,atp_250,True,clay,R32,32,3,Kubot L.,Dodig I.,80,100,625,555,2,1,3,6,6,3,6,4,,,,,completed,1.36,3.0,1.4,3.18,1.41,3.35,1.37,2.99,2012_43_gstaad_cr_dit_agricole_suisse_open_gstaad,2012_43_gstaad_cr_dit_agricole_suisse_open_gstaad_2012-07-17_R32_kubot_l_dodig_i
tennis_data_uk,atp,2012,43,Crédit Agricole Suisse Open Gstaad,Gstaad,2012-07-17,atp_250,True,clay,R32,32,3,Lopez F.,Ungur A.,30,102,1275,548,2,1,2,6,6,4,7,6,,,,,completed,1.36,3.0,1.38,3.3,1.44,3.36,1.37,2.99,2012_43_gstaad_cr_dit_agricole_suisse_open_gstaad,2012_43_gstaad_cr_dit_agricole_suisse_open_gstaad_2012-07-17_R32_lopez_f_ungur_a
tennis_data_uk,atp,2012,43,Crédit Agricole Suisse Open Gstaad,Gstaad,2012-07-17,atp_250,True,clay,R32,32,3,Brown D.,Stakhovsky S.,138,94,391,568,2,1,3,6,6,4,7,6,,,,,completed,1.72,2.0,1.74,2.2,1.8,2.3,1.73,2.05,2012_43_gstaad_cr_dit_agricole_suisse_open_gstaad,2012_43_gstaad_cr_dit_agricole_suisse_open_gstaad_2012-07-17_R32_brown_d_stakhovsky_s
tennis_data_uk,atp,2012,43,Crédit Agricole Suisse Open Gstaad,Gstaad,2012-07-17,atp_250,True,clay,R32,32,3,Bellucci T.,Kavcic B.,60,77,767,632,2,0,6,1,6,1,,,,,,,completed,1.3,3.4,1.33,3.62,1.38,3.62,1.32,3.3,2012_43_gstaad_cr_dit_agricole_suisse_open_gstaad,2012_43_gstaad_cr_dit_agricole_suisse_open_gstaad_2012-07-17_R32_bellucci_t_kavcic_b
tennis_data_uk,atp,2012,43,Crédit Agricole Suisse Open Gstaad,Gstaad,2012-07-17,atp_250,True,clay,R32,32,3,Gulbis E.,Volandri F.,72,78,651,630,2,1,7,6,4,6,6,3,,,,,completed,1.44,2.62,1.53,2.67,1.6,2.8,1.51,2.49,2012_43_gstaad_cr_dit_agricole_suisse_open_gstaad,2012_43_gstaad_cr_dit_agricole_suisse_open_gstaad_2012-07-17_R32_gulbis_e_volandri_f
tennis_data_uk,atp,2012,43,Crédit Agricole Suisse Open Gstaad,Gstaad,2012-07-17,atp_250,True,clay,R32,32,3,Dimitrov G.,Benneteau J.,61,32,761,1255,2,1,3,6,6,4,6,1,,,,,completed,1.61,2.2,1.62,2.43,1.73,2.43,1.65,2.2,2012_43_gstaad_cr_dit_agricole_suisse_open_gstaad,2012_43_gstaad_cr_dit_agricole_suisse_open_gstaad_2012-07-17_R32_dimitrov_g_benneteau_j
tennis_data_uk,atp,2012,43,Crédit Agricole Suisse Open Gstaad,Gstaad,2012-07-18,atp_250,True,clay,R32,32,3,Giraldo S.,Laaksonen H.,39,462,953,73,2,0,6,2,6,2,,,,,,,completed,1.18,4.5,1.25,4.36,1.28,4.5,1.23,4.04,2012_43_gstaad_cr_dit_agricole_suisse_open_gstaad,2012_43_gstaad_cr_dit_agricole_suisse_open_gstaad_2012-07-18_R32_giraldo_s_laaksonen_h
tennis_data_uk,atp,2012,43,Crédit Agricole Suisse Open Gstaad,Gstaad,2012-07-18,atp_250,True,clay,R16,16,3,Lopez F.,Hajek J.,30,90,1275,579,2,1,6,7,6,1,6,4,,,,,completed,1.72,2.0,1.77,2.18,1.83,2.2,1.72,2.07,2012_43_gstaad_cr_dit_agricole_suisse_open_gstaad,2012_43_gstaad_cr_dit_agricole_suisse_open_gstaad_2012-07-18_R16_lopez_f_hajek_j
tennis_data_uk,atp,2012,43,Crédit Agricole Suisse Open Gstaad,Gstaad,2012-07-18,atp_250,True,clay,R16,16,3,Bellucci T.,Youzhny M.,60,28,767,1390,2,1,4,6,6,2,6,4,,,,,completed,1.61,2.2,1.99,1.92,1.99,2.38,1.66,2.17,2012_43_gstaad_cr_dit_agricole_suisse_open_gstaad,2012_43_gstaad_cr_dit_agricole_suisse_open_gstaad_2012-07-18_R16_bellucci_t_youzhny_m
tennis_data_uk,atp,2012,43,Crédit Agricole Suisse Open Gstaad,Gstaad,2012-07-18,atp_250,True,clay,R16,16,3,Gulbis E.,Paire B.,72,47,651,880,2,1,5,7,7,6,6,4,,,,,completed,2.25,1.57,2.39,1.65,2.5,1.7,2.35,1.57,2012_43_gstaad_cr_dit_agricole_suisse_open_gstaad,2012_43_gstaad_cr_dit_agricole_suisse_open_gstaad_2012-07-18_R16_gulbis_e_paire_b
tennis_data_uk,atp,2012,43,Crédit Agricole Suisse Open Gstaad,Gstaad,2012-07-18,atp_250,True,clay,R16,16,3,Mathieu P.H.,Wawrinka S.,172,25,297,1470,2,0,7,6,7,6,,,,,,,completed,4.33,1.2,4.7,1.23,5.1,1.3,4.16,1.22,2012_43_gstaad_cr_dit_agricole_suisse_open_gstaad,2012_43_gstaad_cr_dit_agricole_suisse_open_gstaad_2012-07-18_R16_mathieu_p_h_wawrinka_s
tennis_data_uk,atp,2012,43,Crédit Agricole Suisse Open Gstaad,Gstaad,2012-07-19,atp_250,True,clay,R16,16,3,Kubot L.,Granollers M.,80,20,625,1635,2,0,6,4,6,2,,,,,,,completed,3.0,1.36,3.05,1.44,3.6,1.43,3.01,1.37,2012_43_gstaad_cr_dit_agricole_suisse_open_gstaad,2012_43_gstaad_cr_dit_agricole_suisse_open_gstaad_2012-07-19_R16_kubot_l_granollers_m
tennis_data_uk,atp,2012,43,Crédit Agricole Suisse Open Gstaad,Gstaad,2012-07-19,atp_250,True,clay,R16,16,3,Hernych J.,Giraldo S.,212,39,232,953,2,1,6,3,2,6,6,4,,,,,completed,5.0,1.16,5.08,1.21,5.1,1.22,4.5,1.19,2012_43_gstaad_cr_dit_agricole_suisse_open_gstaad,2012_43_gstaad_cr_dit_agricole_suisse_open_gstaad_2012-07-19_R16_hernych_j_giraldo_s
tennis_data_uk,atp,2012,43,Crédit Agricole Suisse Open Gstaad,Gstaad,2012-07-19,atp_250,True,clay,R16,16,3,Dimitrov G.,Brown D.,61,138,761,391,2,1,7,6,3,6,6,2,,,,,completed,1.18,4.5,1.21,5.04,1.25,5.04,1.2,4.38,2012_43_gstaad_cr_dit_agricole_suisse_open_gstaad,2012_43_gstaad_cr_dit_agricole_suisse_open_gstaad_2012-07-19_R16_dimitrov_g_brown_d
tennis_data_uk,atp,2012,43,Crédit Agricole Suisse Open Gstaad,Gstaad,2012-07-19,atp_250,True,clay,R16,16,3,Tipsarevic J.,Fischer M.,8,245,3320,195,2,1,4,6,7,6,6,3,,,,,completed,1.12,6.0,1.16,6.05,1.17,8.0,1.11,6.08,2012_43_gstaad_cr_dit_agricole_suisse_open_gstaad,2012_43_gstaad_cr_dit_agricole_suisse_open_gstaad_2012-07-19_R16_tipsarevic_j_fischer_m
tennis_data_uk,atp,2012,43,Crédit Agricole Suisse Open Gstaad,Gstaad,2012-07-20,atp_250,True,clay,QF,8,3,Dimitrov G.,Kubot L.,61,80,761,625,2,0,6,3,6,2,,,,,,,completed,1.38,2.87,1.5,2.83,1.5,3.0,1.43,2.76,2012_43_gstaad_cr_dit_agricole_suisse_open_gstaad,2012_43_gstaad_cr_dit_agricole_suisse_open_gstaad_2012-07-20_QF_dimitrov_g_kubot_l
tennis_data_uk,atp,2012,43,Crédit Agricole Suisse Open Gstaad,Gstaad,2012-07-20,atp_250,True,clay,QF,8,3,Bellucci T.,Lopez F.,60,30,767,1275,2,0,6,3,6,3,,,,,,,completed,1.36,3.0,1.43,3.1,1.48,3.1,1.42,2.77,2012_43_gstaad_cr_dit_agricole_suisse_open_gstaad,2012_43_gstaad_cr_dit_agricole_suisse_open_gstaad_2012-07-20_QF_bellucci_t_lopez_f
tennis_data_uk,atp,2012,43,Crédit Agricole Suisse Open Gstaad,Gstaad,2012-07-20,atp_250,True,clay,QF,8,3,Mathieu P.H.,Gulbis E.,172,72,297,651,2,1,4,6,6,1,6,4,,,,,completed,1.66,2.1,1.87,2.05,2.11,2.2,1.74,2.05,2012_43_gstaad_cr_dit_agricole_suisse_open_gstaad,2012_43_gstaad_cr_dit_agricole_suisse_open_gstaad_2012-07-20_QF_mathieu_p_h_gulbis_e
tennis_data_uk,atp,2012,43,Crédit Agricole Suisse Open Gstaad,Gstaad,2012-07-20,atp_250,True,clay,QF,8,3,Tipsarevic J.,Hernych J.,8,212,3320,232,2,0,6,2,6,1,,,,,,,completed,1.1,7.0,1.12,8.11,1.13,8.11,1.11,6.38,2012_43_gstaad_cr_dit_agricole_suisse_open_gstaad,2012_43_gstaad_cr_dit_agricole_suisse_open_gstaad_2012-07-20_QF_tipsarevic_j_hernych_j
tennis_data_uk,atp,2012,43,Crédit Agricole Suisse Open Gstaad,Gstaad,2012-07-21,atp_250,True,clay,SF,4,3,Bellucci T.,Dimitrov G.,60,61,767,761,2,0,7,6,7,6,,,,,,,completed,1.5,2.5,1.61,2.5,1.61,2.55,1.54,2.43,2012_43_gstaad_cr_dit_agricole_suisse_open_gstaad,2012_43_gstaad_cr_dit_agricole_suisse_open_gstaad_2012-07-21_SF_bellucci_t_dimitrov_g
tennis_data_uk,atp,2012,43,Crédit Agricole Suisse Open Gstaad,Gstaad,2012-07-21,atp_250,True,clay,SF,4,3,Tipsarevic J.,Mathieu P.H.,8,172,3320,297,2,0,7,6,6,3,,,,,,,completed,1.25,3.75,1.32,3.8,1.35,3.94,1.29,3.54,2012_43_gstaad_cr_dit_agricole_suisse_open_gstaad,2012_43_gstaad_cr_dit_agricole_suisse_open_gstaad_2012-07-21_SF_tipsarevic_j_mathieu_p_h
tennis_data_uk,atp,2012,43,Crédit Agricole Suisse Open Gstaad,Gstaad,2012-07-22,atp_250,True,clay,F,2,3,Bellucci T.,Tipsarevic J.,60,8,767,3320,2,1,6,7,6,4,6,2,,,,,completed,2.37,1.57,2.4,1.66,2.5,1.67,2.31,1.59,2012_43_gstaad_cr_dit_agricole_suisse_open_gstaad,2012_43_gstaad_cr_dit_agricole_suisse_open_gstaad_2012-07-22_F_bellucci_t_tipsarevic_j
tennis_data_uk,atp,2012,44,German Open Tennis Championships,Hamburg,2012-07-16,atp_500,True,clay,R32,32,3,Delbonis F.,Robredo T.,140,176,384,290,2,1,5,7,6,0,6,1,,,,,completed,3.25,1.33,3.35,1.38,3.36,1.42,3.04,1.36,2012_44_hamburg_german_open_tennis_championships,2012_44_hamburg_german_open_tennis_championships_2012-07-16_R32_delbonis_f_robredo_t
tennis_data_uk,atp,2012,44,German Open Tennis Championships,Hamburg,2012-07-16,atp_500,True,clay,R32,32,3,Munoz-De La Nava D.,Ramirez-Hidalgo R.,142,46,373,880,2,1,1,6,6,4,6,3,,,,,completed,1.57,2.25,1.67,2.33,1.75,2.38,1.66,2.17,2012_44_hamburg_german_open_tennis_championships,2012_44_hamburg_german_open_tennis_championships_2012-07-16_R32_munoz_de_la_nava_d_ramirez_hidalgo_r
tennis_data_uk,atp,2012,44,German Open Tennis Championships,Hamburg,2012-07-16,atp_500,True,clay,R32,32,3,Simon G.,Berlocq C.,12,37,2480,985,2,1,4,6,7,6,6,1,,,,,completed,1.44,2.62,1.53,2.67,1.62,2.8,1.52,2.49,2012_44_hamburg_german_open_tennis_championships,2012_44_hamburg_german_open_tennis_championships_2012-07-16_R32_simon_g_berlocq_c
tennis_data_uk,atp,2012,44,German Open Tennis Championships,Hamburg,2012-07-16,atp_500,True,clay,R32,32,3,Haase R.,Bachinger M.,42,115,930,487,2,0,6,4,6,2,,,,,,,completed,1.66,2.1,1.64,2.37,1.72,2.43,1.66,2.19,2012_44_hamburg_german_open_tennis_championships,2012_44_hamburg_german_open_tennis_championships_2012-07-16_R32_haase_r_bachinger_m
tennis_data_uk,atp,2012,44,German Open Tennis Championships,Hamburg,2012-07-16,atp_500,True,clay,R32,32,3,Davydenko N.,Nieminen J.,44,38,885,967,2,1,5,7,6,4,6,0,,,,,completed,1.57,2.25,1.61,2.46,1.73,2.48,1.66,2.18,2012_44_hamburg_german_open_tennis_championships,2012_44_hamburg_german_open_tennis_championships_2012-07-16_R32_davydenko_n_nieminen_j
tennis_data_uk,atp,2012,44,German Open Tennis Championships,Hamburg,2012-07-17,atp_500,True,clay,R32,32,3,Chardy J.,Montanes A.,52,86,829,585,2,0,6,4,6,2,,,,,,,completed,1.57,2.25,1.64,2.38,1.68,2.4,1.61,2.26,2012_44_hamburg_german_open_tennis_championships,2012_44_hamburg_german_open_tennis_championships_2012-07-17_R32_chardy_j_montanes_a
tennis_data_uk,atp,2012,44,German Open Tennis Championships,Hamburg,2012-07-17,atp_500,True,clay,R32,32,3,Mayer F.,Zeballos H.,23,108,1545,507,2,0,7,6,7,5,,,,,,,completed,1.18,4.5,1.2,5.14,1.29,5.14,1.21,4.31,2012_44_hamburg_german_open_tennis_championships,2012_44_hamburg_german_open_tennis_championships_2012-07-17_R32_mayer_f_zeballos_h
tennis_data_uk,atp,2012,44,German Open Tennis Championships,Hamburg,2012-07-17,atp_500,True,clay,R32,32,3,Rosol L.,Troicki V.,107,31,532,1265,2,1,5,7,6,3,6,4,,,,,completed,2.25,1.57,2.26,1.7,2.26,1.74,2.17,1.66,2012_44_hamburg_german_open_tennis_championships,2012_44_hamburg_german_open_tennis_championships_2012-07-17_R32_rosol_l_troicki_v
tennis_data_uk,atp,2012,44,German Open Tennis Championships,Hamburg,2012-07-17,atp_500,True,clay,R32,32,3,Monaco J.,Stebe C.M.,14,83,2240,591,2,1,6,4,3,6,7,5,,,,,completed,1.18,4.5,1.27,4.1,1.27,5.0,1.2,4.41,2012_44_hamburg_german_open_tennis_championships,2012_44_hamburg_german_open_tennis_championships_2012-07-17_R32_monaco_j_stebe_c_m
tennis_data_uk,atp,2012,44,German Open Tennis Championships,Hamburg,2012-07-17,atp_500,True,clay,R32,32,3,Ramos A.,Andujar P.,46,36,880,985,2,0,6,1,6,4,,,,,,,completed,1.83,1.83,1.85,2.04,2.0,2.04,1.86,1.88,2012_44_hamburg_german_open_tennis_championships,2012_44_hamburg_german_open_tennis_championships_2012-07-17_R32_ramos_a_andujar_p
tennis_data_uk,atp,2012,44,German Open Tennis Championships,Hamburg,2012-07-17,atp_500,True,clay,R32,32,3,Reister J.,Verdasco F.,483,16,67,1810,2,0,6,2,6,3,,,,,,,completed,6.0,1.12,6.1,1.16,6.6,1.17,5.68,1.13,2012_44_hamburg_german_open_tennis_championships,2012_44_hamburg_german_open_tennis_championships_2012-07-17_R32_reister_j_verdasco_f
tennis_data_uk,atp,2012,44,German Open Tennis Championships,Hamburg,2012-07-17,atp_500,True,clay,R32,32,3,Cilic M.,Cipolla F.,15,95,1925,566,2,0,6,3,6,4,,,,,,,completed,1.12,6.0,1.14,6.5,1.14,7.02,1.12,6.04,2012_44_hamburg_german_open_tennis_championships,2012_44_hamburg_german_open_tennis_championships_2012-07-17_R32_cilic_m_cipolla_f
tennis_data_uk,atp,2012,44,German Open Tennis Championships,Hamburg,2012-07-17,atp_500,True,clay,R32,32,3,Haas T.,Klizan M.,49,59,838,773,2,0,6,2,6,1,,,,,,,completed,1.38,2.87,1.43,3.01,1.5,3.13,1.41,2.83,2012_44_hamburg_german_open_tennis_championships,2012_44_hamburg_german_open_tennis_championships_2012-07-17_R32_haas_t_klizan_m
tennis_data_uk,atp,2012,44,German Open Tennis Championships,Hamburg,2012-07-17,atp_500,True,clay,R32,32,3,Fognini F.,Ilhan M.,65,160,740,324,2,0,7,5,6,2,,,,,,,completed,1.28,3.5,1.3,3.88,1.37,3.88,1.3,3.42,2012_44_hamburg_german_open_tennis_championships,2012_44_hamburg_german_open_tennis_championships_2012-07-17_R32_fognini_f_ilhan_m
tennis_data_uk,atp,2012,44,German Open Tennis Championships,Hamburg,2012-07-17,atp_500,True,clay,R32,32,3,Kohlschreiber P.,Phau B.,22,76,1570,634,2,1,4,6,6,2,6,3,,,,,completed,1.22,4.0,1.22,4.74,1.27,4.74,1.23,4.13,2012_44_hamburg_german_open_tennis_championships,2012_44_hamburg_german_open_tennis_championships_2012-07-17_R32_kohlschreiber_p_phau_b
tennis_data_uk,atp,2012,44,German Open Tennis Championships,Hamburg,2012-07-17,atp_500,True,clay,R32,32,3,Almagro N.,Kamke T.,10,97,2665,563,2,0,6,4,6,1,,,,,,,completed,1.22,4.0,1.24,4.52,1.3,4.52,1.24,3.95,2012_44_hamburg_german_open_tennis_championships,2012_44_hamburg_german_open_tennis_championships_2012-07-17_R32_almagro_n_kamke_t
tennis_data_uk,atp,2012,44,German Open Tennis Championships,Hamburg,2012-07-18,atp_500,True,clay,R16,16,3,Ramos A.,Rosol L.,46,107,880,532,2,1,7,6,4,6,6,3,,,,,completed,1.66,2.1,1.79,2.15,1.85,2.13,1.74,2.04,2012_44_hamburg_german_open_tennis_championships,2012_44_hamburg_german_open_tennis_championships_2012-07-18_R16_ramos_a_rosol_l
tennis_data_uk,atp,2012,44,German Open Tennis Championships,Hamburg,2012-07-18,atp_500,True,clay,R16,16,3,Haas T.,Simon G.,49,12,838,2480,2,1,4,6,6,3,6,4,,,,,completed,2.1,1.66,2.3,1.69,2.3,1.8,2.1,1.7,2012_44_hamburg_german_open_tennis_championships,2012_44_hamburg_german_open_tennis_championships_2012-07-18_R16_haas_t_simon_g
tennis_data_uk,atp,2012,44,German Open Tennis Championships,Hamburg,2012-07-18,atp_500,True,clay,R16,16,3,Mayer F.,Haase R.,23,42,1545,930,2,0,6,2,6,1,,,,,,,completed,1.44,2.62,1.59,2.52,1.59,2.75,1.49,2.57,2012_44_hamburg_german_open_tennis_championships,2012_44_hamburg_german_open_tennis_championships_2012-07-18_R16_mayer_f_haase_r
tennis_data_uk,atp,2012,44,German Open Tennis Championships,Hamburg,2012-07-18,atp_500,True,clay,R16,16,3,Cilic M.,Delbonis F.,15,140,1925,384,2,0,6,3,6,2,,,,,,,completed,1.16,5.0,1.19,5.33,1.21,5.33,1.17,4.74,2012_44_hamburg_german_open_tennis_championships,2012_44_hamburg_german_open_tennis_championships_2012-07-18_R16_cilic_m_delbonis_f
tennis_data_uk,atp,2012,44,German Open Tennis Championships,Hamburg,2012-07-19,atp_500,True,clay,R16,16,3,Monaco J.,Munoz-De La Nava D.,14,142,2240,373,2,0,7,6,6,3,,,,,,,completed,1.1,7.0,1.13,7.38,1.13,9.24,1.1,6.52,2012_44_hamburg_german_open_tennis_championships,2012_44_hamburg_german_open_tennis_championships_2012-07-19_R16_monaco_j_munoz_de_la_nava_d
tennis_data_uk,atp,2012,44,German Open Tennis Championships,Hamburg,2012-07-19,atp_500,True,clay,R16,16,3,Kohlschreiber P.,Fognini F.,22,65,1570,740,2,0,7,5,6,2,,,,,,,completed,1.33,3.25,1.37,3.42,1.44,3.5,1.35,3.11,2012_44_hamburg_german_open_tennis_championships,2012_44_hamburg_german_open_tennis_championships_2012-07-19_R16_kohlschreiber_p_fognini_f
tennis_data_uk,atp,2012,44,German Open Tennis Championships,Hamburg,2012-07-19,atp_500,True,clay,R16,16,3,Chardy J.,Reister J.,52,483,829,67,2,0,7,5,6,4,,,,,,,completed,1.38,2.87,1.45,3.0,1.46,3.0,1.4,2.86,2012_44_hamburg_german_open_tennis_championships,2012_44_hamburg_german_open_tennis_championships_2012-07-19_R16_chardy_j_reister_j
tennis_data_uk,atp,2012,44,German Open Tennis Championships,Hamburg,2012-07-19,atp_500,True,clay,R16,16,3,Almagro N.,Davydenko N.,10,44,2665,885,2,0,6,4,6,3,,,,,,,completed,1.22,4.0,1.27,4.22,1.27,5.0,1.22,4.07,2012_44_hamburg_german_open_tennis_championships,2012_44_hamburg_german_open_tennis_championships_2012-07-19_R16_almagro_n_davydenko_n
tennis_data_uk,atp,2012,44,German Open Tennis Championships,Hamburg,2012-07-20,atp_500,True,clay,QF,8,3,Monaco J.,Chardy J.,14,52,2240,829,2,0,6,3,7,5,,,,,,,completed,1.28,3.5,1.32,3.79,1.34,3.79,1.3,3.45,2012_44_hamburg_german_open_tennis_championships,2012_44_hamburg_german_open_tennis_championships_2012-07-20_QF_monaco_j_chardy_j
tennis_data_uk,atp,2012,44,German Open Tennis Championships,Hamburg,2012-07-20,atp_500,True,clay,QF,8,3,Haas T.,Mayer F.,49,23,838,1545,2,0,6,1,6,4,,,,,,,completed,2.2,1.61,2.27,1.72,2.3,1.77,2.13,1.69,2012_44_hamburg_german_open_tennis_championships,2012_44_hamburg_german_open_tennis_championships_2012-07-20_QF_haas_t_mayer_f
tennis_data_uk,atp,2012,44,German Open Tennis Championships,Hamburg,2012-07-20,atp_500,True,clay,QF,8,3,Almagro N.,Kohlschreiber P.,10,22,2665,1570,2,0,7,5,7,5,,,,,,,completed,1.57,2.25,1.65,2.41,1.67,2.48,1.61,2.27,2012_44_hamburg_german_open_tennis_championships,2012_44_hamburg_german_open_tennis_championships_2012-07-20_QF_almagro_n_kohlschreiber_p
tennis_data_uk,atp,2012,44,German Open Tennis Championships,Hamburg,2012-07-20,atp_500,True,clay,QF,8,3,Cilic M.,Ramos A.,15,46,1925,880,2,0,6,4,7,6,,,,,,,completed,1.2,4.33,1.25,4.55,1.3,4.65,1.25,3.89,2012_44_hamburg_german_open_tennis_championships,2012_44_hamburg_german_open_tennis_championships_2012-07-20_QF_cilic_m_ramos_a
tennis_data_uk,atp,2012,44,German Open Tennis Championships,Hamburg,2012-07-21,atp_500,True,clay,SF,4,3,Monaco J.,Almagro N.,14,10,2240,2665,2,1,3,6,6,3,6,4,,,,,completed,2.75,1.4,2.74,1.53,2.88,1.54,2.67,1.46,2012_44_hamburg_german_open_tennis_championships,2012_44_hamburg_german_open_tennis_championships_2012-07-21_SF_monaco_j_almagro_n
tennis_data_uk,atp,2012,44,German Open Tennis Championships,Hamburg,2012-07-21,atp_500,True,clay,SF,4,3,Haas T.,Cilic M.,49,15,838,1925,2,0,7,6,6,0,,,,,,,completed,2.62,1.44,2.65,1.56,2.75,1.57,2.51,1.51,2012_44_hamburg_german_open_tennis_championships,2012_44_hamburg_german_open_tennis_championships_2012-07-21_SF_haas_t_cilic_m
tennis_data_uk,atp,2012,44,German Open Tennis Championships,Hamburg,2012-07-22,atp_500,True,clay,F,2,3,Monaco J.,Haas T.,14,49,2240,838,2,0,7,5,6,4,,,,,,,completed,1.66,2.2,1.68,2.36,1.75,2.36,1.67,2.17,2012_44_hamburg_german_open_tennis_championships,2012_44_hamburg_german_open_tennis_championships_2012-07-22_F_monaco_j_haas_t
tennis_data_uk,atp,2012,45,Bet-At-Home Cup,Kitzbuhel,2012-07-22,atp_250,True,clay,R32,32,3,Rosol L.,Gabashvili T.,97,155,553,346,2,0,7,6,6,1,,,,,,,completed,1.3,3.4,1.38,3.3,1.4,3.5,1.34,3.16,2012_45_kitzbuhel_bet_at_home_cup,2012_45_kitzbuhel_bet_at_home_cup_2012-07-22_R32_rosol_l_gabashvili_t
tennis_data_uk,atp,2012,45,Bet-At-Home Cup,Kitzbuhel,2012-07-22,atp_250,True,clay,R32,32,3,Odesnik W.,Souza J.,148,126,368,433,2,1,5,7,6,4,6,3,,,,,completed,1.53,2.37,1.63,2.4,1.67,2.5,1.59,2.3,2012_45_kitzbuhel_bet_at_home_cup,2012_45_kitzbuhel_bet_at_home_cup_2012-07-22_R32_odesnik_w_souza_j
tennis_data_uk,atp,2012,45,Bet-At-Home Cup,Kitzbuhel,2012-07-23,atp_250,True,clay,R32,32,3,Veic A.,Kavcic B.,137,77,396,632,2,0,6,1,6,2,,,,,,,completed,2.0,1.72,2.12,1.79,2.18,1.83,2.04,1.74,2012_45_kitzbuhel_bet_at_home_cup,2012_45_kitzbuhel_bet_at_home_cup_2012-07-23_R32_veic_a_kavcic_b
tennis_data_uk,atp,2012,45,Bet-At-Home Cup,Kitzbuhel,2012-07-23,atp_250,True,clay,R32,32,3,Volandri F.,Giannessi A.,99,135,548,398,2,1,1,6,6,4,6,3,,,,,completed,1.38,2.87,1.5,2.76,1.5,3.0,1.43,2.73,2012_45_kitzbuhel_bet_at_home_cup,2012_45_kitzbuhel_bet_at_home_cup_2012-07-23_R32_volandri_f_giannessi_a
tennis_data_uk,atp,2012,45,Bet-At-Home Cup,Kitzbuhel,2012-07-23,atp_250,True,clay,R32,32,3,Balazs A.,Fischer M.,261,224,182,221,2,1,6,3,1,6,7,6,,,,,completed,2.75,1.4,2.71,1.52,2.86,1.53,2.63,1.46,2012_45_kitzbuhel_bet_at_home_cup,2012_45_kitzbuhel_bet_at_home_cup_2012-07-23_R32_balazs_a_fischer_m
tennis_data_uk,atp,2012,45,Bet-At-Home Cup,Kitzbuhel,2012-07-23,atp_250,True,clay,R32,32,3,Klizan M.,Thiem D.,62,442,773,79,2,1,6,1,3,6,7,5,,,,,completed,1.14,5.5,1.19,5.3,1.25,5.5,1.17,4.89,2012_45_kitzbuhel_bet_at_home_cup,2012_45_kitzbuhel_bet_at_home_cup_2012-07-23_R32_klizan_m_thiem_d
tennis_data_uk,atp,2012,45,Bet-At-Home Cup,Kitzbuhel,2012-07-23,atp_250,True,clay,R32,32,3,Zopp J.,Garcia-Lopez G.,80,71,622,651,2,0,6,1,6,3,,,,,,,completed,2.75,1.4,2.63,1.54,2.75,1.56,2.63,1.46,2012_45_kitzbuhel_bet_at_home_cup,2012_45_kitzbuhel_bet_at_home_cup_2012-07-23_R32_zopp_j_garcia_lopez_g
tennis_data_uk,atp,2012,45,Bet-At-Home Cup,Kitzbuhel,2012-07-24,atp_250,True,clay,R32,32,3,Cervenak P.,Ramirez-Hidalgo R.,204,90,246,578,2,1,4,6,7,6,6,3,,,,,completed,1.57,2.25,1.7,2.26,1.7,2.4,1.62,2.24,2012_45_kitzbuhel_bet_at_home_cup,2012_45_kitzbuhel_bet_at_home_cup_2012-07-24_R32_cervenak_p_ramirez_hidalgo_r
tennis_data_uk,atp,2012,45,Bet-At-Home Cup,Kitzbuhel,2012-07-24,atp_250,True,clay,R32,32,3,Dutra Silva R.,Hajek J.,107,84,531,590,0,0,4,1,,,,,,,,,retired,3.25,1.33,2.76,1.5,3.3,1.5,2.99,1.37,2012_45_kitzbuhel_bet_at_home_cup,2012_45_kitzbuhel_bet_at_home_cup_2012-07-24_R32_dutra_silva_r_hajek_j
tennis_data_uk,atp,2012,45,Bet-At-Home Cup,Kitzbuhel,2012-07-24,atp_250,True,clay,R32,32,3,Oswald P.,Brands D.,242,119,194,463,2,1,4,6,6,2,6,3,,,,,completed,2.75,1.4,3.46,1.35,3.46,1.49,2.86,1.4,2012_45_kitzbuhel_bet_at_home_cup,2012_45_kitzbuhel_bet_at_home_cup_2012-07-24_R32_oswald_p_brands_d
tennis_data_uk,atp,2012,45,Bet-At-Home Cup,Kitzbuhel,2012-07-24,atp_250,True,clay,R32,32,3,Gulbis E.,Haider-Maurer A.,67,149,696,364,2,1,2,6,7,5,6,1,,,,,completed,1.61,2.2,1.79,2.13,1.79,2.32,1.64,2.2,2012_45_kitzbuhel_bet_at_home_cup,2012_45_kitzbuhel_bet_at_home_cup_2012-07-24_R32_gulbis_e_haider_maurer_a
tennis_data_uk,atp,2012,45,Bet-At-Home Cup,Kitzbuhel,2012-07-24,atp_250,True,clay,R32,32,3,Bolelli S.,Zeballos H.,111,109,509,518,2,0,7,5,7,5,,,,,,,completed,1.72,2.0,1.67,2.33,1.88,2.33,1.78,1.99,2012_45_kitzbuhel_bet_at_home_cup,2012_45_kitzbuhel_bet_at_home_cup_2012-07-24_R32_bolelli_s_zeballos_h
tennis_data_uk,atp,2012,45,Bet-At-Home Cup,Kitzbuhel,2012-07-25,atp_250,True,clay,R16,16,3,Klizan M.,Cervenak P.,62,204,773,246,2,0,6,4,6,4,,,,,,,completed,2.25,1.57,2.26,1.72,2.4,1.72,2.26,1.61,2012_45_kitzbuhel_bet_at_home_cup,2012_45_kitzbuhel_bet_at_home_cup_2012-07-25_R16_klizan_m_cervenak_p
tennis_data_uk,atp,2012,45,Bet-At-Home Cup,Kitzbuhel,2012-07-25,atp_250,True,clay,R16,16,3,Rosol L.,Veic A.,97,137,553,396,2,1,6,3,5,7,6,3,,,,,completed,1.44,2.62,1.48,2.86,1.56,2.86,1.49,2.57,2012_45_kitzbuhel_bet_at_home_cup,2012_45_kitzbuhel_bet_at_home_cup_2012-07-25_R16_rosol_l_veic_a
tennis_data_uk,atp,2012,45,Bet-At-Home Cup,Kitzbuhel,2012-07-25,atp_250,True,clay,R16,16,3,Bolelli S.,Mayer F.,111,24,509,1545,2,0,6,2,7,6,,,,,,,completed,2.75,1.4,3.18,1.41,3.18,1.45,2.79,1.42,2012_45_kitzbuhel_bet_at_home_cup,2012_45_kitzbuhel_bet_at_home_cup_2012-07-25_R16_bolelli_s_mayer_f
tennis_data_uk,atp,2012,45,Bet-At-Home Cup,Kitzbuhel,2012-07-26,atp_250,True,clay,R16,16,3,Dutra Silva R.,Gulbis E.,107,67,531,696,2,0,6,4,6,4,,,,,,,completed,2.37,1.53,2.41,1.64,2.5,1.64,2.37,1.56,2012_45_kitzbuhel_bet_at_home_cup,2012_45_kitzbuhel_bet_at_home_cup_2012-07-26_R16_dutra_silva_r_gulbis_e
tennis_data_uk,atp,2012,45,Bet-At-Home Cup,Kitzbuhel,2012-07-26,atp_250,True,clay,R16,16,3,Kohlschreiber P.,Balazs A.,23,261,1600,182,2,0,6,4,6,1,,,,,,,completed,1.36,3.0,1.33,3.69,1.45,3.75,1.36,3.07,2012_45_kitzbuhel_bet_at_home_cup,2012_45_kitzbuhel_bet_at_home_cup_2012-07-26_R16_kohlschreiber_p_balazs_a
tennis_data_uk,atp,2012,45,Bet-At-Home Cup,Kitzbuhel,2012-07-26,atp_250,True,clay,R16,16,3,Volandri F.,Ramos A.,99,45,548,925,2,0,6,4,6,4,,,,,,,completed,4.0,1.22,4.05,1.29,4.05,1.3,3.65,1.27,2012_45_kitzbuhel_bet_at_home_cup,2012_45_kitzbuhel_bet_at_home_cup_2012-07-26_R16_volandri_f_ramos_a
tennis_data_uk,atp,2012,45,Bet-At-Home Cup,Kitzbuhel,2012-07-26,atp_250,True,clay,R16,16,3,Haase R.,Oswald P.,42,242,955,194,2,1,6,4,3,6,6,2,,,,,completed,1.33,3.25,1.31,3.83,1.45,3.89,1.34,3.2,2012_45_kitzbuhel_bet_at_home_cup,2012_45_kitzbuhel_bet_at_home_cup_2012-07-26_R16_haase_r_oswald_p
tennis_data_uk,atp,2012,45,Bet-At-Home Cup,Kitzbuhel,2012-07-26,atp_250,True,clay,R16,16,3,Odesnik W.,Zopp J.,148,80,368,622,2,1,5,7,7,5,6,3,,,,,completed,2.62,1.44,2.66,1.54,2.66,1.67,2.45,1.53,2012_45_kitzbuhel_bet_at_home_cup,2012_45_kitzbuhel_bet_at_home_cup_2012-07-26_R16_odesnik_w_zopp_j
tennis_data_uk,atp,2012,45,Bet-At-Home Cup,Kitzbuhel,2012-07-26,atp_250,True,clay,QF,8,3,Volandri F.,Dutra Silva R.,99,107,548,531,2,0,6,4,6,4,,,,,,,completed,1.53,2.37,1.72,2.27,1.72,2.38,1.63,2.25,2012_45_kitzbuhel_bet_at_home_cup,2012_45_kitzbuhel_bet_at_home_cup_2012-07-26_QF_volandri_f_dutra_silva_r
tennis_data_uk,atp,2012,45,Bet-At-Home Cup,Kitzbuhel,2012-07-26,atp_250,True,clay,QF,8,3,Kohlschreiber P.,Rosol L.,23,97,1600,553,2,1,6,4,2,6,6,4,,,,,completed,2.1,1.66,2.03,1.9,2.2,1.9,2.04,1.74,2012_45_kitzbuhel_bet_at_home_cup,2012_45_kitzbuhel_bet_at_home_cup_2012-07-26_QF_kohlschreiber_p_rosol_l
tennis_data_uk,atp,2012,45,Bet-At-Home Cup,Kitzbuhel,2012-07-26,atp_250,True,clay,QF,8,3,Haase R.,Odesnik W.,42,148,955,368,2,0,6,2,6,4,,,,,,,completed,1.83,1.83,1.62,2.49,2.0,2.49,1.72,2.11,2012_45_kitzbuhel_bet_at_home_cup,2012_45_kitzbuhel_bet_at_home_cup_2012-07-26_QF_haase_r_odesnik_w
tennis_data_uk,atp,2012,45,Bet-At-Home Cup,Kitzbuhel,2012-07-26,atp_250,True,clay,QF,8,3,Klizan M.,Bolelli S.,62,111,773,509,2,1,1,6,7,5,6,1,,,,,completed,2.62,1.44,2.92,1.48,3.0,1.55,2.7,1.44,2012_45_kitzbuhel_bet_at_home_cup,2012_45_kitzbuhel_bet_at_home_cup_2012-07-26_QF_klizan_m_bolelli_s
tennis_data_uk,atp,2012,45,Bet-At-Home Cup,Kitzbuhel,2012-07-27,atp_250,True,clay,SF,4,3,Kohlschreiber P.,Volandri F.,23,99,1600,548,2,1,6,7,6,2,6,2,,,,,completed,1.3,3.4,1.34,3.67,1.45,3.67,1.32,3.31,2012_45_kitzbuhel_bet_at_home_cup,2012_45_kitzbuhel_bet_at_home_cup_2012-07-27_SF_kohlschreiber_p_volandri_f
tennis_data_uk,atp,2012,45,Bet-At-Home Cup,Kitzbuhel,2012-07-27,atp_250,True,clay,SF,4,3,Haase R.,Klizan M.,42,62,955,773,2,0,6,3,6,3,,,,,,,completed,1.57,2.25,1.72,2.27,1.72,2.4,1.61,2.26,2012_45_kitzbuhel_bet_at_home_cup,2012_45_kitzbuhel_bet_at_home_cup_2012-07-27_SF_haase_r_klizan_m
tennis_data_uk,atp,2012,45,Bet-At-Home Cup,Kitzbuhel,2012-07-28,atp_250,True,clay,F,2,3,Haase R.,Kohlschreiber P.,42,23,955,1600,2,1,6,7,6,3,6,2,,,,,completed,3.2,1.36,3.14,1.43,3.3,1.45,3.01,1.37,2012_45_kitzbuhel_bet_at_home_cup,2012_45_kitzbuhel_bet_at_home_cup_2012-07-28_F_haase_r_kohlschreiber_p
tennis_data_uk,atp,2012,46,Farmers Classic,Los Angeles,2012-07-23,atp_250,True,hard,R32,32,3,Capdeville P.,Kunitsyn I.,139,130,390,418,2,0,6,4,7,6,,,,,,,completed,2.2,1.61,2.35,1.66,2.43,1.85,2.18,1.65,2012_46_los_angeles_farmers_classic,2012_46_los_angeles_farmers_classic_2012-07-23_R32_capdeville_p_kunitsyn_i
tennis_data_uk,atp,2012,46,Farmers Classic,Los Angeles,2012-07-24,atp_250,True,hard,R32,32,3,Cipolla F.,Sock J.,93,263,566,181,2,0,6,3,6,1,,,,,,,completed,2.25,1.57,2.25,1.71,2.38,1.71,2.22,1.63,2012_46_los_angeles_farmers_classic,2012_46_los_angeles_farmers_classic_2012-07-24_R32_cipolla_f_sock_j
tennis_data_uk,atp,2012,46,Farmers Classic,Los Angeles,2012-07-24,atp_250,True,hard,R32,32,3,Ram R.,Baker B.,117,79,481,625,2,0,7,6,7,5,,,,,,,completed,3.5,1.28,4.31,1.25,4.31,1.36,3.51,1.29,2012_46_los_angeles_farmers_classic,2012_46_los_angeles_farmers_classic_2012-07-24_R32_ram_r_baker_b
tennis_data_uk,atp,2012,46,Farmers Classic,Los Angeles,2012-07-24,atp_250,True,hard,R32,32,3,Russell M.,Levine J.,83,87,590,585,2,0,6,3,6,4,,,,,,,completed,1.8,1.9,1.83,2.07,1.87,2.1,1.82,1.93,2012_46_los_angeles_farmers_classic,2012_46_los_angeles_farmers_classic_2012-07-24_R32_russell_m_levine_j
tennis_data_uk,atp,2012,46,Farmers Classic,Los Angeles,2012-07-24,atp_250,True,hard,R32,32,3,Andreev I.,Sela D.,89,114,579,502,2,0,7,6,6,4,,,,,,,completed,1.44,2.62,1.43,3.01,1.95,3.46,1.5,2.62,2012_46_los_angeles_farmers_classic,2012_46_los_angeles_farmers_classic_2012-07-24_R32_andreev_i_sela_d
tennis_data_uk,atp,2012,46,Farmers Classic,Los Angeles,2012-07-24,atp_250,True,hard,R32,32,3,Malisse X.,Meister N.,72,625,651,37,2,0,6,4,6,1,,,,,,,completed,1.16,5.0,1.2,5.06,1.2,5.6,1.16,5.0,2012_46_los_angeles_farmers_classic,2012_46_los_angeles_farmers_classic_2012-07-24_R32_malisse_x_meister_n
tennis_data_uk,atp,2012,46,Farmers Classic,Los Angeles,2012-07-25,atp_250,True,hard,R32,32,3,Ebden M.,Berrer M.,78,125,631,437,2,1,4,6,6,2,7,6,,,,,completed,1.4,2.75,1.44,2.99,1.56,2.99,1.46,2.66,2012_46_los_angeles_farmers_classic,2012_46_los_angeles_farmers_classic_2012-07-25_R32_ebden_m_berrer_m
tennis_data_uk,atp,2012,46,Farmers Classic,Los Angeles,2012-07-25,atp_250,True,hard,R32,32,3,Lorenzi P.,Klahn B.,91,613,576,38,2,1,6,4,3,6,6,0,,,,,completed,1.72,2.0,2.03,1.87,2.03,2.1,1.82,1.94,2012_46_los_angeles_farmers_classic,2012_46_los_angeles_farmers_classic_2012-07-25_R32_lorenzi_p_klahn_b
tennis_data_uk,atp,2012,46,Farmers Classic,Los Angeles,2012-07-25,atp_250,True,hard,R32,32,3,Kamke T.,Blake J.,108,112,530,502,2,1,6,2,5,7,7,6,,,,,completed,2.25,1.57,2.59,1.56,2.59,1.69,2.3,1.6,2012_46_los_angeles_farmers_classic,2012_46_los_angeles_farmers_classic_2012-07-25_R32_kamke_t_blake_j
tennis_data_uk,atp,2012,46,Farmers Classic,Los Angeles,2012-07-25,atp_250,True,hard,R32,32,3,Matosevic M.,Guccione C.,81,510,616,60,2,1,3,6,6,3,6,3,,,,,completed,1.57,2.25,1.64,2.39,1.67,2.55,1.59,2.33,2012_46_los_angeles_farmers_classic,2012_46_los_angeles_farmers_classic_2012-07-25_R32_matosevic_m_guccione_c
tennis_data_uk,atp,2012,46,Farmers Classic,Los Angeles,2012-07-25,atp_250,True,hard,R32,32,3,Sijsling I.,Johnson S.,102,362,540,115,2,0,7,6,6,3,,,,,,,completed,1.57,2.25,1.67,2.33,1.68,2.6,1.58,2.32,2012_46_los_angeles_farmers_classic,2012_46_los_angeles_farmers_classic_2012-07-25_R32_sijsling_i_johnson_s
tennis_data_uk,atp,2012,46,Farmers Classic,Los Angeles,2012-07-25,atp_250,True,hard,R32,32,3,Berankis R.,Phau B.,141,76,387,634,2,0,7,6,6,4,,,,,,,completed,1.5,2.5,1.58,2.51,1.65,2.55,1.56,2.39,2012_46_los_angeles_farmers_classic,2012_46_los_angeles_farmers_classic_2012-07-25_R32_berankis_r_phau_b
tennis_data_uk,atp,2012,46,Farmers Classic,Los Angeles,2012-07-25,atp_250,True,hard,R16,16,3,Mayer L.,Cipolla F.,64,93,742,566,1,0,6,0,4,0,,,,,,,retired,2.1,1.66,2.11,1.81,2.13,1.85,1.97,1.79,2012_46_los_angeles_farmers_classic,2012_46_los_angeles_farmers_classic_2012-07-25_R16_mayer_l_cipolla_f
tennis_data_uk,atp,2012,46,Farmers Classic,Los Angeles,2012-07-25,atp_250,True,hard,R16,16,3,Ram R.,Capdeville P.,117,139,481,390,2,0,6,3,6,1,,,,,,,completed,1.5,2.5,1.53,2.71,1.57,2.72,1.52,2.49,2012_46_los_angeles_farmers_classic,2012_46_los_angeles_farmers_classic_2012-07-25_R16_ram_r_capdeville_p
tennis_data_uk,atp,2012,46,Farmers Classic,Los Angeles,2012-07-26,atp_250,True,hard,R16,16,3,Querrey S.,Sijsling I.,57,102,799,540,2,0,6,2,6,2,,,,,,,completed,1.22,4.0,1.29,4.05,1.29,4.28,1.25,3.83,2012_46_los_angeles_farmers_classic,2012_46_los_angeles_farmers_classic_2012-07-26_R16_querrey_s_sijsling_i
tennis_data_uk,atp,2012,46,Farmers Classic,Los Angeles,2012-07-26,atp_250,True,hard,R16,16,3,Berankis R.,Andreev I.,141,89,387,579,2,0,6,4,7,5,,,,,,,completed,1.61,2.2,1.75,2.2,1.83,2.2,1.72,2.07,2012_46_los_angeles_farmers_classic,2012_46_los_angeles_farmers_classic_2012-07-26_R16_berankis_r_andreev_i
tennis_data_uk,atp,2012,46,Farmers Classic,Los Angeles,2012-07-26,atp_250,True,hard,R16,16,3,Matosevic M.,Kamke T.,81,108,616,530,2,1,6,3,1,6,6,0,,,,,completed,1.57,2.25,1.74,2.23,1.74,2.5,1.66,2.17,2012_46_los_angeles_farmers_classic,2012_46_los_angeles_farmers_classic_2012-07-26_R16_matosevic_m_kamke_t
tennis_data_uk,atp,2012,46,Farmers Classic,Los Angeles,2012-07-26,atp_250,True,hard,R16,16,3,Malisse X.,Ebden M.,72,78,651,631,2,0,6,4,6,3,,,,,,,completed,1.5,2.5,1.57,2.58,1.63,2.58,1.57,2.34,2012_46_los_angeles_farmers_classic,2012_46_los_angeles_farmers_classic_2012-07-26_R16_malisse_x_ebden_m
tennis_data_uk,atp,2012,46,Farmers Classic,Los Angeles,2012-07-26,atp_250,True,hard,R16,16,3,Mahut N.,Lorenzi P.,66,91,719,576,2,0,7,5,7,6,,,,,,,completed,1.36,3.0,1.46,2.93,1.46,3.25,1.37,2.98,2012_46_los_angeles_farmers_classic,2012_46_los_angeles_farmers_classic_2012-07-26_R16_mahut_n_lorenzi_p
tennis_data_uk,atp,2012,46,Farmers Classic,Los Angeles,2012-07-27,atp_250,True,hard,R16,16,3,Russell M.,Paire B.,83,50,590,880,2,0,7,5,6,4,,,,,,,completed,1.8,1.9,1.73,2.24,1.98,2.24,1.81,1.95,2012_46_los_angeles_farmers_classic,2012_46_los_angeles_farmers_classic_2012-07-27_R16_russell_m_paire_b
tennis_data_uk,atp,2012,46,Farmers Classic,Los Angeles,2012-07-27,atp_250,True,hard,QF,8,3,Berankis R.,Mahut N.,141,66,387,719,2,0,6,4,6,4,,,,,,,completed,1.72,2.0,2.0,1.93,2.0,2.05,1.84,1.91,2012_46_los_angeles_farmers_classic,2012_46_los_angeles_farmers_classic_2012-07-27_QF_berankis_r_mahut_n
tennis_data_uk,atp,2012,46,Farmers Classic,Los Angeles,2012-07-27,atp_250,True,hard,QF,8,3,Ram R.,Mayer L.,117,64,481,742,2,0,7,6,6,3,,,,,,,completed,1.66,2.1,1.96,1.96,1.96,2.1,1.77,2.0,2012_46_los_angeles_farmers_classic,2012_46_los_angeles_farmers_classic_2012-07-27_QF_ram_r_mayer_l
tennis_data_uk,atp,2012,46,Farmers Classic,Los Angeles,2012-07-28,atp_250,True,hard,QF,8,3,Matosevic M.,Russell M.,81,83,616,590,2,0,6,2,6,3,,,,,,,completed,2.1,1.66,2.38,1.67,2.38,1.83,2.07,1.73,2012_46_los_angeles_farmers_classic,2012_46_los_angeles_farmers_classic_2012-07-28_QF_matosevic_m_russell_m
tennis_data_uk,atp,2012,46,Farmers Classic,Los Angeles,2012-07-28,atp_250,True,hard,QF,8,3,Querrey S.,Malisse X.,57,72,799,651,1,0,6,2,3,1,,,,,,,retired,1.44,2.62,1.56,2.65,1.6,2.75,1.52,2.49,2012_46_los_angeles_farmers_classic,2012_46_los_angeles_farmers_classic_2012-07-28_QF_querrey_s_malisse_x
tennis_data_uk,atp,2012,46,Farmers Classic,Los Angeles,2012-07-28,atp_250,True,hard,SF,4,3,Berankis R.,Matosevic M.,141,81,387,616,2,0,7,5,6,1,,,,,,,completed,1.57,2.25,1.75,2.24,1.75,2.3,1.67,2.15,2012_46_los_angeles_farmers_classic,2012_46_los_angeles_farmers_classic_2012-07-28_SF_berankis_r_matosevic_m
tennis_data_uk,atp,2012,46,Farmers Classic,Los Angeles,2012-07-29,atp_250,True,hard,SF,4,3,Querrey S.,Ram R.,57,117,799,481,2,0,6,3,7,6,,,,,,,completed,1.18,4.5,1.23,4.88,1.26,5.0,1.22,4.25,2012_46_los_angeles_farmers_classic,2012_46_los_angeles_farmers_classic_2012-07-29_SF_querrey_s_ram_r
tennis_data_uk,atp,2012,46,Farmers Classic,Los Angeles,2012-07-29,atp_250,True,hard,F,2,3,Querrey S.,Berankis R.,57,141,799,387,2,0,6,0,6,2,,,,,,,completed,1.36,3.25,1.38,3.36,1.5,3.4,1.34,3.17,2012_46_los_angeles_farmers_classic,2012_46_los_angeles_farmers_classic_2012-07-29_F_querrey_s_berankis_r
tennis_data_uk,atp,2012,47,Citi Open,Washington,2012-07-30,atp_500,True,hard,R32,32,3,Mayer L.,Garcia-Lopez G.,63,71,707,651,2,0,7,6,7,6,,,,,,,completed,1.9,1.8,2.04,1.85,2.15,1.85,2.04,1.74,2012_47_washington_citi_open,2012_47_washington_citi_open_2012-07-30_R32_mayer_l_garcia_lopez_g
tennis_data_uk,atp,2012,47,Citi Open,Washington,2012-07-30,atp_500,True,hard,R32,32,3,Serra F.,Baker B.,132,78,424,625,2,1,4,6,6,3,6,4,,,,,completed,2.75,1.4,3.04,1.43,3.36,1.53,2.79,1.42,2012_47_washington_citi_open,2012_47_washington_citi_open_2012-07-30_R32_serra_f_baker_b
tennis_data_uk,atp,2012,47,Citi Open,Washington,2012-07-31,atp_500,True,hard,R32,32,3,Blake J.,Andujar P.,116,39,482,985,2,1,4,6,6,2,6,2,,,,,completed,1.36,3.0,1.41,3.13,1.43,3.35,1.38,3.01,2012_47_washington_citi_open,2012_47_washington_citi_open_2012-07-31_R32_blake_j_andujar_p
tennis_data_uk,atp,2012,47,Citi Open,Washington,2012-07-31,atp_500,True,hard,R32,32,3,Chardy J.,Roger-Vasselin E.,47,100,899,555,2,1,3,6,7,6,6,4,,,,,completed,1.53,2.37,1.48,2.84,1.58,2.84,1.53,2.51,2012_47_washington_citi_open,2012_47_washington_citi_open_2012-07-31_R32_chardy_j_roger_vasselin_e
tennis_data_uk,atp,2012,47,Citi Open,Washington,2012-07-31,atp_500,True,hard,R32,32,3,Dolgopolov O.,Cipolla F.,25,96,1460,566,2,0,6,1,6,3,,,,,,,completed,1.22,4.0,1.3,3.86,1.35,4.04,1.29,3.46,2012_47_washington_citi_open,2012_47_washington_citi_open_2012-07-31_R32_dolgopolov_o_cipolla_f
tennis_data_uk,atp,2012,47,Citi Open,Washington,2012-07-31,atp_500,True,hard,R32,32,3,Chiudinelli M.,Zeballos H.,149,110,362,512,2,0,7,5,7,5,,,,,,,completed,1.4,2.75,1.49,2.8,1.55,3.0,1.47,2.63,2012_47_washington_citi_open,2012_47_washington_citi_open_2012-07-31_R32_chiudinelli_m_zeballos_h
tennis_data_uk,atp,2012,47,Citi Open,Washington,2012-07-31,atp_500,True,hard,R32,32,3,Ramirez-Hidalgo R.,Ebden M.,97,72,566,651,2,0,6,3,6,2,,,,,,,completed,6.0,1.12,6.5,1.14,6.5,1.17,5.55,1.14,2012_47_washington_citi_open,2012_47_washington_citi_open_2012-07-31_R32_ramirez_hidalgo_r_ebden_m
tennis_data_uk,atp,2012,47,Citi Open,Washington,2012-07-31,atp_500,True,hard,R32,32,3,Malisse X.,Mathieu P.H.,67,142,686,387,2,1,4,6,6,2,6,1,,,,,completed,1.66,2.1,1.8,2.1,1.87,2.2,1.76,2.01,2012_47_washington_citi_open,2012_47_washington_citi_open_2012-07-31_R32_malisse_x_mathieu_p_h
tennis_data_uk,atp,2012,47,Citi Open,Washington,2012-07-31,atp_500,True,hard,R32,32,3,Haas T.,Russell M.,36,81,1138,615,2,0,6,4,6,2,,,,,,,completed,1.28,3.5,1.32,3.66,1.4,3.94,1.33,3.26,2012_47_washington_citi_open,2012_47_washington_citi_open_2012-07-31_R32_haas_t_russell_m
tennis_data_uk,atp,2012,47,Citi Open,Washington,2012-08-01,atp_500,True,hard,R32,32,3,Matosevic M.,Levine J.,64,89,706,585,2,1,3,6,7,6,6,3,,,,,completed,1.66,2.1,1.72,2.23,1.75,2.25,1.71,2.09,2012_47_washington_citi_open,2012_47_washington_citi_open_2012-08-01_R32_matosevic_m_levine_j
tennis_data_uk,atp,2012,47,Citi Open,Washington,2012-08-01,atp_500,True,hard,R32,32,3,Kamke T.,Paire B.,107,50,538,880,2,0,6,3,7,5,,,,,,,completed,2.2,1.61,2.16,1.77,2.25,1.77,2.17,1.67,2012_47_washington_citi_open,2012_47_washington_citi_open_2012-08-01_R32_kamke_t_paire_b
tennis_data_uk,atp,2012,47,Citi Open,Washington,2012-08-01,atp_500,True,hard,R32,32,3,Fish M.,Phau B.,15,77,1955,627,2,1,4,6,6,1,6,2,,,,,completed,1.2,4.33,1.24,4.44,1.3,4.63,1.25,3.84,2012_47_washington_citi_open,2012_47_washington_citi_open_2012-08-01_R32_fish_m_phau_b
tennis_data_uk,atp,2012,47,Citi Open,Washington,2012-08-01,atp_500,True,hard,R32,32,3,Becker B.,Johnson S.,105,360,543,115,2,0,6,4,6,3,,,,,,,completed,1.36,3.0,1.52,2.7,1.52,3.0,1.42,2.81,2012_47_washington_citi_open,2012_47_washington_citi_open_2012-08-01_R32_becker_b_johnson_s
tennis_data_uk,atp,2012,47,Citi Open,Washington,2012-08-01,atp_500,True,hard,R32,32,3,Anderson K.,Zopp J.,34,82,1180,615,2,0,6,3,6,2,,,,,,,completed,1.2,4.33,1.33,3.58,1.33,4.15,1.28,3.64,2012_47_washington_citi_open,2012_47_washington_citi_open_2012-08-01_R32_anderson_k_zopp_j
tennis_data_uk,atp,2012,47,Citi Open,Washington,2012-08-01,atp_500,True,hard,R32,32,3,Querrey S.,Andreev I.,38,92,1029,579,2,1,7,6,6,7,7,6,,,,,completed,1.18,4.5,1.23,4.61,1.25,4.61,1.22,4.21,2012_47_washington_citi_open,2012_47_washington_citi_open_2012-08-01_R32_querrey_s_andreev_i
tennis_data_uk,atp,2012,47,Citi Open,Washington,2012-08-01,atp_500,True,hard,R32,32,3,Berankis R.,Mahut N.,103,62,549,744,2,0,6,4,7,5,,,,,,,completed,1.66,2.1,1.73,2.22,1.74,2.28,1.68,2.14,2012_47_washington_citi_open,2012_47_washington_citi_open_2012-08-01_R32_berankis_r_mahut_n
tennis_data_uk,atp,2012,47,Citi Open,Washington,2012-08-01,atp_500,True,hard,R16,16,3,Kamke T.,Matosevic M.,107,64,538,706,2,0,6,4,6,3,,,,,,,completed,2.25,1.57,2.35,1.66,2.43,1.67,2.25,1.61,2012_47_washington_citi_open,2012_47_washington_citi_open_2012-08-01_R16_kamke_t_matosevic_m
tennis_data_uk,atp,2012,47,Citi Open,Washington,2012-08-01,atp_500,True,hard,R16,16,3,Haas T.,Mayer L.,36,63,1138,707,2,0,6,4,7,5,,,,,,,completed,1.18,4.5,1.23,4.67,1.3,4.67,1.23,4.05,2012_47_washington_citi_open,2012_47_washington_citi_open_2012-08-01_R16_haas_t_mayer_l
tennis_data_uk,atp,2012,47,Citi Open,Washington,2012-08-02,atp_500,True,hard,R16,16,3,Blake J.,Chiudinelli M.,116,149,482,362,2,0,6,2,6,4,,,,,,,completed,1.44,2.62,1.54,2.64,1.56,2.75,1.48,2.57,2012_47_washington_citi_open,2012_47_washington_citi_open_2012-08-02_R16_blake_j_chiudinelli_m
tennis_data_uk,atp,2012,47,Citi Open,Washington,2012-08-02,atp_500,True,hard,R16,16,3,Dolgopolov O.,Ramirez-Hidalgo R.,25,97,1460,566,2,0,6,1,6,3,,,,,,,completed,1.1,7.0,1.07,10.43,1.15,10.43,1.1,7.04,2012_47_washington_citi_open,2012_47_washington_citi_open_2012-08-02_R16_dolgopolov_o_ramirez_hidalgo_r
tennis_data_uk,atp,2012,47,Citi Open,Washington,2012-08-02,atp_500,True,hard,R16,16,3,Anderson K.,Serra F.,34,132,1180,424,2,0,6,4,6,4,,,,,,,completed,1.14,5.5,1.16,6.0,1.22,6.0,1.16,5.01,2012_47_washington_citi_open,2012_47_washington_citi_open_2012-08-02_R16_anderson_k_serra_f
tennis_data_uk,atp,2012,47,Citi Open,Washington,2012-08-02,atp_500,True,hard,R16,16,3,Querrey S.,Becker B.,38,105,1029,543,2,0,6,4,6,3,,,,,,,completed,1.2,4.33,1.24,4.52,1.3,4.52,1.25,3.77,2012_47_washington_citi_open,2012_47_washington_citi_open_2012-08-02_R16_querrey_s_becker_b
tennis_data_uk,atp,2012,47,Citi Open,Washington,2012-08-03,atp_500,True,hard,R16,16,3,Fish M.,Berankis R.,15,103,1955,549,2,0,6,3,6,1,,,,,,,completed,1.33,3.25,1.35,3.46,1.45,3.5,1.36,3.06,2012_47_washington_citi_open,2012_47_washington_citi_open_2012-08-03_R16_fish_m_berankis_r
tennis_data_uk,atp,2012,47,Citi Open,Washington,2012-08-03,atp_500,True,hard,R16,16,3,Malisse X.,Chardy J.,67,47,686,899,2,0,6,3,6,2,,,,,,,completed,1.44,2.62,1.56,2.57,1.62,2.7,1.52,2.47,2012_47_washington_citi_open,2012_47_washington_citi_open_2012-08-03_R16_malisse_x_chardy_j
tennis_data_uk,atp,2012,47,Citi Open,Washington,2012-08-03,atp_500,True,hard,QF,8,3,Haas T.,Kamke T.,36,107,1138,538,2,0,6,1,6,2,,,,,,,completed,1.16,5.0,1.2,5.43,1.25,5.43,1.19,4.52,2012_47_washington_citi_open,2012_47_washington_citi_open_2012-08-03_QF_haas_t_kamke_t
tennis_data_uk,atp,2012,47,Citi Open,Washington,2012-08-03,atp_500,True,hard,QF,8,3,Fish M.,Malisse X.,15,67,1955,686,2,0,6,3,6,4,,,,,,,completed,1.38,2.87,1.37,3.36,1.42,3.6,1.38,2.98,2012_47_washington_citi_open,2012_47_washington_citi_open_2012-08-03_QF_fish_m_malisse_x
tennis_data_uk,atp,2012,47,Citi Open,Washington,2012-08-03,atp_500,True,hard,QF,8,3,Querrey S.,Anderson K.,38,34,1029,1180,2,0,6,4,6,4,,,,,,,completed,1.53,2.37,1.65,2.43,1.73,2.43,1.64,2.21,2012_47_washington_citi_open,2012_47_washington_citi_open_2012-08-03_QF_querrey_s_anderson_k
tennis_data_uk,atp,2012,47,Citi Open,Washington,2012-08-04,atp_500,True,hard,QF,8,3,Dolgopolov O.,Blake J.,25,116,1460,482,2,0,7,6,6,4,,,,,,,completed,1.28,3.5,1.38,3.45,1.38,3.75,1.31,3.34,2012_47_washington_citi_open,2012_47_washington_citi_open_2012-08-04_QF_dolgopolov_o_blake_j
tennis_data_uk,atp,2012,47,Citi Open,Washington,2012-08-04,atp_500,True,hard,SF,4,3,Haas T.,Fish M.,36,15,1138,1955,2,0,6,3,7,5,,,,,,,completed,2.0,1.72,2.09,1.85,2.1,1.87,1.98,1.78,2012_47_washington_citi_open,2012_47_washington_citi_open_2012-08-04_SF_haas_t_fish_m
tennis_data_uk,atp,2012,47,Citi Open,Washington,2012-08-05,atp_500,True,hard,SF,4,3,Dolgopolov O.,Querrey S.,25,38,1460,1029,2,0,6,4,6,4,,,,,,,completed,2.25,1.57,2.37,1.67,2.4,2.25,2.17,1.67,2012_47_washington_citi_open,2012_47_washington_citi_open_2012-08-05_SF_dolgopolov_o_querrey_s
tennis_data_uk,atp,2012,47,Citi Open,Washington,2012-08-05,atp_500,True,hard,F,2,3,Dolgopolov O.,Haas T.,25,36,1460,1138,2,1,6,7,6,4,6,1,,,,,completed,2.25,1.57,2.33,1.69,2.4,1.69,2.26,1.61,2012_47_washington_citi_open,2012_47_washington_citi_open_2012-08-05_F_dolgopolov_o_haas_t
tennis_data_uk,atp,2012,48,Rogers Masters,Toronto,2012-08-06,masters_1000,True,hard,R64,64,3,Chardy J.,Young D.,47,84,924,610,2,1,3,6,7,6,6,0,,,,,completed,1.33,3.25,1.42,3.14,1.42,3.25,1.36,3.02,2012_48_toronto_rogers_masters,2012_48_toronto_rogers_masters_2012-08-06_R64_chardy_j_young_d
tennis_data_uk,atp,2012,48,Rogers Masters,Toronto,2012-08-06,masters_1000,True,hard,R64,64,3,Troicki V.,Bogomolov A.,33,58,1220,785,2,0,6,4,7,6,,,,,,,completed,1.28,3.5,1.4,3.26,1.4,3.5,1.33,3.23,2012_48_toronto_rogers_masters,2012_48_toronto_rogers_masters_2012-08-06_R64_troicki_v_bogomolov_a
tennis_data_uk,atp,2012,48,Rogers Masters,Toronto,2012-08-06,masters_1000,True,hard,R64,64,3,Tomic B.,Berrer M.,49,131,880,427,2,1,6,3,3,6,6,3,,,,,completed,1.33,3.25,1.39,3.26,1.4,3.35,1.35,3.11,2012_48_toronto_rogers_masters,2012_48_toronto_rogers_masters_2012-08-06_R64_tomic_b_berrer_m
tennis_data_uk,atp,2012,48,Rogers Masters,Toronto,2012-08-06,masters_1000,True,hard,R64,64,3,Andujar P.,Lacko L.,44,56,940,813,2,1,6,2,4,6,6,2,,,,,completed,3.5,1.28,3.49,1.35,3.5,1.37,3.2,1.33,2012_48_toronto_rogers_masters,2012_48_toronto_rogers_masters_2012-08-06_R64_andujar_p_lacko_l
tennis_data_uk,atp,2012,48,Rogers Masters,Toronto,2012-08-06,masters_1000,True,hard,R64,64,3,Ebden M.,Polansky P.,80,157,621,338,2,1,0,6,6,4,6,3,,,,,completed,1.53,2.37,1.5,2.8,1.61,2.85,1.5,2.52,2012_48_toronto_rogers_masters,2012_48_toronto_rogers_masters_2012-08-06_R64_ebden_m_polansky_p
tennis_data_uk,atp,2012,48,Rogers Masters,Toronto,2012-08-06,masters_1000,True,hard,R64,64,3,Cipolla F.,Zopp J.,97,82,566,615,2,0,6,1,6,2,,,,,,,completed,2.5,1.5,2.6,1.56,2.65,1.63,2.35,1.58,2012_48_toronto_rogers_masters,2012_48_toronto_rogers_masters_2012-08-06_R64_cipolla_f_zopp_j
tennis_data_uk,atp,2012,48,Rogers Masters,Toronto,2012-08-07,masters_1000,True,hard,R64,64,3,Pospisil V.,Seppi A.,104,26,541,1355,2,1,4,6,6,4,7,6,,,,,completed,2.75,1.4,2.97,1.45,3.2,1.45,2.87,1.4,2012_48_toronto_rogers_masters,2012_48_toronto_rogers_masters_2012-08-07_R64_pospisil_v_seppi_a
tennis_data_uk,atp,2012,48,Rogers Masters,Toronto,2012-08-07,masters_1000,True,hard,R64,64,3,Baghdatis M.,Berlocq C.,45,37,925,985,2,0,6,4,6,3,,,,,,,completed,1.2,4.33,1.22,4.89,1.22,5.15,1.19,4.56,2012_48_toronto_rogers_masters,2012_48_toronto_rogers_masters_2012-08-07_R64_baghdatis_m_berlocq_c
tennis_data_uk,atp,2012,48,Rogers Masters,Toronto,2012-08-07,masters_1000,True,hard,R64,64,3,Kukushkin M.,Dancevic F.,69,123,665,449,2,0,6,3,7,5,,,,,,,completed,2.5,1.5,2.52,1.59,2.6,1.6,2.4,1.55,2012_48_toronto_rogers_masters,2012_48_toronto_rogers_masters_2012-08-07_R64_kukushkin_m_dancevic_f
tennis_data_uk,atp,2012,48,Rogers Masters,Toronto,2012-08-07,masters_1000,True,hard,R64,64,3,Querrey S.,Melzer J.,35,36,1189,1057,2,0,6,3,6,2,,,,,,,completed,1.3,3.4,1.38,3.35,1.38,3.5,1.33,3.21,2012_48_toronto_rogers_masters,2012_48_toronto_rogers_masters_2012-08-07_R64_querrey_s_melzer_j
tennis_data_uk,atp,2012,48,Rogers Masters,Toronto,2012-08-07,masters_1000,True,hard,R64,64,3,Granollers M.,Stakhovsky S.,27,99,1350,558,2,1,4,6,6,4,6,3,,,,,completed,1.72,2.0,1.79,2.15,1.82,2.15,1.76,2.01,2012_48_toronto_rogers_masters,2012_48_toronto_rogers_masters_2012-08-07_R64_granollers_m_stakhovsky_s
tennis_data_uk,atp,2012,48,Rogers Masters,Toronto,2012-08-07,masters_1000,True,hard,R64,64,3,Stepanek R.,Dolgopolov O.,40,16,965,1940,2,0,6,3,6,1,,,,,,,completed,2.75,1.4,2.88,1.48,3.05,1.5,2.66,1.45,2012_48_toronto_rogers_masters,2012_48_toronto_rogers_masters_2012-08-07_R64_stepanek_r_dolgopolov_o
tennis_data_uk,atp,2012,48,Rogers Masters,Toronto,2012-08-07,masters_1000,True,hard,R64,64,3,Youzhny M.,Anderson K.,30,32,1255,1225,2,0,6,1,7,6,,,,,,,completed,1.8,1.9,1.99,1.92,2.0,2.0,1.86,1.87,2012_48_toronto_rogers_masters,2012_48_toronto_rogers_masters_2012-08-07_R64_youzhny_m_anderson_k
tennis_data_uk,atp,2012,48,Rogers Masters,Toronto,2012-08-07,masters_1000,True,hard,R64,64,3,Fognini F.,Lu Y.H.,66,70,695,660,2,1,7,6,5,7,7,6,,,,,completed,1.72,2.0,1.81,2.1,1.83,2.1,1.77,1.98,2012_48_toronto_rogers_masters,2012_48_toronto_rogers_masters_2012-08-07_R64_fognini_f_lu_y_h
tennis_data_uk,atp,2012,48,Rogers Masters,Toronto,2012-08-07,masters_1000,True,hard,R64,64,3,Haas T.,Nalbandian D.,25,38,1418,980,2,1,6,2,6,7,6,3,,,,,completed,1.61,2.2,1.69,2.29,1.85,2.4,1.63,2.21,2012_48_toronto_rogers_masters,2012_48_toronto_rogers_masters_2012-08-07_R64_haas_t_nalbandian_d
tennis_data_uk,atp,2012,48,Rogers Masters,Toronto,2012-08-07,masters_1000,True,hard,R64,64,3,Benneteau J.,Odesnik W.,31,133,1245,407,2,0,6,4,6,4,,,,,,,completed,1.38,2.87,1.4,3.22,1.44,3.22,1.39,2.92,2012_48_toronto_rogers_masters,2012_48_toronto_rogers_masters_2012-08-07_R64_benneteau_j_odesnik_w
tennis_data_uk,atp,2012,48,Rogers Masters,Toronto,2012-08-07,masters_1000,True,hard,R32,32,3,Fish M.,Ebden M.,13,80,2135,621,2,0,6,2,6,0,,,,,,,completed,1.16,5.0,1.13,7.11,1.22,7.11,1.17,4.95,2012_48_toronto_rogers_masters,2012_48_toronto_rogers_masters_2012-08-07_R32_fish_m_ebden_m
tennis_data_uk,atp,2012,48,Rogers Masters,Toronto,2012-08-07,masters_1000,True,hard,R32,32,3,Monaco J.,Pospisil V.,10,104,2695,541,2,0,7,5,6,4,,,,,,,completed,1.2,4.33,1.23,4.69,1.26,4.69,1.22,4.11,2012_48_toronto_rogers_masters,2012_48_toronto_rogers_masters_2012-08-07_R32_monaco_j_pospisil_v
tennis_data_uk,atp,2012,48,Rogers Masters,Toronto,2012-08-08,masters_1000,True,hard,R32,32,3,Raonic M.,Troicki V.,24,33,1540,1220,2,0,6,3,6,4,,,,,,,completed,1.18,4.5,1.23,4.73,1.25,5.0,1.22,4.17,2012_48_toronto_rogers_masters,2012_48_toronto_rogers_masters_2012-08-08_R32_raonic_m_troicki_v
tennis_data_uk,atp,2012,48,Rogers Masters,Toronto,2012-08-08,masters_1000,True,hard,R32,32,3,Isner J.,Andujar P.,12,44,2440,940,2,0,7,6,7,5,,,,,,,completed,1.07,9.0,1.05,13.0,1.11,13.0,1.07,8.42,2012_48_toronto_rogers_masters,2012_48_toronto_rogers_masters_2012-08-08_R32_isner_j_andujar_p
tennis_data_uk,atp,2012,48,Rogers Masters,Toronto,2012-08-08,masters_1000,True,hard,R32,32,3,Cilic M.,Baghdatis M.,15,45,2015,925,2,0,7,5,6,3,,,,,,,completed,1.44,2.62,1.57,2.58,1.6,2.63,1.52,2.47,2012_48_toronto_rogers_masters,2012_48_toronto_rogers_masters_2012-08-08_R32_cilic_m_baghdatis_m
tennis_data_uk,atp,2012,48,Rogers Masters,Toronto,2012-08-08,masters_1000,True,hard,R32,32,3,Granollers M.,Mayer F.,27,23,1350,1545,2,0,6,3,6,4,,,,,,,completed,2.37,1.53,2.35,1.67,2.37,1.67,2.25,1.61,2012_48_toronto_rogers_masters,2012_48_toronto_rogers_masters_2012-08-08_R32_granollers_m_mayer_f
tennis_data_uk,atp,2012,48,Rogers Masters,Toronto,2012-08-08,masters_1000,True,hard,R32,32,3,Stepanek R.,Del Potro J.M.,40,8,965,3340,2,0,6,4,7,6,,,,,,,completed,4.5,1.18,4.7,1.23,4.84,1.23,4.44,1.19,2012_48_toronto_rogers_masters,2012_48_toronto_rogers_masters_2012-08-08_R32_stepanek_r_del_potro_j_m
tennis_data_uk,atp,2012,48,Rogers Masters,Toronto,2012-08-08,masters_1000,True,hard,R32,32,3,Tipsarevic J.,Youzhny M.,9,30,3320,1255,2,0,7,6,6,4,,,,,,,completed,1.57,2.25,1.68,2.34,1.69,2.38,1.61,2.25,2012_48_toronto_rogers_masters,2012_48_toronto_rogers_masters_2012-08-08_R32_tipsarevic_j_youzhny_m
tennis_data_uk,atp,2012,48,Rogers Masters,Toronto,2012-08-08,masters_1000,True,hard,R32,32,3,Gasquet R.,Kukushkin M.,21,69,1600,665,2,0,6,3,7,5,,,,,,,completed,1.18,4.5,1.25,4.5,1.3,4.65,1.21,4.2,2012_48_toronto_rogers_masters,2012_48_toronto_rogers_masters_2012-08-08_R32_gasquet_r_kukushkin_m
tennis_data_uk,atp,2012,48,Rogers Masters,Toronto,2012-08-08,masters_1000,True,hard,R32,32,3,Kohlschreiber P.,Fognini F.,18,66,1685,695,2,0,6,2,6,2,,,,,,,completed,1.28,3.5,1.29,4.05,1.36,4.05,1.3,3.42,2012_48_toronto_rogers_masters,2012_48_toronto_rogers_masters_2012-08-08_R32_kohlschreiber_p_fognini_f
tennis_data_uk,atp,2012,48,Rogers Masters,Toronto,2012-08-08,masters_1000,True,hard,R32,32,3,Berdych T.,Benneteau J.,7,31,4515,1245,2,1,6,7,6,4,6,4,,,,,completed,1.22,4.0,1.3,3.95,1.3,4.06,1.26,3.74,2012_48_toronto_rogers_masters,2012_48_toronto_rogers_masters_2012-08-08_R32_berdych_t_benneteau_j
tennis_data_uk,atp,2012,48,Rogers Masters,Toronto,2012-08-08,masters_1000,True,hard,R32,32,3,Chardy J.,Tsonga J.W.,47,6,924,5230,2,0,6,4,7,6,,,,,,,completed,6.0,1.12,6.05,1.16,6.5,1.17,5.5,1.14,2012_48_toronto_rogers_masters,2012_48_toronto_rogers_masters_2012-08-08_R32_chardy_j_tsonga_j_w
tennis_data_uk,atp,2012,48,Rogers Masters,Toronto,2012-08-08,masters_1000,True,hard,R32,32,3,Murray A.,Cipolla F.,4,97,8120,566,2,0,6,1,6,3,,,,,,,completed,1.11,6.5,1.08,10.15,1.12,10.15,1.09,7.1,2012_48_toronto_rogers_masters,2012_48_toronto_rogers_masters_2012-08-08_R32_murray_a_cipolla_f
tennis_data_uk,atp,2012,48,Rogers Masters,Toronto,2012-08-08,masters_1000,True,hard,R32,32,3,Haas T.,Simon G.,25,14,1418,2070,2,0,6,2,6,3,,,,,,,completed,2.0,1.72,2.02,1.88,2.08,1.88,1.99,1.78,2012_48_toronto_rogers_masters,2012_48_toronto_rogers_masters_2012-08-08_R32_haas_t_simon_g
tennis_data_uk,atp,2012,48,Rogers Masters,Toronto,2012-08-08,masters_1000,True,hard,R32,32,3,Querrey S.,Nishikori K.,35,17,1189,1770,2,0,6,2,6,3,,,,,,,completed,1.66,2.1,1.79,2.15,1.79,2.27,1.7,2.11,2012_48_toronto_rogers_masters,2012_48_toronto_rogers_masters_2012-08-08_R32_querrey_s_nishikori_k
tennis_data_uk,atp,2012,48,Rogers Masters,Toronto,2012-08-09,masters_1000,True,hard,R32,32,3,Djokovic N.,Tomic B.,2,49,11270,880,2,0,6,2,6,3,,,,,,,completed,1.07,9.0,1.06,12.25,1.1,12.25,1.07,8.31,2012_48_toronto_rogers_masters,2012_48_toronto_rogers_masters_2012-08-09_R32_djokovic_n_tomic_b
tennis_data_uk,atp,2012,48,Rogers Masters,Toronto,2012-08-09,masters_1000,True,hard,R16,16,3,Raonic M.,Murray A.,24,4,1540,8120,,,,,,,,,,,,,walkover,2.5,1.5,2.47,1.63,2.5,1.63,2.39,1.56,2012_48_toronto_rogers_masters,2012_48_toronto_rogers_masters_2012-08-09_R16_raonic_m_murray_a
tennis_data_uk,atp,2012,48,Rogers Masters,Toronto,2012-08-10,masters_1000,True,hard,R16,16,3,Gasquet R.,Berdych T.,21,7,1600,4515,2,0,6,4,6,2,,,,,,,completed,2.87,1.38,2.92,1.48,2.92,1.51,2.68,1.45,2012_48_toronto_rogers_masters,2012_48_toronto_rogers_masters_2012-08-10_R16_gasquet_r_berdych_t
tennis_data_uk,atp,2012,48,Rogers Masters,Toronto,2012-08-10,masters_1000,True,hard,R16,16,3,Fish M.,Monaco J.,13,10,2135,2695,2,1,2,6,6,1,6,4,,,,,completed,1.53,2.37,1.67,2.38,1.67,2.45,1.6,2.29,2012_48_toronto_rogers_masters,2012_48_toronto_rogers_masters_2012-08-10_R16_fish_m_monaco_j
tennis_data_uk,atp,2012,48,Rogers Masters,Toronto,2012-08-10,masters_1000,True,hard,R16,16,3,Tipsarevic J.,Cilic M.,9,15,3320,2015,2,0,6,2,6,4,,,,,,,completed,2.2,1.61,2.22,1.76,2.25,1.85,2.08,1.72,2012_48_toronto_rogers_masters,2012_48_toronto_rogers_masters_2012-08-10_R16_tipsarevic_j_cilic_m
tennis_data_uk,atp,2012,48,Rogers Masters,Toronto,2012-08-10,masters_1000,True,hard,R16,16,3,Granollers M.,Chardy J.,27,47,1350,924,2,0,6,1,6,4,,,,,,,completed,1.66,2.1,1.81,2.14,1.81,2.2,1.72,2.08,2012_48_toronto_rogers_masters,2012_48_toronto_rogers_masters_2012-08-10_R16_granollers_m_chardy_j
tennis_data_uk,atp,2012,48,Rogers Masters,Toronto,2012-08-10,masters_1000,True,hard,R16,16,3,Djokovic N.,Querrey S.,2,35,11270,1189,2,0,6,4,6,4,,,,,,,completed,1.1,7.0,1.12,7.94,1.12,8.0,1.1,6.7,2012_48_toronto_rogers_masters,2012_48_toronto_rogers_masters_2012-08-10_R16_djokovic_n_querrey_s
tennis_data_uk,atp,2012,48,Rogers Masters,Toronto,2012-08-10,masters_1000,True,hard,R16,16,3,Haas T.,Stepanek R.,25,40,1418,965,2,1,2,6,6,4,6,1,,,,,completed,1.4,2.75,1.52,2.76,1.55,2.8,1.48,2.61,2012_48_toronto_rogers_masters,2012_48_toronto_rogers_masters_2012-08-10_R16_haas_t_stepanek_r
tennis_data_uk,atp,2012,48,Rogers Masters,Toronto,2012-08-10,masters_1000,True,hard,R16,16,3,Isner J.,Kohlschreiber P.,12,18,2440,1685,2,1,6,7,6,4,6,4,,,,,completed,1.53,2.37,1.59,2.56,1.65,2.56,1.57,2.41,2012_48_toronto_rogers_masters,2012_48_toronto_rogers_masters_2012-08-10_R16_isner_j_kohlschreiber_p
tennis_data_uk,atp,2012,48,Rogers Masters,Toronto,2012-08-11,masters_1000,True,hard,QF,8,3,Gasquet R.,Fish M.,21,13,1600,2135,2,1,5,7,6,1,6,2,,,,,completed,1.8,1.9,1.85,2.09,1.92,2.1,1.84,1.93,2012_48_toronto_rogers_masters,2012_48_toronto_rogers_masters_2012-08-11_QF_gasquet_r_fish_m
tennis_data_uk,atp,2012,48,Rogers Masters,Toronto,2012-08-11,masters_1000,True,hard,QF,8,3,Tipsarevic J.,Granollers M.,9,27,3320,1350,2,0,6,4,6,4,,,,,,,completed,1.33,3.25,,,1.33,4.28,1.29,3.54,2012_48_toronto_rogers_masters,2012_48_toronto_rogers_masters_2012-08-11_QF_tipsarevic_j_granollers_m
tennis_data_uk,atp,2012,48,Rogers Masters,Toronto,2012-08-11,masters_1000,True,hard,QF,8,3,Djokovic N.,Haas T.,2,25,11270,1418,2,1,6,3,3,6,6,3,,,,,completed,1.1,7.0,1.11,8.19,1.14,9.65,1.09,7.54,2012_48_toronto_rogers_masters,2012_48_toronto_rogers_masters_2012-08-11_QF_djokovic_n_haas_t
tennis_data_uk,atp,2012,48,Rogers Masters,Toronto,2012-08-11,masters_1000,True,hard,QF,8,3,Isner J.,Raonic M.,12,24,2440,1540,2,0,7,6,6,4,,,,,,,completed,2.5,1.5,2.61,1.57,2.9,1.57,2.63,1.49,2012_48_toronto_rogers_masters,2012_48_toronto_rogers_masters_2012-08-11_QF_isner_j_raonic_m
tennis_data_uk,atp,2012,48,Rogers Masters,Toronto,2012-08-11,masters_1000,True,hard,SF,4,3,Gasquet R.,Isner J.,21,12,1600,2440,2,0,7,6,6,3,,,,,,,completed,2.2,1.66,2.04,1.88,2.2,1.88,2.05,1.74,2012_48_toronto_rogers_masters,2012_48_toronto_rogers_masters_2012-08-11_SF_gasquet_r_isner_j
tennis_data_uk,atp,2012,48,Rogers Masters,Toronto,2012-08-12,masters_1000,True,hard,SF,4,3,Djokovic N.,Tipsarevic J.,2,9,11270,3320,2,0,6,4,6,1,,,,,,,completed,1.16,5.0,1.22,5.05,1.22,5.13,1.19,4.81,2012_48_toronto_rogers_masters,2012_48_toronto_rogers_masters_2012-08-12_SF_djokovic_n_tipsarevic_j
tennis_data_uk,atp,2012,48,Rogers Masters,Toronto,2012-08-13,masters_1000,True,hard,F,2,3,Djokovic N.,Gasquet R.,2,21,11270,1600,2,0,6,3,6,2,,,,,,,completed,1.11,6.5,1.13,7.32,1.15,7.32,1.13,5.86,2012_48_toronto_rogers_masters,2012_48_toronto_rogers_masters_2012-08-13_F_djokovic_n_gasquet_r
tennis_data_uk,atp,2012,49,Western & Southern Financial Group Masters,Cincinnati,2012-08-12,masters_1000,True,hard,R64,64,3,Tomic B.,Harrison R.,49,58,880,775,2,0,6,4,7,6,,,,,,,completed,1.83,1.83,1.87,2.01,1.95,2.01,1.82,1.93,2012_49_cincinnati_western_southern_financial_group_masters,2012_49_cincinnati_western_southern_financial_group_masters_2012-08-12_R64_tomic_b_harrison_r
tennis_data_uk,atp,2012,49,Western & Southern Financial Group Masters,Cincinnati,2012-08-13,masters_1000,True,hard,R64,64,3,Blake J.,Anderson K.,106,34,527,1145,2,0,7,5,6,4,,,,,,,completed,2.75,1.4,3.22,1.4,3.3,1.44,2.9,1.39,2012_49_cincinnati_western_southern_financial_group_masters,2012_49_cincinnati_western_southern_financial_group_masters_2012-08-13_R64_blake_j_anderson_k
tennis_data_uk,atp,2012,49,Western & Southern Financial Group Masters,Cincinnati,2012-08-13,masters_1000,True,hard,R64,64,3,Davydenko N.,Dolgopolov O.,50,16,875,1905,2,0,6,1,6,1,,,,,,,completed,3.0,1.36,2.9,1.47,3.0,1.47,2.82,1.41,2012_49_cincinnati_western_southern_financial_group_masters,2012_49_cincinnati_western_southern_financial_group_masters_2012-08-13_R64_davydenko_n_dolgopolov_o
tennis_data_uk,atp,2012,49,Western & Southern Financial Group Masters,Cincinnati,2012-08-13,masters_1000,True,hard,R64,64,3,Seppi A.,Haase R.,27,44,1355,955,2,0,6,4,6,4,,,,,,,completed,1.66,2.1,1.71,2.28,1.75,2.28,1.7,2.09,2012_49_cincinnati_western_southern_financial_group_masters,2012_49_cincinnati_western_southern_financial_group_masters_2012-08-13_R64_seppi_a_haase_r
tennis_data_uk,atp,2012,49,Western & Southern Financial Group Masters,Cincinnati,2012-08-13,masters_1000,True,hard,R64,64,3,Cilic M.,Stakhovsky S.,15,102,2015,548,2,1,6,3,4,6,6,4,,,,,completed,1.18,4.5,1.23,4.77,1.23,5.15,1.18,4.62,2012_49_cincinnati_western_southern_financial_group_masters,2012_49_cincinnati_western_southern_financial_group_masters_2012-08-13_R64_cilic_m_stakhovsky_s
tennis_data_uk,atp,2012,49,Western & Southern Financial Group Masters,Cincinnati,2012-08-13,masters_1000,True,hard,R64,64,3,Levine J.,Young D.,88,80,589,620,2,0,6,4,7,6,,,,,,,completed,1.4,2.75,1.56,2.59,1.59,2.85,1.45,2.66,2012_49_cincinnati_western_southern_financial_group_masters,2012_49_cincinnati_western_southern_financial_group_masters_2012-08-13_R64_levine_j_young_d
tennis_data_uk,atp,2012,49,Western & Southern Financial Group Masters,Cincinnati,2012-08-13,masters_1000,True,hard,R64,64,3,Lu Y.H.,Kubot L.,74,72,644,650,2,0,6,3,6,0,,,,,,,completed,1.5,2.5,1.62,2.46,1.63,2.5,1.58,2.34,2012_49_cincinnati_western_southern_financial_group_masters,2012_49_cincinnati_western_southern_financial_group_masters_2012-08-13_R64_lu_y_h_kubot_l
tennis_data_uk,atp,2012,49,Western & Southern Financial Group Masters,Cincinnati,2012-08-13,masters_1000,True,hard,R64,64,3,Baker B.,Kohlschreiber P.,78,17,625,1765,2,0,7,6,7,6,,,,,,,completed,5.0,1.16,4.5,1.25,5.0,1.32,4.38,1.2,2012_49_cincinnati_western_southern_financial_group_masters,2012_49_cincinnati_western_southern_financial_group_masters_2012-08-13_R64_baker_b_kohlschreiber_p
tennis_data_uk,atp,2012,49,Western & Southern Financial Group Masters,Cincinnati,2012-08-13,masters_1000,True,hard,R64,64,3,Andujar P.,Matosevic M.,40,64,975,705,2,0,6,4,6,3,,,,,,,completed,3.0,1.36,2.93,1.47,3.1,1.47,2.9,1.39,2012_49_cincinnati_western_southern_financial_group_masters,2012_49_cincinnati_western_southern_financial_group_masters_2012-08-13_R64_andujar_p_matosevic_m
tennis_data_uk,atp,2012,49,Western & Southern Financial Group Masters,Cincinnati,2012-08-13,masters_1000,True,hard,R64,64,3,Troicki V.,Dodig I.,32,116,1175,485,2,0,6,4,7,5,,,,,,,completed,1.57,2.25,1.66,2.37,1.7,2.4,1.64,2.21,2012_49_cincinnati_western_southern_financial_group_masters,2012_49_cincinnati_western_southern_financial_group_masters_2012-08-13_R64_troicki_v_dodig_i
tennis_data_uk,atp,2012,49,Western & Southern Financial Group Masters,Cincinnati,2012-08-13,masters_1000,True,hard,R64,64,3,Mayer F.,Fognini F.,24,59,1545,755,2,0,7,5,6,2,,,,,,,completed,1.44,2.62,1.5,2.8,1.52,2.88,1.45,2.68,2012_49_cincinnati_western_southern_financial_group_masters,2012_49_cincinnati_western_southern_financial_group_masters_2012-08-13_R64_mayer_f_fognini_f
tennis_data_uk,atp,2012,49,Western & Southern Financial Group Masters,Cincinnati,2012-08-13,masters_1000,True,hard,R64,64,3,Istomin D.,Benneteau J.,33,30,1157,1270,2,0,6,3,6,1,,,,,,,completed,2.2,1.61,2.2,1.75,2.3,1.75,2.17,1.67,2012_49_cincinnati_western_southern_financial_group_masters,2012_49_cincinnati_western_southern_financial_group_masters_2012-08-13_R64_istomin_d_benneteau_j
tennis_data_uk,atp,2012,49,Western & Southern Financial Group Masters,Cincinnati,2012-08-14,masters_1000,True,hard,R64,64,3,Wawrinka S.,Mathieu P.H.,26,132,1380,403,2,1,6,2,3,6,6,1,,,,,completed,1.5,2.5,1.53,2.71,1.57,2.71,1.5,2.53,2012_49_cincinnati_western_southern_financial_group_masters,2012_49_cincinnati_western_southern_financial_group_masters_2012-08-14_R64_wawrinka_s_mathieu_p_h
tennis_data_uk,atp,2012,49,Western & Southern Financial Group Masters,Cincinnati,2012-08-14,masters_1000,True,hard,R64,64,3,Hewitt L.,Youzhny M.,134,28,400,1290,2,0,6,4,6,4,,,,,,,completed,2.62,1.44,2.71,1.53,2.75,1.59,2.51,1.52,2012_49_cincinnati_western_southern_financial_group_masters,2012_49_cincinnati_western_southern_financial_group_masters_2012-08-14_R64_hewitt_l_youzhny_m
tennis_data_uk,atp,2012,49,Western & Southern Financial Group Masters,Cincinnati,2012-08-14,masters_1000,True,hard,R64,64,3,Nishikori K.,Granollers M.,18,25,1735,1530,2,0,6,1,6,2,,,,,,,completed,1.4,2.75,1.52,2.73,1.53,2.75,1.47,2.61,2012_49_cincinnati_western_southern_financial_group_masters,2012_49_cincinnati_western_southern_financial_group_masters_2012-08-14_R64_nishikori_k_granollers_m
tennis_data_uk,atp,2012,49,Western & Southern Financial Group Masters,Cincinnati,2012-08-14,masters_1000,True,hard,R64,64,3,Haas T.,Nalbandian D.,23,39,1598,980,2,1,6,7,7,6,6,3,,,,,completed,1.44,2.62,1.53,2.68,1.57,2.8,1.49,2.54,2012_49_cincinnati_western_southern_financial_group_masters,2012_49_cincinnati_western_southern_financial_group_masters_2012-08-14_R64_haas_t_nalbandian_d
tennis_data_uk,atp,2012,49,Western & Southern Financial Group Masters,Cincinnati,2012-08-14,masters_1000,True,hard,R64,64,3,Bogomolov A.,Nieminen J.,62,41,725,967,2,0,6,4,6,3,,,,,,,completed,2.25,1.57,2.25,1.72,2.3,1.72,2.22,1.63,2012_49_cincinnati_western_southern_financial_group_masters,2012_49_cincinnati_western_southern_financial_group_masters_2012-08-14_R64_bogomolov_a_nieminen_j
tennis_data_uk,atp,2012,49,Western & Southern Financial Group Masters,Cincinnati,2012-08-14,masters_1000,True,hard,R64,64,3,Chardy J.,Roddick A.,38,21,1004,1645,2,0,7,6,6,3,,,,,,,completed,4.5,1.18,4.65,1.24,5.0,1.25,4.15,1.22,2012_49_cincinnati_western_southern_financial_group_masters,2012_49_cincinnati_western_southern_financial_group_masters_2012-08-14_R64_chardy_j_roddick_a
tennis_data_uk,atp,2012,49,Western & Southern Financial Group Masters,Cincinnati,2012-08-14,masters_1000,True,hard,R64,64,3,Berlocq C.,Giraldo S.,45,46,950,943,2,0,7,5,6,3,,,,,,,completed,3.0,1.36,3.64,1.33,3.64,1.45,3.06,1.36,2012_49_cincinnati_western_southern_financial_group_masters,2012_49_cincinnati_western_southern_financial_group_masters_2012-08-14_R64_berlocq_c_giraldo_s
tennis_data_uk,atp,2012,49,Western & Southern Financial Group Masters,Cincinnati,2012-08-14,masters_1000,True,hard,R64,64,3,Querrey S.,Melzer J.,29,36,1279,1067,2,1,4,6,6,2,6,4,,,,,completed,1.18,4.5,1.24,4.58,1.25,4.58,1.21,4.26,2012_49_cincinnati_western_southern_financial_group_masters,2012_49_cincinnati_western_southern_financial_group_masters_2012-08-14_R64_querrey_s_melzer_j
tennis_data_uk,atp,2012,49,Western & Southern Financial Group Masters,Cincinnati,2012-08-14,masters_1000,True,hard,R64,64,3,Baghdatis M.,Falla A.,42,54,960,819,2,0,6,4,6,1,,,,,,,completed,1.28,3.5,,,1.44,3.5,1.36,3.06,2012_49_cincinnati_western_southern_financial_group_masters,2012_49_cincinnati_western_southern_financial_group_masters_2012-08-14_R64_baghdatis_m_falla_a
tennis_data_uk,atp,2012,49,Western & Southern Financial Group Masters,Cincinnati,2012-08-14,masters_1000,True,hard,R64,64,3,Fish M.,Lopez F.,20,31,1715,1255,2,0,6,2,6,3,,,,,,,completed,1.28,3.5,1.31,3.81,1.35,3.81,1.31,3.36,2012_49_cincinnati_western_southern_financial_group_masters,2012_49_cincinnati_western_southern_financial_group_masters_2012-08-14_R64_fish_m_lopez_f
tennis_data_uk,atp,2012,49,Western & Southern Financial Group Masters,Cincinnati,2012-08-14,masters_1000,True,hard,R64,64,3,Stepanek R.,Ramos A.,37,47,1045,925,2,0,6,2,6,2,,,,,,,completed,1.22,4.0,1.28,4.13,1.29,4.3,1.25,3.93,2012_49_cincinnati_western_southern_financial_group_masters,2012_49_cincinnati_western_southern_financial_group_masters_2012-08-14_R64_stepanek_r_ramos_a
tennis_data_uk,atp,2012,49,Western & Southern Financial Group Masters,Cincinnati,2012-08-15,masters_1000,True,hard,R64,64,3,Raonic M.,Gasquet R.,19,13,1720,2110,2,0,7,6,6,3,,,,,,,completed,1.72,2.0,1.99,1.92,2.0,2.15,1.82,1.94,2012_49_cincinnati_western_southern_financial_group_masters,2012_49_cincinnati_western_southern_financial_group_masters_2012-08-15_R64_raonic_m_gasquet_r
tennis_data_uk,atp,2012,49,Western & Southern Financial Group Masters,Cincinnati,2012-08-14,masters_1000,True,hard,R32,32,3,Tomic B.,Baker B.,49,78,880,625,2,0,6,4,6,3,,,,,,,completed,1.57,2.25,1.75,2.2,1.77,2.25,1.67,2.15,2012_49_cincinnati_western_southern_financial_group_masters,2012_49_cincinnati_western_southern_financial_group_masters_2012-08-14_R32_tomic_b_baker_b
tennis_data_uk,atp,2012,49,Western & Southern Financial Group Masters,Cincinnati,2012-08-15,masters_1000,True,hard,R32,32,3,Berdych T.,Lu Y.H.,7,74,4425,644,2,0,6,3,6,4,,,,,,,completed,1.2,4.33,1.2,5.27,1.27,5.3,1.2,4.39,2012_49_cincinnati_western_southern_financial_group_masters,2012_49_cincinnati_western_southern_financial_group_masters_2012-08-15_R32_berdych_t_lu_y_h
tennis_data_uk,atp,2012,49,Western & Southern Financial Group Masters,Cincinnati,2012-08-15,masters_1000,True,hard,R32,32,3,Troicki V.,Hewitt L.,32,134,1175,400,2,0,6,2,6,0,,,,,,,completed,2.37,1.53,2.44,1.63,2.5,1.63,2.33,1.58,2012_49_cincinnati_western_southern_financial_group_masters,2012_49_cincinnati_western_southern_financial_group_masters_2012-08-15_R32_troicki_v_hewitt_l
tennis_data_uk,atp,2012,49,Western & Southern Financial Group Masters,Cincinnati,2012-08-15,masters_1000,True,hard,R32,32,3,Davydenko N.,Mayer F.,50,24,875,1545,2,0,6,3,6,3,,,,,,,completed,1.83,1.83,1.94,1.96,2.0,2.04,1.9,1.85,2012_49_cincinnati_western_southern_financial_group_masters,2012_49_cincinnati_western_southern_financial_group_masters_2012-08-15_R32_davydenko_n_mayer_f
tennis_data_uk,atp,2012,49,Western & Southern Financial Group Masters,Cincinnati,2012-08-15,masters_1000,True,hard,R32,32,3,Fish M.,Berlocq C.,20,45,1715,950,2,0,6,3,6,1,,,,,,,completed,1.07,9.0,1.07,10.75,1.1,10.75,1.07,7.95,2012_49_cincinnati_western_southern_financial_group_masters,2012_49_cincinnati_western_southern_financial_group_masters_2012-08-15_R32_fish_m_berlocq_c
tennis_data_uk,atp,2012,49,Western & Southern Financial Group Masters,Cincinnati,2012-08-15,masters_1000,True,hard,R32,32,3,Del Potro J.M.,Haas T.,9,23,3305,1598,2,0,7,5,6,2,,,,,,,completed,1.28,3.5,1.34,3.56,1.37,4.0,1.3,3.43,2012_49_cincinnati_western_southern_financial_group_masters,2012_49_cincinnati_western_southern_financial_group_masters_2012-08-15_R32_del_potro_j_m_haas_t
tennis_data_uk,atp,2012,49,Western & Southern Financial Group Masters,Cincinnati,2012-08-15,masters_1000,True,hard,R32,32,3,Djokovic N.,Seppi A.,2,27,11270,1355,2,0,7,6,6,2,,,,,,,completed,1.04,13.0,1.04,15.0,1.07,15.0,1.04,10.63,2012_49_cincinnati_western_southern_financial_group_masters,2012_49_cincinnati_western_southern_financial_group_masters_2012-08-15_R32_djokovic_n_seppi_a
tennis_data_uk,atp,2012,49,Western & Southern Financial Group Masters,Cincinnati,2012-08-15,masters_1000,True,hard,R32,32,3,Chardy J.,Istomin D.,38,33,1004,1157,2,0,6,4,6,3,,,,,,,completed,2.37,1.53,2.74,1.51,2.9,1.57,2.5,1.51,2012_49_cincinnati_western_southern_financial_group_masters,2012_49_cincinnati_western_southern_financial_group_masters_2012-08-15_R32_chardy_j_istomin_d
tennis_data_uk,atp,2012,49,Western & Southern Financial Group Masters,Cincinnati,2012-08-15,masters_1000,True,hard,R32,32,3,Cilic M.,Levine J.,15,88,2015,589,2,0,7,5,7,6,,,,,,,completed,1.14,5.5,1.16,6.16,1.2,6.16,1.16,5.08,2012_49_cincinnati_western_southern_financial_group_masters,2012_49_cincinnati_western_southern_financial_group_masters_2012-08-15_R32_cilic_m_levine_j
tennis_data_uk,atp,2012,49,Western & Southern Financial Group Masters,Cincinnati,2012-08-15,masters_1000,True,hard,R32,32,3,Nishikori K.,Blake J.,18,106,1735,527,2,1,2,6,6,4,6,4,,,,,completed,1.25,3.75,1.34,3.56,1.34,4.0,1.28,3.57,2012_49_cincinnati_western_southern_financial_group_masters,2012_49_cincinnati_western_southern_financial_group_masters_2012-08-15_R32_nishikori_k_blake_j
tennis_data_uk,atp,2012,49,Western & Southern Financial Group Masters,Cincinnati,2012-08-15,masters_1000,True,hard,R32,32,3,Murray A.,Querrey S.,4,29,8200,1279,2,0,6,2,6,4,,,,,,,completed,1.18,4.5,1.26,4.3,1.26,4.7,1.21,4.32,2012_49_cincinnati_western_southern_financial_group_masters,2012_49_cincinnati_western_southern_financial_group_masters_2012-08-15_R32_murray_a_querrey_s
tennis_data_uk,atp,2012,49,Western & Southern Financial Group Masters,Cincinnati,2012-08-15,masters_1000,True,hard,R32,32,3,Raonic M.,Baghdatis M.,19,42,1720,960,2,1,6,7,6,3,6,4,,,,,completed,1.33,3.25,1.43,3.07,1.43,3.25,1.37,2.99,2012_49_cincinnati_western_southern_financial_group_masters,2012_49_cincinnati_western_southern_financial_group_masters_2012-08-15_R32_raonic_m_baghdatis_m
tennis_data_uk,atp,2012,49,Western & Southern Financial Group Masters,Cincinnati,2012-08-15,masters_1000,True,hard,R32,32,3,Stepanek R.,Monaco J.,37,11,1045,2775,2,0,7,6,6,1,,,,,,,completed,2.1,1.66,2.02,1.88,2.25,1.88,2.06,1.73,2012_49_cincinnati_western_southern_financial_group_masters,2012_49_cincinnati_western_southern_financial_group_masters_2012-08-15_R32_stepanek_r_monaco_j
tennis_data_uk,atp,2012,49,Western & Southern Financial Group Masters,Cincinnati,2012-08-15,masters_1000,True,hard,R32,32,3,Andujar P.,Tipsarevic J.,40,8,975,3320,1,0,6,4,4,1,,,,,,,retired,6.5,1.11,7.04,1.13,7.5,1.14,6.52,1.1,2012_49_cincinnati_western_southern_financial_group_masters,2012_49_cincinnati_western_southern_financial_group_masters_2012-08-15_R32_andujar_p_tipsarevic_j
tennis_data_uk,atp,2012,49,Western & Southern Financial Group Masters,Cincinnati,2012-08-16,masters_1000,True,hard,R32,32,3,Federer R.,Bogomolov A.,1,62,11345,725,2,0,6,3,6,2,,,,,,,completed,1.02,19.0,1.01,31.0,1.03,31.0,1.02,15.69,2012_49_cincinnati_western_southern_financial_group_masters,2012_49_cincinnati_western_southern_financial_group_masters_2012-08-16_R32_federer_r_bogomolov_a
tennis_data_uk,atp,2012,49,Western & Southern Financial Group Masters,Cincinnati,2012-08-16,masters_1000,True,hard,R32,32,3,Wawrinka S.,Ferrer D.,26,5,1380,5455,2,0,6,4,6,1,,,,,,,completed,3.4,1.3,3.81,1.31,4.13,1.33,3.62,1.28,2012_49_cincinnati_western_southern_financial_group_masters,2012_49_cincinnati_western_southern_financial_group_masters_2012-08-16_R32_wawrinka_s_ferrer_d
tennis_data_uk,atp,2012,49,Western & Southern Financial Group Masters,Cincinnati,2012-08-16,masters_1000,True,hard,R16,16,3,Del Potro J.M.,Troicki V.,9,32,3305,1175,2,1,7,6,2,6,6,1,,,,,completed,1.1,7.0,1.13,7.61,1.15,7.7,1.11,6.28,2012_49_cincinnati_western_southern_financial_group_masters,2012_49_cincinnati_western_southern_financial_group_masters_2012-08-16_R16_del_potro_j_m_troicki_v
tennis_data_uk,atp,2012,49,Western & Southern Financial Group Masters,Cincinnati,2012-08-16,masters_1000,True,hard,R16,16,3,Fish M.,Stepanek R.,20,37,1715,1045,2,0,6,3,6,3,,,,,,,completed,1.53,2.37,1.58,2.58,1.58,2.62,1.53,2.44,2012_49_cincinnati_western_southern_financial_group_masters,2012_49_cincinnati_western_southern_financial_group_masters_2012-08-16_R16_fish_m_stepanek_r
tennis_data_uk,atp,2012,49,Western & Southern Financial Group Masters,Cincinnati,2012-08-16,masters_1000,True,hard,R16,16,3,Chardy J.,Murray A.,38,4,1004,8200,2,0,6,4,6,4,,,,,,,completed,10.0,1.06,14.0,1.05,14.0,1.08,9.57,1.05,2012_49_cincinnati_western_southern_financial_group_masters,2012_49_cincinnati_western_southern_financial_group_masters_2012-08-16_R16_chardy_j_murray_a
tennis_data_uk,atp,2012,49,Western & Southern Financial Group Masters,Cincinnati,2012-08-16,masters_1000,True,hard,R16,16,3,Cilic M.,Andujar P.,15,40,2015,975,2,0,7,6,6,2,,,,,,,completed,1.16,5.0,1.16,6.35,1.2,6.45,1.16,5.08,2012_49_cincinnati_western_southern_financial_group_masters,2012_49_cincinnati_western_southern_financial_group_masters_2012-08-16_R16_cilic_m_andujar_p
tennis_data_uk,atp,2012,49,Western & Southern Financial Group Masters,Cincinnati,2012-08-16,masters_1000,True,hard,R16,16,3,Federer R.,Tomic B.,1,49,11345,880,2,0,6,2,6,4,,,,,,,completed,1.06,10.0,1.06,13.4,1.07,13.67,1.05,9.69,2012_49_cincinnati_western_southern_financial_group_masters,2012_49_cincinnati_western_southern_financial_group_masters_2012-08-16_R16_federer_r_tomic_b
tennis_data_uk,atp,2012,49,Western & Southern Financial Group Masters,Cincinnati,2012-08-16,masters_1000,True,hard,R16,16,3,Wawrinka S.,Nishikori K.,26,18,1380,1735,2,0,6,3,6,3,,,,,,,completed,1.53,2.37,1.61,2.52,1.66,2.52,1.6,2.3,2012_49_cincinnati_western_southern_financial_group_masters,2012_49_cincinnati_western_southern_financial_group_masters_2012-08-16_R16_wawrinka_s_nishikori_k
tennis_data_uk,atp,2012,49,Western & Southern Financial Group Masters,Cincinnati,2012-08-16,masters_1000,True,hard,R16,16,3,Raonic M.,Berdych T.,19,7,1720,4425,2,1,6,4,2,6,6,2,,,,,completed,1.9,1.8,2.19,1.78,2.3,1.84,2.05,1.74,2012_49_cincinnati_western_southern_financial_group_masters,2012_49_cincinnati_western_southern_financial_group_masters_2012-08-16_R16_raonic_m_berdych_t
tennis_data_uk,atp,2012,49,Western & Southern Financial Group Masters,Cincinnati,2012-08-17,masters_1000,True,hard,R16,16,3,Djokovic N.,Davydenko N.,2,50,11270,875,1,0,6,0,,,,,,,,,retired,1.05,11.0,1.07,11.25,1.08,12.0,1.05,9.52,2012_49_cincinnati_western_southern_financial_group_masters,2012_49_cincinnati_western_southern_financial_group_masters_2012-08-17_R16_djokovic_n_davydenko_n
tennis_data_uk,atp,2012,49,Western & Southern Financial Group Masters,Cincinnati,2012-08-17,masters_1000,True,hard,QF,8,3,Del Potro J.M.,Chardy J.,9,38,3305,1004,2,0,6,1,6,3,,,,,,,completed,1.33,3.25,1.38,3.36,1.41,3.38,1.36,3.08,2012_49_cincinnati_western_southern_financial_group_masters,2012_49_cincinnati_western_southern_financial_group_masters_2012-08-17_QF_del_potro_j_m_chardy_j
tennis_data_uk,atp,2012,49,Western & Southern Financial Group Masters,Cincinnati,2012-08-17,masters_1000,True,hard,QF,8,3,Djokovic N.,Cilic M.,2,15,11270,2015,2,0,6,3,6,2,,,,,,,completed,1.08,8.0,1.13,7.79,1.13,8.75,1.09,7.09,2012_49_cincinnati_western_southern_financial_group_masters,2012_49_cincinnati_western_southern_financial_group_masters_2012-08-17_QF_djokovic_n_cilic_m
tennis_data_uk,atp,2012,49,Western & Southern Financial Group Masters,Cincinnati,2012-08-17,masters_1000,True,hard,QF,8,3,Wawrinka S.,Raonic M.,26,19,1380,1720,2,1,2,6,7,6,6,4,,,,,completed,2.25,1.57,2.24,1.75,2.38,1.75,2.26,1.62,2012_49_cincinnati_western_southern_financial_group_masters,2012_49_cincinnati_western_southern_financial_group_masters_2012-08-17_QF_wawrinka_s_raonic_m
tennis_data_uk,atp,2012,49,Western & Southern Financial Group Masters,Cincinnati,2012-08-18,masters_1000,True,hard,QF,8,3,Federer R.,Fish M.,1,20,11345,1715,2,0,6,3,7,6,,,,,,,completed,1.12,6.0,1.19,5.5,1.19,6.2,1.14,5.6,2012_49_cincinnati_western_southern_financial_group_masters,2012_49_cincinnati_western_southern_financial_group_masters_2012-08-18_QF_federer_r_fish_m
tennis_data_uk,atp,2012,49,Western & Southern Financial Group Masters,Cincinnati,2012-08-18,masters_1000,True,hard,SF,4,3,Djokovic N.,Del Potro J.M.,2,9,11270,3305,2,0,6,3,6,2,,,,,,,completed,1.25,4.0,1.27,4.35,1.27,4.45,1.24,3.95,2012_49_cincinnati_western_southern_financial_group_masters,2012_49_cincinnati_western_southern_financial_group_masters_2012-08-18_SF_djokovic_n_del_potro_j_m
tennis_data_uk,atp,2012,49,Western & Southern Financial Group Masters,Cincinnati,2012-08-18,masters_1000,True,hard,SF,4,3,Federer R.,Wawrinka S.,1,26,11345,1380,2,0,7,6,6,3,,,,,,,completed,1.08,8.0,1.13,7.94,1.13,8.0,1.09,7.08,2012_49_cincinnati_western_southern_financial_group_masters,2012_49_cincinnati_western_southern_financial_group_masters_2012-08-18_SF_federer_r_wawrinka_s
tennis_data_uk,atp,2012,49,Western & Southern Financial Group Masters,Cincinnati,2012-08-19,masters_1000,True,hard,F,2,3,Federer R.,Djokovic N.,1,2,11345,11270,2,0,6,0,7,6,,,,,,,completed,2.5,1.53,2.67,1.55,2.68,1.6,2.45,1.55,2012_49_cincinnati_western_southern_financial_group_masters,2012_49_cincinnati_western_southern_financial_group_masters_2012-08-19_F_federer_r_djokovic_n
tennis_data_uk,atp,2012,50,Winston-Salem Open at Wake Forest University,Winston-Salem,2012-08-19,atp_250,True,hard,R64,64,3,Darcis S.,Malisse X.,72,74,687,680,2,0,6,3,6,0,,,,,,,completed,2.62,1.44,2.61,1.44,2.75,1.55,2.6,1.47,2012_50_winston_salem_winston_salem_open_at_wake_forest_university,2012_50_winston_salem_winston_salem_open_at_wake_forest_university_2012-08-19_R64_darcis_s_malisse_x
tennis_data_uk,atp,2012,50,Winston-Salem Open at Wake Forest University,Winston-Salem,2012-08-19,atp_250,True,hard,R64,64,3,Goffin D.,Mahut N.,164,83,308,638,2,0,7,6,6,1,,,,,,,completed,1.83,1.83,1.91,1.87,2.05,1.91,1.89,1.85,2012_50_winston_salem_winston_salem_open_at_wake_forest_university,2012_50_winston_salem_winston_salem_open_at_wake_forest_university_2012-08-19_R64_goffin_d_mahut_n
tennis_data_uk,atp,2012,50,Winston-Salem Open at Wake Forest University,Winston-Salem,2012-08-19,atp_250,True,hard,R64,64,3,Bogomolov A.,Jaziri M.,33,102,1123,537,2,0,6,2,6,2,,,,,,,completed,1.53,2.37,1.53,2.84,1.57,2.85,1.49,2.59,2012_50_winston_salem_winston_salem_open_at_wake_forest_university,2012_50_winston_salem_winston_salem_open_at_wake_forest_university_2012-08-19_R64_bogomolov_a_jaziri_m
tennis_data_uk,atp,2012,50,Winston-Salem Open at Wake Forest University,Winston-Salem,2012-08-19,atp_250,True,hard,R64,64,3,Giraldo S.,Roger-Vasselin E.,65,92,715,601,2,1,6,2,2,6,6,1,,,,,completed,1.61,2.2,1.62,2.44,1.67,2.45,1.6,2.3,2012_50_winston_salem_winston_salem_open_at_wake_forest_university,2012_50_winston_salem_winston_salem_open_at_wake_forest_university_2012-08-19_R64_giraldo_s_roger_vasselin_e
tennis_data_uk,atp,2012,50,Winston-Salem Open at Wake Forest University,Winston-Salem,2012-08-20,atp_250,True,hard,R64,64,3,Blake J.,Ramos A.,57,64,799,724,2,0,6,4,6,3,,,,,,,completed,1.36,3.0,1.36,3.01,1.44,3.05,1.4,2.83,2012_50_winston_salem_winston_salem_open_at_wake_forest_university,2012_50_winston_salem_winston_salem_open_at_wake_forest_university_2012-08-20_R64_blake_j_ramos_a
tennis_data_uk,atp,2012,50,Winston-Salem Open at Wake Forest University,Winston-Salem,2012-08-20,atp_250,True,hard,R64,64,3,Harrison R.,Soeda G.,94,81,596,644,2,0,6,3,7,5,,,,,,,completed,1.57,2.25,1.63,2.2,1.65,2.6,1.56,2.36,2012_50_winston_salem_winston_salem_open_at_wake_forest_university,2012_50_winston_salem_winston_salem_open_at_wake_forest_university_2012-08-20_R64_harrison_r_soeda_g
tennis_data_uk,atp,2012,50,Winston-Salem Open at Wake Forest University,Winston-Salem,2012-08-20,atp_250,True,hard,R64,64,3,Bellucci T.,Baghdatis M.,38,44,1020,940,1,0,7,5,3,1,,,,,,,retired,2.75,1.4,3.05,1.43,3.05,1.49,2.74,1.43,2012_50_winston_salem_winston_salem_open_at_wake_forest_university,2012_50_winston_salem_winston_salem_open_at_wake_forest_university_2012-08-20_R64_bellucci_t_baghdatis_m
tennis_data_uk,atp,2012,50,Winston-Salem Open at Wake Forest University,Winston-Salem,2012-08-20,atp_250,True,hard,R64,64,3,Klizan M.,Paire B.,119,98,474,551,2,0,6,2,7,6,,,,,,,completed,2.0,1.72,2.1,1.73,2.15,1.82,2.02,1.75,2012_50_winston_salem_winston_salem_open_at_wake_forest_university,2012_50_winston_salem_winston_salem_open_at_wake_forest_university_2012-08-20_R64_klizan_m_paire_b
tennis_data_uk,atp,2012,50,Winston-Salem Open at Wake Forest University,Winston-Salem,2012-08-20,atp_250,True,hard,R64,64,3,Lu Y.H.,Lacko L.,62,67,760,706,2,0,6,3,7,6,,,,,,,completed,1.57,2.25,1.62,2.31,1.68,2.5,1.6,2.28,2012_50_winston_salem_winston_salem_open_at_wake_forest_university,2012_50_winston_salem_winston_salem_open_at_wake_forest_university_2012-08-20_R64_lu_y_h_lacko_l
tennis_data_uk,atp,2012,50,Winston-Salem Open at Wake Forest University,Winston-Salem,2012-08-20,atp_250,True,hard,R64,64,3,Kubot L.,Robredo T.,58,130,787,435,2,1,6,1,2,6,6,2,,,,,completed,2.25,1.57,2.26,1.67,2.35,1.75,2.15,1.67,2012_50_winston_salem_winston_salem_open_at_wake_forest_university,2012_50_winston_salem_winston_salem_open_at_wake_forest_university_2012-08-20_R64_kubot_l_robredo_t
tennis_data_uk,atp,2012,50,Winston-Salem Open at Wake Forest University,Winston-Salem,2012-08-20,atp_250,True,hard,R64,64,3,Becker B.,Ito T.,346,106,122,528,2,1,6,3,4,6,6,2,,,,,completed,1.5,2.5,1.53,2.2,1.67,2.7,1.55,2.41,2012_50_winston_salem_winston_salem_open_at_wake_forest_university,2012_50_winston_salem_winston_salem_open_at_wake_forest_university_2012-08-20_R64_becker_b_ito_t
tennis_data_uk,atp,2012,50,Winston-Salem Open at Wake Forest University,Winston-Salem,2012-08-20,atp_250,True,hard,R64,64,3,Mcclune M.,Falla A.,416,59,86,776,2,0,6,1,6,4,,,,,,,completed,2.75,1.4,2.9,1.36,3.25,1.46,2.91,1.39,2012_50_winston_salem_winston_salem_open_at_wake_forest_university,2012_50_winston_salem_winston_salem_open_at_wake_forest_university_2012-08-20_R64_mcclune_m_falla_a
tennis_data_uk,atp,2012,50,Winston-Salem Open at Wake Forest University,Winston-Salem,2012-08-20,atp_250,True,hard,R64,64,3,Young D.,Mayer L.,40,80,1000,647,2,1,4,6,6,3,6,2,,,,,completed,2.37,1.53,2.5,1.62,2.5,1.85,2.33,1.58,2012_50_winston_salem_winston_salem_open_at_wake_forest_university,2012_50_winston_salem_winston_salem_open_at_wake_forest_university_2012-08-20_R64_young_d_mayer_l
tennis_data_uk,atp,2012,50,Winston-Salem Open at Wake Forest University,Winston-Salem,2012-08-20,atp_250,True,hard,R64,64,3,Stakhovsky S.,Muller G.,66,70,710,690,2,0,7,6,6,4,,,,,,,completed,1.83,1.83,1.88,1.83,2.0,2.04,1.86,1.88,2012_50_winston_salem_winston_salem_open_at_wake_forest_university,2012_50_winston_salem_winston_salem_open_at_wake_forest_university_2012-08-20_R64_stakhovsky_s_muller_g
tennis_data_uk,atp,2012,50,Winston-Salem Open at Wake Forest University,Winston-Salem,2012-08-20,atp_250,True,hard,R64,64,3,Gulbis E.,Berlocq C.,68,42,695,966,2,0,6,4,7,5,,,,,,,completed,1.53,2.37,1.57,2.33,1.67,2.46,1.59,2.31,2012_50_winston_salem_winston_salem_open_at_wake_forest_university,2012_50_winston_salem_winston_salem_open_at_wake_forest_university_2012-08-20_R64_gulbis_e_berlocq_c
tennis_data_uk,atp,2012,50,Winston-Salem Open at Wake Forest University,Winston-Salem,2012-08-20,atp_250,True,hard,R64,64,3,Haase R.,Davydenko N.,54,49,826,875,2,0,6,2,6,3,,,,,,,completed,1.9,1.8,2.1,1.83,2.25,1.88,1.96,1.8,2012_50_winston_salem_winston_salem_open_at_wake_forest_university,2012_50_winston_salem_winston_salem_open_at_wake_forest_university_2012-08-20_R64_haase_r_davydenko_n
tennis_data_uk,atp,2012,50,Winston-Salem Open at Wake Forest University,Winston-Salem,2012-08-20,atp_250,True,hard,R32,32,3,Goffin D.,Troicki V.,164,24,308,1370,2,1,3,6,6,4,7,5,,,,,completed,2.5,1.5,2.61,1.57,2.7,1.6,2.45,1.53,2012_50_winston_salem_winston_salem_open_at_wake_forest_university,2012_50_winston_salem_winston_salem_open_at_wake_forest_university_2012-08-20_R32_goffin_d_troicki_v
tennis_data_uk,atp,2012,50,Winston-Salem Open at Wake Forest University,Winston-Salem,2012-08-21,atp_250,True,hard,R32,32,3,Roddick A.,Blake J.,17,57,1745,799,2,0,7,6,7,6,,,,,,,completed,1.33,3.25,1.33,3.05,1.44,3.5,1.37,3.01,2012_50_winston_salem_winston_salem_open_at_wake_forest_university,2012_50_winston_salem_winston_salem_open_at_wake_forest_university_2012-08-21_R32_roddick_a_blake_j
tennis_data_uk,atp,2012,50,Winston-Salem Open at Wake Forest University,Winston-Salem,2012-08-21,atp_250,True,hard,R32,32,3,Dolgopolov O.,Lu Y.H.,19,62,1655,760,2,0,6,1,6,3,,,,,,,completed,1.5,2.5,1.52,2.5,1.55,2.75,1.5,2.52,2012_50_winston_salem_winston_salem_open_at_wake_forest_university,2012_50_winston_salem_winston_salem_open_at_wake_forest_university_2012-08-21_R32_dolgopolov_o_lu_y_h
tennis_data_uk,atp,2012,50,Winston-Salem Open at Wake Forest University,Winston-Salem,2012-08-21,atp_250,True,hard,R32,32,3,Lopez F.,Young D.,15,40,1890,1000,2,0,6,2,6,3,,,,,,,completed,1.4,2.75,1.47,2.75,1.85,3.0,1.44,2.71,2012_50_winston_salem_winston_salem_open_at_wake_forest_university,2012_50_winston_salem_winston_salem_open_at_wake_forest_university_2012-08-21_R32_lopez_f_young_d
tennis_data_uk,atp,2012,50,Winston-Salem Open at Wake Forest University,Winston-Salem,2012-08-21,atp_250,True,hard,R32,32,3,Kubot L.,Benneteau J.,58,34,787,1120,2,1,2,6,7,5,6,3,,,,,completed,2.5,1.5,2.62,1.51,2.75,1.55,2.51,1.51,2012_50_winston_salem_winston_salem_open_at_wake_forest_university,2012_50_winston_salem_winston_salem_open_at_wake_forest_university_2012-08-21_R32_kubot_l_benneteau_j
tennis_data_uk,atp,2012,50,Winston-Salem Open at Wake Forest University,Winston-Salem,2012-08-21,atp_250,True,hard,R32,32,3,Melzer J.,Mcclune M.,37,416,1052,86,2,1,6,2,2,6,7,6,,,,,completed,1.28,3.5,1.34,3.0,1.36,3.6,1.33,3.23,2012_50_winston_salem_winston_salem_open_at_wake_forest_university,2012_50_winston_salem_winston_salem_open_at_wake_forest_university_2012-08-21_R32_melzer_j_mcclune_m
tennis_data_uk,atp,2012,50,Winston-Salem Open at Wake Forest University,Winston-Salem,2012-08-21,atp_250,True,hard,R32,32,3,Querrey S.,Giraldo S.,85,65,624,715,2,0,6,3,6,2,,,,,,,completed,1.25,3.75,1.29,3.97,1.31,3.97,1.27,3.63,2012_50_winston_salem_winston_salem_open_at_wake_forest_university,2012_50_winston_salem_winston_salem_open_at_wake_forest_university_2012-08-21_R32_querrey_s_giraldo_s
tennis_data_uk,atp,2012,50,Winston-Salem Open at Wake Forest University,Winston-Salem,2012-08-21,atp_250,True,hard,R32,32,3,Darcis S.,Istomin D.,72,61,687,767,2,0,6,2,6,2,,,,,,,completed,2.62,1.44,2.62,1.55,2.8,1.55,2.62,1.47,2012_50_winston_salem_winston_salem_open_at_wake_forest_university,2012_50_winston_salem_winston_salem_open_at_wake_forest_university_2012-08-21_R32_darcis_s_istomin_d
tennis_data_uk,atp,2012,50,Winston-Salem Open at Wake Forest University,Winston-Salem,2012-08-21,atp_250,True,hard,R32,32,3,Berdych T.,Bogomolov A.,7,33,3815,1123,2,0,6,3,7,5,,,,,,,completed,1.12,6.0,1.16,6.0,1.17,6.5,1.12,5.8,2012_50_winston_salem_winston_salem_open_at_wake_forest_university,2012_50_winston_salem_winston_salem_open_at_wake_forest_university_2012-08-21_R32_berdych_t_bogomolov_a
tennis_data_uk,atp,2012,50,Winston-Salem Open at Wake Forest University,Winston-Salem,2012-08-21,atp_250,True,hard,R32,32,3,Nieminen J.,Becker B.,46,346,933,122,2,0,6,3,6,3,,,,,,,completed,1.9,1.8,1.91,2.0,2.0,2.0,1.89,1.87,2012_50_winston_salem_winston_salem_open_at_wake_forest_university,2012_50_winston_salem_winston_salem_open_at_wake_forest_university_2012-08-21_R32_nieminen_j_becker_b
tennis_data_uk,atp,2012,50,Winston-Salem Open at Wake Forest University,Winston-Salem,2012-08-21,atp_250,True,hard,R32,32,3,Nalbandian D.,Haase R.,84,54,630,826,2,0,6,2,6,4,,,,,,,completed,1.53,2.37,1.53,2.58,1.62,2.58,1.55,2.4,2012_50_winston_salem_winston_salem_open_at_wake_forest_university,2012_50_winston_salem_winston_salem_open_at_wake_forest_university_2012-08-21_R32_nalbandian_d_haase_r
tennis_data_uk,atp,2012,50,Winston-Salem Open at Wake Forest University,Winston-Salem,2012-08-21,atp_250,True,hard,R32,32,3,Isner J.,Klizan M.,14,119,1940,474,2,1,4,6,6,3,7,5,,,,,completed,1.1,7.0,1.1,6.69,1.14,7.5,1.1,6.48,2012_50_winston_salem_winston_salem_open_at_wake_forest_university,2012_50_winston_salem_winston_salem_open_at_wake_forest_university_2012-08-21_R32_isner_j_klizan_m
tennis_data_uk,atp,2012,50,Winston-Salem Open at Wake Forest University,Winston-Salem,2012-08-21,atp_250,True,hard,R32,32,3,Stakhovsky S.,Andujar P.,66,48,710,910,2,0,6,2,6,3,,,,,,,completed,1.44,2.62,1.44,3.05,1.5,3.05,1.44,2.71,2012_50_winston_salem_winston_salem_open_at_wake_forest_university,2012_50_winston_salem_winston_salem_open_at_wake_forest_university_2012-08-21_R32_stakhovsky_s_andujar_p
tennis_data_uk,atp,2012,50,Winston-Salem Open at Wake Forest University,Winston-Salem,2012-08-21,atp_250,True,hard,R32,32,3,Gulbis E.,Anderson K.,68,35,695,1065,2,0,6,4,7,6,,,,,,,completed,2.2,1.61,2.41,1.62,2.5,1.67,2.26,1.62,2012_50_winston_salem_winston_salem_open_at_wake_forest_university,2012_50_winston_salem_winston_salem_open_at_wake_forest_university_2012-08-21_R32_gulbis_e_anderson_k
tennis_data_uk,atp,2012,50,Winston-Salem Open at Wake Forest University,Winston-Salem,2012-08-22,atp_250,True,hard,R32,32,3,Tsonga J.W.,Bellucci T.,6,38,4375,1020,2,0,6,3,7,6,,,,,,,completed,1.28,3.5,1.29,3.52,1.36,3.75,1.3,3.37,2012_50_winston_salem_winston_salem_open_at_wake_forest_university,2012_50_winston_salem_winston_salem_open_at_wake_forest_university_2012-08-22_R32_tsonga_j_w_bellucci_t
tennis_data_uk,atp,2012,50,Winston-Salem Open at Wake Forest University,Winston-Salem,2012-08-22,atp_250,True,hard,R32,32,3,Granollers M.,Harrison R.,25,94,1350,596,2,0,6,4,6,2,,,,,,,completed,2.0,1.72,2.15,1.67,2.25,1.81,2.06,1.73,2012_50_winston_salem_winston_salem_open_at_wake_forest_university,2012_50_winston_salem_winston_salem_open_at_wake_forest_university_2012-08-22_R32_granollers_m_harrison_r
tennis_data_uk,atp,2012,50,Winston-Salem Open at Wake Forest University,Winston-Salem,2012-08-22,atp_250,True,hard,R16,16,3,Querrey S.,Lopez F.,85,15,624,1890,2,0,6,3,6,4,,,,,,,completed,1.36,3.0,1.36,3.4,1.4,3.5,1.35,3.12,2012_50_winston_salem_winston_salem_open_at_wake_forest_university,2012_50_winston_salem_winston_salem_open_at_wake_forest_university_2012-08-22_R16_querrey_s_lopez_f
tennis_data_uk,atp,2012,50,Winston-Salem Open at Wake Forest University,Winston-Salem,2012-08-22,atp_250,True,hard,R16,16,3,Darcis S.,Roddick A.,72,17,687,1745,2,0,7,6,7,6,,,,,,,completed,3.0,1.36,3.14,1.36,3.15,1.45,2.97,1.38,2012_50_winston_salem_winston_salem_open_at_wake_forest_university,2012_50_winston_salem_winston_salem_open_at_wake_forest_university_2012-08-22_R16_darcis_s_roddick_a
tennis_data_uk,atp,2012,50,Winston-Salem Open at Wake Forest University,Winston-Salem,2012-08-22,atp_250,True,hard,R16,16,3,Dolgopolov O.,Nalbandian D.,19,84,1655,630,2,0,6,3,6,4,,,,,,,completed,1.83,1.83,2.08,1.91,2.08,2.0,1.89,1.85,2012_50_winston_salem_winston_salem_open_at_wake_forest_university,2012_50_winston_salem_winston_salem_open_at_wake_forest_university_2012-08-22_R16_dolgopolov_o_nalbandian_d
tennis_data_uk,atp,2012,50,Winston-Salem Open at Wake Forest University,Winston-Salem,2012-08-22,atp_250,True,hard,R16,16,3,Berdych T.,Nieminen J.,7,46,3815,933,2,0,6,3,6,2,,,,,,,completed,1.16,5.0,1.18,4.5,1.18,5.65,1.16,4.98,2012_50_winston_salem_winston_salem_open_at_wake_forest_university,2012_50_winston_salem_winston_salem_open_at_wake_forest_university_2012-08-22_R16_berdych_t_nieminen_j
tennis_data_uk,atp,2012,50,Winston-Salem Open at Wake Forest University,Winston-Salem,2012-08-22,atp_250,True,hard,R16,16,3,Goffin D.,Kubot L.,164,58,308,787,2,1,6,3,1,6,7,6,,,,,completed,1.61,2.2,1.62,2.31,1.7,2.35,1.65,2.19,2012_50_winston_salem_winston_salem_open_at_wake_forest_university,2012_50_winston_salem_winston_salem_open_at_wake_forest_university_2012-08-22_R16_goffin_d_kubot_l
tennis_data_uk,atp,2012,50,Winston-Salem Open at Wake Forest University,Winston-Salem,2012-08-22,atp_250,True,hard,R16,16,3,Tsonga J.W.,Stakhovsky S.,6,66,4375,710,2,0,7,6,6,4,,,,,,,completed,1.18,4.5,1.17,4.58,1.24,5.0,1.19,4.51,2012_50_winston_salem_winston_salem_open_at_wake_forest_university,2012_50_winston_salem_winston_salem_open_at_wake_forest_university_2012-08-22_R16_tsonga_j_w_stakhovsky_s
tennis_data_uk,atp,2012,50,Winston-Salem Open at Wake Forest University,Winston-Salem,2012-08-23,atp_250,True,hard,R16,16,3,Granollers M.,Gulbis E.,25,68,1350,695,2,1,4,6,6,3,6,2,,,,,completed,1.72,2.0,1.83,2.0,1.83,2.15,1.75,2.04,2012_50_winston_salem_winston_salem_open_at_wake_forest_university,2012_50_winston_salem_winston_salem_open_at_wake_forest_university_2012-08-23_R16_granollers_m_gulbis_e
tennis_data_uk,atp,2012,50,Winston-Salem Open at Wake Forest University,Winston-Salem,2012-08-23,atp_250,True,hard,R16,16,3,Isner J.,Melzer J.,14,37,1940,1052,2,0,6,4,6,3,,,,,,,completed,1.25,3.75,1.22,4.1,1.29,4.13,1.26,3.8,2012_50_winston_salem_winston_salem_open_at_wake_forest_university,2012_50_winston_salem_winston_salem_open_at_wake_forest_university_2012-08-23_R16_isner_j_melzer_j
tennis_data_uk,atp,2012,50,Winston-Salem Open at Wake Forest University,Winston-Salem,2012-08-23,atp_250,True,hard,QF,8,3,Berdych T.,Darcis S.,7,72,3815,687,2,1,4,6,6,2,6,0,,,,,completed,1.22,4.0,1.24,4.65,1.25,4.75,1.21,4.25,2012_50_winston_salem_winston_salem_open_at_wake_forest_university,2012_50_winston_salem_winston_salem_open_at_wake_forest_university_2012-08-23_QF_berdych_t_darcis_s
tennis_data_uk,atp,2012,50,Winston-Salem Open at Wake Forest University,Winston-Salem,2012-08-23,atp_250,True,hard,QF,8,3,Querrey S.,Dolgopolov O.,85,19,624,1655,2,1,7,5,4,6,7,6,,,,,completed,1.72,2.0,1.78,2.18,1.9,2.18,1.79,1.97,2012_50_winston_salem_winston_salem_open_at_wake_forest_university,2012_50_winston_salem_winston_salem_open_at_wake_forest_university_2012-08-23_QF_querrey_s_dolgopolov_o
tennis_data_uk,atp,2012,50,Winston-Salem Open at Wake Forest University,Winston-Salem,2012-08-23,atp_250,True,hard,QF,8,3,Tsonga J.W.,Granollers M.,6,25,4375,1350,2,0,6,1,6,2,,,,,,,completed,1.2,4.33,1.26,4.39,1.26,4.5,1.22,4.13,2012_50_winston_salem_winston_salem_open_at_wake_forest_university,2012_50_winston_salem_winston_salem_open_at_wake_forest_university_2012-08-23_QF_tsonga_j_w_granollers_m
tennis_data_uk,atp,2012,50,Winston-Salem Open at Wake Forest University,Winston-Salem,2012-08-24,atp_250,True,hard,QF,8,3,Isner J.,Goffin D.,14,164,1940,308,2,0,7,6,6,3,,,,,,,completed,1.18,4.5,1.22,4.96,1.23,5.34,1.19,4.48,2012_50_winston_salem_winston_salem_open_at_wake_forest_university,2012_50_winston_salem_winston_salem_open_at_wake_forest_university_2012-08-24_QF_isner_j_goffin_d
tennis_data_uk,atp,2012,50,Winston-Salem Open at Wake Forest University,Winston-Salem,2012-08-24,atp_250,True,hard,SF,4,3,Isner J.,Tsonga J.W.,14,6,1940,4375,2,1,6,4,3,6,7,6,,,,,completed,2.1,1.66,2.15,1.8,2.28,1.8,2.14,1.68,2012_50_winston_salem_winston_salem_open_at_wake_forest_university,2012_50_winston_salem_winston_salem_open_at_wake_forest_university_2012-08-24_SF_isner_j_tsonga_j_w
tennis_data_uk,atp,2012,50,Winston-Salem Open at Wake Forest University,Winston-Salem,2012-08-24,atp_250,True,hard,SF,4,3,Berdych T.,Querrey S.,7,85,3815,624,2,0,6,4,6,3,,,,,,,completed,1.5,2.5,1.57,2.61,1.65,2.7,1.54,2.44,2012_50_winston_salem_winston_salem_open_at_wake_forest_university,2012_50_winston_salem_winston_salem_open_at_wake_forest_university_2012-08-24_SF_berdych_t_querrey_s
tennis_data_uk,atp,2012,50,Winston-Salem Open at Wake Forest University,Winston-Salem,2012-08-25,atp_250,True,hard,F,2,3,Isner J.,Berdych T.,14,7,1940,3815,2,1,3,6,6,4,7,6,,,,,completed,2.2,1.66,2.34,1.69,2.34,1.82,2.1,1.71,2012_50_winston_salem_winston_salem_open_at_wake_forest_university,2012_50_winston_salem_winston_salem_open_at_wake_forest_university_2012-08-25_F_isner_j_berdych_t
tennis_data_uk,atp,2012,51,US Open,New York,2012-08-27,grand_slam,True,hard,R128,128,5,Nishikori K.,Andreozzi G.,18,222,1790,216,3,0,6,1,6,2,6,4,,,,,completed,1.04,13.0,1.04,14.5,1.06,14.6,1.04,10.66,2012_51_new_york_us_open,2012_51_new_york_us_open_2012-08-27_R128_nishikori_k_andreozzi_g
tennis_data_uk,atp,2012,51,US Open,New York,2012-08-27,grand_slam,True,hard,R128,128,5,Granollers M.,Kudla D.,24,161,1555,324,3,1,6,3,4,6,6,3,7,6,,,completed,1.14,5.5,1.13,7.38,1.25,7.38,1.15,5.28,2012_51_new_york_us_open,2012_51_new_york_us_open_2012-08-27_R128_granollers_m_kudla_d
tennis_data_uk,atp,2012,51,US Open,New York,2012-08-27,grand_slam,True,hard,R128,128,5,Smyczek T.,Reynolds B.,179,151,284,350,3,2,1,6,6,4,6,2,4,6,6,4,completed,2.0,1.72,1.98,1.93,2.13,1.93,1.99,1.78,2012_51_new_york_us_open,2012_51_new_york_us_open_2012-08-27_R128_smyczek_t_reynolds_b
tennis_data_uk,atp,2012,51,US Open,New York,2012-08-27,grand_slam,True,hard,R128,128,5,Blake J.,Lacko L.,114,54,482,818,3,1,7,5,6,2,3,6,6,3,,,completed,1.36,3.0,1.46,2.95,1.46,3.08,1.41,2.84,2012_51_new_york_us_open,2012_51_new_york_us_open_2012-08-27_R128_blake_j_lacko_l
tennis_data_uk,atp,2012,51,US Open,New York,2012-08-27,grand_slam,True,hard,R128,128,5,Dodig I.,Moriya H.,118,231,475,208,3,0,6,0,6,1,6,2,,,,,completed,1.22,4.0,1.25,4.42,1.3,4.42,1.24,3.91,2012_51_new_york_us_open,2012_51_new_york_us_open_2012-08-27_R128_dodig_i_moriya_h
tennis_data_uk,atp,2012,51,US Open,New York,2012-08-27,grand_slam,True,hard,R128,128,5,Murray A.,Bogomolov A.,4,73,7290,655,3,0,6,2,6,4,6,1,,,,,completed,1.01,26.0,1.01,27.22,1.02,51.0,1.01,22.04,2012_51_new_york_us_open,2012_51_new_york_us_open_2012-08-27_R128_murray_a_bogomolov_a
tennis_data_uk,atp,2012,51,US Open,New York,2012-08-27,grand_slam,True,hard,R128,128,5,Sock J.,Mayer F.,243,23,192,1580,2,0,6,3,6,2,3,2,,,,,retired,5.0,1.16,5.98,1.17,6.0,1.18,5.15,1.16,2012_51_new_york_us_open,2012_51_new_york_us_open_2012-08-27_R128_sock_j_mayer_f
tennis_data_uk,atp,2012,51,US Open,New York,2012-08-27,grand_slam,True,hard,R128,128,5,Davydenko N.,Pella G.,47,152,920,345,3,1,7,5,3,6,6,4,6,2,,,completed,1.36,3.0,1.36,3.44,1.43,3.44,1.38,3.01,2012_51_new_york_us_open,2012_51_new_york_us_open_2012-08-27_R128_davydenko_n_pella_g
tennis_data_uk,atp,2012,51,US Open,New York,2012-08-27,grand_slam,True,hard,R128,128,5,Ramos A.,Ginepri R.,50,234,855,206,3,1,6,7,7,5,6,4,6,0,,,completed,1.61,2.2,1.76,2.19,1.82,2.25,1.7,2.11,2012_51_new_york_us_open,2012_51_new_york_us_open_2012-08-27_R128_ramos_a_ginepri_r
tennis_data_uk,atp,2012,51,US Open,New York,2012-08-27,grand_slam,True,hard,R128,128,5,Mathieu P.H.,Andreev I.,128,100,438,551,3,2,2,6,4,6,7,6,7,6,6,1,completed,1.36,3.0,1.44,3.05,1.55,3.15,1.41,2.85,2012_51_new_york_us_open,2012_51_new_york_us_open_2012-08-27_R128_mathieu_p_h_andreev_i
tennis_data_uk,atp,2012,51,US Open,New York,2012-08-27,grand_slam,True,hard,R128,128,5,Cipolla F.,Kavcic B.,87,77,601,649,3,1,6,4,7,6,3,6,6,3,,,completed,1.5,2.5,1.59,2.53,1.7,2.58,1.57,2.37,2012_51_new_york_us_open,2012_51_new_york_us_open_2012-08-27_R128_cipolla_f_kavcic_b
tennis_data_uk,atp,2012,51,US Open,New York,2012-08-27,grand_slam,True,hard,R128,128,5,Ebden M.,Ito T.,71,67,666,684,3,0,7,6,6,3,6,2,,,,,completed,2.0,1.72,1.95,1.95,2.06,1.95,1.98,1.78,2012_51_new_york_us_open,2012_51_new_york_us_open_2012-08-27_R128_ebden_m_ito_t
tennis_data_uk,atp,2012,51,US Open,New York,2012-08-27,grand_slam,True,hard,R128,128,5,Chardy J.,Volandri F.,32,72,1168,660,3,0,6,3,6,4,6,3,,,,,completed,1.04,13.0,1.05,13.0,1.05,13.6,1.04,10.81,2012_51_new_york_us_open,2012_51_new_york_us_open_2012-08-27_R128_chardy_j_volandri_f
tennis_data_uk,atp,2012,51,US Open,New York,2012-08-27,grand_slam,True,hard,R128,128,5,Brands D.,Ungur A.,123,110,451,502,3,0,7,6,6,4,7,6,,,,,completed,1.33,3.25,1.3,3.93,1.4,3.93,1.33,3.25,2012_51_new_york_us_open,2012_51_new_york_us_open_2012-08-27_R128_brands_d_ungur_a
tennis_data_uk,atp,2012,51,US Open,New York,2012-08-27,grand_slam,True,hard,R128,128,5,Fish M.,Soeda G.,25,55,1535,816,3,0,7,6,7,6,6,3,,,,,completed,1.06,10.0,1.07,10.25,1.07,11.75,1.05,9.49,2012_51_new_york_us_open,2012_51_new_york_us_open_2012-08-27_R128_fish_m_soeda_g
tennis_data_uk,atp,2012,51,US Open,New York,2012-08-27,grand_slam,True,hard,R128,128,5,Phau B.,Authom M.,83,192,615,265,3,1,6,2,4,6,6,4,7,6,,,completed,1.57,2.25,1.67,2.36,1.69,2.38,1.62,2.25,2012_51_new_york_us_open,2012_51_new_york_us_open_2012-08-27_R128_phau_b_authom_m
tennis_data_uk,atp,2012,51,US Open,New York,2012-08-27,grand_slam,True,hard,R128,128,5,Verdasco F.,Machado R.,26,131,1525,421,3,0,6,1,6,2,6,4,,,,,completed,1.08,8.0,1.11,8.17,1.11,8.17,1.08,7.51,2012_51_new_york_us_open,2012_51_new_york_us_open_2012-08-27_R128_verdasco_f_machado_r
tennis_data_uk,atp,2012,51,US Open,New York,2012-08-28,grand_slam,True,hard,R128,128,5,Simon G.,Russell M.,17,107,1890,527,3,2,7,6,3,6,5,7,6,4,6,1,completed,1.18,4.5,1.22,4.93,1.24,5.0,1.19,4.52,2012_51_new_york_us_open,2012_51_new_york_us_open_2012-08-28_R128_simon_g_russell_m
tennis_data_uk,atp,2012,51,US Open,New York,2012-08-28,grand_slam,True,hard,R128,128,5,Cilic M.,Matosevic M.,13,62,2185,740,3,2,5,7,2,6,6,4,6,2,6,4,completed,1.06,10.0,1.08,9.65,1.1,10.3,1.07,8.23,2012_51_new_york_us_open,2012_51_new_york_us_open_2012-08-28_R128_cilic_m_matosevic_m
tennis_data_uk,atp,2012,51,US Open,New York,2012-08-28,grand_slam,True,hard,R128,128,5,Klizan M.,Falla A.,52,51,828,845,3,0,6,4,6,1,6,2,,,,,completed,1.8,1.9,1.93,1.97,1.93,2.0,1.81,1.94,2012_51_new_york_us_open,2012_51_new_york_us_open_2012-08-28_R128_klizan_m_falla_a
tennis_data_uk,atp,2012,51,US Open,New York,2012-08-28,grand_slam,True,hard,R128,128,5,Zopp J.,Istomin D.,80,33,640,1122,3,1,3,6,6,3,6,3,7,5,,,completed,4.33,1.2,4.61,1.24,4.61,1.28,4.07,1.23,2012_51_new_york_us_open,2012_51_new_york_us_open_2012-08-28_R128_zopp_j_istomin_d
tennis_data_uk,atp,2012,51,US Open,New York,2012-08-28,grand_slam,True,hard,R128,128,5,Federer R.,Young D.,1,81,12165,630,3,0,6,3,6,2,6,4,,,,,completed,1.0,41.0,1.0,71.0,1.01,71.0,1.01,32.32,2012_51_new_york_us_open,2012_51_new_york_us_open_2012-08-28_R128_federer_r_young_d
tennis_data_uk,atp,2012,51,US Open,New York,2012-08-28,grand_slam,True,hard,R128,128,5,Lopez F.,Haase R.,31,48,1220,875,3,0,6,3,7,5,6,2,,,,,completed,1.66,2.1,1.8,2.13,1.8,2.21,1.69,2.12,2012_51_new_york_us_open,2012_51_new_york_us_open_2012-08-28_R128_lopez_f_haase_r
tennis_data_uk,atp,2012,51,US Open,New York,2012-08-28,grand_slam,True,hard,R128,128,5,Ramirez-Hidalgo R.,Devvarman S.,50,473,855,73,3,1,6,3,6,2,3,6,6,4,,,completed,1.28,3.5,1.3,3.92,1.4,3.92,1.3,3.53,2012_51_new_york_us_open,2012_51_new_york_us_open_2012-08-28_R128_ramirez_hidalgo_r_devvarman_s
tennis_data_uk,atp,2012,51,US Open,New York,2012-08-28,grand_slam,True,hard,R128,128,5,Berdych T.,Goffin D.,7,56,4200,791,3,0,7,5,6,3,6,3,,,,,completed,1.11,6.5,1.14,6.87,1.18,7.3,1.13,5.91,2012_51_new_york_us_open,2012_51_new_york_us_open_2012-08-28_R128_berdych_t_goffin_d
tennis_data_uk,atp,2012,51,US Open,New York,2012-08-28,grand_slam,True,hard,R128,128,5,Andujar P.,Bellucci T.,37,40,1065,967,3,1,7,6,3,6,7,6,7,5,,,completed,4.0,1.22,4.94,1.22,4.94,1.29,4.15,1.23,2012_51_new_york_us_open,2012_51_new_york_us_open_2012-08-28_R128_andujar_p_bellucci_t
tennis_data_uk,atp,2012,51,US Open,New York,2012-08-28,grand_slam,True,hard,R128,128,5,Raonic M.,Giraldo S.,16,46,1900,933,3,2,6,3,4,6,3,6,6,4,6,4,completed,1.07,9.0,1.08,9.65,1.1,10.0,1.07,8.14,2012_51_new_york_us_open,2012_51_new_york_us_open_2012-08-28_R128_raonic_m_giraldo_s
tennis_data_uk,atp,2012,51,US Open,New York,2012-08-28,grand_slam,True,hard,R128,128,5,Wang J.,Karlovic I.,182,75,276,651,3,1,7,6,6,7,6,1,6,4,,,completed,2.1,1.66,2.37,1.66,2.4,1.82,2.18,1.66,2012_51_new_york_us_open,2012_51_new_york_us_open_2012-08-28_R128_wang_j_karlovic_i
tennis_data_uk,atp,2012,51,US Open,New York,2012-08-28,grand_slam,True,hard,R128,128,5,Almagro N.,Stepanek R.,12,38,2305,1020,3,1,6,4,6,7,6,3,6,4,,,completed,1.83,1.83,2.0,1.91,2.0,2.11,1.88,1.87,2012_51_new_york_us_open,2012_51_new_york_us_open_2012-08-28_R128_almagro_n_stepanek_r
tennis_data_uk,atp,2012,51,US Open,New York,2012-08-28,grand_slam,True,hard,R128,128,5,Tsonga J.W.,Beck K.,6,143,4835,370,3,0,6,3,6,1,7,6,,,,,completed,1.02,17.0,1.03,17.5,1.04,19.0,1.03,13.56,2012_51_new_york_us_open,2012_51_new_york_us_open_2012-08-28_R128_tsonga_j_w_beck_k
tennis_data_uk,atp,2012,51,US Open,New York,2012-08-28,grand_slam,True,hard,R128,128,5,Petzschner P.,Mahut N.,106,60,534,744,3,2,1,6,4,6,6,4,7,5,7,6,completed,1.72,2.0,1.75,2.2,2.0,2.7,1.74,2.06,2012_51_new_york_us_open,2012_51_new_york_us_open_2012-08-28_R128_petzschner_p_mahut_n
tennis_data_uk,atp,2012,51,US Open,New York,2012-08-28,grand_slam,True,hard,R128,128,5,Darcis S.,Jaziri M.,74,89,655,587,3,1,3,6,6,1,6,1,6,1,,,completed,1.2,4.33,1.24,4.55,1.26,4.55,1.23,4.06,2012_51_new_york_us_open,2012_51_new_york_us_open_2012-08-28_R128_darcis_s_jaziri_m
tennis_data_uk,atp,2012,51,US Open,New York,2012-08-28,grand_slam,True,hard,R128,128,5,Roddick A.,Williams R.,22,289,1600,160,3,0,6,3,6,4,6,4,,,,,completed,1.07,9.0,1.08,10.25,1.12,10.25,1.08,8.07,2012_51_new_york_us_open,2012_51_new_york_us_open_2012-08-28_R128_roddick_a_williams_r
tennis_data_uk,atp,2012,51,US Open,New York,2012-08-28,grand_slam,True,hard,R128,128,5,Querrey S.,Lu Y.H.,28,64,1350,699,3,1,6,7,6,4,6,4,7,5,,,completed,1.12,6.0,1.14,6.87,1.22,6.87,1.14,5.71,2012_51_new_york_us_open,2012_51_new_york_us_open_2012-08-28_R128_querrey_s_lu_y_h
tennis_data_uk,atp,2012,51,US Open,New York,2012-08-28,grand_slam,True,hard,R128,128,5,Novikov D.,Janowicz J.,1098,86,6,602,3,1,6,2,7,6,3,6,6,3,,,completed,11.0,1.05,12.5,1.06,13.75,1.07,9.91,1.05,2012_51_new_york_us_open,2012_51_new_york_us_open_2012-08-28_R128_novikov_d_janowicz_j
tennis_data_uk,atp,2012,51,US Open,New York,2012-08-28,grand_slam,True,hard,R128,128,5,Wawrinka S.,Stakhovsky S.,19,98,1730,553,3,1,6,7,7,6,6,4,6,2,,,completed,1.18,4.5,1.24,4.58,1.24,5.71,1.18,4.69,2012_51_new_york_us_open,2012_51_new_york_us_open_2012-08-28_R128_wawrinka_s_stakhovsky_s
tennis_data_uk,atp,2012,51,US Open,New York,2012-08-28,grand_slam,True,hard,R128,128,5,Garcia-Lopez G.,Monaco J.,68,11,681,2735,3,2,3,6,1,6,6,4,7,6,7,6,completed,4.5,1.18,4.54,1.24,5.44,1.24,4.45,1.2,2012_51_new_york_us_open,2012_51_new_york_us_open_2012-08-28_R128_garcia_lopez_g_monaco_j
tennis_data_uk,atp,2012,51,US Open,New York,2012-08-28,grand_slam,True,hard,R128,128,5,Fognini F.,Roger-Vasselin E.,59,104,745,536,3,2,3,6,5,7,6,4,6,4,7,5,completed,1.61,2.2,1.59,2.53,1.69,2.53,1.62,2.26,2012_51_new_york_us_open,2012_51_new_york_us_open_2012-08-28_R128_fognini_f_roger_vasselin_e
tennis_data_uk,atp,2012,51,US Open,New York,2012-08-28,grand_slam,True,hard,R128,128,5,Benneteau J.,Rochus O.,35,105,1075,536,3,0,7,6,6,2,6,3,,,,,completed,1.22,4.0,1.28,4.14,1.35,4.14,1.28,3.63,2012_51_new_york_us_open,2012_51_new_york_us_open_2012-08-28_R128_benneteau_j_rochus_o
tennis_data_uk,atp,2012,51,US Open,New York,2012-08-28,grand_slam,True,hard,R128,128,5,Baghdatis M.,Bachinger M.,39,115,995,482,3,2,6,2,4,6,6,4,6,7,7,6,completed,1.18,4.5,1.22,4.81,1.25,4.81,1.21,4.29,2012_51_new_york_us_open,2012_51_new_york_us_open_2012-08-28_R128_baghdatis_m_bachinger_m
tennis_data_uk,atp,2012,51,US Open,New York,2012-08-28,grand_slam,True,hard,R128,128,5,Dutra Silva R.,Gabashvili T.,112,174,499,289,3,2,4,6,6,4,6,7,6,3,7,5,completed,2.75,1.4,2.97,1.45,2.97,1.53,2.68,1.46,2012_51_new_york_us_open,2012_51_new_york_us_open_2012-08-28_R128_dutra_silva_r_gabashvili_t
tennis_data_uk,atp,2012,51,US Open,New York,2012-08-28,grand_slam,True,hard,R128,128,5,Tomic B.,Berlocq C.,43,44,950,950,3,1,4,6,7,5,6,3,6,4,,,completed,1.22,4.0,1.29,4.05,1.29,4.4,1.23,4.04,2012_51_new_york_us_open,2012_51_new_york_us_open_2012-08-28_R128_tomic_b_berlocq_c
tennis_data_uk,atp,2012,51,US Open,New York,2012-08-29,grand_slam,True,hard,R128,128,5,Dolgopolov O.,Levine J.,15,76,1905,651,3,2,3,6,4,6,6,4,6,1,6,2,completed,1.22,4.0,1.23,4.77,1.3,4.77,1.22,4.19,2012_51_new_york_us_open,2012_51_new_york_us_open_2012-08-29_R128_dolgopolov_o_levine_j
tennis_data_uk,atp,2012,51,US Open,New York,2012-08-29,grand_slam,True,hard,R128,128,5,Djokovic N.,Lorenzi P.,2,69,11270,674,3,0,6,1,6,0,6,1,,,,,completed,1.002,34.0,1.0,91.0,1.01,91.5,1.01,36.2,2012_51_new_york_us_open,2012_51_new_york_us_open_2012-08-29_R128_djokovic_n_lorenzi_p
tennis_data_uk,atp,2012,51,US Open,New York,2012-08-29,grand_slam,True,hard,R128,128,5,Sijsling I.,Gimeno-Traver D.,78,96,645,564,3,0,7,5,6,3,6,4,,,,,completed,1.22,4.0,1.32,3.77,1.32,4.45,1.24,3.9,2012_51_new_york_us_open,2012_51_new_york_us_open_2012-08-29_R128_sijsling_i_gimeno_traver_d
tennis_data_uk,atp,2012,51,US Open,New York,2012-08-29,grand_slam,True,hard,R128,128,5,Stebe C.M.,Troicki V.,97,30,555,1255,3,1,6,4,6,4,3,6,6,2,,,completed,4.33,1.2,4.3,1.26,4.6,1.27,4.01,1.23,2012_51_new_york_us_open,2012_51_new_york_us_open_2012-08-29_R128_stebe_c_m_troicki_v
tennis_data_uk,atp,2012,51,US Open,New York,2012-08-29,grand_slam,True,hard,R128,128,5,Muller G.,Youzhny M.,53,29,821,1290,3,2,2,6,3,6,7,5,7,6,7,6,completed,3.5,1.28,3.7,1.33,4.1,1.4,3.42,1.3,2012_51_new_york_us_open,2012_51_new_york_us_open_2012-08-29_R128_muller_g_youzhny_m
tennis_data_uk,atp,2012,51,US Open,New York,2012-08-29,grand_slam,True,hard,R128,128,5,Ferrer D.,Anderson K.,5,34,5375,1110,3,0,6,4,6,2,7,6,,,,,completed,1.11,6.5,1.14,6.87,1.18,7.1,1.11,6.19,2012_51_new_york_us_open,2012_51_new_york_us_open_2012-08-29_R128_ferrer_d_anderson_k
tennis_data_uk,atp,2012,51,US Open,New York,2012-08-29,grand_slam,True,hard,R128,128,5,Tipsarevic J.,Rufin G.,9,129,3285,431,3,2,4,6,3,6,6,2,6,3,6,2,completed,1.04,13.0,1.05,14.0,1.08,14.3,1.05,10.05,2012_51_new_york_us_open,2012_51_new_york_us_open_2012-08-29_R128_tipsarevic_j_rufin_g
tennis_data_uk,atp,2012,51,US Open,New York,2012-08-29,grand_slam,True,hard,R128,128,5,Zemlja G.,Mello R.,99,167,553,306,3,0,7,5,7,6,7,5,,,,,completed,1.38,2.87,1.45,2.97,1.5,3.1,1.43,2.76,2012_51_new_york_us_open,2012_51_new_york_us_open_2012-08-29_R128_zemlja_g_mello_r
tennis_data_uk,atp,2012,51,US Open,New York,2012-08-29,grand_slam,True,hard,R128,128,5,Mayer L.,Kubot L.,63,79,700,640,3,0,6,4,6,4,7,5,,,,,completed,2.62,1.44,2.77,1.51,3.06,1.55,2.6,1.48,2012_51_new_york_us_open,2012_51_new_york_us_open_2012-08-29_R128_mayer_l_kubot_l
tennis_data_uk,atp,2012,51,US Open,New York,2012-08-29,grand_slam,True,hard,R128,128,5,Baker B.,Hajek J.,70,92,670,577,3,0,6,3,6,4,6,2,,,,,completed,1.14,5.5,1.15,6.34,1.21,6.4,1.15,5.27,2012_51_new_york_us_open,2012_51_new_york_us_open_2012-08-29_R128_baker_b_hajek_j
tennis_data_uk,atp,2012,51,US Open,New York,2012-08-29,grand_slam,True,hard,R128,128,5,Paire B.,Dimitrov G.,49,58,860,756,3,1,5,7,6,3,7,6,6,2,,,completed,3.5,1.28,3.56,1.34,4.6,1.4,3.3,1.32,2012_51_new_york_us_open,2012_51_new_york_us_open_2012-08-29_R128_paire_b_dimitrov_g
tennis_data_uk,atp,2012,51,US Open,New York,2012-08-29,grand_slam,True,hard,R128,128,5,Hewitt L.,Kamke T.,125,90,445,585,3,1,4,6,6,2,6,1,6,4,,,completed,1.28,3.5,1.31,3.82,1.35,3.9,1.3,3.47,2012_51_new_york_us_open,2012_51_new_york_us_open_2012-08-29_R128_hewitt_l_kamke_t
tennis_data_uk,atp,2012,51,US Open,New York,2012-08-29,grand_slam,True,hard,R128,128,5,Isner J.,Malisse X.,10,57,2880,776,3,1,6,3,7,6,5,7,7,6,,,completed,1.12,6.0,1.15,6.45,1.17,8.2,1.14,5.57,2012_51_new_york_us_open,2012_51_new_york_us_open_2012-08-29_R128_isner_j_malisse_x
tennis_data_uk,atp,2012,51,US Open,New York,2012-08-29,grand_slam,True,hard,R128,128,5,Nieminen J.,Kukushkin M.,42,65,957,694,2,0,6,0,6,2,,,,,,,retired,1.72,2.0,1.81,2.12,2.0,2.25,1.78,1.99,2012_51_new_york_us_open,2012_51_new_york_us_open_2012-08-29_R128_nieminen_j_kukushkin_m
tennis_data_uk,atp,2012,51,US Open,New York,2012-08-29,grand_slam,True,hard,R128,128,5,Gulbis E.,Haas T.,145,21,366,1633,3,2,3,6,4,6,6,4,7,5,6,3,completed,4.0,1.22,4.38,1.26,4.5,1.3,4.07,1.23,2012_51_new_york_us_open,2012_51_new_york_us_open_2012-08-29_R128_gulbis_e_haas_t
tennis_data_uk,atp,2012,51,US Open,New York,2012-08-29,grand_slam,True,hard,R128,128,5,Gasquet R.,Montanes A.,14,111,2030,500,3,1,4,6,6,2,6,3,6,3,,,completed,1.03,15.0,1.04,14.93,1.06,20.0,1.04,11.56,2012_51_new_york_us_open,2012_51_new_york_us_open_2012-08-29_R128_gasquet_r_montanes_a
tennis_data_uk,atp,2012,51,US Open,New York,2012-08-29,grand_slam,True,hard,R128,128,5,Del Potro J.M.,Serra F.,8,116,3620,479,3,0,6,4,7,6,6,4,,,,,completed,1.03,15.0,1.03,17.0,1.04,24.0,1.03,14.27,2012_51_new_york_us_open,2012_51_new_york_us_open_2012-08-29_R128_del_potro_j_m_serra_f
tennis_data_uk,atp,2012,51,US Open,New York,2012-08-29,grand_slam,True,hard,R128,128,5,Johnson S.,Ram R.,245,95,191,570,3,0,6,3,7,6,6,3,,,,,completed,1.72,2.0,1.75,2.2,2.0,2.2,1.75,2.03,2012_51_new_york_us_open,2012_51_new_york_us_open_2012-08-29_R128_johnson_s_ram_r
tennis_data_uk,atp,2012,51,US Open,New York,2012-08-29,grand_slam,True,hard,R128,128,5,Robredo T.,Seppi A.,178,27,285,1390,3,0,6,1,7,5,6,3,,,,,completed,3.4,1.3,3.89,1.3,3.89,1.4,3.25,1.34,2012_51_new_york_us_open,2012_51_new_york_us_open_2012-08-29_R128_robredo_t_seppi_a
tennis_data_uk,atp,2012,51,US Open,New York,2012-08-29,grand_slam,True,hard,R128,128,5,Kohlschreiber P.,Llodra M.,20,101,1685,550,3,1,7,6,4,6,7,6,6,1,,,completed,1.2,4.33,1.23,4.69,1.3,4.75,1.22,4.18,2012_51_new_york_us_open,2012_51_new_york_us_open_2012-08-29_R128_kohlschreiber_p_llodra_m
tennis_data_uk,atp,2012,51,US Open,New York,2012-08-29,grand_slam,True,hard,R128,128,5,Klahn B.,Melzer J.,489,36,68,1067,3,2,4,6,6,3,7,5,5,7,6,4,completed,2.75,1.4,3.1,1.43,3.66,1.43,3.11,1.36,2012_51_new_york_us_open,2012_51_new_york_us_open_2012-08-29_R128_klahn_b_melzer_j
tennis_data_uk,atp,2012,51,US Open,New York,2012-08-29,grand_slam,True,hard,R128,128,5,Harrison R.,Becker B.,61,85,740,603,3,0,7,5,6,4,6,2,,,,,completed,1.4,2.75,1.44,3.02,1.5,3.1,1.43,2.75,2012_51_new_york_us_open,2012_51_new_york_us_open_2012-08-29_R128_harrison_r_becker_b
tennis_data_uk,atp,2012,51,US Open,New York,2012-08-30,grand_slam,True,hard,R64,64,5,Murray A.,Dodig I.,4,118,7290,475,3,0,6,2,6,1,6,3,,,,,completed,1.02,19.0,1.01,31.0,1.03,31.0,1.02,16.3,2012_51_new_york_us_open,2012_51_new_york_us_open_2012-08-30_R64_murray_a_dodig_i
tennis_data_uk,atp,2012,51,US Open,New York,2012-08-30,grand_slam,True,hard,R64,64,5,Almagro N.,Petzschner P.,12,106,2305,534,3,2,6,3,5,7,5,7,6,4,6,4,completed,1.14,5.5,1.19,5.4,1.2,6.7,1.16,5.04,2012_51_new_york_us_open,2012_51_new_york_us_open_2012-08-30_R64_almagro_n_petzschner_p
tennis_data_uk,atp,2012,51,US Open,New York,2012-08-30,grand_slam,True,hard,R64,64,5,Nishikori K.,Smyczek T.,18,179,1790,284,3,0,6,2,6,2,6,4,,,,,completed,1.14,5.5,1.18,5.72,1.2,6.3,1.16,5.13,2012_51_new_york_us_open,2012_51_new_york_us_open_2012-08-30_R64_nishikori_k_smyczek_t
tennis_data_uk,atp,2012,51,US Open,New York,2012-08-30,grand_slam,True,hard,R64,64,5,Lopez F.,Andujar P.,31,37,1220,1065,3,2,6,4,6,1,6,7,3,6,7,5,completed,1.33,3.25,1.34,3.6,1.4,3.85,1.34,3.22,2012_51_new_york_us_open,2012_51_new_york_us_open_2012-08-30_R64_lopez_f_andujar_p
tennis_data_uk,atp,2012,51,US Open,New York,2012-08-30,grand_slam,True,hard,R64,64,5,Klizan M.,Tsonga J.W.,52,6,828,4835,3,1,6,4,1,6,6,1,6,3,,,completed,13.0,1.04,14.5,1.04,16.0,1.05,11.43,1.04,2012_51_new_york_us_open,2012_51_new_york_us_open_2012-08-30_R64_klizan_m_tsonga_j_w
tennis_data_uk,atp,2012,51,US Open,New York,2012-08-30,grand_slam,True,hard,R64,64,5,Fish M.,Davydenko N.,25,47,1535,920,3,2,4,6,6,7,6,2,6,1,6,2,completed,1.18,4.5,1.17,5.8,1.22,5.8,1.18,4.84,2012_51_new_york_us_open,2012_51_new_york_us_open_2012-08-30_R64_fish_m_davydenko_n
tennis_data_uk,atp,2012,51,US Open,New York,2012-08-30,grand_slam,True,hard,R64,64,5,Sock J.,Cipolla F.,243,87,192,601,3,0,6,2,6,2,6,4,,,,,completed,2.1,1.66,2.12,1.81,2.45,1.83,2.16,1.67,2012_51_new_york_us_open,2012_51_new_york_us_open_2012-08-30_R64_sock_j_cipolla_f
tennis_data_uk,atp,2012,51,US Open,New York,2012-08-30,grand_slam,True,hard,R64,64,5,Cilic M.,Brands D.,13,123,2185,451,3,2,6,3,6,2,5,7,4,6,7,5,completed,1.05,11.0,1.05,13.0,1.08,22.0,1.05,9.73,2012_51_new_york_us_open,2012_51_new_york_us_open_2012-08-30_R64_cilic_m_brands_d
tennis_data_uk,atp,2012,51,US Open,New York,2012-08-30,grand_slam,True,hard,R64,64,5,Verdasco F.,Ramos A.,26,50,1525,855,3,1,7,6,5,7,7,6,6,4,,,completed,1.2,4.33,1.29,3.97,1.29,5.05,1.22,4.25,2012_51_new_york_us_open,2012_51_new_york_us_open_2012-08-30_R64_verdasco_f_ramos_a
tennis_data_uk,atp,2012,51,US Open,New York,2012-08-30,grand_slam,True,hard,R64,64,5,Chardy J.,Ebden M.,32,71,1168,666,3,0,6,4,6,2,6,2,,,,,completed,1.28,3.5,1.37,3.39,1.4,4.1,1.3,3.5,2012_51_new_york_us_open,2012_51_new_york_us_open_2012-08-30_R64_chardy_j_ebden_m
tennis_data_uk,atp,2012,51,US Open,New York,2012-08-30,grand_slam,True,hard,R64,64,5,Raonic M.,Mathieu P.H.,16,128,1900,438,3,0,7,5,6,4,7,6,,,,,completed,1.18,4.5,1.21,5.0,1.22,5.92,1.19,4.56,2012_51_new_york_us_open,2012_51_new_york_us_open_2012-08-30_R64_raonic_m_mathieu_p_h
tennis_data_uk,atp,2012,51,US Open,New York,2012-08-30,grand_slam,True,hard,R64,64,5,Querrey S.,Ramirez-Hidalgo R.,28,50,1350,855,3,0,6,3,6,4,6,3,,,,,completed,1.02,17.0,1.02,21.0,1.05,21.0,1.03,12.46,2012_51_new_york_us_open,2012_51_new_york_us_open_2012-08-30_R64_querrey_s_ramirez_hidalgo_r
tennis_data_uk,atp,2012,51,US Open,New York,2012-08-30,grand_slam,True,hard,R64,64,5,Berdych T.,Zopp J.,7,80,4200,640,3,0,6,1,6,4,6,2,,,,,completed,1.04,13.0,1.04,15.0,1.07,16.55,1.05,10.59,2012_51_new_york_us_open,2012_51_new_york_us_open_2012-08-30_R64_berdych_t_zopp_j
tennis_data_uk,atp,2012,51,US Open,New York,2012-08-30,grand_slam,True,hard,R64,64,5,Simon G.,Wang J.,17,182,1890,276,3,1,6,4,4,6,6,4,6,4,,,completed,1.2,4.33,1.22,4.85,1.26,4.85,1.23,4.14,2012_51_new_york_us_open,2012_51_new_york_us_open_2012-08-30_R64_simon_g_wang_j
tennis_data_uk,atp,2012,51,US Open,New York,2012-08-30,grand_slam,True,hard,R64,64,5,Blake J.,Granollers M.,114,24,482,1555,3,0,6,1,6,4,6,2,,,,,completed,2.0,1.72,2.03,1.88,2.3,2.1,2.01,1.77,2012_51_new_york_us_open,2012_51_new_york_us_open_2012-08-30_R64_blake_j_granollers_m
tennis_data_uk,atp,2012,51,US Open,New York,2012-08-31,grand_slam,True,hard,R64,64,5,Federer R.,Phau B.,1,83,12165,615,3,0,6,2,6,3,6,2,,,,,completed,1.002,34.0,1.0,81.0,1.01,81.0,1.01,31.82,2012_51_new_york_us_open,2012_51_new_york_us_open_2012-08-31_R64_federer_r_phau_b
tennis_data_uk,atp,2012,51,US Open,New York,2012-08-31,grand_slam,True,hard,R64,64,5,Johnson S.,Gulbis E.,245,145,191,366,3,1,6,7,7,6,6,3,6,4,,,completed,2.75,1.4,2.66,1.54,3.0,1.56,2.7,1.45,2012_51_new_york_us_open,2012_51_new_york_us_open_2012-08-31_R64_johnson_s_gulbis_e
tennis_data_uk,atp,2012,51,US Open,New York,2012-08-31,grand_slam,True,hard,R64,64,5,Ferrer D.,Sijsling I.,5,78,5375,645,3,0,6,2,6,3,7,6,,,,,completed,1.04,13.0,1.05,14.0,1.09,17.0,1.04,10.78,2012_51_new_york_us_open,2012_51_new_york_us_open_2012-08-31_R64_ferrer_d_sijsling_i
tennis_data_uk,atp,2012,51,US Open,New York,2012-08-31,grand_slam,True,hard,R64,64,5,Mayer L.,Robredo T.,63,178,700,285,3,1,6,1,6,4,4,6,7,5,,,completed,2.37,1.53,2.58,1.57,2.6,1.67,2.37,1.57,2012_51_new_york_us_open,2012_51_new_york_us_open_2012-08-31_R64_mayer_l_robredo_t
tennis_data_uk,atp,2012,51,US Open,New York,2012-08-31,grand_slam,True,hard,R64,64,5,Gasquet R.,Klahn B.,14,489,2030,68,3,0,6,3,6,3,6,1,,,,,completed,1.06,10.0,1.07,11.25,1.1,14.5,1.06,8.91,2012_51_new_york_us_open,2012_51_new_york_us_open_2012-08-31_R64_gasquet_r_klahn_b
tennis_data_uk,atp,2012,51,US Open,New York,2012-08-31,grand_slam,True,hard,R64,64,5,Hewitt L.,Muller G.,125,53,445,821,3,2,3,6,7,6,6,7,7,5,6,4,completed,1.53,2.37,1.65,2.4,1.67,2.75,1.56,2.39,2012_51_new_york_us_open,2012_51_new_york_us_open_2012-08-31_R64_hewitt_l_muller_g
tennis_data_uk,atp,2012,51,US Open,New York,2012-08-31,grand_slam,True,hard,R64,64,5,Djokovic N.,Dutra Silva R.,2,112,11270,499,3,0,6,2,6,1,6,2,,,,,completed,1.0,67.0,1.0,71.0,1.01,100.0,1.01,36.44,2012_51_new_york_us_open,2012_51_new_york_us_open_2012-08-31_R64_djokovic_n_dutra_silva_r
tennis_data_uk,atp,2012,51,US Open,New York,2012-08-31,grand_slam,True,hard,R64,64,5,Del Potro J.M.,Harrison R.,8,61,3620,740,3,1,6,2,6,3,2,6,6,2,,,completed,1.1,7.0,1.14,6.72,1.14,8.7,1.1,6.89,2012_51_new_york_us_open,2012_51_new_york_us_open_2012-08-31_R64_del_potro_j_m_harrison_r
tennis_data_uk,atp,2012,51,US Open,New York,2012-08-31,grand_slam,True,hard,R64,64,5,Wawrinka S.,Darcis S.,19,74,1730,655,3,2,6,7,6,3,4,6,6,1,7,5,completed,1.18,4.5,1.23,4.77,1.25,5.1,1.21,4.32,2012_51_new_york_us_open,2012_51_new_york_us_open_2012-08-31_R64_wawrinka_s_darcis_s
tennis_data_uk,atp,2012,51,US Open,New York,2012-08-31,grand_slam,True,hard,R64,64,5,Dolgopolov O.,Baghdatis M.,15,39,1905,995,3,1,6,4,3,6,6,0,7,6,,,completed,1.53,2.37,1.57,2.58,1.65,2.58,1.57,2.36,2012_51_new_york_us_open,2012_51_new_york_us_open_2012-08-31_R64_dolgopolov_o_baghdatis_m
tennis_data_uk,atp,2012,51,US Open,New York,2012-08-31,grand_slam,True,hard,R64,64,5,Isner J.,Nieminen J.,10,42,2880,957,3,1,6,3,6,7,6,4,6,3,,,completed,1.08,8.0,1.09,9.5,1.12,9.8,1.09,7.29,2012_51_new_york_us_open,2012_51_new_york_us_open_2012-08-31_R64_isner_j_nieminen_j
tennis_data_uk,atp,2012,51,US Open,New York,2012-08-31,grand_slam,True,hard,R64,64,5,Tipsarevic J.,Baker B.,9,70,3285,670,3,0,6,4,6,3,6,4,,,,,completed,1.25,3.75,1.37,3.39,1.37,4.05,1.29,3.53,2012_51_new_york_us_open,2012_51_new_york_us_open_2012-08-31_R64_tipsarevic_j_baker_b
tennis_data_uk,atp,2012,51,US Open,New York,2012-08-31,grand_slam,True,hard,R64,64,5,Fognini F.,Garcia-Lopez G.,59,68,745,681,3,0,6,4,6,4,6,2,,,,,completed,2.1,1.66,2.09,1.83,2.2,1.83,2.07,1.73,2012_51_new_york_us_open,2012_51_new_york_us_open_2012-08-31_R64_fognini_f_garcia_lopez_g
tennis_data_uk,atp,2012,51,US Open,New York,2012-08-31,grand_slam,True,hard,R64,64,5,Zemlja G.,Stebe C.M.,99,97,553,555,3,1,6,4,2,6,6,4,6,4,,,completed,1.8,1.9,2.08,1.84,2.08,2.0,1.86,1.9,2012_51_new_york_us_open,2012_51_new_york_us_open_2012-08-31_R64_zemlja_g_stebe_c_m
tennis_data_uk,atp,2012,51,US Open,New York,2012-08-31,grand_slam,True,hard,R64,64,5,Benneteau J.,Novikov D.,35,1098,1075,6,3,1,3,6,6,4,7,6,7,5,,,completed,1.05,11.0,1.26,4.37,1.26,10.5,1.14,5.94,2012_51_new_york_us_open,2012_51_new_york_us_open_2012-08-31_R64_benneteau_j_novikov_d
tennis_data_uk,atp,2012,51,US Open,New York,2012-08-31,grand_slam,True,hard,R64,64,5,Kohlschreiber P.,Paire B.,20,49,1685,860,3,2,6,7,6,3,3,6,6,2,7,6,completed,1.2,4.33,1.24,4.65,1.28,19.72,1.23,4.49,2012_51_new_york_us_open,2012_51_new_york_us_open_2012-08-31_R64_kohlschreiber_p_paire_b
tennis_data_uk,atp,2012,51,US Open,New York,2012-09-01,grand_slam,True,hard,R64,64,5,Roddick A.,Tomic B.,22,43,1600,950,3,0,6,3,6,4,6,0,,,,,completed,1.38,2.87,1.5,2.8,1.56,2.9,1.46,2.67,2012_51_new_york_us_open,2012_51_new_york_us_open_2012-09-01_R64_roddick_a_tomic_b
tennis_data_uk,atp,2012,51,US Open,New York,2012-09-01,grand_slam,True,hard,R32,32,5,Almagro N.,Sock J.,12,243,2305,192,3,1,7,6,6,7,7,6,6,1,,,completed,1.22,4.0,1.27,4.3,1.29,5.0,1.23,4.07,2012_51_new_york_us_open,2012_51_new_york_us_open_2012-09-01_R32_almagro_n_sock_j
tennis_data_uk,atp,2012,51,US Open,New York,2012-09-01,grand_slam,True,hard,R32,32,5,Cilic M.,Nishikori K.,13,18,2185,1790,3,1,6,3,6,4,6,7,6,3,,,completed,2.2,1.61,2.15,1.8,2.44,1.8,2.15,1.68,2012_51_new_york_us_open,2012_51_new_york_us_open_2012-09-01_R32_cilic_m_nishikori_k
tennis_data_uk,atp,2012,51,US Open,New York,2012-09-01,grand_slam,True,hard,R32,32,5,Klizan M.,Chardy J.,52,32,828,1168,3,0,6,4,6,4,6,4,,,,,completed,2.37,1.53,2.38,1.67,2.5,1.85,2.37,1.57,2012_51_new_york_us_open,2012_51_new_york_us_open_2012-09-01_R32_klizan_m_chardy_j
tennis_data_uk,atp,2012,51,US Open,New York,2012-09-01,grand_slam,True,hard,R32,32,5,Murray A.,Lopez F.,4,31,7290,1220,3,1,7,6,7,6,4,6,7,6,,,completed,1.02,17.0,1.03,21.0,1.05,21.0,1.03,12.99,2012_51_new_york_us_open,2012_51_new_york_us_open_2012-09-01_R32_murray_a_lopez_f
tennis_data_uk,atp,2012,51,US Open,New York,2012-09-01,grand_slam,True,hard,R32,32,5,Federer R.,Verdasco F.,1,26,12165,1525,3,0,6,3,6,4,6,4,,,,,completed,1.02,19.0,1.02,25.5,1.03,25.5,1.02,15.62,2012_51_new_york_us_open,2012_51_new_york_us_open_2012-09-01_R32_federer_r_verdasco_f
tennis_data_uk,atp,2012,51,US Open,New York,2012-09-01,grand_slam,True,hard,R32,32,5,Raonic M.,Blake J.,16,114,1900,482,3,0,6,3,6,0,7,6,,,,,completed,1.33,3.25,1.38,3.37,1.4,3.75,1.35,3.19,2012_51_new_york_us_open,2012_51_new_york_us_open_2012-09-01_R32_raonic_m_blake_j
tennis_data_uk,atp,2012,51,US Open,New York,2012-09-01,grand_slam,True,hard,R32,32,5,Berdych T.,Querrey S.,7,28,4200,1350,3,1,6,7,6,4,6,3,6,2,,,completed,1.36,3.0,1.4,3.28,1.42,3.35,1.36,3.1,2012_51_new_york_us_open,2012_51_new_york_us_open_2012-09-01_R32_berdych_t_querrey_s
tennis_data_uk,atp,2012,51,US Open,New York,2012-09-02,grand_slam,True,hard,R32,32,5,Fish M.,Simon G.,25,17,1535,1890,3,1,6,1,5,7,7,6,6,3,,,completed,1.25,3.75,1.32,3.79,1.37,3.9,1.31,3.41,2012_51_new_york_us_open,2012_51_new_york_us_open_2012-09-02_R32_fish_m_simon_g
tennis_data_uk,atp,2012,51,US Open,New York,2012-09-02,grand_slam,True,hard,R32,32,5,Ferrer D.,Hewitt L.,5,125,5375,445,3,1,7,6,4,6,6,3,6,0,,,completed,1.08,8.0,1.08,10.5,1.14,10.5,1.09,7.36,2012_51_new_york_us_open,2012_51_new_york_us_open_2012-09-02_R32_ferrer_d_hewitt_l
tennis_data_uk,atp,2012,51,US Open,New York,2012-09-02,grand_slam,True,hard,R32,32,5,Djokovic N.,Benneteau J.,2,35,11270,1075,3,0,6,3,6,2,6,2,,,,,completed,1.01,21.0,1.01,36.0,1.02,36.0,1.01,19.6,2012_51_new_york_us_open,2012_51_new_york_us_open_2012-09-02_R32_djokovic_n_benneteau_j
tennis_data_uk,atp,2012,51,US Open,New York,2012-09-02,grand_slam,True,hard,R32,32,5,Del Potro J.M.,Mayer L.,8,63,3620,700,3,0,6,3,7,5,7,6,,,,,completed,1.04,13.0,1.04,15.75,1.06,18.0,1.04,11.27,2012_51_new_york_us_open,2012_51_new_york_us_open_2012-09-02_R32_del_potro_j_m_mayer_l
tennis_data_uk,atp,2012,51,US Open,New York,2012-09-02,grand_slam,True,hard,R32,32,5,Roddick A.,Fognini F.,22,59,1600,745,3,1,7,5,7,6,4,6,6,4,,,completed,1.14,5.5,1.17,6.16,1.18,6.38,1.15,5.38,2012_51_new_york_us_open,2012_51_new_york_us_open_2012-09-02_R32_roddick_a_fognini_f
tennis_data_uk,atp,2012,51,US Open,New York,2012-09-02,grand_slam,True,hard,R32,32,5,Wawrinka S.,Dolgopolov O.,19,15,1730,1905,3,0,6,4,6,4,6,2,,,,,completed,1.66,2.1,1.69,2.34,1.75,2.75,1.68,2.18,2012_51_new_york_us_open,2012_51_new_york_us_open_2012-09-02_R32_wawrinka_s_dolgopolov_o
tennis_data_uk,atp,2012,51,US Open,New York,2012-09-02,grand_slam,True,hard,R32,32,5,Tipsarevic J.,Zemlja G.,9,99,3285,553,3,0,6,4,6,3,7,5,,,,,completed,1.11,6.5,1.13,7.51,1.17,8.7,1.12,6.3,2012_51_new_york_us_open,2012_51_new_york_us_open_2012-09-02_R32_tipsarevic_j_zemlja_g
tennis_data_uk,atp,2012,51,US Open,New York,2012-09-02,grand_slam,True,hard,R32,32,5,Gasquet R.,Johnson S.,14,245,2030,191,3,0,7,6,6,2,6,3,,,,,completed,1.1,7.0,1.14,7.21,1.15,7.21,1.13,5.95,2012_51_new_york_us_open,2012_51_new_york_us_open_2012-09-02_R32_gasquet_r_johnson_s
tennis_data_uk,atp,2012,51,US Open,New York,2012-09-03,grand_slam,True,hard,R32,32,5,Kohlschreiber P.,Isner J.,20,10,1685,2880,3,2,6,4,3,6,4,6,6,3,6,4,completed,3.5,1.28,4.55,1.25,4.55,1.29,3.91,1.25,2012_51_new_york_us_open,2012_51_new_york_us_open_2012-09-03_R32_kohlschreiber_p_isner_j
tennis_data_uk,atp,2012,51,US Open,New York,2012-09-03,grand_slam,True,hard,R16,16,5,Berdych T.,Almagro N.,7,12,4200,2305,3,0,7,6,6,4,6,1,,,,,completed,1.22,4.33,1.28,4.2,1.31,4.8,1.24,3.97,2012_51_new_york_us_open,2012_51_new_york_us_open_2012-09-03_R16_berdych_t_almagro_n
tennis_data_uk,atp,2012,51,US Open,New York,2012-09-03,grand_slam,True,hard,R16,16,5,Federer R.,Fish M.,1,25,12165,1535,,,,,,,,,,,,,walkover,1.05,11.0,1.06,13.4,1.07,9.0,1.05,8.34,2012_51_new_york_us_open,2012_51_new_york_us_open_2012-09-03_R16_federer_r_fish_m
tennis_data_uk,atp,2012,51,US Open,New York,2012-09-03,grand_slam,True,hard,R16,16,5,Cilic M.,Klizan M.,13,52,2185,828,3,0,7,5,6,4,6,0,,,,,completed,1.25,4.0,1.29,4.05,1.33,4.55,1.27,3.75,2012_51_new_york_us_open,2012_51_new_york_us_open_2012-09-03_R16_cilic_m_klizan_m
tennis_data_uk,atp,2012,51,US Open,New York,2012-09-04,grand_slam,True,hard,R16,16,5,Murray A.,Raonic M.,4,16,7290,1900,3,0,6,4,6,4,6,2,,,,,completed,1.28,3.75,1.29,4.05,1.33,4.15,1.28,3.67,2012_51_new_york_us_open,2012_51_new_york_us_open_2012-09-04_R16_murray_a_raonic_m
tennis_data_uk,atp,2012,51,US Open,New York,2012-09-04,grand_slam,True,hard,R16,16,5,Ferrer D.,Gasquet R.,5,14,5375,2030,3,0,7,5,7,6,6,4,,,,,completed,1.28,3.75,1.32,3.84,1.35,4.2,1.29,3.6,2012_51_new_york_us_open,2012_51_new_york_us_open_2012-09-04_R16_ferrer_d_gasquet_r
tennis_data_uk,atp,2012,51,US Open,New York,2012-09-05,grand_slam,True,hard,R16,16,5,Tipsarevic J.,Kohlschreiber P.,9,20,3285,1685,3,0,6,3,7,6,6,2,,,,,completed,1.44,2.75,1.52,2.76,1.52,2.85,1.46,2.67,2012_51_new_york_us_open,2012_51_new_york_us_open_2012-09-05_R16_tipsarevic_j_kohlschreiber_p
tennis_data_uk,atp,2012,51,US Open,New York,2012-09-05,grand_slam,True,hard,R16,16,5,Djokovic N.,Wawrinka S.,2,19,11270,1730,2,0,6,4,6,1,3,1,,,,,retired,1.02,17.0,1.03,21.0,1.06,21.0,1.04,11.99,2012_51_new_york_us_open,2012_51_new_york_us_open_2012-09-05_R16_djokovic_n_wawrinka_s
tennis_data_uk,atp,2012,51,US Open,New York,2012-09-05,grand_slam,True,hard,R16,16,5,Del Potro J.M.,Roddick A.,8,22,3620,1600,3,1,6,7,7,6,6,2,6,4,,,completed,1.25,4.0,1.29,4.05,1.35,4.05,1.3,3.25,2012_51_new_york_us_open,2012_51_new_york_us_open_2012-09-05_R16_del_potro_j_m_roddick_a
tennis_data_uk,atp,2012,51,US Open,New York,2012-09-05,grand_slam,True,hard,QF,8,5,Murray A.,Cilic M.,4,13,7290,2185,3,1,3,6,7,6,6,2,6,0,,,completed,1.1,7.0,1.16,6.35,1.16,8.0,1.1,6.92,2012_51_new_york_us_open,2012_51_new_york_us_open_2012-09-05_QF_murray_a_cilic_m
tennis_data_uk,atp,2012,51,US Open,New York,2012-09-06,grand_slam,True,hard,QF,8,5,Berdych T.,Federer R.,7,1,4200,12165,3,1,7,6,6,4,3,6,6,3,,,completed,5.5,1.14,6.0,1.17,6.3,1.21,5.24,1.16,2012_51_new_york_us_open,2012_51_new_york_us_open_2012-09-06_QF_berdych_t_federer_r
tennis_data_uk,atp,2012,51,US Open,New York,2012-09-06,grand_slam,True,hard,QF,8,5,Ferrer D.,Tipsarevic J.,5,9,5375,3285,3,2,6,3,6,7,2,6,6,3,7,6,completed,1.36,3.2,1.41,3.2,1.7,3.3,1.39,3.01,2012_51_new_york_us_open,2012_51_new_york_us_open_2012-09-06_QF_ferrer_d_tipsarevic_j
tennis_data_uk,atp,2012,51,US Open,New York,2012-09-07,grand_slam,True,hard,QF,8,5,Djokovic N.,Del Potro J.M.,2,8,11270,3620,3,0,6,2,7,6,6,4,,,,,completed,1.12,6.0,1.17,6.16,1.18,6.7,1.15,5.34,2012_51_new_york_us_open,2012_51_new_york_us_open_2012-09-07_QF_djokovic_n_del_potro_j_m
tennis_data_uk,atp,2012,51,US Open,New York,2012-09-08,grand_slam,True,hard,SF,4,5,Murray A.,Berdych T.,4,7,7290,4200,3,1,5,7,6,2,6,1,7,6,,,completed,1.4,2.87,1.46,3.04,1.51,3.05,1.44,2.77,2012_51_new_york_us_open,2012_51_new_york_us_open_2012-09-08_SF_murray_a_berdych_t
tennis_data_uk,atp,2012,51,US Open,New York,2012-09-09,grand_slam,True,hard,SF,4,5,Djokovic N.,Ferrer D.,2,5,11270,5375,3,1,2,6,6,1,6,4,6,2,,,completed,1.07,9.0,1.09,9.5,1.11,11.0,1.07,8.64,2012_51_new_york_us_open,2012_51_new_york_us_open_2012-09-09_SF_djokovic_n_ferrer_d
tennis_data_uk,atp,2012,51,US Open,New York,2012-09-10,grand_slam,True,hard,F,2,5,Murray A.,Djokovic N.,4,2,7290,11270,3,2,7,6,7,5,2,6,3,6,6,2,completed,2.87,1.44,3.02,1.46,3.15,1.47,2.9,1.42,2012_51_new_york_us_open,2012_51_new_york_us_open_2012-09-10_F_murray_a_djokovic_n
tennis_data_uk,atp,2012,52,Open de Moselle,Metz,2012-09-17,atp_250,False,hard,R32,32,3,Blake J.,Olivetti A.,107,213,527,231,2,0,6,2,7,6,,,,,,,completed,1.57,2.25,1.54,2.62,1.64,2.75,1.56,2.37,2012_52_metz_open_de_moselle,2012_52_metz_open_de_moselle_2012-09-17_R32_blake_j_olivetti_a
tennis_data_uk,atp,2012,52,Open de Moselle,Metz,2012-09-18,atp_250,False,hard,R32,32,3,Karlovic I.,De Schepper K.,90,211,571,232,2,0,7,6,7,6,,,,,,,completed,1.8,1.9,1.88,2.01,1.89,2.1,1.81,1.94,2012_52_metz_open_de_moselle,2012_52_metz_open_de_moselle_2012-09-18_R32_karlovic_i_de_schepper_k
tennis_data_uk,atp,2012,52,Open de Moselle,Metz,2012-09-18,atp_250,False,hard,R32,32,3,Reix C.,Roger-Vasselin E.,502,117,64,489,2,1,6,3,3,6,7,5,,,,,completed,4.5,1.18,5.39,1.19,5.39,1.25,4.45,1.19,2012_52_metz_open_de_moselle,2012_52_metz_open_de_moselle_2012-09-18_R32_reix_c_roger_vasselin_e
tennis_data_uk,atp,2012,52,Open de Moselle,Metz,2012-09-18,atp_250,False,hard,R32,32,3,Davydenko N.,Zverev M.,48,185,875,274,2,1,2,6,6,3,6,3,,,,,completed,1.53,2.37,1.57,2.54,1.62,2.62,1.54,2.42,2012_52_metz_open_de_moselle,2012_52_metz_open_de_moselle_2012-09-18_R32_davydenko_n_zverev_m
tennis_data_uk,atp,2012,52,Open de Moselle,Metz,2012-09-18,atp_250,False,hard,R32,32,3,Millot V.,Sijsling I.,222,82,214,619,2,0,6,4,6,4,,,,,,,completed,2.75,1.4,2.84,1.48,2.85,1.5,2.72,1.43,2012_52_metz_open_de_moselle,2012_52_metz_open_de_moselle_2012-09-18_R32_millot_v_sijsling_i
tennis_data_uk,atp,2012,52,Open de Moselle,Metz,2012-09-18,atp_250,False,hard,R32,32,3,Paire B.,Malisse X.,51,58,803,776,2,0,6,1,6,4,,,,,,,completed,2.0,1.72,2.14,1.78,2.6,1.8,2.11,1.7,2012_52_metz_open_de_moselle,2012_52_metz_open_de_moselle_2012-09-18_R32_paire_b_malisse_x
tennis_data_uk,atp,2012,52,Open de Moselle,Metz,2012-09-18,atp_250,False,hard,R32,32,3,Monfils G.,Rochus O.,44,100,920,536,2,0,6,3,6,2,,,,,,,completed,1.4,2.75,1.43,3.04,1.5,3.3,1.4,2.86,2012_52_metz_open_de_moselle,2012_52_metz_open_de_moselle_2012-09-18_R32_monfils_g_rochus_o
tennis_data_uk,atp,2012,52,Open de Moselle,Metz,2012-09-19,atp_250,False,hard,R32,32,3,Berrer M.,Hajek J.,123,94,460,558,1,0,6,4,2,0,,,,,,,retired,1.36,3.0,1.38,3.3,1.42,3.75,1.35,3.1,2012_52_metz_open_de_moselle,2012_52_metz_open_de_moselle_2012-09-19_R32_berrer_m_hajek_j
tennis_data_uk,atp,2012,52,Open de Moselle,Metz,2012-09-19,atp_250,False,hard,R32,32,3,Seppi A.,Dodig I.,28,112,1390,510,2,1,6,7,6,3,6,4,,,,,completed,1.5,2.5,1.54,2.63,1.54,2.95,1.47,2.6,2012_52_metz_open_de_moselle,2012_52_metz_open_de_moselle_2012-09-19_R32_seppi_a_dodig_i
tennis_data_uk,atp,2012,52,Open de Moselle,Metz,2012-09-19,atp_250,False,hard,R32,32,3,Levine J.,Stebe C.M.,78,131,634,416,2,0,6,3,6,2,,,,,,,completed,1.66,2.1,1.77,2.16,1.8,2.6,1.69,2.12,2012_52_metz_open_de_moselle,2012_52_metz_open_de_moselle_2012-09-19_R32_levine_j_stebe_c_m
tennis_data_uk,atp,2012,52,Open de Moselle,Metz,2012-09-19,atp_250,False,hard,R32,32,3,Muller G.,Mathieu P.H.,66,99,686,538,2,0,7,6,6,4,,,,,,,completed,2.25,1.57,2.42,1.63,2.52,1.7,2.29,1.59,2012_52_metz_open_de_moselle,2012_52_metz_open_de_moselle_2012-09-19_R32_muller_g_mathieu_p_h
tennis_data_uk,atp,2012,52,Open de Moselle,Metz,2012-09-19,atp_250,False,hard,R32,32,3,Mahut N.,Brands D.,65,108,698,521,2,0,7,6,7,6,,,,,,,completed,1.36,3.0,1.41,3.13,1.41,3.3,1.37,3.0,2012_52_metz_open_de_moselle,2012_52_metz_open_de_moselle_2012-09-19_R32_mahut_n_brands_d
tennis_data_uk,atp,2012,52,Open de Moselle,Metz,2012-09-19,atp_250,False,hard,R16,16,3,Mayer F.,Blake J.,25,107,1500,527,2,1,6,7,6,3,6,4,,,,,completed,2.0,1.72,2.09,1.83,2.2,1.9,2.02,1.76,2012_52_metz_open_de_moselle,2012_52_metz_open_de_moselle_2012-09-19_R16_mayer_f_blake_j
tennis_data_uk,atp,2012,52,Open de Moselle,Metz,2012-09-19,atp_250,False,hard,R16,16,3,Tsonga J.W.,Reix C.,7,502,4520,64,2,0,6,3,6,3,,,,,,,completed,1.02,17.0,1.03,18.0,1.05,25.0,1.02,13.09,2012_52_metz_open_de_moselle,2012_52_metz_open_de_moselle_2012-09-19_R16_tsonga_j_w_reix_c
tennis_data_uk,atp,2012,52,Open de Moselle,Metz,2012-09-20,atp_250,False,hard,R16,16,3,Karlovic I.,Granollers M.,90,24,571,1510,1,0,7,6,2,2,,,,,,,retired,2.25,1.57,2.27,1.71,2.6,1.83,2.13,1.68,2012_52_metz_open_de_moselle,2012_52_metz_open_de_moselle_2012-09-20_R16_karlovic_i_granollers_m
tennis_data_uk,atp,2012,52,Open de Moselle,Metz,2012-09-20,atp_250,False,hard,R16,16,3,Levine J.,Berrer M.,78,123,634,460,2,1,6,4,3,6,6,0,,,,,completed,1.57,2.25,1.69,2.3,1.75,2.4,1.62,2.24,2012_52_metz_open_de_moselle,2012_52_metz_open_de_moselle_2012-09-20_R16_levine_j_berrer_m
tennis_data_uk,atp,2012,52,Open de Moselle,Metz,2012-09-20,atp_250,False,hard,R16,16,3,Seppi A.,Millot V.,28,222,1390,214,2,0,6,2,6,1,,,,,,,completed,1.25,3.75,1.29,4.02,1.29,4.6,1.25,3.84,2012_52_metz_open_de_moselle,2012_52_metz_open_de_moselle_2012-09-20_R16_seppi_a_millot_v
tennis_data_uk,atp,2012,52,Open de Moselle,Metz,2012-09-20,atp_250,False,hard,R16,16,3,Davydenko N.,Muller G.,48,66,875,686,2,0,7,5,6,4,,,,,,,completed,1.66,2.1,1.75,2.2,2.0,2.25,1.75,2.03,2012_52_metz_open_de_moselle,2012_52_metz_open_de_moselle_2012-09-20_R16_davydenko_n_muller_g
tennis_data_uk,atp,2012,52,Open de Moselle,Metz,2012-09-20,atp_250,False,hard,R16,16,3,Monfils G.,Mahut N.,44,65,920,698,2,0,7,6,7,5,,,,,,,completed,1.36,3.0,1.36,3.44,1.45,3.6,1.36,3.06,2012_52_metz_open_de_moselle,2012_52_metz_open_de_moselle_2012-09-20_R16_monfils_g_mahut_n
tennis_data_uk,atp,2012,52,Open de Moselle,Metz,2012-09-20,atp_250,False,hard,R16,16,3,Kohlschreiber P.,Paire B.,18,51,1855,803,2,1,6,2,1,6,6,1,,,,,completed,1.53,2.37,1.63,2.44,1.67,2.6,1.57,2.34,2012_52_metz_open_de_moselle,2012_52_metz_open_de_moselle_2012-09-20_R16_kohlschreiber_p_paire_b
tennis_data_uk,atp,2012,52,Open de Moselle,Metz,2012-09-21,atp_250,False,hard,QF,8,3,Seppi A.,Mayer F.,28,25,1390,1500,2,0,7,5,6,2,,,,,,,completed,1.66,2.1,1.85,2.09,1.85,2.28,1.74,2.05,2012_52_metz_open_de_moselle,2012_52_metz_open_de_moselle_2012-09-21_QF_seppi_a_mayer_f
tennis_data_uk,atp,2012,52,Open de Moselle,Metz,2012-09-21,atp_250,False,hard,QF,8,3,Monfils G.,Kohlschreiber P.,44,18,920,1855,2,1,6,7,6,4,6,4,,,,,completed,1.53,2.37,1.65,2.43,2.25,2.55,1.62,2.26,2012_52_metz_open_de_moselle,2012_52_metz_open_de_moselle_2012-09-21_QF_monfils_g_kohlschreiber_p
tennis_data_uk,atp,2012,52,Open de Moselle,Metz,2012-09-21,atp_250,False,hard,QF,8,3,Tsonga J.W.,Levine J.,7,78,4520,634,2,0,6,3,6,4,,,,,,,completed,1.07,9.0,1.09,9.85,1.12,10.0,1.09,7.26,2012_52_metz_open_de_moselle,2012_52_metz_open_de_moselle_2012-09-21_QF_tsonga_j_w_levine_j
tennis_data_uk,atp,2012,52,Open de Moselle,Metz,2012-09-21,atp_250,False,hard,QF,8,3,Davydenko N.,Karlovic I.,48,90,875,571,2,1,6,7,7,6,6,0,,,,,completed,1.36,3.0,1.47,2.97,1.5,3.27,1.41,2.79,2012_52_metz_open_de_moselle,2012_52_metz_open_de_moselle_2012-09-21_QF_davydenko_n_karlovic_i
tennis_data_uk,atp,2012,52,Open de Moselle,Metz,2012-09-22,atp_250,False,hard,SF,4,3,Seppi A.,Monfils G.,28,44,1390,920,2,1,3,6,6,1,6,4,,,,,completed,2.87,1.38,2.74,1.53,3.4,1.53,2.73,1.43,2012_52_metz_open_de_moselle,2012_52_metz_open_de_moselle_2012-09-22_SF_seppi_a_monfils_g
tennis_data_uk,atp,2012,52,Open de Moselle,Metz,2012-09-22,atp_250,False,hard,SF,4,3,Tsonga J.W.,Davydenko N.,7,48,4520,875,2,1,6,0,3,6,6,4,,,,,completed,1.18,4.5,1.26,4.43,1.26,5.2,1.22,4.08,2012_52_metz_open_de_moselle,2012_52_metz_open_de_moselle_2012-09-22_SF_tsonga_j_w_davydenko_n
tennis_data_uk,atp,2012,52,Open de Moselle,Metz,2012-09-23,atp_250,False,hard,F,2,3,Tsonga J.W.,Seppi A.,7,28,4520,1390,2,0,6,1,6,2,,,,,,,completed,1.18,4.5,1.24,4.64,1.26,5.1,1.21,4.23,2012_52_metz_open_de_moselle,2012_52_metz_open_de_moselle_2012-09-23_F_tsonga_j_w_seppi_a
tennis_data_uk,atp,2012,53,St. Petersburg Open,St. Petersburg,2012-09-17,atp_250,False,hard,R32,32,3,Cipolla F.,Vasilevski A.,81,785,629,19,2,0,7,6,7,6,,,,,,,completed,1.08,8.0,1.11,7.74,1.12,8.5,1.09,7.07,2012_53_st_petersburg_st_petersburg_open,2012_53_st_petersburg_st_petersburg_open_2012-09-17_R32_cipolla_f_vasilevski_a
tennis_data_uk,atp,2012,53,St. Petersburg Open,St. Petersburg,2012-09-17,atp_250,False,hard,R32,32,3,Garcia-Lopez G.,Donskoy E.,68,121,681,462,2,1,2,6,6,4,6,3,,,,,completed,2.1,1.66,2.19,1.75,2.9,1.97,2.07,1.73,2012_53_st_petersburg_st_petersburg_open,2012_53_st_petersburg_st_petersburg_open_2012-09-17_R32_garcia_lopez_g_donskoy_e
tennis_data_uk,atp,2012,53,St. Petersburg Open,St. Petersburg,2012-09-17,atp_250,False,hard,R32,32,3,Ram R.,Bachinger M.,98,111,549,512,2,0,6,4,6,4,,,,,,,completed,2.5,1.5,2.58,1.56,2.65,1.6,2.47,1.52,2012_53_st_petersburg_st_petersburg_open,2012_53_st_petersburg_st_petersburg_open_2012-09-17_R32_ram_r_bachinger_m
tennis_data_uk,atp,2012,53,St. Petersburg Open,St. Petersburg,2012-09-18,atp_250,False,hard,R32,32,3,Bautista R.,Lu Y.H.,87,64,580,699,2,0,6,4,6,2,,,,,,,completed,2.1,1.66,2.2,1.74,2.4,1.8,2.1,1.69,2012_53_st_petersburg_st_petersburg_open,2012_53_st_petersburg_st_petersburg_open_2012-09-18_R32_bautista_r_lu_y_h
tennis_data_uk,atp,2012,53,St. Petersburg Open,St. Petersburg,2012-09-18,atp_250,False,hard,R32,32,3,Gimeno-Traver D.,Serra F.,93,115,558,505,2,0,7,6,6,2,,,,,,,completed,2.5,1.5,2.25,1.71,2.63,1.71,2.44,1.53,2012_53_st_petersburg_st_petersburg_open,2012_53_st_petersburg_st_petersburg_open_2012-09-18_R32_gimeno_traver_d_serra_f
tennis_data_uk,atp,2012,53,St. Petersburg Open,St. Petersburg,2012-09-18,atp_250,False,hard,R32,32,3,Zemlja G.,Lacko L.,69,57,678,778,2,0,6,3,6,2,,,,,,,completed,1.53,2.37,1.65,2.37,1.67,2.5,1.57,2.34,2012_53_st_petersburg_st_petersburg_open,2012_53_st_petersburg_st_petersburg_open_2012-09-18_R32_zemlja_g_lacko_l
tennis_data_uk,atp,2012,53,St. Petersburg Open,St. Petersburg,2012-09-18,atp_250,False,hard,R32,32,3,Youzhny M.,Pospisil V.,29,120,1290,469,2,0,7,6,6,1,,,,,,,completed,1.14,5.5,1.15,6.32,1.17,7.0,1.13,5.58,2012_53_st_petersburg_st_petersburg_open,2012_53_st_petersburg_st_petersburg_open_2012-09-18_R32_youzhny_m_pospisil_v
tennis_data_uk,atp,2012,53,St. Petersburg Open,St. Petersburg,2012-09-19,atp_250,False,hard,R32,32,3,Bolelli S.,Zeballos H.,79,119,634,471,2,0,7,6,7,5,,,,,,,completed,1.57,2.25,1.7,2.26,1.71,2.38,1.64,2.21,2012_53_st_petersburg_st_petersburg_open,2012_53_st_petersburg_st_petersburg_open_2012-09-19_R32_bolelli_s_zeballos_h
tennis_data_uk,atp,2012,53,St. Petersburg Open,St. Petersburg,2012-09-19,atp_250,False,hard,R32,32,3,Kubot L.,Istomin D.,76,38,650,1007,2,1,4,6,6,3,6,4,,,,,completed,1.9,1.8,2.09,1.81,2.15,1.88,1.98,1.79,2012_53_st_petersburg_st_petersburg_open,2012_53_st_petersburg_st_petersburg_open_2012-09-19_R32_kubot_l_istomin_d
tennis_data_uk,atp,2012,53,St. Petersburg Open,St. Petersburg,2012-09-19,atp_250,False,hard,R32,32,3,Zopp J.,Kumantsov A.,77,347,641,123,1,0,6,3,5,3,,,,,,,retired,1.16,5.0,1.17,5.75,1.18,7.0,1.15,5.2,2012_53_st_petersburg_st_petersburg_open,2012_53_st_petersburg_st_petersburg_open_2012-09-19_R32_zopp_j_kumantsov_a
tennis_data_uk,atp,2012,53,St. Petersburg Open,St. Petersburg,2012-09-19,atp_250,False,hard,R32,32,3,Berankis R.,Petzschner P.,89,103,575,534,1,0,6,2,3,3,,,,,,,retired,1.72,2.0,1.75,2.18,1.81,2.18,1.72,2.06,2012_53_st_petersburg_st_petersburg_open,2012_53_st_petersburg_st_petersburg_open_2012-09-19_R32_berankis_r_petzschner_p
tennis_data_uk,atp,2012,53,St. Petersburg Open,St. Petersburg,2012-09-19,atp_250,False,hard,R32,32,3,Fognini F.,Kamke T.,53,71,790,663,2,1,4,6,6,2,6,3,,,,,completed,2.37,1.53,2.37,1.65,2.46,1.67,2.29,1.6,2012_53_st_petersburg_st_petersburg_open,2012_53_st_petersburg_st_petersburg_open_2012-09-19_R32_fognini_f_kamke_t
tennis_data_uk,atp,2012,53,St. Petersburg Open,St. Petersburg,2012-09-19,atp_250,False,hard,R32,32,3,Stakhovsky S.,Nedelko I.,95,508,553,63,2,0,7,6,6,2,,,,,,,completed,,,,,,,,,2012_53_st_petersburg_st_petersburg_open,2012_53_st_petersburg_st_petersburg_open_2012-09-19_R32_stakhovsky_s_nedelko_i
tennis_data_uk,atp,2012,53,St. Petersburg Open,St. Petersburg,2012-09-19,atp_250,False,hard,R32,32,3,Lorenzi P.,Betov S.,70,514,674,61,2,1,1,6,6,2,6,2,,,,,completed,1.53,2.37,1.53,2.67,1.72,2.75,1.57,2.37,2012_53_st_petersburg_st_petersburg_open,2012_53_st_petersburg_st_petersburg_open_2012-09-19_R32_lorenzi_p_betov_s
tennis_data_uk,atp,2012,53,St. Petersburg Open,St. Petersburg,2012-09-19,atp_250,False,hard,R32,32,3,Klizan M.,Elgin M.,45,639,898,35,2,0,6,4,6,3,,,,,,,completed,1.05,11.0,1.06,11.23,1.13,11.88,1.07,8.05,2012_53_st_petersburg_st_petersburg_open,2012_53_st_petersburg_st_petersburg_open_2012-09-19_R32_klizan_m_elgin_m
tennis_data_uk,atp,2012,53,St. Petersburg Open,St. Petersburg,2012-09-19,atp_250,False,hard,R32,32,3,Gabashvili T.,Fidirko N.,160,934,317,11,2,0,6,2,6,0,,,,,,,completed,1.14,5.5,1.21,4.93,1.22,5.5,1.17,4.79,2012_53_st_petersburg_st_petersburg_open,2012_53_st_petersburg_st_petersburg_open_2012-09-19_R32_gabashvili_t_fidirko_n
tennis_data_uk,atp,2012,53,St. Petersburg Open,St. Petersburg,2012-09-20,atp_250,False,hard,R16,16,3,Fognini F.,Stakhovsky S.,53,95,790,553,2,0,7,6,6,4,,,,,,,completed,2.2,1.61,2.36,1.67,2.42,1.79,2.23,1.62,2012_53_st_petersburg_st_petersburg_open,2012_53_st_petersburg_st_petersburg_open_2012-09-20_R16_fognini_f_stakhovsky_s
tennis_data_uk,atp,2012,53,St. Petersburg Open,St. Petersburg,2012-09-20,atp_250,False,hard,R16,16,3,Cipolla F.,Zemlja G.,81,69,629,678,2,1,6,2,6,7,6,3,,,,,completed,3.0,1.36,2.99,1.45,3.5,1.47,2.89,1.39,2012_53_st_petersburg_st_petersburg_open,2012_53_st_petersburg_st_petersburg_open_2012-09-20_R16_cipolla_f_zemlja_g
tennis_data_uk,atp,2012,53,St. Petersburg Open,St. Petersburg,2012-09-20,atp_250,False,hard,R16,16,3,Berankis R.,Zopp J.,89,77,575,641,1,0,6,3,,,,,,,,,retired,1.66,2.1,1.65,2.4,1.8,2.4,1.69,2.12,2012_53_st_petersburg_st_petersburg_open,2012_53_st_petersburg_st_petersburg_open_2012-09-20_R16_berankis_r_zopp_j
tennis_data_uk,atp,2012,53,St. Petersburg Open,St. Petersburg,2012-09-20,atp_250,False,hard,R16,16,3,Gimeno-Traver D.,Kubot L.,93,76,558,650,2,0,6,4,7,6,,,,,,,completed,3.25,1.33,3.2,1.4,3.5,1.41,3.07,1.36,2012_53_st_petersburg_st_petersburg_open,2012_53_st_petersburg_st_petersburg_open_2012-09-20_R16_gimeno_traver_d_kubot_l
tennis_data_uk,atp,2012,53,St. Petersburg Open,St. Petersburg,2012-09-20,atp_250,False,hard,R16,16,3,Bautista R.,Gabashvili T.,87,160,580,317,2,0,6,3,6,4,,,,,,,completed,1.61,2.2,1.67,2.36,1.7,2.46,1.64,2.2,2012_53_st_petersburg_st_petersburg_open,2012_53_st_petersburg_st_petersburg_open_2012-09-20_R16_bautista_r_gabashvili_t
tennis_data_uk,atp,2012,53,St. Petersburg Open,St. Petersburg,2012-09-20,atp_250,False,hard,R16,16,3,Klizan M.,Bolelli S.,45,79,898,634,2,0,6,3,6,3,,,,,,,completed,1.53,2.37,1.56,2.62,1.65,2.64,1.56,2.37,2012_53_st_petersburg_st_petersburg_open,2012_53_st_petersburg_st_petersburg_open_2012-09-20_R16_klizan_m_bolelli_s
tennis_data_uk,atp,2012,53,St. Petersburg Open,St. Petersburg,2012-09-20,atp_250,False,hard,R16,16,3,Youzhny M.,Ram R.,29,98,1290,549,2,0,6,1,6,4,,,,,,,completed,1.1,7.0,1.13,7.24,1.13,10.5,1.1,6.59,2012_53_st_petersburg_st_petersburg_open,2012_53_st_petersburg_st_petersburg_open_2012-09-20_R16_youzhny_m_ram_r
tennis_data_uk,atp,2012,53,St. Petersburg Open,St. Petersburg,2012-09-20,atp_250,False,hard,R16,16,3,Garcia-Lopez G.,Lorenzi P.,68,70,681,674,1,0,6,1,3,1,,,,,,,retired,1.33,3.25,1.39,3.27,1.45,3.65,1.34,3.19,2012_53_st_petersburg_st_petersburg_open,2012_53_st_petersburg_st_petersburg_open_2012-09-20_R16_garcia_lopez_g_lorenzi_p
tennis_data_uk,atp,2012,53,St. Petersburg Open,St. Petersburg,2012-09-21,atp_250,False,hard,QF,8,3,Gimeno-Traver D.,Cipolla F.,93,81,558,629,2,0,6,2,7,5,,,,,,,completed,1.66,2.1,1.81,2.14,1.89,2.34,1.72,2.08,2012_53_st_petersburg_st_petersburg_open,2012_53_st_petersburg_st_petersburg_open_2012-09-21_QF_gimeno_traver_d_cipolla_f
tennis_data_uk,atp,2012,53,St. Petersburg Open,St. Petersburg,2012-09-21,atp_250,False,hard,QF,8,3,Fognini F.,Bautista R.,53,87,790,580,2,0,6,4,7,6,,,,,,,completed,1.53,2.37,1.66,2.4,1.67,2.64,1.58,2.33,2012_53_st_petersburg_st_petersburg_open,2012_53_st_petersburg_st_petersburg_open_2012-09-21_QF_fognini_f_bautista_r
tennis_data_uk,atp,2012,53,St. Petersburg Open,St. Petersburg,2012-09-21,atp_250,False,hard,QF,8,3,Youzhny M.,Garcia-Lopez G.,29,68,1290,681,2,1,6,4,0,6,6,3,,,,,completed,1.2,4.33,1.22,4.96,1.27,4.96,1.23,4.09,2012_53_st_petersburg_st_petersburg_open,2012_53_st_petersburg_st_petersburg_open_2012-09-21_QF_youzhny_m_garcia_lopez_g
tennis_data_uk,atp,2012,53,St. Petersburg Open,St. Petersburg,2012-09-21,atp_250,False,hard,QF,8,3,Klizan M.,Berankis R.,45,89,898,575,2,0,6,3,6,2,,,,,,,completed,1.5,2.5,1.63,2.48,1.65,2.7,1.57,2.35,2012_53_st_petersburg_st_petersburg_open,2012_53_st_petersburg_st_petersburg_open_2012-09-21_QF_klizan_m_berankis_r
tennis_data_uk,atp,2012,53,St. Petersburg Open,St. Petersburg,2012-09-22,atp_250,False,hard,SF,4,3,Fognini F.,Gimeno-Traver D.,53,93,790,558,2,0,6,3,6,4,,,,,,,completed,1.36,3.0,1.45,3.02,1.5,3.25,1.41,2.83,2012_53_st_petersburg_st_petersburg_open,2012_53_st_petersburg_st_petersburg_open_2012-09-22_SF_fognini_f_gimeno_traver_d
tennis_data_uk,atp,2012,53,St. Petersburg Open,St. Petersburg,2012-09-22,atp_250,False,hard,SF,4,3,Klizan M.,Youzhny M.,45,29,898,1290,2,1,6,7,6,4,7,6,,,,,completed,2.75,1.4,3.02,1.45,3.02,1.53,2.65,1.46,2012_53_st_petersburg_st_petersburg_open,2012_53_st_petersburg_st_petersburg_open_2012-09-22_SF_klizan_m_youzhny_m
tennis_data_uk,atp,2012,53,St. Petersburg Open,St. Petersburg,2012-09-23,atp_250,False,hard,F,2,3,Klizan M.,Fognini F.,45,53,898,790,2,0,6,2,6,3,,,,,,,completed,1.8,2.0,1.88,2.04,1.88,2.18,1.79,1.99,2012_53_st_petersburg_st_petersburg_open,2012_53_st_petersburg_st_petersburg_open_2012-09-23_F_klizan_m_fognini_f
tennis_data_uk,atp,2012,54,Thailand Open,Bangkok,2012-09-24,atp_250,False,hard,R32,32,3,Petzschner P.,Siriluethaiwattana P.,107,1194,534,5,2,0,6,1,6,2,,,,,,,completed,1.05,11.0,1.05,12.63,1.09,13.0,1.06,8.85,2012_54_bangkok_thailand_open,2012_54_bangkok_thailand_open_2012-09-24_R32_petzschner_p_siriluethaiwattana_p
tennis_data_uk,atp,2012,54,Thailand Open,Bangkok,2012-09-25,atp_250,False,hard,R32,32,3,Troicki V.,Stakhovsky S.,31,96,1255,563,2,1,6,7,7,5,6,3,,,,,completed,1.44,2.62,1.57,2.55,1.57,2.85,1.5,2.55,2012_54_bangkok_thailand_open,2012_54_bangkok_thailand_open_2012-09-25_R32_troicki_v_stakhovsky_s
tennis_data_uk,atp,2012,54,Thailand Open,Bangkok,2012-09-25,atp_250,False,hard,R32,32,3,Sela D.,Chiudinelli M.,106,140,535,395,2,0,6,4,6,4,,,,,,,completed,1.44,2.62,1.52,2.69,1.6,2.75,1.5,2.52,2012_54_bangkok_thailand_open,2012_54_bangkok_thailand_open_2012-09-25_R32_sela_d_chiudinelli_m
tennis_data_uk,atp,2012,54,Thailand Open,Bangkok,2012-09-25,atp_250,False,hard,R32,32,3,Nieminen J.,Sugita Y.,38,142,992,388,1,0,6,1,,,,,,,,,retired,1.4,2.75,1.48,2.84,1.48,3.3,1.4,2.86,2012_54_bangkok_thailand_open,2012_54_bangkok_thailand_open_2012-09-25_R32_nieminen_j_sugita_y
tennis_data_uk,atp,2012,54,Thailand Open,Bangkok,2012-09-25,atp_250,False,hard,R32,32,3,Verdasco F.,Ito T.,23,67,1525,684,2,1,3,6,6,0,6,2,,,,,completed,1.18,4.5,1.19,5.29,1.22,5.5,1.18,4.61,2012_54_bangkok_thailand_open,2012_54_bangkok_thailand_open_2012-09-25_R32_verdasco_f_ito_t
tennis_data_uk,atp,2012,54,Thailand Open,Bangkok,2012-09-25,atp_250,False,hard,R32,32,3,Moriya H.,Haase R.,204,50,241,840,2,1,2,6,7,6,6,3,,,,,completed,4.5,1.18,4.55,1.24,5.4,1.25,4.33,1.2,2012_54_bangkok_thailand_open,2012_54_bangkok_thailand_open_2012-09-25_R32_moriya_h_haase_r
tennis_data_uk,atp,2012,54,Thailand Open,Bangkok,2012-09-25,atp_250,False,hard,R32,32,3,Young D.,Lu Y.H.,124,65,460,699,2,1,5,7,6,2,7,5,,,,,completed,2.37,1.53,2.46,1.61,2.55,1.67,2.35,1.57,2012_54_bangkok_thailand_open,2012_54_bangkok_thailand_open_2012-09-25_R32_young_d_lu_y_h
tennis_data_uk,atp,2012,54,Thailand Open,Bangkok,2012-09-25,atp_250,False,hard,R32,32,3,Tomic B.,Garcia-Lopez G.,41,63,950,706,2,0,6,0,6,2,,,,,,,completed,1.61,2.2,1.69,2.3,1.85,2.35,1.66,2.17,2012_54_bangkok_thailand_open,2012_54_bangkok_thailand_open_2012-09-25_R32_tomic_b_garcia_lopez_g
tennis_data_uk,atp,2012,54,Thailand Open,Bangkok,2012-09-25,atp_250,False,hard,R32,32,3,Dimitrov G.,Yang T.H.,56,249,756,187,2,1,6,3,3,6,7,6,,,,,completed,1.16,5.0,1.16,5.88,1.25,5.88,1.17,4.79,2012_54_bangkok_thailand_open,2012_54_bangkok_thailand_open_2012-09-25_R32_dimitrov_g_yang_t_h
tennis_data_uk,atp,2012,54,Thailand Open,Bangkok,2012-09-26,atp_250,False,hard,R32,32,3,Karlovic I.,Matosevic M.,80,57,616,750,2,0,6,3,6,4,,,,,,,completed,1.57,2.25,1.64,2.38,1.96,2.6,1.61,2.25,2012_54_bangkok_thailand_open,2012_54_bangkok_thailand_open_2012-09-26_R32_karlovic_i_matosevic_m
tennis_data_uk,atp,2012,54,Thailand Open,Bangkok,2012-09-26,atp_250,False,hard,R32,32,3,Soeda G.,Udomchoke D.,52,145,796,373,2,0,6,4,7,5,,,,,,,completed,1.36,3.0,1.38,3.28,1.42,3.55,1.37,3.01,2012_54_bangkok_thailand_open,2012_54_bangkok_thailand_open_2012-09-26_R32_soeda_g_udomchoke_d
tennis_data_uk,atp,2012,54,Thailand Open,Bangkok,2012-09-26,atp_250,False,hard,R32,32,3,Monfils G.,Anderson K.,45,35,920,1030,2,1,6,4,2,6,7,5,,,,,completed,1.61,2.2,1.59,2.5,1.8,2.54,1.63,2.22,2012_54_bangkok_thailand_open,2012_54_bangkok_thailand_open_2012-09-26_R32_monfils_g_anderson_k
tennis_data_uk,atp,2012,54,Thailand Open,Bangkok,2012-09-26,atp_250,False,hard,R16,16,3,Tipsarevic J.,Moriya H.,9,204,3285,241,2,0,6,4,6,4,,,,,,,completed,1.05,11.0,1.03,18.5,1.1,18.5,1.04,11.05,2012_54_bangkok_thailand_open,2012_54_bangkok_thailand_open_2012-09-26_R16_tipsarevic_j_moriya_h
tennis_data_uk,atp,2012,54,Thailand Open,Bangkok,2012-09-26,atp_250,False,hard,R16,16,3,Nieminen J.,Petzschner P.,38,107,992,534,2,0,7,6,6,2,,,,,,,completed,1.57,2.25,1.61,2.48,1.77,2.56,1.6,2.28,2012_54_bangkok_thailand_open,2012_54_bangkok_thailand_open_2012-09-26_R16_nieminen_j_petzschner_p
tennis_data_uk,atp,2012,54,Thailand Open,Bangkok,2012-09-27,atp_250,False,hard,R16,16,3,Tomic B.,Sela D.,41,106,950,535,2,1,4,6,6,3,6,4,,,,,completed,1.33,3.25,1.35,3.53,1.4,3.65,1.31,3.34,2012_54_bangkok_thailand_open,2012_54_bangkok_thailand_open_2012-09-27_R16_tomic_b_sela_d
tennis_data_uk,atp,2012,54,Thailand Open,Bangkok,2012-09-27,atp_250,False,hard,R16,16,3,Simon G.,Soeda G.,19,52,1800,796,2,0,6,4,6,4,,,,,,,completed,1.25,3.75,1.26,4.28,1.27,4.7,1.23,3.98,2012_54_bangkok_thailand_open,2012_54_bangkok_thailand_open_2012-09-27_R16_simon_g_soeda_g
tennis_data_uk,atp,2012,54,Thailand Open,Bangkok,2012-09-27,atp_250,False,hard,R16,16,3,Monfils G.,Troicki V.,45,31,920,1255,2,0,7,5,7,5,,,,,,,completed,1.36,3.0,1.4,3.25,1.45,3.5,1.38,2.96,2012_54_bangkok_thailand_open,2012_54_bangkok_thailand_open_2012-09-27_R16_monfils_g_troicki_v
tennis_data_uk,atp,2012,54,Thailand Open,Bangkok,2012-09-27,atp_250,False,hard,R16,16,3,Verdasco F.,Young D.,23,124,1525,460,2,0,7,5,6,4,,,,,,,completed,1.22,4.0,1.27,4.22,1.31,4.22,1.26,3.68,2012_54_bangkok_thailand_open,2012_54_bangkok_thailand_open_2012-09-27_R16_verdasco_f_young_d
tennis_data_uk,atp,2012,54,Thailand Open,Bangkok,2012-09-27,atp_250,False,hard,R16,16,3,Raonic M.,Karlovic I.,15,80,2090,616,2,0,7,6,6,4,,,,,,,completed,1.28,3.5,1.3,3.93,1.35,4.45,1.29,3.5,2012_54_bangkok_thailand_open,2012_54_bangkok_thailand_open_2012-09-27_R16_raonic_m_karlovic_i
tennis_data_uk,atp,2012,54,Thailand Open,Bangkok,2012-09-27,atp_250,False,hard,R16,16,3,Gasquet R.,Dimitrov G.,14,56,2165,756,2,1,5,7,7,5,6,4,,,,,completed,1.3,3.4,1.33,3.64,1.39,4.2,1.31,3.34,2012_54_bangkok_thailand_open,2012_54_bangkok_thailand_open_2012-09-27_R16_gasquet_r_dimitrov_g
tennis_data_uk,atp,2012,54,Thailand Open,Bangkok,2012-09-28,atp_250,False,hard,QF,8,3,Simon G.,Monfils G.,19,45,1800,920,2,0,6,4,6,1,,,,,,,completed,2.37,1.53,2.4,1.66,2.58,1.7,2.27,1.61,2012_54_bangkok_thailand_open,2012_54_bangkok_thailand_open_2012-09-28_QF_simon_g_monfils_g
tennis_data_uk,atp,2012,54,Thailand Open,Bangkok,2012-09-28,atp_250,False,hard,QF,8,3,Tipsarevic J.,Verdasco F.,9,23,3285,1525,2,0,7,6,6,4,,,,,,,completed,1.36,3.0,1.35,3.55,1.5,3.8,1.35,3.11,2012_54_bangkok_thailand_open,2012_54_bangkok_thailand_open_2012-09-28_QF_tipsarevic_j_verdasco_f
tennis_data_uk,atp,2012,54,Thailand Open,Bangkok,2012-09-28,atp_250,False,hard,QF,8,3,Gasquet R.,Tomic B.,14,41,2165,950,2,0,7,6,6,4,,,,,,,completed,1.3,3.4,1.37,3.45,1.39,4.0,1.33,3.25,2012_54_bangkok_thailand_open,2012_54_bangkok_thailand_open_2012-09-28_QF_gasquet_r_tomic_b
tennis_data_uk,atp,2012,54,Thailand Open,Bangkok,2012-09-28,atp_250,False,hard,QF,8,3,Nieminen J.,Raonic M.,38,15,992,2090,2,0,6,3,7,6,,,,,,,completed,5.5,1.14,4.55,1.25,6.1,1.25,4.79,1.17,2012_54_bangkok_thailand_open,2012_54_bangkok_thailand_open_2012-09-28_QF_nieminen_j_raonic_m
tennis_data_uk,atp,2012,54,Thailand Open,Bangkok,2012-09-29,atp_250,False,hard,SF,4,3,Simon G.,Tipsarevic J.,19,9,1800,3285,2,0,6,4,6,4,,,,,,,completed,2.75,1.4,2.71,1.54,3.0,1.54,2.69,1.45,2012_54_bangkok_thailand_open,2012_54_bangkok_thailand_open_2012-09-29_SF_simon_g_tipsarevic_j
tennis_data_uk,atp,2012,54,Thailand Open,Bangkok,2012-09-29,atp_250,False,hard,SF,4,3,Gasquet R.,Nieminen J.,14,38,2165,992,2,1,3,6,7,5,6,2,,,,,completed,1.3,3.4,1.37,3.4,1.37,4.25,1.31,3.38,2012_54_bangkok_thailand_open,2012_54_bangkok_thailand_open_2012-09-29_SF_gasquet_r_nieminen_j
tennis_data_uk,atp,2012,54,Thailand Open,Bangkok,2012-09-30,atp_250,False,hard,F,2,3,Gasquet R.,Simon G.,14,19,2165,1800,2,0,6,2,6,1,,,,,,,completed,1.9,1.9,1.96,1.96,2.08,2.05,1.93,1.84,2012_54_bangkok_thailand_open,2012_54_bangkok_thailand_open_2012-09-30_F_gasquet_r_simon_g
tennis_data_uk,atp,2012,55,Malaysian Open,Kuala Lumpur,2012-09-24,atp_250,False,hard,R32,32,3,Sijsling I.,Deen Heshaam A.,97,1557,562,1,2,0,6,2,6,1,,,,,,,completed,1.01,23.0,1.01,36.0,1.03,36.0,1.01,16.49,2012_55_kuala_lumpur_malaysian_open,2012_55_kuala_lumpur_malaysian_open_2012-09-24_R32_sijsling_i_deen_heshaam_a
tennis_data_uk,atp,2012,55,Malaysian Open,Kuala Lumpur,2012-09-24,atp_250,False,hard,R32,32,3,Wang J.,Ghedin R.,151,277,346,163,2,0,6,3,6,3,,,,,,,completed,1.3,3.4,1.34,3.55,1.36,4.1,1.32,3.28,2012_55_kuala_lumpur_malaysian_open,2012_55_kuala_lumpur_malaysian_open_2012-09-24_R32_wang_j_ghedin_r
tennis_data_uk,atp,2012,55,Malaysian Open,Kuala Lumpur,2012-09-24,atp_250,False,hard,R32,32,3,Pospisil V.,Melzer J.,122,37,469,1022,1,0,6,4,2,0,,,,,,,retired,2.37,1.53,2.66,1.53,3.2,1.59,2.51,1.5,2012_55_kuala_lumpur_malaysian_open,2012_55_kuala_lumpur_malaysian_open_2012-09-24_R32_pospisil_v_melzer_j
tennis_data_uk,atp,2012,55,Malaysian Open,Kuala Lumpur,2012-09-24,atp_250,False,hard,R32,32,3,Yani M.,Baker B.,238,60,198,715,2,0,6,3,7,6,,,,,,,completed,4.0,1.22,4.4,1.25,5.1,1.27,3.88,1.24,2012_55_kuala_lumpur_malaysian_open,2012_55_kuala_lumpur_malaysian_open_2012-09-24_R32_yani_m_baker_b
tennis_data_uk,atp,2012,55,Malaysian Open,Kuala Lumpur,2012-09-25,atp_250,False,hard,R32,32,3,Ramos A.,Knowle J.,48,,890,,2,0,6,1,6,4,,,,,,,completed,1.05,11.0,1.07,10.41,1.08,14.0,1.05,9.5,2012_55_kuala_lumpur_malaysian_open,2012_55_kuala_lumpur_malaysian_open_2012-09-25_R32_ramos_a_knowle_j
tennis_data_uk,atp,2012,55,Malaysian Open,Kuala Lumpur,2012-09-25,atp_250,False,hard,R32,32,3,Ebden M.,Davydenko P.,64,1066,703,7,2,0,6,0,7,6,,,,,,,completed,1.05,11.0,1.05,12.39,1.12,13.0,1.05,9.12,2012_55_kuala_lumpur_malaysian_open,2012_55_kuala_lumpur_malaysian_open_2012-09-25_R32_ebden_m_davydenko_p
tennis_data_uk,atp,2012,55,Malaysian Open,Kuala Lumpur,2012-09-25,atp_250,False,hard,R32,32,3,Benneteau J.,Berlocq C.,34,49,1075,880,2,0,7,6,6,3,,,,,,,completed,1.22,4.0,1.28,4.03,1.29,4.9,1.24,3.85,2012_55_kuala_lumpur_malaysian_open,2012_55_kuala_lumpur_malaysian_open_2012-09-25_R32_benneteau_j_berlocq_c
tennis_data_uk,atp,2012,55,Malaysian Open,Kuala Lumpur,2012-09-26,atp_250,False,hard,R32,32,3,Falla A.,Ram R.,61,93,710,569,1,0,7,6,4,2,,,,,,,retired,1.72,2.0,1.7,2.27,1.9,2.27,1.74,2.03,2012_55_kuala_lumpur_malaysian_open,2012_55_kuala_lumpur_malaysian_open_2012-09-26_R32_falla_a_ram_r
tennis_data_uk,atp,2012,55,Malaysian Open,Kuala Lumpur,2012-09-26,atp_250,False,hard,R32,32,3,Bogomolov A.,Inglot D.,90,,575,,2,0,7,5,6,3,,,,,,,completed,1.12,6.0,1.09,8.43,1.14,8.8,1.1,6.65,2012_55_kuala_lumpur_malaysian_open,2012_55_kuala_lumpur_malaysian_open_2012-09-26_R32_bogomolov_a_inglot_d
tennis_data_uk,atp,2012,55,Malaysian Open,Kuala Lumpur,2012-09-26,atp_250,False,hard,R32,32,3,Istomin D.,Andujar P.,46,42,902,950,2,0,6,3,6,2,,,,,,,completed,1.57,2.25,1.52,2.71,1.68,2.71,1.57,2.36,2012_55_kuala_lumpur_malaysian_open,2012_55_kuala_lumpur_malaysian_open_2012-09-26_R32_istomin_d_andujar_p
tennis_data_uk,atp,2012,55,Malaysian Open,Kuala Lumpur,2012-09-26,atp_250,False,hard,R32,32,3,Davydenko N.,Singh S.,44,373,930,112,2,0,7,5,6,4,,,,,,,completed,1.08,8.0,1.11,7.74,1.13,9.9,1.09,7.05,2012_55_kuala_lumpur_malaysian_open,2012_55_kuala_lumpur_malaysian_open_2012-09-26_R32_davydenko_n_singh_s
tennis_data_uk,atp,2012,55,Malaysian Open,Kuala Lumpur,2012-09-26,atp_250,False,hard,R32,32,3,Lopez F.,Lacko L.,32,66,1220,688,2,0,6,3,7,6,,,,,,,completed,1.28,3.5,1.36,3.39,1.4,4.33,1.3,3.43,2012_55_kuala_lumpur_malaysian_open,2012_55_kuala_lumpur_malaysian_open_2012-09-26_R32_lopez_f_lacko_l
tennis_data_uk,atp,2012,55,Malaysian Open,Kuala Lumpur,2012-09-26,atp_250,False,hard,R16,16,3,Pospisil V.,Yani M.,122,238,469,198,2,0,6,3,7,5,,,,,,,completed,1.4,2.75,1.48,2.88,1.5,3.25,1.41,2.81,2012_55_kuala_lumpur_malaysian_open,2012_55_kuala_lumpur_malaysian_open_2012-09-26_R16_pospisil_v_yani_m
tennis_data_uk,atp,2012,55,Malaysian Open,Kuala Lumpur,2012-09-26,atp_250,False,hard,R16,16,3,Benneteau J.,Ebden M.,34,64,1075,703,2,0,7,5,6,2,,,,,,,completed,1.28,3.5,1.37,3.39,1.4,4.6,1.32,3.28,2012_55_kuala_lumpur_malaysian_open,2012_55_kuala_lumpur_malaysian_open_2012-09-26_R16_benneteau_j_ebden_m
tennis_data_uk,atp,2012,55,Malaysian Open,Kuala Lumpur,2012-09-27,atp_250,False,hard,R16,16,3,Monaco J.,Wang J.,11,151,2565,346,2,0,6,4,7,5,,,,,,,completed,1.18,4.5,1.23,4.77,1.25,5.35,1.21,4.27,2012_55_kuala_lumpur_malaysian_open,2012_55_kuala_lumpur_malaysian_open_2012-09-27_R16_monaco_j_wang_j
tennis_data_uk,atp,2012,55,Malaysian Open,Kuala Lumpur,2012-09-27,atp_250,False,hard,R16,16,3,Davydenko N.,Istomin D.,44,46,930,902,2,0,7,5,6,4,,,,,,,completed,1.53,2.37,1.64,2.41,1.7,2.52,1.59,2.3,2012_55_kuala_lumpur_malaysian_open,2012_55_kuala_lumpur_malaysian_open_2012-09-27_R16_davydenko_n_istomin_d
tennis_data_uk,atp,2012,55,Malaysian Open,Kuala Lumpur,2012-09-27,atp_250,False,hard,R16,16,3,Sijsling I.,Lopez F.,97,32,562,1220,2,0,7,6,7,6,,,,,,,completed,2.75,1.4,2.93,1.46,3.25,1.52,2.83,1.4,2012_55_kuala_lumpur_malaysian_open,2012_55_kuala_lumpur_malaysian_open_2012-09-27_R16_sijsling_i_lopez_f
tennis_data_uk,atp,2012,55,Malaysian Open,Kuala Lumpur,2012-09-27,atp_250,False,hard,R16,16,3,Falla A.,Dolgopolov O.,61,169,710,384,2,1,6,3,3,6,6,3,,,,,completed,3.75,1.25,3.89,1.3,4.1,1.34,3.66,1.26,2012_55_kuala_lumpur_malaysian_open,2012_55_kuala_lumpur_malaysian_open_2012-09-27_R16_falla_a_dolgopolov_o
tennis_data_uk,atp,2012,55,Malaysian Open,Kuala Lumpur,2012-09-27,atp_250,False,hard,R16,16,3,Nishikori K.,Ramos A.,17,48,1865,890,2,1,6,7,6,2,6,1,,,,,completed,1.22,4.0,1.21,5.08,1.27,6.7,1.21,4.3,2012_55_kuala_lumpur_malaysian_open,2012_55_kuala_lumpur_malaysian_open_2012-09-27_R16_nishikori_k_ramos_a
tennis_data_uk,atp,2012,55,Malaysian Open,Kuala Lumpur,2012-09-27,atp_250,False,hard,R16,16,3,Ferrer D.,Bogomolov A.,5,90,5960,575,2,0,6,4,6,2,,,,,,,completed,1.04,13.0,1.04,15.0,1.07,17.0,1.04,10.74,2012_55_kuala_lumpur_malaysian_open,2012_55_kuala_lumpur_malaysian_open_2012-09-27_R16_ferrer_d_bogomolov_a
tennis_data_uk,atp,2012,55,Malaysian Open,Kuala Lumpur,2012-09-28,atp_250,False,hard,QF,8,3,Monaco J.,Pospisil V.,11,122,2565,469,2,0,6,3,6,4,,,,,,,completed,1.18,4.5,1.23,4.84,1.25,6.0,1.2,4.44,2012_55_kuala_lumpur_malaysian_open,2012_55_kuala_lumpur_malaysian_open_2012-09-28_QF_monaco_j_pospisil_v
tennis_data_uk,atp,2012,55,Malaysian Open,Kuala Lumpur,2012-09-28,atp_250,False,hard,QF,8,3,Nishikori K.,Davydenko N.,17,44,1865,930,1,0,6,4,,,,,,,,,retired,1.53,2.37,1.62,2.47,1.63,2.72,1.56,2.37,2012_55_kuala_lumpur_malaysian_open,2012_55_kuala_lumpur_malaysian_open_2012-09-28_QF_nishikori_k_davydenko_n
tennis_data_uk,atp,2012,55,Malaysian Open,Kuala Lumpur,2012-09-28,atp_250,False,hard,QF,8,3,Benneteau J.,Falla A.,34,61,1075,710,2,0,6,2,6,2,,,,,,,completed,1.28,3.5,1.29,4.05,1.4,4.8,1.29,3.51,2012_55_kuala_lumpur_malaysian_open,2012_55_kuala_lumpur_malaysian_open_2012-09-28_QF_benneteau_j_falla_a
tennis_data_uk,atp,2012,55,Malaysian Open,Kuala Lumpur,2012-09-28,atp_250,False,hard,QF,8,3,Ferrer D.,Sijsling I.,5,97,5960,562,2,1,4,6,6,3,6,4,,,,,completed,1.06,10.0,1.08,10.25,1.1,14.0,1.06,8.55,2012_55_kuala_lumpur_malaysian_open,2012_55_kuala_lumpur_malaysian_open_2012-09-28_QF_ferrer_d_sijsling_i
tennis_data_uk,atp,2012,55,Malaysian Open,Kuala Lumpur,2012-09-29,atp_250,False,hard,SF,4,3,Monaco J.,Nishikori K.,11,17,2565,1865,2,1,6,2,2,6,7,6,,,,,completed,2.2,1.61,2.2,1.77,2.42,1.83,2.11,1.7,2012_55_kuala_lumpur_malaysian_open,2012_55_kuala_lumpur_malaysian_open_2012-09-29_SF_monaco_j_nishikori_k
tennis_data_uk,atp,2012,55,Malaysian Open,Kuala Lumpur,2012-09-29,atp_250,False,hard,SF,4,3,Benneteau J.,Ferrer D.,34,5,1075,5960,2,0,6,4,6,1,,,,,,,completed,4.0,1.22,4.0,1.3,4.8,1.31,3.95,1.24,2012_55_kuala_lumpur_malaysian_open,2012_55_kuala_lumpur_malaysian_open_2012-09-29_SF_benneteau_j_ferrer_d
tennis_data_uk,atp,2012,55,Malaysian Open,Kuala Lumpur,2012-09-30,atp_250,False,hard,F,2,3,Monaco J.,Benneteau J.,11,34,2565,1075,2,1,7,5,4,6,6,3,,,,,completed,2.2,1.66,2.27,1.72,2.27,1.83,2.08,1.72,2012_55_kuala_lumpur_malaysian_open,2012_55_kuala_lumpur_malaysian_open_2012-09-30_F_monaco_j_benneteau_j
tennis_data_uk,atp,2012,56,China Open,Beijing,2012-10-01,atp_500,True,hard,R32,32,3,Copil M.,Cilic M.,221,13,220,2455,2,1,3,6,7,6,6,4,,,,,completed,11.0,1.05,13.39,1.05,15.5,1.07,10.34,1.04,2012_56_beijing_china_open,2012_56_beijing_china_open_2012-10-01_R32_copil_m_cilic_m
tennis_data_uk,atp,2012,56,China Open,Beijing,2012-10-01,atp_500,True,hard,R32,32,3,Zhang Z.,Wu D.,165,176,306,273,2,0,6,4,6,1,,,,,,,completed,2.1,1.66,2.26,1.7,2.35,1.77,2.14,1.67,2012_56_beijing_china_open,2012_56_beijing_china_open_2012-10-01_R32_zhang_z_wu_d
tennis_data_uk,atp,2012,56,China Open,Beijing,2012-10-01,atp_500,True,hard,R32,32,3,Mayer F.,Fognini F.,29,47,1295,895,2,0,6,1,6,2,,,,,,,completed,1.4,2.75,1.52,2.7,1.53,2.92,1.46,2.63,2012_56_beijing_china_open,2012_56_beijing_china_open_2012-10-01_R32_mayer_f_fognini_f
tennis_data_uk,atp,2012,56,China Open,Beijing,2012-10-01,atp_500,True,hard,R32,32,3,Berlocq C.,Matosevic M.,50,58,880,738,2,1,3,6,6,2,6,3,,,,,completed,2.5,1.5,2.35,1.65,2.5,1.73,2.33,1.58,2012_56_beijing_china_open,2012_56_beijing_china_open_2012-10-01_R32_berlocq_c_matosevic_m
tennis_data_uk,atp,2012,56,China Open,Beijing,2012-10-01,atp_500,True,hard,R32,32,3,Dolgopolov O.,Garcia-Lopez G.,20,63,1745,706,2,0,6,0,6,4,,,,,,,completed,1.36,3.0,1.39,3.24,1.45,3.5,1.39,2.87,2012_56_beijing_china_open,2012_56_beijing_china_open_2012-10-01_R32_dolgopolov_o_garcia_lopez_g
tennis_data_uk,atp,2012,56,China Open,Beijing,2012-10-01,atp_500,True,hard,R32,32,3,Querrey S.,Verdasco F.,26,23,1440,1525,2,1,5,7,6,3,6,4,,,,,completed,1.66,2.1,1.76,2.16,1.8,2.3,1.72,2.07,2012_56_beijing_china_open,2012_56_beijing_china_open_2012-10-01_R32_querrey_s_verdasco_f
tennis_data_uk,atp,2012,56,China Open,Beijing,2012-10-01,atp_500,True,hard,R32,32,3,Anderson K.,Baker B.,36,62,1030,707,2,1,5,7,6,3,6,1,,,,,completed,1.44,2.62,1.5,2.76,1.55,3.5,1.49,2.57,2012_56_beijing_china_open,2012_56_beijing_china_open_2012-10-01_R32_anderson_k_baker_b
tennis_data_uk,atp,2012,56,China Open,Beijing,2012-10-02,atp_500,True,hard,R32,32,3,Youzhny M.,Haas T.,28,21,1335,1553,2,1,6,4,4,6,6,2,,,,,completed,2.2,1.61,2.25,1.71,2.4,1.71,2.2,1.64,2012_56_beijing_china_open,2012_56_beijing_china_open_2012-10-02_R32_youzhny_m_haas_t
tennis_data_uk,atp,2012,56,China Open,Beijing,2012-10-02,atp_500,True,hard,R32,32,3,Melzer J.,Andujar P.,37,41,997,950,2,1,6,1,4,6,7,6,,,,,completed,1.83,1.83,2.05,1.85,2.06,2.0,1.89,1.86,2012_56_beijing_china_open,2012_56_beijing_china_open_2012-10-02_R32_melzer_j_andujar_p
tennis_data_uk,atp,2012,56,China Open,Beijing,2012-10-02,atp_500,True,hard,R32,32,3,Davydenko N.,Bogomolov A.,43,92,930,575,2,0,7,5,6,1,,,,,,,completed,1.53,2.37,1.56,2.59,1.64,2.95,1.53,2.45,2012_56_beijing_china_open,2012_56_beijing_china_open_2012-10-02_R32_davydenko_n_bogomolov_a
tennis_data_uk,atp,2012,56,China Open,Beijing,2012-10-02,atp_500,True,hard,R32,32,3,Seppi A.,Benneteau J.,25,33,1495,1205,1,0,6,1,2,0,,,,,,,retired,1.57,2.25,1.69,2.29,1.71,2.6,1.64,2.2,2012_56_beijing_china_open,2012_56_beijing_china_open_2012-10-02_R32_seppi_a_benneteau_j
tennis_data_uk,atp,2012,56,China Open,Beijing,2012-10-02,atp_500,True,hard,R32,32,3,Tsonga J.W.,Istomin D.,7,45,4520,902,2,1,4,6,6,1,7,6,,,,,completed,1.11,6.5,1.12,6.85,1.17,7.0,1.12,5.94,2012_56_beijing_china_open,2012_56_beijing_china_open_2012-10-02_R32_tsonga_j_w_istomin_d
tennis_data_uk,atp,2012,56,China Open,Beijing,2012-10-02,atp_500,True,hard,R32,32,3,Djokovic N.,Berrer M.,2,123,10470,466,2,1,6,1,6,7,6,2,,,,,completed,1.01,26.0,1.01,51.0,1.02,56.0,1.01,21.41,2012_56_beijing_china_open,2012_56_beijing_china_open_2012-10-02_R32_djokovic_n_berrer_m
tennis_data_uk,atp,2012,56,China Open,Beijing,2012-10-02,atp_500,True,hard,R32,32,3,Gasquet R.,Ebden M.,14,61,2370,723,2,0,6,2,6,4,,,,,,,completed,1.16,5.0,1.21,5.0,1.21,5.45,1.18,4.76,2012_56_beijing_china_open,2012_56_beijing_china_open_2012-10-02_R32_gasquet_r_ebden_m
tennis_data_uk,atp,2012,56,China Open,Beijing,2012-10-02,atp_500,True,hard,R32,32,3,Lopez F.,Harrison R.,30,54,1220,785,2,1,7,6,5,7,6,2,,,,,completed,1.61,2.2,1.63,2.42,1.67,2.45,1.59,2.31,2012_56_beijing_china_open,2012_56_beijing_china_open_2012-10-02_R32_lopez_f_harrison_r
tennis_data_uk,atp,2012,56,China Open,Beijing,2012-10-02,atp_500,True,hard,R32,32,3,Lu Y.H.,Ferrer D.,64,5,694,5960,0,0,5,4,,,,,,,,,retired,7.0,1.1,5.85,1.17,7.0,1.18,5.94,1.12,2012_56_beijing_china_open,2012_56_beijing_china_open_2012-10-02_R32_lu_y_h_ferrer_d
tennis_data_uk,atp,2012,56,China Open,Beijing,2012-10-03,atp_500,True,hard,R16,16,3,Melzer J.,Dolgopolov O.,37,20,997,1745,2,1,7,6,2,6,6,1,,,,,completed,3.25,1.33,3.35,1.38,3.65,1.4,3.2,1.34,2012_56_beijing_china_open,2012_56_beijing_china_open_2012-10-03_R16_melzer_j_dolgopolov_o
tennis_data_uk,atp,2012,56,China Open,Beijing,2012-10-03,atp_500,True,hard,R16,16,3,Mayer F.,Copil M.,29,221,1295,220,2,1,3,6,6,3,6,2,,,,,completed,1.18,4.5,1.23,4.69,1.23,5.0,1.19,4.43,2012_56_beijing_china_open,2012_56_beijing_china_open_2012-10-03_R16_mayer_f_copil_m
tennis_data_uk,atp,2012,56,China Open,Beijing,2012-10-03,atp_500,True,hard,R16,16,3,Djokovic N.,Berlocq C.,2,50,10470,880,2,0,6,1,6,3,,,,,,,completed,1.01,26.0,1.01,46.0,1.02,48.5,1.01,20.33,2012_56_beijing_china_open,2012_56_beijing_china_open_2012-10-03_R16_djokovic_n_berlocq_c
tennis_data_uk,atp,2012,56,China Open,Beijing,2012-10-03,atp_500,True,hard,R16,16,3,Tsonga J.W.,Davydenko N.,7,43,4520,930,,,,,,,,,,,,,walkover,1.2,4.33,1.26,4.29,1.27,4.29,1.24,3.84,2012_56_beijing_china_open,2012_56_beijing_china_open_2012-10-03_R16_tsonga_j_w_davydenko_n
tennis_data_uk,atp,2012,56,China Open,Beijing,2012-10-04,atp_500,True,hard,R16,16,3,Youzhny M.,Anderson K.,28,36,1335,1030,2,0,6,3,6,3,,,,,,,completed,1.5,2.5,1.61,2.47,1.69,2.64,1.55,2.39,2012_56_beijing_china_open,2012_56_beijing_china_open_2012-10-04_R16_youzhny_m_anderson_k
tennis_data_uk,atp,2012,56,China Open,Beijing,2012-10-04,atp_500,True,hard,R16,16,3,Zhang Z.,Gasquet R.,165,14,306,2370,2,1,6,4,3,6,6,4,,,,,completed,13.0,1.04,13.0,1.05,13.25,1.08,9.86,1.05,2012_56_beijing_china_open,2012_56_beijing_china_open_2012-10-04_R16_zhang_z_gasquet_r
tennis_data_uk,atp,2012,56,China Open,Beijing,2012-10-04,atp_500,True,hard,R16,16,3,Lopez F.,Lu Y.H.,30,64,1220,694,2,0,6,3,7,6,,,,,,,completed,1.4,2.75,1.5,2.8,1.51,3.0,1.43,2.73,2012_56_beijing_china_open,2012_56_beijing_china_open_2012-10-04_R16_lopez_f_lu_y_h
tennis_data_uk,atp,2012,56,China Open,Beijing,2012-10-04,atp_500,True,hard,R16,16,3,Querrey S.,Seppi A.,26,25,1440,1495,2,0,6,1,6,4,,,,,,,completed,1.57,2.25,1.68,2.34,1.68,2.45,1.62,2.24,2012_56_beijing_china_open,2012_56_beijing_china_open_2012-10-04_R16_querrey_s_seppi_a
tennis_data_uk,atp,2012,56,China Open,Beijing,2012-10-05,atp_500,True,hard,QF,8,3,Mayer F.,Zhang Z.,29,165,1295,306,2,0,6,3,6,4,,,,,,,completed,1.22,4.0,1.19,5.58,1.26,5.58,1.22,4.21,2012_56_beijing_china_open,2012_56_beijing_china_open_2012-10-05_QF_mayer_f_zhang_z
tennis_data_uk,atp,2012,56,China Open,Beijing,2012-10-05,atp_500,True,hard,QF,8,3,Tsonga J.W.,Youzhny M.,7,28,4520,1335,2,0,6,3,6,2,,,,,,,completed,1.33,3.25,1.44,3.06,1.44,3.5,1.36,3.09,2012_56_beijing_china_open,2012_56_beijing_china_open_2012-10-05_QF_tsonga_j_w_youzhny_m
tennis_data_uk,atp,2012,56,China Open,Beijing,2012-10-05,atp_500,True,hard,QF,8,3,Lopez F.,Querrey S.,30,26,1220,1440,2,1,4,6,6,4,6,4,,,,,completed,2.87,1.38,2.85,1.5,3.0,1.52,2.74,1.43,2012_56_beijing_china_open,2012_56_beijing_china_open_2012-10-05_QF_lopez_f_querrey_s
tennis_data_uk,atp,2012,56,China Open,Beijing,2012-10-05,atp_500,True,hard,QF,8,3,Djokovic N.,Melzer J.,2,37,10470,997,2,0,6,1,6,2,,,,,,,completed,1.02,17.0,1.04,17.0,1.05,22.0,1.03,13.44,2012_56_beijing_china_open,2012_56_beijing_china_open_2012-10-05_QF_djokovic_n_melzer_j
tennis_data_uk,atp,2012,56,China Open,Beijing,2012-10-06,atp_500,True,hard,SF,4,3,Tsonga J.W.,Lopez F.,7,30,4520,1220,1,0,6,1,4,1,,,,,,,retired,1.16,5.0,1.23,4.8,1.25,5.6,1.2,4.49,2012_56_beijing_china_open,2012_56_beijing_china_open_2012-10-06_SF_tsonga_j_w_lopez_f
tennis_data_uk,atp,2012,56,China Open,Beijing,2012-10-06,atp_500,True,hard,SF,4,3,Djokovic N.,Mayer F.,2,29,10470,1295,2,0,6,1,6,4,,,,,,,completed,1.02,17.0,1.03,19.0,1.04,24.0,1.03,13.26,2012_56_beijing_china_open,2012_56_beijing_china_open_2012-10-06_SF_djokovic_n_mayer_f
tennis_data_uk,atp,2012,56,China Open,Beijing,2012-10-07,atp_500,True,hard,F,2,3,Djokovic N.,Tsonga J.W.,2,7,10470,4520,2,0,7,6,6,2,,,,,,,completed,1.18,4.5,1.19,5.53,1.22,6.3,1.19,4.6,2012_56_beijing_china_open,2012_56_beijing_china_open_2012-10-07_F_djokovic_n_tsonga_j_w
tennis_data_uk,atp,2012,57,Rakuten Japan Open Tennis Championships,Tokyo,2012-10-01,atp_500,True,hard,R32,32,3,Lacko L.,Ramos A.,65,49,688,890,2,0,6,0,6,2,,,,,,,completed,2.5,1.5,2.4,1.63,2.54,1.63,2.41,1.54,2012_57_tokyo_rakuten_japan_open_tennis_championships,2012_57_tokyo_rakuten_japan_open_tennis_championships_2012-10-01_R32_lacko_l_ramos_a
tennis_data_uk,atp,2012,57,Rakuten Japan Open Tennis Championships,Tokyo,2012-10-01,atp_500,True,hard,R32,32,3,Berdych T.,Paire B.,6,52,4965,803,2,0,6,1,7,6,,,,,,,completed,1.08,8.0,1.08,9.94,1.1,12.0,1.08,7.53,2012_57_tokyo_rakuten_japan_open_tennis_championships,2012_57_tokyo_rakuten_japan_open_tennis_championships_2012-10-01_R32_berdych_t_paire_b
tennis_data_uk,atp,2012,57,Rakuten Japan Open Tennis Championships,Tokyo,2012-10-01,atp_500,True,hard,R32,32,3,Wawrinka S.,Moriya H.,16,184,1865,266,2,1,7,5,4,6,6,4,,,,,completed,1.08,8.0,1.09,8.8,1.1,11.0,1.08,7.71,2012_57_tokyo_rakuten_japan_open_tennis_championships,2012_57_tokyo_rakuten_japan_open_tennis_championships_2012-10-01_R32_wawrinka_s_moriya_h
tennis_data_uk,atp,2012,57,Rakuten Japan Open Tennis Championships,Tokyo,2012-10-01,atp_500,True,hard,R32,32,3,Troicki V.,Haase R.,32,51,1205,830,2,0,6,2,6,3,,,,,,,completed,1.44,2.62,1.54,2.63,1.55,2.75,1.5,2.54,2012_57_tokyo_rakuten_japan_open_tennis_championships,2012_57_tokyo_rakuten_japan_open_tennis_championships_2012-10-01_R32_troicki_v_haase_r
tennis_data_uk,atp,2012,57,Rakuten Japan Open Tennis Championships,Tokyo,2012-10-02,atp_500,True,hard,R32,32,3,Robredo T.,Nieminen J.,125,35,450,1037,2,0,6,2,6,4,,,,,,,completed,2.62,1.44,2.93,1.45,3.15,1.58,2.62,1.47,2012_57_tokyo_rakuten_japan_open_tennis_championships,2012_57_tokyo_rakuten_japan_open_tennis_championships_2012-10-02_R32_robredo_t_nieminen_j
tennis_data_uk,atp,2012,57,Rakuten Japan Open Tennis Championships,Tokyo,2012-10-02,atp_500,True,hard,R32,32,3,Raonic M.,Stepanek R.,15,38,2090,985,2,0,6,4,6,4,,,,,,,completed,1.22,4.0,1.36,3.42,1.36,4.15,1.28,3.6,2012_57_tokyo_rakuten_japan_open_tennis_championships,2012_57_tokyo_rakuten_japan_open_tennis_championships_2012-10-02_R32_raonic_m_stepanek_r
tennis_data_uk,atp,2012,57,Rakuten Japan Open Tennis Championships,Tokyo,2012-10-02,atp_500,True,hard,R32,32,3,Chardy J.,Sugita Y.,31,139,1210,393,2,0,6,1,7,5,,,,,,,completed,1.22,4.0,1.3,3.88,1.3,4.13,1.26,3.76,2012_57_tokyo_rakuten_japan_open_tennis_championships,2012_57_tokyo_rakuten_japan_open_tennis_championships_2012-10-02_R32_chardy_j_sugita_y
tennis_data_uk,atp,2012,57,Rakuten Japan Open Tennis Championships,Tokyo,2012-10-02,atp_500,True,hard,R32,32,3,Nishikori K.,Soeda G.,17,55,1865,759,2,1,4,6,6,2,6,3,,,,,completed,1.22,4.0,1.27,4.13,1.32,4.5,1.24,3.9,2012_57_tokyo_rakuten_japan_open_tennis_championships,2012_57_tokyo_rakuten_japan_open_tennis_championships_2012-10-02_R32_nishikori_k_soeda_g
tennis_data_uk,atp,2012,57,Rakuten Japan Open Tennis Championships,Tokyo,2012-10-02,atp_500,True,hard,R32,32,3,Tursunov D.,Tomic B.,117,39,499,975,2,0,6,4,7,5,,,,,,,completed,2.25,1.57,2.42,1.62,2.61,1.63,2.4,1.55,2012_57_tokyo_rakuten_japan_open_tennis_championships,2012_57_tokyo_rakuten_japan_open_tennis_championships_2012-10-02_R32_tursunov_d_tomic_b
tennis_data_uk,atp,2012,57,Rakuten Japan Open Tennis Championships,Tokyo,2012-10-02,atp_500,True,hard,R32,32,3,Falla A.,Bellucci T.,57,40,755,967,2,0,7,5,6,2,,,,,,,completed,3.0,1.36,3.49,1.35,3.49,1.5,2.95,1.38,2012_57_tokyo_rakuten_japan_open_tennis_championships,2012_57_tokyo_rakuten_japan_open_tennis_championships_2012-10-02_R32_falla_a_bellucci_t
tennis_data_uk,atp,2012,57,Rakuten Japan Open Tennis Championships,Tokyo,2012-10-02,atp_500,True,hard,R32,32,3,Murray A.,Karlovic I.,3,79,8410,636,2,0,7,6,6,4,,,,,,,completed,1.08,8.0,1.07,10.43,1.1,10.5,1.07,8.19,2012_57_tokyo_rakuten_japan_open_tennis_championships,2012_57_tokyo_rakuten_japan_open_tennis_championships_2012-10-02_R32_murray_a_karlovic_i
tennis_data_uk,atp,2012,57,Rakuten Japan Open Tennis Championships,Tokyo,2012-10-02,atp_500,True,hard,R32,32,3,Baghdatis M.,Stakhovsky S.,46,95,900,563,2,0,7,6,7,5,,,,,,,completed,1.5,2.5,1.61,2.45,1.65,2.62,1.55,2.4,2012_57_tokyo_rakuten_japan_open_tennis_championships,2012_57_tokyo_rakuten_japan_open_tennis_championships_2012-10-02_R32_baghdatis_m_stakhovsky_s
tennis_data_uk,atp,2012,57,Rakuten Japan Open Tennis Championships,Tokyo,2012-10-02,atp_500,True,hard,R32,32,3,Ito T.,Almagro N.,66,12,684,2515,2,0,7,6,7,6,,,,,,,completed,6.0,1.12,6.12,1.16,7.5,1.17,5.7,1.13,2012_57_tokyo_rakuten_japan_open_tennis_championships,2012_57_tokyo_rakuten_japan_open_tennis_championships_2012-10-02_R32_ito_t_almagro_n
tennis_data_uk,atp,2012,57,Rakuten Japan Open Tennis Championships,Tokyo,2012-10-02,atp_500,True,hard,R32,32,3,Chiudinelli M.,Klizan M.,143,34,383,1148,2,0,7,6,6,2,,,,,,,completed,3.4,1.3,3.5,1.34,3.65,1.36,3.35,1.31,2012_57_tokyo_rakuten_japan_open_tennis_championships,2012_57_tokyo_rakuten_japan_open_tennis_championships_2012-10-02_R32_chiudinelli_m_klizan_m
tennis_data_uk,atp,2012,57,Rakuten Japan Open Tennis Championships,Tokyo,2012-10-03,atp_500,True,hard,R32,32,3,Monaco J.,Dimitrov G.,10,60,2775,731,2,0,6,2,6,1,,,,,,,completed,1.66,2.1,1.64,2.37,1.85,2.4,1.63,2.24,2012_57_tokyo_rakuten_japan_open_tennis_championships,2012_57_tokyo_rakuten_japan_open_tennis_championships_2012-10-03_R32_monaco_j_dimitrov_g
tennis_data_uk,atp,2012,57,Rakuten Japan Open Tennis Championships,Tokyo,2012-10-03,atp_500,True,hard,R32,32,3,Tipsarevic J.,Simon G.,9,18,3185,1860,2,1,4,6,6,3,6,1,,,,,completed,1.44,2.62,1.53,2.65,1.67,2.72,1.53,2.45,2012_57_tokyo_rakuten_japan_open_tennis_championships,2012_57_tokyo_rakuten_japan_open_tennis_championships_2012-10-03_R32_tipsarevic_j_simon_g
tennis_data_uk,atp,2012,57,Rakuten Japan Open Tennis Championships,Tokyo,2012-10-03,atp_500,True,hard,R16,16,3,Wawrinka S.,Chardy J.,16,31,1865,1210,2,1,7,6,6,7,7,5,,,,,completed,1.36,3.0,1.38,3.33,1.44,3.33,1.37,3.02,2012_57_tokyo_rakuten_japan_open_tennis_championships,2012_57_tokyo_rakuten_japan_open_tennis_championships_2012-10-03_R16_wawrinka_s_chardy_j
tennis_data_uk,atp,2012,57,Rakuten Japan Open Tennis Championships,Tokyo,2012-10-03,atp_500,True,hard,R16,16,3,Murray A.,Lacko L.,3,65,8410,688,2,0,6,1,6,2,,,,,,,completed,1.03,15.0,1.03,17.5,1.05,17.5,1.03,12.09,2012_57_tokyo_rakuten_japan_open_tennis_championships,2012_57_tokyo_rakuten_japan_open_tennis_championships_2012-10-03_R16_murray_a_lacko_l
tennis_data_uk,atp,2012,57,Rakuten Japan Open Tennis Championships,Tokyo,2012-10-04,atp_500,True,hard,R16,16,3,Tipsarevic J.,Chiudinelli M.,9,143,3185,383,2,0,6,4,6,2,,,,,,,completed,1.11,6.5,1.13,7.14,1.13,7.14,1.11,6.23,2012_57_tokyo_rakuten_japan_open_tennis_championships,2012_57_tokyo_rakuten_japan_open_tennis_championships_2012-10-04_R16_tipsarevic_j_chiudinelli_m
tennis_data_uk,atp,2012,57,Rakuten Japan Open Tennis Championships,Tokyo,2012-10-04,atp_500,True,hard,R16,16,3,Raonic M.,Troicki V.,15,32,2090,1205,0,0,3,0,,,,,,,,,retired,1.28,3.5,1.34,3.56,1.34,4.0,1.28,3.56,2012_57_tokyo_rakuten_japan_open_tennis_championships,2012_57_tokyo_rakuten_japan_open_tennis_championships_2012-10-04_R16_raonic_m_troicki_v
tennis_data_uk,atp,2012,57,Rakuten Japan Open Tennis Championships,Tokyo,2012-10-04,atp_500,True,hard,R16,16,3,Berdych T.,Falla A.,6,57,4965,755,2,0,6,3,7,5,,,,,,,completed,1.08,8.0,1.08,9.65,1.11,10.5,1.08,7.69,2012_57_tokyo_rakuten_japan_open_tennis_championships,2012_57_tokyo_rakuten_japan_open_tennis_championships_2012-10-04_R16_berdych_t_falla_a
tennis_data_uk,atp,2012,57,Rakuten Japan Open Tennis Championships,Tokyo,2012-10-04,atp_500,True,hard,R16,16,3,Baghdatis M.,Monaco J.,46,10,900,2775,2,1,7,5,1,6,6,3,,,,,completed,2.5,1.5,2.62,1.56,2.82,1.57,2.51,1.51,2012_57_tokyo_rakuten_japan_open_tennis_championships,2012_57_tokyo_rakuten_japan_open_tennis_championships_2012-10-04_R16_baghdatis_m_monaco_j
tennis_data_uk,atp,2012,57,Rakuten Japan Open Tennis Championships,Tokyo,2012-10-04,atp_500,True,hard,R16,16,3,Nishikori K.,Robredo T.,17,125,1865,450,2,1,5,7,6,1,6,0,,,,,completed,1.22,4.0,1.27,4.18,1.3,4.18,1.27,3.66,2012_57_tokyo_rakuten_japan_open_tennis_championships,2012_57_tokyo_rakuten_japan_open_tennis_championships_2012-10-04_R16_nishikori_k_robredo_t
tennis_data_uk,atp,2012,57,Rakuten Japan Open Tennis Championships,Tokyo,2012-10-04,atp_500,True,hard,R16,16,3,Tursunov D.,Ito T.,117,66,499,684,2,0,7,5,6,3,,,,,,,completed,1.36,3.0,1.43,3.05,1.5,3.05,1.42,2.77,2012_57_tokyo_rakuten_japan_open_tennis_championships,2012_57_tokyo_rakuten_japan_open_tennis_championships_2012-10-04_R16_tursunov_d_ito_t
tennis_data_uk,atp,2012,57,Rakuten Japan Open Tennis Championships,Tokyo,2012-10-05,atp_500,True,hard,QF,8,3,Raonic M.,Tipsarevic J.,15,9,2090,3185,2,1,6,7,6,2,7,6,,,,,completed,1.66,2.1,1.79,2.17,1.98,2.2,1.75,2.03,2012_57_tokyo_rakuten_japan_open_tennis_championships,2012_57_tokyo_rakuten_japan_open_tennis_championships_2012-10-05_QF_raonic_m_tipsarevic_j
tennis_data_uk,atp,2012,57,Rakuten Japan Open Tennis Championships,Tokyo,2012-10-05,atp_500,True,hard,QF,8,3,Murray A.,Wawrinka S.,3,16,8410,1865,2,1,6,2,3,6,6,2,,,,,completed,1.12,6.0,1.15,6.54,1.18,6.8,1.12,6.1,2012_57_tokyo_rakuten_japan_open_tennis_championships,2012_57_tokyo_rakuten_japan_open_tennis_championships_2012-10-05_QF_murray_a_wawrinka_s
tennis_data_uk,atp,2012,57,Rakuten Japan Open Tennis Championships,Tokyo,2012-10-05,atp_500,True,hard,QF,8,3,Baghdatis M.,Tursunov D.,46,117,900,499,2,0,6,2,6,4,,,,,,,completed,1.4,2.75,1.49,2.88,1.55,3.1,1.45,2.69,2012_57_tokyo_rakuten_japan_open_tennis_championships,2012_57_tokyo_rakuten_japan_open_tennis_championships_2012-10-05_QF_baghdatis_m_tursunov_d
tennis_data_uk,atp,2012,57,Rakuten Japan Open Tennis Championships,Tokyo,2012-10-05,atp_500,True,hard,QF,8,3,Nishikori K.,Berdych T.,17,6,1865,4965,2,0,7,5,6,4,,,,,,,completed,3.25,1.33,3.28,1.4,3.3,1.45,3.08,1.36,2012_57_tokyo_rakuten_japan_open_tennis_championships,2012_57_tokyo_rakuten_japan_open_tennis_championships_2012-10-05_QF_nishikori_k_berdych_t
tennis_data_uk,atp,2012,57,Rakuten Japan Open Tennis Championships,Tokyo,2012-10-06,atp_500,True,hard,SF,4,3,Raonic M.,Murray A.,15,3,2090,8410,2,1,6,3,6,7,7,6,,,,,completed,4.0,1.22,4.15,1.28,4.95,1.55,3.83,1.26,2012_57_tokyo_rakuten_japan_open_tennis_championships,2012_57_tokyo_rakuten_japan_open_tennis_championships_2012-10-06_SF_raonic_m_murray_a
tennis_data_uk,atp,2012,57,Rakuten Japan Open Tennis Championships,Tokyo,2012-10-06,atp_500,True,hard,SF,4,3,Nishikori K.,Baghdatis M.,17,46,1865,900,2,0,6,2,6,2,,,,,,,completed,1.5,2.5,1.59,2.56,1.61,2.75,1.53,2.46,2012_57_tokyo_rakuten_japan_open_tennis_championships,2012_57_tokyo_rakuten_japan_open_tennis_championships_2012-10-06_SF_nishikori_k_baghdatis_m
tennis_data_uk,atp,2012,57,Rakuten Japan Open Tennis Championships,Tokyo,2012-10-07,atp_500,True,hard,F,2,3,Nishikori K.,Raonic M.,17,15,1865,2090,2,1,7,6,3,6,6,0,,,,,completed,2.37,1.57,2.63,1.56,2.68,1.62,2.4,1.56,2012_57_tokyo_rakuten_japan_open_tennis_championships,2012_57_tokyo_rakuten_japan_open_tennis_championships_2012-10-07_F_nishikori_k_raonic_m
tennis_data_uk,atp,2012,58,Shanghai Masters,Shanghai,2012-10-07,masters_1000,True,hard,R64,64,3,Verdasco F.,Soeda G.,23,55,1480,759,2,0,6,2,6,4,,,,,,,completed,1.28,3.5,1.32,3.75,1.35,3.95,1.3,3.43,2012_58_shanghai_shanghai_masters,2012_58_shanghai_shanghai_masters_2012-10-07_R64_verdasco_f_soeda_g
tennis_data_uk,atp,2012,58,Shanghai Masters,Shanghai,2012-10-07,masters_1000,True,hard,R64,64,3,Kohlschreiber P.,Harrison R.,19,54,1855,770,2,0,6,4,6,4,,,,,,,completed,1.36,3.0,1.5,2.8,1.5,3.15,1.43,2.74,2012_58_shanghai_shanghai_masters,2012_58_shanghai_shanghai_masters_2012-10-07_R64_kohlschreiber_p_harrison_r
tennis_data_uk,atp,2012,58,Shanghai Masters,Shanghai,2012-10-07,masters_1000,True,hard,R64,64,3,Klizan M.,Bellucci T.,34,39,1148,967,2,0,6,3,6,4,,,,,,,completed,1.72,2.0,1.75,2.2,1.83,2.22,1.75,2.03,2012_58_shanghai_shanghai_masters,2012_58_shanghai_shanghai_masters_2012-10-07_R64_klizan_m_bellucci_t
tennis_data_uk,atp,2012,58,Shanghai Masters,Shanghai,2012-10-08,masters_1000,True,hard,R64,64,3,Paire B.,Petzschner P.,52,100,803,544,2,0,7,6,6,4,,,,,,,completed,1.66,2.1,1.72,2.26,1.77,2.35,1.67,2.15,2012_58_shanghai_shanghai_masters,2012_58_shanghai_shanghai_masters_2012-10-08_R64_paire_b_petzschner_p
tennis_data_uk,atp,2012,58,Shanghai Masters,Shanghai,2012-10-08,masters_1000,True,hard,R64,64,3,Dimitrov G.,Andujar P.,56,40,751,950,2,0,7,5,6,3,,,,,,,completed,1.3,3.4,1.39,3.29,1.39,3.45,1.34,3.18,2012_58_shanghai_shanghai_masters,2012_58_shanghai_shanghai_masters_2012-10-08_R64_dimitrov_g_andujar_p
tennis_data_uk,atp,2012,58,Shanghai Masters,Shanghai,2012-10-08,masters_1000,True,hard,R64,64,3,Querrey S.,Li Z.,22,380,1530,109,2,0,6,3,6,1,,,,,,,completed,1.03,15.0,1.02,22.73,1.04,22.73,1.02,13.24,2012_58_shanghai_shanghai_masters,2012_58_shanghai_shanghai_masters_2012-10-08_R64_querrey_s_li_z
tennis_data_uk,atp,2012,58,Shanghai Masters,Shanghai,2012-10-08,masters_1000,True,hard,R64,64,3,Robredo T.,Bogomolov A.,116,94,495,565,2,0,7,6,6,4,,,,,,,completed,1.57,2.25,1.77,2.18,1.77,2.4,1.66,2.17,2012_58_shanghai_shanghai_masters,2012_58_shanghai_shanghai_masters_2012-10-08_R64_robredo_t_bogomolov_a
tennis_data_uk,atp,2012,58,Shanghai Masters,Shanghai,2012-10-08,masters_1000,True,hard,R64,64,3,Cilic M.,Kubot L.,16,72,2200,650,2,0,7,5,6,3,,,,,,,completed,1.16,5.0,1.2,5.27,1.23,5.8,1.19,4.59,2012_58_shanghai_shanghai_masters,2012_58_shanghai_shanghai_masters_2012-10-08_R64_cilic_m_kubot_l
tennis_data_uk,atp,2012,58,Shanghai Masters,Shanghai,2012-10-08,masters_1000,True,hard,R64,64,3,Anderson K.,Nieminen J.,38,37,985,1037,2,0,6,2,7,6,,,,,,,completed,1.53,2.37,1.54,2.66,1.75,2.66,1.58,2.31,2012_58_shanghai_shanghai_masters,2012_58_shanghai_shanghai_masters_2012-10-08_R64_anderson_k_nieminen_j
tennis_data_uk,atp,2012,58,Shanghai Masters,Shanghai,2012-10-08,masters_1000,True,hard,R64,64,3,Seppi A.,Berrer M.,26,119,1415,476,2,0,6,2,7,6,,,,,,,completed,1.36,3.0,1.4,3.23,1.55,3.55,1.4,2.85,2012_58_shanghai_shanghai_masters,2012_58_shanghai_shanghai_masters_2012-10-08_R64_seppi_a_berrer_m
tennis_data_uk,atp,2012,58,Shanghai Masters,Shanghai,2012-10-08,masters_1000,True,hard,R64,64,3,Gasquet R.,Baker B.,13,61,2370,727,2,0,6,2,6,3,,,,,,,completed,1.18,4.5,1.19,5.54,1.25,5.54,1.2,4.44,2012_58_shanghai_shanghai_masters,2012_58_shanghai_shanghai_masters_2012-10-08_R64_gasquet_r_baker_b
tennis_data_uk,atp,2012,58,Shanghai Masters,Shanghai,2012-10-08,masters_1000,True,hard,R64,64,3,Dolgopolov O.,Chardy J.,20,31,1770,1223,2,0,6,3,6,2,,,,,,,completed,1.57,2.25,1.66,2.37,1.69,2.6,1.58,2.32,2012_58_shanghai_shanghai_masters,2012_58_shanghai_shanghai_masters_2012-10-08_R64_dolgopolov_o_chardy_j
tennis_data_uk,atp,2012,58,Shanghai Masters,Shanghai,2012-10-08,masters_1000,True,hard,R64,64,3,Haas T.,Almagro N.,21,11,1553,2515,2,1,4,6,7,6,6,2,,,,,completed,2.0,1.72,1.99,1.92,2.35,1.95,1.94,1.81,2012_58_shanghai_shanghai_masters,2012_58_shanghai_shanghai_masters_2012-10-08_R64_haas_t_almagro_n
tennis_data_uk,atp,2012,58,Shanghai Masters,Shanghai,2012-10-09,masters_1000,True,hard,R64,64,3,Wawrinka S.,Ramos A.,17,46,1955,890,2,0,7,6,7,6,,,,,,,completed,1.12,6.0,1.13,7.04,1.17,7.75,1.12,6.01,2012_58_shanghai_shanghai_masters,2012_58_shanghai_shanghai_masters_2012-10-09_R64_wawrinka_s_ramos_a
tennis_data_uk,atp,2012,58,Shanghai Masters,Shanghai,2012-10-09,masters_1000,True,hard,R64,64,3,Mayer F.,Tomic B.,25,43,1430,905,2,0,6,4,6,0,,,,,,,completed,1.4,2.75,1.46,2.93,1.55,2.95,1.46,2.64,2012_58_shanghai_shanghai_masters,2012_58_shanghai_shanghai_masters_2012-10-09_R64_mayer_f_tomic_b
tennis_data_uk,atp,2012,58,Shanghai Masters,Shanghai,2012-10-09,masters_1000,True,hard,R64,64,3,Istomin D.,Berlocq C.,44,49,902,835,2,1,4,6,6,2,6,1,,,,,completed,1.3,3.4,1.42,3.14,1.42,3.75,1.34,3.17,2012_58_shanghai_shanghai_masters,2012_58_shanghai_shanghai_masters_2012-10-09_R64_istomin_d_berlocq_c
tennis_data_uk,atp,2012,58,Shanghai Masters,Shanghai,2012-10-09,masters_1000,True,hard,R64,64,3,Nishikori K.,Wu D.,15,179,2315,273,2,0,6,2,6,4,,,,,,,completed,1.05,11.0,1.04,14.5,1.06,15.0,1.04,10.79,2012_58_shanghai_shanghai_masters,2012_58_shanghai_shanghai_masters_2012-10-09_R64_nishikori_k_wu_d
tennis_data_uk,atp,2012,58,Shanghai Masters,Shanghai,2012-10-09,masters_1000,True,hard,R64,64,3,Troicki V.,Youzhny M.,32,30,1210,1335,2,1,6,3,2,6,6,4,,,,,completed,3.0,1.36,3.1,1.43,3.3,1.44,2.97,1.38,2012_58_shanghai_shanghai_masters,2012_58_shanghai_shanghai_masters_2012-10-09_R64_troicki_v_youzhny_m
tennis_data_uk,atp,2012,58,Shanghai Masters,Shanghai,2012-10-09,masters_1000,True,hard,R64,64,3,Lopez F.,Falla A.,29,53,1355,775,2,1,6,3,1,6,6,3,,,,,completed,1.5,2.5,1.44,3.05,1.55,3.05,1.47,2.63,2012_58_shanghai_shanghai_masters,2012_58_shanghai_shanghai_masters_2012-10-09_R64_lopez_f_falla_a
tennis_data_uk,atp,2012,58,Shanghai Masters,Shanghai,2012-10-09,masters_1000,True,hard,R64,64,3,Simon G.,Melzer J.,18,35,1860,1067,2,0,6,4,6,2,,,,,,,completed,1.22,4.0,1.27,4.25,1.32,4.6,1.26,3.78,2012_58_shanghai_shanghai_masters,2012_58_shanghai_shanghai_masters_2012-10-09_R64_simon_g_melzer_j
tennis_data_uk,atp,2012,58,Shanghai Masters,Shanghai,2012-10-09,masters_1000,True,hard,R64,64,3,Raonic M.,Matosevic M.,14,60,2335,728,2,0,7,6,6,3,,,,,,,completed,1.12,6.0,1.17,5.94,1.17,6.0,1.15,5.22,2012_58_shanghai_shanghai_masters,2012_58_shanghai_shanghai_masters_2012-10-09_R64_raonic_m_matosevic_m
tennis_data_uk,atp,2012,58,Shanghai Masters,Shanghai,2012-10-09,masters_1000,True,hard,R64,64,3,Baghdatis M.,Fognini F.,36,45,1060,895,2,0,6,2,6,2,,,,,,,completed,1.33,3.25,1.41,3.15,1.42,3.45,1.35,3.11,2012_58_shanghai_shanghai_masters,2012_58_shanghai_shanghai_masters_2012-10-09_R64_baghdatis_m_fognini_f
tennis_data_uk,atp,2012,58,Shanghai Masters,Shanghai,2012-10-09,masters_1000,True,hard,R64,64,3,Lu Y.H.,Zhang Z.,62,154,724,351,2,0,6,0,6,2,,,,,,,completed,1.28,3.5,1.29,3.97,1.33,4.2,1.27,3.62,2012_58_shanghai_shanghai_masters,2012_58_shanghai_shanghai_masters_2012-10-09_R64_lu_y_h_zhang_z
tennis_data_uk,atp,2012,58,Shanghai Masters,Shanghai,2012-10-09,masters_1000,True,hard,R64,64,3,Stepanek R.,Hewitt L.,41,105,935,535,2,0,7,5,6,1,,,,,,,completed,1.66,2.1,1.65,2.4,1.75,2.4,1.65,2.19,2012_58_shanghai_shanghai_masters,2012_58_shanghai_shanghai_masters_2012-10-09_R64_stepanek_r_hewitt_l
tennis_data_uk,atp,2012,58,Shanghai Masters,Shanghai,2012-10-09,masters_1000,True,hard,R32,32,3,Isner J.,Anderson K.,12,38,2475,985,2,1,7,6,6,7,7,6,,,,,completed,1.44,2.62,1.57,2.58,1.63,2.75,1.49,2.55,2012_58_shanghai_shanghai_masters,2012_58_shanghai_shanghai_masters_2012-10-09_R32_isner_j_anderson_k
tennis_data_uk,atp,2012,58,Shanghai Masters,Shanghai,2012-10-09,masters_1000,True,hard,R32,32,3,Cilic M.,Klizan M.,16,34,2200,1148,2,0,7,5,6,1,,,,,,,completed,1.3,3.4,1.33,3.69,1.43,4.33,1.34,3.21,2012_58_shanghai_shanghai_masters,2012_58_shanghai_shanghai_masters_2012-10-09_R32_cilic_m_klizan_m
tennis_data_uk,atp,2012,58,Shanghai Masters,Shanghai,2012-10-09,masters_1000,True,hard,R32,32,3,Verdasco F.,Monaco J.,23,10,1480,2775,2,0,6,4,6,2,,,,,,,completed,2.37,1.53,2.34,1.68,2.68,1.7,2.38,1.56,2012_58_shanghai_shanghai_masters,2012_58_shanghai_shanghai_masters_2012-10-09_R32_verdasco_f_monaco_j
tennis_data_uk,atp,2012,58,Shanghai Masters,Shanghai,2012-10-10,masters_1000,True,hard,R32,32,3,Lopez F.,Kohlschreiber P.,29,19,1355,1855,2,0,6,3,6,4,,,,,,,completed,2.5,1.5,2.62,1.56,2.82,1.57,2.49,1.52,2012_58_shanghai_shanghai_masters,2012_58_shanghai_shanghai_masters_2012-10-10_R32_lopez_f_kohlschreiber_p
tennis_data_uk,atp,2012,58,Shanghai Masters,Shanghai,2012-10-10,masters_1000,True,hard,R32,32,3,Querrey S.,Nishikori K.,22,15,1530,2315,2,1,2,6,6,1,6,4,,,,,completed,1.8,1.9,2.19,1.76,2.26,1.9,1.98,1.79,2012_58_shanghai_shanghai_masters,2012_58_shanghai_shanghai_masters_2012-10-10_R32_querrey_s_nishikori_k
tennis_data_uk,atp,2012,58,Shanghai Masters,Shanghai,2012-10-10,masters_1000,True,hard,R32,32,3,Berdych T.,Seppi A.,7,26,4570,1415,2,0,6,3,6,3,,,,,,,completed,1.12,6.0,1.14,6.62,1.16,9.5,1.13,5.74,2012_58_shanghai_shanghai_masters,2012_58_shanghai_shanghai_masters_2012-10-10_R32_berdych_t_seppi_a
tennis_data_uk,atp,2012,58,Shanghai Masters,Shanghai,2012-10-10,masters_1000,True,hard,R32,32,3,Baghdatis M.,Raonic M.,36,14,1060,2335,2,1,7,6,6,7,7,6,,,,,completed,2.87,1.38,3.14,1.42,3.55,1.6,2.86,1.41,2012_58_shanghai_shanghai_masters,2012_58_shanghai_shanghai_masters_2012-10-10_R32_baghdatis_m_raonic_m
tennis_data_uk,atp,2012,58,Shanghai Masters,Shanghai,2012-10-10,masters_1000,True,hard,R32,32,3,Wawrinka S.,Istomin D.,17,44,1955,902,2,1,6,4,4,6,6,4,,,,,completed,1.3,3.4,1.36,3.48,1.4,3.65,1.32,3.32,2012_58_shanghai_shanghai_masters,2012_58_shanghai_shanghai_masters_2012-10-10_R32_wawrinka_s_istomin_d
tennis_data_uk,atp,2012,58,Shanghai Masters,Shanghai,2012-10-10,masters_1000,True,hard,R32,32,3,Djokovic N.,Dimitrov G.,2,56,10970,751,2,0,6,3,6,2,,,,,,,completed,1.02,17.0,1.02,22.73,1.04,29.0,1.02,14.73,2012_58_shanghai_shanghai_masters,2012_58_shanghai_shanghai_masters_2012-10-10_R32_djokovic_n_dimitrov_g
tennis_data_uk,atp,2012,58,Shanghai Masters,Shanghai,2012-10-10,masters_1000,True,hard,R32,32,3,Tsonga J.W.,Paire B.,6,52,4640,803,2,0,7,6,7,5,,,,,,,completed,1.08,8.0,1.09,9.16,1.13,9.2,1.09,7.27,2012_58_shanghai_shanghai_masters,2012_58_shanghai_shanghai_masters_2012-10-10_R32_tsonga_j_w_paire_b
tennis_data_uk,atp,2012,58,Shanghai Masters,Shanghai,2012-10-10,masters_1000,True,hard,R32,32,3,Murray A.,Mayer F.,3,25,8090,1430,,,,,,,,,,,,,walkover,1.07,9.0,1.08,10.0,1.11,10.0,1.07,8.24,2012_58_shanghai_shanghai_masters,2012_58_shanghai_shanghai_masters_2012-10-10_R32_murray_a_mayer_f
tennis_data_uk,atp,2012,58,Shanghai Masters,Shanghai,2012-10-10,masters_1000,True,hard,R32,32,3,Dolgopolov O.,Simon G.,20,18,1770,1860,2,0,6,3,6,4,,,,,,,completed,2.1,1.66,2.15,1.79,2.35,1.9,2.1,1.7,2012_58_shanghai_shanghai_masters,2012_58_shanghai_shanghai_masters_2012-10-10_R32_dolgopolov_o_simon_g
tennis_data_uk,atp,2012,58,Shanghai Masters,Shanghai,2012-10-10,masters_1000,True,hard,R32,32,3,Stepanek R.,Gasquet R.,41,13,935,2370,2,0,6,4,6,4,,,,,,,completed,3.5,1.28,3.25,1.4,3.5,1.42,3.29,1.32,2012_58_shanghai_shanghai_masters,2012_58_shanghai_shanghai_masters_2012-10-10_R32_stepanek_r_gasquet_r
tennis_data_uk,atp,2012,58,Shanghai Masters,Shanghai,2012-10-10,masters_1000,True,hard,R32,32,3,Haas T.,Robredo T.,21,116,1553,495,2,0,6,3,6,3,,,,,,,completed,1.28,3.5,1.4,3.22,1.4,4.2,1.32,3.28,2012_58_shanghai_shanghai_masters,2012_58_shanghai_shanghai_masters_2012-10-10_R32_haas_t_robredo_t
tennis_data_uk,atp,2012,58,Shanghai Masters,Shanghai,2012-10-10,masters_1000,True,hard,R32,32,3,Tipsarevic J.,Troicki V.,9,32,3185,1210,2,0,6,2,7,6,,,,,,,completed,1.2,4.33,1.29,4.05,1.29,4.7,1.23,4.02,2012_58_shanghai_shanghai_masters,2012_58_shanghai_shanghai_masters_2012-10-10_R32_tipsarevic_j_troicki_v
tennis_data_uk,atp,2012,58,Shanghai Masters,Shanghai,2012-10-10,masters_1000,True,hard,R32,32,3,Federer R.,Lu Y.H.,1,62,11805,724,2,0,6,3,7,5,,,,,,,completed,1.02,17.0,1.02,21.0,1.04,24.0,1.02,14.72,2012_58_shanghai_shanghai_masters,2012_58_shanghai_shanghai_masters_2012-10-10_R32_federer_r_lu_y_h
tennis_data_uk,atp,2012,58,Shanghai Masters,Shanghai,2012-10-11,masters_1000,True,hard,R16,16,3,Berdych T.,Querrey S.,7,22,4570,1530,2,1,6,2,6,7,6,4,,,,,completed,1.25,3.75,1.28,4.15,1.29,5.3,1.26,3.79,2012_58_shanghai_shanghai_masters,2012_58_shanghai_shanghai_masters_2012-10-11_R16_berdych_t_querrey_s
tennis_data_uk,atp,2012,58,Shanghai Masters,Shanghai,2012-10-11,masters_1000,True,hard,R16,16,3,Tsonga J.W.,Baghdatis M.,6,36,4640,1060,2,0,6,2,7,6,,,,,,,completed,1.25,3.75,1.31,3.88,1.34,3.95,1.29,3.53,2012_58_shanghai_shanghai_masters,2012_58_shanghai_shanghai_masters_2012-10-11_R16_tsonga_j_w_baghdatis_m
tennis_data_uk,atp,2012,58,Shanghai Masters,Shanghai,2012-10-11,masters_1000,True,hard,R16,16,3,Djokovic N.,Lopez F.,2,29,10970,1355,2,0,6,3,6,3,,,,,,,completed,1.02,17.0,1.03,19.0,1.05,26.0,1.02,14.13,2012_58_shanghai_shanghai_masters,2012_58_shanghai_shanghai_masters_2012-10-11_R16_djokovic_n_lopez_f
tennis_data_uk,atp,2012,58,Shanghai Masters,Shanghai,2012-10-11,masters_1000,True,hard,R16,16,3,Stepanek R.,Isner J.,41,12,935,2475,2,1,6,4,6,7,6,3,,,,,completed,2.5,1.5,2.53,1.6,2.76,1.61,2.46,1.53,2012_58_shanghai_shanghai_masters,2012_58_shanghai_shanghai_masters_2012-10-11_R16_stepanek_r_isner_j
tennis_data_uk,atp,2012,58,Shanghai Masters,Shanghai,2012-10-11,masters_1000,True,hard,R16,16,3,Murray A.,Dolgopolov O.,3,20,8090,1770,2,0,6,2,6,2,,,,,,,completed,1.11,6.5,1.13,8.04,1.13,8.04,1.11,6.39,2012_58_shanghai_shanghai_masters,2012_58_shanghai_shanghai_masters_2012-10-11_R16_murray_a_dolgopolov_o
tennis_data_uk,atp,2012,58,Shanghai Masters,Shanghai,2012-10-11,masters_1000,True,hard,R16,16,3,Cilic M.,Verdasco F.,16,23,2200,1480,2,1,4,6,6,1,6,4,,,,,completed,1.66,2.1,1.66,2.4,1.82,2.4,1.69,2.13,2012_58_shanghai_shanghai_masters,2012_58_shanghai_shanghai_masters_2012-10-11_R16_cilic_m_verdasco_f
tennis_data_uk,atp,2012,58,Shanghai Masters,Shanghai,2012-10-11,masters_1000,True,hard,R16,16,3,Federer R.,Wawrinka S.,1,17,11805,1955,2,1,4,6,7,6,6,0,,,,,completed,1.06,10.0,1.09,9.95,1.1,13.0,1.07,8.45,2012_58_shanghai_shanghai_masters,2012_58_shanghai_shanghai_masters_2012-10-11_R16_federer_r_wawrinka_s
tennis_data_uk,atp,2012,58,Shanghai Masters,Shanghai,2012-10-11,masters_1000,True,hard,R16,16,3,Haas T.,Tipsarevic J.,21,9,1553,3185,2,0,6,2,6,1,,,,,,,completed,2.5,1.5,2.47,1.63,2.63,1.63,2.42,1.55,2012_58_shanghai_shanghai_masters,2012_58_shanghai_shanghai_masters_2012-10-11_R16_haas_t_tipsarevic_j
tennis_data_uk,atp,2012,58,Shanghai Masters,Shanghai,2012-10-12,masters_1000,True,hard,QF,8,3,Berdych T.,Tsonga J.W.,7,6,4570,4640,2,0,6,3,7,6,,,,,,,completed,1.66,2.1,1.78,2.19,1.8,2.25,1.71,2.09,2012_58_shanghai_shanghai_masters,2012_58_shanghai_shanghai_masters_2012-10-12_QF_berdych_t_tsonga_j_w
tennis_data_uk,atp,2012,58,Shanghai Masters,Shanghai,2012-10-12,masters_1000,True,hard,QF,8,3,Murray A.,Stepanek R.,3,41,8090,935,2,1,4,6,6,2,6,3,,,,,completed,1.06,10.0,1.09,9.6,1.1,13.0,1.07,8.45,2012_58_shanghai_shanghai_masters,2012_58_shanghai_shanghai_masters_2012-10-12_QF_murray_a_stepanek_r
tennis_data_uk,atp,2012,58,Shanghai Masters,Shanghai,2012-10-12,masters_1000,True,hard,QF,8,3,Djokovic N.,Haas T.,2,21,10970,1553,2,0,6,3,6,3,,,,,,,completed,1.06,10.0,1.08,10.75,1.09,14.0,1.06,8.87,2012_58_shanghai_shanghai_masters,2012_58_shanghai_shanghai_masters_2012-10-12_QF_djokovic_n_haas_t
tennis_data_uk,atp,2012,58,Shanghai Masters,Shanghai,2012-10-12,masters_1000,True,hard,QF,8,3,Federer R.,Cilic M.,1,16,11805,2200,2,0,6,3,6,4,,,,,,,completed,1.11,6.5,1.14,6.88,1.14,7.5,1.12,6.1,2012_58_shanghai_shanghai_masters,2012_58_shanghai_shanghai_masters_2012-10-12_QF_federer_r_cilic_m
tennis_data_uk,atp,2012,58,Shanghai Masters,Shanghai,2012-10-13,masters_1000,True,hard,SF,4,3,Djokovic N.,Berdych T.,2,7,10970,4570,2,0,6,3,6,4,,,,,,,completed,1.14,5.5,1.19,5.69,1.2,6.0,1.16,5.1,2012_58_shanghai_shanghai_masters,2012_58_shanghai_shanghai_masters_2012-10-13_SF_djokovic_n_berdych_t
tennis_data_uk,atp,2012,58,Shanghai Masters,Shanghai,2012-10-13,masters_1000,True,hard,SF,4,3,Murray A.,Federer R.,3,1,8090,11805,2,0,6,4,6,4,,,,,,,completed,2.0,1.8,2.05,1.88,2.22,1.9,2.0,1.78,2012_58_shanghai_shanghai_masters,2012_58_shanghai_shanghai_masters_2012-10-13_SF_murray_a_federer_r
tennis_data_uk,atp,2012,58,Shanghai Masters,Shanghai,2012-10-14,masters_1000,True,hard,F,2,3,Djokovic N.,Murray A.,2,3,10970,8090,2,1,5,7,7,6,6,3,,,,,completed,1.57,2.37,1.56,2.65,1.65,2.74,1.55,2.44,2012_58_shanghai_shanghai_masters,2012_58_shanghai_shanghai_masters_2012-10-14_F_djokovic_n_murray_a
tennis_data_uk,atp,2012,59,Kremlin Cup,Moscow,2012-10-15,atp_250,False,hard,R32,32,3,Rosol L.,Gimeno-Traver D.,88,66,584,680,2,0,7,6,7,6,,,,,,,completed,1.57,2.25,1.63,2.43,1.77,2.43,1.6,2.27,2012_59_moscow_kremlin_cup,2012_59_moscow_kremlin_cup_2012-10-15_R32_rosol_l_gimeno_traver_d
tennis_data_uk,atp,2012,59,Kremlin Cup,Moscow,2012-10-15,atp_250,False,hard,R32,32,3,Istomin D.,Phau B.,43,83,927,608,2,1,5,7,7,5,6,1,,,,,completed,1.28,3.5,1.32,3.66,1.32,4.1,1.28,3.55,2012_59_moscow_kremlin_cup,2012_59_moscow_kremlin_cup_2012-10-15_R32_istomin_d_phau_b
tennis_data_uk,atp,2012,59,Kremlin Cup,Moscow,2012-10-15,atp_250,False,hard,R32,32,3,Ito T.,Bautista R.,63,76,690,625,2,1,6,3,1,6,6,2,,,,,completed,2.75,1.4,2.89,1.46,2.92,1.53,2.64,1.46,2012_59_moscow_kremlin_cup,2012_59_moscow_kremlin_cup_2012-10-15_R32_ito_t_bautista_r
tennis_data_uk,atp,2012,59,Kremlin Cup,Moscow,2012-10-15,atp_250,False,hard,R32,32,3,Jaziri M.,Ram R.,112,94,499,563,2,0,6,3,6,1,,,,,,,completed,1.72,2.0,2.0,1.89,2.0,2.1,1.77,2.0,2012_59_moscow_kremlin_cup,2012_59_moscow_kremlin_cup_2012-10-15_R32_jaziri_m_ram_r
tennis_data_uk,atp,2012,59,Kremlin Cup,Moscow,2012-10-16,atp_250,False,hard,R32,32,3,Kravchuk K.,Korolev E.,253,248,187,190,2,0,6,4,6,3,,,,,,,completed,2.5,1.5,2.9,1.47,3.35,1.57,2.7,1.44,2012_59_moscow_kremlin_cup,2012_59_moscow_kremlin_cup_2012-10-16_R32_kravchuk_k_korolev_e
tennis_data_uk,atp,2012,59,Kremlin Cup,Moscow,2012-10-16,atp_250,False,hard,R32,32,3,Sijsling I.,Berrer M.,77,110,622,511,2,0,7,6,6,3,,,,,,,completed,1.8,1.9,2.13,1.79,2.13,2.1,1.85,1.9,2012_59_moscow_kremlin_cup,2012_59_moscow_kremlin_cup_2012-10-16_R32_sijsling_i_berrer_m
tennis_data_uk,atp,2012,59,Kremlin Cup,Moscow,2012-10-16,atp_250,False,hard,R32,32,3,Berlocq C.,Kuznetsov An.,52,73,800,646,2,1,1,6,6,4,6,3,,,,,completed,2.25,1.57,2.53,1.58,2.6,1.65,2.39,1.55,2012_59_moscow_kremlin_cup,2012_59_moscow_kremlin_cup_2012-10-16_R32_berlocq_c_kuznetsov_an
tennis_data_uk,atp,2012,59,Kremlin Cup,Moscow,2012-10-16,atp_250,False,hard,R32,32,3,Bogomolov A.,Davydenko N.,96,40,555,975,2,0,7,5,6,4,,,,,,,completed,3.25,1.33,3.26,1.37,3.8,1.38,3.19,1.33,2012_59_moscow_kremlin_cup,2012_59_moscow_kremlin_cup_2012-10-16_R32_bogomolov_a_davydenko_n
tennis_data_uk,atp,2012,59,Kremlin Cup,Moscow,2012-10-17,atp_250,False,hard,R32,32,3,Janowicz J.,Becker B.,74,80,644,615,2,0,7,6,6,3,,,,,,,completed,1.53,2.37,1.62,2.43,1.63,2.55,1.55,2.39,2012_59_moscow_kremlin_cup,2012_59_moscow_kremlin_cup_2012-10-17_R32_janowicz_j_becker_b
tennis_data_uk,atp,2012,59,Kremlin Cup,Moscow,2012-10-17,atp_250,False,hard,R32,32,3,Karlovic I.,Bolelli S.,130,79,446,616,2,0,6,4,7,6,,,,,,,completed,1.44,2.62,1.49,2.8,1.53,3.25,1.44,2.68,2012_59_moscow_kremlin_cup,2012_59_moscow_kremlin_cup_2012-10-17_R32_karlovic_i_bolelli_s
tennis_data_uk,atp,2012,59,Kremlin Cup,Moscow,2012-10-17,atp_250,False,hard,R32,32,3,Cipolla F.,Gabashvili T.,85,168,596,307,2,0,6,4,6,4,,,,,,,completed,1.8,1.9,1.77,2.16,1.87,2.28,1.77,1.99,2012_59_moscow_kremlin_cup,2012_59_moscow_kremlin_cup_2012-10-17_R32_cipolla_f_gabashvili_t
tennis_data_uk,atp,2012,59,Kremlin Cup,Moscow,2012-10-17,atp_250,False,hard,R32,32,3,Roger-Vasselin E.,Donskoy E.,116,127,488,459,2,1,6,4,4,6,6,3,,,,,completed,1.5,2.5,1.6,2.48,1.6,2.62,1.55,2.4,2012_59_moscow_kremlin_cup,2012_59_moscow_kremlin_cup_2012-10-17_R32_roger_vasselin_e_donskoy_e
tennis_data_uk,atp,2012,59,Kremlin Cup,Moscow,2012-10-17,atp_250,False,hard,R16,16,3,Ito T.,Kravchuk K.,63,253,690,187,2,1,7,6,2,6,6,3,,,,,completed,1.53,2.37,1.74,2.22,1.8,2.38,1.64,2.2,2012_59_moscow_kremlin_cup,2012_59_moscow_kremlin_cup_2012-10-17_R16_ito_t_kravchuk_k
tennis_data_uk,atp,2012,59,Kremlin Cup,Moscow,2012-10-17,atp_250,False,hard,R16,16,3,Rosol L.,Istomin D.,88,43,584,927,2,1,4,6,6,4,6,3,,,,,completed,2.5,1.5,2.75,1.51,2.75,1.59,2.47,1.52,2012_59_moscow_kremlin_cup,2012_59_moscow_kremlin_cup_2012-10-17_R16_rosol_l_istomin_d
tennis_data_uk,atp,2012,59,Kremlin Cup,Moscow,2012-10-17,atp_250,False,hard,R16,16,3,Jaziri M.,Troicki V.,112,29,499,1245,2,1,6,1,3,6,6,2,,,,,completed,4.5,1.18,5.0,1.21,5.4,1.22,4.49,1.19,2012_59_moscow_kremlin_cup,2012_59_moscow_kremlin_cup_2012-10-17_R16_jaziri_m_troicki_v
tennis_data_uk,atp,2012,59,Kremlin Cup,Moscow,2012-10-18,atp_250,False,hard,R16,16,3,Janowicz J.,Berlocq C.,74,52,644,800,2,0,6,3,6,4,,,,,,,completed,1.44,2.62,1.55,2.65,1.55,2.7,1.5,2.54,2012_59_moscow_kremlin_cup,2012_59_moscow_kremlin_cup_2012-10-18_R16_janowicz_j_berlocq_c
tennis_data_uk,atp,2012,59,Kremlin Cup,Moscow,2012-10-18,atp_250,False,hard,R16,16,3,Seppi A.,Sijsling I.,25,77,1415,622,2,0,7,5,6,2,,,,,,,completed,1.5,2.5,1.61,2.49,1.61,2.75,1.53,2.46,2012_59_moscow_kremlin_cup,2012_59_moscow_kremlin_cup_2012-10-18_R16_seppi_a_sijsling_i
tennis_data_uk,atp,2012,59,Kremlin Cup,Moscow,2012-10-18,atp_250,False,hard,R16,16,3,Bellucci T.,Cipolla F.,41,85,967,596,2,0,6,4,6,1,,,,,,,completed,1.57,2.25,1.63,2.44,1.67,2.6,1.6,2.27,2012_59_moscow_kremlin_cup,2012_59_moscow_kremlin_cup_2012-10-18_R16_bellucci_t_cipolla_f
tennis_data_uk,atp,2012,59,Kremlin Cup,Moscow,2012-10-18,atp_250,False,hard,R16,16,3,Roger-Vasselin E.,Dolgopolov O.,116,21,488,1680,2,1,6,3,5,7,7,6,,,,,completed,2.87,1.38,3.22,1.4,3.55,1.45,2.88,1.39,2012_59_moscow_kremlin_cup,2012_59_moscow_kremlin_cup_2012-10-18_R16_roger_vasselin_e_dolgopolov_o
tennis_data_uk,atp,2012,59,Kremlin Cup,Moscow,2012-10-18,atp_250,False,hard,R16,16,3,Karlovic I.,Bogomolov A.,130,96,446,555,2,0,7,6,6,4,,,,,,,completed,1.53,2.37,1.68,2.32,1.7,2.64,1.6,2.29,2012_59_moscow_kremlin_cup,2012_59_moscow_kremlin_cup_2012-10-18_R16_karlovic_i_bogomolov_a
tennis_data_uk,atp,2012,59,Kremlin Cup,Moscow,2012-10-19,atp_250,False,hard,QF,8,3,Jaziri M.,Rosol L.,112,88,499,584,2,0,7,6,6,3,,,,,,,completed,2.75,1.4,2.74,1.53,3.2,1.55,2.71,1.44,2012_59_moscow_kremlin_cup,2012_59_moscow_kremlin_cup_2012-10-19_QF_jaziri_m_rosol_l
tennis_data_uk,atp,2012,59,Kremlin Cup,Moscow,2012-10-19,atp_250,False,hard,QF,8,3,Karlovic I.,Roger-Vasselin E.,130,116,446,488,2,0,7,6,6,3,,,,,,,completed,1.57,2.25,1.78,2.18,1.78,2.44,1.65,2.2,2012_59_moscow_kremlin_cup,2012_59_moscow_kremlin_cup_2012-10-19_QF_karlovic_i_roger_vasselin_e
tennis_data_uk,atp,2012,59,Kremlin Cup,Moscow,2012-10-19,atp_250,False,hard,QF,8,3,Seppi A.,Ito T.,25,63,1415,690,2,0,6,2,6,1,,,,,,,completed,1.14,5.5,1.17,6.0,1.2,6.1,1.17,4.85,2012_59_moscow_kremlin_cup,2012_59_moscow_kremlin_cup_2012-10-19_QF_seppi_a_ito_t
tennis_data_uk,atp,2012,59,Kremlin Cup,Moscow,2012-10-19,atp_250,False,hard,QF,8,3,Bellucci T.,Janowicz J.,41,74,967,644,2,0,6,4,7,6,,,,,,,completed,1.72,2.0,1.83,2.11,1.86,2.4,1.79,1.98,2012_59_moscow_kremlin_cup,2012_59_moscow_kremlin_cup_2012-10-19_QF_bellucci_t_janowicz_j
tennis_data_uk,atp,2012,59,Kremlin Cup,Moscow,2012-10-20,atp_250,False,hard,SF,4,3,Seppi A.,Jaziri M.,25,112,1415,499,2,0,6,3,6,1,,,,,,,completed,1.16,5.5,1.2,5.38,1.2,5.7,1.17,4.85,2012_59_moscow_kremlin_cup,2012_59_moscow_kremlin_cup_2012-10-20_SF_seppi_a_jaziri_m
tennis_data_uk,atp,2012,59,Kremlin Cup,Moscow,2012-10-20,atp_250,False,hard,SF,4,3,Bellucci T.,Karlovic I.,41,130,967,446,2,1,6,7,6,4,6,4,,,,,completed,2.1,1.72,2.29,1.71,2.29,1.77,2.12,1.69,2012_59_moscow_kremlin_cup,2012_59_moscow_kremlin_cup_2012-10-20_SF_bellucci_t_karlovic_i
tennis_data_uk,atp,2012,59,Kremlin Cup,Moscow,2012-10-21,atp_250,False,hard,F,2,3,Seppi A.,Bellucci T.,25,41,1415,967,2,1,3,6,7,6,6,3,,,,,completed,1.44,2.75,1.5,2.81,1.54,3.1,1.47,2.62,2012_59_moscow_kremlin_cup,2012_59_moscow_kremlin_cup_2012-10-21_F_seppi_a_bellucci_t
tennis_data_uk,atp,2012,60,Stockholm Open,Stockholm,2012-10-15,atp_250,False,hard,R32,32,3,Youzhny M.,Baker B.,27,56,1335,762,2,0,6,3,6,1,,,,,,,completed,1.25,3.75,1.32,3.7,1.35,5.1,1.26,3.76,2012_60_stockholm_stockholm_open,2012_60_stockholm_stockholm_open_2012-10-15_R32_youzhny_m_baker_b
tennis_data_uk,atp,2012,60,Stockholm Open,Stockholm,2012-10-15,atp_250,False,hard,R32,32,3,Nieminen J.,Kamke T.,39,68,1012,675,2,0,6,3,6,4,,,,,,,completed,1.36,3.0,1.43,3.04,1.43,3.2,1.38,2.92,2012_60_stockholm_stockholm_open,2012_60_stockholm_stockholm_open_2012-10-15_R32_nieminen_j_kamke_t
tennis_data_uk,atp,2012,60,Stockholm Open,Stockholm,2012-10-16,atp_250,False,hard,R32,32,3,Falla A.,Hajek J.,54,108,780,517,2,1,6,3,3,6,7,6,,,,,completed,1.28,3.5,1.33,3.61,1.33,4.1,1.26,3.68,2012_60_stockholm_stockholm_open,2012_60_stockholm_stockholm_open_2012-10-16_R32_falla_a_hajek_j
tennis_data_uk,atp,2012,60,Stockholm Open,Stockholm,2012-10-16,atp_250,False,hard,R32,32,3,Zopp J.,Andujar P.,87,42,586,950,2,0,6,4,6,4,,,,,,,completed,1.53,2.37,1.61,2.44,1.67,2.48,1.59,2.3,2012_60_stockholm_stockholm_open,2012_60_stockholm_stockholm_open_2012-10-16_R32_zopp_j_andujar_p
tennis_data_uk,atp,2012,60,Stockholm Open,Stockholm,2012-10-16,atp_250,False,hard,R32,32,3,Stakhovsky S.,Mertens Y.,92,208,563,237,2,0,6,3,6,4,,,,,,,completed,1.4,2.75,1.44,2.97,1.52,2.97,1.43,2.72,2012_60_stockholm_stockholm_open,2012_60_stockholm_stockholm_open_2012-10-16_R32_stakhovsky_s_mertens_y
tennis_data_uk,atp,2012,60,Stockholm Open,Stockholm,2012-10-16,atp_250,False,hard,R32,32,3,Lopez F.,Mathieu P.H.,34,100,1085,538,2,1,7,6,6,7,6,2,,,,,completed,1.5,2.5,1.52,2.68,1.57,2.72,1.52,2.46,2012_60_stockholm_stockholm_open,2012_60_stockholm_stockholm_open_2012-10-16_R32_lopez_f_mathieu_p_h
tennis_data_uk,atp,2012,60,Stockholm Open,Stockholm,2012-10-16,atp_250,False,hard,R32,32,3,Berankis R.,Ramos A.,95,48,560,830,2,1,4,6,6,4,6,1,,,,,completed,1.5,2.5,1.59,2.5,1.59,2.75,1.51,2.49,2012_60_stockholm_stockholm_open,2012_60_stockholm_stockholm_open_2012-10-16_R32_berankis_r_ramos_a
tennis_data_uk,atp,2012,60,Stockholm Open,Stockholm,2012-10-16,atp_250,False,hard,R32,32,3,Soeda G.,Teixeira M.,57,224,761,215,2,1,6,3,3,6,6,3,,,,,completed,1.53,2.37,1.58,2.52,1.59,2.78,1.52,2.47,2012_60_stockholm_stockholm_open,2012_60_stockholm_stockholm_open_2012-10-16_R32_soeda_g_teixeira_m
tennis_data_uk,atp,2012,60,Stockholm Open,Stockholm,2012-10-16,atp_250,False,hard,R32,32,3,Baghdatis M.,Goffin D.,33,45,1105,853,2,0,6,4,6,2,,,,,,,completed,1.44,2.62,1.55,2.6,1.55,3.0,1.48,2.61,2012_60_stockholm_stockholm_open,2012_60_stockholm_stockholm_open_2012-10-16_R32_baghdatis_m_goffin_d
tennis_data_uk,atp,2012,60,Stockholm Open,Stockholm,2012-10-16,atp_250,False,hard,R32,32,3,Copil M.,Delbonis F.,178,134,281,417,2,0,6,1,7,5,,,,,,,completed,1.5,2.5,1.54,2.62,1.56,2.75,1.5,2.53,2012_60_stockholm_stockholm_open,2012_60_stockholm_stockholm_open_2012-10-16_R32_copil_m_delbonis_f
tennis_data_uk,atp,2012,60,Stockholm Open,Stockholm,2012-10-16,atp_250,False,hard,R32,32,3,Hewitt L.,Anderson K.,102,38,535,1020,2,1,6,4,4,6,6,4,,,,,completed,3.0,1.36,3.26,1.38,3.5,1.45,2.87,1.4,2012_60_stockholm_stockholm_open,2012_60_stockholm_stockholm_open_2012-10-16_R32_hewitt_l_anderson_k
tennis_data_uk,atp,2012,60,Stockholm Open,Stockholm,2012-10-16,atp_250,False,hard,R32,32,3,Rosenholm P.,Monfils G.,436,47,82,830,2,1,6,3,1,6,6,3,,,,,completed,17.0,1.02,15.57,1.03,18.5,1.05,12.23,1.03,2012_60_stockholm_stockholm_open,2012_60_stockholm_stockholm_open_2012-10-16_R32_rosenholm_p_monfils_g
tennis_data_uk,atp,2012,60,Stockholm Open,Stockholm,2012-10-17,atp_250,False,hard,R16,16,3,Berankis R.,Mayer F.,95,28,560,1295,2,1,4,6,6,4,6,2,,,,,completed,2.62,1.44,2.66,1.54,2.75,1.58,2.55,1.49,2012_60_stockholm_stockholm_open,2012_60_stockholm_stockholm_open_2012-10-17_R16_berankis_r_mayer_f
tennis_data_uk,atp,2012,60,Stockholm Open,Stockholm,2012-10-17,atp_250,False,hard,R16,16,3,Almagro N.,Copil M.,12,178,2435,281,2,0,6,4,7,6,,,,,,,completed,1.25,3.75,1.28,4.1,1.3,4.33,1.25,3.77,2012_60_stockholm_stockholm_open,2012_60_stockholm_stockholm_open_2012-10-17_R16_almagro_n_copil_m
tennis_data_uk,atp,2012,60,Stockholm Open,Stockholm,2012-10-17,atp_250,False,hard,R16,16,3,Hewitt L.,Nieminen J.,102,39,535,1012,2,1,7,6,2,6,6,4,,,,,completed,2.25,1.57,2.39,1.65,2.4,1.71,2.25,1.61,2012_60_stockholm_stockholm_open,2012_60_stockholm_stockholm_open_2012-10-17_R16_hewitt_l_nieminen_j
tennis_data_uk,atp,2012,60,Stockholm Open,Stockholm,2012-10-17,atp_250,False,hard,R16,16,3,Youzhny M.,Rosenholm P.,27,436,1335,82,2,0,6,0,6,2,,,,,,,completed,1.05,11.0,1.07,11.25,1.08,13.5,1.05,9.76,2012_60_stockholm_stockholm_open,2012_60_stockholm_stockholm_open_2012-10-17_R16_youzhny_m_rosenholm_p
tennis_data_uk,atp,2012,60,Stockholm Open,Stockholm,2012-10-18,atp_250,False,hard,R16,16,3,Baghdatis M.,Falla A.,33,54,1105,780,1,0,6,0,3,0,,,,,,,retired,1.14,5.5,1.17,5.81,1.2,6.5,1.16,5.05,2012_60_stockholm_stockholm_open,2012_60_stockholm_stockholm_open_2012-10-18_R16_baghdatis_m_falla_a
tennis_data_uk,atp,2012,60,Stockholm Open,Stockholm,2012-10-18,atp_250,False,hard,R16,16,3,Stakhovsky S.,Lopez F.,92,34,563,1085,2,0,7,6,7,5,,,,,,,completed,3.0,1.36,3.17,1.41,3.55,1.47,2.9,1.39,2012_60_stockholm_stockholm_open,2012_60_stockholm_stockholm_open_2012-10-18_R16_stakhovsky_s_lopez_f
tennis_data_uk,atp,2012,60,Stockholm Open,Stockholm,2012-10-18,atp_250,False,hard,R16,16,3,Berdych T.,Zopp J.,6,87,4840,586,2,0,6,1,6,4,,,,,,,completed,1.04,13.0,1.04,15.0,1.07,16.0,1.04,10.83,2012_60_stockholm_stockholm_open,2012_60_stockholm_stockholm_open_2012-10-18_R16_berdych_t_zopp_j
tennis_data_uk,atp,2012,60,Stockholm Open,Stockholm,2012-10-18,atp_250,False,hard,R16,16,3,Tsonga J.W.,Soeda G.,7,57,4810,761,2,0,6,2,7,6,,,,,,,completed,1.04,13.0,1.05,13.0,1.07,13.0,1.04,10.5,2012_60_stockholm_stockholm_open,2012_60_stockholm_stockholm_open_2012-10-18_R16_tsonga_j_w_soeda_g
tennis_data_uk,atp,2012,60,Stockholm Open,Stockholm,2012-10-19,atp_250,False,hard,QF,8,3,Baghdatis M.,Berankis R.,33,95,1105,560,2,0,6,3,7,6,,,,,,,completed,1.18,4.5,1.25,4.51,1.25,5.3,1.22,4.1,2012_60_stockholm_stockholm_open,2012_60_stockholm_stockholm_open_2012-10-19_QF_baghdatis_m_berankis_r
tennis_data_uk,atp,2012,60,Stockholm Open,Stockholm,2012-10-19,atp_250,False,hard,QF,8,3,Almagro N.,Hewitt L.,12,102,2435,535,2,0,6,1,6,4,,,,,,,completed,1.33,3.25,1.43,3.1,1.45,3.25,1.39,2.91,2012_60_stockholm_stockholm_open,2012_60_stockholm_stockholm_open_2012-10-19_QF_almagro_n_hewitt_l
tennis_data_uk,atp,2012,60,Stockholm Open,Stockholm,2012-10-19,atp_250,False,hard,QF,8,3,Tsonga J.W.,Stakhovsky S.,7,92,4810,563,2,0,6,3,6,4,,,,,,,completed,1.14,5.5,1.17,5.99,1.19,6.0,1.14,5.33,2012_60_stockholm_stockholm_open,2012_60_stockholm_stockholm_open_2012-10-19_QF_tsonga_j_w_stakhovsky_s
tennis_data_uk,atp,2012,60,Stockholm Open,Stockholm,2012-10-19,atp_250,False,hard,QF,8,3,Berdych T.,Youzhny M.,6,27,4840,1335,2,0,6,3,7,6,,,,,,,completed,1.22,4.0,1.3,3.97,1.3,5.3,1.26,3.79,2012_60_stockholm_stockholm_open,2012_60_stockholm_stockholm_open_2012-10-19_QF_berdych_t_youzhny_m
tennis_data_uk,atp,2012,60,Stockholm Open,Stockholm,2012-10-20,atp_250,False,hard,SF,4,3,Tsonga J.W.,Baghdatis M.,7,33,4810,1105,1,1,6,4,4,6,5,2,,,,,retired,1.28,3.75,1.33,3.71,1.33,4.55,1.27,3.68,2012_60_stockholm_stockholm_open,2012_60_stockholm_stockholm_open_2012-10-20_SF_tsonga_j_w_baghdatis_m
tennis_data_uk,atp,2012,60,Stockholm Open,Stockholm,2012-10-20,atp_250,False,hard,SF,4,3,Berdych T.,Almagro N.,6,12,4840,2435,2,0,6,3,6,2,,,,,,,completed,1.25,4.0,1.26,4.4,1.29,4.55,1.25,3.9,2012_60_stockholm_stockholm_open,2012_60_stockholm_stockholm_open_2012-10-20_SF_berdych_t_almagro_n
tennis_data_uk,atp,2012,60,Stockholm Open,Stockholm,2012-10-21,atp_250,False,hard,F,2,3,Berdych T.,Tsonga J.W.,6,7,4840,4810,2,1,4,6,6,4,6,4,,,,,completed,1.57,2.37,1.66,2.4,1.67,2.56,1.58,2.34,2012_60_stockholm_stockholm_open,2012_60_stockholm_stockholm_open_2012-10-21_F_berdych_t_tsonga_j_w
tennis_data_uk,atp,2012,61,Erste Bank Open,Vienna,2012-10-15,atp_250,False,hard,R32,32,3,Muller G.,Darcis S.,81,75,614,637,2,1,6,7,6,4,6,3,,,,,completed,2.2,1.61,2.3,1.68,2.35,1.75,2.14,1.67,2012_61_vienna_erste_bank_open,2012_61_vienna_erste_bank_open_2012-10-15_R32_muller_g_darcis_s
tennis_data_uk,atp,2012,61,Erste Bank Open,Vienna,2012-10-15,atp_250,False,hard,R32,32,3,Matosevic M.,Haase R.,55,50,763,825,2,1,1,6,6,3,6,2,,,,,completed,2.37,1.53,2.58,1.56,2.58,1.67,2.32,1.58,2012_61_vienna_erste_bank_open,2012_61_vienna_erste_bank_open_2012-10-15_R32_matosevic_m_haase_r
tennis_data_uk,atp,2012,61,Erste Bank Open,Vienna,2012-10-16,atp_250,False,hard,R32,32,3,Brands D.,Bemelmans R.,111,109,508,514,2,1,6,7,6,4,6,3,,,,,completed,2.2,1.61,2.29,1.69,2.4,1.74,2.15,1.67,2012_61_vienna_erste_bank_open,2012_61_vienna_erste_bank_open_2012-10-16_R32_brands_d_bemelmans_r
tennis_data_uk,atp,2012,61,Erste Bank Open,Vienna,2012-10-16,atp_250,False,hard,R32,32,3,Lorenzi P.,Paire B.,82,46,614,832,2,0,6,4,6,4,,,,,,,completed,6.0,1.12,6.4,1.15,7.6,1.15,5.76,1.12,2012_61_vienna_erste_bank_open,2012_61_vienna_erste_bank_open_2012-10-16_R32_lorenzi_p_paire_b
tennis_data_uk,atp,2012,61,Erste Bank Open,Vienna,2012-10-16,atp_250,False,hard,R32,32,3,Zemlja G.,Malisse X.,70,60,660,746,2,1,4,6,6,1,7,6,,,,,completed,2.1,1.66,2.0,1.88,2.26,1.88,1.96,1.79,2012_61_vienna_erste_bank_open,2012_61_vienna_erste_bank_open_2012-10-16_R32_zemlja_g_malisse_x
tennis_data_uk,atp,2012,61,Erste Bank Open,Vienna,2012-10-16,atp_250,False,hard,R32,32,3,Levine J.,Kubot L.,69,67,662,675,2,0,6,3,6,4,,,,,,,completed,1.83,1.83,1.94,1.94,2.05,2.0,1.88,1.85,2012_61_vienna_erste_bank_open,2012_61_vienna_erste_bank_open_2012-10-16_R32_levine_j_kubot_l
tennis_data_uk,atp,2012,61,Erste Bank Open,Vienna,2012-10-16,atp_250,False,hard,R32,32,3,Ebden M.,Volandri F.,120,90,473,582,2,1,7,5,0,6,6,0,,,,,completed,1.18,4.5,1.24,4.52,1.24,5.5,1.18,4.61,2012_61_vienna_erste_bank_open,2012_61_vienna_erste_bank_open_2012-10-16_R32_ebden_m_volandri_f
tennis_data_uk,atp,2012,61,Erste Bank Open,Vienna,2012-10-16,atp_250,False,hard,R32,32,3,Bedene A.,Garcia-Lopez G.,89,64,584,681,1,0,6,4,1,0,,,,,,,retired,2.37,1.53,2.52,1.58,2.62,1.58,2.45,1.53,2012_61_vienna_erste_bank_open,2012_61_vienna_erste_bank_open_2012-10-16_R32_bedene_a_garcia_lopez_g
tennis_data_uk,atp,2012,61,Erste Bank Open,Vienna,2012-10-16,atp_250,False,hard,R32,32,3,Pospisil V.,Haider-Maurer A.,113,98,498,542,2,1,3,6,7,6,6,1,,,,,completed,1.53,2.37,1.59,2.49,1.65,2.55,1.57,2.34,2012_61_vienna_erste_bank_open,2012_61_vienna_erste_bank_open_2012-10-16_R32_pospisil_v_haider_maurer_a
tennis_data_uk,atp,2012,61,Erste Bank Open,Vienna,2012-10-17,atp_250,False,hard,R32,32,3,Young D.,Fognini F.,187,44,270,895,2,0,7,6,6,3,,,,,,,completed,2.62,1.44,2.55,1.57,2.82,1.57,2.52,1.5,2012_61_vienna_erste_bank_open,2012_61_vienna_erste_bank_open_2012-10-17_R32_young_d_fognini_f
tennis_data_uk,atp,2012,61,Erste Bank Open,Vienna,2012-10-17,atp_250,False,hard,R32,32,3,Thiem D.,Lacko L.,394,51,104,800,2,0,7,6,6,3,,,,,,,completed,4.33,1.2,4.25,1.26,4.9,1.29,4.25,1.21,2012_61_vienna_erste_bank_open,2012_61_vienna_erste_bank_open_2012-10-17_R32_thiem_d_lacko_l
tennis_data_uk,atp,2012,61,Erste Bank Open,Vienna,2012-10-17,atp_250,False,hard,R32,32,3,Gulbis E.,Devvarman S.,159,579,336,43,2,0,7,6,6,3,,,,,,,completed,1.12,6.0,1.2,5.19,1.21,6.7,1.13,5.82,2012_61_vienna_erste_bank_open,2012_61_vienna_erste_bank_open_2012-10-17_R32_gulbis_e_devvarman_s
tennis_data_uk,atp,2012,61,Erste Bank Open,Vienna,2012-10-17,atp_250,False,hard,R16,16,3,Muller G.,Melzer J.,81,37,614,1032,2,1,6,3,3,6,7,6,,,,,completed,2.25,1.57,2.49,1.61,2.6,1.67,2.26,1.61,2012_61_vienna_erste_bank_open,2012_61_vienna_erste_bank_open_2012-10-17_R16_muller_g_melzer_j
tennis_data_uk,atp,2012,61,Erste Bank Open,Vienna,2012-10-17,atp_250,False,hard,R16,16,3,Del Potro J.M.,Brands D.,8,111,3670,508,2,1,6,7,7,6,7,6,,,,,completed,1.06,10.0,1.07,11.25,1.09,12.0,1.06,8.98,2012_61_vienna_erste_bank_open,2012_61_vienna_erste_bank_open_2012-10-17_R16_del_potro_j_m_brands_d
tennis_data_uk,atp,2012,61,Erste Bank Open,Vienna,2012-10-18,atp_250,False,hard,R16,16,3,Bedene A.,Young D.,89,187,584,270,2,1,7,6,6,7,6,3,,,,,completed,1.83,1.83,1.94,1.96,1.94,2.0,1.86,1.88,2012_61_vienna_erste_bank_open,2012_61_vienna_erste_bank_open_2012-10-18_R16_bedene_a_young_d
tennis_data_uk,atp,2012,61,Erste Bank Open,Vienna,2012-10-18,atp_250,False,hard,R16,16,3,Zemlja G.,Ebden M.,70,120,660,473,2,0,7,5,6,4,,,,,,,completed,1.5,2.5,1.55,2.63,1.55,2.75,1.5,2.53,2012_61_vienna_erste_bank_open,2012_61_vienna_erste_bank_open_2012-10-18_R16_zemlja_g_ebden_m
tennis_data_uk,atp,2012,61,Erste Bank Open,Vienna,2012-10-18,atp_250,False,hard,R16,16,3,Lorenzi P.,Pospisil V.,82,113,614,498,2,0,6,4,6,4,,,,,,,completed,3.0,1.36,3.52,1.35,3.8,1.4,3.23,1.33,2012_61_vienna_erste_bank_open,2012_61_vienna_erste_bank_open_2012-10-18_R16_lorenzi_p_pospisil_v
tennis_data_uk,atp,2012,61,Erste Bank Open,Vienna,2012-10-18,atp_250,False,hard,R16,16,3,Matosevic M.,Thiem D.,55,394,763,104,2,0,6,3,7,6,,,,,,,completed,1.36,3.0,1.45,2.97,1.45,3.3,1.36,3.03,2012_61_vienna_erste_bank_open,2012_61_vienna_erste_bank_open_2012-10-18_R16_matosevic_m_thiem_d
tennis_data_uk,atp,2012,61,Erste Bank Open,Vienna,2012-10-18,atp_250,False,hard,R16,16,3,Tipsarevic J.,Gulbis E.,9,159,3265,336,2,0,6,3,6,4,,,,,,,completed,1.33,3.25,1.34,3.6,1.34,3.8,1.29,3.46,2012_61_vienna_erste_bank_open,2012_61_vienna_erste_bank_open_2012-10-18_R16_tipsarevic_j_gulbis_e
tennis_data_uk,atp,2012,61,Erste Bank Open,Vienna,2012-10-18,atp_250,False,hard,R16,16,3,Haas T.,Levine J.,20,69,1727,662,2,0,6,4,6,2,,,,,,,completed,1.18,4.5,1.26,4.3,1.26,5.25,1.19,4.52,2012_61_vienna_erste_bank_open,2012_61_vienna_erste_bank_open_2012-10-18_R16_haas_t_levine_j
tennis_data_uk,atp,2012,61,Erste Bank Open,Vienna,2012-10-19,atp_250,False,hard,QF,8,3,Muller G.,Lorenzi P.,81,82,614,614,2,0,6,3,6,4,,,,,,,completed,1.25,3.75,1.34,3.62,1.34,3.8,1.29,3.48,2012_61_vienna_erste_bank_open,2012_61_vienna_erste_bank_open_2012-10-19_QF_muller_g_lorenzi_p
tennis_data_uk,atp,2012,61,Erste Bank Open,Vienna,2012-10-19,atp_250,False,hard,QF,8,3,Tipsarevic J.,Bedene A.,9,89,3265,584,1,0,6,2,4,2,,,,,,,retired,1.07,9.0,1.09,9.6,1.1,12.0,1.07,7.96,2012_61_vienna_erste_bank_open,2012_61_vienna_erste_bank_open_2012-10-19_QF_tipsarevic_j_bedene_a
tennis_data_uk,atp,2012,61,Erste Bank Open,Vienna,2012-10-19,atp_250,False,hard,QF,8,3,Del Potro J.M.,Matosevic M.,8,55,3670,763,2,0,6,2,6,2,,,,,,,completed,1.07,9.0,1.07,11.5,1.1,12.0,1.07,8.35,2012_61_vienna_erste_bank_open,2012_61_vienna_erste_bank_open_2012-10-19_QF_del_potro_j_m_matosevic_m
tennis_data_uk,atp,2012,61,Erste Bank Open,Vienna,2012-10-19,atp_250,False,hard,QF,8,3,Zemlja G.,Haas T.,70,20,660,1727,2,1,6,4,4,6,6,2,,,,,completed,5.5,1.14,6.0,1.17,6.1,1.2,5.04,1.16,2012_61_vienna_erste_bank_open,2012_61_vienna_erste_bank_open_2012-10-19_QF_zemlja_g_haas_t
tennis_data_uk,atp,2012,61,Erste Bank Open,Vienna,2012-10-20,atp_250,False,hard,SF,4,3,Del Potro J.M.,Muller G.,8,81,3670,614,2,0,7,6,7,6,,,,,,,completed,1.11,7.0,1.14,6.92,1.14,7.6,1.11,6.48,2012_61_vienna_erste_bank_open,2012_61_vienna_erste_bank_open_2012-10-20_SF_del_potro_j_m_muller_g
tennis_data_uk,atp,2012,61,Erste Bank Open,Vienna,2012-10-20,atp_250,False,hard,SF,4,3,Zemlja G.,Tipsarevic J.,70,9,660,3265,2,1,3,6,7,6,6,2,,,,,completed,6.0,1.14,6.16,1.17,6.9,1.17,5.55,1.14,2012_61_vienna_erste_bank_open,2012_61_vienna_erste_bank_open_2012-10-20_SF_zemlja_g_tipsarevic_j
tennis_data_uk,atp,2012,61,Erste Bank Open,Vienna,2012-10-21,atp_250,False,hard,F,2,3,Del Potro J.M.,Zemlja G.,8,70,3670,660,2,0,7,5,6,3,,,,,,,completed,1.08,8.0,1.1,9.2,1.11,9.2,1.09,7.36,2012_61_vienna_erste_bank_open,2012_61_vienna_erste_bank_open_2012-10-21_F_del_potro_j_m_zemlja_g
tennis_data_uk,atp,2012,62,Swiss Indoors,Basel,2012-10-22,atp_500,False,hard,R32,32,3,Kubot L.,Lacko L.,67,52,675,800,2,0,6,4,6,4,,,,,,,completed,2.0,1.72,2.1,1.81,2.16,1.91,1.93,1.81,2012_62_basel_swiss_indoors,2012_62_basel_swiss_indoors_2012-10-22_R32_kubot_l_lacko_l
tennis_data_uk,atp,2012,62,Swiss Indoors,Basel,2012-10-22,atp_500,False,hard,R32,32,3,Benneteau J.,Kuznetsov An.,37,73,1050,646,2,1,4,6,6,3,6,3,,,,,completed,1.4,2.75,1.48,2.84,1.51,3.13,1.44,2.72,2012_62_basel_swiss_indoors,2012_62_basel_swiss_indoors_2012-10-22_R32_benneteau_j_kuznetsov_an
tennis_data_uk,atp,2012,62,Swiss Indoors,Basel,2012-10-22,atp_500,False,hard,R32,32,3,Federer R.,Becker B.,1,83,12165,615,2,0,7,5,6,3,,,,,,,completed,1.01,23.0,1.01,25.62,1.03,41.0,1.01,18.97,2012_62_basel_swiss_indoors,2012_62_basel_swiss_indoors_2012-10-22_R32_federer_r_becker_b
tennis_data_uk,atp,2012,62,Swiss Indoors,Basel,2012-10-22,atp_500,False,hard,R32,32,3,Gasquet R.,Haase R.,13,49,2415,825,2,1,4,6,6,3,6,2,,,,,completed,1.12,6.0,1.2,5.19,1.2,6.1,1.14,5.29,2012_62_basel_swiss_indoors,2012_62_basel_swiss_indoors_2012-10-22_R32_gasquet_r_haase_r
tennis_data_uk,atp,2012,62,Swiss Indoors,Basel,2012-10-23,atp_500,False,hard,R32,32,3,Youzhny M.,Tomic B.,27,48,1335,825,2,0,6,0,6,2,,,,,,,completed,1.25,3.75,1.33,3.58,1.33,4.1,1.28,3.54,2012_62_basel_swiss_indoors,2012_62_basel_swiss_indoors_2012-10-23_R32_youzhny_m_tomic_b
tennis_data_uk,atp,2012,62,Swiss Indoors,Basel,2012-10-23,atp_500,False,hard,R32,32,3,Ebden M.,Hanescu V.,115,59,493,737,2,0,6,3,7,6,,,,,,,completed,2.0,1.72,2.06,1.84,2.15,1.87,1.97,1.79,2012_62_basel_swiss_indoors,2012_62_basel_swiss_indoors_2012-10-23_R32_ebden_m_hanescu_v
tennis_data_uk,atp,2012,62,Swiss Indoors,Basel,2012-10-23,atp_500,False,hard,R32,32,3,Baker B.,Stepanek R.,57,36,762,1070,2,1,2,6,7,6,6,3,,,,,completed,5.0,1.16,4.67,1.23,5.9,1.25,4.46,1.19,2012_62_basel_swiss_indoors,2012_62_basel_swiss_indoors_2012-10-23_R32_baker_b_stepanek_r
tennis_data_uk,atp,2012,62,Swiss Indoors,Basel,2012-10-23,atp_500,False,hard,R32,32,3,Chiudinelli M.,Garcia-Lopez G.,149,65,363,681,2,1,5,7,6,3,6,4,,,,,completed,1.4,2.75,1.51,2.72,1.62,2.8,1.49,2.54,2012_62_basel_swiss_indoors,2012_62_basel_swiss_indoors_2012-10-23_R32_chiudinelli_m_garcia_lopez_g
tennis_data_uk,atp,2012,62,Swiss Indoors,Basel,2012-10-23,atp_500,False,hard,R32,32,3,Davydenko N.,Wawrinka S.,42,17,920,1955,2,0,7,6,7,6,,,,,,,completed,3.5,1.28,3.54,1.34,4.1,1.34,3.48,1.29,2012_62_basel_swiss_indoors,2012_62_basel_swiss_indoors_2012-10-23_R32_davydenko_n_wawrinka_s
tennis_data_uk,atp,2012,62,Swiss Indoors,Basel,2012-10-23,atp_500,False,hard,R32,32,3,Anderson K.,Nieminen J.,39,43,1020,897,2,0,7,6,6,3,,,,,,,completed,1.57,2.25,1.68,2.31,1.68,2.52,1.63,2.22,2012_62_basel_swiss_indoors,2012_62_basel_swiss_indoors_2012-10-23_R32_anderson_k_nieminen_j
tennis_data_uk,atp,2012,62,Swiss Indoors,Basel,2012-10-23,atp_500,False,hard,R32,32,3,Dimitrov G.,Troicki V.,62,32,706,1135,2,0,6,3,6,2,,,,,,,completed,1.72,2.0,1.87,2.03,1.95,2.09,1.81,1.95,2012_62_basel_swiss_indoors,2012_62_basel_swiss_indoors_2012-10-23_R32_dimitrov_g_troicki_v
tennis_data_uk,atp,2012,62,Swiss Indoors,Basel,2012-10-23,atp_500,False,hard,R32,32,3,Bellucci T.,Soeda G.,34,56,1097,772,2,1,4,6,6,4,6,3,,,,,completed,1.4,2.75,1.45,2.94,1.53,3.1,1.44,2.71,2012_62_basel_swiss_indoors,2012_62_basel_swiss_indoors_2012-10-23_R32_bellucci_t_soeda_g
tennis_data_uk,atp,2012,62,Swiss Indoors,Basel,2012-10-24,atp_500,False,hard,R32,32,3,Mathieu P.H.,Laaksonen H.,101,345,538,122,2,0,6,2,7,5,,,,,,,completed,1.1,7.0,1.12,7.44,1.13,8.35,1.1,6.68,2012_62_basel_swiss_indoors,2012_62_basel_swiss_indoors_2012-10-24_R32_mathieu_p_h_laaksonen_h
tennis_data_uk,atp,2012,62,Swiss Indoors,Basel,2012-10-24,atp_500,False,hard,R32,32,3,Paire B.,Seppi A.,46,22,832,1620,2,1,4,6,6,2,6,3,,,,,completed,3.0,1.36,3.13,1.41,3.3,1.45,2.85,1.4,2012_62_basel_swiss_indoors,2012_62_basel_swiss_indoors_2012-10-24_R32_paire_b_seppi_a
tennis_data_uk,atp,2012,62,Swiss Indoors,Basel,2012-10-24,atp_500,False,hard,R32,32,3,Matosevic M.,Mayer F.,51,28,808,1295,2,0,6,2,6,3,,,,,,,completed,2.75,1.4,2.97,1.44,3.2,1.48,2.78,1.42,2012_62_basel_swiss_indoors,2012_62_basel_swiss_indoors_2012-10-24_R32_matosevic_m_mayer_f
tennis_data_uk,atp,2012,62,Swiss Indoors,Basel,2012-10-24,atp_500,False,hard,R32,32,3,Del Potro J.M.,Falla A.,8,54,3740,794,2,0,6,4,6,1,,,,,,,completed,1.06,10.0,1.06,11.63,1.07,15.0,1.05,9.87,2012_62_basel_swiss_indoors,2012_62_basel_swiss_indoors_2012-10-24_R32_del_potro_j_m_falla_a
tennis_data_uk,atp,2012,62,Swiss Indoors,Basel,2012-10-24,atp_500,False,hard,R16,16,3,Dimitrov G.,Benneteau J.,62,37,706,1050,2,1,7,6,6,7,7,6,,,,,completed,1.8,1.9,1.88,2.03,1.89,2.1,1.82,1.92,2012_62_basel_swiss_indoors,2012_62_basel_swiss_indoors_2012-10-24_R16_dimitrov_g_benneteau_j
tennis_data_uk,atp,2012,62,Swiss Indoors,Basel,2012-10-24,atp_500,False,hard,R16,16,3,Federer R.,Bellucci T.,1,34,12165,1097,2,1,6,3,6,7,7,5,,,,,completed,1.04,13.0,1.02,21.0,1.06,21.0,1.04,11.25,2012_62_basel_swiss_indoors,2012_62_basel_swiss_indoors_2012-10-24_R16_federer_r_bellucci_t
tennis_data_uk,atp,2012,62,Swiss Indoors,Basel,2012-10-24,atp_500,False,hard,R16,16,3,Gasquet R.,Chiudinelli M.,13,149,2415,363,2,0,6,1,6,4,,,,,,,completed,2.75,1.4,2.72,1.51,2.8,1.62,2.54,1.49,2012_62_basel_swiss_indoors,2012_62_basel_swiss_indoors_2012-10-24_R16_gasquet_r_chiudinelli_m
tennis_data_uk,atp,2012,62,Swiss Indoors,Basel,2012-10-25,atp_500,False,hard,R16,16,3,Paire B.,Kubot L.,46,67,832,675,2,0,6,4,6,4,,,,,,,completed,1.66,2.1,1.77,2.18,1.79,2.34,1.71,2.08,2012_62_basel_swiss_indoors,2012_62_basel_swiss_indoors_2012-10-25_R16_paire_b_kubot_l
tennis_data_uk,atp,2012,62,Swiss Indoors,Basel,2012-10-25,atp_500,False,hard,R16,16,3,Youzhny M.,Ebden M.,27,115,1335,493,2,0,6,3,6,1,,,,,,,completed,1.11,6.5,1.13,7.07,1.15,7.6,1.12,5.98,2012_62_basel_swiss_indoors,2012_62_basel_swiss_indoors_2012-10-25_R16_youzhny_m_ebden_m
tennis_data_uk,atp,2012,62,Swiss Indoors,Basel,2012-10-25,atp_500,False,hard,R16,16,3,Mathieu P.H.,Davydenko N.,101,42,538,920,2,1,6,3,6,7,6,4,,,,,completed,2.5,1.5,2.73,1.52,2.8,1.61,2.54,1.5,2012_62_basel_swiss_indoors,2012_62_basel_swiss_indoors_2012-10-25_R16_mathieu_p_h_davydenko_n
tennis_data_uk,atp,2012,62,Swiss Indoors,Basel,2012-10-25,atp_500,False,hard,R16,16,3,Del Potro J.M.,Baker B.,8,57,3740,762,2,0,7,5,6,1,,,,,,,completed,1.07,9.0,1.11,8.04,1.11,10.5,1.07,8.11,2012_62_basel_swiss_indoors,2012_62_basel_swiss_indoors_2012-10-25_R16_del_potro_j_m_baker_b
tennis_data_uk,atp,2012,62,Swiss Indoors,Basel,2012-10-25,atp_500,False,hard,R16,16,3,Anderson K.,Matosevic M.,39,51,1020,808,2,1,6,3,6,7,6,3,,,,,completed,1.3,3.4,1.37,3.39,1.4,3.45,1.34,3.13,2012_62_basel_swiss_indoors,2012_62_basel_swiss_indoors_2012-10-25_R16_anderson_k_matosevic_m
tennis_data_uk,atp,2012,62,Swiss Indoors,Basel,2012-10-26,atp_500,False,hard,QF,8,3,Gasquet R.,Youzhny M.,13,27,2415,1335,2,0,6,2,7,6,,,,,,,completed,1.66,2.1,1.76,2.22,1.86,2.22,1.73,2.06,2012_62_basel_swiss_indoors,2012_62_basel_swiss_indoors_2012-10-26_QF_gasquet_r_youzhny_m
tennis_data_uk,atp,2012,62,Swiss Indoors,Basel,2012-10-26,atp_500,False,hard,QF,8,3,Del Potro J.M.,Anderson K.,8,39,3740,1020,2,1,3,6,7,6,6,2,,,,,completed,1.12,6.0,1.17,6.12,1.17,6.8,1.13,5.76,2012_62_basel_swiss_indoors,2012_62_basel_swiss_indoors_2012-10-26_QF_del_potro_j_m_anderson_k
tennis_data_uk,atp,2012,62,Swiss Indoors,Basel,2012-10-26,atp_500,False,hard,QF,8,3,Mathieu P.H.,Dimitrov G.,101,62,538,706,2,0,7,6,7,6,,,,,,,completed,2.37,1.53,2.52,1.61,2.55,1.63,2.4,1.55,2012_62_basel_swiss_indoors,2012_62_basel_swiss_indoors_2012-10-26_QF_mathieu_p_h_dimitrov_g
tennis_data_uk,atp,2012,62,Swiss Indoors,Basel,2012-10-26,atp_500,False,hard,QF,8,3,Federer R.,Paire B.,1,46,12165,832,2,0,6,2,6,2,,,,,,,completed,1.02,19.0,1.03,19.0,1.04,23.0,1.03,13.3,2012_62_basel_swiss_indoors,2012_62_basel_swiss_indoors_2012-10-26_QF_federer_r_paire_b
tennis_data_uk,atp,2012,62,Swiss Indoors,Basel,2012-10-27,atp_500,False,hard,SF,4,3,Del Potro J.M.,Gasquet R.,8,13,3740,2415,2,0,6,2,6,2,,,,,,,completed,1.4,2.75,1.51,2.82,1.51,3.05,1.42,2.77,2012_62_basel_swiss_indoors,2012_62_basel_swiss_indoors_2012-10-27_SF_del_potro_j_m_gasquet_r
tennis_data_uk,atp,2012,62,Swiss Indoors,Basel,2012-10-27,atp_500,False,hard,SF,4,3,Federer R.,Mathieu P.H.,1,101,12165,538,2,0,7,5,6,4,,,,,,,completed,1.02,17.0,1.04,18.0,1.05,20.0,1.03,12.61,2012_62_basel_swiss_indoors,2012_62_basel_swiss_indoors_2012-10-27_SF_federer_r_mathieu_p_h
tennis_data_uk,atp,2012,62,Swiss Indoors,Basel,2012-10-28,atp_500,False,hard,F,2,3,Del Potro J.M.,Federer R.,8,1,3740,12165,2,1,6,4,6,7,7,6,,,,,completed,3.75,1.28,3.92,1.31,4.05,1.31,3.61,1.28,2012_62_basel_swiss_indoors,2012_62_basel_swiss_indoors_2012-10-28_F_del_potro_j_m_federer_r
tennis_data_uk,atp,2012,63,Valencia Open 500,Valencia,2012-10-21,atp_500,False,hard,R32,32,3,Cilic M.,Klizan M.,14,30,2370,1193,2,1,1,6,6,0,6,3,,,,,completed,1.2,4.33,1.25,4.33,1.26,4.45,1.23,4.04,2012_63_valencia_valencia_open_500,2012_63_valencia_valencia_open_500_2012-10-21_R32_cilic_m_klizan_m
tennis_data_uk,atp,2012,63,Valencia Open 500,Valencia,2012-10-22,atp_500,False,hard,R32,32,3,Goffin D.,Andujar P.,45,40,853,950,2,0,6,2,6,2,,,,,,,completed,1.38,2.87,1.45,2.94,1.53,3.0,1.41,2.8,2012_63_valencia_valencia_open_500,2012_63_valencia_valencia_open_500_2012-10-22_R32_goffin_d_andujar_p
tennis_data_uk,atp,2012,63,Valencia Open 500,Valencia,2012-10-22,atp_500,False,hard,R32,32,3,Hewitt L.,Monaco J.,91,10,580,2775,2,0,6,3,6,4,,,,,,,completed,3.5,1.28,3.78,1.31,3.78,1.34,3.46,1.29,2012_63_valencia_valencia_open_500,2012_63_valencia_valencia_open_500_2012-10-22_R32_hewitt_l_monaco_j
tennis_data_uk,atp,2012,63,Valencia Open 500,Valencia,2012-10-22,atp_500,False,hard,R32,32,3,Dodig I.,Kohlschreiber P.,110,18,517,1830,2,0,6,2,7,6,,,,,,,completed,2.5,1.5,2.58,1.56,2.92,1.57,2.54,1.49,2012_63_valencia_valencia_open_500,2012_63_valencia_valencia_open_500_2012-10-22_R32_dodig_i_kohlschreiber_p
tennis_data_uk,atp,2012,63,Valencia Open 500,Valencia,2012-10-22,atp_500,False,hard,R32,32,3,Verdasco F.,Robredo T.,24,114,1525,495,2,0,6,3,6,4,,,,,,,completed,1.28,3.5,1.31,3.75,1.33,4.33,1.29,3.48,2012_63_valencia_valencia_open_500,2012_63_valencia_valencia_open_500_2012-10-22_R32_verdasco_f_robredo_t
tennis_data_uk,atp,2012,63,Valencia Open 500,Valencia,2012-10-22,atp_500,False,hard,R32,32,3,Isner J.,Fognini F.,11,44,2565,895,2,1,6,3,6,7,7,5,,,,,completed,1.16,5.0,1.2,5.17,1.21,6.1,1.16,4.95,2012_63_valencia_valencia_open_500,2012_63_valencia_valencia_open_500_2012-10-22_R32_isner_j_fognini_f
tennis_data_uk,atp,2012,63,Valencia Open 500,Valencia,2012-10-22,atp_500,False,hard,R32,32,3,Ramos A.,Ram R.,47,93,830,563,2,0,6,3,6,3,,,,,,,completed,1.53,2.37,1.59,2.49,1.63,2.82,1.57,2.37,2012_63_valencia_valencia_open_500,2012_63_valencia_valencia_open_500_2012-10-22_R32_ramos_a_ram_r
tennis_data_uk,atp,2012,63,Valencia Open 500,Valencia,2012-10-23,atp_500,False,hard,R32,32,3,Dolgopolov O.,Volandri F.,21,90,1680,582,2,0,6,3,7,6,,,,,,,completed,1.07,9.0,1.08,9.76,1.09,10.0,1.07,8.23,2012_63_valencia_valencia_open_500,2012_63_valencia_valencia_open_500_2012-10-23_R32_dolgopolov_o_volandri_f
tennis_data_uk,atp,2012,63,Valencia Open 500,Valencia,2012-10-23,atp_500,False,hard,R32,32,3,Querrey S.,Lopez F.,23,35,1560,1085,2,0,6,3,7,6,,,,,,,completed,1.57,2.25,1.6,2.47,1.7,2.47,1.62,2.25,2012_63_valencia_valencia_open_500,2012_63_valencia_valencia_open_500_2012-10-23_R32_querrey_s_lopez_f
tennis_data_uk,atp,2012,63,Valencia Open 500,Valencia,2012-10-23,atp_500,False,hard,R32,32,3,Ferrer D.,Rochus O.,5,104,5360,534,2,0,7,5,7,5,,,,,,,completed,1.06,10.0,1.09,8.43,1.11,11.0,1.07,8.35,2012_63_valencia_valencia_open_500,2012_63_valencia_valencia_open_500_2012-10-23_R32_ferrer_d_rochus_o
tennis_data_uk,atp,2012,63,Valencia Open 500,Valencia,2012-10-23,atp_500,False,hard,R32,32,3,Melzer J.,Berlocq C.,38,53,1032,800,2,0,6,3,6,3,,,,,,,completed,1.36,3.0,1.41,3.13,1.45,3.2,1.38,2.97,2012_63_valencia_valencia_open_500,2012_63_valencia_valencia_open_500_2012-10-23_R32_melzer_j_berlocq_c
tennis_data_uk,atp,2012,63,Valencia Open 500,Valencia,2012-10-23,atp_500,False,hard,R32,32,3,Almagro N.,Ferrero J.C.,12,161,2435,325,2,0,7,5,6,3,,,,,,,completed,1.14,5.5,1.18,5.54,1.18,6.1,1.16,5.04,2012_63_valencia_valencia_open_500,2012_63_valencia_valencia_open_500_2012-10-23_R32_almagro_n_ferrero_j_c
tennis_data_uk,atp,2012,63,Valencia Open 500,Valencia,2012-10-23,atp_500,False,hard,R32,32,3,Malisse X.,Tsonga J.W.,58,7,746,4815,0,0,3,1,,,,,,,,,retired,4.5,1.18,5.18,1.2,5.8,1.32,4.47,1.2,2012_63_valencia_valencia_open_500,2012_63_valencia_valencia_open_500_2012-10-23_R32_malisse_x_tsonga_j_w
tennis_data_uk,atp,2012,63,Valencia Open 500,Valencia,2012-10-23,atp_500,False,hard,R32,32,3,Simon G.,Tipsarevic J.,19,9,1815,3160,0,0,5,4,,,,,,,,,retired,1.72,2.0,1.94,1.94,2.05,2.02,1.85,1.9,2012_63_valencia_valencia_open_500,2012_63_valencia_valencia_open_500_2012-10-23_R32_simon_g_tipsarevic_j
tennis_data_uk,atp,2012,63,Valencia Open 500,Valencia,2012-10-24,atp_500,False,hard,R32,32,3,Granollers M.,Hajek J.,25,113,1475,507,2,0,7,5,6,4,,,,,,,completed,1.25,3.75,1.32,3.7,1.33,3.95,1.27,3.63,2012_63_valencia_valencia_open_500,2012_63_valencia_valencia_open_500_2012-10-24_R32_granollers_m_hajek_j
tennis_data_uk,atp,2012,63,Valencia Open 500,Valencia,2012-10-24,atp_500,False,hard,R32,32,3,Muller G.,Raonic M.,63,15,684,2300,2,0,7,5,7,6,,,,,,,completed,4.33,1.2,4.21,1.26,4.6,1.26,4.15,1.22,2012_63_valencia_valencia_open_500,2012_63_valencia_valencia_open_500_2012-10-24_R32_muller_g_raonic_m
tennis_data_uk,atp,2012,63,Valencia Open 500,Valencia,2012-10-24,atp_500,False,hard,R16,16,3,Goffin D.,Isner J.,45,11,853,2565,2,1,7,6,4,6,6,4,,,,,completed,3.4,1.3,3.33,1.38,3.8,1.38,3.37,1.31,2012_63_valencia_valencia_open_500,2012_63_valencia_valencia_open_500_2012-10-24_R16_goffin_d_isner_j
tennis_data_uk,atp,2012,63,Valencia Open 500,Valencia,2012-10-24,atp_500,False,hard,R16,16,3,Cilic M.,Verdasco F.,14,24,2370,1525,2,0,6,1,6,4,,,,,,,completed,1.57,2.25,1.61,2.48,1.7,2.5,1.63,2.25,2012_63_valencia_valencia_open_500,2012_63_valencia_valencia_open_500_2012-10-24_R16_cilic_m_verdasco_f
tennis_data_uk,atp,2012,63,Valencia Open 500,Valencia,2012-10-24,atp_500,False,hard,R16,16,3,Dodig I.,Hewitt L.,110,91,517,580,2,1,6,1,3,6,6,2,,,,,completed,2.0,1.72,1.78,2.17,2.0,2.17,1.88,1.87,2012_63_valencia_valencia_open_500,2012_63_valencia_valencia_open_500_2012-10-24_R16_dodig_i_hewitt_l
tennis_data_uk,atp,2012,63,Valencia Open 500,Valencia,2012-10-25,atp_500,False,hard,R16,16,3,Melzer J.,Malisse X.,38,58,1032,746,2,0,7,5,6,2,,,,,,,completed,1.8,1.9,1.85,2.07,1.92,2.07,1.82,1.94,2012_63_valencia_valencia_open_500,2012_63_valencia_valencia_open_500_2012-10-25_R16_melzer_j_malisse_x
tennis_data_uk,atp,2012,63,Valencia Open 500,Valencia,2012-10-25,atp_500,False,hard,R16,16,3,Dolgopolov O.,Muller G.,21,63,1680,684,2,0,6,4,6,4,,,,,,,completed,1.66,2.1,1.68,2.34,1.85,2.34,1.67,2.15,2012_63_valencia_valencia_open_500,2012_63_valencia_valencia_open_500_2012-10-25_R16_dolgopolov_o_muller_g
tennis_data_uk,atp,2012,63,Valencia Open 500,Valencia,2012-10-25,atp_500,False,hard,R16,16,3,Granollers M.,Simon G.,25,19,1475,1815,2,1,6,7,6,3,6,2,,,,,completed,2.5,1.5,2.59,1.56,2.7,1.57,2.48,1.51,2012_63_valencia_valencia_open_500,2012_63_valencia_valencia_open_500_2012-10-25_R16_granollers_m_simon_g
tennis_data_uk,atp,2012,63,Valencia Open 500,Valencia,2012-10-25,atp_500,False,hard,R16,16,3,Ferrer D.,Ramos A.,5,47,5360,830,2,0,6,4,6,2,,,,,,,completed,1.06,10.0,1.07,11.25,1.08,11.75,1.06,8.77,2012_63_valencia_valencia_open_500,2012_63_valencia_valencia_open_500_2012-10-25_R16_ferrer_d_ramos_a
tennis_data_uk,atp,2012,63,Valencia Open 500,Valencia,2012-10-25,atp_500,False,hard,R16,16,3,Almagro N.,Querrey S.,12,23,2435,1560,2,1,6,4,6,7,6,0,,,,,completed,2.0,1.72,2.07,1.85,2.12,1.95,1.94,1.81,2012_63_valencia_valencia_open_500,2012_63_valencia_valencia_open_500_2012-10-25_R16_almagro_n_querrey_s
tennis_data_uk,atp,2012,63,Valencia Open 500,Valencia,2012-10-26,atp_500,False,hard,QF,8,3,Melzer J.,Goffin D.,38,45,1032,853,2,0,7,6,6,4,,,,,,,completed,2.2,1.61,2.24,1.75,2.38,1.77,2.09,1.71,2012_63_valencia_valencia_open_500,2012_63_valencia_valencia_open_500_2012-10-26_QF_melzer_j_goffin_d
tennis_data_uk,atp,2012,63,Valencia Open 500,Valencia,2012-10-26,atp_500,False,hard,QF,8,3,Dolgopolov O.,Granollers M.,21,25,1680,1475,2,0,6,0,6,2,,,,,,,completed,1.57,2.25,1.64,2.44,1.7,2.44,1.62,2.25,2012_63_valencia_valencia_open_500,2012_63_valencia_valencia_open_500_2012-10-26_QF_dolgopolov_o_granollers_m
tennis_data_uk,atp,2012,63,Valencia Open 500,Valencia,2012-10-26,atp_500,False,hard,QF,8,3,Ferrer D.,Almagro N.,5,12,5360,2435,2,0,6,3,7,5,,,,,,,completed,1.3,3.4,1.34,3.67,1.39,3.67,1.32,3.33,2012_63_valencia_valencia_open_500,2012_63_valencia_valencia_open_500_2012-10-26_QF_ferrer_d_almagro_n
tennis_data_uk,atp,2012,63,Valencia Open 500,Valencia,2012-10-26,atp_500,False,hard,QF,8,3,Dodig I.,Cilic M.,110,14,517,2370,2,0,6,2,7,6,,,,,,,completed,4.5,1.18,4.72,1.24,4.8,1.3,4.1,1.23,2012_63_valencia_valencia_open_500,2012_63_valencia_valencia_open_500_2012-10-26_QF_dodig_i_cilic_m
tennis_data_uk,atp,2012,63,Valencia Open 500,Valencia,2012-10-27,atp_500,False,hard,SF,4,3,Ferrer D.,Dodig I.,5,110,5360,517,2,1,6,4,6,7,6,1,,,,,completed,1.14,5.5,1.17,6.08,1.17,7.2,1.14,5.48,2012_63_valencia_valencia_open_500,2012_63_valencia_valencia_open_500_2012-10-27_SF_ferrer_d_dodig_i
tennis_data_uk,atp,2012,63,Valencia Open 500,Valencia,2012-10-27,atp_500,False,hard,SF,4,3,Dolgopolov O.,Melzer J.,21,38,1680,1032,2,0,6,4,6,2,,,,,,,completed,1.38,2.87,1.54,2.7,1.6,3.05,1.44,2.71,2012_63_valencia_valencia_open_500,2012_63_valencia_valencia_open_500_2012-10-27_SF_dolgopolov_o_melzer_j
tennis_data_uk,atp,2012,63,Valencia Open 500,Valencia,2012-10-28,atp_500,False,hard,F,2,3,Ferrer D.,Dolgopolov O.,5,21,5360,1680,2,1,6,1,3,6,6,4,,,,,completed,1.36,3.25,1.36,3.54,1.38,3.9,1.33,3.24,2012_63_valencia_valencia_open_500,2012_63_valencia_valencia_open_500_2012-10-28_F_ferrer_d_dolgopolov_o
tennis_data_uk,atp,2012,64,BNP Paribas Masters,Paris,2012-10-29,masters_1000,False,hard,R64,64,3,Seppi A.,Klizan M.,22,29,1620,1193,2,1,6,2,2,6,7,6,,,,,completed,1.4,2.75,1.5,2.8,1.56,3.0,1.48,2.6,2012_64_paris_bnp_paribas_masters,2012_64_paris_bnp_paribas_masters_2012-10-29_R64_seppi_a_klizan_m
tennis_data_uk,atp,2012,64,BNP Paribas Masters,Paris,2012-10-29,masters_1000,False,hard,R64,64,3,Berlocq C.,Istomin D.,54,43,800,907,2,0,7,6,6,2,,,,,,,completed,4.0,1.22,4.1,1.28,4.45,1.3,3.75,1.26,2012_64_paris_bnp_paribas_masters,2012_64_paris_bnp_paribas_masters_2012-10-29_R64_berlocq_c_istomin_d
tennis_data_uk,atp,2012,64,BNP Paribas Masters,Paris,2012-10-29,masters_1000,False,hard,R64,64,3,Anderson K.,Bellucci T.,39,35,1020,1112,2,0,6,2,6,1,,,,,,,completed,1.53,2.37,1.7,2.29,1.71,2.6,1.62,2.24,2012_64_paris_bnp_paribas_masters,2012_64_paris_bnp_paribas_masters_2012-10-29_R64_anderson_k_bellucci_t
tennis_data_uk,atp,2012,64,BNP Paribas Masters,Paris,2012-10-29,masters_1000,False,hard,R64,64,3,Janowicz J.,Kohlschreiber P.,69,19,682,1830,2,0,7,6,6,4,,,,,,,completed,2.37,1.53,2.44,1.63,2.56,1.63,2.35,1.57,2012_64_paris_bnp_paribas_masters,2012_64_paris_bnp_paribas_masters_2012-10-29_R64_janowicz_j_kohlschreiber_p
tennis_data_uk,atp,2012,64,BNP Paribas Masters,Paris,2012-10-29,masters_1000,False,hard,R64,64,3,Benneteau J.,Troicki V.,37,33,1075,1135,2,0,6,4,7,5,,,,,,,completed,1.28,3.5,1.32,3.75,1.4,3.8,1.33,3.24,2012_64_paris_bnp_paribas_masters,2012_64_paris_bnp_paribas_masters_2012-10-29_R64_benneteau_j_troicki_v
tennis_data_uk,atp,2012,64,BNP Paribas Masters,Paris,2012-10-29,masters_1000,False,hard,R64,64,3,Falla A.,Mayer F.,56,28,794,1295,2,0,7,6,6,2,,,,,,,completed,2.0,1.72,2.37,1.66,2.37,1.8,2.08,1.71,2012_64_paris_bnp_paribas_masters,2012_64_paris_bnp_paribas_masters_2012-10-29_R64_falla_a_mayer_f
tennis_data_uk,atp,2012,64,BNP Paribas Masters,Paris,2012-10-29,masters_1000,False,hard,R64,64,3,Granollers M.,Youzhny M.,24,27,1545,1335,2,0,6,4,6,3,,,,,,,completed,4.5,1.18,4.18,1.27,5.2,1.27,4.08,1.23,2012_64_paris_bnp_paribas_masters,2012_64_paris_bnp_paribas_masters_2012-10-29_R64_granollers_m_youzhny_m
tennis_data_uk,atp,2012,64,BNP Paribas Masters,Paris,2012-10-29,masters_1000,False,hard,R64,64,3,Ramos A.,Lopez F.,48,36,830,1085,2,0,7,6,6,4,,,,,,,completed,3.25,1.33,3.27,1.39,3.35,1.42,3.06,1.36,2012_64_paris_bnp_paribas_masters,2012_64_paris_bnp_paribas_masters_2012-10-29_R64_ramos_a_lopez_f
tennis_data_uk,atp,2012,64,BNP Paribas Masters,Paris,2012-10-29,masters_1000,False,hard,R64,64,3,Simon G.,Baghdatis M.,20,32,1815,1150,2,0,7,5,6,1,,,,,,,completed,1.57,2.25,1.66,2.38,1.73,2.38,1.64,2.21,2012_64_paris_bnp_paribas_masters,2012_64_paris_bnp_paribas_masters_2012-10-29_R64_simon_g_baghdatis_m
tennis_data_uk,atp,2012,64,BNP Paribas Masters,Paris,2012-10-29,masters_1000,False,hard,R64,64,3,Paire B.,Andujar P.,44,40,902,950,2,0,6,3,6,4,,,,,,,completed,1.16,5.0,1.19,5.36,1.25,5.5,1.2,4.44,2012_64_paris_bnp_paribas_masters,2012_64_paris_bnp_paribas_masters_2012-10-29_R64_paire_b_andujar_p
tennis_data_uk,atp,2012,64,BNP Paribas Masters,Paris,2012-10-30,masters_1000,False,hard,R64,64,3,Chardy J.,Garcia-Lopez G.,34,70,1131,677,2,0,6,0,6,3,,,,,,,completed,1.61,2.2,1.67,2.36,1.72,2.44,1.63,2.22,2012_64_paris_bnp_paribas_masters,2012_64_paris_bnp_paribas_masters_2012-10-30_R64_chardy_j_garcia_lopez_g
tennis_data_uk,atp,2012,64,BNP Paribas Masters,Paris,2012-10-30,masters_1000,False,hard,R64,64,3,Dimitrov G.,Melzer J.,55,30,796,1167,2,0,7,6,6,2,,,,,,,completed,1.61,2.2,1.65,2.38,1.7,2.38,1.63,2.23,2012_64_paris_bnp_paribas_masters,2012_64_paris_bnp_paribas_masters_2012-10-30_R64_dimitrov_g_melzer_j
tennis_data_uk,atp,2012,64,BNP Paribas Masters,Paris,2012-10-30,masters_1000,False,hard,R64,64,3,Mathieu P.H.,Bautista R.,64,82,718,625,2,0,6,4,7,5,,,,,,,completed,1.38,2.87,1.41,3.16,1.45,3.25,1.4,2.86,2012_64_paris_bnp_paribas_masters,2012_64_paris_bnp_paribas_masters_2012-10-30_R64_mathieu_p_h_bautista_r
tennis_data_uk,atp,2012,64,BNP Paribas Masters,Paris,2012-10-30,masters_1000,False,hard,R64,64,3,Sijsling I.,Dolgopolov O.,75,18,642,1935,2,0,6,4,6,2,,,,,,,completed,2.75,1.4,2.88,1.48,3.15,1.48,2.78,1.42,2012_64_paris_bnp_paribas_masters,2012_64_paris_bnp_paribas_masters_2012-10-30_R64_sijsling_i_dolgopolov_o
tennis_data_uk,atp,2012,64,BNP Paribas Masters,Paris,2012-10-30,masters_1000,False,hard,R64,64,3,Llodra M.,Gimeno-Traver D.,121,68,473,684,2,0,7,5,6,3,,,,,,,completed,1.28,3.5,,,1.33,4.25,1.26,3.71,2012_64_paris_bnp_paribas_masters,2012_64_paris_bnp_paribas_masters_2012-10-30_R64_llodra_m_gimeno_traver_d
tennis_data_uk,atp,2012,64,BNP Paribas Masters,Paris,2012-10-30,masters_1000,False,hard,R64,64,3,Querrey S.,Verdasco F.,23,25,1560,1525,1,0,6,1,1,1,,,,,,,retired,1.5,2.5,1.59,2.52,1.65,2.6,1.57,2.35,2012_64_paris_bnp_paribas_masters,2012_64_paris_bnp_paribas_masters_2012-10-30_R64_querrey_s_verdasco_f
tennis_data_uk,atp,2012,64,BNP Paribas Masters,Paris,2012-10-30,masters_1000,False,hard,R32,32,3,Janowicz J.,Cilic M.,69,15,682,2210,2,0,7,6,6,2,,,,,,,completed,3.25,1.33,3.56,1.34,3.56,1.4,3.07,1.36,2012_64_paris_bnp_paribas_masters,2012_64_paris_bnp_paribas_masters_2012-10-30_R32_janowicz_j_cilic_m
tennis_data_uk,atp,2012,64,BNP Paribas Masters,Paris,2012-10-30,masters_1000,False,hard,R32,32,3,Nishikori K.,Paire B.,16,44,2000,902,2,0,7,6,6,2,,,,,,,completed,1.36,3.0,1.47,2.92,1.47,3.0,1.4,2.87,2012_64_paris_bnp_paribas_masters,2012_64_paris_bnp_paribas_masters_2012-10-30_R32_nishikori_k_paire_b
tennis_data_uk,atp,2012,64,BNP Paribas Masters,Paris,2012-10-30,masters_1000,False,hard,R32,32,3,Wawrinka S.,Berlocq C.,17,54,1955,800,2,0,6,3,6,2,,,,,,,completed,1.12,6.0,1.18,5.63,1.18,6.5,1.13,5.62,2012_64_paris_bnp_paribas_masters,2012_64_paris_bnp_paribas_masters_2012-10-30_R32_wawrinka_s_berlocq_c
tennis_data_uk,atp,2012,64,BNP Paribas Masters,Paris,2012-10-30,masters_1000,False,hard,R32,32,3,Tsonga J.W.,Benneteau J.,7,37,4710,1075,2,1,6,2,4,6,7,6,,,,,completed,1.25,3.75,1.24,4.54,1.3,4.54,1.27,3.69,2012_64_paris_bnp_paribas_masters,2012_64_paris_bnp_paribas_masters_2012-10-30_R32_tsonga_j_w_benneteau_j
tennis_data_uk,atp,2012,64,BNP Paribas Masters,Paris,2012-10-30,masters_1000,False,hard,R32,32,3,Berdych T.,Seppi A.,6,22,4985,1620,2,0,7,6,6,2,,,,,,,completed,1.11,6.5,1.16,6.18,1.16,7.0,1.12,5.92,2012_64_paris_bnp_paribas_masters,2012_64_paris_bnp_paribas_masters_2012-10-30_R32_berdych_t_seppi_a
tennis_data_uk,atp,2012,64,BNP Paribas Masters,Paris,2012-10-31,masters_1000,False,hard,R32,32,3,Ferrer D.,Granollers M.,5,24,5610,1545,2,0,6,1,6,3,,,,,,,completed,1.1,7.0,1.14,6.86,1.15,8.2,1.12,6.12,2012_64_paris_bnp_paribas_masters,2012_64_paris_bnp_paribas_masters_2012-10-31_R32_ferrer_d_granollers_m
tennis_data_uk,atp,2012,64,BNP Paribas Masters,Paris,2012-10-31,masters_1000,False,hard,R32,32,3,Tipsarevic J.,Sijsling I.,9,75,3100,642,2,0,6,4,7,6,,,,,,,completed,1.33,3.25,1.45,2.98,1.45,3.6,1.38,2.96,2012_64_paris_bnp_paribas_masters,2012_64_paris_bnp_paribas_masters_2012-10-31_R32_tipsarevic_j_sijsling_i
tennis_data_uk,atp,2012,64,BNP Paribas Masters,Paris,2012-10-31,masters_1000,False,hard,R32,32,3,Anderson K.,Gasquet R.,39,12,1020,2550,2,1,7,6,4,6,6,1,,,,,completed,2.75,1.4,2.71,1.53,3.05,1.53,2.81,1.42,2012_64_paris_bnp_paribas_masters,2012_64_paris_bnp_paribas_masters_2012-10-31_R32_anderson_k_gasquet_r
tennis_data_uk,atp,2012,64,BNP Paribas Masters,Paris,2012-10-31,masters_1000,False,hard,R32,32,3,Monaco J.,Dimitrov G.,10,55,2775,796,2,0,7,6,6,2,,,,,,,completed,1.66,2.1,1.87,2.04,1.87,2.22,1.73,2.05,2012_64_paris_bnp_paribas_masters,2012_64_paris_bnp_paribas_masters_2012-10-31_R32_monaco_j_dimitrov_g
tennis_data_uk,atp,2012,64,BNP Paribas Masters,Paris,2012-10-31,masters_1000,False,hard,R32,32,3,Simon G.,Hanescu V.,20,61,1815,737,2,0,7,5,6,3,,,,,,,completed,1.11,6.5,1.13,7.04,1.15,7.6,1.13,5.84,2012_64_paris_bnp_paribas_masters,2012_64_paris_bnp_paribas_masters_2012-10-31_R32_simon_g_hanescu_v
tennis_data_uk,atp,2012,64,BNP Paribas Masters,Paris,2012-10-31,masters_1000,False,hard,R32,32,3,Querrey S.,Djokovic N.,23,2,1560,11970,2,1,0,6,7,6,6,4,,,,,completed,8.0,1.08,7.8,1.12,9.0,1.12,6.82,1.1,2012_64_paris_bnp_paribas_masters,2012_64_paris_bnp_paribas_masters_2012-10-31_R32_querrey_s_djokovic_n
tennis_data_uk,atp,2012,64,BNP Paribas Masters,Paris,2012-10-31,masters_1000,False,hard,R32,32,3,Almagro N.,Ramos A.,13,48,2435,830,2,1,7,6,6,7,6,3,,,,,completed,1.2,4.33,1.28,4.14,1.29,4.9,1.22,4.14,2012_64_paris_bnp_paribas_masters,2012_64_paris_bnp_paribas_masters_2012-10-31_R32_almagro_n_ramos_a
tennis_data_uk,atp,2012,64,BNP Paribas Masters,Paris,2012-10-31,masters_1000,False,hard,R32,32,3,Llodra M.,Isner J.,121,11,473,2565,2,0,6,4,7,6,,,,,,,completed,2.37,1.53,2.44,1.62,2.6,1.63,2.38,1.55,2012_64_paris_bnp_paribas_masters,2012_64_paris_bnp_paribas_masters_2012-10-31_R32_llodra_m_isner_j
tennis_data_uk,atp,2012,64,BNP Paribas Masters,Paris,2012-10-31,masters_1000,False,hard,R32,32,3,Del Potro J.M.,Falla A.,8,56,3990,794,2,0,6,2,6,2,,,,,,,completed,1.12,6.0,1.18,5.76,1.18,7.0,1.12,5.87,2012_64_paris_bnp_paribas_masters,2012_64_paris_bnp_paribas_masters_2012-10-31_R32_del_potro_j_m_falla_a
tennis_data_uk,atp,2012,64,BNP Paribas Masters,Paris,2012-10-31,masters_1000,False,hard,R32,32,3,Murray A.,Mathieu P.H.,3,64,7690,718,2,0,7,5,6,3,,,,,,,completed,1.05,11.0,1.08,10.15,1.1,11.0,1.06,8.79,2012_64_paris_bnp_paribas_masters,2012_64_paris_bnp_paribas_masters_2012-10-31_R32_murray_a_mathieu_p_h
tennis_data_uk,atp,2012,64,BNP Paribas Masters,Paris,2012-10-31,masters_1000,False,hard,R32,32,3,Raonic M.,Chardy J.,14,34,2300,1131,2,1,6,7,7,6,6,3,,,,,completed,1.4,2.75,1.38,3.33,1.45,3.33,1.4,2.88,2012_64_paris_bnp_paribas_masters,2012_64_paris_bnp_paribas_masters_2012-10-31_R32_raonic_m_chardy_j
tennis_data_uk,atp,2012,64,BNP Paribas Masters,Paris,2012-11-01,masters_1000,False,hard,R16,16,3,Berdych T.,Anderson K.,6,39,4985,1020,2,1,1,6,6,3,6,4,,,,,completed,1.22,4.0,1.27,4.26,1.29,4.3,1.24,3.9,2012_64_paris_bnp_paribas_masters,2012_64_paris_bnp_paribas_masters_2012-11-01_R16_berdych_t_anderson_k
tennis_data_uk,atp,2012,64,BNP Paribas Masters,Paris,2012-11-01,masters_1000,False,hard,R16,16,3,Simon G.,Nishikori K.,20,16,1815,2000,,,,,,,,,,,,,walkover,1.66,2.1,1.81,2.14,1.91,2.2,1.79,1.98,2012_64_paris_bnp_paribas_masters,2012_64_paris_bnp_paribas_masters_2012-11-01_R16_simon_g_nishikori_k
tennis_data_uk,atp,2012,64,BNP Paribas Masters,Paris,2012-11-01,masters_1000,False,hard,R16,16,3,Janowicz J.,Murray A.,69,3,682,7690,2,1,5,7,7,6,6,2,,,,,completed,11.0,1.05,11.5,1.07,11.5,1.08,8.98,1.06,2012_64_paris_bnp_paribas_masters,2012_64_paris_bnp_paribas_masters_2012-11-01_R16_janowicz_j_murray_a
tennis_data_uk,atp,2012,64,BNP Paribas Masters,Paris,2012-11-01,masters_1000,False,hard,R16,16,3,Tipsarevic J.,Monaco J.,9,10,3100,2775,2,1,6,3,3,6,6,3,,,,,completed,1.5,2.5,1.63,2.46,1.66,2.58,1.56,2.38,2012_64_paris_bnp_paribas_masters,2012_64_paris_bnp_paribas_masters_2012-11-01_R16_tipsarevic_j_monaco_j
tennis_data_uk,atp,2012,64,BNP Paribas Masters,Paris,2012-11-01,masters_1000,False,hard,R16,16,3,Llodra M.,Del Potro J.M.,121,8,473,3990,2,0,6,4,6,3,,,,,,,completed,4.33,1.2,4.8,1.23,5.3,1.25,4.21,1.22,2012_64_paris_bnp_paribas_masters,2012_64_paris_bnp_paribas_masters_2012-11-01_R16_llodra_m_del_potro_j_m
tennis_data_uk,atp,2012,64,BNP Paribas Masters,Paris,2012-11-01,masters_1000,False,hard,R16,16,3,Querrey S.,Raonic M.,23,14,1560,2300,2,0,6,3,7,6,,,,,,,completed,2.0,1.72,2.07,1.86,2.52,1.87,2.03,1.76,2012_64_paris_bnp_paribas_masters,2012_64_paris_bnp_paribas_masters_2012-11-01_R16_querrey_s_raonic_m
tennis_data_uk,atp,2012,64,BNP Paribas Masters,Paris,2012-11-01,masters_1000,False,hard,R16,16,3,Tsonga J.W.,Almagro N.,7,13,4710,2435,2,0,7,6,7,6,,,,,,,completed,1.18,4.5,1.21,5.17,1.25,5.17,1.21,4.3,2012_64_paris_bnp_paribas_masters,2012_64_paris_bnp_paribas_masters_2012-11-01_R16_tsonga_j_w_almagro_n
tennis_data_uk,atp,2012,64,BNP Paribas Masters,Paris,2012-11-01,masters_1000,False,hard,R16,16,3,Ferrer D.,Wawrinka S.,5,17,5610,1955,2,1,6,2,4,6,6,2,,,,,completed,1.44,2.62,1.46,2.98,1.49,3.1,1.42,2.8,2012_64_paris_bnp_paribas_masters,2012_64_paris_bnp_paribas_masters_2012-11-01_R16_ferrer_d_wawrinka_s
tennis_data_uk,atp,2012,64,BNP Paribas Masters,Paris,2012-11-02,masters_1000,False,hard,QF,8,3,Simon G.,Berdych T.,20,6,1815,4985,2,0,6,4,6,4,,,,,,,completed,3.5,1.28,3.67,1.34,3.7,1.35,3.37,1.31,2012_64_paris_bnp_paribas_masters,2012_64_paris_bnp_paribas_masters_2012-11-02_QF_simon_g_berdych_t
tennis_data_uk,atp,2012,64,BNP Paribas Masters,Paris,2012-11-02,masters_1000,False,hard,QF,8,3,Janowicz J.,Tipsarevic J.,69,9,682,3100,1,1,3,6,6,1,4,1,,,,,retired,2.62,1.44,2.75,1.52,2.75,1.67,2.52,1.51,2012_64_paris_bnp_paribas_masters,2012_64_paris_bnp_paribas_masters_2012-11-02_QF_janowicz_j_tipsarevic_j
tennis_data_uk,atp,2012,64,BNP Paribas Masters,Paris,2012-11-02,masters_1000,False,hard,QF,8,3,Ferrer D.,Tsonga J.W.,5,7,5610,4710,2,0,6,2,7,5,,,,,,,completed,2.0,1.72,2.19,1.78,2.25,1.95,2.04,1.75,2012_64_paris_bnp_paribas_masters,2012_64_paris_bnp_paribas_masters_2012-11-02_QF_ferrer_d_tsonga_j_w
tennis_data_uk,atp,2012,64,BNP Paribas Masters,Paris,2012-11-02,masters_1000,False,hard,QF,8,3,Llodra M.,Querrey S.,121,23,473,1560,2,0,7,6,6,3,,,,,,,completed,2.0,1.72,2.07,1.86,2.2,1.91,2.0,1.78,2012_64_paris_bnp_paribas_masters,2012_64_paris_bnp_paribas_masters_2012-11-02_QF_llodra_m_querrey_s
tennis_data_uk,atp,2012,64,BNP Paribas Masters,Paris,2012-11-03,masters_1000,False,hard,SF,4,3,Janowicz J.,Simon G.,69,20,682,1815,2,0,6,4,7,5,,,,,,,completed,2.37,1.57,2.46,1.63,2.54,1.71,2.32,1.59,2012_64_paris_bnp_paribas_masters,2012_64_paris_bnp_paribas_masters_2012-11-03_SF_janowicz_j_simon_g
tennis_data_uk,atp,2012,64,BNP Paribas Masters,Paris,2012-11-03,masters_1000,False,hard,SF,4,3,Ferrer D.,Llodra M.,5,121,5610,473,2,0,7,5,6,3,,,,,,,completed,1.4,3.0,1.4,3.28,1.46,3.28,1.39,2.95,2012_64_paris_bnp_paribas_masters,2012_64_paris_bnp_paribas_masters_2012-11-03_SF_ferrer_d_llodra_m
tennis_data_uk,atp,2012,64,BNP Paribas Masters,Paris,2012-11-04,masters_1000,False,hard,F,2,3,Ferrer D.,Janowicz J.,5,69,5610,682,2,0,6,4,6,3,,,,,,,completed,1.4,3.0,1.43,3.14,1.5,3.2,1.41,2.85,2012_64_paris_bnp_paribas_masters,2012_64_paris_bnp_paribas_masters_2012-11-04_F_ferrer_d_janowicz_j
tennis_data_uk,atp,2012,65,Masters Cup,London,2012-11-05,tour_finals,False,hard,RR,8,3,Murray A.,Berdych T.,3,6,7600,4405,2,1,3,6,6,3,6,4,,,,,completed,1.33,3.4,1.35,3.49,1.4,3.75,1.34,3.26,2012_65_london_masters_cup,2012_65_london_masters_cup_2012-11-05_RR_murray_a_berdych_t
tennis_data_uk,atp,2012,65,Masters Cup,London,2012-11-05,tour_finals,False,hard,RR,8,3,Djokovic N.,Tsonga J.W.,1,8,11420,3490,2,0,7,6,6,3,,,,,,,completed,1.25,4.0,1.29,4.01,1.29,4.8,1.24,3.99,2012_65_london_masters_cup,2012_65_london_masters_cup_2012-11-05_RR_djokovic_n_tsonga_j_w
tennis_data_uk,atp,2012,65,Masters Cup,London,2012-11-06,tour_finals,False,hard,RR,8,3,Federer R.,Tipsarevic J.,2,9,9465,2990,2,0,6,3,6,1,,,,,,,completed,1.08,8.0,1.1,8.6,1.11,10.5,1.09,7.26,2012_65_london_masters_cup,2012_65_london_masters_cup_2012-11-06_RR_federer_r_tipsarevic_j
tennis_data_uk,atp,2012,65,Masters Cup,London,2012-11-06,tour_finals,False,hard,RR,8,3,Ferrer D.,Del Potro J.M.,5,7,6030,4080,2,1,6,3,3,6,6,4,,,,,completed,2.2,1.66,2.35,1.67,2.38,1.72,2.21,1.66,2012_65_london_masters_cup,2012_65_london_masters_cup_2012-11-06_RR_ferrer_d_del_potro_j_m
tennis_data_uk,atp,2012,65,Masters Cup,London,2012-11-07,tour_finals,False,hard,RR,8,3,Djokovic N.,Murray A.,1,3,11420,7600,2,1,4,6,6,3,7,5,,,,,completed,1.8,2.0,1.83,2.09,1.85,2.35,1.76,2.06,2012_65_london_masters_cup,2012_65_london_masters_cup_2012-11-07_RR_djokovic_n_murray_a
tennis_data_uk,atp,2012,65,Masters Cup,London,2012-11-07,tour_finals,False,hard,RR,8,3,Berdych T.,Tsonga J.W.,6,8,4405,3490,2,1,7,5,3,6,6,1,,,,,completed,1.61,2.25,1.8,2.13,1.8,2.34,1.66,2.2,2012_65_london_masters_cup,2012_65_london_masters_cup_2012-11-07_RR_berdych_t_tsonga_j_w
tennis_data_uk,atp,2012,65,Masters Cup,London,2012-11-08,tour_finals,False,hard,RR,8,3,Federer R.,Ferrer D.,2,5,9465,6030,2,0,6,4,7,6,,,,,,,completed,1.18,4.5,1.23,4.75,1.23,5.4,1.2,4.61,2012_65_london_masters_cup,2012_65_london_masters_cup_2012-11-08_RR_federer_r_ferrer_d
tennis_data_uk,atp,2012,65,Masters Cup,London,2012-11-08,tour_finals,False,hard,RR,8,3,Del Potro J.M.,Tipsarevic J.,7,9,4080,2990,2,0,6,0,6,4,,,,,,,completed,1.18,4.5,1.24,4.61,1.25,6.5,1.2,4.52,2012_65_london_masters_cup,2012_65_london_masters_cup_2012-11-08_RR_del_potro_j_m_tipsarevic_j
tennis_data_uk,atp,2012,65,Masters Cup,London,2012-11-09,tour_finals,False,hard,RR,8,3,Djokovic N.,Berdych T.,1,6,11420,4405,2,0,6,2,7,6,,,,,,,completed,1.18,4.5,1.26,4.38,1.26,5.0,1.22,4.29,2012_65_london_masters_cup,2012_65_london_masters_cup_2012-11-09_RR_djokovic_n_berdych_t
tennis_data_uk,atp,2012,65,Masters Cup,London,2012-11-09,tour_finals,False,hard,RR,8,3,Murray A.,Tsonga J.W.,3,8,7600,3490,2,0,6,2,7,6,,,,,,,completed,1.14,5.5,1.16,6.28,1.2,6.7,1.16,5.18,2012_65_london_masters_cup,2012_65_london_masters_cup_2012-11-09_RR_murray_a_tsonga_j_w
tennis_data_uk,atp,2012,65,Masters Cup,London,2012-11-10,tour_finals,False,hard,RR,8,3,Del Potro J.M.,Federer R.,7,2,4080,9465,2,1,7,6,4,6,6,3,,,,,completed,2.87,1.4,3.05,1.43,3.05,1.49,2.82,1.42,2012_65_london_masters_cup,2012_65_london_masters_cup_2012-11-10_RR_del_potro_j_m_federer_r
tennis_data_uk,atp,2012,65,Masters Cup,London,2012-11-10,tour_finals,False,hard,RR,8,3,Ferrer D.,Tipsarevic J.,5,9,6030,2990,2,1,4,6,6,3,6,1,,,,,completed,1.2,4.5,1.23,4.73,1.25,5.0,1.2,4.55,2012_65_london_masters_cup,2012_65_london_masters_cup_2012-11-10_RR_ferrer_d_tipsarevic_j
tennis_data_uk,atp,2012,65,Masters Cup,London,2012-11-11,tour_finals,False,hard,SF,4,3,Djokovic N.,Del Potro J.M.,1,7,11420,4080,2,1,4,6,6,3,6,2,,,,,completed,1.16,5.0,1.23,4.88,1.26,5.5,1.22,4.28,2012_65_london_masters_cup,2012_65_london_masters_cup_2012-11-11_SF_djokovic_n_del_potro_j_m
tennis_data_uk,atp,2012,65,Masters Cup,London,2012-11-11,tour_finals,False,hard,SF,4,3,Federer R.,Murray A.,2,3,9465,7600,2,0,7,6,6,2,,,,,,,completed,2.25,1.61,2.29,1.71,2.3,1.75,2.16,1.68,2012_65_london_masters_cup,2012_65_london_masters_cup_2012-11-11_SF_federer_r_murray_a
tennis_data_uk,atp,2012,65,Masters Cup,London,2012-11-12,tour_finals,False,hard,F,2,3,Djokovic N.,Federer R.,1,2,11420,9465,2,0,7,6,7,5,,,,,,,completed,1.61,2.3,1.64,2.45,1.7,2.45,1.64,2.26,2012_65_london_masters_cup,2012_65_london_masters_cup_2012-11-12_F_djokovic_n_federer_r
