source,tour,year,uk_tournament_id,tournament_name,location,match_date,series,is_outdoor,surface,round,players_remaining,best_of,winner_name,loser_name,winner_rank,loser_rank,winner_rank_points,loser_rank_points,winner_sets,loser_sets,winner_set_1_games,loser_set_1_games,winner_set_2_games,loser_set_2_games,winner_set_3_games,loser_set_3_games,winner_set_4_games,loser_set_4_games,winner_set_5_games,loser_set_5_games,match_status,odds_b365_winner,odds_b365_loser,odds_pinnacle_winner,odds_pinnacle_loser,odds_max_winner,odds_max_loser,odds_avg_winner,odds_avg_loser,source_event_key,source_match_key
tennis_data_uk,wta,2024,1,ASB Classic,Auckland,2023-12-31,wta_250,True,hard,R32,32,3,Wang Xiy.,Cristian J.,71,87,937.0,831.0,2,1,6,1,5,7,7,6,,,,,completed,1.44,2.75,1.53,2.62,1.53,2.78,1.48,2.61,2024_1_auckland_asb_classic,2024_1_auckland_asb_classic_2023-12-31_R32_wang_xiy_cristian_j
tennis_data_uk,wta,2024,1,ASB Classic,Auckland,2024-01-01,wta_250,True,hard,R32,32,3,Avanesyan E.,Barry M.,74,649,917.0,62.0,2,0,7,6,6,2,,,,,,,completed,1.05,11.0,1.05,14.08,1.05,16.43,1.04,11.37,2024_1_auckland_asb_classic,2024_1_auckland_asb_classic_2024-01-01_R32_avanesyan_e_barry_m
tennis_data_uk,wta,2024,1,ASB Classic,Auckland,2024-01-01,wta_250,True,hard,R32,32,3,Navarro E.,Fruhvirtova L.,31,88,1480.0,829.0,2,1,2,6,6,4,6,2,,,,,completed,1.36,3.2,1.45,2.9,1.45,3.2,1.39,2.96,2024_1_auckland_asb_classic,2024_1_auckland_asb_classic_2024-01-01_R32_navarro_e_fruhvirtova_l
tennis_data_uk,wta,2024,1,ASB Classic,Auckland,2024-01-01,wta_250,True,hard,R32,32,3,Tsurenko L.,Vickery S.,32,143,1451.0,537.0,2,0,7,5,6,4,,,,,,,completed,1.5,2.63,1.48,2.79,1.5,2.96,1.47,2.67,2024_1_auckland_asb_classic,2024_1_auckland_asb_classic_2024-01-01_R32_tsurenko_l_vickery_s
tennis_data_uk,wta,2024,1,ASB Classic,Auckland,2024-01-01,wta_250,True,hard,R32,32,3,Parry D.,Bektas E.,76,91,904.0,820.0,2,1,6,7,7,5,6,3,,,,,completed,2.3,1.62,2.26,1.69,2.36,1.69,2.24,1.64,2024_1_auckland_asb_classic,2024_1_auckland_asb_classic_2024-01-01_R32_parry_d_bektas_e
tennis_data_uk,wta,2024,1,ASB Classic,Auckland,2024-01-01,wta_250,True,hard,R32,32,3,Bouzkova M.,Frech M.,36,70,1353.0,937.0,2,1,6,0,3,6,6,4,,,,,completed,1.25,4.0,1.29,3.82,1.31,4.01,1.28,3.63,2024_1_auckland_asb_classic,2024_1_auckland_asb_classic_2024-01-01_R32_bouzkova_m_frech_m
tennis_data_uk,wta,2024,1,ASB Classic,Auckland,2024-01-01,wta_250,True,hard,R32,32,3,Wang Xin.,Putintseva Y.,35,63,1383.0,1002.0,2,0,6,4,7,5,,,,,,,completed,1.91,1.91,1.77,2.13,1.93,2.13,1.84,1.95,2024_1_auckland_asb_classic,2024_1_auckland_asb_classic_2024-01-01_R32_wang_xin_putintseva_y
tennis_data_uk,wta,2024,1,ASB Classic,Auckland,2024-01-01,wta_250,True,hard,R32,32,3,Anisimova A.,Pavlyuchenkova A.,373,60,169.0,1045.0,2,0,7,5,6,4,,,,,,,completed,2.5,1.53,2.61,1.54,2.75,1.54,2.59,1.49,2024_1_auckland_asb_classic,2024_1_auckland_asb_classic_2024-01-01_R32_anisimova_a_pavlyuchenkova_a
tennis_data_uk,wta,2024,1,ASB Classic,Auckland,2024-01-01,wta_250,True,hard,R32,32,3,Sun L.,Kessler M.,214,217,362.0,359.0,2,0,6,4,6,3,,,,,,,completed,2.0,1.8,2.14,1.76,2.14,1.82,2.04,1.76,2024_1_auckland_asb_classic,2024_1_auckland_asb_classic_2024-01-01_R32_sun_l_kessler_m
tennis_data_uk,wta,2024,1,ASB Classic,Auckland,2024-01-02,wta_250,True,hard,R32,32,3,Martic P.,Masarova R.,41,65,1264.0,982.0,2,1,3,6,6,3,6,3,,,,,completed,1.73,2.1,1.67,2.29,1.74,2.29,1.67,2.2,2024_1_auckland_asb_classic,2024_1_auckland_asb_classic_2024-01-02_R32_martic_p_masarova_r
tennis_data_uk,wta,2024,1,ASB Classic,Auckland,2024-01-02,wta_250,True,hard,R32,32,3,Fruhvirtova B.,Blinkova A.,117,48,657.0,1170.0,2,0,7,5,6,4,,,,,,,completed,1.62,2.3,1.61,2.42,1.8,2.42,1.63,2.28,2024_1_auckland_asb_classic,2024_1_auckland_asb_classic_2024-01-02_R32_fruhvirtova_b_blinkova_a
tennis_data_uk,wta,2024,1,ASB Classic,Auckland,2024-01-02,wta_250,True,hard,R32,32,3,Gracheva V.,Martincova T.,42,156,1248.0,495.0,2,1,6,7,7,5,6,2,,,,,completed,2.0,1.8,2.11,1.79,2.11,1.83,2.02,1.78,2024_1_auckland_asb_classic,2024_1_auckland_asb_classic_2024-01-02_R32_gracheva_v_martincova_t
tennis_data_uk,wta,2024,1,ASB Classic,Auckland,2024-01-02,wta_250,True,hard,R32,32,3,Gauff C.,Liu C.,3,95,6690.0,797.0,2,0,6,4,6,2,,,,,,,completed,1.08,8.0,1.06,11.34,1.08,11.34,1.06,8.88,2024_1_auckland_asb_classic,2024_1_auckland_asb_classic_2024-01-02_R32_gauff_c_liu_c
tennis_data_uk,wta,2024,1,ASB Classic,Auckland,2024-01-02,wta_250,True,hard,R32,32,3,Svitolina E.,Wozniacki C.,25,256,1809.0,301.0,2,0,6,4,6,3,,,,,,,completed,1.62,2.3,1.73,2.19,1.77,2.32,1.66,2.2,2024_1_auckland_asb_classic,2024_1_auckland_asb_classic_2024-01-02_R32_svitolina_e_wozniacki_c
tennis_data_uk,wta,2024,1,ASB Classic,Auckland,2024-01-02,wta_250,True,hard,R32,32,3,Yuan Y.,Day K.,77,89,903.0,825.0,2,1,7,6,6,7,6,1,,,,,completed,1.57,2.38,1.57,2.52,1.65,2.52,1.56,2.38,2024_1_auckland_asb_classic,2024_1_auckland_asb_classic_2024-01-02_R32_yuan_y_day_k
tennis_data_uk,wta,2024,1,ASB Classic,Auckland,2024-01-02,wta_250,True,hard,R32,32,3,Raducanu E.,Ruse E.G.,301,134,231.0,575.0,2,1,6,3,4,6,7,5,,,,,completed,1.91,1.91,1.76,2.15,1.91,2.15,1.82,1.98,2024_1_auckland_asb_classic,2024_1_auckland_asb_classic_2024-01-02_R32_raducanu_e_ruse_e_g
tennis_data_uk,wta,2024,1,ASB Classic,Auckland,2024-01-02,wta_250,True,hard,R16,16,3,Wang Xiy.,Wang Xin.,71,35,937.0,1383.0,2,1,6,3,3,6,7,6,,,,,completed,2.1,1.73,2.14,1.76,2.22,1.76,2.1,1.72,2024_1_auckland_asb_classic,2024_1_auckland_asb_classic_2024-01-02_R16_wang_xiy_wang_xin
tennis_data_uk,wta,2024,1,ASB Classic,Auckland,2024-01-03,wta_250,True,hard,R16,16,3,Navarro E.,Avanesyan E.,31,74,1480.0,917.0,2,0,6,1,6,2,,,,,,,completed,1.22,4.33,1.24,4.44,1.25,4.81,1.22,4.18,2024_1_auckland_asb_classic,2024_1_auckland_asb_classic_2024-01-03_R16_navarro_e_avanesyan_e
tennis_data_uk,wta,2024,1,ASB Classic,Auckland,2024-01-03,wta_250,True,hard,R16,16,3,Bouzkova M.,Anisimova A.,36,373,1353.0,169.0,2,0,6,0,6,1,,,,,,,completed,1.57,2.38,1.67,2.3,1.67,2.4,1.61,2.29,2024_1_auckland_asb_classic,2024_1_auckland_asb_classic_2024-01-03_R16_bouzkova_m_anisimova_a
tennis_data_uk,wta,2024,1,ASB Classic,Auckland,2024-01-03,wta_250,True,hard,R16,16,3,Parry D.,Tsurenko L.,76,32,904.0,1451.0,2,1,2,6,6,4,6,1,,,,,completed,3.2,1.36,3.28,1.37,3.3,1.37,3.17,1.35,2024_1_auckland_asb_classic,2024_1_auckland_asb_classic_2024-01-03_R16_parry_d_tsurenko_l
tennis_data_uk,wta,2024,1,ASB Classic,Auckland,2024-01-03,wta_250,True,hard,R16,16,3,Martic P.,Yuan Y.,41,77,1264.0,903.0,2,0,6,2,6,2,,,,,,,completed,1.73,2.1,1.77,2.14,1.77,2.32,1.7,2.14,2024_1_auckland_asb_classic,2024_1_auckland_asb_classic_2024-01-03_R16_martic_p_yuan_y
tennis_data_uk,wta,2024,1,ASB Classic,Auckland,2024-01-04,wta_250,True,hard,R16,16,3,Gauff C.,Fruhvirtova B.,3,117,6690.0,657.0,2,0,6,3,6,0,,,,,,,completed,1.06,10.0,1.08,9.36,1.09,10.0,1.07,8.31,2024_1_auckland_asb_classic,2024_1_auckland_asb_classic_2024-01-04_R16_gauff_c_fruhvirtova_b
tennis_data_uk,wta,2024,1,ASB Classic,Auckland,2024-01-04,wta_250,True,hard,R16,16,3,Gracheva V.,Sun L.,42,214,1248.0,362.0,2,0,6,3,6,4,,,,,,,completed,1.67,2.2,1.74,2.19,1.75,2.21,1.7,2.13,2024_1_auckland_asb_classic,2024_1_auckland_asb_classic_2024-01-04_R16_gracheva_v_sun_l
tennis_data_uk,wta,2024,1,ASB Classic,Auckland,2024-01-04,wta_250,True,hard,R16,16,3,Svitolina E.,Raducanu E.,25,301,1809.0,231.0,2,1,6,7,7,6,6,1,,,,,completed,1.44,2.75,1.47,2.85,1.54,2.85,1.46,2.69,2024_1_auckland_asb_classic,2024_1_auckland_asb_classic_2024-01-04_R16_svitolina_e_raducanu_e
tennis_data_uk,wta,2024,1,ASB Classic,Auckland,2024-01-04,wta_250,True,hard,QF,8,3,Navarro E.,Martic P.,31,41,1480.0,1264.0,2,0,6,4,6,3,,,,,,,completed,1.8,2.0,1.8,2.13,1.88,2.13,1.77,2.04,2024_1_auckland_asb_classic,2024_1_auckland_asb_classic_2024-01-04_QF_navarro_e_martic_p
tennis_data_uk,wta,2024,1,ASB Classic,Auckland,2024-01-05,wta_250,True,hard,QF,8,3,Gauff C.,Gracheva V.,3,42,6690.0,1248.0,2,0,6,1,6,1,,,,,,,completed,1.04,13.0,1.05,14.7,1.09,14.96,1.05,10.58,2024_1_auckland_asb_classic,2024_1_auckland_asb_classic_2024-01-05_QF_gauff_c_gracheva_v
tennis_data_uk,wta,2024,1,ASB Classic,Auckland,2024-01-05,wta_250,True,hard,QF,8,3,Wang Xiy.,Parry D.,71,76,937.0,904.0,2,1,6,7,6,3,6,4,,,,,completed,1.44,2.75,1.4,3.23,1.5,3.23,1.42,2.86,2024_1_auckland_asb_classic,2024_1_auckland_asb_classic_2024-01-05_QF_wang_xiy_parry_d
tennis_data_uk,wta,2024,1,ASB Classic,Auckland,2024-01-05,wta_250,True,hard,QF,8,3,Svitolina E.,Bouzkova M.,25,36,1809.0,1353.0,2,0,6,0,6,3,,,,,,,completed,1.8,2.0,1.98,1.93,1.98,2.0,1.88,1.91,2024_1_auckland_asb_classic,2024_1_auckland_asb_classic_2024-01-05_QF_svitolina_e_bouzkova_m
tennis_data_uk,wta,2024,1,ASB Classic,Auckland,2024-01-06,wta_250,True,hard,SF,4,3,Gauff C.,Navarro E.,3,31,6690.0,1480.0,2,0,6,3,6,1,,,,,,,completed,1.08,8.0,1.13,7.12,1.13,8.2,1.1,6.99,2024_1_auckland_asb_classic,2024_1_auckland_asb_classic_2024-01-06_SF_gauff_c_navarro_e
tennis_data_uk,wta,2024,1,ASB Classic,Auckland,2024-01-06,wta_250,True,hard,SF,4,3,Svitolina E.,Wang Xiy.,25,71,1809.0,937.0,2,1,2,6,6,4,6,3,,,,,completed,1.25,4.0,1.26,4.34,1.32,4.34,1.26,3.85,2024_1_auckland_asb_classic,2024_1_auckland_asb_classic_2024-01-06_SF_svitolina_e_wang_xiy
tennis_data_uk,wta,2024,1,ASB Classic,Auckland,2024-01-07,wta_250,True,hard,F,2,3,Gauff C.,Svitolina E.,3,25,6690.0,1809.0,2,1,6,7,6,3,6,3,,,,,completed,1.17,5.0,1.2,5.24,1.22,5.25,1.18,4.86,2024_1_auckland_asb_classic,2024_1_auckland_asb_classic_2024-01-07_F_gauff_c_svitolina_e
tennis_data_uk,wta,2024,2,Brisbane International,Brisbane,2023-12-31,wta_500,True,hard,R64,64,3,Andreeva M.,Shnaider D.,58,97,1060.0,785.0,2,0,6,2,6,3,,,,,,,completed,1.22,4.33,1.25,4.26,1.25,4.41,1.22,4.21,2024_2_brisbane_brisbane_international,2024_2_brisbane_brisbane_international_2023-12-31_R64_andreeva_m_shnaider_d
tennis_data_uk,wta,2024,2,Brisbane International,Brisbane,2023-12-31,wta_500,True,hard,R64,64,3,Rodionova Ar.,Trevisan M.,113,46,677.0,1189.0,2,0,6,3,6,2,,,,,,,completed,2.63,1.5,2.77,1.49,2.77,1.54,2.64,1.48,2024_2_brisbane_brisbane_international,2024_2_brisbane_brisbane_international_2023-12-31_R64_rodionova_ar_trevisan_m
tennis_data_uk,wta,2024,2,Brisbane International,Brisbane,2023-12-31,wta_500,True,hard,R64,64,3,Kalinskaya A.,Pera B.,80,69,887.0,943.0,2,0,6,2,6,1,,,,,,,completed,1.44,2.75,1.39,3.19,1.49,3.19,1.4,2.92,2024_2_brisbane_brisbane_international,2024_2_brisbane_brisbane_international_2023-12-31_R64_kalinskaya_a_pera_b
tennis_data_uk,wta,2024,2,Brisbane International,Brisbane,2023-12-31,wta_500,True,hard,R64,64,3,Schmiedlova A.,Dolehide C.,73,45,918.0,1193.0,2,1,3,6,6,4,6,2,,,,,completed,2.38,1.57,2.39,1.63,2.52,1.65,2.35,1.59,2024_2_brisbane_brisbane_international,2024_2_brisbane_brisbane_international_2023-12-31_R64_schmiedlova_a_dolehide_c
tennis_data_uk,wta,2024,2,Brisbane International,Brisbane,2023-12-31,wta_500,True,hard,R64,64,3,Giorgi C.,Stearns P.,55,49,1089.0,1168.0,2,1,5,7,6,2,6,3,,,,,completed,1.73,2.1,1.88,1.99,1.88,2.2,1.79,2.01,2024_2_brisbane_brisbane_international,2024_2_brisbane_brisbane_international_2023-12-31_R64_giorgi_c_stearns_p
tennis_data_uk,wta,2024,2,Brisbane International,Brisbane,2023-12-31,wta_500,True,hard,R64,64,3,Stephens S.,Siniakova K.,44,50,1200.0,1162.0,2,0,7,5,6,3,,,,,,,completed,2.1,1.73,2.29,1.68,2.29,1.75,2.18,1.68,2024_2_brisbane_brisbane_international,2024_2_brisbane_brisbane_international_2023-12-31_R64_stephens_s_siniakova_k
tennis_data_uk,wta,2024,2,Brisbane International,Brisbane,2023-12-31,wta_500,True,hard,R64,64,3,Kostyuk M.,Bogdan A.,38,66,1316.0,956.0,2,1,4,6,6,3,6,3,,,,,completed,1.5,2.63,1.48,2.79,1.5,2.88,1.47,2.68,2024_2_brisbane_brisbane_international,2024_2_brisbane_brisbane_international_2023-12-31_R64_kostyuk_m_bogdan_a
tennis_data_uk,wta,2024,2,Brisbane International,Brisbane,2023-12-31,wta_500,True,hard,R64,64,3,Bucsa C.,Minnen G.,61,64,1023.0,999.0,2,1,5,7,6,3,6,1,,,,,completed,1.73,2.1,1.71,2.22,1.8,2.22,1.72,2.11,2024_2_brisbane_brisbane_international,2024_2_brisbane_brisbane_international_2023-12-31_R64_bucsa_c_minnen_g
tennis_data_uk,wta,2024,2,Brisbane International,Brisbane,2024-01-01,wta_500,True,hard,R64,64,3,Osaka N.,Korpatsch T.,,83,,847.0,2,0,6,3,7,6,,,,,,,completed,1.29,3.75,1.3,3.79,1.35,3.79,1.31,3.42,2024_2_brisbane_brisbane_international,2024_2_brisbane_brisbane_international_2024-01-01_R64_osaka_n_korpatsch_t
tennis_data_uk,wta,2024,2,Brisbane International,Brisbane,2024-01-01,wta_500,True,hard,R64,64,3,Saville D.,Yastremska D.,209,98,366.0,767.0,2,0,6,0,6,4,,,,,,,completed,3.0,1.4,2.81,1.48,3.0,1.49,2.79,1.43,2024_2_brisbane_brisbane_international,2024_2_brisbane_brisbane_international_2024-01-01_R64_saville_d_yastremska_d
tennis_data_uk,wta,2024,2,Brisbane International,Brisbane,2024-01-02,wta_500,True,hard,R64,64,3,Noskova L.,Babos T.,40,192,1278.0,404.0,2,1,5,7,7,6,7,6,,,,,completed,1.2,4.5,1.24,4.35,1.24,4.66,1.21,4.33,2024_2_brisbane_brisbane_international,2024_2_brisbane_brisbane_international_2024-01-02_R64_noskova_l_babos_t
tennis_data_uk,wta,2024,2,Brisbane International,Brisbane,2024-01-02,wta_500,True,hard,R64,64,3,Bronzetti L.,Krueger A.,52,78,1137.0,896.0,2,0,6,4,7,5,,,,,,,completed,2.2,1.67,2.15,1.76,2.2,1.76,2.18,1.67,2024_2_brisbane_brisbane_international,2024_2_brisbane_brisbane_international_2024-01-02_R64_bronzetti_l_krueger_a
tennis_data_uk,wta,2024,2,Brisbane International,Brisbane,2024-01-02,wta_500,True,hard,R64,64,3,Gadecki O.,Birrell K.,124,115,607.0,671.0,2,1,4,6,6,0,6,4,,,,,completed,1.53,2.5,1.54,2.6,1.55,2.75,1.52,2.51,2024_2_brisbane_brisbane_international,2024_2_brisbane_brisbane_international_2024-01-02_R64_gadecki_o_birrell_k
tennis_data_uk,wta,2024,2,Brisbane International,Brisbane,2024-01-02,wta_500,True,hard,R64,64,3,Burel C.,Sonmez Z.,56,163,1081.0,478.0,2,0,6,4,6,2,,,,,,,completed,1.33,3.4,1.39,3.18,1.39,3.4,1.36,3.17,2024_2_brisbane_brisbane_international,2024_2_brisbane_brisbane_international_2024-01-02_R64_burel_c_sonmez_z
tennis_data_uk,wta,2024,2,Brisbane International,Brisbane,2024-01-02,wta_500,True,hard,R64,64,3,Riera J.,Tomova V.,137,75,563.0,906.0,2,0,6,2,6,4,,,,,,,completed,2.5,1.53,2.58,1.55,2.6,1.6,2.47,1.54,2024_2_brisbane_brisbane_international,2024_2_brisbane_brisbane_international_2024-01-02_R64_riera_j_tomova_v
tennis_data_uk,wta,2024,2,Brisbane International,Brisbane,2024-01-02,wta_500,True,hard,R64,64,3,Collins D.,Baptiste H.,54,129,1090.0,583.0,2,1,6,1,4,6,6,3,,,,,completed,1.25,4.0,1.28,3.98,1.29,4.0,1.26,3.82,2024_2_brisbane_brisbane_international,2024_2_brisbane_brisbane_international_2024-01-02_R64_collins_d_baptiste_h
tennis_data_uk,wta,2024,2,Brisbane International,Brisbane,2024-01-02,wta_500,True,hard,R32,32,3,Rodionova Ar.,Kenin S.,113,37,677.0,1334.0,2,0,7,5,7,6,,,,,,,completed,3.75,1.29,3.97,1.28,4.0,1.33,3.68,1.28,2024_2_brisbane_brisbane_international,2024_2_brisbane_brisbane_international_2024-01-02_R32_rodionova_ar_kenin_s
tennis_data_uk,wta,2024,2,Brisbane International,Brisbane,2024-01-02,wta_500,True,hard,R32,32,3,Azarenka V.,Kalinskaya A.,23,80,1916.0,887.0,2,0,6,1,7,6,,,,,,,completed,1.91,1.91,2.03,1.85,2.03,2.0,1.93,1.87,2024_2_brisbane_brisbane_international,2024_2_brisbane_brisbane_international_2024-01-02_R32_azarenka_v_kalinskaya_a
tennis_data_uk,wta,2024,2,Brisbane International,Brisbane,2024-01-03,wta_500,True,hard,R32,32,3,Kudermetova V.,Schmiedlova A.,16,73,2720.0,918.0,2,0,6,2,6,3,,,,,,,completed,1.2,4.5,1.2,5.03,1.21,5.16,1.19,4.58,2024_2_brisbane_brisbane_international,2024_2_brisbane_brisbane_international_2024-01-03_R32_kudermetova_v_schmiedlova_a
tennis_data_uk,wta,2024,2,Brisbane International,Brisbane,2024-01-03,wta_500,True,hard,R32,32,3,Potapova A.,Saville D.,28,209,1611.0,366.0,2,1,6,4,3,6,6,4,,,,,completed,1.5,2.63,1.58,2.49,1.58,2.63,1.53,2.49,2024_2_brisbane_brisbane_international,2024_2_brisbane_brisbane_international_2024-01-03_R32_potapova_a_saville_d
tennis_data_uk,wta,2024,2,Brisbane International,Brisbane,2024-01-03,wta_500,True,hard,R32,32,3,Pliskova Ka.,Osaka N.,39,,1287.0,,2,1,3,6,7,6,6,4,,,,,completed,2.5,1.53,2.5,1.58,2.51,1.63,2.4,1.56,2024_2_brisbane_brisbane_international,2024_2_brisbane_brisbane_international_2024-01-03_R32_pliskova_ka_osaka_n
tennis_data_uk,wta,2024,2,Brisbane International,Brisbane,2024-01-03,wta_500,True,hard,R32,32,3,Noskova L.,Cirstea S.,40,26,1278.0,1800.0,2,1,6,4,4,6,6,4,,,,,completed,1.8,2.0,1.83,2.05,1.83,2.05,1.79,2.0,2024_2_brisbane_brisbane_international,2024_2_brisbane_brisbane_international_2024-01-03_R32_noskova_l_cirstea_s
tennis_data_uk,wta,2024,2,Brisbane International,Brisbane,2024-01-03,wta_500,True,hard,R32,32,3,Sabalenka A.,Bronzetti L.,2,52,9050.0,1137.0,2,0,6,3,6,0,,,,,,,completed,1.05,11.0,1.05,14.42,1.05,14.42,1.04,11.27,2024_2_brisbane_brisbane_international,2024_2_brisbane_brisbane_international_2024-01-03_R32_sabalenka_a_bronzetti_l
tennis_data_uk,wta,2024,2,Brisbane International,Brisbane,2024-01-03,wta_500,True,hard,R32,32,3,Kasatkina D.,Kostyuk M.,18,38,2715.0,1316.0,2,0,6,3,6,4,,,,,,,completed,1.91,1.91,1.98,1.89,2.0,1.96,1.92,1.87,2024_2_brisbane_brisbane_international,2024_2_brisbane_brisbane_international_2024-01-03_R32_kasatkina_d_kostyuk_m
tennis_data_uk,wta,2024,2,Brisbane International,Brisbane,2024-01-03,wta_500,True,hard,R32,32,3,Riera J.,Alexandrova E.,137,21,563.0,2075.0,2,0,6,3,6,4,,,,,,,completed,4.33,1.22,4.02,1.27,5.16,1.27,4.1,1.23,2024_2_brisbane_brisbane_international,2024_2_brisbane_brisbane_international_2024-01-03_R32_riera_j_alexandrova_e
tennis_data_uk,wta,2024,2,Brisbane International,Brisbane,2024-01-03,wta_500,True,hard,R32,32,3,Ostapenko J.,Giorgi C.,12,55,2830.0,1089.0,2,0,6,1,6,4,,,,,,,completed,1.62,2.3,1.65,2.34,1.65,2.38,1.62,2.28,2024_2_brisbane_brisbane_international,2024_2_brisbane_brisbane_international_2024-01-03_R32_ostapenko_j_giorgi_c
tennis_data_uk,wta,2024,2,Brisbane International,Brisbane,2024-01-03,wta_500,True,hard,R32,32,3,Burel C.,Kalinina A.,56,27,1081.0,1630.0,2,0,6,4,6,1,,,,,,,completed,2.0,1.8,2.04,1.84,2.04,1.95,1.96,1.84,2024_2_brisbane_brisbane_international,2024_2_brisbane_brisbane_international_2024-01-03_R32_burel_c_kalinina_a
tennis_data_uk,wta,2024,2,Brisbane International,Brisbane,2024-01-03,wta_500,True,hard,R32,32,3,Andreeva M.,Samsonova L.,58,15,1060.0,2760.0,2,0,6,2,6,1,,,,,,,completed,1.8,2.0,1.84,2.04,1.98,2.05,1.82,1.99,2024_2_brisbane_brisbane_international,2024_2_brisbane_brisbane_international_2024-01-03_R32_andreeva_m_samsonova_l
tennis_data_uk,wta,2024,2,Brisbane International,Brisbane,2024-01-03,wta_500,True,hard,R32,32,3,Linette M.,Bucsa C.,22,61,1921.0,1023.0,2,0,6,3,7,5,,,,,,,completed,2.0,1.8,2.01,1.86,2.1,1.89,1.99,1.8,2024_2_brisbane_brisbane_international,2024_2_brisbane_brisbane_international_2024-01-03_R32_linette_m_bucsa_c
tennis_data_uk,wta,2024,2,Brisbane International,Brisbane,2024-01-03,wta_500,True,hard,R32,32,3,Mertens E.,Stephens S.,30,44,1506.0,1200.0,2,1,2,6,6,1,6,3,,,,,completed,1.67,2.2,1.68,2.28,1.68,2.33,1.64,2.23,2024_2_brisbane_brisbane_international,2024_2_brisbane_brisbane_international_2024-01-03_R32_mertens_e_stephens_s
tennis_data_uk,wta,2024,2,Brisbane International,Brisbane,2024-01-03,wta_500,True,hard,R32,32,3,Rybakina E.,Gadecki O.,4,124,6366.0,607.0,2,0,6,4,6,1,,,,,,,completed,1.08,8.0,1.1,8.46,1.1,9.3,1.08,7.89,2024_2_brisbane_brisbane_international,2024_2_brisbane_brisbane_international_2024-01-03_R32_rybakina_e_gadecki_o
tennis_data_uk,wta,2024,2,Brisbane International,Brisbane,2024-01-03,wta_500,True,hard,R32,32,3,Zhu L.,Collins D.,33,54,1420.0,1090.0,2,1,1,6,6,3,7,6,,,,,completed,3.5,1.3,3.9,1.29,3.9,1.3,3.68,1.28,2024_2_brisbane_brisbane_international,2024_2_brisbane_brisbane_international_2024-01-03_R32_zhu_l_collins_d
tennis_data_uk,wta,2024,2,Brisbane International,Brisbane,2024-01-04,wta_500,True,hard,R16,16,3,Azarenka V.,Burel C.,23,56,1916.0,1081.0,2,0,7,5,6,2,,,,,,,completed,1.44,2.75,1.43,3.03,1.49,3.04,1.44,2.77,2024_2_brisbane_brisbane_international,2024_2_brisbane_brisbane_international_2024-01-04_R16_azarenka_v_burel_c
tennis_data_uk,wta,2024,2,Brisbane International,Brisbane,2024-01-04,wta_500,True,hard,R16,16,3,Noskova L.,Riera J.,40,137,1278.0,563.0,2,1,6,1,6,7,6,3,,,,,completed,1.4,3.0,1.41,3.13,1.42,3.14,1.4,2.93,2024_2_brisbane_brisbane_international,2024_2_brisbane_brisbane_international_2024-01-04_R16_noskova_l_riera_j
tennis_data_uk,wta,2024,2,Brisbane International,Brisbane,2024-01-04,wta_500,True,hard,R16,16,3,Ostapenko J.,Pliskova Ka.,12,39,2830.0,1287.0,2,1,6,2,4,6,6,3,,,,,completed,1.53,2.5,1.56,2.59,1.58,2.59,1.54,2.46,2024_2_brisbane_brisbane_international,2024_2_brisbane_brisbane_international_2024-01-04_R16_ostapenko_j_pliskova_ka
tennis_data_uk,wta,2024,2,Brisbane International,Brisbane,2024-01-04,wta_500,True,hard,R16,16,3,Kasatkina D.,Linette M.,18,22,2715.0,1921.0,2,0,6,4,6,2,,,,,,,completed,1.4,3.0,1.45,2.93,1.47,3.25,1.41,2.86,2024_2_brisbane_brisbane_international,2024_2_brisbane_brisbane_international_2024-01-04_R16_kasatkina_d_linette_m
tennis_data_uk,wta,2024,2,Brisbane International,Brisbane,2024-01-04,wta_500,True,hard,R16,16,3,Andreeva M.,Rodionova Ar.,58,113,1060.0,677.0,2,0,6,1,6,1,,,,,,,completed,1.08,8.0,1.12,7.36,1.12,9.5,1.08,7.7,2024_2_brisbane_brisbane_international,2024_2_brisbane_brisbane_international_2024-01-04_R16_andreeva_m_rodionova_ar
tennis_data_uk,wta,2024,2,Brisbane International,Brisbane,2024-01-04,wta_500,True,hard,R16,16,3,Potapova A.,Kudermetova V.,28,16,1611.0,2720.0,2,1,7,5,6,7,6,4,,,,,completed,3.0,1.4,3.11,1.41,3.11,1.46,2.91,1.4,2024_2_brisbane_brisbane_international,2024_2_brisbane_brisbane_international_2024-01-04_R16_potapova_a_kudermetova_v
tennis_data_uk,wta,2024,2,Brisbane International,Brisbane,2024-01-04,wta_500,True,hard,R16,16,3,Rybakina E.,Mertens E.,4,30,6366.0,1506.0,2,0,6,1,6,0,,,,,,,completed,1.29,3.75,1.3,3.87,1.3,4.0,1.27,3.72,2024_2_brisbane_brisbane_international,2024_2_brisbane_brisbane_international_2024-01-04_R16_rybakina_e_mertens_e
tennis_data_uk,wta,2024,2,Brisbane International,Brisbane,2024-01-04,wta_500,True,hard,R16,16,3,Sabalenka A.,Zhu L.,2,33,9050.0,1420.0,2,0,6,1,6,0,,,,,,,completed,1.05,11.0,1.05,13.83,1.06,14.01,1.04,10.54,2024_2_brisbane_brisbane_international,2024_2_brisbane_brisbane_international_2024-01-04_R16_sabalenka_a_zhu_l
tennis_data_uk,wta,2024,2,Brisbane International,Brisbane,2024-01-05,wta_500,True,hard,QF,8,3,Azarenka V.,Ostapenko J.,23,12,1916.0,2830.0,2,1,6,3,3,6,7,5,,,,,completed,1.91,1.91,2.02,1.89,2.02,1.99,1.91,1.89,2024_2_brisbane_brisbane_international,2024_2_brisbane_brisbane_international_2024-01-05_QF_azarenka_v_ostapenko_j
tennis_data_uk,wta,2024,2,Brisbane International,Brisbane,2024-01-05,wta_500,True,hard,QF,8,3,Rybakina E.,Potapova A.,4,28,6366.0,1611.0,1,0,6,1,,,,,,,,,retired,1.11,6.5,1.14,6.98,1.15,7.09,1.12,6.16,2024_2_brisbane_brisbane_international,2024_2_brisbane_brisbane_international_2024-01-05_QF_rybakina_e_potapova_a
tennis_data_uk,wta,2024,2,Brisbane International,Brisbane,2024-01-05,wta_500,True,hard,QF,8,3,Noskova L.,Andreeva M.,40,58,1278.0,1060.0,2,0,7,5,6,3,,,,,,,completed,4.0,1.25,4.24,1.27,4.65,1.27,4.02,1.24,2024_2_brisbane_brisbane_international,2024_2_brisbane_brisbane_international_2024-01-05_QF_noskova_l_andreeva_m
tennis_data_uk,wta,2024,2,Brisbane International,Brisbane,2024-01-05,wta_500,True,hard,QF,8,3,Sabalenka A.,Kasatkina D.,2,18,9050.0,2715.0,2,0,6,1,6,4,,,,,,,completed,1.11,6.5,1.14,6.8,1.14,8.5,1.12,6.38,2024_2_brisbane_brisbane_international,2024_2_brisbane_brisbane_international_2024-01-05_QF_sabalenka_a_kasatkina_d
tennis_data_uk,wta,2024,2,Brisbane International,Brisbane,2024-01-06,wta_500,True,hard,SF,4,3,Rybakina E.,Noskova L.,4,40,6366.0,1278.0,2,0,6,3,6,2,,,,,,,completed,1.14,5.5,1.2,5.31,1.2,5.58,1.17,5.01,2024_2_brisbane_brisbane_international,2024_2_brisbane_brisbane_international_2024-01-06_SF_rybakina_e_noskova_l
tennis_data_uk,wta,2024,2,Brisbane International,Brisbane,2024-01-06,wta_500,True,hard,SF,4,3,Sabalenka A.,Azarenka V.,2,23,9050.0,1916.0,2,0,6,2,6,4,,,,,,,completed,1.13,6.0,1.17,5.96,1.18,6.19,1.15,5.5,2024_2_brisbane_brisbane_international,2024_2_brisbane_brisbane_international_2024-01-06_SF_sabalenka_a_azarenka_v
tennis_data_uk,wta,2024,2,Brisbane International,Brisbane,2024-01-07,wta_500,True,hard,F,2,3,Rybakina E.,Sabalenka A.,4,2,6366.0,9050.0,2,0,6,0,6,3,,,,,,,completed,1.91,1.91,2.03,1.88,5.0,1.4,5.0,1.4,2024_2_brisbane_brisbane_international,2024_2_brisbane_brisbane_international_2024-01-07_F_rybakina_e_sabalenka_a
tennis_data_uk,wta,2024,3,Adelaide International,Adelaide,2024-01-08,wta_500,True,hard,R32,32,3,Kostyuk M.,Kalinina A.,41,28,1223.0,1630.0,2,0,7,6,6,1,,,,,,,completed,1.67,2.2,1.69,2.26,1.7,2.27,1.66,2.2,2024_3_adelaide_adelaide_international,2024_3_adelaide_adelaide_international_2024-01-08_R32_kostyuk_m_kalinina_a
tennis_data_uk,wta,2024,3,Adelaide International,Adelaide,2024-01-08,wta_500,True,hard,R32,32,3,Pavlyuchenkova A.,Haddad Maia B.,59,11,1046.0,2920.0,2,0,6,3,6,4,,,,,,,completed,2.2,1.67,2.28,1.68,2.34,1.71,2.2,1.66,2024_3_adelaide_adelaide_international,2024_3_adelaide_adelaide_international_2024-01-08_R32_pavlyuchenkova_a_haddad_maia_b
tennis_data_uk,wta,2024,3,Adelaide International,Adelaide,2024-01-08,wta_500,True,hard,R32,32,3,Bucsa C.,Paolini J.,61,30,1035.0,1530.0,2,0,6,3,6,3,,,,,,,completed,3.4,1.33,3.43,1.35,3.45,1.4,3.26,1.33,2024_3_adelaide_adelaide_international,2024_3_adelaide_adelaide_international_2024-01-08_R32_bucsa_c_paolini_j
tennis_data_uk,wta,2024,3,Adelaide International,Adelaide,2024-01-08,wta_500,True,hard,R32,32,3,Kalinskaya A.,Krejcikova B.,75,10,918.0,2945.0,2,1,7,5,3,6,7,5,,,,,completed,2.0,1.8,2.09,1.8,2.25,1.8,2.08,1.75,2024_3_adelaide_adelaide_international,2024_3_adelaide_adelaide_international_2024-01-08_R32_kalinskaya_a_krejcikova_b
tennis_data_uk,wta,2024,3,Adelaide International,Adelaide,2024-01-08,wta_500,True,hard,R32,32,3,Bogdan A.,Boulter K.,66,57,956.0,1085.0,2,0,6,3,6,4,,,,,,,completed,2.5,1.53,3.46,1.33,4.4,1.53,3.35,1.37,2024_3_adelaide_adelaide_international,2024_3_adelaide_adelaide_international_2024-01-08_R32_bogdan_a_boulter_k
tennis_data_uk,wta,2024,3,Adelaide International,Adelaide,2024-01-08,wta_500,True,hard,R32,32,3,Pera B.,Badosa P.,69,74,943.0,922.0,2,1,3,6,6,2,6,3,,,,,completed,2.63,1.5,3.29,1.37,3.29,1.52,2.85,1.42,2024_3_adelaide_adelaide_international,2024_3_adelaide_adelaide_international_2024-01-08_R32_pera_b_badosa_p
tennis_data_uk,wta,2024,3,Adelaide International,Adelaide,2024-01-08,wta_500,True,hard,R32,32,3,Siegemund L.,Samsonova L.,89,14,814.0,2760.0,2,1,6,7,6,4,6,4,,,,,completed,4.33,1.22,3.93,1.28,4.34,1.3,3.85,1.26,2024_3_adelaide_adelaide_international,2024_3_adelaide_adelaide_international_2024-01-08_R32_siegemund_l_samsonova_l
tennis_data_uk,wta,2024,3,Adelaide International,Adelaide,2024-01-09,wta_500,True,hard,R32,32,3,Ostapenko J.,Cirstea S.,12,26,2883.0,1746.0,2,1,2,6,6,2,6,4,,,,,completed,1.5,2.63,1.56,2.56,1.57,2.63,1.53,2.48,2024_3_adelaide_adelaide_international,2024_3_adelaide_adelaide_international_2024-01-09_R32_ostapenko_j_cirstea_s
tennis_data_uk,wta,2024,3,Adelaide International,Adelaide,2024-01-09,wta_500,True,hard,R32,32,3,Garcia C.,Preston T.,20,203,2330.0,382.0,2,1,6,4,1,6,6,3,,,,,completed,1.14,5.5,1.16,5.71,1.18,5.92,1.15,5.38,2024_3_adelaide_adelaide_international,2024_3_adelaide_adelaide_international_2024-01-09_R32_garcia_c_preston_t
tennis_data_uk,wta,2024,3,Adelaide International,Adelaide,2024-01-09,wta_500,True,hard,R32,32,3,Kudermetova V.,Krueger A.,16,78,2680.0,896.0,2,0,6,2,7,5,,,,,,,completed,1.3,3.5,1.33,3.53,1.33,3.59,1.31,3.44,2024_3_adelaide_adelaide_international,2024_3_adelaide_adelaide_international_2024-01-09_R32_kudermetova_v_krueger_a
tennis_data_uk,wta,2024,3,Adelaide International,Adelaide,2024-01-09,wta_500,True,hard,R32,32,3,Siniakova K.,Pliskova Ka.,49,37,1150.0,1346.0,2,0,6,2,6,1,,,,,,,completed,2.1,1.73,2.14,1.76,2.14,1.77,2.08,1.73,2024_3_adelaide_adelaide_international,2024_3_adelaide_adelaide_international_2024-01-09_R32_siniakova_k_pliskova_ka
tennis_data_uk,wta,2024,3,Adelaide International,Adelaide,2024-01-09,wta_500,True,hard,R32,32,3,Kasatkina D.,Liu C.,15,104,2758.0,730.0,2,0,6,4,6,3,,,,,,,completed,1.33,3.4,1.43,2.98,1.44,3.4,1.41,2.88,2024_3_adelaide_adelaide_international,2024_3_adelaide_adelaide_international_2024-01-09_R32_kasatkina_d_liu_c
tennis_data_uk,wta,2024,3,Adelaide International,Adelaide,2024-01-09,wta_500,True,hard,R32,32,3,Alexandrova E.,Linette M.,21,24,2075.0,1896.0,2,1,3,6,7,6,7,5,,,,,completed,1.62,2.3,1.67,2.45,1.67,2.45,1.61,2.3,2024_3_adelaide_adelaide_international,2024_3_adelaide_adelaide_international_2024-01-09_R32_alexandrova_e_linette_m
tennis_data_uk,wta,2024,3,Adelaide International,Adelaide,2024-01-09,wta_500,True,hard,R32,32,3,Townsend T.,Sasnovich A.,80,83,870.0,831.0,2,0,6,3,7,6,,,,,,,completed,2.2,1.67,2.2,1.71,2.22,1.71,2.21,1.68,2024_3_adelaide_adelaide_international,2024_3_adelaide_adelaide_international_2024-01-09_R32_townsend_t_sasnovich_a
tennis_data_uk,wta,2024,3,Adelaide International,Adelaide,2024-01-10,wta_500,True,hard,R16,16,3,Pegula J.,Pera B.,5,69,5905.0,943.0,2,1,4,6,6,2,6,3,,,,,completed,1.08,8.0,1.11,7.77,1.13,8.0,1.1,6.87,2024_3_adelaide_adelaide_international,2024_3_adelaide_adelaide_international_2024-01-10_R16_pegula_j_pera_b
tennis_data_uk,wta,2024,3,Adelaide International,Adelaide,2024-01-10,wta_500,True,hard,R16,16,3,Siegemund L.,Bogdan A.,89,66,814.0,956.0,2,0,6,4,7,5,,,,,,,completed,2.1,1.73,2.01,1.88,2.15,1.88,2.02,1.78,2024_3_adelaide_adelaide_international,2024_3_adelaide_adelaide_international_2024-01-10_R16_siegemund_l_bogdan_a
tennis_data_uk,wta,2024,3,Adelaide International,Adelaide,2024-01-10,wta_500,True,hard,R16,16,3,Pavlyuchenkova A.,Siniakova K.,59,49,1046.0,1150.0,2,1,2,6,6,3,6,2,,,,,completed,1.73,2.1,1.79,2.12,1.87,2.12,1.79,2.01,2024_3_adelaide_adelaide_international,2024_3_adelaide_adelaide_international_2024-01-10_R16_pavlyuchenkova_a_siniakova_k
tennis_data_uk,wta,2024,3,Adelaide International,Adelaide,2024-01-10,wta_500,True,hard,R16,16,3,Kostyuk M.,Townsend T.,41,80,1223.0,870.0,2,1,6,3,2,6,6,4,,,,,completed,1.5,2.63,1.53,2.65,1.57,2.75,1.52,2.52,2024_3_adelaide_adelaide_international,2024_3_adelaide_adelaide_international_2024-01-10_R16_kostyuk_m_townsend_t
tennis_data_uk,wta,2024,3,Adelaide International,Adelaide,2024-01-10,wta_500,True,hard,R16,16,3,Ostapenko J.,Garcia C.,12,20,2883.0,2330.0,2,1,6,4,5,7,6,4,,,,,completed,1.62,2.3,1.6,2.48,1.64,2.5,1.59,2.34,2024_3_adelaide_adelaide_international,2024_3_adelaide_adelaide_international_2024-01-10_R16_ostapenko_j_garcia_c
tennis_data_uk,wta,2024,3,Adelaide International,Adelaide,2024-01-10,wta_500,True,hard,R16,16,3,Kasatkina D.,Kalinskaya A.,15,75,2758.0,918.0,2,1,5,7,6,4,7,5,,,,,completed,1.62,2.3,1.81,2.1,1.81,2.3,1.67,2.19,2024_3_adelaide_adelaide_international,2024_3_adelaide_adelaide_international_2024-01-10_R16_kasatkina_d_kalinskaya_a
tennis_data_uk,wta,2024,3,Adelaide International,Adelaide,2024-01-10,wta_500,True,hard,R16,16,3,Rybakina E.,Bucsa C.,3,61,6811.0,1035.0,2,0,6,3,7,5,,,,,,,completed,1.07,9.0,1.07,11.73,1.07,11.73,1.06,9.37,2024_3_adelaide_adelaide_international,2024_3_adelaide_adelaide_international_2024-01-10_R16_rybakina_e_bucsa_c
tennis_data_uk,wta,2024,3,Adelaide International,Adelaide,2024-01-10,wta_500,True,hard,R16,16,3,Alexandrova E.,Kudermetova V.,21,16,2075.0,2680.0,2,0,6,4,6,4,,,,,,,completed,2.5,1.53,2.53,1.58,2.6,1.62,2.47,1.53,2024_3_adelaide_adelaide_international,2024_3_adelaide_adelaide_international_2024-01-10_R16_alexandrova_e_kudermetova_v
tennis_data_uk,wta,2024,3,Adelaide International,Adelaide,2024-01-11,wta_500,True,hard,QF,8,3,Ostapenko J.,Kostyuk M.,12,41,2883.0,1223.0,2,0,7,5,6,3,,,,,,,completed,1.53,2.5,1.57,2.57,1.57,2.68,1.52,2.52,2024_3_adelaide_adelaide_international,2024_3_adelaide_adelaide_international_2024-01-11_QF_ostapenko_j_kostyuk_m
tennis_data_uk,wta,2024,3,Adelaide International,Adelaide,2024-01-11,wta_500,True,hard,QF,8,3,Kasatkina D.,Siegemund L.,15,89,2758.0,814.0,,,,,,,,,,,,,walkover,1.36,3.2,1.4,3.23,1.45,3.5,1.37,3.1,2024_3_adelaide_adelaide_international,2024_3_adelaide_adelaide_international_2024-01-11_QF_kasatkina_d_siegemund_l
tennis_data_uk,wta,2024,3,Adelaide International,Adelaide,2024-01-11,wta_500,True,hard,QF,8,3,Pegula J.,Pavlyuchenkova A.,5,59,5905.0,1046.0,2,1,6,7,7,5,6,4,,,,,completed,1.3,3.5,1.4,3.24,1.4,3.54,1.33,3.29,2024_3_adelaide_adelaide_international,2024_3_adelaide_adelaide_international_2024-01-11_QF_pegula_j_pavlyuchenkova_a
tennis_data_uk,wta,2024,3,Adelaide International,Adelaide,2024-01-11,wta_500,True,hard,QF,8,3,Alexandrova E.,Rybakina E.,21,3,2075.0,6811.0,2,0,6,3,6,3,,,,,,,completed,4.5,1.2,4.49,1.25,4.6,1.25,4.31,1.21,2024_3_adelaide_adelaide_international,2024_3_adelaide_adelaide_international_2024-01-11_QF_alexandrova_e_rybakina_e
tennis_data_uk,wta,2024,3,Adelaide International,Adelaide,2024-01-12,wta_500,True,hard,SF,4,3,Ostapenko J.,Alexandrova E.,12,21,2883.0,2075.0,2,0,6,2,7,6,,,,,,,completed,1.8,2.0,1.93,1.98,1.93,2.08,1.84,1.97,2024_3_adelaide_adelaide_international,2024_3_adelaide_adelaide_international_2024-01-12_SF_ostapenko_j_alexandrova_e
tennis_data_uk,wta,2024,3,Adelaide International,Adelaide,2024-01-12,wta_500,True,hard,SF,4,3,Kasatkina D.,Pegula J.,15,5,2758.0,5905.0,,,,,,,,,,,,,walkover,3.4,1.33,3.44,1.36,3.44,1.37,3.25,1.34,2024_3_adelaide_adelaide_international,2024_3_adelaide_adelaide_international_2024-01-12_SF_kasatkina_d_pegula_j
tennis_data_uk,wta,2024,3,Adelaide International,Adelaide,2024-01-13,wta_500,True,hard,F,2,3,Ostapenko J.,Kasatkina D.,12,15,2883.0,2758.0,2,0,6,3,6,2,,,,,,,completed,1.57,2.38,1.59,2.54,1.62,2.6,1.57,2.4,2024_3_adelaide_adelaide_international,2024_3_adelaide_adelaide_international_2024-01-13_F_ostapenko_j_kasatkina_d
tennis_data_uk,wta,2024,4,Hobart International,Hobart,2024-01-08,wta_250,True,hard,R32,32,3,Gracheva V.,Stearns P.,39,48,1290.0,1168.0,2,1,7,6,3,6,7,5,,,,,completed,2.1,1.73,2.08,1.81,2.14,1.81,2.07,1.74,2024_4_hobart_hobart_international,2024_4_hobart_hobart_international_2024-01-08_R32_gracheva_v_stearns_p
tennis_data_uk,wta,2024,4,Hobart International,Hobart,2024-01-08,wta_250,True,hard,R32,32,3,Rus A.,Fruhvirtova L.,50,85,1149.0,829.0,2,1,6,3,5,7,6,3,,,,,completed,2.38,1.57,2.41,1.62,2.43,1.62,2.32,1.6,2024_4_hobart_hobart_international,2024_4_hobart_hobart_international_2024-01-08_R32_rus_a_fruhvirtova_l
tennis_data_uk,wta,2024,4,Hobart International,Hobart,2024-01-08,wta_250,True,hard,R32,32,3,Schmiedlova A.,Osorio M.,67,79,949.0,876.0,2,1,1,6,7,6,7,5,,,,,completed,2.3,1.62,2.36,1.64,2.36,1.73,2.26,1.62,2024_4_hobart_hobart_international,2024_4_hobart_hobart_international_2024-01-08_R32_schmiedlova_a_osorio_m
tennis_data_uk,wta,2024,4,Hobart International,Hobart,2024-01-08,wta_250,True,hard,R32,32,3,Mertens E.,Collins D.,29,54,1551.0,1121.0,2,0,6,2,6,3,,,,,,,completed,2.1,1.73,2.15,1.76,2.2,1.78,2.11,1.72,2024_4_hobart_hobart_international,2024_4_hobart_hobart_international_2024-01-08_R32_mertens_e_collins_d
tennis_data_uk,wta,2024,4,Hobart International,Hobart,2024-01-08,wta_250,True,hard,R32,32,3,Saville D.,Blinkova A.,195,46,398.0,1170.0,2,1,3,6,6,4,6,4,,,,,completed,1.8,2.0,1.85,2.03,1.91,2.05,1.81,1.98,2024_4_hobart_hobart_international,2024_4_hobart_hobart_international_2024-01-08_R32_saville_d_blinkova_a
tennis_data_uk,wta,2024,4,Hobart International,Hobart,2024-01-08,wta_250,True,hard,R32,32,3,Zhu L.,Bronzetti L.,33,56,1420.0,1099.0,2,0,7,5,6,1,,,,,,,completed,1.67,2.2,1.73,2.2,1.73,2.25,1.68,2.18,2024_4_hobart_hobart_international,2024_4_hobart_hobart_international_2024-01-08_R32_zhu_l_bronzetti_l
tennis_data_uk,wta,2024,4,Hobart International,Hobart,2024-01-09,wta_250,True,hard,R32,32,3,Dolehide C.,Sherif M.,44,58,1193.0,1053.0,2,0,6,1,6,4,,,,,,,completed,1.53,2.5,1.59,2.47,1.59,2.66,1.55,2.44,2024_4_hobart_hobart_international,2024_4_hobart_hobart_international_2024-01-09_R32_dolehide_c_sherif_m
tennis_data_uk,wta,2024,4,Hobart International,Hobart,2024-01-09,wta_250,True,hard,R32,32,3,Tomova V.,Trevisan M.,77,60,906.0,1045.0,2,0,6,3,6,3,,,,,,,completed,2.2,1.67,2.09,1.8,2.36,1.82,2.1,1.73,2024_4_hobart_hobart_international,2024_4_hobart_hobart_international_2024-01-09_R32_tomova_v_trevisan_m
tennis_data_uk,wta,2024,4,Hobart International,Hobart,2024-01-09,wta_250,True,hard,R32,32,3,Kenin S.,Minnen G.,38,65,1305.0,999.0,2,0,6,3,6,3,,,,,,,completed,1.44,2.75,1.45,2.89,1.46,3.01,1.43,2.78,2024_4_hobart_hobart_international,2024_4_hobart_hobart_international_2024-01-09_R32_kenin_s_minnen_g
tennis_data_uk,wta,2024,4,Hobart International,Hobart,2024-01-09,wta_250,True,hard,R32,32,3,Putintseva Y.,Cocciaretto E.,64,45,1002.0,1179.0,2,1,0,6,7,5,7,6,,,,,completed,1.57,2.38,1.58,2.48,1.59,2.64,1.55,2.44,2024_4_hobart_hobart_international,2024_4_hobart_hobart_international_2024-01-09_R32_putintseva_y_cocciaretto_e
tennis_data_uk,wta,2024,4,Hobart International,Hobart,2024-01-09,wta_250,True,hard,R32,32,3,Maria T.,Podoroska N.,42,63,1215.0,1009.0,1,0,6,1,4,3,,,,,,,retired,1.8,2.0,1.94,1.93,1.94,2.05,1.86,1.93,2024_4_hobart_hobart_international,2024_4_hobart_hobart_international_2024-01-09_R32_maria_t_podoroska_n
tennis_data_uk,wta,2024,4,Hobart International,Hobart,2024-01-09,wta_250,True,hard,R32,32,3,Yuan Y.,Stephens S.,73,43,925.0,1202.0,2,1,6,4,3,6,7,6,,,,,completed,2.63,1.5,2.49,1.58,2.63,1.58,2.47,1.53,2024_4_hobart_hobart_international,2024_4_hobart_hobart_international_2024-01-09_R32_yuan_y_stephens_s
tennis_data_uk,wta,2024,4,Hobart International,Hobart,2024-01-09,wta_250,True,hard,R32,32,3,Bouzkova M.,Golubic V.,35,90,1382.0,812.0,2,0,6,2,6,4,,,,,,,completed,1.33,3.4,1.37,3.27,1.38,3.55,1.33,3.26,2024_4_hobart_hobart_international,2024_4_hobart_hobart_international_2024-01-09_R32_bouzkova_m_golubic_v
tennis_data_uk,wta,2024,4,Hobart International,Hobart,2024-01-09,wta_250,True,hard,R32,32,3,Frech M.,Sorribes Tormo S.,72,53,937.0,1126.0,2,1,0,6,6,1,6,4,,,,,completed,2.2,1.67,1.96,1.9,2.22,1.9,2.16,1.69,2024_4_hobart_hobart_international,2024_4_hobart_hobart_international_2024-01-09_R32_frech_m_sorribes_tormo_s
tennis_data_uk,wta,2024,4,Hobart International,Hobart,2024-01-09,wta_250,True,hard,R32,32,3,Wang Xin.,Gadecki O.,34,121,1395.0,655.0,2,1,6,3,3,6,6,3,,,,,completed,1.44,2.75,1.58,2.49,1.58,2.89,1.51,2.55,2024_4_hobart_hobart_international,2024_4_hobart_hobart_international_2024-01-09_R32_wang_xin_gadecki_o
tennis_data_uk,wta,2024,4,Hobart International,Hobart,2024-01-09,wta_250,True,hard,R32,32,3,Navarro E.,Burel C.,31,52,1530.0,1140.0,2,1,4,6,6,3,6,3,,,,,completed,1.67,2.2,1.75,2.16,1.75,2.3,1.69,2.16,2024_4_hobart_hobart_international,2024_4_hobart_hobart_international_2024-01-09_R32_navarro_e_burel_c
tennis_data_uk,wta,2024,4,Hobart International,Hobart,2024-01-10,wta_250,True,hard,R16,16,3,Rus A.,Gracheva V.,50,39,1149.0,1290.0,2,0,6,2,6,3,,,,,,,completed,2.1,1.73,2.22,1.72,2.22,1.8,2.12,1.71,2024_4_hobart_hobart_international,2024_4_hobart_hobart_international_2024-01-10_R16_rus_a_gracheva_v
tennis_data_uk,wta,2024,4,Hobart International,Hobart,2024-01-10,wta_250,True,hard,R16,16,3,Tomova V.,Maria T.,77,42,906.0,1215.0,2,0,6,0,6,1,,,,,,,completed,2.0,1.8,2.02,1.88,2.13,1.88,1.97,1.82,2024_4_hobart_hobart_international,2024_4_hobart_hobart_international_2024-01-10_R16_tomova_v_maria_t
tennis_data_uk,wta,2024,4,Hobart International,Hobart,2024-01-10,wta_250,True,hard,R16,16,3,Mertens E.,Schmiedlova A.,29,67,1551.0,949.0,2,0,6,2,6,3,,,,,,,completed,1.17,5.0,1.22,4.85,1.22,5.05,1.19,4.6,2024_4_hobart_hobart_international,2024_4_hobart_hobart_international_2024-01-10_R16_mertens_e_schmiedlova_a
tennis_data_uk,wta,2024,4,Hobart International,Hobart,2024-01-10,wta_250,True,hard,R16,16,3,Zhu L.,Dolehide C.,33,44,1420.0,1193.0,2,1,5,7,6,3,6,4,,,,,completed,1.53,2.5,1.58,2.52,1.58,2.52,1.55,2.42,2024_4_hobart_hobart_international,2024_4_hobart_hobart_international_2024-01-10_R16_zhu_l_dolehide_c
tennis_data_uk,wta,2024,4,Hobart International,Hobart,2024-01-10,wta_250,True,hard,R16,16,3,Yuan Y.,Wang Xin.,73,34,925.0,1395.0,2,0,7,5,6,3,,,,,,,completed,2.38,1.57,2.37,1.65,2.4,1.65,2.31,1.6,2024_4_hobart_hobart_international,2024_4_hobart_hobart_international_2024-01-10_R16_yuan_y_wang_xin
tennis_data_uk,wta,2024,4,Hobart International,Hobart,2024-01-10,wta_250,True,hard,R16,16,3,Navarro E.,Frech M.,31,72,1530.0,937.0,2,0,6,3,6,3,,,,,,,completed,1.44,2.75,1.49,2.8,1.53,2.8,1.47,2.65,2024_4_hobart_hobart_international,2024_4_hobart_hobart_international_2024-01-10_R16_navarro_e_frech_m
tennis_data_uk,wta,2024,4,Hobart International,Hobart,2024-01-10,wta_250,True,hard,R16,16,3,Saville D.,Kenin S.,195,38,398.0,1305.0,2,0,7,6,6,1,,,,,,,completed,2.5,1.53,2.6,1.55,2.6,1.57,2.47,1.53,2024_4_hobart_hobart_international,2024_4_hobart_hobart_international_2024-01-10_R16_saville_d_kenin_s
tennis_data_uk,wta,2024,4,Hobart International,Hobart,2024-01-10,wta_250,True,hard,R16,16,3,Putintseva Y.,Bouzkova M.,64,35,1002.0,1382.0,2,1,6,4,1,6,6,3,,,,,completed,3.0,1.4,3.01,1.43,3.37,1.44,2.91,1.4,2024_4_hobart_hobart_international,2024_4_hobart_hobart_international_2024-01-10_R16_putintseva_y_bouzkova_m
tennis_data_uk,wta,2024,4,Hobart International,Hobart,2024-01-11,wta_250,True,hard,QF,8,3,Mertens E.,Rus A.,29,50,1551.0,1149.0,2,0,7,5,6,0,,,,,,,completed,1.2,4.5,1.23,4.78,1.23,4.78,1.21,4.35,2024_4_hobart_hobart_international,2024_4_hobart_hobart_international_2024-01-11_QF_mertens_e_rus_a
tennis_data_uk,wta,2024,4,Hobart International,Hobart,2024-01-11,wta_250,True,hard,QF,8,3,Navarro E.,Tomova V.,31,77,1530.0,906.0,2,1,4,6,6,3,6,2,,,,,completed,1.29,3.75,1.28,4.09,1.3,4.09,1.26,3.78,2024_4_hobart_hobart_international,2024_4_hobart_hobart_international_2024-01-11_QF_navarro_e_tomova_v
tennis_data_uk,wta,2024,4,Hobart International,Hobart,2024-01-11,wta_250,True,hard,QF,8,3,Saville D.,Zhu L.,195,33,398.0,1420.0,2,1,3,6,6,1,6,4,,,,,completed,1.8,2.0,1.85,2.07,1.9,2.12,1.79,2.02,2024_4_hobart_hobart_international,2024_4_hobart_hobart_international_2024-01-11_QF_saville_d_zhu_l
tennis_data_uk,wta,2024,4,Hobart International,Hobart,2024-01-11,wta_250,True,hard,QF,8,3,Yuan Y.,Putintseva Y.,73,64,925.0,1002.0,2,0,7,5,7,6,,,,,,,completed,2.3,1.62,2.36,1.67,2.37,1.67,2.27,1.63,2024_4_hobart_hobart_international,2024_4_hobart_hobart_international_2024-01-11_QF_yuan_y_putintseva_y
tennis_data_uk,wta,2024,4,Hobart International,Hobart,2024-01-12,wta_250,True,hard,SF,4,3,Mertens E.,Saville D.,29,195,1551.0,398.0,2,1,6,4,4,6,7,5,,,,,completed,1.33,3.4,1.33,3.66,1.36,3.66,1.33,3.33,2024_4_hobart_hobart_international,2024_4_hobart_hobart_international_2024-01-12_SF_mertens_e_saville_d
tennis_data_uk,wta,2024,4,Hobart International,Hobart,2024-01-12,wta_250,True,hard,SF,4,3,Navarro E.,Yuan Y.,31,73,1530.0,925.0,2,0,6,4,6,3,,,,,,,completed,1.33,3.4,1.37,3.4,1.4,3.4,1.37,3.1,2024_4_hobart_hobart_international,2024_4_hobart_hobart_international_2024-01-12_SF_navarro_e_yuan_y
tennis_data_uk,wta,2024,4,Hobart International,Hobart,2024-01-13,wta_250,True,hard,F,2,3,Navarro E.,Mertens E.,31,29,1530.0,1551.0,2,1,6,1,4,6,7,5,,,,,completed,2.1,1.73,2.15,1.79,2.16,1.79,2.09,1.74,2024_4_hobart_hobart_international,2024_4_hobart_hobart_international_2024-01-13_F_navarro_e_mertens_e
tennis_data_uk,wta,2024,5,Australian Open,Melbourne,2024-01-14,grand_slam,True,hard,R128,128,3,Rakhimova K.,Bektas E.,90,89,793.0,804.0,2,0,6,4,6,4,,,,,,,completed,1.91,1.91,1.85,2.05,1.94,2.06,1.86,1.95,2024_5_melbourne_australian_open,2024_5_melbourne_australian_open_2024-01-14_R128_rakhimova_k_bektas_e
tennis_data_uk,wta,2024,5,Australian Open,Melbourne,2024-01-14,grand_slam,True,hard,R128,128,3,Tsurenko L.,Bronzetti L.,33,55,1452.0,1099.0,2,1,3,6,7,5,6,3,,,,,completed,1.5,2.63,1.44,2.97,1.55,2.97,1.5,2.61,2024_5_melbourne_australian_open,2024_5_melbourne_australian_open_2024-01-14_R128_tsurenko_l_bronzetti_l
tennis_data_uk,wta,2024,5,Australian Open,Melbourne,2024-01-14,grand_slam,True,hard,R128,128,3,Fernandez L.A.,Bejlek S.,35,133,1355.0,574.0,2,0,7,6,6,2,,,,,,,completed,1.25,4.0,1.28,4.0,1.31,4.01,1.27,3.82,2024_5_melbourne_australian_open,2024_5_melbourne_australian_open_2024-01-14_R128_fernandez_l_a_bejlek_s
tennis_data_uk,wta,2024,5,Australian Open,Melbourne,2024-01-14,grand_slam,True,hard,R128,128,3,Krejcikova B.,Hontama M.,11,121,2891.0,645.0,2,1,2,6,6,4,6,3,,,,,completed,1.17,5.0,1.17,5.87,1.2,5.87,1.17,5.23,2024_5_melbourne_australian_open,2024_5_melbourne_australian_open_2024-01-14_R128_krejcikova_b_hontama_m
tennis_data_uk,wta,2024,5,Australian Open,Melbourne,2024-01-14,grand_slam,True,hard,R128,128,3,Avanesyan E.,Bai Z.,74,87,939.0,825.0,2,1,4,6,7,5,6,2,,,,,completed,2.38,1.57,2.67,1.53,2.67,1.62,2.47,1.55,2024_5_melbourne_australian_open,2024_5_melbourne_australian_open_2024-01-14_R128_avanesyan_e_bai_z
tennis_data_uk,wta,2024,5,Australian Open,Melbourne,2024-01-14,grand_slam,True,hard,R128,128,3,Korpatsch T.,Burrage J.,80,102,847.0,733.0,2,1,2,6,6,3,6,0,,,,,completed,1.67,2.2,1.79,2.12,1.8,2.25,1.75,2.1,2024_5_melbourne_australian_open,2024_5_melbourne_australian_open_2024-01-14_R128_korpatsch_t_burrage_j
tennis_data_uk,wta,2024,5,Australian Open,Melbourne,2024-01-14,grand_slam,True,hard,R128,128,3,Parks A.,Snigur D.,82,134,838.0,566.0,2,1,2,6,6,2,6,4,,,,,completed,2.0,1.8,2.19,1.75,2.19,1.88,2.06,1.78,2024_5_melbourne_australian_open,2024_5_melbourne_australian_open_2024-01-14_R128_parks_a_snigur_d
tennis_data_uk,wta,2024,5,Australian Open,Melbourne,2024-01-14,grand_slam,True,hard,R128,128,3,Timofeeva M.,Cornet A.,170,110,451.0,690.0,2,0,6,2,6,4,,,,,,,completed,1.8,2.0,1.72,2.23,1.85,2.23,1.74,2.11,2024_5_melbourne_australian_open,2024_5_melbourne_australian_open_2024-01-14_R128_timofeeva_m_cornet_a
tennis_data_uk,wta,2024,5,Australian Open,Melbourne,2024-01-14,grand_slam,True,hard,R128,128,3,Fruhvirtova B.,Bogdan A.,107,63,704.0,1016.0,2,1,2,6,6,4,6,3,,,,,completed,1.67,2.2,1.65,2.38,1.72,2.38,1.65,2.26,2024_5_melbourne_australian_open,2024_5_melbourne_australian_open_2024-01-14_R128_fruhvirtova_b_bogdan_a
tennis_data_uk,wta,2024,5,Australian Open,Melbourne,2024-01-14,grand_slam,True,hard,R128,128,3,Sakkari M.,Hibino N.,8,88,3770.0,808.0,2,0,6,4,6,1,,,,,,,completed,1.06,10.0,1.07,11.07,1.08,11.07,1.07,9.12,2024_5_melbourne_australian_open,2024_5_melbourne_australian_open_2024-01-14_R128_sakkari_m_hibino_n
tennis_data_uk,wta,2024,5,Australian Open,Melbourne,2024-01-14,grand_slam,True,hard,R128,128,3,Parry D.,Wang Xin.,72,36,943.0,1353.0,2,1,6,3,2,6,6,3,,,,,completed,3.2,1.36,3.11,1.41,3.2,1.42,3.06,1.38,2024_5_melbourne_australian_open,2024_5_melbourne_australian_open_2024-01-14_R128_parry_d_wang_xin
tennis_data_uk,wta,2024,5,Australian Open,Melbourne,2024-01-14,grand_slam,True,hard,R128,128,3,Anisimova A.,Samsonova L.,442,14,130.0,2760.0,2,0,6,3,6,4,,,,,,,completed,3.0,1.4,3.0,1.44,3.01,1.44,2.93,1.41,2024_5_melbourne_australian_open,2024_5_melbourne_australian_open_2024-01-14_R128_anisimova_a_samsonova_l
tennis_data_uk,wta,2024,5,Australian Open,Melbourne,2024-01-14,grand_slam,True,hard,R128,128,3,Korneeva A.,Sorribes Tormo S.,179,52,427.0,1127.0,2,1,4,6,6,3,6,2,,,,,completed,2.2,1.67,2.36,1.65,2.4,1.71,2.26,1.65,2024_5_melbourne_australian_open,2024_5_melbourne_australian_open_2024-01-14_R128_korneeva_a_sorribes_tormo_s
tennis_data_uk,wta,2024,5,Australian Open,Melbourne,2024-01-14,grand_slam,True,hard,R128,128,3,Dolehide C.,Jeanjean L.,43,143,1208.0,523.0,2,0,6,2,6,4,,,,,,,completed,1.36,3.2,1.47,2.87,1.47,3.2,1.42,2.9,2024_5_melbourne_australian_open,2024_5_melbourne_australian_open_2024-01-14_R128_dolehide_c_jeanjean_l
tennis_data_uk,wta,2024,5,Australian Open,Melbourne,2024-01-14,grand_slam,True,hard,R128,128,3,Wozniacki C.,Linette M.,252,24,302.0,1896.0,1,0,6,2,2,0,,,,,,,retired,1.53,2.5,1.52,2.69,1.6,2.69,1.53,2.52,2024_5_melbourne_australian_open,2024_5_melbourne_australian_open_2024-01-14_R128_wozniacki_c_linette_m
tennis_data_uk,wta,2024,5,Australian Open,Melbourne,2024-01-14,grand_slam,True,hard,R128,128,3,Sabalenka A.,Seidel E.,2,173,8905.0,439.0,2,0,6,0,6,1,,,,,,,completed,1.03,17.0,1.05,13.06,1.05,17.0,1.03,13.59,2024_5_melbourne_australian_open,2024_5_melbourne_australian_open_2024-01-14_R128_sabalenka_a_seidel_e
tennis_data_uk,wta,2024,5,Australian Open,Melbourne,2024-01-15,grand_slam,True,hard,R128,128,3,Noskova L.,Bouzkova M.,50,34,1143.0,1382.0,2,0,6,1,7,5,,,,,,,completed,2.3,1.62,2.39,1.64,2.5,1.67,2.29,1.63,2024_5_melbourne_australian_open,2024_5_melbourne_australian_open_2024-01-15_R128_noskova_l_bouzkova_m
tennis_data_uk,wta,2024,5,Australian Open,Melbourne,2024-01-15,grand_slam,True,hard,R128,128,3,Hunter S.,Errani S.,180,101,426.0,738.0,2,0,6,4,6,3,,,,,,,completed,1.29,3.75,1.31,3.77,1.35,3.87,1.3,3.58,2024_5_melbourne_australian_open,2024_5_melbourne_australian_open_2024-01-15_R128_hunter_s_errani_s
tennis_data_uk,wta,2024,5,Australian Open,Melbourne,2024-01-15,grand_slam,True,hard,R128,128,3,Podoroska N.,Zidansek T.,65,98,1009.0,745.0,2,0,6,1,6,0,,,,,,,completed,1.8,2.0,1.85,2.05,1.96,2.05,1.84,1.97,2024_5_melbourne_australian_open,2024_5_melbourne_australian_open_2024-01-15_R128_podoroska_n_zidansek_t
tennis_data_uk,wta,2024,5,Australian Open,Melbourne,2024-01-15,grand_slam,True,hard,R128,128,3,Gracheva V.,Wickmayer Y.,39,79,1290.0,880.0,2,0,6,3,6,4,,,,,,,completed,1.57,2.38,1.69,2.28,1.69,2.45,1.63,2.28,2024_5_melbourne_australian_open,2024_5_melbourne_australian_open_2024-01-15_R128_gracheva_v_wickmayer_y
tennis_data_uk,wta,2024,5,Australian Open,Melbourne,2024-01-15,grand_slam,True,hard,R128,128,3,Svitolina E.,Preston T.,23,201,1972.0,383.0,2,0,6,2,6,2,,,,,,,completed,1.07,9.0,1.08,9.7,1.11,9.73,1.07,8.41,2024_5_melbourne_australian_open,2024_5_melbourne_australian_open_2024-01-15_R128_svitolina_e_preston_t
tennis_data_uk,wta,2024,5,Australian Open,Melbourne,2024-01-15,grand_slam,True,hard,R128,128,3,Tomova V.,Day K.,70,86,957.0,825.0,2,0,6,4,6,2,,,,,,,completed,1.44,2.75,1.53,2.67,1.58,2.78,1.49,2.66,2024_5_melbourne_australian_open,2024_5_melbourne_australian_open_2024-01-15_R128_tomova_v_day_k
tennis_data_uk,wta,2024,5,Australian Open,Melbourne,2024-01-15,grand_slam,True,hard,R128,128,3,Yastremska D.,Vondrousova M.,93,7,777.0,3966.0,2,0,6,1,6,2,,,,,,,completed,5.0,1.17,5.16,1.2,5.25,1.24,4.92,1.18,2024_5_melbourne_australian_open,2024_5_melbourne_australian_open_2024-01-15_R128_yastremska_d_vondrousova_m
tennis_data_uk,wta,2024,5,Australian Open,Melbourne,2024-01-15,grand_slam,True,hard,R128,128,3,Gauff C.,Schmiedlova A.,4,68,6660.0,996.0,2,0,6,3,6,0,,,,,,,completed,1.02,21.0,1.02,25.47,1.03,26.39,1.02,17.12,2024_5_melbourne_australian_open,2024_5_melbourne_australian_open_2024-01-15_R128_gauff_c_schmiedlova_a
tennis_data_uk,wta,2024,5,Australian Open,Melbourne,2024-01-15,grand_slam,True,hard,R128,128,3,Juvan K.,Potapova A.,109,29,696.0,1694.0,2,0,6,1,6,4,,,,,,,completed,3.2,1.36,3.42,1.36,3.42,1.39,3.26,1.34,2024_5_melbourne_australian_open,2024_5_melbourne_australian_open_2024-01-15_R128_juvan_k_potapova_a
tennis_data_uk,wta,2024,5,Australian Open,Melbourne,2024-01-15,grand_slam,True,hard,R128,128,3,Siegemund L.,Alexandrova E.,78,20,892.0,2215.0,2,1,6,2,3,6,7,6,,,,,completed,3.2,1.36,3.01,1.43,3.2,1.45,3.01,1.39,2024_5_melbourne_australian_open,2024_5_melbourne_australian_open_2024-01-15_R128_siegemund_l_alexandrova_e
tennis_data_uk,wta,2024,5,Australian Open,Melbourne,2024-01-15,grand_slam,True,hard,R128,128,3,Maria T.,Osorio M.,42,10,1215.0,3328.0,2,1,7,5,6,7,6,4,,,,,completed,2.38,1.57,2.76,1.5,2.76,1.57,2.61,1.5,2024_5_melbourne_australian_open,2024_5_melbourne_australian_open_2024-01-15_R128_maria_t_osorio_m
tennis_data_uk,wta,2024,5,Australian Open,Melbourne,2024-01-15,grand_slam,True,hard,R128,128,3,Kessler M.,Ferro F.,206,153,371.0,496.0,2,1,3,6,6,3,6,2,,,,,completed,2.5,1.53,2.56,1.56,2.68,1.62,2.49,1.54,2024_5_melbourne_australian_open,2024_5_melbourne_australian_open_2024-01-15_R128_kessler_m_ferro_f
tennis_data_uk,wta,2024,5,Australian Open,Melbourne,2024-01-15,grand_slam,True,hard,R128,128,3,Masarova R.,Sasnovich A.,91,81,786.0,843.0,2,0,6,3,6,4,,,,,,,completed,2.3,1.62,2.42,1.63,2.42,1.66,2.34,1.6,2024_5_melbourne_australian_open,2024_5_melbourne_australian_open_2024-01-15_R128_masarova_r_sasnovich_a
tennis_data_uk,wta,2024,5,Australian Open,Melbourne,2024-01-15,grand_slam,True,hard,R128,128,3,Kostyuk M.,Liu C.,37,99,1330.0,742.0,2,1,6,3,4,6,6,1,,,,,completed,1.44,2.75,1.41,3.11,1.46,3.11,1.41,2.9,2024_5_melbourne_australian_open,2024_5_melbourne_australian_open_2024-01-15_R128_kostyuk_m_liu_c
tennis_data_uk,wta,2024,5,Australian Open,Melbourne,2024-01-15,grand_slam,True,hard,R128,128,3,Pavlyuchenkova A.,Vekic D.,46,25,1178.0,1865.0,2,0,6,4,6,4,,,,,,,completed,1.44,2.75,1.39,3.23,1.46,3.23,1.4,2.97,2024_5_melbourne_australian_open,2024_5_melbourne_australian_open_2024-01-15_R128_pavlyuchenkova_a_vekic_d
tennis_data_uk,wta,2024,5,Australian Open,Melbourne,2024-01-15,grand_slam,True,hard,R128,128,3,Paolini J.,Shnaider D.,31,92,1530.0,785.0,2,0,6,3,6,4,,,,,,,completed,1.5,2.63,1.56,2.58,1.56,2.73,1.51,2.57,2024_5_melbourne_australian_open,2024_5_melbourne_australian_open_2024-01-15_R128_paolini_j_shnaider_d
tennis_data_uk,wta,2024,5,Australian Open,Melbourne,2024-01-15,grand_slam,True,hard,R128,128,3,Mertens E.,Sherif M.,28,58,1713.0,1053.0,1,0,6,2,2,0,,,,,,,retired,1.14,5.5,1.15,6.32,1.17,6.32,1.14,5.69,2024_5_melbourne_australian_open,2024_5_melbourne_australian_open_2024-01-15_R128_mertens_e_sherif_m
tennis_data_uk,wta,2024,5,Australian Open,Melbourne,2024-01-15,grand_slam,True,hard,R128,128,3,Frech M.,Saville D.,69,152,965.0,496.0,2,1,6,7,6,3,7,5,,,,,completed,2.2,1.67,2.19,1.75,2.25,1.75,2.16,1.7,2024_5_melbourne_australian_open,2024_5_melbourne_australian_open_2024-01-15_R128_frech_m_saville_d
tennis_data_uk,wta,2024,5,Australian Open,Melbourne,2024-01-15,grand_slam,True,hard,R128,128,3,Siniakova K.,Cristian J.,49,83,1155.0,831.0,2,0,6,2,7,5,,,,,,,completed,1.33,3.4,1.34,3.5,1.35,3.5,1.33,3.35,2024_5_melbourne_australian_open,2024_5_melbourne_australian_open_2024-01-15_R128_siniakova_k_cristian_j
tennis_data_uk,wta,2024,5,Australian Open,Melbourne,2024-01-15,grand_slam,True,hard,R128,128,3,Zakharova A.,Putintseva Y.,190,64,404.0,1014.0,2,1,2,6,6,0,6,3,,,,,completed,4.0,1.25,3.81,1.3,4.01,1.32,3.79,1.27,2024_5_melbourne_australian_open,2024_5_melbourne_australian_open_2024-01-15_R128_zakharova_a_putintseva_y
tennis_data_uk,wta,2024,5,Australian Open,Melbourne,2024-01-15,grand_slam,True,hard,R128,128,3,Golubic V.,Kudermetova V.,85,17,829.0,2555.0,2,1,7,6,1,6,6,1,,,,,completed,3.4,1.33,3.78,1.31,3.78,1.33,3.49,1.31,2024_5_melbourne_australian_open,2024_5_melbourne_australian_open_2024-01-15_R128_golubic_v_kudermetova_v
tennis_data_uk,wta,2024,5,Australian Open,Melbourne,2024-01-15,grand_slam,True,hard,R128,128,3,Jabeur O.,Starodubtseva Y.,6,150,4076.0,504.0,2,0,6,3,6,1,,,,,,,completed,1.17,5.0,1.22,4.79,1.22,6.05,1.17,5.1,2024_5_melbourne_australian_open,2024_5_melbourne_australian_open_2024-01-15_R128_jabeur_o_starodubtseva_y
tennis_data_uk,wta,2024,5,Australian Open,Melbourne,2024-01-15,grand_slam,True,hard,R128,128,3,Badosa P.,Townsend T.,100,73,738.0,942.0,2,0,6,1,6,3,,,,,,,completed,1.62,2.3,1.75,2.18,1.75,2.55,1.63,2.29,2024_5_melbourne_australian_open,2024_5_melbourne_australian_open_2024-01-15_R128_badosa_p_townsend_t
tennis_data_uk,wta,2024,5,Australian Open,Melbourne,2024-01-15,grand_slam,True,hard,R128,128,3,Haddad Maia B.,Fruhvirtova L.,12,84,2830.0,829.0,2,1,6,2,3,6,6,2,,,,,completed,1.22,4.33,1.3,3.85,1.3,4.34,1.26,3.94,2024_5_melbourne_australian_open,2024_5_melbourne_australian_open_2024-01-15_R128_haddad_maia_b_fruhvirtova_l
tennis_data_uk,wta,2024,5,Australian Open,Melbourne,2024-01-15,grand_slam,True,hard,R128,128,3,Rus A.,Kalinina A.,45,30,1188.0,1600.0,2,0,6,1,6,0,,,,,,,completed,2.38,1.57,2.33,1.67,2.46,1.67,2.36,1.59,2024_5_melbourne_australian_open,2024_5_melbourne_australian_open_2024-01-15_R128_rus_a_kalinina_a
tennis_data_uk,wta,2024,5,Australian Open,Melbourne,2024-01-15,grand_slam,True,hard,R128,128,3,Andreeva M.,Pera B.,47,71,1168.0,956.0,2,0,7,5,6,2,,,,,,,completed,1.17,5.0,1.18,5.28,1.21,5.45,1.17,5.04,2024_5_melbourne_australian_open,2024_5_melbourne_australian_open_2024-01-15_R128_andreeva_m_pera_b
tennis_data_uk,wta,2024,5,Australian Open,Melbourne,2024-01-15,grand_slam,True,hard,R128,128,3,Kalinskaya A.,Volynets K.,75,103,923.0,732.0,2,1,6,3,3,6,6,2,,,,,completed,1.36,3.2,1.36,3.42,1.41,3.5,1.35,3.22,2024_5_melbourne_australian_open,2024_5_melbourne_australian_open_2024-01-15_R128_kalinskaya_a_volynets_k
tennis_data_uk,wta,2024,5,Australian Open,Melbourne,2024-01-15,grand_slam,True,hard,R128,128,3,Garcia C.,Osaka N.,19,831,2330.0,32.0,2,0,6,4,7,6,,,,,,,completed,2.2,1.67,2.21,1.74,2.22,1.77,2.16,1.7,2024_5_melbourne_australian_open,2024_5_melbourne_australian_open_2024-01-15_R128_garcia_c_osaka_n
tennis_data_uk,wta,2024,5,Australian Open,Melbourne,2024-01-16,grand_slam,True,hard,R128,128,3,Kasatkina D.,Stearns P.,13,48,2778.0,1168.0,2,1,6,2,3,6,6,2,,,,,completed,1.3,3.5,1.27,4.15,1.39,4.15,1.28,3.72,2024_5_melbourne_australian_open,2024_5_melbourne_australian_open_2024-01-16_R128_kasatkina_d_stearns_p
tennis_data_uk,wta,2024,5,Australian Open,Melbourne,2024-01-16,grand_slam,True,hard,R128,128,3,Trevisan M.,Zarazua R.,59,97,1045.0,749.0,2,1,4,6,6,4,6,2,,,,,completed,1.62,2.3,1.74,2.2,1.74,2.42,1.66,2.23,2024_5_melbourne_australian_open,2024_5_melbourne_australian_open_2024-01-16_R128_trevisan_m_zarazua_r
tennis_data_uk,wta,2024,5,Australian Open,Melbourne,2024-01-16,grand_slam,True,hard,R128,128,3,Cocciaretto E.,Sun L.,66,193,1000.0,401.0,2,0,6,1,7,5,,,,,,,completed,1.8,2.0,1.83,2.08,1.83,2.2,1.77,2.06,2024_5_melbourne_australian_open,2024_5_melbourne_australian_open_2024-01-16_R128_cocciaretto_e_sun_l
tennis_data_uk,wta,2024,5,Australian Open,Melbourne,2024-01-16,grand_slam,True,hard,R128,128,3,Stephens S.,Gadecki O.,44,120,1202.0,655.0,2,0,6,3,6,1,,,,,,,completed,1.44,2.75,1.56,2.56,1.57,2.81,1.5,2.62,2024_5_melbourne_australian_open,2024_5_melbourne_australian_open_2024-01-16_R128_stephens_s_gadecki_o
tennis_data_uk,wta,2024,5,Australian Open,Melbourne,2024-01-16,grand_slam,True,hard,R128,128,3,Swiatek I.,Kenin S.,1,41,9880.0,1225.0,2,0,7,6,6,2,,,,,,,completed,1.04,13.0,1.03,19.73,1.05,19.73,1.03,12.99,2024_5_melbourne_australian_open,2024_5_melbourne_australian_open_2024-01-16_R128_swiatek_i_kenin_s
tennis_data_uk,wta,2024,5,Australian Open,Melbourne,2024-01-16,grand_slam,True,hard,R128,128,3,Collins D.,Kerber A.,62,655,1022.0,60.0,2,1,6,2,3,6,6,1,,,,,completed,1.4,3.0,1.36,3.41,1.42,3.45,1.37,3.15,2024_5_melbourne_australian_open,2024_5_melbourne_australian_open_2024-01-16_R128_collins_d_kerber_a
tennis_data_uk,wta,2024,5,Australian Open,Melbourne,2024-01-16,grand_slam,True,hard,R128,128,3,Navarro E.,Wang Xiy.,26,60,1730.0,1034.0,2,1,6,1,6,7,7,5,,,,,completed,1.5,2.63,1.52,2.7,1.53,2.75,1.5,2.6,2024_5_melbourne_australian_open,2024_5_melbourne_australian_open_2024-01-16_R128_navarro_e_wang_xiy
tennis_data_uk,wta,2024,5,Australian Open,Melbourne,2024-01-16,grand_slam,True,hard,R128,128,3,Azarenka V.,Giorgi C.,22,53,2011.0,1120.0,2,1,6,1,4,6,6,3,,,,,completed,1.3,3.5,1.3,3.88,1.33,3.88,1.3,3.59,2024_5_melbourne_australian_open,2024_5_melbourne_australian_open_2024-01-16_R128_azarenka_v_giorgi_c
tennis_data_uk,wta,2024,5,Australian Open,Melbourne,2024-01-16,grand_slam,True,hard,R128,128,3,Tauson C.,Minnen G.,96,67,749.0,999.0,2,0,7,5,7,5,,,,,,,completed,1.4,3.0,1.35,3.49,1.42,3.49,1.36,3.19,2024_5_melbourne_australian_open,2024_5_melbourne_australian_open_2024-01-16_R128_tauson_c_minnen_g
tennis_data_uk,wta,2024,5,Australian Open,Melbourne,2024-01-16,grand_slam,True,hard,R128,128,3,Dodin O.,Zhu L.,95,32,765.0,1464.0,2,0,6,4,6,3,,,,,,,completed,3.5,1.3,3.85,1.3,3.85,1.31,3.61,1.29,2024_5_melbourne_australian_open,2024_5_melbourne_australian_open_2024-01-16_R128_dodin_o_zhu_l
tennis_data_uk,wta,2024,5,Australian Open,Melbourne,2024-01-16,grand_slam,True,hard,R128,128,3,Burel C.,Krunic A.,51,687,1140.0,53.0,2,0,6,4,6,1,,,,,,,completed,1.08,8.0,1.11,7.96,1.11,10.26,1.09,7.76,2024_5_melbourne_australian_open,2024_5_melbourne_australian_open_2024-01-16_R128_burel_c_krunic_a
tennis_data_uk,wta,2024,5,Australian Open,Melbourne,2024-01-16,grand_slam,True,hard,R128,128,3,Wang Y.,Cirstea S.,94,27,771.0,1722.0,2,1,0,6,7,5,6,2,,,,,completed,3.4,1.33,3.61,1.33,3.61,1.36,3.36,1.33,2024_5_melbourne_australian_open,2024_5_melbourne_australian_open_2024-01-16_R128_wang_y_cirstea_s
tennis_data_uk,wta,2024,5,Australian Open,Melbourne,2024-01-16,grand_slam,True,hard,R128,128,3,Blinkova A.,Bucsa C.,57,56,1072.0,1088.0,2,0,6,2,6,4,,,,,,,completed,2.2,1.67,2.22,1.73,2.31,1.73,2.18,1.69,2024_5_melbourne_australian_open,2024_5_melbourne_australian_open_2024-01-16_R128_blinkova_a_bucsa_c
tennis_data_uk,wta,2024,5,Australian Open,Melbourne,2024-01-16,grand_slam,True,hard,R128,128,3,Boulter K.,Yuan Y.,54,61,1109.0,1028.0,2,0,7,5,7,6,,,,,,,completed,1.67,2.2,1.67,2.32,1.72,2.33,1.64,2.26,2024_5_melbourne_australian_open,2024_5_melbourne_australian_open_2024-01-16_R128_boulter_k_yuan_y
tennis_data_uk,wta,2024,5,Australian Open,Melbourne,2024-01-16,grand_slam,True,hard,R128,128,3,Ostapenko J.,Birrell K.,10,116,3328.0,671.0,2,0,7,6,6,1,,,,,,,completed,1.11,6.5,1.12,7.34,1.15,7.34,1.13,6.07,2024_5_melbourne_australian_open,2024_5_melbourne_australian_open_2024-01-16_R128_ostapenko_j_birrell_k
tennis_data_uk,wta,2024,5,Australian Open,Melbourne,2024-01-16,grand_slam,True,hard,R128,128,3,Zheng Q.,Krueger A.,15,76,2720.0,896.0,2,1,3,6,6,2,6,3,,,,,completed,1.17,5.0,1.18,5.45,1.21,5.67,1.17,5.06,2024_5_melbourne_australian_open,2024_5_melbourne_australian_open_2024-01-16_R128_zheng_q_krueger_a
tennis_data_uk,wta,2024,5,Australian Open,Melbourne,2024-01-16,grand_slam,True,hard,R128,128,3,Rybakina E.,Pliskova Ka.,3,38,6918.0,1322.0,2,0,7,6,6,4,,,,,,,completed,1.14,5.5,1.12,7.41,1.16,7.41,1.14,5.82,2024_5_melbourne_australian_open,2024_5_melbourne_australian_open_2024-01-16_R128_rybakina_e_pliskova_ka
tennis_data_uk,wta,2024,5,Australian Open,Melbourne,2024-01-16,grand_slam,True,hard,R128,128,3,Raducanu E.,Rogers S.,296,161,231.0,476.0,2,0,6,3,6,2,,,,,,,completed,1.3,3.5,1.35,3.45,1.38,3.66,1.32,3.4,2024_5_melbourne_australian_open,2024_5_melbourne_australian_open_2024-01-16_R128_raducanu_e_rogers_s
tennis_data_uk,wta,2024,5,Australian Open,Melbourne,2024-01-16,grand_slam,True,hard,R128,128,3,Tomljanovic A.,Martic P.,271,40,271.0,1283.0,2,1,7,6,4,6,6,4,,,,,completed,2.1,1.73,2.11,1.8,2.3,1.88,2.02,1.81,2024_5_melbourne_australian_open,2024_5_melbourne_australian_open_2024-01-16_R128_tomljanovic_a_martic_p
tennis_data_uk,wta,2024,5,Australian Open,Melbourne,2024-01-16,grand_slam,True,hard,R128,128,3,Pegula J.,Marino R.,5,182,6065.0,425.0,2,0,6,2,6,4,,,,,,,completed,1.08,8.0,1.08,9.87,1.09,9.87,1.07,8.79,2024_5_melbourne_australian_open,2024_5_melbourne_australian_open_2024-01-16_R128_pegula_j_marino_r
tennis_data_uk,wta,2024,5,Australian Open,Melbourne,2024-01-17,grand_slam,True,hard,R64,64,3,Timofeeva M.,Wozniacki C.,170,252,451.0,302.0,2,1,1,6,6,4,6,1,,,,,completed,3.75,1.29,4.18,1.27,4.33,1.37,3.79,1.27,2024_5_melbourne_australian_open,2024_5_melbourne_australian_open_2024-01-17_R64_timofeeva_m_wozniacki_c
tennis_data_uk,wta,2024,5,Australian Open,Melbourne,2024-01-17,grand_slam,True,hard,R64,64,3,Andreeva M.,Jabeur O.,47,6,1168.0,4076.0,2,0,6,0,6,2,,,,,,,completed,1.8,2.0,1.83,2.1,1.83,2.18,1.78,2.05,2024_5_melbourne_australian_open,2024_5_melbourne_australian_open_2024-01-17_R64_andreeva_m_jabeur_o
tennis_data_uk,wta,2024,5,Australian Open,Melbourne,2024-01-17,grand_slam,True,hard,R64,64,3,Hunter S.,Siegemund L.,180,78,426.0,892.0,2,1,6,4,3,6,6,3,,,,,completed,2.38,1.57,2.31,1.69,2.44,1.73,2.28,1.63,2024_5_melbourne_australian_open,2024_5_melbourne_australian_open_2024-01-17_R64_hunter_s_siegemund_l
tennis_data_uk,wta,2024,5,Australian Open,Melbourne,2024-01-17,grand_slam,True,hard,R64,64,3,Parks A.,Fernandez L.A.,82,35,838.0,1355.0,2,0,7,5,6,4,,,,,,,completed,5.5,1.14,5.85,1.17,5.85,1.2,5.23,1.16,2024_5_melbourne_australian_open,2024_5_melbourne_australian_open_2024-01-17_R64_parks_a_fernandez_l_a
tennis_data_uk,wta,2024,5,Australian Open,Melbourne,2024-01-17,grand_slam,True,hard,R64,64,3,Krejcikova B.,Korpatsch T.,11,80,2891.0,847.0,2,0,6,2,6,2,,,,,,,completed,1.14,5.5,1.14,6.77,1.14,6.77,1.14,5.89,2024_5_melbourne_australian_open,2024_5_melbourne_australian_open_2024-01-17_R64_krejcikova_b_korpatsch_t
tennis_data_uk,wta,2024,5,Australian Open,Melbourne,2024-01-17,grand_slam,True,hard,R64,64,3,Gauff C.,Dolehide C.,4,43,6660.0,1208.0,2,0,7,6,6,2,,,,,,,completed,1.03,15.0,1.03,22.11,1.03,22.15,1.02,15.4,2024_5_melbourne_australian_open,2024_5_melbourne_australian_open_2024-01-17_R64_gauff_c_dolehide_c
tennis_data_uk,wta,2024,5,Australian Open,Melbourne,2024-01-17,grand_slam,True,hard,R64,64,3,Parry D.,Rakhimova K.,72,90,943.0,793.0,2,0,7,5,6,2,,,,,,,completed,2.0,1.8,2.13,1.81,2.13,1.89,2.01,1.8,2024_5_melbourne_australian_open,2024_5_melbourne_australian_open_2024-01-17_R64_parry_d_rakhimova_k
tennis_data_uk,wta,2024,5,Australian Open,Melbourne,2024-01-17,grand_slam,True,hard,R64,64,3,Anisimova A.,Podoroska N.,442,65,130.0,1009.0,2,0,6,2,6,3,,,,,,,completed,1.3,3.5,1.34,3.61,1.34,3.82,1.31,3.49,2024_5_melbourne_australian_open,2024_5_melbourne_australian_open_2024-01-17_R64_anisimova_a_podoroska_n
tennis_data_uk,wta,2024,5,Australian Open,Melbourne,2024-01-17,grand_slam,True,hard,R64,64,3,Haddad Maia B.,Korneeva A.,12,179,2830.0,427.0,2,0,6,1,6,2,,,,,,,completed,1.33,3.4,1.4,3.2,1.4,3.66,1.35,3.24,2024_5_melbourne_australian_open,2024_5_melbourne_australian_open_2024-01-17_R64_haddad_maia_b_korneeva_a
tennis_data_uk,wta,2024,5,Australian Open,Melbourne,2024-01-17,grand_slam,True,hard,R64,64,3,Zakharova A.,Juvan K.,190,109,404.0,696.0,2,0,6,1,6,1,,,,,,,completed,2.38,1.57,2.62,1.56,2.62,1.69,2.43,1.56,2024_5_melbourne_australian_open,2024_5_melbourne_australian_open_2024-01-17_R64_zakharova_a_juvan_k
tennis_data_uk,wta,2024,5,Australian Open,Melbourne,2024-01-17,grand_slam,True,hard,R64,64,3,Frech M.,Garcia C.,69,19,965.0,2330.0,2,0,6,4,7,6,,,,,,,completed,3.5,1.3,3.38,1.37,3.74,1.37,3.49,1.31,2024_5_melbourne_australian_open,2024_5_melbourne_australian_open_2024-01-17_R64_frech_m_garcia_c
tennis_data_uk,wta,2024,5,Australian Open,Melbourne,2024-01-17,grand_slam,True,hard,R64,64,3,Badosa P.,Pavlyuchenkova A.,100,46,738.0,1178.0,2,0,6,2,6,3,,,,,,,completed,2.2,1.67,2.35,1.67,2.35,1.73,2.22,1.67,2024_5_melbourne_australian_open,2024_5_melbourne_australian_open_2024-01-17_R64_badosa_p_pavlyuchenkova_a
tennis_data_uk,wta,2024,5,Australian Open,Melbourne,2024-01-17,grand_slam,True,hard,R64,64,3,Sabalenka A.,Fruhvirtova B.,2,107,8905.0,704.0,2,0,6,3,6,2,,,,,,,completed,1.04,13.0,1.04,17.6,1.05,17.6,1.03,13.13,2024_5_melbourne_australian_open,2024_5_melbourne_australian_open_2024-01-17_R64_sabalenka_a_fruhvirtova_b
tennis_data_uk,wta,2024,5,Australian Open,Melbourne,2024-01-17,grand_slam,True,hard,R64,64,3,Tsurenko L.,Masarova R.,33,91,1452.0,786.0,2,0,6,3,6,4,,,,,,,completed,1.5,2.63,1.52,2.73,1.56,2.73,1.51,2.61,2024_5_melbourne_australian_open,2024_5_melbourne_australian_open_2024-01-17_R64_tsurenko_l_masarova_r
tennis_data_uk,wta,2024,5,Australian Open,Melbourne,2024-01-17,grand_slam,True,hard,R64,64,3,Kostyuk M.,Mertens E.,37,28,1330.0,1713.0,2,1,5,7,6,1,7,6,,,,,completed,2.3,1.62,2.44,1.63,2.44,1.67,2.34,1.61,2024_5_melbourne_australian_open,2024_5_melbourne_australian_open_2024-01-17_R64_kostyuk_m_mertens_e
tennis_data_uk,wta,2024,5,Australian Open,Melbourne,2024-01-17,grand_slam,True,hard,R64,64,3,Avanesyan E.,Sakkari M.,74,8,939.0,3770.0,2,0,6,4,6,4,,,,,,,completed,9.0,1.07,10.48,1.08,10.48,1.09,8.88,1.07,2024_5_melbourne_australian_open,2024_5_melbourne_australian_open_2024-01-17_R64_avanesyan_e_sakkari_m
tennis_data_uk,wta,2024,5,Australian Open,Melbourne,2024-01-18,grand_slam,True,hard,R64,64,3,Kalinskaya A.,Rus A.,75,45,923.0,1188.0,2,0,6,1,7,5,,,,,,,completed,1.4,3.0,1.38,3.32,1.49,3.32,1.41,2.94,2024_5_melbourne_australian_open,2024_5_melbourne_australian_open_2024-01-18_R64_kalinskaya_a_rus_a
tennis_data_uk,wta,2024,5,Australian Open,Melbourne,2024-01-18,grand_slam,True,hard,R64,64,3,Noskova L.,Kessler M.,50,206,1143.0,371.0,2,1,6,3,1,6,6,4,,,,,completed,1.1,7.0,1.18,5.73,1.18,7.03,1.13,5.91,2024_5_melbourne_australian_open,2024_5_melbourne_australian_open_2024-01-18_R64_noskova_l_kessler_m
tennis_data_uk,wta,2024,5,Australian Open,Melbourne,2024-01-18,grand_slam,True,hard,R64,64,3,Swiatek I.,Collins D.,1,62,9880.0,1022.0,2,1,6,4,3,6,6,4,,,,,completed,1.05,11.0,1.07,11.86,1.08,12.0,1.06,10.09,2024_5_melbourne_australian_open,2024_5_melbourne_australian_open_2024-01-18_R64_swiatek_i_collins_d
tennis_data_uk,wta,2024,5,Australian Open,Melbourne,2024-01-18,grand_slam,True,hard,R64,64,3,Dodin O.,Trevisan M.,95,59,765.0,1045.0,2,0,6,4,6,4,,,,,,,completed,2.38,1.57,2.35,1.67,2.45,1.68,2.35,1.6,2024_5_melbourne_australian_open,2024_5_melbourne_australian_open_2024-01-18_R64_dodin_o_trevisan_m
tennis_data_uk,wta,2024,5,Australian Open,Melbourne,2024-01-18,grand_slam,True,hard,R64,64,3,Paolini J.,Maria T.,31,42,1530.0,1215.0,2,0,6,2,6,3,,,,,,,completed,1.36,3.2,1.45,3.0,1.45,3.2,1.39,3.0,2024_5_melbourne_australian_open,2024_5_melbourne_australian_open_2024-01-18_R64_paolini_j_maria_t
tennis_data_uk,wta,2024,5,Australian Open,Melbourne,2024-01-18,grand_slam,True,hard,R64,64,3,Stephens S.,Kasatkina D.,44,13,1202.0,2778.0,2,1,4,6,6,3,6,3,,,,,completed,2.5,1.53,2.65,1.55,2.65,1.6,2.51,1.53,2024_5_melbourne_australian_open,2024_5_melbourne_australian_open_2024-01-18_R64_stephens_s_kasatkina_d
tennis_data_uk,wta,2024,5,Australian Open,Melbourne,2024-01-18,grand_slam,True,hard,R64,64,3,Burel C.,Pegula J.,51,5,1140.0,6065.0,2,0,6,4,6,2,,,,,,,completed,6.0,1.13,6.08,1.16,6.25,1.2,5.57,1.15,2024_5_melbourne_australian_open,2024_5_melbourne_australian_open_2024-01-18_R64_burel_c_pegula_j
tennis_data_uk,wta,2024,5,Australian Open,Melbourne,2024-01-18,grand_slam,True,hard,R64,64,3,Zheng Q.,Boulter K.,15,54,2720.0,1109.0,2,0,6,3,6,3,,,,,,,completed,1.36,3.2,1.42,3.13,1.42,3.2,1.38,3.07,2024_5_melbourne_australian_open,2024_5_melbourne_australian_open_2024-01-18_R64_zheng_q_boulter_k
tennis_data_uk,wta,2024,5,Australian Open,Melbourne,2024-01-18,grand_slam,True,hard,R64,64,3,Navarro E.,Cocciaretto E.,26,66,1730.0,1000.0,2,1,4,6,6,3,6,3,,,,,completed,1.33,3.4,1.36,3.48,1.44,3.5,1.34,3.26,2024_5_melbourne_australian_open,2024_5_melbourne_australian_open_2024-01-18_R64_navarro_e_cocciaretto_e
tennis_data_uk,wta,2024,5,Australian Open,Melbourne,2024-01-18,grand_slam,True,hard,R64,64,3,Svitolina E.,Tomova V.,23,70,1972.0,957.0,2,0,6,1,6,3,,,,,,,completed,1.17,5.0,1.19,5.52,1.19,5.7,1.16,5.18,2024_5_melbourne_australian_open,2024_5_melbourne_australian_open_2024-01-18_R64_svitolina_e_tomova_v
tennis_data_uk,wta,2024,5,Australian Open,Melbourne,2024-01-18,grand_slam,True,hard,R64,64,3,Wang Y.,Raducanu E.,94,296,771.0,231.0,2,1,6,4,4,6,6,4,,,,,completed,4.0,1.25,4.15,1.28,4.2,1.31,3.92,1.25,2024_5_melbourne_australian_open,2024_5_melbourne_australian_open_2024-01-18_R64_wang_y_raducanu_e
tennis_data_uk,wta,2024,5,Australian Open,Melbourne,2024-01-18,grand_slam,True,hard,R64,64,3,Golubic V.,Siniakova K.,85,49,829.0,1155.0,2,1,6,3,2,6,6,4,,,,,completed,3.0,1.4,2.85,1.49,3.0,1.52,2.79,1.44,2024_5_melbourne_australian_open,2024_5_melbourne_australian_open_2024-01-18_R64_golubic_v_siniakova_k
tennis_data_uk,wta,2024,5,Australian Open,Melbourne,2024-01-18,grand_slam,True,hard,R64,64,3,Blinkova A.,Rybakina E.,57,3,1072.0,6918.0,2,1,6,4,4,6,7,6,,,,,completed,11.0,1.05,14.07,1.06,14.07,1.08,11.03,1.05,2024_5_melbourne_australian_open,2024_5_melbourne_australian_open_2024-01-18_R64_blinkova_a_rybakina_e
tennis_data_uk,wta,2024,5,Australian Open,Melbourne,2024-01-18,grand_slam,True,hard,R64,64,3,Yastremska D.,Gracheva V.,93,39,777.0,1290.0,2,0,6,3,6,2,,,,,,,completed,1.73,2.1,1.76,2.2,1.77,2.2,1.73,2.11,2024_5_melbourne_australian_open,2024_5_melbourne_australian_open_2024-01-18_R64_yastremska_d_gracheva_v
tennis_data_uk,wta,2024,5,Australian Open,Melbourne,2024-01-18,grand_slam,True,hard,R64,64,3,Ostapenko J.,Tomljanovic A.,10,271,3328.0,271.0,2,1,6,0,3,6,6,4,,,,,completed,1.25,4.0,1.3,3.92,1.31,4.25,1.26,3.86,2024_5_melbourne_australian_open,2024_5_melbourne_australian_open_2024-01-18_R64_ostapenko_j_tomljanovic_a
tennis_data_uk,wta,2024,5,Australian Open,Melbourne,2024-01-18,grand_slam,True,hard,R64,64,3,Azarenka V.,Tauson C.,22,96,2011.0,749.0,2,1,6,4,3,6,6,2,,,,,completed,1.44,2.75,1.48,2.87,1.48,3.23,1.42,2.87,2024_5_melbourne_australian_open,2024_5_melbourne_australian_open_2024-01-18_R64_azarenka_v_tauson_c
tennis_data_uk,wta,2024,5,Australian Open,Melbourne,2024-01-19,grand_slam,True,hard,R32,32,3,Anisimova A.,Badosa P.,442,100,130.0,738.0,2,0,7,5,6,4,,,,,,,completed,2.38,1.57,2.48,1.61,2.51,1.65,2.38,1.59,2024_5_melbourne_australian_open,2024_5_melbourne_australian_open_2024-01-19_R32_anisimova_a_badosa_p
tennis_data_uk,wta,2024,5,Australian Open,Melbourne,2024-01-19,grand_slam,True,hard,R32,32,3,Sabalenka A.,Tsurenko L.,2,33,8905.0,1452.0,2,0,6,0,6,0,,,,,,,completed,1.05,11.0,1.08,11.81,1.09,12.0,1.06,9.63,2024_5_melbourne_australian_open,2024_5_melbourne_australian_open_2024-01-19_R32_sabalenka_a_tsurenko_l
tennis_data_uk,wta,2024,5,Australian Open,Melbourne,2024-01-19,grand_slam,True,hard,R32,32,3,Andreeva M.,Parry D.,47,72,1168.0,943.0,2,1,1,6,6,1,7,6,,,,,completed,1.08,8.0,1.12,7.92,1.14,8.01,1.1,7.18,2024_5_melbourne_australian_open,2024_5_melbourne_australian_open_2024-01-19_R32_andreeva_m_parry_d
tennis_data_uk,wta,2024,5,Australian Open,Melbourne,2024-01-19,grand_slam,True,hard,R32,32,3,Kostyuk M.,Avanesyan E.,37,74,1330.0,939.0,2,1,2,6,6,4,6,4,,,,,completed,1.25,4.0,1.28,4.07,1.31,4.07,1.26,3.9,2024_5_melbourne_australian_open,2024_5_melbourne_australian_open_2024-01-19_R32_kostyuk_m_avanesyan_e
tennis_data_uk,wta,2024,5,Australian Open,Melbourne,2024-01-19,grand_slam,True,hard,R32,32,3,Gauff C.,Parks A.,4,82,6660.0,838.0,2,0,6,0,6,2,,,,,,,completed,1.05,11.0,1.06,13.09,1.07,13.09,1.05,10.57,2024_5_melbourne_australian_open,2024_5_melbourne_australian_open_2024-01-19_R32_gauff_c_parks_a
tennis_data_uk,wta,2024,5,Australian Open,Melbourne,2024-01-19,grand_slam,True,hard,R32,32,3,Frech M.,Zakharova A.,69,190,965.0,404.0,2,1,4,6,7,5,6,4,,,,,completed,1.53,2.5,1.63,2.45,1.63,2.71,1.54,2.49,2024_5_melbourne_australian_open,2024_5_melbourne_australian_open_2024-01-19_R32_frech_m_zakharova_a
tennis_data_uk,wta,2024,5,Australian Open,Melbourne,2024-01-19,grand_slam,True,hard,R32,32,3,Timofeeva M.,Haddad Maia B.,170,12,451.0,2830.0,2,0,7,6,6,3,,,,,,,completed,4.0,1.25,4.4,1.25,4.4,1.29,4.01,1.25,2024_5_melbourne_australian_open,2024_5_melbourne_australian_open_2024-01-19_R32_timofeeva_m_haddad_maia_b
tennis_data_uk,wta,2024,5,Australian Open,Melbourne,2024-01-19,grand_slam,True,hard,R32,32,3,Krejcikova B.,Hunter S.,11,180,2891.0,426.0,2,1,4,6,7,5,6,3,,,,,completed,1.22,4.33,1.24,4.63,1.29,4.63,1.23,4.19,2024_5_melbourne_australian_open,2024_5_melbourne_australian_open_2024-01-19_R32_krejcikova_b_hunter_s
tennis_data_uk,wta,2024,5,Australian Open,Melbourne,2024-01-20,grand_slam,True,hard,R32,32,3,Kalinskaya A.,Stephens S.,75,44,923.0,1202.0,2,1,6,7,6,1,6,4,,,,,completed,1.73,2.1,1.68,2.33,1.79,2.33,1.72,2.14,2024_5_melbourne_australian_open,2024_5_melbourne_australian_open_2024-01-20_R32_kalinskaya_a_stephens_s
tennis_data_uk,wta,2024,5,Australian Open,Melbourne,2024-01-20,grand_slam,True,hard,R32,32,3,Yastremska D.,Navarro E.,93,26,777.0,1730.0,2,1,6,2,2,6,6,1,,,,,completed,2.75,1.44,2.93,1.46,2.93,1.5,2.73,1.46,2024_5_melbourne_australian_open,2024_5_melbourne_australian_open_2024-01-20_R32_yastremska_d_navarro_e
tennis_data_uk,wta,2024,5,Australian Open,Melbourne,2024-01-20,grand_slam,True,hard,R32,32,3,Zheng Q.,Wang Y.,15,94,2720.0,771.0,2,1,6,4,2,6,7,6,,,,,completed,1.17,5.0,1.19,5.5,1.21,5.5,1.17,5.06,2024_5_melbourne_australian_open,2024_5_melbourne_australian_open_2024-01-20_R32_zheng_q_wang_y
tennis_data_uk,wta,2024,5,Australian Open,Melbourne,2024-01-20,grand_slam,True,hard,R32,32,3,Dodin O.,Burel C.,95,51,765.0,1140.0,2,0,6,2,6,4,,,,,,,completed,3.4,1.33,3.5,1.35,3.5,1.35,3.34,1.33,2024_5_melbourne_australian_open,2024_5_melbourne_australian_open_2024-01-20_R32_dodin_o_burel_c
tennis_data_uk,wta,2024,5,Australian Open,Melbourne,2024-01-20,grand_slam,True,hard,R32,32,3,Paolini J.,Blinkova A.,31,57,1530.0,1072.0,2,0,7,6,6,4,,,,,,,completed,1.67,2.2,1.56,2.6,1.68,2.6,1.61,2.33,2024_5_melbourne_australian_open,2024_5_melbourne_australian_open_2024-01-20_R32_paolini_j_blinkova_a
tennis_data_uk,wta,2024,5,Australian Open,Melbourne,2024-01-20,grand_slam,True,hard,R32,32,3,Azarenka V.,Ostapenko J.,22,10,2011.0,3328.0,2,0,6,1,7,5,,,,,,,completed,2.1,1.73,2.0,1.91,2.18,1.91,2.03,1.79,2024_5_melbourne_australian_open,2024_5_melbourne_australian_open_2024-01-20_R32_azarenka_v_ostapenko_j
tennis_data_uk,wta,2024,5,Australian Open,Melbourne,2024-01-20,grand_slam,True,hard,R32,32,3,Noskova L.,Swiatek I.,50,1,1143.0,9880.0,2,1,3,6,6,3,6,4,,,,,completed,10.0,1.06,12.06,1.07,13.0,1.08,9.79,1.06,2024_5_melbourne_australian_open,2024_5_melbourne_australian_open_2024-01-20_R32_noskova_l_swiatek_i
tennis_data_uk,wta,2024,5,Australian Open,Melbourne,2024-01-20,grand_slam,True,hard,R32,32,3,Svitolina E.,Golubic V.,23,85,1972.0,829.0,2,0,6,2,6,3,,,,,,,completed,1.14,5.5,1.18,5.7,1.19,5.7,1.17,5.2,2024_5_melbourne_australian_open,2024_5_melbourne_australian_open_2024-01-20_R32_svitolina_e_golubic_v
tennis_data_uk,wta,2024,5,Australian Open,Melbourne,2024-01-21,grand_slam,True,hard,R16,16,3,Gauff C.,Frech M.,4,69,6660.0,965.0,2,0,6,1,6,2,,,,,,,completed,1.04,13.0,1.06,12.99,1.06,13.0,1.04,11.13,2024_5_melbourne_australian_open,2024_5_melbourne_australian_open_2024-01-21_R16_gauff_c_frech_m
tennis_data_uk,wta,2024,5,Australian Open,Melbourne,2024-01-21,grand_slam,True,hard,R16,16,3,Sabalenka A.,Anisimova A.,2,442,8905.0,130.0,2,0,6,3,6,2,,,,,,,completed,1.2,4.5,1.21,5.14,1.21,5.14,1.2,4.6,2024_5_melbourne_australian_open,2024_5_melbourne_australian_open_2024-01-21_R16_sabalenka_a_anisimova_a
tennis_data_uk,wta,2024,5,Australian Open,Melbourne,2024-01-21,grand_slam,True,hard,R16,16,3,Kostyuk M.,Timofeeva M.,37,170,1330.0,451.0,2,0,6,2,6,1,,,,,,,completed,1.5,2.63,1.52,2.73,1.54,2.75,1.5,2.61,2024_5_melbourne_australian_open,2024_5_melbourne_australian_open_2024-01-21_R16_kostyuk_m_timofeeva_m
tennis_data_uk,wta,2024,5,Australian Open,Melbourne,2024-01-21,grand_slam,True,hard,R16,16,3,Krejcikova B.,Andreeva M.,11,47,2891.0,1168.0,2,1,4,6,6,3,6,2,,,,,completed,2.5,1.53,2.48,1.61,2.74,1.61,2.47,1.55,2024_5_melbourne_australian_open,2024_5_melbourne_australian_open_2024-01-21_R16_krejcikova_b_andreeva_m
tennis_data_uk,wta,2024,5,Australian Open,Melbourne,2024-01-22,grand_slam,True,hard,R16,16,3,Yastremska D.,Azarenka V.,93,22,777.0,2011.0,2,0,7,6,6,4,,,,,,,completed,3.4,1.33,3.9,1.3,3.9,1.37,3.32,1.33,2024_5_melbourne_australian_open,2024_5_melbourne_australian_open_2024-01-22_R16_yastremska_d_azarenka_v
tennis_data_uk,wta,2024,5,Australian Open,Melbourne,2024-01-22,grand_slam,True,hard,R16,16,3,Noskova L.,Svitolina E.,50,23,1143.0,1972.0,0,0,3,0,,,,,,,,,retired,2.63,1.5,2.79,1.5,2.79,1.58,2.6,1.51,2024_5_melbourne_australian_open,2024_5_melbourne_australian_open_2024-01-22_R16_noskova_l_svitolina_e
tennis_data_uk,wta,2024,5,Australian Open,Melbourne,2024-01-22,grand_slam,True,hard,R16,16,3,Kalinskaya A.,Paolini J.,75,31,923.0,1530.0,2,0,6,4,6,2,,,,,,,completed,1.57,2.38,1.64,2.42,1.68,2.42,1.61,2.33,2024_5_melbourne_australian_open,2024_5_melbourne_australian_open_2024-01-22_R16_kalinskaya_a_paolini_j
tennis_data_uk,wta,2024,5,Australian Open,Melbourne,2024-01-22,grand_slam,True,hard,R16,16,3,Zheng Q.,Dodin O.,15,95,2720.0,765.0,2,0,6,0,6,3,,,,,,,completed,1.2,4.5,1.23,4.71,1.24,5.24,1.2,4.55,2024_5_melbourne_australian_open,2024_5_melbourne_australian_open_2024-01-22_R16_zheng_q_dodin_o
tennis_data_uk,wta,2024,5,Australian Open,Melbourne,2024-01-23,grand_slam,True,hard,QF,8,3,Gauff C.,Kostyuk M.,4,37,6660.0,1330.0,2,1,7,6,6,7,6,2,,,,,completed,1.11,6.5,1.15,6.54,1.15,6.68,1.13,6.03,2024_5_melbourne_australian_open,2024_5_melbourne_australian_open_2024-01-23_QF_gauff_c_kostyuk_m
tennis_data_uk,wta,2024,5,Australian Open,Melbourne,2024-01-23,grand_slam,True,hard,QF,8,3,Sabalenka A.,Krejcikova B.,2,11,8905.0,2891.0,2,0,6,2,6,3,,,,,,,completed,1.14,5.5,1.18,5.59,1.2,6.21,1.16,5.35,2024_5_melbourne_australian_open,2024_5_melbourne_australian_open_2024-01-23_QF_sabalenka_a_krejcikova_b
tennis_data_uk,wta,2024,5,Australian Open,Melbourne,2024-01-24,grand_slam,True,hard,QF,8,3,Yastremska D.,Noskova L.,93,50,777.0,1143.0,2,0,6,3,6,4,,,,,,,completed,2.5,1.53,2.47,1.61,2.63,1.61,2.47,1.55,2024_5_melbourne_australian_open,2024_5_melbourne_australian_open_2024-01-24_QF_yastremska_d_noskova_l
tennis_data_uk,wta,2024,5,Australian Open,Melbourne,2024-01-24,grand_slam,True,hard,QF,8,3,Zheng Q.,Kalinskaya A.,15,75,2720.0,923.0,2,1,6,7,6,3,6,1,,,,,completed,1.62,2.3,1.64,2.41,1.7,2.41,1.62,2.31,2024_5_melbourne_australian_open,2024_5_melbourne_australian_open_2024-01-24_QF_zheng_q_kalinskaya_a
tennis_data_uk,wta,2024,5,Australian Open,Melbourne,2024-01-25,grand_slam,True,hard,SF,4,3,Sabalenka A.,Gauff C.,2,4,8905.0,6660.0,2,0,7,6,6,4,,,,,,,completed,1.44,2.75,1.51,2.78,1.55,2.87,1.46,2.72,2024_5_melbourne_australian_open,2024_5_melbourne_australian_open_2024-01-25_SF_sabalenka_a_gauff_c
tennis_data_uk,wta,2024,5,Australian Open,Melbourne,2024-01-25,grand_slam,True,hard,SF,4,3,Zheng Q.,Yastremska D.,15,93,2720.0,777.0,2,0,6,4,6,4,,,,,,,completed,1.44,2.75,1.51,2.77,1.53,3.0,1.46,2.73,2024_5_melbourne_australian_open,2024_5_melbourne_australian_open_2024-01-25_SF_zheng_q_yastremska_d
tennis_data_uk,wta,2024,5,Australian Open,Melbourne,2024-01-27,grand_slam,True,hard,F,2,3,Sabalenka A.,Zheng Q.,2,15,8905.0,2720.0,2,0,6,3,6,2,,,,,,,completed,1.15,6.0,1.17,5.88,1.19,6.0,1.16,5.37,2024_5_melbourne_australian_open,2024_5_melbourne_australian_open_2024-01-27_F_sabalenka_a_zheng_q
tennis_data_uk,wta,2024,6,Thailand Open,Hua Hin,2024-01-29,wta_250,True,hard,R32,32,3,Wang Xiy.,Wang Q.,63,1378,1034.0,3.0,2,0,6,1,6,1,,,,,,,completed,1.22,4.33,1.22,4.65,1.25,4.65,1.21,4.27,2024_6_hua_hin_thailand_open,2024_6_hua_hin_thailand_open_2024-01-29_R32_wang_xiy_wang_q
tennis_data_uk,wta,2024,6,Thailand Open,Hua Hin,2024-01-29,wta_250,True,hard,R32,32,3,Hibino N.,Rakhimova K.,94,84,788.0,853.0,2,0,7,6,6,0,,,,,,,completed,2.38,1.57,2.23,1.71,2.44,1.71,2.25,1.63,2024_6_hua_hin_thailand_open,2024_6_hua_hin_thailand_open_2024-01-29_R32_hibino_n_rakhimova_k
tennis_data_uk,wta,2024,6,Thailand Open,Hua Hin,2024-01-29,wta_250,True,hard,R32,32,3,Galfi D.,Tomljanovic A.,137,227,556.0,341.0,2,0,6,3,6,0,,,,,,,completed,3.4,1.33,3.63,1.32,3.63,1.34,3.34,1.32,2024_6_hua_hin_thailand_open,2024_6_hua_hin_thailand_open_2024-01-29_R32_galfi_d_tomljanovic_a
tennis_data_uk,wta,2024,6,Thailand Open,Hua Hin,2024-01-29,wta_250,True,hard,R32,32,3,Wang Xin.,Bektas E.,40,93,1293.0,812.0,0,0,5,2,,,,,,,,,retired,1.36,3.2,1.38,3.23,1.4,3.5,1.34,3.22,2024_6_hua_hin_thailand_open,2024_6_hua_hin_thailand_open_2024-01-29_R32_wang_xin_bektas_e
tennis_data_uk,wta,2024,6,Thailand Open,Hua Hin,2024-01-29,wta_250,True,hard,R32,32,3,Shnaider D.,Linette M.,108,56,685.0,1126.0,2,1,6,4,1,6,6,1,,,,,completed,2.0,1.8,2.01,1.86,2.02,1.95,1.94,1.84,2024_6_hua_hin_thailand_open,2024_6_hua_hin_thailand_open_2024-01-29_R32_shnaider_d_linette_m
tennis_data_uk,wta,2024,6,Thailand Open,Hua Hin,2024-01-29,wta_250,True,hard,R32,32,3,Golubic V.,Pigossi L.,71,114,949.0,641.0,2,0,6,1,6,2,,,,,,,completed,1.14,5.5,1.16,5.81,1.17,5.81,1.15,5.4,2024_6_hua_hin_thailand_open,2024_6_hua_hin_thailand_open_2024-01-29_R32_golubic_v_pigossi_l
tennis_data_uk,wta,2024,6,Thailand Open,Hua Hin,2024-01-29,wta_250,True,hard,R32,32,3,Badosa P.,Tararudee L.,83,298,868.0,231.0,2,1,3,6,6,4,6,1,,,,,completed,1.02,19.0,1.03,20.95,1.05,20.95,1.02,15.14,2024_6_hua_hin_thailand_open,2024_6_hua_hin_thailand_open_2024-01-29_R32_badosa_p_tararudee_l
tennis_data_uk,wta,2024,6,Thailand Open,Hua Hin,2024-01-30,wta_250,True,hard,R32,32,3,Rodionova Ar.,Yuan Y.,101,64,722.0,1028.0,2,1,7,6,4,6,6,3,,,,,completed,3.75,1.29,4.04,1.27,4.26,1.29,3.75,1.26,2024_6_hua_hin_thailand_open,2024_6_hua_hin_thailand_open_2024-01-30_R32_rodionova_ar_yuan_y
tennis_data_uk,wta,2024,6,Thailand Open,Hua Hin,2024-01-30,wta_250,True,hard,R32,32,3,Volynets K.,Zidansek T.,125,97,602.0,745.0,2,0,6,2,6,2,,,,,,,completed,1.3,3.5,1.39,3.2,1.39,3.53,1.34,3.22,2024_6_hua_hin_thailand_open,2024_6_hua_hin_thailand_open_2024-01-30_R32_volynets_k_zidansek_t
tennis_data_uk,wta,2024,6,Thailand Open,Hua Hin,2024-01-30,wta_250,True,hard,R32,32,3,Maria T.,Hartono A.,44,156,1235.0,487.0,2,0,6,3,6,1,,,,,,,completed,1.73,2.1,1.7,2.25,1.75,2.75,1.68,2.16,2024_6_hua_hin_thailand_open,2024_6_hua_hin_thailand_open_2024-01-30_R32_maria_t_hartono_a
tennis_data_uk,wta,2024,6,Thailand Open,Hua Hin,2024-01-30,wta_250,True,hard,R32,32,3,Fruhvirtova L.,Tikhonova A.,126,194,599.0,411.0,2,0,6,3,6,1,,,,,,,completed,1.5,2.63,,,1.5,2.75,1.47,2.66,2024_6_hua_hin_thailand_open,2024_6_hua_hin_thailand_open_2024-01-30_R32_fruhvirtova_l_tikhonova_a
tennis_data_uk,wta,2024,6,Thailand Open,Hua Hin,2024-01-30,wta_250,True,hard,R32,32,3,Bai Z.,Paquet C.,90,152,829.0,494.0,2,0,7,6,6,3,,,,,,,completed,1.67,2.2,1.68,2.27,1.73,2.35,1.66,2.2,2024_6_hua_hin_thailand_open,2024_6_hua_hin_thailand_open_2024-01-30_R32_bai_z_paquet_c
tennis_data_uk,wta,2024,6,Thailand Open,Hua Hin,2024-01-30,wta_250,True,hard,R32,32,3,Zhu L.,Preston T.,45,199,1234.0,392.0,2,0,6,4,7,5,,,,,,,completed,1.4,3.0,1.48,2.8,1.48,3.2,1.4,2.89,2024_6_hua_hin_thailand_open,2024_6_hua_hin_thailand_open_2024-01-30_R32_zhu_l_preston_t
tennis_data_uk,wta,2024,6,Thailand Open,Hua Hin,2024-01-30,wta_250,True,hard,R32,32,3,Schmiedlova A.,Hontama M.,79,117,896.0,635.0,2,0,7,6,7,6,,,,,,,completed,2.3,1.62,2.45,1.6,2.45,1.7,2.3,1.61,2024_6_hua_hin_thailand_open,2024_6_hua_hin_thailand_open_2024-01-30_R32_schmiedlova_a_hontama_m
tennis_data_uk,wta,2024,6,Thailand Open,Hua Hin,2024-01-30,wta_250,True,hard,R32,32,3,Putintseva Y.,Naklo T.,70,406,954.0,148.0,2,1,5,7,6,3,6,2,,,,,completed,1.06,10.0,1.06,12.19,1.09,12.19,1.05,10.0,2024_6_hua_hin_thailand_open,2024_6_hua_hin_thailand_open_2024-01-30_R32_putintseva_y_naklo_t
tennis_data_uk,wta,2024,6,Thailand Open,Hua Hin,2024-01-30,wta_250,True,hard,R32,32,3,Wang Y.,Korneeva A.,78,141,900.0,537.0,2,0,6,2,6,4,,,,,,,completed,2.38,1.57,2.35,1.65,2.4,1.67,2.3,1.61,2024_6_hua_hin_thailand_open,2024_6_hua_hin_thailand_open_2024-01-30_R32_wang_y_korneeva_a
tennis_data_uk,wta,2024,6,Thailand Open,Hua Hin,2024-01-31,wta_250,True,hard,R16,16,3,Galfi D.,Wang Xiy.,137,63,556.0,1034.0,2,1,6,4,3,6,7,5,,,,,completed,3.75,1.29,3.75,1.3,3.75,1.32,3.59,1.28,2024_6_hua_hin_thailand_open,2024_6_hua_hin_thailand_open_2024-01-31_R16_galfi_d_wang_xiy
tennis_data_uk,wta,2024,6,Thailand Open,Hua Hin,2024-01-31,wta_250,True,hard,R16,16,3,Shnaider D.,Badosa P.,108,83,685.0,868.0,1,0,6,2,3,4,,,,,,,retired,2.75,1.44,2.76,1.49,2.88,1.87,2.68,1.47,2024_6_hua_hin_thailand_open,2024_6_hua_hin_thailand_open_2024-01-31_R16_shnaider_d_badosa_p
tennis_data_uk,wta,2024,6,Thailand Open,Hua Hin,2024-01-31,wta_250,True,hard,R16,16,3,Wang Xin.,Hibino N.,40,94,1293.0,788.0,2,0,7,5,6,4,,,,,,,completed,1.36,3.2,1.37,3.27,1.39,3.27,1.35,3.13,2024_6_hua_hin_thailand_open,2024_6_hua_hin_thailand_open_2024-01-31_R16_wang_xin_hibino_n
tennis_data_uk,wta,2024,6,Thailand Open,Hua Hin,2024-01-31,wta_250,True,hard,R16,16,3,Putintseva Y.,Golubic V.,70,71,954.0,949.0,2,0,7,6,7,6,,,,,,,completed,2.2,1.67,2.28,1.68,2.28,1.73,2.18,1.66,2024_6_hua_hin_thailand_open,2024_6_hua_hin_thailand_open_2024-01-31_R16_putintseva_y_golubic_v
tennis_data_uk,wta,2024,6,Thailand Open,Hua Hin,2024-02-01,wta_250,True,hard,R16,16,3,Volynets K.,Maria T.,125,44,602.0,1235.0,2,1,5,7,6,2,6,2,,,,,completed,1.73,2.1,1.74,2.17,1.74,2.23,1.69,2.14,2024_6_hua_hin_thailand_open,2024_6_hua_hin_thailand_open_2024-02-01_R16_volynets_k_maria_t
tennis_data_uk,wta,2024,6,Thailand Open,Hua Hin,2024-02-01,wta_250,True,hard,R16,16,3,Wang Y.,Schmiedlova A.,78,79,900.0,896.0,2,0,6,2,6,4,,,,,,,completed,1.5,2.63,1.5,2.72,1.5,2.84,1.48,2.64,2024_6_hua_hin_thailand_open,2024_6_hua_hin_thailand_open_2024-02-01_R16_wang_y_schmiedlova_a
tennis_data_uk,wta,2024,6,Thailand Open,Hua Hin,2024-02-01,wta_250,True,hard,R16,16,3,Zhu L.,Fruhvirtova L.,45,126,1234.0,599.0,2,0,6,2,6,2,,,,,,,completed,1.8,2.0,1.74,2.18,1.85,2.2,1.76,2.06,2024_6_hua_hin_thailand_open,2024_6_hua_hin_thailand_open_2024-02-01_R16_zhu_l_fruhvirtova_l
tennis_data_uk,wta,2024,6,Thailand Open,Hua Hin,2024-02-01,wta_250,True,hard,R16,16,3,Rodionova Ar.,Bai Z.,101,90,722.0,829.0,2,1,3,6,6,1,6,0,,,,,completed,2.63,1.5,2.63,1.53,2.66,1.53,2.56,1.5,2024_6_hua_hin_thailand_open,2024_6_hua_hin_thailand_open_2024-02-01_R16_rodionova_ar_bai_z
tennis_data_uk,wta,2024,6,Thailand Open,Hua Hin,2024-02-02,wta_250,True,hard,QF,8,3,Wang Xin.,Putintseva Y.,40,70,1293.0,954.0,2,1,6,1,3,6,6,3,,,,,completed,1.67,2.2,1.8,2.13,1.8,2.22,1.72,2.11,2024_6_hua_hin_thailand_open,2024_6_hua_hin_thailand_open_2024-02-02_QF_wang_xin_putintseva_y
tennis_data_uk,wta,2024,6,Thailand Open,Hua Hin,2024-02-02,wta_250,True,hard,QF,8,3,Zhu L.,Rodionova Ar.,45,101,1234.0,722.0,2,0,6,3,6,3,,,,,,,completed,1.29,3.75,1.33,3.67,1.33,3.75,1.3,3.5,2024_6_hua_hin_thailand_open,2024_6_hua_hin_thailand_open_2024-02-02_QF_zhu_l_rodionova_ar
tennis_data_uk,wta,2024,6,Thailand Open,Hua Hin,2024-02-02,wta_250,True,hard,QF,8,3,Shnaider D.,Galfi D.,108,137,685.0,556.0,2,0,6,2,6,1,,,,,,,completed,1.57,2.38,1.56,2.61,1.59,2.61,1.54,2.46,2024_6_hua_hin_thailand_open,2024_6_hua_hin_thailand_open_2024-02-02_QF_shnaider_d_galfi_d
tennis_data_uk,wta,2024,6,Thailand Open,Hua Hin,2024-02-02,wta_250,True,hard,QF,8,3,Wang Y.,Volynets K.,78,125,900.0,602.0,2,1,1,6,6,3,7,6,,,,,completed,1.62,2.3,1.71,2.27,1.71,2.3,1.64,2.23,2024_6_hua_hin_thailand_open,2024_6_hua_hin_thailand_open_2024-02-02_QF_wang_y_volynets_k
tennis_data_uk,wta,2024,6,Thailand Open,Hua Hin,2024-02-03,wta_250,True,hard,SF,4,3,Shnaider D.,Wang Xin.,108,40,685.0,1293.0,2,0,6,2,7,6,,,,,,,completed,1.91,1.91,1.93,1.97,2.03,1.97,1.91,1.89,2024_6_hua_hin_thailand_open,2024_6_hua_hin_thailand_open_2024-02-03_SF_shnaider_d_wang_xin
tennis_data_uk,wta,2024,6,Thailand Open,Hua Hin,2024-02-03,wta_250,True,hard,SF,4,3,Zhu L.,Wang Y.,45,78,1234.0,900.0,2,0,6,3,6,2,,,,,,,completed,1.67,2.2,1.79,2.16,1.8,2.25,1.73,2.1,2024_6_hua_hin_thailand_open,2024_6_hua_hin_thailand_open_2024-02-03_SF_zhu_l_wang_y
tennis_data_uk,wta,2024,6,Thailand Open,Hua Hin,2024-02-04,wta_250,True,hard,F,2,3,Shnaider D.,Zhu L.,108,45,685.0,1234.0,2,1,6,3,2,6,6,1,,,,,completed,1.91,1.91,1.9,2.01,1.91,2.01,1.88,1.92,2024_6_hua_hin_thailand_open,2024_6_hua_hin_thailand_open_2024-02-04_F_shnaider_d_zhu_l
tennis_data_uk,wta,2024,7,Ladies Linz Open,Linz,2024-01-29,wta_500,False,hard,R32,32,3,Pavlyuchenkova A.,Trevisan M.,42,57,1238.0,1105.0,2,0,6,4,6,0,,,,,,,completed,1.25,4.0,1.27,4.01,1.3,4.75,1.21,4.39,2024_7_linz_ladies_linz_open,2024_7_linz_ladies_linz_open_2024-01-29_R32_pavlyuchenkova_a_trevisan_m
tennis_data_uk,wta,2024,7,Ladies Linz Open,Linz,2024-01-29,wta_500,False,hard,R32,32,3,Boulter K.,Paolini J.,53,24,1159.0,1760.0,2,0,6,2,6,2,,,,,,,completed,2.0,1.8,1.99,1.88,2.02,1.92,1.94,1.85,2024_7_linz_ladies_linz_open,2024_7_linz_ladies_linz_open_2024-01-29_R32_boulter_k_paolini_j
tennis_data_uk,wta,2024,7,Ladies Linz Open,Linz,2024-01-30,wta_500,False,hard,R32,32,3,Burrage J.,Gracheva V.,102,46,713.0,1230.0,2,0,6,4,6,0,,,,,,,completed,2.38,1.57,2.28,1.7,2.4,1.7,2.26,1.63,2024_7_linz_ladies_linz_open,2024_7_linz_ladies_linz_open_2024-01-30_R32_burrage_j_gracheva_v
tennis_data_uk,wta,2024,7,Ladies Linz Open,Linz,2024-01-30,wta_500,False,hard,R32,32,3,Cristian J.,Podoroska N.,89,67,831.0,1009.0,2,0,6,3,6,4,,,,,,,completed,1.67,2.2,1.67,2.3,1.67,2.43,1.61,2.29,2024_7_linz_ladies_linz_open,2024_7_linz_ladies_linz_open_2024-01-30_R32_cristian_j_podoroska_n
tennis_data_uk,wta,2024,7,Ladies Linz Open,Linz,2024-01-30,wta_500,False,hard,R32,32,3,Tauson C.,Giorgi C.,91,68,818.0,1000.0,2,1,3,6,6,3,6,3,,,,,completed,1.44,2.75,1.44,2.96,1.53,3.0,1.43,2.78,2024_7_linz_ladies_linz_open,2024_7_linz_ladies_linz_open_2024-01-30_R32_tauson_c_giorgi_c
tennis_data_uk,wta,2024,7,Ladies Linz Open,Linz,2024-01-30,wta_500,False,hard,R32,32,3,Cocciaretto E.,Stefanini L.,60,153,1060.0,493.0,2,0,6,2,6,0,,,,,,,completed,1.53,2.5,1.56,2.55,1.6,2.55,1.54,2.46,2024_7_linz_ladies_linz_open,2024_7_linz_ladies_linz_open_2024-01-30_R32_cocciaretto_e_stefanini_l
tennis_data_uk,wta,2024,7,Ladies Linz Open,Linz,2024-01-30,wta_500,False,hard,R32,32,3,Niemeier J.,Blinkova A.,159,50,481.0,1192.0,2,0,6,3,6,4,,,,,,,completed,2.38,1.57,2.56,1.56,2.6,1.69,2.43,1.55,2024_7_linz_ladies_linz_open,2024_7_linz_ladies_linz_open_2024-01-30_R32_niemeier_j_blinkova_a
tennis_data_uk,wta,2024,7,Ladies Linz Open,Linz,2024-01-30,wta_500,False,hard,R32,32,3,Bronzetti L.,Kerber A.,58,607,1099.0,70.0,2,0,6,1,6,3,,,,,,,completed,2.2,1.67,2.36,1.71,2.36,1.73,2.21,1.66,2024_7_linz_ladies_linz_open,2024_7_linz_ladies_linz_open_2024-01-30_R32_bronzetti_l_kerber_a
tennis_data_uk,wta,2024,7,Ladies Linz Open,Linz,2024-01-30,wta_500,False,hard,R32,32,3,Burel C.,Kraus S.,52,185,1160.0,418.0,2,0,6,1,6,4,,,,,,,completed,1.14,5.5,1.17,5.57,1.18,6.0,1.15,5.44,2024_7_linz_ladies_linz_open,2024_7_linz_ladies_linz_open_2024-01-30_R32_burel_c_kraus_s
tennis_data_uk,wta,2024,7,Ladies Linz Open,Linz,2024-01-31,wta_500,False,hard,R32,32,3,Potapova A.,Errani S.,27,99,1634.0,738.0,2,0,6,4,6,3,,,,,,,completed,1.17,5.0,1.23,4.49,1.23,5.36,1.19,4.65,2024_7_linz_ladies_linz_open,2024_7_linz_ladies_linz_open_2024-01-31_R32_potapova_a_errani_s
tennis_data_uk,wta,2024,7,Ladies Linz Open,Linz,2024-01-31,wta_500,False,hard,R32,32,3,Yastremska D.,Andreeva E.,29,111,1587.0,676.0,2,1,7,6,3,6,6,2,,,,,completed,1.73,2.1,1.97,1.9,1.97,2.1,1.83,1.97,2024_7_linz_ladies_linz_open,2024_7_linz_ladies_linz_open_2024-01-31_R32_yastremska_d_andreeva_e
tennis_data_uk,wta,2024,7,Ladies Linz Open,Linz,2024-01-31,wta_500,False,hard,R32,32,3,Siniakova K.,Martic P.,49,48,1215.0,1223.0,2,1,4,6,6,3,7,5,,,,,completed,1.73,2.1,1.71,2.22,1.74,2.27,1.71,2.12,2024_7_linz_ladies_linz_open,2024_7_linz_ladies_linz_open_2024-01-31_R32_siniakova_k_martic_p
tennis_data_uk,wta,2024,7,Ladies Linz Open,Linz,2024-01-31,wta_500,False,hard,R16,16,3,Burrage J.,Cristian J.,102,89,713.0,831.0,2,0,6,3,7,6,,,,,,,completed,1.8,2.0,1.9,1.97,1.9,2.06,1.81,1.98,2024_7_linz_ladies_linz_open,2024_7_linz_ladies_linz_open_2024-01-31_R16_burrage_j_cristian_j
tennis_data_uk,wta,2024,7,Ladies Linz Open,Linz,2024-01-31,wta_500,False,hard,R16,16,3,Alexandrova E.,Niemeier J.,21,159,2095.0,481.0,2,0,6,3,6,0,,,,,,,completed,1.36,3.2,1.31,3.71,1.37,3.71,1.33,3.3,2024_7_linz_ladies_linz_open,2024_7_linz_ladies_linz_open_2024-01-31_R16_alexandrova_e_niemeier_j
tennis_data_uk,wta,2024,7,Ladies Linz Open,Linz,2024-01-31,wta_500,False,hard,R16,16,3,Pavlyuchenkova A.,Boulter K.,42,53,1238.0,1159.0,2,0,7,6,6,4,,,,,,,completed,1.62,2.3,1.67,2.3,1.73,2.38,1.62,2.28,2024_7_linz_ladies_linz_open,2024_7_linz_ladies_linz_open_2024-01-31_R16_pavlyuchenkova_a_boulter_k
tennis_data_uk,wta,2024,7,Ladies Linz Open,Linz,2024-02-01,wta_500,False,hard,R16,16,3,Burel C.,Siniakova K.,52,49,1160.0,1215.0,2,1,6,3,5,7,6,4,,,,,completed,1.91,1.91,2.06,1.82,2.06,1.91,1.98,1.82,2024_7_linz_ladies_linz_open,2024_7_linz_ladies_linz_open_2024-02-01_R16_burel_c_siniakova_k
tennis_data_uk,wta,2024,7,Ladies Linz Open,Linz,2024-02-01,wta_500,False,hard,R16,16,3,Mertens E.,Bronzetti L.,26,58,1653.0,1099.0,2,0,6,1,6,3,,,,,,,completed,1.36,3.2,1.38,3.25,1.4,3.25,1.36,3.09,2024_7_linz_ladies_linz_open,2024_7_linz_ladies_linz_open_2024-02-01_R16_mertens_e_bronzetti_l
tennis_data_uk,wta,2024,7,Ladies Linz Open,Linz,2024-02-01,wta_500,False,hard,R16,16,3,Vekic D.,Yastremska D.,34,29,1445.0,1587.0,2,0,6,1,6,1,,,,,,,completed,2.1,1.73,2.16,1.76,2.22,1.78,2.11,1.72,2024_7_linz_ladies_linz_open,2024_7_linz_ladies_linz_open_2024-02-01_R16_vekic_d_yastremska_d
tennis_data_uk,wta,2024,7,Ladies Linz Open,Linz,2024-02-01,wta_500,False,hard,R16,16,3,Potapova A.,Cocciaretto E.,27,60,1634.0,1060.0,2,1,2,6,7,6,7,5,,,,,completed,1.57,2.38,1.67,2.31,1.67,2.43,1.61,2.29,2024_7_linz_ladies_linz_open,2024_7_linz_ladies_linz_open_2024-02-01_R16_potapova_a_cocciaretto_e
tennis_data_uk,wta,2024,7,Ladies Linz Open,Linz,2024-02-01,wta_500,False,hard,R16,16,3,Ostapenko J.,Tauson C.,12,91,3028.0,818.0,2,1,3,6,6,4,7,6,,,,,completed,1.73,2.1,1.72,2.2,1.75,2.26,1.7,2.15,2024_7_linz_ladies_linz_open,2024_7_linz_ladies_linz_open_2024-02-01_R16_ostapenko_j_tauson_c
tennis_data_uk,wta,2024,7,Ladies Linz Open,Linz,2024-02-02,wta_500,False,hard,QF,8,3,Vekic D.,Burel C.,34,52,1445.0,1160.0,2,0,6,0,7,6,,,,,,,completed,1.8,2.0,1.79,2.15,1.86,2.18,1.78,2.03,2024_7_linz_ladies_linz_open,2024_7_linz_ladies_linz_open_2024-02-02_QF_vekic_d_burel_c
tennis_data_uk,wta,2024,7,Ladies Linz Open,Linz,2024-02-02,wta_500,False,hard,QF,8,3,Alexandrova E.,Potapova A.,21,27,2095.0,1634.0,2,0,6,2,7,6,,,,,,,completed,1.53,2.5,1.52,2.72,1.6,2.75,1.51,2.54,2024_7_linz_ladies_linz_open,2024_7_linz_ladies_linz_open_2024-02-02_QF_alexandrova_e_potapova_a
tennis_data_uk,wta,2024,7,Ladies Linz Open,Linz,2024-02-02,wta_500,False,hard,QF,8,3,Ostapenko J.,Burrage J.,12,102,3028.0,713.0,2,0,6,1,6,2,,,,,,,completed,1.25,4.0,1.28,4.09,1.3,4.5,1.25,3.95,2024_7_linz_ladies_linz_open,2024_7_linz_ladies_linz_open_2024-02-02_QF_ostapenko_j_burrage_j
tennis_data_uk,wta,2024,7,Ladies Linz Open,Linz,2024-02-02,wta_500,False,hard,QF,8,3,Pavlyuchenkova A.,Mertens E.,42,26,1238.0,1653.0,2,0,6,3,6,2,,,,,,,completed,1.8,2.0,1.77,2.18,1.83,2.18,1.78,2.03,2024_7_linz_ladies_linz_open,2024_7_linz_ladies_linz_open_2024-02-02_QF_pavlyuchenkova_a_mertens_e
tennis_data_uk,wta,2024,7,Ladies Linz Open,Linz,2024-02-03,wta_500,False,hard,SF,4,3,Alexandrova E.,Vekic D.,21,34,2095.0,1445.0,2,1,5,7,7,6,7,6,,,,,completed,1.5,2.63,1.55,2.67,1.55,2.9,1.48,2.66,2024_7_linz_ladies_linz_open,2024_7_linz_ladies_linz_open_2024-02-03_SF_alexandrova_e_vekic_d
tennis_data_uk,wta,2024,7,Ladies Linz Open,Linz,2024-02-03,wta_500,False,hard,SF,4,3,Ostapenko J.,Pavlyuchenkova A.,12,42,3028.0,1238.0,2,0,6,2,6,3,,,,,,,completed,1.8,2.0,1.88,2.03,1.9,2.06,1.83,1.97,2024_7_linz_ladies_linz_open,2024_7_linz_ladies_linz_open_2024-02-03_SF_ostapenko_j_pavlyuchenkova_a
tennis_data_uk,wta,2024,7,Ladies Linz Open,Linz,2024-02-04,wta_500,False,hard,F,2,3,Ostapenko J.,Alexandrova E.,12,21,3028.0,2095.0,2,0,6,2,6,3,,,,,,,completed,1.57,2.38,1.56,2.61,1.62,2.61,1.55,2.44,2024_7_linz_ladies_linz_open,2024_7_linz_ladies_linz_open_2024-02-04_F_ostapenko_j_alexandrova_e
tennis_data_uk,wta,2024,8,Abu Dhabi WTA Women's Tennis Open,Abu Dhabi,2024-02-05,wta_500,True,hard,R32,32,3,Cirstea S.,Garcia C.,26,21,1722.0,2075.0,2,1,6,7,6,4,6,4,,,,,completed,2.2,1.67,2.32,1.66,2.38,1.68,2.26,1.63,2024_8_abu_dhabi_abu_dhabi_wta_women_s_tennis_open,2024_8_abu_dhabi_abu_dhabi_wta_women_s_tennis_open_2024-02-05_R32_cirstea_s_garcia_c
tennis_data_uk,wta,2024,8,Abu Dhabi WTA Women's Tennis Open,Abu Dhabi,2024-02-05,wta_500,True,hard,R32,32,3,Krueger A.,Pera B.,82,89,886.0,836.0,2,1,6,2,5,7,6,3,,,,,completed,1.62,2.3,1.68,2.28,1.68,2.54,1.64,2.24,2024_8_abu_dhabi_abu_dhabi_wta_women_s_tennis_open,2024_8_abu_dhabi_abu_dhabi_wta_women_s_tennis_open_2024-02-05_R32_krueger_a_pera_b
tennis_data_uk,wta,2024,8,Abu Dhabi WTA Women's Tennis Open,Abu Dhabi,2024-02-05,wta_500,True,hard,R32,32,3,Haddad Maia B.,Wang Xiy.,13,60,2950.0,1054.0,2,0,6,2,7,6,,,,,,,completed,1.44,2.75,1.52,2.67,1.52,2.78,1.48,2.62,2024_8_abu_dhabi_abu_dhabi_wta_women_s_tennis_open,2024_8_abu_dhabi_abu_dhabi_wta_women_s_tennis_open_2024-02-05_R32_haddad_maia_b_wang_xiy
tennis_data_uk,wta,2024,8,Abu Dhabi WTA Women's Tennis Open,Abu Dhabi,2024-02-05,wta_500,True,hard,R32,32,3,Kasatkina D.,Parry D.,14,59,2838.0,1063.0,2,1,6,4,5,7,6,4,,,,,completed,1.3,3.5,1.37,3.29,1.37,3.5,1.34,3.2,2024_8_abu_dhabi_abu_dhabi_wta_women_s_tennis_open,2024_8_abu_dhabi_abu_dhabi_wta_women_s_tennis_open_2024-02-05_R32_kasatkina_d_parry_d
tennis_data_uk,wta,2024,8,Abu Dhabi WTA Women's Tennis Open,Abu Dhabi,2024-02-05,wta_500,True,hard,R32,32,3,Raducanu E.,Bouzkova M.,296,36,231.0,1382.0,2,0,6,4,6,1,,,,,,,completed,2.1,1.73,2.17,1.75,2.2,1.79,2.11,1.72,2024_8_abu_dhabi_abu_dhabi_wta_women_s_tennis_open,2024_8_abu_dhabi_abu_dhabi_wta_women_s_tennis_open_2024-02-05_R32_raducanu_e_bouzkova_m
tennis_data_uk,wta,2024,8,Abu Dhabi WTA Women's Tennis Open,Abu Dhabi,2024-02-06,wta_500,True,hard,R32,32,3,Sorribes Tormo S.,Noskova L.,54,31,1137.0,1494.0,2,1,6,3,3,6,6,3,,,,,completed,3.4,1.33,3.47,1.34,3.6,1.34,3.35,1.32,2024_8_abu_dhabi_abu_dhabi_wta_women_s_tennis_open,2024_8_abu_dhabi_abu_dhabi_wta_women_s_tennis_open_2024-02-06_R32_sorribes_tormo_s_noskova_l
tennis_data_uk,wta,2024,8,Abu Dhabi WTA Women's Tennis Open,Abu Dhabi,2024-02-06,wta_500,True,hard,R32,32,3,Linette M.,Eala A.,55,187,1126.0,421.0,2,0,7,6,6,1,,,,,,,completed,1.4,3.0,1.36,3.35,1.46,3.35,1.38,2.99,2024_8_abu_dhabi_abu_dhabi_wta_women_s_tennis_open,2024_8_abu_dhabi_abu_dhabi_wta_women_s_tennis_open_2024-02-06_R32_linette_m_eala_a
tennis_data_uk,wta,2024,8,Abu Dhabi WTA Women's Tennis Open,Abu Dhabi,2024-02-06,wta_500,True,hard,R32,32,3,Bucsa C.,Wang Xin.,74,41,928.0,1281.0,2,1,5,7,6,0,6,3,,,,,completed,2.38,1.57,2.33,1.64,2.42,1.65,2.33,1.59,2024_8_abu_dhabi_abu_dhabi_wta_women_s_tennis_open,2024_8_abu_dhabi_abu_dhabi_wta_women_s_tennis_open_2024-02-06_R32_bucsa_c_wang_xin
tennis_data_uk,wta,2024,8,Abu Dhabi WTA Women's Tennis Open,Abu Dhabi,2024-02-06,wta_500,True,hard,R32,32,3,Collins D.,Osaka N.,71,757,962.0,42.0,2,0,7,5,6,0,,,,,,,completed,1.67,2.2,1.68,2.27,1.72,2.27,1.66,2.19,2024_8_abu_dhabi_abu_dhabi_wta_women_s_tennis_open,2024_8_abu_dhabi_abu_dhabi_wta_women_s_tennis_open_2024-02-06_R32_collins_d_osaka_n
tennis_data_uk,wta,2024,8,Abu Dhabi WTA Women's Tennis Open,Abu Dhabi,2024-02-06,wta_500,True,hard,R32,32,3,Watson H.,Kudermetova V.,156,16,482.0,2495.0,2,0,6,3,7,5,,,,,,,completed,3.75,1.29,3.87,1.29,3.87,1.3,3.62,1.28,2024_8_abu_dhabi_abu_dhabi_wta_women_s_tennis_open,2024_8_abu_dhabi_abu_dhabi_wta_women_s_tennis_open_2024-02-06_R32_watson_h_kudermetova_v
tennis_data_uk,wta,2024,8,Abu Dhabi WTA Women's Tennis Open,Abu Dhabi,2024-02-06,wta_500,True,hard,R32,32,3,Kalinina A.,Bronzetti L.,32,53,1480.0,1139.0,2,0,6,1,7,6,,,,,,,completed,2.1,1.73,2.12,1.78,2.15,1.78,2.08,1.73,2024_8_abu_dhabi_abu_dhabi_wta_women_s_tennis_open,2024_8_abu_dhabi_abu_dhabi_wta_women_s_tennis_open_2024-02-06_R32_kalinina_a_bronzetti_l
tennis_data_uk,wta,2024,8,Abu Dhabi WTA Women's Tennis Open,Abu Dhabi,2024-02-06,wta_500,True,hard,R32,32,3,Samsonova L.,Tsurenko L.,15,37,2700.0,1363.0,2,0,6,0,6,1,,,,,,,completed,1.57,2.38,1.6,2.49,1.63,2.49,1.58,2.35,2024_8_abu_dhabi_abu_dhabi_wta_women_s_tennis_open,2024_8_abu_dhabi_abu_dhabi_wta_women_s_tennis_open_2024-02-06_R32_samsonova_l_tsurenko_l
tennis_data_uk,wta,2024,8,Abu Dhabi WTA Women's Tennis Open,Abu Dhabi,2024-02-07,wta_500,True,hard,R16,16,3,Kasatkina D.,Krueger A.,14,82,2838.0,886.0,2,0,6,3,7,5,,,,,,,completed,1.44,2.75,1.47,2.87,1.53,2.97,1.45,2.71,2024_8_abu_dhabi_abu_dhabi_wta_women_s_tennis_open,2024_8_abu_dhabi_abu_dhabi_wta_women_s_tennis_open_2024-02-07_R16_kasatkina_d_krueger_a
tennis_data_uk,wta,2024,8,Abu Dhabi WTA Women's Tennis Open,Abu Dhabi,2024-02-07,wta_500,True,hard,R16,16,3,Haddad Maia B.,Linette M.,13,55,2950.0,1126.0,2,1,7,6,6,7,6,1,,,,,completed,1.29,3.75,1.3,3.88,1.33,3.88,1.28,3.62,2024_8_abu_dhabi_abu_dhabi_wta_women_s_tennis_open,2024_8_abu_dhabi_abu_dhabi_wta_women_s_tennis_open_2024-02-07_R16_haddad_maia_b_linette_m
tennis_data_uk,wta,2024,8,Abu Dhabi WTA Women's Tennis Open,Abu Dhabi,2024-02-07,wta_500,True,hard,R16,16,3,Cirstea S.,Sakkari M.,26,9,1722.0,3710.0,2,0,6,2,6,1,,,,,,,completed,2.5,1.53,2.55,1.57,2.55,1.6,2.42,1.55,2024_8_abu_dhabi_abu_dhabi_wta_women_s_tennis_open,2024_8_abu_dhabi_abu_dhabi_wta_women_s_tennis_open_2024-02-07_R16_cirstea_s_sakkari_m
tennis_data_uk,wta,2024,8,Abu Dhabi WTA Women's Tennis Open,Abu Dhabi,2024-02-07,wta_500,True,hard,R16,16,3,Jabeur O.,Raducanu E.,6,296,4076.0,231.0,2,0,6,4,6,1,,,,,,,completed,1.91,1.91,1.98,1.91,1.98,1.98,1.9,1.89,2024_8_abu_dhabi_abu_dhabi_wta_women_s_tennis_open,2024_8_abu_dhabi_abu_dhabi_wta_women_s_tennis_open_2024-02-07_R16_jabeur_o_raducanu_e
tennis_data_uk,wta,2024,8,Abu Dhabi WTA Women's Tennis Open,Abu Dhabi,2024-02-08,wta_500,True,hard,R16,16,3,Krejcikova B.,Sorribes Tormo S.,12,54,3081.0,1137.0,1,0,6,2,1,0,,,,,,,retired,1.29,3.75,1.29,3.98,1.34,3.98,1.29,3.52,2024_8_abu_dhabi_abu_dhabi_wta_women_s_tennis_open,2024_8_abu_dhabi_abu_dhabi_wta_women_s_tennis_open_2024-02-08_R16_krejcikova_b_sorribes_tormo_s
tennis_data_uk,wta,2024,8,Abu Dhabi WTA Women's Tennis Open,Abu Dhabi,2024-02-08,wta_500,True,hard,R16,16,3,Samsonova L.,Kalinina A.,15,32,2700.0,1480.0,2,0,6,1,6,3,,,,,,,completed,1.29,3.75,1.32,3.65,1.32,3.9,1.29,3.58,2024_8_abu_dhabi_abu_dhabi_wta_women_s_tennis_open,2024_8_abu_dhabi_abu_dhabi_wta_women_s_tennis_open_2024-02-08_R16_samsonova_l_kalinina_a
tennis_data_uk,wta,2024,8,Abu Dhabi WTA Women's Tennis Open,Abu Dhabi,2024-02-08,wta_500,True,hard,R16,16,3,Rybakina E.,Collins D.,5,71,5688.0,962.0,2,1,4,6,6,3,6,3,,,,,completed,1.36,3.2,1.4,3.18,1.41,3.25,1.37,3.08,2024_8_abu_dhabi_abu_dhabi_wta_women_s_tennis_open,2024_8_abu_dhabi_abu_dhabi_wta_women_s_tennis_open_2024-02-08_R16_rybakina_e_collins_d
tennis_data_uk,wta,2024,8,Abu Dhabi WTA Women's Tennis Open,Abu Dhabi,2024-02-08,wta_500,True,hard,R16,16,3,Bucsa C.,Watson H.,74,156,928.0,482.0,2,0,7,6,7,5,,,,,,,completed,1.73,2.1,1.85,2.05,1.85,2.1,1.78,2.02,2024_8_abu_dhabi_abu_dhabi_wta_women_s_tennis_open,2024_8_abu_dhabi_abu_dhabi_wta_women_s_tennis_open_2024-02-08_R16_bucsa_c_watson_h
tennis_data_uk,wta,2024,8,Abu Dhabi WTA Women's Tennis Open,Abu Dhabi,2024-02-09,wta_500,True,hard,QF,8,3,Samsonova L.,Krejcikova B.,15,12,2700.0,3081.0,2,0,7,5,6,4,,,,,,,completed,1.91,1.91,2.08,1.84,2.08,1.97,1.88,1.91,2024_8_abu_dhabi_abu_dhabi_wta_women_s_tennis_open,2024_8_abu_dhabi_abu_dhabi_wta_women_s_tennis_open_2024-02-09_QF_samsonova_l_krejcikova_b
tennis_data_uk,wta,2024,8,Abu Dhabi WTA Women's Tennis Open,Abu Dhabi,2024-02-09,wta_500,True,hard,QF,8,3,Rybakina E.,Bucsa C.,5,74,5688.0,928.0,2,0,6,1,6,4,,,,,,,completed,1.07,9.0,1.11,8.29,1.12,9.0,1.08,7.52,2024_8_abu_dhabi_abu_dhabi_wta_women_s_tennis_open,2024_8_abu_dhabi_abu_dhabi_wta_women_s_tennis_open_2024-02-09_QF_rybakina_e_bucsa_c
tennis_data_uk,wta,2024,8,Abu Dhabi WTA Women's Tennis Open,Abu Dhabi,2024-02-09,wta_500,True,hard,QF,8,3,Haddad Maia B.,Jabeur O.,13,6,2950.0,4076.0,2,0,6,3,6,4,,,,,,,completed,2.3,1.62,2.16,1.78,2.41,1.78,2.19,1.68,2024_8_abu_dhabi_abu_dhabi_wta_women_s_tennis_open,2024_8_abu_dhabi_abu_dhabi_wta_women_s_tennis_open_2024-02-09_QF_haddad_maia_b_jabeur_o
tennis_data_uk,wta,2024,8,Abu Dhabi WTA Women's Tennis Open,Abu Dhabi,2024-02-09,wta_500,True,hard,QF,8,3,Kasatkina D.,Cirstea S.,14,26,2838.0,1722.0,2,0,6,2,6,0,,,,,,,completed,1.8,2.0,1.83,2.09,1.87,2.09,1.81,1.99,2024_8_abu_dhabi_abu_dhabi_wta_women_s_tennis_open,2024_8_abu_dhabi_abu_dhabi_wta_women_s_tennis_open_2024-02-09_QF_kasatkina_d_cirstea_s
tennis_data_uk,wta,2024,8,Abu Dhabi WTA Women's Tennis Open,Abu Dhabi,2024-02-10,wta_500,True,hard,SF,4,3,Kasatkina D.,Haddad Maia B.,14,13,2838.0,2950.0,2,1,6,3,4,6,7,6,,,,,completed,2.0,1.8,2.06,1.85,2.1,1.85,2.01,1.8,2024_8_abu_dhabi_abu_dhabi_wta_women_s_tennis_open,2024_8_abu_dhabi_abu_dhabi_wta_women_s_tennis_open_2024-02-10_SF_kasatkina_d_haddad_maia_b
tennis_data_uk,wta,2024,8,Abu Dhabi WTA Women's Tennis Open,Abu Dhabi,2024-02-10,wta_500,True,hard,SF,4,3,Rybakina E.,Samsonova L.,5,15,5688.0,2700.0,2,1,6,0,4,6,6,2,,,,,completed,1.53,2.5,1.52,2.72,1.58,2.72,1.5,2.58,2024_8_abu_dhabi_abu_dhabi_wta_women_s_tennis_open,2024_8_abu_dhabi_abu_dhabi_wta_women_s_tennis_open_2024-02-10_SF_rybakina_e_samsonova_l
tennis_data_uk,wta,2024,8,Abu Dhabi WTA Women's Tennis Open,Abu Dhabi,2024-02-11,wta_500,True,hard,F,2,3,Rybakina E.,Kasatkina D.,5,14,5688.0,2838.0,2,0,6,1,6,4,,,,,,,completed,1.29,3.75,1.3,3.94,1.32,4.0,1.28,3.68,2024_8_abu_dhabi_abu_dhabi_wta_women_s_tennis_open,2024_8_abu_dhabi_abu_dhabi_wta_women_s_tennis_open_2024-02-11_F_rybakina_e_kasatkina_d
tennis_data_uk,wta,2024,9,Transylvania Open,Cluj-Napoca,2024-02-05,wta_250,False,hard,R32,32,3,Osorio M.,Tomova V.,11,64,3473.0,1017.0,2,0,6,2,6,4,,,,,,,completed,1.53,2.5,1.56,2.53,1.57,2.6,1.53,2.48,2024_9_cluj_napoca_transylvania_open,2024_9_cluj_napoca_transylvania_open_2024-02-05_R32_osorio_m_tomova_v
tennis_data_uk,wta,2024,9,Transylvania Open,Cluj-Napoca,2024-02-05,wta_250,False,hard,R32,32,3,Parrizas Diaz N.,Siegemund L.,132,90,556.0,832.0,2,0,6,4,6,4,,,,,,,completed,2.5,1.53,2.37,1.55,2.67,1.55,2.51,1.52,2024_9_cluj_napoca_transylvania_open,2024_9_cluj_napoca_transylvania_open_2024-02-05_R32_parrizas_diaz_n_siegemund_l
tennis_data_uk,wta,2024,9,Transylvania Open,Cluj-Napoca,2024-02-05,wta_250,False,hard,R32,32,3,Tauson C.,Podoroska N.,80,85,895.0,867.0,2,0,6,3,6,1,,,,,,,completed,1.14,5.5,1.17,5.57,1.18,5.57,1.16,5.16,2024_9_cluj_napoca_transylvania_open,2024_9_cluj_napoca_transylvania_open_2024-02-05_R32_tauson_c_podoroska_n
tennis_data_uk,wta,2024,9,Transylvania Open,Cluj-Napoca,2024-02-05,wta_250,False,hard,R32,32,3,Blinkova A.,Waltert S.,51,175,1192.0,437.0,2,0,6,3,6,0,,,,,,,completed,1.36,3.2,1.38,3.22,1.4,3.25,1.35,3.15,2024_9_cluj_napoca_transylvania_open,2024_9_cluj_napoca_transylvania_open_2024-02-05_R32_blinkova_a_waltert_s
tennis_data_uk,wta,2024,9,Transylvania Open,Cluj-Napoca,2024-02-05,wta_250,False,hard,R32,32,3,Bogdan A.,Parks A.,65,110,1016.0,669.0,2,0,7,5,7,5,,,,,,,completed,1.91,1.91,1.85,2.02,1.97,2.02,1.84,1.94,2024_9_cluj_napoca_transylvania_open,2024_9_cluj_napoca_transylvania_open_2024-02-05_R32_bogdan_a_parks_a
tennis_data_uk,wta,2024,9,Transylvania Open,Cluj-Napoca,2024-02-05,wta_250,False,hard,R32,32,3,Rus A.,Minnen G.,45,75,1238.0,928.0,2,0,7,5,6,1,,,,,,,completed,1.91,1.91,1.9,1.97,1.96,1.97,1.88,1.9,2024_9_cluj_napoca_transylvania_open,2024_9_cluj_napoca_transylvania_open_2024-02-05_R32_rus_a_minnen_g
tennis_data_uk,wta,2024,9,Transylvania Open,Cluj-Napoca,2024-02-06,wta_250,False,hard,R32,32,3,Dart H.,Bondar A.,103,125,699.0,601.0,2,0,6,4,7,6,,,,,,,completed,1.53,2.5,1.58,2.49,1.59,2.64,1.55,2.41,2024_9_cluj_napoca_transylvania_open,2024_9_cluj_napoca_transylvania_open_2024-02-06_R32_dart_h_bondar_a
tennis_data_uk,wta,2024,9,Transylvania Open,Cluj-Napoca,2024-02-06,wta_250,False,hard,R32,32,3,Cornet A.,Wickmayer Y.,104,83,690.0,883.0,2,1,7,5,4,6,6,3,,,,,completed,1.73,2.1,1.75,2.17,1.83,2.17,1.74,2.08,2024_9_cluj_napoca_transylvania_open,2024_9_cluj_napoca_transylvania_open_2024-02-06_R32_cornet_a_wickmayer_y
tennis_data_uk,wta,2024,9,Transylvania Open,Cluj-Napoca,2024-02-06,wta_250,False,hard,R32,32,3,Maria T.,Bai Z.,49,87,1205.0,850.0,2,0,7,5,6,3,,,,,,,completed,1.67,2.2,1.71,2.23,1.73,2.27,1.67,2.18,2024_9_cluj_napoca_transylvania_open,2024_9_cluj_napoca_transylvania_open_2024-02-06_R32_maria_t_bai_z
tennis_data_uk,wta,2024,9,Transylvania Open,Cluj-Napoca,2024-02-06,wta_250,False,hard,R32,32,3,Andreeva E.,Todoni A.,112,230,653.0,331.0,2,0,6,3,6,4,,,,,,,completed,1.14,5.5,1.17,5.57,1.17,6.54,1.14,5.4,2024_9_cluj_napoca_transylvania_open,2024_9_cluj_napoca_transylvania_open_2024-02-06_R32_andreeva_e_todoni_a
tennis_data_uk,wta,2024,9,Transylvania Open,Cluj-Napoca,2024-02-06,wta_250,False,hard,R32,32,3,Avanesyan E.,Korpatsch T.,61,77,1049.0,918.0,2,0,6,4,7,6,,,,,,,completed,1.8,2.0,1.88,2.0,1.88,2.08,1.83,1.96,2024_9_cluj_napoca_transylvania_open,2024_9_cluj_napoca_transylvania_open_2024-02-06_R32_avanesyan_e_korpatsch_t
tennis_data_uk,wta,2024,9,Transylvania Open,Cluj-Napoca,2024-02-06,wta_250,False,hard,R32,32,3,Sevastova A.,Mitu A.,656,216,58.0,350.0,2,0,6,2,6,3,,,,,,,completed,1.33,3.4,1.32,3.59,1.36,3.6,1.31,3.36,2024_9_cluj_napoca_transylvania_open,2024_9_cluj_napoca_transylvania_open_2024-02-06_R32_sevastova_a_mitu_a
tennis_data_uk,wta,2024,9,Transylvania Open,Cluj-Napoca,2024-02-06,wta_250,False,hard,R32,32,3,Cristian J.,Bassols M.,81,105,891.0,688.0,2,0,6,3,6,2,,,,,,,completed,3.4,1.33,3.59,1.32,1.7,2.02,1.7,2.02,2024_9_cluj_napoca_transylvania_open,2024_9_cluj_napoca_transylvania_open_2024-02-06_R32_cristian_j_bassols_m
tennis_data_uk,wta,2024,9,Transylvania Open,Cluj-Napoca,2024-02-06,wta_250,False,hard,R32,32,3,Pliskova Ka.,Kraus S.,78,188,902.0,418.0,2,0,6,4,7,6,,,,,,,completed,1.29,3.75,1.35,3.42,1.35,3.76,1.31,3.38,2024_9_cluj_napoca_transylvania_open,2024_9_cluj_napoca_transylvania_open_2024-02-06_R32_pliskova_ka_kraus_s
tennis_data_uk,wta,2024,9,Transylvania Open,Cluj-Napoca,2024-02-07,wta_250,False,hard,R32,32,3,Cocciaretto E.,Arango E.,56,122,1119.0,611.0,2,0,6,0,6,1,,,,,,,completed,1.2,4.5,1.23,4.56,1.29,4.56,1.21,4.3,2024_9_cluj_napoca_transylvania_open,2024_9_cluj_napoca_transylvania_open_2024-02-07_R32_cocciaretto_e_arango_e
tennis_data_uk,wta,2024,9,Transylvania Open,Cluj-Napoca,2024-02-07,wta_250,False,hard,R32,32,3,Errani S.,Mcnally C.,98,170,751.0,447.0,2,0,6,2,6,4,,,,,,,completed,2.75,1.44,2.72,1.5,2.85,1.5,2.7,1.45,2024_9_cluj_napoca_transylvania_open,2024_9_cluj_napoca_transylvania_open_2024-02-07_R32_errani_s_mcnally_c
tennis_data_uk,wta,2024,9,Transylvania Open,Cluj-Napoca,2024-02-07,wta_250,False,hard,R16,16,3,Parrizas Diaz N.,Blinkova A.,132,51,556.0,1192.0,2,1,6,1,3,6,6,4,,,,,completed,2.5,1.53,2.52,1.57,2.63,1.57,2.49,1.53,2024_9_cluj_napoca_transylvania_open,2024_9_cluj_napoca_transylvania_open_2024-02-07_R16_parrizas_diaz_n_blinkova_a
tennis_data_uk,wta,2024,9,Transylvania Open,Cluj-Napoca,2024-02-07,wta_250,False,hard,R16,16,3,Rus A.,Cornet A.,45,104,1238.0,690.0,2,1,4,6,6,4,6,0,,,,,completed,1.57,2.38,1.61,2.43,1.62,2.43,1.57,2.36,2024_9_cluj_napoca_transylvania_open,2024_9_cluj_napoca_transylvania_open_2024-02-07_R16_rus_a_cornet_a
tennis_data_uk,wta,2024,9,Transylvania Open,Cluj-Napoca,2024-02-07,wta_250,False,hard,R16,16,3,Bogdan A.,Andreeva E.,65,112,1016.0,653.0,2,0,6,4,6,4,,,,,,,completed,2.3,1.62,2.23,1.71,2.38,1.73,2.24,1.64,2024_9_cluj_napoca_transylvania_open,2024_9_cluj_napoca_transylvania_open_2024-02-07_R16_bogdan_a_andreeva_e
tennis_data_uk,wta,2024,9,Transylvania Open,Cluj-Napoca,2024-02-08,wta_250,False,hard,R16,16,3,Dart H.,Cocciaretto E.,103,56,699.0,1119.0,2,1,5,7,7,5,6,3,,,,,completed,3.0,1.4,2.8,1.48,3.0,1.49,2.84,1.41,2024_9_cluj_napoca_transylvania_open,2024_9_cluj_napoca_transylvania_open_2024-02-08_R16_dart_h_cocciaretto_e
tennis_data_uk,wta,2024,9,Transylvania Open,Cluj-Napoca,2024-02-08,wta_250,False,hard,R16,16,3,Sevastova A.,Avanesyan E.,656,61,58.0,1049.0,1,1,6,2,6,7,2,0,,,,,retired,1.67,2.2,1.73,2.2,1.85,2.26,1.7,2.14,2024_9_cluj_napoca_transylvania_open,2024_9_cluj_napoca_transylvania_open_2024-02-08_R16_sevastova_a_avanesyan_e
tennis_data_uk,wta,2024,9,Transylvania Open,Cluj-Napoca,2024-02-08,wta_250,False,hard,R16,16,3,Errani S.,Maria T.,98,49,751.0,1205.0,2,0,6,0,6,1,,,,,,,completed,2.38,1.57,2.41,1.61,2.63,1.67,2.45,1.54,2024_9_cluj_napoca_transylvania_open,2024_9_cluj_napoca_transylvania_open_2024-02-08_R16_errani_s_maria_t
tennis_data_uk,wta,2024,9,Transylvania Open,Cluj-Napoca,2024-02-08,wta_250,False,hard,R16,16,3,Cristian J.,Tauson C.,81,80,891.0,895.0,2,0,6,4,6,0,,,,,,,completed,3.5,1.3,3.83,1.29,3.83,1.34,3.47,1.3,2024_9_cluj_napoca_transylvania_open,2024_9_cluj_napoca_transylvania_open_2024-02-08_R16_cristian_j_tauson_c
tennis_data_uk,wta,2024,9,Transylvania Open,Cluj-Napoca,2024-02-08,wta_250,False,hard,R16,16,3,Pliskova Ka.,Osorio M.,78,11,902.0,3473.0,2,0,6,2,6,1,,,,,,,completed,1.73,2.1,1.79,2.11,1.8,2.11,1.74,2.07,2024_9_cluj_napoca_transylvania_open,2024_9_cluj_napoca_transylvania_open_2024-02-08_R16_pliskova_ka_osorio_m
tennis_data_uk,wta,2024,9,Transylvania Open,Cluj-Napoca,2024-02-09,wta_250,False,hard,QF,8,3,Dart H.,Parrizas Diaz N.,103,132,699.0,556.0,2,0,6,3,6,2,,,,,,,completed,1.8,2.0,1.89,2.02,1.89,2.05,1.81,1.99,2024_9_cluj_napoca_transylvania_open,2024_9_cluj_napoca_transylvania_open_2024-02-09_QF_dart_h_parrizas_diaz_n
tennis_data_uk,wta,2024,9,Transylvania Open,Cluj-Napoca,2024-02-09,wta_250,False,hard,QF,8,3,Cristian J.,Sevastova A.,81,656,891.0,58.0,2,0,6,3,7,5,,,,,,,completed,1.73,2.1,1.81,2.11,1.81,2.21,1.73,2.1,2024_9_cluj_napoca_transylvania_open,2024_9_cluj_napoca_transylvania_open_2024-02-09_QF_cristian_j_sevastova_a
tennis_data_uk,wta,2024,9,Transylvania Open,Cluj-Napoca,2024-02-09,wta_250,False,hard,QF,8,3,Bogdan A.,Rus A.,65,45,1016.0,1238.0,2,1,3,6,7,6,7,6,,,,,completed,1.67,2.2,1.71,2.28,1.73,2.34,1.66,2.2,2024_9_cluj_napoca_transylvania_open,2024_9_cluj_napoca_transylvania_open_2024-02-09_QF_bogdan_a_rus_a
tennis_data_uk,wta,2024,9,Transylvania Open,Cluj-Napoca,2024-02-09,wta_250,False,hard,QF,8,3,Pliskova Ka.,Errani S.,78,98,902.0,751.0,2,0,6,2,6,0,,,,,,,completed,1.25,4.0,1.29,4.0,1.29,4.21,1.24,3.99,2024_9_cluj_napoca_transylvania_open,2024_9_cluj_napoca_transylvania_open_2024-02-09_QF_pliskova_ka_errani_s
tennis_data_uk,wta,2024,9,Transylvania Open,Cluj-Napoca,2024-02-10,wta_250,False,hard,SF,4,3,Bogdan A.,Cristian J.,65,81,1016.0,891.0,2,1,6,3,3,6,6,4,,,,,completed,2.0,1.8,1.94,1.96,2.1,1.96,1.97,1.83,2024_9_cluj_napoca_transylvania_open,2024_9_cluj_napoca_transylvania_open_2024-02-10_SF_bogdan_a_cristian_j
tennis_data_uk,wta,2024,9,Transylvania Open,Cluj-Napoca,2024-02-10,wta_250,False,hard,SF,4,3,Pliskova Ka.,Dart H.,78,103,902.0,699.0,2,0,6,3,6,3,,,,,,,completed,1.36,3.2,1.39,3.3,1.41,3.3,1.37,3.05,2024_9_cluj_napoca_transylvania_open,2024_9_cluj_napoca_transylvania_open_2024-02-10_SF_pliskova_ka_dart_h
tennis_data_uk,wta,2024,9,Transylvania Open,Cluj-Napoca,2024-02-11,wta_250,False,hard,F,2,3,Pliskova Ka.,Bogdan A.,78,65,902.0,1016.0,2,0,6,4,6,3,,,,,,,completed,1.44,2.75,1.42,3.14,1.52,3.14,1.43,2.8,2024_9_cluj_napoca_transylvania_open,2024_9_cluj_napoca_transylvania_open_2024-02-11_F_pliskova_ka_bogdan_a
tennis_data_uk,wta,2024,10,Qatar Open,Doha,2024-02-11,wta_1000,True,hard,R64,64,3,Kostyuk M.,Dolehide C.,29,44,1517.0,1263.0,2,0,6,3,7,5,,,,,,,completed,1.29,3.75,1.3,3.78,1.3,3.78,1.28,3.64,2024_10_doha_qatar_open,2024_10_doha_qatar_open_2024-02-11_R64_kostyuk_m_dolehide_c
tennis_data_uk,wta,2024,10,Qatar Open,Doha,2024-02-11,wta_1000,True,hard,R64,64,3,Tsurenko L.,Sonmez Z.,37,183,1363.0,424.0,2,0,7,5,6,3,,,,,,,completed,1.17,5.0,1.21,4.75,1.23,5.3,1.19,4.6,2024_10_doha_qatar_open,2024_10_doha_qatar_open_2024-02-11_R64_tsurenko_l_sonmez_z
tennis_data_uk,wta,2024,10,Qatar Open,Doha,2024-02-11,wta_1000,True,hard,R64,64,3,Alexandrova E.,Tomova V.,19,68,2410.0,1014.0,2,0,7,6,6,3,,,,,,,completed,1.22,4.33,1.25,4.28,1.26,5.16,1.22,4.18,2024_10_doha_qatar_open,2024_10_doha_qatar_open_2024-02-11_R64_alexandrova_e_tomova_v
tennis_data_uk,wta,2024,10,Qatar Open,Doha,2024-02-11,wta_1000,True,hard,R64,64,3,Siniakova K.,Vekic D.,42,27,1274.0,1580.0,2,0,7,5,6,1,,,,,,,completed,2.0,1.8,2.04,1.84,2.1,1.95,2.0,1.8,2024_10_doha_qatar_open,2024_10_doha_qatar_open_2024-02-11_R64_siniakova_k_vekic_d
tennis_data_uk,wta,2024,10,Qatar Open,Doha,2024-02-11,wta_1000,True,hard,R64,64,3,Collins D.,Kudermetova V.,63,18,1046.0,2425.0,2,0,7,5,6,3,,,,,,,completed,1.62,2.3,1.66,2.32,1.7,2.32,1.64,2.24,2024_10_doha_qatar_open,2024_10_doha_qatar_open_2024-02-11_R64_collins_d_kudermetova_v
tennis_data_uk,wta,2024,10,Qatar Open,Doha,2024-02-11,wta_1000,True,hard,R64,64,3,Minnen G.,Maria T.,85,50,859.0,1205.0,2,0,6,1,6,1,,,,,,,completed,1.44,2.75,1.48,2.81,1.53,2.81,1.46,2.7,2024_10_doha_qatar_open,2024_10_doha_qatar_open_2024-02-11_R64_minnen_g_maria_t
tennis_data_uk,wta,2024,10,Qatar Open,Doha,2024-02-11,wta_1000,True,hard,R64,64,3,Andreeva E.,Shnaider D.,106,75,686.0,934.0,2,0,7,6,6,4,,,,,,,completed,2.38,1.57,2.49,1.58,2.6,1.6,2.42,1.55,2024_10_doha_qatar_open,2024_10_doha_qatar_open_2024-02-11_R64_andreeva_e_shnaider_d
tennis_data_uk,wta,2024,10,Qatar Open,Doha,2024-02-11,wta_1000,True,hard,R64,64,3,Cirstea S.,Stephens S.,22,39,1829.0,1322.0,2,0,6,3,6,2,,,,,,,completed,1.67,2.2,1.72,2.21,1.74,2.22,1.68,2.16,2024_10_doha_qatar_open,2024_10_doha_qatar_open_2024-02-11_R64_cirstea_s_stephens_s
tennis_data_uk,wta,2024,10,Qatar Open,Doha,2024-02-11,wta_1000,True,hard,R64,64,3,Zhu L.,Gracheva V.,57,47,1117.0,1218.0,2,0,6,1,6,1,,,,,,,completed,1.4,3.0,1.42,3.02,1.44,3.02,1.41,2.87,2024_10_doha_qatar_open,2024_10_doha_qatar_open_2024-02-11_R64_zhu_l_gracheva_v
tennis_data_uk,wta,2024,10,Qatar Open,Doha,2024-02-12,wta_1000,True,hard,R64,64,3,Navarro E.,Paolini J.,23,24,1803.0,1735.0,2,0,6,3,7,5,,,,,,,completed,1.57,2.38,1.63,2.39,1.63,2.5,1.57,2.37,2024_10_doha_qatar_open,2024_10_doha_qatar_open_2024-02-12_R64_navarro_e_paolini_j
tennis_data_uk,wta,2024,10,Qatar Open,Doha,2024-02-12,wta_1000,True,hard,R64,64,3,Mertens E.,Stearns P.,25,65,1706.0,1032.0,2,0,6,2,6,3,,,,,,,completed,1.29,3.75,1.28,3.98,1.33,4.0,1.28,3.66,2024_10_doha_qatar_open,2024_10_doha_qatar_open_2024-02-12_R64_mertens_e_stearns_p
tennis_data_uk,wta,2024,10,Qatar Open,Doha,2024-02-12,wta_1000,True,hard,R64,64,3,Kalinina A.,Raducanu E.,30,262,1510.0,291.0,2,0,6,0,7,6,,,,,,,completed,3.0,1.4,2.77,1.49,3.01,1.5,2.78,1.43,2024_10_doha_qatar_open,2024_10_doha_qatar_open_2024-02-12_R64_kalinina_a_raducanu_e
tennis_data_uk,wta,2024,10,Qatar Open,Doha,2024-02-12,wta_1000,True,hard,R64,64,3,Badosa P.,Krueger A.,79,74,898.0,942.0,2,1,6,3,4,6,6,4,,,,,completed,1.8,2.0,1.91,1.96,1.91,2.1,1.81,2.01,2024_10_doha_qatar_open,2024_10_doha_qatar_open_2024-02-12_R64_badosa_p_krueger_a
tennis_data_uk,wta,2024,10,Qatar Open,Doha,2024-02-12,wta_1000,True,hard,R64,64,3,Fernandez L.A.,Samsonova L.,38,15,1355.0,2590.0,2,0,7,5,7,6,,,,,,,completed,2.75,1.44,2.55,1.56,2.78,1.56,2.59,1.49,2024_10_doha_qatar_open,2024_10_doha_qatar_open_2024-02-12_R64_fernandez_l_a_samsonova_l
tennis_data_uk,wta,2024,10,Qatar Open,Doha,2024-02-12,wta_1000,True,hard,R64,64,3,Azarenka V.,Frech M.,31,52,1471.0,1185.0,2,1,6,3,3,6,6,3,,,,,completed,1.3,3.5,1.29,3.87,1.35,3.87,1.3,3.47,2024_10_doha_qatar_open,2024_10_doha_qatar_open_2024-02-12_R64_azarenka_v_frech_m
tennis_data_uk,wta,2024,10,Qatar Open,Doha,2024-02-12,wta_1000,True,hard,R64,64,3,Martic P.,Rus A.,67,43,1015.0,1271.0,2,1,7,5,3,6,7,6,,,,,completed,1.62,2.3,1.64,2.36,1.66,2.38,1.61,2.29,2024_10_doha_qatar_open,2024_10_doha_qatar_open_2024-02-12_R64_martic_p_rus_a
tennis_data_uk,wta,2024,10,Qatar Open,Doha,2024-02-12,wta_1000,True,hard,R64,64,3,Potapova A.,Trevisan M.,34,58,1403.0,1105.0,2,0,6,4,6,4,,,,,,,completed,1.62,2.3,1.64,2.36,2.11,1.6,2.11,1.6,2024_10_doha_qatar_open,2024_10_doha_qatar_open_2024-02-12_R64_potapova_a_trevisan_m
tennis_data_uk,wta,2024,10,Qatar Open,Doha,2024-02-12,wta_1000,True,hard,R64,64,3,Linette M.,Hibino N.,53,93,1185.0,788.0,2,0,6,1,6,4,,,,,,,completed,1.5,2.63,1.51,2.7,1.52,2.75,1.47,2.66,2024_10_doha_qatar_open,2024_10_doha_qatar_open_2024-02-12_R64_linette_m_hibino_n
tennis_data_uk,wta,2024,10,Qatar Open,Doha,2024-02-12,wta_1000,True,hard,R64,64,3,Pavlyuchenkova A.,Kasatkina D.,32,13,1421.0,3063.0,2,0,6,2,7,6,,,,,,,completed,1.73,2.1,1.81,2.09,1.83,2.12,1.76,2.05,2024_10_doha_qatar_open,2024_10_doha_qatar_open_2024-02-12_R64_pavlyuchenkova_a_kasatkina_d
tennis_data_uk,wta,2024,10,Qatar Open,Doha,2024-02-12,wta_1000,True,hard,R64,64,3,Bouzkova M.,Kenin S.,35,45,1382.0,1225.0,2,1,7,5,2,6,7,5,,,,,completed,1.53,2.5,1.6,2.44,1.6,2.51,1.55,2.43,2024_10_doha_qatar_open,2024_10_doha_qatar_open_2024-02-12_R64_bouzkova_m_kenin_s
tennis_data_uk,wta,2024,10,Qatar Open,Doha,2024-02-12,wta_1000,True,hard,R64,64,3,Noskova L.,Pera B.,28,83,1518.0,860.0,2,0,6,3,7,6,,,,,,,completed,1.44,2.75,1.49,2.75,1.5,2.9,1.44,2.74,2024_10_doha_qatar_open,2024_10_doha_qatar_open_2024-02-12_R64_noskova_l_pera_b
tennis_data_uk,wta,2024,10,Qatar Open,Doha,2024-02-12,wta_1000,True,hard,R64,64,3,Osaka N.,Garcia C.,747,21,43.0,2075.0,2,0,7,5,6,4,,,,,,,completed,2.1,1.73,2.15,1.76,2.24,1.76,2.11,1.72,2024_10_doha_qatar_open,2024_10_doha_qatar_open_2024-02-12_R64_osaka_n_garcia_c
tennis_data_uk,wta,2024,10,Qatar Open,Doha,2024-02-12,wta_1000,True,hard,R64,64,3,Wang Xin.,Haddad Maia B.,41,14,1281.0,2960.0,2,0,6,1,6,3,,,,,,,completed,3.4,1.33,3.48,1.34,3.53,1.38,3.26,1.34,2024_10_doha_qatar_open,2024_10_doha_qatar_open_2024-02-12_R64_wang_xin_haddad_maia_b
tennis_data_uk,wta,2024,10,Qatar Open,Doha,2024-02-12,wta_1000,True,hard,R64,64,3,Pliskova Ka.,Kalinskaya A.,59,40,1097.0,1314.0,2,1,2,6,7,6,6,4,,,,,completed,2.3,1.62,2.29,1.68,2.32,1.68,2.24,1.64,2024_10_doha_qatar_open,2024_10_doha_qatar_open_2024-02-12_R64_pliskova_ka_kalinskaya_a
tennis_data_uk,wta,2024,10,Qatar Open,Doha,2024-02-12,wta_1000,True,hard,R32,32,3,Swiatek I.,Cirstea S.,1,22,9770.0,1829.0,2,0,6,1,6,1,,,,,,,completed,1.07,9.0,1.1,8.7,1.11,9.5,1.07,8.29,2024_10_doha_qatar_open,2024_10_doha_qatar_open_2024-02-12_R32_swiatek_i_cirstea_s
tennis_data_uk,wta,2024,10,Qatar Open,Doha,2024-02-12,wta_1000,True,hard,R32,32,3,Vondrousova M.,Minnen G.,8,85,3736.0,859.0,2,1,6,2,0,6,6,4,,,,,completed,1.25,4.0,1.35,3.47,1.35,4.1,1.28,3.67,2024_10_doha_qatar_open,2024_10_doha_qatar_open_2024-02-12_R32_vondrousova_m_minnen_g
tennis_data_uk,wta,2024,10,Qatar Open,Doha,2024-02-13,wta_1000,True,hard,R32,32,3,Zheng Q.,Linette M.,7,53,3766.0,1185.0,2,1,6,2,2,6,6,3,,,,,completed,1.2,4.5,1.23,4.6,1.23,4.66,1.2,4.43,2024_10_doha_qatar_open,2024_10_doha_qatar_open_2024-02-13_R32_zheng_q_linette_m
tennis_data_uk,wta,2024,10,Qatar Open,Doha,2024-02-13,wta_1000,True,hard,R32,32,3,Pavlyuchenkova A.,Kostyuk M.,32,29,1421.0,1517.0,0,0,2,1,,,,,,,,,retired,1.73,2.1,1.75,2.18,1.82,2.18,1.75,2.06,2024_10_doha_qatar_open,2024_10_doha_qatar_open_2024-02-13_R32_pavlyuchenkova_a_kostyuk_m
tennis_data_uk,wta,2024,10,Qatar Open,Doha,2024-02-13,wta_1000,True,hard,R32,32,3,Fernandez L.A.,Badosa P.,38,79,1355.0,898.0,2,1,0,6,6,2,6,3,,,,,completed,1.73,2.1,1.69,2.29,1.77,2.29,1.71,2.12,2024_10_doha_qatar_open,2024_10_doha_qatar_open_2024-02-13_R32_fernandez_l_a_badosa_p
tennis_data_uk,wta,2024,10,Qatar Open,Doha,2024-02-13,wta_1000,True,hard,R32,32,3,Navarro E.,Mertens E.,23,25,1803.0,1706.0,2,0,6,1,6,3,,,,,,,completed,2.0,1.8,2.07,1.83,2.07,1.91,1.97,1.82,2024_10_doha_qatar_open,2024_10_doha_qatar_open_2024-02-13_R32_navarro_e_mertens_e
tennis_data_uk,wta,2024,10,Qatar Open,Doha,2024-02-13,wta_1000,True,hard,R32,32,3,Azarenka V.,Wang Xin.,31,41,1471.0,1281.0,2,0,7,6,6,2,,,,,,,completed,1.44,2.75,1.42,3.1,1.46,3.11,1.41,2.88,2024_10_doha_qatar_open,2024_10_doha_qatar_open_2024-02-13_R32_azarenka_v_wang_xin
tennis_data_uk,wta,2024,10,Qatar Open,Doha,2024-02-13,wta_1000,True,hard,R32,32,3,Noskova L.,Sakkari M.,28,9,1518.0,3630.0,2,1,3,6,7,6,7,5,,,,,completed,1.91,1.91,1.9,1.99,1.92,2.0,1.86,1.93,2024_10_doha_qatar_open,2024_10_doha_qatar_open_2024-02-13_R32_noskova_l_sakkari_m
tennis_data_uk,wta,2024,10,Qatar Open,Doha,2024-02-13,wta_1000,True,hard,R32,32,3,Collins D.,Bouzkova M.,63,35,1046.0,1382.0,2,0,6,4,7,5,,,,,,,completed,1.5,2.63,1.52,2.69,1.56,2.7,1.49,2.58,2024_10_doha_qatar_open,2024_10_doha_qatar_open_2024-02-13_R32_collins_d_bouzkova_m
tennis_data_uk,wta,2024,10,Qatar Open,Doha,2024-02-13,wta_1000,True,hard,R32,32,3,Alexandrova E.,Andreeva E.,19,106,2410.0,686.0,2,1,6,0,3,6,6,1,,,,,completed,1.44,2.75,1.51,2.72,1.51,2.8,1.45,2.71,2024_10_doha_qatar_open,2024_10_doha_qatar_open_2024-02-13_R32_alexandrova_e_andreeva_e
tennis_data_uk,wta,2024,10,Qatar Open,Doha,2024-02-13,wta_1000,True,hard,R32,32,3,Pliskova Ka.,Potapova A.,59,34,1097.0,1403.0,2,1,6,1,5,7,6,4,,,,,completed,1.8,2.0,1.94,1.94,1.98,2.03,1.88,1.91,2024_10_doha_qatar_open,2024_10_doha_qatar_open_2024-02-13_R32_pliskova_ka_potapova_a
tennis_data_uk,wta,2024,10,Qatar Open,Doha,2024-02-13,wta_1000,True,hard,R32,32,3,Siniakova K.,Gauff C.,42,3,1274.0,7200.0,2,0,6,2,6,4,,,,,,,completed,6.0,1.13,5.82,1.17,6.0,1.17,5.35,1.15,2024_10_doha_qatar_open,2024_10_doha_qatar_open_2024-02-13_R32_siniakova_k_gauff_c
tennis_data_uk,wta,2024,10,Qatar Open,Doha,2024-02-13,wta_1000,True,hard,R32,32,3,Ostapenko J.,Kalinina A.,11,30,3473.0,1510.0,2,0,6,0,6,3,,,,,,,completed,1.17,5.0,1.22,4.83,1.22,5.04,1.2,4.51,2024_10_doha_qatar_open,2024_10_doha_qatar_open_2024-02-13_R32_ostapenko_j_kalinina_a
tennis_data_uk,wta,2024,10,Qatar Open,Doha,2024-02-13,wta_1000,True,hard,R32,32,3,Tsurenko L.,Jabeur O.,37,6,1363.0,4183.0,2,0,6,3,6,2,,,,,,,completed,3.2,1.36,2.96,1.45,3.2,1.45,2.98,1.38,2024_10_doha_qatar_open,2024_10_doha_qatar_open_2024-02-13_R32_tsurenko_l_jabeur_o
tennis_data_uk,wta,2024,10,Qatar Open,Doha,2024-02-13,wta_1000,True,hard,R32,32,3,Osaka N.,Martic P.,747,67,43.0,1015.0,2,0,6,3,7,6,,,,,,,completed,1.44,2.75,1.55,2.6,1.55,2.8,1.46,2.67,2024_10_doha_qatar_open,2024_10_doha_qatar_open_2024-02-13_R32_osaka_n_martic_p
tennis_data_uk,wta,2024,10,Qatar Open,Doha,2024-02-13,wta_1000,True,hard,R32,32,3,Rybakina E.,Zhu L.,4,57,6088.0,1117.0,2,0,6,2,6,1,,,,,,,completed,1.13,6.0,1.23,4.67,1.23,6.9,1.17,5.13,2024_10_doha_qatar_open,2024_10_doha_qatar_open_2024-02-13_R32_rybakina_e_zhu_l
tennis_data_uk,wta,2024,10,Qatar Open,Doha,2024-02-14,wta_1000,True,hard,R16,16,3,Pavlyuchenkova A.,Vondrousova M.,32,8,1421.0,3736.0,2,0,7,5,6,3,,,,,,,completed,1.73,2.1,1.73,2.22,1.86,2.22,1.77,2.04,2024_10_doha_qatar_open,2024_10_doha_qatar_open_2024-02-14_R16_pavlyuchenkova_a_vondrousova_m
tennis_data_uk,wta,2024,10,Qatar Open,Doha,2024-02-14,wta_1000,True,hard,R16,16,3,Collins D.,Siniakova K.,63,42,1046.0,1274.0,2,0,6,4,6,3,,,,,,,completed,1.62,2.3,1.57,2.55,1.63,2.55,1.56,2.4,2024_10_doha_qatar_open,2024_10_doha_qatar_open_2024-02-14_R16_collins_d_siniakova_k
tennis_data_uk,wta,2024,10,Qatar Open,Doha,2024-02-14,wta_1000,True,hard,R16,16,3,Fernandez L.A.,Zheng Q.,38,7,1355.0,3766.0,2,0,7,5,6,3,,,,,,,completed,2.75,1.44,2.64,1.54,2.75,1.59,2.65,1.47,2024_10_doha_qatar_open,2024_10_doha_qatar_open_2024-02-14_R16_fernandez_l_a_zheng_q
tennis_data_uk,wta,2024,10,Qatar Open,Doha,2024-02-14,wta_1000,True,hard,R16,16,3,Pliskova Ka.,Noskova L.,59,28,1097.0,1518.0,2,0,7,0,6,1,,,,,,,completed,2.5,1.53,2.34,1.66,2.51,1.66,2.35,1.59,2024_10_doha_qatar_open,2024_10_doha_qatar_open_2024-02-14_R16_pliskova_ka_noskova_l
tennis_data_uk,wta,2024,10,Qatar Open,Doha,2024-02-14,wta_1000,True,hard,R16,16,3,Osaka N.,Tsurenko L.,747,37,43.0,1363.0,,,,,,,,,,,,,walkover,1.4,3.0,1.45,2.96,1.48,3.0,1.42,2.85,2024_10_doha_qatar_open,2024_10_doha_qatar_open_2024-02-14_R16_osaka_n_tsurenko_l
tennis_data_uk,wta,2024,10,Qatar Open,Doha,2024-02-14,wta_1000,True,hard,R16,16,3,Rybakina E.,Navarro E.,4,23,6088.0,1803.0,2,1,6,1,6,7,6,4,,,,,completed,1.17,5.0,1.19,5.29,1.19,5.29,1.17,4.91,2024_10_doha_qatar_open,2024_10_doha_qatar_open_2024-02-14_R16_rybakina_e_navarro_e
tennis_data_uk,wta,2024,10,Qatar Open,Doha,2024-02-14,wta_1000,True,hard,R16,16,3,Swiatek I.,Alexandrova E.,1,19,9770.0,2410.0,2,0,6,1,6,4,,,,,,,completed,1.07,9.0,1.12,7.69,1.12,9.0,1.08,7.74,2024_10_doha_qatar_open,2024_10_doha_qatar_open_2024-02-14_R16_swiatek_i_alexandrova_e
tennis_data_uk,wta,2024,10,Qatar Open,Doha,2024-02-14,wta_1000,True,hard,R16,16,3,Azarenka V.,Ostapenko J.,31,11,1471.0,3473.0,2,0,6,0,6,3,,,,,,,completed,2.3,1.62,2.43,1.62,2.45,1.65,2.33,1.6,2024_10_doha_qatar_open,2024_10_doha_qatar_open_2024-02-14_R16_azarenka_v_ostapenko_j
tennis_data_uk,wta,2024,10,Qatar Open,Doha,2024-02-15,wta_1000,True,hard,QF,8,3,Pavlyuchenkova A.,Collins D.,32,63,1421.0,1046.0,2,0,7,5,6,4,,,,,,,completed,2.1,1.73,2.29,1.7,2.29,1.77,2.16,1.69,2024_10_doha_qatar_open,2024_10_doha_qatar_open_2024-02-15_QF_pavlyuchenkova_a_collins_d
tennis_data_uk,wta,2024,10,Qatar Open,Doha,2024-02-15,wta_1000,True,hard,QF,8,3,Rybakina E.,Fernandez L.A.,4,38,6088.0,1355.0,2,0,6,4,6,2,,,,,,,completed,1.25,4.0,1.26,4.32,1.29,4.32,1.25,3.92,2024_10_doha_qatar_open,2024_10_doha_qatar_open_2024-02-15_QF_rybakina_e_fernandez_l_a
tennis_data_uk,wta,2024,10,Qatar Open,Doha,2024-02-15,wta_1000,True,hard,QF,8,3,Swiatek I.,Azarenka V.,1,31,9770.0,1471.0,2,0,6,4,6,0,,,,,,,completed,1.13,6.0,1.15,6.47,1.15,7.0,1.12,6.12,2024_10_doha_qatar_open,2024_10_doha_qatar_open_2024-02-15_QF_swiatek_i_azarenka_v
tennis_data_uk,wta,2024,10,Qatar Open,Doha,2024-02-15,wta_1000,True,hard,QF,8,3,Pliskova Ka.,Osaka N.,59,747,1097.0,43.0,2,0,7,6,7,6,,,,,,,completed,2.1,1.73,2.28,1.7,2.28,1.78,2.13,1.7,2024_10_doha_qatar_open,2024_10_doha_qatar_open_2024-02-15_QF_pliskova_ka_osaka_n
tennis_data_uk,wta,2024,10,Qatar Open,Doha,2024-02-16,wta_1000,True,hard,SF,4,3,Rybakina E.,Pavlyuchenkova A.,4,32,6088.0,1421.0,2,0,6,2,6,4,,,,,,,completed,1.25,4.0,1.27,4.27,1.32,4.27,1.28,3.68,2024_10_doha_qatar_open,2024_10_doha_qatar_open_2024-02-16_SF_rybakina_e_pavlyuchenkova_a
tennis_data_uk,wta,2024,10,Qatar Open,Doha,2024-02-16,wta_1000,True,hard,SF,4,3,Swiatek I.,Pliskova Ka.,1,59,9770.0,1097.0,,,,,,,,,,,,,walkover,1.07,9.0,1.09,9.36,1.1,9.5,1.07,8.33,2024_10_doha_qatar_open,2024_10_doha_qatar_open_2024-02-16_SF_swiatek_i_pliskova_ka
tennis_data_uk,wta,2024,10,Qatar Open,Doha,2024-02-17,wta_1000,True,hard,F,2,3,Swiatek I.,Rybakina E.,1,4,9770.0,6088.0,2,0,7,6,6,2,,,,,,,completed,1.53,2.5,1.61,2.48,1.61,2.71,1.54,2.46,2024_10_doha_qatar_open,2024_10_doha_qatar_open_2024-02-17_F_swiatek_i_rybakina_e
tennis_data_uk,wta,2024,11,Dubai Duty Free Tennis Championships,Dubai,2024-02-18,wta_1000,True,hard,R64,64,3,Maria T.,Gracheva V.,54,49,1185.0,1218.0,2,0,6,2,6,1,,,,,,,completed,1.91,1.91,2.07,1.83,2.07,1.91,1.98,1.82,2024_11_dubai_dubai_duty_free_tennis_championships,2024_11_dubai_dubai_duty_free_tennis_championships_2024-02-18_R64_maria_t_gracheva_v
tennis_data_uk,wta,2024,11,Dubai Duty Free Tennis Championships,Dubai,2024-02-18,wta_1000,True,hard,R64,64,3,Stearns P.,Andreeva M.,65,38,1041.0,1408.0,2,1,6,2,2,6,6,1,,,,,completed,5.5,1.14,5.33,1.19,5.5,1.19,5.02,1.17,2024_11_dubai_dubai_duty_free_tennis_championships,2024_11_dubai_dubai_duty_free_tennis_championships_2024-02-18_R64_stearns_p_andreeva_m
tennis_data_uk,wta,2024,11,Dubai Duty Free Tennis Championships,Dubai,2024-02-18,wta_1000,True,hard,R64,64,3,Frech M.,Alexandrova E.,53,17,1190.0,2475.0,2,0,7,6,6,3,,,,,,,completed,3.2,1.36,3.31,1.38,3.31,1.4,3.1,1.36,2024_11_dubai_dubai_duty_free_tennis_championships,2024_11_dubai_dubai_duty_free_tennis_championships_2024-02-18_R64_frech_m_alexandrova_e
tennis_data_uk,wta,2024,11,Dubai Duty Free Tennis Championships,Dubai,2024-02-18,wta_1000,True,hard,R64,64,3,Hibino N.,Linette M.,90,48,806.0,1220.0,2,1,6,2,3,6,6,4,,,,,completed,2.63,1.5,2.7,1.52,2.75,1.52,2.63,1.48,2024_11_dubai_dubai_duty_free_tennis_championships,2024_11_dubai_dubai_duty_free_tennis_championships_2024-02-18_R64_hibino_n_linette_m
tennis_data_uk,wta,2024,11,Dubai Duty Free Tennis Championships,Dubai,2024-02-18,wta_1000,True,hard,R64,64,3,Vekic D.,Wang Xin.,31,42,1580.0,1321.0,2,0,6,2,6,4,,,,,,,completed,1.8,2.0,1.91,1.98,1.91,2.08,1.82,1.97,2024_11_dubai_dubai_duty_free_tennis_championships,2024_11_dubai_dubai_duty_free_tennis_championships_2024-02-18_R64_vekic_d_wang_xin
tennis_data_uk,wta,2024,11,Dubai Duty Free Tennis Championships,Dubai,2024-02-18,wta_1000,True,hard,R64,64,3,Navarro E.,Siniakova K.,23,39,1863.0,1393.0,2,1,4,6,7,5,6,4,,,,,completed,1.67,2.2,1.75,2.2,1.75,2.23,1.68,2.17,2024_11_dubai_dubai_duty_free_tennis_championships,2024_11_dubai_dubai_duty_free_tennis_championships_2024-02-18_R64_navarro_e_siniakova_k
tennis_data_uk,wta,2024,11,Dubai Duty Free Tennis Championships,Dubai,2024-02-18,wta_1000,True,hard,R64,64,3,Kalinskaya A.,Hunter S.,40,128,1323.0,586.0,2,0,6,1,6,2,,,,,,,completed,1.3,3.5,1.31,3.74,1.34,3.74,1.3,3.47,2024_11_dubai_dubai_duty_free_tennis_championships,2024_11_dubai_dubai_duty_free_tennis_championships_2024-02-18_R64_kalinskaya_a_hunter_s
tennis_data_uk,wta,2024,11,Dubai Duty Free Tennis Championships,Dubai,2024-02-18,wta_1000,True,hard,R64,64,3,Paolini J.,Haddad Maia B.,26,14,1735.0,2870.0,2,1,4,6,6,4,6,0,,,,,completed,2.75,1.44,2.6,1.55,2.84,1.55,2.65,1.48,2024_11_dubai_dubai_duty_free_tennis_championships,2024_11_dubai_dubai_duty_free_tennis_championships_2024-02-18_R64_paolini_j_haddad_maia_b
tennis_data_uk,wta,2024,11,Dubai Duty Free Tennis Championships,Dubai,2024-02-18,wta_1000,True,hard,R64,64,3,Stephens S.,Burel C.,41,47,1322.0,1224.0,2,1,6,4,1,6,6,2,,,,,completed,2.0,1.8,2.08,1.83,2.08,1.89,1.99,1.8,2024_11_dubai_dubai_duty_free_tennis_championships,2024_11_dubai_dubai_duty_free_tennis_championships_2024-02-18_R64_stephens_s_burel_c
tennis_data_uk,wta,2024,11,Dubai Duty Free Tennis Championships,Dubai,2024-02-18,wta_1000,True,hard,R64,64,3,Cocciaretto E.,Mertens E.,58,25,1148.0,1746.0,2,1,1,6,6,3,7,6,,,,,completed,2.75,1.44,2.91,1.45,2.91,1.53,2.72,1.46,2024_11_dubai_dubai_duty_free_tennis_championships,2024_11_dubai_dubai_duty_free_tennis_championships_2024-02-18_R64_cocciaretto_e_mertens_e
tennis_data_uk,wta,2024,11,Dubai Duty Free Tennis Championships,Dubai,2024-02-18,wta_1000,True,hard,R64,64,3,Krueger A.,Garcia C.,76,21,936.0,2040.0,2,1,3,6,6,3,6,3,,,,,completed,2.2,1.67,2.21,1.74,2.22,1.74,2.15,1.69,2024_11_dubai_dubai_duty_free_tennis_championships,2024_11_dubai_dubai_duty_free_tennis_championships_2024-02-18_R64_krueger_a_garcia_c
tennis_data_uk,wta,2024,11,Dubai Duty Free Tennis Championships,Dubai,2024-02-18,wta_1000,True,hard,R64,64,3,Cirstea S.,Kenin S.,22,55,1893.0,1180.0,2,0,6,3,7,6,,,,,,,completed,1.57,2.38,1.63,2.4,1.63,2.4,1.57,2.36,2024_11_dubai_dubai_duty_free_tennis_championships,2024_11_dubai_dubai_duty_free_tennis_championships_2024-02-18_R64_cirstea_s_kenin_s
tennis_data_uk,wta,2024,11,Dubai Duty Free Tennis Championships,Dubai,2024-02-19,wta_1000,True,hard,R64,64,3,Fernandez L.A.,Pera B.,33,83,1540.0,877.0,2,0,6,3,6,2,,,,,,,completed,1.33,3.4,1.37,3.32,1.37,3.4,1.35,3.18,2024_11_dubai_dubai_duty_free_tennis_championships,2024_11_dubai_dubai_duty_free_tennis_championships_2024-02-19_R64_fernandez_l_a_pera_b
tennis_data_uk,wta,2024,11,Dubai Duty Free Tennis Championships,Dubai,2024-02-19,wta_1000,True,hard,R64,64,3,Azarenka V.,Rus A.,27,43,1631.0,1271.0,2,0,6,2,6,4,,,,,,,completed,1.14,5.5,1.16,6.12,1.16,6.12,1.14,5.62,2024_11_dubai_dubai_duty_free_tennis_championships,2024_11_dubai_dubai_duty_free_tennis_championships_2024-02-19_R64_azarenka_v_rus_a
tennis_data_uk,wta,2024,11,Dubai Duty Free Tennis Championships,Dubai,2024-02-19,wta_1000,True,hard,R64,64,3,Martic P.,Dolehide C.,61,45,1079.0,1263.0,2,0,6,4,7,6,,,,,,,completed,1.4,3.0,1.43,3.02,1.44,3.02,1.41,2.88,2024_11_dubai_dubai_duty_free_tennis_championships,2024_11_dubai_dubai_duty_free_tennis_championships_2024-02-19_R64_martic_p_dolehide_c
tennis_data_uk,wta,2024,11,Dubai Duty Free Tennis Championships,Dubai,2024-02-19,wta_1000,True,hard,R64,64,3,Pliskova Ka.,Zhang S.,36,776,1462.0,40.0,2,0,6,3,7,5,,,,,,,completed,1.1,7.0,1.09,9.2,1.1,9.2,1.08,7.48,2024_11_dubai_dubai_duty_free_tennis_championships,2024_11_dubai_dubai_duty_free_tennis_championships_2024-02-19_R64_pliskova_ka_zhang_s
tennis_data_uk,wta,2024,11,Dubai Duty Free Tennis Championships,Dubai,2024-02-19,wta_1000,True,hard,R64,64,3,Potapova A.,Zhu L.,35,57,1467.0,1152.0,2,1,4,6,6,2,6,4,,,,,completed,1.73,2.1,1.77,2.15,1.77,2.15,1.72,2.1,2024_11_dubai_dubai_duty_free_tennis_championships,2024_11_dubai_dubai_duty_free_tennis_championships_2024-02-19_R64_potapova_a_zhu_l
tennis_data_uk,wta,2024,11,Dubai Duty Free Tennis Championships,Dubai,2024-02-19,wta_1000,True,hard,R64,64,3,Pavlyuchenkova A.,Bouzkova M.,24,37,1810.0,1429.0,2,0,6,4,6,3,,,,,,,completed,1.44,2.75,1.51,2.74,1.51,2.8,1.45,2.74,2024_11_dubai_dubai_duty_free_tennis_championships,2024_11_dubai_dubai_duty_free_tennis_championships_2024-02-19_R64_pavlyuchenkova_a_bouzkova_m
tennis_data_uk,wta,2024,11,Dubai Duty Free Tennis Championships,Dubai,2024-02-19,wta_1000,True,hard,R64,64,3,Ostapenko J.,Wang Xiy.,9,64,3533.0,1054.0,2,1,5,7,6,2,6,3,,,,,completed,1.3,3.5,1.32,3.69,1.32,3.69,1.3,3.46,2024_11_dubai_dubai_duty_free_tennis_championships,2024_11_dubai_dubai_duty_free_tennis_championships_2024-02-19_R64_ostapenko_j_wang_xiy
tennis_data_uk,wta,2024,11,Dubai Duty Free Tennis Championships,Dubai,2024-02-19,wta_1000,True,hard,R64,64,3,Kudermetova V.,Yastremska D.,19,29,2250.0,1607.0,2,1,6,0,1,6,6,0,,,,,completed,1.62,2.3,1.61,2.44,1.65,2.45,1.61,2.3,2024_11_dubai_dubai_duty_free_tennis_championships,2024_11_dubai_dubai_duty_free_tennis_championships_2024-02-19_R64_kudermetova_v_yastremska_d
tennis_data_uk,wta,2024,11,Dubai Duty Free Tennis Championships,Dubai,2024-02-19,wta_1000,True,hard,R64,64,3,Samsonova L.,Tomova V.,15,68,2590.0,1009.0,2,0,7,6,6,3,,,,,,,completed,1.22,4.33,1.25,4.41,1.25,4.41,1.22,4.18,2024_11_dubai_dubai_duty_free_tennis_championships,2024_11_dubai_dubai_duty_free_tennis_championships_2024-02-19_R64_samsonova_l_tomova_v
tennis_data_uk,wta,2024,11,Dubai Duty Free Tennis Championships,Dubai,2024-02-19,wta_1000,True,hard,R64,64,3,Sun L.,Badosa P.,181,74,428.0,962.0,1,0,6,4,,,,,,,,,retired,4.5,1.2,4.9,1.21,4.9,1.23,4.47,1.2,2024_11_dubai_dubai_duty_free_tennis_championships,2024_11_dubai_dubai_duty_free_tennis_championships_2024-02-19_R64_sun_l_badosa_p
tennis_data_uk,wta,2024,11,Dubai Duty Free Tennis Championships,Dubai,2024-02-19,wta_1000,True,hard,R64,64,3,Svitolina E.,Kalinina A.,20,32,2212.0,1545.0,2,0,6,3,7,6,,,,,,,completed,1.4,3.0,1.4,3.18,1.43,3.18,1.38,2.97,2024_11_dubai_dubai_duty_free_tennis_championships,2024_11_dubai_dubai_duty_free_tennis_championships_2024-02-19_R64_svitolina_e_kalinina_a
tennis_data_uk,wta,2024,11,Dubai Duty Free Tennis Championships,Dubai,2024-02-19,wta_1000,True,hard,R64,64,3,Bronzetti L.,Kasatkina D.,60,13,1117.0,3063.0,2,1,7,6,4,6,7,5,,,,,completed,4.33,1.22,4.32,1.25,4.38,1.26,4.07,1.23,2024_11_dubai_dubai_duty_free_tennis_championships,2024_11_dubai_dubai_duty_free_tennis_championships_2024-02-19_R64_bronzetti_l_kasatkina_d
tennis_data_uk,wta,2024,11,Dubai Duty Free Tennis Championships,Dubai,2024-02-20,wta_1000,True,hard,R32,32,3,Paolini J.,Fernandez L.A.,26,33,1735.0,1540.0,2,0,6,3,6,4,,,,,,,completed,3.5,1.3,3.59,1.33,3.6,1.36,3.39,1.31,2024_11_dubai_dubai_duty_free_tennis_championships,2024_11_dubai_dubai_duty_free_tennis_championships_2024-02-20_R32_paolini_j_fernandez_l_a
tennis_data_uk,wta,2024,11,Dubai Duty Free Tennis Championships,Dubai,2024-02-20,wta_1000,True,hard,R32,32,3,Frech M.,Martic P.,53,61,1190.0,1079.0,2,1,6,4,1,6,6,2,,,,,completed,1.91,1.91,1.88,2.0,1.91,2.0,1.86,1.93,2024_11_dubai_dubai_duty_free_tennis_championships,2024_11_dubai_dubai_duty_free_tennis_championships_2024-02-20_R32_frech_m_martic_p
tennis_data_uk,wta,2024,11,Dubai Duty Free Tennis Championships,Dubai,2024-02-20,wta_1000,True,hard,R32,32,3,Vondrousova M.,Stearns P.,8,65,3856.0,1041.0,2,1,6,1,5,7,6,2,,,,,completed,1.3,3.5,1.37,3.36,1.38,3.53,1.33,3.26,2024_11_dubai_dubai_duty_free_tennis_championships,2024_11_dubai_dubai_duty_free_tennis_championships_2024-02-20_R32_vondrousova_m_stearns_p
tennis_data_uk,wta,2024,11,Dubai Duty Free Tennis Championships,Dubai,2024-02-20,wta_1000,True,hard,R32,32,3,Sakkari M.,Navarro E.,11,23,3455.0,1863.0,2,0,6,2,6,4,,,,,,,completed,2.1,1.73,2.05,1.84,2.12,1.84,2.02,1.78,2024_11_dubai_dubai_duty_free_tennis_championships,2024_11_dubai_dubai_duty_free_tennis_championships_2024-02-20_R32_sakkari_m_navarro_e
tennis_data_uk,wta,2024,11,Dubai Duty Free Tennis Championships,Dubai,2024-02-20,wta_1000,True,hard,R32,32,3,Vekic D.,Sabalenka A.,31,2,1580.0,8905.0,2,1,6,7,6,3,6,0,,,,,completed,8.0,1.08,8.08,1.11,8.4,1.12,7.12,1.09,2024_11_dubai_dubai_duty_free_tennis_championships,2024_11_dubai_dubai_duty_free_tennis_championships_2024-02-20_R32_vekic_d_sabalenka_a
tennis_data_uk,wta,2024,11,Dubai Duty Free Tennis Championships,Dubai,2024-02-20,wta_1000,True,hard,R32,32,3,Samsonova L.,Pavlyuchenkova A.,15,24,2590.0,1810.0,,,,,,,,,,,,,walkover,2.0,1.8,2.19,1.75,2.22,1.83,2.08,1.74,2024_11_dubai_dubai_duty_free_tennis_championships,2024_11_dubai_dubai_duty_free_tennis_championships_2024-02-20_R32_samsonova_l_pavlyuchenkova_a
tennis_data_uk,wta,2024,11,Dubai Duty Free Tennis Championships,Dubai,2024-02-20,wta_1000,True,hard,R32,32,3,Kalinskaya A.,Bucsa C.,40,67,1323.0,1020.0,2,0,6,3,6,4,,,,,,,completed,1.17,5.0,1.21,5.02,1.22,5.05,1.19,4.65,2024_11_dubai_dubai_duty_free_tennis_championships,2024_11_dubai_dubai_duty_free_tennis_championships_2024-02-20_R32_kalinskaya_a_bucsa_c
tennis_data_uk,wta,2024,11,Dubai Duty Free Tennis Championships,Dubai,2024-02-20,wta_1000,True,hard,R32,32,3,Cirstea S.,Kudermetova V.,22,19,1893.0,2250.0,2,0,6,1,6,4,,,,,,,completed,1.91,1.91,1.93,1.95,1.95,1.98,1.89,1.9,2024_11_dubai_dubai_duty_free_tennis_championships,2024_11_dubai_dubai_duty_free_tennis_championships_2024-02-20_R32_cirstea_s_kudermetova_v
tennis_data_uk,wta,2024,11,Dubai Duty Free Tennis Championships,Dubai,2024-02-20,wta_1000,True,hard,R32,32,3,Svitolina E.,Maria T.,20,54,2212.0,1185.0,2,0,6,3,6,3,,,,,,,completed,1.14,5.5,1.16,6.13,1.17,6.13,1.14,5.49,2024_11_dubai_dubai_duty_free_tennis_championships,2024_11_dubai_dubai_duty_free_tennis_championships_2024-02-20_R32_svitolina_e_maria_t
tennis_data_uk,wta,2024,11,Dubai Duty Free Tennis Championships,Dubai,2024-02-20,wta_1000,True,hard,R32,32,3,Potapova A.,Bronzetti L.,35,60,1467.0,1117.0,2,0,6,0,6,3,,,,,,,completed,1.44,2.75,1.48,2.83,1.5,2.83,1.45,2.71,2024_11_dubai_dubai_duty_free_tennis_championships,2024_11_dubai_dubai_duty_free_tennis_championships_2024-02-20_R32_potapova_a_bronzetti_l
tennis_data_uk,wta,2024,11,Dubai Duty Free Tennis Championships,Dubai,2024-02-20,wta_1000,True,hard,R32,32,3,Ostapenko J.,Sun L.,9,181,3533.0,428.0,2,0,6,4,6,3,,,,,,,completed,1.13,6.0,1.13,6.91,1.14,6.91,1.12,6.07,2024_11_dubai_dubai_duty_free_tennis_championships,2024_11_dubai_dubai_duty_free_tennis_championships_2024-02-20_R32_ostapenko_j_sun_l
tennis_data_uk,wta,2024,11,Dubai Duty Free Tennis Championships,Dubai,2024-02-20,wta_1000,True,hard,R32,32,3,Rybakina E.,Azarenka V.,4,27,6738.0,1631.0,1,1,4,6,6,2,,,,,,,retired,1.33,3.4,1.35,3.47,1.36,3.5,1.32,3.31,2024_11_dubai_dubai_duty_free_tennis_championships,2024_11_dubai_dubai_duty_free_tennis_championships_2024-02-20_R32_rybakina_e_azarenka_v
tennis_data_uk,wta,2024,11,Dubai Duty Free Tennis Championships,Dubai,2024-02-20,wta_1000,True,hard,R32,32,3,Zheng Q.,Hibino N.,7,90,3885.0,806.0,2,1,5,7,6,2,6,2,,,,,completed,1.14,5.5,1.14,6.67,1.17,6.67,1.13,5.75,2024_11_dubai_dubai_duty_free_tennis_championships,2024_11_dubai_dubai_duty_free_tennis_championships_2024-02-20_R32_zheng_q_hibino_n
tennis_data_uk,wta,2024,11,Dubai Duty Free Tennis Championships,Dubai,2024-02-20,wta_1000,True,hard,R32,32,3,Swiatek I.,Stephens S.,1,41,10300.0,1322.0,2,0,6,4,6,4,,,,,,,completed,1.05,11.0,1.05,14.71,1.06,14.71,1.04,11.08,2024_11_dubai_dubai_duty_free_tennis_championships,2024_11_dubai_dubai_duty_free_tennis_championships_2024-02-20_R32_swiatek_i_stephens_s
tennis_data_uk,wta,2024,11,Dubai Duty Free Tennis Championships,Dubai,2024-02-20,wta_1000,True,hard,R32,32,3,Pliskova Ka.,Krueger A.,36,76,1462.0,936.0,2,1,6,7,6,3,6,4,,,,,completed,1.62,2.3,1.67,2.33,1.7,2.38,1.63,2.25,2024_11_dubai_dubai_duty_free_tennis_championships,2024_11_dubai_dubai_duty_free_tennis_championships_2024-02-20_R32_pliskova_ka_krueger_a
tennis_data_uk,wta,2024,11,Dubai Duty Free Tennis Championships,Dubai,2024-02-20,wta_1000,True,hard,R32,32,3,Gauff C.,Cocciaretto E.,3,58,7110.0,1148.0,2,0,6,1,7,5,,,,,,,completed,1.1,7.0,1.14,6.74,1.14,7.0,1.11,6.4,2024_11_dubai_dubai_duty_free_tennis_championships,2024_11_dubai_dubai_duty_free_tennis_championships_2024-02-20_R32_gauff_c_cocciaretto_e
tennis_data_uk,wta,2024,11,Dubai Duty Free Tennis Championships,Dubai,2024-02-21,wta_1000,True,hard,R16,16,3,Paolini J.,Sakkari M.,26,11,1735.0,3455.0,2,0,6,4,6,2,,,,,,,completed,2.63,1.5,2.79,1.5,2.79,1.53,2.57,1.5,2024_11_dubai_dubai_duty_free_tennis_championships,2024_11_dubai_dubai_duty_free_tennis_championships_2024-02-21_R16_paolini_j_sakkari_m
tennis_data_uk,wta,2024,11,Dubai Duty Free Tennis Championships,Dubai,2024-02-21,wta_1000,True,hard,R16,16,3,Vondrousova M.,Samsonova L.,8,15,3856.0,2590.0,2,0,6,2,6,2,,,,,,,completed,2.0,1.8,2.25,1.72,2.25,1.85,2.04,1.77,2024_11_dubai_dubai_duty_free_tennis_championships,2024_11_dubai_dubai_duty_free_tennis_championships_2024-02-21_R16_vondrousova_m_samsonova_l
tennis_data_uk,wta,2024,11,Dubai Duty Free Tennis Championships,Dubai,2024-02-21,wta_1000,True,hard,R16,16,3,Kalinskaya A.,Ostapenko J.,40,9,1323.0,3533.0,2,0,6,4,7,5,,,,,,,completed,2.3,1.62,2.33,1.68,2.33,1.69,2.23,1.65,2024_11_dubai_dubai_duty_free_tennis_championships,2024_11_dubai_dubai_duty_free_tennis_championships_2024-02-21_R16_kalinskaya_a_ostapenko_j
tennis_data_uk,wta,2024,11,Dubai Duty Free Tennis Championships,Dubai,2024-02-21,wta_1000,True,hard,R16,16,3,Rybakina E.,Frech M.,4,53,6738.0,1190.0,2,1,7,6,3,6,6,4,,,,,completed,1.1,7.0,1.11,8.07,1.11,8.5,1.09,7.11,2024_11_dubai_dubai_duty_free_tennis_championships,2024_11_dubai_dubai_duty_free_tennis_championships_2024-02-21_R16_rybakina_e_frech_m
tennis_data_uk,wta,2024,11,Dubai Duty Free Tennis Championships,Dubai,2024-02-21,wta_1000,True,hard,R16,16,3,Cirstea S.,Vekic D.,22,31,1893.0,1580.0,2,1,3,6,6,3,7,5,,,,,completed,1.8,2.0,1.93,1.98,1.93,2.02,1.84,1.95,2024_11_dubai_dubai_duty_free_tennis_championships,2024_11_dubai_dubai_duty_free_tennis_championships_2024-02-21_R16_cirstea_s_vekic_d
tennis_data_uk,wta,2024,11,Dubai Duty Free Tennis Championships,Dubai,2024-02-21,wta_1000,True,hard,R16,16,3,Gauff C.,Pliskova Ka.,3,36,7110.0,1462.0,2,1,2,6,6,4,6,3,,,,,completed,1.22,4.33,1.2,5.23,1.24,5.23,1.2,4.51,2024_11_dubai_dubai_duty_free_tennis_championships,2024_11_dubai_dubai_duty_free_tennis_championships_2024-02-21_R16_gauff_c_pliskova_ka
tennis_data_uk,wta,2024,11,Dubai Duty Free Tennis Championships,Dubai,2024-02-21,wta_1000,True,hard,R16,16,3,Swiatek I.,Svitolina E.,1,20,10300.0,2212.0,2,0,6,1,6,4,,,,,,,completed,1.2,4.5,1.22,4.95,1.23,5.5,1.19,4.68,2024_11_dubai_dubai_duty_free_tennis_championships,2024_11_dubai_dubai_duty_free_tennis_championships_2024-02-21_R16_swiatek_i_svitolina_e
tennis_data_uk,wta,2024,11,Dubai Duty Free Tennis Championships,Dubai,2024-02-21,wta_1000,True,hard,R16,16,3,Zheng Q.,Potapova A.,7,35,3885.0,1467.0,2,0,6,3,6,2,,,,,,,completed,1.44,2.75,1.47,2.92,1.51,2.92,1.45,2.72,2024_11_dubai_dubai_duty_free_tennis_championships,2024_11_dubai_dubai_duty_free_tennis_championships_2024-02-21_R16_zheng_q_potapova_a
tennis_data_uk,wta,2024,11,Dubai Duty Free Tennis Championships,Dubai,2024-02-22,wta_1000,True,hard,QF,8,3,Cirstea S.,Vondrousova M.,22,8,1893.0,3856.0,2,1,2,6,7,6,6,2,,,,,completed,2.3,1.62,2.32,1.68,2.33,1.7,2.26,1.63,2024_11_dubai_dubai_duty_free_tennis_championships,2024_11_dubai_dubai_duty_free_tennis_championships_2024-02-22_QF_cirstea_s_vondrousova_m
tennis_data_uk,wta,2024,11,Dubai Duty Free Tennis Championships,Dubai,2024-02-22,wta_1000,True,hard,QF,8,3,Paolini J.,Rybakina E.,26,4,1735.0,6738.0,,,,,,,,,,,,,walkover,4.33,1.22,4.84,1.22,5.0,1.22,4.63,1.19,2024_11_dubai_dubai_duty_free_tennis_championships,2024_11_dubai_dubai_duty_free_tennis_championships_2024-02-22_QF_paolini_j_rybakina_e
tennis_data_uk,wta,2024,11,Dubai Duty Free Tennis Championships,Dubai,2024-02-22,wta_1000,True,hard,QF,8,3,Swiatek I.,Zheng Q.,1,7,10300.0,3885.0,2,0,6,3,6,2,,,,,,,completed,1.17,5.0,1.14,6.7,1.18,6.7,1.15,5.54,2024_11_dubai_dubai_duty_free_tennis_championships,2024_11_dubai_dubai_duty_free_tennis_championships_2024-02-22_QF_swiatek_i_zheng_q
tennis_data_uk,wta,2024,11,Dubai Duty Free Tennis Championships,Dubai,2024-02-22,wta_1000,True,hard,QF,8,3,Kalinskaya A.,Gauff C.,40,3,1323.0,7110.0,2,1,2,6,6,4,6,2,,,,,completed,3.4,1.33,3.28,1.39,3.71,1.39,3.23,1.35,2024_11_dubai_dubai_duty_free_tennis_championships,2024_11_dubai_dubai_duty_free_tennis_championships_2024-02-22_QF_kalinskaya_a_gauff_c
tennis_data_uk,wta,2024,11,Dubai Duty Free Tennis Championships,Dubai,2024-02-23,wta_1000,True,hard,SF,4,3,Paolini J.,Cirstea S.,26,22,1735.0,1893.0,2,0,6,2,7,6,,,,,,,completed,2.0,1.8,2.03,1.88,2.1,1.91,2.0,1.81,2024_11_dubai_dubai_duty_free_tennis_championships,2024_11_dubai_dubai_duty_free_tennis_championships_2024-02-23_SF_paolini_j_cirstea_s
tennis_data_uk,wta,2024,11,Dubai Duty Free Tennis Championships,Dubai,2024-02-23,wta_1000,True,hard,SF,4,3,Kalinskaya A.,Swiatek I.,40,1,1323.0,10300.0,2,0,6,4,6,4,,,,,,,completed,6.5,1.11,8.1,1.11,8.1,1.15,6.89,1.1,2024_11_dubai_dubai_duty_free_tennis_championships,2024_11_dubai_dubai_duty_free_tennis_championships_2024-02-23_SF_kalinskaya_a_swiatek_i
tennis_data_uk,wta,2024,11,Dubai Duty Free Tennis Championships,Dubai,2024-02-24,wta_1000,True,hard,F,2,3,Paolini J.,Kalinskaya A.,26,40,1735.0,1323.0,2,1,4,6,7,5,7,5,,,,,completed,3.0,1.4,3.06,1.43,3.3,1.43,2.97,1.4,2024_11_dubai_dubai_duty_free_tennis_championships,2024_11_dubai_dubai_duty_free_tennis_championships_2024-02-24_F_paolini_j_kalinskaya_a
tennis_data_uk,wta,2024,12,ATX Open,Austin,2024-02-26,wta_250,True,hard,R32,32,3,Yuan Y.,Rodionova Ar.,68,99,1006.0,745.0,2,1,3,6,6,3,6,1,,,,,completed,1.44,2.75,1.43,3.01,1.5,3.01,1.41,2.83,2024_12_austin_atx_open,2024_12_austin_atx_open_2024-02-26_R32_yuan_y_rodionova_ar
tennis_data_uk,wta,2024,12,ATX Open,Austin,2024-02-26,wta_250,True,hard,R32,32,3,Parry D.,Ponchet J.,62,146,1073.0,521.0,2,0,6,3,7,6,,,,,,,completed,1.57,2.38,1.51,2.69,1.57,2.69,1.49,2.57,2024_12_austin_atx_open,2024_12_austin_atx_open_2024-02-26_R32_parry_d_ponchet_j
tennis_data_uk,wta,2024,12,ATX Open,Austin,2024-02-26,wta_250,True,hard,R32,32,3,Wang Y.,Bronzetti L.,69,52,993.0,1192.0,2,0,7,6,6,4,,,,,,,completed,1.8,2.0,1.8,2.09,1.83,2.1,1.77,2.01,2024_12_austin_atx_open,2024_12_austin_atx_open_2024-02-26_R32_wang_y_bronzetti_l
tennis_data_uk,wta,2024,12,ATX Open,Austin,2024-02-27,wta_250,True,hard,R32,32,3,Osorio M.,Cornet A.,98,104,753.0,718.0,2,0,6,3,6,2,,,,,,,completed,1.44,2.75,1.52,2.66,1.53,2.75,1.46,2.66,2024_12_austin_atx_open,2024_12_austin_atx_open_2024-02-27_R32_osorio_m_cornet_a
tennis_data_uk,wta,2024,12,ATX Open,Austin,2024-02-27,wta_250,True,hard,R32,32,3,Arango E.,Parks A.,121,117,617.0,642.0,2,0,6,2,6,3,,,,,,,completed,2.75,1.44,2.7,1.51,2.9,1.51,2.69,1.45,2024_12_austin_atx_open,2024_12_austin_atx_open_2024-02-27_R32_arango_e_parks_a
tennis_data_uk,wta,2024,12,ATX Open,Austin,2024-02-27,wta_250,True,hard,R32,32,3,Rakhimova K.,Wickmayer Y.,94,87,778.0,828.0,2,1,6,3,6,7,7,6,,,,,completed,1.62,2.3,1.67,2.31,1.67,2.38,1.62,2.26,2024_12_austin_atx_open,2024_12_austin_atx_open_2024-02-27_R32_rakhimova_k_wickmayer_y
tennis_data_uk,wta,2024,12,ATX Open,Austin,2024-02-27,wta_250,True,hard,R32,32,3,Semenistaja D.,Jimenez Kasintseva V.,115,318,654.0,217.0,2,1,6,7,6,2,6,4,,,,,completed,1.4,3.0,1.43,2.99,1.43,3.27,1.38,2.96,2024_12_austin_atx_open,2024_12_austin_atx_open_2024-02-27_R32_semenistaja_d_jimenez_kasintseva_v
tennis_data_uk,wta,2024,12,ATX Open,Austin,2024-02-27,wta_250,True,hard,R32,32,3,Townsend T.,Contreras Gomez F.,83,366,882.0,176.0,2,1,3,6,6,2,6,3,,,,,completed,1.13,6.0,1.12,7.39,1.15,7.39,1.1,6.53,2024_12_austin_atx_open,2024_12_austin_atx_open_2024-02-27_R32_townsend_t_contreras_gomez_f
tennis_data_uk,wta,2024,12,ATX Open,Austin,2024-02-27,wta_250,True,hard,R32,32,3,Stephens S.,Martincova T.,40,155,1327.0,485.0,2,0,6,4,6,0,,,,,,,completed,1.29,3.75,1.29,3.88,1.32,3.88,1.28,3.59,2024_12_austin_atx_open,2024_12_austin_atx_open_2024-02-27_R32_stephens_s_martincova_t
tennis_data_uk,wta,2024,12,ATX Open,Austin,2024-02-27,wta_250,True,hard,R32,32,3,Wang Xiy.,Podoroska N.,64,85,1054.0,852.0,2,0,7,5,6,4,,,,,,,completed,1.25,4.0,1.24,4.46,1.31,4.46,1.24,3.96,2024_12_austin_atx_open,2024_12_austin_atx_open_2024-02-27_R32_wang_xiy_podoroska_n
tennis_data_uk,wta,2024,12,ATX Open,Austin,2024-02-27,wta_250,True,hard,R32,32,3,Kalinina A.,Bejlek S.,35,132,1470.0,566.0,2,0,6,3,6,2,,,,,,,completed,1.8,2.0,1.79,2.11,1.88,2.11,1.79,2.0,2024_12_austin_atx_open,2024_12_austin_atx_open_2024-02-27_R32_kalinina_a_bejlek_s
tennis_data_uk,wta,2024,12,ATX Open,Austin,2024-02-27,wta_250,True,hard,R32,32,3,Volynets K.,Zarazua R.,112,102,662.0,726.0,2,0,6,4,7,6,,,,,,,completed,1.44,2.75,1.48,2.79,1.48,2.81,1.44,2.75,2024_12_austin_atx_open,2024_12_austin_atx_open_2024-02-27_R32_volynets_k_zarazua_r
tennis_data_uk,wta,2024,12,ATX Open,Austin,2024-02-27,wta_250,True,hard,R32,32,3,Vickery S.,Marino R.,134,147,556.0,520.0,2,0,6,2,6,4,,,,,,,completed,2.1,1.73,2.23,1.71,2.24,1.75,2.15,1.68,2024_12_austin_atx_open,2024_12_austin_atx_open_2024-02-27_R32_vickery_s_marino_r
tennis_data_uk,wta,2024,12,ATX Open,Austin,2024-02-27,wta_250,True,hard,R32,32,3,Sevastova A.,Riera J.,485,116,112.0,646.0,2,0,6,4,6,3,,,,,,,completed,1.53,2.5,1.45,2.9,1.54,2.9,1.48,2.6,2024_12_austin_atx_open,2024_12_austin_atx_open_2024-02-27_R32_sevastova_a_riera_j
tennis_data_uk,wta,2024,12,ATX Open,Austin,2024-02-28,wta_250,True,hard,R32,32,3,Schmiedlova A.,Stearns P.,76,61,925.0,1096.0,2,1,6,2,4,6,7,5,,,,,completed,3.2,1.36,3.31,1.37,3.33,1.4,3.14,1.35,2024_12_austin_atx_open,2024_12_austin_atx_open_2024-02-28_R32_schmiedlova_a_stearns_p
tennis_data_uk,wta,2024,12,ATX Open,Austin,2024-02-28,wta_250,True,hard,R32,32,3,Collins D.,Gadecki O.,48,143,1236.0,528.0,2,0,7,5,6,3,,,,,,,completed,1.13,6.0,1.12,7.12,1.13,8.54,1.11,6.41,2024_12_austin_atx_open,2024_12_austin_atx_open_2024-02-28_R32_collins_d_gadecki_o
tennis_data_uk,wta,2024,12,ATX Open,Austin,2024-02-28,wta_250,True,hard,R16,16,3,Wang Y.,Arango E.,69,121,993.0,617.0,2,0,6,2,6,2,,,,,,,completed,1.25,4.0,1.27,4.06,1.3,4.06,1.26,3.79,2024_12_austin_atx_open,2024_12_austin_atx_open_2024-02-28_R16_wang_y_arango_e
tennis_data_uk,wta,2024,12,ATX Open,Austin,2024-02-28,wta_250,True,hard,R16,16,3,Yuan Y.,Townsend T.,68,83,1006.0,882.0,2,0,6,3,7,6,,,,,,,completed,2.2,1.67,2.21,1.72,2.21,1.73,2.14,1.69,2024_12_austin_atx_open,2024_12_austin_atx_open_2024-02-28_R16_yuan_y_townsend_t
tennis_data_uk,wta,2024,12,ATX Open,Austin,2024-02-29,wta_250,True,hard,R16,16,3,Kalinina A.,Osorio M.,35,98,1470.0,753.0,2,0,6,1,6,2,,,,,,,completed,1.73,2.1,1.79,2.1,1.8,2.12,1.75,2.05,2024_12_austin_atx_open,2024_12_austin_atx_open_2024-02-29_R16_kalinina_a_osorio_m
tennis_data_uk,wta,2024,12,ATX Open,Austin,2024-02-29,wta_250,True,hard,R16,16,3,Parry D.,Rakhimova K.,62,94,1073.0,778.0,2,0,6,3,6,3,,,,,,,completed,1.53,2.5,1.6,2.45,1.62,2.51,1.55,2.41,2024_12_austin_atx_open,2024_12_austin_atx_open_2024-02-29_R16_parry_d_rakhimova_k
tennis_data_uk,wta,2024,12,ATX Open,Austin,2024-02-29,wta_250,True,hard,R16,16,3,Wang Xiy.,Semenistaja D.,64,115,1054.0,654.0,2,0,6,1,6,2,,,,,,,completed,1.33,3.4,1.29,4.0,1.36,4.0,1.29,3.54,2024_12_austin_atx_open,2024_12_austin_atx_open_2024-02-29_R16_wang_xiy_semenistaja_d
tennis_data_uk,wta,2024,12,ATX Open,Austin,2024-02-29,wta_250,True,hard,R16,16,3,Collins D.,Volynets K.,48,112,1236.0,662.0,2,1,4,6,7,6,6,0,,,,,completed,1.22,4.33,1.23,4.54,1.23,4.81,1.2,4.36,2024_12_austin_atx_open,2024_12_austin_atx_open_2024-02-29_R16_collins_d_volynets_k
tennis_data_uk,wta,2024,12,ATX Open,Austin,2024-03-01,wta_250,True,hard,R16,16,3,Sevastova A.,Stephens S.,485,40,112.0,1327.0,2,0,6,3,6,2,,,,,,,completed,2.75,1.44,2.87,1.46,2.87,1.54,2.72,1.45,2024_12_austin_atx_open,2024_12_austin_atx_open_2024-03-01_R16_sevastova_a_stephens_s
tennis_data_uk,wta,2024,12,ATX Open,Austin,2024-03-01,wta_250,True,hard,R16,16,3,Schmiedlova A.,Vickery S.,76,134,925.0,556.0,2,1,5,7,7,6,7,5,,,,,completed,2.2,1.67,2.29,1.68,2.31,1.73,2.23,1.64,2024_12_austin_atx_open,2024_12_austin_atx_open_2024-03-01_R16_schmiedlova_a_vickery_s
tennis_data_uk,wta,2024,12,ATX Open,Austin,2024-03-01,wta_250,True,hard,QF,8,3,Kalinina A.,Parry D.,35,62,1470.0,1073.0,2,1,1,6,6,4,6,2,,,,,completed,1.62,2.3,1.69,2.3,1.69,2.78,1.61,2.29,2024_12_austin_atx_open,2024_12_austin_atx_open_2024-03-01_QF_kalinina_a_parry_d
tennis_data_uk,wta,2024,12,ATX Open,Austin,2024-03-01,wta_250,True,hard,QF,8,3,Wang Xiy.,Collins D.,64,48,1054.0,1236.0,1,0,6,2,,,,,,,,,retired,2.75,1.44,2.72,1.52,2.78,1.57,2.65,1.47,2024_12_austin_atx_open,2024_12_austin_atx_open_2024-03-01_QF_wang_xiy_collins_d
tennis_data_uk,wta,2024,12,ATX Open,Austin,2024-03-02,wta_250,True,hard,QF,8,3,Schmiedlova A.,Sevastova A.,76,485,925.0,112.0,0,1,4,6,1,2,,,,,,,retired,3.2,1.36,3.34,1.38,3.34,1.41,3.07,1.36,2024_12_austin_atx_open,2024_12_austin_atx_open_2024-03-02_QF_schmiedlova_a_sevastova_a
tennis_data_uk,wta,2024,12,ATX Open,Austin,2024-03-02,wta_250,True,hard,QF,8,3,Yuan Y.,Wang Y.,68,69,1006.0,993.0,2,0,6,3,7,5,,,,,,,completed,2.0,1.8,2.06,1.85,2.06,1.85,2.01,1.78,2024_12_austin_atx_open,2024_12_austin_atx_open_2024-03-02_QF_yuan_y_wang_y
tennis_data_uk,wta,2024,12,ATX Open,Austin,2024-03-02,wta_250,True,hard,SF,4,3,Wang Xiy.,Kalinina A.,64,35,1054.0,1470.0,2,0,6,3,7,6,,,,,,,completed,1.67,2.2,1.72,2.26,1.8,2.26,1.72,2.12,2024_12_austin_atx_open,2024_12_austin_atx_open_2024-03-02_SF_wang_xiy_kalinina_a
tennis_data_uk,wta,2024,12,ATX Open,Austin,2024-03-03,wta_250,True,hard,SF,4,3,Yuan Y.,Schmiedlova A.,68,76,1006.0,925.0,2,0,6,0,6,3,,,,,,,completed,1.44,2.75,1.4,3.22,1.46,3.22,1.39,2.92,2024_12_austin_atx_open,2024_12_austin_atx_open_2024-03-03_SF_yuan_y_schmiedlova_a
tennis_data_uk,wta,2024,12,ATX Open,Austin,2024-03-03,wta_250,True,hard,F,2,3,Yuan Y.,Wang Xiy.,68,64,1006.0,1054.0,2,0,6,4,7,6,,,,,,,completed,2.63,1.5,2.69,1.53,2.75,1.55,2.64,1.48,2024_12_austin_atx_open,2024_12_austin_atx_open_2024-03-03_F_yuan_y_wang_xiy
tennis_data_uk,wta,2024,13,San Diego Open,San Diego,2024-02-26,wta_500,True,hard,R32,32,3,Boulter K.,Tsurenko L.,49,36,1218.0,1464.0,2,0,6,3,6,1,,,,,,,completed,1.8,2.0,1.85,2.03,1.95,2.1,1.81,1.98,2024_13_san_diego_san_diego_open,2024_13_san_diego_san_diego_open_2024-02-26_R32_boulter_k_tsurenko_l
tennis_data_uk,wta,2024,13,San Diego Open,San Diego,2024-02-26,wta_500,True,hard,R32,32,3,Niemeier J.,Gracheva V.,126,55,590.0,1186.0,2,0,6,3,6,0,,,,,,,completed,1.67,2.2,1.68,2.29,1.73,2.3,1.65,2.2,2024_13_san_diego_san_diego_open,2024_13_san_diego_san_diego_open_2024-02-26_R32_niemeier_j_gracheva_v
tennis_data_uk,wta,2024,13,San Diego Open,San Diego,2024-02-27,wta_500,True,hard,R32,32,3,Saville D.,Zhu L.,148,58,519.0,1152.0,2,0,6,3,6,3,,,,,,,completed,2.0,1.8,2.03,1.85,2.1,2.02,1.94,1.85,2024_13_san_diego_san_diego_open,2024_13_san_diego_san_diego_open_2024-02-27_R32_saville_d_zhu_l
tennis_data_uk,wta,2024,13,San Diego Open,San Diego,2024-02-27,wta_500,True,hard,R32,32,3,Stakusic M.,Melnikova M.,283,440,261.0,131.0,2,1,6,4,5,7,6,1,,,,,completed,1.25,4.0,1.23,4.53,1.25,4.53,1.22,4.14,2024_13_san_diego_san_diego_open,2024_13_san_diego_san_diego_open_2024-02-27_R32_stakusic_m_melnikova_m
tennis_data_uk,wta,2024,13,San Diego Open,San Diego,2024-02-27,wta_500,True,hard,R32,32,3,Wang Xin.,Tauson C.,41,92,1316.0,781.0,2,1,6,2,2,6,6,1,,,,,completed,2.1,1.73,2.25,1.69,2.25,1.78,2.14,1.69,2024_13_san_diego_san_diego_open,2024_13_san_diego_san_diego_open_2024-02-27_R32_wang_xin_tauson_c
tennis_data_uk,wta,2024,13,San Diego Open,San Diego,2024-02-27,wta_500,True,hard,R32,32,3,Kostyuk M.,Li A.,34,167,1521.0,452.0,2,1,6,4,4,6,6,2,,,,,completed,1.2,4.5,1.2,4.95,1.26,4.95,1.2,4.44,2024_13_san_diego_san_diego_open,2024_13_san_diego_san_diego_open_2024-02-27_R32_kostyuk_m_li_a
tennis_data_uk,wta,2024,13,San Diego Open,San Diego,2024-02-27,wta_500,True,hard,R32,32,3,Yastremska D.,Dolehide C.,33,45,1532.0,1263.0,2,1,6,4,5,7,6,1,,,,,completed,1.5,2.63,1.58,2.53,1.58,2.63,1.52,2.48,2024_13_san_diego_san_diego_open,2024_13_san_diego_san_diego_open_2024-02-27_R32_yastremska_d_dolehide_c
tennis_data_uk,wta,2024,13,San Diego Open,San Diego,2024-02-27,wta_500,True,hard,R32,32,3,Siniakova K.,Hontama M.,43,119,1293.0,627.0,2,0,6,3,6,1,,,,,,,completed,1.29,3.75,1.28,3.97,1.29,4.0,1.26,3.8,2024_13_san_diego_san_diego_open,2024_13_san_diego_san_diego_open_2024-02-27_R32_siniakova_k_hontama_m
tennis_data_uk,wta,2024,13,San Diego Open,San Diego,2024-02-27,wta_500,True,hard,R32,32,3,Maria T.,Fernandez L.A.,47,32,1240.0,1545.0,0,1,6,7,4,0,,,,,,,retired,4.5,1.2,4.79,1.21,4.81,1.22,4.44,1.2,2024_13_san_diego_san_diego_open,2024_13_san_diego_san_diego_open_2024-02-27_R32_maria_t_fernandez_l_a
tennis_data_uk,wta,2024,13,San Diego Open,San Diego,2024-02-27,wta_500,True,hard,R32,32,3,Preston T.,Frech M.,153,42,489.0,1315.0,2,1,6,4,4,6,6,1,,,,,completed,3.75,1.29,3.72,1.31,3.75,1.34,3.46,1.3,2024_13_san_diego_san_diego_open,2024_13_san_diego_san_diego_open_2024-02-27_R32_preston_t_frech_m
tennis_data_uk,wta,2024,13,San Diego Open,San Diego,2024-02-28,wta_500,True,hard,R32,32,3,Vekic D.,Hui K.,28,872,1690.0,27.0,2,0,7,5,6,2,,,,,,,completed,1.03,15.0,1.05,14.23,1.05,16.43,1.03,13.44,2024_13_san_diego_san_diego_open,2024_13_san_diego_san_diego_open_2024-02-28_R32_vekic_d_hui_k
tennis_data_uk,wta,2024,13,San Diego Open,San Diego,2024-02-28,wta_500,True,hard,R32,32,3,Blinkova A.,Wozniacki C.,51,206,1192.0,372.0,2,1,1,6,6,4,6,1,,,,,completed,2.3,1.62,2.36,1.64,2.36,1.67,2.27,1.62,2024_13_san_diego_san_diego_open,2024_13_san_diego_san_diego_open_2024-02-28_R32_blinkova_a_wozniacki_c
tennis_data_uk,wta,2024,13,San Diego Open,San Diego,2024-02-28,wta_500,True,hard,R16,16,3,Kostyuk M.,Preston T.,34,153,1521.0,489.0,2,0,6,4,6,3,,,,,,,completed,1.3,3.5,1.32,3.67,1.33,3.67,1.3,3.4,2024_13_san_diego_san_diego_open,2024_13_san_diego_san_diego_open_2024-02-28_R16_kostyuk_m_preston_t
tennis_data_uk,wta,2024,13,San Diego Open,San Diego,2024-02-28,wta_500,True,hard,R16,16,3,Saville D.,Maria T.,148,47,519.0,1240.0,2,1,5,7,7,6,6,2,,,,,completed,1.57,2.38,1.67,2.33,1.67,2.5,1.59,2.33,2024_13_san_diego_san_diego_open,2024_13_san_diego_san_diego_open_2024-02-28_R16_saville_d_maria_t
tennis_data_uk,wta,2024,13,San Diego Open,San Diego,2024-02-29,wta_500,True,hard,R16,16,3,Boulter K.,Haddad Maia B.,49,13,1218.0,2870.0,2,1,3,6,6,3,6,4,,,,,completed,2.3,1.62,2.23,1.72,2.32,1.73,2.18,1.67,2024_13_san_diego_san_diego_open,2024_13_san_diego_san_diego_open_2024-02-29_R16_boulter_k_haddad_maia_b
tennis_data_uk,wta,2024,13,San Diego Open,San Diego,2024-02-29,wta_500,True,hard,R16,16,3,Pegula J.,Niemeier J.,5,126,5050.0,590.0,2,0,6,0,6,4,,,,,,,completed,1.14,5.5,1.18,5.57,1.19,5.95,1.15,5.26,2024_13_san_diego_san_diego_open,2024_13_san_diego_san_diego_open_2024-02-29_R16_pegula_j_niemeier_j
tennis_data_uk,wta,2024,13,San Diego Open,San Diego,2024-02-29,wta_500,True,hard,R16,16,3,Blinkova A.,Yastremska D.,51,33,1192.0,1532.0,2,0,7,6,6,2,,,,,,,completed,2.2,1.67,2.27,1.7,2.27,1.74,2.16,1.68,2024_13_san_diego_san_diego_open,2024_13_san_diego_san_diego_open_2024-02-29_R16_blinkova_a_yastremska_d
tennis_data_uk,wta,2024,13,San Diego Open,San Diego,2024-02-29,wta_500,True,hard,R16,16,3,Vekic D.,Stakusic M.,28,283,1690.0,261.0,2,1,6,4,3,6,6,3,,,,,completed,1.36,3.2,1.39,3.24,1.39,3.3,1.35,3.15,2024_13_san_diego_san_diego_open,2024_13_san_diego_san_diego_open_2024-02-29_R16_vekic_d_stakusic_m
tennis_data_uk,wta,2024,13,San Diego Open,San Diego,2024-03-01,wta_500,True,hard,R16,16,3,Navarro E.,Siniakova K.,26,43,1868.0,1293.0,2,1,6,3,3,6,6,1,,,,,completed,1.73,2.1,1.78,2.15,1.78,2.31,1.7,2.14,2024_13_san_diego_san_diego_open,2024_13_san_diego_san_diego_open_2024-03-01_R16_navarro_e_siniakova_k
tennis_data_uk,wta,2024,13,San Diego Open,San Diego,2024-03-01,wta_500,True,hard,R16,16,3,Pavlyuchenkova A.,Wang Xin.,25,41,1874.0,1316.0,2,1,4,6,7,6,6,2,,,,,completed,1.4,3.0,1.43,3.02,1.45,3.02,1.4,2.88,2024_13_san_diego_san_diego_open,2024_13_san_diego_san_diego_open_2024-03-01_R16_pavlyuchenkova_a_wang_xin
tennis_data_uk,wta,2024,13,San Diego Open,San Diego,2024-03-01,wta_500,True,hard,QF,8,3,Boulter K.,Vekic D.,49,28,1218.0,1690.0,2,0,6,4,6,3,,,,,,,completed,2.0,1.8,2.01,1.89,2.02,1.92,1.95,1.84,2024_13_san_diego_san_diego_open,2024_13_san_diego_san_diego_open_2024-03-01_QF_boulter_k_vekic_d
tennis_data_uk,wta,2024,13,San Diego Open,San Diego,2024-03-01,wta_500,True,hard,QF,8,3,Navarro E.,Saville D.,26,148,1868.0,519.0,2,0,6,4,6,2,,,,,,,completed,1.36,3.2,1.35,3.52,1.4,3.52,1.35,3.13,2024_13_san_diego_san_diego_open,2024_13_san_diego_san_diego_open_2024-03-01_QF_navarro_e_saville_d
tennis_data_uk,wta,2024,13,San Diego Open,San Diego,2024-03-02,wta_500,True,hard,QF,8,3,Pegula J.,Blinkova A.,5,51,5050.0,1192.0,2,1,6,1,2,6,6,2,,,,,completed,1.14,5.5,1.26,4.31,1.26,5.55,1.2,4.58,2024_13_san_diego_san_diego_open,2024_13_san_diego_san_diego_open_2024-03-02_QF_pegula_j_blinkova_a
tennis_data_uk,wta,2024,13,San Diego Open,San Diego,2024-03-02,wta_500,True,hard,QF,8,3,Kostyuk M.,Pavlyuchenkova A.,34,25,1521.0,1874.0,2,1,3,6,6,4,6,3,,,,,completed,2.3,1.62,2.39,1.65,2.39,1.67,2.26,1.63,2024_13_san_diego_san_diego_open,2024_13_san_diego_san_diego_open_2024-03-02_QF_kostyuk_m_pavlyuchenkova_a
tennis_data_uk,wta,2024,13,San Diego Open,San Diego,2024-03-02,wta_500,True,hard,SF,4,3,Boulter K.,Navarro E.,49,26,1218.0,1868.0,2,0,6,3,6,1,,,,,,,completed,2.5,1.53,2.72,1.52,2.75,1.54,2.53,1.51,2024_13_san_diego_san_diego_open,2024_13_san_diego_san_diego_open_2024-03-02_SF_boulter_k_navarro_e
tennis_data_uk,wta,2024,13,San Diego Open,San Diego,2024-03-03,wta_500,True,hard,SF,4,3,Kostyuk M.,Pegula J.,34,5,1521.0,5050.0,2,0,7,6,6,1,,,,,,,completed,3.2,1.36,3.09,1.43,3.2,1.43,3.01,1.38,2024_13_san_diego_san_diego_open,2024_13_san_diego_san_diego_open_2024-03-03_SF_kostyuk_m_pegula_j
tennis_data_uk,wta,2024,13,San Diego Open,San Diego,2024-03-03,wta_500,True,hard,F,2,3,Boulter K.,Kostyuk M.,49,34,1218.0,1521.0,2,1,5,7,6,2,6,2,,,,,completed,2.0,1.8,2.07,1.85,2.1,1.85,2.01,1.79,2024_13_san_diego_san_diego_open,2024_13_san_diego_san_diego_open_2024-03-03_F_boulter_k_kostyuk_m
tennis_data_uk,wta,2024,14,BNP Paribas Open,Indian Wells,2024-03-06,wta_1000,True,hard,R128,128,3,Maria T.,Rus A.,46,48,1270.0,1244.0,2,0,7,6,6,2,,,,,,,completed,2.0,1.8,2.05,1.85,2.1,1.93,1.99,1.82,2024_14_indian_wells_bnp_paribas_open,2024_14_indian_wells_bnp_paribas_open_2024-03-06_R128_maria_t_rus_a
tennis_data_uk,wta,2024,14,BNP Paribas Open,Indian Wells,2024-03-06,wta_1000,True,hard,R128,128,3,Bouzkova M.,Sorribes Tormo S.,40,50,1379.0,1209.0,2,0,6,1,6,1,,,,,,,completed,1.44,2.75,1.49,2.8,1.51,2.8,1.48,2.68,2024_14_indian_wells_bnp_paribas_open,2024_14_indian_wells_bnp_paribas_open_2024-03-06_R128_bouzkova_m_sorribes_tormo_s
tennis_data_uk,wta,2024,14,BNP Paribas Open,Indian Wells,2024-03-06,wta_1000,True,hard,R128,128,3,Kerber A.,Martic P.,607,58,71.0,1143.0,2,0,6,3,6,4,,,,,,,completed,2.75,1.44,2.78,1.5,2.81,1.5,2.69,1.48,2024_14_indian_wells_bnp_paribas_open,2024_14_indian_wells_bnp_paribas_open_2024-03-06_R128_kerber_a_martic_p
tennis_data_uk,wta,2024,14,BNP Paribas Open,Indian Wells,2024-03-06,wta_1000,True,hard,R128,128,3,Sramkova R.,Wang Y.,127,66,593.0,1038.0,2,0,6,4,6,0,,,,,,,completed,2.75,1.44,2.69,1.52,2.85,1.52,2.69,1.47,2024_14_indian_wells_bnp_paribas_open,2024_14_indian_wells_bnp_paribas_open_2024-03-06_R128_sramkova_r_wang_y
tennis_data_uk,wta,2024,14,BNP Paribas Open,Indian Wells,2024-03-06,wta_1000,True,hard,R128,128,3,Hontama M.,Zhang S.,120,713,639.0,49.0,2,1,5,7,6,2,6,0,,,,,completed,1.36,3.2,1.34,3.5,1.38,3.53,1.33,3.34,2024_14_indian_wells_bnp_paribas_open,2024_14_indian_wells_bnp_paribas_open_2024-03-06_R128_hontama_m_zhang_s
tennis_data_uk,wta,2024,14,BNP Paribas Open,Indian Wells,2024-03-06,wta_1000,True,hard,R128,128,3,Volynets K.,Andreeva M.,131,38,582.0,1418.0,2,0,7,5,7,5,,,,,,,completed,3.5,1.3,3.71,1.32,3.71,1.34,3.43,1.31,2024_14_indian_wells_bnp_paribas_open,2024_14_indian_wells_bnp_paribas_open_2024-03-06_R128_volynets_k_andreeva_m
tennis_data_uk,wta,2024,14,BNP Paribas Open,Indian Wells,2024-03-06,wta_1000,True,hard,R128,128,3,Giorgi C.,Boulter K.,106,27,691.0,1700.0,2,0,6,3,6,2,,,,,,,completed,3.2,1.36,3.35,1.37,3.37,1.38,3.17,1.36,2024_14_indian_wells_bnp_paribas_open,2024_14_indian_wells_bnp_paribas_open_2024-03-06_R128_giorgi_c_boulter_k
tennis_data_uk,wta,2024,14,BNP Paribas Open,Indian Wells,2024-03-06,wta_1000,True,hard,R128,128,3,Pera B.,Saville D.,78,116,906.0,652.0,2,1,7,5,4,6,7,6,,,,,completed,2.0,1.8,1.97,1.92,2.02,1.92,1.99,1.82,2024_14_indian_wells_bnp_paribas_open,2024_14_indian_wells_bnp_paribas_open_2024-03-06_R128_pera_b_saville_d
tennis_data_uk,wta,2024,14,BNP Paribas Open,Indian Wells,2024-03-06,wta_1000,True,hard,R128,128,3,Putintseva Y.,Korpatsch T.,79,76,898.0,918.0,2,0,6,2,6,3,,,,,,,completed,,,,,,,,,2024_14_indian_wells_bnp_paribas_open,2024_14_indian_wells_bnp_paribas_open_2024-03-06_R128_putintseva_y_korpatsch_t
tennis_data_uk,wta,2024,14,BNP Paribas Open,Indian Wells,2024-03-07,wta_1000,True,hard,R128,128,3,Burel C.,Wang Xiy.,47,52,1253.0,1199.0,2,1,4,6,6,2,6,4,,,,,completed,2.2,1.67,2.23,1.71,2.25,1.71,2.19,1.68,2024_14_indian_wells_bnp_paribas_open,2024_14_indian_wells_bnp_paribas_open_2024-03-07_R128_burel_c_wang_xiy
tennis_data_uk,wta,2024,14,BNP Paribas Open,Indian Wells,2024-03-07,wta_1000,True,hard,R128,128,3,Bronzetti L.,Frech M.,53,43,1192.0,1315.0,2,0,6,2,6,4,,,,,,,completed,2.5,1.53,2.6,1.55,2.61,1.58,2.49,1.54,2024_14_indian_wells_bnp_paribas_open,2024_14_indian_wells_bnp_paribas_open_2024-03-07_R128_bronzetti_l_frech_m
tennis_data_uk,wta,2024,14,BNP Paribas Open,Indian Wells,2024-03-07,wta_1000,True,hard,R128,128,3,Siniakova K.,Minnen G.,41,81,1352.0,879.0,2,0,7,5,7,6,,,,,,,completed,1.33,3.4,1.31,3.78,1.34,3.78,1.31,3.51,2024_14_indian_wells_bnp_paribas_open,2024_14_indian_wells_bnp_paribas_open_2024-03-07_R128_siniakova_k_minnen_g
tennis_data_uk,wta,2024,14,BNP Paribas Open,Indian Wells,2024-03-07,wta_1000,True,hard,R128,128,3,Raducanu E.,Masarova R.,250,96,301.0,757.0,2,0,6,2,6,3,,,,,,,completed,1.57,2.38,1.58,2.53,1.59,2.57,1.54,2.47,2024_14_indian_wells_bnp_paribas_open,2024_14_indian_wells_bnp_paribas_open_2024-03-07_R128_raducanu_e_masarova_r
tennis_data_uk,wta,2024,14,BNP Paribas Open,Indian Wells,2024-03-07,wta_1000,True,hard,R128,128,3,Podoroska N.,Krueger A.,84,71,852.0,983.0,2,1,3,6,6,3,6,3,,,,,completed,3.4,1.33,3.68,1.32,3.68,1.35,3.45,1.31,2024_14_indian_wells_bnp_paribas_open,2024_14_indian_wells_bnp_paribas_open_2024-03-07_R128_podoroska_n_krueger_a
tennis_data_uk,wta,2024,14,BNP Paribas Open,Indian Wells,2024-03-07,wta_1000,True,hard,R128,128,3,Collins D.,Andreeva E.,56,98,1180.0,739.0,2,0,7,6,7,6,,,,,,,completed,1.36,3.2,1.44,2.98,1.45,3.2,1.4,3.02,2024_14_indian_wells_bnp_paribas_open,2024_14_indian_wells_bnp_paribas_open_2024-03-07_R128_collins_d_andreeva_e
tennis_data_uk,wta,2024,14,BNP Paribas Open,Indian Wells,2024-03-07,wta_1000,True,hard,R128,128,3,Parrizas Diaz N.,Kessler M.,134,123,559.0,618.0,2,0,6,3,7,6,,,,,,,completed,2.5,1.53,2.5,1.59,2.6,1.59,2.44,1.56,2024_14_indian_wells_bnp_paribas_open,2024_14_indian_wells_bnp_paribas_open_2024-03-07_R128_parrizas_diaz_n_kessler_m
tennis_data_uk,wta,2024,14,BNP Paribas Open,Indian Wells,2024-03-07,wta_1000,True,hard,R128,128,3,Wozniacki C.,Zhu L.,204,62,373.0,1072.0,2,0,7,6,6,1,,,,,,,completed,1.67,2.2,1.69,2.29,1.73,2.29,1.68,2.2,2024_14_indian_wells_bnp_paribas_open,2024_14_indian_wells_bnp_paribas_open_2024-03-07_R128_wozniacki_c_zhu_l
tennis_data_uk,wta,2024,14,BNP Paribas Open,Indian Wells,2024-03-07,wta_1000,True,hard,R128,128,3,Hibino N.,Williams V.,80,487,888.0,112.0,2,1,2,6,6,3,6,0,,,,,completed,1.29,3.75,1.31,3.78,1.31,4.0,1.28,3.71,2024_14_indian_wells_bnp_paribas_open,2024_14_indian_wells_bnp_paribas_open_2024-03-07_R128_hibino_n_williams_v
tennis_data_uk,wta,2024,14,BNP Paribas Open,Indian Wells,2024-03-07,wta_1000,True,hard,R128,128,3,Baptiste H.,Montgomery R.,105,199,692.0,387.0,2,1,6,2,4,6,6,1,,,,,completed,1.73,2.1,1.83,2.08,1.83,2.1,1.77,2.06,2024_14_indian_wells_bnp_paribas_open,2024_14_indian_wells_bnp_paribas_open_2024-03-07_R128_baptiste_h_montgomery_r
tennis_data_uk,wta,2024,14,BNP Paribas Open,Indian Wells,2024-03-07,wta_1000,True,hard,R128,128,3,Blinkova A.,Pliskova Ka.,45,39,1270.0,1392.0,2,1,6,1,2,6,6,4,,,,,completed,3.0,1.4,3.07,1.42,3.07,1.44,2.92,1.41,2024_14_indian_wells_bnp_paribas_open,2024_14_indian_wells_bnp_paribas_open_2024-03-07_R128_blinkova_a_pliskova_ka
tennis_data_uk,wta,2024,14,BNP Paribas Open,Indian Wells,2024-03-07,wta_1000,True,hard,R128,128,3,Townsend T.,Linette M.,77,54,911.0,1190.0,2,1,3,6,7,6,6,1,,,,,completed,1.73,2.1,1.72,2.24,1.76,2.25,1.7,2.17,2024_14_indian_wells_bnp_paribas_open,2024_14_indian_wells_bnp_paribas_open_2024-03-07_R128_townsend_t_linette_m
tennis_data_uk,wta,2024,14,BNP Paribas Open,Indian Wells,2024-03-07,wta_1000,True,hard,R128,128,3,Osaka N.,Errani S.,287,100,258.0,727.0,2,0,6,3,6,1,,,,,,,completed,1.17,5.0,1.22,4.84,1.22,5.0,1.2,4.55,2024_14_indian_wells_bnp_paribas_open,2024_14_indian_wells_bnp_paribas_open_2024-03-07_R128_osaka_n_errani_s
tennis_data_uk,wta,2024,14,BNP Paribas Open,Indian Wells,2024-03-08,wta_1000,True,hard,R128,128,3,Parry D.,Trevisan M.,61,59,1098.0,1125.0,2,0,7,5,6,3,,,,,,,completed,1.57,2.38,1.61,2.44,1.62,2.45,1.59,2.36,2024_14_indian_wells_bnp_paribas_open,2024_14_indian_wells_bnp_paribas_open_2024-03-08_R128_parry_d_trevisan_m
tennis_data_uk,wta,2024,14,BNP Paribas Open,Indian Wells,2024-03-08,wta_1000,True,hard,R128,128,3,Wang Xin.,Schmiedlova A.,42,69,1346.0,993.0,2,0,6,0,6,4,,,,,,,completed,1.25,4.0,1.3,3.82,1.3,4.01,1.27,3.79,2024_14_indian_wells_bnp_paribas_open,2024_14_indian_wells_bnp_paribas_open_2024-03-08_R128_wang_xin_schmiedlova_a
tennis_data_uk,wta,2024,14,BNP Paribas Open,Indian Wells,2024-03-08,wta_1000,True,hard,R128,128,3,Dodin O.,Avanesyan E.,85,63,850.0,1050.0,2,1,1,6,6,3,7,6,,,,,completed,2.0,1.8,2.0,1.89,2.06,1.89,1.99,1.82,2024_14_indian_wells_bnp_paribas_open,2024_14_indian_wells_bnp_paribas_open_2024-03-08_R128_dodin_o_avanesyan_e
tennis_data_uk,wta,2024,14,BNP Paribas Open,Indian Wells,2024-03-08,wta_1000,True,hard,R128,128,3,Tsurenko L.,Hovde L.,37,286,1447.0,259.0,2,0,6,3,6,1,,,,,,,completed,1.44,2.75,1.44,3.0,1.53,3.0,1.43,2.82,2024_14_indian_wells_bnp_paribas_open,2024_14_indian_wells_bnp_paribas_open_2024-03-08_R128_tsurenko_l_hovde_l
tennis_data_uk,wta,2024,14,BNP Paribas Open,Indian Wells,2024-03-08,wta_1000,True,hard,R128,128,3,Dolehide C.,Bucsa C.,51,67,1200.0,1020.0,2,0,6,2,6,0,,,,,,,completed,2.2,1.67,2.2,1.74,2.25,1.74,2.17,1.69,2024_14_indian_wells_bnp_paribas_open,2024_14_indian_wells_bnp_paribas_open_2024-03-08_R128_dolehide_c_bucsa_c
tennis_data_uk,wta,2024,14,BNP Paribas Open,Indian Wells,2024-03-08,wta_1000,True,hard,R128,128,3,Stephens S.,Sherif M.,44,70,1297.0,983.0,2,0,7,5,6,3,,,,,,,completed,1.14,5.5,1.17,5.93,1.19,5.93,1.16,5.39,2024_14_indian_wells_bnp_paribas_open,2024_14_indian_wells_bnp_paribas_open_2024-03-08_R128_stephens_s_sherif_m
tennis_data_uk,wta,2024,14,BNP Paribas Open,Indian Wells,2024-03-08,wta_1000,True,hard,R128,128,3,Yuan Y.,Gracheva V.,49,68,1241.0,1016.0,2,0,6,4,6,1,,,,,,,completed,1.29,3.75,1.3,3.81,1.3,4.0,1.29,3.67,2024_14_indian_wells_bnp_paribas_open,2024_14_indian_wells_bnp_paribas_open_2024-03-08_R128_yuan_y_gracheva_v
tennis_data_uk,wta,2024,14,BNP Paribas Open,Indian Wells,2024-03-08,wta_1000,True,hard,R128,128,3,Stearns P.,Cocciaretto E.,64,60,1046.0,1114.0,2,0,6,3,6,2,,,,,,,completed,2.2,1.67,2.29,1.69,2.25,1.69,2.22,1.63,2024_14_indian_wells_bnp_paribas_open,2024_14_indian_wells_bnp_paribas_open_2024-03-08_R128_stearns_p_cocciaretto_e
tennis_data_uk,wta,2024,14,BNP Paribas Open,Indian Wells,2024-03-08,wta_1000,True,hard,R128,128,3,Shnaider D.,Bogdan A.,74,65,963.0,1044.0,2,1,5,7,7,6,6,3,,,,,completed,1.67,2.2,1.65,2.38,1.72,2.38,1.65,2.25,2024_14_indian_wells_bnp_paribas_open,2024_14_indian_wells_bnp_paribas_open_2024-03-08_R128_shnaider_d_bogdan_a
tennis_data_uk,wta,2024,14,BNP Paribas Open,Indian Wells,2024-03-08,wta_1000,True,hard,R128,128,3,Tomova V.,Kenin S.,75,55,949.0,1189.0,2,0,6,4,7,6,,,,,,,completed,2.2,1.67,2.41,1.63,2.41,1.67,2.3,1.62,2024_14_indian_wells_bnp_paribas_open,2024_14_indian_wells_bnp_paribas_open_2024-03-08_R128_tomova_v_kenin_s
tennis_data_uk,wta,2024,14,BNP Paribas Open,Indian Wells,2024-03-08,wta_1000,True,hard,R64,64,3,Pavlyuchenkova A.,Parrizas Diaz N.,24,134,1981.0,559.0,2,0,6,3,6,1,,,,,,,completed,1.25,4.0,1.21,4.97,1.25,4.97,1.21,4.5,2024_14_indian_wells_bnp_paribas_open,2024_14_indian_wells_bnp_paribas_open_2024-03-08_R64_pavlyuchenkova_a_parrizas_diaz_n
tennis_data_uk,wta,2024,14,BNP Paribas Open,Indian Wells,2024-03-08,wta_1000,True,hard,R64,64,3,Kerber A.,Ostapenko J.,607,10,71.0,3548.0,2,1,5,7,6,3,6,3,,,,,completed,3.75,1.29,4.19,1.27,4.25,1.29,3.9,1.26,2024_14_indian_wells_bnp_paribas_open,2024_14_indian_wells_bnp_paribas_open_2024-03-08_R64_kerber_a_ostapenko_j
tennis_data_uk,wta,2024,14,BNP Paribas Open,Indian Wells,2024-03-08,wta_1000,True,hard,R64,64,3,Putintseva Y.,Alexandrova E.,79,16,898.0,2475.0,2,0,7,5,6,1,,,,,,,completed,2.75,1.44,2.67,1.53,2.8,1.56,2.67,1.48,2024_14_indian_wells_bnp_paribas_open,2024_14_indian_wells_bnp_paribas_open_2024-03-08_R64_putintseva_y_alexandrova_e
tennis_data_uk,wta,2024,14,BNP Paribas Open,Indian Wells,2024-03-08,wta_1000,True,hard,R64,64,3,Vondrousova M.,Pera B.,7,78,4070.0,906.0,2,0,6,0,6,2,,,,,,,completed,1.3,3.5,1.38,3.26,1.44,3.65,1.35,3.23,2024_14_indian_wells_bnp_paribas_open,2024_14_indian_wells_bnp_paribas_open_2024-03-08_R64_vondrousova_m_pera_b
tennis_data_uk,wta,2024,14,BNP Paribas Open,Indian Wells,2024-03-08,wta_1000,True,hard,R64,64,3,Swiatek I.,Collins D.,1,56,10105.0,1180.0,2,0,6,3,6,0,,,,,,,completed,1.1,7.0,1.11,8.09,1.14,8.3,1.1,6.97,2024_14_indian_wells_bnp_paribas_open,2024_14_indian_wells_bnp_paribas_open_2024-03-08_R64_swiatek_i_collins_d
tennis_data_uk,wta,2024,14,BNP Paribas Open,Indian Wells,2024-03-08,wta_1000,True,hard,R64,64,3,Kudermetova V.,Hibino N.,19,80,2305.0,888.0,2,0,6,1,7,5,,,,,,,completed,1.33,3.4,1.34,3.51,1.35,3.52,1.32,3.39,2024_14_indian_wells_bnp_paribas_open,2024_14_indian_wells_bnp_paribas_open_2024-03-08_R64_kudermetova_v_hibino_n
tennis_data_uk,wta,2024,14,BNP Paribas Open,Indian Wells,2024-03-08,wta_1000,True,hard,R64,64,3,Wozniacki C.,Vekic D.,204,36,373.0,1518.0,2,0,7,6,6,3,,,,,,,completed,2.0,1.8,1.92,1.97,2.02,1.97,1.96,1.86,2024_14_indian_wells_bnp_paribas_open,2024_14_indian_wells_bnp_paribas_open_2024-03-08_R64_wozniacki_c_vekic_d
tennis_data_uk,wta,2024,14,BNP Paribas Open,Indian Wells,2024-03-08,wta_1000,True,hard,R64,64,3,Kostyuk M.,Hontama M.,32,120,1566.0,639.0,2,0,6,4,6,2,,,,,,,completed,1.17,5.0,1.23,4.68,1.23,5.05,1.2,4.64,2024_14_indian_wells_bnp_paribas_open,2024_14_indian_wells_bnp_paribas_open_2024-03-08_R64_kostyuk_m_hontama_m
tennis_data_uk,wta,2024,14,BNP Paribas Open,Indian Wells,2024-03-09,wta_1000,True,hard,R64,64,3,Paolini J.,Maria T.,14,46,2700.0,1270.0,2,0,6,3,6,3,,,,,,,completed,1.33,3.4,1.37,3.34,1.38,3.4,1.36,3.18,2024_14_indian_wells_bnp_paribas_open,2024_14_indian_wells_bnp_paribas_open_2024-03-09_R64_paolini_j_maria_t
tennis_data_uk,wta,2024,14,BNP Paribas Open,Indian Wells,2024-03-09,wta_1000,True,hard,R64,64,3,Potapova A.,Bouzkova M.,33,40,1557.0,1379.0,2,0,7,5,6,1,,,,,,,completed,2.1,1.73,2.31,1.68,2.33,1.73,2.21,1.67,2024_14_indian_wells_bnp_paribas_open,2024_14_indian_wells_bnp_paribas_open_2024-03-09_R64_potapova_a_bouzkova_m
tennis_data_uk,wta,2024,14,BNP Paribas Open,Indian Wells,2024-03-09,wta_1000,True,hard,R64,64,3,Haddad Maia B.,Sramkova R.,13,127,2870.0,593.0,2,0,7,5,6,2,,,,,,,completed,1.22,4.33,1.21,4.87,1.23,5.0,1.2,4.63,2024_14_indian_wells_bnp_paribas_open,2024_14_indian_wells_bnp_paribas_open_2024-03-09_R64_haddad_maia_b_sramkova_r
tennis_data_uk,wta,2024,14,BNP Paribas Open,Indian Wells,2024-03-09,wta_1000,True,hard,R64,64,3,Volynets K.,Jabeur O.,131,6,582.0,4173.0,2,0,6,4,6,4,,,,,,,completed,2.75,1.44,2.58,1.56,2.75,1.62,2.55,1.52,2024_14_indian_wells_bnp_paribas_open,2024_14_indian_wells_bnp_paribas_open_2024-03-09_R64_volynets_k_jabeur_o
tennis_data_uk,wta,2024,14,BNP Paribas Open,Indian Wells,2024-03-09,wta_1000,True,hard,R64,64,3,Kalinskaya A.,Townsend T.,25,77,1943.0,911.0,2,1,7,5,3,6,6,4,,,,,completed,1.33,3.4,1.38,3.3,1.39,3.5,1.35,3.25,2024_14_indian_wells_bnp_paribas_open,2024_14_indian_wells_bnp_paribas_open_2024-03-09_R64_kalinskaya_a_townsend_t
tennis_data_uk,wta,2024,14,BNP Paribas Open,Indian Wells,2024-03-09,wta_1000,True,hard,R64,64,3,Noskova L.,Giorgi C.,29,106,1613.0,691.0,2,0,6,3,7,5,,,,,,,completed,1.44,2.75,1.54,2.62,1.54,2.78,1.5,2.6,2024_14_indian_wells_bnp_paribas_open,2024_14_indian_wells_bnp_paribas_open_2024-03-09_R64_noskova_l_giorgi_c
tennis_data_uk,wta,2024,14,BNP Paribas Open,Indian Wells,2024-03-09,wta_1000,True,hard,R64,64,3,Podoroska N.,Day K.,84,88,852.0,818.0,2,0,7,6,6,4,,,,,,,completed,1.67,2.2,1.72,2.21,1.83,2.21,1.74,2.11,2024_14_indian_wells_bnp_paribas_open,2024_14_indian_wells_bnp_paribas_open_2024-03-09_R64_podoroska_n_day_k
tennis_data_uk,wta,2024,14,BNP Paribas Open,Indian Wells,2024-03-09,wta_1000,True,hard,R64,64,3,Keys M.,Baptiste H.,20,105,2287.0,692.0,2,1,6,4,4,6,7,6,,,,,completed,1.5,2.63,1.56,2.59,1.68,2.75,1.51,2.56,2024_14_indian_wells_bnp_paribas_open,2024_14_indian_wells_bnp_paribas_open_2024-03-09_R64_keys_m_baptiste_h
tennis_data_uk,wta,2024,14,BNP Paribas Open,Indian Wells,2024-03-09,wta_1000,True,hard,R64,64,3,Kasatkina D.,Dodin O.,12,85,3063.0,850.0,2,0,6,3,7,6,,,,,,,completed,1.25,4.0,1.26,4.21,1.26,4.62,1.23,4.22,2024_14_indian_wells_bnp_paribas_open,2024_14_indian_wells_bnp_paribas_open_2024-03-09_R64_kasatkina_d_dodin_o
tennis_data_uk,wta,2024,14,BNP Paribas Open,Indian Wells,2024-03-09,wta_1000,True,hard,R64,64,3,Bronzetti L.,Kalinina A.,53,35,1192.0,1538.0,2,0,6,3,6,4,,,,,,,completed,2.5,1.53,2.51,1.59,2.51,1.63,2.41,1.57,2024_14_indian_wells_bnp_paribas_open,2024_14_indian_wells_bnp_paribas_open_2024-03-09_R64_bronzetti_l_kalinina_a
tennis_data_uk,wta,2024,14,BNP Paribas Open,Indian Wells,2024-03-09,wta_1000,True,hard,R64,64,3,Gauff C.,Burel C.,3,47,6975.0,1253.0,2,1,2,6,6,3,7,6,,,,,completed,1.13,6.0,1.13,7.2,1.15,7.2,1.12,6.3,2024_14_indian_wells_bnp_paribas_open,2024_14_indian_wells_bnp_paribas_open_2024-03-09_R64_gauff_c_burel_c
tennis_data_uk,wta,2024,14,BNP Paribas Open,Indian Wells,2024-03-09,wta_1000,True,hard,R64,64,3,Parry D.,Fernandez L.A.,61,34,1098.0,1545.0,2,1,7,5,5,7,6,2,,,,,completed,2.75,1.44,2.76,1.5,2.88,1.54,2.73,1.46,2024_14_indian_wells_bnp_paribas_open,2024_14_indian_wells_bnp_paribas_open_2024-03-09_R64_parry_d_fernandez_l_a
tennis_data_uk,wta,2024,14,BNP Paribas Open,Indian Wells,2024-03-09,wta_1000,True,hard,R64,64,3,Raducanu E.,Yastremska D.,250,31,301.0,1577.0,0,0,4,0,,,,,,,,,retired,1.62,2.3,1.61,2.44,1.65,2.48,1.59,2.36,2024_14_indian_wells_bnp_paribas_open,2024_14_indian_wells_bnp_paribas_open_2024-03-09_R64_raducanu_e_yastremska_d
tennis_data_uk,wta,2024,14,BNP Paribas Open,Indian Wells,2024-03-09,wta_1000,True,hard,R64,64,3,Sakkari M.,Shnaider D.,9,74,3565.0,963.0,2,1,5,7,6,4,6,0,,,,,completed,1.5,2.63,1.5,2.74,1.54,2.75,1.49,2.64,2024_14_indian_wells_bnp_paribas_open,2024_14_indian_wells_bnp_paribas_open_2024-03-09_R64_sakkari_m_shnaider_d
tennis_data_uk,wta,2024,14,BNP Paribas Open,Indian Wells,2024-03-09,wta_1000,True,hard,R64,64,3,Mertens E.,Wang Xin.,28,42,1646.0,1346.0,2,0,6,1,6,4,,,,,,,completed,1.8,2.0,1.89,2.0,1.89,2.2,1.81,2.01,2024_14_indian_wells_bnp_paribas_open,2024_14_indian_wells_bnp_paribas_open_2024-03-09_R64_mertens_e_wang_xin
tennis_data_uk,wta,2024,14,BNP Paribas Open,Indian Wells,2024-03-09,wta_1000,True,hard,R64,64,3,Garcia C.,Tomova V.,26,75,1920.0,949.0,2,1,6,1,3,6,6,3,,,,,completed,1.5,2.63,1.52,2.68,1.53,2.75,1.49,2.61,2024_14_indian_wells_bnp_paribas_open,2024_14_indian_wells_bnp_paribas_open_2024-03-09_R64_garcia_c_tomova_v
tennis_data_uk,wta,2024,14,BNP Paribas Open,Indian Wells,2024-03-09,wta_1000,True,hard,R64,64,3,Blinkova A.,Pegula J.,45,5,1270.0,5145.0,2,1,6,2,3,6,6,3,,,,,completed,4.5,1.2,4.47,1.24,5.0,1.27,4.38,1.21,2024_14_indian_wells_bnp_paribas_open,2024_14_indian_wells_bnp_paribas_open_2024-03-09_R64_blinkova_a_pegula_j
tennis_data_uk,wta,2024,14,BNP Paribas Open,Indian Wells,2024-03-09,wta_1000,True,hard,R64,64,3,Stephens S.,Cirstea S.,44,22,1297.0,2223.0,2,0,6,0,7,5,,,,,,,completed,2.0,1.8,2.23,1.72,2.23,1.8,2.12,1.73,2024_14_indian_wells_bnp_paribas_open,2024_14_indian_wells_bnp_paribas_open_2024-03-09_R64_stephens_s_cirstea_s
tennis_data_uk,wta,2024,14,BNP Paribas Open,Indian Wells,2024-03-09,wta_1000,True,hard,R64,64,3,Dolehide C.,Azarenka V.,51,30,1200.0,1591.0,2,1,7,5,2,6,6,3,,,,,completed,4.5,1.2,4.5,1.24,4.5,1.26,4.25,1.22,2024_14_indian_wells_bnp_paribas_open,2024_14_indian_wells_bnp_paribas_open_2024-03-09_R64_dolehide_c_azarenka_v
tennis_data_uk,wta,2024,14,BNP Paribas Open,Indian Wells,2024-03-09,wta_1000,True,hard,R64,64,3,Osaka N.,Samsonova L.,287,15,258.0,2605.0,2,0,7,5,6,3,,,,,,,completed,1.91,1.91,1.91,1.98,1.95,1.98,1.89,1.92,2024_14_indian_wells_bnp_paribas_open,2024_14_indian_wells_bnp_paribas_open_2024-03-09_R64_osaka_n_samsonova_l
tennis_data_uk,wta,2024,14,BNP Paribas Open,Indian Wells,2024-03-10,wta_1000,True,hard,R64,64,3,Svitolina E.,Siniakova K.,17,41,2332.0,1352.0,2,1,6,3,2,6,6,1,,,,,completed,1.44,2.75,1.52,2.71,1.55,2.75,1.49,2.63,2024_14_indian_wells_bnp_paribas_open,2024_14_indian_wells_bnp_paribas_open_2024-03-10_R64_svitolina_e_siniakova_k
tennis_data_uk,wta,2024,14,BNP Paribas Open,Indian Wells,2024-03-10,wta_1000,True,hard,R64,64,3,Sabalenka A.,Stearns P.,2,64,8725.0,1046.0,2,1,6,7,6,2,7,6,,,,,completed,1.08,8.0,1.08,9.46,1.13,10.13,1.08,8.05,2024_14_indian_wells_bnp_paribas_open,2024_14_indian_wells_bnp_paribas_open_2024-03-10_R64_sabalenka_a_stearns_p
tennis_data_uk,wta,2024,14,BNP Paribas Open,Indian Wells,2024-03-10,wta_1000,True,hard,R64,64,3,Navarro E.,Tsurenko L.,23,37,1998.0,1447.0,2,1,4,6,7,5,7,5,,,,,completed,1.5,2.63,1.45,2.95,1.52,2.95,1.45,2.78,2024_14_indian_wells_bnp_paribas_open,2024_14_indian_wells_bnp_paribas_open_2024-03-10_R64_navarro_e_tsurenko_l
tennis_data_uk,wta,2024,14,BNP Paribas Open,Indian Wells,2024-03-10,wta_1000,True,hard,R64,64,3,Yuan Y.,Zheng Q.,49,8,1241.0,4040.0,2,0,6,4,6,3,,,,,,,completed,4.0,1.25,3.99,1.28,4.0,1.35,3.78,1.27,2024_14_indian_wells_bnp_paribas_open,2024_14_indian_wells_bnp_paribas_open_2024-03-10_R64_yuan_y_zheng_q
tennis_data_uk,wta,2024,14,BNP Paribas Open,Indian Wells,2024-03-10,wta_1000,True,hard,R32,32,3,Swiatek I.,Noskova L.,1,29,10105.0,1613.0,2,0,6,4,6,0,,,,,,,completed,1.13,6.0,1.12,7.73,1.14,7.73,1.12,6.36,2024_14_indian_wells_bnp_paribas_open,2024_14_indian_wells_bnp_paribas_open_2024-03-10_R32_swiatek_i_noskova_l
tennis_data_uk,wta,2024,14,BNP Paribas Open,Indian Wells,2024-03-10,wta_1000,True,hard,R32,32,3,Putintseva Y.,Keys M.,79,20,898.0,2287.0,2,0,6,4,6,1,,,,,,,completed,2.1,1.73,2.18,1.77,2.19,1.8,2.12,1.73,2024_14_indian_wells_bnp_paribas_open,2024_14_indian_wells_bnp_paribas_open_2024-03-10_R32_putintseva_y_keys_m
tennis_data_uk,wta,2024,14,BNP Paribas Open,Indian Wells,2024-03-10,wta_1000,True,hard,R32,32,3,Paolini J.,Kalinskaya A.,14,25,2700.0,1943.0,2,1,6,3,3,6,6,4,,,,,completed,2.3,1.62,2.44,1.63,2.45,1.65,2.33,1.61,2024_14_indian_wells_bnp_paribas_open,2024_14_indian_wells_bnp_paribas_open_2024-03-10_R32_paolini_j_kalinskaya_a
tennis_data_uk,wta,2024,14,BNP Paribas Open,Indian Wells,2024-03-10,wta_1000,True,hard,R32,32,3,Potapova A.,Podoroska N.,33,84,1557.0,852.0,2,0,6,1,6,1,,,,,,,completed,1.3,3.5,1.33,3.68,1.33,3.78,1.3,3.53,2024_14_indian_wells_bnp_paribas_open,2024_14_indian_wells_bnp_paribas_open_2024-03-10_R32_potapova_a_podoroska_n
tennis_data_uk,wta,2024,14,BNP Paribas Open,Indian Wells,2024-03-10,wta_1000,True,hard,R32,32,3,Kerber A.,Kudermetova V.,607,19,71.0,2305.0,2,0,6,4,7,5,,,,,,,completed,2.38,1.57,2.4,1.65,2.47,1.65,2.37,1.59,2024_14_indian_wells_bnp_paribas_open,2024_14_indian_wells_bnp_paribas_open_2024-03-10_R32_kerber_a_kudermetova_v
tennis_data_uk,wta,2024,14,BNP Paribas Open,Indian Wells,2024-03-11,wta_1000,True,hard,R32,32,3,Wozniacki C.,Volynets K.,204,131,373.0,582.0,2,1,6,2,4,6,6,0,,,,,completed,1.53,2.5,1.52,2.74,1.6,2.77,1.51,2.59,2024_14_indian_wells_bnp_paribas_open,2024_14_indian_wells_bnp_paribas_open_2024-03-11_R32_wozniacki_c_volynets_k
tennis_data_uk,wta,2024,14,BNP Paribas Open,Indian Wells,2024-03-11,wta_1000,True,hard,R32,32,3,Pavlyuchenkova A.,Haddad Maia B.,24,13,1981.0,2870.0,2,1,2,6,6,4,6,3,,,,,completed,1.57,2.38,1.59,2.53,1.62,2.53,1.57,2.42,2024_14_indian_wells_bnp_paribas_open,2024_14_indian_wells_bnp_paribas_open_2024-03-11_R32_pavlyuchenkova_a_haddad_maia_b
tennis_data_uk,wta,2024,14,BNP Paribas Open,Indian Wells,2024-03-11,wta_1000,True,hard,R32,32,3,Kostyuk M.,Vondrousova M.,32,7,1566.0,4070.0,,,,,,,,,,,,,walkover,2.5,1.53,2.6,1.56,2.75,1.57,2.54,1.52,2024_14_indian_wells_bnp_paribas_open,2024_14_indian_wells_bnp_paribas_open_2024-03-11_R32_kostyuk_m_vondrousova_m
tennis_data_uk,wta,2024,14,BNP Paribas Open,Indian Wells,2024-03-11,wta_1000,True,hard,R32,32,3,Gauff C.,Bronzetti L.,3,53,6975.0,1192.0,2,0,6,2,7,6,,,,,,,completed,1.11,6.5,1.12,7.82,1.13,8.18,1.1,7.08,2024_14_indian_wells_bnp_paribas_open,2024_14_indian_wells_bnp_paribas_open_2024-03-11_R32_gauff_c_bronzetti_l
tennis_data_uk,wta,2024,14,BNP Paribas Open,Indian Wells,2024-03-11,wta_1000,True,hard,R32,32,3,Yuan Y.,Dolehide C.,49,51,1241.0,1200.0,2,1,1,6,6,4,7,6,,,,,completed,1.44,2.75,1.52,2.69,1.54,2.75,1.5,2.6,2024_14_indian_wells_bnp_paribas_open,2024_14_indian_wells_bnp_paribas_open_2024-03-11_R32_yuan_y_dolehide_c
tennis_data_uk,wta,2024,14,BNP Paribas Open,Indian Wells,2024-03-11,wta_1000,True,hard,R32,32,3,Sabalenka A.,Raducanu E.,2,250,8725.0,301.0,2,0,6,3,7,5,,,,,,,completed,1.17,5.0,1.23,4.76,1.23,5.05,1.2,4.6,2024_14_indian_wells_bnp_paribas_open,2024_14_indian_wells_bnp_paribas_open_2024-03-11_R32_sabalenka_a_raducanu_e
tennis_data_uk,wta,2024,14,BNP Paribas Open,Indian Wells,2024-03-11,wta_1000,True,hard,R32,32,3,Kasatkina D.,Stephens S.,12,44,3063.0,1297.0,2,1,2,6,6,4,6,4,,,,,completed,1.73,2.1,1.89,2.02,1.89,2.12,1.8,2.02,2024_14_indian_wells_bnp_paribas_open,2024_14_indian_wells_bnp_paribas_open_2024-03-11_R32_kasatkina_d_stephens_s
tennis_data_uk,wta,2024,14,BNP Paribas Open,Indian Wells,2024-03-11,wta_1000,True,hard,R32,32,3,Mertens E.,Osaka N.,28,287,1646.0,258.0,2,0,7,5,6,4,,,,,,,completed,2.38,1.57,2.28,1.71,2.38,1.71,2.25,1.65,2024_14_indian_wells_bnp_paribas_open,2024_14_indian_wells_bnp_paribas_open_2024-03-11_R32_mertens_e_osaka_n
tennis_data_uk,wta,2024,14,BNP Paribas Open,Indian Wells,2024-03-11,wta_1000,True,hard,R32,32,3,Parry D.,Blinkova A.,61,45,1098.0,1270.0,2,0,6,4,6,3,,,,,,,completed,2.1,1.73,2.09,1.83,2.25,1.83,2.08,1.76,2024_14_indian_wells_bnp_paribas_open,2024_14_indian_wells_bnp_paribas_open_2024-03-11_R32_parry_d_blinkova_a
tennis_data_uk,wta,2024,14,BNP Paribas Open,Indian Wells,2024-03-12,wta_1000,True,hard,R32,32,3,Sakkari M.,Garcia C.,9,26,3565.0,1920.0,2,0,6,3,6,4,,,,,,,completed,1.53,2.5,1.6,2.52,1.6,2.52,1.56,2.44,2024_14_indian_wells_bnp_paribas_open,2024_14_indian_wells_bnp_paribas_open_2024-03-12_R32_sakkari_m_garcia_c
tennis_data_uk,wta,2024,14,BNP Paribas Open,Indian Wells,2024-03-12,wta_1000,True,hard,R32,32,3,Navarro E.,Svitolina E.,23,17,1998.0,2332.0,2,1,6,1,4,6,6,3,,,,,completed,2.2,1.67,2.31,1.68,2.32,1.7,2.24,1.65,2024_14_indian_wells_bnp_paribas_open,2024_14_indian_wells_bnp_paribas_open_2024-03-12_R32_navarro_e_svitolina_e
tennis_data_uk,wta,2024,14,BNP Paribas Open,Indian Wells,2024-03-12,wta_1000,True,hard,R16,16,3,Potapova A.,Paolini J.,33,14,1557.0,2700.0,2,1,7,5,0,6,6,3,,,,,completed,2.2,1.67,2.14,1.79,2.22,1.81,2.13,1.72,2024_14_indian_wells_bnp_paribas_open,2024_14_indian_wells_bnp_paribas_open_2024-03-12_R16_potapova_a_paolini_j
tennis_data_uk,wta,2024,14,BNP Paribas Open,Indian Wells,2024-03-12,wta_1000,True,hard,R16,16,3,Kostyuk M.,Pavlyuchenkova A.,32,24,1566.0,1981.0,2,0,6,4,6,1,,,,,,,completed,2.2,1.67,2.26,1.72,2.36,1.73,2.19,1.69,2024_14_indian_wells_bnp_paribas_open,2024_14_indian_wells_bnp_paribas_open_2024-03-12_R16_kostyuk_m_pavlyuchenkova_a
tennis_data_uk,wta,2024,14,BNP Paribas Open,Indian Wells,2024-03-13,wta_1000,True,hard,R16,16,3,Wozniacki C.,Kerber A.,204,607,373.0,71.0,2,0,6,4,6,2,,,,,,,completed,1.73,2.1,1.76,2.2,1.81,2.21,1.73,2.12,2024_14_indian_wells_bnp_paribas_open,2024_14_indian_wells_bnp_paribas_open_2024-03-13_R16_wozniacki_c_kerber_a
tennis_data_uk,wta,2024,14,BNP Paribas Open,Indian Wells,2024-03-13,wta_1000,True,hard,R16,16,3,Swiatek I.,Putintseva Y.,1,79,10105.0,898.0,2,0,6,1,6,2,,,,,,,completed,1.03,15.0,1.05,16.23,1.05,16.23,1.04,12.45,2024_14_indian_wells_bnp_paribas_open,2024_14_indian_wells_bnp_paribas_open_2024-03-13_R16_swiatek_i_putintseva_y
tennis_data_uk,wta,2024,14,BNP Paribas Open,Indian Wells,2024-03-13,wta_1000,True,hard,R16,16,3,Navarro E.,Sabalenka A.,23,2,1998.0,8725.0,2,1,6,3,3,6,6,2,,,,,completed,4.5,1.2,4.41,1.25,4.54,1.25,4.3,1.22,2024_14_indian_wells_bnp_paribas_open,2024_14_indian_wells_bnp_paribas_open_2024-03-13_R16_navarro_e_sabalenka_a
tennis_data_uk,wta,2024,14,BNP Paribas Open,Indian Wells,2024-03-13,wta_1000,True,hard,R16,16,3,Gauff C.,Mertens E.,3,28,6975.0,1646.0,2,0,6,0,6,2,,,,,,,completed,1.29,3.75,1.34,3.57,1.35,3.92,1.3,3.56,2024_14_indian_wells_bnp_paribas_open,2024_14_indian_wells_bnp_paribas_open_2024-03-13_R16_gauff_c_mertens_e
tennis_data_uk,wta,2024,14,BNP Paribas Open,Indian Wells,2024-03-13,wta_1000,True,hard,R16,16,3,Sakkari M.,Parry D.,9,61,3565.0,1098.0,2,1,6,2,3,6,6,3,,,,,completed,1.4,3.0,1.42,3.1,1.44,3.14,1.4,2.97,2024_14_indian_wells_bnp_paribas_open,2024_14_indian_wells_bnp_paribas_open_2024-03-13_R16_sakkari_m_parry_d
tennis_data_uk,wta,2024,14,BNP Paribas Open,Indian Wells,2024-03-14,wta_1000,True,hard,R16,16,3,Yuan Y.,Kasatkina D.,49,12,1241.0,3063.0,2,1,4,6,6,4,6,3,,,,,completed,2.5,1.53,2.58,1.57,2.62,1.61,2.48,1.54,2024_14_indian_wells_bnp_paribas_open,2024_14_indian_wells_bnp_paribas_open_2024-03-14_R16_yuan_y_kasatkina_d
tennis_data_uk,wta,2024,14,BNP Paribas Open,Indian Wells,2024-03-14,wta_1000,True,hard,QF,8,3,Kostyuk M.,Potapova A.,32,33,1566.0,1557.0,2,0,6,0,7,5,,,,,,,completed,1.67,2.2,1.66,2.34,1.7,2.37,1.66,2.24,2024_14_indian_wells_bnp_paribas_open,2024_14_indian_wells_bnp_paribas_open_2024-03-14_QF_kostyuk_m_potapova_a
tennis_data_uk,wta,2024,14,BNP Paribas Open,Indian Wells,2024-03-14,wta_1000,True,hard,QF,8,3,Swiatek I.,Wozniacki C.,1,204,10105.0,373.0,1,0,6,4,1,0,,,,,,,retired,1.08,8.0,1.08,9.31,1.1,10.44,1.08,8.55,2024_14_indian_wells_bnp_paribas_open,2024_14_indian_wells_bnp_paribas_open_2024-03-14_QF_swiatek_i_wozniacki_c
tennis_data_uk,wta,2024,14,BNP Paribas Open,Indian Wells,2024-03-14,wta_1000,True,hard,QF,8,3,Gauff C.,Yuan Y.,3,49,6975.0,1241.0,2,0,6,4,6,3,,,,,,,completed,1.14,5.5,1.18,5.63,1.19,6.1,1.16,5.34,2024_14_indian_wells_bnp_paribas_open,2024_14_indian_wells_bnp_paribas_open_2024-03-14_QF_gauff_c_yuan_y
tennis_data_uk,wta,2024,14,BNP Paribas Open,Indian Wells,2024-03-15,wta_1000,True,hard,QF,8,3,Sakkari M.,Navarro E.,9,23,3565.0,1998.0,2,1,5,7,6,2,6,4,,,,,completed,2.1,1.73,2.17,1.76,2.2,1.8,2.09,1.75,2024_14_indian_wells_bnp_paribas_open,2024_14_indian_wells_bnp_paribas_open_2024-03-15_QF_sakkari_m_navarro_e
tennis_data_uk,wta,2024,14,BNP Paribas Open,Indian Wells,2024-03-15,wta_1000,True,hard,SF,4,3,Swiatek I.,Kostyuk M.,1,32,10105.0,1566.0,2,0,6,2,6,1,,,,,,,completed,1.1,7.0,1.13,7.29,1.13,9.17,1.11,6.83,2024_14_indian_wells_bnp_paribas_open,2024_14_indian_wells_bnp_paribas_open_2024-03-15_SF_swiatek_i_kostyuk_m
tennis_data_uk,wta,2024,14,BNP Paribas Open,Indian Wells,2024-03-16,wta_1000,True,hard,SF,4,3,Sakkari M.,Gauff C.,9,3,3565.0,6975.0,2,1,6,4,6,7,6,2,,,,,completed,3.4,1.33,3.64,1.33,3.64,1.37,3.32,1.34,2024_14_indian_wells_bnp_paribas_open,2024_14_indian_wells_bnp_paribas_open_2024-03-16_SF_sakkari_m_gauff_c
tennis_data_uk,wta,2024,14,BNP Paribas Open,Indian Wells,2024-03-17,wta_1000,True,hard,F,2,3,Swiatek I.,Sakkari M.,1,9,10105.0,3565.0,2,0,6,4,6,0,,,,,,,completed,1.2,4.5,1.17,5.8,1.21,5.8,1.18,5.07,2024_14_indian_wells_bnp_paribas_open,2024_14_indian_wells_bnp_paribas_open_2024-03-17_F_swiatek_i_sakkari_m
tennis_data_uk,wta,2024,15,Miami Open,Miami,2024-03-19,wta_1000,True,hard,R128,128,3,Wang Xin.,Baptiste H.,43,96,1316.0,744.0,2,0,7,6,6,3,,,,,,,completed,1.67,2.2,1.73,2.22,1.73,2.32,1.68,2.18,2024_15_miami_miami_open,2024_15_miami_miami_open_2024-03-19_R128_wang_xin_baptiste_h
tennis_data_uk,wta,2024,15,Miami Open,Miami,2024-03-19,wta_1000,True,hard,R128,128,3,Yuan Y.,Blinkova A.,37,44,1436.0,1300.0,2,0,6,4,6,2,,,,,,,completed,1.67,2.2,1.74,2.2,1.74,2.22,1.69,2.16,2024_15_miami_miami_open,2024_15_miami_miami_open_2024-03-19_R128_yuan_y_blinkova_a
tennis_data_uk,wta,2024,15,Miami Open,Miami,2024-03-19,wta_1000,True,hard,R128,128,3,Stearns P.,Wang Y.,67,64,1046.0,1060.0,2,0,6,2,6,3,,,,,,,completed,1.8,2.0,1.81,2.09,1.82,2.1,1.78,2.03,2024_15_miami_miami_open,2024_15_miami_miami_open_2024-03-19_R128_stearns_p_wang_y
tennis_data_uk,wta,2024,15,Miami Open,Miami,2024-03-19,wta_1000,True,hard,R128,128,3,Saville D.,Zhang S.,115,711,661.0,49.0,2,1,6,4,2,6,6,4,,,,,completed,1.25,4.0,1.23,4.67,1.26,4.67,1.22,4.17,2024_15_miami_miami_open,2024_15_miami_miami_open_2024-03-19_R128_saville_d_zhang_s
tennis_data_uk,wta,2024,15,Miami Open,Miami,2024-03-19,wta_1000,True,hard,R128,128,3,Tauson C.,Dolehide C.,91,50,793.0,1245.0,2,1,6,3,3,6,6,2,,,,,completed,1.5,2.63,1.53,2.63,1.63,2.63,1.53,2.47,2024_15_miami_miami_open,2024_15_miami_miami_open_2024-03-19_R128_tauson_c_dolehide_c
tennis_data_uk,wta,2024,15,Miami Open,Miami,2024-03-19,wta_1000,True,hard,R128,128,3,Shnaider D.,Williams V.,62,457,1076.0,122.0,2,0,6,3,6,3,,,,,,,completed,1.14,5.5,1.13,6.84,1.16,6.84,1.13,5.88,2024_15_miami_miami_open,2024_15_miami_miami_open_2024-03-19_R128_shnaider_d_williams_v
tennis_data_uk,wta,2024,15,Miami Open,Miami,2024-03-19,wta_1000,True,hard,R128,128,3,Siegemund L.,Krunic A.,90,626,795.0,66.0,2,1,4,6,6,2,6,2,,,,,completed,1.2,4.5,1.24,4.5,1.26,4.6,1.22,4.22,2024_15_miami_miami_open,2024_15_miami_miami_open_2024-03-19_R128_siegemund_l_krunic_a
tennis_data_uk,wta,2024,15,Miami Open,Miami,2024-03-19,wta_1000,True,hard,R128,128,3,Siniakova K.,Bogdan A.,42,66,1352.0,1054.0,2,0,6,2,6,4,,,,,,,completed,1.5,2.63,1.51,2.72,1.53,2.72,1.49,2.6,2024_15_miami_miami_open,2024_15_miami_miami_open_2024-03-19_R128_siniakova_k_bogdan_a
tennis_data_uk,wta,2024,15,Miami Open,Miami,2024-03-19,wta_1000,True,hard,R128,128,3,Wozniacki C.,Burel C.,129,45,588.0,1287.0,2,0,6,1,6,4,,,,,,,completed,1.57,2.38,1.57,2.55,1.66,2.55,1.59,2.35,2024_15_miami_miami_open,2024_15_miami_miami_open_2024-03-19_R128_wozniacki_c_burel_c
tennis_data_uk,wta,2024,15,Miami Open,Miami,2024-03-19,wta_1000,True,hard,R128,128,3,Townsend T.,Bronzetti L.,72,49,974.0,1247.0,2,1,3,6,6,3,6,4,,,,,completed,1.53,2.5,1.61,2.46,1.62,2.51,1.57,2.39,2024_15_miami_miami_open,2024_15_miami_miami_open_2024-03-19_R128_townsend_t_bronzetti_l
tennis_data_uk,wta,2024,15,Miami Open,Miami,2024-03-19,wta_1000,True,hard,R128,128,3,Fruhvirtova B.,Carle M.,105,100,704.0,726.0,2,0,6,3,6,3,,,,,,,completed,1.44,2.75,1.52,2.68,1.53,2.8,1.48,2.65,2024_15_miami_miami_open,2024_15_miami_miami_open_2024-03-19_R128_fruhvirtova_b_carle_m
tennis_data_uk,wta,2024,15,Miami Open,Miami,2024-03-19,wta_1000,True,hard,R128,128,3,Wang Xiy.,Schmiedlova A.,56,69,1174.0,983.0,2,0,6,1,6,3,,,,,,,completed,1.36,3.2,1.41,3.12,1.41,3.2,1.37,3.05,2024_15_miami_miami_open,2024_15_miami_miami_open_2024-03-19_R128_wang_xiy_schmiedlova_a
tennis_data_uk,wta,2024,15,Miami Open,Miami,2024-03-19,wta_1000,True,hard,R128,128,3,Badosa P.,Halep S.,80,,906.0,,2,1,1,6,6,4,6,3,,,,,completed,2.0,1.8,2.23,1.72,2.23,1.83,2.08,1.74,2024_15_miami_miami_open,2024_15_miami_miami_open_2024-03-19_R128_badosa_p_halep_s
tennis_data_uk,wta,2024,15,Miami Open,Miami,2024-03-19,wta_1000,True,hard,R128,128,3,Tsurenko L.,Linette M.,40,55,1387.0,1190.0,2,1,2,6,6,1,6,4,,,,,completed,1.57,2.38,1.65,2.37,1.65,2.45,1.6,2.32,2024_15_miami_miami_open,2024_15_miami_miami_open_2024-03-19_R128_tsurenko_l_linette_m
tennis_data_uk,wta,2024,15,Miami Open,Miami,2024-03-19,wta_1000,True,hard,R128,128,3,Putintseva Y.,Bucsa C.,68,74,1008.0,965.0,2,1,6,2,3,6,6,4,,,,,completed,1.44,2.75,1.49,2.8,1.49,3.15,1.44,2.76,2024_15_miami_miami_open,2024_15_miami_miami_open_2024-03-19_R128_putintseva_y_bucsa_c
tennis_data_uk,wta,2024,15,Miami Open,Miami,2024-03-19,wta_1000,True,hard,R128,128,3,Parry D.,Cristian J.,54,82,1200.0,884.0,2,0,7,6,6,2,,,,,,,completed,1.4,3.0,1.47,2.88,1.5,3.0,1.45,2.75,2024_15_miami_miami_open,2024_15_miami_miami_open_2024-03-19_R128_parry_d_cristian_j
tennis_data_uk,wta,2024,15,Miami Open,Miami,2024-03-20,wta_1000,True,hard,R128,128,3,Zhu L.,Bouzkova M.,63,39,1072.0,1404.0,2,0,6,2,6,4,,,,,,,completed,2.63,1.5,2.57,1.56,2.63,1.56,2.5,1.53,2024_15_miami_miami_open,2024_15_miami_miami_open_2024-03-20_R128_zhu_l_bouzkova_m
tennis_data_uk,wta,2024,15,Miami Open,Miami,2024-03-20,wta_1000,True,hard,R128,128,3,Giorgi C.,Frech M.,107,47,691.0,1270.0,2,0,6,4,6,2,,,,,,,completed,2.1,1.73,2.1,1.81,2.12,1.81,2.05,1.76,2024_15_miami_miami_open,2024_15_miami_miami_open_2024-03-20_R128_giorgi_c_frech_m
tennis_data_uk,wta,2024,15,Miami Open,Miami,2024-03-20,wta_1000,True,hard,R128,128,3,Avanesyan E.,Andreeva E.,65,94,1059.0,767.0,2,1,6,0,3,6,6,1,,,,,completed,3.0,1.4,3.12,1.41,3.25,1.44,2.97,1.39,2024_15_miami_miami_open,2024_15_miami_miami_open_2024-03-20_R128_avanesyan_e_andreeva_e
tennis_data_uk,wta,2024,15,Miami Open,Miami,2024-03-20,wta_1000,True,hard,R128,128,3,Timofeeva M.,Gracheva V.,99,83,726.0,876.0,2,0,6,3,6,3,,,,,,,completed,1.4,3.0,1.37,3.33,1.4,3.4,1.37,3.1,2024_15_miami_miami_open,2024_15_miami_miami_open_2024-03-20_R128_timofeeva_m_gracheva_v
tennis_data_uk,wta,2024,15,Miami Open,Miami,2024-03-20,wta_1000,True,hard,R128,128,3,Stephens S.,Kerber A.,41,342,1352.0,191.0,2,0,6,2,6,3,,,,,,,completed,1.67,2.2,1.63,2.42,1.69,2.42,1.64,2.23,2024_15_miami_miami_open,2024_15_miami_miami_open_2024-03-20_R128_stephens_s_kerber_a
tennis_data_uk,wta,2024,15,Miami Open,Miami,2024-03-20,wta_1000,True,hard,R128,128,3,Liu C.,Martic P.,114,60,662.0,1143.0,2,0,6,4,6,1,,,,,,,completed,2.2,1.67,2.38,1.64,2.38,1.67,2.28,1.62,2024_15_miami_miami_open,2024_15_miami_miami_open_2024-03-20_R128_liu_c_martic_p
tennis_data_uk,wta,2024,15,Miami Open,Miami,2024-03-20,wta_1000,True,hard,R128,128,3,Arango E.,Maria T.,123,48,635.0,1270.0,2,0,6,2,6,3,,,,,,,completed,2.63,1.5,2.68,1.53,2.75,1.54,2.61,1.49,2024_15_miami_miami_open,2024_15_miami_miami_open_2024-03-20_R128_arango_e_maria_t
tennis_data_uk,wta,2024,15,Miami Open,Miami,2024-03-20,wta_1000,True,hard,R128,128,3,Collins D.,Pera B.,53,81,1205.0,906.0,2,1,3,6,6,1,6,1,,,,,completed,1.25,4.0,1.26,4.2,1.28,4.25,1.25,3.93,2024_15_miami_miami_open,2024_15_miami_miami_open_2024-03-20_R128_collins_d_pera_b
tennis_data_uk,wta,2024,15,Miami Open,Miami,2024-03-20,wta_1000,True,hard,R128,128,3,Rogers S.,Fruhvirtova L.,325,138,208.0,536.0,2,1,4,6,6,4,6,2,,,,,completed,2.0,1.8,2.08,1.82,2.08,1.85,2.0,1.8,2024_15_miami_miami_open,2024_15_miami_miami_open_2024-03-20_R128_rogers_s_fruhvirtova_l
tennis_data_uk,wta,2024,15,Miami Open,Miami,2024-03-20,wta_1000,True,hard,R128,128,3,Rus A.,Sorribes Tormo S.,57,52,1174.0,1218.0,2,0,6,0,6,3,,,,,,,completed,2.1,1.73,2.03,1.86,2.1,1.86,2.03,1.78,2024_15_miami_miami_open,2024_15_miami_miami_open_2024-03-20_R128_rus_a_sorribes_tormo_s
tennis_data_uk,wta,2024,15,Miami Open,Miami,2024-03-20,wta_1000,True,hard,R128,128,3,Tomova V.,Korpatsch T.,73,77,969.0,928.0,2,0,6,2,6,4,,,,,,,completed,1.57,2.38,1.58,2.52,1.59,2.52,1.55,2.43,2024_15_miami_miami_open,2024_15_miami_miami_open_2024-03-20_R128_tomova_v_korpatsch_t
tennis_data_uk,wta,2024,15,Miami Open,Miami,2024-03-20,wta_1000,True,hard,R128,128,3,Podoroska N.,Krueger A.,78,75,919.0,963.0,2,0,6,4,6,2,,,,,,,completed,2.75,1.44,2.72,1.51,2.9,1.51,2.72,1.45,2024_15_miami_miami_open,2024_15_miami_miami_open_2024-03-20_R128_podoroska_n_krueger_a
tennis_data_uk,wta,2024,15,Miami Open,Miami,2024-03-20,wta_1000,True,hard,R128,128,3,Vekic D.,Pliskova Ka.,34,46,1518.0,1282.0,2,1,6,4,2,6,6,2,,,,,completed,2.2,1.67,2.16,1.77,2.22,2.02,2.13,1.71,2024_15_miami_miami_open,2024_15_miami_miami_open_2024-03-20_R128_vekic_d_pliskova_ka
tennis_data_uk,wta,2024,15,Miami Open,Miami,2024-03-20,wta_1000,True,hard,R128,128,3,Volynets K.,Kenin S.,121,58,637.0,1164.0,2,1,6,2,4,6,6,3,,,,,completed,1.91,1.91,1.87,2.02,1.91,2.02,1.86,1.93,2024_15_miami_miami_open,2024_15_miami_miami_open_2024-03-20_R128_volynets_k_kenin_s
tennis_data_uk,wta,2024,15,Miami Open,Miami,2024-03-20,wta_1000,True,hard,R128,128,3,Hunter S.,Trevisan M.,122,61,636.0,1084.0,1,0,6,3,3,0,,,,,,,retired,1.5,2.63,1.53,2.66,1.56,2.66,1.51,2.54,2024_15_miami_miami_open,2024_15_miami_miami_open_2024-03-20_R128_hunter_s_trevisan_m
tennis_data_uk,wta,2024,15,Miami Open,Miami,2024-03-20,wta_1000,True,hard,R128,128,3,Osaka N.,Cocciaretto E.,229,51,323.0,1238.0,2,0,6,3,6,4,,,,,,,completed,1.5,2.63,1.52,2.7,1.54,2.81,1.48,2.62,2024_15_miami_miami_open,2024_15_miami_miami_open_2024-03-20_R128_osaka_n_cocciaretto_e
tennis_data_uk,wta,2024,15,Miami Open,Miami,2024-03-21,wta_1000,True,hard,R64,64,3,Boulter K.,Fruhvirtova B.,30,105,1690.0,704.0,1,0,7,6,1,0,,,,,,,retired,1.53,2.5,1.53,2.67,1.57,2.67,1.52,2.5,2024_15_miami_miami_open,2024_15_miami_miami_open_2024-03-21_R64_boulter_k_fruhvirtova_b
tennis_data_uk,wta,2024,15,Miami Open,Miami,2024-03-21,wta_1000,True,hard,R64,64,3,Townsend T.,Mertens E.,72,28,974.0,1756.0,2,0,6,2,6,2,,,,,,,completed,2.5,1.53,2.46,1.61,2.58,1.61,2.41,1.56,2024_15_miami_miami_open,2024_15_miami_miami_open_2024-03-21_R64_townsend_t_mertens_e
tennis_data_uk,wta,2024,15,Miami Open,Miami,2024-03-21,wta_1000,True,hard,R64,64,3,Haddad Maia B.,Parry D.,13,54,2870.0,1200.0,2,1,3,6,6,1,6,4,,,,,completed,1.62,2.3,1.63,2.42,1.64,2.5,1.59,2.35,2024_15_miami_miami_open,2024_15_miami_miami_open_2024-03-21_R64_haddad_maia_b_parry_d
tennis_data_uk,wta,2024,15,Miami Open,Miami,2024-03-21,wta_1000,True,hard,R64,64,3,Minnen G.,Tsurenko L.,79,40,908.0,1387.0,2,0,7,5,6,1,,,,,,,completed,2.3,1.62,2.59,1.56,2.59,1.63,2.41,1.56,2024_15_miami_miami_open,2024_15_miami_miami_open_2024-03-21_R64_minnen_g_tsurenko_l
tennis_data_uk,wta,2024,15,Miami Open,Miami,2024-03-21,wta_1000,True,hard,R64,64,3,Kalinina A.,Wozniacki C.,36,129,1483.0,588.0,2,1,5,7,7,5,6,4,,,,,completed,3.2,1.36,3.3,1.38,3.3,1.4,3.11,1.36,2024_15_miami_miami_open,2024_15_miami_miami_open_2024-03-21_R64_kalinina_a_wozniacki_c
tennis_data_uk,wta,2024,15,Miami Open,Miami,2024-03-21,wta_1000,True,hard,R64,64,3,Kalinskaya A.,Wang Xiy.,25,56,1973.0,1174.0,2,0,6,2,6,2,,,,,,,completed,1.44,2.75,1.52,2.7,1.52,2.78,1.48,2.61,2024_15_miami_miami_open,2024_15_miami_miami_open_2024-03-21_R64_kalinskaya_a_wang_xiy
tennis_data_uk,wta,2024,15,Miami Open,Miami,2024-03-21,wta_1000,True,hard,R64,64,3,Sakkari M.,Yuan Y.,9,37,3825.0,1436.0,2,0,6,2,6,2,,,,,,,completed,1.44,2.75,1.44,2.99,1.46,2.99,1.43,2.79,2024_15_miami_miami_open,2024_15_miami_miami_open_2024-03-21_R64_sakkari_m_yuan_y
tennis_data_uk,wta,2024,15,Miami Open,Miami,2024-03-21,wta_1000,True,hard,R64,64,3,Putintseva Y.,Samsonova L.,68,15,1008.0,2605.0,2,1,6,1,4,6,6,3,,,,,completed,2.63,1.5,2.77,1.5,2.77,1.5,2.65,1.48,2024_15_miami_miami_open,2024_15_miami_miami_open_2024-03-21_R64_putintseva_y_samsonova_l
tennis_data_uk,wta,2024,15,Miami Open,Miami,2024-03-21,wta_1000,True,hard,R64,64,3,Yastremska D.,Saville D.,33,115,1577.0,661.0,2,0,7,5,7,5,,,,,,,completed,2.1,1.73,2.14,1.78,2.2,1.8,2.09,1.72,2024_15_miami_miami_open,2024_15_miami_miami_open_2024-03-21_R64_yastremska_d_saville_d
tennis_data_uk,wta,2024,15,Miami Open,Miami,2024-03-21,wta_1000,True,hard,R64,64,3,Keys M.,Shnaider D.,18,62,2342.0,1076.0,2,0,6,2,6,4,,,,,,,completed,1.8,2.0,1.88,2.02,1.88,2.02,1.82,1.97,2024_15_miami_miami_open,2024_15_miami_miami_open_2024-03-21_R64_keys_m_shnaider_d
tennis_data_uk,wta,2024,15,Miami Open,Miami,2024-03-21,wta_1000,True,hard,R64,64,3,Ostapenko J.,Siegemund L.,10,90,3493.0,795.0,2,0,7,6,6,4,,,,,,,completed,1.3,3.5,1.4,3.25,1.4,3.53,1.35,3.16,2024_15_miami_miami_open,2024_15_miami_miami_open_2024-03-21_R64_ostapenko_j_siegemund_l
tennis_data_uk,wta,2024,15,Miami Open,Miami,2024-03-21,wta_1000,True,hard,R64,64,3,Zheng Q.,Siniakova K.,7,42,4050.0,1352.0,1,1,4,6,6,3,1,0,,,,,retired,1.44,2.75,1.56,2.58,1.56,2.77,1.48,2.61,2024_15_miami_miami_open,2024_15_miami_miami_open_2024-03-21_R64_zheng_q_siniakova_k
tennis_data_uk,wta,2024,15,Miami Open,Miami,2024-03-22,wta_1000,True,hard,R64,64,3,Azarenka V.,Stearns P.,32,67,1591.0,1046.0,2,1,7,5,3,6,6,4,,,,,completed,1.5,2.63,1.44,2.94,1.52,2.99,1.45,2.72,2024_15_miami_miami_open,2024_15_miami_miami_open_2024-03-22_R64_azarenka_v_stearns_p
tennis_data_uk,wta,2024,15,Miami Open,Miami,2024-03-22,wta_1000,True,hard,R64,64,3,Rybakina E.,Tauson C.,4,91,5848.0,793.0,2,1,3,6,7,5,6,4,,,,,completed,1.11,6.5,1.15,6.34,1.15,6.54,1.13,5.9,2024_15_miami_miami_open,2024_15_miami_miami_open_2024-03-22_R64_rybakina_e_tauson_c
tennis_data_uk,wta,2024,15,Miami Open,Miami,2024-03-22,wta_1000,True,hard,R64,64,3,Wang Xin.,Kudermetova V.,43,19,1316.0,2305.0,2,0,6,3,6,2,,,,,,,completed,2.2,1.67,2.05,1.85,2.25,1.85,2.11,1.72,2024_15_miami_miami_open,2024_15_miami_miami_open_2024-03-22_R64_wang_xin_kudermetova_v
tennis_data_uk,wta,2024,15,Miami Open,Miami,2024-03-22,wta_1000,True,hard,R64,64,3,Gauff C.,Podoroska N.,3,78,7150.0,919.0,2,0,6,1,6,2,,,,,,,completed,1.08,8.0,1.08,9.73,1.09,9.73,1.07,8.06,2024_15_miami_miami_open,2024_15_miami_miami_open_2024-03-22_R64_gauff_c_podoroska_n
tennis_data_uk,wta,2024,15,Miami Open,Miami,2024-03-22,wta_1000,True,hard,R64,64,3,Sabalenka A.,Badosa P.,2,80,8195.0,906.0,2,0,6,4,6,3,,,,,,,completed,1.33,3.4,1.33,3.62,1.37,3.62,1.32,3.37,2024_15_miami_miami_open,2024_15_miami_miami_open_2024-03-22_R64_sabalenka_a_badosa_p
tennis_data_uk,wta,2024,15,Miami Open,Miami,2024-03-22,wta_1000,True,hard,R64,64,3,Alexandrova E.,Vekic D.,16,34,2475.0,1518.0,2,0,6,3,6,4,,,,,,,completed,1.91,1.91,2.04,1.85,2.04,1.91,1.95,1.84,2024_15_miami_miami_open,2024_15_miami_miami_open_2024-03-22_R64_alexandrova_e_vekic_d
tennis_data_uk,wta,2024,15,Miami Open,Miami,2024-03-22,wta_1000,True,hard,R64,64,3,Pavlyuchenkova A.,Rogers S.,22,325,2091.0,208.0,2,0,6,2,6,1,,,,,,,completed,1.22,4.33,1.22,4.75,1.23,4.98,1.2,4.49,2024_15_miami_miami_open,2024_15_miami_miami_open_2024-03-22_R64_pavlyuchenkova_a_rogers_s
tennis_data_uk,wta,2024,15,Miami Open,Miami,2024-03-22,wta_1000,True,hard,R64,64,3,Navarro E.,Hunter S.,20,122,2178.0,636.0,2,0,6,4,6,3,,,,,,,completed,1.29,3.75,1.31,3.73,1.31,4.03,1.28,3.64,2024_15_miami_miami_open,2024_15_miami_miami_open_2024-03-22_R64_navarro_e_hunter_s
tennis_data_uk,wta,2024,15,Miami Open,Miami,2024-03-22,wta_1000,True,hard,R64,64,3,Dodin O.,Rus A.,84,57,849.0,1174.0,2,1,6,4,3,6,6,3,,,,,completed,2.1,1.73,,,2.1,1.88,1.96,1.82,2024_15_miami_miami_open,2024_15_miami_miami_open_2024-03-22_R64_dodin_o_rus_a
tennis_data_uk,wta,2024,15,Miami Open,Miami,2024-03-23,wta_1000,True,hard,R64,64,3,Pegula J.,Zhu L.,5,63,5035.0,1072.0,1,0,6,4,4,1,,,,,,,retired,1.2,4.5,1.24,4.47,1.24,4.75,1.21,4.33,2024_15_miami_miami_open,2024_15_miami_miami_open_2024-03-23_R64_pegula_j_zhu_l
tennis_data_uk,wta,2024,15,Miami Open,Miami,2024-03-23,wta_1000,True,hard,R64,64,3,Fernandez L.A.,Arango E.,35,123,1490.0,635.0,2,0,6,4,6,2,,,,,,,completed,1.22,4.33,1.25,4.36,1.27,4.5,1.23,4.08,2024_15_miami_miami_open,2024_15_miami_miami_open_2024-03-23_R64_fernandez_l_a_arango_e
tennis_data_uk,wta,2024,15,Miami Open,Miami,2024-03-23,wta_1000,True,hard,R64,64,3,Paolini J.,Volynets K.,14,121,2810.0,637.0,2,0,7,6,7,5,,,,,,,completed,1.5,2.63,1.5,2.76,1.5,2.76,1.47,2.63,2024_15_miami_miami_open,2024_15_miami_miami_open_2024-03-23_R64_paolini_j_volynets_k
tennis_data_uk,wta,2024,15,Miami Open,Miami,2024-03-23,wta_1000,True,hard,R64,64,3,Collins D.,Potapova A.,53,29,1205.0,1707.0,2,0,6,2,6,2,,,,,,,completed,1.53,2.5,1.57,2.55,1.6,2.55,1.56,2.41,2024_15_miami_miami_open,2024_15_miami_miami_open_2024-03-23_R64_collins_d_potapova_a
tennis_data_uk,wta,2024,15,Miami Open,Miami,2024-03-23,wta_1000,True,hard,R64,64,3,Kasatkina D.,Liu C.,11,114,3118.0,662.0,1,0,6,0,1,0,,,,,,,retired,1.36,3.2,1.44,2.99,1.44,3.2,1.39,2.94,2024_15_miami_miami_open,2024_15_miami_miami_open_2024-03-23_R64_kasatkina_d_liu_c
tennis_data_uk,wta,2024,15,Miami Open,Miami,2024-03-23,wta_1000,True,hard,R64,64,3,Noskova L.,Timofeeva M.,31,99,1613.0,726.0,2,0,6,4,6,4,,,,,,,completed,1.4,3.0,1.42,3.08,1.44,3.12,1.41,2.89,2024_15_miami_miami_open,2024_15_miami_miami_open_2024-03-23_R64_noskova_l_timofeeva_m
tennis_data_uk,wta,2024,15,Miami Open,Miami,2024-03-23,wta_1000,True,hard,R64,64,3,Cirstea S.,Stephens S.,24,41,2018.0,1352.0,2,0,6,2,6,1,,,,,,,completed,2.0,1.8,1.98,1.91,2.05,1.91,1.94,1.84,2024_15_miami_miami_open,2024_15_miami_miami_open_2024-03-23_R64_cirstea_s_stephens_s
tennis_data_uk,wta,2024,15,Miami Open,Miami,2024-03-23,wta_1000,True,hard,R64,64,3,Osaka N.,Svitolina E.,229,17,323.0,2397.0,2,0,6,2,7,6,,,,,,,completed,1.91,1.91,1.91,1.98,1.92,1.98,1.88,1.92,2024_15_miami_miami_open,2024_15_miami_miami_open_2024-03-23_R64_osaka_n_svitolina_e
tennis_data_uk,wta,2024,15,Miami Open,Miami,2024-03-23,wta_1000,True,hard,R64,64,3,Swiatek I.,Giorgi C.,1,107,10715.0,691.0,2,0,6,1,6,1,,,,,,,completed,1.03,15.0,1.03,17.61,1.05,17.61,1.02,12.76,2024_15_miami_miami_open,2024_15_miami_miami_open_2024-03-23_R64_swiatek_i_giorgi_c
tennis_data_uk,wta,2024,15,Miami Open,Miami,2024-03-23,wta_1000,True,hard,R64,64,3,Garcia C.,Tomova V.,27,73,1865.0,969.0,1,0,6,1,5,2,,,,,,,retired,1.44,2.75,1.46,2.91,1.46,2.91,1.43,2.77,2024_15_miami_miami_open,2024_15_miami_miami_open_2024-03-23_R64_garcia_c_tomova_v
tennis_data_uk,wta,2024,15,Miami Open,Miami,2024-03-23,wta_1000,True,hard,R64,64,3,Avanesyan E.,Jabeur O.,65,6,1059.0,4118.0,2,1,6,1,4,6,6,3,,,,,completed,2.75,1.44,2.89,1.47,2.89,1.47,2.75,1.44,2024_15_miami_miami_open,2024_15_miami_miami_open_2024-03-23_R64_avanesyan_e_jabeur_o
tennis_data_uk,wta,2024,15,Miami Open,Miami,2024-03-23,wta_1000,True,hard,R32,32,3,Azarenka V.,Zheng Q.,32,7,1591.0,4050.0,2,0,6,4,7,5,,,,,,,completed,2.1,1.73,2.22,1.74,2.22,1.8,2.11,1.72,2024_15_miami_miami_open,2024_15_miami_miami_open_2024-03-23_R32_azarenka_v_zheng_q
tennis_data_uk,wta,2024,15,Miami Open,Miami,2024-03-23,wta_1000,True,hard,R32,32,3,Sakkari M.,Yastremska D.,9,33,3825.0,1577.0,2,0,7,5,6,4,,,,,,,completed,1.29,3.75,1.29,3.96,1.32,4.24,1.27,3.73,2024_15_miami_miami_open,2024_15_miami_miami_open_2024-03-23_R32_sakkari_m_yastremska_d
tennis_data_uk,wta,2024,15,Miami Open,Miami,2024-03-23,wta_1000,True,hard,R32,32,3,Keys M.,Wang Xin.,18,43,2342.0,1316.0,2,0,6,4,7,6,,,,,,,completed,1.67,2.2,1.64,2.41,1.68,2.41,1.63,2.26,2024_15_miami_miami_open,2024_15_miami_miami_open_2024-03-23_R32_keys_m_wang_xin
tennis_data_uk,wta,2024,15,Miami Open,Miami,2024-03-24,wta_1000,True,hard,R32,32,3,Rybakina E.,Townsend T.,4,72,5848.0,974.0,2,1,6,3,6,7,6,4,,,,,completed,1.2,4.5,1.2,5.16,1.22,5.16,1.19,4.7,2024_15_miami_miami_open,2024_15_miami_miami_open_2024-03-24_R32_rybakina_e_townsend_t
tennis_data_uk,wta,2024,15,Miami Open,Miami,2024-03-24,wta_1000,True,hard,R32,32,3,Kalinina A.,Sabalenka A.,36,2,1483.0,8195.0,2,1,6,4,1,6,6,1,,,,,completed,7.0,1.1,8.32,1.11,8.32,1.13,6.95,1.1,2024_15_miami_miami_open,2024_15_miami_miami_open_2024-03-24_R32_kalinina_a_sabalenka_a
tennis_data_uk,wta,2024,15,Miami Open,Miami,2024-03-24,wta_1000,True,hard,R32,32,3,Putintseva Y.,Minnen G.,68,79,1008.0,908.0,2,1,6,2,2,6,6,4,,,,,completed,1.62,2.3,1.65,2.4,1.69,2.4,1.64,2.25,2024_15_miami_miami_open,2024_15_miami_miami_open_2024-03-24_R32_putintseva_y_minnen_g
tennis_data_uk,wta,2024,15,Miami Open,Miami,2024-03-24,wta_1000,True,hard,R32,32,3,Kalinskaya A.,Ostapenko J.,25,10,1973.0,3493.0,2,0,6,3,6,1,,,,,,,completed,1.91,1.91,1.89,2.02,1.91,2.06,1.86,1.94,2024_15_miami_miami_open,2024_15_miami_miami_open_2024-03-24_R32_kalinskaya_a_ostapenko_j
tennis_data_uk,wta,2024,15,Miami Open,Miami,2024-03-24,wta_1000,True,hard,R32,32,3,Boulter K.,Haddad Maia B.,30,13,1690.0,2870.0,2,0,6,2,6,3,,,,,,,completed,2.0,1.8,2.08,1.84,2.1,1.85,2.01,1.79,2024_15_miami_miami_open,2024_15_miami_miami_open_2024-03-24_R32_boulter_k_haddad_maia_b
tennis_data_uk,wta,2024,15,Miami Open,Miami,2024-03-24,wta_1000,True,hard,R32,32,3,Cirstea S.,Kasatkina D.,24,11,2018.0,3118.0,2,0,7,5,6,2,,,,,,,completed,2.0,1.8,2.06,1.85,2.14,1.88,2.0,1.8,2024_15_miami_miami_open,2024_15_miami_miami_open_2024-03-24_R32_cirstea_s_kasatkina_d
tennis_data_uk,wta,2024,15,Miami Open,Miami,2024-03-24,wta_1000,True,hard,R32,32,3,Navarro E.,Paolini J.,20,14,2178.0,2810.0,2,1,6,2,3,6,6,0,,,,,completed,1.62,2.3,1.65,2.39,1.7,2.4,1.62,2.29,2024_15_miami_miami_open,2024_15_miami_miami_open_2024-03-24_R32_navarro_e_paolini_j
tennis_data_uk,wta,2024,15,Miami Open,Miami,2024-03-24,wta_1000,True,hard,R32,32,3,Gauff C.,Dodin O.,3,84,7150.0,849.0,2,0,6,4,6,0,,,,,,,completed,1.05,11.0,1.05,14.47,1.06,15.3,1.05,10.72,2024_15_miami_miami_open,2024_15_miami_miami_open_2024-03-24_R32_gauff_c_dodin_o
tennis_data_uk,wta,2024,15,Miami Open,Miami,2024-03-24,wta_1000,True,hard,R32,32,3,Alexandrova E.,Pavlyuchenkova A.,16,22,2475.0,2091.0,2,1,6,4,3,6,6,3,,,,,completed,2.38,1.57,2.44,1.63,2.47,1.63,2.36,1.58,2024_15_miami_miami_open,2024_15_miami_miami_open_2024-03-24_R32_alexandrova_e_pavlyuchenkova_a
tennis_data_uk,wta,2024,15,Miami Open,Miami,2024-03-24,wta_1000,True,hard,R32,32,3,Pegula J.,Fernandez L.A.,5,35,5035.0,1490.0,2,0,7,5,6,4,,,,,,,completed,1.3,3.5,1.38,3.29,1.41,3.5,1.35,3.18,2024_15_miami_miami_open,2024_15_miami_miami_open_2024-03-24_R32_pegula_j_fernandez_l_a
tennis_data_uk,wta,2024,15,Miami Open,Miami,2024-03-24,wta_1000,True,hard,R32,32,3,Garcia C.,Osaka N.,27,229,1865.0,323.0,2,0,7,6,7,5,,,,,,,completed,3.0,1.4,2.96,1.46,3.0,1.51,2.85,1.42,2024_15_miami_miami_open,2024_15_miami_miami_open_2024-03-24_R32_garcia_c_osaka_n
tennis_data_uk,wta,2024,15,Miami Open,Miami,2024-03-24,wta_1000,True,hard,R32,32,3,Collins D.,Avanesyan E.,53,65,1205.0,1059.0,2,0,6,1,6,2,,,,,,,completed,1.2,4.5,1.25,4.47,1.27,4.5,1.22,4.26,2024_15_miami_miami_open,2024_15_miami_miami_open_2024-03-24_R32_collins_d_avanesyan_e
tennis_data_uk,wta,2024,15,Miami Open,Miami,2024-03-24,wta_1000,True,hard,R32,32,3,Swiatek I.,Noskova L.,1,31,10715.0,1613.0,2,1,6,7,6,4,6,4,,,,,completed,1.05,11.0,1.06,12.67,1.07,12.67,1.05,10.12,2024_15_miami_miami_open,2024_15_miami_miami_open_2024-03-24_R32_swiatek_i_noskova_l
tennis_data_uk,wta,2024,15,Miami Open,Miami,2024-03-25,wta_1000,True,hard,R16,16,3,Sakkari M.,Kalinskaya A.,9,25,3825.0,1973.0,,,,,,,,,,,,,walkover,1.73,2.1,1.85,2.05,1.86,2.2,1.76,2.07,2024_15_miami_miami_open,2024_15_miami_miami_open_2024-03-25_R16_sakkari_m_kalinskaya_a
tennis_data_uk,wta,2024,15,Miami Open,Miami,2024-03-25,wta_1000,True,hard,R16,16,3,Putintseva Y.,Kalinina A.,68,36,1008.0,1483.0,2,0,6,4,7,6,,,,,,,completed,2.0,1.8,2.09,1.83,2.09,1.9,1.99,1.81,2024_15_miami_miami_open,2024_15_miami_miami_open_2024-03-25_R16_putintseva_y_kalinina_a
tennis_data_uk,wta,2024,15,Miami Open,Miami,2024-03-25,wta_1000,True,hard,R16,16,3,Rybakina E.,Keys M.,4,18,5848.0,2342.0,2,0,6,3,7,5,,,,,,,completed,1.4,3.0,1.43,3.1,1.43,3.32,1.38,3.02,2024_15_miami_miami_open,2024_15_miami_miami_open_2024-03-25_R16_rybakina_e_keys_m
tennis_data_uk,wta,2024,15,Miami Open,Miami,2024-03-25,wta_1000,True,hard,R16,16,3,Azarenka V.,Boulter K.,32,30,1591.0,1690.0,2,0,7,5,6,1,,,,,,,completed,1.67,2.2,1.68,2.3,1.68,2.4,1.61,2.3,2024_15_miami_miami_open,2024_15_miami_miami_open_2024-03-25_R16_azarenka_v_boulter_k
tennis_data_uk,wta,2024,15,Miami Open,Miami,2024-03-25,wta_1000,True,hard,R16,16,3,Garcia C.,Gauff C.,27,3,1865.0,7150.0,2,1,6,3,1,6,6,2,,,,,completed,4.33,1.22,4.36,1.26,4.38,1.26,4.14,1.23,2024_15_miami_miami_open,2024_15_miami_miami_open_2024-03-25_R16_garcia_c_gauff_c
tennis_data_uk,wta,2024,15,Miami Open,Miami,2024-03-25,wta_1000,True,hard,R16,16,3,Collins D.,Cirstea S.,53,24,1205.0,2018.0,2,0,6,3,6,2,,,,,,,completed,1.67,2.2,1.67,2.36,1.71,2.36,1.66,2.22,2024_15_miami_miami_open,2024_15_miami_miami_open_2024-03-25_R16_collins_d_cirstea_s
tennis_data_uk,wta,2024,15,Miami Open,Miami,2024-03-26,wta_1000,True,hard,R16,16,3,Pegula J.,Navarro E.,5,20,5035.0,2178.0,2,0,7,6,6,3,,,,,,,completed,1.5,2.63,1.55,2.63,1.55,2.65,1.51,2.54,2024_15_miami_miami_open,2024_15_miami_miami_open_2024-03-26_R16_pegula_j_navarro_e
tennis_data_uk,wta,2024,15,Miami Open,Miami,2024-03-26,wta_1000,True,hard,R16,16,3,Alexandrova E.,Swiatek I.,16,1,2475.0,10715.0,2,0,6,4,6,2,,,,,,,completed,8.0,1.08,9.08,1.1,10.5,1.1,8.12,1.08,2024_15_miami_miami_open,2024_15_miami_miami_open_2024-03-26_R16_alexandrova_e_swiatek_i
tennis_data_uk,wta,2024,15,Miami Open,Miami,2024-03-26,wta_1000,True,hard,QF,8,3,Azarenka V.,Putintseva Y.,32,68,1591.0,1008.0,2,1,7,6,1,6,6,3,,,,,completed,1.36,3.2,1.36,3.46,1.42,3.46,1.35,3.2,2024_15_miami_miami_open,2024_15_miami_miami_open_2024-03-26_QF_azarenka_v_putintseva_y
tennis_data_uk,wta,2024,15,Miami Open,Miami,2024-03-27,wta_1000,True,hard,QF,8,3,Rybakina E.,Sakkari M.,4,9,5848.0,3825.0,2,1,7,5,6,7,6,4,,,,,completed,1.33,3.4,1.4,3.2,1.4,3.4,1.38,3.05,2024_15_miami_miami_open,2024_15_miami_miami_open_2024-03-27_QF_rybakina_e_sakkari_m
tennis_data_uk,wta,2024,15,Miami Open,Miami,2024-03-27,wta_1000,True,hard,QF,8,3,Collins D.,Garcia C.,53,27,1205.0,1865.0,2,0,6,3,6,2,,,,,,,completed,1.44,2.75,1.45,3.0,1.5,3.0,1.43,2.8,2024_15_miami_miami_open,2024_15_miami_miami_open_2024-03-27_QF_collins_d_garcia_c
tennis_data_uk,wta,2024,15,Miami Open,Miami,2024-03-27,wta_1000,True,hard,QF,8,3,Alexandrova E.,Pegula J.,16,5,2475.0,5035.0,2,1,3,6,6,4,6,4,,,,,completed,2.63,1.5,2.54,1.58,2.64,1.6,2.49,1.53,2024_15_miami_miami_open,2024_15_miami_miami_open_2024-03-27_QF_alexandrova_e_pegula_j
tennis_data_uk,wta,2024,15,Miami Open,Miami,2024-03-28,wta_1000,True,hard,SF,4,3,Rybakina E.,Azarenka V.,4,32,5848.0,1591.0,2,1,6,4,0,6,7,6,,,,,completed,1.4,3.0,1.41,3.17,1.44,3.2,1.39,3.0,2024_15_miami_miami_open,2024_15_miami_miami_open_2024-03-28_SF_rybakina_e_azarenka_v
tennis_data_uk,wta,2024,15,Miami Open,Miami,2024-03-29,wta_1000,True,hard,SF,4,3,Collins D.,Alexandrova E.,53,16,1205.0,2475.0,2,0,6,3,6,2,,,,,,,completed,1.57,2.38,1.64,2.41,1.77,2.42,1.61,2.33,2024_15_miami_miami_open,2024_15_miami_miami_open_2024-03-29_SF_collins_d_alexandrova_e
tennis_data_uk,wta,2024,15,Miami Open,Miami,2024-03-30,wta_1000,True,hard,F,2,3,Collins D.,Rybakina E.,53,4,1205.0,5848.0,2,0,7,5,6,3,,,,,,,completed,2.38,1.57,2.4,1.65,2.45,1.66,2.34,1.6,2024_15_miami_miami_open,2024_15_miami_miami_open_2024-03-30_F_collins_d_rybakina_e
tennis_data_uk,wta,2024,16,Copa Colsanitas,Bogota,2024-04-01,wta_250,True,clay,R32,32,3,Zarazua R.,Higuita Barraza M. I.,103,,726.0,,2,0,6,0,6,0,,,,,,,completed,1.02,19.0,1.01,35.98,1.03,35.98,1.02,17.23,2024_16_bogota_copa_colsanitas,2024_16_bogota_copa_colsanitas_2024-04-01_R32_zarazua_r_higuita_barraza_m_i
tennis_data_uk,wta,2024,16,Copa Colsanitas,Bogota,2024-04-02,wta_250,True,clay,R32,32,3,Sorribes Tormo S.,Timofeeva M.,50,93,1227.0,749.0,2,0,6,1,6,3,,,,,,,completed,2.1,1.73,2.03,1.85,2.12,1.85,1.99,1.8,2024_16_bogota_copa_colsanitas,2024_16_bogota_copa_colsanitas_2024-04-02_R32_sorribes_tormo_s_timofeeva_m
tennis_data_uk,wta,2024,16,Copa Colsanitas,Bogota,2024-04-02,wta_250,True,clay,R32,32,3,Errani S.,Starodubtseva Y.,117,136,654.0,541.0,2,0,6,2,7,6,,,,,,,completed,1.73,2.1,1.75,2.16,1.8,2.16,1.73,2.09,2024_16_bogota_copa_colsanitas,2024_16_bogota_copa_colsanitas_2024-04-02_R32_errani_s_starodubtseva_y
tennis_data_uk,wta,2024,16,Copa Colsanitas,Bogota,2024-04-02,wta_250,True,clay,R32,32,3,Niemeier J.,Brancaccio N.,113,235,675.0,320.0,2,0,6,2,6,3,,,,,,,completed,1.57,2.38,1.59,2.47,1.6,2.47,1.56,2.39,2024_16_bogota_copa_colsanitas,2024_16_bogota_copa_colsanitas_2024-04-02_R32_niemeier_j_brancaccio_n
tennis_data_uk,wta,2024,16,Copa Colsanitas,Bogota,2024-04-02,wta_250,True,clay,R32,32,3,Rakhimova K.,Mediorreal Arias V.,92,,760.0,,2,1,6,4,6,7,6,1,,,,,completed,1.03,17.0,1.02,30.58,1.03,30.58,1.02,15.39,2024_16_bogota_copa_colsanitas,2024_16_bogota_copa_colsanitas_2024-04-02_R32_rakhimova_k_mediorreal_arias_v
tennis_data_uk,wta,2024,16,Copa Colsanitas,Bogota,2024-04-02,wta_250,True,clay,R32,32,3,Bara I.,Zavatska K.,178,195,421.0,384.0,2,1,2,6,6,3,6,4,,,,,completed,2.63,1.5,2.64,1.53,2.75,1.53,2.63,1.48,2024_16_bogota_copa_colsanitas,2024_16_bogota_copa_colsanitas_2024-04-02_R32_bara_i_zavatska_k
tennis_data_uk,wta,2024,16,Copa Colsanitas,Bogota,2024-04-02,wta_250,True,clay,R32,32,3,Bucsa C.,You X.,75,211,945.0,351.0,2,0,6,1,7,5,,,,,,,completed,1.29,3.75,1.29,3.85,1.29,4.0,1.28,3.64,2024_16_bogota_copa_colsanitas,2024_16_bogota_copa_colsanitas_2024-04-02_R32_bucsa_c_you_x
tennis_data_uk,wta,2024,16,Copa Colsanitas,Bogota,2024-04-02,wta_250,True,clay,R32,32,3,Osorio M.,Stakusic M.,85,206,822.0,361.0,2,0,6,4,6,2,,,,,,,completed,1.4,3.0,1.4,3.12,1.42,3.12,1.39,2.96,2024_16_bogota_copa_colsanitas,2024_16_bogota_copa_colsanitas_2024-04-02_R32_osorio_m_stakusic_m
tennis_data_uk,wta,2024,16,Copa Colsanitas,Bogota,2024-04-02,wta_250,True,clay,R32,32,3,Baptiste H.,Zidansek T.,96,127,744.0,614.0,2,1,6,2,4,6,6,3,,,,,completed,2.0,1.8,2.03,1.85,2.03,1.86,1.95,1.83,2024_16_bogota_copa_colsanitas,2024_16_bogota_copa_colsanitas_2024-04-02_R32_baptiste_h_zidansek_t
tennis_data_uk,wta,2024,16,Copa Colsanitas,Bogota,2024-04-02,wta_250,True,clay,R32,32,3,Todoni A.,Stefanini L.,217,147,346.0,506.0,2,1,4,6,6,2,6,4,,,,,completed,1.67,2.2,1.64,2.37,1.67,2.38,1.62,2.28,2024_16_bogota_copa_colsanitas,2024_16_bogota_copa_colsanitas_2024-04-02_R32_todoni_a_stefanini_l
tennis_data_uk,wta,2024,16,Copa Colsanitas,Bogota,2024-04-02,wta_250,True,clay,R32,32,3,Maria T.,Bondar A.,46,112,1270.0,682.0,2,0,6,3,6,2,,,,,,,completed,2.0,1.8,1.96,1.91,2.0,1.91,1.92,1.86,2024_16_bogota_copa_colsanitas,2024_16_bogota_copa_colsanitas_2024-04-02_R32_maria_t_bondar_a
tennis_data_uk,wta,2024,16,Copa Colsanitas,Bogota,2024-04-02,wta_250,True,clay,R32,32,3,Pigossi L.,Podoroska N.,119,67,653.0,1051.0,2,0,6,4,6,1,,,,,,,completed,4.33,1.22,4.77,1.21,4.77,1.25,4.22,1.22,2024_16_bogota_copa_colsanitas,2024_16_bogota_copa_colsanitas_2024-04-02_R32_pigossi_l_podoroska_n
tennis_data_uk,wta,2024,16,Copa Colsanitas,Bogota,2024-04-02,wta_250,True,clay,R32,32,3,Riera J.,Arango E.,111,118,686.0,653.0,2,0,6,0,6,3,,,,,,,completed,1.8,2.0,1.73,2.19,1.91,2.19,1.83,1.96,2024_16_bogota_copa_colsanitas,2024_16_bogota_copa_colsanitas_2024-04-02_R32_riera_j_arango_e
tennis_data_uk,wta,2024,16,Copa Colsanitas,Bogota,2024-04-03,wta_250,True,clay,R32,32,3,Siegemund L.,Shymanovich I.,89,230,795.0,328.0,2,0,7,6,7,5,,,,,,,completed,1.29,3.75,1.26,4.12,1.3,4.12,1.26,3.75,2024_16_bogota_copa_colsanitas,2024_16_bogota_copa_colsanitas_2024-04-03_R32_siegemund_l_shymanovich_i
tennis_data_uk,wta,2024,16,Copa Colsanitas,Bogota,2024-04-03,wta_250,True,clay,R32,32,3,Bouzkova M.,Marino R.,42,156,1349.0,466.0,2,0,6,0,6,3,,,,,,,completed,1.25,4.0,1.26,4.15,1.27,4.25,1.24,3.88,2024_16_bogota_copa_colsanitas,2024_16_bogota_copa_colsanitas_2024-04-03_R32_bouzkova_m_marino_r
tennis_data_uk,wta,2024,16,Copa Colsanitas,Bogota,2024-04-03,wta_250,True,clay,R32,32,3,Jones F.,Monroy Y.,214,765,347.0,41.0,2,0,6,1,6,2,,,,,,,completed,1.03,15.0,1.03,21.49,1.03,21.49,1.02,15.42,2024_16_bogota_copa_colsanitas,2024_16_bogota_copa_colsanitas_2024-04-03_R32_jones_f_monroy_y
tennis_data_uk,wta,2024,16,Copa Colsanitas,Bogota,2024-04-03,wta_250,True,clay,R16,16,3,Errani S.,Sorribes Tormo S.,117,50,654.0,1227.0,2,1,6,2,4,6,6,4,,,,,completed,2.38,1.57,2.44,1.6,2.45,1.62,2.33,1.59,2024_16_bogota_copa_colsanitas,2024_16_bogota_copa_colsanitas_2024-04-03_R16_errani_s_sorribes_tormo_s
tennis_data_uk,wta,2024,16,Copa Colsanitas,Bogota,2024-04-03,wta_250,True,clay,R16,16,3,Rakhimova K.,Zarazua R.,92,103,760.0,726.0,2,1,7,6,6,7,6,3,,,,,completed,2.38,1.57,2.48,1.59,2.48,1.68,2.34,1.59,2024_16_bogota_copa_colsanitas,2024_16_bogota_copa_colsanitas_2024-04-03_R16_rakhimova_k_zarazua_r
tennis_data_uk,wta,2024,16,Copa Colsanitas,Bogota,2024-04-03,wta_250,True,clay,R16,16,3,Bara I.,Pigossi L.,178,119,421.0,653.0,2,1,3,6,7,6,6,4,,,,,completed,3.0,1.4,3.14,1.4,3.27,1.44,3.0,1.38,2024_16_bogota_copa_colsanitas,2024_16_bogota_copa_colsanitas_2024-04-03_R16_bara_i_pigossi_l
tennis_data_uk,wta,2024,16,Copa Colsanitas,Bogota,2024-04-04,wta_250,True,clay,R16,16,3,Bucsa C.,Niemeier J.,75,113,945.0,675.0,2,0,6,4,6,1,,,,,,,completed,2.1,1.73,2.29,1.67,2.29,1.73,2.2,1.66,2024_16_bogota_copa_colsanitas,2024_16_bogota_copa_colsanitas_2024-04-04_R16_bucsa_c_niemeier_j
tennis_data_uk,wta,2024,16,Copa Colsanitas,Bogota,2024-04-04,wta_250,True,clay,R16,16,3,Osorio M.,Todoni A.,85,217,822.0,346.0,2,0,7,6,6,4,,,,,,,completed,1.4,3.0,1.41,3.09,1.44,3.09,1.39,2.94,2024_16_bogota_copa_colsanitas,2024_16_bogota_copa_colsanitas_2024-04-04_R16_osorio_m_todoni_a
tennis_data_uk,wta,2024,16,Copa Colsanitas,Bogota,2024-04-04,wta_250,True,clay,R16,16,3,Maria T.,Riera J.,46,111,1270.0,686.0,2,1,2,6,6,0,6,2,,,,,completed,2.1,1.73,2.17,1.75,2.17,1.82,2.07,1.74,2024_16_bogota_copa_colsanitas,2024_16_bogota_copa_colsanitas_2024-04-04_R16_maria_t_riera_j
tennis_data_uk,wta,2024,16,Copa Colsanitas,Bogota,2024-04-05,wta_250,True,clay,R16,16,3,Bouzkova M.,Baptiste H.,42,96,1349.0,744.0,2,0,6,3,6,4,,,,,,,completed,1.44,2.75,1.45,2.91,1.46,2.91,1.43,2.77,2024_16_bogota_copa_colsanitas,2024_16_bogota_copa_colsanitas_2024-04-05_R16_bouzkova_m_baptiste_h
tennis_data_uk,wta,2024,16,Copa Colsanitas,Bogota,2024-04-05,wta_250,True,clay,R16,16,3,Siegemund L.,Jones F.,89,214,795.0,347.0,2,1,6,7,6,4,6,2,,,,,completed,1.4,3.0,1.45,2.9,1.57,3.0,1.43,2.79,2024_16_bogota_copa_colsanitas,2024_16_bogota_copa_colsanitas_2024-04-05_R16_siegemund_l_jones_f
tennis_data_uk,wta,2024,16,Copa Colsanitas,Bogota,2024-04-05,wta_250,True,clay,QF,8,3,Errani S.,Bara I.,117,178,654.0,421.0,2,1,4,6,6,2,6,3,,,,,completed,1.3,3.5,1.33,3.69,1.33,3.95,1.29,3.55,2024_16_bogota_copa_colsanitas,2024_16_bogota_copa_colsanitas_2024-04-05_QF_errani_s_bara_i
tennis_data_uk,wta,2024,16,Copa Colsanitas,Bogota,2024-04-05,wta_250,True,clay,QF,8,3,Rakhimova K.,Bucsa C.,92,75,760.0,945.0,2,1,0,6,6,4,7,5,,,,,completed,2.5,1.53,2.58,1.57,2.63,1.58,2.47,1.54,2024_16_bogota_copa_colsanitas,2024_16_bogota_copa_colsanitas_2024-04-05_QF_rakhimova_k_bucsa_c
tennis_data_uk,wta,2024,16,Copa Colsanitas,Bogota,2024-04-05,wta_250,True,clay,QF,8,3,Bouzkova M.,Siegemund L.,42,89,1349.0,795.0,2,1,2,6,6,2,7,5,,,,,completed,1.57,2.38,1.66,2.37,1.74,2.4,1.62,2.27,2024_16_bogota_copa_colsanitas,2024_16_bogota_copa_colsanitas_2024-04-05_QF_bouzkova_m_siegemund_l
tennis_data_uk,wta,2024,16,Copa Colsanitas,Bogota,2024-04-06,wta_250,True,clay,QF,8,3,Osorio M.,Maria T.,85,46,822.0,1270.0,2,1,1,6,6,3,6,3,,,,,completed,1.57,2.38,1.53,2.7,1.66,2.7,1.55,2.42,2024_16_bogota_copa_colsanitas,2024_16_bogota_copa_colsanitas_2024-04-06_QF_osorio_m_maria_t
tennis_data_uk,wta,2024,16,Copa Colsanitas,Bogota,2024-04-06,wta_250,True,clay,SF,4,3,Osorio M.,Errani S.,85,117,822.0,654.0,2,0,7,6,6,4,,,,,,,completed,1.5,2.63,1.51,2.78,1.65,2.78,1.49,2.6,2024_16_bogota_copa_colsanitas,2024_16_bogota_copa_colsanitas_2024-04-06_SF_osorio_m_errani_s
tennis_data_uk,wta,2024,16,Copa Colsanitas,Bogota,2024-04-06,wta_250,True,clay,SF,4,3,Bouzkova M.,Rakhimova K.,42,92,1349.0,760.0,2,0,6,4,7,6,,,,,,,completed,1.29,3.75,1.29,4.04,1.4,4.04,1.28,3.66,2024_16_bogota_copa_colsanitas,2024_16_bogota_copa_colsanitas_2024-04-06_SF_bouzkova_m_rakhimova_k
tennis_data_uk,wta,2024,16,Copa Colsanitas,Bogota,2024-04-07,wta_250,True,clay,F,2,3,Osorio M.,Bouzkova M.,85,42,822.0,1349.0,2,0,6,3,7,6,,,,,,,completed,2.2,1.67,2.1,1.83,2.2,1.83,2.11,1.73,2024_16_bogota_copa_colsanitas,2024_16_bogota_copa_colsanitas_2024-04-07_F_osorio_m_bouzkova_m
tennis_data_uk,wta,2024,17,Charleston Open,Charleston,2024-04-01,wta_500,True,clay,R64,64,3,Linette M.,Martic P.,63,61,1080.0,1088.0,2,0,6,3,6,4,,,,,,,completed,2.2,1.67,2.4,1.62,2.4,1.7,2.24,1.64,2024_17_charleston_charleston_open,2024_17_charleston_charleston_open_2024-04-01_R64_linette_m_martic_p
tennis_data_uk,wta,2024,17,Charleston Open,Charleston,2024-04-01,wta_500,True,clay,R64,64,3,Tomova V.,Sherif M.,74,72,949.0,973.0,2,1,6,4,3,6,6,2,,,,,completed,1.57,2.38,1.74,2.18,1.74,2.4,1.63,2.26,2024_17_charleston_charleston_open,2024_17_charleston_charleston_open_2024-04-01_R64_tomova_v_sherif_m
tennis_data_uk,wta,2024,17,Charleston Open,Charleston,2024-04-01,wta_500,True,clay,R64,64,3,Saville D.,Korpatsch T.,108,76,695.0,938.0,2,1,6,4,3,6,6,2,,,,,completed,1.44,2.75,1.46,2.87,1.5,2.87,1.44,2.75,2024_17_charleston_charleston_open,2024_17_charleston_charleston_open_2024-04-01_R64_saville_d_korpatsch_t
tennis_data_uk,wta,2024,17,Charleston Open,Charleston,2024-04-01,wta_500,True,clay,R64,64,3,Wozniacki C.,Kessler M.,126,122,623.0,641.0,2,0,6,0,6,1,,,,,,,completed,1.25,4.0,1.29,3.83,1.3,4.01,1.27,3.69,2024_17_charleston_charleston_open,2024_17_charleston_charleston_open_2024-04-01_R64_wozniacki_c_kessler_m
tennis_data_uk,wta,2024,17,Charleston Open,Charleston,2024-04-01,wta_500,True,clay,R64,64,3,Cristian J.,Vickery S.,83,132,844.0,580.0,2,0,6,1,6,4,,,,,,,completed,1.73,2.1,1.74,2.17,1.83,2.17,1.75,2.06,2024_17_charleston_charleston_open,2024_17_charleston_charleston_open_2024-04-01_R64_cristian_j_vickery_s
tennis_data_uk,wta,2024,17,Charleston Open,Charleston,2024-04-01,wta_500,True,clay,R64,64,3,Anisimova A.,Cornet A.,264,97,280.0,743.0,2,0,6,3,6,0,,,,,,,completed,1.22,4.33,1.24,4.44,1.31,4.44,1.25,3.86,2024_17_charleston_charleston_open,2024_17_charleston_charleston_open_2024-04-01_R64_anisimova_a_cornet_a
tennis_data_uk,wta,2024,17,Charleston Open,Charleston,2024-04-01,wta_500,True,clay,R64,64,3,Volynets K.,Rus A.,110,54,687.0,1189.0,2,1,6,2,6,7,7,6,,,,,completed,1.62,2.3,1.63,2.38,1.68,2.46,1.6,2.31,2024_17_charleston_charleston_open,2024_17_charleston_charleston_open_2024-04-01_R64_volynets_k_rus_a
tennis_data_uk,wta,2024,17,Charleston Open,Charleston,2024-04-01,wta_500,True,clay,R64,64,3,Rogers S.,Liu C.,325,116,208.0,662.0,2,0,6,1,6,1,,,,,,,completed,2.0,1.8,2.03,1.85,2.03,1.85,1.98,1.81,2024_17_charleston_charleston_open,2024_17_charleston_charleston_open_2024-04-01_R64_rogers_s_liu_c
tennis_data_uk,wta,2024,17,Charleston Open,Charleston,2024-04-02,wta_500,True,clay,R64,64,3,Gracheva V.,Ngounoue C.,100,363,736.0,176.0,2,0,6,2,6,1,,,,,,,completed,1.73,2.1,1.84,2.04,1.84,2.14,1.78,2.02,2024_17_charleston_charleston_open,2024_17_charleston_charleston_open_2024-04-02_R64_gracheva_v_ngounoue_c
tennis_data_uk,wta,2024,17,Charleston Open,Charleston,2024-04-02,wta_500,True,clay,R64,64,3,Townsend T.,Kenin S.,68,57,1034.0,1109.0,2,0,6,3,6,3,,,,,,,completed,1.4,3.0,1.41,3.06,1.42,3.11,1.39,2.95,2024_17_charleston_charleston_open,2024_17_charleston_charleston_open_2024-04-02_R64_townsend_t_kenin_s
tennis_data_uk,wta,2024,17,Charleston Open,Charleston,2024-04-02,wta_500,True,clay,R64,64,3,Sharma A.,Rodionova Ar.,135,101,544.0,731.0,2,0,6,4,6,1,,,,,,,completed,1.53,2.5,1.52,2.64,1.54,2.64,1.51,2.52,2024_17_charleston_charleston_open,2024_17_charleston_charleston_open_2024-04-02_R64_sharma_a_rodionova_ar
tennis_data_uk,wta,2024,17,Charleston Open,Charleston,2024-04-02,wta_500,True,clay,R64,64,3,Stephens S.,Frech M.,40,53,1377.0,1195.0,2,0,6,0,6,2,,,,,,,completed,1.5,2.63,1.5,2.73,1.52,2.75,1.48,2.62,2024_17_charleston_charleston_open,2024_17_charleston_charleston_open_2024-04-02_R64_stephens_s_frech_m
tennis_data_uk,wta,2024,17,Charleston Open,Charleston,2024-04-02,wta_500,True,clay,R64,64,3,Collins D.,Badosa P.,22,82,2140.0,876.0,2,0,6,1,6,4,,,,,,,completed,1.73,2.1,1.73,2.19,1.76,2.3,1.67,2.17,2024_17_charleston_charleston_open,2024_17_charleston_charleston_open_2024-04-02_R64_collins_d_badosa_p
tennis_data_uk,wta,2024,17,Charleston Open,Charleston,2024-04-02,wta_500,True,clay,R64,64,3,Cocciaretto E.,Bogdan A.,56,66,1127.0,1054.0,2,1,2,6,6,1,7,6,,,,,completed,,,1.52,2.67,1.54,2.7,1.5,2.55,2024_17_charleston_charleston_open,2024_17_charleston_charleston_open_2024-04-02_R64_cocciaretto_e_bogdan_a
tennis_data_uk,wta,2024,17,Charleston Open,Charleston,2024-04-02,wta_500,True,clay,R64,64,3,Dolehide C.,Day K.,47,84,1240.0,840.0,2,1,6,3,0,6,6,4,,,,,completed,1.57,2.38,1.52,2.66,1.57,2.77,1.53,2.47,2024_17_charleston_charleston_open,2024_17_charleston_charleston_open_2024-04-02_R64_dolehide_c_day_k
tennis_data_uk,wta,2024,17,Charleston Open,Charleston,2024-04-02,wta_500,True,clay,R64,64,3,Krueger A.,Lee G.,73,312,963.0,222.0,2,0,7,6,6,3,,,,,,,completed,1.33,3.4,1.33,3.54,1.34,3.75,1.32,3.36,2024_17_charleston_charleston_open,2024_17_charleston_charleston_open_2024-04-02_R64_krueger_a_lee_g
tennis_data_uk,wta,2024,17,Charleston Open,Charleston,2024-04-02,wta_500,True,clay,R32,32,3,Sakkari M.,Tomova V.,7,74,4030.0,949.0,2,0,6,3,6,3,,,,,,,completed,1.22,4.33,1.24,4.42,1.25,4.63,1.22,4.22,2024_17_charleston_charleston_open,2024_17_charleston_charleston_open_2024-04-02_R32_sakkari_m_tomova_v
tennis_data_uk,wta,2024,17,Charleston Open,Charleston,2024-04-02,wta_500,True,clay,R32,32,3,Linette M.,Yastremska D.,63,32,1080.0,1597.0,2,1,0,6,6,4,6,3,,,,,completed,2.1,1.73,2.21,1.72,2.24,1.77,2.12,1.7,2024_17_charleston_charleston_open,2024_17_charleston_charleston_open_2024-04-02_R32_linette_m_yastremska_d
tennis_data_uk,wta,2024,17,Charleston Open,Charleston,2024-04-02,wta_500,True,clay,R32,32,3,Pegula J.,Anisimova A.,5,264,4860.0,280.0,2,1,3,6,6,4,7,6,,,,,completed,1.53,2.5,1.62,2.4,1.63,2.52,1.56,2.46,2024_17_charleston_charleston_open,2024_17_charleston_charleston_open_2024-04-02_R32_pegula_j_anisimova_a
tennis_data_uk,wta,2024,17,Charleston Open,Charleston,2024-04-03,wta_500,True,clay,R32,32,3,Cristian J.,Keys M.,83,18,844.0,2397.0,2,1,3,6,6,3,6,3,,,,,completed,3.2,1.36,3.15,1.4,3.25,1.4,3.06,1.36,2024_17_charleston_charleston_open,2024_17_charleston_charleston_open_2024-04-03_R32_cristian_j_keys_m
tennis_data_uk,wta,2024,17,Charleston Open,Charleston,2024-04-03,wta_500,True,clay,R32,32,3,Kalinina A.,Wozniacki C.,33,126,1593.0,623.0,2,0,6,2,6,3,,,,,,,completed,2.38,1.57,2.45,1.6,2.71,1.65,2.37,1.58,2024_17_charleston_charleston_open,2024_17_charleston_charleston_open_2024-04-03_R32_kalinina_a_wozniacki_c
tennis_data_uk,wta,2024,17,Charleston Open,Charleston,2024-04-03,wta_500,True,clay,R32,32,3,Azarenka V.,Cocciaretto E.,26,56,1916.0,1127.0,2,0,6,1,6,2,,,,,,,completed,1.67,2.2,1.72,2.21,1.72,2.32,1.67,2.21,2024_17_charleston_charleston_open,2024_17_charleston_charleston_open_2024-04-03_R32_azarenka_v_cocciaretto_e
tennis_data_uk,wta,2024,17,Charleston Open,Charleston,2024-04-03,wta_500,True,clay,R32,32,3,Sharma A.,Tsurenko L.,135,39,544.0,1392.0,2,0,6,4,6,0,,,,,,,completed,2.63,1.5,2.53,1.56,2.63,1.58,2.47,1.54,2024_17_charleston_charleston_open,2024_17_charleston_charleston_open_2024-04-03_R32_sharma_a_tsurenko_l
tennis_data_uk,wta,2024,17,Charleston Open,Charleston,2024-04-04,wta_500,True,clay,R32,32,3,Kasatkina D.,Krueger A.,11,73,3173.0,963.0,2,1,6,3,0,6,6,1,,,,,completed,1.36,3.2,1.35,3.4,1.38,3.4,1.35,3.15,2024_17_charleston_charleston_open,2024_17_charleston_charleston_open_2024-04-04_R32_kasatkina_d_krueger_a
tennis_data_uk,wta,2024,17,Charleston Open,Charleston,2024-04-04,wta_500,True,clay,R32,32,3,Navarro E.,Volynets K.,20,110,2218.0,687.0,2,0,6,1,6,1,,,,,,,completed,1.29,3.75,1.3,3.77,1.35,3.77,1.29,3.54,2024_17_charleston_charleston_open,2024_17_charleston_charleston_open_2024-04-04_R32_navarro_e_volynets_k
tennis_data_uk,wta,2024,17,Charleston Open,Charleston,2024-04-04,wta_500,True,clay,R32,32,3,Kudermetova V.,Rogers S.,19,325,2305.0,208.0,2,0,7,6,6,4,,,,,,,completed,1.67,2.2,1.74,2.18,1.74,2.33,1.68,2.17,2024_17_charleston_charleston_open,2024_17_charleston_charleston_open_2024-04-04_R32_kudermetova_v_rogers_s
tennis_data_uk,wta,2024,17,Charleston Open,Charleston,2024-04-04,wta_500,True,clay,R32,32,3,Townsend T.,Alexandrova E.,68,15,1034.0,2650.0,2,0,7,5,6,2,,,,,,,completed,2.1,1.73,2.05,1.83,2.23,1.83,2.07,1.75,2024_17_charleston_charleston_open,2024_17_charleston_charleston_open_2024-04-04_R32_townsend_t_alexandrova_e
tennis_data_uk,wta,2024,17,Charleston Open,Charleston,2024-04-04,wta_500,True,clay,R32,32,3,Haddad Maia B.,Dolehide C.,13,47,2870.0,1240.0,2,0,6,2,7,5,,,,,,,completed,1.4,3.0,1.42,3.01,1.43,3.05,1.39,2.91,2024_17_charleston_charleston_open,2024_17_charleston_charleston_open_2024-04-04_R32_haddad_maia_b_dolehide_c
tennis_data_uk,wta,2024,17,Charleston Open,Charleston,2024-04-04,wta_500,True,clay,R32,32,3,Collins D.,Jabeur O.,22,6,2140.0,4118.0,2,1,6,3,1,6,6,3,,,,,completed,1.4,3.0,1.44,2.94,1.45,3.0,1.41,2.88,2024_17_charleston_charleston_open,2024_17_charleston_charleston_open_2024-04-04_R32_collins_d_jabeur_o
tennis_data_uk,wta,2024,17,Charleston Open,Charleston,2024-04-04,wta_500,True,clay,R32,32,3,Stephens S.,Fernandez L.A.,40,34,1377.0,1520.0,2,0,6,4,6,4,,,,,,,completed,1.67,2.2,1.65,2.33,1.73,2.33,1.66,2.21,2024_17_charleston_charleston_open,2024_17_charleston_charleston_open_2024-04-04_R32_stephens_s_fernandez_l_a
tennis_data_uk,wta,2024,17,Charleston Open,Charleston,2024-04-04,wta_500,True,clay,R32,32,3,Mertens E.,Gracheva V.,30,100,1646.0,736.0,2,1,6,4,3,6,6,2,,,,,completed,1.36,3.2,1.4,3.16,1.43,3.25,1.38,2.98,2024_17_charleston_charleston_open,2024_17_charleston_charleston_open_2024-04-04_R32_mertens_e_gracheva_v
tennis_data_uk,wta,2024,17,Charleston Open,Charleston,2024-04-04,wta_500,True,clay,R32,32,3,Svitolina E.,Saville D.,17,108,2406.0,695.0,2,0,6,2,6,4,,,,,,,completed,1.4,3.0,1.38,3.25,1.4,3.5,1.36,3.14,2024_17_charleston_charleston_open,2024_17_charleston_charleston_open_2024-04-04_R32_svitolina_e_saville_d
tennis_data_uk,wta,2024,17,Charleston Open,Charleston,2024-04-04,wta_500,True,clay,R16,16,3,Pegula J.,Linette M.,5,63,4860.0,1080.0,2,0,6,2,6,2,,,,,,,completed,1.22,4.33,1.24,4.45,1.26,4.66,1.22,4.24,2024_17_charleston_charleston_open,2024_17_charleston_charleston_open_2024-04-04_R16_pegula_j_linette_m
tennis_data_uk,wta,2024,17,Charleston Open,Charleston,2024-04-04,wta_500,True,clay,R16,16,3,Cristian J.,Navarro E.,83,20,844.0,2218.0,2,1,6,3,5,7,6,1,,,,,completed,5.0,1.17,5.39,1.18,5.39,1.23,4.89,1.18,2024_17_charleston_charleston_open,2024_17_charleston_charleston_open_2024-04-04_R16_cristian_j_navarro_e
tennis_data_uk,wta,2024,17,Charleston Open,Charleston,2024-04-04,wta_500,True,clay,R16,16,3,Azarenka V.,Townsend T.,26,68,1916.0,1034.0,2,1,6,7,6,3,6,4,,,,,completed,1.57,2.38,1.71,2.22,1.71,2.48,1.63,2.26,2024_17_charleston_charleston_open,2024_17_charleston_charleston_open_2024-04-04_R16_azarenka_v_townsend_t
tennis_data_uk,wta,2024,17,Charleston Open,Charleston,2024-04-04,wta_500,True,clay,R16,16,3,Kasatkina D.,Kalinina A.,11,33,3173.0,1593.0,2,0,6,1,6,4,,,,,,,completed,1.91,1.91,1.86,2.01,1.93,2.01,1.84,1.95,2024_17_charleston_charleston_open,2024_17_charleston_charleston_open_2024-04-04_R16_kasatkina_d_kalinina_a
tennis_data_uk,wta,2024,17,Charleston Open,Charleston,2024-04-04,wta_500,True,clay,R16,16,3,Kudermetova V.,Haddad Maia B.,19,13,2305.0,2870.0,2,0,7,5,6,1,,,,,,,completed,2.2,1.67,2.14,1.76,2.24,1.76,2.16,1.69,2024_17_charleston_charleston_open,2024_17_charleston_charleston_open_2024-04-04_R16_kudermetova_v_haddad_maia_b
tennis_data_uk,wta,2024,17,Charleston Open,Charleston,2024-04-04,wta_500,True,clay,R16,16,3,Collins D.,Stephens S.,22,40,2140.0,1377.0,2,0,6,2,6,2,,,,,,,completed,1.73,2.1,1.74,2.15,1.85,2.25,1.72,2.11,2024_17_charleston_charleston_open,2024_17_charleston_charleston_open_2024-04-04_R16_collins_d_stephens_s
tennis_data_uk,wta,2024,17,Charleston Open,Charleston,2024-04-05,wta_500,True,clay,R16,16,3,Sakkari M.,Sharma A.,7,135,4030.0,544.0,2,0,6,4,6,1,,,,,,,completed,1.1,7.0,1.11,7.26,1.12,7.82,1.1,6.73,2024_17_charleston_charleston_open,2024_17_charleston_charleston_open_2024-04-05_R16_sakkari_m_sharma_a
tennis_data_uk,wta,2024,17,Charleston Open,Charleston,2024-04-05,wta_500,True,clay,R16,16,3,Mertens E.,Svitolina E.,30,17,1646.0,2406.0,2,0,6,4,6,1,,,,,,,completed,2.75,1.44,2.93,1.43,3.21,1.45,2.82,1.42,2024_17_charleston_charleston_open,2024_17_charleston_charleston_open_2024-04-05_R16_mertens_e_svitolina_e
tennis_data_uk,wta,2024,17,Charleston Open,Charleston,2024-04-05,wta_500,True,clay,QF,8,3,Kasatkina D.,Cristian J.,11,83,3173.0,844.0,2,1,6,7,6,2,6,3,,,,,completed,1.36,3.2,1.41,3.17,1.41,3.2,1.37,3.03,2024_17_charleston_charleston_open,2024_17_charleston_charleston_open_2024-04-05_QF_kasatkina_d_cristian_j
tennis_data_uk,wta,2024,17,Charleston Open,Charleston,2024-04-05,wta_500,True,clay,QF,8,3,Pegula J.,Azarenka V.,5,26,4860.0,1916.0,2,1,6,4,3,6,7,6,,,,,completed,1.62,2.3,1.69,2.3,1.76,2.3,1.65,2.22,2024_17_charleston_charleston_open,2024_17_charleston_charleston_open_2024-04-05_QF_pegula_j_azarenka_v
tennis_data_uk,wta,2024,17,Charleston Open,Charleston,2024-04-05,wta_500,True,clay,QF,8,3,Collins D.,Mertens E.,22,30,2140.0,1646.0,2,0,6,3,6,4,,,,,,,completed,1.33,3.4,1.42,3.14,1.44,3.4,1.35,3.15,2024_17_charleston_charleston_open,2024_17_charleston_charleston_open_2024-04-05_QF_collins_d_mertens_e
tennis_data_uk,wta,2024,17,Charleston Open,Charleston,2024-04-06,wta_500,True,clay,QF,8,3,Sakkari M.,Kudermetova V.,7,19,4030.0,2305.0,2,0,6,2,6,4,,,,,,,completed,1.4,3.0,1.51,2.77,1.51,3.39,1.46,2.75,2024_17_charleston_charleston_open,2024_17_charleston_charleston_open_2024-04-06_QF_sakkari_m_kudermetova_v
tennis_data_uk,wta,2024,17,Charleston Open,Charleston,2024-04-06,wta_500,True,clay,SF,4,3,Kasatkina D.,Pegula J.,11,5,3173.0,4860.0,2,1,6,4,4,6,7,6,,,,,completed,2.5,1.53,2.49,1.6,2.6,1.6,2.45,1.55,2024_17_charleston_charleston_open,2024_17_charleston_charleston_open_2024-04-06_SF_kasatkina_d_pegula_j
tennis_data_uk,wta,2024,17,Charleston Open,Charleston,2024-04-06,wta_500,True,clay,SF,4,3,Collins D.,Sakkari M.,22,7,2140.0,4030.0,2,0,6,3,6,3,,,,,,,completed,1.67,2.2,1.75,2.2,1.77,2.31,1.7,2.14,2024_17_charleston_charleston_open,2024_17_charleston_charleston_open_2024-04-06_SF_collins_d_sakkari_m
tennis_data_uk,wta,2024,17,Charleston Open,Charleston,2024-04-07,wta_500,True,clay,F,2,3,Collins D.,Kasatkina D.,22,11,2140.0,3173.0,2,0,6,2,6,1,,,,,,,completed,1.36,3.2,1.37,3.41,1.38,3.41,1.35,3.19,2024_17_charleston_charleston_open,2024_17_charleston_charleston_open_2024-04-07_F_collins_d_kasatkina_d
tennis_data_uk,wta,2024,18,Open de Rouen,Rouen,2024-04-15,wta_250,False,clay,R32,32,3,Linette M.,Jacquemot E.,60,157,1085.0,478.0,2,0,7,5,6,1,,,,,,,completed,1.53,2.5,1.53,2.63,1.54,2.75,1.5,2.54,2024_18_rouen_open_de_rouen,2024_18_rouen_open_de_rouen_2024-04-15_R32_linette_m_jacquemot_e
tennis_data_uk,wta,2024,18,Open de Rouen,Rouen,2024-04-15,wta_250,False,clay,R32,32,3,Andreeva M.,Podoroska N.,43,65,1343.0,1051.0,2,0,6,1,6,3,,,,,,,completed,1.3,3.5,1.38,3.21,1.39,3.5,1.35,3.11,2024_18_rouen_open_de_rouen,2024_18_rouen_open_de_rouen_2024-04-15_R32_andreeva_m_podoroska_n
tennis_data_uk,wta,2024,18,Open de Rouen,Rouen,2024-04-15,wta_250,False,clay,R32,32,3,Stephens S.,Stearns P.,39,79,1407.0,882.0,2,1,1,6,6,1,6,3,,,,,completed,1.4,3.0,1.46,2.88,1.5,2.88,1.44,2.75,2024_18_rouen_open_de_rouen,2024_18_rouen_open_de_rouen_2024-04-15_R32_stephens_s_stearns_p
tennis_data_uk,wta,2024,18,Open de Rouen,Rouen,2024-04-15,wta_250,False,clay,R32,32,3,Pliskova Ka.,Kudermetova P.,47,178,1227.0,413.0,2,1,7,5,1,6,7,5,,,,,completed,1.36,3.2,1.4,3.15,1.41,3.25,1.36,3.09,2024_18_rouen_open_de_rouen,2024_18_rouen_open_de_rouen_2024-04-15_R32_pliskova_ka_kudermetova_p
tennis_data_uk,wta,2024,18,Open de Rouen,Rouen,2024-04-16,wta_250,False,clay,R32,32,3,Stevanovic N.,Blinkova A.,204,45,376.0,1275.0,2,1,7,6,3,6,7,6,,,,,completed,4.0,1.25,4.46,1.24,4.54,1.29,4.02,1.24,2024_18_rouen_open_de_rouen,2024_18_rouen_open_de_rouen_2024-04-16_R32_stevanovic_n_blinkova_a
tennis_data_uk,wta,2024,18,Open de Rouen,Rouen,2024-04-16,wta_250,False,clay,R32,32,3,Avanesyan E.,Ferro F.,67,144,1024.0,520.0,2,1,6,2,1,6,7,5,,,,,completed,1.53,2.5,1.6,2.45,1.6,2.51,1.56,2.4,2024_18_rouen_open_de_rouen,2024_18_rouen_open_de_rouen_2024-04-16_R32_avanesyan_e_ferro_f
tennis_data_uk,wta,2024,18,Open de Rouen,Rouen,2024-04-16,wta_250,False,clay,R32,32,3,Kalinina A.,Cornet A.,32,106,1623.0,728.0,2,0,6,4,7,5,,,,,,,completed,1.17,5.0,1.17,5.58,1.2,5.7,1.16,5.03,2024_18_rouen_open_de_rouen,2024_18_rouen_open_de_rouen_2024-04-16_R32_kalinina_a_cornet_a
tennis_data_uk,wta,2024,18,Open de Rouen,Rouen,2024-04-16,wta_250,False,clay,R32,32,3,Rus A.,Montgomery R.,53,181,1188.0,408.0,2,0,6,3,6,1,,,,,,,completed,1.53,2.5,1.58,2.48,1.6,2.67,1.56,2.41,2024_18_rouen_open_de_rouen,2024_18_rouen_open_de_rouen_2024-04-16_R32_rus_a_montgomery_r
tennis_data_uk,wta,2024,18,Open de Rouen,Rouen,2024-04-16,wta_250,False,clay,R32,32,3,Burel C.,Zavatska K.,44,182,1296.0,401.0,2,1,3,6,6,3,6,2,,,,,completed,1.3,3.5,1.33,3.56,1.35,3.66,1.3,3.43,2024_18_rouen_open_de_rouen,2024_18_rouen_open_de_rouen_2024-04-16_R32_burel_c_zavatska_k
tennis_data_uk,wta,2024,18,Open de Rouen,Rouen,2024-04-16,wta_250,False,clay,R32,32,3,Yuan Y.,Sherif M.,38,72,1451.0,973.0,2,0,6,3,7,6,,,,,,,completed,2.0,1.8,2.05,1.83,2.05,1.93,1.95,1.83,2024_18_rouen_open_de_rouen,2024_18_rouen_open_de_rouen_2024-04-16_R32_yuan_y_sherif_m
tennis_data_uk,wta,2024,18,Open de Rouen,Rouen,2024-04-16,wta_250,False,clay,R32,32,3,Garcia C.,Cocciaretto E.,23,55,2070.0,1149.0,2,1,6,1,3,6,7,5,,,,,completed,1.67,2.2,1.75,2.17,1.75,2.25,1.68,2.15,2024_18_rouen_open_de_rouen,2024_18_rouen_open_de_rouen_2024-04-16_R32_garcia_c_cocciaretto_e
tennis_data_uk,wta,2024,18,Open de Rouen,Rouen,2024-04-16,wta_250,False,clay,R32,32,3,Pavlyuchenkova A.,Robbe A.,22,265,2141.0,276.0,2,0,6,2,6,2,,,,,,,completed,1.06,10.0,,,1.06,14.21,1.04,10.4,2024_18_rouen_open_de_rouen,2024_18_rouen_open_de_rouen_2024-04-16_R32_pavlyuchenkova_a_robbe_a
tennis_data_uk,wta,2024,18,Open de Rouen,Rouen,2024-04-17,wta_250,False,clay,R32,32,3,Gracheva V.,Tomova V.,94,81,763.0,866.0,2,1,6,2,3,6,7,5,,,,,completed,2.0,1.8,2.08,1.81,2.1,1.82,2.02,1.77,2024_18_rouen_open_de_rouen,2024_18_rouen_open_de_rouen_2024-04-17_R32_gracheva_v_tomova_v
tennis_data_uk,wta,2024,18,Open de Rouen,Rouen,2024-04-17,wta_250,False,clay,R32,32,3,Ruse E.G.,Hibino N.,162,85,460.0,846.0,2,0,6,2,6,1,,,,,,,completed,1.53,2.5,1.5,2.71,1.55,2.75,1.49,2.59,2024_18_rouen_open_de_rouen,2024_18_rouen_open_de_rouen_2024-04-17_R32_ruse_e_g_hibino_n
tennis_data_uk,wta,2024,18,Open de Rouen,Rouen,2024-04-17,wta_250,False,clay,R32,32,3,Trevisan M.,Osaka N.,78,192,898.0,388.0,2,0,6,4,6,2,,,,,,,completed,3.2,1.36,2.97,1.43,3.2,1.43,2.95,1.38,2024_18_rouen_open_de_rouen,2024_18_rouen_open_de_rouen_2024-04-17_R32_trevisan_m_osaka_n
tennis_data_uk,wta,2024,18,Open de Rouen,Rouen,2024-04-17,wta_250,False,clay,R32,32,3,Schmiedlova A.,Parry D.,68,49,983.0,1215.0,0,1,3,6,3,1,,,,,,,retired,3.5,1.3,3.34,1.36,3.53,1.36,3.32,1.32,2024_18_rouen_open_de_rouen,2024_18_rouen_open_de_rouen_2024-04-17_R32_schmiedlova_a_parry_d
tennis_data_uk,wta,2024,18,Open de Rouen,Rouen,2024-04-17,wta_250,False,clay,R16,16,3,Linette M.,Stevanovic N.,60,204,1085.0,376.0,2,0,6,2,6,1,,,,,,,completed,1.29,3.75,1.26,4.23,1.29,4.25,1.24,3.97,2024_18_rouen_open_de_rouen,2024_18_rouen_open_de_rouen_2024-04-17_R16_linette_m_stevanovic_n
tennis_data_uk,wta,2024,18,Open de Rouen,Rouen,2024-04-17,wta_250,False,clay,R16,16,3,Andreeva M.,Avanesyan E.,43,67,1343.0,1024.0,2,0,7,5,6,4,,,,,,,completed,1.22,4.33,1.25,4.35,1.29,4.35,1.23,4.06,2024_18_rouen_open_de_rouen,2024_18_rouen_open_de_rouen_2024-04-17_R16_andreeva_m_avanesyan_e
tennis_data_uk,wta,2024,18,Open de Rouen,Rouen,2024-04-17,wta_250,False,clay,R16,16,3,Stephens S.,Pliskova Ka.,39,47,1407.0,1227.0,2,0,6,3,6,2,,,,,,,completed,1.4,3.0,1.47,2.86,1.47,3.0,1.42,2.81,2024_18_rouen_open_de_rouen,2024_18_rouen_open_de_rouen_2024-04-17_R16_stephens_s_pliskova_ka
tennis_data_uk,wta,2024,18,Open de Rouen,Rouen,2024-04-18,wta_250,False,clay,R16,16,3,Yuan Y.,Gracheva V.,38,94,1451.0,763.0,2,1,6,4,4,6,7,6,,,,,completed,1.67,2.2,1.77,2.16,1.77,2.3,1.69,2.14,2024_18_rouen_open_de_rouen,2024_18_rouen_open_de_rouen_2024-04-18_R16_yuan_y_gracheva_v
tennis_data_uk,wta,2024,18,Open de Rouen,Rouen,2024-04-18,wta_250,False,clay,R16,16,3,Rus A.,Pavlyuchenkova A.,53,22,1188.0,2141.0,2,1,6,3,1,6,6,3,,,,,completed,3.0,1.4,3.3,1.38,3.39,1.4,3.1,1.36,2024_18_rouen_open_de_rouen,2024_18_rouen_open_de_rouen_2024-04-18_R16_rus_a_pavlyuchenkova_a
tennis_data_uk,wta,2024,18,Open de Rouen,Rouen,2024-04-18,wta_250,False,clay,R16,16,3,Ruse E.G.,Burel C.,162,44,460.0,1296.0,2,1,6,0,2,6,6,3,,,,,completed,2.2,1.67,2.32,1.68,2.46,1.68,2.25,1.63,2024_18_rouen_open_de_rouen,2024_18_rouen_open_de_rouen_2024-04-18_R16_ruse_e_g_burel_c
tennis_data_uk,wta,2024,18,Open de Rouen,Rouen,2024-04-18,wta_250,False,clay,R16,16,3,Garcia C.,Schmiedlova A.,23,68,2070.0,983.0,2,0,6,1,6,0,,,,,,,completed,1.22,4.33,1.29,3.94,1.29,4.5,1.24,3.94,2024_18_rouen_open_de_rouen,2024_18_rouen_open_de_rouen_2024-04-18_R16_garcia_c_schmiedlova_a
tennis_data_uk,wta,2024,18,Open de Rouen,Rouen,2024-04-18,wta_250,False,clay,R16,16,3,Kalinina A.,Trevisan M.,32,78,1623.0,898.0,2,0,6,2,6,3,,,,,,,completed,1.53,2.5,1.54,2.63,1.59,2.7,1.52,2.49,2024_18_rouen_open_de_rouen,2024_18_rouen_open_de_rouen_2024-04-18_R16_kalinina_a_trevisan_m
tennis_data_uk,wta,2024,18,Open de Rouen,Rouen,2024-04-19,wta_250,False,clay,QF,8,3,Stephens S.,Yuan Y.,39,38,1407.0,1451.0,2,0,6,2,6,2,,,,,,,completed,1.29,3.75,1.33,3.7,1.33,3.89,1.29,3.57,2024_18_rouen_open_de_rouen,2024_18_rouen_open_de_rouen_2024-04-19_QF_stephens_s_yuan_y
tennis_data_uk,wta,2024,18,Open de Rouen,Rouen,2024-04-19,wta_250,False,clay,QF,8,3,Linette M.,Rus A.,60,53,1085.0,1188.0,2,0,7,6,6,1,,,,,,,completed,2.1,1.73,2.09,1.83,2.16,1.83,2.07,1.75,2024_18_rouen_open_de_rouen,2024_18_rouen_open_de_rouen_2024-04-19_QF_linette_m_rus_a
tennis_data_uk,wta,2024,18,Open de Rouen,Rouen,2024-04-19,wta_250,False,clay,QF,8,3,Garcia C.,Ruse E.G.,23,162,2070.0,460.0,2,0,6,3,6,4,,,,,,,completed,1.3,3.5,1.32,3.74,1.33,3.74,1.3,3.45,2024_18_rouen_open_de_rouen,2024_18_rouen_open_de_rouen_2024-04-19_QF_garcia_c_ruse_e_g
tennis_data_uk,wta,2024,18,Open de Rouen,Rouen,2024-04-19,wta_250,False,clay,QF,8,3,Kalinina A.,Andreeva M.,32,43,1623.0,1343.0,2,0,6,4,7,5,,,,,,,completed,2.3,1.62,2.45,1.63,2.45,1.67,2.34,1.59,2024_18_rouen_open_de_rouen,2024_18_rouen_open_de_rouen_2024-04-19_QF_kalinina_a_andreeva_m
tennis_data_uk,wta,2024,18,Open de Rouen,Rouen,2024-04-20,wta_250,False,clay,SF,4,3,Stephens S.,Garcia C.,39,23,1407.0,2070.0,2,0,6,3,6,2,,,,,,,completed,1.91,1.91,1.98,1.93,2.03,1.95,1.92,1.88,2024_18_rouen_open_de_rouen,2024_18_rouen_open_de_rouen_2024-04-20_SF_stephens_s_garcia_c
tennis_data_uk,wta,2024,18,Open de Rouen,Rouen,2024-04-20,wta_250,False,clay,SF,4,3,Linette M.,Kalinina A.,60,32,1085.0,1623.0,2,1,6,1,4,6,6,2,,,,,completed,3.0,1.4,3.14,1.42,3.19,1.42,3.03,1.38,2024_18_rouen_open_de_rouen,2024_18_rouen_open_de_rouen_2024-04-20_SF_linette_m_kalinina_a
tennis_data_uk,wta,2024,18,Open de Rouen,Rouen,2024-04-21,wta_250,False,clay,F,2,3,Stephens S.,Linette M.,39,60,1407.0,1085.0,2,1,6,1,2,6,6,2,,,,,completed,1.44,2.75,1.48,2.88,1.48,2.88,1.44,2.79,2024_18_rouen_open_de_rouen,2024_18_rouen_open_de_rouen_2024-04-21_F_stephens_s_linette_m
tennis_data_uk,wta,2024,19,Porsche Tennis Grand Prix,Stuttgart,2024-04-15,wta_500,False,clay,R32,32,3,Vickery S.,Sasnovich A.,134,110,550.0,701.0,2,0,7,6,7,5,,,,,,,completed,2.1,1.73,2.01,1.86,2.15,1.86,2.07,1.74,2024_19_stuttgart_porsche_tennis_grand_prix,2024_19_stuttgart_porsche_tennis_grand_prix_2024-04-15_R32_vickery_s_sasnovich_a
tennis_data_uk,wta,2024,19,Porsche Tennis Grand Prix,Stuttgart,2024-04-15,wta_500,False,clay,R32,32,3,Badosa P.,Shnaider D.,93,62,777.0,1055.0,2,0,6,3,6,4,,,,,,,completed,1.73,2.1,1.83,2.06,1.83,2.12,1.77,2.04,2024_19_stuttgart_porsche_tennis_grand_prix,2024_19_stuttgart_porsche_tennis_grand_prix_2024-04-15_R32_badosa_p_shnaider_d
tennis_data_uk,wta,2024,19,Porsche Tennis Grand Prix,Stuttgart,2024-04-15,wta_500,False,clay,R32,32,3,Kudermetova V.,Krejcikova B.,19,24,2383.0,1996.0,2,1,5,7,6,4,6,4,,,,,completed,1.73,2.1,1.77,2.14,1.8,2.14,1.74,2.07,2024_19_stuttgart_porsche_tennis_grand_prix,2024_19_stuttgart_porsche_tennis_grand_prix_2024-04-15_R32_kudermetova_v_krejcikova_b
tennis_data_uk,wta,2024,19,Porsche Tennis Grand Prix,Stuttgart,2024-04-16,wta_500,False,clay,R32,32,3,Paolini J.,Errani S.,14,102,2865.0,737.0,2,0,6,1,6,0,,,,,,,completed,1.25,4.0,1.26,4.17,1.32,4.17,1.25,3.84,2024_19_stuttgart_porsche_tennis_grand_prix,2024_19_stuttgart_porsche_tennis_grand_prix_2024-04-16_R32_paolini_j_errani_s
tennis_data_uk,wta,2024,19,Porsche Tennis Grand Prix,Stuttgart,2024-04-16,wta_500,False,clay,R32,32,3,Zheng Q.,Cirstea S.,7,29,3995.0,1748.0,2,0,6,2,6,3,,,,,,,completed,1.44,2.75,1.43,2.97,1.46,3.0,1.42,2.8,2024_19_stuttgart_porsche_tennis_grand_prix,2024_19_stuttgart_porsche_tennis_grand_prix_2024-04-16_R32_zheng_q_cirstea_s
tennis_data_uk,wta,2024,19,Porsche Tennis Grand Prix,Stuttgart,2024-04-16,wta_500,False,clay,R32,32,3,Vondrousova M.,Vekic D.,8,37,3895.0,1488.0,2,0,6,4,6,3,,,,,,,completed,1.4,3.0,1.39,3.18,1.46,3.18,1.39,2.94,2024_19_stuttgart_porsche_tennis_grand_prix,2024_19_stuttgart_porsche_tennis_grand_prix_2024-04-16_R32_vondrousova_m_vekic_d
tennis_data_uk,wta,2024,19,Porsche Tennis Grand Prix,Stuttgart,2024-04-16,wta_500,False,clay,R32,32,3,Mertens E.,Maria T.,30,66,1744.0,1044.0,2,1,6,1,4,6,6,0,,,,,completed,1.25,4.0,1.25,4.4,1.26,4.48,1.23,4.11,2024_19_stuttgart_porsche_tennis_grand_prix,2024_19_stuttgart_porsche_tennis_grand_prix_2024-04-16_R32_mertens_e_maria_t
tennis_data_uk,wta,2024,19,Porsche Tennis Grand Prix,Stuttgart,2024-04-16,wta_500,False,clay,R32,32,3,Noskova L.,Ostapenko J.,31,10,1643.0,3438.0,2,0,6,3,6,1,,,,,,,completed,2.0,1.8,2.04,1.84,2.1,1.84,2.01,1.78,2024_19_stuttgart_porsche_tennis_grand_prix,2024_19_stuttgart_porsche_tennis_grand_prix_2024-04-16_R32_noskova_l_ostapenko_j
tennis_data_uk,wta,2024,19,Porsche Tennis Grand Prix,Stuttgart,2024-04-17,wta_500,False,clay,R32,32,3,Jabeur O.,Alexandrova E.,9,16,3658.0,2560.0,2,1,2,6,6,3,7,6,,,,,completed,2.1,1.73,2.17,1.75,2.3,1.75,2.12,1.71,2024_19_stuttgart_porsche_tennis_grand_prix,2024_19_stuttgart_porsche_tennis_grand_prix_2024-04-17_R32_jabeur_o_alexandrova_e
tennis_data_uk,wta,2024,19,Porsche Tennis Grand Prix,Stuttgart,2024-04-17,wta_500,False,clay,R32,32,3,Kostyuk M.,Siegemund L.,27,84,1911.0,848.0,2,1,6,3,6,7,6,4,,,,,completed,1.67,2.2,1.75,2.16,1.75,2.21,1.7,2.14,2024_19_stuttgart_porsche_tennis_grand_prix,2024_19_stuttgart_porsche_tennis_grand_prix_2024-04-17_R32_kostyuk_m_siegemund_l
tennis_data_uk,wta,2024,19,Porsche Tennis Grand Prix,Stuttgart,2024-04-17,wta_500,False,clay,R32,32,3,Potapova A.,Samsonova L.,36,17,1502.0,2550.0,2,1,6,4,4,6,6,3,,,,,completed,2.0,1.8,2.02,1.85,2.03,1.88,1.95,1.83,2024_19_stuttgart_porsche_tennis_grand_prix,2024_19_stuttgart_porsche_tennis_grand_prix_2024-04-17_R32_potapova_a_samsonova_l
tennis_data_uk,wta,2024,19,Porsche Tennis Grand Prix,Stuttgart,2024-04-17,wta_500,False,clay,R32,32,3,Raducanu E.,Kerber A.,303,332,236.0,201.0,2,0,6,2,6,1,,,,,,,completed,1.4,3.0,1.42,3.02,1.44,3.11,1.4,2.9,2024_19_stuttgart_porsche_tennis_grand_prix,2024_19_stuttgart_porsche_tennis_grand_prix_2024-04-17_R32_raducanu_e_kerber_a
tennis_data_uk,wta,2024,19,Porsche Tennis Grand Prix,Stuttgart,2024-04-17,wta_500,False,clay,R16,16,3,Gauff C.,Vickery S.,3,134,7205.0,550.0,2,1,6,3,4,6,7,5,,,,,completed,1.06,10.0,1.06,12.02,1.11,12.02,1.06,9.32,2024_19_stuttgart_porsche_tennis_grand_prix,2024_19_stuttgart_porsche_tennis_grand_prix_2024-04-17_R16_gauff_c_vickery_s
tennis_data_uk,wta,2024,19,Porsche Tennis Grand Prix,Stuttgart,2024-04-17,wta_500,False,clay,R16,16,3,Sabalenka A.,Badosa P.,2,93,8045.0,777.0,1,1,7,6,4,6,3,3,,,,,retired,1.36,3.2,1.35,3.49,1.36,3.49,1.33,3.24,2024_19_stuttgart_porsche_tennis_grand_prix,2024_19_stuttgart_porsche_tennis_grand_prix_2024-04-17_R16_sabalenka_a_badosa_p
tennis_data_uk,wta,2024,19,Porsche Tennis Grand Prix,Stuttgart,2024-04-18,wta_500,False,clay,R16,16,3,Rybakina E.,Kudermetova V.,4,19,5848.0,2383.0,2,1,7,6,1,6,6,4,,,,,completed,1.25,4.0,1.3,3.88,1.34,4.01,1.27,3.7,2024_19_stuttgart_porsche_tennis_grand_prix,2024_19_stuttgart_porsche_tennis_grand_prix_2024-04-18_R16_rybakina_e_kudermetova_v
tennis_data_uk,wta,2024,19,Porsche Tennis Grand Prix,Stuttgart,2024-04-18,wta_500,False,clay,R16,16,3,Vondrousova M.,Potapova A.,8,36,3895.0,1502.0,2,0,7,6,6,1,,,,,,,completed,1.44,2.75,1.52,2.69,1.53,2.8,1.48,2.64,2024_19_stuttgart_porsche_tennis_grand_prix,2024_19_stuttgart_porsche_tennis_grand_prix_2024-04-18_R16_vondrousova_m_potapova_a
tennis_data_uk,wta,2024,19,Porsche Tennis Grand Prix,Stuttgart,2024-04-18,wta_500,False,clay,R16,16,3,Paolini J.,Jabeur O.,14,9,2865.0,3658.0,2,0,7,6,6,4,,,,,,,completed,1.73,2.1,1.75,2.18,1.75,2.25,1.7,2.14,2024_19_stuttgart_porsche_tennis_grand_prix,2024_19_stuttgart_porsche_tennis_grand_prix_2024-04-18_R16_paolini_j_jabeur_o
tennis_data_uk,wta,2024,19,Porsche Tennis Grand Prix,Stuttgart,2024-04-18,wta_500,False,clay,R16,16,3,Swiatek I.,Mertens E.,1,30,10835.0,1744.0,2,0,6,3,6,4,,,,,,,completed,1.04,13.0,1.03,19.22,1.05,19.22,1.03,12.76,2024_19_stuttgart_porsche_tennis_grand_prix,2024_19_stuttgart_porsche_tennis_grand_prix_2024-04-18_R16_swiatek_i_mertens_e
tennis_data_uk,wta,2024,19,Porsche Tennis Grand Prix,Stuttgart,2024-04-18,wta_500,False,clay,R16,16,3,Raducanu E.,Noskova L.,303,31,236.0,1643.0,2,0,6,0,7,5,,,,,,,completed,2.5,1.53,2.55,1.57,2.55,1.62,2.43,1.55,2024_19_stuttgart_porsche_tennis_grand_prix,2024_19_stuttgart_porsche_tennis_grand_prix_2024-04-18_R16_raducanu_e_noskova_l
tennis_data_uk,wta,2024,19,Porsche Tennis Grand Prix,Stuttgart,2024-04-18,wta_500,False,clay,R16,16,3,Kostyuk M.,Zheng Q.,27,7,1911.0,3995.0,2,1,6,2,4,6,7,5,,,,,completed,3.4,1.33,3.59,1.33,3.85,1.36,3.37,1.32,2024_19_stuttgart_porsche_tennis_grand_prix,2024_19_stuttgart_porsche_tennis_grand_prix_2024-04-18_R16_kostyuk_m_zheng_q
tennis_data_uk,wta,2024,19,Porsche Tennis Grand Prix,Stuttgart,2024-04-19,wta_500,False,clay,QF,8,3,Rybakina E.,Paolini J.,4,14,5848.0,2865.0,2,1,6,3,5,7,6,3,,,,,completed,1.5,2.63,1.55,2.64,1.55,2.85,1.5,2.59,2024_19_stuttgart_porsche_tennis_grand_prix,2024_19_stuttgart_porsche_tennis_grand_prix_2024-04-19_QF_rybakina_e_paolini_j
tennis_data_uk,wta,2024,19,Porsche Tennis Grand Prix,Stuttgart,2024-04-19,wta_500,False,clay,QF,8,3,Vondrousova M.,Sabalenka A.,8,2,3895.0,8045.0,2,1,3,6,6,3,7,5,,,,,completed,2.5,1.53,2.64,1.55,2.64,1.57,2.49,1.53,2024_19_stuttgart_porsche_tennis_grand_prix,2024_19_stuttgart_porsche_tennis_grand_prix_2024-04-19_QF_vondrousova_m_sabalenka_a
tennis_data_uk,wta,2024,19,Porsche Tennis Grand Prix,Stuttgart,2024-04-19,wta_500,False,clay,QF,8,3,Swiatek I.,Raducanu E.,1,303,10835.0,236.0,2,0,7,6,6,3,,,,,,,completed,1.11,6.5,1.09,9.71,1.12,9.71,1.09,7.42,2024_19_stuttgart_porsche_tennis_grand_prix,2024_19_stuttgart_porsche_tennis_grand_prix_2024-04-19_QF_swiatek_i_raducanu_e
tennis_data_uk,wta,2024,19,Porsche Tennis Grand Prix,Stuttgart,2024-04-19,wta_500,False,clay,QF,8,3,Kostyuk M.,Gauff C.,27,3,1911.0,7205.0,2,1,3,6,6,4,7,6,,,,,completed,2.75,1.44,2.83,1.49,2.83,1.5,2.72,1.45,2024_19_stuttgart_porsche_tennis_grand_prix,2024_19_stuttgart_porsche_tennis_grand_prix_2024-04-19_QF_kostyuk_m_gauff_c
tennis_data_uk,wta,2024,19,Porsche Tennis Grand Prix,Stuttgart,2024-04-20,wta_500,False,clay,SF,4,3,Rybakina E.,Swiatek I.,4,1,5848.0,10835.0,2,1,6,3,4,6,6,3,,,,,completed,4.5,1.2,4.93,1.22,4.97,1.23,4.47,1.2,2024_19_stuttgart_porsche_tennis_grand_prix,2024_19_stuttgart_porsche_tennis_grand_prix_2024-04-20_SF_rybakina_e_swiatek_i
tennis_data_uk,wta,2024,19,Porsche Tennis Grand Prix,Stuttgart,2024-04-20,wta_500,False,clay,SF,4,3,Kostyuk M.,Vondrousova M.,27,8,1911.0,3895.0,2,0,7,6,6,2,,,,,,,completed,3.0,1.4,2.99,1.45,3.0,1.47,2.84,1.42,2024_19_stuttgart_porsche_tennis_grand_prix,2024_19_stuttgart_porsche_tennis_grand_prix_2024-04-20_SF_kostyuk_m_vondrousova_m
tennis_data_uk,wta,2024,19,Porsche Tennis Grand Prix,Stuttgart,2024-04-21,wta_500,False,clay,F,2,3,Rybakina E.,Kostyuk M.,4,27,5848.0,1911.0,2,0,6,2,6,2,,,,,,,completed,1.3,3.5,1.36,3.43,1.39,3.5,1.34,3.24,2024_19_stuttgart_porsche_tennis_grand_prix,2024_19_stuttgart_porsche_tennis_grand_prix_2024-04-21_F_rybakina_e_kostyuk_m
tennis_data_uk,wta,2024,20,Mutua Madrid Open,Madrid,2024-04-23,wta_1000,True,clay,R128,128,3,Eala A.,Tsurenko L.,170,41,440.0,1363.0,2,1,2,6,6,4,6,4,,,,,completed,4.33,1.22,4.28,1.26,4.53,1.26,4.14,1.23,2024_20_madrid_mutua_madrid_open,2024_20_madrid_mutua_madrid_open_2024-04-23_R128_eala_a_tsurenko_l
tennis_data_uk,wta,2024,20,Mutua Madrid Open,Madrid,2024-04-23,wta_1000,True,clay,R128,128,3,Rus A.,Fruhvirtova B.,47,106,1222.0,729.0,2,0,7,5,6,3,,,,,,,completed,2.0,1.8,1.97,1.92,2.04,1.92,1.97,1.82,2024_20_madrid_mutua_madrid_open,2024_20_madrid_mutua_madrid_open_2024-04-23_R128_rus_a_fruhvirtova_b
tennis_data_uk,wta,2024,20,Mutua Madrid Open,Madrid,2024-04-23,wta_1000,True,clay,R128,128,3,Podoroska N.,Siniakova K.,66,40,1051.0,1377.0,2,0,6,2,7,6,,,,,,,completed,2.2,1.67,2.2,1.74,2.28,1.74,2.17,1.68,2024_20_madrid_mutua_madrid_open,2024_20_madrid_mutua_madrid_open_2024-04-23_R128_podoroska_n_siniakova_k
tennis_data_uk,wta,2024,20,Mutua Madrid Open,Madrid,2024-04-23,wta_1000,True,clay,R128,128,3,Maria T.,Stearns P.,67,87,1019.0,798.0,2,1,6,7,6,2,7,6,,,,,completed,2.63,1.5,2.82,1.48,2.82,1.5,2.72,1.46,2024_20_madrid_mutua_madrid_open,2024_20_madrid_mutua_madrid_open_2024-04-23_R128_maria_t_stearns_p
tennis_data_uk,wta,2024,20,Mutua Madrid Open,Madrid,2024-04-23,wta_1000,True,clay,R128,128,3,Begu I.,Fruhvirtova L.,128,146,612.0,521.0,2,0,6,4,7,6,,,,,,,completed,1.4,3.0,1.38,3.29,1.42,3.3,1.37,3.07,2024_20_madrid_mutua_madrid_open,2024_20_madrid_mutua_madrid_open_2024-04-23_R128_begu_i_fruhvirtova_l
tennis_data_uk,wta,2024,20,Mutua Madrid Open,Madrid,2024-04-23,wta_1000,True,clay,R128,128,3,Potapova A.,Shnaider D.,39,61,1377.0,1079.0,2,0,7,5,6,4,,,,,,,completed,1.73,2.1,1.81,2.1,1.81,2.2,1.72,2.11,2024_20_madrid_mutua_madrid_open,2024_20_madrid_mutua_madrid_open_2024-04-23_R128_potapova_a_shnaider_d
tennis_data_uk,wta,2024,20,Mutua Madrid Open,Madrid,2024-04-23,wta_1000,True,clay,R128,128,3,Wang Xiy.,Bogdan A.,52,64,1174.0,1054.0,2,1,6,7,7,6,6,2,,,,,completed,1.8,2.0,1.76,2.17,1.81,2.2,1.75,2.07,2024_20_madrid_mutua_madrid_open,2024_20_madrid_mutua_madrid_open_2024-04-23_R128_wang_xiy_bogdan_a
tennis_data_uk,wta,2024,20,Mutua Madrid Open,Madrid,2024-04-23,wta_1000,True,clay,R128,128,3,Schmiedlova A.,Kenin S.,68,60,1000.0,1080.0,2,0,6,3,6,4,,,,,,,completed,2.0,1.8,1.95,1.93,2.01,1.93,1.92,1.88,2024_20_madrid_mutua_madrid_open,2024_20_madrid_mutua_madrid_open_2024-04-23_R128_schmiedlova_a_kenin_s
tennis_data_uk,wta,2024,20,Mutua Madrid Open,Madrid,2024-04-24,wta_1000,True,clay,R128,128,3,Bouzas Maneiro J.,Badosa P.,93,101,782.0,737.0,2,1,2,6,6,3,6,3,,,,,completed,3.0,1.4,2.92,1.46,3.0,1.46,2.83,1.42,2024_20_madrid_mutua_madrid_open,2024_20_madrid_mutua_madrid_open_2024-04-24_R128_bouzas_maneiro_j_badosa_p
tennis_data_uk,wta,2024,20,Mutua Madrid Open,Madrid,2024-04-24,wta_1000,True,clay,R128,128,3,Jimenez Kasintseva V.,Zhu L.,335,57,200.0,1097.0,2,0,6,4,6,3,,,,,,,completed,2.3,1.62,2.23,1.72,2.45,1.72,2.34,1.59,2024_20_madrid_mutua_madrid_open,2024_20_madrid_mutua_madrid_open_2024-04-24_R128_jimenez_kasintseva_v_zhu_l
tennis_data_uk,wta,2024,20,Mutua Madrid Open,Madrid,2024-04-24,wta_1000,True,clay,R128,128,3,Sherif M.,Davis L.,72,166,924.0,448.0,2,1,4,6,7,6,6,4,,,,,completed,1.3,3.5,1.34,3.52,1.35,4.0,1.29,3.54,2024_20_madrid_mutua_madrid_open,2024_20_madrid_mutua_madrid_open_2024-04-24_R128_sherif_m_davis_l
tennis_data_uk,wta,2024,20,Mutua Madrid Open,Madrid,2024-04-24,wta_1000,True,clay,R128,128,3,Putintseva Y.,Yuan Y.,50,37,1213.0,1480.0,2,0,6,2,6,4,,,,,,,completed,1.57,2.38,1.58,2.52,1.62,2.6,1.55,2.44,2024_20_madrid_mutua_madrid_open,2024_20_madrid_mutua_madrid_open_2024-04-24_R128_putintseva_y_yuan_y
tennis_data_uk,wta,2024,20,Mutua Madrid Open,Madrid,2024-04-24,wta_1000,True,clay,R128,128,3,Stephens S.,Trevisan M.,33,76,1625.0,918.0,2,1,6,3,5,7,6,4,,,,,completed,1.3,3.5,1.3,3.87,1.34,3.87,1.31,3.44,2024_20_madrid_mutua_madrid_open,2024_20_madrid_mutua_madrid_open_2024-04-24_R128_stephens_s_trevisan_m
tennis_data_uk,wta,2024,20,Mutua Madrid Open,Madrid,2024-04-24,wta_1000,True,clay,R128,128,3,Sorribes Tormo S.,Pera B.,55,79,1148.0,910.0,2,0,7,5,6,2,,,,,,,completed,2.3,1.62,2.56,1.57,2.56,1.63,2.35,1.59,2024_20_madrid_mutua_madrid_open,2024_20_madrid_mutua_madrid_open_2024-04-24_R128_sorribes_tormo_s_pera_b
tennis_data_uk,wta,2024,20,Mutua Madrid Open,Madrid,2024-04-24,wta_1000,True,clay,R128,128,3,Vekic D.,Siegemund L.,38,83,1443.0,849.0,2,0,6,1,6,2,,,,,,,completed,2.1,1.73,2.27,1.7,2.27,1.84,2.11,1.72,2024_20_madrid_mutua_madrid_open,2024_20_madrid_mutua_madrid_open_2024-04-24_R128_vekic_d_siegemund_l
tennis_data_uk,wta,2024,20,Mutua Madrid Open,Madrid,2024-04-24,wta_1000,True,clay,R128,128,3,Osaka N.,Minnen G.,197,69,389.0,990.0,2,0,6,4,6,1,,,,,,,completed,1.29,3.75,1.3,3.87,1.32,3.87,1.27,3.69,2024_20_madrid_mutua_madrid_open,2024_20_madrid_mutua_madrid_open_2024-04-24_R128_osaka_n_minnen_g
tennis_data_uk,wta,2024,20,Mutua Madrid Open,Madrid,2024-04-24,wta_1000,True,clay,R128,128,3,Arango E.,Anisimova A.,121,241,635.0,312.0,2,1,1,6,6,4,7,6,,,,,completed,4.0,1.25,4.3,1.26,4.5,1.29,4.09,1.23,2024_20_madrid_mutua_madrid_open,2024_20_madrid_mutua_madrid_open_2024-04-24_R128_arango_e_anisimova_a
tennis_data_uk,wta,2024,20,Mutua Madrid Open,Madrid,2024-04-24,wta_1000,True,clay,R128,128,3,Rogers S.,Zhang S.,352,671,185.0,58.0,2,0,6,3,6,2,,,,,,,completed,1.14,5.5,1.19,5.25,1.22,5.5,1.17,5.0,2024_20_madrid_mutua_madrid_open,2024_20_madrid_mutua_madrid_open_2024-04-24_R128_rogers_s_zhang_s
tennis_data_uk,wta,2024,20,Mutua Madrid Open,Madrid,2024-04-24,wta_1000,True,clay,R128,128,3,Bucsa C.,Dart H.,75,86,919.0,809.0,2,0,6,4,6,4,,,,,,,completed,1.36,3.2,1.37,3.32,1.4,3.32,1.37,3.08,2024_20_madrid_mutua_madrid_open,2024_20_madrid_mutua_madrid_open_2024-04-24_R128_bucsa_c_dart_h
tennis_data_uk,wta,2024,20,Mutua Madrid Open,Madrid,2024-04-24,wta_1000,True,clay,R128,128,3,Wang Xin.,Tomova V.,42,81,1346.0,866.0,2,1,5,7,7,5,6,4,,,,,completed,1.8,2.0,1.78,2.14,1.82,2.14,1.77,2.04,2024_20_madrid_mutua_madrid_open,2024_20_madrid_mutua_madrid_open_2024-04-24_R128_wang_xin_tomova_v
tennis_data_uk,wta,2024,20,Mutua Madrid Open,Madrid,2024-04-24,wta_1000,True,clay,R128,128,3,Carle M.,Raducanu E.,82,221,853.0,343.0,2,0,6,2,6,2,,,,,,,completed,4.0,1.25,4.3,1.26,4.3,1.31,3.79,1.26,2024_20_madrid_mutua_madrid_open,2024_20_madrid_mutua_madrid_open_2024-04-24_R128_carle_m_raducanu_e
tennis_data_uk,wta,2024,20,Mutua Madrid Open,Madrid,2024-04-24,wta_1000,True,clay,R128,128,3,Linette M.,Cocciaretto E.,48,54,1218.0,1149.0,2,1,3,6,6,4,6,4,,,,,completed,2.38,1.57,2.37,1.65,2.48,1.68,2.35,1.59,2024_20_madrid_mutua_madrid_open,2024_20_madrid_mutua_madrid_open_2024-04-24_R128_linette_m_cocciaretto_e
tennis_data_uk,wta,2024,20,Mutua Madrid Open,Madrid,2024-04-24,wta_1000,True,clay,R128,128,3,Dolehide C.,Bai Z.,56,90,1142.0,787.0,2,0,6,3,6,3,,,,,,,completed,1.44,2.75,1.49,2.77,1.5,3.0,1.46,2.69,2024_20_madrid_mutua_madrid_open,2024_20_madrid_mutua_madrid_open_2024-04-24_R128_dolehide_c_bai_z
tennis_data_uk,wta,2024,20,Mutua Madrid Open,Madrid,2024-04-24,wta_1000,True,clay,R128,128,3,Errani S.,Wozniacki C.,100,117,742.0,655.0,2,1,3,6,7,5,7,5,,,,,completed,3.2,1.36,3.39,1.36,3.39,1.4,3.16,1.35,2024_20_madrid_mutua_madrid_open,2024_20_madrid_mutua_madrid_open_2024-04-24_R128_errani_s_wozniacki_c
tennis_data_uk,wta,2024,20,Mutua Madrid Open,Madrid,2024-04-24,wta_1000,True,clay,R128,128,3,Bronzetti L.,Gracheva V.,46,91,1231.0,783.0,2,0,6,3,6,3,,,,,,,completed,2.2,1.67,2.08,1.82,2.2,1.82,2.05,1.76,2024_20_madrid_mutua_madrid_open,2024_20_madrid_mutua_madrid_open_2024-04-24_R128_bronzetti_l_gracheva_v
tennis_data_uk,wta,2024,20,Mutua Madrid Open,Madrid,2024-04-24,wta_1000,True,clay,R128,128,3,Cristian J.,Frech M.,73,51,923.0,1195.0,2,0,7,5,6,2,,,,,,,completed,1.62,2.3,1.68,2.3,1.68,2.32,1.63,2.25,2024_20_madrid_mutua_madrid_open,2024_20_madrid_mutua_madrid_open_2024-04-24_R128_cristian_j_frech_m
tennis_data_uk,wta,2024,20,Mutua Madrid Open,Madrid,2024-04-24,wta_1000,True,clay,R128,128,3,Krueger A.,Hibino N.,70,85,980.0,823.0,2,0,6,4,6,4,,,,,,,completed,1.36,3.2,1.4,3.16,1.41,3.3,1.37,3.04,2024_20_madrid_mutua_madrid_open,2024_20_madrid_mutua_madrid_open_2024-04-24_R128_krueger_a_hibino_n
tennis_data_uk,wta,2024,20,Mutua Madrid Open,Madrid,2024-04-24,wta_1000,True,clay,R128,128,3,Andreeva M.,Townsend T.,43,58,1317.0,1093.0,2,1,4,6,6,1,7,5,,,,,completed,1.53,2.5,1.52,2.69,1.56,2.69,1.53,2.49,2024_20_madrid_mutua_madrid_open,2024_20_madrid_mutua_madrid_open_2024-04-24_R128_andreeva_m_townsend_t
tennis_data_uk,wta,2024,20,Mutua Madrid Open,Madrid,2024-04-24,wta_1000,True,clay,R128,128,3,Bejlek S.,Blinkova A.,136,45,554.0,1275.0,2,1,4,6,6,3,6,3,,,,,completed,1.8,2.0,1.75,2.2,1.8,2.2,1.73,2.09,2024_20_madrid_mutua_madrid_open,2024_20_madrid_mutua_madrid_open_2024-04-24_R128_bejlek_s_blinkova_a
tennis_data_uk,wta,2024,20,Mutua Madrid Open,Madrid,2024-04-24,wta_1000,True,clay,R128,128,3,Danilovic O.,Burel C.,122,44,635.0,1311.0,2,1,3,6,7,6,6,4,,,,,completed,1.73,2.1,1.76,2.16,1.8,2.16,1.75,2.07,2024_20_madrid_mutua_madrid_open,2024_20_madrid_mutua_madrid_open_2024-04-24_R128_danilovic_o_burel_c
tennis_data_uk,wta,2024,20,Mutua Madrid Open,Madrid,2024-04-24,wta_1000,True,clay,R128,128,3,Montgomery R.,Avanesyan E.,183,65,413.0,1053.0,2,0,6,2,6,2,,,,,,,completed,2.75,1.44,2.77,1.5,2.88,1.52,2.67,1.46,2024_20_madrid_mutua_madrid_open,2024_20_madrid_mutua_madrid_open_2024-04-24_R128_montgomery_r_avanesyan_e
tennis_data_uk,wta,2024,20,Mutua Madrid Open,Madrid,2024-04-24,wta_1000,True,clay,R128,128,3,Saville D.,Baptiste H.,96,110,751.0,704.0,2,0,6,4,7,6,,,,,,,completed,1.8,2.0,1.84,2.06,1.88,2.1,1.79,2.01,2024_20_madrid_mutua_madrid_open,2024_20_madrid_mutua_madrid_open_2024-04-24_R128_saville_d_baptiste_h
tennis_data_uk,wta,2024,20,Mutua Madrid Open,Madrid,2024-04-25,wta_1000,True,clay,R64,64,3,Keys M.,Begu I.,20,128,2298.0,612.0,2,0,7,6,7,6,,,,,,,completed,1.73,2.1,1.78,2.15,1.79,2.3,1.72,2.12,2024_20_madrid_mutua_madrid_open,2024_20_madrid_mutua_madrid_open_2024-04-25_R64_keys_m_begu_i
tennis_data_uk,wta,2024,20,Mutua Madrid Open,Madrid,2024-04-25,wta_1000,True,clay,R64,64,3,Azarenka V.,Maria T.,26,67,1969.0,1019.0,2,0,6,3,6,1,,,,,,,completed,1.14,5.5,1.17,5.76,1.2,5.76,1.17,5.1,2024_20_madrid_mutua_madrid_open,2024_20_madrid_mutua_madrid_open_2024-04-25_R64_azarenka_v_maria_t
tennis_data_uk,wta,2024,20,Mutua Madrid Open,Madrid,2024-04-25,wta_1000,True,clay,R64,64,3,Sakkari M.,Vekic D.,6,38,4195.0,1443.0,2,0,6,3,6,2,,,,,,,completed,1.44,2.75,1.52,2.69,1.59,2.9,1.46,2.7,2024_20_madrid_mutua_madrid_open,2024_20_madrid_mutua_madrid_open_2024-04-25_R64_sakkari_m_vekic_d
tennis_data_uk,wta,2024,20,Mutua Madrid Open,Madrid,2024-04-25,wta_1000,True,clay,R64,64,3,Sorribes Tormo S.,Svitolina E.,55,18,1148.0,2457.0,2,0,6,3,7,5,,,,,,,completed,2.75,1.44,2.92,1.46,2.92,1.58,2.73,1.45,2024_20_madrid_mutua_madrid_open,2024_20_madrid_mutua_madrid_open_2024-04-25_R64_sorribes_tormo_s_svitolina_e
tennis_data_uk,wta,2024,20,Mutua Madrid Open,Madrid,2024-04-25,wta_1000,True,clay,R64,64,3,Yastremska D.,Arango E.,34,121,1597.0,635.0,2,1,0,6,7,5,6,4,,,,,completed,1.44,2.75,1.52,2.68,1.52,2.8,1.47,2.66,2024_20_madrid_mutua_madrid_open,2024_20_madrid_mutua_madrid_open_2024-04-25_R64_yastremska_d_arango_e
tennis_data_uk,wta,2024,20,Mutua Madrid Open,Madrid,2024-04-25,wta_1000,True,clay,R64,64,3,Navarro E.,Podoroska N.,23,66,2158.0,1051.0,2,0,6,2,6,1,,,,,,,completed,1.36,3.2,1.39,3.21,1.42,3.21,1.37,3.09,2024_20_madrid_mutua_madrid_open,2024_20_madrid_mutua_madrid_open_2024-04-25_R64_navarro_e_podoroska_n
tennis_data_uk,wta,2024,20,Mutua Madrid Open,Madrid,2024-04-25,wta_1000,True,clay,R64,64,3,Ostapenko J.,Bouzas Maneiro J.,10,93,3438.0,782.0,2,0,6,3,6,1,,,,,,,completed,1.57,2.38,1.67,2.32,1.68,2.6,1.59,2.34,2024_20_madrid_mutua_madrid_open,2024_20_madrid_mutua_madrid_open_2024-04-25_R64_ostapenko_j_bouzas_maneiro_j
tennis_data_uk,wta,2024,20,Mutua Madrid Open,Madrid,2024-04-25,wta_1000,True,clay,R64,64,3,Samsonova L.,Osaka N.,17,197,2550.0,389.0,2,1,6,2,4,6,7,5,,,,,completed,2.2,1.67,2.29,1.68,2.36,1.7,2.26,1.64,2024_20_madrid_mutua_madrid_open,2024_20_madrid_mutua_madrid_open_2024-04-25_R64_samsonova_l_osaka_n
tennis_data_uk,wta,2024,20,Mutua Madrid Open,Madrid,2024-04-25,wta_1000,True,clay,R64,64,3,Haddad Maia B.,Errani S.,14,100,2830.0,742.0,2,0,6,3,6,2,,,,,,,completed,1.33,3.4,1.35,3.47,1.35,3.6,1.32,3.33,2024_20_madrid_mutua_madrid_open,2024_20_madrid_mutua_madrid_open_2024-04-25_R64_haddad_maia_b_errani_s
tennis_data_uk,wta,2024,20,Mutua Madrid Open,Madrid,2024-04-25,wta_1000,True,clay,R64,64,3,Cirstea S.,Eala A.,30,170,1748.0,440.0,2,1,6,3,6,7,6,4,,,,,completed,1.11,6.5,1.13,6.94,1.16,7.0,1.12,6.25,2024_20_madrid_mutua_madrid_open,2024_20_madrid_mutua_madrid_open_2024-04-25_R64_cirstea_s_eala_a
tennis_data_uk,wta,2024,20,Mutua Madrid Open,Madrid,2024-04-25,wta_1000,True,clay,R64,64,3,Carle M.,Kudermetova V.,82,19,853.0,2383.0,2,0,6,4,6,4,,,,,,,completed,2.75,1.44,2.76,1.5,3.0,1.51,2.76,1.44,2024_20_madrid_mutua_madrid_open,2024_20_madrid_mutua_madrid_open_2024-04-25_R64_carle_m_kudermetova_v
tennis_data_uk,wta,2024,20,Mutua Madrid Open,Madrid,2024-04-25,wta_1000,True,clay,R64,64,3,Gauff C.,Rus A.,3,47,7258.0,1222.0,2,0,6,0,6,0,,,,,,,completed,1.11,6.5,1.17,5.78,1.18,7.3,1.12,6.04,2024_20_madrid_mutua_madrid_open,2024_20_madrid_mutua_madrid_open_2024-04-25_R64_gauff_c_rus_a
tennis_data_uk,wta,2024,20,Mutua Madrid Open,Madrid,2024-04-25,wta_1000,True,clay,R64,64,3,Jabeur O.,Schmiedlova A.,9,68,3533.0,1000.0,2,1,6,4,5,7,6,3,,,,,completed,1.25,4.0,1.28,4.03,1.36,4.25,1.25,3.95,2024_20_madrid_mutua_madrid_open,2024_20_madrid_mutua_madrid_open_2024-04-25_R64_jabeur_o_schmiedlova_a
tennis_data_uk,wta,2024,20,Mutua Madrid Open,Madrid,2024-04-25,wta_1000,True,clay,R64,64,3,Stephens S.,Mertens E.,33,29,1625.0,1794.0,2,1,3,6,6,3,6,1,,,,,completed,1.62,2.3,1.64,2.39,1.7,2.39,1.64,2.25,2024_20_madrid_mutua_madrid_open,2024_20_madrid_mutua_madrid_open_2024-04-25_R64_stephens_s_mertens_e
tennis_data_uk,wta,2024,20,Mutua Madrid Open,Madrid,2024-04-25,wta_1000,True,clay,R64,64,3,Fernandez L.A.,Potapova A.,35,39,1520.0,1377.0,2,0,7,5,6,3,,,,,,,completed,2.2,1.67,2.3,1.68,2.3,1.73,2.19,1.67,2024_20_madrid_mutua_madrid_open,2024_20_madrid_mutua_madrid_open_2024-04-25_R64_fernandez_l_a_potapova_a
tennis_data_uk,wta,2024,20,Mutua Madrid Open,Madrid,2024-04-25,wta_1000,True,clay,R64,64,3,Swiatek I.,Wang Xiy.,1,52,10560.0,1174.0,2,0,6,1,6,4,,,,,,,completed,1.03,15.0,1.03,22.84,1.03,22.84,1.02,14.68,2024_20_madrid_mutua_madrid_open,2024_20_madrid_mutua_madrid_open_2024-04-25_R64_swiatek_i_wang_xiy
tennis_data_uk,wta,2024,20,Mutua Madrid Open,Madrid,2024-04-26,wta_1000,True,clay,R64,64,3,Garcia C.,Wang Xin.,24,42,2068.0,1346.0,2,0,6,1,6,4,,,,,,,completed,1.4,3.0,1.36,3.37,1.42,3.37,1.37,3.04,2024_20_madrid_mutua_madrid_open,2024_20_madrid_mutua_madrid_open_2024-04-26_R64_garcia_c_wang_xin
tennis_data_uk,wta,2024,20,Mutua Madrid Open,Madrid,2024-04-26,wta_1000,True,clay,R64,64,3,Rybakina E.,Bronzetti L.,4,46,6293.0,1231.0,2,0,6,4,6,3,,,,,,,completed,1.07,9.0,1.08,10.35,1.12,10.46,1.07,8.53,2024_20_madrid_mutua_madrid_open,2024_20_madrid_mutua_madrid_open_2024-04-26_R64_rybakina_e_bronzetti_l
tennis_data_uk,wta,2024,20,Mutua Madrid Open,Madrid,2024-04-26,wta_1000,True,clay,R64,64,3,Andreeva M.,Noskova L.,43,31,1317.0,1674.0,2,1,4,6,6,3,6,3,,,,,completed,1.73,2.1,1.74,2.2,1.9,2.2,1.71,2.11,2024_20_madrid_mutua_madrid_open,2024_20_madrid_mutua_madrid_open_2024-04-26_R64_andreeva_m_noskova_l
tennis_data_uk,wta,2024,20,Mutua Madrid Open,Madrid,2024-04-26,wta_1000,True,clay,R64,64,3,Pavlyuchenkova A.,Saville D.,22,96,2161.0,751.0,2,0,6,1,6,4,,,,,,,completed,1.3,3.5,1.34,3.55,1.38,3.55,1.32,3.35,2024_20_madrid_mutua_madrid_open,2024_20_madrid_mutua_madrid_open_2024-04-26_R64_pavlyuchenkova_a_saville_d
tennis_data_uk,wta,2024,20,Mutua Madrid Open,Madrid,2024-04-26,wta_1000,True,clay,R64,64,3,Paolini J.,Jimenez Kasintseva V.,13,335,2938.0,200.0,2,0,6,0,6,1,,,,,,,completed,1.13,6.0,1.14,6.58,1.17,6.77,1.13,5.75,2024_20_madrid_mutua_madrid_open,2024_20_madrid_mutua_madrid_open_2024-04-26_R64_paolini_j_jimenez_kasintseva_v
tennis_data_uk,wta,2024,20,Mutua Madrid Open,Madrid,2024-04-26,wta_1000,True,clay,R64,64,3,Sabalenka A.,Linette M.,2,48,7848.0,1218.0,2,1,6,4,3,6,6,3,,,,,completed,1.13,6.0,1.15,6.3,1.15,6.3,1.13,5.85,2024_20_madrid_mutua_madrid_open,2024_20_madrid_mutua_madrid_open_2024-04-26_R64_sabalenka_a_linette_m
tennis_data_uk,wta,2024,20,Mutua Madrid Open,Madrid,2024-04-26,wta_1000,True,clay,R64,64,3,Kasatkina D.,Bucsa C.,11,75,3313.0,919.0,2,1,5,7,7,6,6,3,,,,,completed,1.22,4.33,1.28,4.07,1.28,4.34,1.23,4.05,2024_20_madrid_mutua_madrid_open,2024_20_madrid_mutua_madrid_open_2024-04-26_R64_kasatkina_d_bucsa_c
tennis_data_uk,wta,2024,20,Mutua Madrid Open,Madrid,2024-04-26,wta_1000,True,clay,R64,64,3,Krueger A.,Alexandrova E.,70,16,980.0,2560.0,2,0,6,3,6,3,,,,,,,completed,2.75,1.44,2.86,1.47,3.2,1.47,2.78,1.44,2024_20_madrid_mutua_madrid_open,2024_20_madrid_mutua_madrid_open_2024-04-26_R64_krueger_a_alexandrova_e
tennis_data_uk,wta,2024,20,Mutua Madrid Open,Madrid,2024-04-26,wta_1000,True,clay,R64,64,3,Dolehide C.,Kalinina A.,56,32,1142.0,1666.0,2,1,6,7,6,2,6,3,,,,,completed,3.0,1.4,2.95,1.45,3.8,1.45,2.92,1.4,2024_20_madrid_mutua_madrid_open,2024_20_madrid_mutua_madrid_open_2024-04-26_R64_dolehide_c_kalinina_a
tennis_data_uk,wta,2024,20,Mutua Madrid Open,Madrid,2024-04-26,wta_1000,True,clay,R64,64,3,Sherif M.,Kostyuk M.,72,21,924.0,2235.0,2,0,6,2,7,5,,,,,,,completed,4.5,1.2,4.8,1.22,4.8,1.23,4.42,1.2,2024_20_madrid_mutua_madrid_open,2024_20_madrid_mutua_madrid_open_2024-04-26_R64_sherif_m_kostyuk_m
tennis_data_uk,wta,2024,20,Mutua Madrid Open,Madrid,2024-04-26,wta_1000,True,clay,R64,64,3,Putintseva Y.,Zheng Q.,50,8,1213.0,4000.0,1,0,7,5,2,0,,,,,,,retired,3.2,1.36,3.29,1.38,3.29,1.38,3.13,1.35,2024_20_madrid_mutua_madrid_open,2024_20_madrid_mutua_madrid_open_2024-04-26_R64_putintseva_y_zheng_q
tennis_data_uk,wta,2024,20,Mutua Madrid Open,Madrid,2024-04-26,wta_1000,True,clay,R64,64,3,Cristian J.,Krejcikova B.,73,27,923.0,1942.0,2,1,2,6,6,0,6,2,,,,,completed,2.38,1.57,2.46,1.61,3.0,1.61,2.42,1.56,2024_20_madrid_mutua_madrid_open,2024_20_madrid_mutua_madrid_open_2024-04-26_R64_cristian_j_krejcikova_b
tennis_data_uk,wta,2024,20,Mutua Madrid Open,Madrid,2024-04-26,wta_1000,True,clay,R64,64,3,Bejlek S.,Kalinskaya A.,136,25,554.0,1971.0,2,0,6,1,6,4,,,,,,,completed,2.75,1.44,2.84,1.48,3.1,1.48,2.76,1.44,2024_20_madrid_mutua_madrid_open,2024_20_madrid_mutua_madrid_open_2024-04-26_R64_bejlek_s_kalinskaya_a
tennis_data_uk,wta,2024,20,Mutua Madrid Open,Madrid,2024-04-26,wta_1000,True,clay,R64,64,3,Vondrousova M.,Rogers S.,7,352,4090.0,185.0,2,0,6,1,6,3,,,,,,,completed,1.13,6.0,1.15,6.3,1.2,6.3,1.15,5.44,2024_20_madrid_mutua_madrid_open,2024_20_madrid_mutua_madrid_open_2024-04-26_R64_vondrousova_m_rogers_s
tennis_data_uk,wta,2024,20,Mutua Madrid Open,Madrid,2024-04-26,wta_1000,True,clay,R64,64,3,Montgomery R.,Boulter K.,183,28,413.0,1802.0,2,1,1,6,6,3,6,4,,,,,completed,2.38,1.57,2.39,1.64,2.6,1.65,2.32,1.6,2024_20_madrid_mutua_madrid_open,2024_20_madrid_mutua_madrid_open_2024-04-26_R64_montgomery_r_boulter_k
tennis_data_uk,wta,2024,20,Mutua Madrid Open,Madrid,2024-04-26,wta_1000,True,clay,R64,64,3,Collins D.,Danilovic O.,15,122,2639.0,635.0,2,1,4,6,6,4,7,6,,,,,completed,1.17,5.0,1.18,5.51,1.22,5.51,1.17,4.96,2024_20_madrid_mutua_madrid_open,2024_20_madrid_mutua_madrid_open_2024-04-26_R64_collins_d_danilovic_o
tennis_data_uk,wta,2024,20,Mutua Madrid Open,Madrid,2024-04-27,wta_1000,True,clay,R32,32,3,Swiatek I.,Cirstea S.,1,30,10560.0,1748.0,2,0,6,1,6,1,,,,,,,completed,1.03,15.0,1.04,19.14,1.05,19.14,1.03,12.9,2024_20_madrid_mutua_madrid_open,2024_20_madrid_mutua_madrid_open_2024-04-27_R32_swiatek_i_cirstea_s
tennis_data_uk,wta,2024,20,Mutua Madrid Open,Madrid,2024-04-27,wta_1000,True,clay,R32,32,3,Sorribes Tormo S.,Azarenka V.,55,26,1148.0,1969.0,2,0,7,6,6,3,,,,,,,completed,3.2,1.36,3.28,1.39,3.39,1.4,3.06,1.37,2024_20_madrid_mutua_madrid_open,2024_20_madrid_mutua_madrid_open_2024-04-27_R32_sorribes_tormo_s_azarenka_v
tennis_data_uk,wta,2024,20,Mutua Madrid Open,Madrid,2024-04-27,wta_1000,True,clay,R32,32,3,Sakkari M.,Stephens S.,6,33,4195.0,1625.0,2,0,6,1,6,3,,,,,,,completed,1.62,2.3,1.65,2.38,1.72,2.41,1.62,2.27,2024_20_madrid_mutua_madrid_open,2024_20_madrid_mutua_madrid_open_2024-04-27_R32_sakkari_m_stephens_s
tennis_data_uk,wta,2024,20,Mutua Madrid Open,Madrid,2024-04-27,wta_1000,True,clay,R32,32,3,Ostapenko J.,Carle M.,10,82,3438.0,853.0,2,0,6,3,6,3,,,,,,,completed,1.44,2.75,1.44,3.01,1.48,3.01,1.43,2.78,2024_20_madrid_mutua_madrid_open,2024_20_madrid_mutua_madrid_open_2024-04-27_R32_ostapenko_j_carle_m
tennis_data_uk,wta,2024,20,Mutua Madrid Open,Madrid,2024-04-27,wta_1000,True,clay,R32,32,3,Jabeur O.,Fernandez L.A.,9,35,3533.0,1520.0,2,1,7,5,2,6,6,4,,,,,completed,1.73,2.1,1.78,2.16,1.79,2.21,1.73,2.1,2024_20_madrid_mutua_madrid_open,2024_20_madrid_mutua_madrid_open_2024-04-27_R32_jabeur_o_fernandez_l_a
tennis_data_uk,wta,2024,20,Mutua Madrid Open,Madrid,2024-04-27,wta_1000,True,clay,R32,32,3,Keys M.,Samsonova L.,20,17,2298.0,2550.0,2,0,6,2,6,3,,,,,,,completed,1.91,1.91,1.97,1.93,2.0,1.93,1.94,1.86,2024_20_madrid_mutua_madrid_open,2024_20_madrid_mutua_madrid_open_2024-04-27_R32_keys_m_samsonova_l
tennis_data_uk,wta,2024,20,Mutua Madrid Open,Madrid,2024-04-27,wta_1000,True,clay,R32,32,3,Haddad Maia B.,Navarro E.,14,23,2830.0,2158.0,2,0,6,4,6,4,,,,,,,completed,2.2,1.67,2.3,1.69,2.31,1.7,2.22,1.66,2024_20_madrid_mutua_madrid_open,2024_20_madrid_mutua_madrid_open_2024-04-27_R32_haddad_maia_b_navarro_e
tennis_data_uk,wta,2024,20,Mutua Madrid Open,Madrid,2024-04-27,wta_1000,True,clay,R32,32,3,Gauff C.,Yastremska D.,3,34,7258.0,1597.0,2,0,6,4,6,1,,,,,,,completed,1.11,6.5,1.13,7.32,1.13,7.32,1.11,6.45,2024_20_madrid_mutua_madrid_open,2024_20_madrid_mutua_madrid_open_2024-04-27_R32_gauff_c_yastremska_d
tennis_data_uk,wta,2024,20,Mutua Madrid Open,Madrid,2024-04-28,wta_1000,True,clay,R32,32,3,Rybakina E.,Sherif M.,4,72,6293.0,924.0,2,0,6,1,6,4,,,,,,,completed,1.07,9.0,1.1,9.02,1.1,10.0,1.08,8.03,2024_20_madrid_mutua_madrid_open,2024_20_madrid_mutua_madrid_open_2024-04-28_R32_rybakina_e_sherif_m
tennis_data_uk,wta,2024,20,Mutua Madrid Open,Madrid,2024-04-28,wta_1000,True,clay,R32,32,3,Bejlek S.,Krueger A.,136,70,554.0,980.0,2,0,6,3,6,1,,,,,,,completed,2.0,1.8,2.02,1.92,2.02,1.92,1.95,1.84,2024_20_madrid_mutua_madrid_open,2024_20_madrid_mutua_madrid_open_2024-04-28_R32_bejlek_s_krueger_a
tennis_data_uk,wta,2024,20,Mutua Madrid Open,Madrid,2024-04-28,wta_1000,True,clay,R32,32,3,Putintseva Y.,Dolehide C.,50,56,1213.0,1142.0,2,0,6,2,6,2,,,,,,,completed,1.44,2.75,1.5,2.81,1.52,2.88,1.46,2.71,2024_20_madrid_mutua_madrid_open,2024_20_madrid_mutua_madrid_open_2024-04-28_R32_putintseva_y_dolehide_c
tennis_data_uk,wta,2024,20,Mutua Madrid Open,Madrid,2024-04-28,wta_1000,True,clay,R32,32,3,Kasatkina D.,Pavlyuchenkova A.,11,22,3313.0,2161.0,2,0,7,6,7,5,,,,,,,completed,2.0,1.8,2.06,1.85,2.06,1.88,1.99,1.81,2024_20_madrid_mutua_madrid_open,2024_20_madrid_mutua_madrid_open_2024-04-28_R32_kasatkina_d_pavlyuchenkova_a
tennis_data_uk,wta,2024,20,Mutua Madrid Open,Madrid,2024-04-28,wta_1000,True,clay,R32,32,3,Andreeva M.,Vondrousova M.,43,7,1317.0,4090.0,2,0,7,5,6,1,,,,,,,completed,2.2,1.67,2.26,1.72,2.4,1.72,2.22,1.66,2024_20_madrid_mutua_madrid_open,2024_20_madrid_mutua_madrid_open_2024-04-28_R32_andreeva_m_vondrousova_m
tennis_data_uk,wta,2024,20,Mutua Madrid Open,Madrid,2024-04-28,wta_1000,True,clay,R32,32,3,Paolini J.,Garcia C.,13,24,2938.0,2068.0,2,0,6,3,6,2,,,,,,,completed,1.67,2.2,1.68,2.33,1.69,2.33,1.65,2.23,2024_20_madrid_mutua_madrid_open,2024_20_madrid_mutua_madrid_open_2024-04-28_R32_paolini_j_garcia_c
tennis_data_uk,wta,2024,20,Mutua Madrid Open,Madrid,2024-04-28,wta_1000,True,clay,R32,32,3,Collins D.,Cristian J.,15,73,2639.0,923.0,2,1,3,6,6,4,6,1,,,,,completed,1.3,3.5,1.33,3.7,1.33,3.73,1.3,3.5,2024_20_madrid_mutua_madrid_open,2024_20_madrid_mutua_madrid_open_2024-04-28_R32_collins_d_cristian_j
tennis_data_uk,wta,2024,20,Mutua Madrid Open,Madrid,2024-04-28,wta_1000,True,clay,R32,32,3,Sabalenka A.,Montgomery R.,2,183,7848.0,413.0,2,1,6,1,6,7,6,4,,,,,completed,1.11,6.5,1.11,8.33,1.12,8.33,1.1,6.83,2024_20_madrid_mutua_madrid_open,2024_20_madrid_mutua_madrid_open_2024-04-28_R32_sabalenka_a_montgomery_r
tennis_data_uk,wta,2024,20,Mutua Madrid Open,Madrid,2024-04-29,wta_1000,True,clay,R16,16,3,Jabeur O.,Ostapenko J.,9,10,3533.0,3438.0,2,0,6,0,6,4,,,,,,,completed,2.0,1.8,2.13,1.8,2.21,1.88,2.01,1.8,2024_20_madrid_mutua_madrid_open,2024_20_madrid_mutua_madrid_open_2024-04-29_R16_jabeur_o_ostapenko_j
tennis_data_uk,wta,2024,20,Mutua Madrid Open,Madrid,2024-04-29,wta_1000,True,clay,R16,16,3,Haddad Maia B.,Sakkari M.,14,6,2830.0,4195.0,2,0,6,4,6,4,,,,,,,completed,2.75,1.44,2.62,1.56,2.78,1.57,2.63,1.48,2024_20_madrid_mutua_madrid_open,2024_20_madrid_mutua_madrid_open_2024-04-29_R16_haddad_maia_b_sakkari_m
tennis_data_uk,wta,2024,20,Mutua Madrid Open,Madrid,2024-04-29,wta_1000,True,clay,R16,16,3,Swiatek I.,Sorribes Tormo S.,1,55,10560.0,1148.0,2,0,6,1,6,0,,,,,,,completed,1.03,17.0,1.03,21.36,1.04,21.36,1.02,14.08,2024_20_madrid_mutua_madrid_open,2024_20_madrid_mutua_madrid_open_2024-04-29_R16_swiatek_i_sorribes_tormo_s
tennis_data_uk,wta,2024,20,Mutua Madrid Open,Madrid,2024-04-29,wta_1000,True,clay,R16,16,3,Andreeva M.,Paolini J.,43,13,1317.0,2938.0,2,0,7,6,6,4,,,,,,,completed,1.8,2.0,1.95,1.95,2.06,2.02,1.89,1.91,2024_20_madrid_mutua_madrid_open,2024_20_madrid_mutua_madrid_open_2024-04-29_R16_andreeva_m_paolini_j
tennis_data_uk,wta,2024,20,Mutua Madrid Open,Madrid,2024-04-29,wta_1000,True,clay,R16,16,3,Keys M.,Gauff C.,20,3,2298.0,7258.0,2,1,7,6,4,6,6,4,,,,,completed,3.5,1.3,3.81,1.31,3.81,1.35,3.47,1.3,2024_20_madrid_mutua_madrid_open,2024_20_madrid_mutua_madrid_open_2024-04-29_R16_keys_m_gauff_c
tennis_data_uk,wta,2024,20,Mutua Madrid Open,Madrid,2024-04-29,wta_1000,True,clay,R16,16,3,Rybakina E.,Bejlek S.,4,136,6293.0,554.0,2,0,6,1,6,3,,,,,,,completed,1.11,6.5,1.14,6.84,1.17,7.0,1.12,6.14,2024_20_madrid_mutua_madrid_open,2024_20_madrid_mutua_madrid_open_2024-04-29_R16_rybakina_e_bejlek_s
tennis_data_uk,wta,2024,20,Mutua Madrid Open,Madrid,2024-04-29,wta_1000,True,clay,R16,16,3,Putintseva Y.,Kasatkina D.,50,11,1213.0,3313.0,2,1,3,6,6,2,6,2,,,,,completed,2.38,1.57,2.33,1.68,2.44,1.68,2.31,1.6,2024_20_madrid_mutua_madrid_open,2024_20_madrid_mutua_madrid_open_2024-04-29_R16_putintseva_y_kasatkina_d
tennis_data_uk,wta,2024,20,Mutua Madrid Open,Madrid,2024-04-29,wta_1000,True,clay,R16,16,3,Sabalenka A.,Collins D.,2,15,7848.0,2639.0,2,1,4,6,6,4,6,3,,,,,completed,1.57,2.38,1.69,2.3,1.69,2.5,1.62,2.28,2024_20_madrid_mutua_madrid_open,2024_20_madrid_mutua_madrid_open_2024-04-29_R16_sabalenka_a_collins_d
tennis_data_uk,wta,2024,20,Mutua Madrid Open,Madrid,2024-04-30,wta_1000,True,clay,QF,8,3,Swiatek I.,Haddad Maia B.,1,14,10560.0,2830.0,2,1,4,6,6,0,6,2,,,,,completed,1.08,8.0,1.09,10.06,1.09,10.06,1.07,8.47,2024_20_madrid_mutua_madrid_open,2024_20_madrid_mutua_madrid_open_2024-04-30_QF_swiatek_i_haddad_maia_b
tennis_data_uk,wta,2024,20,Mutua Madrid Open,Madrid,2024-04-30,wta_1000,True,clay,QF,8,3,Keys M.,Jabeur O.,20,9,2298.0,3533.0,2,1,0,6,7,5,6,1,,,,,completed,2.2,1.67,2.13,1.8,2.22,1.8,2.11,1.73,2024_20_madrid_mutua_madrid_open,2024_20_madrid_mutua_madrid_open_2024-04-30_QF_keys_m_jabeur_o
tennis_data_uk,wta,2024,20,Mutua Madrid Open,Madrid,2024-05-01,wta_1000,True,clay,QF,8,3,Rybakina E.,Putintseva Y.,4,50,6293.0,1213.0,2,1,4,6,7,6,7,5,,,,,completed,1.17,5.0,1.21,5.08,1.3,5.08,1.19,4.69,2024_20_madrid_mutua_madrid_open,2024_20_madrid_mutua_madrid_open_2024-05-01_QF_rybakina_e_putintseva_y
tennis_data_uk,wta,2024,20,Mutua Madrid Open,Madrid,2024-05-01,wta_1000,True,clay,QF,8,3,Sabalenka A.,Andreeva M.,2,43,7848.0,1317.0,2,0,6,1,6,4,,,,,,,completed,1.5,2.63,1.51,2.78,1.51,2.85,1.46,2.69,2024_20_madrid_mutua_madrid_open,2024_20_madrid_mutua_madrid_open_2024-05-01_QF_sabalenka_a_andreeva_m
tennis_data_uk,wta,2024,20,Mutua Madrid Open,Madrid,2024-05-02,wta_1000,True,clay,SF,4,3,Swiatek I.,Keys M.,1,20,10560.0,2298.0,2,0,6,1,6,3,,,,,,,completed,1.08,8.0,1.1,8.91,1.1,8.91,1.08,7.68,2024_20_madrid_mutua_madrid_open,2024_20_madrid_mutua_madrid_open_2024-05-02_SF_swiatek_i_keys_m
tennis_data_uk,wta,2024,20,Mutua Madrid Open,Madrid,2024-05-02,wta_1000,True,clay,SF,4,3,Sabalenka A.,Rybakina E.,2,4,7848.0,6293.0,2,1,1,6,7,5,7,6,,,,,completed,1.73,2.1,1.85,2.06,1.85,2.21,1.75,2.07,2024_20_madrid_mutua_madrid_open,2024_20_madrid_mutua_madrid_open_2024-05-02_SF_sabalenka_a_rybakina_e
tennis_data_uk,wta,2024,20,Mutua Madrid Open,Madrid,2024-05-04,wta_1000,True,clay,F,2,3,Swiatek I.,Sabalenka A.,1,2,10560.0,7848.0,2,1,7,5,4,6,7,6,,,,,completed,1.3,3.5,1.29,3.99,1.34,3.99,1.28,3.67,2024_20_madrid_mutua_madrid_open,2024_20_madrid_mutua_madrid_open_2024-05-04_F_swiatek_i_sabalenka_a
tennis_data_uk,wta,2024,21,Internazionali BNL d'Italia,Rome,2024-05-07,wta_1000,True,clay,R128,128,3,Rogers S.,Pigato L.,398,318,155.0,215.0,2,0,6,1,6,0,,,,,,,completed,1.3,3.5,1.26,4.28,1.33,4.28,1.27,3.75,2024_21_rome_internazionali_bnl_d_italia,2024_21_rome_internazionali_bnl_d_italia_2024-05-07_R128_rogers_s_pigato_l
tennis_data_uk,wta,2024,21,Internazionali BNL d'Italia,Rome,2024-05-07,wta_1000,True,clay,R128,128,3,Badosa P.,Andreeva M.,126,40,627.0,1412.0,2,0,6,2,6,3,,,,,,,completed,2.75,1.41,2.86,1.47,3.31,1.5,2.78,1.44,2024_21_rome_internazionali_bnl_d_italia,2024_21_rome_internazionali_bnl_d_italia_2024-05-07_R128_badosa_p_andreeva_m
tennis_data_uk,wta,2024,21,Internazionali BNL d'Italia,Rome,2024-05-07,wta_1000,True,clay,R128,128,3,Putintseva Y.,Trevisan M.,41,87,1393.0,808.0,2,0,6,3,6,4,,,,,,,completed,1.44,2.75,1.42,3.07,1.5,3.07,1.43,2.8,2024_21_rome_internazionali_bnl_d_italia,2024_21_rome_internazionali_bnl_d_italia_2024-05-07_R128_putintseva_y_trevisan_m
tennis_data_uk,wta,2024,21,Internazionali BNL d'Italia,Rome,2024-05-07,wta_1000,True,clay,R128,128,3,Osorio M.,Rus A.,64,49,1027.0,1194.0,2,1,4,6,6,3,6,4,,,,,completed,1.73,2.1,1.81,2.1,1.81,2.2,1.75,2.08,2024_21_rome_internazionali_bnl_d_italia,2024_21_rome_internazionali_bnl_d_italia_2024-05-07_R128_osorio_m_rus_a
tennis_data_uk,wta,2024,21,Internazionali BNL d'Italia,Rome,2024-05-07,wta_1000,True,clay,R128,128,3,Wang Xin.,Yuan Y.,42,38,1371.0,1461.0,2,1,4,6,6,1,6,2,,,,,completed,2.0,1.8,2.03,1.86,2.1,1.9,1.98,1.82,2024_21_rome_internazionali_bnl_d_italia,2024_21_rome_internazionali_bnl_d_italia_2024-05-07_R128_wang_xin_yuan_y
tennis_data_uk,wta,2024,21,Internazionali BNL d'Italia,Rome,2024-05-07,wta_1000,True,clay,R128,128,3,Bogdan A.,Fernandez L.A.,63,34,1029.0,1575.0,2,0,6,4,6,1,,,,,,,completed,2.63,1.5,2.71,1.51,2.71,1.52,2.6,1.5,2024_21_rome_internazionali_bnl_d_italia,2024_21_rome_internazionali_bnl_d_italia_2024-05-07_R128_bogdan_a_fernandez_l_a
tennis_data_uk,wta,2024,21,Internazionali BNL d'Italia,Rome,2024-05-07,wta_1000,True,clay,R128,128,3,Stefanini L.,Paganetti V.,179,,414.0,,2,0,7,5,6,3,,,,,,,completed,1.14,5.5,1.15,6.28,1.17,6.28,1.14,5.58,2024_21_rome_internazionali_bnl_d_italia,2024_21_rome_internazionali_bnl_d_italia_2024-05-07_R128_stefanini_l_paganetti_v
tennis_data_uk,wta,2024,21,Internazionali BNL d'Italia,Rome,2024-05-07,wta_1000,True,clay,R128,128,3,Kerber A.,Davis L.,331,194,202.0,392.0,2,0,6,1,6,0,,,,,,,completed,1.62,2.3,1.69,2.28,1.69,2.32,1.64,2.25,2024_21_rome_internazionali_bnl_d_italia,2024_21_rome_internazionali_bnl_d_italia_2024-05-07_R128_kerber_a_davis_l
tennis_data_uk,wta,2024,21,Internazionali BNL d'Italia,Rome,2024-05-07,wta_1000,True,clay,R128,128,3,Frech M.,Krueger A.,55,66,1138.0,1004.0,2,0,7,6,6,3,,,,,,,completed,2.0,1.8,2.14,1.78,2.14,1.82,2.07,1.76,2024_21_rome_internazionali_bnl_d_italia,2024_21_rome_internazionali_bnl_d_italia_2024-05-07_R128_frech_m_krueger_a
tennis_data_uk,wta,2024,21,Internazionali BNL d'Italia,Rome,2024-05-07,wta_1000,True,clay,R128,128,3,Shnaider D.,Minnen G.,62,76,1074.0,887.0,2,0,6,2,6,3,,,,,,,completed,1.36,3.2,1.43,3.04,1.44,3.2,1.39,2.98,2024_21_rome_internazionali_bnl_d_italia,2024_21_rome_internazionali_bnl_d_italia_2024-05-07_R128_shnaider_d_minnen_g
tennis_data_uk,wta,2024,21,Internazionali BNL d'Italia,Rome,2024-05-08,wta_1000,True,clay,R128,128,3,Avanesyan E.,Bucsa C.,72,70,922.0,944.0,2,1,6,7,6,0,7,5,,,,,completed,1.73,2.1,1.79,2.12,1.8,2.15,1.75,2.08,2024_21_rome_internazionali_bnl_d_italia,2024_21_rome_internazionali_bnl_d_italia_2024-05-08_R128_avanesyan_e_bucsa_c
tennis_data_uk,wta,2024,21,Internazionali BNL d'Italia,Rome,2024-05-08,wta_1000,True,clay,R128,128,3,Maria T.,Fruhvirtova L.,65,150,1019.0,496.0,2,1,7,6,3,6,6,2,,,,,completed,2.1,1.73,2.28,1.69,2.28,1.8,2.11,1.73,2024_21_rome_internazionali_bnl_d_italia,2024_21_rome_internazionali_bnl_d_italia_2024-05-08_R128_maria_t_fruhvirtova_l
tennis_data_uk,wta,2024,21,Internazionali BNL d'Italia,Rome,2024-05-08,wta_1000,True,clay,R128,128,3,Tsurenko L.,Vekic D.,44,37,1308.0,1468.0,2,1,6,2,3,6,7,6,,,,,completed,2.5,1.53,2.42,1.63,2.55,1.63,2.44,1.55,2024_21_rome_internazionali_bnl_d_italia,2024_21_rome_internazionali_bnl_d_italia_2024-05-08_R128_tsurenko_l_vekic_d
tennis_data_uk,wta,2024,21,Internazionali BNL d'Italia,Rome,2024-05-08,wta_1000,True,clay,R128,128,3,Blinkova A.,Parry D.,46,50,1275.0,1190.0,2,0,6,2,6,3,,,,,,,completed,2.75,1.44,2.86,1.47,2.88,1.5,2.74,1.45,2024_21_rome_internazionali_bnl_d_italia,2024_21_rome_internazionali_bnl_d_italia_2024-05-08_R128_blinkova_a_parry_d
tennis_data_uk,wta,2024,21,Internazionali BNL d'Italia,Rome,2024-05-08,wta_1000,True,clay,R128,128,3,Sasnovich A.,Schmiedlova A.,113,67,691.0,1003.0,2,0,6,2,7,6,,,,,,,completed,1.91,1.91,2.0,1.89,2.0,1.98,1.88,1.92,2024_21_rome_internazionali_bnl_d_italia,2024_21_rome_internazionali_bnl_d_italia_2024-05-08_R128_sasnovich_a_schmiedlova_a
tennis_data_uk,wta,2024,21,Internazionali BNL d'Italia,Rome,2024-05-08,wta_1000,True,clay,R128,128,3,Pera B.,Dolehide C.,77,54,875.0,1138.0,2,0,7,6,6,3,,,,,,,completed,1.57,2.38,1.58,2.53,1.59,2.53,1.56,2.42,2024_21_rome_internazionali_bnl_d_italia,2024_21_rome_internazionali_bnl_d_italia_2024-05-08_R128_pera_b_dolehide_c
tennis_data_uk,wta,2024,21,Internazionali BNL d'Italia,Rome,2024-05-08,wta_1000,True,clay,R128,128,3,Fruhvirtova B.,Townsend T.,102,59,729.0,1083.0,2,1,3,6,6,2,6,0,,,,,completed,2.0,1.8,2.04,1.86,2.05,1.9,1.99,1.81,2024_21_rome_internazionali_bnl_d_italia,2024_21_rome_internazionali_bnl_d_italia_2024-05-08_R128_fruhvirtova_b_townsend_t
tennis_data_uk,wta,2024,21,Internazionali BNL d'Italia,Rome,2024-05-08,wta_1000,True,clay,R128,128,3,Linette M.,Zhu L.,51,57,1188.0,1097.0,2,0,6,3,6,2,,,,,,,completed,1.25,4.0,1.25,4.34,1.26,4.34,1.23,4.08,2024_21_rome_internazionali_bnl_d_italia,2024_21_rome_internazionali_bnl_d_italia_2024-05-08_R128_linette_m_zhu_l
tennis_data_uk,wta,2024,21,Internazionali BNL d'Italia,Rome,2024-05-08,wta_1000,True,clay,R128,128,3,Osaka N.,Burel C.,173,45,424.0,1300.0,2,0,7,6,6,1,,,,,,,completed,1.44,2.75,1.49,2.81,1.5,2.81,1.46,2.71,2024_21_rome_internazionali_bnl_d_italia,2024_21_rome_internazionali_bnl_d_italia_2024-05-08_R128_osaka_n_burel_c
tennis_data_uk,wta,2024,21,Internazionali BNL d'Italia,Rome,2024-05-08,wta_1000,True,clay,R128,128,3,Siniakova K.,Brancaccio N.,36,292,1510.0,247.0,2,0,6,4,6,2,,,,,,,completed,1.13,6.0,1.13,6.85,1.14,6.85,1.12,6.16,2024_21_rome_internazionali_bnl_d_italia,2024_21_rome_internazionali_bnl_d_italia_2024-05-08_R128_siniakova_k_brancaccio_n
tennis_data_uk,wta,2024,21,Internazionali BNL d'Italia,Rome,2024-05-08,wta_1000,True,clay,R128,128,3,Sherif M.,Martic P.,80,81,854.0,849.0,2,0,6,2,6,2,,,,,,,completed,1.44,2.75,1.55,2.6,1.55,2.78,1.49,2.61,2024_21_rome_internazionali_bnl_d_italia,2024_21_rome_internazionali_bnl_d_italia_2024-05-08_R128_sherif_m_martic_p
tennis_data_uk,wta,2024,21,Internazionali BNL d'Italia,Rome,2024-05-08,wta_1000,True,clay,R128,128,3,Kenin S.,Bronzetti L.,58,48,1094.0,1256.0,2,0,6,3,6,2,,,,,,,completed,2.63,1.5,2.52,1.58,2.63,1.58,2.48,1.54,2024_21_rome_internazionali_bnl_d_italia,2024_21_rome_internazionali_bnl_d_italia_2024-05-08_R128_kenin_s_bronzetti_l
tennis_data_uk,wta,2024,21,Internazionali BNL d'Italia,Rome,2024-05-09,wta_1000,True,clay,R128,128,3,Gracheva V.,Di Sarra F.,88,530,803.0,99.0,2,0,6,1,6,3,,,,,,,completed,1.06,10.0,1.06,12.33,1.07,12.76,1.05,10.27,2024_21_rome_internazionali_bnl_d_italia,2024_21_rome_internazionali_bnl_d_italia_2024-05-09_R128_gracheva_v_di_sarra_f
tennis_data_uk,wta,2024,21,Internazionali BNL d'Italia,Rome,2024-05-09,wta_1000,True,clay,R128,128,3,Sorribes Tormo S.,Podoroska N.,47,61,1266.0,1076.0,2,0,6,4,6,3,,,,,,,completed,1.57,2.38,1.56,2.58,1.57,2.58,1.55,2.47,2024_21_rome_internazionali_bnl_d_italia,2024_21_rome_internazionali_bnl_d_italia_2024-05-09_R128_sorribes_tormo_s_podoroska_n
tennis_data_uk,wta,2024,21,Internazionali BNL d'Italia,Rome,2024-05-09,wta_1000,True,clay,R128,128,3,Cocciaretto E.,Zarazua R.,56,103,1124.0,727.0,2,1,4,6,7,5,6,3,,,,,completed,1.22,4.33,1.24,4.45,1.24,4.5,1.22,4.28,2024_21_rome_internazionali_bnl_d_italia,2024_21_rome_internazionali_bnl_d_italia_2024-05-09_R128_cocciaretto_e_zarazua_r
tennis_data_uk,wta,2024,21,Internazionali BNL d'Italia,Rome,2024-05-09,wta_1000,True,clay,R128,128,3,Begu I.,Masarova R.,161,104,471.0,725.0,2,1,5,7,6,3,6,4,,,,,completed,1.44,2.75,1.5,2.75,1.61,1.75,1.5,2.57,2024_21_rome_internazionali_bnl_d_italia,2024_21_rome_internazionali_bnl_d_italia_2024-05-09_R128_begu_i_masarova_r
tennis_data_uk,wta,2024,21,Internazionali BNL d'Italia,Rome,2024-05-09,wta_1000,True,clay,R128,128,3,Sramkova R.,Pedone G.,120,270,665.0,265.0,2,0,6,4,6,1,,,,,,,completed,1.2,4.5,1.21,4.93,1.22,4.93,1.2,4.54,2024_21_rome_internazionali_bnl_d_italia,2024_21_rome_internazionali_bnl_d_italia_2024-05-09_R128_sramkova_r_pedone_g
tennis_data_uk,wta,2024,21,Internazionali BNL d'Italia,Rome,2024-05-09,wta_1000,True,clay,R128,128,3,Siegemund L.,Carle M.,86,71,814.0,933.0,2,1,2,6,6,4,6,4,,,,,completed,1.62,2.3,1.68,2.29,1.68,2.3,1.64,2.25,2024_21_rome_internazionali_bnl_d_italia,2024_21_rome_internazionali_bnl_d_italia_2024-05-09_R128_siegemund_l_carle_m
tennis_data_uk,wta,2024,21,Internazionali BNL d'Italia,Rome,2024-05-09,wta_1000,True,clay,R128,128,3,Potapova A.,Wang Xiy.,43,53,1347.0,1144.0,2,0,6,1,7,5,,,,,,,completed,1.57,2.38,1.61,2.45,1.65,2.45,1.59,2.34,2024_21_rome_internazionali_bnl_d_italia,2024_21_rome_internazionali_bnl_d_italia_2024-05-09_R128_potapova_a_wang_xiy
tennis_data_uk,wta,2024,21,Internazionali BNL d'Italia,Rome,2024-05-09,wta_1000,True,clay,R128,128,3,Tauson C.,Saville D.,78,84,872.0,819.0,2,0,6,2,6,3,,,,,,,completed,1.53,2.5,1.6,2.47,1.61,2.6,1.57,2.4,2024_21_rome_internazionali_bnl_d_italia,2024_21_rome_internazionali_bnl_d_italia_2024-05-09_R128_tauson_c_saville_d
tennis_data_uk,wta,2024,21,Internazionali BNL d'Italia,Rome,2024-05-09,wta_1000,True,clay,R128,128,3,Errani S.,Anisimova A.,93,237,777.0,312.0,2,1,4,6,6,2,6,1,,,,,completed,3.0,1.4,2.96,1.45,3.0,1.46,2.87,1.41,2024_21_rome_internazionali_bnl_d_italia,2024_21_rome_internazionali_bnl_d_italia_2024-05-09_R128_errani_s_anisimova_a
tennis_data_uk,wta,2024,21,Internazionali BNL d'Italia,Rome,2024-05-09,wta_1000,True,clay,R128,128,3,Volynets K.,Wang Y.,109,69,704.0,967.0,2,0,7,6,6,1,,,,,,,completed,1.4,3.0,1.4,3.17,1.44,3.17,1.4,2.95,2024_21_rome_internazionali_bnl_d_italia,2024_21_rome_internazionali_bnl_d_italia_2024-05-09_R128_volynets_k_wang_y
tennis_data_uk,wta,2024,21,Internazionali BNL d'Italia,Rome,2024-05-09,wta_1000,True,clay,R64,64,3,Kerber A.,Kudermetova V.,331,25,202.0,2003.0,2,0,6,3,6,0,,,,,,,completed,3.0,1.4,3.18,1.4,3.18,1.45,3.0,1.39,2024_21_rome_internazionali_bnl_d_italia,2024_21_rome_internazionali_bnl_d_italia_2024-05-09_R64_kerber_a_kudermetova_v
tennis_data_uk,wta,2024,21,Internazionali BNL d'Italia,Rome,2024-05-09,wta_1000,True,clay,R64,64,3,Shnaider D.,Samsonova L.,62,17,1074.0,2495.0,2,0,6,1,6,3,,,,,,,completed,2.1,1.73,2.16,1.77,2.16,1.8,2.09,1.74,2024_21_rome_internazionali_bnl_d_italia,2024_21_rome_internazionali_bnl_d_italia_2024-05-09_R64_shnaider_d_samsonova_l
tennis_data_uk,wta,2024,21,Internazionali BNL d'Italia,Rome,2024-05-09,wta_1000,True,clay,R64,64,3,Noskova L.,Stefanini L.,29,179,1684.0,414.0,2,0,6,3,7,6,,,,,,,completed,1.13,6.0,1.15,6.18,1.17,6.18,1.14,5.67,2024_21_rome_internazionali_bnl_d_italia,2024_21_rome_internazionali_bnl_d_italia_2024-05-09_R64_noskova_l_stefanini_l
tennis_data_uk,wta,2024,21,Internazionali BNL d'Italia,Rome,2024-05-09,wta_1000,True,clay,R64,64,3,Kasatkina D.,Maria T.,11,65,3313.0,1019.0,2,0,7,5,6,1,,,,,,,completed,1.14,5.5,1.13,6.9,1.17,6.9,1.14,5.73,2024_21_rome_internazionali_bnl_d_italia,2024_21_rome_internazionali_bnl_d_italia_2024-05-09_R64_kasatkina_d_maria_t
tennis_data_uk,wta,2024,21,Internazionali BNL d'Italia,Rome,2024-05-09,wta_1000,True,clay,R64,64,3,Zheng Q.,Rogers S.,7,398,3945.0,155.0,2,0,6,2,6,0,,,,,,,completed,1.3,3.5,1.32,3.66,1.36,3.75,1.31,3.45,2024_21_rome_internazionali_bnl_d_italia,2024_21_rome_internazionali_bnl_d_italia_2024-05-09_R64_zheng_q_rogers_s
tennis_data_uk,wta,2024,21,Internazionali BNL d'Italia,Rome,2024-05-09,wta_1000,True,clay,R64,64,3,Sasnovich A.,Alexandrova E.,113,18,691.0,2450.0,2,0,6,0,6,1,,,,,,,completed,2.75,1.44,2.78,1.5,2.89,1.53,2.69,1.46,2024_21_rome_internazionali_bnl_d_italia,2024_21_rome_internazionali_bnl_d_italia_2024-05-09_R64_sasnovich_a_alexandrova_e
tennis_data_uk,wta,2024,21,Internazionali BNL d'Italia,Rome,2024-05-09,wta_1000,True,clay,R64,64,3,Osaka N.,Kostyuk M.,173,20,424.0,2235.0,2,0,6,3,6,2,,,,,,,completed,2.0,1.8,2.15,1.78,2.15,1.88,2.04,1.79,2024_21_rome_internazionali_bnl_d_italia,2024_21_rome_internazionali_bnl_d_italia_2024-05-09_R64_osaka_n_kostyuk_m
tennis_data_uk,wta,2024,21,Internazionali BNL d'Italia,Rome,2024-05-09,wta_1000,True,clay,R64,64,3,Cristian J.,Avanesyan E.,68,72,983.0,922.0,2,1,5,7,6,2,6,2,,,,,completed,1.67,2.2,1.76,2.16,1.76,2.22,1.71,2.13,2024_21_rome_internazionali_bnl_d_italia,2024_21_rome_internazionali_bnl_d_italia_2024-05-09_R64_cristian_j_avanesyan_e
tennis_data_uk,wta,2024,21,Internazionali BNL d'Italia,Rome,2024-05-09,wta_1000,True,clay,R64,64,3,Keys M.,Osorio M.,16,64,2688.0,1027.0,2,1,6,0,4,6,6,3,,,,,completed,1.4,3.0,1.44,2.97,1.5,3.08,1.43,2.83,2024_21_rome_internazionali_bnl_d_italia,2024_21_rome_internazionali_bnl_d_italia_2024-05-09_R64_keys_m_osorio_m
tennis_data_uk,wta,2024,21,Internazionali BNL d'Italia,Rome,2024-05-09,wta_1000,True,clay,R64,64,3,Haddad Maia B.,Wang Xin.,13,42,3035.0,1371.0,2,1,4,6,6,3,6,4,,,,,completed,1.3,3.5,1.31,3.74,1.31,3.75,1.29,3.59,2024_21_rome_internazionali_bnl_d_italia,2024_21_rome_internazionali_bnl_d_italia_2024-05-09_R64_haddad_maia_b_wang_xin
tennis_data_uk,wta,2024,21,Internazionali BNL d'Italia,Rome,2024-05-09,wta_1000,True,clay,R64,64,3,Gauff C.,Frech M.,3,55,7313.0,1138.0,2,0,6,3,6,3,,,,,,,completed,1.1,7.0,1.1,8.11,1.1,9.05,1.09,7.6,2024_21_rome_internazionali_bnl_d_italia,2024_21_rome_internazionali_bnl_d_italia_2024-05-09_R64_gauff_c_frech_m
tennis_data_uk,wta,2024,21,Internazionali BNL d'Italia,Rome,2024-05-09,wta_1000,True,clay,R64,64,3,Cirstea S.,Fruhvirtova B.,32,102,1619.0,729.0,2,0,7,5,6,0,,,,,,,completed,2.0,1.8,2.08,1.83,2.1,1.83,2.01,1.8,2024_21_rome_internazionali_bnl_d_italia,2024_21_rome_internazionali_bnl_d_italia_2024-05-09_R64_cirstea_s_fruhvirtova_b
tennis_data_uk,wta,2024,21,Internazionali BNL d'Italia,Rome,2024-05-09,wta_1000,True,clay,R64,64,3,Vondrousova M.,Bogdan A.,6,63,4090.0,1029.0,2,1,6,2,3,6,6,4,,,,,completed,1.3,3.5,1.3,3.83,1.33,3.91,1.29,3.61,2024_21_rome_internazionali_bnl_d_italia,2024_21_rome_internazionali_bnl_d_italia_2024-05-09_R64_vondrousova_m_bogdan_a
tennis_data_uk,wta,2024,21,Internazionali BNL d'Italia,Rome,2024-05-09,wta_1000,True,clay,R64,64,3,Putintseva Y.,Stephens S.,41,35,1393.0,1552.0,2,0,6,3,6,2,,,,,,,completed,2.1,1.73,2.09,1.81,2.12,1.81,2.09,1.74,2024_21_rome_internazionali_bnl_d_italia,2024_21_rome_internazionali_bnl_d_italia_2024-05-09_R64_putintseva_y_stephens_s
tennis_data_uk,wta,2024,21,Internazionali BNL d'Italia,Rome,2024-05-09,wta_1000,True,clay,R64,64,3,Swiatek I.,Pera B.,1,77,10910.0,875.0,2,0,6,0,6,2,,,,,,,completed,1.03,15.0,1.03,22.51,1.05,22.78,1.03,13.88,2024_21_rome_internazionali_bnl_d_italia,2024_21_rome_internazionali_bnl_d_italia_2024-05-09_R64_swiatek_i_pera_b
tennis_data_uk,wta,2024,21,Internazionali BNL d'Italia,Rome,2024-05-09,wta_1000,True,clay,R64,64,3,Badosa P.,Navarro E.,126,22,627.0,2143.0,2,1,1,6,6,4,6,2,,,,,completed,1.8,2.0,1.93,1.96,1.93,2.0,1.87,1.93,2024_21_rome_internazionali_bnl_d_italia,2024_21_rome_internazionali_bnl_d_italia_2024-05-09_R64_badosa_p_navarro_e
tennis_data_uk,wta,2024,21,Internazionali BNL d'Italia,Rome,2024-05-10,wta_1000,True,clay,R64,64,3,Collins D.,Blinkova A.,15,46,2759.0,1275.0,1,0,6,4,,,,,,,,,retired,1.2,4.5,1.19,5.29,1.22,5.29,1.18,4.76,2024_21_rome_internazionali_bnl_d_italia,2024_21_rome_internazionali_bnl_d_italia_2024-05-10_R64_collins_d_blinkova_a
tennis_data_uk,wta,2024,21,Internazionali BNL d'Italia,Rome,2024-05-10,wta_1000,True,clay,R64,64,3,Sakkari M.,Gracheva V.,8,88,3925.0,803.0,2,0,6,2,6,2,,,,,,,completed,1.17,5.0,1.18,5.63,1.21,5.63,1.17,5.02,2024_21_rome_internazionali_bnl_d_italia,2024_21_rome_internazionali_bnl_d_italia_2024-05-10_R64_sakkari_m_gracheva_v
tennis_data_uk,wta,2024,21,Internazionali BNL d'Italia,Rome,2024-05-10,wta_1000,True,clay,R64,64,3,Sorribes Tormo S.,Pavlyuchenkova A.,47,21,1266.0,2191.0,2,1,6,3,1,6,7,5,,,,,completed,2.1,1.73,2.44,1.61,2.45,1.73,2.2,1.67,2024_21_rome_internazionali_bnl_d_italia,2024_21_rome_internazionali_bnl_d_italia_2024-05-10_R64_sorribes_tormo_s_pavlyuchenkova_a
tennis_data_uk,wta,2024,21,Internazionali BNL d'Italia,Rome,2024-05-10,wta_1000,True,clay,R64,64,3,Mertens E.,Siniakova K.,30,36,1684.0,1510.0,2,0,6,1,6,4,,,,,,,completed,1.91,1.91,1.8,2.11,1.91,2.14,1.82,1.99,2024_21_rome_internazionali_bnl_d_italia,2024_21_rome_internazionali_bnl_d_italia_2024-05-10_R64_mertens_e_siniakova_k
tennis_data_uk,wta,2024,21,Internazionali BNL d'Italia,Rome,2024-05-10,wta_1000,True,clay,R64,64,3,Kenin S.,Jabeur O.,58,9,1094.0,3748.0,2,1,7,5,2,6,6,4,,,,,completed,3.75,1.29,3.73,1.31,3.78,1.33,3.57,1.29,2024_21_rome_internazionali_bnl_d_italia,2024_21_rome_internazionali_bnl_d_italia_2024-05-10_R64_kenin_s_jabeur_o
tennis_data_uk,wta,2024,21,Internazionali BNL d'Italia,Rome,2024-05-10,wta_1000,True,clay,R64,64,3,Ostapenko J.,Potapova A.,10,43,3493.0,1347.0,2,0,6,4,6,2,,,,,,,completed,1.73,2.1,1.89,2.0,1.89,2.2,1.81,2.0,2024_21_rome_internazionali_bnl_d_italia,2024_21_rome_internazionali_bnl_d_italia_2024-05-10_R64_ostapenko_j_potapova_a
tennis_data_uk,wta,2024,21,Internazionali BNL d'Italia,Rome,2024-05-10,wta_1000,True,clay,R64,64,3,Begu I.,Dodin O.,161,73,471.0,919.0,0,0,5,2,,,,,,,,,retired,1.3,3.5,,,1.36,3.53,1.31,3.34,2024_21_rome_internazionali_bnl_d_italia,2024_21_rome_internazionali_bnl_d_italia_2024-05-10_R64_begu_i_dodin_o
tennis_data_uk,wta,2024,21,Internazionali BNL d'Italia,Rome,2024-05-10,wta_1000,True,clay,R64,64,3,Kalinskaya A.,Tauson C.,26,78,1916.0,872.0,2,0,6,1,6,2,,,,,,,completed,2.0,1.8,2.09,1.81,2.1,1.86,2.04,1.77,2024_21_rome_internazionali_bnl_d_italia,2024_21_rome_internazionali_bnl_d_italia_2024-05-10_R64_kalinskaya_a_tauson_c
tennis_data_uk,wta,2024,21,Internazionali BNL d'Italia,Rome,2024-05-10,wta_1000,True,clay,R64,64,3,Yastremska D.,Siegemund L.,33,86,1590.0,814.0,2,1,4,6,7,5,6,2,,,,,completed,2.2,1.67,2.32,1.67,2.32,1.78,2.22,1.66,2024_21_rome_internazionali_bnl_d_italia,2024_21_rome_internazionali_bnl_d_italia_2024-05-10_R64_yastremska_d_siegemund_l
tennis_data_uk,wta,2024,21,Internazionali BNL d'Italia,Rome,2024-05-10,wta_1000,True,clay,R64,64,3,Azarenka V.,Linette M.,24,51,2024.0,1188.0,2,1,6,7,6,4,6,3,,,,,completed,1.5,2.63,1.54,2.63,1.56,2.85,1.5,2.59,2024_21_rome_internazionali_bnl_d_italia,2024_21_rome_internazionali_bnl_d_italia_2024-05-10_R64_azarenka_v_linette_m
tennis_data_uk,wta,2024,21,Internazionali BNL d'Italia,Rome,2024-05-10,wta_1000,True,clay,R64,64,3,Garcia C.,Cocciaretto E.,23,56,2068.0,1124.0,2,0,6,2,7,6,,,,,,,completed,1.8,2.0,1.87,2.02,1.87,2.27,1.79,2.02,2024_21_rome_internazionali_bnl_d_italia,2024_21_rome_internazionali_bnl_d_italia_2024-05-10_R64_garcia_c_cocciaretto_e
tennis_data_uk,wta,2024,21,Internazionali BNL d'Italia,Rome,2024-05-10,wta_1000,True,clay,R64,64,3,Kalinina A.,Tsurenko L.,31,44,1666.0,1308.0,0,0,2,0,,,,,,,,,retired,1.44,2.75,1.54,2.62,1.54,2.75,1.49,2.6,2024_21_rome_internazionali_bnl_d_italia,2024_21_rome_internazionali_bnl_d_italia_2024-05-10_R64_kalinina_a_tsurenko_l
tennis_data_uk,wta,2024,21,Internazionali BNL d'Italia,Rome,2024-05-10,wta_1000,True,clay,R64,64,3,Svitolina E.,Errani S.,19,93,2400.0,777.0,2,0,6,0,6,2,,,,,,,completed,1.36,3.2,1.37,3.4,1.38,3.4,1.35,3.21,2024_21_rome_internazionali_bnl_d_italia,2024_21_rome_internazionali_bnl_d_italia_2024-05-10_R64_svitolina_e_errani_s
tennis_data_uk,wta,2024,21,Internazionali BNL d'Italia,Rome,2024-05-10,wta_1000,True,clay,R64,64,3,Sabalenka A.,Volynets K.,2,109,7498.0,704.0,2,1,4,6,6,3,6,2,,,,,completed,1.1,7.0,1.09,9.31,1.11,9.31,1.08,7.85,2024_21_rome_internazionali_bnl_d_italia,2024_21_rome_internazionali_bnl_d_italia_2024-05-10_R64_sabalenka_a_volynets_k
tennis_data_uk,wta,2024,21,Internazionali BNL d'Italia,Rome,2024-05-10,wta_1000,True,clay,R64,64,3,Sramkova R.,Boulter K.,120,28,665.0,1742.0,2,0,6,4,7,6,,,,,,,completed,2.0,1.8,2.06,1.84,2.06,1.85,1.98,1.82,2024_21_rome_internazionali_bnl_d_italia,2024_21_rome_internazionali_bnl_d_italia_2024-05-10_R64_sramkova_r_boulter_k
tennis_data_uk,wta,2024,21,Internazionali BNL d'Italia,Rome,2024-05-10,wta_1000,True,clay,R64,64,3,Sherif M.,Paolini J.,80,12,854.0,3048.0,2,1,7,6,2,6,6,4,,,,,completed,3.2,1.36,3.43,1.36,3.43,1.4,3.18,1.35,2024_21_rome_internazionali_bnl_d_italia,2024_21_rome_internazionali_bnl_d_italia_2024-05-10_R64_sherif_m_paolini_j
tennis_data_uk,wta,2024,21,Internazionali BNL d'Italia,Rome,2024-05-11,wta_1000,True,clay,R32,32,3,Swiatek I.,Putintseva Y.,1,41,10910.0,1393.0,2,0,6,3,6,4,,,,,,,completed,1.04,13.0,1.03,17.27,1.05,18.0,1.03,13.2,2024_21_rome_internazionali_bnl_d_italia,2024_21_rome_internazionali_bnl_d_italia_2024-05-11_R32_swiatek_i_putintseva_y
tennis_data_uk,wta,2024,21,Internazionali BNL d'Italia,Rome,2024-05-11,wta_1000,True,clay,R32,32,3,Badosa P.,Shnaider D.,126,62,627.0,1074.0,2,1,5,7,6,4,6,4,,,,,completed,1.44,2.75,1.56,2.61,1.56,2.78,1.51,2.57,2024_21_rome_internazionali_bnl_d_italia,2024_21_rome_internazionali_bnl_d_italia_2024-05-11_R32_badosa_p_shnaider_d
tennis_data_uk,wta,2024,21,Internazionali BNL d'Italia,Rome,2024-05-11,wta_1000,True,clay,R32,32,3,Kerber A.,Sasnovich A.,331,113,202.0,691.0,2,0,6,3,7,6,,,,,,,completed,1.67,2.2,1.73,2.25,1.78,2.25,1.69,2.17,2024_21_rome_internazionali_bnl_d_italia,2024_21_rome_internazionali_bnl_d_italia_2024-05-11_R32_kerber_a_sasnovich_a
tennis_data_uk,wta,2024,21,Internazionali BNL d'Italia,Rome,2024-05-11,wta_1000,True,clay,R32,32,3,Osaka N.,Kasatkina D.,173,11,424.0,3313.0,2,0,6,3,6,3,,,,,,,completed,2.0,1.8,2.06,1.85,2.06,1.9,1.95,1.85,2024_21_rome_internazionali_bnl_d_italia,2024_21_rome_internazionali_bnl_d_italia_2024-05-11_R32_osaka_n_kasatkina_d
tennis_data_uk,wta,2024,21,Internazionali BNL d'Italia,Rome,2024-05-11,wta_1000,True,clay,R32,32,3,Zheng Q.,Noskova L.,7,29,3945.0,1684.0,2,1,3,6,6,1,6,2,,,,,completed,1.5,2.63,1.52,2.72,1.56,2.75,1.49,2.61,2024_21_rome_internazionali_bnl_d_italia,2024_21_rome_internazionali_bnl_d_italia_2024-05-11_R32_zheng_q_noskova_l
tennis_data_uk,wta,2024,21,Internazionali BNL d'Italia,Rome,2024-05-11,wta_1000,True,clay,R32,32,3,Keys M.,Haddad Maia B.,16,13,2688.0,3035.0,2,1,6,4,4,6,6,3,,,,,completed,1.8,2.0,1.84,2.08,1.92,2.08,1.81,1.99,2024_21_rome_internazionali_bnl_d_italia,2024_21_rome_internazionali_bnl_d_italia_2024-05-11_R32_keys_m_haddad_maia_b
tennis_data_uk,wta,2024,21,Internazionali BNL d'Italia,Rome,2024-05-11,wta_1000,True,clay,R32,32,3,Cirstea S.,Vondrousova M.,32,6,1619.0,4090.0,2,0,7,6,6,3,,,,,,,completed,3.2,1.36,3.14,1.42,3.25,1.45,2.99,1.39,2024_21_rome_internazionali_bnl_d_italia,2024_21_rome_internazionali_bnl_d_italia_2024-05-11_R32_cirstea_s_vondrousova_m
tennis_data_uk,wta,2024,21,Internazionali BNL d'Italia,Rome,2024-05-11,wta_1000,True,clay,R32,32,3,Gauff C.,Cristian J.,3,68,7313.0,983.0,2,1,6,1,0,6,6,3,,,,,completed,1.11,6.5,1.14,6.86,1.14,7.55,1.12,6.29,2024_21_rome_internazionali_bnl_d_italia,2024_21_rome_internazionali_bnl_d_italia_2024-05-11_R32_gauff_c_cristian_j
tennis_data_uk,wta,2024,21,Internazionali BNL d'Italia,Rome,2024-05-12,wta_1000,True,clay,R32,32,3,Begu I.,Mertens E.,161,30,471.0,1684.0,2,0,6,2,6,0,,,,,,,completed,2.5,1.53,2.45,1.62,2.63,1.62,2.43,1.56,2024_21_rome_internazionali_bnl_d_italia,2024_21_rome_internazionali_bnl_d_italia_2024-05-12_R32_begu_i_mertens_e
tennis_data_uk,wta,2024,21,Internazionali BNL d'Italia,Rome,2024-05-12,wta_1000,True,clay,R32,32,3,Sakkari M.,Kalinina A.,8,31,3925.0,1666.0,2,0,7,6,6,0,,,,,,,completed,1.33,3.4,1.37,3.41,1.38,3.41,1.33,3.29,2024_21_rome_internazionali_bnl_d_italia,2024_21_rome_internazionali_bnl_d_italia_2024-05-12_R32_sakkari_m_kalinina_a
tennis_data_uk,wta,2024,21,Internazionali BNL d'Italia,Rome,2024-05-12,wta_1000,True,clay,R32,32,3,Sramkova R.,Kenin S.,120,58,665.0,1094.0,2,1,6,4,4,6,6,4,,,,,completed,2.1,1.73,2.11,1.82,2.13,1.82,2.06,1.75,2024_21_rome_internazionali_bnl_d_italia,2024_21_rome_internazionali_bnl_d_italia_2024-05-12_R32_sramkova_r_kenin_s
tennis_data_uk,wta,2024,21,Internazionali BNL d'Italia,Rome,2024-05-12,wta_1000,True,clay,R32,32,3,Sabalenka A.,Yastremska D.,2,33,7498.0,1590.0,2,0,6,4,6,2,,,,,,,completed,1.13,6.0,1.17,6.05,1.17,6.25,1.14,5.68,2024_21_rome_internazionali_bnl_d_italia,2024_21_rome_internazionali_bnl_d_italia_2024-05-12_R32_sabalenka_a_yastremska_d
tennis_data_uk,wta,2024,21,Internazionali BNL d'Italia,Rome,2024-05-12,wta_1000,True,clay,R32,32,3,Ostapenko J.,Sorribes Tormo S.,10,47,3493.0,1266.0,2,1,6,4,5,7,6,1,,,,,completed,1.53,2.5,1.67,2.36,1.72,2.5,1.61,2.3,2024_21_rome_internazionali_bnl_d_italia,2024_21_rome_internazionali_bnl_d_italia_2024-05-12_R32_ostapenko_j_sorribes_tormo_s
tennis_data_uk,wta,2024,21,Internazionali BNL d'Italia,Rome,2024-05-12,wta_1000,True,clay,R32,32,3,Azarenka V.,Sherif M.,24,80,2024.0,854.0,2,1,6,2,6,7,6,3,,,,,completed,1.44,2.75,1.6,2.51,1.6,2.78,1.51,2.56,2024_21_rome_internazionali_bnl_d_italia,2024_21_rome_internazionali_bnl_d_italia_2024-05-12_R32_azarenka_v_sherif_m
tennis_data_uk,wta,2024,21,Internazionali BNL d'Italia,Rome,2024-05-12,wta_1000,True,clay,R32,32,3,Svitolina E.,Kalinskaya A.,19,26,2400.0,1916.0,2,0,6,3,6,3,,,,,,,completed,1.62,2.3,1.67,2.35,1.67,2.35,1.62,2.27,2024_21_rome_internazionali_bnl_d_italia,2024_21_rome_internazionali_bnl_d_italia_2024-05-12_R32_svitolina_e_kalinskaya_a
tennis_data_uk,wta,2024,21,Internazionali BNL d'Italia,Rome,2024-05-12,wta_1000,True,clay,R32,32,3,Collins D.,Garcia C.,15,23,2759.0,2068.0,2,0,6,3,6,3,,,,,,,completed,1.33,3.4,1.36,3.34,1.38,3.4,1.34,3.21,2024_21_rome_internazionali_bnl_d_italia,2024_21_rome_internazionali_bnl_d_italia_2024-05-12_R32_collins_d_garcia_c
tennis_data_uk,wta,2024,21,Internazionali BNL d'Italia,Rome,2024-05-13,wta_1000,True,clay,R16,16,3,Keys M.,Cirstea S.,16,32,2688.0,1619.0,2,0,6,2,6,1,,,,,,,completed,1.62,2.3,1.65,2.4,1.65,2.41,1.61,2.3,2024_21_rome_internazionali_bnl_d_italia,2024_21_rome_internazionali_bnl_d_italia_2024-05-13_R16_keys_m_cirstea_s
tennis_data_uk,wta,2024,21,Internazionali BNL d'Italia,Rome,2024-05-13,wta_1000,True,clay,R16,16,3,Zheng Q.,Osaka N.,7,173,3945.0,424.0,2,0,6,2,6,4,,,,,,,completed,1.91,1.91,1.96,1.94,2.0,2.0,1.92,1.88,2024_21_rome_internazionali_bnl_d_italia,2024_21_rome_internazionali_bnl_d_italia_2024-05-13_R16_zheng_q_osaka_n
tennis_data_uk,wta,2024,21,Internazionali BNL d'Italia,Rome,2024-05-13,wta_1000,True,clay,R16,16,3,Gauff C.,Badosa P.,3,126,7313.0,627.0,2,1,5,7,6,4,6,1,,,,,completed,1.5,2.63,1.54,2.68,1.54,2.75,1.49,2.61,2024_21_rome_internazionali_bnl_d_italia,2024_21_rome_internazionali_bnl_d_italia_2024-05-13_R16_gauff_c_badosa_p
tennis_data_uk,wta,2024,21,Internazionali BNL d'Italia,Rome,2024-05-13,wta_1000,True,clay,R16,16,3,Swiatek I.,Kerber A.,1,331,10910.0,202.0,2,0,7,5,6,3,,,,,,,completed,1.03,17.0,1.04,19.76,1.06,19.76,1.03,13.38,2024_21_rome_internazionali_bnl_d_italia,2024_21_rome_internazionali_bnl_d_italia_2024-05-13_R16_swiatek_i_kerber_a
tennis_data_uk,wta,2024,21,Internazionali BNL d'Italia,Rome,2024-05-13,wta_1000,True,clay,R16,16,3,Ostapenko J.,Sramkova R.,10,120,3493.0,665.0,2,1,4,6,6,4,7,6,,,,,completed,1.29,3.75,1.34,3.63,1.43,3.75,1.31,3.49,2024_21_rome_internazionali_bnl_d_italia,2024_21_rome_internazionali_bnl_d_italia_2024-05-13_R16_ostapenko_j_sramkova_r
tennis_data_uk,wta,2024,21,Internazionali BNL d'Italia,Rome,2024-05-13,wta_1000,True,clay,R16,16,3,Collins D.,Begu I.,15,161,2759.0,471.0,2,0,6,0,6,3,,,,,,,completed,1.25,4.0,1.25,4.41,1.26,4.41,1.24,4.03,2024_21_rome_internazionali_bnl_d_italia,2024_21_rome_internazionali_bnl_d_italia_2024-05-13_R16_collins_d_begu_i
tennis_data_uk,wta,2024,21,Internazionali BNL d'Italia,Rome,2024-05-13,wta_1000,True,clay,R16,16,3,Azarenka V.,Sakkari M.,24,8,2024.0,3925.0,2,0,6,4,6,1,,,,,,,completed,2.75,1.44,3.11,1.42,3.11,1.5,2.81,1.43,2024_21_rome_internazionali_bnl_d_italia,2024_21_rome_internazionali_bnl_d_italia_2024-05-13_R16_azarenka_v_sakkari_m
tennis_data_uk,wta,2024,21,Internazionali BNL d'Italia,Rome,2024-05-13,wta_1000,True,clay,R16,16,3,Sabalenka A.,Svitolina E.,2,19,7498.0,2400.0,2,1,4,6,6,1,7,6,,,,,completed,1.36,3.2,1.39,3.26,1.41,3.29,1.36,3.12,2024_21_rome_internazionali_bnl_d_italia,2024_21_rome_internazionali_bnl_d_italia_2024-05-13_R16_sabalenka_a_svitolina_e
tennis_data_uk,wta,2024,21,Internazionali BNL d'Italia,Rome,2024-05-14,wta_1000,True,clay,QF,8,3,Swiatek I.,Keys M.,1,16,10910.0,2688.0,2,0,6,1,6,3,,,,,,,completed,1.08,8.0,1.08,10.72,1.11,10.72,1.07,8.59,2024_21_rome_internazionali_bnl_d_italia,2024_21_rome_internazionali_bnl_d_italia_2024-05-14_QF_swiatek_i_keys_m
tennis_data_uk,wta,2024,21,Internazionali BNL d'Italia,Rome,2024-05-14,wta_1000,True,clay,QF,8,3,Gauff C.,Zheng Q.,3,7,7313.0,3945.0,2,0,7,6,6,1,,,,,,,completed,1.67,2.2,1.78,2.16,1.78,2.3,1.69,2.17,2024_21_rome_internazionali_bnl_d_italia,2024_21_rome_internazionali_bnl_d_italia_2024-05-14_QF_gauff_c_zheng_q
tennis_data_uk,wta,2024,21,Internazionali BNL d'Italia,Rome,2024-05-15,wta_1000,True,clay,QF,8,3,Sabalenka A.,Ostapenko J.,2,10,7498.0,3493.0,2,0,6,2,6,4,,,,,,,completed,1.3,3.5,1.29,4.03,1.32,4.15,1.29,3.62,2024_21_rome_internazionali_bnl_d_italia,2024_21_rome_internazionali_bnl_d_italia_2024-05-15_QF_sabalenka_a_ostapenko_j
tennis_data_uk,wta,2024,21,Internazionali BNL d'Italia,Rome,2024-05-15,wta_1000,True,clay,QF,8,3,Collins D.,Azarenka V.,15,24,2759.0,2024.0,2,0,6,4,6,3,,,,,,,completed,1.4,3.0,1.41,3.16,1.49,3.17,1.4,2.96,2024_21_rome_internazionali_bnl_d_italia,2024_21_rome_internazionali_bnl_d_italia_2024-05-15_QF_collins_d_azarenka_v
tennis_data_uk,wta,2024,21,Internazionali BNL d'Italia,Rome,2024-05-16,wta_1000,True,clay,SF,4,3,Swiatek I.,Gauff C.,1,3,10910.0,7313.0,2,0,6,4,6,3,,,,,,,completed,1.14,5.5,1.15,6.35,1.16,6.35,1.14,5.57,2024_21_rome_internazionali_bnl_d_italia,2024_21_rome_internazionali_bnl_d_italia_2024-05-16_SF_swiatek_i_gauff_c
tennis_data_uk,wta,2024,21,Internazionali BNL d'Italia,Rome,2024-05-16,wta_1000,True,clay,SF,4,3,Sabalenka A.,Collins D.,2,15,7498.0,2759.0,2,0,7,5,6,2,,,,,,,completed,1.53,2.5,1.63,2.45,1.63,2.62,1.58,2.38,2024_21_rome_internazionali_bnl_d_italia,2024_21_rome_internazionali_bnl_d_italia_2024-05-16_SF_sabalenka_a_collins_d
tennis_data_uk,wta,2024,21,Internazionali BNL d'Italia,Rome,2024-05-18,wta_1000,True,clay,F,2,3,Swiatek I.,Sabalenka A.,1,2,10910.0,7498.0,2,0,6,2,6,3,,,,,,,completed,1.3,3.5,1.31,3.86,1.34,3.88,1.3,3.57,2024_21_rome_internazionali_bnl_d_italia,2024_21_rome_internazionali_bnl_d_italia_2024-05-18_F_swiatek_i_sabalenka_a
tennis_data_uk,wta,2024,22,Morocco Open,Rabat,2024-05-19,wta_250,True,clay,R32,32,3,Sorribes Tormo S.,Dart H.,46,91,1246.0,789.0,2,0,6,2,6,0,,,,,,,completed,1.13,6.0,1.12,7.28,1.14,7.57,1.1,6.7,2024_22_rabat_morocco_open,2024_22_rabat_morocco_open_2024-05-19_R32_sorribes_tormo_s_dart_h
tennis_data_uk,wta,2024,22,Morocco Open,Rabat,2024-05-19,wta_250,True,clay,R32,32,3,Rakhimova K.,Townsend T.,105,75,736.0,904.0,0,0,2,0,,,,,,,,,retired,4.0,1.25,3.7,1.31,4.01,1.31,3.61,1.28,2024_22_rabat_morocco_open,2024_22_rabat_morocco_open_2024-05-19_R32_rakhimova_k_townsend_t
tennis_data_uk,wta,2024,22,Morocco Open,Rabat,2024-05-20,wta_250,True,clay,R32,32,3,Wang Xiy.,Brancaccio N.,62,286,1034.0,246.0,2,0,7,6,7,5,,,,,,,completed,1.3,3.5,1.34,3.45,1.34,3.6,1.31,3.38,2024_22_rabat_morocco_open,2024_22_rabat_morocco_open_2024-05-20_R32_wang_xiy_brancaccio_n
tennis_data_uk,wta,2024,22,Morocco Open,Rabat,2024-05-20,wta_250,True,clay,R32,32,3,Bai Z.,Day K.,99,100,757.0,749.0,2,0,6,3,7,6,,,,,,,completed,2.1,1.73,2.12,1.76,2.25,1.76,2.11,1.71,2024_22_rabat_morocco_open,2024_22_rabat_morocco_open_2024-05-20_R32_bai_z_day_k
tennis_data_uk,wta,2024,22,Morocco Open,Rabat,2024-05-20,wta_250,True,clay,R32,32,3,Podoroska N.,Maria T.,59,64,1076.0,1024.0,2,0,6,2,6,4,,,,,,,completed,1.53,2.5,1.51,2.66,1.54,2.75,1.49,2.58,2024_22_rabat_morocco_open,2024_22_rabat_morocco_open_2024-05-20_R32_podoroska_n_maria_t
tennis_data_uk,wta,2024,22,Morocco Open,Rabat,2024-05-20,wta_250,True,clay,R32,32,3,Cocciaretto E.,Kabbaj Y.,52,566,1124.0,86.0,2,0,6,3,6,4,,,,,,,completed,1.05,11.0,1.04,15.02,1.07,15.02,1.04,11.57,2024_22_rabat_morocco_open,2024_22_rabat_morocco_open_2024-05-20_R32_cocciaretto_e_kabbaj_y
tennis_data_uk,wta,2024,22,Morocco Open,Rabat,2024-05-20,wta_250,True,clay,R32,32,3,Stearns P.,Krunic A.,81,471,850.0,126.0,2,1,5,7,6,2,6,1,,,,,completed,1.5,2.63,1.56,2.55,1.57,2.63,1.52,2.5,2024_22_rabat_morocco_open,2024_22_rabat_morocco_open_2024-05-20_R32_stearns_p_krunic_a
tennis_data_uk,wta,2024,22,Morocco Open,Rabat,2024-05-20,wta_250,True,clay,R32,32,3,Avanesyan E.,Osorio M.,69,77,956.0,895.0,1,1,6,3,4,6,0,4,,,,,retired,2.38,1.57,2.3,1.66,2.4,1.66,2.29,1.61,2024_22_rabat_morocco_open,2024_22_rabat_morocco_open_2024-05-20_R32_avanesyan_e_osorio_m
tennis_data_uk,wta,2024,22,Morocco Open,Rabat,2024-05-20,wta_250,True,clay,R32,32,3,Rosatello C.,Yuan Y.,294,36,236.0,1442.0,2,1,7,6,1,6,6,4,,,,,completed,4.0,1.25,4.13,1.26,4.26,1.29,3.92,1.24,2024_22_rabat_morocco_open,2024_22_rabat_morocco_open_2024-05-20_R32_rosatello_c_yuan_y
tennis_data_uk,wta,2024,22,Morocco Open,Rabat,2024-05-20,wta_250,True,clay,R32,32,3,Siegemund L.,Blinkova A.,78,45,879.0,1275.0,2,0,6,1,7,6,,,,,,,completed,1.4,3.0,1.45,2.91,1.53,3.0,1.43,2.76,2024_22_rabat_morocco_open,2024_22_rabat_morocco_open_2024-05-20_R32_siegemund_l_blinkova_a
tennis_data_uk,wta,2024,22,Morocco Open,Rabat,2024-05-21,wta_250,True,clay,R32,32,3,Bronzetti L.,El Allami M.,48,1143,1209.0,11.0,2,0,6,1,6,0,,,,,,,completed,1.03,17.0,1.03,19.02,1.03,19.02,1.02,14.39,2024_22_rabat_morocco_open,2024_22_rabat_morocco_open_2024-05-21_R32_bronzetti_l_el_allami_m
tennis_data_uk,wta,2024,22,Morocco Open,Rabat,2024-05-21,wta_250,True,clay,R32,32,3,Carle M.,Rus A.,83,49,848.0,1159.0,2,0,6,3,6,3,,,,,,,completed,1.8,2.0,1.89,1.97,1.89,2.02,1.84,1.95,2024_22_rabat_morocco_open,2024_22_rabat_morocco_open_2024-05-21_R32_carle_m_rus_a
tennis_data_uk,wta,2024,22,Morocco Open,Rabat,2024-05-21,wta_250,True,clay,R32,32,3,Wang Y.,Zhu L.,68,58,962.0,1077.0,2,1,4,6,6,0,6,2,,,,,completed,2.0,1.8,1.89,1.98,2.0,1.98,1.9,1.88,2024_22_rabat_morocco_open,2024_22_rabat_morocco_open_2024-05-21_R32_wang_y_zhu_l
tennis_data_uk,wta,2024,22,Morocco Open,Rabat,2024-05-21,wta_250,True,clay,R32,32,3,Sherif M.,El Aouni A.,66,629,980.0,68.0,2,0,6,2,6,1,,,,,,,completed,1.05,11.0,1.06,12.38,1.06,12.38,1.05,9.72,2024_22_rabat_morocco_open,2024_22_rabat_morocco_open_2024-05-21_R32_sherif_m_el_aouni_a
tennis_data_uk,wta,2024,22,Morocco Open,Rabat,2024-05-21,wta_250,True,clay,R32,32,3,Trevisan M.,Hibino N.,88,96,808.0,764.0,2,1,7,5,4,6,6,3,,,,,completed,1.3,3.5,1.34,3.48,1.35,3.6,1.31,3.4,2024_22_rabat_morocco_open,2024_22_rabat_morocco_open_2024-05-21_R32_trevisan_m_hibino_n
tennis_data_uk,wta,2024,22,Morocco Open,Rabat,2024-05-21,wta_250,True,clay,R32,32,3,Tomova V.,Cengiz B.,84,347,846.0,187.0,2,0,6,2,6,1,,,,,,,completed,1.22,4.33,1.28,3.99,1.28,4.33,1.25,3.86,2024_22_rabat_morocco_open,2024_22_rabat_morocco_open_2024-05-21_R32_tomova_v_cengiz_b
tennis_data_uk,wta,2024,22,Morocco Open,Rabat,2024-05-21,wta_250,True,clay,R16,16,3,Sorribes Tormo S.,Podoroska N.,46,59,1246.0,1076.0,2,1,7,5,3,6,6,3,,,,,completed,1.4,3.0,1.47,2.86,1.47,3.0,1.43,2.79,2024_22_rabat_morocco_open,2024_22_rabat_morocco_open_2024-05-21_R16_sorribes_tormo_s_podoroska_n
tennis_data_uk,wta,2024,22,Morocco Open,Rabat,2024-05-21,wta_250,True,clay,R16,16,3,Cocciaretto E.,Bai Z.,52,99,1124.0,757.0,2,0,6,4,6,2,,,,,,,completed,1.3,3.5,1.29,3.93,1.31,4.01,1.27,3.71,2024_22_rabat_morocco_open,2024_22_rabat_morocco_open_2024-05-21_R16_cocciaretto_e_bai_z
tennis_data_uk,wta,2024,22,Morocco Open,Rabat,2024-05-22,wta_250,True,clay,R16,16,3,Tomova V.,Wang Y.,84,68,846.0,962.0,2,0,7,6,6,0,,,,,,,completed,1.53,2.5,1.49,2.8,1.54,2.8,1.48,2.62,2024_22_rabat_morocco_open,2024_22_rabat_morocco_open_2024-05-22_R16_tomova_v_wang_y
tennis_data_uk,wta,2024,22,Morocco Open,Rabat,2024-05-22,wta_250,True,clay,R16,16,3,Bronzetti L.,Trevisan M.,48,88,1209.0,808.0,2,0,6,2,6,3,,,,,,,completed,2.0,1.8,1.95,1.93,2.02,1.93,1.94,1.85,2024_22_rabat_morocco_open,2024_22_rabat_morocco_open_2024-05-22_R16_bronzetti_l_trevisan_m
tennis_data_uk,wta,2024,22,Morocco Open,Rabat,2024-05-22,wta_250,True,clay,R16,16,3,Stearns P.,Wang Xiy.,81,62,850.0,1034.0,2,0,6,3,6,1,,,,,,,completed,2.0,1.8,2.07,1.83,2.07,1.83,2.0,1.79,2024_22_rabat_morocco_open,2024_22_rabat_morocco_open_2024-05-22_R16_stearns_p_wang_xiy
tennis_data_uk,wta,2024,22,Morocco Open,Rabat,2024-05-22,wta_250,True,clay,R16,16,3,Siegemund L.,Osorio M.,78,77,879.0,895.0,2,0,6,4,6,4,,,,,,,completed,1.67,2.2,1.79,2.12,1.8,2.22,1.73,2.09,2024_22_rabat_morocco_open,2024_22_rabat_morocco_open_2024-05-22_R16_siegemund_l_osorio_m
tennis_data_uk,wta,2024,22,Morocco Open,Rabat,2024-05-22,wta_250,True,clay,R16,16,3,Sherif M.,Carle M.,66,83,980.0,848.0,2,0,6,3,6,2,,,,,,,completed,1.62,2.3,1.7,2.26,1.7,2.38,1.64,2.23,2024_22_rabat_morocco_open,2024_22_rabat_morocco_open_2024-05-22_R16_sherif_m_carle_m
tennis_data_uk,wta,2024,22,Morocco Open,Rabat,2024-05-22,wta_250,True,clay,R16,16,3,Rakhimova K.,Rosatello C.,105,294,736.0,236.0,0,0,4,0,,,,,,,,,retired,1.33,3.4,1.33,3.61,1.36,3.61,1.31,3.37,2024_22_rabat_morocco_open,2024_22_rabat_morocco_open_2024-05-22_R16_rakhimova_k_rosatello_c
tennis_data_uk,wta,2024,22,Morocco Open,Rabat,2024-05-23,wta_250,True,clay,QF,8,3,Tomova V.,Siegemund L.,84,78,846.0,879.0,2,0,6,4,6,3,,,,,,,completed,3.0,1.4,2.99,1.45,3.0,1.47,2.83,1.42,2024_22_rabat_morocco_open,2024_22_rabat_morocco_open_2024-05-23_QF_tomova_v_siegemund_l
tennis_data_uk,wta,2024,22,Morocco Open,Rabat,2024-05-23,wta_250,True,clay,QF,8,3,Stearns P.,Bronzetti L.,81,48,850.0,1209.0,2,1,6,4,4,6,7,5,,,,,completed,1.67,2.2,1.74,2.22,1.75,2.23,1.7,2.14,2024_22_rabat_morocco_open,2024_22_rabat_morocco_open_2024-05-23_QF_stearns_p_bronzetti_l
tennis_data_uk,wta,2024,22,Morocco Open,Rabat,2024-05-23,wta_250,True,clay,QF,8,3,Sherif M.,Sorribes Tormo S.,66,46,980.0,1246.0,2,0,6,3,6,3,,,,,,,completed,2.1,1.73,2.16,1.78,2.16,1.78,2.09,1.73,2024_22_rabat_morocco_open,2024_22_rabat_morocco_open_2024-05-23_QF_sherif_m_sorribes_tormo_s
tennis_data_uk,wta,2024,22,Morocco Open,Rabat,2024-05-23,wta_250,True,clay,QF,8,3,Rakhimova K.,Cocciaretto E.,105,52,736.0,1124.0,2,0,7,5,7,5,,,,,,,completed,3.2,1.36,3.33,1.38,3.44,1.38,3.22,1.34,2024_22_rabat_morocco_open,2024_22_rabat_morocco_open_2024-05-23_QF_rakhimova_k_cocciaretto_e
tennis_data_uk,wta,2024,22,Morocco Open,Rabat,2024-05-24,wta_250,True,clay,SF,4,3,Stearns P.,Tomova V.,81,84,850.0,846.0,2,1,6,7,7,5,7,6,,,,,completed,1.73,2.1,1.7,2.28,1.74,2.34,1.66,2.2,2024_22_rabat_morocco_open,2024_22_rabat_morocco_open_2024-05-24_SF_stearns_p_tomova_v
tennis_data_uk,wta,2024,22,Morocco Open,Rabat,2024-05-24,wta_250,True,clay,SF,4,3,Sherif M.,Rakhimova K.,66,105,980.0,736.0,2,0,6,0,6,1,,,,,,,completed,1.29,3.75,1.33,3.64,1.33,3.75,1.3,3.48,2024_22_rabat_morocco_open,2024_22_rabat_morocco_open_2024-05-24_SF_sherif_m_rakhimova_k
tennis_data_uk,wta,2024,22,Morocco Open,Rabat,2024-05-25,wta_250,True,clay,F,2,3,Stearns P.,Sherif M.,81,66,850.0,980.0,2,0,6,2,6,1,,,,,,,completed,3.4,1.33,3.11,1.42,3.4,1.43,3.13,1.36,2024_22_rabat_morocco_open,2024_22_rabat_morocco_open_2024-05-25_F_stearns_p_sherif_m
tennis_data_uk,wta,2024,23,Internationaux de Strasbourg,Strasbourg,2024-05-19,wta_500,True,clay,R32,32,3,Fernandez L.A.,Potapova A.,33,41,1535.0,1317.0,2,1,4,6,7,6,6,3,,,,,completed,2.0,1.8,2.14,1.76,2.17,1.82,2.06,1.75,2024_23_strasbourg_internationaux_de_strasbourg,2024_23_strasbourg_internationaux_de_strasbourg_2024-05-19_R32_fernandez_l_a_potapova_a
tennis_data_uk,wta,2024,23,Internationaux de Strasbourg,Strasbourg,2024-05-19,wta_500,True,clay,R32,32,3,Kalinina A.,Pavlyuchenkova A.,56,22,1081.0,2166.0,2,1,6,3,3,6,6,4,,,,,completed,2.38,1.57,2.46,1.6,2.46,1.66,2.33,1.6,2024_23_strasbourg_internationaux_de_strasbourg,2024_23_strasbourg_internationaux_de_strasbourg_2024-05-19_R32_kalinina_a_pavlyuchenkova_a
tennis_data_uk,wta,2024,23,Internationaux de Strasbourg,Strasbourg,2024-05-19,wta_500,True,clay,R32,32,3,Burel C.,Pliskova Ka.,43,51,1290.0,1147.0,2,1,7,5,0,6,6,1,,,,,completed,1.73,2.1,1.76,2.14,1.8,2.14,1.74,2.08,2024_23_strasbourg_internationaux_de_strasbourg,2024_23_strasbourg_internationaux_de_strasbourg_2024-05-19_R32_burel_c_pliskova_ka
tennis_data_uk,wta,2024,23,Internationaux de Strasbourg,Strasbourg,2024-05-20,wta_500,True,clay,R32,32,3,Linette M.,Cirstea S.,50,30,1158.0,1704.0,2,0,7,5,7,5,,,,,,,completed,2.5,1.53,2.5,1.58,2.51,1.59,2.41,1.56,2024_23_strasbourg_internationaux_de_strasbourg,2024_23_strasbourg_internationaux_de_strasbourg_2024-05-20_R32_linette_m_cirstea_s
tennis_data_uk,wta,2024,23,Internationaux de Strasbourg,Strasbourg,2024-05-20,wta_500,True,clay,R32,32,3,Wang Xin.,Kalinskaya A.,39,25,1381.0,1916.0,2,0,6,4,7,6,,,,,,,completed,2.75,1.44,2.94,1.44,2.96,1.47,2.75,1.44,2024_23_strasbourg_internationaux_de_strasbourg,2024_23_strasbourg_internationaux_de_strasbourg_2024-05-20_R32_wang_xin_kalinskaya_a
tennis_data_uk,wta,2024,23,Internationaux de Strasbourg,Strasbourg,2024-05-20,wta_500,True,clay,R32,32,3,Samsonova L.,Krejcikova B.,19,26,2440.0,1767.0,2,1,6,2,6,7,6,4,,,,,completed,2.0,1.8,1.96,1.91,2.05,1.91,2.01,1.79,2024_23_strasbourg_internationaux_de_strasbourg,2024_23_strasbourg_internationaux_de_strasbourg_2024-05-20_R32_samsonova_l_krejcikova_b
tennis_data_uk,wta,2024,23,Internationaux de Strasbourg,Strasbourg,2024-05-20,wta_500,True,clay,R32,32,3,Siniakova K.,Putintseva Y.,34,37,1535.0,1423.0,2,0,6,0,7,5,,,,,,,completed,2.38,1.57,2.49,1.58,2.5,1.67,2.38,1.57,2024_23_strasbourg_internationaux_de_strasbourg,2024_23_strasbourg_internationaux_de_strasbourg_2024-05-20_R32_siniakova_k_putintseva_y
tennis_data_uk,wta,2024,23,Internationaux de Strasbourg,Strasbourg,2024-05-20,wta_500,True,clay,R32,32,3,Alexandrova E.,Bucsa C.,18,72,2450.0,924.0,2,0,6,0,7,5,,,,,,,completed,1.57,2.38,1.65,2.35,1.66,2.45,1.6,2.33,2024_23_strasbourg_internationaux_de_strasbourg,2024_23_strasbourg_internationaux_de_strasbourg_2024-05-20_R32_alexandrova_e_bucsa_c
tennis_data_uk,wta,2024,23,Internationaux de Strasbourg,Strasbourg,2024-05-20,wta_500,True,clay,R32,32,3,Svitolina E.,Parry D.,17,61,2510.0,1036.0,2,0,6,3,6,4,,,,,,,completed,1.36,3.2,1.42,3.03,1.42,3.6,1.35,3.22,2024_23_strasbourg_internationaux_de_strasbourg,2024_23_strasbourg_internationaux_de_strasbourg_2024-05-20_R32_svitolina_e_parry_d
tennis_data_uk,wta,2024,23,Internationaux de Strasbourg,Strasbourg,2024-05-20,wta_500,True,clay,R32,32,3,Frech M.,Stephens S.,54,35,1108.0,1527.0,2,0,6,3,6,3,,,,,,,completed,2.63,1.5,2.67,1.52,2.7,1.53,2.58,1.5,2024_23_strasbourg_internationaux_de_strasbourg,2024_23_strasbourg_internationaux_de_strasbourg_2024-05-20_R32_frech_m_stephens_s
tennis_data_uk,wta,2024,23,Internationaux de Strasbourg,Strasbourg,2024-05-20,wta_500,True,clay,R32,32,3,Ferro F.,Andreeva E.,142,101,526.0,744.0,2,0,6,2,6,2,,,,,,,completed,2.3,1.62,2.32,1.66,2.36,1.67,2.27,1.62,2024_23_strasbourg_internationaux_de_strasbourg,2024_23_strasbourg_internationaux_de_strasbourg_2024-05-20_R32_ferro_f_andreeva_e
tennis_data_uk,wta,2024,23,Internationaux de Strasbourg,Strasbourg,2024-05-20,wta_500,True,clay,R32,32,3,Navarro E.,Cornet A.,24,107,2068.0,720.0,2,0,6,4,6,1,,,,,,,completed,1.11,6.5,1.12,7.05,1.13,7.05,1.11,6.4,2024_23_strasbourg_internationaux_de_strasbourg,2024_23_strasbourg_internationaux_de_strasbourg_2024-05-20_R32_navarro_e_cornet_a
tennis_data_uk,wta,2024,23,Internationaux de Strasbourg,Strasbourg,2024-05-21,wta_500,True,clay,R16,16,3,Samsonova L.,Fernandez L.A.,19,33,2440.0,1535.0,2,1,4,6,6,4,6,2,,,,,completed,1.73,2.1,1.76,2.17,1.87,2.17,1.75,2.06,2024_23_strasbourg_internationaux_de_strasbourg,2024_23_strasbourg_internationaux_de_strasbourg_2024-05-21_R16_samsonova_l_fernandez_l_a
tennis_data_uk,wta,2024,23,Internationaux de Strasbourg,Strasbourg,2024-05-22,wta_500,True,clay,R16,16,3,Keys M.,Wang Xin.,16,39,2783.0,1381.0,2,0,7,5,6,0,,,,,,,completed,1.25,4.0,1.28,4.0,1.3,4.01,1.26,3.75,2024_23_strasbourg_internationaux_de_strasbourg,2024_23_strasbourg_internationaux_de_strasbourg_2024-05-22_R16_keys_m_wang_xin
tennis_data_uk,wta,2024,23,Internationaux de Strasbourg,Strasbourg,2024-05-22,wta_500,True,clay,R16,16,3,Haddad Maia B.,Navarro E.,14,24,2885.0,2068.0,2,0,6,4,7,6,,,,,,,completed,2.1,1.73,1.96,1.91,2.1,1.91,1.95,1.84,2024_23_strasbourg_internationaux_de_strasbourg,2024_23_strasbourg_internationaux_de_strasbourg_2024-05-22_R16_haddad_maia_b_navarro_e
tennis_data_uk,wta,2024,23,Internationaux de Strasbourg,Strasbourg,2024-05-22,wta_500,True,clay,R16,16,3,Linette M.,Alexandrova E.,50,18,1158.0,2450.0,2,1,6,7,6,3,6,3,,,,,completed,1.8,2.0,1.79,2.13,1.82,2.13,1.77,2.03,2024_23_strasbourg_internationaux_de_strasbourg,2024_23_strasbourg_internationaux_de_strasbourg_2024-05-22_R16_linette_m_alexandrova_e
tennis_data_uk,wta,2024,23,Internationaux de Strasbourg,Strasbourg,2024-05-22,wta_500,True,clay,R16,16,3,Vondrousova M.,Frech M.,6,54,4035.0,1108.0,2,1,5,7,6,1,6,0,,,,,completed,1.3,3.5,1.3,3.83,1.31,3.83,1.29,3.56,2024_23_strasbourg_internationaux_de_strasbourg,2024_23_strasbourg_internationaux_de_strasbourg_2024-05-22_R16_vondrousova_m_frech_m
tennis_data_uk,wta,2024,23,Internationaux de Strasbourg,Strasbourg,2024-05-22,wta_500,True,clay,R16,16,3,Kalinina A.,Ferro F.,56,142,1081.0,526.0,2,1,6,3,3,6,6,0,,,,,completed,1.36,3.2,1.38,3.28,1.38,3.28,1.36,3.1,2024_23_strasbourg_internationaux_de_strasbourg,2024_23_strasbourg_internationaux_de_strasbourg_2024-05-22_R16_kalinina_a_ferro_f
tennis_data_uk,wta,2024,23,Internationaux de Strasbourg,Strasbourg,2024-05-22,wta_500,True,clay,R16,16,3,Burel C.,Svitolina E.,43,17,1290.0,2510.0,2,1,7,6,4,6,6,1,,,,,completed,3.75,1.29,3.83,1.3,4.08,1.3,3.65,1.28,2024_23_strasbourg_internationaux_de_strasbourg,2024_23_strasbourg_internationaux_de_strasbourg_2024-05-22_R16_burel_c_svitolina_e
tennis_data_uk,wta,2024,23,Internationaux de Strasbourg,Strasbourg,2024-05-22,wta_500,True,clay,R16,16,3,Collins D.,Siniakova K.,12,34,3148.0,1535.0,2,0,6,1,6,2,,,,,,,completed,1.4,3.0,1.37,3.32,1.4,3.32,1.38,2.98,2024_23_strasbourg_internationaux_de_strasbourg,2024_23_strasbourg_internationaux_de_strasbourg_2024-05-22_R16_collins_d_siniakova_k
tennis_data_uk,wta,2024,23,Internationaux de Strasbourg,Strasbourg,2024-05-23,wta_500,True,clay,QF,8,3,Samsonova L.,Haddad Maia B.,19,14,2440.0,2885.0,2,0,6,3,6,0,,,,,,,completed,2.3,1.62,2.26,1.72,2.35,1.72,2.22,1.65,2024_23_strasbourg_internationaux_de_strasbourg,2024_23_strasbourg_internationaux_de_strasbourg_2024-05-23_QF_samsonova_l_haddad_maia_b
tennis_data_uk,wta,2024,23,Internationaux de Strasbourg,Strasbourg,2024-05-23,wta_500,True,clay,QF,8,3,Keys M.,Linette M.,16,50,2783.0,1158.0,2,0,6,1,6,3,,,,,,,completed,1.36,3.2,1.39,3.26,1.44,3.35,1.37,3.04,2024_23_strasbourg_internationaux_de_strasbourg,2024_23_strasbourg_internationaux_de_strasbourg_2024-05-23_QF_keys_m_linette_m
tennis_data_uk,wta,2024,23,Internationaux de Strasbourg,Strasbourg,2024-05-23,wta_500,True,clay,QF,8,3,Collins D.,Burel C.,12,43,3148.0,1290.0,2,0,6,1,6,3,,,,,,,completed,1.14,5.5,1.18,5.75,1.18,5.92,1.16,5.18,2024_23_strasbourg_internationaux_de_strasbourg,2024_23_strasbourg_internationaux_de_strasbourg_2024-05-23_QF_collins_d_burel_c
tennis_data_uk,wta,2024,23,Internationaux de Strasbourg,Strasbourg,2024-05-24,wta_500,True,clay,QF,8,3,Kalinina A.,Vondrousova M.,56,6,1081.0,4035.0,2,1,5,7,6,3,6,2,,,,,completed,3.0,1.4,2.94,1.46,3.0,1.55,2.78,1.44,2024_23_strasbourg_internationaux_de_strasbourg,2024_23_strasbourg_internationaux_de_strasbourg_2024-05-24_QF_kalinina_a_vondrousova_m
tennis_data_uk,wta,2024,23,Internationaux de Strasbourg,Strasbourg,2024-05-24,wta_500,True,clay,SF,4,3,Keys M.,Samsonova L.,16,19,2783.0,2440.0,2,0,6,1,6,3,,,,,,,completed,1.5,2.63,1.52,2.73,1.53,2.81,1.5,2.6,2024_23_strasbourg_internationaux_de_strasbourg,2024_23_strasbourg_internationaux_de_strasbourg_2024-05-24_SF_keys_m_samsonova_l
tennis_data_uk,wta,2024,23,Internationaux de Strasbourg,Strasbourg,2024-05-24,wta_500,True,clay,SF,4,3,Collins D.,Kalinina A.,12,56,3148.0,1081.0,2,0,7,6,6,2,,,,,,,completed,1.2,4.5,1.2,5.1,1.26,5.11,1.2,4.53,2024_23_strasbourg_internationaux_de_strasbourg,2024_23_strasbourg_internationaux_de_strasbourg_2024-05-24_SF_collins_d_kalinina_a
tennis_data_uk,wta,2024,23,Internationaux de Strasbourg,Strasbourg,2024-05-25,wta_500,True,clay,F,2,3,Keys M.,Collins D.,16,12,2783.0,3148.0,2,0,6,1,6,2,,,,,,,completed,2.38,1.57,2.45,1.62,,1.63,2.36,1.58,2024_23_strasbourg_internationaux_de_strasbourg,2024_23_strasbourg_internationaux_de_strasbourg_2024-05-25_F_keys_m_collins_d
tennis_data_uk,wta,2024,24,French Open,Paris,2024-05-26,grand_slam,True,clay,R128,128,3,Bouzkova M.,Kudermetova V.,42,31,1305.0,1623.0,2,0,6,2,6,4,,,,,,,completed,2.1,1.73,2.09,1.81,2.15,1.83,2.07,1.77,2024_24_paris_french_open,2024_24_paris_french_open_2024-05-26_R128_bouzkova_m_kudermetova_v
tennis_data_uk,wta,2024,24,French Open,Paris,2024-05-26,grand_slam,True,clay,R128,128,3,Vekic D.,Tsurenko L.,40,45,1358.0,1278.0,0,0,6,5,,,,,,,,,retired,1.67,2.2,1.63,2.41,1.67,2.42,1.64,2.28,2024_24_paris_french_open,2024_24_paris_french_open_2024-05-26_R128_vekic_d_tsurenko_l
tennis_data_uk,wta,2024,24,French Open,Paris,2024-05-26,grand_slam,True,clay,R128,128,3,Wang Y.,Timofeeva M.,68,105,979.0,722.0,2,0,6,3,6,3,,,,,,,completed,2.0,1.8,2.07,1.83,2.14,1.85,2.02,1.8,2024_24_paris_french_open,2024_24_paris_french_open_2024-05-26_R128_wang_y_timofeeva_m
tennis_data_uk,wta,2024,24,French Open,Paris,2024-05-26,grand_slam,True,clay,R128,128,3,Yastremska D.,Tomljanovic A.,32,202,1622.0,357.0,2,1,3,6,6,3,6,3,,,,,completed,1.33,3.4,1.38,3.28,1.38,3.44,1.35,3.25,2024_24_paris_french_open,2024_24_paris_french_open_2024-05-26_R128_yastremska_d_tomljanovic_a
tennis_data_uk,wta,2024,24,French Open,Paris,2024-05-26,grand_slam,True,clay,R128,128,3,Osaka N.,Bronzetti L.,134,67,544.0,983.0,2,1,6,1,4,6,7,5,,,,,completed,1.2,4.5,1.23,4.69,1.23,4.69,1.21,4.47,2024_24_paris_french_open,2024_24_paris_french_open_2024-05-26_R128_osaka_n_bronzetti_l
tennis_data_uk,wta,2024,24,French Open,Paris,2024-05-26,grand_slam,True,clay,R128,128,3,Kostyuk M.,Pigossi L.,20,119,2180.0,645.0,2,1,7,5,6,7,6,4,,,,,completed,1.17,5.0,1.18,5.42,1.2,5.42,1.17,5.03,2024_24_paris_french_open,2024_24_paris_french_open_2024-05-26_R128_kostyuk_m_pigossi_l
tennis_data_uk,wta,2024,24,French Open,Paris,2024-05-26,grand_slam,True,clay,R128,128,3,Fett J.,Bouzas Maneiro J.,135,86,541.0,811.0,2,1,6,2,3,6,7,5,,,,,completed,2.38,1.57,2.53,1.58,2.53,1.66,2.41,1.57,2024_24_paris_french_open,2024_24_paris_french_open_2024-05-26_R128_fett_j_bouzas_maneiro_j
tennis_data_uk,wta,2024,24,French Open,Paris,2024-05-26,grand_slam,True,clay,R128,128,3,Ostapenko J.,Cristian J.,11,69,3318.0,965.0,2,0,6,4,7,5,,,,,,,completed,1.44,2.75,1.49,2.81,1.55,2.9,1.46,2.73,2024_24_paris_french_open,2024_24_paris_french_open_2024-05-26_R128_ostapenko_j_cristian_j
tennis_data_uk,wta,2024,24,French Open,Paris,2024-05-26,grand_slam,True,clay,R128,128,3,Kenin S.,Siegemund L.,56,71,1094.0,932.0,2,1,4,6,6,2,6,2,,,,,completed,2.3,1.62,2.46,1.61,2.46,1.69,2.31,1.62,2024_24_paris_french_open,2024_24_paris_french_open_2024-05-26_R128_kenin_s_siegemund_l
tennis_data_uk,wta,2024,24,French Open,Paris,2024-05-26,grand_slam,True,clay,R128,128,3,Siniakova K.,Galfi D.,33,145,1585.0,509.0,2,0,7,5,7,6,,,,,,,completed,1.13,6.0,1.13,7.06,1.15,7.06,1.13,6.28,2024_24_paris_french_open,2024_24_paris_french_open_2024-05-26_R128_siniakova_k_galfi_d
tennis_data_uk,wta,2024,24,French Open,Paris,2024-05-26,grand_slam,True,clay,R128,128,3,Garcia C.,Lys E.,23,143,2068.0,516.0,2,1,4,6,7,5,6,2,,,,,completed,1.25,4.0,1.27,4.16,1.28,4.16,1.26,3.96,2024_24_paris_french_open,2024_24_paris_french_open_2024-05-26_R128_garcia_c_lys_e
tennis_data_uk,wta,2024,24,French Open,Paris,2024-05-26,grand_slam,True,clay,R128,128,3,Anisimova A.,Sramkova R.,231,101,322.0,745.0,2,0,7,6,6,4,,,,,,,completed,1.67,2.2,1.71,2.24,1.81,2.25,1.69,2.19,2024_24_paris_french_open,2024_24_paris_french_open_2024-05-26_R128_anisimova_a_sramkova_r
tennis_data_uk,wta,2024,24,French Open,Paris,2024-05-26,grand_slam,True,clay,R128,128,3,Wang Xiy.,Bai Z.,61,93,1046.0,775.0,2,1,7,5,6,7,6,3,,,,,completed,1.33,3.4,1.38,3.31,1.38,3.4,1.35,3.23,2024_24_paris_french_open,2024_24_paris_french_open_2024-05-26_R128_wang_xiy_bai_z
tennis_data_uk,wta,2024,24,French Open,Paris,2024-05-26,grand_slam,True,clay,R128,128,3,Paquet C.,Shnaider D.,136,47,540.0,1236.0,2,0,6,3,6,1,,,,,,,completed,5.0,1.17,5.93,1.16,6.0,1.2,5.35,1.16,2024_24_paris_french_open,2024_24_paris_french_open_2024-05-26_R128_paquet_c_shnaider_d
tennis_data_uk,wta,2024,24,French Open,Paris,2024-05-26,grand_slam,True,clay,R128,128,3,Tauson C.,Maria T.,72,65,924.0,1024.0,2,0,6,2,6,3,,,,,,,completed,1.29,3.75,1.32,3.67,1.34,3.9,1.31,3.53,2024_24_paris_french_open,2024_24_paris_french_open_2024-05-26_R128_tauson_c_maria_t
tennis_data_uk,wta,2024,24,French Open,Paris,2024-05-26,grand_slam,True,clay,R128,128,3,Zidansek T.,Van Uytvanck A.,131,397,556.0,158.0,2,1,6,2,2,6,6,1,,,,,completed,1.33,3.4,1.38,3.29,1.38,3.4,1.35,3.24,2024_24_paris_french_open,2024_24_paris_french_open_2024-05-26_R128_zidansek_t_van_uytvanck_a
tennis_data_uk,wta,2024,24,French Open,Paris,2024-05-26,grand_slam,True,clay,R128,128,3,Golubic V.,Krejcikova B.,76,26,908.0,1768.0,2,0,7,6,6,4,,,,,,,completed,5.5,1.14,5.87,1.17,6.5,1.17,5.61,1.15,2024_24_paris_french_open,2024_24_paris_french_open_2024-05-26_R128_golubic_v_krejcikova_b
tennis_data_uk,wta,2024,24,French Open,Paris,2024-05-26,grand_slam,True,clay,R128,128,3,Danilovic O.,Trevisan M.,125,92,588.0,778.0,2,0,6,1,6,2,,,,,,,completed,1.44,2.75,1.48,2.82,1.49,2.82,1.46,2.74,2024_24_paris_french_open,2024_24_paris_french_open_2024-05-26_R128_danilovic_o_trevisan_m
tennis_data_uk,wta,2024,24,French Open,Paris,2024-05-26,grand_slam,True,clay,R128,128,3,Wang Xin.,Niemeier J.,37,97,1411.0,761.0,2,1,0,6,6,2,6,4,,,,,completed,2.1,1.73,2.17,1.76,2.27,1.76,2.15,1.71,2024_24_paris_french_open,2024_24_paris_french_open_2024-05-26_R128_wang_xin_niemeier_j
tennis_data_uk,wta,2024,24,French Open,Paris,2024-05-26,grand_slam,True,clay,R128,128,3,Volynets K.,Krunic A.,108,425,717.0,144.0,2,0,7,6,6,2,,,,,,,completed,1.29,3.75,1.31,3.79,1.33,4.0,1.29,3.68,2024_24_paris_french_open,2024_24_paris_french_open_2024-05-26_R128_volynets_k_krunic_a
tennis_data_uk,wta,2024,24,French Open,Paris,2024-05-27,grand_slam,True,clay,R128,128,3,Paolini J.,Saville D.,15,84,2898.0,820.0,2,0,6,3,6,4,,,,,,,completed,1.2,4.5,1.24,4.48,1.25,4.54,1.22,4.31,2024_24_paris_french_open,2024_24_paris_french_open_2024-05-27_R128_paolini_j_saville_d
tennis_data_uk,wta,2024,24,French Open,Paris,2024-05-27,grand_slam,True,clay,R128,128,3,Potapova A.,Rakhimova K.,41,87,1317.0,804.0,2,0,6,2,6,3,,,,,,,completed,1.22,4.33,1.26,4.22,1.32,4.34,1.25,4.0,2024_24_paris_french_open,2024_24_paris_french_open_2024-05-27_R128_potapova_a_rakhimova_k
tennis_data_uk,wta,2024,24,French Open,Paris,2024-05-27,grand_slam,True,clay,R128,128,3,Vondrousova M.,Masarova R.,6,94,4143.0,772.0,2,0,6,1,6,3,,,,,,,completed,1.14,5.5,1.16,5.9,1.17,6.34,1.15,5.52,2024_24_paris_french_open,2024_24_paris_french_open_2024-05-27_R128_vondrousova_m_masarova_r
tennis_data_uk,wta,2024,24,French Open,Paris,2024-05-27,grand_slam,True,clay,R128,128,3,Samsonova L.,Linette M.,17,46,2580.0,1236.0,2,0,6,1,6,1,,,,,,,completed,1.57,2.38,1.57,2.56,1.6,2.56,1.56,2.45,2024_24_paris_french_open,2024_24_paris_french_open_2024-05-27_R128_samsonova_l_linette_m
tennis_data_uk,wta,2024,24,French Open,Paris,2024-05-27,grand_slam,True,clay,R128,128,3,Baptiste H.,Day K.,107,99,719.0,749.0,2,1,4,6,6,2,6,2,,,,,completed,1.62,2.3,1.51,2.72,1.69,2.72,1.58,2.4,2024_24_paris_french_open,2024_24_paris_french_open_2024-05-27_R128_baptiste_h_day_k
tennis_data_uk,wta,2024,24,French Open,Paris,2024-05-27,grand_slam,True,clay,R128,128,3,Jabeur O.,Vickery S.,9,124,3748.0,607.0,2,0,6,3,6,2,,,,,,,completed,1.17,5.0,1.16,6.04,1.18,6.2,1.15,5.55,2024_24_paris_french_open,2024_24_paris_french_open_2024-05-27_R128_jabeur_o_vickery_s
tennis_data_uk,wta,2024,24,French Open,Paris,2024-05-27,grand_slam,True,clay,R128,128,3,Swiatek I.,Jeanjean L.,1,148,11695.0,498.0,2,0,6,1,6,2,,,,,,,completed,1.002,41.0,1.01,43.69,1.02,44.06,1.0,26.74,2024_24_paris_french_open,2024_24_paris_french_open_2024-05-27_R128_swiatek_i_jeanjean_l
tennis_data_uk,wta,2024,24,French Open,Paris,2024-05-27,grand_slam,True,clay,R128,128,3,Tomova V.,Alexandrova E.,75,18,914.0,2480.0,2,0,6,3,7,6,,,,,,,completed,2.75,1.44,2.67,1.53,2.78,1.6,2.64,1.5,2024_24_paris_french_open,2024_24_paris_french_open_2024-05-27_R128_tomova_v_alexandrova_e
tennis_data_uk,wta,2024,24,French Open,Paris,2024-05-27,grand_slam,True,clay,R128,128,3,Fernandez L.A.,Ponchet J.,34,147,1565.0,502.0,2,0,6,2,6,0,,,,,,,completed,1.17,5.0,1.21,5.02,1.21,5.31,1.18,4.93,2024_24_paris_french_open,2024_24_paris_french_open_2024-05-27_R128_fernandez_l_a_ponchet_j
tennis_data_uk,wta,2024,24,French Open,Paris,2024-05-27,grand_slam,True,clay,R128,128,3,Gauff C.,Avdeeva J.,3,208,7638.0,352.0,2,0,6,1,6,1,,,,,,,completed,1.03,17.0,1.02,26.77,1.03,26.77,1.02,17.48,2024_24_paris_french_open,2024_24_paris_french_open_2024-05-27_R128_gauff_c_avdeeva_j
tennis_data_uk,wta,2024,24,French Open,Paris,2024-05-27,grand_slam,True,clay,R128,128,3,Collins D.,Dolehide C.,10,60,3472.0,1068.0,2,0,6,3,6,4,,,,,,,completed,1.08,8.0,1.08,10.51,1.09,11.01,1.07,8.94,2024_24_paris_french_open,2024_24_paris_french_open_2024-05-27_R128_collins_d_dolehide_c
tennis_data_uk,wta,2024,24,French Open,Paris,2024-05-27,grand_slam,True,clay,R128,128,3,Pavlyuchenkova A.,Udvardy P.,22,132,2116.0,552.0,2,0,6,3,6,4,,,,,,,completed,1.17,5.0,1.15,6.43,1.18,6.44,1.14,5.82,2024_24_paris_french_open,2024_24_paris_french_open_2024-05-27_R128_pavlyuchenkova_a_udvardy_p
tennis_data_uk,wta,2024,24,French Open,Paris,2024-05-27,grand_slam,True,clay,R128,128,3,Kalinskaya A.,Burel C.,25,44,1916.0,1288.0,2,0,7,6,7,5,,,,,,,completed,1.67,2.2,1.68,2.31,1.71,2.31,1.67,2.22,2024_24_paris_french_open,2024_24_paris_french_open_2024-05-27_R128_kalinskaya_a_burel_c
tennis_data_uk,wta,2024,24,French Open,Paris,2024-05-27,grand_slam,True,clay,R128,128,3,Osorio M.,Kalinina A.,77,48,905.0,1221.0,1,1,3,6,7,6,4,1,,,,,retired,2.38,1.57,2.56,1.56,2.78,1.59,2.49,1.54,2024_24_paris_french_open,2024_24_paris_french_open_2024-05-27_R128_osorio_m_kalinina_a
tennis_data_uk,wta,2024,24,French Open,Paris,2024-05-27,grand_slam,True,clay,R128,128,3,Svitolina E.,Pliskova Ka.,19,52,2290.0,1147.0,2,1,3,6,6,4,6,2,,,,,completed,1.29,3.75,1.27,4.1,1.3,4.25,1.27,3.85,2024_24_paris_french_open,2024_24_paris_french_open_2024-05-27_R128_svitolina_e_pliskova_ka
tennis_data_uk,wta,2024,24,French Open,Paris,2024-05-27,grand_slam,True,clay,R128,128,3,Andreescu B.,Sorribes Tormo S.,228,43,323.0,1299.0,2,0,7,5,6,1,,,,,,,completed,3.5,1.3,3.98,1.29,3.98,1.32,3.69,1.29,2024_24_paris_french_open,2024_24_paris_french_open_2024-05-27_R128_andreescu_b_sorribes_tormo_s
tennis_data_uk,wta,2024,24,French Open,Paris,2024-05-27,grand_slam,True,clay,R128,128,3,Gracheva V.,Sakkari M.,88,7,800.0,3980.0,2,1,3,6,6,4,6,3,,,,,completed,5.0,1.17,5.17,1.2,5.25,1.2,4.83,1.18,2024_24_paris_french_open,2024_24_paris_french_open_2024-05-27_R128_gracheva_v_sakkari_m
tennis_data_uk,wta,2024,24,French Open,Paris,2024-05-27,grand_slam,True,clay,R128,128,3,Noskova L.,Dart H.,29,90,1714.0,789.0,2,0,7,6,6,4,,,,,,,completed,1.08,8.0,1.09,9.08,1.1,9.08,1.08,8.09,2024_24_paris_french_open,2024_24_paris_french_open_2024-05-27_R128_noskova_l_dart_h
tennis_data_uk,wta,2024,24,French Open,Paris,2024-05-27,grand_slam,True,clay,R128,128,3,Parry D.,Ferro F.,63,126,1036.0,584.0,2,1,3,6,6,3,6,3,,,,,completed,1.53,2.5,1.57,2.56,1.58,2.6,1.53,2.51,2024_24_paris_french_open,2024_24_paris_french_open_2024-05-27_R128_parry_d_ferro_f
tennis_data_uk,wta,2024,24,French Open,Paris,2024-05-27,grand_slam,True,clay,R128,128,3,Bucsa C.,Starodubtseva Y.,73,142,924.0,518.0,2,0,6,4,6,1,,,,,,,completed,1.62,2.3,1.71,2.25,1.81,2.32,1.69,2.19,2024_24_paris_french_open,2024_24_paris_french_open_2024-05-27_R128_bucsa_c_starodubtseva_y
tennis_data_uk,wta,2024,24,French Open,Paris,2024-05-27,grand_slam,True,clay,R128,128,3,Begu I.,Riera J.,127,115,581.0,676.0,2,0,6,2,6,2,,,,,,,completed,1.57,2.38,1.61,2.46,1.67,2.46,1.58,2.39,2024_24_paris_french_open,2024_24_paris_french_open_2024-05-27_R128_begu_i_riera_j
tennis_data_uk,wta,2024,24,French Open,Paris,2024-05-27,grand_slam,True,clay,R128,128,3,Bogdan A.,Jacquemot E.,64,149,1029.0,493.0,2,0,6,1,6,3,,,,,,,completed,1.5,2.63,1.54,2.63,1.54,2.66,1.51,2.59,2024_24_paris_french_open,2024_24_paris_french_open_2024-05-27_R128_bogdan_a_jacquemot_e
tennis_data_uk,wta,2024,24,French Open,Paris,2024-05-27,grand_slam,True,clay,R128,128,3,Pera B.,Hibino N.,80,96,871.0,764.0,2,0,6,2,6,0,,,,,,,completed,1.22,4.33,1.22,4.78,1.23,5.06,1.21,4.5,2024_24_paris_french_open,2024_24_paris_french_open_2024-05-27_R128_pera_b_hibino_n
tennis_data_uk,wta,2024,24,French Open,Paris,2024-05-27,grand_slam,True,clay,R128,128,3,Cocciaretto E.,Haddad Maia B.,51,14,1149.0,2983.0,2,1,3,6,6,4,6,1,,,,,completed,3.0,1.4,3.08,1.42,3.08,1.45,2.94,1.41,2024_24_paris_french_open,2024_24_paris_french_open_2024-05-27_R128_cocciaretto_e_haddad_maia_b
tennis_data_uk,wta,2024,24,French Open,Paris,2024-05-28,grand_slam,True,clay,R128,128,3,Rybakina E.,Minnen G.,4,85,5673.0,812.0,2,0,6,2,6,3,,,,,,,completed,1.05,11.0,1.04,16.81,1.06,16.81,1.04,12.04,2024_24_paris_french_open,2024_24_paris_french_open_2024-05-28_R128_rybakina_e_minnen_g
tennis_data_uk,wta,2024,24,French Open,Paris,2024-05-28,grand_slam,True,clay,R128,128,3,Zheng Q.,Cornet A.,8,106,3945.0,720.0,2,0,6,2,6,1,,,,,,,completed,1.07,9.0,1.07,11.23,1.14,11.23,1.07,9.11,2024_24_paris_french_open,2024_24_paris_french_open_2024-05-28_R128_zheng_q_cornet_a
tennis_data_uk,wta,2024,24,French Open,Paris,2024-05-28,grand_slam,True,clay,R128,128,3,Blinkova A.,Cirstea S.,55,30,1096.0,1704.0,2,1,6,3,3,6,7,6,,,,,completed,3.2,1.36,3.26,1.38,3.26,1.47,3.06,1.39,2024_24_paris_french_open,2024_24_paris_french_open_2024-05-28_R128_blinkova_a_cirstea_s
tennis_data_uk,wta,2024,24,French Open,Paris,2024-05-28,grand_slam,True,clay,R128,128,3,Korpatsch T.,Krueger A.,79,66,897.0,994.0,2,1,4,6,6,4,7,6,,,,,completed,4.0,1.25,4.26,1.26,4.33,1.26,4.07,1.25,2024_24_paris_french_open,2024_24_paris_french_open_2024-05-28_R128_korpatsch_t_krueger_a
tennis_data_uk,wta,2024,24,French Open,Paris,2024-05-28,grand_slam,True,clay,R128,128,3,Mertens E.,Carle M.,27,82,1739.0,863.0,2,0,6,3,7,6,,,,,,,completed,1.44,2.75,1.5,2.78,1.51,2.8,1.47,2.71,2024_24_paris_french_open,2024_24_paris_french_open_2024-05-28_R128_mertens_e_carle_m
tennis_data_uk,wta,2024,24,French Open,Paris,2024-05-28,grand_slam,True,clay,R128,128,3,Martic P.,Mladenovic K.,81,212,863.0,348.0,2,0,6,4,6,4,,,,,,,completed,1.2,4.5,1.21,4.96,1.23,5.2,1.19,4.79,2024_24_paris_french_open,2024_24_paris_french_open_2024-05-28_R128_martic_p_mladenovic_k
tennis_data_uk,wta,2024,24,French Open,Paris,2024-05-28,grand_slam,True,clay,R128,128,3,Avanesyan E.,Zhu L.,70,58,956.0,1077.0,2,0,6,2,6,4,,,,,,,completed,1.36,3.2,1.33,3.63,1.38,3.63,1.34,3.3,2024_24_paris_french_open,2024_24_paris_french_open_2024-05-28_R128_avanesyan_e_zhu_l
tennis_data_uk,wta,2024,24,French Open,Paris,2024-05-28,grand_slam,True,clay,R128,128,3,Rus A.,Kerber A.,50,232,1159.0,322.0,2,0,6,4,6,3,,,,,,,completed,2.5,1.53,2.41,1.63,2.62,1.63,2.42,1.56,2024_24_paris_french_open,2024_24_paris_french_open_2024-05-28_R128_rus_a_kerber_a
tennis_data_uk,wta,2024,24,French Open,Paris,2024-05-28,grand_slam,True,clay,R128,128,3,Sabalenka A.,Andreeva E.,2,100,8138.0,749.0,2,0,6,1,6,2,,,,,,,completed,1.04,13.0,1.04,16.65,1.08,16.65,1.04,12.6,2024_24_paris_french_open,2024_24_paris_french_open_2024-05-28_R128_sabalenka_a_andreeva_e
tennis_data_uk,wta,2024,24,French Open,Paris,2024-05-28,grand_slam,True,clay,R128,128,3,Stearns P.,Ciric Bagaric L.,62,184,1040.0,401.0,2,1,6,3,6,7,7,6,,,,,completed,1.44,2.75,1.49,2.81,1.5,2.81,1.47,2.73,2024_24_paris_french_open,2024_24_paris_french_open_2024-05-28_R128_stearns_p_ciric_bagaric_l
tennis_data_uk,wta,2024,24,French Open,Paris,2024-05-28,grand_slam,True,clay,R128,128,3,Kasatkina D.,Frech M.,13,49,3258.0,1166.0,2,0,7,5,6,1,,,,,,,completed,1.3,3.5,1.33,3.6,1.33,3.8,1.31,3.51,2024_24_paris_french_open,2024_24_paris_french_open_2024-05-28_R128_kasatkina_d_frech_m
tennis_data_uk,wta,2024,24,French Open,Paris,2024-05-28,grand_slam,True,clay,R128,128,3,Keys M.,Zarazua R.,12,102,3283.0,743.0,2,0,6,3,6,2,,,,,,,completed,1.1,7.0,1.1,8.37,1.12,8.37,1.09,7.28,2024_24_paris_french_open,2024_24_paris_french_open_2024-05-28_R128_keys_m_zarazua_r
tennis_data_uk,wta,2024,24,French Open,Paris,2024-05-28,grand_slam,True,clay,R128,128,3,Andreeva M.,Bektas E.,38,98,1407.0,761.0,2,0,6,2,6,3,,,,,,,completed,1.05,11.0,1.06,12.41,1.08,12.41,1.06,10.18,2024_24_paris_french_open,2024_24_paris_french_open_2024-05-28_R128_andreeva_m_bektas_e
tennis_data_uk,wta,2024,24,French Open,Paris,2024-05-28,grand_slam,True,clay,R128,128,3,Navarro E.,Sonmez Z.,24,163,2068.0,460.0,2,0,6,2,6,0,,,,,,,completed,1.11,6.5,1.14,6.65,1.14,7.0,1.12,6.29,2024_24_paris_french_open,2024_24_paris_french_open_2024-05-28_R128_navarro_e_sonmez_z
tennis_data_uk,wta,2024,24,French Open,Paris,2024-05-28,grand_slam,True,clay,R128,128,3,Uchijima M.,Burillo Escorihuela I.,83,302,855.0,226.0,2,0,6,1,6,1,,,,,,,completed,1.22,4.33,1.23,4.7,1.24,4.89,1.21,4.47,2024_24_paris_french_open,2024_24_paris_french_open_2024-05-28_R128_uchijima_m_burillo_escorihuela_i
tennis_data_uk,wta,2024,24,French Open,Paris,2024-05-28,grand_slam,True,clay,R128,128,3,Sherif M.,Yuan Y.,53,36,1113.0,1442.0,2,0,6,1,6,3,,,,,,,completed,1.25,4.0,1.28,4.02,1.3,4.06,1.27,3.86,2024_24_paris_french_open,2024_24_paris_french_open_2024-05-28_R128_sherif_m_yuan_y
tennis_data_uk,wta,2024,24,French Open,Paris,2024-05-28,grand_slam,True,clay,R128,128,3,Errani S.,Schmiedlova A.,95,54,765.0,1110.0,2,0,6,3,6,2,,,,,,,completed,2.1,1.73,2.09,1.82,2.12,1.83,2.05,1.78,2024_24_paris_french_open,2024_24_paris_french_open_2024-05-28_R128_errani_s_schmiedlova_a
tennis_data_uk,wta,2024,24,French Open,Paris,2024-05-28,grand_slam,True,clay,R128,128,3,Azarenka V.,Podoroska N.,21,59,2174.0,1076.0,2,0,6,1,6,0,,,,,,,completed,1.2,4.5,1.23,4.66,1.26,4.66,1.21,4.41,2024_24_paris_french_open,2024_24_paris_french_open_2024-05-28_R128_azarenka_v_podoroska_n
tennis_data_uk,wta,2024,24,French Open,Paris,2024-05-28,grand_slam,True,clay,R128,128,3,Putintseva Y.,Stephens S.,39,35,1393.0,1447.0,2,0,6,1,6,2,,,,,,,completed,1.73,2.1,1.71,2.25,1.73,2.26,1.7,2.16,2024_24_paris_french_open,2024_24_paris_french_open_2024-05-28_R128_putintseva_y_stephens_s
tennis_data_uk,wta,2024,24,French Open,Paris,2024-05-28,grand_slam,True,clay,R128,128,3,Badosa P.,Boulter K.,139,28,532.0,1730.0,2,1,4,6,7,5,6,4,,,,,completed,1.25,4.0,1.25,4.35,1.27,5.12,1.24,4.11,2024_24_paris_french_open,2024_24_paris_french_open_2024-05-28_R128_badosa_p_boulter_k
tennis_data_uk,wta,2024,24,French Open,Paris,2024-05-29,grand_slam,True,clay,R64,64,3,Kenin S.,Garcia C.,56,23,1094.0,2068.0,2,0,6,3,6,3,,,,,,,completed,2.5,1.53,2.45,1.62,2.5,1.62,2.4,1.58,2024_24_paris_french_open,2024_24_paris_french_open_2024-05-29_R64_kenin_s_garcia_c
tennis_data_uk,wta,2024,24,French Open,Paris,2024-05-29,grand_slam,True,clay,R64,64,3,Jabeur O.,Osorio M.,9,77,3748.0,905.0,2,1,6,3,1,6,6,3,,,,,completed,1.36,3.2,1.39,3.3,1.4,3.33,1.37,3.1,2024_24_paris_french_open,2024_24_paris_french_open_2024-05-29_R64_jabeur_o_osorio_m
tennis_data_uk,wta,2024,24,French Open,Paris,2024-05-29,grand_slam,True,clay,R64,64,3,Swiatek I.,Osaka N.,1,134,11695.0,544.0,2,1,7,6,1,6,7,5,,,,,completed,1.04,13.0,1.05,14.78,1.05,15.0,1.04,12.05,2024_24_paris_french_open,2024_24_paris_french_open_2024-05-29_R64_swiatek_i_osaka_n
tennis_data_uk,wta,2024,24,French Open,Paris,2024-05-29,grand_slam,True,clay,R64,64,3,Gauff C.,Zidansek T.,3,131,7638.0,556.0,2,0,6,3,6,4,,,,,,,completed,1.03,15.0,1.04,17.63,1.04,17.63,1.03,13.59,2024_24_paris_french_open,2024_24_paris_french_open_2024-05-29_R64_gauff_c_zidansek_t
tennis_data_uk,wta,2024,24,French Open,Paris,2024-05-30,grand_slam,True,clay,R64,64,3,Vekic D.,Kostyuk M.,40,20,1358.0,2180.0,2,0,7,5,6,4,,,,,,,completed,2.5,1.53,2.66,1.54,2.66,1.56,2.53,1.53,2024_24_paris_french_open,2024_24_paris_french_open_2024-05-30_R64_vekic_d_kostyuk_m
tennis_data_uk,wta,2024,24,French Open,Paris,2024-05-30,grand_slam,True,clay,R64,64,3,Badosa P.,Putintseva Y.,139,39,532.0,1393.0,2,1,4,6,6,1,7,5,,,,,completed,1.73,2.1,1.85,2.06,1.94,2.2,1.77,2.07,2024_24_paris_french_open,2024_24_paris_french_open_2024-05-30_R64_badosa_p_putintseva_y
tennis_data_uk,wta,2024,24,French Open,Paris,2024-05-30,grand_slam,True,clay,R64,64,3,Potapova A.,Golubic V.,41,76,1317.0,908.0,2,0,6,2,6,2,,,,,,,completed,1.2,4.5,1.18,5.58,1.21,5.58,1.18,5.04,2024_24_paris_french_open,2024_24_paris_french_open_2024-05-30_R64_potapova_a_golubic_v
tennis_data_uk,wta,2024,24,French Open,Paris,2024-05-30,grand_slam,True,clay,R64,64,3,Paquet C.,Siniakova K.,136,33,540.0,1585.0,2,1,3,6,7,6,7,6,,,,,completed,4.0,1.25,4.54,1.24,4.59,1.26,4.21,1.23,2024_24_paris_french_open,2024_24_paris_french_open_2024-05-30_R64_paquet_c_siniakova_k
tennis_data_uk,wta,2024,24,French Open,Paris,2024-05-30,grand_slam,True,clay,R64,64,3,Yastremska D.,Wang Y.,32,68,1622.0,979.0,2,0,6,2,6,0,,,,,,,completed,1.4,3.0,1.43,3.08,1.47,3.08,1.41,2.94,2024_24_paris_french_open,2024_24_paris_french_open_2024-05-30_R64_yastremska_d_wang_y
tennis_data_uk,wta,2024,24,French Open,Paris,2024-05-30,grand_slam,True,clay,R64,64,3,Wang Xin.,Tomova V.,37,75,1411.0,914.0,2,1,7,5,5,7,6,1,,,,,completed,1.73,2.1,1.78,2.16,1.8,2.16,1.75,2.1,2024_24_paris_french_open,2024_24_paris_french_open_2024-05-30_R64_wang_xin_tomova_v
tennis_data_uk,wta,2024,24,French Open,Paris,2024-05-30,grand_slam,True,clay,R64,64,3,Sabalenka A.,Uchijima M.,2,83,8138.0,855.0,2,0,6,2,6,2,,,,,,,completed,1.07,9.0,1.07,11.61,1.07,12.27,1.06,9.9,2024_24_paris_french_open,2024_24_paris_french_open_2024-05-30_R64_sabalenka_a_uchijima_m
tennis_data_uk,wta,2024,24,French Open,Paris,2024-05-30,grand_slam,True,clay,R64,64,3,Rybakina E.,Rus A.,4,50,5673.0,1159.0,2,0,6,3,6,4,,,,,,,completed,1.07,9.0,1.07,11.24,1.09,11.24,1.06,9.26,2024_24_paris_french_open,2024_24_paris_french_open_2024-05-30_R64_rybakina_e_rus_a
tennis_data_uk,wta,2024,24,French Open,Paris,2024-05-30,grand_slam,True,clay,R64,64,3,Danilovic O.,Collins D.,125,10,588.0,3472.0,2,1,6,7,7,5,6,4,,,,,completed,4.5,1.2,4.43,1.25,4.6,1.25,4.32,1.22,2024_24_paris_french_open,2024_24_paris_french_open_2024-05-30_R64_danilovic_o_collins_d
tennis_data_uk,wta,2024,24,French Open,Paris,2024-05-30,grand_slam,True,clay,R64,64,3,Svitolina E.,Parry D.,19,63,2290.0,1036.0,2,0,6,4,7,6,,,,,,,completed,1.33,3.4,1.36,3.43,1.36,3.44,1.34,3.29,2024_24_paris_french_open,2024_24_paris_french_open_2024-05-30_R64_svitolina_e_parry_d
tennis_data_uk,wta,2024,24,French Open,Paris,2024-05-30,grand_slam,True,clay,R64,64,3,Samsonova L.,Anisimova A.,17,231,2580.0,322.0,2,0,6,2,6,1,,,,,,,completed,1.53,2.5,1.57,2.59,1.57,2.6,1.53,2.52,2024_24_paris_french_open,2024_24_paris_french_open_2024-05-30_R64_samsonova_l_anisimova_a
tennis_data_uk,wta,2024,24,French Open,Paris,2024-05-30,grand_slam,True,clay,R64,64,3,Tauson C.,Ostapenko J.,72,11,924.0,3318.0,2,1,7,6,4,6,6,3,,,,,completed,2.38,1.57,2.47,1.61,2.47,1.62,2.39,1.58,2024_24_paris_french_open,2024_24_paris_french_open_2024-05-30_R64_tauson_c_ostapenko_j
tennis_data_uk,wta,2024,24,French Open,Paris,2024-05-30,grand_slam,True,clay,R64,64,3,Vondrousova M.,Volynets K.,6,108,4143.0,717.0,2,1,0,6,6,1,6,4,,,,,completed,1.2,4.5,1.22,4.82,1.23,4.82,1.21,4.47,2024_24_paris_french_open,2024_24_paris_french_open_2024-05-30_R64_vondrousova_m_volynets_k
tennis_data_uk,wta,2024,24,French Open,Paris,2024-05-30,grand_slam,True,clay,R64,64,3,Fernandez L.A.,Wang Xiy.,34,61,1565.0,1046.0,2,0,6,3,6,4,,,,,,,completed,1.4,3.0,1.41,3.16,1.41,3.2,1.39,3.03,2024_24_paris_french_open,2024_24_paris_french_open_2024-05-30_R64_fernandez_l_a_wang_xiy
tennis_data_uk,wta,2024,24,French Open,Paris,2024-05-30,grand_slam,True,clay,R64,64,3,Keys M.,Sherif M.,12,53,3283.0,1113.0,2,0,6,0,7,6,,,,,,,completed,1.22,4.33,1.26,4.3,1.29,4.33,1.26,3.93,2024_24_paris_french_open,2024_24_paris_french_open_2024-05-30_R64_keys_m_sherif_m
tennis_data_uk,wta,2024,24,French Open,Paris,2024-05-30,grand_slam,True,clay,R64,64,3,Mertens E.,Martic P.,27,81,1739.0,863.0,2,0,6,4,6,3,,,,,,,completed,1.36,3.2,1.31,3.8,1.37,3.8,1.33,3.37,2024_24_paris_french_open,2024_24_paris_french_open_2024-05-30_R64_mertens_e_martic_p
tennis_data_uk,wta,2024,24,French Open,Paris,2024-05-30,grand_slam,True,clay,R64,64,3,Cocciaretto E.,Bucsa C.,51,73,1149.0,924.0,2,0,6,1,6,4,,,,,,,completed,1.5,2.63,1.5,2.79,1.53,2.79,1.47,2.68,2024_24_paris_french_open,2024_24_paris_french_open_2024-05-30_R64_cocciaretto_e_bucsa_c
tennis_data_uk,wta,2024,24,French Open,Paris,2024-05-30,grand_slam,True,clay,R64,64,3,Bouzkova M.,Fett J.,42,135,1305.0,541.0,2,0,6,2,6,2,,,,,,,completed,1.3,3.5,1.34,3.6,1.34,3.6,1.31,3.47,2024_24_paris_french_open,2024_24_paris_french_open_2024-05-30_R64_bouzkova_m_fett_j
tennis_data_uk,wta,2024,24,French Open,Paris,2024-05-30,grand_slam,True,clay,R64,64,3,Avanesyan E.,Blinkova A.,70,55,956.0,1096.0,2,0,6,3,6,0,,,,,,,completed,1.73,2.1,1.75,2.21,1.8,2.21,1.74,2.1,2024_24_paris_french_open,2024_24_paris_french_open_2024-05-30_R64_avanesyan_e_blinkova_a
tennis_data_uk,wta,2024,24,French Open,Paris,2024-05-30,grand_slam,True,clay,R64,64,3,Navarro E.,Errani S.,24,95,2068.0,765.0,2,0,6,2,7,5,,,,,,,completed,1.14,5.5,1.15,6.66,1.15,6.72,1.13,5.96,2024_24_paris_french_open,2024_24_paris_french_open_2024-05-30_R64_navarro_e_errani_s
tennis_data_uk,wta,2024,24,French Open,Paris,2024-05-30,grand_slam,True,clay,R64,64,3,Begu I.,Noskova L.,127,29,581.0,1714.0,2,0,6,4,6,2,,,,,,,completed,2.1,1.73,2.19,1.76,2.21,1.76,2.12,1.72,2024_24_paris_french_open,2024_24_paris_french_open_2024-05-30_R64_begu_i_noskova_l
tennis_data_uk,wta,2024,24,French Open,Paris,2024-05-30,grand_slam,True,clay,R64,64,3,Zheng Q.,Korpatsch T.,8,79,3945.0,897.0,2,0,6,2,6,2,,,,,,,completed,1.05,11.0,1.07,12.3,1.07,13.26,1.05,10.41,2024_24_paris_french_open,2024_24_paris_french_open_2024-05-30_R64_zheng_q_korpatsch_t
tennis_data_uk,wta,2024,24,French Open,Paris,2024-05-30,grand_slam,True,clay,R64,64,3,Stearns P.,Kasatkina D.,62,13,1040.0,3258.0,2,0,7,5,6,2,,,,,,,completed,3.0,1.4,3.12,1.42,3.34,1.42,3.03,1.39,2024_24_paris_french_open,2024_24_paris_french_open_2024-05-30_R64_stearns_p_kasatkina_d
tennis_data_uk,wta,2024,24,French Open,Paris,2024-05-30,grand_slam,True,clay,R64,64,3,Paolini J.,Baptiste H.,15,107,2898.0,719.0,2,0,6,4,7,6,,,,,,,completed,1.2,4.5,1.22,4.84,1.22,5.06,1.2,4.66,2024_24_paris_french_open,2024_24_paris_french_open_2024-05-30_R64_paolini_j_baptiste_h
tennis_data_uk,wta,2024,24,French Open,Paris,2024-05-30,grand_slam,True,clay,R64,64,3,Andreescu B.,Kalinskaya A.,228,25,323.0,1916.0,2,1,1,6,7,5,6,3,,,,,completed,2.3,1.62,2.55,1.58,2.6,1.63,2.46,1.55,2024_24_paris_french_open,2024_24_paris_french_open_2024-05-30_R64_andreescu_b_kalinskaya_a
tennis_data_uk,wta,2024,24,French Open,Paris,2024-05-30,grand_slam,True,clay,R64,64,3,Gracheva V.,Pera B.,88,80,800.0,871.0,2,0,6,1,6,3,,,,,,,completed,2.2,1.67,2.37,1.66,2.37,1.76,2.25,1.65,2024_24_paris_french_open,2024_24_paris_french_open_2024-05-30_R64_gracheva_v_pera_b
tennis_data_uk,wta,2024,24,French Open,Paris,2024-05-30,grand_slam,True,clay,R64,64,3,Bogdan A.,Pavlyuchenkova A.,64,22,1029.0,2116.0,2,0,6,4,6,4,,,,,,,completed,3.0,1.4,3.02,1.44,3.1,1.5,2.88,1.42,2024_24_paris_french_open,2024_24_paris_french_open_2024-05-30_R64_bogdan_a_pavlyuchenkova_a
tennis_data_uk,wta,2024,24,French Open,Paris,2024-05-30,grand_slam,True,clay,R64,64,3,Andreeva M.,Azarenka V.,38,21,1407.0,2174.0,2,1,6,3,3,6,7,5,,,,,completed,1.91,1.91,2.0,1.91,2.03,1.94,1.93,1.88,2024_24_paris_french_open,2024_24_paris_french_open_2024-05-30_R64_andreeva_m_azarenka_v
tennis_data_uk,wta,2024,24,French Open,Paris,2024-05-31,grand_slam,True,clay,R32,32,3,Danilovic O.,Vekic D.,125,40,588.0,1358.0,2,1,0,6,7,5,7,6,,,,,completed,1.73,2.1,1.83,2.09,1.83,2.12,1.77,2.07,2024_24_paris_french_open,2024_24_paris_french_open_2024-05-31_R32_danilovic_o_vekic_d
tennis_data_uk,wta,2024,24,French Open,Paris,2024-05-31,grand_slam,True,clay,R32,32,3,Cocciaretto E.,Samsonova L.,51,17,1149.0,2580.0,2,0,7,6,6,2,,,,,,,completed,3.0,1.4,3.07,1.43,3.1,1.44,2.94,1.41,2024_24_paris_french_open,2024_24_paris_french_open_2024-05-31_R32_cocciaretto_e_samsonova_l
tennis_data_uk,wta,2024,24,French Open,Paris,2024-05-31,grand_slam,True,clay,R32,32,3,Gauff C.,Yastremska D.,3,32,7638.0,1622.0,2,0,6,2,6,4,,,,,,,completed,1.11,6.5,1.11,8.08,1.13,8.08,1.1,7.03,2024_24_paris_french_open,2024_24_paris_french_open_2024-05-31_R32_gauff_c_yastremska_d
tennis_data_uk,wta,2024,24,French Open,Paris,2024-05-31,grand_slam,True,clay,R32,32,3,Potapova A.,Wang Xin.,41,37,1317.0,1411.0,2,1,7,5,6,7,6,4,,,,,completed,1.4,3.0,1.42,3.14,1.44,3.15,1.41,2.96,2024_24_paris_french_open,2024_24_paris_french_open_2024-05-31_R32_potapova_a_wang_xin
tennis_data_uk,wta,2024,24,French Open,Paris,2024-05-31,grand_slam,True,clay,R32,32,3,Vondrousova M.,Paquet C.,6,136,4143.0,540.0,2,0,6,1,6,3,,,,,,,completed,1.13,6.0,1.16,6.27,1.17,6.27,1.14,5.72,2024_24_paris_french_open,2024_24_paris_french_open_2024-05-31_R32_vondrousova_m_paquet_c
tennis_data_uk,wta,2024,24,French Open,Paris,2024-05-31,grand_slam,True,clay,R32,32,3,Tauson C.,Kenin S.,72,56,924.0,1094.0,2,0,6,2,7,5,,,,,,,completed,1.73,2.1,1.73,2.24,1.77,2.24,1.72,2.14,2024_24_paris_french_open,2024_24_paris_french_open_2024-05-31_R32_tauson_c_kenin_s
tennis_data_uk,wta,2024,24,French Open,Paris,2024-05-31,grand_slam,True,clay,R32,32,3,Jabeur O.,Fernandez L.A.,9,34,3748.0,1565.0,2,0,6,4,7,6,,,,,,,completed,1.67,2.2,1.73,2.24,1.73,2.39,1.68,2.2,2024_24_paris_french_open,2024_24_paris_french_open_2024-05-31_R32_jabeur_o_fernandez_l_a
tennis_data_uk,wta,2024,24,French Open,Paris,2024-05-31,grand_slam,True,clay,R32,32,3,Swiatek I.,Bouzkova M.,1,42,11695.0,1305.0,2,0,6,4,6,2,,,,,,,completed,1.03,15.0,1.03,22.25,1.05,22.25,1.02,15.44,2024_24_paris_french_open,2024_24_paris_french_open_2024-05-31_R32_swiatek_i_bouzkova_m
tennis_data_uk,wta,2024,24,French Open,Paris,2024-06-01,grand_slam,True,clay,R32,32,3,Avanesyan E.,Zheng Q.,70,8,956.0,3945.0,2,1,3,6,6,3,7,6,,,,,completed,6.5,1.11,6.48,1.15,6.65,1.15,6.01,1.13,2024_24_paris_french_open,2024_24_paris_french_open_2024-06-01_R32_avanesyan_e_zheng_q
tennis_data_uk,wta,2024,24,French Open,Paris,2024-06-01,grand_slam,True,clay,R32,32,3,Gracheva V.,Begu I.,88,127,800.0,581.0,2,0,7,5,6,3,,,,,,,completed,2.63,1.5,2.72,1.52,2.75,1.54,2.63,1.5,2024_24_paris_french_open,2024_24_paris_french_open_2024-06-01_R32_gracheva_v_begu_i
tennis_data_uk,wta,2024,24,French Open,Paris,2024-06-01,grand_slam,True,clay,R32,32,3,Rybakina E.,Mertens E.,4,27,5673.0,1739.0,2,0,6,4,6,2,,,,,,,completed,1.17,5.0,1.18,5.75,1.2,6.03,1.17,5.18,2024_24_paris_french_open,2024_24_paris_french_open_2024-06-01_R32_rybakina_e_mertens_e
tennis_data_uk,wta,2024,24,French Open,Paris,2024-06-01,grand_slam,True,clay,R32,32,3,Sabalenka A.,Badosa P.,2,139,8138.0,532.0,2,0,7,5,6,1,,,,,,,completed,1.22,4.33,1.28,4.16,1.28,4.34,1.25,4.0,2024_24_paris_french_open,2024_24_paris_french_open_2024-06-01_R32_sabalenka_a_badosa_p
tennis_data_uk,wta,2024,24,French Open,Paris,2024-06-01,grand_slam,True,clay,R32,32,3,Andreeva M.,Stearns P.,38,62,1407.0,1040.0,2,0,6,2,6,1,,,,,,,completed,1.36,3.2,1.4,3.21,1.4,3.21,1.38,3.07,2024_24_paris_french_open,2024_24_paris_french_open_2024-06-01_R32_andreeva_m_stearns_p
tennis_data_uk,wta,2024,24,French Open,Paris,2024-06-01,grand_slam,True,clay,R32,32,3,Paolini J.,Andreescu B.,15,228,2898.0,323.0,2,1,6,1,3,6,6,0,,,,,completed,1.44,2.75,1.49,2.83,1.49,2.83,1.46,2.73,2024_24_paris_french_open,2024_24_paris_french_open_2024-06-01_R32_paolini_j_andreescu_b
tennis_data_uk,wta,2024,24,French Open,Paris,2024-06-01,grand_slam,True,clay,R32,32,3,Svitolina E.,Bogdan A.,19,64,2290.0,1029.0,2,0,7,5,6,2,,,,,,,completed,1.33,3.4,1.41,3.19,1.41,3.4,1.36,3.17,2024_24_paris_french_open,2024_24_paris_french_open_2024-06-01_R32_svitolina_e_bogdan_a
tennis_data_uk,wta,2024,24,French Open,Paris,2024-06-01,grand_slam,True,clay,R32,32,3,Navarro E.,Keys M.,24,12,2068.0,3283.0,2,0,7,6,7,6,,,,,,,completed,2.5,1.53,2.48,1.58,2.59,1.6,2.45,1.55,2024_24_paris_french_open,2024_24_paris_french_open_2024-06-01_R32_navarro_e_keys_m
tennis_data_uk,wta,2024,24,French Open,Paris,2024-06-02,grand_slam,True,clay,R16,16,3,Swiatek I.,Potapova A.,1,41,11695.0,1317.0,2,0,6,0,6,0,,,,,,,completed,1.02,19.0,1.03,20.49,1.04,20.49,1.03,14.39,2024_24_paris_french_open,2024_24_paris_french_open_2024-06-02_R16_swiatek_i_potapova_a
tennis_data_uk,wta,2024,24,French Open,Paris,2024-06-02,grand_slam,True,clay,R16,16,3,Vondrousova M.,Danilovic O.,6,125,4143.0,588.0,2,0,6,4,6,2,,,,,,,completed,1.3,3.5,1.32,3.72,1.38,3.72,1.32,3.46,2024_24_paris_french_open,2024_24_paris_french_open_2024-06-02_R16_vondrousova_m_danilovic_o
tennis_data_uk,wta,2024,24,French Open,Paris,2024-06-02,grand_slam,True,clay,R16,16,3,Gauff C.,Cocciaretto E.,3,51,7638.0,1149.0,2,0,6,1,6,2,,,,,,,completed,1.11,6.5,1.15,6.66,1.15,6.78,1.13,6.19,2024_24_paris_french_open,2024_24_paris_french_open_2024-06-02_R16_gauff_c_cocciaretto_e
tennis_data_uk,wta,2024,24,French Open,Paris,2024-06-02,grand_slam,True,clay,R16,16,3,Jabeur O.,Tauson C.,9,72,3748.0,924.0,2,0,6,4,6,4,,,,,,,completed,1.57,2.38,1.64,2.41,1.64,2.43,1.59,2.36,2024_24_paris_french_open,2024_24_paris_french_open_2024-06-02_R16_jabeur_o_tauson_c
tennis_data_uk,wta,2024,24,French Open,Paris,2024-06-03,grand_slam,True,clay,R16,16,3,Rybakina E.,Svitolina E.,4,19,5673.0,2290.0,2,0,6,4,6,3,,,,,,,completed,1.3,3.5,1.35,3.5,1.38,3.56,1.33,3.36,2024_24_paris_french_open,2024_24_paris_french_open_2024-06-03_R16_rybakina_e_svitolina_e
tennis_data_uk,wta,2024,24,French Open,Paris,2024-06-03,grand_slam,True,clay,R16,16,3,Paolini J.,Avanesyan E.,15,70,2898.0,956.0,2,1,4,6,6,0,6,1,,,,,completed,1.29,3.75,1.28,3.91,1.32,3.93,1.28,3.68,2024_24_paris_french_open,2024_24_paris_french_open_2024-06-03_R16_paolini_j_avanesyan_e
tennis_data_uk,wta,2024,24,French Open,Paris,2024-06-03,grand_slam,True,clay,R16,16,3,Sabalenka A.,Navarro E.,2,24,8138.0,2068.0,2,0,6,2,6,3,,,,,,,completed,1.29,3.75,1.34,3.57,1.34,3.75,1.3,3.54,2024_24_paris_french_open,2024_24_paris_french_open_2024-06-03_R16_sabalenka_a_navarro_e
tennis_data_uk,wta,2024,24,French Open,Paris,2024-06-03,grand_slam,True,clay,R16,16,3,Andreeva M.,Gracheva V.,38,88,1407.0,800.0,2,0,7,5,6,2,,,,,,,completed,1.25,4.0,1.24,4.53,1.29,4.53,1.25,3.97,2024_24_paris_french_open,2024_24_paris_french_open_2024-06-03_R16_andreeva_m_gracheva_v
tennis_data_uk,wta,2024,24,French Open,Paris,2024-06-04,grand_slam,True,clay,QF,8,3,Gauff C.,Jabeur O.,3,9,7638.0,3748.0,2,1,4,6,6,2,6,3,,,,,completed,1.22,4.33,1.28,4.1,1.28,4.76,1.24,4.11,2024_24_paris_french_open,2024_24_paris_french_open_2024-06-04_QF_gauff_c_jabeur_o
tennis_data_uk,wta,2024,24,French Open,Paris,2024-06-04,grand_slam,True,clay,QF,8,3,Swiatek I.,Vondrousova M.,1,6,11695.0,4143.0,2,0,6,0,6,2,,,,,,,completed,1.06,10.0,1.08,10.56,1.08,10.56,1.07,9.05,2024_24_paris_french_open,2024_24_paris_french_open_2024-06-04_QF_swiatek_i_vondrousova_m
tennis_data_uk,wta,2024,24,French Open,Paris,2024-06-05,grand_slam,True,clay,QF,8,3,Paolini J.,Rybakina E.,15,4,2898.0,5673.0,2,1,6,2,4,6,6,4,,,,,completed,4.0,1.25,3.82,1.31,4.0,1.31,3.82,1.27,2024_24_paris_french_open,2024_24_paris_french_open_2024-06-05_QF_paolini_j_rybakina_e
tennis_data_uk,wta,2024,24,French Open,Paris,2024-06-05,grand_slam,True,clay,QF,8,3,Andreeva M.,Sabalenka A.,38,2,1407.0,8138.0,2,1,6,7,6,4,6,4,,,,,completed,5.0,1.17,4.98,1.22,5.0,1.22,4.74,1.19,2024_24_paris_french_open,2024_24_paris_french_open_2024-06-05_QF_andreeva_m_sabalenka_a
tennis_data_uk,wta,2024,24,French Open,Paris,2024-06-06,grand_slam,True,clay,SF,4,3,Swiatek I.,Gauff C.,1,3,11695.0,7638.0,2,0,6,2,6,4,,,,,,,completed,1.13,6.0,1.16,6.13,1.17,6.36,1.14,5.82,2024_24_paris_french_open,2024_24_paris_french_open_2024-06-06_SF_swiatek_i_gauff_c
tennis_data_uk,wta,2024,24,French Open,Paris,2024-06-06,grand_slam,True,clay,SF,4,3,Paolini J.,Andreeva M.,15,38,2898.0,1407.0,2,0,6,3,6,1,,,,,,,completed,2.0,1.8,1.98,1.88,2.14,1.9,1.98,1.84,2024_24_paris_french_open,2024_24_paris_french_open_2024-06-06_SF_paolini_j_andreeva_m
tennis_data_uk,wta,2024,24,French Open,Paris,2024-06-08,grand_slam,True,clay,F,2,3,Swiatek I.,Paolini J.,1,15,11695.0,2898.0,2,0,6,2,6,1,,,,,,,completed,1.06,11.0,1.07,10.96,1.09,11.0,1.06,9.5,2024_24_paris_french_open,2024_24_paris_french_open_2024-06-08_F_swiatek_i_paolini_j
tennis_data_uk,wta,2024,25,Rosmalen Grass Court Championships,'s-Hertogenbosch,2024-06-10,wta_250,True,grass,R32,32,3,Vekic D.,Korpatsch T.,39,74,1418.0,951.0,2,0,6,1,6,3,,,,,,,completed,1.13,6.0,1.11,7.44,1.14,7.49,1.12,6.33,2024_25_s_hertogenbosch_rosmalen_grass_court_championships,2024_25_s_hertogenbosch_rosmalen_grass_court_championships_2024-06-10_R32_vekic_d_korpatsch_t
tennis_data_uk,wta,2024,25,Rosmalen Grass Court Championships,'s-Hertogenbosch,2024-06-10,wta_250,True,grass,R32,32,3,Minnen G.,Masarova R.,85,103,812.0,717.0,2,0,6,2,6,4,,,,,,,completed,1.8,2.0,1.81,2.05,1.85,2.2,1.79,2.01,2024_25_s_hertogenbosch_rosmalen_grass_court_championships,2024_25_s_hertogenbosch_rosmalen_grass_court_championships_2024-06-10_R32_minnen_g_masarova_r
tennis_data_uk,wta,2024,25,Rosmalen Grass Court Championships,'s-Hertogenbosch,2024-06-11,wta_250,True,grass,R32,32,3,Krunic A.,Ponchet J.,400,147,154.0,502.0,2,1,4,6,6,2,6,1,,,,,completed,2.1,1.73,2.1,1.76,2.12,1.8,2.06,1.74,2024_25_s_hertogenbosch_rosmalen_grass_court_championships,2024_25_s_hertogenbosch_rosmalen_grass_court_championships_2024-06-11_R32_krunic_a_ponchet_j
tennis_data_uk,wta,2024,25,Rosmalen Grass Court Championships,'s-Hertogenbosch,2024-06-11,wta_250,True,grass,R32,32,3,Pegula J.,Sasnovich A.,5,98,4625.0,748.0,2,0,6,2,6,2,,,,,,,completed,1.2,4.5,1.24,4.29,1.25,4.5,1.22,4.18,2024_25_s_hertogenbosch_rosmalen_grass_court_championships,2024_25_s_hertogenbosch_rosmalen_grass_court_championships_2024-06-11_R32_pegula_j_sasnovich_a
tennis_data_uk,wta,2024,25,Rosmalen Grass Court Championships,'s-Hertogenbosch,2024-06-11,wta_250,True,grass,R32,32,3,Yuan Y.,Shnaider D.,38,48,1422.0,1176.0,2,1,1,6,6,4,6,3,,,,,completed,2.0,1.8,2.03,1.82,2.1,1.83,2.01,1.78,2024_25_s_hertogenbosch_rosmalen_grass_court_championships,2024_25_s_hertogenbosch_rosmalen_grass_court_championships_2024-06-11_R32_yuan_y_shnaider_d
tennis_data_uk,wta,2024,25,Rosmalen Grass Court Championships,'s-Hertogenbosch,2024-06-11,wta_250,True,grass,R32,32,3,Osaka N.,Mertens E.,125,32,614.0,1629.0,2,0,6,2,6,4,,,,,,,completed,1.44,2.75,1.47,2.79,1.48,2.81,1.45,2.71,2024_25_s_hertogenbosch_rosmalen_grass_court_championships,2024_25_s_hertogenbosch_rosmalen_grass_court_championships_2024-06-11_R32_osaka_n_mertens_e
tennis_data_uk,wta,2024,25,Rosmalen Grass Court Championships,'s-Hertogenbosch,2024-06-11,wta_250,True,grass,R32,32,3,Andreescu B.,Vedder E.,228,392,323.0,158.0,2,1,4,6,6,3,6,2,,,,,completed,1.17,5.0,1.16,5.67,1.18,5.71,1.16,5.08,2024_25_s_hertogenbosch_rosmalen_grass_court_championships,2024_25_s_hertogenbosch_rosmalen_grass_court_championships_2024-06-11_R32_andreescu_b_vedder_e
tennis_data_uk,wta,2024,25,Rosmalen Grass Court Championships,'s-Hertogenbosch,2024-06-11,wta_250,True,grass,R32,32,3,Bektas E.,Blinkova A.,96,60,769.0,1036.0,2,0,6,4,6,0,,,,,,,completed,2.1,1.73,2.21,1.69,2.23,1.75,2.15,1.69,2024_25_s_hertogenbosch_rosmalen_grass_court_championships,2024_25_s_hertogenbosch_rosmalen_grass_court_championships_2024-06-11_R32_bektas_e_blinkova_a
tennis_data_uk,wta,2024,25,Rosmalen Grass Court Championships,'s-Hertogenbosch,2024-06-11,wta_250,True,grass,R32,32,3,Naef C.,Mandlik E.,161,150,468.0,496.0,2,1,7,6,1,6,6,4,,,,,completed,1.73,2.1,1.7,2.2,1.82,2.25,1.65,2.17,2024_25_s_hertogenbosch_rosmalen_grass_court_championships,2024_25_s_hertogenbosch_rosmalen_grass_court_championships_2024-06-11_R32_naef_c_mandlik_e
tennis_data_uk,wta,2024,25,Rosmalen Grass Court Championships,'s-Hertogenbosch,2024-06-11,wta_250,True,grass,R32,32,3,Alexandrova E.,Rodionova Ar.,16,105,2360.0,712.0,2,0,6,3,6,4,,,,,,,completed,1.2,4.5,1.21,4.73,1.21,4.87,1.19,4.48,2024_25_s_hertogenbosch_rosmalen_grass_court_championships,2024_25_s_hertogenbosch_rosmalen_grass_court_championships_2024-06-11_R32_alexandrova_e_rodionova_ar
tennis_data_uk,wta,2024,25,Rosmalen Grass Court Championships,'s-Hertogenbosch,2024-06-11,wta_250,True,grass,R32,32,3,Lamens S.,Pera B.,140,106,523.0,701.0,2,1,4,6,6,2,6,4,,,,,completed,2.5,1.53,2.47,1.57,2.5,1.58,2.48,1.53,2024_25_s_hertogenbosch_rosmalen_grass_court_championships,2024_25_s_hertogenbosch_rosmalen_grass_court_championships_2024-06-11_R32_lamens_s_pera_b
tennis_data_uk,wta,2024,25,Rosmalen Grass Court Championships,'s-Hertogenbosch,2024-06-11,wta_250,True,grass,R32,32,3,Galfi D.,Rus A.,138,57,529.0,1054.0,2,0,6,0,6,3,,,,,,,completed,2.0,1.8,1.92,1.92,2.1,1.95,1.93,1.85,2024_25_s_hertogenbosch_rosmalen_grass_court_championships,2024_25_s_hertogenbosch_rosmalen_grass_court_championships_2024-06-11_R32_galfi_d_rus_a
tennis_data_uk,wta,2024,25,Rosmalen Grass Court Championships,'s-Hertogenbosch,2024-06-12,wta_250,True,grass,R32,32,3,Niemeier J.,Tauson C.,91,65,791.0,994.0,2,1,6,4,6,7,6,4,,,,,completed,2.1,1.73,2.22,1.69,2.25,1.74,2.14,1.68,2024_25_s_hertogenbosch_rosmalen_grass_court_championships,2024_25_s_hertogenbosch_rosmalen_grass_court_championships_2024-06-12_R32_niemeier_j_tauson_c
tennis_data_uk,wta,2024,25,Rosmalen Grass Court Championships,'s-Hertogenbosch,2024-06-12,wta_250,True,grass,R32,32,3,Samsonova L.,Van Uytvanck A.,15,266,2640.0,268.0,2,0,6,1,6,3,,,,,,,completed,1.57,2.38,1.58,2.45,1.63,2.56,1.55,2.4,2024_25_s_hertogenbosch_rosmalen_grass_court_championships,2024_25_s_hertogenbosch_rosmalen_grass_court_championships_2024-06-12_R32_samsonova_l_van_uytvanck_a
tennis_data_uk,wta,2024,25,Rosmalen Grass Court Championships,'s-Hertogenbosch,2024-06-12,wta_250,True,grass,R32,32,3,Kudermetova V.,Bai Z.,34,93,1623.0,773.0,2,0,7,5,6,1,,,,,,,completed,1.4,3.0,1.41,3.03,1.41,3.15,1.38,2.97,2024_25_s_hertogenbosch_rosmalen_grass_court_championships,2024_25_s_hertogenbosch_rosmalen_grass_court_championships_2024-06-12_R32_kudermetova_v_bai_z
tennis_data_uk,wta,2024,25,Rosmalen Grass Court Championships,'s-Hertogenbosch,2024-06-12,wta_250,True,grass,R32,32,3,Montgomery R.,Linette M.,173,44,437.0,1236.0,2,1,6,7,6,3,7,5,,,,,completed,1.91,1.91,1.84,2.0,1.91,2.21,1.83,1.95,2024_25_s_hertogenbosch_rosmalen_grass_court_championships,2024_25_s_hertogenbosch_rosmalen_grass_court_championships_2024-06-12_R32_montgomery_r_linette_m
tennis_data_uk,wta,2024,25,Rosmalen Grass Court Championships,'s-Hertogenbosch,2024-06-12,wta_250,True,grass,R16,16,3,Andreescu B.,Yuan Y.,228,38,323.0,1422.0,2,0,6,4,6,4,,,,,,,completed,1.62,2.3,1.68,2.25,1.7,2.38,1.62,2.26,2024_25_s_hertogenbosch_rosmalen_grass_court_championships,2024_25_s_hertogenbosch_rosmalen_grass_court_championships_2024-06-12_R16_andreescu_b_yuan_y
tennis_data_uk,wta,2024,25,Rosmalen Grass Court Championships,'s-Hertogenbosch,2024-06-12,wta_250,True,grass,R16,16,3,Minnen G.,Vekic D.,85,39,812.0,1418.0,2,1,6,1,0,6,7,5,,,,,completed,2.75,1.44,2.85,1.46,2.9,1.5,2.72,1.45,2024_25_s_hertogenbosch_rosmalen_grass_court_championships,2024_25_s_hertogenbosch_rosmalen_grass_court_championships_2024-06-12_R16_minnen_g_vekic_d
tennis_data_uk,wta,2024,25,Rosmalen Grass Court Championships,'s-Hertogenbosch,2024-06-12,wta_250,True,grass,R16,16,3,Osaka N.,Lamens S.,125,140,614.0,523.0,2,0,6,2,6,2,,,,,,,completed,1.1,7.0,1.1,7.74,1.12,7.81,1.1,6.82,2024_25_s_hertogenbosch_rosmalen_grass_court_championships,2024_25_s_hertogenbosch_rosmalen_grass_court_championships_2024-06-12_R16_osaka_n_lamens_s
tennis_data_uk,wta,2024,25,Rosmalen Grass Court Championships,'s-Hertogenbosch,2024-06-13,wta_250,True,grass,R16,16,3,Galfi D.,Kudermetova V.,138,34,529.0,1623.0,2,1,6,3,3,6,7,5,,,,,completed,3.0,1.4,3.3,1.38,3.3,1.42,2.97,1.38,2024_25_s_hertogenbosch_rosmalen_grass_court_championships,2024_25_s_hertogenbosch_rosmalen_grass_court_championships_2024-06-13_R16_galfi_d_kudermetova_v
tennis_data_uk,wta,2024,25,Rosmalen Grass Court Championships,'s-Hertogenbosch,2024-06-13,wta_250,True,grass,R16,16,3,Alexandrova E.,Bektas E.,16,96,2360.0,769.0,2,0,7,5,6,4,,,,,,,completed,1.3,3.5,1.33,3.58,1.38,3.75,1.31,3.42,2024_25_s_hertogenbosch_rosmalen_grass_court_championships,2024_25_s_hertogenbosch_rosmalen_grass_court_championships_2024-06-13_R16_alexandrova_e_bektas_e
tennis_data_uk,wta,2024,25,Rosmalen Grass Court Championships,'s-Hertogenbosch,2024-06-13,wta_250,True,grass,R16,16,3,Krunic A.,Pegula J.,400,5,154.0,4625.0,2,1,7,6,6,7,6,4,,,,,completed,7.0,1.1,7.51,1.12,8.0,1.12,6.8,1.1,2024_25_s_hertogenbosch_rosmalen_grass_court_championships,2024_25_s_hertogenbosch_rosmalen_grass_court_championships_2024-06-13_R16_krunic_a_pegula_j
tennis_data_uk,wta,2024,25,Rosmalen Grass Court Championships,'s-Hertogenbosch,2024-06-13,wta_250,True,grass,R16,16,3,Samsonova L.,Naef C.,15,161,2640.0,468.0,2,0,7,5,6,2,,,,,,,completed,1.25,4.0,1.26,4.26,1.27,4.5,1.24,3.93,2024_25_s_hertogenbosch_rosmalen_grass_court_championships,2024_25_s_hertogenbosch_rosmalen_grass_court_championships_2024-06-13_R16_samsonova_l_naef_c
tennis_data_uk,wta,2024,25,Rosmalen Grass Court Championships,'s-Hertogenbosch,2024-06-13,wta_250,True,grass,R16,16,3,Montgomery R.,Niemeier J.,173,91,437.0,791.0,2,0,6,3,6,3,,,,,,,completed,1.73,2.1,1.8,2.11,1.87,2.11,1.79,2.0,2024_25_s_hertogenbosch_rosmalen_grass_court_championships,2024_25_s_hertogenbosch_rosmalen_grass_court_championships_2024-06-13_R16_montgomery_r_niemeier_j
tennis_data_uk,wta,2024,25,Rosmalen Grass Court Championships,'s-Hertogenbosch,2024-06-14,wta_250,True,grass,QF,8,3,Galfi D.,Krunic A.,138,400,529.0,154.0,2,0,7,5,6,3,,,,,,,completed,1.73,2.1,1.74,2.23,1.8,2.28,1.69,2.14,2024_25_s_hertogenbosch_rosmalen_grass_court_championships,2024_25_s_hertogenbosch_rosmalen_grass_court_championships_2024-06-14_QF_galfi_d_krunic_a
tennis_data_uk,wta,2024,25,Rosmalen Grass Court Championships,'s-Hertogenbosch,2024-06-14,wta_250,True,grass,QF,8,3,Samsonova L.,Minnen G.,15,85,2640.0,812.0,2,0,6,4,7,5,,,,,,,completed,1.3,3.5,1.4,3.21,1.41,3.6,1.31,3.38,2024_25_s_hertogenbosch_rosmalen_grass_court_championships,2024_25_s_hertogenbosch_rosmalen_grass_court_championships_2024-06-14_QF_samsonova_l_minnen_g
tennis_data_uk,wta,2024,25,Rosmalen Grass Court Championships,'s-Hertogenbosch,2024-06-14,wta_250,True,grass,QF,8,3,Andreescu B.,Osaka N.,228,125,323.0,614.0,2,1,6,4,3,6,7,6,,,,,completed,4.33,1.22,4.18,1.27,4.33,1.28,3.98,1.24,2024_25_s_hertogenbosch_rosmalen_grass_court_championships,2024_25_s_hertogenbosch_rosmalen_grass_court_championships_2024-06-14_QF_andreescu_b_osaka_n
tennis_data_uk,wta,2024,25,Rosmalen Grass Court Championships,'s-Hertogenbosch,2024-06-15,wta_250,True,grass,QF,8,3,Alexandrova E.,Montgomery R.,16,173,2360.0,437.0,2,0,6,4,6,3,,,,,,,completed,1.53,2.5,1.55,2.65,1.57,2.65,1.52,2.47,2024_25_s_hertogenbosch_rosmalen_grass_court_championships,2024_25_s_hertogenbosch_rosmalen_grass_court_championships_2024-06-15_QF_alexandrova_e_montgomery_r
tennis_data_uk,wta,2024,25,Rosmalen Grass Court Championships,'s-Hertogenbosch,2024-06-15,wta_250,True,grass,SF,4,3,Andreescu B.,Galfi D.,228,138,323.0,529.0,2,0,6,4,6,2,,,,,,,completed,1.4,3.0,1.4,3.21,1.47,3.21,1.38,3.0,2024_25_s_hertogenbosch_rosmalen_grass_court_championships,2024_25_s_hertogenbosch_rosmalen_grass_court_championships_2024-06-15_SF_andreescu_b_galfi_d
tennis_data_uk,wta,2024,25,Rosmalen Grass Court Championships,'s-Hertogenbosch,2024-06-16,wta_250,True,grass,SF,4,3,Samsonova L.,Alexandrova E.,15,16,2640.0,2360.0,2,1,6,3,6,7,6,1,,,,,completed,1.8,2.0,1.95,1.93,1.95,2.1,1.83,1.95,2024_25_s_hertogenbosch_rosmalen_grass_court_championships,2024_25_s_hertogenbosch_rosmalen_grass_court_championships_2024-06-16_SF_samsonova_l_alexandrova_e
tennis_data_uk,wta,2024,25,Rosmalen Grass Court Championships,'s-Hertogenbosch,2024-06-16,wta_250,True,grass,F,2,3,Samsonova L.,Andreescu B.,15,228,2640.0,323.0,2,1,4,6,6,3,7,5,,,,,completed,1.62,2.3,1.67,2.33,1.69,2.33,1.63,2.24,2024_25_s_hertogenbosch_rosmalen_grass_court_championships,2024_25_s_hertogenbosch_rosmalen_grass_court_championships_2024-06-16_F_samsonova_l_andreescu_b
tennis_data_uk,wta,2024,26,Nottingham Open,Nottingham,2024-06-10,wta_250,True,grass,R32,32,3,Saville D.,Burel C.,84,42,815.0,1288.0,2,0,6,3,6,3,,,,,,,completed,2.2,1.67,2.46,1.57,2.5,1.67,2.31,1.6,2024_26_nottingham_nottingham_open,2024_26_nottingham_nottingham_open_2024-06-10_R32_saville_d_burel_c
tennis_data_uk,wta,2024,26,Nottingham Open,Nottingham,2024-06-10,wta_250,True,grass,R32,32,3,Watson H.,Day K.,158,130,476.0,589.0,2,1,4,6,6,0,6,4,,,,,completed,1.44,2.75,1.42,2.99,1.46,3.16,1.41,2.87,2024_26_nottingham_nottingham_open,2024_26_nottingham_nottingham_open_2024-06-10_R32_watson_h_day_k
tennis_data_uk,wta,2024,26,Nottingham Open,Nottingham,2024-06-10,wta_250,True,grass,R32,32,3,Parry D.,Bucsa C.,64,67,999.0,984.0,2,0,6,3,6,2,,,,,,,completed,1.73,2.1,1.71,2.19,1.76,2.21,1.7,2.13,2024_26_nottingham_nottingham_open,2024_26_nottingham_nottingham_open_2024-06-10_R32_parry_d_bucsa_c
tennis_data_uk,wta,2024,26,Nottingham Open,Nottingham,2024-06-10,wta_250,True,grass,R32,32,3,Stefanini L.,Zhu L.,153,53,487.0,1077.0,2,1,7,6,3,6,7,5,,,,,completed,2.1,1.73,2.09,1.78,2.2,1.8,2.09,1.72,2024_26_nottingham_nottingham_open,2024_26_nottingham_nottingham_open_2024-06-10_R32_stefanini_l_zhu_l
tennis_data_uk,wta,2024,26,Nottingham Open,Nottingham,2024-06-10,wta_250,True,grass,R32,32,3,Boulter K.,Dart H.,30,92,1671.0,779.0,2,1,6,7,6,4,7,5,,,,,completed,1.3,3.5,1.29,3.76,1.35,3.76,1.31,3.35,2024_26_nottingham_nottingham_open,2024_26_nottingham_nottingham_open_2024-06-10_R32_boulter_k_dart_h
tennis_data_uk,wta,2024,26,Nottingham Open,Nottingham,2024-06-10,wta_250,True,grass,R32,32,3,Pliskova Ka.,Parks A.,50,151,1147.0,494.0,2,0,6,4,6,4,,,,,,,completed,1.22,4.33,1.19,5.03,1.22,5.2,1.19,4.59,2024_26_nottingham_nottingham_open,2024_26_nottingham_nottingham_open_2024-06-10_R32_pliskova_ka_parks_a
tennis_data_uk,wta,2024,26,Nottingham Open,Nottingham,2024-06-10,wta_250,True,grass,R32,32,3,Fruhvirtova L.,Miyazaki Y.,139,145,526.0,505.0,2,0,6,4,7,5,,,,,,,completed,1.53,2.5,1.67,2.26,1.68,2.57,1.58,2.35,2024_26_nottingham_nottingham_open,2024_26_nottingham_nottingham_open_2024-06-10_R32_fruhvirtova_l_miyazaki_y
tennis_data_uk,wta,2024,26,Nottingham Open,Nottingham,2024-06-10,wta_250,True,grass,R32,32,3,Birrell K.,Appleton E.,148,356,500.0,178.0,2,0,6,3,7,5,,,,,,,completed,1.5,2.63,1.53,2.59,1.54,2.75,1.48,2.59,2024_26_nottingham_nottingham_open,2024_26_nottingham_nottingham_open_2024-06-10_R32_birrell_k_appleton_e
tennis_data_uk,wta,2024,26,Nottingham Open,Nottingham,2024-06-11,wta_250,True,grass,R32,32,3,Maria T.,Arango E.,56,120,1059.0,658.0,2,1,4,6,7,6,7,6,,,,,completed,1.29,3.75,1.25,4.13,1.3,4.13,1.27,3.65,2024_26_nottingham_nottingham_open,2024_26_nottingham_nottingham_open_2024-06-11_R32_maria_t_arango_e
tennis_data_uk,wta,2024,26,Nottingham Open,Nottingham,2024-06-11,wta_250,True,grass,R32,32,3,Frech M.,Hibino N.,52,95,1106.0,770.0,2,0,6,1,6,4,,,,,,,completed,1.36,3.2,1.35,3.32,1.38,3.32,1.35,3.13,2024_26_nottingham_nottingham_open,2024_26_nottingham_nottingham_open_2024-06-11_R32_frech_m_hibino_n
tennis_data_uk,wta,2024,26,Nottingham Open,Nottingham,2024-06-11,wta_250,True,grass,R32,32,3,Snigur D.,Kostyuk M.,127,17,608.0,2240.0,2,0,6,3,6,3,,,,,,,completed,3.5,1.3,3.25,1.36,3.55,1.38,3.28,1.33,2024_26_nottingham_nottingham_open,2024_26_nottingham_nottingham_open_2024-06-11_R32_snigur_d_kostyuk_m
tennis_data_uk,wta,2024,26,Nottingham Open,Nottingham,2024-06-11,wta_250,True,grass,R32,32,3,Marino R.,Golubic V.,157,73,478.0,952.0,2,0,6,1,6,4,,,,,,,completed,1.8,2.0,1.84,2.0,1.91,2.02,1.81,1.97,2024_26_nottingham_nottingham_open,2024_26_nottingham_nottingham_open_2024-06-11_R32_marino_r_golubic_v
tennis_data_uk,wta,2024,26,Nottingham Open,Nottingham,2024-06-11,wta_250,True,grass,R32,32,3,Krueger A.,Wang Y.,70,72,974.0,962.0,2,0,6,3,6,3,,,,,,,completed,1.5,2.63,1.47,2.79,1.52,2.81,1.47,2.64,2024_26_nottingham_nottingham_open,2024_26_nottingham_nottingham_open_2024-06-11_R32_krueger_a_wang_y
tennis_data_uk,wta,2024,26,Nottingham Open,Nottingham,2024-06-11,wta_250,True,grass,R32,32,3,Raducanu E.,Shibahara E.,209,274,353.0,258.0,2,0,6,1,6,4,,,,,,,completed,1.29,3.75,1.25,4.1,1.3,4.17,1.25,3.8,2024_26_nottingham_nottingham_open,2024_26_nottingham_nottingham_open_2024-06-11_R32_raducanu_e_shibahara_e
tennis_data_uk,wta,2024,26,Nottingham Open,Nottingham,2024-06-11,wta_250,True,grass,R32,32,3,Jabeur O.,Osorio M.,10,81,3748.0,875.0,2,0,6,2,6,3,,,,,,,completed,1.22,4.33,1.24,4.3,1.26,4.4,1.22,4.14,2024_26_nottingham_nottingham_open,2024_26_nottingham_nottingham_open_2024-06-11_R32_jabeur_o_osorio_m
tennis_data_uk,wta,2024,26,Nottingham Open,Nottingham,2024-06-11,wta_250,True,grass,R32,32,3,Jones F.,Dolehide C.,249,58,291.0,1049.0,2,0,7,6,6,3,,,,,,,completed,2.3,1.62,2.5,1.56,2.5,1.63,2.32,1.58,2024_26_nottingham_nottingham_open,2024_26_nottingham_nottingham_open_2024-06-11_R32_jones_f_dolehide_c
tennis_data_uk,wta,2024,26,Nottingham Open,Nottingham,2024-06-12,wta_250,True,grass,R16,16,3,Birrell K.,Stefanini L.,148,153,500.0,487.0,2,1,6,4,6,7,6,0,,,,,completed,1.57,2.38,1.56,2.52,1.62,2.67,1.55,2.41,2024_26_nottingham_nottingham_open,2024_26_nottingham_nottingham_open_2024-06-12_R16_birrell_k_stefanini_l
tennis_data_uk,wta,2024,26,Nottingham Open,Nottingham,2024-06-12,wta_250,True,grass,R16,16,3,Parry D.,Saville D.,64,84,999.0,815.0,2,0,6,4,6,1,,,,,,,completed,1.62,2.3,1.65,2.31,1.67,2.45,1.62,2.26,2024_26_nottingham_nottingham_open,2024_26_nottingham_nottingham_open_2024-06-12_R16_parry_d_saville_d
tennis_data_uk,wta,2024,26,Nottingham Open,Nottingham,2024-06-12,wta_250,True,grass,R16,16,3,Boulter K.,Marino R.,30,157,1671.0,478.0,2,0,6,4,6,3,,,,,,,completed,1.3,3.5,1.27,4.0,1.32,4.0,1.29,3.58,2024_26_nottingham_nottingham_open,2024_26_nottingham_nottingham_open_2024-06-12_R16_boulter_k_marino_r
tennis_data_uk,wta,2024,26,Nottingham Open,Nottingham,2024-06-12,wta_250,True,grass,R16,16,3,Pliskova Ka.,Watson H.,50,158,1147.0,476.0,2,0,6,4,6,4,,,,,,,completed,1.44,2.75,1.43,2.93,1.46,2.99,1.42,2.8,2024_26_nottingham_nottingham_open,2024_26_nottingham_nottingham_open_2024-06-12_R16_pliskova_ka_watson_h
tennis_data_uk,wta,2024,26,Nottingham Open,Nottingham,2024-06-13,wta_250,True,grass,R16,16,3,Frech M.,Maria T.,52,56,1106.0,1059.0,2,1,3,6,6,3,6,1,,,,,completed,1.73,2.1,1.76,2.17,1.83,2.17,1.74,2.07,2024_26_nottingham_nottingham_open,2024_26_nottingham_nottingham_open_2024-06-13_R16_frech_m_maria_t
tennis_data_uk,wta,2024,26,Nottingham Open,Nottingham,2024-06-13,wta_250,True,grass,R16,16,3,Raducanu E.,Snigur D.,209,127,353.0,608.0,2,0,6,2,6,2,,,,,,,completed,1.3,3.5,1.37,3.32,1.37,3.5,1.32,3.32,2024_26_nottingham_nottingham_open,2024_26_nottingham_nottingham_open_2024-06-13_R16_raducanu_e_snigur_d
tennis_data_uk,wta,2024,26,Nottingham Open,Nottingham,2024-06-14,wta_250,True,grass,R16,16,3,Jones F.,Krueger A.,249,70,291.0,974.0,2,1,6,4,4,6,7,5,,,,,completed,3.2,1.36,3.25,1.38,3.55,1.38,3.13,1.35,2024_26_nottingham_nottingham_open,2024_26_nottingham_nottingham_open_2024-06-14_R16_jones_f_krueger_a
tennis_data_uk,wta,2024,26,Nottingham Open,Nottingham,2024-06-14,wta_250,True,grass,R16,16,3,Jabeur O.,Fruhvirtova L.,10,139,3748.0,526.0,2,0,6,2,6,1,,,,,,,completed,1.08,8.0,1.12,7.64,1.12,8.0,1.1,6.86,2024_26_nottingham_nottingham_open,2024_26_nottingham_nottingham_open_2024-06-14_R16_jabeur_o_fruhvirtova_l
tennis_data_uk,wta,2024,26,Nottingham Open,Nottingham,2024-06-14,wta_250,True,grass,QF,8,3,Boulter K.,Frech M.,30,52,1671.0,1106.0,2,0,6,2,6,4,,,,,,,completed,1.5,2.63,1.48,2.85,1.52,2.85,1.48,2.62,2024_26_nottingham_nottingham_open,2024_26_nottingham_nottingham_open_2024-06-14_QF_boulter_k_frech_m
tennis_data_uk,wta,2024,26,Nottingham Open,Nottingham,2024-06-15,wta_250,True,grass,QF,8,3,Raducanu E.,Jones F.,209,249,353.0,291.0,,,,,,,,,,,,,walkover,1.2,4.5,1.19,5.53,1.22,5.53,1.18,4.81,2024_26_nottingham_nottingham_open,2024_26_nottingham_nottingham_open_2024-06-15_QF_raducanu_e_jones_f
tennis_data_uk,wta,2024,26,Nottingham Open,Nottingham,2024-06-15,wta_250,True,grass,QF,8,3,Pliskova Ka.,Jabeur O.,50,10,1147.0,3748.0,2,1,7,6,6,7,7,5,,,,,completed,3.2,1.36,3.32,1.38,3.5,1.4,3.12,1.35,2024_26_nottingham_nottingham_open,2024_26_nottingham_nottingham_open_2024-06-15_QF_pliskova_ka_jabeur_o
tennis_data_uk,wta,2024,26,Nottingham Open,Nottingham,2024-06-15,wta_250,True,grass,QF,8,3,Parry D.,Birrell K.,64,148,999.0,500.0,2,0,6,3,7,6,,,,,,,completed,1.44,2.75,1.52,2.69,1.52,2.75,1.47,2.64,2024_26_nottingham_nottingham_open,2024_26_nottingham_nottingham_open_2024-06-15_QF_parry_d_birrell_k
tennis_data_uk,wta,2024,26,Nottingham Open,Nottingham,2024-06-16,wta_250,True,grass,SF,4,3,Pliskova Ka.,Parry D.,50,64,1147.0,999.0,2,1,6,7,6,1,6,4,,,,,completed,1.44,2.75,1.53,2.68,1.54,2.78,1.48,2.63,2024_26_nottingham_nottingham_open,2024_26_nottingham_nottingham_open_2024-06-16_SF_pliskova_ka_parry_d
tennis_data_uk,wta,2024,26,Nottingham Open,Nottingham,2024-06-16,wta_250,True,grass,SF,4,3,Boulter K.,Raducanu E.,30,209,1671.0,353.0,2,1,6,7,6,3,6,4,,,,,completed,2.1,1.73,2.26,1.7,2.27,1.73,2.14,1.7,2024_26_nottingham_nottingham_open,2024_26_nottingham_nottingham_open_2024-06-16_SF_boulter_k_raducanu_e
tennis_data_uk,wta,2024,26,Nottingham Open,Nottingham,2024-06-16,wta_250,True,grass,F,2,3,Boulter K.,Pliskova Ka.,30,50,1671.0,1147.0,2,1,4,6,6,3,6,2,,,,,completed,1.91,1.91,2.11,1.8,2.11,1.91,1.94,1.84,2024_26_nottingham_nottingham_open,2024_26_nottingham_nottingham_open_2024-06-16_F_boulter_k_pliskova_ka
tennis_data_uk,wta,2024,27,German Open,Berlin,2024-06-17,wta_500,True,grass,R32,32,3,Sonmez Z.,Rus A.,157,58,475.0,1054.0,2,1,3,6,6,2,6,1,,,,,completed,1.91,1.91,1.92,1.95,1.92,2.03,1.86,1.91,2024_27_berlin_german_open,2024_27_berlin_german_open_2024-06-17_R32_sonmez_z_rus_a
tennis_data_uk,wta,2024,27,German Open,Berlin,2024-06-17,wta_500,True,grass,R32,32,3,Kasatkina D.,Kostyuk M.,14,16,3088.0,2240.0,2,1,4,6,7,6,6,3,,,,,completed,1.8,2.0,1.78,2.12,1.86,2.12,1.77,2.01,2024_27_berlin_german_open,2024_27_berlin_german_open_2024-06-17_R32_kasatkina_d_kostyuk_m
tennis_data_uk,wta,2024,27,German Open,Berlin,2024-06-17,wta_500,True,grass,R32,32,3,Kalinskaya A.,Hibino N.,24,93,1986.0,770.0,2,1,2,6,6,4,6,2,,,,,completed,1.22,4.33,1.25,4.29,1.29,4.34,1.24,4.03,2024_27_berlin_german_open,2024_27_berlin_german_open_2024-06-17_R32_kalinskaya_a_hibino_n
tennis_data_uk,wta,2024,27,German Open,Berlin,2024-06-17,wta_500,True,grass,R32,32,3,Vondrousova M.,Masarova R.,6,100,4503.0,717.0,2,0,6,4,6,3,,,,,,,completed,1.2,4.5,1.23,4.58,1.3,4.66,1.21,4.33,2024_27_berlin_german_open,2024_27_berlin_german_open_2024-06-17_R32_vondrousova_m_masarova_r
tennis_data_uk,wta,2024,27,German Open,Berlin,2024-06-17,wta_500,True,grass,R32,32,3,Siniakova K.,Navarro E.,30,17,1645.0,2238.0,2,0,6,4,6,3,,,,,,,completed,1.8,2.0,1.85,2.02,1.88,2.05,1.81,1.98,2024_27_berlin_german_open,2024_27_berlin_german_open_2024-06-17_R32_siniakova_k_navarro_e
tennis_data_uk,wta,2024,27,German Open,Berlin,2024-06-18,wta_500,True,grass,R32,32,3,Vekic D.,Niemeier J.,39,88,1418.0,809.0,2,1,1,6,6,1,6,3,,,,,completed,1.53,2.5,1.52,2.67,1.54,2.75,1.49,2.58,2024_27_berlin_german_open,2024_27_berlin_german_open_2024-06-18_R32_vekic_d_niemeier_j
tennis_data_uk,wta,2024,27,German Open,Berlin,2024-06-18,wta_500,True,grass,R32,32,3,Zheng Q.,Osaka N.,8,113,4005.0,668.0,2,1,6,4,3,6,6,3,,,,,completed,2.75,1.44,2.82,1.47,3.0,1.52,2.73,1.44,2024_27_berlin_german_open,2024_27_berlin_german_open_2024-06-18_R32_zheng_q_osaka_n
tennis_data_uk,wta,2024,27,German Open,Berlin,2024-06-18,wta_500,True,grass,R32,32,3,Alexandrova E.,Haddad Maia B.,20,18,2178.0,2213.0,2,0,6,4,6,4,,,,,,,completed,1.8,2.0,1.83,2.05,1.88,2.1,1.77,2.01,2024_27_berlin_german_open,2024_27_berlin_german_open_2024-06-18_R32_alexandrova_e_haddad_maia_b
tennis_data_uk,wta,2024,27,German Open,Berlin,2024-06-18,wta_500,True,grass,R32,32,3,Noskova L.,Kerber A.,28,224,1710.0,332.0,2,1,7,6,2,6,6,4,,,,,completed,2.1,1.73,2.14,1.76,2.25,1.8,2.08,1.72,2024_27_berlin_german_open,2024_27_berlin_german_open_2024-06-18_R32_noskova_l_kerber_a
tennis_data_uk,wta,2024,27,German Open,Berlin,2024-06-18,wta_500,True,grass,R32,32,3,Kudermetova V.,Samsonova L.,35,15,1503.0,2830.0,2,1,3,6,6,4,6,4,,,,,completed,2.3,1.62,2.42,1.61,2.42,1.68,2.26,1.62,2024_27_berlin_german_open,2024_27_berlin_german_open_2024-06-18_R32_kudermetova_v_samsonova_l
tennis_data_uk,wta,2024,27,German Open,Berlin,2024-06-18,wta_500,True,grass,R32,32,3,Azarenka V.,Sakkari M.,19,9,2205.0,3980.0,2,0,6,4,6,2,,,,,,,completed,1.73,2.1,1.72,2.21,1.78,2.21,1.72,2.08,2024_27_berlin_german_open,2024_27_berlin_german_open_2024-06-18_R32_azarenka_v_sakkari_m
tennis_data_uk,wta,2024,27,German Open,Berlin,2024-06-19,wta_500,True,grass,R32,32,3,Jabeur O.,Wang Xin.,10,40,3748.0,1411.0,2,0,6,4,7,6,,,,,,,completed,1.36,3.2,1.41,3.08,1.41,3.2,1.37,3.01,2024_27_berlin_german_open,2024_27_berlin_german_open_2024-06-19_R32_jabeur_o_wang_xin
tennis_data_uk,wta,2024,27,German Open,Berlin,2024-06-19,wta_500,True,grass,R16,16,3,Azarenka V.,Sonmez Z.,19,157,2205.0,475.0,2,0,6,3,6,3,,,,,,,completed,1.08,8.0,1.1,8.8,1.1,8.98,1.08,7.8,2024_27_berlin_german_open,2024_27_berlin_german_open_2024-06-19_R16_azarenka_v_sonmez_z
tennis_data_uk,wta,2024,27,German Open,Berlin,2024-06-20,wta_500,True,grass,R16,16,3,Kalinskaya A.,Vondrousova M.,24,6,1986.0,4503.0,0,0,5,5,,,,,,,,,retired,2.75,1.44,2.68,1.52,2.78,1.61,2.63,1.49,2024_27_berlin_german_open,2024_27_berlin_german_open_2024-06-20_R16_kalinskaya_a_vondrousova_m
tennis_data_uk,wta,2024,27,German Open,Berlin,2024-06-20,wta_500,True,grass,R16,16,3,Rybakina E.,Kudermetova V.,4,35,5973.0,1503.0,2,0,6,4,7,5,,,,,,,completed,1.29,3.75,1.28,4.0,1.29,4.0,1.28,3.64,2024_27_berlin_german_open,2024_27_berlin_german_open_2024-06-20_R16_rybakina_e_kudermetova_v
tennis_data_uk,wta,2024,27,German Open,Berlin,2024-06-20,wta_500,True,grass,R16,16,3,Siniakova K.,Zheng Q.,30,8,1645.0,4005.0,2,0,6,4,6,4,,,,,,,completed,1.91,1.91,2.02,1.87,2.02,1.91,1.92,1.87,2024_27_berlin_german_open,2024_27_berlin_german_open_2024-06-20_R16_siniakova_k_zheng_q
tennis_data_uk,wta,2024,27,German Open,Berlin,2024-06-20,wta_500,True,grass,R16,16,3,Gauff C.,Alexandrova E.,2,20,7988.0,2178.0,2,0,7,6,6,2,,,,,,,completed,1.53,2.5,1.51,2.72,1.59,2.75,1.5,2.54,2024_27_berlin_german_open,2024_27_berlin_german_open_2024-06-20_R16_gauff_c_alexandrova_e
tennis_data_uk,wta,2024,27,German Open,Berlin,2024-06-20,wta_500,True,grass,R16,16,3,Pegula J.,Vekic D.,5,39,4625.0,1418.0,2,0,6,4,7,5,,,,,,,completed,1.67,2.2,1.59,2.49,1.68,2.49,1.63,2.24,2024_27_berlin_german_open,2024_27_berlin_german_open_2024-06-20_R16_pegula_j_vekic_d
tennis_data_uk,wta,2024,27,German Open,Berlin,2024-06-20,wta_500,True,grass,R16,16,3,Jabeur O.,Noskova L.,10,28,3748.0,1710.0,2,1,6,7,6,3,6,4,,,,,completed,1.36,3.2,1.43,3.01,1.45,3.2,1.4,2.91,2024_27_berlin_german_open,2024_27_berlin_german_open_2024-06-20_R16_jabeur_o_noskova_l
tennis_data_uk,wta,2024,27,German Open,Berlin,2024-06-20,wta_500,True,grass,R16,16,3,Sabalenka A.,Kasatkina D.,3,14,7788.0,3088.0,2,0,6,1,6,4,,,,,,,completed,1.17,5.0,1.17,5.81,1.19,6.0,1.16,5.17,2024_27_berlin_german_open,2024_27_berlin_german_open_2024-06-20_R16_sabalenka_a_kasatkina_d
tennis_data_uk,wta,2024,27,German Open,Berlin,2024-06-21,wta_500,True,grass,QF,8,3,Azarenka V.,Rybakina E.,19,4,2205.0,5973.0,0,0,3,1,,,,,,,,,retired,3.0,1.4,2.97,1.45,3.13,1.45,2.91,1.4,2024_27_berlin_german_open,2024_27_berlin_german_open_2024-06-21_QF_azarenka_v_rybakina_e
tennis_data_uk,wta,2024,27,German Open,Berlin,2024-06-22,wta_500,True,grass,QF,8,3,Kalinskaya A.,Sabalenka A.,24,3,1986.0,7788.0,0,0,5,1,,,,,,,,,retired,6.0,1.13,6.4,1.15,6.4,1.15,5.71,1.13,2024_27_berlin_german_open,2024_27_berlin_german_open_2024-06-22_QF_kalinskaya_a_sabalenka_a
tennis_data_uk,wta,2024,27,German Open,Berlin,2024-06-22,wta_500,True,grass,QF,8,3,Gauff C.,Jabeur O.,2,10,7988.0,3748.0,1,0,7,6,,,,,,,,,retired,1.53,2.5,1.57,2.58,1.59,2.58,1.54,2.46,2024_27_berlin_german_open,2024_27_berlin_german_open_2024-06-22_QF_gauff_c_jabeur_o
tennis_data_uk,wta,2024,27,German Open,Berlin,2024-06-22,wta_500,True,grass,QF,8,3,Pegula J.,Siniakova K.,5,30,4625.0,1645.0,2,1,7,6,3,6,6,3,,,,,completed,1.8,2.0,1.88,2.04,1.88,2.12,1.78,2.03,2024_27_berlin_german_open,2024_27_berlin_german_open_2024-06-22_QF_pegula_j_siniakova_k
tennis_data_uk,wta,2024,27,German Open,Berlin,2024-06-22,wta_500,True,grass,SF,4,3,Kalinskaya A.,Azarenka V.,24,19,1986.0,2205.0,2,1,6,1,6,7,6,1,,,,,completed,2.38,1.57,2.57,1.56,2.57,1.63,2.4,1.56,2024_27_berlin_german_open,2024_27_berlin_german_open_2024-06-22_SF_kalinskaya_a_azarenka_v
tennis_data_uk,wta,2024,27,German Open,Berlin,2024-06-23,wta_500,True,grass,SF,4,3,Pegula J.,Gauff C.,5,2,4625.0,7988.0,2,0,7,5,7,6,,,,,,,completed,3.0,1.4,3.04,1.43,3.04,1.44,2.9,1.4,2024_27_berlin_german_open,2024_27_berlin_german_open_2024-06-23_SF_pegula_j_gauff_c
tennis_data_uk,wta,2024,27,German Open,Berlin,2024-06-23,wta_500,True,grass,F,2,3,Pegula J.,Kalinskaya A.,5,24,4625.0,1986.0,2,1,6,7,6,4,7,6,,,,,completed,1.44,2.75,1.62,2.43,1.62,3.01,1.46,2.67,2024_27_berlin_german_open,2024_27_berlin_german_open_2024-06-23_F_pegula_j_kalinskaya_a
tennis_data_uk,wta,2024,28,Rothesay Classic ,Birmingham,2024-06-17,wta_250,True,grass,R32,32,3,Bronzetti L.,Frech M.,67,52,983.0,1100.0,2,1,2,6,6,3,6,4,,,,,completed,3.2,1.36,3.12,1.4,3.26,1.42,3.06,1.37,2024_28_birmingham_rothesay_classic,2024_28_birmingham_rothesay_classic_2024-06-17_R32_bronzetti_l_frech_m
tennis_data_uk,wta,2024,28,Rothesay Classic ,Birmingham,2024-06-17,wta_250,True,grass,R32,32,3,Stephens S.,Yuan Y.,48,38,1217.0,1422.0,2,0,6,3,6,3,,,,,,,completed,1.91,1.91,1.86,2.01,1.92,2.01,1.84,1.92,2024_28_birmingham_rothesay_classic,2024_28_birmingham_rothesay_classic_2024-06-17_R32_stephens_s_yuan_y
tennis_data_uk,wta,2024,28,Rothesay Classic ,Birmingham,2024-06-17,wta_250,True,grass,R32,32,3,Cocciaretto E.,Ostapenko J.,44,13,1259.0,3318.0,2,0,6,3,6,3,,,,,,,completed,3.5,1.3,3.76,1.3,3.94,1.33,3.54,1.29,2024_28_birmingham_rothesay_classic,2024_28_birmingham_rothesay_classic_2024-06-17_R32_cocciaretto_e_ostapenko_j
tennis_data_uk,wta,2024,28,Rothesay Classic ,Birmingham,2024-06-17,wta_250,True,grass,R32,32,3,Potapova A.,Avanesyan E.,36,74,1427.0,926.0,2,0,6,4,6,4,,,,,,,completed,1.5,2.63,1.47,2.83,1.5,2.83,1.47,2.65,2024_28_birmingham_rothesay_classic,2024_28_birmingham_rothesay_classic_2024-06-17_R32_potapova_a_avanesyan_e
tennis_data_uk,wta,2024,28,Rothesay Classic ,Birmingham,2024-06-17,wta_250,True,grass,R32,32,3,Zhu L.,Cirstea S.,54,29,1077.0,1704.0,2,0,7,6,6,2,,,,,,,completed,2.75,1.44,2.87,1.46,2.87,1.46,2.75,1.43,2024_28_birmingham_rothesay_classic,2024_28_birmingham_rothesay_classic_2024-06-17_R32_zhu_l_cirstea_s
tennis_data_uk,wta,2024,28,Rothesay Classic ,Birmingham,2024-06-17,wta_250,True,grass,R32,32,3,Tomljanovic A.,Blinkova A.,190,60,393.0,1036.0,2,0,6,2,6,1,,,,,,,completed,1.62,2.3,1.7,2.24,1.78,2.32,1.65,2.2,2024_28_birmingham_rothesay_classic,2024_28_birmingham_rothesay_classic_2024-06-17_R32_tomljanovic_a_blinkova_a
tennis_data_uk,wta,2024,28,Rothesay Classic ,Birmingham,2024-06-17,wta_250,True,grass,R32,32,3,Golubic V.,Osorio M.,78,81,893.0,875.0,2,1,6,4,1,6,6,3,,,,,completed,2.1,1.73,2.09,1.8,2.12,1.8,2.05,1.75,2024_28_birmingham_rothesay_classic,2024_28_birmingham_rothesay_classic_2024-06-17_R32_golubic_v_osorio_m
tennis_data_uk,wta,2024,28,Rothesay Classic ,Birmingham,2024-06-17,wta_250,True,grass,R32,32,3,Fernandez L.A.,Sorribes Tormo S.,33,57,1625.0,1055.0,2,0,6,1,6,1,,,,,,,completed,1.44,2.75,1.38,3.21,1.46,3.21,1.4,2.88,2024_28_birmingham_rothesay_classic,2024_28_birmingham_rothesay_classic_2024-06-17_R32_fernandez_l_a_sorribes_tormo_s
tennis_data_uk,wta,2024,28,Rothesay Classic ,Birmingham,2024-06-18,wta_250,True,grass,R32,32,3,Mertens E.,Wozniacki C.,32,114,1629.0,665.0,2,0,6,4,6,1,,,,,,,completed,1.73,2.1,1.74,2.19,1.74,2.24,1.7,2.12,2024_28_birmingham_rothesay_classic,2024_28_birmingham_rothesay_classic_2024-06-18_R32_mertens_e_wozniacki_c
tennis_data_uk,wta,2024,28,Rothesay Classic ,Birmingham,2024-06-18,wta_250,True,grass,R32,32,3,Krejcikova B.,Saville D.,25,85,1768.0,830.0,2,0,6,1,7,6,,,,,,,completed,1.57,2.38,1.68,2.28,1.68,2.4,1.62,2.25,2024_28_birmingham_rothesay_classic,2024_28_birmingham_rothesay_classic_2024-06-18_R32_krejcikova_b_saville_d
tennis_data_uk,wta,2024,28,Rothesay Classic ,Birmingham,2024-06-18,wta_250,True,grass,R32,32,3,Bouzkova M.,Watson H.,37,198,1425.0,378.0,2,1,3,6,6,4,7,5,,,,,completed,1.44,2.75,1.46,2.86,1.5,2.95,1.43,2.74,2024_28_birmingham_rothesay_classic,2024_28_birmingham_rothesay_classic_2024-06-18_R32_bouzkova_m_watson_h
tennis_data_uk,wta,2024,28,Rothesay Classic ,Birmingham,2024-06-18,wta_250,True,grass,R32,32,3,Dart H.,Uchijima M.,101,72,716.0,935.0,2,0,6,3,6,3,,,,,,,completed,1.62,2.3,1.57,2.51,1.71,2.52,1.59,2.32,2024_28_birmingham_rothesay_classic,2024_28_birmingham_rothesay_classic_2024-06-18_R32_dart_h_uchijima_m
tennis_data_uk,wta,2024,28,Rothesay Classic ,Birmingham,2024-06-18,wta_250,True,grass,R32,32,3,Shnaider D.,Rajecki A.,49,884,1176.0,26.0,2,0,7,5,6,3,,,,,,,completed,1.29,3.75,1.33,3.53,1.33,3.75,1.3,3.48,2024_28_birmingham_rothesay_classic,2024_28_birmingham_rothesay_classic_2024-06-18_R32_shnaider_d_rajecki_a
tennis_data_uk,wta,2024,28,Rothesay Classic ,Birmingham,2024-06-18,wta_250,True,grass,R32,32,3,Dolehide C.,Pliskova Ka.,61,42,1035.0,1309.0,2,1,2,6,6,3,7,6,,,,,completed,4.33,1.22,4.65,1.22,4.81,1.25,4.24,1.21,2024_28_birmingham_rothesay_classic,2024_28_birmingham_rothesay_classic_2024-06-18_R32_dolehide_c_pliskova_ka
tennis_data_uk,wta,2024,28,Rothesay Classic ,Birmingham,2024-06-18,wta_250,True,grass,R32,32,3,Putintseva Y.,Burel C.,41,43,1333.0,1288.0,2,0,6,3,6,4,,,,,,,completed,1.62,2.3,1.59,2.47,1.63,2.52,1.56,2.38,2024_28_birmingham_rothesay_classic,2024_28_birmingham_rothesay_classic_2024-06-18_R32_putintseva_y_burel_c
tennis_data_uk,wta,2024,28,Rothesay Classic ,Birmingham,2024-06-18,wta_250,True,grass,R32,32,3,Kalinina A.,Boulter K.,47,31,1221.0,1641.0,1,0,6,3,,,,,,,,,retired,3.0,1.4,2.97,1.43,3.0,1.49,2.83,1.42,2024_28_birmingham_rothesay_classic,2024_28_birmingham_rothesay_classic_2024-06-18_R32_kalinina_a_boulter_k
tennis_data_uk,wta,2024,28,Rothesay Classic ,Birmingham,2024-06-19,wta_250,True,grass,R16,16,3,Tomljanovic A.,Zhu L.,190,54,393.0,1077.0,2,1,6,7,6,1,6,4,,,,,completed,1.5,2.63,1.51,2.75,1.55,2.77,1.48,2.62,2024_28_birmingham_rothesay_classic,2024_28_birmingham_rothesay_classic_2024-06-19_R16_tomljanovic_a_zhu_l
tennis_data_uk,wta,2024,28,Rothesay Classic ,Birmingham,2024-06-19,wta_250,True,grass,R16,16,3,Cocciaretto E.,Stephens S.,44,48,1259.0,1217.0,2,0,6,4,6,2,,,,,,,completed,1.91,1.91,2.02,1.87,2.02,2.0,1.9,1.87,2024_28_birmingham_rothesay_classic,2024_28_birmingham_rothesay_classic_2024-06-19_R16_cocciaretto_e_stephens_s
tennis_data_uk,wta,2024,28,Rothesay Classic ,Birmingham,2024-06-19,wta_250,True,grass,R16,16,3,Fernandez L.A.,Golubic V.,33,78,1625.0,893.0,2,1,4,6,7,5,6,3,,,,,completed,1.36,3.2,1.35,3.46,1.37,3.46,1.34,3.2,2024_28_birmingham_rothesay_classic,2024_28_birmingham_rothesay_classic_2024-06-19_R16_fernandez_l_a_golubic_v
tennis_data_uk,wta,2024,28,Rothesay Classic ,Birmingham,2024-06-19,wta_250,True,grass,R16,16,3,Potapova A.,Bronzetti L.,36,67,1427.0,983.0,2,0,6,3,7,5,,,,,,,completed,1.29,3.75,1.34,3.55,1.34,3.75,1.3,3.43,2024_28_birmingham_rothesay_classic,2024_28_birmingham_rothesay_classic_2024-06-19_R16_potapova_a_bronzetti_l
tennis_data_uk,wta,2024,28,Rothesay Classic ,Birmingham,2024-06-20,wta_250,True,grass,R16,16,3,Putintseva Y.,Kalinina A.,41,47,1333.0,1221.0,2,0,6,3,6,0,,,,,,,completed,1.73,2.1,1.69,2.29,1.74,2.31,1.67,2.18,2024_28_birmingham_rothesay_classic,2024_28_birmingham_rothesay_classic_2024-06-20_R16_putintseva_y_kalinina_a
tennis_data_uk,wta,2024,28,Rothesay Classic ,Birmingham,2024-06-20,wta_250,True,grass,R16,16,3,Shnaider D.,Bouzkova M.,49,37,1176.0,1425.0,2,0,7,6,6,3,,,,,,,completed,2.38,1.57,2.57,1.56,2.57,1.57,2.48,1.52,2024_28_birmingham_rothesay_classic,2024_28_birmingham_rothesay_classic_2024-06-20_R16_shnaider_d_bouzkova_m
tennis_data_uk,wta,2024,28,Rothesay Classic ,Birmingham,2024-06-20,wta_250,True,grass,R16,16,3,Krejcikova B.,Dart H.,25,101,1768.0,716.0,2,0,6,3,6,4,,,,,,,completed,1.62,2.3,1.63,2.41,1.67,2.41,1.62,2.26,2024_28_birmingham_rothesay_classic,2024_28_birmingham_rothesay_classic_2024-06-20_R16_krejcikova_b_dart_h
tennis_data_uk,wta,2024,28,Rothesay Classic ,Birmingham,2024-06-20,wta_250,True,grass,R16,16,3,Dolehide C.,Mertens E.,61,32,1035.0,1629.0,1,0,6,3,3,0,,,,,,,retired,3.75,1.29,3.94,1.29,4.0,1.32,3.67,1.27,2024_28_birmingham_rothesay_classic,2024_28_birmingham_rothesay_classic_2024-06-20_R16_dolehide_c_mertens_e
tennis_data_uk,wta,2024,28,Rothesay Classic ,Birmingham,2024-06-21,wta_250,True,grass,QF,8,3,Cocciaretto E.,Shnaider D.,44,49,1259.0,1176.0,2,1,5,7,6,4,6,2,,,,,completed,1.62,2.3,1.63,2.43,1.64,2.43,1.59,2.32,2024_28_birmingham_rothesay_classic,2024_28_birmingham_rothesay_classic_2024-06-21_QF_cocciaretto_e_shnaider_d
tennis_data_uk,wta,2024,28,Rothesay Classic ,Birmingham,2024-06-21,wta_250,True,grass,QF,8,3,Potapova A.,Krejcikova B.,36,25,1427.0,1768.0,2,0,6,1,6,4,,,,,,,completed,1.73,2.1,1.9,2.01,1.9,2.12,1.8,2.0,2024_28_birmingham_rothesay_classic,2024_28_birmingham_rothesay_classic_2024-06-21_QF_potapova_a_krejcikova_b
tennis_data_uk,wta,2024,28,Rothesay Classic ,Birmingham,2024-06-21,wta_250,True,grass,QF,8,3,Putintseva Y.,Dolehide C.,41,61,1333.0,1035.0,2,1,6,3,6,7,6,1,,,,,completed,1.33,3.4,1.37,3.42,1.37,3.5,1.33,3.31,2024_28_birmingham_rothesay_classic,2024_28_birmingham_rothesay_classic_2024-06-21_QF_putintseva_y_dolehide_c
tennis_data_uk,wta,2024,28,Rothesay Classic ,Birmingham,2024-06-21,wta_250,True,grass,QF,8,3,Tomljanovic A.,Fernandez L.A.,190,33,393.0,1625.0,2,1,1,6,6,3,6,2,,,,,completed,2.3,1.62,2.45,1.62,2.68,1.63,2.38,1.57,2024_28_birmingham_rothesay_classic,2024_28_birmingham_rothesay_classic_2024-06-21_QF_tomljanovic_a_fernandez_l_a
tennis_data_uk,wta,2024,28,Rothesay Classic ,Birmingham,2024-06-22,wta_250,True,grass,SF,4,3,Putintseva Y.,Cocciaretto E.,41,44,1333.0,1259.0,2,0,6,2,6,2,,,,,,,completed,1.8,2.0,1.77,2.18,1.82,2.18,1.76,2.05,2024_28_birmingham_rothesay_classic,2024_28_birmingham_rothesay_classic_2024-06-22_SF_putintseva_y_cocciaretto_e
tennis_data_uk,wta,2024,28,Rothesay Classic ,Birmingham,2024-06-22,wta_250,True,grass,SF,4,3,Tomljanovic A.,Potapova A.,190,36,393.0,1427.0,2,0,7,6,6,4,,,,,,,completed,2.63,1.5,2.68,1.54,2.68,1.54,2.57,1.5,2024_28_birmingham_rothesay_classic,2024_28_birmingham_rothesay_classic_2024-06-22_SF_tomljanovic_a_potapova_a
tennis_data_uk,wta,2024,28,Rothesay Classic ,Birmingham,2024-06-23,wta_250,True,grass,F,2,3,Putintseva Y.,Tomljanovic A.,41,190,1333.0,393.0,2,0,6,1,7,6,,,,,,,completed,1.57,2.38,1.59,2.53,1.62,2.53,1.56,2.39,2024_28_birmingham_rothesay_classic,2024_28_birmingham_rothesay_classic_2024-06-23_F_putintseva_y_tomljanovic_a
tennis_data_uk,wta,2024,29,Bad Homburg Open,Bad Homburg,2024-06-23,wta_250,True,grass,R32,32,3,Alexandrova E.,Podoroska N.,22,65,2053.0,983.0,2,0,6,3,6,0,,,,,,,completed,1.17,5.0,1.19,5.28,1.19,5.28,1.17,4.91,2024_29_bad_homburg_bad_homburg_open,2024_29_bad_homburg_bad_homburg_open_2024-06-23_R32_alexandrova_e_podoroska_n
tennis_data_uk,wta,2024,29,Bad Homburg Open,Bad Homburg,2024-06-23,wta_250,True,grass,R32,32,3,Yastremska D.,Andreeva M.,28,24,1710.0,2017.0,2,1,4,6,6,4,6,3,,,,,completed,3.75,1.29,3.69,1.31,3.81,1.31,3.57,1.28,2024_29_bad_homburg_bad_homburg_open,2024_29_bad_homburg_bad_homburg_open_2024-06-23_R32_yastremska_d_andreeva_m
tennis_data_uk,wta,2024,29,Bad Homburg Open,Bad Homburg,2024-06-23,wta_250,True,grass,R32,32,3,Badosa P.,Rus A.,113,55,662.0,1054.0,2,0,6,4,6,1,,,,,,,completed,1.3,3.5,1.28,3.92,1.33,3.92,1.28,3.62,2024_29_bad_homburg_bad_homburg_open,2024_29_bad_homburg_bad_homburg_open_2024-06-23_R32_badosa_p_rus_a
tennis_data_uk,wta,2024,29,Bad Homburg Open,Bad Homburg,2024-06-23,wta_250,True,grass,R32,32,3,Tomova V.,Maria T.,58,61,1035.0,994.0,2,0,6,1,6,3,,,,,,,completed,2.1,1.73,2.06,1.83,2.12,1.83,2.05,1.75,2024_29_bad_homburg_bad_homburg_open,2024_29_bad_homburg_bad_homburg_open_2024-06-23_R32_tomova_v_maria_t
tennis_data_uk,wta,2024,29,Bad Homburg Open,Bad Homburg,2024-06-23,wta_250,True,grass,R32,32,3,Vekic D.,Bronzetti L.,49,64,1173.0,983.0,2,0,6,3,6,4,,,,,,,completed,1.53,2.5,1.56,2.54,1.56,3.33,1.45,2.73,2024_29_bad_homburg_bad_homburg_open,2024_29_bad_homburg_bad_homburg_open_2024-06-23_R32_vekic_d_bronzetti_l
tennis_data_uk,wta,2024,29,Bad Homburg Open,Bad Homburg,2024-06-23,wta_250,True,grass,R32,32,3,Navarro E.,Cristian J.,19,62,2238.0,986.0,2,0,6,3,6,1,,,,,,,completed,1.22,4.33,1.23,4.55,1.25,4.98,1.21,4.27,2024_29_bad_homburg_bad_homburg_open,2024_29_bad_homburg_bad_homburg_open_2024-06-23_R32_navarro_e_cristian_j
tennis_data_uk,wta,2024,29,Bad Homburg Open,Bad Homburg,2024-06-24,wta_250,True,grass,R32,32,3,Niemeier J.,Sakkari M.,96,9,741.0,3805.0,2,1,2,6,6,2,7,6,,,,,completed,3.75,1.29,,,3.75,1.29,3.75,1.29,2024_29_bad_homburg_bad_homburg_open,2024_29_bad_homburg_bad_homburg_open_2024-06-24_R32_niemeier_j_sakkari_m
tennis_data_uk,wta,2024,29,Bad Homburg Open,Bad Homburg,2024-06-24,wta_250,True,grass,R32,32,3,Samsonova L.,Sorribes Tormo S.,15,54,2830.0,1055.0,2,0,6,3,6,1,,,,,,,completed,1.14,5.5,1.17,5.62,1.22,5.62,1.16,5.03,2024_29_bad_homburg_bad_homburg_open,2024_29_bad_homburg_bad_homburg_open_2024-06-24_R32_samsonova_l_sorribes_tormo_s
tennis_data_uk,wta,2024,29,Bad Homburg Open,Bad Homburg,2024-06-24,wta_250,True,grass,R32,32,3,Noskova L.,Townsend T.,26,79,1745.0,864.0,2,0,7,5,6,1,,,,,,,completed,1.33,3.4,1.35,3.42,1.36,3.5,1.32,3.28,2024_29_bad_homburg_bad_homburg_open,2024_29_bad_homburg_bad_homburg_open_2024-06-24_R32_noskova_l_townsend_t
tennis_data_uk,wta,2024,29,Bad Homburg Open,Bad Homburg,2024-06-24,wta_250,True,grass,R32,32,3,Siniakova K.,Burel C.,27,43,1718.0,1288.0,2,1,6,3,6,7,6,1,,,,,completed,1.25,4.0,1.28,3.94,1.3,4.04,1.26,3.77,2024_29_bad_homburg_bad_homburg_open,2024_29_bad_homburg_bad_homburg_open_2024-06-24_R32_siniakova_k_burel_c
tennis_data_uk,wta,2024,29,Bad Homburg Open,Bad Homburg,2024-06-24,wta_250,True,grass,R32,32,3,Haddad Maia B.,Korpatsch T.,20,75,2213.0,895.0,2,0,6,1,7,6,,,,,,,completed,1.1,7.0,1.12,7.42,1.12,8.48,1.1,6.79,2024_29_bad_homburg_bad_homburg_open,2024_29_bad_homburg_bad_homburg_open_2024-06-24_R32_haddad_maia_b_korpatsch_t
tennis_data_uk,wta,2024,29,Bad Homburg Open,Bad Homburg,2024-06-24,wta_250,True,grass,R32,32,3,Blinkova A.,Andreescu B.,66,165,982.0,455.0,2,0,6,4,6,2,,,,,,,completed,3.5,1.3,3.86,1.29,4.0,1.3,3.68,1.27,2024_29_bad_homburg_bad_homburg_open,2024_29_bad_homburg_bad_homburg_open_2024-06-24_R32_blinkova_a_andreescu_b
tennis_data_uk,wta,2024,29,Bad Homburg Open,Bad Homburg,2024-06-24,wta_250,True,grass,R32,32,3,Shnaider D.,Kerber A.,47,221,1210.0,333.0,2,0,7,5,6,3,,,,,,,completed,2.63,1.5,2.53,1.57,2.63,1.57,2.47,1.52,2024_29_bad_homburg_bad_homburg_open,2024_29_bad_homburg_bad_homburg_open_2024-06-24_R32_shnaider_d_kerber_a
tennis_data_uk,wta,2024,29,Bad Homburg Open,Bad Homburg,2024-06-25,wta_250,True,grass,R32,32,3,Stearns P.,Stusek J.,59,913,1023.0,24.0,2,0,6,2,7,5,,,,,,,completed,,,,,,,,,2024_29_bad_homburg_bad_homburg_open,2024_29_bad_homburg_bad_homburg_open_2024-06-25_R32_stearns_p_stusek_j
tennis_data_uk,wta,2024,29,Bad Homburg Open,Bad Homburg,2024-06-25,wta_250,True,grass,R32,32,3,Kudermetova V.,Parry D.,36,53,1488.0,1077.0,2,1,3,6,7,5,6,1,,,,,completed,1.5,2.63,1.52,2.68,1.56,2.75,1.49,2.57,2024_29_bad_homburg_bad_homburg_open,2024_29_bad_homburg_bad_homburg_open_2024-06-25_R32_kudermetova_v_parry_d
tennis_data_uk,wta,2024,29,Bad Homburg Open,Bad Homburg,2024-06-25,wta_250,True,grass,R32,32,3,Wozniacki C.,Svitolina E.,112,21,666.0,2099.0,2,1,6,3,6,7,7,5,,,,,completed,2.63,1.5,2.75,1.49,2.75,1.53,2.57,1.5,2024_29_bad_homburg_bad_homburg_open,2024_29_bad_homburg_bad_homburg_open_2024-06-25_R32_wozniacki_c_svitolina_e
tennis_data_uk,wta,2024,29,Bad Homburg Open,Bad Homburg,2024-06-25,wta_250,True,grass,R16,16,3,Tomova V.,Noskova L.,58,26,1035.0,1745.0,2,0,6,4,6,2,,,,,,,completed,2.75,1.44,2.69,1.52,2.78,1.53,2.63,1.47,2024_29_bad_homburg_bad_homburg_open,2024_29_bad_homburg_bad_homburg_open_2024-06-25_R16_tomova_v_noskova_l
tennis_data_uk,wta,2024,29,Bad Homburg Open,Bad Homburg,2024-06-25,wta_250,True,grass,R16,16,3,Vekic D.,Alexandrova E.,49,22,1173.0,2053.0,2,1,6,4,3,6,6,3,,,,,completed,2.2,1.67,2.25,1.71,2.25,1.71,2.18,1.66,2024_29_bad_homburg_bad_homburg_open,2024_29_bad_homburg_bad_homburg_open_2024-06-25_R16_vekic_d_alexandrova_e
tennis_data_uk,wta,2024,29,Bad Homburg Open,Bad Homburg,2024-06-25,wta_250,True,grass,R16,16,3,Badosa P.,Niemeier J.,113,96,662.0,741.0,2,1,4,6,6,2,6,1,,,,,completed,1.53,2.5,1.53,2.65,1.54,2.65,1.52,2.48,2024_29_bad_homburg_bad_homburg_open,2024_29_bad_homburg_bad_homburg_open_2024-06-25_R16_badosa_p_niemeier_j
tennis_data_uk,wta,2024,29,Bad Homburg Open,Bad Homburg,2024-06-26,wta_250,True,grass,R16,16,3,Shnaider D.,Yastremska D.,47,28,1210.0,1710.0,2,0,6,2,6,2,,,,,,,completed,1.8,2.0,1.81,2.11,1.81,2.11,1.78,2.01,2024_29_bad_homburg_bad_homburg_open,2024_29_bad_homburg_bad_homburg_open_2024-06-26_R16_shnaider_d_yastremska_d
tennis_data_uk,wta,2024,29,Bad Homburg Open,Bad Homburg,2024-06-26,wta_250,True,grass,R16,16,3,Siniakova K.,Samsonova L.,27,15,1718.0,2830.0,2,1,6,3,6,7,6,3,,,,,completed,2.0,1.8,2.13,1.79,2.2,1.86,2.05,1.77,2024_29_bad_homburg_bad_homburg_open,2024_29_bad_homburg_bad_homburg_open_2024-06-26_R16_siniakova_k_samsonova_l
tennis_data_uk,wta,2024,29,Bad Homburg Open,Bad Homburg,2024-06-26,wta_250,True,grass,R16,16,3,Navarro E.,Stearns P.,19,59,2238.0,1023.0,2,0,6,4,6,1,,,,,,,completed,1.3,3.5,1.35,3.44,1.35,3.6,1.3,3.43,2024_29_bad_homburg_bad_homburg_open,2024_29_bad_homburg_bad_homburg_open_2024-06-26_R16_navarro_e_stearns_p
tennis_data_uk,wta,2024,29,Bad Homburg Open,Bad Homburg,2024-06-26,wta_250,True,grass,R16,16,3,Wozniacki C.,Kudermetova V.,112,36,666.0,1488.0,2,0,6,2,6,4,,,,,,,completed,2.1,1.73,2.71,1.52,2.71,1.74,2.21,1.65,2024_29_bad_homburg_bad_homburg_open,2024_29_bad_homburg_bad_homburg_open_2024-06-26_R16_wozniacki_c_kudermetova_v
tennis_data_uk,wta,2024,29,Bad Homburg Open,Bad Homburg,2024-06-27,wta_250,True,grass,R16,16,3,Blinkova A.,Haddad Maia B.,66,20,982.0,2213.0,2,0,6,3,7,5,,,,,,,completed,2.75,1.44,2.93,1.45,3.0,1.47,2.78,1.43,2024_29_bad_homburg_bad_homburg_open,2024_29_bad_homburg_bad_homburg_open_2024-06-27_R16_blinkova_a_haddad_maia_b
tennis_data_uk,wta,2024,29,Bad Homburg Open,Bad Homburg,2024-06-27,wta_250,True,grass,QF,8,3,Shnaider D.,Badosa P.,47,113,1210.0,662.0,2,0,6,3,7,6,,,,,,,completed,2.63,1.5,2.85,1.49,2.87,1.54,2.63,1.48,2024_29_bad_homburg_bad_homburg_open,2024_29_bad_homburg_bad_homburg_open_2024-06-27_QF_shnaider_d_badosa_p
tennis_data_uk,wta,2024,29,Bad Homburg Open,Bad Homburg,2024-06-27,wta_250,True,grass,QF,8,3,Vekic D.,Siniakova K.,49,27,1173.0,1718.0,,,,,,,,,,,,,walkover,2.2,1.67,2.2,1.75,2.32,1.75,2.17,1.65,2024_29_bad_homburg_bad_homburg_open,2024_29_bad_homburg_bad_homburg_open_2024-06-27_QF_vekic_d_siniakova_k
tennis_data_uk,wta,2024,29,Bad Homburg Open,Bad Homburg,2024-06-27,wta_250,True,grass,QF,8,3,Navarro E.,Wozniacki C.,19,112,2238.0,666.0,1,1,4,6,6,1,1,0,,,,,retired,1.53,2.5,1.56,2.61,1.61,2.61,1.53,2.47,2024_29_bad_homburg_bad_homburg_open,2024_29_bad_homburg_bad_homburg_open_2024-06-27_QF_navarro_e_wozniacki_c
tennis_data_uk,wta,2024,29,Bad Homburg Open,Bad Homburg,2024-06-27,wta_250,True,grass,QF,8,3,Tomova V.,Blinkova A.,58,66,1035.0,982.0,2,1,2,6,6,1,7,6,,,,,completed,1.8,2.0,1.93,1.96,1.93,2.1,1.79,2.0,2024_29_bad_homburg_bad_homburg_open,2024_29_bad_homburg_bad_homburg_open_2024-06-27_QF_tomova_v_blinkova_a
tennis_data_uk,wta,2024,29,Bad Homburg Open,Bad Homburg,2024-06-28,wta_250,True,grass,SF,4,3,Shnaider D.,Navarro E.,47,19,1210.0,2238.0,2,1,7,5,2,6,6,3,,,,,completed,2.3,1.62,2.76,1.51,2.76,1.68,2.41,1.56,2024_29_bad_homburg_bad_homburg_open,2024_29_bad_homburg_bad_homburg_open_2024-06-28_SF_shnaider_d_navarro_e
tennis_data_uk,wta,2024,29,Bad Homburg Open,Bad Homburg,2024-06-28,wta_250,True,grass,SF,4,3,Vekic D.,Tomova V.,49,58,1173.0,1035.0,2,0,6,0,7,6,,,,,,,completed,1.36,3.2,1.43,3.07,1.45,3.2,1.4,2.92,2024_29_bad_homburg_bad_homburg_open,2024_29_bad_homburg_bad_homburg_open_2024-06-28_SF_vekic_d_tomova_v
tennis_data_uk,wta,2024,29,Bad Homburg Open,Bad Homburg,2024-06-29,wta_250,True,grass,F,2,3,Shnaider D.,Vekic D.,47,49,1210.0,1173.0,2,1,6,3,2,6,6,3,,,,,completed,2.2,1.67,2.42,1.64,2.42,1.7,2.22,1.65,2024_29_bad_homburg_bad_homburg_open,2024_29_bad_homburg_bad_homburg_open_2024-06-29_F_shnaider_d_vekic_d
tennis_data_uk,wta,2024,30,Rothesay International,Eastbourne,2024-06-24,wta_500,True,grass,R32,32,3,Kalinina A.,Cirstea S.,44,29,1221.0,1675.0,2,0,6,3,6,2,,,,,,,completed,1.73,2.1,1.83,2.05,1.83,2.1,1.79,2.0,2024_30_eastbourne_rothesay_international,2024_30_eastbourne_rothesay_international_2024-06-24_R32_kalinina_a_cirstea_s
tennis_data_uk,wta,2024,30,Rothesay International,Eastbourne,2024-06-24,wta_500,True,grass,R32,32,3,Linette M.,Pavlyuchenkova A.,46,25,1216.0,1756.0,2,1,1,6,7,6,6,4,,,,,completed,2.1,1.73,2.09,1.8,2.12,1.8,2.05,1.75,2024_30_eastbourne_rothesay_international,2024_30_eastbourne_rothesay_international_2024-06-24_R32_linette_m_pavlyuchenkova_a
tennis_data_uk,wta,2024,30,Rothesay International,Eastbourne,2024-06-24,wta_500,True,grass,R32,32,3,Dart H.,Bouzkova M.,105,37,686.0,1445.0,2,1,7,5,6,7,6,4,,,,,completed,2.63,1.5,2.73,1.5,2.75,1.51,2.6,1.48,2024_30_eastbourne_rothesay_international,2024_30_eastbourne_rothesay_international_2024-06-24_R32_dart_h_bouzkova_m
tennis_data_uk,wta,2024,30,Rothesay International,Eastbourne,2024-06-24,wta_500,True,grass,R32,32,3,Ostapenko J.,Minnen G.,13,85,3098.0,824.0,2,0,7,6,6,1,,,,,,,completed,1.36,3.2,1.35,3.39,1.42,3.39,1.37,3.04,2024_30_eastbourne_rothesay_international,2024_30_eastbourne_rothesay_international_2024-06-24_R32_ostapenko_j_minnen_g
tennis_data_uk,wta,2024,30,Rothesay International,Eastbourne,2024-06-24,wta_500,True,grass,R32,32,3,Yuan Y.,Potapova A.,38,39,1422.0,1415.0,1,0,6,3,6,6,,,,,,,retired,2.75,1.44,2.92,1.45,2.98,1.5,2.79,1.42,2024_30_eastbourne_rothesay_international,2024_30_eastbourne_rothesay_international_2024-06-24_R32_yuan_y_potapova_a
tennis_data_uk,wta,2024,30,Rothesay International,Eastbourne,2024-06-24,wta_500,True,grass,R32,32,3,Fernandez L.A.,Krejcikova B.,30,31,1649.0,1642.0,2,1,6,2,3,6,6,2,,,,,completed,1.73,2.1,1.75,2.16,1.78,2.16,1.72,2.09,2024_30_eastbourne_rothesay_international,2024_30_eastbourne_rothesay_international_2024-06-24_R32_fernandez_l_a_krejcikova_b
tennis_data_uk,wta,2024,30,Rothesay International,Eastbourne,2024-06-25,wta_500,True,grass,R32,32,3,Krueger A.,Golubic V.,87,69,804.0,940.0,2,1,6,1,6,7,7,5,,,,,completed,2.0,1.8,1.96,1.91,2.13,1.91,2.04,1.75,2024_30_eastbourne_rothesay_international,2024_30_eastbourne_rothesay_international_2024-06-25_R32_krueger_a_golubic_v
tennis_data_uk,wta,2024,30,Rothesay International,Eastbourne,2024-06-25,wta_500,True,grass,R32,32,3,Mertens E.,Miyazaki Y.,33,148,1629.0,512.0,2,0,6,1,6,2,,,,,,,completed,1.25,4.0,1.24,4.45,1.26,4.45,1.22,4.13,2024_30_eastbourne_rothesay_international,2024_30_eastbourne_rothesay_international_2024-06-25_R32_mertens_e_miyazaki_y
tennis_data_uk,wta,2024,30,Rothesay International,Eastbourne,2024-06-25,wta_500,True,grass,R32,32,3,Raducanu E.,Stephens S.,168,45,451.0,1217.0,2,0,6,4,6,0,,,,,,,completed,1.44,2.75,1.42,3.03,1.46,3.11,1.4,2.87,2024_30_eastbourne_rothesay_international,2024_30_eastbourne_rothesay_international_2024-06-25_R32_raducanu_e_stephens_s
tennis_data_uk,wta,2024,30,Rothesay International,Eastbourne,2024-06-25,wta_500,True,grass,R32,32,3,Muchova K.,Avanesyan E.,35,81,1510.0,831.0,0,0,3,1,,,,,,,,,retired,1.91,1.91,2.0,1.87,2.0,1.95,1.93,1.84,2024_30_eastbourne_rothesay_international,2024_30_eastbourne_rothesay_international_2024-06-25_R32_muchova_k_avanesyan_e
tennis_data_uk,wta,2024,30,Rothesay International,Eastbourne,2024-06-25,wta_500,True,grass,R32,32,3,Boulter K.,Martic P.,32,74,1641.0,911.0,2,0,6,1,7,6,,,,,,,completed,1.44,2.75,1.35,3.4,1.46,3.4,1.4,2.9,2024_30_eastbourne_rothesay_international,2024_30_eastbourne_rothesay_international_2024-06-25_R32_boulter_k_martic_p
tennis_data_uk,wta,2024,30,Rothesay International,Eastbourne,2024-06-25,wta_500,True,grass,R32,32,3,Kasatkina D.,Wang Xin.,14,40,3088.0,1411.0,2,0,6,4,6,2,,,,,,,completed,1.67,2.2,1.79,2.1,1.79,2.22,1.7,2.12,2024_30_eastbourne_rothesay_international,2024_30_eastbourne_rothesay_international_2024-06-25_R32_kasatkina_d_wang_xin
tennis_data_uk,wta,2024,30,Rothesay International,Eastbourne,2024-06-26,wta_500,True,grass,R16,16,3,Keys M.,Kalinina A.,12,44,3343.0,1221.0,2,0,7,6,6,1,,,,,,,completed,1.29,3.75,1.29,3.9,1.33,3.9,1.29,3.55,2024_30_eastbourne_rothesay_international,2024_30_eastbourne_rothesay_international_2024-06-26_R16_keys_m_kalinina_a
tennis_data_uk,wta,2024,30,Rothesay International,Eastbourne,2024-06-26,wta_500,True,grass,R16,16,3,Muchova K.,Linette M.,35,46,1510.0,1216.0,2,0,6,4,6,1,,,,,,,completed,1.67,2.2,1.72,2.23,1.74,2.23,1.68,2.15,2024_30_eastbourne_rothesay_international,2024_30_eastbourne_rothesay_international_2024-06-26_R16_muchova_k_linette_m
tennis_data_uk,wta,2024,30,Rothesay International,Eastbourne,2024-06-26,wta_500,True,grass,R16,16,3,Boulter K.,Ostapenko J.,32,13,1641.0,3098.0,2,0,6,4,7,5,,,,,,,completed,2.0,1.8,2.03,1.86,2.03,1.91,1.97,1.81,2024_30_eastbourne_rothesay_international,2024_30_eastbourne_rothesay_international_2024-06-26_R16_boulter_k_ostapenko_j
tennis_data_uk,wta,2024,30,Rothesay International,Eastbourne,2024-06-26,wta_500,True,grass,R16,16,3,Fernandez L.A.,Krueger A.,30,87,1649.0,804.0,2,0,6,2,6,1,,,,,,,completed,1.5,2.63,1.51,2.74,1.55,2.75,1.47,2.64,2024_30_eastbourne_rothesay_international,2024_30_eastbourne_rothesay_international_2024-06-26_R16_fernandez_l_a_krueger_a
tennis_data_uk,wta,2024,30,Rothesay International,Eastbourne,2024-06-26,wta_500,True,grass,R16,16,3,Dart H.,Kenin S.,105,48,686.0,1208.0,2,1,6,3,6,7,6,0,,,,,completed,2.0,1.8,2.0,1.89,2.1,1.89,1.97,1.81,2024_30_eastbourne_rothesay_international,2024_30_eastbourne_rothesay_international_2024-06-26_R16_dart_h_kenin_s
tennis_data_uk,wta,2024,30,Rothesay International,Eastbourne,2024-06-26,wta_500,True,grass,R16,16,3,Raducanu E.,Pegula J.,168,5,451.0,5025.0,2,1,4,6,7,6,7,5,,,,,completed,2.0,1.8,2.08,1.82,2.1,1.82,2.01,1.78,2024_30_eastbourne_rothesay_international,2024_30_eastbourne_rothesay_international_2024-06-26_R16_raducanu_e_pegula_j
tennis_data_uk,wta,2024,30,Rothesay International,Eastbourne,2024-06-26,wta_500,True,grass,R16,16,3,Kasatkina D.,Yuan Y.,14,38,3088.0,1422.0,2,1,3,6,6,4,6,0,,,,,completed,1.4,3.0,1.42,3.1,1.44,3.1,1.4,2.92,2024_30_eastbourne_rothesay_international,2024_30_eastbourne_rothesay_international_2024-06-26_R16_kasatkina_d_yuan_y
tennis_data_uk,wta,2024,30,Rothesay International,Eastbourne,2024-06-26,wta_500,True,grass,R16,16,3,Paolini J.,Mertens E.,7,33,4068.0,1629.0,0,0,5,2,,,,,,,,,retired,2.1,1.73,2.17,1.76,2.2,1.81,2.12,1.7,2024_30_eastbourne_rothesay_international,2024_30_eastbourne_rothesay_international_2024-06-26_R16_paolini_j_mertens_e
tennis_data_uk,wta,2024,30,Rothesay International,Eastbourne,2024-06-27,wta_500,True,grass,QF,8,3,Fernandez L.A.,Dart H.,30,105,1649.0,686.0,2,0,6,2,6,1,,,,,,,completed,1.3,3.5,1.33,3.64,1.34,3.64,1.31,3.41,2024_30_eastbourne_rothesay_international,2024_30_eastbourne_rothesay_international_2024-06-27_QF_fernandez_l_a_dart_h
tennis_data_uk,wta,2024,30,Rothesay International,Eastbourne,2024-06-27,wta_500,True,grass,QF,8,3,Paolini J.,Boulter K.,7,32,4068.0,1641.0,2,0,6,1,7,6,,,,,,,completed,2.75,1.44,2.71,1.53,2.75,1.55,2.58,1.49,2024_30_eastbourne_rothesay_international,2024_30_eastbourne_rothesay_international_2024-06-27_QF_paolini_j_boulter_k
tennis_data_uk,wta,2024,30,Rothesay International,Eastbourne,2024-06-27,wta_500,True,grass,QF,8,3,Kasatkina D.,Raducanu E.,14,168,3088.0,451.0,2,0,6,2,6,2,,,,,,,completed,2.38,1.57,2.41,1.64,2.41,1.68,2.32,1.59,2024_30_eastbourne_rothesay_international,2024_30_eastbourne_rothesay_international_2024-06-27_QF_kasatkina_d_raducanu_e
tennis_data_uk,wta,2024,30,Rothesay International,Eastbourne,2024-06-27,wta_500,True,grass,QF,8,3,Keys M.,Muchova K.,12,35,3343.0,1510.0,,,,,,,,,,,,,walkover,1.44,2.75,1.52,2.74,1.52,3.0,1.45,2.72,2024_30_eastbourne_rothesay_international,2024_30_eastbourne_rothesay_international_2024-06-27_QF_keys_m_muchova_k
tennis_data_uk,wta,2024,30,Rothesay International,Eastbourne,2024-06-28,wta_500,True,grass,SF,4,3,Fernandez L.A.,Keys M.,30,12,1649.0,3343.0,2,1,6,3,3,6,6,3,,,,,completed,2.75,1.44,2.9,1.47,2.9,1.55,2.68,1.46,2024_30_eastbourne_rothesay_international,2024_30_eastbourne_rothesay_international_2024-06-28_SF_fernandez_l_a_keys_m
tennis_data_uk,wta,2024,30,Rothesay International,Eastbourne,2024-06-28,wta_500,True,grass,SF,4,3,Kasatkina D.,Paolini J.,14,7,3088.0,4068.0,2,1,3,6,7,5,6,3,,,,,completed,1.73,2.1,1.73,2.24,1.8,2.24,1.7,2.12,2024_30_eastbourne_rothesay_international,2024_30_eastbourne_rothesay_international_2024-06-28_SF_kasatkina_d_paolini_j
tennis_data_uk,wta,2024,30,Rothesay International,Eastbourne,2024-06-29,wta_500,True,grass,F,2,3,Kasatkina D.,Fernandez L.A.,14,30,3088.0,1649.0,2,0,6,3,6,4,,,,,,,completed,1.91,1.91,2.04,1.87,2.04,1.99,1.92,1.86,2024_30_eastbourne_rothesay_international,2024_30_eastbourne_rothesay_international_2024-06-29_F_kasatkina_d_fernandez_l_a
tennis_data_uk,wta,2024,31,Wimbledon,London,2024-07-01,grand_slam,True,grass,R128,128,3,Sakkari M.,Kessler M.,9,119,3805.0,631.0,2,0,6,3,6,1,,,,,,,completed,1.17,5.0,1.23,4.69,1.23,5.0,1.2,4.63,2024_31_london_wimbledon,2024_31_london_wimbledon_2024-07-01_R128_sakkari_m_kessler_m
tennis_data_uk,wta,2024,31,Wimbledon,London,2024-07-01,grand_slam,True,grass,R128,128,3,Pavlyuchenkova A.,Townsend T.,28,76,1756.0,864.0,2,0,7,6,6,1,,,,,,,completed,1.36,3.2,1.4,3.15,1.44,3.2,1.39,3.01,2024_31_london_wimbledon,2024_31_london_wimbledon_2024-07-01_R128_pavlyuchenkova_a_townsend_t
tennis_data_uk,wta,2024,31,Wimbledon,London,2024-07-01,grand_slam,True,grass,R128,128,3,Zhu L.,Begu I.,61,126,997.0,596.0,2,0,6,0,6,4,,,,,,,completed,2.2,1.67,2.2,1.74,2.22,1.75,2.16,1.7,2024_31_london_wimbledon,2024_31_london_wimbledon_2024-07-01_R128_zhu_l_begu_i
tennis_data_uk,wta,2024,31,Wimbledon,London,2024-07-01,grand_slam,True,grass,R128,128,3,Minnen G.,Watson H.,80,199,848.0,366.0,2,0,7,5,6,4,,,,,,,completed,1.57,2.38,1.7,2.26,1.7,2.4,1.62,2.29,2024_31_london_wimbledon,2024_31_london_wimbledon_2024-07-01_R128_minnen_g_watson_h
tennis_data_uk,wta,2024,31,Wimbledon,London,2024-07-01,grand_slam,True,grass,R128,128,3,Gracheva V.,Tsurenko L.,70,59,920.0,1048.0,2,0,6,3,6,1,,,,,,,completed,1.73,2.1,1.83,2.07,1.87,2.22,1.74,2.09,2024_31_london_wimbledon,2024_31_london_wimbledon_2024-07-01_R128_gracheva_v_tsurenko_l
tennis_data_uk,wta,2024,31,Wimbledon,London,2024-07-01,grand_slam,True,grass,R128,128,3,Yastremska D.,Podoroska N.,27,65,1760.0,983.0,2,0,6,1,7,6,,,,,,,completed,1.36,3.2,1.41,3.13,1.41,3.2,1.39,3.02,2024_31_london_wimbledon,2024_31_london_wimbledon_2024-07-01_R128_yastremska_d_podoroska_n
tennis_data_uk,wta,2024,31,Wimbledon,London,2024-07-01,grand_slam,True,grass,R128,128,3,Todoni A.,Danilovic O.,142,116,541.0,641.0,2,0,7,5,6,1,,,,,,,completed,1.91,1.91,1.98,1.91,1.99,1.95,1.93,1.89,2024_31_london_wimbledon,2024_31_london_wimbledon_2024-07-01_R128_todoni_a_danilovic_o
tennis_data_uk,wta,2024,31,Wimbledon,London,2024-07-01,grand_slam,True,grass,R128,128,3,Kostyuk M.,Sramkova R.,19,105,2240.0,695.0,2,0,6,3,6,2,,,,,,,completed,1.22,4.33,1.24,4.55,1.25,4.55,1.23,4.27,2024_31_london_wimbledon,2024_31_london_wimbledon_2024-07-01_R128_kostyuk_m_sramkova_r
tennis_data_uk,wta,2024,31,Wimbledon,London,2024-07-01,grand_slam,True,grass,R128,128,3,Kasatkina D.,Zhang S.,12,680,3283.0,54.0,2,0,6,3,6,0,,,,,,,completed,1.04,13.0,1.04,17.69,1.05,17.69,1.03,12.76,2024_31_london_wimbledon,2024_31_london_wimbledon_2024-07-01_R128_kasatkina_d_zhang_s
tennis_data_uk,wta,2024,31,Wimbledon,London,2024-07-01,grand_slam,True,grass,R128,128,3,Mertens E.,Hibino N.,33,94,1629.0,770.0,2,1,2,6,6,2,6,4,,,,,completed,1.3,3.5,1.3,3.88,1.31,3.92,1.28,3.7,2024_31_london_wimbledon,2024_31_london_wimbledon_2024-07-01_R128_mertens_e_hibino_n
tennis_data_uk,wta,2024,31,Wimbledon,London,2024-07-01,grand_slam,True,grass,R128,128,3,Rus A.,Yuan Y.,56,39,1054.0,1452.0,2,0,6,2,6,3,,,,,,,completed,2.75,1.44,2.86,1.47,2.93,1.49,2.76,1.45,2024_31_london_wimbledon,2024_31_london_wimbledon_2024-07-01_R128_rus_a_yuan_y
tennis_data_uk,wta,2024,31,Wimbledon,London,2024-07-01,grand_slam,True,grass,R128,128,3,Paolini J.,Sorribes Tormo S.,7,55,4228.0,1055.0,2,0,7,5,6,3,,,,,,,completed,1.14,5.5,1.18,5.63,1.18,5.9,1.16,5.4,2024_31_london_wimbledon,2024_31_london_wimbledon_2024-07-01_R128_paolini_j_sorribes_tormo_s
tennis_data_uk,wta,2024,31,Wimbledon,London,2024-07-01,grand_slam,True,grass,R128,128,3,Wang Y.,Schmiedlova A.,71,74,919.0,880.0,2,1,6,0,3,6,6,4,,,,,completed,1.62,2.3,1.56,2.57,1.63,2.57,1.58,2.4,2024_31_london_wimbledon,2024_31_london_wimbledon_2024-07-01_R128_wang_y_schmiedlova_a
tennis_data_uk,wta,2024,31,Wimbledon,London,2024-07-01,grand_slam,True,grass,R128,128,3,Shnaider D.,Pliskova Ka.,30,46,1690.0,1255.0,2,1,4,6,6,4,7,5,,,,,completed,2.1,1.73,2.17,1.76,2.17,1.8,2.09,1.75,2024_31_london_wimbledon,2024_31_london_wimbledon_2024-07-01_R128_shnaider_d_pliskova_ka
tennis_data_uk,wta,2024,31,Wimbledon,London,2024-07-01,grand_slam,True,grass,R128,128,3,Keys M.,Trevisan M.,13,89,3068.0,793.0,2,0,6,4,7,6,,,,,,,completed,1.03,17.0,1.03,19.98,1.04,26.56,1.02,15.02,2024_31_london_wimbledon,2024_31_london_wimbledon_2024-07-01_R128_keys_m_trevisan_m
tennis_data_uk,wta,2024,31,Wimbledon,London,2024-07-01,grand_slam,True,grass,R128,128,3,Osaka N.,Parry D.,113,53,669.0,1077.0,2,1,6,1,1,6,6,4,,,,,completed,1.25,4.0,1.25,4.33,1.26,4.4,1.24,4.06,2024_31_london_wimbledon,2024_31_london_wimbledon_2024-07-01_R128_osaka_n_parry_d
tennis_data_uk,wta,2024,31,Wimbledon,London,2024-07-01,grand_slam,True,grass,R128,128,3,Saville D.,Stearns P.,82,52,830.0,1082.0,2,0,6,4,6,2,,,,,,,completed,2.2,1.67,2.38,1.65,2.38,1.68,2.23,1.66,2024_31_london_wimbledon,2024_31_london_wimbledon_2024-07-01_R128_saville_d_stearns_p
tennis_data_uk,wta,2024,31,Wimbledon,London,2024-07-01,grand_slam,True,grass,R128,128,3,Burel C.,Lys E.,45,129,1288.0,592.0,2,0,6,2,6,4,,,,,,,completed,2.2,1.67,2.07,1.83,2.22,1.83,2.1,1.74,2024_31_london_wimbledon,2024_31_london_wimbledon_2024-07-01_R128_burel_c_lys_e
tennis_data_uk,wta,2024,31,Wimbledon,London,2024-07-01,grand_slam,True,grass,R128,128,3,Sun L.,Zheng Q.,123,8,616.0,4055.0,2,1,4,6,6,2,6,4,,,,,completed,5.0,1.17,5.21,1.19,5.38,1.2,4.93,1.18,2024_31_london_wimbledon,2024_31_london_wimbledon_2024-07-01_R128_sun_l_zheng_q
tennis_data_uk,wta,2024,31,Wimbledon,London,2024-07-01,grand_slam,True,grass,R128,128,3,Vekic D.,Wang Xiy.,37,54,1488.0,1075.0,2,1,3,6,6,3,6,4,,,,,completed,1.33,3.4,1.32,3.66,1.36,3.66,1.32,3.4,2024_31_london_wimbledon,2024_31_london_wimbledon_2024-07-01_R128_vekic_d_wang_xiy
tennis_data_uk,wta,2024,31,Wimbledon,London,2024-07-01,grand_slam,True,grass,R128,128,3,Andreeva E.,Bektas E.,101,107,729.0,686.0,2,1,7,6,3,6,6,3,,,,,completed,2.38,1.57,2.15,1.76,2.38,1.76,2.24,1.66,2024_31_london_wimbledon,2024_31_london_wimbledon_2024-07-01_R128_andreeva_e_bektas_e
tennis_data_uk,wta,2024,31,Wimbledon,London,2024-07-01,grand_slam,True,grass,R128,128,3,Raducanu E.,Zarazua R.,135,98,559.0,750.0,2,0,7,6,6,3,,,,,,,completed,1.1,7.0,1.09,8.61,1.11,8.77,1.09,7.61,2024_31_london_wimbledon,2024_31_london_wimbledon_2024-07-01_R128_raducanu_e_zarazua_r
tennis_data_uk,wta,2024,31,Wimbledon,London,2024-07-01,grand_slam,True,grass,R128,128,3,Stephens S.,Jacquemot E.,50,151,1217.0,503.0,2,0,6,3,6,3,,,,,,,completed,1.44,2.75,,,1.44,3.15,1.38,3.0,2024_31_london_wimbledon,2024_31_london_wimbledon_2024-07-01_R128_stephens_s_jacquemot_e
tennis_data_uk,wta,2024,31,Wimbledon,London,2024-07-01,grand_slam,True,grass,R128,128,3,Starodubtseva Y.,Van Uytvanck A.,153,254,490.0,284.0,2,0,6,4,6,3,,,,,,,completed,2.1,1.73,2.1,1.81,2.13,1.81,2.06,1.78,2024_31_london_wimbledon,2024_31_london_wimbledon_2024-07-01_R128_starodubtseva_y_van_uytvanck_a
tennis_data_uk,wta,2024,31,Wimbledon,London,2024-07-01,grand_slam,True,grass,R128,128,3,Miyazaki Y.,Korpatsch T.,148,73,512.0,895.0,2,0,6,2,6,1,,,,,,,completed,1.62,2.3,1.74,2.2,1.8,2.32,1.68,2.19,2024_31_london_wimbledon,2024_31_london_wimbledon_2024-07-01_R128_miyazaki_y_korpatsch_t
tennis_data_uk,wta,2024,31,Wimbledon,London,2024-07-01,grand_slam,True,grass,R128,128,3,Kartal S.,Cirstea S.,298,31,228.0,1675.0,2,1,3,6,6,2,6,0,,,,,completed,1.91,1.91,1.97,1.92,2.0,2.0,1.92,1.89,2024_31_london_wimbledon,2024_31_london_wimbledon_2024-07-01_R128_kartal_s_cirstea_s
tennis_data_uk,wta,2024,31,Wimbledon,London,2024-07-01,grand_slam,True,grass,R128,128,3,Fruhvirtova B.,Andreeva M.,88,23,801.0,2018.0,2,1,1,6,6,3,6,2,,,,,completed,5.0,1.17,5.83,1.17,5.97,1.18,5.33,1.16,2024_31_london_wimbledon,2024_31_london_wimbledon_2024-07-01_R128_fruhvirtova_b_andreeva_m
tennis_data_uk,wta,2024,31,Wimbledon,London,2024-07-01,grand_slam,True,grass,R128,128,3,Andreescu B.,Cristian J.,176,62,426.0,996.0,2,0,6,4,6,2,,,,,,,completed,1.25,4.0,1.28,4.01,1.29,4.12,1.26,3.88,2024_31_london_wimbledon,2024_31_london_wimbledon_2024-07-01_R128_andreescu_b_cristian_j
tennis_data_uk,wta,2024,31,Wimbledon,London,2024-07-01,grand_slam,True,grass,R128,128,3,Gauff C.,Dolehide C.,2,51,7943.0,1100.0,2,0,6,1,6,2,,,,,,,completed,1.05,11.0,1.04,16.07,1.06,16.07,1.04,11.5,2024_31_london_wimbledon,2024_31_london_wimbledon_2024-07-01_R128_gauff_c_dolehide_c
tennis_data_uk,wta,2024,31,Wimbledon,London,2024-07-01,grand_slam,True,grass,R128,128,3,Navarro E.,Wang Q.,17,479,2323.0,118.0,2,0,6,0,6,2,,,,,,,completed,1.06,10.0,1.06,12.63,1.06,12.68,1.05,10.2,2024_31_london_wimbledon,2024_31_london_wimbledon_2024-07-01_R128_navarro_e_wang_q
tennis_data_uk,wta,2024,31,Wimbledon,London,2024-07-01,grand_slam,True,grass,R128,128,3,Badosa P.,Muchova K.,93,34,770.0,1618.0,2,0,6,3,6,2,,,,,,,completed,2.0,1.8,2.08,1.83,2.11,1.91,2.02,1.8,2024_31_london_wimbledon,2024_31_london_wimbledon_2024-07-01_R128_badosa_p_muchova_k
tennis_data_uk,wta,2024,31,Wimbledon,London,2024-07-01,grand_slam,True,grass,R128,128,3,Noskova L.,Errani S.,26,86,1775.0,810.0,2,0,7,6,6,1,,,,,,,completed,1.25,4.0,1.23,4.66,1.25,4.66,1.23,4.23,2024_31_london_wimbledon,2024_31_london_wimbledon_2024-07-01_R128_noskova_l_errani_s
tennis_data_uk,wta,2024,31,Wimbledon,London,2024-07-02,grand_slam,True,grass,R128,128,3,Wang Xin.,Tomova V.,42,48,1411.0,1235.0,2,1,7,6,3,6,6,0,,,,,completed,1.62,2.3,1.6,2.47,1.69,2.47,1.63,2.29,2024_31_london_wimbledon,2024_31_london_wimbledon_2024-07-02_R128_wang_xin_tomova_v
tennis_data_uk,wta,2024,31,Wimbledon,London,2024-07-02,grand_slam,True,grass,R128,128,3,Dart H.,Bai Z.,100,95,739.0,756.0,2,0,6,4,6,0,,,,,,,completed,1.5,2.63,1.53,2.66,1.53,2.75,1.5,2.6,2024_31_london_wimbledon,2024_31_london_wimbledon_2024-07-02_R128_dart_h_bai_z
tennis_data_uk,wta,2024,31,Wimbledon,London,2024-07-02,grand_slam,True,grass,R128,128,3,Bucsa C.,Bogdan A.,64,57,984.0,1053.0,2,1,6,4,4,6,7,6,,,,,completed,2.5,1.53,2.48,1.6,2.51,1.66,2.44,1.56,2024_31_london_wimbledon,2024_31_london_wimbledon_2024-07-02_R128_bucsa_c_bogdan_a
tennis_data_uk,wta,2024,31,Wimbledon,London,2024-07-02,grand_slam,True,grass,R128,128,3,Pegula J.,Krueger A.,5,75,5025.0,869.0,2,0,6,2,6,0,,,,,,,completed,1.14,5.5,1.18,5.42,1.22,5.55,1.18,4.93,2024_31_london_wimbledon,2024_31_london_wimbledon_2024-07-02_R128_pegula_j_krueger_a
tennis_data_uk,wta,2024,31,Wimbledon,London,2024-07-02,grand_slam,True,grass,R128,128,3,Siegemund L.,Baindl K.,72,184,917.0,416.0,2,0,6,4,6,1,,,,,,,completed,1.29,3.75,1.29,3.78,1.29,4.04,1.28,3.72,2024_31_london_wimbledon,2024_31_london_wimbledon_2024-07-02_R128_siegemund_l_baindl_k
tennis_data_uk,wta,2024,31,Wimbledon,London,2024-07-02,grand_slam,True,grass,R128,128,3,Rybakina E.,Ruse E.G.,4,152,6026.0,491.0,2,0,6,3,6,1,,,,,,,completed,1.07,9.0,1.1,7.93,1.12,9.0,1.08,7.92,2024_31_london_wimbledon,2024_31_london_wimbledon_2024-07-02_R128_rybakina_e_ruse_e_g
tennis_data_uk,wta,2024,31,Wimbledon,London,2024-07-02,grand_slam,True,grass,R128,128,3,Bouzas Maneiro J.,Vondrousova M.,83,6,828.0,4463.0,2,0,6,4,6,2,,,,,,,completed,6.0,1.13,5.92,1.16,6.49,1.16,5.79,1.14,2024_31_london_wimbledon,2024_31_london_wimbledon_2024-07-02_R128_bouzas_maneiro_j_vondrousova_m
tennis_data_uk,wta,2024,31,Wimbledon,London,2024-07-02,grand_slam,True,grass,R128,128,3,Samsonova L.,Masarova R.,15,109,2830.0,682.0,2,1,6,3,4,6,6,2,,,,,completed,1.17,5.0,1.2,5.16,1.21,5.5,1.18,4.89,2024_31_london_wimbledon,2024_31_london_wimbledon_2024-07-02_R128_samsonova_l_masarova_r
tennis_data_uk,wta,2024,31,Wimbledon,London,2024-07-02,grand_slam,True,grass,R128,128,3,Pera B.,Potapova A.,97,41,752.0,1415.0,2,1,6,7,6,4,7,6,,,,,completed,3.2,1.36,3.24,1.39,3.35,1.39,3.18,1.36,2024_31_london_wimbledon,2024_31_london_wimbledon_2024-07-02_R128_pera_b_potapova_a
tennis_data_uk,wta,2024,31,Wimbledon,London,2024-07-02,grand_slam,True,grass,R128,128,3,Boulter K.,Maria T.,29,63,1748.0,994.0,2,0,7,6,7,5,,,,,,,completed,1.2,4.5,1.24,4.55,1.24,4.64,1.21,4.36,2024_31_london_wimbledon,2024_31_london_wimbledon_2024-07-02_R128_boulter_k_maria_t
tennis_data_uk,wta,2024,31,Wimbledon,London,2024-07-02,grand_slam,True,grass,R128,128,3,Kalinskaya A.,Udvardy P.,18,134,2310.0,562.0,2,0,6,3,6,2,,,,,,,completed,1.11,6.5,1.14,6.51,1.14,7.36,1.12,6.23,2024_31_london_wimbledon,2024_31_london_wimbledon_2024-07-02_R128_kalinskaya_a_udvardy_p
tennis_data_uk,wta,2024,31,Wimbledon,London,2024-07-02,grand_slam,True,grass,R128,128,3,Bouzkova M.,Riera J.,40,106,1445.0,687.0,2,0,6,2,6,1,,,,,,,completed,1.14,5.5,1.21,4.98,1.21,5.75,1.16,5.2,2024_31_london_wimbledon,2024_31_london_wimbledon_2024-07-02_R128_bouzkova_m_riera_j
tennis_data_uk,wta,2024,31,Wimbledon,London,2024-07-02,grand_slam,True,grass,R128,128,3,Ostapenko J.,Tomljanovic A.,14,136,3058.0,556.0,2,0,6,1,6,2,,,,,,,completed,1.5,2.63,1.5,2.75,1.54,2.8,1.49,2.64,2024_31_london_wimbledon,2024_31_london_wimbledon_2024-07-02_R128_ostapenko_j_tomljanovic_a
tennis_data_uk,wta,2024,31,Wimbledon,London,2024-07-02,grand_slam,True,grass,R128,128,3,Avanesyan E.,Kalinina A.,77,47,855.0,1246.0,2,0,6,2,6,3,,,,,,,completed,2.0,1.8,2.05,1.85,2.13,1.85,2.01,1.8,2024_31_london_wimbledon,2024_31_london_wimbledon_2024-07-02_R128_avanesyan_e_kalinina_a
tennis_data_uk,wta,2024,31,Wimbledon,London,2024-07-02,grand_slam,True,grass,R128,128,3,Swiatek I.,Kenin S.,1,49,11585.0,1221.0,2,0,6,3,6,4,,,,,,,completed,1.06,10.0,1.07,11.43,1.07,11.68,1.06,9.63,2024_31_london_wimbledon,2024_31_london_wimbledon_2024-07-02_R128_swiatek_i_kenin_s
tennis_data_uk,wta,2024,31,Wimbledon,London,2024-07-02,grand_slam,True,grass,R128,128,3,Fernandez L.A.,Bronzetti L.,25,81,1920.0,833.0,2,0,6,4,6,3,,,,,,,completed,1.22,4.33,1.22,4.81,1.25,5.08,1.21,4.49,2024_31_london_wimbledon,2024_31_london_wimbledon_2024-07-02_R128_fernandez_l_a_bronzetti_l
tennis_data_uk,wta,2024,31,Wimbledon,London,2024-07-02,grand_slam,True,grass,R128,128,3,Garcia C.,Blinkova A.,24,60,1938.0,1030.0,2,0,6,4,7,5,,,,,,,completed,1.67,2.2,1.67,2.33,1.74,2.33,1.7,2.15,2024_31_london_wimbledon,2024_31_london_wimbledon_2024-07-02_R128_garcia_c_blinkova_a
tennis_data_uk,wta,2024,31,Wimbledon,London,2024-07-02,grand_slam,True,grass,R128,128,3,Montgomery R.,Gadecki O.,161,173,464.0,432.0,2,0,6,4,6,4,,,,,,,completed,1.5,2.63,1.52,2.71,1.55,2.75,1.5,2.61,2024_31_london_wimbledon,2024_31_london_wimbledon_2024-07-02_R128_montgomery_r_gadecki_o
tennis_data_uk,wta,2024,31,Wimbledon,London,2024-07-02,grand_slam,True,grass,R128,128,3,Martic P.,Jones F.,85,215,811.0,345.0,2,1,3,6,6,1,6,2,,,,,completed,1.4,3.0,1.46,2.9,1.49,3.02,1.42,2.87,2024_31_london_wimbledon,2024_31_london_wimbledon_2024-07-02_R128_martic_p_jones_f
tennis_data_uk,wta,2024,31,Wimbledon,London,2024-07-02,grand_slam,True,grass,R128,128,3,Putintseva Y.,Kerber A.,35,221,1553.0,334.0,2,0,7,5,6,3,,,,,,,completed,1.5,2.63,1.52,2.71,1.57,2.75,1.49,2.62,2024_31_london_wimbledon,2024_31_london_wimbledon_2024-07-02_R128_putintseva_y_kerber_a
tennis_data_uk,wta,2024,31,Wimbledon,London,2024-07-02,grand_slam,True,grass,R128,128,3,Galfi D.,Sherif M.,127,78,595.0,855.0,2,0,6,1,6,2,,,,,,,completed,1.5,2.63,1.59,2.51,1.59,2.75,1.52,2.55,2024_31_london_wimbledon,2024_31_london_wimbledon_2024-07-02_R128_galfi_d_sherif_m
tennis_data_uk,wta,2024,31,Wimbledon,London,2024-07-02,grand_slam,True,grass,R128,128,3,Wozniacki C.,Parks A.,91,121,774.0,624.0,2,0,6,2,6,0,,,,,,,completed,1.62,2.3,1.61,2.46,1.67,2.46,1.6,2.33,2024_31_london_wimbledon,2024_31_london_wimbledon_2024-07-02_R128_wozniacki_c_parks_a
tennis_data_uk,wta,2024,31,Wimbledon,London,2024-07-02,grand_slam,True,grass,R128,128,3,Snigur D.,Dodin O.,130,79,592.0,849.0,2,0,6,4,6,0,,,,,,,completed,1.29,3.75,1.31,3.73,1.31,3.88,1.29,3.64,2024_31_london_wimbledon,2024_31_london_wimbledon_2024-07-02_R128_snigur_d_dodin_o
tennis_data_uk,wta,2024,31,Wimbledon,London,2024-07-02,grand_slam,True,grass,R128,128,3,Siniakova K.,Stakusic M.,36,164,1546.0,456.0,2,0,6,4,6,2,,,,,,,completed,1.22,4.33,1.27,4.11,1.34,4.34,1.24,4.05,2024_31_london_wimbledon,2024_31_london_wimbledon_2024-07-02_R128_siniakova_k_stakusic_m
tennis_data_uk,wta,2024,31,Wimbledon,London,2024-07-02,grand_slam,True,grass,R128,128,3,Jabeur O.,Uchijima M.,10,68,3801.0,940.0,2,0,6,3,6,1,,,,,,,completed,1.07,9.0,1.09,9.62,1.1,10.87,1.07,8.69,2024_31_london_wimbledon,2024_31_london_wimbledon_2024-07-02_R128_jabeur_o_uchijima_m
tennis_data_uk,wta,2024,31,Wimbledon,London,2024-07-03,grand_slam,True,grass,R128,128,3,Svitolina E.,Linette M.,21,44,2100.0,1291.0,2,1,7,5,6,7,6,3,,,,,completed,1.4,3.0,1.47,2.88,1.47,3.0,1.43,2.89,2024_31_london_wimbledon,2024_31_london_wimbledon_2024-07-03_R128_svitolina_e_linette_m
tennis_data_uk,wta,2024,31,Wimbledon,London,2024-07-03,grand_slam,True,grass,R128,128,3,Niemeier J.,Golubic V.,90,67,790.0,964.0,2,0,6,2,6,1,,,,,,,completed,1.8,2.0,1.81,2.11,1.85,2.15,1.79,2.03,2024_31_london_wimbledon,2024_31_london_wimbledon_2024-07-03_R128_niemeier_j_golubic_v
tennis_data_uk,wta,2024,31,Wimbledon,London,2024-07-03,grand_slam,True,grass,R128,128,3,Krejcikova B.,Kudermetova V.,32,38,1643.0,1488.0,2,1,7,6,6,7,7,5,,,,,completed,2.2,1.67,2.29,1.69,2.31,1.73,2.22,1.67,2024_31_london_wimbledon,2024_31_london_wimbledon_2024-07-03_R128_krejcikova_b_kudermetova_v
tennis_data_uk,wta,2024,31,Wimbledon,London,2024-07-03,grand_slam,True,grass,R128,128,3,Haddad Maia B.,Frech M.,20,58,2218.0,1049.0,2,0,7,5,6,3,,,,,,,completed,1.5,2.63,1.57,2.55,1.57,2.63,1.54,2.51,2024_31_london_wimbledon,2024_31_london_wimbledon_2024-07-03_R128_haddad_maia_b_frech_m
tennis_data_uk,wta,2024,31,Wimbledon,London,2024-07-03,grand_slam,True,grass,R128,128,3,Osorio M.,Davis L.,14,300,3058.0,225.0,2,0,6,3,6,1,,,,,,,completed,1.62,2.3,1.58,2.53,1.63,2.57,1.58,2.4,2024_31_london_wimbledon,2024_31_london_wimbledon_2024-07-03_R128_osorio_m_davis_l
tennis_data_uk,wta,2024,31,Wimbledon,London,2024-07-03,grand_slam,True,grass,R128,128,3,Volynets K.,Carle M.,69,87,927.0,809.0,2,0,6,2,7,5,,,,,,,completed,1.3,3.5,1.35,3.49,1.35,3.76,1.31,3.47,2024_31_london_wimbledon,2024_31_london_wimbledon_2024-07-03_R128_volynets_k_carle_m
tennis_data_uk,wta,2024,31,Wimbledon,London,2024-07-03,grand_slam,True,grass,R128,128,3,Collins D.,Tauson C.,11,66,3532.0,981.0,2,0,6,3,7,6,,,,,,,completed,1.36,3.2,1.41,3.14,1.42,3.2,1.38,3.04,2024_31_london_wimbledon,2024_31_london_wimbledon_2024-07-03_R128_collins_d_tauson_c
tennis_data_uk,wta,2024,31,Wimbledon,London,2024-07-03,grand_slam,True,grass,R64,64,3,Gauff C.,Todoni A.,2,142,7943.0,541.0,2,0,6,2,6,1,,,,,,,completed,1.03,15.0,1.05,16.53,1.05,22.53,1.04,12.21,2024_31_london_wimbledon,2024_31_london_wimbledon_2024-07-03_R64_gauff_c_todoni_a
tennis_data_uk,wta,2024,31,Wimbledon,London,2024-07-03,grand_slam,True,grass,R64,64,3,Kartal S.,Burel C.,298,45,228.0,1288.0,2,1,6,3,5,7,6,3,,,,,completed,1.62,2.3,1.66,2.37,1.68,2.37,1.65,2.26,2024_31_london_wimbledon,2024_31_london_wimbledon_2024-07-03_R64_kartal_s_burel_c
tennis_data_uk,wta,2024,31,Wimbledon,London,2024-07-03,grand_slam,True,grass,R64,64,3,Andreescu B.,Noskova L.,176,26,426.0,1775.0,2,0,6,3,7,6,,,,,,,completed,2.0,1.8,2.05,1.86,2.06,1.86,2.0,1.82,2024_31_london_wimbledon,2024_31_london_wimbledon_2024-07-03_R64_andreescu_b_noskova_l
tennis_data_uk,wta,2024,31,Wimbledon,London,2024-07-03,grand_slam,True,grass,R64,64,3,Shnaider D.,Stephens S.,30,50,1690.0,1217.0,2,0,6,1,6,1,,,,,,,completed,1.57,2.38,1.61,2.48,1.63,2.5,1.57,2.41,2024_31_london_wimbledon,2024_31_london_wimbledon_2024-07-03_R64_shnaider_d_stephens_s
tennis_data_uk,wta,2024,31,Wimbledon,London,2024-07-03,grand_slam,True,grass,R64,64,3,Raducanu E.,Mertens E.,135,33,559.0,1629.0,2,0,6,1,6,2,,,,,,,completed,1.44,2.75,1.51,2.75,1.6,2.78,1.5,2.62,2024_31_london_wimbledon,2024_31_london_wimbledon_2024-07-03_R64_raducanu_e_mertens_e
tennis_data_uk,wta,2024,31,Wimbledon,London,2024-07-03,grand_slam,True,grass,R64,64,3,Navarro E.,Osaka N.,17,113,2323.0,669.0,2,0,6,4,6,1,,,,,,,completed,2.2,1.67,2.2,1.76,2.25,1.76,2.16,1.7,2024_31_london_wimbledon,2024_31_london_wimbledon_2024-07-03_R64_navarro_e_osaka_n
tennis_data_uk,wta,2024,31,Wimbledon,London,2024-07-03,grand_slam,True,grass,R64,64,3,Sakkari M.,Rus A.,9,56,3805.0,1054.0,2,0,7,5,6,3,,,,,,,completed,1.14,5.5,1.14,7.02,1.16,7.02,1.13,6.12,2024_31_london_wimbledon,2024_31_london_wimbledon_2024-07-03_R64_sakkari_m_rus_a
tennis_data_uk,wta,2024,31,Wimbledon,London,2024-07-03,grand_slam,True,grass,R64,64,3,Zhu L.,Pavlyuchenkova A.,61,28,997.0,1756.0,2,0,6,4,6,3,,,,,,,completed,3.2,1.36,3.3,1.39,3.38,1.43,3.14,1.37,2024_31_london_wimbledon,2024_31_london_wimbledon_2024-07-03_R64_zhu_l_pavlyuchenkova_a
tennis_data_uk,wta,2024,31,Wimbledon,London,2024-07-03,grand_slam,True,grass,R64,64,3,Vekic D.,Andreeva E.,37,101,1488.0,729.0,2,0,6,2,6,3,,,,,,,completed,1.2,4.5,1.21,5.05,1.25,5.05,1.2,4.54,2024_31_london_wimbledon,2024_31_london_wimbledon_2024-07-03_R64_vekic_d_andreeva_e
tennis_data_uk,wta,2024,31,Wimbledon,London,2024-07-03,grand_slam,True,grass,R64,64,3,Yastremska D.,Gracheva V.,27,70,1760.0,920.0,2,1,3,6,6,4,7,6,,,,,completed,1.62,2.3,1.65,2.4,1.67,2.4,1.62,2.3,2024_31_london_wimbledon,2024_31_london_wimbledon_2024-07-03_R64_yastremska_d_gracheva_v
tennis_data_uk,wta,2024,31,Wimbledon,London,2024-07-03,grand_slam,True,grass,R64,64,3,Sun L.,Starodubtseva Y.,123,153,616.0,490.0,2,1,4,6,6,3,6,2,,,,,completed,1.91,1.91,1.91,2.0,2.0,2.0,1.9,1.91,2024_31_london_wimbledon,2024_31_london_wimbledon_2024-07-03_R64_sun_l_starodubtseva_y
tennis_data_uk,wta,2024,31,Wimbledon,London,2024-07-03,grand_slam,True,grass,R64,64,3,Paolini J.,Minnen G.,7,80,4228.0,848.0,2,0,7,6,6,2,,,,,,,completed,1.36,3.2,1.39,3.27,1.41,3.27,1.38,3.07,2024_31_london_wimbledon,2024_31_london_wimbledon_2024-07-03_R64_paolini_j_minnen_g
tennis_data_uk,wta,2024,31,Wimbledon,London,2024-07-04,grand_slam,True,grass,R64,64,3,Keys M.,Wang Y.,13,71,3068.0,919.0,2,0,6,2,6,2,,,,,,,completed,1.07,9.0,1.07,11.41,1.1,11.41,1.07,9.11,2024_31_london_wimbledon,2024_31_london_wimbledon_2024-07-04_R64_keys_m_wang_y
tennis_data_uk,wta,2024,31,Wimbledon,London,2024-07-04,grand_slam,True,grass,R64,64,3,Kostyuk M.,Saville D.,19,82,2240.0,830.0,2,1,4,6,7,6,6,4,,,,,completed,1.33,3.4,1.32,3.78,1.36,3.81,1.32,3.41,2024_31_london_wimbledon,2024_31_london_wimbledon_2024-07-04_R64_kostyuk_m_saville_d
tennis_data_uk,wta,2024,31,Wimbledon,London,2024-07-04,grand_slam,True,grass,R64,64,3,Kasatkina D.,Miyazaki Y.,12,148,3283.0,512.0,2,0,6,0,6,0,,,,,,,completed,1.06,10.0,1.07,11.5,1.08,13.25,1.06,9.64,2024_31_london_wimbledon,2024_31_london_wimbledon_2024-07-04_R64_kasatkina_d_miyazaki_y
tennis_data_uk,wta,2024,31,Wimbledon,London,2024-07-04,grand_slam,True,grass,R64,64,3,Badosa P.,Fruhvirtova B.,93,88,770.0,801.0,2,0,6,4,6,2,,,,,,,completed,1.4,3.0,1.4,3.24,1.45,3.24,1.38,3.04,2024_31_london_wimbledon,2024_31_london_wimbledon_2024-07-04_R64_badosa_p_fruhvirtova_b
tennis_data_uk,wta,2024,31,Wimbledon,London,2024-07-04,grand_slam,True,grass,R64,64,3,Krejcikova B.,Volynets K.,32,69,1643.0,927.0,2,0,7,6,7,6,,,,,,,completed,1.57,2.38,1.72,2.25,1.72,2.68,1.62,2.32,2024_31_london_wimbledon,2024_31_london_wimbledon_2024-07-04_R64_krejcikova_b_volynets_k
tennis_data_uk,wta,2024,31,Wimbledon,London,2024-07-04,grand_slam,True,grass,R64,64,3,Bouzas Maneiro J.,Bucsa C.,83,64,828.0,984.0,2,0,7,6,6,3,,,,,,,completed,1.67,2.2,1.79,2.15,1.79,2.25,1.71,2.16,2024_31_london_wimbledon,2024_31_london_wimbledon_2024-07-04_R64_bouzas_maneiro_j_bucsa_c
tennis_data_uk,wta,2024,31,Wimbledon,London,2024-07-04,grand_slam,True,grass,R64,64,3,Putintseva Y.,Siniakova K.,35,36,1553.0,1546.0,2,1,6,0,4,6,6,2,,,,,completed,2.1,1.73,2.2,1.76,2.2,1.76,2.11,1.74,2024_31_london_wimbledon,2024_31_london_wimbledon_2024-07-04_R64_putintseva_y_siniakova_k
tennis_data_uk,wta,2024,31,Wimbledon,London,2024-07-04,grand_slam,True,grass,R64,64,3,Haddad Maia B.,Osorio M.,20,14,2218.0,3058.0,0,0,3,0,,,,,,,,,retired,1.44,2.75,1.55,2.65,1.55,2.8,1.49,2.64,2024_31_london_wimbledon,2024_31_london_wimbledon_2024-07-04_R64_haddad_maia_b_osorio_m
tennis_data_uk,wta,2024,31,Wimbledon,London,2024-07-04,grand_slam,True,grass,R64,64,3,Dart H.,Boulter K.,100,29,739.0,1748.0,2,1,4,6,6,1,7,6,,,,,completed,4.0,1.25,4.07,1.28,4.09,1.3,3.84,1.27,2024_31_london_wimbledon,2024_31_london_wimbledon_2024-07-04_R64_dart_h_boulter_k
tennis_data_uk,wta,2024,31,Wimbledon,London,2024-07-04,grand_slam,True,grass,R64,64,3,Wang Xin.,Pegula J.,42,5,1411.0,5025.0,2,1,6,4,6,7,6,1,,,,,completed,4.0,1.25,3.9,1.3,4.01,1.3,3.81,1.27,2024_31_london_wimbledon,2024_31_london_wimbledon_2024-07-04_R64_wang_xin_pegula_j
tennis_data_uk,wta,2024,31,Wimbledon,London,2024-07-04,grand_slam,True,grass,R64,64,3,Kalinskaya A.,Bouzkova M.,18,40,2310.0,1445.0,2,0,6,4,6,1,,,,,,,completed,1.62,2.3,1.65,2.39,1.66,2.41,1.63,2.29,2024_31_london_wimbledon,2024_31_london_wimbledon_2024-07-04_R64_kalinskaya_a_bouzkova_m
tennis_data_uk,wta,2024,31,Wimbledon,London,2024-07-04,grand_slam,True,grass,R64,64,3,Jabeur O.,Montgomery R.,10,161,3801.0,464.0,2,0,6,1,7,5,,,,,,,completed,1.2,4.5,1.22,4.96,1.24,4.96,1.2,4.55,2024_31_london_wimbledon,2024_31_london_wimbledon_2024-07-04_R64_jabeur_o_montgomery_r
tennis_data_uk,wta,2024,31,Wimbledon,London,2024-07-04,grand_slam,True,grass,R64,64,3,Ostapenko J.,Snigur D.,14,130,3058.0,592.0,2,0,6,3,6,0,,,,,,,completed,1.3,3.5,1.31,3.87,1.32,3.88,1.3,3.59,2024_31_london_wimbledon,2024_31_london_wimbledon_2024-07-04_R64_ostapenko_j_snigur_d
tennis_data_uk,wta,2024,31,Wimbledon,London,2024-07-04,grand_slam,True,grass,R64,64,3,Collins D.,Galfi D.,11,127,3532.0,595.0,2,0,6,3,6,4,,,,,,,completed,1.25,4.0,1.29,4.04,1.3,4.42,1.27,3.82,2024_31_london_wimbledon,2024_31_london_wimbledon_2024-07-04_R64_collins_d_galfi_d
tennis_data_uk,wta,2024,31,Wimbledon,London,2024-07-04,grand_slam,True,grass,R64,64,3,Svitolina E.,Niemeier J.,21,90,2100.0,790.0,2,0,6,3,6,4,,,,,,,completed,1.62,2.3,1.65,2.4,1.65,2.46,1.6,2.35,2024_31_london_wimbledon,2024_31_london_wimbledon_2024-07-04_R64_svitolina_e_niemeier_j
tennis_data_uk,wta,2024,31,Wimbledon,London,2024-07-04,grand_slam,True,grass,R64,64,3,Pera B.,Garcia C.,97,24,752.0,1938.0,2,1,3,6,6,3,6,4,,,,,completed,2.3,1.62,2.4,1.65,2.41,1.67,2.3,1.63,2024_31_london_wimbledon,2024_31_london_wimbledon_2024-07-04_R64_pera_b_garcia_c
tennis_data_uk,wta,2024,31,Wimbledon,London,2024-07-04,grand_slam,True,grass,R64,64,3,Rybakina E.,Siegemund L.,4,72,6026.0,917.0,2,1,6,3,3,6,6,3,,,,,completed,1.04,13.0,1.06,14.07,1.07,14.07,1.05,11.04,2024_31_london_wimbledon,2024_31_london_wimbledon_2024-07-04_R64_rybakina_e_siegemund_l
tennis_data_uk,wta,2024,31,Wimbledon,London,2024-07-04,grand_slam,True,grass,R64,64,3,Swiatek I.,Martic P.,1,85,11585.0,811.0,2,0,6,4,6,3,,,,,,,completed,1.02,19.0,1.02,27.34,1.04,27.34,1.02,15.49,2024_31_london_wimbledon,2024_31_london_wimbledon_2024-07-04_R64_swiatek_i_martic_p
tennis_data_uk,wta,2024,31,Wimbledon,London,2024-07-04,grand_slam,True,grass,R64,64,3,Samsonova L.,Avanesyan E.,15,77,2830.0,855.0,2,0,6,3,6,3,,,,,,,completed,1.25,4.0,1.26,4.29,1.29,4.29,1.25,3.99,2024_31_london_wimbledon,2024_31_london_wimbledon_2024-07-04_R64_samsonova_l_avanesyan_e
tennis_data_uk,wta,2024,31,Wimbledon,London,2024-07-04,grand_slam,True,grass,R64,64,3,Wozniacki C.,Fernandez L.A.,91,25,774.0,1920.0,2,1,6,3,2,6,7,5,,,,,completed,2.2,1.67,2.33,1.68,2.4,1.73,2.28,1.63,2024_31_london_wimbledon,2024_31_london_wimbledon_2024-07-04_R64_wozniacki_c_fernandez_l_a
tennis_data_uk,wta,2024,31,Wimbledon,London,2024-07-05,grand_slam,True,grass,R32,32,3,Paolini J.,Andreescu B.,7,176,4228.0,426.0,2,0,7,6,6,1,,,,,,,completed,1.73,2.1,1.84,2.08,1.84,2.25,1.74,2.1,2024_31_london_wimbledon,2024_31_london_wimbledon_2024-07-05_R32_paolini_j_andreescu_b
tennis_data_uk,wta,2024,31,Wimbledon,London,2024-07-05,grand_slam,True,grass,R32,32,3,Sun L.,Zhu L.,123,61,616.0,997.0,2,0,7,6,7,6,,,,,,,completed,2.0,1.8,1.97,1.93,2.0,1.95,1.91,1.9,2024_31_london_wimbledon,2024_31_london_wimbledon_2024-07-05_R32_sun_l_zhu_l
tennis_data_uk,wta,2024,31,Wimbledon,London,2024-07-05,grand_slam,True,grass,R32,32,3,Badosa P.,Kasatkina D.,93,12,770.0,3283.0,2,1,7,6,4,6,6,4,,,,,completed,2.1,1.73,2.24,1.74,2.24,1.8,2.08,1.75,2024_31_london_wimbledon,2024_31_london_wimbledon_2024-07-05_R32_badosa_p_kasatkina_d
tennis_data_uk,wta,2024,31,Wimbledon,London,2024-07-05,grand_slam,True,grass,R32,32,3,Navarro E.,Shnaider D.,17,30,2323.0,1690.0,2,1,2,6,6,3,6,4,,,,,completed,1.67,2.2,1.65,2.4,1.73,2.4,1.66,2.25,2024_31_london_wimbledon,2024_31_london_wimbledon_2024-07-05_R32_navarro_e_shnaider_d
tennis_data_uk,wta,2024,31,Wimbledon,London,2024-07-05,grand_slam,True,grass,R32,32,3,Keys M.,Kostyuk M.,13,19,3068.0,2240.0,2,0,6,4,6,3,,,,,,,completed,1.25,4.0,1.27,4.24,1.29,4.24,1.26,3.84,2024_31_london_wimbledon,2024_31_london_wimbledon_2024-07-05_R32_keys_m_kostyuk_m
tennis_data_uk,wta,2024,31,Wimbledon,London,2024-07-05,grand_slam,True,grass,R32,32,3,Gauff C.,Kartal S.,2,298,7943.0,228.0,2,0,6,4,6,0,,,,,,,completed,1.07,9.0,1.08,10.63,1.09,10.63,1.07,8.7,2024_31_london_wimbledon,2024_31_london_wimbledon_2024-07-05_R32_gauff_c_kartal_s
tennis_data_uk,wta,2024,31,Wimbledon,London,2024-07-05,grand_slam,True,grass,R32,32,3,Raducanu E.,Sakkari M.,135,9,559.0,3805.0,2,0,6,2,6,3,,,,,,,completed,1.67,2.2,1.7,2.28,1.73,2.28,1.67,2.22,2024_31_london_wimbledon,2024_31_london_wimbledon_2024-07-05_R32_raducanu_e_sakkari_m
tennis_data_uk,wta,2024,31,Wimbledon,London,2024-07-05,grand_slam,True,grass,R32,32,3,Vekic D.,Yastremska D.,37,27,1488.0,1760.0,2,1,7,6,6,7,6,1,,,,,completed,1.36,3.2,1.39,3.27,1.41,3.27,1.38,3.08,2024_31_london_wimbledon,2024_31_london_wimbledon_2024-07-05_R32_vekic_d_yastremska_d
tennis_data_uk,wta,2024,31,Wimbledon,London,2024-07-06,grand_slam,True,grass,R32,32,3,Krejcikova B.,Bouzas Maneiro J.,32,83,1643.0,828.0,1,0,6,0,4,3,,,,,,,retired,1.36,3.2,1.41,3.15,1.43,3.2,1.39,3.03,2024_31_london_wimbledon,2024_31_london_wimbledon_2024-07-06_R32_krejcikova_b_bouzas_maneiro_j
tennis_data_uk,wta,2024,31,Wimbledon,London,2024-07-06,grand_slam,True,grass,R32,32,3,Ostapenko J.,Pera B.,14,97,3058.0,752.0,2,0,6,1,6,3,,,,,,,completed,1.2,4.5,1.21,5.09,1.23,5.09,1.2,4.59,2024_31_london_wimbledon,2024_31_london_wimbledon_2024-07-06_R32_ostapenko_j_pera_b
tennis_data_uk,wta,2024,31,Wimbledon,London,2024-07-06,grand_slam,True,grass,R32,32,3,Wang Xin.,Dart H.,42,100,1411.0,739.0,2,1,2,6,7,5,6,3,,,,,completed,1.44,2.75,1.44,3.02,1.46,3.07,1.43,2.84,2024_31_london_wimbledon,2024_31_london_wimbledon_2024-07-06_R32_wang_xin_dart_h
tennis_data_uk,wta,2024,31,Wimbledon,London,2024-07-06,grand_slam,True,grass,R32,32,3,Kalinskaya A.,Samsonova L.,18,15,2310.0,2830.0,2,0,7,6,6,2,,,,,,,completed,2.1,1.73,2.23,1.74,2.3,1.75,2.14,1.71,2024_31_london_wimbledon,2024_31_london_wimbledon_2024-07-06_R32_kalinskaya_a_samsonova_l
tennis_data_uk,wta,2024,31,Wimbledon,London,2024-07-06,grand_slam,True,grass,R32,32,3,Putintseva Y.,Swiatek I.,35,1,1553.0,11585.0,2,1,3,6,6,1,6,2,,,,,completed,8.0,1.08,7.84,1.12,8.58,1.14,7.16,1.1,2024_31_london_wimbledon,2024_31_london_wimbledon_2024-07-06_R32_putintseva_y_swiatek_i
tennis_data_uk,wta,2024,31,Wimbledon,London,2024-07-06,grand_slam,True,grass,R32,32,3,Svitolina E.,Jabeur O.,21,10,2100.0,3801.0,2,0,6,1,7,6,,,,,,,completed,2.63,1.5,2.75,1.51,2.76,1.56,2.63,1.49,2024_31_london_wimbledon,2024_31_london_wimbledon_2024-07-06_R32_svitolina_e_jabeur_o
tennis_data_uk,wta,2024,31,Wimbledon,London,2024-07-06,grand_slam,True,grass,R32,32,3,Collins D.,Haddad Maia B.,11,20,3532.0,2218.0,2,0,6,4,6,4,,,,,,,completed,1.57,2.38,1.53,2.68,1.57,2.68,1.53,2.5,2024_31_london_wimbledon,2024_31_london_wimbledon_2024-07-06_R32_collins_d_haddad_maia_b
tennis_data_uk,wta,2024,31,Wimbledon,London,2024-07-06,grand_slam,True,grass,R32,32,3,Rybakina E.,Wozniacki C.,4,91,6026.0,774.0,2,0,6,0,6,1,,,,,,,completed,1.29,3.75,1.29,3.97,1.34,3.97,1.29,3.69,2024_31_london_wimbledon,2024_31_london_wimbledon_2024-07-06_R32_rybakina_e_wozniacki_c
tennis_data_uk,wta,2024,31,Wimbledon,London,2024-07-07,grand_slam,True,grass,R16,16,3,Vekic D.,Badosa P.,37,93,1488.0,770.0,2,1,6,2,1,6,6,4,,,,,completed,2.1,1.73,2.08,1.84,2.1,1.84,2.02,1.79,2024_31_london_wimbledon,2024_31_london_wimbledon_2024-07-07_R16_vekic_d_badosa_p
tennis_data_uk,wta,2024,31,Wimbledon,London,2024-07-07,grand_slam,True,grass,R16,16,3,Paolini J.,Keys M.,7,13,4228.0,3068.0,1,1,6,3,6,7,5,5,,,,,retired,3.0,1.4,3.23,1.4,3.23,1.44,2.97,1.4,2024_31_london_wimbledon,2024_31_london_wimbledon_2024-07-07_R16_paolini_j_keys_m
tennis_data_uk,wta,2024,31,Wimbledon,London,2024-07-07,grand_slam,True,grass,R16,16,3,Sun L.,Raducanu E.,123,135,616.0,559.0,2,1,6,2,5,7,6,2,,,,,completed,5.0,1.17,5.86,1.17,5.86,1.22,4.97,1.18,2024_31_london_wimbledon,2024_31_london_wimbledon_2024-07-07_R16_sun_l_raducanu_e
tennis_data_uk,wta,2024,31,Wimbledon,London,2024-07-07,grand_slam,True,grass,R16,16,3,Navarro E.,Gauff C.,17,2,2323.0,7943.0,2,0,6,4,6,3,,,,,,,completed,3.75,1.29,3.75,1.32,4.0,1.32,3.69,1.29,2024_31_london_wimbledon,2024_31_london_wimbledon_2024-07-07_R16_navarro_e_gauff_c
tennis_data_uk,wta,2024,31,Wimbledon,London,2024-07-08,grand_slam,True,grass,R16,16,3,Rybakina E.,Kalinskaya A.,4,18,6026.0,2310.0,1,0,6,3,3,0,,,,,,,retired,1.29,3.75,1.3,3.92,1.33,3.92,1.29,3.61,2024_31_london_wimbledon,2024_31_london_wimbledon_2024-07-08_R16_rybakina_e_kalinskaya_a
tennis_data_uk,wta,2024,31,Wimbledon,London,2024-07-08,grand_slam,True,grass,R16,16,3,Svitolina E.,Wang Xin.,21,42,2100.0,1411.0,2,0,6,2,6,1,,,,,,,completed,1.44,2.75,1.41,3.15,1.45,3.15,1.41,2.9,2024_31_london_wimbledon,2024_31_london_wimbledon_2024-07-08_R16_svitolina_e_wang_xin
tennis_data_uk,wta,2024,31,Wimbledon,London,2024-07-08,grand_slam,True,grass,R16,16,3,Ostapenko J.,Putintseva Y.,14,35,3058.0,1553.0,2,0,6,2,6,3,,,,,,,completed,1.73,2.1,1.76,2.19,1.83,2.25,1.73,2.11,2024_31_london_wimbledon,2024_31_london_wimbledon_2024-07-08_R16_ostapenko_j_putintseva_y
tennis_data_uk,wta,2024,31,Wimbledon,London,2024-07-08,grand_slam,True,grass,R16,16,3,Krejcikova B.,Collins D.,32,11,1643.0,3532.0,2,0,7,5,6,3,,,,,,,completed,2.75,1.44,3.07,1.43,3.07,1.48,2.88,1.42,2024_31_london_wimbledon,2024_31_london_wimbledon_2024-07-08_R16_krejcikova_b_collins_d
tennis_data_uk,wta,2024,31,Wimbledon,London,2024-07-09,grand_slam,True,grass,QF,8,3,Vekic D.,Sun L.,37,123,1488.0,616.0,2,1,5,7,6,4,6,1,,,,,completed,1.3,3.5,1.34,3.58,1.35,3.58,1.32,3.4,2024_31_london_wimbledon,2024_31_london_wimbledon_2024-07-09_QF_vekic_d_sun_l
tennis_data_uk,wta,2024,31,Wimbledon,London,2024-07-09,grand_slam,True,grass,QF,8,3,Paolini J.,Navarro E.,7,17,4228.0,2323.0,2,0,6,2,6,1,,,,,,,completed,2.38,1.57,2.42,1.64,2.5,1.65,2.36,1.6,2024_31_london_wimbledon,2024_31_london_wimbledon_2024-07-09_QF_paolini_j_navarro_e
tennis_data_uk,wta,2024,31,Wimbledon,London,2024-07-10,grand_slam,True,grass,QF,8,3,Krejcikova B.,Ostapenko J.,32,14,1643.0,3058.0,2,0,6,4,7,6,,,,,,,completed,2.75,1.44,3.01,1.44,3.01,1.46,2.83,1.43,2024_31_london_wimbledon,2024_31_london_wimbledon_2024-07-10_QF_krejcikova_b_ostapenko_j
tennis_data_uk,wta,2024,31,Wimbledon,London,2024-07-10,grand_slam,True,grass,QF,8,3,Rybakina E.,Svitolina E.,4,21,6026.0,2100.0,2,0,6,3,6,2,,,,,,,completed,1.29,3.75,1.27,4.26,1.33,4.26,1.29,3.7,2024_31_london_wimbledon,2024_31_london_wimbledon_2024-07-10_QF_rybakina_e_svitolina_e
tennis_data_uk,wta,2024,31,Wimbledon,London,2024-07-11,grand_slam,True,grass,SF,4,3,Paolini J.,Vekic D.,7,37,4228.0,1488.0,2,1,2,6,6,4,7,6,,,,,completed,1.53,2.5,1.67,2.35,1.67,2.51,1.59,2.37,2024_31_london_wimbledon,2024_31_london_wimbledon_2024-07-11_SF_paolini_j_vekic_d
tennis_data_uk,wta,2024,31,Wimbledon,London,2024-07-11,grand_slam,True,grass,SF,4,3,Krejcikova B.,Rybakina E.,32,4,1643.0,6026.0,2,1,3,6,6,3,6,4,,,,,completed,4.5,1.2,5.61,1.18,5.66,1.23,4.95,1.18,2024_31_london_wimbledon,2024_31_london_wimbledon_2024-07-11_SF_krejcikova_b_rybakina_e
tennis_data_uk,wta,2024,31,Wimbledon,London,2024-07-13,grand_slam,True,grass,F,2,3,Krejcikova B.,Paolini J.,32,7,1643.0,4228.0,2,1,6,2,2,6,6,4,,,,,completed,1.73,2.2,1.79,2.15,1.8,2.25,1.74,2.13,2024_31_london_wimbledon,2024_31_london_wimbledon_2024-07-13_F_krejcikova_b_paolini_j
tennis_data_uk,wta,2024,32,Budapest Open,Budapest,2024-07-15,wta_250,True,clay,R32,32,3,Lamens S.,Gracheva V.,137,72,556.0,920.0,2,0,6,3,6,0,,,,,,,completed,3.2,1.36,3.02,1.42,3.2,1.44,2.91,1.39,2024_32_budapest_budapest_open,2024_32_budapest_budapest_open_2024-07-15_R32_lamens_s_gracheva_v
tennis_data_uk,wta,2024,32,Budapest Open,Budapest,2024-07-15,wta_250,True,clay,R32,32,3,Avanesyan E.,Frech M.,75,56,905.0,1049.0,2,0,7,6,6,4,,,,,,,completed,1.67,2.2,1.69,2.26,1.7,2.28,1.65,2.21,2024_32_budapest_budapest_open,2024_32_budapest_budapest_open_2024-07-15_R32_avanesyan_e_frech_m
tennis_data_uk,wta,2024,32,Budapest Open,Budapest,2024-07-15,wta_250,True,clay,R32,32,3,Monnet C.,Toth A.,221,371,339.0,164.0,2,0,6,1,6,1,,,,,,,completed,2.0,1.8,2.25,1.7,2.25,1.8,2.06,1.74,2024_32_budapest_budapest_open,2024_32_budapest_budapest_open_2024-07-15_R32_monnet_c_toth_a
tennis_data_uk,wta,2024,32,Budapest Open,Budapest,2024-07-15,wta_250,True,clay,R32,32,3,Masarova R.,Szabanin N.,117,572,622.0,80.0,2,0,6,2,6,3,,,,,,,completed,1.1,7.0,1.13,6.75,1.13,8.0,1.1,6.69,2024_32_budapest_budapest_open,2024_32_budapest_budapest_open_2024-07-15_R32_masarova_r_szabanin_n
tennis_data_uk,wta,2024,32,Budapest Open,Budapest,2024-07-15,wta_250,True,clay,R32,32,3,Schmiedlova A.,Rakhimova K.,79,104,880.0,706.0,2,1,3,6,6,4,6,0,,,,,completed,1.62,2.3,1.74,2.19,1.74,2.38,1.62,2.26,2024_32_budapest_budapest_open,2024_32_budapest_budapest_open_2024-07-15_R32_schmiedlova_a_rakhimova_k
tennis_data_uk,wta,2024,32,Budapest Open,Budapest,2024-07-15,wta_250,True,clay,R32,32,3,Sorribes Tormo S.,Topalova G.,59,234,995.0,320.0,2,1,4,6,6,3,7,5,,,,,completed,1.11,6.5,1.13,6.93,1.13,6.93,1.11,6.19,2024_32_budapest_budapest_open,2024_32_budapest_budapest_open_2024-07-15_R32_sorribes_tormo_s_topalova_g
tennis_data_uk,wta,2024,32,Budapest Open,Budapest,2024-07-15,wta_250,True,clay,R32,32,3,Timofeeva M.,Waltert S.,103,248,722.0,301.0,2,0,7,5,7,6,,,,,,,completed,1.91,1.91,2.05,1.83,2.1,1.91,1.94,1.83,2024_32_budapest_budapest_open,2024_32_budapest_budapest_open_2024-07-15_R32_timofeeva_m_waltert_s
tennis_data_uk,wta,2024,32,Budapest Open,Budapest,2024-07-15,wta_250,True,clay,R32,32,3,Sasnovich A.,Tomova V.,134,49,564.0,1166.0,2,1,2,6,6,2,6,4,,,,,completed,2.63,1.5,2.61,1.54,2.8,1.56,2.58,1.49,2024_32_budapest_budapest_open,2024_32_budapest_budapest_open_2024-07-15_R32_sasnovich_a_tomova_v
tennis_data_uk,wta,2024,32,Budapest Open,Budapest,2024-07-16,wta_250,True,clay,R32,32,3,Makarova E.,Babos T.,183,259,402.0,280.0,2,0,6,3,6,1,,,,,,,completed,2.5,1.53,2.62,1.53,2.85,1.54,2.54,1.5,2024_32_budapest_budapest_open,2024_32_budapest_budapest_open_2024-07-16_R32_makarova_e_babos_t
tennis_data_uk,wta,2024,32,Budapest Open,Budapest,2024-07-16,wta_250,True,clay,R32,32,3,Lys E.,Podoroska N.,129,71,584.0,923.0,2,0,6,3,6,0,,,,,,,completed,1.8,2.0,1.81,2.07,1.81,2.15,1.76,2.03,2024_32_budapest_budapest_open,2024_32_budapest_budapest_open_2024-07-16_R32_lys_e_podoroska_n
tennis_data_uk,wta,2024,32,Budapest Open,Budapest,2024-07-16,wta_250,True,clay,R32,32,3,Sramkova R.,Bulgaru M.,109,206,679.0,356.0,2,1,6,3,4,6,6,4,,,,,completed,1.4,3.0,1.42,3.03,1.45,3.05,1.39,2.92,2024_32_budapest_budapest_open,2024_32_budapest_budapest_open_2024-07-16_R32_sramkova_r_bulgaru_m
tennis_data_uk,wta,2024,32,Budapest Open,Budapest,2024-07-16,wta_250,True,clay,R32,32,3,Pera B.,Korpatsch T.,82,89,872.0,831.0,2,1,7,5,2,6,6,2,,,,,completed,1.36,3.2,1.39,3.18,1.4,3.3,1.35,3.13,2024_32_budapest_budapest_open,2024_32_budapest_budapest_open_2024-07-16_R32_pera_b_korpatsch_t
tennis_data_uk,wta,2024,32,Budapest Open,Budapest,2024-07-16,wta_250,True,clay,R32,32,3,Shnaider D.,Stollar F.,28,280,1795.0,239.0,2,1,6,3,3,6,6,4,,,,,completed,1.1,7.0,1.1,8.39,1.1,8.39,1.09,7.17,2024_32_budapest_budapest_open,2024_32_budapest_budapest_open_2024-07-16_R32_shnaider_d_stollar_f
tennis_data_uk,wta,2024,32,Budapest Open,Budapest,2024-07-16,wta_250,True,clay,R32,32,3,Seidel E.,Uchijima M.,166,69,446.0,930.0,1,0,6,1,1,0,,,,,,,retired,3.0,1.4,3.04,1.4,3.15,1.41,2.95,1.38,2024_32_budapest_budapest_open,2024_32_budapest_budapest_open_2024-07-16_R32_seidel_e_uchijima_m
tennis_data_uk,wta,2024,32,Budapest Open,Budapest,2024-07-16,wta_250,True,clay,R32,32,3,Wang Xiy.,Todoni A.,54,118,1075.0,621.0,2,0,7,6,7,5,,,,,,,completed,2.2,1.67,2.15,1.76,2.2,1.86,2.09,1.72,2024_32_budapest_budapest_open,2024_32_budapest_budapest_open_2024-07-16_R32_wang_xiy_todoni_a
tennis_data_uk,wta,2024,32,Budapest Open,Budapest,2024-07-16,wta_250,True,clay,R32,32,3,Bondar A.,Danilovic O.,98,150,759.0,509.0,2,0,7,6,6,4,,,,,,,completed,2.63,1.5,2.67,1.52,2.68,1.57,2.52,1.51,2024_32_budapest_budapest_open,2024_32_budapest_budapest_open_2024-07-16_R32_bondar_a_danilovic_o
tennis_data_uk,wta,2024,32,Budapest Open,Budapest,2024-07-17,wta_250,True,clay,R16,16,3,Sasnovich A.,Timofeeva M.,134,103,564.0,722.0,2,0,6,3,6,4,,,,,,,completed,1.67,2.2,1.63,2.4,1.69,2.4,1.63,2.25,2024_32_budapest_budapest_open,2024_32_budapest_budapest_open_2024-07-17_R16_sasnovich_a_timofeeva_m
tennis_data_uk,wta,2024,32,Budapest Open,Budapest,2024-07-17,wta_250,True,clay,R16,16,3,Lamens S.,Monnet C.,137,221,556.0,339.0,2,0,6,4,6,0,,,,,,,completed,1.29,3.75,1.32,3.65,1.32,3.75,1.29,3.52,2024_32_budapest_budapest_open,2024_32_budapest_budapest_open_2024-07-17_R16_lamens_s_monnet_c
tennis_data_uk,wta,2024,32,Budapest Open,Budapest,2024-07-17,wta_250,True,clay,R16,16,3,Avanesyan E.,Masarova R.,75,117,905.0,622.0,2,1,2,6,7,5,6,1,,,,,completed,1.44,2.75,1.51,2.74,1.5,2.94,1.44,2.73,2024_32_budapest_budapest_open,2024_32_budapest_budapest_open_2024-07-17_R16_avanesyan_e_masarova_r
tennis_data_uk,wta,2024,32,Budapest Open,Budapest,2024-07-17,wta_250,True,clay,R16,16,3,Schmiedlova A.,Sorribes Tormo S.,79,59,880.0,995.0,2,1,2,6,6,2,6,2,,,,,completed,2.3,1.62,2.37,1.65,2.38,1.7,2.28,1.61,2024_32_budapest_budapest_open,2024_32_budapest_budapest_open_2024-07-17_R16_schmiedlova_a_sorribes_tormo_s
tennis_data_uk,wta,2024,32,Budapest Open,Budapest,2024-07-18,wta_250,True,clay,R16,16,3,Lys E.,Pera B.,129,82,584.0,872.0,1,0,7,6,4,1,,,,,,,retired,2.38,1.57,2.33,1.65,2.38,1.68,2.27,1.61,2024_32_budapest_budapest_open,2024_32_budapest_budapest_open_2024-07-18_R16_lys_e_pera_b
tennis_data_uk,wta,2024,32,Budapest Open,Budapest,2024-07-18,wta_250,True,clay,R16,16,3,Sramkova R.,Wang Xiy.,109,54,679.0,1075.0,2,0,7,6,6,3,,,,,,,completed,2.3,1.62,2.27,1.7,2.48,1.7,2.3,1.61,2024_32_budapest_budapest_open,2024_32_budapest_budapest_open_2024-07-18_R16_sramkova_r_wang_xiy
tennis_data_uk,wta,2024,32,Budapest Open,Budapest,2024-07-18,wta_250,True,clay,R16,16,3,Shnaider D.,Makarova E.,28,183,1795.0,402.0,2,0,6,3,6,3,,,,,,,completed,1.08,8.0,1.1,8.68,1.1,8.68,1.08,7.34,2024_32_budapest_budapest_open,2024_32_budapest_budapest_open_2024-07-18_R16_shnaider_d_makarova_e
tennis_data_uk,wta,2024,32,Budapest Open,Budapest,2024-07-18,wta_250,True,clay,R16,16,3,Seidel E.,Bondar A.,166,98,446.0,759.0,2,0,7,5,7,5,,,,,,,completed,2.5,1.53,2.67,1.53,2.77,1.58,2.49,1.52,2024_32_budapest_budapest_open,2024_32_budapest_budapest_open_2024-07-18_R16_seidel_e_bondar_a
tennis_data_uk,wta,2024,32,Budapest Open,Budapest,2024-07-19,wta_250,True,clay,QF,8,3,Sasnovich A.,Lamens S.,134,137,564.0,556.0,2,1,6,4,2,6,6,4,,,,,completed,1.91,1.91,1.87,2.04,1.91,2.1,1.84,1.95,2024_32_budapest_budapest_open,2024_32_budapest_budapest_open_2024-07-19_QF_sasnovich_a_lamens_s
tennis_data_uk,wta,2024,32,Budapest Open,Budapest,2024-07-19,wta_250,True,clay,QF,8,3,Schmiedlova A.,Avanesyan E.,79,75,880.0,905.0,2,1,2,6,6,3,6,2,,,,,completed,2.63,1.5,2.55,1.58,2.63,1.59,2.46,1.54,2024_32_budapest_budapest_open,2024_32_budapest_budapest_open_2024-07-19_QF_schmiedlova_a_avanesyan_e
tennis_data_uk,wta,2024,32,Budapest Open,Budapest,2024-07-19,wta_250,True,clay,QF,8,3,Shnaider D.,Seidel E.,28,166,1795.0,446.0,2,0,6,4,6,2,,,,,,,completed,1.17,5.0,1.19,5.55,1.19,5.57,1.16,5.06,2024_32_budapest_budapest_open,2024_32_budapest_budapest_open_2024-07-19_QF_shnaider_d_seidel_e
tennis_data_uk,wta,2024,32,Budapest Open,Budapest,2024-07-19,wta_250,True,clay,QF,8,3,Lys E.,Sramkova R.,129,109,584.0,679.0,2,1,4,6,6,3,7,6,,,,,completed,1.62,2.3,1.66,2.36,1.67,2.42,1.61,2.28,2024_32_budapest_budapest_open,2024_32_budapest_budapest_open_2024-07-19_QF_lys_e_sramkova_r
tennis_data_uk,wta,2024,32,Budapest Open,Budapest,2024-07-20,wta_250,True,clay,SF,4,3,Sasnovich A.,Schmiedlova A.,134,79,564.0,880.0,2,1,6,3,3,6,7,5,,,,,completed,2.0,1.8,2.09,1.83,2.1,2.06,1.99,1.8,2024_32_budapest_budapest_open,2024_32_budapest_budapest_open_2024-07-20_SF_sasnovich_a_schmiedlova_a
tennis_data_uk,wta,2024,32,Budapest Open,Budapest,2024-07-20,wta_250,True,clay,SF,4,3,Shnaider D.,Lys E.,28,129,1795.0,584.0,2,0,6,3,6,3,,,,,,,completed,1.33,3.4,1.32,3.72,1.34,3.73,1.31,3.36,2024_32_budapest_budapest_open,2024_32_budapest_budapest_open_2024-07-20_SF_shnaider_d_lys_e
tennis_data_uk,wta,2024,32,Budapest Open,Budapest,2024-07-21,wta_250,True,clay,F,2,3,Shnaider D.,Sasnovich A.,28,134,1795.0,564.0,2,0,6,4,6,4,,,,,,,completed,1.22,4.33,1.21,4.99,1.24,4.99,1.21,4.36,2024_32_budapest_budapest_open,2024_32_budapest_budapest_open_2024-07-21_F_shnaider_d_sasnovich_a
tennis_data_uk,wta,2024,33,Internazionali Femminili di Palermo,Palermo,2024-07-15,wta_250,True,clay,R32,32,3,Noha Akugue N.,Barthel M.,197,202,383.0,370.0,2,1,6,4,2,6,6,2,,,,,completed,1.67,2.2,1.86,2.01,2.1,2.31,1.82,1.98,2024_33_palermo_internazionali_femminili_di_palermo,2024_33_palermo_internazionali_femminili_di_palermo_2024-07-15_R32_noha_akugue_n_barthel_m
tennis_data_uk,wta,2024,33,Internazionali Femminili di Palermo,Palermo,2024-07-15,wta_250,True,clay,R32,32,3,Sharma A.,Blinkova A.,151,74,497.0,910.0,2,0,6,0,7,5,,,,,,,completed,2.3,1.62,2.34,1.65,2.38,1.68,2.28,1.61,2024_33_palermo_internazionali_femminili_di_palermo,2024_33_palermo_internazionali_femminili_di_palermo_2024-07-15_R32_sharma_a_blinkova_a
tennis_data_uk,wta,2024,33,Internazionali Femminili di Palermo,Palermo,2024-07-15,wta_250,True,clay,R32,32,3,Teichmann J.,Ristic M.,211,301,348.0,218.0,2,0,6,1,6,1,,,,,,,completed,1.22,4.33,1.22,4.74,1.24,4.74,1.2,4.35,2024_33_palermo_internazionali_femminili_di_palermo,2024_33_palermo_internazionali_femminili_di_palermo_2024-07-15_R32_teichmann_j_ristic_m
tennis_data_uk,wta,2024,33,Internazionali Femminili di Palermo,Palermo,2024-07-15,wta_250,True,clay,R32,32,3,Muchova K.,Kawa K.,35,192,1618.0,389.0,1,0,7,6,5,1,,,,,,,retired,1.17,5.0,1.18,5.36,1.23,5.47,1.17,4.82,2024_33_palermo_internazionali_femminili_di_palermo,2024_33_palermo_internazionali_femminili_di_palermo_2024-07-15_R32_muchova_k_kawa_k
tennis_data_uk,wta,2024,33,Internazionali Femminili di Palermo,Palermo,2024-07-15,wta_250,True,clay,R32,32,3,Begu I.,Bassols M.,142,121,536.0,615.0,2,0,6,0,6,0,,,,,,,completed,1.17,5.0,1.15,6.05,1.2,6.05,1.15,5.29,2024_33_palermo_internazionali_femminili_di_palermo,2024_33_palermo_internazionali_femminili_di_palermo_2024-07-15_R32_begu_i_bassols_m
tennis_data_uk,wta,2024,33,Internazionali Femminili di Palermo,Palermo,2024-07-16,wta_250,True,clay,R32,32,3,Carle M.,Maria T.,93,60,801.0,994.0,2,1,5,7,6,1,6,1,,,,,completed,1.5,2.63,1.44,2.94,1.54,2.94,1.46,2.68,2024_33_palermo_internazionali_femminili_di_palermo,2024_33_palermo_internazionali_femminili_di_palermo_2024-07-16_R32_carle_m_maria_t
tennis_data_uk,wta,2024,33,Internazionali Femminili di Palermo,Palermo,2024-07-16,wta_250,True,clay,R32,32,3,Paquet C.,Zheng S.,115,1332,647.0,4.0,2,0,6,3,6,3,,,,,,,completed,1.06,10.0,1.1,8.12,1.1,10.0,1.07,8.41,2024_33_palermo_internazionali_femminili_di_palermo,2024_33_palermo_internazionali_femminili_di_palermo_2024-07-16_R32_paquet_c_zheng_s
tennis_data_uk,wta,2024,33,Internazionali Femminili di Palermo,Palermo,2024-07-16,wta_250,True,clay,R32,32,3,Rus A.,Trevisan M.,62,77,969.0,903.0,2,1,6,7,6,4,6,2,,,,,completed,2.0,1.8,2.05,1.83,2.08,1.83,2.0,1.79,2024_33_palermo_internazionali_femminili_di_palermo,2024_33_palermo_internazionali_femminili_di_palermo_2024-07-16_R32_rus_a_trevisan_m
tennis_data_uk,wta,2024,33,Internazionali Femminili di Palermo,Palermo,2024-07-16,wta_250,True,clay,R32,32,3,Parry D.,Gadecki O.,58,168,1019.0,442.0,2,1,4,6,6,4,6,4,,,,,completed,1.53,2.5,1.52,2.68,1.54,2.75,1.5,2.57,2024_33_palermo_internazionali_femminili_di_palermo,2024_33_palermo_internazionali_femminili_di_palermo_2024-07-16_R32_parry_d_gadecki_o
tennis_data_uk,wta,2024,33,Internazionali Femminili di Palermo,Palermo,2024-07-16,wta_250,True,clay,R32,32,3,Tomljanovic A.,Sherif M.,133,67,566.0,935.0,2,1,3,6,7,5,6,3,,,,,completed,2.63,1.5,2.72,1.5,2.77,1.51,2.66,1.46,2024_33_palermo_internazionali_femminili_di_palermo,2024_33_palermo_internazionali_femminili_di_palermo_2024-07-16_R32_tomljanovic_a_sherif_m
tennis_data_uk,wta,2024,33,Internazionali Femminili di Palermo,Palermo,2024-07-16,wta_250,True,clay,R32,32,3,Martic P.,Arango E.,99,120,751.0,616.0,2,0,6,2,6,3,,,,,,,completed,1.53,2.5,1.61,2.42,1.63,2.6,1.55,2.41,2024_33_palermo_internazionali_femminili_di_palermo,2024_33_palermo_internazionali_femminili_di_palermo_2024-07-16_R32_martic_p_arango_e
tennis_data_uk,wta,2024,33,Internazionali Femminili di Palermo,Palermo,2024-07-16,wta_250,True,clay,R32,32,3,Zheng Q.,Errani S.,7,96,4055.0,783.0,2,0,6,3,6,2,,,,,,,completed,1.14,5.5,1.14,6.5,1.17,6.5,1.13,5.65,2024_33_palermo_internazionali_femminili_di_palermo,2024_33_palermo_internazionali_femminili_di_palermo_2024-07-16_R32_zheng_q_errani_s
tennis_data_uk,wta,2024,33,Internazionali Femminili di Palermo,Palermo,2024-07-16,wta_250,True,clay,R32,32,3,Li A.,Stearns P.,127,52,592.0,1082.0,2,1,3,6,7,6,6,2,,,,,completed,2.63,1.5,2.59,1.54,2.75,1.58,2.48,1.52,2024_33_palermo_internazionali_femminili_di_palermo,2024_33_palermo_internazionali_femminili_di_palermo_2024-07-16_R32_li_a_stearns_p
tennis_data_uk,wta,2024,33,Internazionali Femminili di Palermo,Palermo,2024-07-16,wta_250,True,clay,R32,32,3,Bronzetti L.,Jacquemot E.,70,145,928.0,530.0,2,1,7,5,3,6,6,3,,,,,completed,1.5,2.63,1.57,2.52,1.57,2.63,1.52,2.48,2024_33_palermo_internazionali_femminili_di_palermo,2024_33_palermo_internazionali_femminili_di_palermo_2024-07-16_R32_bronzetti_l_jacquemot_e
tennis_data_uk,wta,2024,33,Internazionali Femminili di Palermo,Palermo,2024-07-16,wta_250,True,clay,R32,32,3,Cristian J.,Riera J.,66,113,936.0,650.0,2,0,6,3,6,2,,,,,,,completed,1.62,2.3,1.6,2.44,1.63,2.44,1.59,2.31,2024_33_palermo_internazionali_femminili_di_palermo,2024_33_palermo_internazionali_femminili_di_palermo_2024-07-16_R32_cristian_j_riera_j
tennis_data_uk,wta,2024,33,Internazionali Femminili di Palermo,Palermo,2024-07-17,wta_250,True,clay,R32,32,3,Andreeva E.,Semenistaja D.,92,122,804.0,601.0,2,0,6,1,6,2,,,,,,,completed,1.53,2.5,1.6,2.46,1.6,2.62,1.55,2.41,2024_33_palermo_internazionali_femminili_di_palermo,2024_33_palermo_internazionali_femminili_di_palermo_2024-07-17_R32_andreeva_e_semenistaja_d
tennis_data_uk,wta,2024,33,Internazionali Femminili di Palermo,Palermo,2024-07-17,wta_250,True,clay,R16,16,3,Begu I.,Rus A.,142,62,536.0,969.0,2,0,6,2,7,5,,,,,,,completed,1.5,2.63,1.48,2.82,1.5,2.87,1.46,2.68,2024_33_palermo_internazionali_femminili_di_palermo,2024_33_palermo_internazionali_femminili_di_palermo_2024-07-17_R16_begu_i_rus_a
tennis_data_uk,wta,2024,33,Internazionali Femminili di Palermo,Palermo,2024-07-17,wta_250,True,clay,R16,16,3,Parry D.,Teichmann J.,58,211,1019.0,348.0,2,1,6,2,6,7,6,2,,,,,completed,1.8,2.0,1.8,2.11,1.8,2.16,1.75,2.05,2024_33_palermo_internazionali_femminili_di_palermo,2024_33_palermo_internazionali_femminili_di_palermo_2024-07-17_R16_parry_d_teichmann_j
tennis_data_uk,wta,2024,33,Internazionali Femminili di Palermo,Palermo,2024-07-17,wta_250,True,clay,R16,16,3,Muchova K.,Noha Akugue N.,35,197,1618.0,383.0,2,1,6,7,6,2,6,3,,,,,completed,1.14,5.5,1.15,6.49,1.17,6.49,1.14,5.64,2024_33_palermo_internazionali_femminili_di_palermo,2024_33_palermo_internazionali_femminili_di_palermo_2024-07-17_R16_muchova_k_noha_akugue_n
tennis_data_uk,wta,2024,33,Internazionali Femminili di Palermo,Palermo,2024-07-17,wta_250,True,clay,R16,16,3,Sharma A.,Tomljanovic A.,151,133,497.0,566.0,2,1,6,4,3,6,6,1,,,,,completed,2.5,1.53,2.79,1.49,2.81,1.53,2.61,1.48,2024_33_palermo_internazionali_femminili_di_palermo,2024_33_palermo_internazionali_femminili_di_palermo_2024-07-17_R16_sharma_a_tomljanovic_a
tennis_data_uk,wta,2024,33,Internazionali Femminili di Palermo,Palermo,2024-07-18,wta_250,True,clay,R16,16,3,Li A.,Andreeva E.,127,92,592.0,804.0,2,1,6,3,4,6,6,4,,,,,completed,2.0,1.8,1.94,1.94,2.0,1.96,1.87,1.91,2024_33_palermo_internazionali_femminili_di_palermo,2024_33_palermo_internazionali_femminili_di_palermo_2024-07-18_R16_li_a_andreeva_e
tennis_data_uk,wta,2024,33,Internazionali Femminili di Palermo,Palermo,2024-07-18,wta_250,True,clay,R16,16,3,Paquet C.,Carle M.,115,93,647.0,801.0,2,0,6,3,6,1,,,,,,,completed,3.0,1.4,3.14,1.41,3.16,1.45,2.96,1.38,2024_33_palermo_internazionali_femminili_di_palermo,2024_33_palermo_internazionali_femminili_di_palermo_2024-07-18_R16_paquet_c_carle_m
tennis_data_uk,wta,2024,33,Internazionali Femminili di Palermo,Palermo,2024-07-18,wta_250,True,clay,R16,16,3,Cristian J.,Bronzetti L.,66,70,936.0,928.0,2,0,6,3,6,2,,,,,,,completed,1.53,2.5,1.61,2.45,1.73,2.5,1.6,2.31,2024_33_palermo_internazionali_femminili_di_palermo,2024_33_palermo_internazionali_femminili_di_palermo_2024-07-18_R16_cristian_j_bronzetti_l
tennis_data_uk,wta,2024,33,Internazionali Femminili di Palermo,Palermo,2024-07-18,wta_250,True,clay,R16,16,3,Zheng Q.,Martic P.,7,99,4055.0,751.0,2,0,6,4,6,4,,,,,,,completed,1.2,4.5,1.21,4.93,1.22,4.93,1.2,4.46,2024_33_palermo_internazionali_femminili_di_palermo,2024_33_palermo_internazionali_femminili_di_palermo_2024-07-18_R16_zheng_q_martic_p
tennis_data_uk,wta,2024,33,Internazionali Femminili di Palermo,Palermo,2024-07-19,wta_250,True,clay,QF,8,3,Parry D.,Paquet C.,58,115,1019.0,647.0,2,1,7,5,1,6,6,4,,,,,completed,1.36,3.2,1.36,3.44,1.42,3.44,1.35,3.17,2024_33_palermo_internazionali_femminili_di_palermo,2024_33_palermo_internazionali_femminili_di_palermo_2024-07-19_QF_parry_d_paquet_c
tennis_data_uk,wta,2024,33,Internazionali Femminili di Palermo,Palermo,2024-07-19,wta_250,True,clay,QF,8,3,Begu I.,Li A.,142,127,536.0,592.0,2,0,6,3,6,4,,,,,,,completed,1.36,3.2,1.34,3.56,1.36,3.56,1.32,3.3,2024_33_palermo_internazionali_femminili_di_palermo,2024_33_palermo_internazionali_femminili_di_palermo_2024-07-19_QF_begu_i_li_a
tennis_data_uk,wta,2024,33,Internazionali Femminili di Palermo,Palermo,2024-07-19,wta_250,True,clay,QF,8,3,Zheng Q.,Cristian J.,7,66,4055.0,936.0,2,0,6,1,6,1,,,,,,,completed,1.33,3.4,1.36,3.47,1.37,3.47,1.34,3.23,2024_33_palermo_internazionali_femminili_di_palermo,2024_33_palermo_internazionali_femminili_di_palermo_2024-07-19_QF_zheng_q_cristian_j
tennis_data_uk,wta,2024,33,Internazionali Femminili di Palermo,Palermo,2024-07-19,wta_250,True,clay,QF,8,3,Muchova K.,Sharma A.,35,151,1618.0,497.0,2,0,7,6,7,6,,,,,,,completed,1.4,3.0,1.39,3.26,1.4,3.26,1.37,3.05,2024_33_palermo_internazionali_femminili_di_palermo,2024_33_palermo_internazionali_femminili_di_palermo_2024-07-19_QF_muchova_k_sharma_a
tennis_data_uk,wta,2024,33,Internazionali Femminili di Palermo,Palermo,2024-07-20,wta_250,True,clay,SF,4,3,Zheng Q.,Parry D.,7,58,4055.0,1019.0,2,0,7,5,6,4,,,,,,,completed,1.25,4.0,1.25,4.46,1.29,4.46,1.24,3.93,2024_33_palermo_internazionali_femminili_di_palermo,2024_33_palermo_internazionali_femminili_di_palermo_2024-07-20_SF_zheng_q_parry_d
tennis_data_uk,wta,2024,33,Internazionali Femminili di Palermo,Palermo,2024-07-20,wta_250,True,clay,SF,4,3,Muchova K.,Begu I.,35,142,1618.0,536.0,2,0,6,1,6,1,,,,,,,completed,2.2,1.67,2.15,1.79,2.2,1.83,2.1,1.72,2024_33_palermo_internazionali_femminili_di_palermo,2024_33_palermo_internazionali_femminili_di_palermo_2024-07-20_SF_muchova_k_begu_i
tennis_data_uk,wta,2024,33,Internazionali Femminili di Palermo,Palermo,2024-07-21,wta_250,True,clay,F,2,3,Zheng Q.,Muchova K.,7,35,4055.0,1618.0,2,1,6,4,4,6,6,2,,,,,completed,1.57,2.38,1.67,2.35,1.67,2.38,1.6,2.3,2024_33_palermo_internazionali_femminili_di_palermo,2024_33_palermo_internazionali_femminili_di_palermo_2024-07-21_F_zheng_q_muchova_k
tennis_data_uk,wta,2024,34,Iasi Open,Iasi,2024-07-21,wta_250,True,clay,R32,32,3,Ruse E.G.,Tikhonova A.,147,198,510.0,383.0,2,1,6,3,5,7,6,1,,,,,completed,1.14,5.5,1.13,6.7,1.14,6.7,1.12,5.83,2024_34_iasi_iasi_open,2024_34_iasi_iasi_open_2024-07-21_R32_ruse_e_g_tikhonova_a
tennis_data_uk,wta,2024,34,Iasi Open,Iasi,2024-07-21,wta_250,True,clay,R32,32,3,Bassols M.,Bara I.,122,221,602.0,334.0,2,0,6,2,6,3,,,,,,,completed,1.73,2.1,1.79,2.11,1.79,2.21,1.74,2.05,2024_34_iasi_iasi_open,2024_34_iasi_iasi_open_2024-07-21_R32_bassols_m_bara_i
tennis_data_uk,wta,2024,34,Iasi Open,Iasi,2024-07-21,wta_250,True,clay,R32,32,3,Danilovic O.,Blinkova A.,148,72,509.0,910.0,2,1,6,2,5,7,6,1,,,,,completed,1.5,2.63,1.51,2.68,1.52,2.75,1.48,2.59,2024_34_iasi_iasi_open,2024_34_iasi_iasi_open_2024-07-21_R32_danilovic_o_blinkova_a
tennis_data_uk,wta,2024,34,Iasi Open,Iasi,2024-07-21,wta_250,True,clay,R32,32,3,Bulgaru M.,Maria T.,203,59,369.0,994.0,2,0,6,4,6,2,,,,,,,completed,2.0,1.8,2.11,1.79,2.13,1.82,2.02,1.76,2024_34_iasi_iasi_open,2024_34_iasi_iasi_open_2024-07-21_R32_bulgaru_m_maria_t
tennis_data_uk,wta,2024,34,Iasi Open,Iasi,2024-07-21,wta_250,True,clay,R32,32,3,Andreeva M.,Noha Akugue N.,32,169,1748.0,430.0,2,0,6,1,6,2,,,,,,,completed,1.06,10.0,1.08,10.12,1.08,14.76,1.05,9.44,2024_34_iasi_iasi_open,2024_34_iasi_iasi_open_2024-07-21_R32_andreeva_m_noha_akugue_n
tennis_data_uk,wta,2024,34,Iasi Open,Iasi,2024-07-22,wta_250,True,clay,R32,32,3,Avanesyan E.,Romero Gormaz L.,76,179,899.0,418.0,2,0,6,1,6,2,,,,,,,completed,1.25,4.0,1.27,4.05,1.33,4.38,1.25,3.82,2024_34_iasi_iasi_open,2024_34_iasi_iasi_open_2024-07-22_R32_avanesyan_e_romero_gormaz_l
tennis_data_uk,wta,2024,34,Iasi Open,Iasi,2024-07-22,wta_250,True,clay,R32,32,3,Paquet C.,Carle M.,106,89,693.0,816.0,2,0,6,4,6,2,,,,,,,completed,2.3,1.62,2.33,1.65,2.4,1.71,2.28,1.6,2024_34_iasi_iasi_open,2024_34_iasi_iasi_open_2024-07-22_R32_paquet_c_carle_m
tennis_data_uk,wta,2024,34,Iasi Open,Iasi,2024-07-22,wta_250,True,clay,R32,32,3,Martic P.,Parrizas Diaz N.,97,137,768.0,535.0,2,0,6,4,6,4,,,,,,,completed,1.5,2.63,1.45,2.9,1.5,2.9,1.45,2.69,2024_34_iasi_iasi_open,2024_34_iasi_iasi_open_2024-07-22_R32_martic_p_parrizas_diaz_n
tennis_data_uk,wta,2024,34,Iasi Open,Iasi,2024-07-22,wta_250,True,clay,R32,32,3,Waltert S.,Makarova E.,249,178,290.0,420.0,2,0,6,2,6,2,,,,,,,completed,1.25,4.0,1.28,3.9,1.28,4.12,1.25,3.79,2024_34_iasi_iasi_open,2024_34_iasi_iasi_open_2024-07-22_R32_waltert_s_makarova_e
tennis_data_uk,wta,2024,34,Iasi Open,Iasi,2024-07-22,wta_250,True,clay,R32,32,3,Todoni A.,Falei A.,119,199,610.0,382.0,0,0,5,0,,,,,,,,,retired,1.25,4.0,1.27,4.1,1.3,4.4,1.24,3.87,2024_34_iasi_iasi_open,2024_34_iasi_iasi_open_2024-07-22_R32_todoni_a_falei_a
tennis_data_uk,wta,2024,34,Iasi Open,Iasi,2024-07-22,wta_250,True,clay,R32,32,3,Janicijevic S.,Topalova G.,188,229,393.0,320.0,2,0,6,1,6,2,,,,,,,completed,1.53,2.5,1.54,2.61,1.54,2.65,1.5,2.51,2024_34_iasi_iasi_open,2024_34_iasi_iasi_open_2024-07-22_R32_janicijevic_s_topalova_g
tennis_data_uk,wta,2024,34,Iasi Open,Iasi,2024-07-22,wta_250,True,clay,R32,32,3,Bondar A.,Benoit M.,99,250,759.0,286.0,2,0,6,3,6,1,,,,,,,completed,1.67,2.2,1.67,2.31,1.67,2.31,1.64,2.22,2024_34_iasi_iasi_open,2024_34_iasi_iasi_open_2024-07-22_R32_bondar_a_benoit_m
tennis_data_uk,wta,2024,34,Iasi Open,Iasi,2024-07-22,wta_250,True,clay,R32,32,3,Boskovic L.,Timofeeva M.,202,160,371.0,460.0,2,0,7,5,6,1,,,,,,,completed,2.5,1.53,2.73,1.5,2.75,1.57,2.54,1.5,2024_34_iasi_iasi_open,2024_34_iasi_iasi_open_2024-07-22_R32_boskovic_l_timofeeva_m
tennis_data_uk,wta,2024,34,Iasi Open,Iasi,2024-07-22,wta_250,True,clay,R32,32,3,Lepchenko V.,Trevisan M.,187,74,393.0,903.0,2,1,5,7,6,4,6,3,,,,,completed,2.75,1.44,2.95,1.44,2.95,1.5,2.79,1.42,2024_34_iasi_iasi_open,2024_34_iasi_iasi_open_2024-07-22_R32_lepchenko_v_trevisan_m
tennis_data_uk,wta,2024,34,Iasi Open,Iasi,2024-07-22,wta_250,True,clay,R32,32,3,Cristian J.,Brancaccio N.,61,251,975.0,285.0,2,0,6,2,6,4,,,,,,,completed,1.33,3.4,1.28,3.99,1.33,4.01,1.28,3.63,2024_34_iasi_iasi_open,2024_34_iasi_iasi_open_2024-07-22_R32_cristian_j_brancaccio_n
tennis_data_uk,wta,2024,34,Iasi Open,Iasi,2024-07-23,wta_250,True,clay,R16,16,3,Janicijevic S.,Bulgaru M.,188,203,393.0,369.0,2,0,6,2,7,6,,,,,,,completed,1.8,2.0,1.84,2.06,1.85,2.06,1.8,1.98,2024_34_iasi_iasi_open,2024_34_iasi_iasi_open_2024-07-23_R16_janicijevic_s_bulgaru_m
tennis_data_uk,wta,2024,34,Iasi Open,Iasi,2024-07-23,wta_250,True,clay,R16,16,3,Paquet C.,Waltert S.,106,249,693.0,290.0,2,0,6,1,7,5,,,,,,,completed,1.8,2.0,1.93,1.96,1.93,2.02,1.84,1.94,2024_34_iasi_iasi_open,2024_34_iasi_iasi_open_2024-07-23_R16_paquet_c_waltert_s
tennis_data_uk,wta,2024,34,Iasi Open,Iasi,2024-07-23,wta_250,True,clay,R16,16,3,Bondar A.,Bassols M.,99,122,759.0,602.0,2,0,7,5,6,4,,,,,,,completed,1.36,3.2,1.37,3.36,1.4,3.53,1.34,3.2,2024_34_iasi_iasi_open,2024_34_iasi_iasi_open_2024-07-23_R16_bondar_a_bassols_m
tennis_data_uk,wta,2024,34,Iasi Open,Iasi,2024-07-23,wta_250,True,clay,R16,16,3,Avanesyan E.,Martic P.,76,97,899.0,768.0,2,1,6,2,5,7,6,4,,,,,completed,1.57,2.38,1.56,2.58,1.67,2.63,1.56,2.39,2024_34_iasi_iasi_open,2024_34_iasi_iasi_open_2024-07-23_R16_avanesyan_e_martic_p
tennis_data_uk,wta,2024,34,Iasi Open,Iasi,2024-07-23,wta_250,True,clay,R16,16,3,Danilovic O.,Todoni A.,148,119,509.0,610.0,2,0,6,1,6,1,,,,,,,completed,1.8,2.0,1.81,2.09,1.82,2.11,1.76,2.04,2024_34_iasi_iasi_open,2024_34_iasi_iasi_open_2024-07-23_R16_danilovic_o_todoni_a
tennis_data_uk,wta,2024,34,Iasi Open,Iasi,2024-07-23,wta_250,True,clay,R16,16,3,Boskovic L.,Lepchenko V.,202,187,371.0,393.0,2,0,6,3,6,4,,,,,,,completed,2.2,1.67,2.12,1.79,2.22,1.79,2.11,1.71,2024_34_iasi_iasi_open,2024_34_iasi_iasi_open_2024-07-23_R16_boskovic_l_lepchenko_v
tennis_data_uk,wta,2024,34,Iasi Open,Iasi,2024-07-23,wta_250,True,clay,R16,16,3,Andreeva M.,Sasnovich A.,32,104,1748.0,725.0,2,0,6,1,6,3,,,,,,,completed,1.14,5.5,1.15,6.31,1.17,6.4,1.13,5.66,2024_34_iasi_iasi_open,2024_34_iasi_iasi_open_2024-07-23_R16_andreeva_m_sasnovich_a
tennis_data_uk,wta,2024,34,Iasi Open,Iasi,2024-07-23,wta_250,True,clay,R16,16,3,Cristian J.,Ruse E.G.,61,147,975.0,510.0,2,1,6,4,6,7,6,2,,,,,completed,1.73,2.1,1.78,2.15,1.78,2.16,1.72,2.09,2024_34_iasi_iasi_open,2024_34_iasi_iasi_open_2024-07-23_R16_cristian_j_ruse_e_g
tennis_data_uk,wta,2024,34,Iasi Open,Iasi,2024-07-24,wta_250,True,clay,QF,8,3,Andreeva M.,Boskovic L.,32,202,1748.0,371.0,2,0,6,2,6,0,,,,,,,completed,1.04,13.0,1.07,12.22,1.07,13.0,1.05,9.93,2024_34_iasi_iasi_open,2024_34_iasi_iasi_open_2024-07-24_QF_andreeva_m_boskovic_l
tennis_data_uk,wta,2024,34,Iasi Open,Iasi,2024-07-24,wta_250,True,clay,QF,8,3,Danilovic O.,Bondar A.,148,99,509.0,759.0,2,0,7,5,6,2,,,,,,,completed,1.44,2.75,1.45,2.99,1.46,2.99,1.42,2.8,2024_34_iasi_iasi_open,2024_34_iasi_iasi_open_2024-07-24_QF_danilovic_o_bondar_a
tennis_data_uk,wta,2024,34,Iasi Open,Iasi,2024-07-24,wta_250,True,clay,QF,8,3,Paquet C.,Janicijevic S.,106,188,693.0,393.0,2,1,0,6,6,2,6,1,,,,,completed,1.62,2.3,1.64,2.41,1.64,2.42,1.59,2.31,2024_34_iasi_iasi_open,2024_34_iasi_iasi_open_2024-07-24_QF_paquet_c_janicijevic_s
tennis_data_uk,wta,2024,34,Iasi Open,Iasi,2024-07-25,wta_250,True,clay,QF,8,3,Avanesyan E.,Cristian J.,76,61,899.0,975.0,2,0,7,5,6,4,,,,,,,completed,1.8,2.0,1.81,2.12,1.81,2.12,1.77,2.06,2024_34_iasi_iasi_open,2024_34_iasi_iasi_open_2024-07-25_QF_avanesyan_e_cristian_j
tennis_data_uk,wta,2024,34,Iasi Open,Iasi,2024-07-25,wta_250,True,clay,SF,4,3,Andreeva M.,Danilovic O.,32,148,1748.0,509.0,2,1,3,6,6,3,7,6,,,,,completed,1.25,4.0,1.26,4.3,1.27,4.53,1.24,3.97,2024_34_iasi_iasi_open,2024_34_iasi_iasi_open_2024-07-25_SF_andreeva_m_danilovic_o
tennis_data_uk,wta,2024,34,Iasi Open,Iasi,2024-07-25,wta_250,True,clay,SF,4,3,Avanesyan E.,Paquet C.,76,106,899.0,693.0,2,0,6,2,6,3,,,,,,,completed,1.36,3.2,1.38,3.3,1.38,3.5,1.34,3.22,2024_34_iasi_iasi_open,2024_34_iasi_iasi_open_2024-07-25_SF_avanesyan_e_paquet_c
tennis_data_uk,wta,2024,34,Iasi Open,Iasi,2024-07-26,wta_250,True,clay,F,2,3,Andreeva M.,Avanesyan E.,32,76,1748.0,899.0,1,1,5,7,7,5,4,0,,,,,retired,1.36,3.2,1.41,3.14,1.41,3.2,1.38,2.98,2024_34_iasi_iasi_open,2024_34_iasi_iasi_open_2024-07-26_F_andreeva_m_avanesyan_e
tennis_data_uk,wta,2024,35,Prague Open,Prague,2024-07-21,wta_250,True,clay,R32,32,3,Jacquemot E.,Bouzas Maneiro J.,142,81,530.0,851.0,2,0,6,3,6,4,,,,,,,completed,2.38,1.57,2.39,1.63,2.4,1.67,2.28,1.61,2024_35_prague_prague_open,2024_35_prague_prague_open_2024-07-21_R32_jacquemot_e_bouzas_maneiro_j
tennis_data_uk,wta,2024,35,Prague Open,Prague,2024-07-21,wta_250,True,clay,R32,32,3,Seidel E.,Podoroska N.,150,85,503.0,831.0,2,1,6,4,2,6,6,1,,,,,completed,2.2,1.67,2.16,1.75,2.25,1.75,2.14,1.69,2024_35_prague_prague_open,2024_35_prague_prague_open_2024-07-21_R32_seidel_e_podoroska_n
tennis_data_uk,wta,2024,35,Prague Open,Prague,2024-07-21,wta_250,True,clay,R32,32,3,Tomova V.,Jamrichova R.,49,545,1166.0,89.0,2,0,7,6,6,3,,,,,,,completed,1.3,3.5,1.29,3.84,1.33,3.84,1.3,3.45,2024_35_prague_prague_open,2024_35_prague_prague_open_2024-07-21_R32_tomova_v_jamrichova_r
tennis_data_uk,wta,2024,35,Prague Open,Prague,2024-07-21,wta_250,True,clay,R32,32,3,Kalinina A.,Bejlek S.,47,125,1186.0,592.0,2,1,7,5,6,7,6,2,,,,,completed,1.44,2.75,1.47,2.81,1.52,2.81,1.46,2.66,2024_35_prague_prague_open,2024_35_prague_prague_open_2024-07-21_R32_kalinina_a_bejlek_s
tennis_data_uk,wta,2024,35,Prague Open,Prague,2024-07-21,wta_250,True,clay,R32,32,3,Masarova R.,Lamens S.,111,121,650.0,604.0,2,1,2,6,6,2,7,6,,,,,completed,1.57,2.38,1.65,2.34,1.74,2.45,1.6,2.3,2024_35_prague_prague_open,2024_35_prague_prague_open_2024-07-21_R32_masarova_r_lamens_s
tennis_data_uk,wta,2024,35,Prague Open,Prague,2024-07-22,wta_250,True,clay,R32,32,3,Selekhmeteva O.,Palicova B.,248,263,291.0,266.0,2,0,7,5,6,3,,,,,,,completed,1.25,4.0,1.24,4.44,1.26,4.53,1.23,4.05,2024_35_prague_prague_open,2024_35_prague_prague_open_2024-07-22_R32_selekhmeteva_o_palicova_b
tennis_data_uk,wta,2024,35,Prague Open,Prague,2024-07-22,wta_250,True,clay,R32,32,3,Linette M.,Barthel M.,48,193,1171.0,386.0,2,0,7,6,6,4,,,,,,,completed,1.25,4.0,1.26,4.42,1.29,4.42,1.24,3.86,2024_35_prague_prague_open,2024_35_prague_prague_open_2024-07-22_R32_linette_m_barthel_m
tennis_data_uk,wta,2024,35,Prague Open,Prague,2024-07-22,wta_250,True,clay,R32,32,3,Fett J.,Van Uytvanck A.,116,245,630.0,294.0,2,0,6,2,6,2,,,,,,,completed,2.0,1.8,2.13,1.78,2.13,1.82,2.03,1.75,2024_35_prague_prague_open,2024_35_prague_prague_open_2024-07-22_R32_fett_j_van_uytvanck_a
tennis_data_uk,wta,2024,35,Prague Open,Prague,2024-07-22,wta_250,True,clay,R32,32,3,Siniakova K.,Chirico L.,38,228,1546.0,321.0,2,1,7,5,4,6,6,3,,,,,completed,1.17,5.0,1.17,5.57,1.19,5.57,1.16,5.04,2024_35_prague_prague_open,2024_35_prague_prague_open_2024-07-22_R32_siniakova_k_chirico_l
tennis_data_uk,wta,2024,35,Prague Open,Prague,2024-07-22,wta_250,True,clay,R32,32,3,Shibahara E.,Korpatsch T.,257,92,274.0,802.0,2,1,7,6,3,6,7,5,,,,,completed,2.5,1.53,2.63,1.53,2.63,1.59,2.49,1.52,2024_35_prague_prague_open,2024_35_prague_prague_open_2024-07-22_R32_shibahara_e_korpatsch_t
tennis_data_uk,wta,2024,35,Prague Open,Prague,2024-07-22,wta_250,True,clay,R32,32,3,Samsonova L.,Wurth T.,13,461,2950.0,122.0,2,0,6,0,6,2,,,,,,,completed,2.1,1.73,2.19,1.74,2.2,1.74,2.12,1.7,2024_35_prague_prague_open,2024_35_prague_prague_open_2024-07-22_R32_samsonova_l_wurth_t
tennis_data_uk,wta,2024,35,Prague Open,Prague,2024-07-22,wta_250,True,clay,R32,32,3,Von Deichmann K.,Schmiedlova A.,241,70,297.0,918.0,2,0,6,4,6,4,,,,,,,completed,4.0,1.25,3.87,1.29,4.3,1.29,3.86,1.25,2024_35_prague_prague_open,2024_35_prague_prague_open_2024-07-22_R32_von_deichmann_k_schmiedlova_a
tennis_data_uk,wta,2024,35,Prague Open,Prague,2024-07-22,wta_250,True,clay,R32,32,3,Salkova D.,Sonmez Z.,135,130,545.0,568.0,2,0,6,4,6,0,,,,,,,completed,1.91,1.91,2.04,1.84,2.09,1.91,1.97,1.81,2024_35_prague_prague_open,2024_35_prague_prague_open_2024-07-22_R32_salkova_d_sonmez_z
tennis_data_uk,wta,2024,35,Prague Open,Prague,2024-07-22,wta_250,True,clay,R32,32,3,Frech M.,Sharma A.,57,149,1049.0,503.0,2,1,6,4,2,6,6,2,,,,,completed,1.5,2.63,1.49,2.76,1.53,2.8,1.47,2.63,2024_35_prague_prague_open,2024_35_prague_prague_open_2024-07-22_R32_frech_m_sharma_a
tennis_data_uk,wta,2024,35,Prague Open,Prague,2024-07-22,wta_250,True,clay,R32,32,3,Noskova L.,Zavatska K.,27,174,1835.0,425.0,2,0,6,3,6,2,,,,,,,completed,1.17,5.0,1.17,5.62,1.18,5.62,1.16,5.14,2024_35_prague_prague_open,2024_35_prague_prague_open_2024-07-22_R32_noskova_l_zavatska_k
tennis_data_uk,wta,2024,35,Prague Open,Prague,2024-07-22,wta_250,True,clay,R32,32,3,Lys E.,Soboleva A.,108,231,681.0,314.0,2,0,6,4,6,3,,,,,,,completed,1.22,4.33,1.27,4.08,1.27,4.5,1.22,4.17,2024_35_prague_prague_open,2024_35_prague_prague_open_2024-07-22_R32_lys_e_soboleva_a
tennis_data_uk,wta,2024,35,Prague Open,Prague,2024-07-23,wta_250,True,clay,R16,16,3,Linette M.,Masarova R.,48,111,1171.0,650.0,2,0,6,3,6,4,,,,,,,completed,1.53,2.5,1.58,2.5,1.62,2.6,1.55,2.39,2024_35_prague_prague_open,2024_35_prague_prague_open_2024-07-23_R16_linette_m_masarova_r
tennis_data_uk,wta,2024,35,Prague Open,Prague,2024-07-23,wta_250,True,clay,R16,16,3,Kalinina A.,Jacquemot E.,47,142,1186.0,530.0,2,1,7,5,3,6,6,2,,,,,completed,1.4,3.0,1.4,3.1,1.43,3.13,1.38,2.95,2024_35_prague_prague_open,2024_35_prague_prague_open_2024-07-23_R16_kalinina_a_jacquemot_e
tennis_data_uk,wta,2024,35,Prague Open,Prague,2024-07-23,wta_250,True,clay,R16,16,3,Selekhmeteva O.,Von Deichmann K.,248,241,291.0,297.0,2,0,6,1,6,2,,,,,,,completed,1.14,5.5,1.16,5.76,1.2,6.23,1.14,5.36,2024_35_prague_prague_open,2024_35_prague_prague_open_2024-07-23_R16_selekhmeteva_o_von_deichmann_k
tennis_data_uk,wta,2024,35,Prague Open,Prague,2024-07-23,wta_250,True,clay,R16,16,3,Frech M.,Salkova D.,57,135,1049.0,545.0,1,1,6,4,6,7,2,2,,,,,retired,1.57,2.38,1.59,2.47,1.63,2.47,1.58,2.33,2024_35_prague_prague_open,2024_35_prague_prague_open_2024-07-23_R16_frech_m_salkova_d
tennis_data_uk,wta,2024,35,Prague Open,Prague,2024-07-23,wta_250,True,clay,R16,16,3,Tomova V.,Fett J.,49,116,1166.0,630.0,2,0,6,3,6,4,,,,,,,completed,1.4,3.0,1.49,2.77,1.49,3.0,1.43,2.79,2024_35_prague_prague_open,2024_35_prague_prague_open_2024-07-23_R16_tomova_v_fett_j
tennis_data_uk,wta,2024,35,Prague Open,Prague,2024-07-23,wta_250,True,clay,R16,16,3,Samsonova L.,Siniakova K.,13,38,2950.0,1546.0,2,1,1,6,7,5,6,3,,,,,completed,4.0,1.25,4.41,1.24,4.5,1.28,4.05,1.23,2024_35_prague_prague_open,2024_35_prague_prague_open_2024-07-23_R16_samsonova_l_siniakova_k
tennis_data_uk,wta,2024,35,Prague Open,Prague,2024-07-23,wta_250,True,clay,R16,16,3,Seidel E.,Shibahara E.,150,257,503.0,274.0,2,0,6,2,7,5,,,,,,,completed,1.36,3.2,1.39,3.17,1.4,3.25,1.36,3.07,2024_35_prague_prague_open,2024_35_prague_prague_open_2024-07-23_R16_seidel_e_shibahara_e
tennis_data_uk,wta,2024,35,Prague Open,Prague,2024-07-23,wta_250,True,clay,R16,16,3,Noskova L.,Lys E.,27,108,1835.0,681.0,1,0,6,2,2,1,,,,,,,retired,1.4,3.0,1.4,3.11,1.43,3.22,1.38,2.95,2024_35_prague_prague_open,2024_35_prague_prague_open_2024-07-23_R16_noskova_l_lys_e
tennis_data_uk,wta,2024,35,Prague Open,Prague,2024-07-24,wta_250,True,clay,QF,8,3,Frech M.,Kalinina A.,57,47,1049.0,1186.0,2,1,2,6,6,0,6,1,,,,,completed,2.1,1.73,2.33,1.68,2.38,1.73,2.2,1.65,2024_35_prague_prague_open,2024_35_prague_prague_open_2024-07-24_QF_frech_m_kalinina_a
tennis_data_uk,wta,2024,35,Prague Open,Prague,2024-07-24,wta_250,True,clay,QF,8,3,Linette M.,Tomova V.,48,49,1171.0,1166.0,2,1,4,6,6,3,6,2,,,,,completed,1.8,2.0,1.77,2.18,1.8,2.18,1.75,2.06,2024_35_prague_prague_open,2024_35_prague_prague_open_2024-07-24_QF_linette_m_tomova_v
tennis_data_uk,wta,2024,35,Prague Open,Prague,2024-07-24,wta_250,True,clay,QF,8,3,Samsonova L.,Selekhmeteva O.,13,248,2950.0,291.0,2,1,2,6,6,3,7,5,,,,,completed,3.5,1.3,3.98,1.3,3.98,1.32,3.6,1.28,2024_35_prague_prague_open,2024_35_prague_prague_open_2024-07-24_QF_samsonova_l_selekhmeteva_o
tennis_data_uk,wta,2024,35,Prague Open,Prague,2024-07-24,wta_250,True,clay,QF,8,3,Noskova L.,Seidel E.,27,150,1835.0,503.0,2,0,6,1,6,3,,,,,,,completed,1.17,5.0,1.17,5.97,1.21,5.97,1.16,5.09,2024_35_prague_prague_open,2024_35_prague_prague_open_2024-07-24_QF_noskova_l_seidel_e
tennis_data_uk,wta,2024,35,Prague Open,Prague,2024-07-25,wta_250,True,clay,SF,4,3,Frech M.,Samsonova L.,57,13,1049.0,2950.0,1,1,3,6,6,0,4,2,,,,,retired,1.33,3.4,1.38,3.34,1.38,3.73,1.33,3.26,2024_35_prague_prague_open,2024_35_prague_prague_open_2024-07-25_SF_frech_m_samsonova_l
tennis_data_uk,wta,2024,35,Prague Open,Prague,2024-07-25,wta_250,True,clay,SF,4,3,Linette M.,Noskova L.,48,27,1171.0,1835.0,2,1,6,3,3,6,7,6,,,,,completed,3.2,1.36,3.19,1.41,3.3,1.41,3.21,1.33,2024_35_prague_prague_open,2024_35_prague_prague_open_2024-07-25_SF_linette_m_noskova_l
tennis_data_uk,wta,2024,35,Prague Open,Prague,2024-07-26,wta_250,True,clay,F,2,3,Linette M.,Frech M.,48,57,1171.0,1049.0,2,0,6,2,6,1,,,,,,,completed,1.73,2.1,1.72,2.26,1.73,2.26,1.69,2.16,2024_35_prague_prague_open,2024_35_prague_prague_open_2024-07-26_F_linette_m_frech_m
tennis_data_uk,wta,2024,36,Citi Open,Washington,2024-07-29,wta_500,True,hard,R32,32,3,Dolehide C.,Tsurenko L.,49,84,1100.0,818.0,2,1,6,1,3,6,6,4,,,,,completed,1.91,1.91,1.96,1.91,2.11,2.0,1.9,1.88,2024_36_washington_citi_open,2024_36_washington_citi_open_2024-07-29_R32_dolehide_c_tsurenko_l
tennis_data_uk,wta,2024,36,Citi Open,Washington,2024-07-29,wta_500,True,hard,R32,32,3,Pavlyuchenkova A.,Krueger A.,33,81,1717.0,829.0,2,1,6,3,4,6,6,4,,,,,completed,1.53,2.5,1.6,2.46,1.6,2.53,1.54,2.44,2024_36_washington_citi_open,2024_36_washington_citi_open_2024-07-29_R32_pavlyuchenkova_a_krueger_a
tennis_data_uk,wta,2024,36,Citi Open,Washington,2024-07-29,wta_500,True,hard,R32,32,3,Wang Y.,Pliskova Ka.,73,44,872.0,1255.0,2,1,5,7,6,3,6,0,,,,,completed,3.5,1.3,3.64,1.32,3.75,1.32,3.52,1.29,2024_36_washington_citi_open,2024_36_washington_citi_open_2024-07-29_R32_wang_y_pliskova_ka
tennis_data_uk,wta,2024,36,Citi Open,Washington,2024-07-29,wta_500,True,hard,R32,32,3,Montgomery R.,Rogers S.,131,376,554.0,159.0,2,0,7,5,6,3,,,,,,,completed,1.57,2.38,1.55,2.53,1.58,2.55,1.54,2.43,2024_36_washington_citi_open,2024_36_washington_citi_open_2024-07-29_R32_montgomery_r_rogers_s
tennis_data_uk,wta,2024,36,Citi Open,Washington,2024-07-30,wta_500,True,hard,R32,32,3,Raducanu E.,Mertens E.,89,35,799.0,1629.0,2,1,6,2,3,6,6,4,,,,,completed,1.4,3.0,1.46,2.86,1.48,3.0,1.44,2.75,2024_36_washington_citi_open,2024_36_washington_citi_open_2024-07-30_R32_raducanu_e_mertens_e
tennis_data_uk,wta,2024,36,Citi Open,Washington,2024-07-30,wta_500,True,hard,R32,32,3,Anisimova A.,Stephens S.,176,45,423.0,1217.0,2,0,6,3,7,5,,,,,,,completed,1.53,2.5,1.52,2.66,1.57,2.66,1.52,2.47,2024_36_washington_citi_open,2024_36_washington_citi_open_2024-07-30_R32_anisimova_a_stephens_s
tennis_data_uk,wta,2024,36,Citi Open,Washington,2024-07-30,wta_500,True,hard,R32,32,3,Rakhimova K.,Volynets K.,105,56,706.0,1027.0,2,0,6,4,6,3,,,,,,,completed,3.0,1.4,2.93,1.44,3.0,1.45,2.84,1.41,2024_36_washington_citi_open,2024_36_washington_citi_open_2024-07-30_R32_rakhimova_k_volynets_k
tennis_data_uk,wta,2024,36,Citi Open,Washington,2024-07-30,wta_500,True,hard,R32,32,3,Townsend T.,Potapova A.,78,42,844.0,1295.0,2,0,6,2,6,2,,,,,,,completed,2.38,1.57,2.55,1.56,2.65,1.59,2.43,1.54,2024_36_washington_citi_open,2024_36_washington_citi_open_2024-07-30_R32_townsend_t_potapova_a
tennis_data_uk,wta,2024,36,Citi Open,Washington,2024-07-30,wta_500,True,hard,R32,32,3,Bouzkova M.,Kessler M.,43,115,1275.0,636.0,2,1,6,4,4,6,6,2,,,,,completed,1.33,3.4,1.42,3.03,1.42,3.4,1.38,3.01,2024_36_washington_citi_open,2024_36_washington_citi_open_2024-07-30_R32_bouzkova_m_kessler_m
tennis_data_uk,wta,2024,36,Citi Open,Washington,2024-07-30,wta_500,True,hard,R32,32,3,Azarenka V.,Baptiste H.,20,97,2159.0,744.0,2,0,7,6,7,6,,,,,,,completed,1.25,4.0,1.26,4.15,1.26,4.15,1.24,3.95,2024_36_washington_citi_open,2024_36_washington_citi_open_2024-07-30_R32_azarenka_v_baptiste_h
tennis_data_uk,wta,2024,36,Citi Open,Washington,2024-07-30,wta_500,True,hard,R32,32,3,Stearns P.,Ngounoue C.,51,299,1082.0,222.0,2,0,6,3,7,6,,,,,,,completed,1.33,3.4,1.41,3.09,1.41,3.4,1.35,3.16,2024_36_washington_citi_open,2024_36_washington_citi_open_2024-07-30_R32_stearns_p_ngounoue_c
tennis_data_uk,wta,2024,36,Citi Open,Washington,2024-07-31,wta_500,True,hard,R32,32,3,Badosa P.,Kenin S.,62,54,940.0,1061.0,2,0,6,1,7,6,,,,,,,completed,1.3,3.5,1.27,4.01,1.34,4.01,1.29,3.53,2024_36_washington_citi_open,2024_36_washington_citi_open_2024-07-31_R32_badosa_p_kenin_s
tennis_data_uk,wta,2024,36,Citi Open,Washington,2024-07-31,wta_500,True,hard,R16,16,3,Anisimova A.,Pavlyuchenkova A.,176,33,423.0,1717.0,2,1,6,1,6,7,6,4,,,,,completed,1.8,2.0,1.83,2.06,1.87,2.1,1.81,1.98,2024_36_washington_citi_open,2024_36_washington_citi_open_2024-07-31_R16_anisimova_a_pavlyuchenkova_a
tennis_data_uk,wta,2024,36,Citi Open,Washington,2024-07-31,wta_500,True,hard,R16,16,3,Raducanu E.,Stearns P.,89,51,799.0,1082.0,2,0,7,6,6,2,,,,,,,completed,1.4,3.0,1.37,3.27,1.41,3.27,1.36,3.09,2024_36_washington_citi_open,2024_36_washington_citi_open_2024-07-31_R16_raducanu_e_stearns_p
tennis_data_uk,wta,2024,36,Citi Open,Washington,2024-08-01,wta_500,True,hard,R16,16,3,Sabalenka A.,Rakhimova K.,3,105,7061.0,706.0,2,1,7,5,4,6,6,4,,,,,completed,1.06,10.0,1.05,13.37,1.06,13.37,1.05,9.64,2024_36_washington_citi_open,2024_36_washington_citi_open_2024-08-01_R16_sabalenka_a_rakhimova_k
tennis_data_uk,wta,2024,36,Citi Open,Washington,2024-08-01,wta_500,True,hard,R16,16,3,Dolehide C.,Kasatkina D.,49,12,1100.0,3283.0,2,1,2,6,7,5,6,0,,,,,completed,3.4,1.33,3.25,1.38,3.5,1.38,3.26,1.33,2024_36_washington_citi_open,2024_36_washington_citi_open_2024-08-01_R16_dolehide_c_kasatkina_d
tennis_data_uk,wta,2024,36,Citi Open,Washington,2024-08-01,wta_500,True,hard,R16,16,3,Azarenka V.,Wang Y.,20,73,2159.0,872.0,2,1,6,1,6,7,6,3,,,,,completed,1.22,4.33,1.24,4.45,1.29,4.5,1.23,4.1,2024_36_washington_citi_open,2024_36_washington_citi_open_2024-08-01_R16_azarenka_v_wang_y
tennis_data_uk,wta,2024,36,Citi Open,Washington,2024-08-01,wta_500,True,hard,R16,16,3,Badosa P.,Samsonova L.,62,13,940.0,2950.0,1,0,6,2,,,,,,,,,retired,1.91,1.91,1.82,2.07,1.95,2.07,1.82,1.97,2024_36_washington_citi_open,2024_36_washington_citi_open_2024-08-01_R16_badosa_p_samsonova_l
tennis_data_uk,wta,2024,36,Citi Open,Washington,2024-08-01,wta_500,True,hard,R16,16,3,Bouzkova M.,Townsend T.,43,78,1275.0,844.0,2,0,7,5,7,6,,,,,,,completed,1.8,2.0,1.76,2.14,1.8,2.15,1.73,2.08,2024_36_washington_citi_open,2024_36_washington_citi_open_2024-08-01_R16_bouzkova_m_townsend_t
tennis_data_uk,wta,2024,36,Citi Open,Washington,2024-08-02,wta_500,True,hard,R16,16,3,Montgomery R.,Jabeur O.,131,16,554.0,2631.0,,,,,,,,,,,,,walkover,2.63,1.5,2.66,1.52,2.92,1.52,2.75,1.44,2024_36_washington_citi_open,2024_36_washington_citi_open_2024-08-02_R16_montgomery_r_jabeur_o
tennis_data_uk,wta,2024,36,Citi Open,Washington,2024-08-02,wta_500,True,hard,QF,8,3,Dolehide C.,Anisimova A.,49,176,1100.0,423.0,2,0,7,6,6,1,,,,,,,completed,2.75,1.44,2.81,1.5,3.0,1.51,2.76,1.43,2024_36_washington_citi_open,2024_36_washington_citi_open_2024-08-02_QF_dolehide_c_anisimova_a
tennis_data_uk,wta,2024,36,Citi Open,Washington,2024-08-02,wta_500,True,hard,QF,8,3,Badosa P.,Raducanu E.,62,89,940.0,799.0,2,1,4,6,7,5,6,4,,,,,completed,1.91,1.91,1.98,1.93,1.98,1.95,1.9,1.87,2024_36_washington_citi_open,2024_36_washington_citi_open_2024-08-02_QF_badosa_p_raducanu_e
tennis_data_uk,wta,2024,36,Citi Open,Washington,2024-08-02,wta_500,True,hard,QF,8,3,Bouzkova M.,Montgomery R.,43,131,1275.0,554.0,2,0,6,3,6,1,,,,,,,completed,1.53,2.5,1.58,2.56,1.58,2.75,1.5,2.54,2024_36_washington_citi_open,2024_36_washington_citi_open_2024-08-02_QF_bouzkova_m_montgomery_r
tennis_data_uk,wta,2024,36,Citi Open,Washington,2024-08-03,wta_500,True,hard,QF,8,3,Sabalenka A.,Azarenka V.,3,20,7061.0,2159.0,2,0,6,4,6,4,,,,,,,completed,1.33,3.4,1.32,3.72,1.36,3.89,1.31,3.4,2024_36_washington_citi_open,2024_36_washington_citi_open_2024-08-03_QF_sabalenka_a_azarenka_v
tennis_data_uk,wta,2024,36,Citi Open,Washington,2024-08-03,wta_500,True,hard,SF,4,3,Badosa P.,Dolehide C.,62,49,940.0,1100.0,2,0,6,3,6,3,,,,,,,completed,1.3,3.5,1.27,4.17,1.34,4.25,1.27,3.74,2024_36_washington_citi_open,2024_36_washington_citi_open_2024-08-03_SF_badosa_p_dolehide_c
tennis_data_uk,wta,2024,36,Citi Open,Washington,2024-08-03,wta_500,True,hard,SF,4,3,Bouzkova M.,Sabalenka A.,43,3,1275.0,7061.0,2,1,6,4,3,6,6,3,,,,,completed,5.5,1.14,5.76,1.18,5.76,1.19,5.07,1.16,2024_36_washington_citi_open,2024_36_washington_citi_open_2024-08-03_SF_bouzkova_m_sabalenka_a
tennis_data_uk,wta,2024,36,Citi Open,Washington,2024-08-04,wta_500,True,hard,F,2,3,Badosa P.,Bouzkova M.,62,43,940.0,1275.0,2,1,6,1,4,6,6,4,,,,,completed,1.5,2.63,1.5,2.78,1.5,2.78,1.47,2.64,2024_36_washington_citi_open,2024_36_washington_citi_open_2024-08-04_F_badosa_p_bouzkova_m
tennis_data_uk,wta,2024,37,Canadian Open,Toronto,2024-08-06,wta_1000,True,hard,R64,64,3,Kostyuk M.,Maria T.,20,67,2141.0,914.0,2,0,6,0,6,2,,,,,,,completed,1.1,7.0,1.12,7.52,1.12,7.52,1.1,6.8,2024_37_toronto_canadian_open,2024_37_toronto_canadian_open_2024-08-06_R64_kostyuk_m_maria_t
tennis_data_uk,wta,2024,37,Canadian Open,Toronto,2024-08-06,wta_1000,True,hard,R64,64,3,Frech M.,Potapova A.,50,44,1185.0,1295.0,2,1,4,6,6,3,6,0,,,,,completed,2.2,1.67,2.29,1.69,2.31,1.71,2.21,1.66,2024_37_toronto_canadian_open,2024_37_toronto_canadian_open_2024-08-06_R64_frech_m_potapova_a
tennis_data_uk,wta,2024,37,Canadian Open,Toronto,2024-08-06,wta_1000,True,hard,R64,64,3,Uchijima M.,Tomova V.,63,48,930.0,1200.0,2,0,7,6,6,2,,,,,,,completed,2.2,1.67,2.49,1.6,2.49,1.68,2.26,1.63,2024_37_toronto_canadian_open,2024_37_toronto_canadian_open_2024-08-06_R64_uchijima_m_tomova_v
tennis_data_uk,wta,2024,37,Canadian Open,Toronto,2024-08-06,wta_1000,True,hard,R64,64,3,Svitolina E.,Rogers S.,34,379,1650.0,160.0,2,0,6,0,6,2,,,,,,,completed,1.2,4.5,1.18,5.56,1.2,5.56,1.17,4.97,2024_37_toronto_canadian_open,2024_37_toronto_canadian_open_2024-08-06_R64_svitolina_e_rogers_s
tennis_data_uk,wta,2024,37,Canadian Open,Toronto,2024-08-06,wta_1000,True,hard,R64,64,3,Wang Y.,Kenin S.,72,55,903.0,1061.0,2,0,7,5,7,6,,,,,,,completed,1.91,1.91,1.97,1.92,1.97,1.95,1.9,1.89,2024_37_toronto_canadian_open,2024_37_toronto_canadian_open_2024-08-06_R64_wang_y_kenin_s
tennis_data_uk,wta,2024,37,Canadian Open,Toronto,2024-08-06,wta_1000,True,hard,R64,64,3,Azarenka V.,Pavlyuchenkova A.,19,29,2266.0,1776.0,2,0,6,2,6,2,,,,,,,completed,1.36,3.2,1.38,3.26,1.4,3.37,1.37,3.06,2024_37_toronto_canadian_open,2024_37_toronto_canadian_open_2024-08-06_R64_azarenka_v_pavlyuchenkova_a
tennis_data_uk,wta,2024,37,Canadian Open,Toronto,2024-08-06,wta_1000,True,hard,R64,64,3,Pliskova Ka.,Podoroska N.,45,87,1255.0,813.0,2,0,6,4,7,6,,,,,,,completed,1.29,3.75,1.28,4.02,1.33,4.15,1.28,3.62,2024_37_toronto_canadian_open,2024_37_toronto_canadian_open_2024-08-06_R64_pliskova_ka_podoroska_n
tennis_data_uk,wta,2024,37,Canadian Open,Toronto,2024-08-06,wta_1000,True,hard,R64,64,3,Townsend T.,Yastremska D.,71,27,903.0,1823.0,1,0,6,3,3,1,,,,,,,retired,,,2.01,1.87,2.15,1.95,1.93,1.87,2024_37_toronto_canadian_open,2024_37_toronto_canadian_open_2024-08-06_R64_townsend_t_yastremska_d
tennis_data_uk,wta,2024,37,Canadian Open,Toronto,2024-08-07,wta_1000,True,hard,R64,64,3,Tsurenko L.,Andreescu B.,85,175,818.0,425.0,2,1,0,6,6,3,6,4,,,,,completed,4.33,1.22,4.34,1.25,4.34,1.27,4.04,1.23,2024_37_toronto_canadian_open,2024_37_toronto_canadian_open_2024-08-07_R64_tsurenko_l_andreescu_b
tennis_data_uk,wta,2024,37,Canadian Open,Toronto,2024-08-07,wta_1000,True,hard,R64,64,3,Kalinskaya A.,Chirico L.,17,218,2550.0,335.0,2,0,6,2,6,3,,,,,,,completed,1.14,5.5,1.14,6.7,1.14,6.7,1.12,5.92,2024_37_toronto_canadian_open,2024_37_toronto_canadian_open_2024-08-07_R64_kalinskaya_a_chirico_l
tennis_data_uk,wta,2024,37,Canadian Open,Toronto,2024-08-07,wta_1000,True,hard,R64,64,3,Minnen G.,Stephens S.,74,47,878.0,1217.0,2,0,6,2,6,2,,,,,,,completed,2.3,1.62,2.21,1.74,2.3,1.74,2.19,1.66,2024_37_toronto_canadian_open,2024_37_toronto_canadian_open_2024-08-07_R64_minnen_g_stephens_s
tennis_data_uk,wta,2024,37,Canadian Open,Toronto,2024-08-07,wta_1000,True,hard,R64,64,3,Mertens E.,Volynets K.,35,57,1629.0,1027.0,2,0,6,3,6,1,,,,,,,completed,1.73,2.1,1.68,2.3,1.74,2.3,1.68,2.17,2024_37_toronto_canadian_open,2024_37_toronto_canadian_open_2024-08-07_R64_mertens_e_volynets_k
tennis_data_uk,wta,2024,37,Canadian Open,Toronto,2024-08-07,wta_1000,True,hard,R64,64,3,Haddad Maia B.,Bouzkova M.,22,36,2108.0,1587.0,2,1,5,7,6,2,7,6,,,,,completed,2.1,1.73,2.22,1.73,2.22,1.76,2.13,1.7,2024_37_toronto_canadian_open,2024_37_toronto_canadian_open_2024-08-07_R64_haddad_maia_b_bouzkova_m
tennis_data_uk,wta,2024,37,Canadian Open,Toronto,2024-08-07,wta_1000,True,hard,R64,64,3,Badosa P.,Tauson C.,40,62,1440.0,932.0,2,0,6,1,6,4,,,,,,,completed,1.3,3.5,1.27,4.11,1.31,4.11,1.27,3.69,2024_37_toronto_canadian_open,2024_37_toronto_canadian_open_2024-08-07_R64_badosa_p_tauson_c
tennis_data_uk,wta,2024,37,Canadian Open,Toronto,2024-08-07,wta_1000,True,hard,R64,64,3,Stakusic M.,Andreeva E.,160,88,471.0,804.0,2,1,6,7,6,1,6,4,,,,,completed,2.0,1.8,2.12,1.79,2.12,1.81,2.03,1.77,2024_37_toronto_canadian_open,2024_37_toronto_canadian_open_2024-08-07_R64_stakusic_m_andreeva_e
tennis_data_uk,wta,2024,37,Canadian Open,Toronto,2024-08-07,wta_1000,True,hard,R64,64,3,Shnaider D.,Dart H.,24,78,1930.0,859.0,2,1,6,3,3,6,7,6,,,,,completed,1.3,3.5,1.3,3.82,1.33,3.82,1.29,3.53,2024_37_toronto_canadian_open,2024_37_toronto_canadian_open_2024-08-07_R64_shnaider_d_dart_h
tennis_data_uk,wta,2024,37,Canadian Open,Toronto,2024-08-07,wta_1000,True,hard,R64,64,3,Stearns P.,Blinkova A.,53,68,1074.0,910.0,2,0,6,4,6,3,,,,,,,completed,1.44,2.75,1.48,2.84,1.5,2.84,1.45,2.71,2024_37_toronto_canadian_open,2024_37_toronto_canadian_open_2024-08-07_R64_stearns_p_blinkova_a
tennis_data_uk,wta,2024,37,Canadian Open,Toronto,2024-08-07,wta_1000,True,hard,R64,64,3,Anisimova A.,Dolehide C.,132,46,556.0,1247.0,2,0,6,1,6,4,,,,,,,completed,1.57,2.38,1.6,2.49,1.6,2.49,1.56,2.38,2024_37_toronto_canadian_open,2024_37_toronto_canadian_open_2024-08-07_R64_anisimova_a_dolehide_c
tennis_data_uk,wta,2024,37,Canadian Open,Toronto,2024-08-07,wta_1000,True,hard,R64,64,3,Linette M.,Marino R.,43,145,1361.0,532.0,2,0,6,3,6,4,,,,,,,completed,1.3,3.5,1.35,3.46,1.4,3.55,1.34,3.25,2024_37_toronto_canadian_open,2024_37_toronto_canadian_open_2024-08-07_R64_linette_m_marino_r
tennis_data_uk,wta,2024,37,Canadian Open,Toronto,2024-08-07,wta_1000,True,hard,R64,64,3,Osaka N.,Jabeur O.,95,16,739.0,2631.0,2,0,6,3,6,1,,,,,,,completed,1.5,2.63,1.53,2.66,1.57,2.66,1.51,2.52,2024_37_toronto_canadian_open,2024_37_toronto_canadian_open_2024-08-07_R64_osaka_n_jabeur_o
tennis_data_uk,wta,2024,37,Canadian Open,Toronto,2024-08-07,wta_1000,True,hard,R64,64,3,Krueger A.,Cocciaretto E.,82,61,829.0,947.0,2,0,6,3,6,2,,,,,,,completed,1.8,2.0,1.84,2.06,1.9,2.06,1.82,1.98,2024_37_toronto_canadian_open,2024_37_toronto_canadian_open_2024-08-07_R64_krueger_a_cocciaretto_e
tennis_data_uk,wta,2024,37,Canadian Open,Toronto,2024-08-07,wta_1000,True,hard,R64,64,3,Boulter K.,Pera B.,33,80,1676.0,842.0,2,1,6,4,3,6,6,1,,,,,completed,1.5,2.63,1.57,2.55,1.57,2.65,1.51,2.55,2024_37_toronto_canadian_open,2024_37_toronto_canadian_open_2024-08-07_R64_boulter_k_pera_b
tennis_data_uk,wta,2024,37,Canadian Open,Toronto,2024-08-07,wta_1000,True,hard,R64,64,3,Yuan Y.,Bucsa C.,42,60,1422.0,984.0,2,0,6,3,6,3,,,,,,,completed,1.53,2.5,1.57,2.55,1.66,2.55,1.57,2.37,2024_37_toronto_canadian_open,2024_37_toronto_canadian_open_2024-08-07_R64_yuan_y_bucsa_c
tennis_data_uk,wta,2024,37,Canadian Open,Toronto,2024-08-08,wta_1000,True,hard,R64,64,3,Fernandez L.A.,Hibino N.,25,159,1894.0,471.0,2,1,6,3,5,7,6,1,,,,,completed,1.25,4.0,,,1.25,5.0,1.24,4.1,2024_37_toronto_canadian_open,2024_37_toronto_canadian_open_2024-08-08_R64_fernandez_l_a_hibino_n
tennis_data_uk,wta,2024,37,Canadian Open,Toronto,2024-08-08,wta_1000,True,hard,R32,32,3,Pegula J.,Pliskova Ka.,6,45,4515.0,1255.0,2,0,7,5,6,4,,,,,,,completed,1.29,3.75,1.3,3.81,1.35,3.84,1.29,3.56,2024_37_toronto_canadian_open,2024_37_toronto_canadian_open_2024-08-08_R32_pegula_j_pliskova_ka
tennis_data_uk,wta,2024,37,Canadian Open,Toronto,2024-08-08,wta_1000,True,hard,R32,32,3,Kalinskaya A.,Tsurenko L.,17,85,2550.0,818.0,2,0,6,2,6,2,,,,,,,completed,1.25,4.0,1.27,4.17,1.27,4.25,1.25,3.94,2024_37_toronto_canadian_open,2024_37_toronto_canadian_open_2024-08-08_R32_kalinskaya_a_tsurenko_l
tennis_data_uk,wta,2024,37,Canadian Open,Toronto,2024-08-08,wta_1000,True,hard,R32,32,3,Kostyuk M.,Svitolina E.,20,34,2141.0,1650.0,2,1,6,2,2,6,6,2,,,,,completed,2.38,1.57,2.37,1.65,2.5,1.65,2.35,1.58,2024_37_toronto_canadian_open,2024_37_toronto_canadian_open_2024-08-08_R32_kostyuk_m_svitolina_e
tennis_data_uk,wta,2024,37,Canadian Open,Toronto,2024-08-08,wta_1000,True,hard,R32,32,3,Shnaider D.,Frech M.,24,50,1930.0,1185.0,2,1,2,6,6,3,7,6,,,,,completed,1.53,2.5,1.53,2.65,1.57,2.75,1.52,2.52,2024_37_toronto_canadian_open,2024_37_toronto_canadian_open_2024-08-08_R32_shnaider_d_frech_m
tennis_data_uk,wta,2024,37,Canadian Open,Toronto,2024-08-08,wta_1000,True,hard,R32,32,3,Samsonova L.,Uchijima M.,13,63,2820.0,930.0,2,0,6,4,6,2,,,,,,,completed,1.3,3.5,1.31,3.78,1.33,3.78,1.3,3.46,2024_37_toronto_canadian_open,2024_37_toronto_canadian_open_2024-08-08_R32_samsonova_l_uchijima_m
tennis_data_uk,wta,2024,37,Canadian Open,Toronto,2024-08-08,wta_1000,True,hard,R32,32,3,Gauff C.,Wang Y.,2,72,7703.0,903.0,2,0,6,4,6,4,,,,,,,completed,1.1,7.0,1.09,9.14,1.1,9.22,1.09,7.41,2024_37_toronto_canadian_open,2024_37_toronto_canadian_open_2024-08-08_R32_gauff_c_wang_y
tennis_data_uk,wta,2024,37,Canadian Open,Toronto,2024-08-08,wta_1000,True,hard,R32,32,3,Townsend T.,Stakusic M.,71,160,903.0,471.0,2,0,6,0,6,2,,,,,,,completed,1.44,2.75,1.56,2.57,1.61,2.78,1.51,2.55,2024_37_toronto_canadian_open,2024_37_toronto_canadian_open_2024-08-08_R32_townsend_t_stakusic_m
tennis_data_uk,wta,2024,37,Canadian Open,Toronto,2024-08-08,wta_1000,True,hard,R32,32,3,Navarro E.,Linette M.,15,43,2729.0,1361.0,2,0,6,2,6,4,,,,,,,completed,1.3,3.5,1.36,3.4,1.36,3.54,1.33,3.31,2024_37_toronto_canadian_open,2024_37_toronto_canadian_open_2024-08-08_R32_navarro_e_linette_m
tennis_data_uk,wta,2024,37,Canadian Open,Toronto,2024-08-08,wta_1000,True,hard,R32,32,3,Stearns P.,Keys M.,53,14,1074.0,2778.0,1,1,3,6,7,5,3,0,,,,,retired,3.2,1.36,3.13,1.41,3.2,1.43,3.02,1.37,2024_37_toronto_canadian_open,2024_37_toronto_canadian_open_2024-08-08_R32_stearns_p_keys_m
tennis_data_uk,wta,2024,37,Canadian Open,Toronto,2024-08-08,wta_1000,True,hard,R32,32,3,Krueger A.,Fernandez L.A.,82,25,829.0,1894.0,2,0,6,4,6,2,,,,,,,completed,2.75,1.44,3.17,1.4,3.17,1.44,2.94,1.39,2024_37_toronto_canadian_open,2024_37_toronto_canadian_open_2024-08-08_R32_krueger_a_fernandez_l_a
tennis_data_uk,wta,2024,37,Canadian Open,Toronto,2024-08-08,wta_1000,True,hard,R32,32,3,Boulter K.,Haddad Maia B.,33,22,1676.0,2108.0,0,0,1,1,,,,,,,,,retired,1.73,2.1,1.79,2.13,1.8,2.13,1.75,2.06,2024_37_toronto_canadian_open,2024_37_toronto_canadian_open_2024-08-08_R32_boulter_k_haddad_maia_b
tennis_data_uk,wta,2024,37,Canadian Open,Toronto,2024-08-08,wta_1000,True,hard,R32,32,3,Anisimova A.,Kasatkina D.,132,12,556.0,3283.0,2,0,6,4,6,3,,,,,,,completed,1.8,2.0,1.85,2.04,1.87,2.1,1.8,2.0,2024_37_toronto_canadian_open,2024_37_toronto_canadian_open_2024-08-08_R32_anisimova_a_kasatkina_d
tennis_data_uk,wta,2024,37,Canadian Open,Toronto,2024-08-08,wta_1000,True,hard,R32,32,3,Ostapenko J.,Badosa P.,11,40,3418.0,1440.0,2,1,3,6,7,6,6,2,,,,,completed,2.75,1.44,2.89,1.47,2.89,1.6,2.67,1.46,2024_37_toronto_canadian_open,2024_37_toronto_canadian_open_2024-08-08_R32_ostapenko_j_badosa_p
tennis_data_uk,wta,2024,37,Canadian Open,Toronto,2024-08-09,wta_1000,True,hard,R32,32,3,Sabalenka A.,Yuan Y.,3,42,7256.0,1422.0,2,0,6,2,6,2,,,,,,,completed,1.07,9.0,1.08,10.41,1.08,10.41,1.06,8.78,2024_37_toronto_canadian_open,2024_37_toronto_canadian_open_2024-08-09_R32_sabalenka_a_yuan_y
tennis_data_uk,wta,2024,37,Canadian Open,Toronto,2024-08-09,wta_1000,True,hard,R32,32,3,Azarenka V.,Minnen G.,19,74,2266.0,878.0,2,1,3,6,7,5,6,1,,,,,completed,1.17,5.0,1.17,5.7,1.21,5.7,1.17,4.98,2024_37_toronto_canadian_open,2024_37_toronto_canadian_open_2024-08-09_R32_azarenka_v_minnen_g
tennis_data_uk,wta,2024,37,Canadian Open,Toronto,2024-08-09,wta_1000,True,hard,R32,32,3,Mertens E.,Osaka N.,35,95,1629.0,739.0,2,0,6,3,6,4,,,,,,,completed,3.0,1.4,3.17,1.4,3.17,1.41,2.99,1.38,2024_37_toronto_canadian_open,2024_37_toronto_canadian_open_2024-08-09_R32_mertens_e_osaka_n
tennis_data_uk,wta,2024,37,Canadian Open,Toronto,2024-08-09,wta_1000,True,hard,R16,16,3,Townsend T.,Ostapenko J.,71,11,903.0,3418.0,2,0,6,2,6,1,,,,,,,completed,2.38,1.57,2.47,1.61,2.5,1.61,2.38,1.56,2024_37_toronto_canadian_open,2024_37_toronto_canadian_open_2024-08-09_R16_townsend_t_ostapenko_j
tennis_data_uk,wta,2024,37,Canadian Open,Toronto,2024-08-09,wta_1000,True,hard,R16,16,3,Navarro E.,Kostyuk M.,15,20,2729.0,2141.0,2,0,7,5,7,5,,,,,,,completed,1.62,2.3,1.66,2.38,1.69,2.46,1.61,2.3,2024_37_toronto_canadian_open,2024_37_toronto_canadian_open_2024-08-09_R16_navarro_e_kostyuk_m
tennis_data_uk,wta,2024,37,Canadian Open,Toronto,2024-08-09,wta_1000,True,hard,R16,16,3,Pegula J.,Krueger A.,6,82,4515.0,829.0,2,0,6,2,6,4,,,,,,,completed,1.29,3.75,1.27,4.23,1.29,4.23,1.25,3.86,2024_37_toronto_canadian_open,2024_37_toronto_canadian_open_2024-08-09_R16_pegula_j_krueger_a
tennis_data_uk,wta,2024,37,Canadian Open,Toronto,2024-08-09,wta_1000,True,hard,R16,16,3,Anisimova A.,Kalinskaya A.,132,17,556.0,2550.0,1,0,6,2,,,,,,,,,retired,2.38,1.57,2.54,1.58,2.54,1.62,2.41,1.56,2024_37_toronto_canadian_open,2024_37_toronto_canadian_open_2024-08-09_R16_anisimova_a_kalinskaya_a
tennis_data_uk,wta,2024,37,Canadian Open,Toronto,2024-08-09,wta_1000,True,hard,R16,16,3,Stearns P.,Azarenka V.,53,19,1074.0,2266.0,1,0,6,4,4,2,,,,,,,retired,3.2,1.36,3.19,1.41,3.21,1.42,3.04,1.37,2024_37_toronto_canadian_open,2024_37_toronto_canadian_open_2024-08-09_R16_stearns_p_azarenka_v
tennis_data_uk,wta,2024,37,Canadian Open,Toronto,2024-08-09,wta_1000,True,hard,R16,16,3,Samsonova L.,Mertens E.,13,35,2820.0,1629.0,2,0,6,2,6,4,,,,,,,completed,1.73,2.1,1.73,2.24,1.74,2.25,1.7,2.13,2024_37_toronto_canadian_open,2024_37_toronto_canadian_open_2024-08-09_R16_samsonova_l_mertens_e
tennis_data_uk,wta,2024,37,Canadian Open,Toronto,2024-08-10,wta_1000,True,hard,R16,16,3,Shnaider D.,Gauff C.,24,2,1930.0,7703.0,2,0,6,4,6,1,,,,,,,completed,4.5,1.2,5.27,1.2,5.51,1.2,4.7,1.19,2024_37_toronto_canadian_open,2024_37_toronto_canadian_open_2024-08-10_R16_shnaider_d_gauff_c
tennis_data_uk,wta,2024,37,Canadian Open,Toronto,2024-08-10,wta_1000,True,hard,R16,16,3,Sabalenka A.,Boulter K.,3,33,7256.0,1676.0,2,0,6,3,6,3,,,,,,,completed,1.17,5.0,1.17,5.85,1.19,5.9,1.16,5.17,2024_37_toronto_canadian_open,2024_37_toronto_canadian_open_2024-08-10_R16_sabalenka_a_boulter_k
tennis_data_uk,wta,2024,37,Canadian Open,Toronto,2024-08-10,wta_1000,True,hard,QF,8,3,Navarro E.,Townsend T.,15,71,2729.0,903.0,2,0,6,3,7,6,,,,,,,completed,1.44,2.75,1.47,2.92,1.47,2.92,1.44,2.75,2024_37_toronto_canadian_open,2024_37_toronto_canadian_open_2024-08-10_QF_navarro_e_townsend_t
tennis_data_uk,wta,2024,37,Canadian Open,Toronto,2024-08-10,wta_1000,True,hard,QF,8,3,Anisimova A.,Sabalenka A.,132,3,556.0,7256.0,2,0,6,4,6,2,,,,,,,completed,4.0,1.25,4.42,1.25,4.42,1.29,4.01,1.24,2024_37_toronto_canadian_open,2024_37_toronto_canadian_open_2024-08-10_QF_anisimova_a_sabalenka_a
tennis_data_uk,wta,2024,37,Canadian Open,Toronto,2024-08-11,wta_1000,True,hard,QF,8,3,Pegula J.,Stearns P.,6,53,4515.0,1074.0,2,0,6,4,7,5,,,,,,,completed,1.29,3.75,1.33,3.64,1.33,3.75,1.29,3.52,2024_37_toronto_canadian_open,2024_37_toronto_canadian_open_2024-08-11_QF_pegula_j_stearns_p
tennis_data_uk,wta,2024,37,Canadian Open,Toronto,2024-08-11,wta_1000,True,hard,QF,8,3,Shnaider D.,Samsonova L.,24,13,1930.0,2820.0,2,1,4,6,6,1,6,4,,,,,completed,2.1,1.73,2.22,1.74,2.28,1.81,2.11,1.72,2024_37_toronto_canadian_open,2024_37_toronto_canadian_open_2024-08-11_QF_shnaider_d_samsonova_l
tennis_data_uk,wta,2024,37,Canadian Open,Toronto,2024-08-11,wta_1000,True,hard,SF,4,3,Anisimova A.,Navarro E.,132,15,556.0,2729.0,2,1,6,3,2,6,6,2,,,,,completed,2.2,1.67,2.3,1.69,2.33,1.72,2.22,1.65,2024_37_toronto_canadian_open,2024_37_toronto_canadian_open_2024-08-11_SF_anisimova_a_navarro_e
tennis_data_uk,wta,2024,37,Canadian Open,Toronto,2024-08-11,wta_1000,True,hard,SF,4,3,Pegula J.,Shnaider D.,6,24,4515.0,1930.0,2,0,6,4,6,3,,,,,,,completed,1.5,2.63,1.58,2.54,1.58,2.7,1.51,2.52,2024_37_toronto_canadian_open,2024_37_toronto_canadian_open_2024-08-11_SF_pegula_j_shnaider_d
tennis_data_uk,wta,2024,37,Canadian Open,Toronto,2024-08-12,wta_1000,True,hard,F,2,3,Pegula J.,Anisimova A.,6,132,4515.0,556.0,2,1,6,3,2,6,6,1,,,,,completed,1.53,2.5,1.52,2.74,1.54,2.75,1.49,2.58,2024_37_toronto_canadian_open,2024_37_toronto_canadian_open_2024-08-12_F_pegula_j_anisimova_a
tennis_data_uk,wta,2024,38,Western & Southern Financial Group Women's Open,Cincinnati,2024-08-13,wta_1000,True,hard,R64,64,3,Gracheva V.,Tomljanovic A.,69,123,920.0,596.0,2,1,6,3,2,6,7,6,,,,,completed,1.73,2.1,1.79,2.12,1.79,2.23,1.72,2.11,2024_38_cincinnati_western_southern_financial_group_women_s_open,2024_38_cincinnati_western_southern_financial_group_women_s_open_2024-08-13_R64_gracheva_v_tomljanovic_a
tennis_data_uk,wta,2024,38,Western & Southern Financial Group Women's Open,Cincinnati,2024-08-13,wta_1000,True,hard,R64,64,3,Pliskova Ka.,Tomova V.,45,50,1260.0,1200.0,2,0,7,6,7,6,,,,,,,completed,1.44,2.75,1.49,2.81,1.49,2.9,1.44,2.75,2024_38_cincinnati_western_southern_financial_group_women_s_open,2024_38_cincinnati_western_southern_financial_group_women_s_open_2024-08-13_R64_pliskova_ka_tomova_v
tennis_data_uk,wta,2024,38,Western & Southern Financial Group Women's Open,Cincinnati,2024-08-13,wta_1000,True,hard,R64,64,3,Kostyuk M.,Mertens E.,21,32,2260.0,1689.0,2,1,6,4,2,6,6,4,,,,,completed,1.62,2.3,1.59,2.5,1.62,2.53,1.56,2.4,2024_38_cincinnati_western_southern_financial_group_women_s_open,2024_38_cincinnati_western_southern_financial_group_women_s_open_2024-08-13_R64_kostyuk_m_mertens_e
tennis_data_uk,wta,2024,38,Western & Southern Financial Group Women's Open,Cincinnati,2024-08-13,wta_1000,True,hard,R64,64,3,Sun L.,Noskova L.,64,29,955.0,1718.0,2,0,6,4,7,6,,,,,,,completed,2.38,1.57,2.5,1.59,2.5,1.6,2.38,1.57,2024_38_cincinnati_western_southern_financial_group_women_s_open,2024_38_cincinnati_western_southern_financial_group_women_s_open_2024-08-13_R64_sun_l_noskova_l
tennis_data_uk,wta,2024,38,Western & Southern Financial Group Women's Open,Cincinnati,2024-08-13,wta_1000,True,hard,R64,64,3,Krueger A.,Vekic D.,65,22,952.0,2138.0,2,1,5,7,7,6,6,2,,,,,completed,2.38,1.57,2.33,1.67,2.5,1.67,2.35,1.58,2024_38_cincinnati_western_southern_financial_group_women_s_open,2024_38_cincinnati_western_southern_financial_group_women_s_open_2024-08-13_R64_krueger_a_vekic_d
tennis_data_uk,wta,2024,38,Western & Southern Financial Group Women's Open,Cincinnati,2024-08-13,wta_1000,True,hard,R64,64,3,Kasatkina D.,Alexandrova E.,12,26,3158.0,1873.0,2,0,6,4,6,2,,,,,,,completed,1.67,2.2,1.66,2.34,1.73,2.34,1.65,2.23,2024_38_cincinnati_western_southern_financial_group_women_s_open,2024_38_cincinnati_western_southern_financial_group_women_s_open_2024-08-13_R64_kasatkina_d_alexandrova_e
tennis_data_uk,wta,2024,38,Western & Southern Financial Group Women's Open,Cincinnati,2024-08-13,wta_1000,True,hard,R64,64,3,Cocciaretto E.,Montgomery R.,66,109,947.0,660.0,2,1,7,5,4,6,6,3,,,,,completed,1.8,2.0,1.88,2.02,1.88,2.1,1.81,1.98,2024_38_cincinnati_western_southern_financial_group_women_s_open,2024_38_cincinnati_western_southern_financial_group_women_s_open_2024-08-13_R64_cocciaretto_e_montgomery_r
tennis_data_uk,wta,2024,38,Western & Southern Financial Group Women's Open,Cincinnati,2024-08-14,wta_1000,True,hard,R64,64,3,Svitolina E.,Wang Y.,30,62,1714.0,997.0,2,1,5,7,6,3,6,2,,,,,completed,1.25,4.0,1.27,4.11,1.27,4.25,1.25,3.93,2024_38_cincinnati_western_southern_financial_group_women_s_open,2024_38_cincinnati_western_southern_financial_group_women_s_open_2024-08-14_R64_svitolina_e_wang_y
tennis_data_uk,wta,2024,38,Western & Southern Financial Group Women's Open,Cincinnati,2024-08-14,wta_1000,True,hard,R64,64,3,Linette M.,Boulter K.,43,31,1366.0,1706.0,2,1,2,6,6,0,7,5,,,,,completed,2.38,1.57,2.42,1.63,2.44,1.63,2.34,1.58,2024_38_cincinnati_western_southern_financial_group_women_s_open,2024_38_cincinnati_western_southern_financial_group_women_s_open_2024-08-14_R64_linette_m_boulter_k
tennis_data_uk,wta,2024,38,Western & Southern Financial Group Women's Open,Cincinnati,2024-08-14,wta_1000,True,hard,R64,64,3,Potapova A.,Burel C.,44,57,1304.0,1057.0,2,1,6,4,2,6,6,1,,,,,completed,1.73,2.1,1.78,2.15,1.82,2.15,1.74,2.07,2024_38_cincinnati_western_southern_financial_group_women_s_open,2024_38_cincinnati_western_southern_financial_group_women_s_open_2024-08-14_R64_potapova_a_burel_c
tennis_data_uk,wta,2024,38,Western & Southern Financial Group Women's Open,Cincinnati,2024-08-14,wta_1000,True,hard,R64,64,3,Putintseva Y.,Dart H.,33,77,1681.0,864.0,2,1,4,6,6,0,6,1,,,,,completed,1.33,3.4,1.37,3.32,1.37,3.4,1.33,3.23,2024_38_cincinnati_western_southern_financial_group_women_s_open,2024_38_cincinnati_western_southern_financial_group_women_s_open_2024-08-14_R64_putintseva_y_dart_h
tennis_data_uk,wta,2024,38,Western & Southern Financial Group Women's Open,Cincinnati,2024-08-14,wta_1000,True,hard,R64,64,3,Avanesyan E.,Andreescu B.,60,166,1002.0,434.0,2,0,6,4,7,5,,,,,,,completed,2.63,1.5,2.85,1.47,2.85,1.53,2.71,1.46,2024_38_cincinnati_western_southern_financial_group_women_s_open,2024_38_cincinnati_western_southern_financial_group_women_s_open_2024-08-14_R64_avanesyan_e_andreescu_b
tennis_data_uk,wta,2024,38,Western & Southern Financial Group Women's Open,Cincinnati,2024-08-14,wta_1000,True,hard,R64,64,3,Shnaider D.,Zhang S.,20,689,2295.0,50.0,2,0,6,1,6,4,,,,,,,completed,1.03,15.0,1.04,17.46,1.05,17.46,1.03,11.59,2024_38_cincinnati_western_southern_financial_group_women_s_open,2024_38_cincinnati_western_southern_financial_group_women_s_open_2024-08-14_R64_shnaider_d_zhang_s
tennis_data_uk,wta,2024,38,Western & Southern Financial Group Women's Open,Cincinnati,2024-08-14,wta_1000,True,hard,R64,64,3,Badosa P.,Stearns P.,37,46,1505.0,1259.0,2,0,6,2,7,5,,,,,,,completed,1.36,3.2,1.37,3.34,1.38,3.34,1.36,3.13,2024_38_cincinnati_western_southern_financial_group_women_s_open,2024_38_cincinnati_western_southern_financial_group_women_s_open_2024-08-14_R64_badosa_p_stearns_p
tennis_data_uk,wta,2024,38,Western & Southern Financial Group Women's Open,Cincinnati,2024-08-14,wta_1000,True,hard,R64,64,3,Kalinskaya A.,Siniakova K.,16,36,2660.0,1546.0,2,1,1,6,6,2,6,3,,,,,completed,1.53,2.5,1.5,2.76,1.57,2.76,1.5,2.55,2024_38_cincinnati_western_southern_financial_group_women_s_open,2024_38_cincinnati_western_southern_financial_group_women_s_open_2024-08-14_R64_kalinskaya_a_siniakova_k
tennis_data_uk,wta,2024,38,Western & Southern Financial Group Women's Open,Cincinnati,2024-08-14,wta_1000,True,hard,R64,64,3,Fernandez L.A.,Yuan Y.,27,40,1854.0,1457.0,2,1,3,6,6,4,6,3,,,,,completed,1.33,3.4,1.35,3.47,1.35,3.5,1.32,3.34,2024_38_cincinnati_western_southern_financial_group_women_s_open,2024_38_cincinnati_western_southern_financial_group_women_s_open_2024-08-14_R64_fernandez_l_a_yuan_y
tennis_data_uk,wta,2024,38,Western & Southern Financial Group Women's Open,Cincinnati,2024-08-14,wta_1000,True,hard,R64,64,3,Townsend T.,Dolehide C.,53,47,1137.0,1232.0,2,1,3,6,6,4,7,6,,,,,completed,1.36,3.2,1.4,3.15,1.42,3.2,1.38,3.0,2024_38_cincinnati_western_southern_financial_group_women_s_open,2024_38_cincinnati_western_southern_financial_group_women_s_open_2024-08-14_R64_townsend_t_dolehide_c
tennis_data_uk,wta,2024,38,Western & Southern Financial Group Women's Open,Cincinnati,2024-08-14,wta_1000,True,hard,R64,64,3,Bouzas Maneiro J.,Bronzetti L.,91,68,781.0,928.0,2,1,6,4,3,6,7,6,,,,,completed,2.0,1.8,2.03,1.85,2.2,1.95,2.0,1.8,2024_38_cincinnati_western_southern_financial_group_women_s_open,2024_38_cincinnati_western_southern_financial_group_women_s_open_2024-08-14_R64_bouzas_maneiro_j_bronzetti_l
tennis_data_uk,wta,2024,38,Western & Southern Financial Group Women's Open,Cincinnati,2024-08-14,wta_1000,True,hard,R64,64,3,Samsonova L.,Wang Xin.,17,39,2450.0,1471.0,2,0,6,4,6,4,,,,,,,completed,1.44,2.75,1.56,2.58,1.56,2.75,1.47,2.66,2024_38_cincinnati_western_southern_financial_group_women_s_open,2024_38_cincinnati_western_southern_financial_group_women_s_open_2024-08-14_R64_samsonova_l_wang_xin
tennis_data_uk,wta,2024,38,Western & Southern Financial Group Women's Open,Cincinnati,2024-08-14,wta_1000,True,hard,R64,64,3,Andreeva M.,Navarro E.,24,13,1968.0,3038.0,2,0,6,2,6,2,,,,,,,completed,2.1,1.73,2.2,1.74,2.2,1.75,2.11,1.72,2024_38_cincinnati_western_southern_financial_group_women_s_open,2024_38_cincinnati_western_southern_financial_group_women_s_open_2024-08-14_R64_andreeva_m_navarro_e
tennis_data_uk,wta,2024,38,Western & Southern Financial Group Women's Open,Cincinnati,2024-08-14,wta_1000,True,hard,R64,64,3,Muchova K.,Yastremska D.,35,34,1646.0,1673.0,2,0,7,6,6,2,,,,,,,completed,1.3,3.5,1.28,4.0,1.33,4.25,1.27,3.72,2024_38_cincinnati_western_southern_financial_group_women_s_open,2024_38_cincinnati_western_southern_financial_group_women_s_open_2024-08-14_R64_muchova_k_yastremska_d
tennis_data_uk,wta,2024,38,Western & Southern Financial Group Women's Open,Cincinnati,2024-08-14,wta_1000,True,hard,R64,64,3,Pavlyuchenkova A.,Haddad Maia B.,28,23,1776.0,2113.0,2,1,4,6,7,6,6,3,,,,,completed,1.67,2.2,1.66,2.34,1.74,2.35,1.66,2.21,2024_38_cincinnati_western_southern_financial_group_women_s_open,2024_38_cincinnati_western_southern_financial_group_women_s_open_2024-08-14_R64_pavlyuchenkova_a_haddad_maia_b
tennis_data_uk,wta,2024,38,Western & Southern Financial Group Women's Open,Cincinnati,2024-08-15,wta_1000,True,hard,R64,64,3,Frech M.,Bouzkova M.,48,38,1220.0,1495.0,2,1,3,6,6,4,6,3,,,,,completed,2.63,1.5,2.65,1.53,2.75,1.53,2.59,1.49,2024_38_cincinnati_western_southern_financial_group_women_s_open,2024_38_cincinnati_western_southern_financial_group_women_s_open_2024-08-15_R64_frech_m_bouzkova_m
tennis_data_uk,wta,2024,38,Western & Southern Financial Group Women's Open,Cincinnati,2024-08-15,wta_1000,True,hard,R64,64,3,Wozniacki C.,Kalinina A.,84,51,844.0,1186.0,2,0,6,2,6,4,,,,,,,completed,1.5,2.63,1.5,2.76,1.51,2.8,1.48,2.64,2024_38_cincinnati_western_southern_financial_group_women_s_open,2024_38_cincinnati_western_southern_financial_group_women_s_open_2024-08-15_R64_wozniacki_c_kalinina_a
tennis_data_uk,wta,2024,38,Western & Southern Financial Group Women's Open,Cincinnati,2024-08-14,wta_1000,True,hard,R32,32,3,Kostyuk M.,Sun L.,21,64,2260.0,955.0,2,0,6,3,7,5,,,,,,,completed,1.44,2.75,1.46,2.91,1.5,2.92,1.44,2.76,2024_38_cincinnati_western_southern_financial_group_women_s_open,2024_38_cincinnati_western_southern_financial_group_women_s_open_2024-08-14_R32_kostyuk_m_sun_l
tennis_data_uk,wta,2024,38,Western & Southern Financial Group Women's Open,Cincinnati,2024-08-15,wta_1000,True,hard,R32,32,3,Swiatek I.,Gracheva V.,1,69,10655.0,920.0,2,1,6,0,6,7,6,2,,,,,completed,1.05,11.0,1.03,19.93,1.05,19.93,1.03,12.48,2024_38_cincinnati_western_southern_financial_group_women_s_open,2024_38_cincinnati_western_southern_financial_group_women_s_open_2024-08-15_R32_swiatek_i_gracheva_v
tennis_data_uk,wta,2024,38,Western & Southern Financial Group Women's Open,Cincinnati,2024-08-15,wta_1000,True,hard,R32,32,3,Svitolina E.,Bouzas Maneiro J.,30,91,1714.0,781.0,2,0,6,4,6,1,,,,,,,completed,1.17,5.0,1.16,6.01,1.18,6.01,1.16,5.1,2024_38_cincinnati_western_southern_financial_group_women_s_open,2024_38_cincinnati_western_southern_financial_group_women_s_open_2024-08-15_R32_svitolina_e_bouzas_maneiro_j
tennis_data_uk,wta,2024,38,Western & Southern Financial Group Women's Open,Cincinnati,2024-08-15,wta_1000,True,hard,R32,32,3,Fernandez L.A.,Rybakina E.,27,4,1854.0,6026.0,2,1,3,6,7,6,6,4,,,,,completed,3.2,1.36,3.44,1.35,3.44,1.39,3.19,1.35,2024_38_cincinnati_western_southern_financial_group_women_s_open,2024_38_cincinnati_western_southern_financial_group_women_s_open_2024-08-15_R32_fernandez_l_a_rybakina_e
tennis_data_uk,wta,2024,38,Western & Southern Financial Group Women's Open,Cincinnati,2024-08-15,wta_1000,True,hard,R32,32,3,Avanesyan E.,Ostapenko J.,60,11,1002.0,3478.0,2,1,2,6,6,2,6,2,,,,,completed,2.5,1.53,2.47,1.6,2.51,1.6,2.42,1.55,2024_38_cincinnati_western_southern_financial_group_women_s_open,2024_38_cincinnati_western_southern_financial_group_women_s_open_2024-08-15_R32_avanesyan_e_ostapenko_j
tennis_data_uk,wta,2024,38,Western & Southern Financial Group Women's Open,Cincinnati,2024-08-15,wta_1000,True,hard,R32,32,3,Shnaider D.,Krueger A.,20,65,2295.0,952.0,2,0,7,5,6,0,,,,,,,completed,1.62,2.3,1.69,2.29,1.69,2.38,1.6,2.31,2024_38_cincinnati_western_southern_financial_group_women_s_open,2024_38_cincinnati_western_southern_financial_group_women_s_open_2024-08-15_R32_shnaider_d_krueger_a
tennis_data_uk,wta,2024,38,Western & Southern Financial Group Women's Open,Cincinnati,2024-08-15,wta_1000,True,hard,R32,32,3,Sabalenka A.,Cocciaretto E.,3,66,7366.0,947.0,2,0,6,3,6,4,,,,,,,completed,1.13,6.0,1.12,6.96,1.14,7.68,1.12,6.28,2024_38_cincinnati_western_southern_financial_group_women_s_open,2024_38_cincinnati_western_southern_financial_group_women_s_open_2024-08-15_R32_sabalenka_a_cocciaretto_e
tennis_data_uk,wta,2024,38,Western & Southern Financial Group Women's Open,Cincinnati,2024-08-15,wta_1000,True,hard,R32,32,3,Samsonova L.,Linette M.,17,43,2450.0,1366.0,2,0,7,6,6,1,,,,,,,completed,1.44,2.75,1.49,2.79,1.5,2.79,1.47,2.66,2024_38_cincinnati_western_southern_financial_group_women_s_open,2024_38_cincinnati_western_southern_financial_group_women_s_open_2024-08-15_R32_samsonova_l_linette_m
tennis_data_uk,wta,2024,38,Western & Southern Financial Group Women's Open,Cincinnati,2024-08-15,wta_1000,True,hard,R32,32,3,Townsend T.,Kasatkina D.,53,12,1137.0,3158.0,2,1,6,1,2,6,6,1,,,,,completed,2.1,1.73,2.22,1.72,2.23,1.75,2.13,1.71,2024_38_cincinnati_western_southern_financial_group_women_s_open,2024_38_cincinnati_western_southern_financial_group_women_s_open_2024-08-15_R32_townsend_t_kasatkina_d
tennis_data_uk,wta,2024,38,Western & Southern Financial Group Women's Open,Cincinnati,2024-08-15,wta_1000,True,hard,R32,32,3,Putintseva Y.,Gauff C.,33,2,1681.0,7633.0,2,1,6,4,2,6,6,4,,,,,completed,3.75,1.29,3.67,1.32,3.94,1.32,3.66,1.28,2024_38_cincinnati_western_southern_financial_group_women_s_open,2024_38_cincinnati_western_southern_financial_group_women_s_open_2024-08-15_R32_putintseva_y_gauff_c
tennis_data_uk,wta,2024,38,Western & Southern Financial Group Women's Open,Cincinnati,2024-08-15,wta_1000,True,hard,R32,32,3,Badosa P.,Kalinskaya A.,37,16,1505.0,2660.0,2,0,6,3,6,2,,,,,,,completed,1.62,2.3,1.65,2.36,1.65,2.36,1.61,2.28,2024_38_cincinnati_western_southern_financial_group_women_s_open,2024_38_cincinnati_western_southern_financial_group_women_s_open_2024-08-15_R32_badosa_p_kalinskaya_a
tennis_data_uk,wta,2024,38,Western & Southern Financial Group Women's Open,Cincinnati,2024-08-15,wta_1000,True,hard,R32,32,3,Andreeva M.,Pliskova Ka.,24,45,1968.0,1260.0,2,0,6,2,6,3,,,,,,,completed,1.36,3.2,1.34,3.57,1.36,3.61,1.33,3.27,2024_38_cincinnati_western_southern_financial_group_women_s_open,2024_38_cincinnati_western_southern_financial_group_women_s_open_2024-08-15_R32_andreeva_m_pliskova_ka
tennis_data_uk,wta,2024,38,Western & Southern Financial Group Women's Open,Cincinnati,2024-08-15,wta_1000,True,hard,R32,32,3,Paolini J.,Potapova A.,5,44,5298.0,1304.0,2,0,7,6,6,3,,,,,,,completed,1.36,3.2,1.38,3.28,1.4,3.28,1.37,3.12,2024_38_cincinnati_western_southern_financial_group_women_s_open,2024_38_cincinnati_western_southern_financial_group_women_s_open_2024-08-15_R32_paolini_j_potapova_a
tennis_data_uk,wta,2024,38,Western & Southern Financial Group Women's Open,Cincinnati,2024-08-16,wta_1000,True,hard,R32,32,3,Pegula J.,Muchova K.,6,35,4615.0,1646.0,2,1,5,7,6,4,6,2,,,,,completed,1.44,2.75,1.49,2.8,1.5,2.8,1.46,2.7,2024_38_cincinnati_western_southern_financial_group_women_s_open,2024_38_cincinnati_western_southern_financial_group_women_s_open_2024-08-16_R32_pegula_j_muchova_k
tennis_data_uk,wta,2024,38,Western & Southern Financial Group Women's Open,Cincinnati,2024-08-16,wta_1000,True,hard,R32,32,3,Pavlyuchenkova A.,Wozniacki C.,28,84,1776.0,844.0,2,0,7,5,6,4,,,,,,,completed,2.3,1.62,2.33,1.67,2.35,1.68,2.29,1.62,2024_38_cincinnati_western_southern_financial_group_women_s_open,2024_38_cincinnati_western_southern_financial_group_women_s_open_2024-08-16_R32_pavlyuchenkova_a_wozniacki_c
tennis_data_uk,wta,2024,38,Western & Southern Financial Group Women's Open,Cincinnati,2024-08-16,wta_1000,True,hard,R32,32,3,Zheng Q.,Frech M.,7,48,3975.0,1220.0,2,0,6,1,7,5,,,,,,,completed,1.22,4.33,1.23,4.7,1.23,4.7,1.22,4.31,2024_38_cincinnati_western_southern_financial_group_women_s_open,2024_38_cincinnati_western_southern_financial_group_women_s_open_2024-08-16_R32_zheng_q_frech_m
tennis_data_uk,wta,2024,38,Western & Southern Financial Group Women's Open,Cincinnati,2024-08-16,wta_1000,True,hard,R16,16,3,Samsonova L.,Avanesyan E.,17,60,2450.0,1002.0,2,1,4,6,6,0,6,3,,,,,completed,1.4,3.0,1.41,3.15,1.42,3.15,1.39,2.95,2024_38_cincinnati_western_southern_financial_group_women_s_open,2024_38_cincinnati_western_southern_financial_group_women_s_open_2024-08-16_R16_samsonova_l_avanesyan_e
tennis_data_uk,wta,2024,38,Western & Southern Financial Group Women's Open,Cincinnati,2024-08-16,wta_1000,True,hard,R16,16,3,Swiatek I.,Kostyuk M.,1,21,10655.0,2260.0,2,0,6,2,6,2,,,,,,,completed,1.08,8.0,1.11,8.01,1.11,8.01,1.09,7.18,2024_38_cincinnati_western_southern_financial_group_women_s_open,2024_38_cincinnati_western_southern_financial_group_women_s_open_2024-08-16_R16_swiatek_i_kostyuk_m
tennis_data_uk,wta,2024,38,Western & Southern Financial Group Women's Open,Cincinnati,2024-08-16,wta_1000,True,hard,R16,16,3,Andreeva M.,Paolini J.,24,5,1968.0,5298.0,2,1,3,6,6,3,6,2,,,,,completed,1.73,2.1,1.74,2.23,1.74,2.31,1.68,2.17,2024_38_cincinnati_western_southern_financial_group_women_s_open,2024_38_cincinnati_western_southern_financial_group_women_s_open_2024-08-16_R16_andreeva_m_paolini_j
tennis_data_uk,wta,2024,38,Western & Southern Financial Group Women's Open,Cincinnati,2024-08-16,wta_1000,True,hard,R16,16,3,Sabalenka A.,Svitolina E.,3,30,7366.0,1714.0,2,0,7,5,6,2,,,,,,,completed,1.36,3.2,1.43,3.1,1.43,3.3,1.37,3.06,2024_38_cincinnati_western_southern_financial_group_women_s_open,2024_38_cincinnati_western_southern_financial_group_women_s_open_2024-08-16_R16_sabalenka_a_svitolina_e
tennis_data_uk,wta,2024,38,Western & Southern Financial Group Women's Open,Cincinnati,2024-08-16,wta_1000,True,hard,R16,16,3,Fernandez L.A.,Shnaider D.,27,20,1854.0,2295.0,2,0,6,1,6,4,,,,,,,completed,2.2,1.67,2.17,1.78,2.25,1.78,2.2,1.66,2024_38_cincinnati_western_southern_financial_group_women_s_open,2024_38_cincinnati_western_southern_financial_group_women_s_open_2024-08-16_R16_fernandez_l_a_shnaider_d
tennis_data_uk,wta,2024,38,Western & Southern Financial Group Women's Open,Cincinnati,2024-08-16,wta_1000,True,hard,R16,16,3,Badosa P.,Putintseva Y.,37,33,1505.0,1681.0,2,0,6,4,6,4,,,,,,,completed,1.5,2.63,1.54,2.68,1.55,2.81,1.49,2.6,2024_38_cincinnati_western_southern_financial_group_women_s_open,2024_38_cincinnati_western_southern_financial_group_women_s_open_2024-08-16_R16_badosa_p_putintseva_y
tennis_data_uk,wta,2024,38,Western & Southern Financial Group Women's Open,Cincinnati,2024-08-17,wta_1000,True,hard,R16,16,3,Pegula J.,Townsend T.,6,53,4615.0,1137.0,2,0,6,2,6,3,,,,,,,completed,1.36,3.2,1.44,2.99,1.45,3.2,1.41,2.87,2024_38_cincinnati_western_southern_financial_group_women_s_open,2024_38_cincinnati_western_southern_financial_group_women_s_open_2024-08-17_R16_pegula_j_townsend_t
tennis_data_uk,wta,2024,38,Western & Southern Financial Group Women's Open,Cincinnati,2024-08-17,wta_1000,True,hard,R16,16,3,Pavlyuchenkova A.,Zheng Q.,28,7,1776.0,3975.0,2,0,7,5,6,1,,,,,,,completed,4.0,1.25,3.84,1.3,4.0,1.36,3.61,1.29,2024_38_cincinnati_western_southern_financial_group_women_s_open,2024_38_cincinnati_western_southern_financial_group_women_s_open_2024-08-17_R16_pavlyuchenkova_a_zheng_q
tennis_data_uk,wta,2024,38,Western & Southern Financial Group Women's Open,Cincinnati,2024-08-17,wta_1000,True,hard,QF,8,3,Swiatek I.,Andreeva M.,1,24,10655.0,1968.0,2,1,4,6,6,3,7,5,,,,,completed,1.17,5.0,1.21,5.05,1.21,6.22,1.18,4.97,2024_38_cincinnati_western_southern_financial_group_women_s_open,2024_38_cincinnati_western_southern_financial_group_women_s_open_2024-08-17_QF_swiatek_i_andreeva_m
tennis_data_uk,wta,2024,38,Western & Southern Financial Group Women's Open,Cincinnati,2024-08-17,wta_1000,True,hard,QF,8,3,Sabalenka A.,Samsonova L.,3,17,7366.0,2450.0,2,0,6,3,6,2,,,,,,,completed,1.33,3.4,1.36,3.44,1.36,3.5,1.33,3.27,2024_38_cincinnati_western_southern_financial_group_women_s_open,2024_38_cincinnati_western_southern_financial_group_women_s_open_2024-08-17_QF_sabalenka_a_samsonova_l
tennis_data_uk,wta,2024,38,Western & Southern Financial Group Women's Open,Cincinnati,2024-08-17,wta_1000,True,hard,QF,8,3,Pegula J.,Fernandez L.A.,6,27,4615.0,1854.0,2,1,7,5,6,7,7,6,,,,,completed,1.44,2.75,1.47,2.9,1.48,2.92,1.44,2.76,2024_38_cincinnati_western_southern_financial_group_women_s_open,2024_38_cincinnati_western_southern_financial_group_women_s_open_2024-08-17_QF_pegula_j_fernandez_l_a
tennis_data_uk,wta,2024,38,Western & Southern Financial Group Women's Open,Cincinnati,2024-08-18,wta_1000,True,hard,QF,8,3,Badosa P.,Pavlyuchenkova A.,37,28,1505.0,1776.0,2,0,6,3,6,2,,,,,,,completed,1.36,3.2,1.38,3.33,1.4,3.33,1.36,3.12,2024_38_cincinnati_western_southern_financial_group_women_s_open,2024_38_cincinnati_western_southern_financial_group_women_s_open_2024-08-18_QF_badosa_p_pavlyuchenkova_a
tennis_data_uk,wta,2024,38,Western & Southern Financial Group Women's Open,Cincinnati,2024-08-18,wta_1000,True,hard,SF,4,3,Sabalenka A.,Swiatek I.,3,1,7366.0,10655.0,2,0,6,3,6,3,,,,,,,completed,2.5,1.53,2.58,1.57,2.64,1.59,2.5,1.52,2024_38_cincinnati_western_southern_financial_group_women_s_open,2024_38_cincinnati_western_southern_financial_group_women_s_open_2024-08-18_SF_sabalenka_a_swiatek_i
tennis_data_uk,wta,2024,38,Western & Southern Financial Group Women's Open,Cincinnati,2024-08-18,wta_1000,True,hard,SF,4,3,Pegula J.,Badosa P.,6,37,4615.0,1505.0,2,1,6,2,3,6,6,3,,,,,completed,1.91,1.91,1.93,1.98,1.93,1.98,1.88,1.92,2024_38_cincinnati_western_southern_financial_group_women_s_open,2024_38_cincinnati_western_southern_financial_group_women_s_open_2024-08-18_SF_pegula_j_badosa_p
tennis_data_uk,wta,2024,38,Western & Southern Financial Group Women's Open,Cincinnati,2024-08-19,wta_1000,True,hard,F,2,3,Sabalenka A.,Pegula J.,3,6,7366.0,4615.0,2,0,6,3,7,5,,,,,,,completed,1.36,3.2,1.38,3.32,1.38,3.32,1.36,3.13,2024_38_cincinnati_western_southern_financial_group_women_s_open,2024_38_cincinnati_western_southern_financial_group_women_s_open_2024-08-19_F_sabalenka_a_pegula_j
tennis_data_uk,wta,2024,39,Tennis in the Land,Cleveland,2024-08-19,wta_250,True,hard,R32,32,3,Wang Xin.,Blinkova A.,37,79,1421.0,861.0,2,0,6,1,6,1,,,,,,,completed,1.4,3.0,1.41,3.08,1.46,3.08,1.39,2.94,2024_39_cleveland_tennis_in_the_land,2024_39_cleveland_tennis_in_the_land_2024-08-19_R32_wang_xin_blinkova_a
tennis_data_uk,wta,2024,39,Tennis in the Land,Cleveland,2024-08-19,wta_250,True,hard,R32,32,3,Potapova A.,Parry D.,43,62,1309.0,1002.0,2,0,6,3,6,2,,,,,,,completed,1.53,2.5,1.62,2.41,1.62,2.5,1.57,2.39,2024_39_cleveland_tennis_in_the_land,2024_39_cleveland_tennis_in_the_land_2024-08-19_R32_potapova_a_parry_d
tennis_data_uk,wta,2024,39,Tennis in the Land,Cleveland,2024-08-19,wta_250,True,hard,R32,32,3,Rus A.,Bronzetti L.,95,69,750.0,916.0,2,0,6,3,7,6,,,,,,,completed,2.0,1.8,2.15,1.76,2.15,1.82,2.03,1.77,2024_39_cleveland_tennis_in_the_land,2024_39_cleveland_tennis_in_the_land_2024-08-19_R32_rus_a_bronzetti_l
tennis_data_uk,wta,2024,39,Tennis in the Land,Cleveland,2024-08-19,wta_250,True,hard,R32,32,3,Burel C.,Kalieva E.,58,302,1048.0,212.0,2,0,6,3,6,2,,,,,,,completed,1.2,4.5,,,1.21,9.5,1.17,5.47,2024_39_cleveland_tennis_in_the_land,2024_39_cleveland_tennis_in_the_land_2024-08-19_R32_burel_c_kalieva_e
tennis_data_uk,wta,2024,39,Tennis in the Land,Cleveland,2024-08-19,wta_250,True,hard,R32,32,3,Kessler M.,Scott K.,98,299,733.0,218.0,2,1,6,1,4,6,6,4,,,,,completed,1.3,3.5,1.3,3.8,1.31,3.8,1.29,3.54,2024_39_cleveland_tennis_in_the_land,2024_39_cleveland_tennis_in_the_land_2024-08-19_R32_kessler_m_scott_k
tennis_data_uk,wta,2024,39,Tennis in the Land,Cleveland,2024-08-19,wta_250,True,hard,R32,32,3,Tauson C.,Schmiedlova A.,65,84,941.0,831.0,2,1,3,6,6,3,6,2,,,,,completed,1.53,2.5,1.51,2.7,1.53,2.75,1.48,2.61,2024_39_cleveland_tennis_in_the_land,2024_39_cleveland_tennis_in_the_land_2024-08-19_R32_tauson_c_schmiedlova_a
tennis_data_uk,wta,2024,39,Tennis in the Land,Cleveland,2024-08-19,wta_250,True,hard,R32,32,3,Bucsa C.,Trevisan M.,72,91,904.0,788.0,2,0,6,2,6,4,,,,,,,completed,1.8,2.0,1.92,1.95,1.92,2.02,1.83,1.94,2024_39_cleveland_tennis_in_the_land,2024_39_cleveland_tennis_in_the_land_2024-08-19_R32_bucsa_c_trevisan_m
tennis_data_uk,wta,2024,39,Tennis in the Land,Cleveland,2024-08-19,wta_250,True,hard,R32,32,3,Tomova V.,Davis L.,50,404,1159.0,145.0,2,0,6,1,6,4,,,,,,,completed,1.36,3.2,1.4,3.15,1.4,3.5,1.36,3.14,2024_39_cleveland_tennis_in_the_land,2024_39_cleveland_tennis_in_the_land_2024-08-19_R32_tomova_v_davis_l
tennis_data_uk,wta,2024,39,Tennis in the Land,Cleveland,2024-08-20,wta_250,True,hard,R32,32,3,Kenin S.,Volynets K.,55,59,1070.0,1042.0,2,1,6,2,2,6,7,5,,,,,completed,2.2,1.67,2.19,1.74,2.24,1.74,2.17,1.67,2024_39_cleveland_tennis_in_the_land,2024_39_cleveland_tennis_in_the_land_2024-08-20_R32_kenin_s_volynets_k
tennis_data_uk,wta,2024,39,Tennis in the Land,Cleveland,2024-08-20,wta_250,True,hard,R32,32,3,Siniakova K.,Ishii S.,36,284,1436.0,234.0,2,1,6,7,6,3,7,6,,,,,completed,1.14,5.5,1.16,5.78,1.17,7.18,1.14,5.48,2024_39_cleveland_tennis_in_the_land,2024_39_cleveland_tennis_in_the_land_2024-08-20_R32_siniakova_k_ishii_s
tennis_data_uk,wta,2024,39,Tennis in the Land,Cleveland,2024-08-20,wta_250,True,hard,R32,32,3,Bouzas Maneiro J.,Gracheva V.,80,66,861.0,935.0,2,1,4,6,6,3,6,2,,,,,completed,2.1,1.73,2.13,1.77,2.31,1.85,2.08,1.74,2024_39_cleveland_tennis_in_the_land,2024_39_cleveland_tennis_in_the_land_2024-08-20_R32_bouzas_maneiro_j_gracheva_v
tennis_data_uk,wta,2024,39,Tennis in the Land,Cleveland,2024-08-20,wta_250,True,hard,R32,32,3,Sorribes Tormo S.,Wang Y.,73,78,886.0,861.0,2,0,6,4,6,1,,,,,,,completed,2.5,1.53,2.52,1.57,2.63,1.57,2.51,1.51,2024_39_cleveland_tennis_in_the_land,2024_39_cleveland_tennis_in_the_land_2024-08-20_R32_sorribes_tormo_s_wang_y
tennis_data_uk,wta,2024,39,Tennis in the Land,Cleveland,2024-08-20,wta_250,True,hard,R32,32,3,Stearns P.,Uchijima M.,47,63,1259.0,968.0,2,1,6,0,1,6,6,1,,,,,completed,1.36,3.2,1.34,3.46,1.36,3.57,1.32,3.3,2024_39_cleveland_tennis_in_the_land,2024_39_cleveland_tennis_in_the_land_2024-08-20_R32_stearns_p_uchijima_m
tennis_data_uk,wta,2024,39,Tennis in the Land,Cleveland,2024-08-20,wta_250,True,hard,R32,32,3,Minnen G.,Cristian J.,75,68,878.0,919.0,2,0,6,3,7,6,,,,,,,completed,1.73,2.1,1.68,2.27,1.76,2.27,1.68,2.15,2024_39_cleveland_tennis_in_the_land,2024_39_cleveland_tennis_in_the_land_2024-08-20_R32_minnen_g_cristian_j
tennis_data_uk,wta,2024,39,Tennis in the Land,Cleveland,2024-08-20,wta_250,True,hard,R32,32,3,Bogdan A.,Fernandez L.A.,103,24,715.0,2015.0,2,1,1,6,7,6,6,2,,,,,completed,3.75,1.29,3.83,1.29,3.89,1.3,3.6,1.28,2024_39_cleveland_tennis_in_the_land,2024_39_cleveland_tennis_in_the_land_2024-08-20_R32_bogdan_a_fernandez_l_a
tennis_data_uk,wta,2024,39,Tennis in the Land,Cleveland,2024-08-20,wta_250,True,hard,R32,32,3,Haddad Maia B.,Golubic V.,23,74,2093.0,884.0,2,0,6,3,7,5,,,,,,,completed,1.44,2.75,1.48,2.8,1.5,2.87,1.44,2.73,2024_39_cleveland_tennis_in_the_land,2024_39_cleveland_tennis_in_the_land_2024-08-20_R32_haddad_maia_b_golubic_v
tennis_data_uk,wta,2024,39,Tennis in the Land,Cleveland,2024-08-21,wta_250,True,hard,R16,16,3,Rus A.,Tomova V.,95,50,750.0,1159.0,2,0,6,3,6,3,,,,,,,completed,1.8,2.0,1.94,1.93,2.0,2.0,1.86,1.92,2024_39_cleveland_tennis_in_the_land,2024_39_cleveland_tennis_in_the_land_2024-08-21_R16_rus_a_tomova_v
tennis_data_uk,wta,2024,39,Tennis in the Land,Cleveland,2024-08-21,wta_250,True,hard,R16,16,3,Kessler M.,Wang Xin.,98,37,733.0,1421.0,2,1,3,6,6,4,6,2,,,,,completed,2.75,1.44,2.85,1.47,2.85,1.5,2.7,1.45,2024_39_cleveland_tennis_in_the_land,2024_39_cleveland_tennis_in_the_land_2024-08-21_R16_kessler_m_wang_xin
tennis_data_uk,wta,2024,39,Tennis in the Land,Cleveland,2024-08-21,wta_250,True,hard,R16,16,3,Bogdan A.,Minnen G.,103,75,715.0,878.0,2,0,7,6,6,3,,,,,,,completed,1.8,2.0,1.89,1.96,1.89,2.12,1.81,1.97,2024_39_cleveland_tennis_in_the_land,2024_39_cleveland_tennis_in_the_land_2024-08-21_R16_bogdan_a_minnen_g
tennis_data_uk,wta,2024,39,Tennis in the Land,Cleveland,2024-08-21,wta_250,True,hard,R16,16,3,Potapova A.,Tauson C.,43,65,1309.0,941.0,2,0,6,2,6,2,,,,,,,completed,1.73,2.1,1.65,2.35,1.73,2.35,1.63,2.24,2024_39_cleveland_tennis_in_the_land,2024_39_cleveland_tennis_in_the_land_2024-08-21_R16_potapova_a_tauson_c
tennis_data_uk,wta,2024,39,Tennis in the Land,Cleveland,2024-08-21,wta_250,True,hard,R16,16,3,Haddad Maia B.,Bucsa C.,23,72,2093.0,904.0,2,0,6,2,6,1,,,,,,,completed,1.33,3.4,1.35,3.41,1.36,3.5,1.33,3.24,2024_39_cleveland_tennis_in_the_land,2024_39_cleveland_tennis_in_the_land_2024-08-21_R16_haddad_maia_b_bucsa_c
tennis_data_uk,wta,2024,39,Tennis in the Land,Cleveland,2024-08-21,wta_250,True,hard,R16,16,3,Siniakova K.,Bouzas Maneiro J.,36,80,1436.0,861.0,2,1,2,6,6,4,7,6,,,,,completed,1.57,2.38,1.55,2.57,1.61,2.59,1.54,2.42,2024_39_cleveland_tennis_in_the_land,2024_39_cleveland_tennis_in_the_land_2024-08-21_R16_siniakova_k_bouzas_maneiro_j
tennis_data_uk,wta,2024,39,Tennis in the Land,Cleveland,2024-08-21,wta_250,True,hard,R16,16,3,Burel C.,Kenin S.,58,55,1048.0,1070.0,2,0,6,4,6,3,,,,,,,completed,1.91,1.91,1.95,1.92,1.95,2.0,1.88,1.9,2024_39_cleveland_tennis_in_the_land,2024_39_cleveland_tennis_in_the_land_2024-08-21_R16_burel_c_kenin_s
tennis_data_uk,wta,2024,39,Tennis in the Land,Cleveland,2024-08-22,wta_250,True,hard,R16,16,3,Stearns P.,Sorribes Tormo S.,47,73,1259.0,886.0,2,0,6,3,6,2,,,,,,,completed,1.36,3.2,1.38,3.25,1.42,3.47,1.37,3.01,2024_39_cleveland_tennis_in_the_land,2024_39_cleveland_tennis_in_the_land_2024-08-22_R16_stearns_p_sorribes_tormo_s
tennis_data_uk,wta,2024,39,Tennis in the Land,Cleveland,2024-08-22,wta_250,True,hard,QF,8,3,Potapova A.,Bogdan A.,43,103,1309.0,715.0,2,0,6,2,6,1,,,,,,,completed,1.57,2.38,1.6,2.5,1.6,2.61,1.54,2.45,2024_39_cleveland_tennis_in_the_land,2024_39_cleveland_tennis_in_the_land_2024-08-22_QF_potapova_a_bogdan_a
tennis_data_uk,wta,2024,39,Tennis in the Land,Cleveland,2024-08-22,wta_250,True,hard,QF,8,3,Kessler M.,Rus A.,98,95,733.0,750.0,2,0,6,4,6,2,,,,,,,completed,1.91,1.91,1.87,2.04,2.0,2.07,1.89,1.89,2024_39_cleveland_tennis_in_the_land,2024_39_cleveland_tennis_in_the_land_2024-08-22_QF_kessler_m_rus_a
tennis_data_uk,wta,2024,39,Tennis in the Land,Cleveland,2024-08-22,wta_250,True,hard,QF,8,3,Haddad Maia B.,Burel C.,23,58,2093.0,1048.0,2,0,6,2,6,2,,,,,,,completed,1.57,2.38,1.53,2.7,1.57,2.7,1.51,2.53,2024_39_cleveland_tennis_in_the_land,2024_39_cleveland_tennis_in_the_land_2024-08-22_QF_haddad_maia_b_burel_c
tennis_data_uk,wta,2024,39,Tennis in the Land,Cleveland,2024-08-22,wta_250,True,hard,QF,8,3,Siniakova K.,Stearns P.,36,47,1436.0,1259.0,2,1,1,6,6,3,6,4,,,,,completed,2.5,1.53,2.57,1.57,2.57,1.6,2.43,1.55,2024_39_cleveland_tennis_in_the_land,2024_39_cleveland_tennis_in_the_land_2024-08-22_QF_siniakova_k_stearns_p
tennis_data_uk,wta,2024,39,Tennis in the Land,Cleveland,2024-08-23,wta_250,True,hard,SF,4,3,Kessler M.,Potapova A.,98,43,733.0,1309.0,2,1,4,6,6,3,6,3,,,,,completed,2.63,1.5,2.57,1.57,2.67,1.57,2.54,1.52,2024_39_cleveland_tennis_in_the_land,2024_39_cleveland_tennis_in_the_land_2024-08-23_SF_kessler_m_potapova_a
tennis_data_uk,wta,2024,39,Tennis in the Land,Cleveland,2024-08-24,wta_250,True,hard,SF,4,3,Haddad Maia B.,Siniakova K.,23,36,2093.0,1436.0,2,1,6,3,2,6,6,2,,,,,completed,1.57,2.38,1.69,2.32,1.7,2.38,1.62,2.28,2024_39_cleveland_tennis_in_the_land,2024_39_cleveland_tennis_in_the_land_2024-08-24_SF_haddad_maia_b_siniakova_k
tennis_data_uk,wta,2024,39,Tennis in the Land,Cleveland,2024-08-24,wta_250,True,hard,F,2,3,Kessler M.,Haddad Maia B.,98,23,733.0,2093.0,2,1,1,6,6,1,7,5,,,,,completed,2.63,1.5,2.79,1.5,2.8,1.53,2.67,1.48,2024_39_cleveland_tennis_in_the_land,2024_39_cleveland_tennis_in_the_land_2024-08-24_F_kessler_m_haddad_maia_b
tennis_data_uk,wta,2024,40,Monterrey Open,Monterrey,2024-08-19,wta_500,True,hard,R32,32,3,Andreeva E.,Kalinina A.,89,54,809.0,1076.0,2,0,6,1,6,4,,,,,,,completed,2.2,1.67,2.16,1.75,2.22,1.76,2.13,1.7,2024_40_monterrey_monterrey_open,2024_40_monterrey_monterrey_open_2024-08-19_R32_andreeva_e_kalinina_a
tennis_data_uk,wta,2024,40,Monterrey Open,Monterrey,2024-08-19,wta_500,True,hard,R32,32,3,Carle M.,Kudermetova V.,86,44,816.0,1308.0,2,1,1,6,7,5,6,4,,,,,completed,2.75,1.44,2.78,1.48,2.8,1.5,2.7,1.45,2024_40_monterrey_monterrey_open,2024_40_monterrey_monterrey_open_2024-08-19_R32_carle_m_kudermetova_v
tennis_data_uk,wta,2024,40,Monterrey Open,Monterrey,2024-08-20,wta_500,True,hard,R32,32,3,Glushko L.,Bondarenko K.,277,325,245.0,194.0,2,1,6,3,3,6,6,3,,,,,completed,1.73,2.1,1.76,2.15,1.82,2.16,1.74,2.07,2024_40_monterrey_monterrey_open,2024_40_monterrey_monterrey_open_2024-08-20_R32_glushko_l_bondarenko_k
tennis_data_uk,wta,2024,40,Monterrey Open,Monterrey,2024-08-20,wta_500,True,hard,R32,32,3,Sun L.,Paquet C.,57,96,1049.0,746.0,2,0,7,6,6,3,,,,,,,completed,1.4,3.0,1.35,3.39,1.4,3.5,1.34,3.19,2024_40_monterrey_monterrey_open,2024_40_monterrey_monterrey_open_2024-08-20_R32_sun_l_paquet_c
tennis_data_uk,wta,2024,40,Monterrey Open,Monterrey,2024-08-20,wta_500,True,hard,R32,32,3,Osorio M.,Tomljanovic A.,88,119,814.0,606.0,2,0,6,2,7,6,,,,,,,completed,1.73,2.1,1.93,1.94,1.93,2.12,1.82,1.97,2024_40_monterrey_monterrey_open,2024_40_monterrey_monterrey_open_2024-08-20_R32_osorio_m_tomljanovic_a
tennis_data_uk,wta,2024,40,Monterrey Open,Monterrey,2024-08-20,wta_500,True,hard,R32,32,3,Avanesyan E.,Cocciaretto E.,51,64,1141.0,963.0,2,0,7,6,6,1,,,,,,,completed,1.8,2.0,1.9,1.97,1.96,2.02,1.85,1.93,2024_40_monterrey_monterrey_open,2024_40_monterrey_monterrey_open_2024-08-20_R32_avanesyan_e_cocciaretto_e
tennis_data_uk,wta,2024,40,Monterrey Open,Monterrey,2024-08-20,wta_500,True,hard,R32,32,3,Martic P.,Zhao C.,105,268,691.0,255.0,2,1,7,6,3,6,6,2,,,,,completed,1.14,5.5,1.15,6.07,1.17,6.07,1.14,5.5,2024_40_monterrey_monterrey_open,2024_40_monterrey_monterrey_open_2024-08-20_R32_martic_p_zhao_c
tennis_data_uk,wta,2024,40,Monterrey Open,Monterrey,2024-08-20,wta_500,True,hard,R32,32,3,Noskova L.,Danilina A.,35,958,1568.0,19.0,2,0,6,0,6,1,,,,,,,completed,1.06,10.0,1.05,12.94,1.06,12.94,1.05,9.98,2024_40_monterrey_monterrey_open,2024_40_monterrey_monterrey_open_2024-08-20_R32_noskova_l_danilina_a
tennis_data_uk,wta,2024,40,Monterrey Open,Monterrey,2024-08-20,wta_500,True,hard,R32,32,3,Zarazua R.,Rodriguez V.,97,300,740.0,218.0,2,0,6,1,6,4,,,,,,,completed,1.13,6.0,1.16,5.9,1.16,6.1,1.13,5.78,2024_40_monterrey_monterrey_open,2024_40_monterrey_monterrey_open_2024-08-20_R32_zarazua_r_rodriguez_v
tennis_data_uk,wta,2024,40,Monterrey Open,Monterrey,2024-08-21,wta_500,True,hard,R32,32,3,Yuan Y.,Krunic A.,38,318,1410.0,197.0,2,1,4,6,6,2,6,3,,,,,completed,1.3,3.5,1.33,3.56,1.35,3.56,1.3,3.42,2024_40_monterrey_monterrey_open,2024_40_monterrey_monterrey_open_2024-08-21_R32_yuan_y_krunic_a
tennis_data_uk,wta,2024,40,Monterrey Open,Monterrey,2024-08-21,wta_500,True,hard,R32,32,3,Frech M.,Podoroska N.,45,67,1285.0,926.0,2,1,6,4,4,6,6,4,,,,,completed,1.4,3.0,1.49,2.77,1.5,3.0,1.44,2.74,2024_40_monterrey_monterrey_open,2024_40_monterrey_monterrey_open_2024-08-21_R32_frech_m_podoroska_n
tennis_data_uk,wta,2024,40,Monterrey Open,Monterrey,2024-08-21,wta_500,True,hard,R32,32,3,Wang Xiy.,Maria T.,56,87,1063.0,815.0,2,0,6,0,6,3,,,,,,,completed,1.36,3.2,1.33,3.52,1.36,3.66,1.32,3.33,2024_40_monterrey_monterrey_open,2024_40_monterrey_monterrey_open_2024-08-21_R32_wang_xiy_maria_t
tennis_data_uk,wta,2024,40,Monterrey Open,Monterrey,2024-08-21,wta_500,True,hard,R16,16,3,Andreeva E.,Collins D.,89,11,809.0,3422.0,2,1,1,6,6,3,6,3,,,,,completed,4.0,1.25,4.2,1.26,5.1,1.29,3.79,1.26,2024_40_monterrey_monterrey_open,2024_40_monterrey_monterrey_open_2024-08-21_R16_andreeva_e_collins_d
tennis_data_uk,wta,2024,40,Monterrey Open,Monterrey,2024-08-21,wta_500,True,hard,R16,16,3,Sun L.,Carle M.,57,86,1049.0,816.0,2,1,6,3,2,6,7,6,,,,,completed,1.33,3.4,1.36,3.41,1.38,3.41,1.34,3.24,2024_40_monterrey_monterrey_open,2024_40_monterrey_monterrey_open_2024-08-21_R16_sun_l_carle_m
tennis_data_uk,wta,2024,40,Monterrey Open,Monterrey,2024-08-21,wta_500,True,hard,R16,16,3,Yuan Y.,Martic P.,38,105,1410.0,691.0,2,0,6,4,6,1,,,,,,,completed,1.73,2.1,1.76,2.18,1.76,2.2,1.71,2.11,2024_40_monterrey_monterrey_open,2024_40_monterrey_monterrey_open_2024-08-21_R16_yuan_y_martic_p
tennis_data_uk,wta,2024,40,Monterrey Open,Monterrey,2024-08-22,wta_500,True,hard,R16,16,3,Noskova L.,Wang Xiy.,35,56,1568.0,1063.0,2,0,6,4,7,6,,,,,,,completed,1.62,2.3,1.73,2.22,1.73,2.32,1.64,2.22,2024_40_monterrey_monterrey_open,2024_40_monterrey_monterrey_open_2024-08-22_R16_noskova_l_wang_xiy
tennis_data_uk,wta,2024,40,Monterrey Open,Monterrey,2024-08-22,wta_500,True,hard,R16,16,3,Svitolina E.,Avanesyan E.,28,51,1834.0,1141.0,2,0,6,4,6,3,,,,,,,completed,1.33,3.4,1.39,3.24,1.39,3.5,1.34,3.19,2024_40_monterrey_monterrey_open,2024_40_monterrey_monterrey_open_2024-08-22_R16_svitolina_e_avanesyan_e
tennis_data_uk,wta,2024,40,Monterrey Open,Monterrey,2024-08-22,wta_500,True,hard,R16,16,3,Frech M.,Glushko L.,45,277,1285.0,245.0,2,1,6,7,6,3,6,1,,,,,completed,1.13,6.0,1.12,7.43,1.15,7.43,1.12,6.15,2024_40_monterrey_monterrey_open,2024_40_monterrey_monterrey_open_2024-08-22_R16_frech_m_glushko_l
tennis_data_uk,wta,2024,40,Monterrey Open,Monterrey,2024-08-22,wta_500,True,hard,R16,16,3,Alexandrova E.,Zarazua R.,30,97,1763.0,740.0,2,0,6,3,6,4,,,,,,,completed,1.5,2.63,1.54,2.62,1.56,2.69,1.51,2.53,2024_40_monterrey_monterrey_open,2024_40_monterrey_monterrey_open_2024-08-22_R16_alexandrova_e_zarazua_r
tennis_data_uk,wta,2024,40,Monterrey Open,Monterrey,2024-08-22,wta_500,True,hard,R16,16,3,Navarro E.,Osorio M.,13,88,2950.0,814.0,2,1,3,6,7,5,7,6,,,,,completed,1.29,3.75,1.32,3.68,1.32,3.75,1.29,3.58,2024_40_monterrey_monterrey_open,2024_40_monterrey_monterrey_open_2024-08-22_R16_navarro_e_osorio_m
tennis_data_uk,wta,2024,40,Monterrey Open,Monterrey,2024-08-22,wta_500,True,hard,QF,8,3,Sun L.,Andreeva E.,57,89,1049.0,809.0,2,0,6,4,6,3,,,,,,,completed,1.8,2.0,1.9,2.01,1.92,2.01,1.84,1.94,2024_40_monterrey_monterrey_open,2024_40_monterrey_monterrey_open_2024-08-22_QF_sun_l_andreeva_e
tennis_data_uk,wta,2024,40,Monterrey Open,Monterrey,2024-08-23,wta_500,True,hard,QF,8,3,Alexandrova E.,Yuan Y.,30,38,1763.0,1410.0,2,0,7,5,7,6,,,,,,,completed,1.67,2.2,1.78,2.16,1.78,2.22,1.69,2.13,2024_40_monterrey_monterrey_open,2024_40_monterrey_monterrey_open_2024-08-23_QF_alexandrova_e_yuan_y
tennis_data_uk,wta,2024,40,Monterrey Open,Monterrey,2024-08-23,wta_500,True,hard,QF,8,3,Navarro E.,Frech M.,13,45,2950.0,1285.0,2,1,6,7,6,0,6,2,,,,,completed,1.29,3.75,1.3,3.91,1.3,3.91,1.28,3.59,2024_40_monterrey_monterrey_open,2024_40_monterrey_monterrey_open_2024-08-23_QF_navarro_e_frech_m
tennis_data_uk,wta,2024,40,Monterrey Open,Monterrey,2024-08-23,wta_500,True,hard,QF,8,3,Noskova L.,Svitolina E.,35,28,1568.0,1834.0,2,0,6,4,6,4,,,,,,,completed,2.75,1.44,2.74,1.52,2.81,1.52,2.72,1.45,2024_40_monterrey_monterrey_open,2024_40_monterrey_monterrey_open_2024-08-23_QF_noskova_l_svitolina_e
tennis_data_uk,wta,2024,40,Monterrey Open,Monterrey,2024-08-24,wta_500,True,hard,SF,4,3,Sun L.,Alexandrova E.,57,30,1049.0,1763.0,2,1,7,5,3,6,7,6,,,,,completed,2.2,1.67,2.2,1.75,2.28,1.75,2.2,1.67,2024_40_monterrey_monterrey_open,2024_40_monterrey_monterrey_open_2024-08-24_SF_sun_l_alexandrova_e
tennis_data_uk,wta,2024,40,Monterrey Open,Monterrey,2024-08-24,wta_500,True,hard,SF,4,3,Noskova L.,Navarro E.,35,13,1568.0,2950.0,2,0,7,6,7,5,,,,,,,completed,2.1,1.73,2.17,1.78,2.2,1.78,2.12,1.72,2024_40_monterrey_monterrey_open,2024_40_monterrey_monterrey_open_2024-08-24_SF_noskova_l_navarro_e
tennis_data_uk,wta,2024,40,Monterrey Open,Monterrey,2024-08-25,wta_500,True,hard,F,2,3,Noskova L.,Sun L.,35,57,1568.0,1049.0,2,0,7,6,6,4,,,,,,,completed,1.4,3.0,1.43,3.06,1.44,3.06,1.4,2.91,2024_40_monterrey_monterrey_open,2024_40_monterrey_monterrey_open_2024-08-25_F_noskova_l_sun_l
tennis_data_uk,wta,2024,41,US Open,New York,2024-08-26,grand_slam,True,hard,R128,128,3,Niemeier J.,Yastremska D.,101,34,724.0,1682.0,2,1,6,4,6,7,6,4,,,,,completed,2.63,1.5,2.69,1.52,2.75,1.55,2.62,1.5,2024_41_new_york_us_open,2024_41_new_york_us_open_2024-08-26_R128_niemeier_j_yastremska_d
tennis_data_uk,wta,2024,41,US Open,New York,2024-08-26,grand_slam,True,hard,R128,128,3,Kasatkina D.,Cristian J.,13,69,2973.0,919.0,2,0,6,2,6,4,,,,,,,completed,1.25,4.0,1.27,4.13,1.27,4.25,1.25,3.98,2024_41_new_york_us_open,2024_41_new_york_us_open_2024-08-26_R128_kasatkina_d_cristian_j
tennis_data_uk,wta,2024,41,US Open,New York,2024-08-26,grand_slam,True,hard,R128,128,3,Andreeva E.,Yuan Y.,75,37,892.0,1464.0,2,0,6,3,7,6,,,,,,,completed,2.2,1.67,2.36,1.65,2.36,1.74,2.18,1.7,2024_41_new_york_us_open,2024_41_new_york_us_open_2024-08-26_R128_andreeva_e_yuan_y
tennis_data_uk,wta,2024,41,US Open,New York,2024-08-26,grand_slam,True,hard,R128,128,3,Svitolina E.,Carle M.,28,83,1942.0,861.0,2,1,3,6,6,3,6,4,,,,,completed,1.08,8.0,1.08,10.0,1.1,10.0,1.08,8.39,2024_41_new_york_us_open,2024_41_new_york_us_open_2024-08-26_R128_svitolina_e_carle_m
tennis_data_uk,wta,2024,41,US Open,New York,2024-08-26,grand_slam,True,hard,R128,128,3,Zheng Q.,Anisimova A.,7,50,3980.0,1206.0,2,1,4,6,6,4,6,2,,,,,completed,1.53,2.5,1.53,2.68,1.55,2.68,1.52,2.56,2024_41_new_york_us_open,2024_41_new_york_us_open_2024-08-26_R128_zheng_q_anisimova_a
tennis_data_uk,wta,2024,41,US Open,New York,2024-08-26,grand_slam,True,hard,R128,128,3,Vekic D.,Birrell K.,24,147,2013.0,508.0,2,0,6,4,6,4,,,,,,,completed,1.17,5.0,1.19,5.23,1.2,5.23,1.18,4.87,2024_41_new_york_us_open,2024_41_new_york_us_open_2024-08-26_R128_vekic_d_birrell_k
tennis_data_uk,wta,2024,41,US Open,New York,2024-08-26,grand_slam,True,hard,R128,128,3,Wang Y.,Sakkari M.,80,9,861.0,3515.0,1,0,6,2,,,,,,,,,retired,3.5,1.3,3.58,1.33,3.6,1.35,3.49,1.31,2024_41_new_york_us_open,2024_41_new_york_us_open_2024-08-26_R128_wang_y_sakkari_m
tennis_data_uk,wta,2024,41,US Open,New York,2024-08-26,grand_slam,True,hard,R128,128,3,Parry D.,Wang Xiy.,60,53,1002.0,1105.0,2,0,7,6,7,6,,,,,,,completed,2.63,1.5,2.71,1.52,2.71,1.53,2.61,1.5,2024_41_new_york_us_open,2024_41_new_york_us_open_2024-08-26_R128_parry_d_wang_xiy
tennis_data_uk,wta,2024,41,US Open,New York,2024-08-26,grand_slam,True,hard,R128,128,3,Minnen G.,Frech M.,70,43,918.0,1363.0,2,0,7,5,7,5,,,,,,,completed,2.2,1.67,2.32,1.67,2.32,1.74,2.22,1.67,2024_41_new_york_us_open,2024_41_new_york_us_open_2024-08-26_R128_minnen_g_frech_m
tennis_data_uk,wta,2024,41,US Open,New York,2024-08-26,grand_slam,True,hard,R128,128,3,Kalinina A.,Dodin O.,55,86,1076.0,839.0,2,1,6,1,3,6,6,1,,,,,completed,1.14,5.5,1.17,5.85,1.17,8.04,1.15,5.64,2024_41_new_york_us_open,2024_41_new_york_us_open_2024-08-26_R128_kalinina_a_dodin_o
tennis_data_uk,wta,2024,41,US Open,New York,2024-08-26,grand_slam,True,hard,R128,128,3,Maria T.,Sierra S.,99,158,735.0,465.0,2,0,6,2,6,3,,,,,,,completed,2.1,1.73,2.27,1.7,2.28,1.75,2.17,1.7,2024_41_new_york_us_open,2024_41_new_york_us_open_2024-08-26_R128_maria_t_sierra_s
tennis_data_uk,wta,2024,41,US Open,New York,2024-08-26,grand_slam,True,hard,R128,128,3,Badosa P.,Golubic V.,29,73,1895.0,901.0,2,0,6,0,6,3,,,,,,,completed,1.06,10.0,1.07,11.3,1.07,11.3,1.06,9.89,2024_41_new_york_us_open,2024_41_new_york_us_open_2024-08-26_R128_badosa_p_golubic_v
tennis_data_uk,wta,2024,41,US Open,New York,2024-08-26,grand_slam,True,hard,R128,128,3,Gauff C.,Gracheva V.,3,66,6743.0,935.0,2,0,6,2,6,0,,,,,,,completed,1.05,11.0,1.05,13.53,1.05,14.89,1.05,11.17,2024_41_new_york_us_open,2024_41_new_york_us_open_2024-08-26_R128_gauff_c_gracheva_v
tennis_data_uk,wta,2024,41,US Open,New York,2024-08-26,grand_slam,True,hard,R128,128,3,Joint M.,Siegemund L.,135,94,544.0,778.0,2,0,6,4,7,5,,,,,,,completed,1.5,2.63,1.51,2.74,1.53,2.86,1.48,2.66,2024_41_new_york_us_open,2024_41_new_york_us_open_2024-08-26_R128_joint_m_siegemund_l
tennis_data_uk,wta,2024,41,US Open,New York,2024-08-26,grand_slam,True,hard,R128,128,3,Uchijima M.,Korpatsch T.,64,111,968.0,648.0,2,1,3,6,6,3,6,4,,,,,completed,1.33,3.4,1.35,3.48,1.35,3.5,1.33,3.38,2024_41_new_york_us_open,2024_41_new_york_us_open_2024-08-26_R128_uchijima_m_korpatsch_t
tennis_data_uk,wta,2024,41,US Open,New York,2024-08-26,grand_slam,True,hard,R128,128,3,Stearns P.,Tsurenko L.,47,85,1283.0,854.0,2,0,6,1,7,5,,,,,,,completed,1.22,4.33,1.23,4.63,1.25,4.7,1.22,4.35,2024_41_new_york_us_open,2024_41_new_york_us_open_2024-08-26_R128_stearns_p_tsurenko_l
tennis_data_uk,wta,2024,41,US Open,New York,2024-08-26,grand_slam,True,hard,R128,128,3,Townsend T.,Trevisan M.,48,90,1267.0,788.0,2,0,6,2,7,5,,,,,,,completed,1.13,6.0,1.14,6.68,1.15,7.03,1.13,6.11,2024_41_new_york_us_open,2024_41_new_york_us_open_2024-08-26_R128_townsend_t_trevisan_m
tennis_data_uk,wta,2024,41,US Open,New York,2024-08-26,grand_slam,True,hard,R128,128,3,Mertens E.,Kudermetova V.,35,46,1639.0,1308.0,2,1,3,6,6,4,6,3,,,,,completed,1.57,2.38,1.53,2.66,1.6,2.66,1.56,2.42,2024_41_new_york_us_open,2024_41_new_york_us_open_2024-08-26_R128_mertens_e_kudermetova_v
tennis_data_uk,wta,2024,41,US Open,New York,2024-08-26,grand_slam,True,hard,R128,128,3,Keys M.,Siniakova K.,14,36,2727.0,1474.0,2,0,6,4,6,1,,,,,,,completed,1.4,3.0,1.46,2.92,1.47,3.05,1.42,2.9,2024_41_new_york_us_open,2024_41_new_york_us_open_2024-08-26_R128_keys_m_siniakova_k
tennis_data_uk,wta,2024,41,US Open,New York,2024-08-26,grand_slam,True,hard,R128,128,3,Tomljanovic A.,Li A.,118,128,607.0,559.0,2,0,6,4,6,4,,,,,,,completed,1.73,2.1,1.89,2.0,1.89,2.1,1.79,2.01,2024_41_new_york_us_open,2024_41_new_york_us_open_2024-08-26_R128_tomljanovic_a_li_a
tennis_data_uk,wta,2024,41,US Open,New York,2024-08-26,grand_slam,True,hard,R128,128,3,Rus A.,Bogdan A.,93,91,779.0,786.0,2,0,6,4,7,6,,,,,,,completed,2.2,1.67,2.18,1.76,2.22,1.76,2.15,1.71,2024_41_new_york_us_open,2024_41_new_york_us_open_2024-08-26_R128_rus_a_bogdan_a
tennis_data_uk,wta,2024,41,US Open,New York,2024-08-26,grand_slam,True,hard,R128,128,3,Kostyuk M.,Kessler M.,19,63,2348.0,971.0,2,0,6,2,6,3,,,,,,,completed,1.33,3.4,1.4,3.15,1.42,3.4,1.38,3.05,2024_41_new_york_us_open,2024_41_new_york_us_open_2024-08-26_R128_kostyuk_m_kessler_m
tennis_data_uk,wta,2024,41,US Open,New York,2024-08-26,grand_slam,True,hard,R128,128,3,Jovic I.,Linette M.,389,42,155.0,1371.0,2,0,6,4,6,3,,,,,,,completed,4.5,1.2,5.06,1.2,5.06,1.25,4.64,1.2,2024_41_new_york_us_open,2024_41_new_york_us_open_2024-08-26_R128_jovic_i_linette_m
tennis_data_uk,wta,2024,41,US Open,New York,2024-08-26,grand_slam,True,hard,R128,128,3,Navarro E.,Blinkova A.,12,81,3040.0,861.0,2,0,6,1,6,1,,,,,,,completed,1.14,5.5,1.14,6.79,1.17,6.79,1.14,5.93,2024_41_new_york_us_open,2024_41_new_york_us_open_2024-08-26_R128_navarro_e_blinkova_a
tennis_data_uk,wta,2024,41,US Open,New York,2024-08-26,grand_slam,True,hard,R128,128,3,Krejcikova B.,Bassols M.,8,114,3571.0,625.0,2,0,7,6,6,2,,,,,,,completed,1.14,5.5,1.14,6.81,1.15,6.81,1.13,6.1,2024_41_new_york_us_open,2024_41_new_york_us_open_2024-08-26_R128_krejcikova_b_bassols_m
tennis_data_uk,wta,2024,41,US Open,New York,2024-08-27,grand_slam,True,hard,R128,128,3,Azarenka V.,Starodubtseva Y.,20,146,2266.0,520.0,2,1,3,6,6,1,6,1,,,,,completed,1.22,4.33,1.26,4.22,1.26,4.34,1.24,4.08,2024_41_new_york_us_open,2024_41_new_york_us_open_2024-08-27_R128_azarenka_v_starodubtseva_y
tennis_data_uk,wta,2024,41,US Open,New York,2024-08-27,grand_slam,True,hard,R128,128,3,Dart H.,Paquet C.,78,97,874.0,746.0,2,0,6,1,6,2,,,,,,,completed,1.44,2.75,1.49,2.8,1.5,2.81,1.46,2.72,2024_41_new_york_us_open,2024_41_new_york_us_open_2024-08-27_R128_dart_h_paquet_c
tennis_data_uk,wta,2024,41,US Open,New York,2024-08-27,grand_slam,True,hard,R128,128,3,Burel C.,Stephens S.,56,62,1075.0,987.0,2,1,0,6,7,5,7,5,,,,,completed,1.8,2.0,1.86,2.03,1.86,2.05,1.81,2.01,2024_41_new_york_us_open,2024_41_new_york_us_open_2024-08-27_R128_burel_c_stephens_s
tennis_data_uk,wta,2024,41,US Open,New York,2024-08-27,grand_slam,True,hard,R128,128,3,Ruse E.G.,Grabher J.,122,1023,588.0,16.0,2,0,6,2,6,4,,,,,,,completed,1.06,10.0,1.07,11.52,1.07,12.63,1.06,10.12,2024_41_new_york_us_open,2024_41_new_york_us_open_2024-08-27_R128_ruse_e_g_grabher_j
tennis_data_uk,wta,2024,41,US Open,New York,2024-08-27,grand_slam,True,hard,R128,128,3,Alexandrova E.,Tomova V.,31,58,1778.0,1031.0,2,1,6,7,6,0,7,5,,,,,completed,1.4,3.0,1.47,2.87,1.49,3.0,1.43,2.82,2024_41_new_york_us_open,2024_41_new_york_us_open_2024-08-27_R128_alexandrova_e_tomova_v
tennis_data_uk,wta,2024,41,US Open,New York,2024-08-27,grand_slam,True,hard,R128,128,3,Bronzetti L.,Sun L.,76,41,891.0,1373.0,1,0,6,3,,,,,,,,,retired,2.63,1.5,2.63,1.54,2.75,1.54,2.61,1.49,2024_41_new_york_us_open,2024_41_new_york_us_open_2024-08-27_R128_bronzetti_l_sun_l
tennis_data_uk,wta,2024,41,US Open,New York,2024-08-27,grand_slam,True,hard,R128,128,3,Sabalenka A.,Hon P.,2,203,8016.0,345.0,2,0,6,3,6,3,,,,,,,completed,1.02,19.0,1.02,26.64,1.02,27.82,1.02,19.2,2024_41_new_york_us_open,2024_41_new_york_us_open_2024-08-27_R128_sabalenka_a_hon_p
tennis_data_uk,wta,2024,41,US Open,New York,2024-08-27,grand_slam,True,hard,R128,128,3,Muchova K.,Volynets K.,52,57,1126.0,1042.0,2,0,6,3,7,5,,,,,,,completed,1.29,3.75,1.28,4.02,1.3,4.3,1.28,3.77,2024_41_new_york_us_open,2024_41_new_york_us_open_2024-08-27_R128_muchova_k_volynets_k
tennis_data_uk,wta,2024,41,US Open,New York,2024-08-27,grand_slam,True,hard,R128,128,3,Pavlyuchenkova A.,Preston T.,27,145,1961.0,528.0,2,0,6,2,6,0,,,,,,,completed,1.11,6.5,1.11,7.97,1.12,8.0,1.11,6.93,2024_41_new_york_us_open,2024_41_new_york_us_open_2024-08-27_R128_pavlyuchenkova_a_preston_t
tennis_data_uk,wta,2024,41,US Open,New York,2024-08-27,grand_slam,True,hard,R128,128,3,Dolehide C.,Collins D.,49,11,1227.0,3422.0,2,1,1,6,7,5,6,4,,,,,completed,5.5,1.14,5.88,1.17,5.88,1.18,5.42,1.16,2024_41_new_york_us_open,2024_41_new_york_us_open_2024-08-27_R128_dolehide_c_collins_d
tennis_data_uk,wta,2024,41,US Open,New York,2024-08-27,grand_slam,True,hard,R128,128,3,Errani S.,Bucsa C.,96,77,760.0,877.0,2,1,3,6,6,0,6,4,,,,,completed,2.5,1.53,2.63,1.54,2.69,1.57,2.51,1.53,2024_41_new_york_us_open,2024_41_new_york_us_open_2024-08-27_R128_errani_s_bucsa_c
tennis_data_uk,wta,2024,41,US Open,New York,2024-08-27,grand_slam,True,hard,R128,128,3,Krueger A.,Zhang S.,59,643,1017.0,60.0,2,1,0,6,6,1,7,5,,,,,completed,1.06,10.0,1.05,13.59,1.07,15.0,1.05,11.12,2024_41_new_york_us_open,2024_41_new_york_us_open_2024-08-27_R128_krueger_a_zhang_s
tennis_data_uk,wta,2024,41,US Open,New York,2024-08-27,grand_slam,True,hard,R128,128,3,Ponchet J.,Zheng S.,143,1294,532.0,6.0,2,0,6,4,6,1,,,,,,,completed,1.08,8.0,1.13,7.1,1.13,8.5,1.1,7.06,2024_41_new_york_us_open,2024_41_new_york_us_open_2024-08-27_R128_ponchet_j_zheng_s
tennis_data_uk,wta,2024,41,US Open,New York,2024-08-27,grand_slam,True,hard,R128,128,3,Boulter K.,Sasnovich A.,33,107,1715.0,669.0,2,1,5,7,6,2,6,1,,,,,completed,1.57,2.38,1.6,2.47,1.63,2.47,1.58,2.38,2024_41_new_york_us_open,2024_41_new_york_us_open_2024-08-27_R128_boulter_k_sasnovich_a
tennis_data_uk,wta,2024,41,US Open,New York,2024-08-27,grand_slam,True,hard,R128,128,3,Shibahara E.,Saville D.,217,95,323.0,766.0,2,1,6,3,4,6,7,6,,,,,completed,2.0,1.8,2.04,1.85,2.1,1.92,1.99,1.82,2024_41_new_york_us_open,2024_41_new_york_us_open_2024-08-27_R128_shibahara_e_saville_d
tennis_data_uk,wta,2024,41,US Open,New York,2024-08-27,grand_slam,True,hard,R128,128,3,Swiatek I.,Rakhimova K.,1,104,10695.0,682.0,2,0,6,4,7,6,,,,,,,completed,1.02,19.0,1.02,34.48,1.02,34.48,1.02,16.9,2024_41_new_york_us_open,2024_41_new_york_us_open_2024-08-27_R128_swiatek_i_rakhimova_k
tennis_data_uk,wta,2024,41,US Open,New York,2024-08-27,grand_slam,True,hard,R128,128,3,Cocciaretto E.,Baindl K.,65,329,963.0,191.0,2,0,6,3,6,0,,,,,,,completed,1.2,4.5,1.18,5.63,1.21,5.63,1.18,4.89,2024_41_new_york_us_open,2024_41_new_york_us_open_2024-08-27_R128_cocciaretto_e_baindl_k
tennis_data_uk,wta,2024,41,US Open,New York,2024-08-27,grand_slam,True,hard,R128,128,3,Andreeva M.,Osorio M.,23,82,2153.0,861.0,2,0,6,2,7,6,,,,,,,completed,1.17,5.0,1.17,5.69,1.18,5.69,1.17,5.18,2024_41_new_york_us_open,2024_41_new_york_us_open_2024-08-27_R128_andreeva_m_osorio_m
tennis_data_uk,wta,2024,41,US Open,New York,2024-08-27,grand_slam,True,hard,R128,128,3,Wozniacki C.,Hibino N.,71,155,908.0,476.0,2,0,6,0,6,1,,,,,,,completed,1.22,4.33,1.21,4.93,1.23,4.93,1.21,4.41,2024_41_new_york_us_open,2024_41_new_york_us_open_2024-08-27_R128_wozniacki_c_hibino_n
tennis_data_uk,wta,2024,41,US Open,New York,2024-08-27,grand_slam,True,hard,R128,128,3,Osaka N.,Ostapenko J.,88,10,824.0,3428.0,2,0,6,3,6,2,,,,,,,completed,1.62,2.3,1.66,2.34,1.7,2.34,1.64,2.26,2024_41_new_york_us_open,2024_41_new_york_us_open_2024-08-27_R128_osaka_n_ostapenko_j
tennis_data_uk,wta,2024,41,US Open,New York,2024-08-27,grand_slam,True,hard,R128,128,3,Zarazua R.,Garcia C.,92,30,784.0,1808.0,2,0,6,1,6,4,,,,,,,completed,2.63,1.5,2.56,1.56,2.74,1.61,2.57,1.51,2024_41_new_york_us_open,2024_41_new_york_us_open_2024-08-27_R128_zarazua_r_garcia_c
tennis_data_uk,wta,2024,41,US Open,New York,2024-08-27,grand_slam,True,hard,R128,128,3,Kalinskaya A.,Davis L.,15,408,2712.0,145.0,2,0,6,2,6,2,,,,,,,completed,1.08,8.0,1.09,8.99,1.1,9.15,1.08,8.09,2024_41_new_york_us_open,2024_41_new_york_us_open_2024-08-27_R128_kalinskaya_a_davis_l
tennis_data_uk,wta,2024,41,US Open,New York,2024-08-27,grand_slam,True,hard,R128,128,3,Bouzas Maneiro J.,Martic P.,74,98,896.0,738.0,2,0,6,3,6,0,,,,,,,completed,1.57,2.38,1.61,2.44,1.67,2.5,1.6,2.35,2024_41_new_york_us_open,2024_41_new_york_us_open_2024-08-27_R128_bouzas_maneiro_j_martic_p
tennis_data_uk,wta,2024,41,US Open,New York,2024-08-27,grand_slam,True,hard,R128,128,3,Bondar A.,Pera B.,84,79,861.0,872.0,2,1,6,3,3,6,6,3,,,,,completed,2.2,1.67,2.22,1.73,2.24,1.75,2.18,1.69,2024_41_new_york_us_open,2024_41_new_york_us_open_2024-08-27_R128_bondar_a_pera_b
tennis_data_uk,wta,2024,41,US Open,New York,2024-08-27,grand_slam,True,hard,R128,128,3,Rybakina E.,Aiava D.,4,194,5931.0,363.0,2,0,6,1,7,6,,,,,,,completed,1.03,15.0,1.04,16.67,1.05,17.0,1.03,12.84,2024_41_new_york_us_open,2024_41_new_york_us_open_2024-08-27_R128_rybakina_e_aiava_d
tennis_data_uk,wta,2024,41,US Open,New York,2024-08-27,grand_slam,True,hard,R128,128,3,Wang Xin.,Rodionova Ar.,40,119,1373.0,607.0,2,1,3,6,6,4,6,1,,,,,completed,1.14,5.5,1.14,6.6,1.18,6.67,1.14,5.79,2024_41_new_york_us_open,2024_41_new_york_us_open_2024-08-27_R128_wang_xin_rodionova_ar
tennis_data_uk,wta,2024,41,US Open,New York,2024-08-27,grand_slam,True,hard,R128,128,3,Tauson C.,Schmiedlova A.,67,87,929.0,831.0,2,1,1,6,7,6,6,2,,,,,completed,1.53,2.5,1.64,2.39,1.72,2.51,1.58,2.39,2024_41_new_york_us_open,2024_41_new_york_us_open_2024-08-27_R128_tauson_c_schmiedlova_a
tennis_data_uk,wta,2024,41,US Open,New York,2024-08-27,grand_slam,True,hard,R128,128,3,Pliskova Ka.,Sherif M.,44,89,1324.0,793.0,2,1,6,3,0,6,7,5,,,,,completed,1.36,3.2,1.36,3.42,1.39,3.42,1.35,3.22,2024_41_new_york_us_open,2024_41_new_york_us_open_2024-08-27_R128_pliskova_ka_sherif_m
tennis_data_uk,wta,2024,41,US Open,New York,2024-08-27,grand_slam,True,hard,R128,128,3,Potapova A.,Fernandez L.A.,38,26,1397.0,2009.0,2,1,2,6,6,4,7,5,,,,,completed,2.5,1.53,2.7,1.52,2.7,1.56,2.56,1.52,2024_41_new_york_us_open,2024_41_new_york_us_open_2024-08-27_R128_potapova_a_fernandez_l_a
tennis_data_uk,wta,2024,41,US Open,New York,2024-08-27,grand_slam,True,hard,R128,128,3,Lepchenko V.,Fruhvirtova B.,199,106,357.0,673.0,0,0,2,1,,,,,,,,,retired,2.3,1.62,2.5,1.59,2.5,1.68,2.32,1.62,2024_41_new_york_us_open,2024_41_new_york_us_open_2024-08-27_R128_lepchenko_v_fruhvirtova_b
tennis_data_uk,wta,2024,41,US Open,New York,2024-08-27,grand_slam,True,hard,R128,128,3,Sorribes Tormo S.,Noel A.,115,784,624.0,36.0,2,0,6,1,6,3,,,,,,,completed,1.13,6.0,1.13,6.65,1.14,7.0,1.12,6.31,2024_41_new_york_us_open,2024_41_new_york_us_open_2024-08-27_R128_sorribes_tormo_s_noel_a
tennis_data_uk,wta,2024,41,US Open,New York,2024-08-27,grand_slam,True,hard,R128,128,3,Shnaider D.,Podoroska N.,18,68,2385.0,920.0,2,0,6,0,6,1,,,,,,,completed,1.13,6.0,1.15,6.19,1.16,6.19,1.14,5.68,2024_41_new_york_us_open,2024_41_new_york_us_open_2024-08-27_R128_shnaider_d_podoroska_n
tennis_data_uk,wta,2024,41,US Open,New York,2024-08-27,grand_slam,True,hard,R128,128,3,Samsonova L.,Wang Q.,16,438,2610.0,128.0,2,0,6,2,7,5,,,,,,,completed,1.05,11.0,1.06,12.04,1.06,12.04,1.06,10.21,2024_41_new_york_us_open,2024_41_new_york_us_open_2024-08-27_R128_samsonova_l_wang_q
tennis_data_uk,wta,2024,41,US Open,New York,2024-08-27,grand_slam,True,hard,R128,128,3,Bouzkova M.,Lys E.,45,112,1312.0,642.0,2,1,6,2,1,6,7,5,,,,,completed,1.4,3.0,1.45,2.96,1.47,3.0,1.42,2.86,2024_41_new_york_us_open,2024_41_new_york_us_open_2024-08-27_R128_bouzkova_m_lys_e
tennis_data_uk,wta,2024,41,US Open,New York,2024-08-27,grand_slam,True,hard,R128,128,3,Haddad Maia B.,Avanesyan E.,21,51,2221.0,1200.0,2,1,4,6,6,0,6,2,,,,,completed,1.57,2.38,1.67,2.33,1.73,2.4,1.61,2.32,2024_41_new_york_us_open,2024_41_new_york_us_open_2024-08-27_R128_haddad_maia_b_avanesyan_e
tennis_data_uk,wta,2024,41,US Open,New York,2024-08-28,grand_slam,True,hard,R128,128,3,Putintseva Y.,Noskova L.,32,25,1761.0,2013.0,2,0,7,6,6,4,,,,,,,completed,1.91,1.91,1.89,2.0,1.91,2.0,1.88,1.93,2024_41_new_york_us_open,2024_41_new_york_us_open_2024-08-28_R128_putintseva_y_noskova_l
tennis_data_uk,wta,2024,41,US Open,New York,2024-08-28,grand_slam,True,hard,R128,128,3,Paolini J.,Andreescu B.,5,167,5168.0,444.0,2,1,6,7,6,2,6,4,,,,,completed,1.53,2.5,1.54,2.63,1.57,2.65,1.52,2.54,2024_41_new_york_us_open,2024_41_new_york_us_open_2024-08-28_R128_paolini_j_andreescu_b
tennis_data_uk,wta,2024,41,US Open,New York,2024-08-28,grand_slam,True,hard,R128,128,3,Kenin S.,Raducanu E.,54,72,1099.0,907.0,2,1,6,1,3,6,6,4,,,,,completed,3.75,1.29,4.09,1.27,4.09,1.3,3.75,1.28,2024_41_new_york_us_open,2024_41_new_york_us_open_2024-08-28_R128_kenin_s_raducanu_e
tennis_data_uk,wta,2024,41,US Open,New York,2024-08-28,grand_slam,True,hard,R128,128,3,Pegula J.,Rogers S.,6,356,5160.0,173.0,2,0,6,4,6,3,,,,,,,completed,1.05,11.0,1.04,17.45,1.05,17.45,1.04,12.02,2024_41_new_york_us_open,2024_41_new_york_us_open_2024-08-28_R128_pegula_j_rogers_s
tennis_data_uk,wta,2024,41,US Open,New York,2024-08-28,grand_slam,True,hard,R64,64,3,Badosa P.,Townsend T.,29,48,1895.0,1267.0,2,0,6,3,7,5,,,,,,,completed,1.44,2.75,1.4,3.23,1.45,3.23,1.41,2.87,2024_41_new_york_us_open,2024_41_new_york_us_open_2024-08-28_R64_badosa_p_townsend_t
tennis_data_uk,wta,2024,41,US Open,New York,2024-08-28,grand_slam,True,hard,R64,64,3,Mertens E.,Tomljanovic A.,35,118,1639.0,607.0,2,0,6,3,6,2,,,,,,,completed,1.4,3.0,1.38,3.31,1.4,3.31,1.38,3.03,2024_41_new_york_us_open,2024_41_new_york_us_open_2024-08-28_R64_mertens_e_tomljanovic_a
tennis_data_uk,wta,2024,41,US Open,New York,2024-08-28,grand_slam,True,hard,R64,64,3,Niemeier J.,Uchijima M.,101,64,724.0,968.0,2,0,6,4,6,0,,,,,,,completed,1.8,2.0,1.78,2.16,1.83,2.16,1.79,2.01,2024_41_new_york_us_open,2024_41_new_york_us_open_2024-08-28_R64_niemeier_j_uchijima_m
tennis_data_uk,wta,2024,41,US Open,New York,2024-08-28,grand_slam,True,hard,R64,64,3,Ruse E.G.,Krejcikova B.,122,8,588.0,3571.0,2,0,6,4,7,5,,,,,,,completed,3.2,1.36,3.89,1.3,3.89,1.36,3.44,1.31,2024_41_new_york_us_open,2024_41_new_york_us_open_2024-08-28_R64_ruse_e_g_krejcikova_b
tennis_data_uk,wta,2024,41,US Open,New York,2024-08-28,grand_slam,True,hard,R64,64,3,Keys M.,Joint M.,14,135,2727.0,544.0,2,0,6,4,6,0,,,,,,,completed,1.14,5.5,1.18,5.73,1.18,5.73,1.15,5.3,2024_41_new_york_us_open,2024_41_new_york_us_open_2024-08-28_R64_keys_m_joint_m
tennis_data_uk,wta,2024,41,US Open,New York,2024-08-28,grand_slam,True,hard,R64,64,3,Zheng Q.,Andreeva E.,7,75,3980.0,892.0,2,1,6,7,6,1,6,2,,,,,completed,1.17,5.0,1.18,5.75,1.18,6.0,1.15,5.36,2024_41_new_york_us_open,2024_41_new_york_us_open_2024-08-28_R64_zheng_q_andreeva_e
tennis_data_uk,wta,2024,41,US Open,New York,2024-08-28,grand_slam,True,hard,R64,64,3,Wang Y.,Parry D.,80,60,861.0,1002.0,2,0,6,0,6,4,,,,,,,completed,1.73,2.1,1.69,2.3,1.73,2.31,1.69,2.19,2024_41_new_york_us_open,2024_41_new_york_us_open_2024-08-28_R64_wang_y_parry_d
tennis_data_uk,wta,2024,41,US Open,New York,2024-08-28,grand_slam,True,hard,R64,64,3,Kostyuk M.,Dart H.,19,78,2348.0,874.0,2,0,7,6,6,1,,,,,,,completed,1.17,5.0,1.2,5.22,1.23,5.22,1.2,4.69,2024_41_new_york_us_open,2024_41_new_york_us_open_2024-08-28_R64_kostyuk_m_dart_h
tennis_data_uk,wta,2024,41,US Open,New York,2024-08-28,grand_slam,True,hard,R64,64,3,Alexandrova E.,Jovic I.,31,389,1778.0,155.0,2,1,4,6,6,4,7,5,,,,,completed,1.3,3.5,1.34,3.56,1.36,3.56,1.32,3.33,2024_41_new_york_us_open,2024_41_new_york_us_open_2024-08-28_R64_alexandrova_e_jovic_i
tennis_data_uk,wta,2024,41,US Open,New York,2024-08-28,grand_slam,True,hard,R64,64,3,Sabalenka A.,Bronzetti L.,2,76,8016.0,891.0,2,0,6,3,6,1,,,,,,,completed,1.04,13.0,1.04,18.91,1.05,19.28,1.03,12.7,2024_41_new_york_us_open,2024_41_new_york_us_open_2024-08-28_R64_sabalenka_a_bronzetti_l
tennis_data_uk,wta,2024,41,US Open,New York,2024-08-28,grand_slam,True,hard,R64,64,3,Navarro E.,Rus A.,12,93,3040.0,779.0,2,0,6,1,6,1,,,,,,,completed,1.11,6.5,1.14,6.71,1.14,6.71,1.13,6.04,2024_41_new_york_us_open,2024_41_new_york_us_open_2024-08-28_R64_navarro_e_rus_a
tennis_data_uk,wta,2024,41,US Open,New York,2024-08-28,grand_slam,True,hard,R64,64,3,Vekic D.,Minnen G.,24,70,2013.0,918.0,2,0,7,5,6,1,,,,,,,completed,1.29,3.75,1.32,3.74,1.32,3.75,1.3,3.46,2024_41_new_york_us_open,2024_41_new_york_us_open_2024-08-28_R64_vekic_d_minnen_g
tennis_data_uk,wta,2024,41,US Open,New York,2024-08-29,grand_slam,True,hard,R64,64,3,Azarenka V.,Burel C.,20,56,2266.0,1075.0,2,0,6,1,6,4,,,,,,,completed,1.2,4.5,1.24,4.61,1.25,4.98,1.22,4.4,2024_41_new_york_us_open,2024_41_new_york_us_open_2024-08-29_R64_azarenka_v_burel_c
tennis_data_uk,wta,2024,41,US Open,New York,2024-08-29,grand_slam,True,hard,R64,64,3,Gauff C.,Maria T.,3,99,6743.0,735.0,2,0,6,4,6,0,,,,,,,completed,1.02,19.0,1.03,24.47,1.03,24.47,1.02,15.71,2024_41_new_york_us_open,2024_41_new_york_us_open_2024-08-29_R64_gauff_c_maria_t
tennis_data_uk,wta,2024,41,US Open,New York,2024-08-29,grand_slam,True,hard,R64,64,3,Svitolina E.,Kalinina A.,28,55,1942.0,1076.0,2,0,6,1,6,2,,,,,,,completed,1.2,4.5,1.24,4.69,1.24,4.69,1.21,4.3,2024_41_new_york_us_open,2024_41_new_york_us_open_2024-08-29_R64_svitolina_e_kalinina_a
tennis_data_uk,wta,2024,41,US Open,New York,2024-08-29,grand_slam,True,hard,R64,64,3,Stearns P.,Kasatkina D.,47,13,1283.0,2973.0,2,0,6,1,7,6,,,,,,,completed,2.0,1.8,2.08,1.84,2.08,1.84,1.99,1.79,2024_41_new_york_us_open,2024_41_new_york_us_open_2024-08-29_R64_stearns_p_kasatkina_d
tennis_data_uk,wta,2024,41,US Open,New York,2024-08-29,grand_slam,True,hard,R64,64,3,Kalinskaya A.,Bondar A.,15,84,2712.0,861.0,2,0,6,2,6,4,,,,,,,completed,1.14,5.5,1.16,6.23,1.17,6.39,1.14,5.74,2024_41_new_york_us_open,2024_41_new_york_us_open_2024-08-29_R64_kalinskaya_a_bondar_a
tennis_data_uk,wta,2024,41,US Open,New York,2024-08-29,grand_slam,True,hard,R64,64,3,Shnaider D.,Tauson C.,18,67,2385.0,929.0,2,0,6,4,6,4,,,,,,,completed,1.25,4.0,1.26,4.33,1.28,4.33,1.25,4.02,2024_41_new_york_us_open,2024_41_new_york_us_open_2024-08-29_R64_shnaider_d_tauson_c
tennis_data_uk,wta,2024,41,US Open,New York,2024-08-29,grand_slam,True,hard,R64,64,3,Putintseva Y.,Wang Xin.,32,40,1761.0,1373.0,2,0,6,1,7,6,,,,,,,completed,1.44,2.75,1.44,3.05,1.5,3.05,1.44,2.81,2024_41_new_york_us_open,2024_41_new_york_us_open_2024-08-29_R64_putintseva_y_wang_xin
tennis_data_uk,wta,2024,41,US Open,New York,2024-08-29,grand_slam,True,hard,R64,64,3,Bouzas Maneiro J.,Boulter K.,74,33,896.0,1715.0,2,0,7,5,7,5,,,,,,,completed,2.63,1.5,2.62,1.56,2.63,1.57,2.51,1.53,2024_41_new_york_us_open,2024_41_new_york_us_open_2024-08-29_R64_bouzas_maneiro_j_boulter_k
tennis_data_uk,wta,2024,41,US Open,New York,2024-08-29,grand_slam,True,hard,R64,64,3,Errani S.,Dolehide C.,96,49,760.0,1227.0,2,0,7,5,7,5,,,,,,,completed,3.75,1.29,3.54,1.35,3.8,1.35,3.6,1.3,2024_41_new_york_us_open,2024_41_new_york_us_open_2024-08-29_R64_errani_s_dolehide_c
tennis_data_uk,wta,2024,41,US Open,New York,2024-08-29,grand_slam,True,hard,R64,64,3,Samsonova L.,Bouzkova M.,16,45,2610.0,1312.0,2,1,3,6,7,6,6,3,,,,,completed,1.53,2.5,1.61,2.48,1.62,2.5,1.58,2.39,2024_41_new_york_us_open,2024_41_new_york_us_open_2024-08-29_R64_samsonova_l_bouzkova_m
tennis_data_uk,wta,2024,41,US Open,New York,2024-08-29,grand_slam,True,hard,R64,64,3,Paolini J.,Pliskova Ka.,5,44,5168.0,1324.0,0,0,,,,,,,,,,,retired,1.3,3.5,1.29,4.02,1.34,4.02,1.3,3.57,2024_41_new_york_us_open,2024_41_new_york_us_open_2024-08-29_R64_paolini_j_pliskova_ka
tennis_data_uk,wta,2024,41,US Open,New York,2024-08-29,grand_slam,True,hard,R64,64,3,Krueger A.,Andreeva M.,59,23,1017.0,2153.0,2,0,6,1,6,4,,,,,,,completed,4.33,1.22,4.52,1.25,4.52,1.26,4.26,1.23,2024_41_new_york_us_open,2024_41_new_york_us_open_2024-08-29_R64_krueger_a_andreeva_m
tennis_data_uk,wta,2024,41,US Open,New York,2024-08-29,grand_slam,True,hard,R64,64,3,Haddad Maia B.,Sorribes Tormo S.,21,115,2221.0,624.0,2,0,6,2,6,1,,,,,,,completed,1.25,4.0,1.29,4.03,1.3,4.03,1.27,3.79,2024_41_new_york_us_open,2024_41_new_york_us_open_2024-08-29_R64_haddad_maia_b_sorribes_tormo_s
tennis_data_uk,wta,2024,41,US Open,New York,2024-08-29,grand_slam,True,hard,R64,64,3,Potapova A.,Lepchenko V.,38,199,1397.0,357.0,2,0,6,3,6,4,,,,,,,completed,1.17,5.0,1.18,5.67,1.18,5.67,1.17,5.14,2024_41_new_york_us_open,2024_41_new_york_us_open_2024-08-29_R64_potapova_a_lepchenko_v
tennis_data_uk,wta,2024,41,US Open,New York,2024-08-29,grand_slam,True,hard,R64,64,3,Swiatek I.,Shibahara E.,1,217,10695.0,323.0,2,0,6,0,6,1,,,,,,,completed,1.02,21.0,1.01,39.46,1.02,39.46,1.01,20.75,2024_41_new_york_us_open,2024_41_new_york_us_open_2024-08-29_R64_swiatek_i_shibahara_e
tennis_data_uk,wta,2024,41,US Open,New York,2024-08-29,grand_slam,True,hard,R64,64,3,Pegula J.,Kenin S.,6,54,5160.0,1099.0,2,0,7,6,6,3,,,,,,,completed,1.13,6.0,1.14,6.7,1.15,6.83,1.13,6.08,2024_41_new_york_us_open,2024_41_new_york_us_open_2024-08-29_R64_pegula_j_kenin_s
tennis_data_uk,wta,2024,41,US Open,New York,2024-08-29,grand_slam,True,hard,R64,64,3,Pavlyuchenkova A.,Cocciaretto E.,27,65,1961.0,963.0,2,1,5,7,6,1,6,2,,,,,completed,1.5,2.63,1.48,2.89,1.57,2.89,1.51,2.59,2024_41_new_york_us_open,2024_41_new_york_us_open_2024-08-29_R64_pavlyuchenkova_a_cocciaretto_e
tennis_data_uk,wta,2024,41,US Open,New York,2024-08-29,grand_slam,True,hard,R64,64,3,Ponchet J.,Rybakina E.,143,4,532.0,5931.0,,,,,,,,,,,,,walkover,13.0,1.04,21.9,1.03,21.9,1.04,14.05,1.04,2024_41_new_york_us_open,2024_41_new_york_us_open_2024-08-29_R64_ponchet_j_rybakina_e
tennis_data_uk,wta,2024,41,US Open,New York,2024-08-30,grand_slam,True,hard,R64,64,3,Muchova K.,Osaka N.,52,88,1126.0,824.0,2,0,6,3,7,6,,,,,,,completed,2.1,1.73,2.22,1.74,2.22,1.77,2.13,1.72,2024_41_new_york_us_open,2024_41_new_york_us_open_2024-08-30_R64_muchova_k_osaka_n
tennis_data_uk,wta,2024,41,US Open,New York,2024-08-30,grand_slam,True,hard,R64,64,3,Wozniacki C.,Zarazua R.,71,92,908.0,784.0,2,0,6,3,6,3,,,,,,,completed,1.13,6.0,1.22,4.98,1.22,6.05,1.17,5.21,2024_41_new_york_us_open,2024_41_new_york_us_open_2024-08-30_R64_wozniacki_c_zarazua_r
tennis_data_uk,wta,2024,41,US Open,New York,2024-08-30,grand_slam,True,hard,R32,32,3,Badosa P.,Ruse E.G.,29,122,1895.0,588.0,2,1,4,6,6,1,7,6,,,,,completed,1.17,5.0,1.18,5.56,1.2,5.56,1.18,4.92,2024_41_new_york_us_open,2024_41_new_york_us_open_2024-08-30_R32_badosa_p_ruse_e_g
tennis_data_uk,wta,2024,41,US Open,New York,2024-08-30,grand_slam,True,hard,R32,32,3,Zheng Q.,Niemeier J.,7,101,3980.0,724.0,2,0,6,2,6,1,,,,,,,completed,1.11,6.5,1.11,8.2,1.13,8.2,1.11,6.75,2024_41_new_york_us_open,2024_41_new_york_us_open_2024-08-30_R32_zheng_q_niemeier_j
tennis_data_uk,wta,2024,41,US Open,New York,2024-08-30,grand_slam,True,hard,R32,32,3,Gauff C.,Svitolina E.,3,28,6743.0,1942.0,2,1,3,6,6,3,6,3,,,,,completed,1.4,3.0,1.44,3.01,1.45,3.09,1.43,2.87,2024_41_new_york_us_open,2024_41_new_york_us_open_2024-08-30_R32_gauff_c_svitolina_e
tennis_data_uk,wta,2024,41,US Open,New York,2024-08-30,grand_slam,True,hard,R32,32,3,Wang Y.,Azarenka V.,80,20,861.0,2266.0,2,1,6,4,3,6,6,1,,,,,completed,3.75,1.29,3.98,1.29,4.0,1.33,3.69,1.29,2024_41_new_york_us_open,2024_41_new_york_us_open_2024-08-30_R32_wang_y_azarenka_v
tennis_data_uk,wta,2024,41,US Open,New York,2024-08-30,grand_slam,True,hard,R32,32,3,Navarro E.,Kostyuk M.,12,19,3040.0,2348.0,2,1,6,4,4,6,6,3,,,,,completed,1.57,2.38,1.62,2.4,1.62,2.47,1.58,2.39,2024_41_new_york_us_open,2024_41_new_york_us_open_2024-08-30_R32_navarro_e_kostyuk_m
tennis_data_uk,wta,2024,41,US Open,New York,2024-08-30,grand_slam,True,hard,R32,32,3,Vekic D.,Stearns P.,24,47,2013.0,1283.0,2,0,7,5,6,4,,,,,,,completed,1.67,2.2,1.65,2.4,1.7,2.42,1.64,2.26,2024_41_new_york_us_open,2024_41_new_york_us_open_2024-08-30_R32_vekic_d_stearns_p
tennis_data_uk,wta,2024,41,US Open,New York,2024-08-31,grand_slam,True,hard,R32,32,3,Mertens E.,Keys M.,35,14,1639.0,2727.0,2,1,6,7,7,5,6,4,,,,,completed,3.0,1.4,3.0,1.45,3.01,1.47,2.91,1.41,2024_41_new_york_us_open,2024_41_new_york_us_open_2024-08-31_R32_mertens_e_keys_m
tennis_data_uk,wta,2024,41,US Open,New York,2024-08-31,grand_slam,True,hard,R32,32,3,Sabalenka A.,Alexandrova E.,2,31,8016.0,1778.0,2,1,2,6,6,1,6,2,,,,,completed,1.08,8.0,1.1,9.0,1.11,9.0,1.09,7.95,2024_41_new_york_us_open,2024_41_new_york_us_open_2024-08-31_R32_sabalenka_a_alexandrova_e
tennis_data_uk,wta,2024,41,US Open,New York,2024-08-31,grand_slam,True,hard,R32,32,3,Muchova K.,Potapova A.,52,38,1126.0,1397.0,2,0,6,4,6,2,,,,,,,completed,1.4,3.0,1.36,3.48,1.43,3.48,1.37,3.08,2024_41_new_york_us_open,2024_41_new_york_us_open_2024-08-31_R32_muchova_k_potapova_a
tennis_data_uk,wta,2024,41,US Open,New York,2024-08-31,grand_slam,True,hard,R32,32,3,Paolini J.,Putintseva Y.,5,32,5168.0,1761.0,2,0,6,3,6,4,,,,,,,completed,1.67,2.2,1.72,2.26,1.73,2.35,1.66,2.24,2024_41_new_york_us_open,2024_41_new_york_us_open_2024-08-31_R32_paolini_j_putintseva_y
tennis_data_uk,wta,2024,41,US Open,New York,2024-08-31,grand_slam,True,hard,R32,32,3,Pegula J.,Bouzas Maneiro J.,6,74,5160.0,896.0,2,0,6,3,6,3,,,,,,,completed,1.11,6.5,1.13,7.27,1.13,7.27,1.11,6.58,2024_41_new_york_us_open,2024_41_new_york_us_open_2024-08-31_R32_pegula_j_bouzas_maneiro_j
tennis_data_uk,wta,2024,41,US Open,New York,2024-08-31,grand_slam,True,hard,R32,32,3,Shnaider D.,Errani S.,18,96,2385.0,760.0,2,0,6,2,6,2,,,,,,,completed,1.08,8.0,1.1,8.72,1.11,9.81,1.09,7.69,2024_41_new_york_us_open,2024_41_new_york_us_open_2024-08-31_R32_shnaider_d_errani_s
tennis_data_uk,wta,2024,41,US Open,New York,2024-08-31,grand_slam,True,hard,R32,32,3,Samsonova L.,Krueger A.,16,59,2610.0,1017.0,2,0,6,1,6,1,,,,,,,completed,1.57,2.38,1.58,2.54,1.65,2.54,1.59,2.35,2024_41_new_york_us_open,2024_41_new_york_us_open_2024-08-31_R32_samsonova_l_krueger_a
tennis_data_uk,wta,2024,41,US Open,New York,2024-08-31,grand_slam,True,hard,R32,32,3,Wozniacki C.,Ponchet J.,71,143,908.0,532.0,2,0,6,3,6,2,,,,,,,completed,1.08,8.0,1.13,7.09,1.13,8.0,1.11,6.64,2024_41_new_york_us_open,2024_41_new_york_us_open_2024-08-31_R32_wozniacki_c_ponchet_j
tennis_data_uk,wta,2024,41,US Open,New York,2024-09-01,grand_slam,True,hard,R32,32,3,Swiatek I.,Pavlyuchenkova A.,1,27,10695.0,1961.0,2,0,6,4,6,2,,,,,,,completed,1.08,8.0,1.09,9.29,1.1,9.29,1.08,8.25,2024_41_new_york_us_open,2024_41_new_york_us_open_2024-09-01_R32_swiatek_i_pavlyuchenkova_a
tennis_data_uk,wta,2024,41,US Open,New York,2024-09-01,grand_slam,True,hard,R32,32,3,Haddad Maia B.,Kalinskaya A.,21,15,2221.0,2712.0,2,0,6,3,6,1,,,,,,,completed,2.63,1.5,2.65,1.55,2.65,1.57,2.57,1.51,2024_41_new_york_us_open,2024_41_new_york_us_open_2024-09-01_R32_haddad_maia_b_kalinskaya_a
tennis_data_uk,wta,2024,41,US Open,New York,2024-09-01,grand_slam,True,hard,R16,16,3,Badosa P.,Wang Y.,29,80,1895.0,861.0,2,0,6,1,6,2,,,,,,,completed,1.22,4.33,1.22,4.82,1.25,4.82,1.22,4.28,2024_41_new_york_us_open,2024_41_new_york_us_open_2024-09-01_R16_badosa_p_wang_y
tennis_data_uk,wta,2024,41,US Open,New York,2024-09-01,grand_slam,True,hard,R16,16,3,Navarro E.,Gauff C.,12,3,3040.0,6743.0,2,1,6,3,4,6,6,3,,,,,completed,2.75,1.44,2.92,1.47,2.92,1.51,2.74,1.45,2024_41_new_york_us_open,2024_41_new_york_us_open_2024-09-01_R16_navarro_e_gauff_c
tennis_data_uk,wta,2024,41,US Open,New York,2024-09-02,grand_slam,True,hard,R16,16,3,Sabalenka A.,Mertens E.,2,35,8016.0,1639.0,2,0,6,2,6,4,,,,,,,completed,1.08,8.0,1.11,7.99,1.14,8.0,1.11,6.91,2024_41_new_york_us_open,2024_41_new_york_us_open_2024-09-02_R16_sabalenka_a_mertens_e
tennis_data_uk,wta,2024,41,US Open,New York,2024-09-02,grand_slam,True,hard,R16,16,3,Zheng Q.,Vekic D.,7,24,3980.0,2013.0,2,1,7,6,4,6,6,2,,,,,completed,1.44,2.75,1.46,2.95,1.5,3.0,1.45,2.77,2024_41_new_york_us_open,2024_41_new_york_us_open_2024-09-02_R16_zheng_q_vekic_d
tennis_data_uk,wta,2024,41,US Open,New York,2024-09-02,grand_slam,True,hard,R16,16,3,Muchova K.,Paolini J.,52,5,1126.0,5168.0,2,0,6,3,6,3,,,,,,,completed,1.57,2.38,1.72,2.26,1.72,2.55,1.6,2.35,2024_41_new_york_us_open,2024_41_new_york_us_open_2024-09-02_R16_muchova_k_paolini_j
tennis_data_uk,wta,2024,41,US Open,New York,2024-09-02,grand_slam,True,hard,R16,16,3,Pegula J.,Shnaider D.,6,18,5160.0,2385.0,2,0,6,4,6,2,,,,,,,completed,1.5,2.63,1.49,2.83,1.53,2.85,1.48,2.69,2024_41_new_york_us_open,2024_41_new_york_us_open_2024-09-02_R16_pegula_j_shnaider_d
tennis_data_uk,wta,2024,41,US Open,New York,2024-09-02,grand_slam,True,hard,R16,16,3,Haddad Maia B.,Wozniacki C.,21,71,2221.0,908.0,2,1,6,2,3,6,6,3,,,,,completed,2.0,1.8,2.08,1.84,2.14,1.85,2.03,1.8,2024_41_new_york_us_open,2024_41_new_york_us_open_2024-09-02_R16_haddad_maia_b_wozniacki_c
tennis_data_uk,wta,2024,41,US Open,New York,2024-09-03,grand_slam,True,hard,R16,16,3,Swiatek I.,Samsonova L.,1,16,10695.0,2610.0,2,0,6,4,6,1,,,,,,,completed,1.08,8.0,1.1,8.94,1.11,9.08,1.1,7.44,2024_41_new_york_us_open,2024_41_new_york_us_open_2024-09-03_R16_swiatek_i_samsonova_l
tennis_data_uk,wta,2024,41,US Open,New York,2024-09-03,grand_slam,True,hard,QF,8,3,Navarro E.,Badosa P.,12,29,3040.0,1895.0,2,0,6,2,7,5,,,,,,,completed,2.1,1.73,2.09,1.83,2.11,1.83,2.05,1.78,2024_41_new_york_us_open,2024_41_new_york_us_open_2024-09-03_QF_navarro_e_badosa_p
tennis_data_uk,wta,2024,41,US Open,New York,2024-09-04,grand_slam,True,hard,QF,8,3,Sabalenka A.,Zheng Q.,2,7,8016.0,3980.0,2,0,6,1,6,2,,,,,,,completed,1.25,4.0,1.32,3.75,1.32,4.0,1.29,3.68,2024_41_new_york_us_open,2024_41_new_york_us_open_2024-09-04_QF_sabalenka_a_zheng_q
tennis_data_uk,wta,2024,41,US Open,New York,2024-09-04,grand_slam,True,hard,QF,8,3,Muchova K.,Haddad Maia B.,52,21,1126.0,2221.0,2,0,6,1,6,4,,,,,,,completed,1.3,3.5,1.34,3.62,1.37,3.62,1.32,3.38,2024_41_new_york_us_open,2024_41_new_york_us_open_2024-09-04_QF_muchova_k_haddad_maia_b
tennis_data_uk,wta,2024,41,US Open,New York,2024-09-05,grand_slam,True,hard,QF,8,3,Pegula J.,Swiatek I.,6,1,5160.0,10695.0,2,0,6,2,6,4,,,,,,,completed,3.75,1.29,3.77,1.32,3.8,1.34,3.6,1.3,2024_41_new_york_us_open,2024_41_new_york_us_open_2024-09-05_QF_pegula_j_swiatek_i
tennis_data_uk,wta,2024,41,US Open,New York,2024-09-06,grand_slam,True,hard,SF,4,3,Sabalenka A.,Navarro E.,2,12,8016.0,3040.0,2,0,6,3,7,6,,,,,,,completed,1.2,4.5,1.23,4.76,1.23,4.76,1.22,4.4,2024_41_new_york_us_open,2024_41_new_york_us_open_2024-09-06_SF_sabalenka_a_navarro_e
tennis_data_uk,wta,2024,41,US Open,New York,2024-09-06,grand_slam,True,hard,SF,4,3,Pegula J.,Muchova K.,6,52,5160.0,1126.0,2,1,1,6,6,4,6,2,,,,,completed,1.62,2.3,1.66,2.38,1.66,2.44,1.63,2.31,2024_41_new_york_us_open,2024_41_new_york_us_open_2024-09-06_SF_pegula_j_muchova_k
tennis_data_uk,wta,2024,41,US Open,New York,2024-09-07,grand_slam,True,hard,F,2,3,Sabalenka A.,Pegula J.,2,6,8016.0,5160.0,2,0,7,5,7,5,,,,,,,completed,1.29,3.75,1.3,3.89,1.34,3.89,1.3,3.64,2024_41_new_york_us_open,2024_41_new_york_us_open_2024-09-07_F_sabalenka_a_pegula_j
tennis_data_uk,wta,2024,42,Guadalajara Open,Guadalajara,2024-09-09,wta_500,True,hard,R32,32,3,Kudermetova V.,Vickery S.,42,160,1308.0,461.0,2,0,6,4,6,4,,,,,,,completed,1.29,3.75,1.26,4.2,1.32,4.2,1.26,3.77,2024_42_guadalajara_guadalajara_open,2024_42_guadalajara_guadalajara_open_2024-09-09_R32_kudermetova_v_vickery_s
tennis_data_uk,wta,2024,42,Guadalajara Open,Guadalajara,2024-09-09,wta_500,True,hard,R32,32,3,Gadecki O.,Stephens S.,152,63,484.0,987.0,2,0,6,4,6,3,,,,,,,completed,1.8,2.0,1.79,2.13,1.81,2.13,1.76,2.04,2024_42_guadalajara_guadalajara_open,2024_42_guadalajara_guadalajara_open_2024-09-09_R32_gadecki_o_stephens_s
tennis_data_uk,wta,2024,42,Guadalajara Open,Guadalajara,2024-09-09,wta_500,True,hard,R32,32,3,Rakhimova K.,Krunic A.,89,283,812.0,236.0,2,0,7,5,6,0,,,,,,,completed,1.29,3.75,1.31,3.75,1.33,3.75,1.3,3.47,2024_42_guadalajara_guadalajara_open,2024_42_guadalajara_guadalajara_open_2024-09-09_R32_rakhimova_k_krunic_a
tennis_data_uk,wta,2024,42,Guadalajara Open,Guadalajara,2024-09-10,wta_500,True,hard,R32,32,3,Zarazua R.,Kalinina A.,85,52,834.0,1136.0,2,1,6,1,3,6,6,1,,,,,completed,2.63,1.5,2.51,1.58,2.63,1.6,2.43,1.54,2024_42_guadalajara_guadalajara_open,2024_42_guadalajara_guadalajara_open_2024-09-10_R32_zarazua_r_kalinina_a
tennis_data_uk,wta,2024,42,Guadalajara Open,Guadalajara,2024-09-10,wta_500,True,hard,R32,32,3,Osorio M.,Baptiste H.,80,102,861.0,704.0,2,0,6,3,6,2,,,,,,,completed,1.4,3.0,1.46,2.91,1.46,3.0,1.42,2.81,2024_42_guadalajara_guadalajara_open,2024_42_guadalajara_guadalajara_open_2024-09-10_R32_osorio_m_baptiste_h
tennis_data_uk,wta,2024,42,Guadalajara Open,Guadalajara,2024-09-10,wta_500,True,hard,R32,32,3,Krueger A.,Maria T.,51,82,1137.0,846.0,2,0,7,5,6,2,,,,,,,completed,1.44,2.75,1.55,2.61,1.55,2.78,1.48,2.6,2024_42_guadalajara_guadalajara_open,2024_42_guadalajara_guadalajara_open_2024-09-10_R32_krueger_a_maria_t
tennis_data_uk,wta,2024,42,Guadalajara Open,Guadalajara,2024-09-10,wta_500,True,hard,R32,32,3,Shibahara E.,Birrell K.,169,150,432.0,489.0,2,0,6,4,7,6,,,,,,,completed,1.91,1.91,1.89,2.0,1.91,2.0,1.86,1.92,2024_42_guadalajara_guadalajara_open,2024_42_guadalajara_guadalajara_open_2024-09-10_R32_shibahara_e_birrell_k
tennis_data_uk,wta,2024,42,Guadalajara Open,Guadalajara,2024-09-10,wta_500,True,hard,R32,32,3,Stefanini L.,Sanchez A.S.,178,285,406.0,235.0,2,1,6,0,3,6,6,2,,,,,completed,1.1,7.0,1.09,9.13,1.11,9.13,1.08,7.55,2024_42_guadalajara_guadalajara_open,2024_42_guadalajara_guadalajara_open_2024-09-10_R32_stefanini_l_sanchez_a_s
tennis_data_uk,wta,2024,42,Guadalajara Open,Guadalajara,2024-09-10,wta_500,True,hard,R32,32,3,Trevisan M.,Dolehide C.,99,44,740.0,1287.0,2,0,6,3,6,2,,,,,,,completed,3.5,1.3,3.18,1.4,3.6,1.4,3.3,1.32,2024_42_guadalajara_guadalajara_open,2024_42_guadalajara_guadalajara_open_2024-09-10_R32_trevisan_m_dolehide_c
tennis_data_uk,wta,2024,42,Guadalajara Open,Guadalajara,2024-09-11,wta_500,True,hard,R32,32,3,Bouzkova M.,Eala A.,45,147,1252.0,502.0,2,0,6,2,6,2,,,,,,,completed,1.2,4.5,1.28,4.01,1.29,4.54,1.27,3.77,2024_42_guadalajara_guadalajara_open,2024_42_guadalajara_guadalajara_open_2024-09-11_R32_bouzkova_m_eala_a
tennis_data_uk,wta,2024,42,Guadalajara Open,Guadalajara,2024-09-11,wta_500,True,hard,R32,32,3,Stakusic M.,Schmiedlova A.,155,98,480.0,745.0,2,0,6,2,6,4,,,,,,,completed,2.38,1.57,2.42,1.62,2.5,1.64,2.36,1.58,2024_42_guadalajara_guadalajara_open,2024_42_guadalajara_guadalajara_open_2024-09-11_R32_stakusic_m_schmiedlova_a
tennis_data_uk,wta,2024,42,Guadalajara Open,Guadalajara,2024-09-11,wta_500,True,hard,R32,32,3,Frech M.,Bektas E.,43,117,1303.0,617.0,2,0,6,4,6,4,,,,,,,completed,1.25,4.0,1.32,3.67,1.36,4.01,1.29,3.49,2024_42_guadalajara_guadalajara_open,2024_42_guadalajara_guadalajara_open_2024-09-11_R32_frech_m_bektas_e
tennis_data_uk,wta,2024,42,Guadalajara Open,Guadalajara,2024-09-11,wta_500,True,hard,R16,16,3,Azarenka V.,Rakhimova K.,19,89,2326.0,812.0,0,1,2,6,0,3,,,,,,,retired,1.3,3.5,1.34,3.6,1.35,3.6,1.3,3.42,2024_42_guadalajara_guadalajara_open,2024_42_guadalajara_guadalajara_open_2024-09-11_R16_azarenka_v_rakhimova_k
tennis_data_uk,wta,2024,42,Guadalajara Open,Guadalajara,2024-09-11,wta_500,True,hard,R16,16,3,Osorio M.,Kudermetova V.,80,42,861.0,1308.0,2,1,7,6,6,7,7,5,,,,,completed,2.0,1.8,2.09,1.83,2.12,1.86,1.99,1.8,2024_42_guadalajara_guadalajara_open,2024_42_guadalajara_guadalajara_open_2024-09-11_R16_osorio_m_kudermetova_v
tennis_data_uk,wta,2024,42,Guadalajara Open,Guadalajara,2024-09-12,wta_500,True,hard,R16,16,3,Gadecki O.,Collins D.,152,11,484.0,3362.0,2,0,6,3,6,3,,,,,,,completed,4.33,1.22,4.35,1.26,4.35,1.29,3.97,1.24,2024_42_guadalajara_guadalajara_open,2024_42_guadalajara_guadalajara_open_2024-09-12_R16_gadecki_o_collins_d
tennis_data_uk,wta,2024,42,Guadalajara Open,Guadalajara,2024-09-12,wta_500,True,hard,R16,16,3,Trevisan M.,Zarazua R.,99,85,740.0,834.0,2,0,6,4,6,3,,,,,,,completed,2.1,1.73,2.03,1.88,2.15,1.88,2.05,1.76,2024_42_guadalajara_guadalajara_open,2024_42_guadalajara_guadalajara_open_2024-09-12_R16_trevisan_m_zarazua_r
tennis_data_uk,wta,2024,42,Guadalajara Open,Guadalajara,2024-09-12,wta_500,True,hard,R16,16,3,Bouzkova M.,Stefanini L.,45,178,1252.0,406.0,2,0,6,2,6,1,,,,,,,completed,1.2,4.5,1.17,5.94,1.21,5.94,1.17,4.96,2024_42_guadalajara_guadalajara_open,2024_42_guadalajara_guadalajara_open_2024-09-12_R16_bouzkova_m_stefanini_l
tennis_data_uk,wta,2024,42,Guadalajara Open,Guadalajara,2024-09-12,wta_500,True,hard,R16,16,3,Garcia C.,Shibahara E.,30,169,1808.0,432.0,2,0,7,6,7,6,,,,,,,completed,1.53,2.5,1.58,2.57,1.61,2.65,1.55,2.42,2024_42_guadalajara_guadalajara_open,2024_42_guadalajara_guadalajara_open_2024-09-12_R16_garcia_c_shibahara_e
tennis_data_uk,wta,2024,42,Guadalajara Open,Guadalajara,2024-09-13,wta_500,True,hard,R16,16,3,Stakusic M.,Ostapenko J.,155,12,480.0,3008.0,2,1,6,3,5,7,7,6,,,,,completed,4.33,1.22,4.1,1.28,4.34,1.28,3.99,1.24,2024_42_guadalajara_guadalajara_open,2024_42_guadalajara_guadalajara_open_2024-09-13_R16_stakusic_m_ostapenko_j
tennis_data_uk,wta,2024,42,Guadalajara Open,Guadalajara,2024-09-13,wta_500,True,hard,R16,16,3,Frech M.,Krueger A.,43,51,1303.0,1137.0,2,1,3,6,6,3,6,1,,,,,completed,2.63,1.5,2.58,1.57,2.63,1.57,2.51,1.52,2024_42_guadalajara_guadalajara_open,2024_42_guadalajara_guadalajara_open_2024-09-13_R16_frech_m_krueger_a
tennis_data_uk,wta,2024,42,Guadalajara Open,Guadalajara,2024-09-13,wta_500,True,hard,QF,8,3,Gadecki O.,Trevisan M.,152,99,484.0,740.0,2,1,6,2,3,6,6,1,,,,,completed,1.5,2.63,1.45,2.97,1.5,2.97,1.44,2.75,2024_42_guadalajara_guadalajara_open,2024_42_guadalajara_guadalajara_open_2024-09-13_QF_gadecki_o_trevisan_m
tennis_data_uk,wta,2024,42,Guadalajara Open,Guadalajara,2024-09-13,wta_500,True,hard,QF,8,3,Osorio M.,Rakhimova K.,80,89,861.0,812.0,2,0,7,6,6,2,,,,,,,completed,2.2,1.67,2.3,1.69,2.3,1.84,2.17,1.68,2024_42_guadalajara_guadalajara_open,2024_42_guadalajara_guadalajara_open_2024-09-13_QF_osorio_m_rakhimova_k
tennis_data_uk,wta,2024,42,Guadalajara Open,Guadalajara,2024-09-14,wta_500,True,hard,QF,8,3,Garcia C.,Bouzkova M.,30,45,1808.0,1252.0,,,,,,,,,,,,,walkover,2.75,1.44,3.15,1.41,3.15,1.45,2.82,1.42,2024_42_guadalajara_guadalajara_open,2024_42_guadalajara_guadalajara_open_2024-09-14_QF_garcia_c_bouzkova_m
tennis_data_uk,wta,2024,42,Guadalajara Open,Guadalajara,2024-09-14,wta_500,True,hard,QF,8,3,Frech M.,Stakusic M.,43,155,1303.0,480.0,2,0,6,4,6,3,,,,,,,completed,1.5,2.63,1.56,2.6,1.56,2.7,1.5,2.55,2024_42_guadalajara_guadalajara_open,2024_42_guadalajara_guadalajara_open_2024-09-14_QF_frech_m_stakusic_m
tennis_data_uk,wta,2024,42,Guadalajara Open,Guadalajara,2024-09-15,wta_500,True,hard,SF,4,3,Gadecki O.,Osorio M.,152,80,484.0,861.0,2,0,6,2,6,3,,,,,,,completed,2.2,1.67,2.16,1.78,2.2,1.78,2.11,1.72,2024_42_guadalajara_guadalajara_open,2024_42_guadalajara_guadalajara_open_2024-09-15_SF_gadecki_o_osorio_m
tennis_data_uk,wta,2024,42,Guadalajara Open,Guadalajara,2024-09-15,wta_500,True,hard,SF,4,3,Frech M.,Garcia C.,43,30,1303.0,1808.0,2,0,7,6,7,5,,,,,,,completed,1.73,2.1,1.76,2.19,1.79,2.19,1.73,2.08,2024_42_guadalajara_guadalajara_open,2024_42_guadalajara_guadalajara_open_2024-09-15_SF_frech_m_garcia_c
tennis_data_uk,wta,2024,42,Guadalajara Open,Guadalajara,2024-09-16,wta_500,True,hard,F,2,3,Frech M.,Gadecki O.,43,152,1303.0,484.0,2,0,7,6,6,4,,,,,,,completed,1.67,2.2,1.7,2.29,1.76,2.38,1.66,2.2,2024_42_guadalajara_guadalajara_open,2024_42_guadalajara_guadalajara_open_2024-09-16_F_frech_m_gadecki_o
tennis_data_uk,wta,2024,43,Jasmin Open,Monastir,2024-09-09,wta_250,True,hard,R32,32,3,Miyazaki Y.,Parks A.,166,114,450.0,627.0,2,1,6,3,5,7,6,3,,,,,completed,2.38,1.57,2.39,1.63,2.45,1.63,2.35,1.58,2024_43_monastir_jasmin_open,2024_43_monastir_jasmin_open_2024-09-09_R32_miyazaki_y_parks_a
tennis_data_uk,wta,2024,43,Jasmin Open,Monastir,2024-09-09,wta_250,True,hard,R32,32,3,Hontama M.,Nugroho P.,109,621,657.0,68.0,2,0,6,2,6,1,,,,,,,completed,1.33,3.4,1.3,3.79,1.33,3.79,1.3,3.49,2024_43_monastir_jasmin_open,2024_43_monastir_jasmin_open_2024-09-09_R32_hontama_m_nugroho_p
tennis_data_uk,wta,2024,43,Jasmin Open,Monastir,2024-09-09,wta_250,True,hard,R32,32,3,Parry D.,Bechri C.,55,1206,1062.0,9.0,2,0,6,3,6,0,,,,,,,completed,1.01,29.0,1.01,50.97,1.02,67.0,1.0,22.92,2024_43_monastir_jasmin_open,2024_43_monastir_jasmin_open_2024-09-09_R32_parry_d_bechri_c
tennis_data_uk,wta,2024,43,Jasmin Open,Monastir,2024-09-09,wta_250,True,hard,R32,32,3,Burel C.,Bassols M.,58,113,1015.0,635.0,2,0,6,2,6,2,,,,,,,completed,1.4,3.0,1.34,3.48,1.4,3.5,1.34,3.21,2024_43_monastir_jasmin_open,2024_43_monastir_jasmin_open_2024-09-09_R32_burel_c_bassols_m
tennis_data_uk,wta,2024,43,Jasmin Open,Monastir,2024-09-09,wta_250,True,hard,R32,32,3,Lys E.,Tsurenko L.,126,91,572.0,794.0,2,0,6,3,7,5,,,,,,,completed,1.57,2.38,1.56,2.56,1.68,2.6,1.55,2.42,2024_43_monastir_jasmin_open,2024_43_monastir_jasmin_open_2024-09-09_R32_lys_e_tsurenko_l
tennis_data_uk,wta,2024,43,Jasmin Open,Monastir,2024-09-09,wta_250,True,hard,R32,32,3,Sorribes Tormo S.,Blinkova A.,115,79,624.0,861.0,2,0,6,4,6,4,,,,,,,completed,1.73,2.1,1.7,2.24,1.74,2.25,1.68,2.16,2024_43_monastir_jasmin_open,2024_43_monastir_jasmin_open_2024-09-09_R32_sorribes_tormo_s_blinkova_a
tennis_data_uk,wta,2024,43,Jasmin Open,Monastir,2024-09-10,wta_250,True,hard,R32,32,3,Ruzic A.,Podoroska N.,173,71,424.0,918.0,2,1,1,6,6,2,6,4,,,,,completed,1.91,1.91,2.07,1.82,2.07,1.95,1.93,1.84,2024_43_monastir_jasmin_open,2024_43_monastir_jasmin_open_2024-09-10_R32_ruzic_a_podoroska_n
tennis_data_uk,wta,2024,43,Jasmin Open,Monastir,2024-09-10,wta_250,True,hard,R32,32,3,Kartal S.,Cristian J.,151,74,486.0,900.0,2,1,4,6,6,3,7,5,,,,,completed,1.5,2.63,1.49,2.77,1.53,2.77,1.49,2.59,2024_43_monastir_jasmin_open,2024_43_monastir_jasmin_open_2024-09-10_R32_kartal_s_cristian_j
tennis_data_uk,wta,2024,43,Jasmin Open,Monastir,2024-09-10,wta_250,True,hard,R32,32,3,Starodubtseva Y.,Lamens S.,130,138,558.0,537.0,2,1,6,2,3,6,6,4,,,,,completed,1.4,3.0,1.41,3.06,1.44,3.06,1.39,2.92,2024_43_monastir_jasmin_open,2024_43_monastir_jasmin_open_2024-09-10_R32_starodubtseva_y_lamens_s
tennis_data_uk,wta,2024,43,Jasmin Open,Monastir,2024-09-10,wta_250,True,hard,R32,32,3,Mertens E.,Zakharova A.,32,146,1749.0,504.0,2,0,6,2,6,0,,,,,,,completed,1.13,6.0,1.1,8.19,1.13,8.19,1.1,6.85,2024_43_monastir_jasmin_open,2024_43_monastir_jasmin_open_2024-09-10_R32_mertens_e_zakharova_a
tennis_data_uk,wta,2024,43,Jasmin Open,Monastir,2024-09-10,wta_250,True,hard,R32,32,3,Sramkova R.,Jacquemot E.,136,142,547.0,517.0,2,1,2,6,7,5,6,3,,,,,completed,2.3,1.62,2.44,1.6,2.44,1.68,2.29,1.61,2024_43_monastir_jasmin_open,2024_43_monastir_jasmin_open_2024-09-10_R32_sramkova_r_jacquemot_e
tennis_data_uk,wta,2024,43,Jasmin Open,Monastir,2024-09-10,wta_250,True,hard,R32,32,3,Minnen G.,Falei A.,88,207,818.0,342.0,2,1,6,0,3,6,6,2,,,,,completed,1.29,3.75,,,1.29,5.44,1.24,4.11,2024_43_monastir_jasmin_open,2024_43_monastir_jasmin_open_2024-09-10_R32_minnen_g_falei_a
tennis_data_uk,wta,2024,43,Jasmin Open,Monastir,2024-09-10,wta_250,True,hard,R32,32,3,Fett J.,Sherif M.,133,92,552.0,793.0,2,1,1,6,6,3,6,4,,,,,completed,2.75,1.44,2.68,1.51,3.0,1.51,2.71,1.45,2024_43_monastir_jasmin_open,2024_43_monastir_jasmin_open_2024-09-10_R32_fett_j_sherif_m
tennis_data_uk,wta,2024,43,Jasmin Open,Monastir,2024-09-10,wta_250,True,hard,R32,32,3,Bronzetti L.,Galfi D.,86,131,831.0,557.0,2,0,6,2,6,1,,,,,,,completed,1.5,2.63,1.53,2.63,1.57,2.63,1.51,2.52,2024_43_monastir_jasmin_open,2024_43_monastir_jasmin_open_2024-09-10_R32_bronzetti_l_galfi_d
tennis_data_uk,wta,2024,43,Jasmin Open,Monastir,2024-09-10,wta_250,True,hard,R32,32,3,Sonmez Z.,Masarova R.,148,116,497.0,620.0,2,1,4,6,7,6,6,3,,,,,completed,1.73,2.1,1.79,2.1,1.82,2.1,1.74,2.06,2024_43_monastir_jasmin_open,2024_43_monastir_jasmin_open_2024-09-10_R32_sonmez_z_masarova_r
tennis_data_uk,wta,2024,43,Jasmin Open,Monastir,2024-09-10,wta_250,True,hard,R32,32,3,Li A.,Mladenovic K.,124,218,579.0,326.0,2,0,6,2,6,1,,,,,,,completed,1.17,5.0,1.18,5.31,1.2,5.31,1.18,4.67,2024_43_monastir_jasmin_open,2024_43_monastir_jasmin_open_2024-09-10_R32_li_a_mladenovic_k
tennis_data_uk,wta,2024,43,Jasmin Open,Monastir,2024-09-11,wta_250,True,hard,R16,16,3,Kartal S.,Hontama M.,151,109,486.0,657.0,2,0,6,2,6,2,,,,,,,completed,1.29,3.75,1.3,3.74,1.31,3.75,1.29,3.53,2024_43_monastir_jasmin_open,2024_43_monastir_jasmin_open_2024-09-11_R16_kartal_s_hontama_m
tennis_data_uk,wta,2024,43,Jasmin Open,Monastir,2024-09-11,wta_250,True,hard,R16,16,3,Sorribes Tormo S.,Fett J.,115,133,624.0,552.0,2,1,5,7,6,3,6,4,,,,,completed,1.44,2.75,1.44,2.93,1.54,2.93,1.43,2.74,2024_43_monastir_jasmin_open,2024_43_monastir_jasmin_open_2024-09-11_R16_sorribes_tormo_s_fett_j
tennis_data_uk,wta,2024,43,Jasmin Open,Monastir,2024-09-11,wta_250,True,hard,R16,16,3,Starodubtseva Y.,Parry D.,130,55,558.0,1062.0,2,0,6,4,6,4,,,,,,,completed,2.1,1.73,2.07,1.81,2.1,1.81,2.05,1.74,2024_43_monastir_jasmin_open,2024_43_monastir_jasmin_open_2024-09-11_R16_starodubtseva_y_parry_d
tennis_data_uk,wta,2024,43,Jasmin Open,Monastir,2024-09-11,wta_250,True,hard,R16,16,3,Sramkova R.,Burel C.,136,58,547.0,1015.0,2,0,7,6,7,5,,,,,,,completed,4.0,1.25,3.81,1.3,4.0,1.31,3.57,1.28,2024_43_monastir_jasmin_open,2024_43_monastir_jasmin_open_2024-09-11_R16_sramkova_r_burel_c
tennis_data_uk,wta,2024,43,Jasmin Open,Monastir,2024-09-12,wta_250,True,hard,R16,16,3,Bronzetti L.,Li A.,86,124,831.0,579.0,2,0,6,4,7,6,,,,,,,completed,1.91,1.91,1.83,2.05,1.93,2.05,1.85,1.92,2024_43_monastir_jasmin_open,2024_43_monastir_jasmin_open_2024-09-12_R16_bronzetti_l_li_a
tennis_data_uk,wta,2024,43,Jasmin Open,Monastir,2024-09-12,wta_250,True,hard,R16,16,3,Ruzic A.,Miyazaki Y.,173,166,424.0,450.0,2,0,6,3,6,1,,,,,,,completed,1.53,2.5,1.49,2.75,1.55,2.75,1.51,2.53,2024_43_monastir_jasmin_open,2024_43_monastir_jasmin_open_2024-09-12_R16_ruzic_a_miyazaki_y
tennis_data_uk,wta,2024,43,Jasmin Open,Monastir,2024-09-12,wta_250,True,hard,R16,16,3,Lys E.,Mertens E.,126,32,572.0,1749.0,2,1,1,6,6,2,7,6,,,,,completed,3.5,1.3,3.9,1.29,3.99,1.3,3.64,1.27,2024_43_monastir_jasmin_open,2024_43_monastir_jasmin_open_2024-09-12_R16_lys_e_mertens_e
tennis_data_uk,wta,2024,43,Jasmin Open,Monastir,2024-09-12,wta_250,True,hard,R16,16,3,Sonmez Z.,Minnen G.,148,88,497.0,818.0,2,1,6,4,1,6,6,3,,,,,completed,2.63,1.5,2.64,1.53,2.64,1.57,2.54,1.5,2024_43_monastir_jasmin_open,2024_43_monastir_jasmin_open_2024-09-12_R16_sonmez_z_minnen_g
tennis_data_uk,wta,2024,43,Jasmin Open,Monastir,2024-09-13,wta_250,True,hard,QF,8,3,Sramkova R.,Sorribes Tormo S.,136,115,547.0,624.0,2,1,1,6,7,6,7,5,,,,,completed,2.63,1.5,2.68,1.53,2.75,1.53,2.56,1.5,2024_43_monastir_jasmin_open,2024_43_monastir_jasmin_open_2024-09-13_QF_sramkova_r_sorribes_tormo_s
tennis_data_uk,wta,2024,43,Jasmin Open,Monastir,2024-09-13,wta_250,True,hard,QF,8,3,Bronzetti L.,Ruzic A.,86,173,831.0,424.0,2,0,6,2,6,1,,,,,,,completed,1.5,2.63,1.44,3.01,1.5,3.01,1.46,2.65,2024_43_monastir_jasmin_open,2024_43_monastir_jasmin_open_2024-09-13_QF_bronzetti_l_ruzic_a
tennis_data_uk,wta,2024,43,Jasmin Open,Monastir,2024-09-13,wta_250,True,hard,QF,8,3,Lys E.,Sonmez Z.,126,148,572.0,497.0,2,0,7,5,6,3,,,,,,,completed,1.5,2.63,1.47,2.9,1.5,2.9,1.46,2.66,2024_43_monastir_jasmin_open,2024_43_monastir_jasmin_open_2024-09-13_QF_lys_e_sonmez_z
tennis_data_uk,wta,2024,43,Jasmin Open,Monastir,2024-09-13,wta_250,True,hard,QF,8,3,Kartal S.,Starodubtseva Y.,151,130,486.0,558.0,2,0,7,6,6,2,,,,,,,completed,1.62,2.3,1.74,2.22,1.74,2.3,1.65,2.2,2024_43_monastir_jasmin_open,2024_43_monastir_jasmin_open_2024-09-13_QF_kartal_s_starodubtseva_y
tennis_data_uk,wta,2024,43,Jasmin Open,Monastir,2024-09-14,wta_250,True,hard,SF,4,3,Sramkova R.,Bronzetti L.,136,86,547.0,831.0,2,0,6,3,6,4,,,,,,,completed,3.2,1.36,3.65,1.33,3.75,1.36,3.35,1.32,2024_43_monastir_jasmin_open,2024_43_monastir_jasmin_open_2024-09-14_SF_sramkova_r_bronzetti_l
tennis_data_uk,wta,2024,43,Jasmin Open,Monastir,2024-09-14,wta_250,True,hard,SF,4,3,Kartal S.,Lys E.,151,126,486.0,572.0,0,0,5,1,,,,,,,,,retired,1.8,2.0,1.92,1.99,1.97,2.0,1.84,1.94,2024_43_monastir_jasmin_open,2024_43_monastir_jasmin_open_2024-09-14_SF_kartal_s_lys_e
tennis_data_uk,wta,2024,43,Jasmin Open,Monastir,2024-09-15,wta_250,True,hard,F,2,3,Kartal S.,Sramkova R.,151,136,486.0,547.0,2,0,6,3,7,5,,,,,,,completed,1.44,2.75,1.53,2.71,1.53,2.8,1.48,2.62,2024_43_monastir_jasmin_open,2024_43_monastir_jasmin_open_2024-09-15_F_kartal_s_sramkova_r
tennis_data_uk,wta,2024,44,Thailand Open 2,Hua Hin,2024-09-16,wta_250,True,hard,R32,32,3,Gracheva V.,Preston T.,66,140,935.0,533.0,2,0,6,1,6,4,,,,,,,completed,1.44,2.75,1.5,2.72,1.5,2.96,1.44,2.72,2024_44_hua_hin_thailand_open_2,2024_44_hua_hin_thailand_open_2_2024-09-16_R32_gracheva_v_preston_t
tennis_data_uk,wta,2024,44,Thailand Open 2,Hua Hin,2024-09-16,wta_250,True,hard,R32,32,3,Wang Xiy.,Golubic V.,62,98,970.0,752.0,2,0,7,5,6,1,,,,,,,completed,1.4,3.0,1.45,2.91,1.45,3.0,1.41,2.85,2024_44_hua_hin_thailand_open_2,2024_44_hua_hin_thailand_open_2_2024-09-16_R32_wang_xiy_golubic_v
tennis_data_uk,wta,2024,44,Thailand Open 2,Hua Hin,2024-09-16,wta_250,True,hard,R32,32,3,Siegemund L.,Parks A.,99,116,748.0,627.0,2,0,6,4,6,3,,,,,,,completed,1.5,2.63,1.55,2.58,1.55,2.63,1.5,2.54,2024_44_hua_hin_thailand_open_2,2024_44_hua_hin_thailand_open_2_2024-09-16_R32_siegemund_l_parks_a
tennis_data_uk,wta,2024,44,Thailand Open 2,Hua Hin,2024-09-16,wta_250,True,hard,R32,32,3,Zidansek T.,Prozorova T.,261,259,261.0,266.0,2,1,2,6,6,3,6,1,,,,,completed,3.0,1.4,2.97,1.43,3.0,1.46,2.82,1.41,2024_44_hua_hin_thailand_open_2,2024_44_hua_hin_thailand_open_2_2024-09-16_R32_zidansek_t_prozorova_t
tennis_data_uk,wta,2024,44,Thailand Open 2,Hua Hin,2024-09-16,wta_250,True,hard,R32,32,3,Volynets K.,Tauson C.,60,67,977.0,929.0,2,1,7,6,4,6,6,3,,,,,completed,2.0,1.8,2.0,1.87,2.02,1.87,1.98,1.8,2024_44_hua_hin_thailand_open_2,2024_44_hua_hin_thailand_open_2_2024-09-16_R32_volynets_k_tauson_c
tennis_data_uk,wta,2024,44,Thailand Open 2,Hua Hin,2024-09-16,wta_250,True,hard,R32,32,3,Tararudee L.,Naklo T.,184,333,385.0,187.0,2,0,6,0,6,1,,,,,,,completed,1.2,4.5,1.2,5.02,1.24,5.02,1.2,4.44,2024_44_hua_hin_thailand_open_2,2024_44_hua_hin_thailand_open_2_2024-09-16_R32_tararudee_l_naklo_t
tennis_data_uk,wta,2024,44,Thailand Open 2,Hua Hin,2024-09-16,wta_250,True,hard,R32,32,3,Siniakova K.,Rodionova Ar.,37,115,1474.0,635.0,2,0,7,5,6,1,,,,,,,completed,1.2,4.5,1.21,4.88,1.22,5.0,1.19,4.57,2024_44_hua_hin_thailand_open_2,2024_44_hua_hin_thailand_open_2_2024-09-16_R32_siniakova_k_rodionova_ar
tennis_data_uk,wta,2024,44,Thailand Open 2,Hua Hin,2024-09-17,wta_250,True,hard,R32,32,3,Gao X.,Wei S.,185,151,385.0,507.0,2,0,6,3,6,2,,,,,,,completed,1.73,2.1,1.76,2.14,1.8,2.14,1.73,2.07,2024_44_hua_hin_thailand_open_2,2024_44_hua_hin_thailand_open_2_2024-09-17_R32_gao_x_wei_s
tennis_data_uk,wta,2024,44,Thailand Open 2,Hua Hin,2024-09-17,wta_250,True,hard,R32,32,3,Podoroska N.,Laskutova K.,74,366,900.0,164.0,2,0,6,1,6,0,,,,,,,completed,1.07,9.0,1.08,9.3,1.08,9.3,1.06,8.42,2024_44_hua_hin_thailand_open_2,2024_44_hua_hin_thailand_open_2_2024-09-17_R32_podoroska_n_laskutova_k
tennis_data_uk,wta,2024,44,Thailand Open 2,Hua Hin,2024-09-17,wta_250,True,hard,R32,32,3,Hartono A.,Uchijima M.,180,59,406.0,991.0,2,0,6,1,6,1,,,,,,,completed,2.3,1.62,2.31,1.66,2.32,1.66,2.27,1.62,2024_44_hua_hin_thailand_open_2,2024_44_hua_hin_thailand_open_2_2024-09-17_R32_hartono_a_uchijima_m
tennis_data_uk,wta,2024,44,Thailand Open 2,Hua Hin,2024-09-17,wta_250,True,hard,R32,32,3,Hontama M.,Yastremska D.,130,35,577.0,1662.0,2,0,7,6,7,5,,,,,,,completed,3.4,1.33,3.34,1.36,3.4,1.37,3.19,1.34,2024_44_hua_hin_thailand_open_2,2024_44_hua_hin_thailand_open_2_2024-09-17_R32_hontama_m_yastremska_d
tennis_data_uk,wta,2024,44,Thailand Open 2,Hua Hin,2024-09-17,wta_250,True,hard,R32,32,3,Masarova R.,Bondar A.,119,89,620.0,826.0,2,1,3,6,7,6,7,5,,,,,completed,1.73,2.1,1.78,2.13,1.78,2.23,1.71,2.11,2024_44_hua_hin_thailand_open_2,2024_44_hua_hin_thailand_open_2_2024-09-17_R32_masarova_r_bondar_a
tennis_data_uk,wta,2024,44,Thailand Open 2,Hua Hin,2024-09-17,wta_250,True,hard,R32,32,3,Fett J.,Zheng S.,129,1024,581.0,16.0,2,1,2,6,6,3,6,3,,,,,completed,1.14,5.5,1.2,5.02,1.2,5.55,1.16,4.98,2024_44_hua_hin_thailand_open_2,2024_44_hua_hin_thailand_open_2_2024-09-17_R32_fett_j_zheng_s
tennis_data_uk,wta,2024,44,Thailand Open 2,Hua Hin,2024-09-17,wta_250,True,hard,R32,32,3,Linette M.,Tsurenko L.,43,92,1311.0,794.0,2,0,6,2,7,5,,,,,,,completed,1.53,2.5,1.46,2.86,1.53,2.86,1.47,2.64,2024_44_hua_hin_thailand_open_2,2024_44_hua_hin_thailand_open_2_2024-09-17_R32_linette_m_tsurenko_l
tennis_data_uk,wta,2024,44,Thailand Open 2,Hua Hin,2024-09-17,wta_250,True,hard,R32,32,3,Wang Xin.,Sherif M.,52,93,1123.0,793.0,2,0,6,2,6,4,,,,,,,completed,1.3,3.5,1.24,4.4,1.33,4.4,1.28,3.66,2024_44_hua_hin_thailand_open_2,2024_44_hua_hin_thailand_open_2_2024-09-17_R32_wang_xin_sherif_m
tennis_data_uk,wta,2024,44,Thailand Open 2,Hua Hin,2024-09-17,wta_250,True,hard,R32,32,3,Sramkova R.,Sawangkaew M.,102,195,709.0,370.0,2,1,6,2,2,6,6,4,,,,,completed,2.63,1.5,2.5,1.58,2.78,1.58,2.48,1.52,2024_44_hua_hin_thailand_open_2,2024_44_hua_hin_thailand_open_2_2024-09-17_R32_sramkova_r_sawangkaew_m
tennis_data_uk,wta,2024,44,Thailand Open 2,Hua Hin,2024-09-18,wta_250,True,hard,R16,16,3,Siegemund L.,Wang Xiy.,99,62,748.0,970.0,2,1,7,6,4,6,7,6,,,,,completed,3.0,1.4,3.13,1.4,3.22,1.46,2.94,1.39,2024_44_hua_hin_thailand_open_2,2024_44_hua_hin_thailand_open_2_2024-09-18_R16_siegemund_l_wang_xiy
tennis_data_uk,wta,2024,44,Thailand Open 2,Hua Hin,2024-09-19,wta_250,True,hard,R16,16,3,Hontama M.,Tararudee L.,130,184,577.0,385.0,2,1,2,6,6,4,6,1,,,,,completed,1.73,2.1,1.85,2.02,1.91,2.12,1.79,2.0,2024_44_hua_hin_thailand_open_2,2024_44_hua_hin_thailand_open_2_2024-09-19_R16_hontama_m_tararudee_l
tennis_data_uk,wta,2024,44,Thailand Open 2,Hua Hin,2024-09-19,wta_250,True,hard,R16,16,3,Fett J.,Gracheva V.,129,66,581.0,935.0,,,,,,,,,,,,,walkover,3.0,1.4,3.09,1.41,3.14,1.41,2.98,1.38,2024_44_hua_hin_thailand_open_2,2024_44_hua_hin_thailand_open_2_2024-09-19_R16_fett_j_gracheva_v
tennis_data_uk,wta,2024,44,Thailand Open 2,Hua Hin,2024-09-19,wta_250,True,hard,R16,16,3,Masarova R.,Wang Xin.,119,52,620.0,1123.0,2,1,7,6,3,6,7,5,,,,,completed,3.2,1.36,3.3,1.37,3.3,1.38,3.15,1.35,2024_44_hua_hin_thailand_open_2,2024_44_hua_hin_thailand_open_2_2024-09-19_R16_masarova_r_wang_xin
tennis_data_uk,wta,2024,44,Thailand Open 2,Hua Hin,2024-09-19,wta_250,True,hard,R16,16,3,Podoroska N.,Siniakova K.,74,37,900.0,1474.0,2,0,6,3,6,3,,,,,,,completed,3.0,1.4,3.03,1.42,3.27,1.45,2.96,1.39,2024_44_hua_hin_thailand_open_2,2024_44_hua_hin_thailand_open_2_2024-09-19_R16_podoroska_n_siniakova_k
tennis_data_uk,wta,2024,44,Thailand Open 2,Hua Hin,2024-09-19,wta_250,True,hard,R16,16,3,Sramkova R.,Linette M.,102,43,709.0,1311.0,2,0,7,6,6,4,,,,,,,completed,4.33,1.22,4.18,1.26,4.33,1.26,4.05,1.23,2024_44_hua_hin_thailand_open_2,2024_44_hua_hin_thailand_open_2_2024-09-19_R16_sramkova_r_linette_m
tennis_data_uk,wta,2024,44,Thailand Open 2,Hua Hin,2024-09-19,wta_250,True,hard,R16,16,3,Zidansek T.,Volynets K.,261,60,261.0,977.0,2,1,3,6,6,4,6,4,,,,,completed,5.0,1.17,4.4,1.24,5.05,1.25,4.4,1.21,2024_44_hua_hin_thailand_open_2,2024_44_hua_hin_thailand_open_2_2024-09-19_R16_zidansek_t_volynets_k
tennis_data_uk,wta,2024,44,Thailand Open 2,Hua Hin,2024-09-19,wta_250,True,hard,R16,16,3,Hartono A.,Gao X.,180,185,406.0,385.0,2,1,6,1,4,6,6,2,,,,,completed,2.2,1.67,2.2,1.72,2.2,1.73,2.16,1.68,2024_44_hua_hin_thailand_open_2,2024_44_hua_hin_thailand_open_2_2024-09-19_R16_hartono_a_gao_x
tennis_data_uk,wta,2024,44,Thailand Open 2,Hua Hin,2024-09-20,wta_250,True,hard,QF,8,3,Zidansek T.,Podoroska N.,261,74,261.0,900.0,2,1,4,6,7,6,7,6,,,,,completed,3.4,1.33,3.33,1.38,3.43,1.38,3.22,1.34,2024_44_hua_hin_thailand_open_2,2024_44_hua_hin_thailand_open_2_2024-09-20_QF_zidansek_t_podoroska_n
tennis_data_uk,wta,2024,44,Thailand Open 2,Hua Hin,2024-09-20,wta_250,True,hard,QF,8,3,Sramkova R.,Fett J.,102,129,709.0,581.0,2,1,4,6,6,4,6,1,,,,,completed,1.5,2.63,1.58,2.55,1.58,2.63,1.5,2.56,2024_44_hua_hin_thailand_open_2,2024_44_hua_hin_thailand_open_2_2024-09-20_QF_sramkova_r_fett_j
tennis_data_uk,wta,2024,44,Thailand Open 2,Hua Hin,2024-09-20,wta_250,True,hard,QF,8,3,Hartono A.,Hontama M.,180,130,406.0,577.0,2,1,4,6,6,2,6,3,,,,,completed,2.0,1.8,2.07,1.85,2.07,1.92,2.0,1.8,2024_44_hua_hin_thailand_open_2,2024_44_hua_hin_thailand_open_2_2024-09-20_QF_hartono_a_hontama_m
tennis_data_uk,wta,2024,44,Thailand Open 2,Hua Hin,2024-09-20,wta_250,True,hard,QF,8,3,Siegemund L.,Masarova R.,99,119,748.0,620.0,2,0,6,3,6,4,,,,,,,completed,1.91,1.91,1.96,1.94,1.96,2.0,1.88,1.9,2024_44_hua_hin_thailand_open_2,2024_44_hua_hin_thailand_open_2_2024-09-20_QF_siegemund_l_masarova_r
tennis_data_uk,wta,2024,44,Thailand Open 2,Hua Hin,2024-09-21,wta_250,True,hard,SF,4,3,Sramkova R.,Zidansek T.,102,261,709.0,261.0,2,0,6,4,6,2,,,,,,,completed,1.57,2.38,1.63,2.45,1.63,2.54,1.57,2.39,2024_44_hua_hin_thailand_open_2,2024_44_hua_hin_thailand_open_2_2024-09-21_SF_sramkova_r_zidansek_t
tennis_data_uk,wta,2024,44,Thailand Open 2,Hua Hin,2024-09-21,wta_250,True,hard,SF,4,3,Siegemund L.,Hartono A.,99,180,748.0,406.0,2,0,6,3,6,3,,,,,,,completed,1.4,3.0,1.44,3.04,1.45,3.04,1.4,2.9,2024_44_hua_hin_thailand_open_2,2024_44_hua_hin_thailand_open_2_2024-09-21_SF_siegemund_l_hartono_a
tennis_data_uk,wta,2024,44,Thailand Open 2,Hua Hin,2024-09-22,wta_250,True,hard,F,2,3,Sramkova R.,Siegemund L.,102,99,709.0,748.0,2,0,6,4,6,4,,,,,,,completed,2.1,1.73,2.24,1.73,2.24,1.83,2.11,1.71,2024_44_hua_hin_thailand_open_2,2024_44_hua_hin_thailand_open_2_2024-09-22_F_sramkova_r_siegemund_l
tennis_data_uk,wta,2024,45,Korea Open,Seoul,2024-09-16,wta_500,True,hard,R32,32,3,Yuan Y.,Ruse E.G.,40,101,1349.0,718.0,2,1,4,6,6,2,6,2,,,,,completed,2.1,1.73,2.14,1.77,2.14,1.8,2.06,1.74,2024_45_seoul_korea_open,2024_45_seoul_korea_open_2024-09-16_R32_yuan_y_ruse_e_g
tennis_data_uk,wta,2024,45,Korea Open,Seoul,2024-09-16,wta_500,True,hard,R32,32,3,Kudermetova V.,Zhang S.,44,601,1308.0,70.0,2,0,6,4,6,3,,,,,,,completed,1.14,5.5,1.19,5.2,1.19,5.75,1.17,4.96,2024_45_seoul_korea_open,2024_45_seoul_korea_open_2024-09-16_R32_kudermetova_v_zhang_s
tennis_data_uk,wta,2024,45,Korea Open,Seoul,2024-09-16,wta_500,True,hard,R32,32,3,Watson H.,Lu J.,183,274,390.0,247.0,2,0,6,4,6,4,,,,,,,completed,1.13,6.0,1.13,6.73,1.15,6.73,1.13,5.83,2024_45_seoul_korea_open,2024_45_seoul_korea_open_2024-09-16_R32_watson_h_lu_j
tennis_data_uk,wta,2024,45,Korea Open,Seoul,2024-09-16,wta_500,True,hard,R32,32,3,Zhao C.,Back D.,272,332,250.0,188.0,2,0,6,4,6,1,,,,,,,completed,2.1,1.73,2.28,1.68,2.29,1.75,2.17,1.67,2024_45_seoul_korea_open,2024_45_seoul_korea_open_2024-09-16_R32_zhao_c_back_d
tennis_data_uk,wta,2024,45,Korea Open,Seoul,2024-09-16,wta_500,True,hard,R32,32,3,Alexandrova E.,Lepchenko V.,31,168,1778.0,454.0,2,1,7,5,3,6,6,0,,,,,completed,1.2,4.5,1.21,4.8,1.22,4.8,1.19,4.51,2024_45_seoul_korea_open,2024_45_seoul_korea_open_2024-09-16_R32_alexandrova_e_lepchenko_v
tennis_data_uk,wta,2024,45,Korea Open,Seoul,2024-09-16,wta_500,True,hard,R32,32,3,Kostyuk M.,Rus A.,18,84,2445.0,839.0,2,0,6,3,6,1,,,,,,,completed,1.2,4.5,1.21,4.83,1.23,4.83,1.19,4.52,2024_45_seoul_korea_open,2024_45_seoul_korea_open_2024-09-16_R32_kostyuk_m_rus_a
tennis_data_uk,wta,2024,45,Korea Open,Seoul,2024-09-17,wta_500,True,hard,R32,32,3,Anisimova A.,Putintseva Y.,46,30,1216.0,1841.0,2,0,6,3,7,6,,,,,,,completed,2.1,1.73,2.08,1.81,2.23,1.81,2.06,1.74,2024_45_seoul_korea_open,2024_45_seoul_korea_open_2024-09-17_R32_anisimova_a_putintseva_y
tennis_data_uk,wta,2024,45,Korea Open,Seoul,2024-09-17,wta_500,True,hard,R32,32,3,Kudermetova P.,Hon P.,163,197,459.0,365.0,2,0,7,5,6,4,,,,,,,completed,2.2,1.67,2.27,1.68,2.27,1.73,2.16,1.67,2024_45_seoul_korea_open,2024_45_seoul_korea_open_2024-09-17_R32_kudermetova_p_hon_p
tennis_data_uk,wta,2024,45,Korea Open,Seoul,2024-09-17,wta_500,True,hard,R32,32,3,Baptiste H.,Stephens S.,105,65,704.0,942.0,2,0,7,6,6,2,,,,,,,completed,2.2,1.67,2.15,1.76,2.3,1.76,2.18,1.66,2024_45_seoul_korea_open,2024_45_seoul_korea_open_2024-09-17_R32_baptiste_h_stephens_s
tennis_data_uk,wta,2024,45,Korea Open,Seoul,2024-09-17,wta_500,True,hard,R32,32,3,Tomova V.,Maria T.,54,82,1031.0,846.0,2,1,6,2,1,6,6,0,,,,,completed,1.62,2.3,1.62,2.4,1.67,2.4,1.6,2.28,2024_45_seoul_korea_open,2024_45_seoul_korea_open_2024-09-17_R32_tomova_v_maria_t
tennis_data_uk,wta,2024,45,Korea Open,Seoul,2024-09-17,wta_500,True,hard,R32,32,3,Raducanu E.,Stearns P.,70,48,917.0,1173.0,2,0,7,6,7,6,,,,,,,completed,1.5,2.63,1.55,2.58,1.57,2.63,1.51,2.52,2024_45_seoul_korea_open,2024_45_seoul_korea_open_2024-09-17_R32_raducanu_e_stearns_p
tennis_data_uk,wta,2024,45,Korea Open,Seoul,2024-09-17,wta_500,True,hard,R32,32,3,Tomljanovic A.,Jang S.,122,231,607.0,309.0,2,1,7,6,4,6,6,3,,,,,completed,1.5,2.63,1.53,2.62,1.57,2.63,1.5,2.54,2024_45_seoul_korea_open,2024_45_seoul_korea_open_2024-09-17_R32_tomljanovic_a_jang_s
tennis_data_uk,wta,2024,45,Korea Open,Seoul,2024-09-18,wta_500,True,hard,R16,16,3,Kudermetova P.,Alexandrova E.,163,31,459.0,1778.0,2,0,6,2,7,5,,,,,,,completed,4.33,1.22,4.03,1.27,4.34,1.27,4.01,1.24,2024_45_seoul_korea_open,2024_45_seoul_korea_open_2024-09-18_R16_kudermetova_p_alexandrova_e
tennis_data_uk,wta,2024,45,Korea Open,Seoul,2024-09-18,wta_500,True,hard,R16,16,3,Shnaider D.,Zhao C.,16,272,2571.0,250.0,2,0,6,3,6,3,,,,,,,completed,1.03,15.0,1.04,16.02,1.05,16.02,1.03,12.05,2024_45_seoul_korea_open,2024_45_seoul_korea_open_2024-09-18_R16_shnaider_d_zhao_c
tennis_data_uk,wta,2024,45,Korea Open,Seoul,2024-09-18,wta_500,True,hard,R16,16,3,Kostyuk M.,Watson H.,18,183,2445.0,390.0,2,0,6,2,6,2,,,,,,,completed,1.14,5.5,1.16,5.95,1.2,5.95,1.16,5.14,2024_45_seoul_korea_open,2024_45_seoul_korea_open_2024-09-18_R16_kostyuk_m_watson_h
tennis_data_uk,wta,2024,45,Korea Open,Seoul,2024-09-18,wta_500,True,hard,R16,16,3,Kudermetova V.,Samsonova L.,44,15,1308.0,2720.0,2,0,6,4,6,2,,,,,,,completed,3.0,1.4,2.89,1.45,3.0,1.48,2.78,1.42,2024_45_seoul_korea_open,2024_45_seoul_korea_open_2024-09-18_R16_kudermetova_v_samsonova_l
tennis_data_uk,wta,2024,45,Korea Open,Seoul,2024-09-19,wta_500,True,hard,R16,16,3,Tomova V.,Anisimova A.,54,46,1031.0,1216.0,1,0,7,5,4,1,,,,,,,retired,4.5,1.2,4.38,1.24,4.5,1.24,4.28,1.21,2024_45_seoul_korea_open,2024_45_seoul_korea_open_2024-09-19_R16_tomova_v_anisimova_a
tennis_data_uk,wta,2024,45,Korea Open,Seoul,2024-09-19,wta_500,True,hard,R16,16,3,Haddad Maia B.,Tomljanovic A.,17,122,2516.0,607.0,2,0,6,3,6,4,,,,,,,completed,1.29,3.75,1.32,3.62,1.32,3.75,1.29,3.52,2024_45_seoul_korea_open,2024_45_seoul_korea_open_2024-09-19_R16_haddad_maia_b_tomljanovic_a
tennis_data_uk,wta,2024,45,Korea Open,Seoul,2024-09-19,wta_500,True,hard,R16,16,3,Raducanu E.,Yuan Y.,70,40,917.0,1349.0,2,0,6,4,6,3,,,,,,,completed,1.5,2.63,1.48,2.8,1.5,2.94,1.45,2.69,2024_45_seoul_korea_open,2024_45_seoul_korea_open_2024-09-19_R16_raducanu_e_yuan_y
tennis_data_uk,wta,2024,45,Korea Open,Seoul,2024-09-19,wta_500,True,hard,R16,16,3,Kasatkina D.,Baptiste H.,13,105,2803.0,704.0,2,0,6,4,6,2,,,,,,,completed,1.33,3.4,1.33,3.53,1.34,3.53,1.31,3.32,2024_45_seoul_korea_open,2024_45_seoul_korea_open_2024-09-19_R16_kasatkina_d_baptiste_h
tennis_data_uk,wta,2024,45,Korea Open,Seoul,2024-09-21,wta_500,True,hard,QF,8,3,Haddad Maia B.,Kudermetova P.,17,163,2516.0,459.0,2,0,6,2,6,1,,,,,,,completed,1.2,4.5,1.22,4.82,1.23,5.0,1.2,4.49,2024_45_seoul_korea_open,2024_45_seoul_korea_open_2024-09-21_QF_haddad_maia_b_kudermetova_p
tennis_data_uk,wta,2024,45,Korea Open,Seoul,2024-09-21,wta_500,True,hard,QF,8,3,Kudermetova V.,Tomova V.,44,54,1308.0,1031.0,2,0,7,5,6,3,,,,,,,completed,1.44,2.75,1.52,2.74,1.52,2.75,1.46,2.66,2024_45_seoul_korea_open,2024_45_seoul_korea_open_2024-09-21_QF_kudermetova_v_tomova_v
tennis_data_uk,wta,2024,45,Korea Open,Seoul,2024-09-21,wta_500,True,hard,QF,8,3,Kasatkina D.,Raducanu E.,13,70,2803.0,917.0,1,0,6,1,,,,,,,,,retired,2.1,1.73,1.97,1.93,2.1,1.93,1.98,1.82,2024_45_seoul_korea_open,2024_45_seoul_korea_open_2024-09-21_QF_kasatkina_d_raducanu_e
tennis_data_uk,wta,2024,45,Korea Open,Seoul,2024-09-21,wta_500,True,hard,QF,8,3,Shnaider D.,Kostyuk M.,16,18,2571.0,2445.0,2,0,7,6,6,3,,,,,,,completed,2.1,1.73,2.12,1.81,2.21,1.83,2.08,1.74,2024_45_seoul_korea_open,2024_45_seoul_korea_open_2024-09-21_QF_shnaider_d_kostyuk_m
tennis_data_uk,wta,2024,45,Korea Open,Seoul,2024-09-21,wta_500,True,hard,SF,4,3,Haddad Maia B.,Kudermetova V.,17,44,2516.0,1308.0,2,0,6,4,6,4,,,,,,,completed,1.53,2.5,1.61,2.45,1.61,2.51,1.54,2.44,2024_45_seoul_korea_open,2024_45_seoul_korea_open_2024-09-21_SF_haddad_maia_b_kudermetova_v
tennis_data_uk,wta,2024,45,Korea Open,Seoul,2024-09-21,wta_500,True,hard,SF,4,3,Kasatkina D.,Shnaider D.,13,16,2803.0,2571.0,2,0,6,3,6,4,,,,,,,completed,2.38,1.57,2.41,1.63,2.41,1.65,2.32,1.6,2024_45_seoul_korea_open,2024_45_seoul_korea_open_2024-09-21_SF_kasatkina_d_shnaider_d
tennis_data_uk,wta,2024,45,Korea Open,Seoul,2024-09-22,wta_500,True,hard,F,2,3,Haddad Maia B.,Kasatkina D.,17,13,2516.0,2803.0,2,1,1,6,6,4,6,1,,,,,completed,1.73,2.1,1.83,2.09,1.83,2.12,1.77,2.03,2024_45_seoul_korea_open,2024_45_seoul_korea_open_2024-09-22_F_haddad_maia_b_kasatkina_d
tennis_data_uk,wta,2024,46,China Open,Beijing,2024-09-25,wta_1000,True,hard,R128,128,3,Minnen G.,Andreeva E.,94,67,738.0,928.0,2,0,7,5,6,2,,,,,,,completed,1.91,1.91,1.89,2.0,2.03,2.0,1.87,1.92,2024_46_beijing_china_open,2024_46_beijing_china_open_2024-09-25_R128_minnen_g_andreeva_e
tennis_data_uk,wta,2024,46,China Open,Beijing,2024-09-25,wta_1000,True,hard,R128,128,3,Tomova V.,Tsurenko L.,51,88,1107.0,794.0,2,0,6,3,6,3,,,,,,,completed,1.53,2.5,1.61,2.47,1.62,2.51,1.55,2.41,2024_46_beijing_china_open,2024_46_beijing_china_open_2024-09-25_R128_tomova_v_tsurenko_l
tennis_data_uk,wta,2024,46,China Open,Beijing,2024-09-25,wta_1000,True,hard,R128,128,3,Kenin S.,Bogdan A.,168,120,446.0,613.0,2,0,7,5,6,2,,,,,,,completed,1.62,2.3,1.65,2.37,1.67,2.37,1.62,2.28,2024_46_beijing_china_open,2024_46_beijing_china_open_2024-09-25_R128_kenin_s_bogdan_a
tennis_data_uk,wta,2024,46,China Open,Beijing,2024-09-25,wta_1000,True,hard,R128,128,3,Wang Xin.,Hontama M.,50,116,1123.0,618.0,2,0,6,1,6,3,,,,,,,completed,1.25,4.0,1.19,5.27,1.25,5.27,1.21,4.51,2024_46_beijing_china_open,2024_46_beijing_china_open_2024-09-25_R128_wang_xin_hontama_m
tennis_data_uk,wta,2024,46,China Open,Beijing,2024-09-25,wta_1000,True,hard,R128,128,3,Starodubtseva Y.,Siegemund L.,115,69,620.0,910.0,2,0,6,4,7,6,,,,,,,completed,1.53,2.5,1.62,2.43,1.67,2.5,1.58,2.35,2024_46_beijing_china_open,2024_46_beijing_china_open_2024-09-25_R128_starodubtseva_y_siegemund_l
tennis_data_uk,wta,2024,46,China Open,Beijing,2024-09-25,wta_1000,True,hard,R128,128,3,Townsend T.,Trevisan M.,52,112,1103.0,658.0,2,1,6,2,4,6,6,3,,,,,completed,1.22,4.33,1.23,4.63,1.25,4.72,1.21,4.29,2024_46_beijing_china_open,2024_46_beijing_china_open_2024-09-25_R128_townsend_t_trevisan_m
tennis_data_uk,wta,2024,46,China Open,Beijing,2024-09-25,wta_1000,True,hard,R128,128,3,Osaka N.,Bronzetti L.,73,77,894.0,869.0,2,0,6,3,6,2,,,,,,,completed,1.29,3.75,1.29,3.97,1.29,4.01,1.26,3.77,2024_46_beijing_china_open,2024_46_beijing_china_open_2024-09-25_R128_osaka_n_bronzetti_l
tennis_data_uk,wta,2024,46,China Open,Beijing,2024-09-25,wta_1000,True,hard,R128,128,3,Burel C.,Korpatsch T.,56,125,1015.0,588.0,2,1,6,3,5,7,6,3,,,,,completed,,,1.27,4.09,1.27,4.3,1.25,4.04,2024_46_beijing_china_open,2024_46_beijing_china_open_2024-09-25_R128_burel_c_korpatsch_t
tennis_data_uk,wta,2024,46,China Open,Beijing,2024-09-25,wta_1000,True,hard,R128,128,3,Volynets K.,Galfi D.,60,143,987.0,515.0,2,0,7,5,6,1,,,,,,,completed,1.44,2.75,1.53,2.67,1.54,2.75,1.48,2.6,2024_46_beijing_china_open,2024_46_beijing_china_open_2024-09-25_R128_volynets_k_galfi_d
tennis_data_uk,wta,2024,46,China Open,Beijing,2024-09-25,wta_1000,True,hard,R128,128,3,Zhang S.,Kessler M.,595,65,71.0,951.0,2,0,7,6,7,6,,,,,,,completed,3.5,1.3,3.36,1.37,3.5,1.37,3.3,1.33,2024_46_beijing_china_open,2024_46_beijing_china_open_2024-09-25_R128_zhang_s_kessler_m
tennis_data_uk,wta,2024,46,China Open,Beijing,2024-09-25,wta_1000,True,hard,R128,128,3,Parry D.,Liang E.S.,53,260,1067.0,264.0,2,1,4,6,6,0,6,0,,,,,completed,1.29,3.75,1.36,3.42,1.36,4.0,1.31,3.44,2024_46_beijing_china_open,2024_46_beijing_china_open_2024-09-25_R128_parry_d_liang_e_s
tennis_data_uk,wta,2024,46,China Open,Beijing,2024-09-25,wta_1000,True,hard,R128,128,3,Avanesyan E.,Bektas E.,47,117,1140.0,617.0,2,0,6,2,7,5,,,,,,,completed,1.25,4.0,1.28,4.04,1.28,4.1,1.25,3.88,2024_46_beijing_china_open,2024_46_beijing_china_open_2024-09-25_R128_avanesyan_e_bektas_e
tennis_data_uk,wta,2024,46,China Open,Beijing,2024-09-25,wta_1000,True,hard,R128,128,3,Stearns P.,Bouzas Maneiro J.,46,57,1173.0,995.0,2,0,6,2,6,4,,,,,,,completed,1.44,2.75,1.47,2.87,1.5,2.87,1.45,2.74,2024_46_beijing_china_open,2024_46_beijing_china_open_2024-09-25_R128_stearns_p_bouzas_maneiro_j
tennis_data_uk,wta,2024,46,China Open,Beijing,2024-09-25,wta_1000,True,hard,R128,128,3,Parks A.,Wang Q.,128,403,568.0,149.0,2,1,1,6,6,4,6,2,,,,,completed,1.5,2.63,1.6,2.48,1.62,2.63,1.54,2.45,2024_46_beijing_china_open,2024_46_beijing_china_open_2024-09-25_R128_parks_a_wang_q
tennis_data_uk,wta,2024,46,China Open,Beijing,2024-09-25,wta_1000,True,hard,R128,128,3,Baptiste H.,Gracheva V.,111,62,659.0,955.0,2,0,6,0,6,3,,,,,,,completed,1.73,2.1,1.83,2.08,1.84,2.14,1.76,2.05,2024_46_beijing_china_open,2024_46_beijing_china_open_2024-09-25_R128_baptiste_h_gracheva_v
tennis_data_uk,wta,2024,46,China Open,Beijing,2024-09-25,wta_1000,True,hard,R128,128,3,Sramkova R.,Kalinina A.,61,48,958.0,1136.0,2,0,6,4,6,0,,,,,,,completed,2.2,1.67,2.15,1.77,2.21,1.77,2.14,1.7,2024_46_beijing_china_open,2024_46_beijing_china_open_2024-09-25_R128_sramkova_r_kalinina_a
tennis_data_uk,wta,2024,46,China Open,Beijing,2024-09-26,wta_1000,True,hard,R128,128,3,Rakhimova K.,Birrell K.,71,146,905.0,512.0,2,0,6,2,6,4,,,,,,,completed,1.67,2.2,1.66,2.35,1.68,2.35,1.64,2.24,2024_46_beijing_china_open,2024_46_beijing_china_open_2024-09-26_R128_rakhimova_k_birrell_k
tennis_data_uk,wta,2024,46,China Open,Beijing,2024-09-26,wta_1000,True,hard,R128,128,3,Osorio M.,Tomljanovic A.,59,107,988.0,666.0,2,1,1,6,6,3,6,3,,,,,completed,1.53,2.5,1.63,2.4,1.63,2.52,1.55,2.42,2024_46_beijing_china_open,2024_46_beijing_china_open_2024-09-26_R128_osorio_m_tomljanovic_a
tennis_data_uk,wta,2024,46,China Open,Beijing,2024-09-26,wta_1000,True,hard,R128,128,3,Fett J.,Wang M.,118,410,615.0,146.0,2,0,6,3,6,4,,,,,,,completed,1.29,3.75,1.29,3.91,1.29,4.06,1.27,3.77,2024_46_beijing_china_open,2024_46_beijing_china_open_2024-09-26_R128_fett_j_wang_m
tennis_data_uk,wta,2024,46,China Open,Beijing,2024-09-26,wta_1000,True,hard,R128,128,3,Uchijima M.,Shi H.,63,240,954.0,302.0,2,0,6,3,6,4,,,,,,,completed,1.33,3.4,1.35,3.48,1.35,3.5,1.32,3.33,2024_46_beijing_china_open,2024_46_beijing_china_open_2024-09-26_R128_uchijima_m_shi_h
tennis_data_uk,wta,2024,46,China Open,Beijing,2024-09-26,wta_1000,True,hard,R128,128,3,Bucsa C.,Yao X.,79,286,847.0,233.0,2,0,6,3,6,2,,,,,,,completed,1.3,3.5,1.37,3.31,1.4,3.55,1.32,3.33,2024_46_beijing_china_open,2024_46_beijing_china_open_2024-09-26_R128_bucsa_c_yao_x
tennis_data_uk,wta,2024,46,China Open,Beijing,2024-09-26,wta_1000,True,hard,R128,128,3,Tauson C.,Dart H.,72,76,901.0,881.0,2,1,5,7,6,4,6,1,,,,,completed,1.53,2.5,1.64,2.42,1.64,2.5,1.57,2.38,2024_46_beijing_china_open,2024_46_beijing_china_open_2024-09-26_R128_tauson_c_dart_h
tennis_data_uk,wta,2024,46,China Open,Beijing,2024-09-26,wta_1000,True,hard,R128,128,3,Sorribes Tormo S.,Gao X.,104,171,677.0,432.0,2,1,6,7,7,5,7,5,,,,,completed,1.29,3.75,1.31,3.8,1.33,3.8,1.28,3.62,2024_46_beijing_china_open,2024_46_beijing_china_open_2024-09-26_R128_sorribes_tormo_s_gao_x
tennis_data_uk,wta,2024,46,China Open,Beijing,2024-09-26,wta_1000,True,hard,R128,128,3,Cocciaretto E.,Rodionova Ar.,55,114,1023.0,635.0,2,1,4,6,6,4,6,3,,,,,completed,1.36,3.2,1.37,3.32,1.37,3.45,1.34,3.19,2024_46_beijing_china_open,2024_46_beijing_china_open_2024-09-26_R128_cocciaretto_e_rodionova_ar
tennis_data_uk,wta,2024,46,China Open,Beijing,2024-09-26,wta_1000,True,hard,R128,128,3,Podoroska N.,Ren Y.,66,500,942.0,105.0,2,0,6,4,6,2,,,,,,,completed,1.1,7.0,1.12,7.5,1.13,8.39,1.1,6.96,2024_46_beijing_china_open,2024_46_beijing_china_open_2024-09-26_R128_podoroska_n_ren_y
tennis_data_uk,wta,2024,46,China Open,Beijing,2024-09-26,wta_1000,True,hard,R128,128,3,Golubic V.,Wang Xiy.,96,95,705.0,720.0,2,1,7,6,0,6,6,3,,,,,completed,3.2,1.36,3.26,1.38,3.5,1.38,3.19,1.34,2024_46_beijing_china_open,2024_46_beijing_china_open_2024-09-26_R128_golubic_v_wang_xiy
tennis_data_uk,wta,2024,46,China Open,Beijing,2024-09-26,wta_1000,True,hard,R128,128,3,Begu I.,Ma Y.,103,224,683.0,321.0,2,1,1,6,6,4,6,1,,,,,completed,1.14,5.5,1.16,6.17,1.17,6.17,1.14,5.58,2024_46_beijing_china_open,2024_46_beijing_china_open_2024-09-26_R128_begu_i_ma_y
tennis_data_uk,wta,2024,46,China Open,Beijing,2024-09-26,wta_1000,True,hard,R128,128,3,Wei S.,Ruse E.G.,140,93,522.0,743.0,2,0,6,4,7,6,,,,,,,completed,3.75,1.29,3.81,1.3,3.85,1.33,3.65,1.28,2024_46_beijing_china_open,2024_46_beijing_china_open_2024-09-26_R128_wei_s_ruse_e_g
tennis_data_uk,wta,2024,46,China Open,Beijing,2024-09-26,wta_1000,True,hard,R128,128,3,Cristian J.,Bondar A.,80,90,844.0,778.0,2,0,6,1,7,6,,,,,,,completed,1.67,2.2,1.62,2.43,1.73,2.43,1.65,2.23,2024_46_beijing_china_open,2024_46_beijing_china_open_2024-09-26_R128_cristian_j_bondar_a
tennis_data_uk,wta,2024,46,China Open,Beijing,2024-09-26,wta_1000,True,hard,R128,128,3,Sawangkaew M.,Diyas Z.,187,571,384.0,78.0,2,0,6,2,6,3,,,,,,,completed,2.0,1.8,1.97,1.92,2.08,1.92,1.98,1.81,2024_46_beijing_china_open,2024_46_beijing_china_open_2024-09-26_R128_sawangkaew_m_diyas_z
tennis_data_uk,wta,2024,46,China Open,Beijing,2024-09-26,wta_1000,True,hard,R128,128,3,Muchova K.,Blinkova A.,49,78,1126.0,861.0,2,0,6,1,6,1,,,,,,,completed,1.07,9.0,1.1,8.56,1.1,9.0,1.08,7.97,2024_46_beijing_china_open,2024_46_beijing_china_open_2024-09-26_R128_muchova_k_blinkova_a
tennis_data_uk,wta,2024,46,China Open,Beijing,2024-09-26,wta_1000,True,hard,R128,128,3,Krueger A.,Wang Y.,68,58,917.0,991.0,2,1,3,6,6,4,6,2,,,,,completed,1.67,2.2,1.73,2.22,1.73,2.22,1.68,2.18,2024_46_beijing_china_open,2024_46_beijing_china_open_2024-09-26_R128_krueger_a_wang_y
tennis_data_uk,wta,2024,46,China Open,Beijing,2024-09-27,wta_1000,True,hard,R64,64,3,Zhang S.,Navarro E.,595,8,71.0,3698.0,2,0,6,4,6,2,,,,,,,completed,11.0,1.05,13.75,1.05,13.75,1.05,10.99,1.04,2024_46_beijing_china_open,2024_46_beijing_china_open_2024-09-27_R64_zhang_s_navarro_e
tennis_data_uk,wta,2024,46,China Open,Beijing,2024-09-27,wta_1000,True,hard,R64,64,3,Starodubtseva Y.,Siniakova K.,115,37,620.0,1474.0,2,0,6,2,6,2,,,,,,,completed,2.2,1.67,2.22,1.72,2.33,1.73,2.2,1.67,2024_46_beijing_china_open,2024_46_beijing_china_open_2024-09-27_R64_starodubtseva_y_siniakova_k
tennis_data_uk,wta,2024,46,China Open,Beijing,2024-09-27,wta_1000,True,hard,R64,64,3,Minnen G.,Potapova A.,94,38,738.0,1427.0,2,1,7,5,2,6,6,4,,,,,completed,2.3,1.62,2.33,1.67,2.34,1.67,2.27,1.63,2024_46_beijing_china_open,2024_46_beijing_china_open_2024-09-27_R64_minnen_g_potapova_a
tennis_data_uk,wta,2024,46,China Open,Beijing,2024-09-27,wta_1000,True,hard,R64,64,3,Shnaider D.,Kenin S.,16,168,2685.0,446.0,2,0,6,2,6,3,,,,,,,completed,1.3,3.5,1.34,3.5,1.34,3.5,1.32,3.35,2024_46_beijing_china_open,2024_46_beijing_china_open_2024-09-27_R64_shnaider_d_kenin_s
tennis_data_uk,wta,2024,46,China Open,Beijing,2024-09-27,wta_1000,True,hard,R64,64,3,Boulter K.,Townsend T.,34,52,1655.0,1103.0,2,0,6,4,6,4,,,,,,,completed,2.3,1.62,2.32,1.67,2.33,1.68,2.23,1.64,2024_46_beijing_china_open,2024_46_beijing_china_open_2024-09-27_R64_boulter_k_townsend_t
tennis_data_uk,wta,2024,46,China Open,Beijing,2024-09-27,wta_1000,True,hard,R64,64,3,Kudermetova V.,Wang Xin.,39,50,1398.0,1123.0,2,1,3,6,6,4,7,5,,,,,completed,1.8,2.0,2.07,1.83,2.07,2.0,1.9,1.89,2024_46_beijing_china_open,2024_46_beijing_china_open_2024-09-27_R64_kudermetova_v_wang_xin
tennis_data_uk,wta,2024,46,China Open,Beijing,2024-09-27,wta_1000,True,hard,R64,64,3,Kalinskaya A.,Baptiste H.,14,111,2725.0,659.0,2,1,3,6,7,6,7,6,,,,,completed,1.36,3.2,1.39,3.23,1.39,3.3,1.36,3.11,2024_46_beijing_china_open,2024_46_beijing_china_open_2024-09-27_R64_kalinskaya_a_baptiste_h
tennis_data_uk,wta,2024,46,China Open,Beijing,2024-09-27,wta_1000,True,hard,R64,64,3,Badosa P.,Tomova V.,19,51,2325.0,1107.0,2,0,6,3,6,2,,,,,,,completed,1.2,4.5,1.21,4.9,1.21,5.25,1.19,4.6,2024_46_beijing_china_open,2024_46_beijing_china_open_2024-09-27_R64_badosa_p_tomova_v
tennis_data_uk,wta,2024,46,China Open,Beijing,2024-09-27,wta_1000,True,hard,R64,64,3,Avanesyan E.,Dolehide C.,47,98,1140.0,703.0,2,1,6,3,5,7,6,2,,,,,completed,1.4,3.0,1.4,3.2,1.4,3.2,1.37,3.04,2024_46_beijing_china_open,2024_46_beijing_china_open_2024-09-27_R64_avanesyan_e_dolehide_c
tennis_data_uk,wta,2024,46,China Open,Beijing,2024-09-27,wta_1000,True,hard,R64,64,3,Stearns P.,Fernandez L.A.,46,28,1173.0,1834.0,2,0,7,5,6,2,,,,,,,completed,2.3,1.62,2.21,1.74,2.3,1.74,2.21,1.66,2024_46_beijing_china_open,2024_46_beijing_china_open_2024-09-27_R64_stearns_p_fernandez_l_a
tennis_data_uk,wta,2024,46,China Open,Beijing,2024-09-27,wta_1000,True,hard,R64,64,3,Volynets K.,Kostyuk M.,60,18,987.0,2493.0,2,0,7,5,6,3,,,,,,,completed,4.33,1.22,4.32,1.25,4.37,1.25,4.1,1.23,2024_46_beijing_china_open,2024_46_beijing_china_open_2024-09-27_R64_volynets_k_kostyuk_m
tennis_data_uk,wta,2024,46,China Open,Beijing,2024-09-27,wta_1000,True,hard,R64,64,3,Pegula J.,Parry D.,3,53,6220.0,1067.0,2,0,6,1,7,6,,,,,,,completed,1.08,8.0,1.14,6.79,1.15,8.0,1.11,6.61,2024_46_beijing_china_open,2024_46_beijing_china_open_2024-09-27_R64_pegula_j_parry_d
tennis_data_uk,wta,2024,46,China Open,Beijing,2024-09-27,wta_1000,True,hard,R64,64,3,Osaka N.,Putintseva Y.,73,32,894.0,1733.0,2,1,3,6,6,4,6,2,,,,,completed,1.53,2.5,1.65,2.37,1.65,2.6,1.55,2.43,2024_46_beijing_china_open,2024_46_beijing_china_open_2024-09-27_R64_osaka_n_putintseva_y
tennis_data_uk,wta,2024,46,China Open,Beijing,2024-09-27,wta_1000,True,hard,R64,64,3,Sramkova R.,Alexandrova E.,61,33,958.0,1733.0,2,1,5,7,6,4,6,3,,,,,completed,2.38,1.57,2.38,1.65,2.45,1.65,2.32,1.6,2024_46_beijing_china_open,2024_46_beijing_china_open_2024-09-27_R64_sramkova_r_alexandrova_e
tennis_data_uk,wta,2024,46,China Open,Beijing,2024-09-27,wta_1000,True,hard,R64,64,3,Frech M.,Parks A.,31,128,1743.0,568.0,2,1,6,4,5,7,6,4,,,,,completed,1.33,3.4,1.29,3.9,1.34,3.9,1.3,3.47,2024_46_beijing_china_open,2024_46_beijing_china_open_2024-09-27_R64_frech_m_parks_a
tennis_data_uk,wta,2024,46,China Open,Beijing,2024-09-27,wta_1000,True,hard,R64,64,3,Gauff C.,Burel C.,6,56,4983.0,1015.0,2,0,7,5,6,3,,,,,,,completed,1.1,7.0,1.12,7.56,1.13,8.0,1.11,6.67,2024_46_beijing_china_open,2024_46_beijing_china_open_2024-09-27_R64_gauff_c_burel_c
tennis_data_uk,wta,2024,46,China Open,Beijing,2024-09-28,wta_1000,True,hard,R64,64,3,Bucsa C.,Samsonova L.,79,15,847.0,2720.0,2,1,6,1,4,6,6,4,,,,,completed,5.5,1.14,7.34,1.12,7.77,1.15,6.28,1.12,2024_46_beijing_china_open,2024_46_beijing_china_open_2024-09-28_R64_bucsa_c_samsonova_l
tennis_data_uk,wta,2024,46,China Open,Beijing,2024-09-28,wta_1000,True,hard,R64,64,3,Paolini J.,Tauson C.,5,72,5348.0,901.0,2,1,1,6,7,5,6,4,,,,,completed,1.2,4.5,1.25,4.38,1.26,4.5,1.23,4.09,2024_46_beijing_china_open,2024_46_beijing_china_open_2024-09-28_R64_paolini_j_tauson_c
tennis_data_uk,wta,2024,46,China Open,Beijing,2024-09-28,wta_1000,True,hard,R64,64,3,Linette M.,Uchijima M.,45,63,1191.0,954.0,2,1,6,4,4,6,6,3,,,,,completed,1.36,3.2,1.34,3.53,1.36,3.61,1.33,3.26,2024_46_beijing_china_open,2024_46_beijing_china_open_2024-09-28_R64_linette_m_uchijima_m
tennis_data_uk,wta,2024,46,China Open,Beijing,2024-09-28,wta_1000,True,hard,R64,64,3,Kasatkina D.,Fett J.,11,118,3020.0,615.0,2,0,6,1,6,2,,,,,,,completed,1.1,7.0,1.11,8.06,1.12,8.06,1.09,7.17,2024_46_beijing_china_open,2024_46_beijing_china_open_2024-09-28_R64_kasatkina_d_fett_j
tennis_data_uk,wta,2024,46,China Open,Beijing,2024-09-28,wta_1000,True,hard,R64,64,3,Mertens E.,Cocciaretto E.,29,55,1749.0,1023.0,2,1,6,4,6,7,6,3,,,,,completed,1.4,3.0,1.48,2.84,1.48,3.05,1.42,2.82,2024_46_beijing_china_open,2024_46_beijing_china_open_2024-09-28_R64_mertens_e_cocciaretto_e
tennis_data_uk,wta,2024,46,China Open,Beijing,2024-09-28,wta_1000,True,hard,R64,64,3,Anisimova A.,Osorio M.,43,59,1276.0,988.0,2,1,1,6,6,3,6,4,,,,,completed,1.53,2.5,1.6,2.48,1.62,2.51,1.55,2.42,2024_46_beijing_china_open,2024_46_beijing_china_open_2024-09-28_R64_anisimova_a_osorio_m
tennis_data_uk,wta,2024,46,China Open,Beijing,2024-09-28,wta_1000,True,hard,R64,64,3,Sabalenka A.,Sawangkaew M.,2,187,8716.0,384.0,2,0,6,4,6,1,,,,,,,completed,1.02,19.0,1.03,24.29,1.03,24.29,1.01,14.96,2024_46_beijing_china_open,2024_46_beijing_china_open_2024-09-28_R64_sabalenka_a_sawangkaew_m
tennis_data_uk,wta,2024,46,China Open,Beijing,2024-09-28,wta_1000,True,hard,R64,64,3,Haddad Maia B.,Wei S.,12,140,2981.0,522.0,2,0,7,5,6,4,,,,,,,completed,1.1,7.0,1.15,6.44,1.15,7.0,1.12,6.14,2024_46_beijing_china_open,2024_46_beijing_china_open_2024-09-28_R64_haddad_maia_b_wei_s
tennis_data_uk,wta,2024,46,China Open,Beijing,2024-09-28,wta_1000,True,hard,R64,64,3,Cristian J.,Krejcikova B.,80,10,844.0,3161.0,2,1,1,6,6,4,7,5,,,,,completed,3.4,1.33,3.3,1.38,3.4,1.38,3.19,1.34,2024_46_beijing_china_open,2024_46_beijing_china_open_2024-09-28_R64_cristian_j_krejcikova_b
tennis_data_uk,wta,2024,46,China Open,Beijing,2024-09-28,wta_1000,True,hard,R64,64,3,Muchova K.,Yuan Y.,49,41,1126.0,1349.0,2,0,6,3,6,1,,,,,,,completed,1.11,6.5,1.12,7.31,1.14,7.31,1.12,6.42,2024_46_beijing_china_open,2024_46_beijing_china_open_2024-09-28_R64_muchova_k_yuan_y
tennis_data_uk,wta,2024,46,China Open,Beijing,2024-09-28,wta_1000,True,hard,R64,64,3,Krueger A.,Sun L.,68,40,917.0,1375.0,2,0,6,1,7,6,,,,,,,completed,1.53,2.5,1.52,2.68,1.57,2.75,1.51,2.53,2024_46_beijing_china_open,2024_46_beijing_china_open_2024-09-28_R64_krueger_a_sun_l
tennis_data_uk,wta,2024,46,China Open,Beijing,2024-09-28,wta_1000,True,hard,R64,64,3,Keys M.,Sorribes Tormo S.,24,104,2076.0,677.0,2,0,6,2,6,1,,,,,,,completed,1.3,3.5,1.3,3.82,1.34,3.82,1.3,3.47,2024_46_beijing_china_open,2024_46_beijing_china_open_2024-09-28_R64_keys_m_sorribes_tormo_s
tennis_data_uk,wta,2024,46,China Open,Beijing,2024-09-28,wta_1000,True,hard,R64,64,3,Podoroska N.,Yastremska D.,66,35,942.0,1603.0,2,1,7,5,6,7,6,2,,,,,completed,2.1,1.73,2.1,1.81,2.14,1.81,2.08,1.73,2024_46_beijing_china_open,2024_46_beijing_china_open_2024-09-28_R64_podoroska_n_yastremska_d
tennis_data_uk,wta,2024,46,China Open,Beijing,2024-09-28,wta_1000,True,hard,R64,64,3,Andreeva M.,Begu I.,22,103,2153.0,683.0,2,1,6,7,6,1,6,1,,,,,completed,1.2,4.5,1.23,4.67,1.24,5.34,1.2,4.45,2024_46_beijing_china_open,2024_46_beijing_china_open_2024-09-28_R64_andreeva_m_begu_i
tennis_data_uk,wta,2024,46,China Open,Beijing,2024-09-28,wta_1000,True,hard,R64,64,3,Vekic D.,Golubic V.,20,96,2243.0,705.0,2,1,4,6,7,6,6,4,,,,,completed,1.2,4.5,1.21,4.89,1.23,4.89,1.2,4.45,2024_46_beijing_china_open,2024_46_beijing_china_open_2024-09-28_R64_vekic_d_golubic_v
tennis_data_uk,wta,2024,46,China Open,Beijing,2024-09-28,wta_1000,True,hard,R64,64,3,Zheng Q.,Rakhimova K.,7,71,3920.0,905.0,2,0,6,1,6,1,,,,,,,completed,1.14,5.5,1.16,5.95,1.16,6.1,1.14,5.54,2024_46_beijing_china_open,2024_46_beijing_china_open_2024-09-28_R64_zheng_q_rakhimova_k
tennis_data_uk,wta,2024,46,China Open,Beijing,2024-09-29,wta_1000,True,hard,R32,32,3,Frech M.,Shnaider D.,31,16,1743.0,2685.0,2,1,0,6,6,3,6,4,,,,,completed,3.5,1.3,3.49,1.35,3.74,1.36,3.37,1.31,2024_46_beijing_china_open,2024_46_beijing_china_open_2024-09-29_R32_frech_m_shnaider_d
tennis_data_uk,wta,2024,46,China Open,Beijing,2024-09-29,wta_1000,True,hard,R32,32,3,Badosa P.,Sramkova R.,19,61,2325.0,958.0,2,0,7,5,7,5,,,,,,,completed,1.2,4.5,1.23,4.77,1.23,4.9,1.21,4.36,2024_46_beijing_china_open,2024_46_beijing_china_open_2024-09-29_R32_badosa_p_sramkova_r
tennis_data_uk,wta,2024,46,China Open,Beijing,2024-09-29,wta_1000,True,hard,R32,32,3,Pegula J.,Kudermetova V.,3,39,6220.0,1398.0,2,1,6,7,6,1,6,2,,,,,completed,1.3,3.5,1.36,3.46,1.36,3.5,1.33,3.33,2024_46_beijing_china_open,2024_46_beijing_china_open_2024-09-29_R32_pegula_j_kudermetova_v
tennis_data_uk,wta,2024,46,China Open,Beijing,2024-09-29,wta_1000,True,hard,R32,32,3,Starodubtseva Y.,Avanesyan E.,115,47,620.0,1140.0,2,0,6,3,6,1,,,,,,,completed,1.91,1.91,1.89,2.02,1.91,2.15,1.83,1.95,2024_46_beijing_china_open,2024_46_beijing_china_open_2024-09-29_R32_starodubtseva_y_avanesyan_e
tennis_data_uk,wta,2024,46,China Open,Beijing,2024-09-29,wta_1000,True,hard,R32,32,3,Zhang S.,Minnen G.,595,94,71.0,738.0,2,0,6,2,6,3,,,,,,,completed,2.1,1.73,2.2,1.76,2.3,1.82,2.06,1.75,2024_46_beijing_china_open,2024_46_beijing_china_open_2024-09-29_R32_zhang_s_minnen_g
tennis_data_uk,wta,2024,46,China Open,Beijing,2024-09-29,wta_1000,True,hard,R32,32,3,Gauff C.,Boulter K.,6,34,4983.0,1655.0,2,0,7,5,6,2,,,,,,,completed,1.25,4.0,1.26,4.31,1.27,4.31,1.24,3.98,2024_46_beijing_china_open,2024_46_beijing_china_open_2024-09-29_R32_gauff_c_boulter_k
tennis_data_uk,wta,2024,46,China Open,Beijing,2024-09-30,wta_1000,True,hard,R32,32,3,Keys M.,Haddad Maia B.,24,12,2076.0,2981.0,2,0,6,3,6,3,,,,,,,completed,1.62,2.3,1.7,2.28,1.72,2.32,1.65,2.22,2024_46_beijing_china_open,2024_46_beijing_china_open_2024-09-30_R32_keys_m_haddad_maia_b
tennis_data_uk,wta,2024,46,China Open,Beijing,2024-09-30,wta_1000,True,hard,R32,32,3,Kalinskaya A.,Stearns P.,14,46,2725.0,1173.0,1,1,3,6,6,3,3,1,,,,,retired,1.8,2.0,1.9,2.0,1.9,2.06,1.82,2.0,2024_46_beijing_china_open,2024_46_beijing_china_open_2024-09-30_R32_kalinskaya_a_stearns_p
tennis_data_uk,wta,2024,46,China Open,Beijing,2024-09-30,wta_1000,True,hard,R32,32,3,Osaka N.,Volynets K.,73,60,894.0,987.0,2,0,6,3,6,2,,,,,,,completed,1.22,4.33,1.3,3.91,1.3,4.33,1.23,4.05,2024_46_beijing_china_open,2024_46_beijing_china_open_2024-09-30_R32_osaka_n_volynets_k
tennis_data_uk,wta,2024,46,China Open,Beijing,2024-09-30,wta_1000,True,hard,R32,32,3,Sabalenka A.,Krueger A.,2,68,8716.0,917.0,2,0,6,2,6,2,,,,,,,completed,1.08,8.0,1.1,8.83,1.1,8.83,1.08,7.73,2024_46_beijing_china_open,2024_46_beijing_china_open_2024-09-30_R32_sabalenka_a_krueger_a
tennis_data_uk,wta,2024,46,China Open,Beijing,2024-09-30,wta_1000,True,hard,R32,32,3,Bucsa C.,Mertens E.,79,29,847.0,1749.0,2,1,4,6,6,2,6,2,,,,,completed,3.5,1.3,4.55,1.24,4.55,1.31,3.95,1.25,2024_46_beijing_china_open,2024_46_beijing_china_open_2024-09-30_R32_bucsa_c_mertens_e
tennis_data_uk,wta,2024,46,China Open,Beijing,2024-09-30,wta_1000,True,hard,R32,32,3,Muchova K.,Cristian J.,49,80,1126.0,844.0,2,0,6,1,6,3,,,,,,,completed,1.1,7.0,1.12,7.58,1.14,7.58,1.1,6.58,2024_46_beijing_china_open,2024_46_beijing_china_open_2024-09-30_R32_muchova_k_cristian_j
tennis_data_uk,wta,2024,46,China Open,Beijing,2024-09-30,wta_1000,True,hard,R32,32,3,Linette M.,Paolini J.,45,5,1191.0,5348.0,2,0,6,4,6,0,,,,,,,completed,3.75,1.29,3.67,1.33,3.75,1.35,3.47,1.3,2024_46_beijing_china_open,2024_46_beijing_china_open_2024-09-30_R32_linette_m_paolini_j
tennis_data_uk,wta,2024,46,China Open,Beijing,2024-09-30,wta_1000,True,hard,R32,32,3,Andreeva M.,Vekic D.,22,20,2153.0,2243.0,2,1,3,6,6,4,6,4,,,,,completed,1.5,2.63,1.62,2.46,1.62,2.69,1.52,2.52,2024_46_beijing_china_open,2024_46_beijing_china_open_2024-09-30_R32_andreeva_m_vekic_d
tennis_data_uk,wta,2024,46,China Open,Beijing,2024-09-30,wta_1000,True,hard,R32,32,3,Anisimova A.,Kasatkina D.,43,11,1276.0,3020.0,2,0,7,6,6,4,,,,,,,completed,2.0,1.8,2.01,1.89,2.14,1.89,1.99,1.8,2024_46_beijing_china_open,2024_46_beijing_china_open_2024-09-30_R32_anisimova_a_kasatkina_d
tennis_data_uk,wta,2024,46,China Open,Beijing,2024-09-30,wta_1000,True,hard,R32,32,3,Zheng Q.,Podoroska N.,7,66,3920.0,942.0,2,0,6,3,6,2,,,,,,,completed,1.05,11.0,1.06,12.98,1.06,13.35,1.04,10.34,2024_46_beijing_china_open,2024_46_beijing_china_open_2024-09-30_R32_zheng_q_podoroska_n
tennis_data_uk,wta,2024,46,China Open,Beijing,2024-10-01,wta_1000,True,hard,R16,16,3,Badosa P.,Pegula J.,19,3,2325.0,6220.0,2,0,6,4,6,0,,,,,,,completed,2.5,1.53,2.51,1.6,2.65,1.64,2.41,1.56,2024_46_beijing_china_open,2024_46_beijing_china_open_2024-10-01_R16_badosa_p_pegula_j
tennis_data_uk,wta,2024,46,China Open,Beijing,2024-10-01,wta_1000,True,hard,R16,16,3,Zhang S.,Frech M.,595,31,71.0,1743.0,2,0,6,4,6,2,,,,,,,completed,2.5,1.53,2.39,1.65,2.55,1.65,2.44,1.55,2024_46_beijing_china_open,2024_46_beijing_china_open_2024-10-01_R16_zhang_s_frech_m
tennis_data_uk,wta,2024,46,China Open,Beijing,2024-10-01,wta_1000,True,hard,R16,16,3,Starodubtseva Y.,Kalinskaya A.,115,14,620.0,2725.0,2,0,7,5,6,0,,,,,,,completed,2.5,1.53,2.6,1.56,2.6,1.6,2.42,1.55,2024_46_beijing_china_open,2024_46_beijing_china_open_2024-10-01_R16_starodubtseva_y_kalinskaya_a
tennis_data_uk,wta,2024,46,China Open,Beijing,2024-10-01,wta_1000,True,hard,R16,16,3,Gauff C.,Osaka N.,6,73,4983.0,894.0,1,1,3,6,6,4,,,,,,,retired,1.57,2.38,1.64,2.42,1.67,2.6,1.59,2.34,2024_46_beijing_china_open,2024_46_beijing_china_open_2024-10-01_R16_gauff_c_osaka_n
tennis_data_uk,wta,2024,46,China Open,Beijing,2024-10-02,wta_1000,True,hard,R16,16,3,Sabalenka A.,Keys M.,2,24,8716.0,2076.0,2,0,6,4,6,3,,,,,,,completed,1.22,4.33,1.3,3.94,1.3,4.34,1.26,3.81,2024_46_beijing_china_open,2024_46_beijing_china_open_2024-10-02_R16_sabalenka_a_keys_m
tennis_data_uk,wta,2024,46,China Open,Beijing,2024-10-02,wta_1000,True,hard,R16,16,3,Muchova K.,Bucsa C.,49,79,1126.0,847.0,2,0,6,2,6,0,,,,,,,completed,1.07,9.0,1.1,9.19,1.1,9.19,1.08,7.98,2024_46_beijing_china_open,2024_46_beijing_china_open_2024-10-02_R16_muchova_k_bucsa_c
tennis_data_uk,wta,2024,46,China Open,Beijing,2024-10-02,wta_1000,True,hard,R16,16,3,Andreeva M.,Linette M.,22,45,2153.0,1191.0,2,0,6,1,6,3,,,,,,,completed,1.29,3.75,1.31,3.81,1.33,3.81,1.29,3.62,2024_46_beijing_china_open,2024_46_beijing_china_open_2024-10-02_R16_andreeva_m_linette_m
tennis_data_uk,wta,2024,46,China Open,Beijing,2024-10-02,wta_1000,True,hard,R16,16,3,Zheng Q.,Anisimova A.,7,43,3920.0,1276.0,2,1,3,6,6,1,6,2,,,,,completed,1.29,3.75,1.26,4.37,1.31,4.37,1.27,3.74,2024_46_beijing_china_open,2024_46_beijing_china_open_2024-10-02_R16_zheng_q_anisimova_a
tennis_data_uk,wta,2024,46,China Open,Beijing,2024-10-03,wta_1000,True,hard,QF,8,3,Badosa P.,Zhang S.,19,595,2325.0,71.0,2,0,6,1,7,6,,,,,,,completed,1.2,4.5,1.22,4.91,1.23,5.0,1.2,4.5,2024_46_beijing_china_open,2024_46_beijing_china_open_2024-10-03_QF_badosa_p_zhang_s
tennis_data_uk,wta,2024,46,China Open,Beijing,2024-10-03,wta_1000,True,hard,QF,8,3,Gauff C.,Starodubtseva Y.,6,115,4983.0,620.0,2,1,2,6,6,2,6,2,,,,,completed,1.17,5.0,1.22,4.93,1.22,6.05,1.18,4.74,2024_46_beijing_china_open,2024_46_beijing_china_open_2024-10-03_QF_gauff_c_starodubtseva_y
tennis_data_uk,wta,2024,46,China Open,Beijing,2024-10-04,wta_1000,True,hard,QF,8,3,Muchova K.,Sabalenka A.,49,2,1126.0,8716.0,2,1,7,6,2,6,6,4,,,,,completed,2.75,1.44,2.85,1.48,2.85,1.5,2.66,1.47,2024_46_beijing_china_open,2024_46_beijing_china_open_2024-10-04_QF_muchova_k_sabalenka_a
tennis_data_uk,wta,2024,46,China Open,Beijing,2024-10-04,wta_1000,True,hard,QF,8,3,Zheng Q.,Andreeva M.,7,22,3920.0,2153.0,2,1,5,7,6,0,6,4,,,,,completed,1.67,2.2,1.68,2.34,1.68,2.38,1.64,2.26,2024_46_beijing_china_open,2024_46_beijing_china_open_2024-10-04_QF_zheng_q_andreeva_m
tennis_data_uk,wta,2024,46,China Open,Beijing,2024-10-05,wta_1000,True,hard,SF,4,3,Gauff C.,Badosa P.,6,19,4983.0,2325.0,2,1,4,6,6,4,6,2,,,,,completed,2.0,1.8,2.06,1.85,2.06,1.91,2.0,1.8,2024_46_beijing_china_open,2024_46_beijing_china_open_2024-10-05_SF_gauff_c_badosa_p
tennis_data_uk,wta,2024,46,China Open,Beijing,2024-10-05,wta_1000,True,hard,SF,4,3,Muchova K.,Zheng Q.,49,7,1126.0,3920.0,2,0,6,3,6,4,,,,,,,completed,1.62,2.3,1.69,2.31,1.69,2.45,1.63,2.26,2024_46_beijing_china_open,2024_46_beijing_china_open_2024-10-05_SF_muchova_k_zheng_q
tennis_data_uk,wta,2024,46,China Open,Beijing,2024-10-06,wta_1000,True,hard,F,2,3,Gauff C.,Muchova K.,6,49,4983.0,1126.0,2,0,6,1,6,3,,,,,,,completed,2.5,1.53,2.5,1.6,2.53,1.64,2.4,1.57,2024_46_beijing_china_open,2024_46_beijing_china_open_2024-10-06_F_gauff_c_muchova_k
tennis_data_uk,wta,2024,47,Wuhan Open,Wuhan,2024-10-07,wta_1000,True,hard,R64,64,3,Haddad Maia B.,Keys M.,12,20,3036.0,2196.0,2,0,7,6,6,2,,,,,,,completed,2.63,1.5,2.66,1.56,2.66,1.57,2.49,1.52,2024_47_wuhan_wuhan_open,2024_47_wuhan_wuhan_open_2024-10-07_R64_haddad_maia_b_keys_m
tennis_data_uk,wta,2024,47,Wuhan Open,Wuhan,2024-10-07,wta_1000,True,hard,R64,64,3,Potapova A.,Volynets K.,38,56,1427.0,1025.0,2,1,5,7,6,3,7,5,,,,,completed,1.73,2.1,1.75,2.16,1.82,2.16,1.71,2.09,2024_47_wuhan_wuhan_open,2024_47_wuhan_wuhan_open_2024-10-07_R64_potapova_a_volynets_k
tennis_data_uk,wta,2024,47,Wuhan Open,Wuhan,2024-10-07,wta_1000,True,hard,R64,64,3,Fernandez L.A.,Shnaider D.,28,16,1834.0,2641.0,2,1,6,7,6,3,6,3,,,,,completed,2.38,1.57,2.38,1.63,2.45,1.63,2.33,1.58,2024_47_wuhan_wuhan_open,2024_47_wuhan_wuhan_open_2024-10-07_R64_fernandez_l_a_shnaider_d
tennis_data_uk,wta,2024,47,Wuhan Open,Wuhan,2024-10-07,wta_1000,True,hard,R64,64,3,Yuan Y.,Burel C.,41,55,1349.0,1040.0,2,1,1,6,6,4,6,2,,,,,completed,1.57,2.38,1.56,2.55,1.61,2.55,1.56,2.38,2024_47_wuhan_wuhan_open,2024_47_wuhan_wuhan_open_2024-10-07_R64_yuan_y_burel_c
tennis_data_uk,wta,2024,47,Wuhan Open,Wuhan,2024-10-07,wta_1000,True,hard,R64,64,3,Andreeva E.,Yastremska D.,70,36,913.0,1612.0,2,0,7,5,6,4,,,,,,,completed,1.8,2.0,1.85,2.03,1.85,2.14,1.76,2.07,2024_47_wuhan_wuhan_open,2024_47_wuhan_wuhan_open_2024-10-07_R64_andreeva_e_yastremska_d
tennis_data_uk,wta,2024,47,Wuhan Open,Wuhan,2024-10-07,wta_1000,True,hard,R64,64,3,Pera B.,Begu I.,95,100,750.0,718.0,2,1,6,2,4,6,6,2,,,,,completed,2.38,1.57,2.41,1.62,2.45,1.67,2.33,1.6,2024_47_wuhan_wuhan_open,2024_47_wuhan_wuhan_open_2024-10-07_R64_pera_b_begu_i
tennis_data_uk,wta,2024,47,Wuhan Open,Wuhan,2024-10-07,wta_1000,True,hard,R64,64,3,Baptiste H.,Parry D.,102,50,709.0,1075.0,2,0,6,4,7,5,,,,,,,completed,1.73,2.1,1.67,2.3,1.82,2.3,1.68,2.17,2024_47_wuhan_wuhan_open,2024_47_wuhan_wuhan_open_2024-10-07_R64_baptiste_h_parry_d
tennis_data_uk,wta,2024,47,Wuhan Open,Wuhan,2024-10-07,wta_1000,True,hard,R64,64,3,Wang Xin.,Dolehide C.,51,101,1058.0,712.0,2,0,6,4,6,0,,,,,,,completed,1.33,3.4,1.38,3.25,1.38,3.41,1.34,3.2,2024_47_wuhan_wuhan_open,2024_47_wuhan_wuhan_open_2024-10-07_R64_wang_xin_dolehide_c
tennis_data_uk,wta,2024,47,Wuhan Open,Wuhan,2024-10-07,wta_1000,True,hard,R64,64,3,Vekic D.,Mertens E.,18,30,2298.0,1804.0,2,1,3,6,6,1,6,3,,,,,completed,1.62,2.3,1.65,2.35,1.68,2.35,1.62,2.25,2024_47_wuhan_wuhan_open,2024_47_wuhan_wuhan_open_2024-10-07_R64_vekic_d_mertens_e
tennis_data_uk,wta,2024,47,Wuhan Open,Wuhan,2024-10-07,wta_1000,True,hard,R64,64,3,Kalinskaya A.,Bondar A.,13,92,2825.0,782.0,2,0,6,1,6,3,,,,,,,completed,1.2,4.5,1.19,5.27,1.21,5.27,1.18,4.72,2024_47_wuhan_wuhan_open,2024_47_wuhan_wuhan_open_2024-10-07_R64_kalinskaya_a_bondar_a
tennis_data_uk,wta,2024,47,Wuhan Open,Wuhan,2024-10-07,wta_1000,True,hard,R64,64,3,Frech M.,Hontama M.,27,134,1853.0,558.0,2,0,6,0,6,4,,,,,,,completed,1.25,4.0,1.24,4.38,1.25,4.4,1.22,4.15,2024_47_wuhan_wuhan_open,2024_47_wuhan_wuhan_open_2024-10-07_R64_frech_m_hontama_m
tennis_data_uk,wta,2024,47,Wuhan Open,Wuhan,2024-10-08,wta_1000,True,hard,R64,64,3,Alexandrova E.,Kenin S.,33,162,1693.0,471.0,2,1,6,1,4,6,6,4,,,,,completed,1.67,2.2,1.74,2.18,1.74,2.28,1.69,2.14,2024_47_wuhan_wuhan_open,2024_47_wuhan_wuhan_open_2024-10-08_R64_alexandrova_e_kenin_s
tennis_data_uk,wta,2024,47,Wuhan Open,Wuhan,2024-10-08,wta_1000,True,hard,R64,64,3,Linette M.,Samsonova L.,45,23,1241.0,2080.0,2,0,6,2,6,2,,,,,,,completed,2.75,1.44,2.74,1.5,2.79,1.5,2.69,1.45,2024_47_wuhan_wuhan_open,2024_47_wuhan_wuhan_open_2024-10-08_R64_linette_m_samsonova_l
tennis_data_uk,wta,2024,47,Wuhan Open,Wuhan,2024-10-08,wta_1000,True,hard,R64,64,3,Cristian J.,Osorio M.,75,59,894.0,1010.0,2,1,4,6,6,2,6,3,,,,,completed,2.38,1.57,2.5,1.58,2.5,1.59,2.4,1.55,2024_47_wuhan_wuhan_open,2024_47_wuhan_wuhan_open_2024-10-08_R64_cristian_j_osorio_m
tennis_data_uk,wta,2024,47,Wuhan Open,Wuhan,2024-10-08,wta_1000,True,hard,R64,64,3,Siniakova K.,Eala A.,37,148,1474.0,502.0,2,0,6,3,6,1,,,,,,,completed,1.33,3.4,1.38,3.25,1.38,3.5,1.34,3.15,2024_47_wuhan_wuhan_open,2024_47_wuhan_wuhan_open_2024-10-08_R64_siniakova_k_eala_a
tennis_data_uk,wta,2024,47,Wuhan Open,Wuhan,2024-10-08,wta_1000,True,hard,R64,64,3,Anisimova A.,Bucsa C.,39,71,1396.0,912.0,2,0,6,2,6,4,,,,,,,completed,1.33,3.4,1.36,3.36,1.41,3.45,1.34,3.2,2024_47_wuhan_wuhan_open,2024_47_wuhan_wuhan_open_2024-10-08_R64_anisimova_a_bucsa_c
tennis_data_uk,wta,2024,47,Wuhan Open,Wuhan,2024-10-08,wta_1000,True,hard,R64,64,3,Tomova V.,Krueger A.,48,65,1092.0,972.0,2,1,1,6,7,6,7,5,,,,,completed,2.75,1.44,2.93,1.44,2.93,1.45,2.75,1.44,2024_47_wuhan_wuhan_open,2024_47_wuhan_wuhan_open_2024-10-08_R64_tomova_v_krueger_a
tennis_data_uk,wta,2024,47,Wuhan Open,Wuhan,2024-10-08,wta_1000,True,hard,R64,64,3,Tsurenko L.,Boulter K.,96,34,739.0,1625.0,2,0,6,2,7,5,,,,,,,completed,3.0,1.4,3.18,1.39,3.18,1.41,2.98,1.38,2024_47_wuhan_wuhan_open,2024_47_wuhan_wuhan_open_2024-10-08_R64_tsurenko_l_boulter_k
tennis_data_uk,wta,2024,47,Wuhan Open,Wuhan,2024-10-08,wta_1000,True,hard,R64,64,3,Putintseva Y.,Zhang S.,35,250,1619.0,286.0,2,0,6,4,6,4,,,,,,,completed,1.33,3.4,1.37,3.3,1.39,3.4,1.35,3.12,2024_47_wuhan_wuhan_open,2024_47_wuhan_wuhan_open_2024-10-08_R64_putintseva_y_zhang_s
tennis_data_uk,wta,2024,47,Wuhan Open,Wuhan,2024-10-08,wta_1000,True,hard,R64,64,3,Rakhimova K.,Uchijima M.,66,64,925.0,978.0,2,0,6,1,6,2,,,,,,,completed,1.62,2.3,1.68,2.27,1.68,2.35,1.62,2.27,2024_47_wuhan_wuhan_open,2024_47_wuhan_wuhan_open_2024-10-08_R64_rakhimova_k_uchijima_m
tennis_data_uk,wta,2024,47,Wuhan Open,Wuhan,2024-10-08,wta_1000,True,hard,R64,64,3,Kudermetova V.,Bouzkova M.,63,42,983.0,1320.0,2,0,6,4,7,6,,,,,,,completed,1.67,2.2,1.8,2.09,1.81,2.2,1.72,2.09,2024_47_wuhan_wuhan_open,2024_47_wuhan_wuhan_open_2024-10-08_R64_kudermetova_v_bouzkova_m
tennis_data_uk,wta,2024,47,Wuhan Open,Wuhan,2024-10-08,wta_1000,True,hard,R64,64,3,Andreeva M.,Wang Xiy.,19,99,2218.0,720.0,2,0,7,6,6,3,,,,,,,completed,1.3,3.5,1.32,3.6,1.33,3.7,1.3,3.46,2024_47_wuhan_wuhan_open,2024_47_wuhan_wuhan_open_2024-10-08_R64_andreeva_m_wang_xiy
tennis_data_uk,wta,2024,47,Wuhan Open,Wuhan,2024-10-08,wta_1000,True,hard,R64,64,3,Bronzetti L.,Tomljanovic A.,85,86,819.0,801.0,2,0,6,1,7,6,,,,,,,completed,2.3,1.62,2.52,1.56,2.6,1.63,2.39,1.56,2024_47_wuhan_wuhan_open,2024_47_wuhan_wuhan_open_2024-10-08_R64_bronzetti_l_tomljanovic_a
tennis_data_uk,wta,2024,47,Wuhan Open,Wuhan,2024-10-08,wta_1000,True,hard,R64,64,3,Kostyuk M.,Avanesyan E.,17,47,2383.0,1185.0,2,1,4,6,7,5,7,6,,,,,completed,1.33,3.4,1.33,3.53,1.35,3.53,1.32,3.34,2024_47_wuhan_wuhan_open,2024_47_wuhan_wuhan_open_2024-10-08_R64_kostyuk_m_avanesyan_e
tennis_data_uk,wta,2024,47,Wuhan Open,Wuhan,2024-10-09,wta_1000,True,hard,R32,32,3,Kasatkina D.,Pera B.,11,95,3075.0,750.0,2,1,6,4,1,6,6,1,,,,,completed,1.3,3.5,1.28,4.05,1.33,4.05,1.27,3.64,2024_47_wuhan_wuhan_open,2024_47_wuhan_wuhan_open_2024-10-09_R32_kasatkina_d_pera_b
tennis_data_uk,wta,2024,47,Wuhan Open,Wuhan,2024-10-09,wta_1000,True,hard,R32,32,3,Baptiste H.,Krejcikova B.,102,10,709.0,3161.0,2,0,6,3,7,5,,,,,,,completed,2.75,1.44,2.7,1.52,2.78,1.52,2.71,1.45,2024_47_wuhan_wuhan_open,2024_47_wuhan_wuhan_open_2024-10-09_R32_baptiste_h_krejcikova_b
tennis_data_uk,wta,2024,47,Wuhan Open,Wuhan,2024-10-09,wta_1000,True,hard,R32,32,3,Putintseva Y.,Vekic D.,35,18,1619.0,2298.0,2,1,6,4,3,6,6,4,,,,,completed,2.0,1.8,2.09,1.81,2.2,1.82,2.04,1.77,2024_47_wuhan_wuhan_open,2024_47_wuhan_wuhan_open_2024-10-09_R32_putintseva_y_vekic_d
tennis_data_uk,wta,2024,47,Wuhan Open,Wuhan,2024-10-09,wta_1000,True,hard,R32,32,3,Linette M.,Tsurenko L.,45,96,1241.0,739.0,0,0,5,2,,,,,,,,,retired,1.44,2.75,1.45,2.93,1.48,2.95,1.42,2.79,2024_47_wuhan_wuhan_open,2024_47_wuhan_wuhan_open_2024-10-09_R32_linette_m_tsurenko_l
tennis_data_uk,wta,2024,47,Wuhan Open,Wuhan,2024-10-09,wta_1000,True,hard,R32,32,3,Sabalenka A.,Siniakova K.,2,37,8716.0,1474.0,2,0,6,4,6,4,,,,,,,completed,1.06,10.0,1.06,12.66,1.06,12.66,1.05,9.75,2024_47_wuhan_wuhan_open,2024_47_wuhan_wuhan_open_2024-10-09_R32_sabalenka_a_siniakova_k
tennis_data_uk,wta,2024,47,Wuhan Open,Wuhan,2024-10-09,wta_1000,True,hard,R32,32,3,Alexandrova E.,Kalinskaya A.,33,13,1693.0,2825.0,2,1,6,4,6,7,6,1,,,,,completed,2.38,1.57,2.5,1.59,2.6,1.6,2.41,1.55,2024_47_wuhan_wuhan_open,2024_47_wuhan_wuhan_open_2024-10-09_R32_alexandrova_e_kalinskaya_a
tennis_data_uk,wta,2024,47,Wuhan Open,Wuhan,2024-10-09,wta_1000,True,hard,R32,32,3,Frech M.,Navarro E.,27,8,1853.0,3698.0,2,1,6,4,3,6,6,3,,,,,completed,3.5,1.3,3.45,1.35,3.64,1.35,3.39,1.31,2024_47_wuhan_wuhan_open,2024_47_wuhan_wuhan_open_2024-10-09_R32_frech_m_navarro_e
tennis_data_uk,wta,2024,47,Wuhan Open,Wuhan,2024-10-09,wta_1000,True,hard,R32,32,3,Fernandez L.A.,Rakhimova K.,28,66,1834.0,925.0,2,1,6,2,5,7,7,6,,,,,completed,1.36,3.2,1.39,3.25,1.4,3.3,1.36,3.08,2024_47_wuhan_wuhan_open,2024_47_wuhan_wuhan_open_2024-10-09_R32_fernandez_l_a_rakhimova_k
tennis_data_uk,wta,2024,47,Wuhan Open,Wuhan,2024-10-09,wta_1000,True,hard,R32,32,3,Gauff C.,Tomova V.,4,48,5593.0,1092.0,2,0,6,1,6,2,,,,,,,completed,1.1,7.0,1.13,7.2,1.13,7.2,1.1,6.75,2024_47_wuhan_wuhan_open,2024_47_wuhan_wuhan_open_2024-10-09_R32_gauff_c_tomova_v
tennis_data_uk,wta,2024,47,Wuhan Open,Wuhan,2024-10-09,wta_1000,True,hard,R32,32,3,Haddad Maia B.,Kudermetova V.,12,63,3036.0,983.0,2,0,6,1,6,4,,,,,,,completed,1.53,2.5,1.6,2.49,1.61,2.5,1.56,2.41,2024_47_wuhan_wuhan_open,2024_47_wuhan_wuhan_open_2024-10-09_R32_haddad_maia_b_kudermetova_v
tennis_data_uk,wta,2024,47,Wuhan Open,Wuhan,2024-10-09,wta_1000,True,hard,R32,32,3,Wang Xin.,Bronzetti L.,51,85,1058.0,819.0,2,1,4,6,6,2,6,4,,,,,completed,1.4,3.0,1.42,3.08,1.43,3.13,1.4,2.88,2024_47_wuhan_wuhan_open,2024_47_wuhan_wuhan_open_2024-10-09_R32_wang_xin_bronzetti_l
tennis_data_uk,wta,2024,47,Wuhan Open,Wuhan,2024-10-09,wta_1000,True,hard,R32,32,3,Kostyuk M.,Anisimova A.,17,39,2383.0,1396.0,,,,,,,,,,,,,walkover,2.1,1.73,2.11,1.8,2.2,1.8,2.08,1.74,2024_47_wuhan_wuhan_open,2024_47_wuhan_wuhan_open_2024-10-09_R32_kostyuk_m_anisimova_a
tennis_data_uk,wta,2024,47,Wuhan Open,Wuhan,2024-10-09,wta_1000,True,hard,R32,32,3,Pegula J.,Potapova A.,3,38,5945.0,1427.0,1,0,6,2,2,0,,,,,,,retired,1.22,4.33,1.2,5.06,1.25,5.06,1.21,4.29,2024_47_wuhan_wuhan_open,2024_47_wuhan_wuhan_open_2024-10-09_R32_pegula_j_potapova_a
tennis_data_uk,wta,2024,47,Wuhan Open,Wuhan,2024-10-09,wta_1000,True,hard,R32,32,3,Zheng Q.,Cristian J.,7,75,4300.0,894.0,2,0,6,2,6,4,,,,,,,completed,1.1,7.0,1.08,9.72,1.1,9.94,1.07,8.01,2024_47_wuhan_wuhan_open,2024_47_wuhan_wuhan_open_2024-10-09_R32_zheng_q_cristian_j
tennis_data_uk,wta,2024,47,Wuhan Open,Wuhan,2024-10-09,wta_1000,True,hard,R32,32,3,Andreeva E.,Andreeva M.,70,19,913.0,2218.0,2,0,6,3,6,1,,,,,,,completed,5.5,1.14,6.19,1.15,6.19,1.18,5.33,1.15,2024_47_wuhan_wuhan_open,2024_47_wuhan_wuhan_open_2024-10-09_R32_andreeva_e_andreeva_m
tennis_data_uk,wta,2024,47,Wuhan Open,Wuhan,2024-10-09,wta_1000,True,hard,R32,32,3,Paolini J.,Yuan Y.,6,41,5293.0,1349.0,2,0,6,4,6,3,,,,,,,completed,1.36,3.2,1.37,3.34,1.44,3.34,1.36,3.11,2024_47_wuhan_wuhan_open,2024_47_wuhan_wuhan_open_2024-10-09_R32_paolini_j_yuan_y
tennis_data_uk,wta,2024,47,Wuhan Open,Wuhan,2024-10-10,wta_1000,True,hard,R16,16,3,Gauff C.,Kostyuk M.,4,17,5593.0,2383.0,2,0,6,4,6,1,,,,,,,completed,1.3,3.5,1.34,3.56,1.34,3.61,1.3,3.41,2024_47_wuhan_wuhan_open,2024_47_wuhan_wuhan_open_2024-10-10_R16_gauff_c_kostyuk_m
tennis_data_uk,wta,2024,47,Wuhan Open,Wuhan,2024-10-10,wta_1000,True,hard,R16,16,3,Linette M.,Kasatkina D.,45,11,1241.0,3075.0,2,0,6,2,6,3,,,,,,,completed,2.5,1.53,2.66,1.54,2.66,1.59,2.5,1.51,2024_47_wuhan_wuhan_open,2024_47_wuhan_wuhan_open_2024-10-10_R16_linette_m_kasatkina_d
tennis_data_uk,wta,2024,47,Wuhan Open,Wuhan,2024-10-10,wta_1000,True,hard,R16,16,3,Alexandrova E.,Baptiste H.,33,102,1693.0,709.0,2,0,6,1,6,1,,,,,,,completed,1.62,2.3,1.72,2.25,1.72,2.3,1.65,2.2,2024_47_wuhan_wuhan_open,2024_47_wuhan_wuhan_open_2024-10-10_R16_alexandrova_e_baptiste_h
tennis_data_uk,wta,2024,47,Wuhan Open,Wuhan,2024-10-10,wta_1000,True,hard,R16,16,3,Wang Xin.,Pegula J.,51,3,1058.0,5945.0,2,0,6,3,7,5,,,,,,,completed,4.33,1.22,4.58,1.24,4.58,1.26,4.1,1.23,2024_47_wuhan_wuhan_open,2024_47_wuhan_wuhan_open_2024-10-10_R16_wang_xin_pegula_j
tennis_data_uk,wta,2024,47,Wuhan Open,Wuhan,2024-10-10,wta_1000,True,hard,R16,16,3,Paolini J.,Andreeva E.,6,70,5293.0,913.0,2,0,6,3,6,2,,,,,,,completed,1.3,3.5,1.28,4.12,1.33,4.12,1.29,3.51,2024_47_wuhan_wuhan_open,2024_47_wuhan_wuhan_open_2024-10-10_R16_paolini_j_andreeva_e
tennis_data_uk,wta,2024,47,Wuhan Open,Wuhan,2024-10-10,wta_1000,True,hard,R16,16,3,Zheng Q.,Fernandez L.A.,7,28,4300.0,1834.0,2,1,5,7,6,3,6,0,,,,,completed,1.25,4.0,1.29,3.99,1.3,4.0,1.26,3.76,2024_47_wuhan_wuhan_open,2024_47_wuhan_wuhan_open_2024-10-10_R16_zheng_q_fernandez_l_a
tennis_data_uk,wta,2024,47,Wuhan Open,Wuhan,2024-10-10,wta_1000,True,hard,R16,16,3,Sabalenka A.,Putintseva Y.,2,35,8716.0,1619.0,2,1,1,6,6,4,6,0,,,,,completed,1.13,6.0,1.16,6.17,1.17,6.4,1.14,5.54,2024_47_wuhan_wuhan_open,2024_47_wuhan_wuhan_open_2024-10-10_R16_sabalenka_a_putintseva_y
tennis_data_uk,wta,2024,47,Wuhan Open,Wuhan,2024-10-10,wta_1000,True,hard,R16,16,3,Frech M.,Haddad Maia B.,27,12,1853.0,3036.0,2,0,6,3,6,2,,,,,,,completed,3.2,1.36,3.44,1.36,3.45,1.38,3.15,1.35,2024_47_wuhan_wuhan_open,2024_47_wuhan_wuhan_open_2024-10-10_R16_frech_m_haddad_maia_b
tennis_data_uk,wta,2024,47,Wuhan Open,Wuhan,2024-10-11,wta_1000,True,hard,QF,8,3,Gauff C.,Linette M.,4,45,5593.0,1241.0,2,0,6,0,6,4,,,,,,,completed,1.11,6.5,1.15,6.56,1.15,6.56,1.13,5.99,2024_47_wuhan_wuhan_open,2024_47_wuhan_wuhan_open_2024-10-11_QF_gauff_c_linette_m
tennis_data_uk,wta,2024,47,Wuhan Open,Wuhan,2024-10-11,wta_1000,True,hard,QF,8,3,Wang Xin.,Alexandrova E.,51,33,1058.0,1693.0,2,1,4,6,7,5,7,6,,,,,completed,1.73,2.1,1.8,2.13,1.8,2.13,1.75,2.07,2024_47_wuhan_wuhan_open,2024_47_wuhan_wuhan_open_2024-10-11_QF_wang_xin_alexandrova_e
tennis_data_uk,wta,2024,47,Wuhan Open,Wuhan,2024-10-11,wta_1000,True,hard,QF,8,3,Sabalenka A.,Frech M.,2,27,8716.0,1853.0,2,0,6,2,6,2,,,,,,,completed,1.1,7.0,1.14,7.0,1.14,7.0,1.11,6.23,2024_47_wuhan_wuhan_open,2024_47_wuhan_wuhan_open_2024-10-11_QF_sabalenka_a_frech_m
tennis_data_uk,wta,2024,47,Wuhan Open,Wuhan,2024-10-11,wta_1000,True,hard,QF,8,3,Zheng Q.,Paolini J.,7,6,4300.0,5293.0,2,1,6,2,3,6,6,3,,,,,completed,1.36,3.2,1.4,3.25,1.44,3.31,1.36,3.09,2024_47_wuhan_wuhan_open,2024_47_wuhan_wuhan_open_2024-10-11_QF_zheng_q_paolini_j
tennis_data_uk,wta,2024,47,Wuhan Open,Wuhan,2024-10-12,wta_1000,True,hard,SF,4,3,Sabalenka A.,Gauff C.,2,4,8716.0,5593.0,2,1,1,6,6,4,6,4,,,,,completed,1.57,2.38,1.68,2.33,1.68,2.41,1.6,2.31,2024_47_wuhan_wuhan_open,2024_47_wuhan_wuhan_open_2024-10-12_SF_sabalenka_a_gauff_c
tennis_data_uk,wta,2024,47,Wuhan Open,Wuhan,2024-10-12,wta_1000,True,hard,SF,4,3,Zheng Q.,Wang Xin.,7,51,4300.0,1058.0,2,0,6,3,6,4,,,,,,,completed,1.17,5.0,1.22,4.96,1.23,5.0,1.2,4.5,2024_47_wuhan_wuhan_open,2024_47_wuhan_wuhan_open_2024-10-12_SF_zheng_q_wang_xin
tennis_data_uk,wta,2024,47,Wuhan Open,Wuhan,2024-10-13,wta_1000,True,hard,F,2,3,Sabalenka A.,Zheng Q.,2,7,8716.0,4300.0,2,1,6,3,5,7,6,3,,,,,completed,1.4,3.0,1.48,2.88,1.48,3.0,1.43,2.79,2024_47_wuhan_wuhan_open,2024_47_wuhan_wuhan_open_2024-10-13_F_sabalenka_a_zheng_q
tennis_data_uk,wta,2024,48,Ningbo Open,Ningbo,2024-10-14,wta_500,True,hard,R32,32,3,Putintseva Y.,Dolehide C.,32,100,1738.0,712.0,2,0,6,2,6,0,,,,,,,completed,1.17,5.0,1.15,6.09,1.2,6.09,1.15,5.28,2024_48_ningbo_ningbo_open,2024_48_ningbo_ningbo_open_2024-10-14_R32_putintseva_y_dolehide_c
tennis_data_uk,wta,2024,48,Ningbo Open,Ningbo,2024-10-14,wta_500,True,hard,R32,32,3,Korpatsch T.,Bondar A.,129,87,566.0,800.0,2,1,6,7,7,6,6,4,,,,,completed,2.5,1.53,,,2.6,1.53,2.5,1.5,2024_48_ningbo_ningbo_open,2024_48_ningbo_ningbo_open_2024-10-14_R32_korpatsch_t_bondar_a
tennis_data_uk,wta,2024,48,Ningbo Open,Ningbo,2024-10-14,wta_500,True,hard,R32,32,3,Wang Xiy.,Rakhimova K.,98,64,720.0,980.0,2,0,6,2,6,0,,,,,,,completed,1.8,2.0,1.79,2.11,1.82,2.12,1.77,2.02,2024_48_ningbo_ningbo_open,2024_48_ningbo_ningbo_open_2024-10-14_R32_wang_xiy_rakhimova_k
tennis_data_uk,wta,2024,48,Ningbo Open,Ningbo,2024-10-14,wta_500,True,hard,R32,32,3,Andreeva M.,Lepchenko V.,19,161,2253.0,474.0,2,0,6,2,6,0,,,,,,,completed,1.07,9.0,1.07,10.75,1.08,10.75,1.06,8.75,2024_48_ningbo_ningbo_open,2024_48_ningbo_ningbo_open_2024-10-14_R32_andreeva_m_lepchenko_v
tennis_data_uk,wta,2024,48,Ningbo Open,Ningbo,2024-10-14,wta_500,True,hard,R32,32,3,Badosa P.,Shnaider D.,14,16,2713.0,2641.0,2,1,4,6,6,3,6,3,,,,,completed,1.4,3.0,1.42,3.04,1.45,3.04,1.4,2.89,2024_48_ningbo_ningbo_open,2024_48_ningbo_ningbo_open_2024-10-14_R32_badosa_p_shnaider_d
tennis_data_uk,wta,2024,48,Ningbo Open,Ningbo,2024-10-15,wta_500,True,hard,R32,32,3,Seidel E.,Von Deichmann K.,121,169,593.0,430.0,2,0,6,3,6,1,,,,,,,completed,,,,,,,,,2024_48_ningbo_ningbo_open,2024_48_ningbo_ningbo_open_2024-10-15_R32_seidel_e_von_deichmann_k
tennis_data_uk,wta,2024,48,Ningbo Open,Ningbo,2024-10-15,wta_500,True,hard,R32,32,3,Siniakova K.,Linette M.,42,40,1304.0,1396.0,2,0,6,2,6,4,,,,,,,completed,2.0,1.8,2.1,1.79,2.12,1.84,2.02,1.77,2024_48_ningbo_ningbo_open,2024_48_ningbo_ningbo_open_2024-10-15_R32_siniakova_k_linette_m
tennis_data_uk,wta,2024,48,Ningbo Open,Ningbo,2024-10-15,wta_500,True,hard,R32,32,3,Kalinskaya A.,Hon P.,12,225,2880.0,314.0,2,1,3,6,6,3,6,4,,,,,completed,1.17,5.0,1.13,6.61,1.18,6.61,1.14,5.31,2024_48_ningbo_ningbo_open,2024_48_ningbo_ningbo_open_2024-10-15_R32_kalinskaya_a_hon_p
tennis_data_uk,wta,2024,48,Ningbo Open,Ningbo,2024-10-15,wta_500,True,hard,R32,32,3,Ma Y.,You X.,261,281,264.0,230.0,2,0,6,2,6,2,,,,,,,completed,1.91,1.91,1.93,1.93,2.08,1.93,1.92,1.85,2024_48_ningbo_ningbo_open,2024_48_ningbo_ningbo_open_2024-10-15_R32_ma_y_you_x
tennis_data_uk,wta,2024,48,Ningbo Open,Ningbo,2024-10-15,wta_500,True,hard,R32,32,3,Boulter K.,Errani S.,35,90,1625.0,795.0,2,0,6,3,6,2,,,,,,,completed,1.25,4.0,1.29,3.9,1.29,4.0,1.27,3.8,2024_48_ningbo_ningbo_open,2024_48_ningbo_ningbo_open_2024-10-15_R32_boulter_k_errani_s
tennis_data_uk,wta,2024,48,Ningbo Open,Ningbo,2024-10-16,wta_500,True,hard,R32,32,3,Muchova K.,Gadecki O.,29,84,1776.0,829.0,2,0,6,3,7,5,,,,,,,completed,1.1,7.0,1.13,6.8,1.14,7.03,1.11,6.22,2024_48_ningbo_ningbo_open,2024_48_ningbo_ningbo_open_2024-10-16_R32_muchova_k_gadecki_o
tennis_data_uk,wta,2024,48,Ningbo Open,Ningbo,2024-10-16,wta_500,True,hard,R32,32,3,Yuan Y.,Tomljanovic A.,46,85,1234.0,811.0,2,0,6,4,6,2,,,,,,,completed,2.1,1.73,2.04,1.85,2.1,1.85,2.04,1.76,2024_48_ningbo_ningbo_open,2024_48_ningbo_ningbo_open_2024-10-16_R32_yuan_y_tomljanovic_a
tennis_data_uk,wta,2024,48,Ningbo Open,Ningbo,2024-10-16,wta_500,True,hard,R16,16,3,Putintseva Y.,Seidel E.,32,121,1738.0,593.0,2,0,6,4,6,4,,,,,,,completed,1.08,8.0,1.1,8.49,1.12,8.69,1.08,7.77,2024_48_ningbo_ningbo_open,2024_48_ningbo_ningbo_open_2024-10-16_R16_putintseva_y_seidel_e
tennis_data_uk,wta,2024,48,Ningbo Open,Ningbo,2024-10-16,wta_500,True,hard,R16,16,3,Kasatkina D.,Siniakova K.,11,42,3108.0,1304.0,2,1,1,6,6,3,6,2,,,,,completed,1.67,2.2,1.64,2.39,1.67,2.44,1.61,2.28,2024_48_ningbo_ningbo_open,2024_48_ningbo_ningbo_open_2024-10-16_R16_kasatkina_d_siniakova_k
tennis_data_uk,wta,2024,48,Ningbo Open,Ningbo,2024-10-16,wta_500,True,hard,R16,16,3,Andreeva M.,Korpatsch T.,19,129,2253.0,566.0,2,0,6,0,6,4,,,,,,,completed,1.03,15.0,1.04,16.77,1.05,17.37,1.02,12.81,2024_48_ningbo_ningbo_open,2024_48_ningbo_ningbo_open_2024-10-16_R16_andreeva_m_korpatsch_t
tennis_data_uk,wta,2024,48,Ningbo Open,Ningbo,2024-10-16,wta_500,True,hard,R16,16,3,Badosa P.,Wang Xiy.,14,98,2713.0,720.0,2,1,6,7,6,1,6,2,,,,,completed,1.25,4.0,1.33,3.6,1.33,4.01,1.29,3.51,2024_48_ningbo_ningbo_open,2024_48_ningbo_ningbo_open_2024-10-16_R16_badosa_p_wang_xiy
tennis_data_uk,wta,2024,48,Ningbo Open,Ningbo,2024-10-17,wta_500,True,hard,R16,16,3,Haddad Maia B.,Boulter K.,10,35,3146.0,1625.0,2,0,7,6,7,5,,,,,,,completed,1.53,2.5,1.51,2.71,1.57,2.71,1.52,2.48,2024_48_ningbo_ningbo_open,2024_48_ningbo_ningbo_open_2024-10-17_R16_haddad_maia_b_boulter_k
tennis_data_uk,wta,2024,48,Ningbo Open,Ningbo,2024-10-17,wta_500,True,hard,R16,16,3,Krejcikova B.,Ma Y.,13,261,2866.0,264.0,2,0,7,6,6,3,,,,,,,completed,1.08,8.0,1.11,7.89,1.11,8.5,1.09,7.22,2024_48_ningbo_ningbo_open,2024_48_ningbo_ningbo_open_2024-10-17_R16_krejcikova_b_ma_y
tennis_data_uk,wta,2024,48,Ningbo Open,Ningbo,2024-10-17,wta_500,True,hard,R16,16,3,Kalinskaya A.,Yuan Y.,12,46,2880.0,1234.0,2,0,6,3,6,3,,,,,,,completed,1.5,2.63,1.58,2.51,1.61,2.55,1.52,2.48,2024_48_ningbo_ningbo_open,2024_48_ningbo_ningbo_open_2024-10-17_R16_kalinskaya_a_yuan_y
tennis_data_uk,wta,2024,48,Ningbo Open,Ningbo,2024-10-17,wta_500,True,hard,R16,16,3,Muchova K.,Cristian J.,29,73,1776.0,902.0,2,0,6,2,6,1,,,,,,,completed,1.07,9.0,1.11,8.22,1.11,10.0,1.07,8.35,2024_48_ningbo_ningbo_open,2024_48_ningbo_ningbo_open_2024-10-17_R16_muchova_k_cristian_j
tennis_data_uk,wta,2024,48,Ningbo Open,Ningbo,2024-10-18,wta_500,True,hard,QF,8,3,Kasatkina D.,Putintseva Y.,11,32,3108.0,1738.0,2,1,6,4,1,6,7,6,,,,,completed,2.38,1.57,2.27,1.71,2.4,1.72,2.25,1.63,2024_48_ningbo_ningbo_open,2024_48_ningbo_ningbo_open_2024-10-18_QF_kasatkina_d_putintseva_y
tennis_data_uk,wta,2024,48,Ningbo Open,Ningbo,2024-10-18,wta_500,True,hard,QF,8,3,Andreeva M.,Krejcikova B.,19,13,2253.0,2866.0,1,0,7,6,3,2,,,,,,,retired,1.3,3.5,1.37,3.39,1.37,3.65,1.31,3.37,2024_48_ningbo_ningbo_open,2024_48_ningbo_ningbo_open_2024-10-18_QF_andreeva_m_krejcikova_b
tennis_data_uk,wta,2024,48,Ningbo Open,Ningbo,2024-10-18,wta_500,True,hard,QF,8,3,Badosa P.,Haddad Maia B.,14,10,2713.0,3146.0,2,0,6,3,6,2,,,,,,,completed,1.44,2.75,1.48,2.88,1.49,2.88,1.44,2.74,2024_48_ningbo_ningbo_open,2024_48_ningbo_ningbo_open_2024-10-18_QF_badosa_p_haddad_maia_b
tennis_data_uk,wta,2024,48,Ningbo Open,Ningbo,2024-10-18,wta_500,True,hard,QF,8,3,Muchova K.,Kalinskaya A.,29,12,1776.0,2880.0,2,1,2,6,6,2,6,3,,,,,completed,1.22,4.33,1.28,4.16,1.28,4.33,1.24,3.97,2024_48_ningbo_ningbo_open,2024_48_ningbo_ningbo_open_2024-10-18_QF_muchova_k_kalinskaya_a
tennis_data_uk,wta,2024,48,Ningbo Open,Ningbo,2024-10-19,wta_500,True,hard,SF,4,3,Kasatkina D.,Badosa P.,11,14,3108.0,2713.0,1,0,6,4,,,,,,,,,retired,4.0,1.25,3.97,1.29,4.0,1.3,3.74,1.26,2024_48_ningbo_ningbo_open,2024_48_ningbo_ningbo_open_2024-10-19_SF_kasatkina_d_badosa_p
tennis_data_uk,wta,2024,48,Ningbo Open,Ningbo,2024-10-19,wta_500,True,hard,SF,4,3,Andreeva M.,Muchova K.,19,29,2253.0,1776.0,1,0,6,2,1,0,,,,,,,retired,2.75,1.44,2.66,1.53,2.75,1.54,2.56,1.5,2024_48_ningbo_ningbo_open,2024_48_ningbo_ningbo_open_2024-10-19_SF_andreeva_m_muchova_k
tennis_data_uk,wta,2024,48,Ningbo Open,Ningbo,2024-10-20,wta_500,True,hard,F,2,3,Kasatkina D.,Andreeva M.,11,19,3108.0,2253.0,2,1,6,0,4,6,6,4,,,,,completed,3.0,1.4,3.13,1.42,3.13,1.44,2.89,1.4,2024_48_ningbo_ningbo_open,2024_48_ningbo_ningbo_open_2024-10-20_F_kasatkina_d_andreeva_m
tennis_data_uk,wta,2024,49,Japan Open,Osaka,2024-10-14,wta_250,True,hard,R32,32,3,Lamens S.,Tomova V.,125,49,578.0,1127.0,2,0,6,0,6,2,,,,,,,completed,2.5,1.53,2.47,1.59,2.6,1.59,2.45,1.54,2024_49_osaka_japan_open,2024_49_osaka_japan_open_2024-10-14_R32_lamens_s_tomova_v
tennis_data_uk,wta,2024,49,Japan Open,Osaka,2024-10-14,wta_250,True,hard,R32,32,3,Tauson C.,Volynets K.,63,58,985.0,1006.0,2,0,6,1,6,4,,,,,,,completed,1.67,2.2,1.63,2.38,1.68,2.38,1.64,2.27,2024_49_osaka_japan_open,2024_49_osaka_japan_open_2024-10-14_R32_tauson_c_volynets_k
tennis_data_uk,wta,2024,49,Japan Open,Osaka,2024-10-14,wta_250,True,hard,R32,32,3,Bronzetti L.,Bucsa C.,78,70,849.0,912.0,2,0,6,3,6,4,,,,,,,completed,1.91,1.91,1.87,2.0,2.25,2.0,1.88,1.9,2024_49_osaka_japan_open,2024_49_osaka_japan_open_2024-10-14_R32_bronzetti_l_bucsa_c
tennis_data_uk,wta,2024,49,Japan Open,Osaka,2024-10-14,wta_250,True,hard,R32,32,3,Kessler M.,Shibahara E.,76,139,879.0,535.0,2,0,6,4,6,1,,,,,,,completed,1.53,2.5,1.57,2.52,1.6,2.52,1.55,2.43,2024_49_osaka_japan_open,2024_49_osaka_japan_open_2024-10-14_R32_kessler_m_shibahara_e
tennis_data_uk,wta,2024,49,Japan Open,Osaka,2024-10-14,wta_250,True,hard,R32,32,3,Cocciaretto E.,Ponchet J.,50,109,1078.0,662.0,2,1,6,4,5,7,7,6,,,,,completed,1.25,4.0,1.34,3.5,1.34,4.0,1.3,3.42,2024_49_osaka_japan_open,2024_49_osaka_japan_open_2024-10-14_R32_cocciaretto_e_ponchet_j
tennis_data_uk,wta,2024,49,Japan Open,Osaka,2024-10-14,wta_250,True,hard,R32,32,3,Ito A.,Kenin S.,188,158,379.0,480.0,2,1,6,2,3,6,7,5,,,,,completed,3.75,1.29,3.43,1.35,3.75,1.39,3.31,1.32,2024_49_osaka_japan_open,2024_49_osaka_japan_open_2024-10-14_R32_ito_a_kenin_s
tennis_data_uk,wta,2024,49,Japan Open,Osaka,2024-10-15,wta_250,True,hard,R32,32,3,Lys E.,Osorio M.,118,55,610.0,1022.0,2,0,6,2,6,3,,,,,,,completed,2.3,1.62,2.27,1.68,2.36,1.68,2.25,1.62,2024_49_osaka_japan_open,2024_49_osaka_japan_open_2024-10-15_R32_lys_e_osorio_m
tennis_data_uk,wta,2024,49,Japan Open,Osaka,2024-10-15,wta_250,True,hard,R32,32,3,Dart H.,Siegemund L.,81,89,837.0,796.0,2,1,3,6,7,5,7,5,,,,,completed,2.63,1.5,2.8,1.48,2.8,1.51,2.61,1.48,2024_49_osaka_japan_open,2024_49_osaka_japan_open_2024-10-15_R32_dart_h_siegemund_l
tennis_data_uk,wta,2024,49,Japan Open,Osaka,2024-10-15,wta_250,True,hard,R32,32,3,Minnen G.,Andreescu B.,95,163,774.0,454.0,2,0,6,3,6,0,,,,,,,completed,2.63,1.5,2.65,1.52,2.65,1.55,2.53,1.51,2024_49_osaka_japan_open,2024_49_osaka_japan_open_2024-10-15_R32_minnen_g_andreescu_b
tennis_data_uk,wta,2024,49,Japan Open,Osaka,2024-10-15,wta_250,True,hard,R32,32,3,Bouzkova M.,Uchijima M.,43,59,1270.0,995.0,2,1,7,6,2,6,6,3,,,,,completed,1.25,4.0,1.25,4.22,1.27,4.4,1.23,3.99,2024_49_osaka_japan_open,2024_49_osaka_japan_open_2024-10-15_R32_bouzkova_m_uchijima_m
tennis_data_uk,wta,2024,49,Japan Open,Osaka,2024-10-15,wta_250,True,hard,R32,32,3,Parry D.,Andreeva E.,52,66,1056.0,952.0,2,1,4,6,7,6,6,1,,,,,completed,2.1,1.73,2.22,1.71,2.22,1.73,2.14,1.69,2024_49_osaka_japan_open,2024_49_osaka_japan_open_2024-10-15_R32_parry_d_andreeva_e
tennis_data_uk,wta,2024,49,Japan Open,Osaka,2024-10-15,wta_250,True,hard,R32,32,3,Bogdan A.,Kudermetova V.,111,67,641.0,938.0,2,0,6,2,6,2,,,,,,,completed,2.5,1.53,2.6,1.54,2.6,1.57,2.47,1.52,2024_49_osaka_japan_open,2024_49_osaka_japan_open_2024-10-15_R32_bogdan_a_kudermetova_v
tennis_data_uk,wta,2024,49,Japan Open,Osaka,2024-10-15,wta_250,True,hard,R32,32,3,Avanesyan E.,Krueger A.,48,65,1177.0,969.0,2,0,7,6,6,3,,,,,,,completed,2.3,1.62,2.29,1.68,2.37,1.68,2.26,1.62,2024_49_osaka_japan_open,2024_49_osaka_japan_open_2024-10-15_R32_avanesyan_e_krueger_a
tennis_data_uk,wta,2024,49,Japan Open,Osaka,2024-10-15,wta_250,True,hard,R32,32,3,Mertens E.,Hontama M.,27,126,1804.0,575.0,2,0,6,1,6,1,,,,,,,completed,1.14,5.5,1.16,5.84,1.17,5.84,1.15,5.29,2024_49_osaka_japan_open,2024_49_osaka_japan_open_2024-10-15_R32_mertens_e_hontama_m
tennis_data_uk,wta,2024,49,Japan Open,Osaka,2024-10-15,wta_250,True,hard,R32,32,3,Saito S.,Bouzas Maneiro J.,179,61,403.0,992.0,2,0,6,3,6,2,,,,,,,completed,3.0,1.4,2.98,1.43,3.0,1.43,2.9,1.4,2024_49_osaka_japan_open,2024_49_osaka_japan_open_2024-10-15_R32_saito_s_bouzas_maneiro_j
tennis_data_uk,wta,2024,49,Japan Open,Osaka,2024-10-15,wta_250,True,hard,R32,32,3,Birrell K.,Zheng S.,150,1007,495.0,17.0,2,0,6,2,6,3,,,,,,,completed,1.13,6.0,1.16,5.79,1.16,6.5,1.14,5.6,2024_49_osaka_japan_open,2024_49_osaka_japan_open_2024-10-15_R32_birrell_k_zheng_s
tennis_data_uk,wta,2024,49,Japan Open,Osaka,2024-10-16,wta_250,True,hard,R16,16,3,Lamens S.,Bronzetti L.,125,78,578.0,849.0,2,0,6,3,6,4,,,,,,,completed,2.3,1.62,2.18,1.76,2.32,1.76,2.18,1.67,2024_49_osaka_japan_open,2024_49_osaka_japan_open_2024-10-16_R16_lamens_s_bronzetti_l
tennis_data_uk,wta,2024,49,Japan Open,Osaka,2024-10-16,wta_250,True,hard,R16,16,3,Lys E.,Kessler M.,118,76,610.0,879.0,2,1,7,6,3,6,7,5,,,,,completed,1.8,2.0,1.79,2.12,1.91,2.12,1.8,1.99,2024_49_osaka_japan_open,2024_49_osaka_japan_open_2024-10-16_R16_lys_e_kessler_m
tennis_data_uk,wta,2024,49,Japan Open,Osaka,2024-10-16,wta_250,True,hard,R16,16,3,Tauson C.,Dart H.,63,81,985.0,837.0,2,0,6,3,6,2,,,,,,,completed,1.29,3.75,1.29,3.92,1.33,3.92,1.28,3.6,2024_49_osaka_japan_open,2024_49_osaka_japan_open_2024-10-16_R16_tauson_c_dart_h
tennis_data_uk,wta,2024,49,Japan Open,Osaka,2024-10-16,wta_250,True,hard,R16,16,3,Ito A.,Cocciaretto E.,188,50,379.0,1078.0,2,0,6,4,6,3,,,,,,,completed,3.5,1.3,3.51,1.34,4.62,1.37,3.42,1.3,2024_49_osaka_japan_open,2024_49_osaka_japan_open_2024-10-16_R16_ito_a_cocciaretto_e
tennis_data_uk,wta,2024,49,Japan Open,Osaka,2024-10-17,wta_250,True,hard,R16,16,3,Bogdan A.,Bouzkova M.,111,43,641.0,1270.0,2,0,6,0,7,6,,,,,,,completed,2.38,1.57,2.4,1.63,2.4,1.64,2.32,1.59,2024_49_osaka_japan_open,2024_49_osaka_japan_open_2024-10-17_R16_bogdan_a_bouzkova_m
tennis_data_uk,wta,2024,49,Japan Open,Osaka,2024-10-17,wta_250,True,hard,R16,16,3,Parry D.,Minnen G.,52,95,1056.0,774.0,2,0,6,4,6,2,,,,,,,completed,2.1,1.73,2.16,1.76,2.16,1.82,2.07,1.74,2024_49_osaka_japan_open,2024_49_osaka_japan_open_2024-10-17_R16_parry_d_minnen_g
tennis_data_uk,wta,2024,49,Japan Open,Osaka,2024-10-17,wta_250,True,hard,R16,16,3,Birrell K.,Mertens E.,150,27,495.0,1804.0,1,1,3,6,7,5,4,1,,,,,retired,4.5,1.2,4.67,1.23,4.67,1.26,4.23,1.22,2024_49_osaka_japan_open,2024_49_osaka_japan_open_2024-10-17_R16_birrell_k_mertens_e
tennis_data_uk,wta,2024,49,Japan Open,Osaka,2024-10-17,wta_250,True,hard,R16,16,3,Saito S.,Avanesyan E.,179,48,403.0,1177.0,2,0,7,6,6,4,,,,,,,completed,4.0,1.25,4.16,1.27,4.16,1.3,3.73,1.27,2024_49_osaka_japan_open,2024_49_osaka_japan_open_2024-10-17_R16_saito_s_avanesyan_e
tennis_data_uk,wta,2024,49,Japan Open,Osaka,2024-10-18,wta_250,True,hard,QF,8,3,Lamens S.,Bogdan A.,125,111,578.0,641.0,2,1,4,6,6,3,6,3,,,,,completed,2.5,1.53,2.34,1.68,2.51,1.68,2.38,1.57,2024_49_osaka_japan_open,2024_49_osaka_japan_open_2024-10-18_QF_lamens_s_bogdan_a
tennis_data_uk,wta,2024,49,Japan Open,Osaka,2024-10-18,wta_250,True,hard,QF,8,3,Ito A.,Lys E.,188,118,379.0,610.0,2,1,6,7,6,2,6,3,,,,,completed,3.2,1.36,2.87,1.48,3.2,1.48,2.86,1.41,2024_49_osaka_japan_open,2024_49_osaka_japan_open_2024-10-18_QF_ito_a_lys_e
tennis_data_uk,wta,2024,49,Japan Open,Osaka,2024-10-18,wta_250,True,hard,QF,8,3,Parry D.,Tauson C.,52,63,1056.0,985.0,2,1,6,3,1,6,6,3,,,,,completed,2.75,1.44,2.6,1.56,2.78,1.58,2.59,1.49,2024_49_osaka_japan_open,2024_49_osaka_japan_open_2024-10-18_QF_parry_d_tauson_c
tennis_data_uk,wta,2024,49,Japan Open,Osaka,2024-10-18,wta_250,True,hard,QF,8,3,Birrell K.,Saito S.,150,179,495.0,403.0,2,0,7,5,6,4,,,,,,,completed,1.73,2.1,1.8,2.14,1.8,2.22,1.73,2.09,2024_49_osaka_japan_open,2024_49_osaka_japan_open_2024-10-18_QF_birrell_k_saito_s
tennis_data_uk,wta,2024,49,Japan Open,Osaka,2024-10-20,wta_250,True,hard,SF,4,3,Lamens S.,Parry D.,125,52,578.0,1056.0,2,0,6,2,6,4,,,,,,,completed,2.63,1.5,2.59,1.56,2.63,1.57,2.5,1.52,2024_49_osaka_japan_open,2024_49_osaka_japan_open_2024-10-20_SF_lamens_s_parry_d
tennis_data_uk,wta,2024,49,Japan Open,Osaka,2024-10-20,wta_250,True,hard,SF,4,3,Birrell K.,Ito A.,150,188,495.0,379.0,2,0,6,4,6,3,,,,,,,completed,1.62,2.3,1.67,2.36,1.69,2.46,1.61,2.29,2024_49_osaka_japan_open,2024_49_osaka_japan_open_2024-10-20_SF_birrell_k_ito_a
tennis_data_uk,wta,2024,49,Japan Open,Osaka,2024-10-20,wta_250,True,hard,F,2,3,Lamens S.,Birrell K.,125,150,578.0,495.0,2,0,6,0,6,4,,,,,,,completed,1.53,2.5,1.62,2.43,1.64,2.5,1.57,2.42,2024_49_osaka_japan_open,2024_49_osaka_japan_open_2024-10-20_F_lamens_s_birrell_k
tennis_data_uk,wta,2024,50,Guangzhou Open,Guangzhou,2024-10-21,wta_250,True,hard,R32,32,3,Wei S.,Sramkova R.,135,51,539.0,1051.0,2,0,6,1,6,4,,,,,,,completed,2.75,1.44,2.74,1.5,2.78,1.53,2.64,1.47,2024_50_guangzhou_guangzhou_open,2024_50_guangzhou_guangzhou_open_2024-10-21_R32_wei_s_sramkova_r
tennis_data_uk,wta,2024,50,Guangzhou Open,Guangzhou,2024-10-21,wta_250,True,hard,R32,32,3,Danilovic O.,Andreeva E.,86,65,805.0,947.0,2,0,6,4,6,4,,,,,,,completed,2.0,1.8,2.03,1.85,2.03,1.85,1.98,1.8,2024_50_guangzhou_guangzhou_open,2024_50_guangzhou_guangzhou_open_2024-10-21_R32_danilovic_o_andreeva_e
tennis_data_uk,wta,2024,50,Guangzhou Open,Guangzhou,2024-10-21,wta_250,True,hard,R32,32,3,Cristian J.,Golubic V.,74,165,887.0,441.0,2,1,6,4,2,6,6,1,,,,,completed,1.73,2.1,1.8,2.09,1.8,2.21,1.71,2.11,2024_50_guangzhou_guangzhou_open,2024_50_guangzhou_guangzhou_open_2024-10-21_R32_cristian_j_golubic_v
tennis_data_uk,wta,2024,50,Guangzhou Open,Guangzhou,2024-10-22,wta_250,True,hard,R32,32,3,Parry D.,Bektas E.,50,138,1124.0,527.0,2,0,6,3,6,2,,,,,,,completed,1.4,3.0,1.39,3.18,1.4,3.2,1.37,3.02,2024_50_guangzhou_guangzhou_open,2024_50_guangzhou_guangzhou_open_2024-10-22_R32_parry_d_bektas_e
tennis_data_uk,wta,2024,50,Guangzhou Open,Guangzhou,2024-10-22,wta_250,True,hard,R32,32,3,Bronzetti L.,Avanesyan E.,84,45,819.0,1182.0,2,0,6,1,6,4,,,,,,,completed,2.1,1.73,2.23,1.7,2.23,1.74,2.11,1.7,2024_50_guangzhou_guangzhou_open,2024_50_guangzhou_guangzhou_open_2024-10-22_R32_bronzetti_l_avanesyan_e
tennis_data_uk,wta,2024,50,Guangzhou Open,Guangzhou,2024-10-22,wta_250,True,hard,R32,32,3,Shi H.,Ponchet J.,254,104,270.0,672.0,2,1,6,1,6,7,6,3,,,,,completed,4.0,1.25,3.88,1.29,4.01,1.3,3.74,1.26,2024_50_guangzhou_guangzhou_open,2024_50_guangzhou_guangzhou_open_2024-10-22_R32_shi_h_ponchet_j
tennis_data_uk,wta,2024,50,Guangzhou Open,Guangzhou,2024-10-22,wta_250,True,hard,R32,32,3,Sawangkaew M.,Seidel E.,163,117,446.0,618.0,2,1,6,1,2,6,6,2,,,,,completed,1.73,2.1,,,1.65,2.25,1.65,2.25,2024_50_guangzhou_guangzhou_open,2024_50_guangzhou_guangzhou_open_2024-10-22_R32_sawangkaew_m_seidel_e
tennis_data_uk,wta,2024,50,Guangzhou Open,Guangzhou,2024-10-22,wta_250,True,hard,R32,32,3,Bouzas Maneiro J.,Fett J.,60,105,992.0,669.0,2,0,6,4,6,3,,,,,,,completed,1.5,2.63,1.56,2.56,1.56,2.8,1.47,2.63,2024_50_guangzhou_guangzhou_open,2024_50_guangzhou_guangzhou_open_2024-10-22_R32_bouzas_maneiro_j_fett_j
tennis_data_uk,wta,2024,50,Guangzhou Open,Guangzhou,2024-10-22,wta_250,True,hard,R32,32,3,Wang Xiy.,Rus A.,99,77,750.0,874.0,2,0,6,2,6,4,,,,,,,completed,1.22,4.33,1.28,3.99,1.35,4.34,1.27,3.69,2024_50_guangzhou_guangzhou_open,2024_50_guangzhou_guangzhou_open_2024-10-22_R32_wang_xiy_rus_a
tennis_data_uk,wta,2024,50,Guangzhou Open,Guangzhou,2024-10-22,wta_250,True,hard,R32,32,3,Pera B.,Eala A.,79,147,843.0,494.0,2,0,6,0,6,3,,,,,,,completed,1.67,2.2,1.75,2.16,1.82,2.23,1.7,2.12,2024_50_guangzhou_guangzhou_open,2024_50_guangzhou_guangzhou_open_2024-10-22_R32_pera_b_eala_a
tennis_data_uk,wta,2024,50,Guangzhou Open,Guangzhou,2024-10-22,wta_250,True,hard,R32,32,3,Parks A.,Bondar A.,115,94,624.0,783.0,2,0,6,3,6,3,,,,,,,completed,2.0,1.8,2.05,1.83,2.05,1.9,1.96,1.81,2024_50_guangzhou_guangzhou_open,2024_50_guangzhou_guangzhou_open_2024-10-22_R32_parks_a_bondar_a
tennis_data_uk,wta,2024,50,Guangzhou Open,Guangzhou,2024-10-22,wta_250,True,hard,R32,32,3,Dolehide C.,Pridankina E.,101,179,712.0,391.0,2,0,6,2,6,1,,,,,,,completed,1.73,2.1,,,1.74,4.75,1.62,2.33,2024_50_guangzhou_guangzhou_open,2024_50_guangzhou_guangzhou_open_2024-10-22_R32_dolehide_c_pridankina_e
tennis_data_uk,wta,2024,50,Guangzhou Open,Guangzhou,2024-10-22,wta_250,True,hard,R32,32,3,Siniakova K.,Martic P.,48,121,1139.0,592.0,2,0,6,2,6,1,,,,,,,completed,1.25,4.0,1.3,3.71,1.33,4.01,1.28,3.56,2024_50_guangzhou_guangzhou_open,2024_50_guangzhou_guangzhou_open_2024-10-22_R32_siniakova_k_martic_p
tennis_data_uk,wta,2024,50,Guangzhou Open,Guangzhou,2024-10-22,wta_250,True,hard,R32,32,3,Bouzkova M.,Lamens S.,47,88,1140.0,796.0,2,0,6,3,6,1,,,,,,,completed,1.5,2.63,1.54,2.61,1.55,2.63,1.5,2.53,2024_50_guangzhou_guangzhou_open,2024_50_guangzhou_guangzhou_open_2024-10-22_R32_bouzkova_m_lamens_s
tennis_data_uk,wta,2024,50,Guangzhou Open,Guangzhou,2024-10-22,wta_250,True,hard,R32,32,3,Yuan Y.,Minnen G.,44,90,1209.0,791.0,2,0,7,6,6,1,,,,,,,completed,1.53,2.5,1.56,2.56,1.57,2.56,1.53,2.45,2024_50_guangzhou_guangzhou_open,2024_50_guangzhou_guangzhou_open_2024-10-22_R32_yuan_y_minnen_g
tennis_data_uk,wta,2024,50,Guangzhou Open,Guangzhou,2024-10-22,wta_250,True,hard,R32,32,3,Zhang S.,Rakhimova K.,237,61,297.0,990.0,2,0,6,2,6,1,,,,,,,completed,2.3,1.62,2.16,1.75,2.3,1.75,2.14,1.69,2024_50_guangzhou_guangzhou_open,2024_50_guangzhou_guangzhou_open_2024-10-22_R32_zhang_s_rakhimova_k
tennis_data_uk,wta,2024,50,Guangzhou Open,Guangzhou,2024-10-23,wta_250,True,hard,R16,16,3,Bronzetti L.,Cristian J.,84,74,819.0,887.0,2,0,7,6,6,4,,,,,,,completed,2.0,1.8,1.93,1.93,2.02,2.0,1.89,1.88,2024_50_guangzhou_guangzhou_open,2024_50_guangzhou_guangzhou_open_2024-10-23_R16_bronzetti_l_cristian_j
tennis_data_uk,wta,2024,50,Guangzhou Open,Guangzhou,2024-10-23,wta_250,True,hard,R16,16,3,Danilovic O.,Parry D.,86,50,805.0,1124.0,2,0,6,1,6,0,,,,,,,completed,1.8,2.0,1.89,1.98,1.9,2.01,1.82,1.96,2024_50_guangzhou_guangzhou_open,2024_50_guangzhou_guangzhou_open_2024-10-23_R16_danilovic_o_parry_d
tennis_data_uk,wta,2024,50,Guangzhou Open,Guangzhou,2024-10-23,wta_250,True,hard,R16,16,3,Bouzas Maneiro J.,Shi H.,60,254,992.0,270.0,2,0,6,3,6,4,,,,,,,completed,1.25,4.0,1.24,4.42,1.27,4.42,1.23,4.03,2024_50_guangzhou_guangzhou_open,2024_50_guangzhou_guangzhou_open_2024-10-23_R16_bouzas_maneiro_j_shi_h
tennis_data_uk,wta,2024,50,Guangzhou Open,Guangzhou,2024-10-23,wta_250,True,hard,R16,16,3,Wang Xiy.,Wei S.,99,135,750.0,539.0,2,1,3,6,6,0,7,5,,,,,completed,1.25,4.0,1.3,3.76,1.3,4.0,1.27,3.7,2024_50_guangzhou_guangzhou_open,2024_50_guangzhou_guangzhou_open_2024-10-23_R16_wang_xiy_wei_s
tennis_data_uk,wta,2024,50,Guangzhou Open,Guangzhou,2024-10-24,wta_250,True,hard,R16,16,3,Siniakova K.,Parks A.,48,115,1139.0,624.0,2,0,6,1,6,4,,,,,,,completed,1.2,4.5,1.26,4.17,1.26,4.77,1.21,4.27,2024_50_guangzhou_guangzhou_open,2024_50_guangzhou_guangzhou_open_2024-10-24_R16_siniakova_k_parks_a
tennis_data_uk,wta,2024,50,Guangzhou Open,Guangzhou,2024-10-24,wta_250,True,hard,R16,16,3,Dolehide C.,Bouzkova M.,101,47,712.0,1140.0,2,1,6,7,6,4,7,6,,,,,completed,3.5,1.3,3.44,1.35,3.5,1.35,3.37,1.31,2024_50_guangzhou_guangzhou_open,2024_50_guangzhou_guangzhou_open_2024-10-24_R16_dolehide_c_bouzkova_m
tennis_data_uk,wta,2024,50,Guangzhou Open,Guangzhou,2024-10-24,wta_250,True,hard,R16,16,3,Pera B.,Zhang S.,79,237,843.0,297.0,2,0,6,2,6,2,,,,,,,completed,2.2,1.67,2.26,1.69,2.26,1.71,2.18,1.67,2024_50_guangzhou_guangzhou_open,2024_50_guangzhou_guangzhou_open_2024-10-24_R16_pera_b_zhang_s
tennis_data_uk,wta,2024,50,Guangzhou Open,Guangzhou,2024-10-24,wta_250,True,hard,R16,16,3,Sawangkaew M.,Yuan Y.,163,44,446.0,1209.0,2,0,6,2,6,3,,,,,,,completed,2.75,1.44,3.13,1.4,3.48,1.44,3.01,1.38,2024_50_guangzhou_guangzhou_open,2024_50_guangzhou_guangzhou_open_2024-10-24_R16_sawangkaew_m_yuan_y
tennis_data_uk,wta,2024,50,Guangzhou Open,Guangzhou,2024-10-25,wta_250,True,hard,QF,8,3,Siniakova K.,Pera B.,48,79,1139.0,843.0,2,0,6,4,7,5,,,,,,,completed,1.44,2.75,1.5,2.79,1.53,2.79,1.47,2.65,2024_50_guangzhou_guangzhou_open,2024_50_guangzhou_guangzhou_open_2024-10-25_QF_siniakova_k_pera_b
tennis_data_uk,wta,2024,50,Guangzhou Open,Guangzhou,2024-10-25,wta_250,True,hard,QF,8,3,Danilovic O.,Sawangkaew M.,86,163,805.0,446.0,2,0,6,4,6,4,,,,,,,completed,1.4,3.0,1.42,3.14,1.45,3.2,1.39,2.95,2024_50_guangzhou_guangzhou_open,2024_50_guangzhou_guangzhou_open_2024-10-25_QF_danilovic_o_sawangkaew_m
tennis_data_uk,wta,2024,50,Guangzhou Open,Guangzhou,2024-10-25,wta_250,True,hard,QF,8,3,Dolehide C.,Bouzas Maneiro J.,101,60,712.0,992.0,2,1,6,4,4,6,6,0,,,,,completed,2.0,1.8,2.11,1.81,2.11,1.84,2.0,1.79,2024_50_guangzhou_guangzhou_open,2024_50_guangzhou_guangzhou_open_2024-10-25_QF_dolehide_c_bouzas_maneiro_j
tennis_data_uk,wta,2024,50,Guangzhou Open,Guangzhou,2024-10-25,wta_250,True,hard,QF,8,3,Bronzetti L.,Wang Xiy.,84,99,819.0,750.0,2,0,6,4,6,1,,,,,,,completed,2.75,1.44,2.71,1.53,2.8,1.53,2.68,1.46,2024_50_guangzhou_guangzhou_open,2024_50_guangzhou_guangzhou_open_2024-10-25_QF_bronzetti_l_wang_xiy
tennis_data_uk,wta,2024,50,Guangzhou Open,Guangzhou,2024-10-26,wta_250,True,hard,SF,4,3,Danilovic O.,Siniakova K.,86,48,805.0,1139.0,1,1,4,6,6,4,4,3,,,,,retired,2.38,1.57,2.43,1.63,2.47,1.65,2.34,1.59,2024_50_guangzhou_guangzhou_open,2024_50_guangzhou_guangzhou_open_2024-10-26_SF_danilovic_o_siniakova_k
tennis_data_uk,wta,2024,50,Guangzhou Open,Guangzhou,2024-10-26,wta_250,True,hard,SF,4,3,Dolehide C.,Bronzetti L.,101,84,712.0,819.0,2,1,6,3,3,6,7,6,,,,,completed,2.1,1.73,2.17,1.78,2.17,1.82,2.06,1.75,2024_50_guangzhou_guangzhou_open,2024_50_guangzhou_guangzhou_open_2024-10-26_SF_dolehide_c_bronzetti_l
tennis_data_uk,wta,2024,50,Guangzhou Open,Guangzhou,2024-10-27,wta_250,True,hard,F,2,3,Danilovic O.,Dolehide C.,86,101,805.0,712.0,2,0,6,3,6,1,,,,,,,completed,1.57,2.38,1.61,2.48,1.62,2.52,1.57,2.38,2024_50_guangzhou_guangzhou_open,2024_50_guangzhou_guangzhou_open_2024-10-27_F_danilovic_o_dolehide_c
tennis_data_uk,wta,2024,51,Toray Pan Pacific Open Tennis Tournament,Tokyo,2024-10-21,wta_500,True,hard,R32,32,3,Tomova V.,Kudermetova V.,49,62,1127.0,988.0,2,0,7,6,6,3,,,,,,,completed,3.2,1.36,3.21,1.38,3.24,1.4,3.09,1.36,2024_51_tokyo_toray_pan_pacific_open_tennis_tournament,2024_51_tokyo_toray_pan_pacific_open_tennis_tournament_2024-10-21_R32_tomova_v_kudermetova_v
tennis_data_uk,wta,2024,51,Toray Pan Pacific Open Tennis Tournament,Tokyo,2024-10-21,wta_500,True,hard,R32,32,3,Gracheva V.,Hontama M.,68,137,919.0,528.0,2,0,6,1,7,6,,,,,,,completed,1.53,2.5,1.6,2.46,1.64,2.51,1.55,2.41,2024_51_tokyo_toray_pan_pacific_open_tennis_tournament,2024_51_tokyo_toray_pan_pacific_open_tennis_tournament_2024-10-21_R32_gracheva_v_hontama_m
tennis_data_uk,wta,2024,51,Toray Pan Pacific Open Tennis Tournament,Tokyo,2024-10-21,wta_500,True,hard,R32,32,3,Sonmez Z.,Frech M.,148,24,493.0,2020.0,2,1,1,6,6,4,6,3,,,,,completed,3.4,1.33,3.55,1.33,3.6,1.36,3.37,1.31,2024_51_tokyo_toray_pan_pacific_open_tennis_tournament,2024_51_tokyo_toray_pan_pacific_open_tennis_tournament_2024-10-21_R32_sonmez_z_frech_m
tennis_data_uk,wta,2024,51,Toray Pan Pacific Open Tennis Tournament,Tokyo,2024-10-21,wta_500,True,hard,R32,32,3,Fernandez L.A.,Sasnovich A.,35,143,1574.0,505.0,1,1,5,7,6,2,5,2,,,,,retired,1.36,3.2,1.33,3.51,1.4,3.52,1.34,3.2,2024_51_tokyo_toray_pan_pacific_open_tennis_tournament,2024_51_tokyo_toray_pan_pacific_open_tennis_tournament_2024-10-21_R32_fernandez_l_a_sasnovich_a
tennis_data_uk,wta,2024,51,Toray Pan Pacific Open Tennis Tournament,Tokyo,2024-10-21,wta_500,True,hard,R32,32,3,Andreescu B.,Yamaguchi M.,159,410,455.0,146.0,2,0,7,5,6,3,,,,,,,completed,1.08,8.0,1.08,9.41,1.09,10.03,1.07,8.11,2024_51_tokyo_toray_pan_pacific_open_tennis_tournament,2024_51_tokyo_toray_pan_pacific_open_tennis_tournament_2024-10-21_R32_andreescu_b_yamaguchi_m
tennis_data_uk,wta,2024,51,Toray Pan Pacific Open Tennis Tournament,Tokyo,2024-10-22,wta_500,True,hard,R32,32,3,Kenin S.,Wang Xin.,155,39,480.0,1418.0,2,0,6,1,6,4,,,,,,,completed,3.0,1.4,2.99,1.43,3.03,1.49,2.87,1.41,2024_51_tokyo_toray_pan_pacific_open_tennis_tournament,2024_51_tokyo_toray_pan_pacific_open_tennis_tournament_2024-10-22_R32_kenin_s_wang_xin
tennis_data_uk,wta,2024,51,Toray Pan Pacific Open Tennis Tournament,Tokyo,2024-10-22,wta_500,True,hard,R32,32,3,Kessler M.,Cocciaretto E.,73,52,896.0,1048.0,2,0,6,3,6,3,,,,,,,completed,1.73,2.1,1.81,2.07,1.81,2.17,1.75,2.04,2024_51_tokyo_toray_pan_pacific_open_tennis_tournament,2024_51_tokyo_toray_pan_pacific_open_tennis_tournament_2024-10-22_R32_kessler_m_cocciaretto_e
tennis_data_uk,wta,2024,51,Toray Pan Pacific Open Tennis Tournament,Tokyo,2024-10-22,wta_500,True,hard,R32,32,3,Ishii S.,Saito S.,279,158,225.0,456.0,2,0,6,1,6,1,,,,,,,completed,2.63,1.5,2.61,1.54,2.75,1.56,2.57,1.49,2024_51_tokyo_toray_pan_pacific_open_tennis_tournament,2024_51_tokyo_toray_pan_pacific_open_tennis_tournament_2024-10-22_R32_ishii_s_saito_s
tennis_data_uk,wta,2024,51,Toray Pan Pacific Open Tennis Tournament,Tokyo,2024-10-22,wta_500,True,hard,R32,32,3,Okamura K.,Baptiste H.,271,80,244.0,839.0,2,0,7,6,6,3,,,,,,,completed,8.0,1.08,9.44,1.08,9.44,1.09,7.88,1.07,2024_51_tokyo_toray_pan_pacific_open_tennis_tournament,2024_51_tokyo_toray_pan_pacific_open_tennis_tournament_2024-10-22_R32_okamura_k_baptiste_h
tennis_data_uk,wta,2024,51,Toray Pan Pacific Open Tennis Tournament,Tokyo,2024-10-22,wta_500,True,hard,R32,32,3,Tauson C.,Hibino N.,53,156,1037.0,468.0,2,0,6,2,6,3,,,,,,,completed,1.22,4.33,1.27,4.1,1.31,4.34,1.24,3.92,2024_51_tokyo_toray_pan_pacific_open_tennis_tournament,2024_51_tokyo_toray_pan_pacific_open_tennis_tournament_2024-10-22_R32_tauson_c_hibino_n
tennis_data_uk,wta,2024,51,Toray Pan Pacific Open Tennis Tournament,Tokyo,2024-10-22,wta_500,True,hard,R32,32,3,Uchijima M.,Stojsavljevic M.,57,633,995.0,61.0,2,1,6,4,6,7,7,6,,,,,completed,1.3,3.5,1.29,3.82,1.3,3.87,1.29,3.52,2024_51_tokyo_toray_pan_pacific_open_tennis_tournament,2024_51_tokyo_toray_pan_pacific_open_tennis_tournament_2024-10-22_R32_uchijima_m_stojsavljevic_m
tennis_data_uk,wta,2024,51,Toray Pan Pacific Open Tennis Tournament,Tokyo,2024-10-22,wta_500,True,hard,R32,32,3,Boulter K.,Hon P.,33,217,1660.0,325.0,2,0,6,1,6,4,,,,,,,completed,1.2,4.5,1.22,4.63,1.25,4.75,1.21,4.36,2024_51_tokyo_toray_pan_pacific_open_tennis_tournament,2024_51_tokyo_toray_pan_pacific_open_tennis_tournament_2024-10-22_R32_boulter_k_hon_p
tennis_data_uk,wta,2024,51,Toray Pan Pacific Open Tennis Tournament,Tokyo,2024-10-23,wta_500,True,hard,R16,16,3,Fernandez L.A.,Gracheva V.,35,68,1574.0,919.0,2,1,6,0,3,6,7,5,,,,,completed,1.25,4.0,1.3,3.82,1.3,4.0,1.27,3.68,2024_51_tokyo_toray_pan_pacific_open_tennis_tournament,2024_51_tokyo_toray_pan_pacific_open_tennis_tournament_2024-10-23_R16_fernandez_l_a_gracheva_v
tennis_data_uk,wta,2024,51,Toray Pan Pacific Open Tennis Tournament,Tokyo,2024-10-23,wta_500,True,hard,R16,16,3,Shnaider D.,Tomova V.,16,49,2585.0,1127.0,2,0,6,2,6,2,,,,,,,completed,1.33,3.4,1.31,3.75,1.33,3.86,1.29,3.56,2024_51_tokyo_toray_pan_pacific_open_tennis_tournament,2024_51_tokyo_toray_pan_pacific_open_tennis_tournament_2024-10-23_R16_shnaider_d_tomova_v
tennis_data_uk,wta,2024,51,Toray Pan Pacific Open Tennis Tournament,Tokyo,2024-10-23,wta_500,True,hard,R16,16,3,Ishii S.,Sonmez Z.,279,148,225.0,493.0,2,1,4,6,6,2,6,3,,,,,completed,2.3,1.62,2.44,1.61,2.63,1.62,2.33,1.59,2024_51_tokyo_toray_pan_pacific_open_tennis_tournament,2024_51_tokyo_toray_pan_pacific_open_tennis_tournament_2024-10-23_R16_ishii_s_sonmez_z
tennis_data_uk,wta,2024,51,Toray Pan Pacific Open Tennis Tournament,Tokyo,2024-10-23,wta_500,True,hard,R16,16,3,Andreescu B.,Haddad Maia B.,159,10,455.0,3194.0,0,0,3,0,,,,,,,,,retired,3.0,1.4,2.8,1.49,3.2,1.49,3.0,1.38,2024_51_tokyo_toray_pan_pacific_open_tennis_tournament,2024_51_tokyo_toray_pan_pacific_open_tennis_tournament_2024-10-23_R16_andreescu_b_haddad_maia_b
tennis_data_uk,wta,2024,51,Toray Pan Pacific Open Tennis Tournament,Tokyo,2024-10-24,wta_500,True,hard,R16,16,3,Kenin S.,Tauson C.,155,53,480.0,1037.0,2,1,6,7,6,4,7,6,,,,,completed,2.38,1.57,2.32,1.67,2.38,1.68,2.27,1.62,2024_51_tokyo_toray_pan_pacific_open_tennis_tournament,2024_51_tokyo_toray_pan_pacific_open_tennis_tournament_2024-10-24_R16_kenin_s_tauson_c
tennis_data_uk,wta,2024,51,Toray Pan Pacific Open Tennis Tournament,Tokyo,2024-10-24,wta_500,True,hard,R16,16,3,Kasatkina D.,Kessler M.,9,73,3500.0,896.0,2,1,3,6,6,3,6,1,,,,,completed,1.33,3.4,1.39,3.22,1.4,3.4,1.35,3.1,2024_51_tokyo_toray_pan_pacific_open_tennis_tournament,2024_51_tokyo_toray_pan_pacific_open_tennis_tournament_2024-10-24_R16_kasatkina_d_kessler_m
tennis_data_uk,wta,2024,51,Toray Pan Pacific Open Tennis Tournament,Tokyo,2024-10-24,wta_500,True,hard,R16,16,3,Boulter K.,Okamura K.,33,271,1660.0,244.0,2,0,6,1,6,2,,,,,,,completed,1.07,9.0,1.08,10.26,1.09,10.43,1.06,8.53,2024_51_tokyo_toray_pan_pacific_open_tennis_tournament,2024_51_tokyo_toray_pan_pacific_open_tennis_tournament_2024-10-24_R16_boulter_k_okamura_k
tennis_data_uk,wta,2024,51,Toray Pan Pacific Open Tennis Tournament,Tokyo,2024-10-24,wta_500,True,hard,R16,16,3,Zheng Q.,Uchijima M.,7,57,4480.0,995.0,2,0,7,5,6,0,,,,,,,completed,1.06,10.0,1.06,12.12,1.07,12.57,1.05,9.35,2024_51_tokyo_toray_pan_pacific_open_tennis_tournament,2024_51_tokyo_toray_pan_pacific_open_tennis_tournament_2024-10-24_R16_zheng_q_uchijima_m
tennis_data_uk,wta,2024,51,Toray Pan Pacific Open Tennis Tournament,Tokyo,2024-10-25,wta_500,True,hard,QF,8,3,Boulter K.,Andreescu B.,33,159,1660.0,455.0,2,0,6,2,6,1,,,,,,,completed,1.62,2.3,1.72,2.23,1.72,2.4,1.62,2.27,2024_51_tokyo_toray_pan_pacific_open_tennis_tournament,2024_51_tokyo_toray_pan_pacific_open_tennis_tournament_2024-10-25_QF_boulter_k_andreescu_b
tennis_data_uk,wta,2024,51,Toray Pan Pacific Open Tennis Tournament,Tokyo,2024-10-25,wta_500,True,hard,QF,8,3,Kenin S.,Kasatkina D.,155,9,480.0,3500.0,2,0,6,3,6,4,,,,,,,completed,3.0,1.4,3.02,1.44,3.03,1.53,2.9,1.4,2024_51_tokyo_toray_pan_pacific_open_tennis_tournament,2024_51_tokyo_toray_pan_pacific_open_tennis_tournament_2024-10-25_QF_kenin_s_kasatkina_d
tennis_data_uk,wta,2024,51,Toray Pan Pacific Open Tennis Tournament,Tokyo,2024-10-25,wta_500,True,hard,QF,8,3,Shnaider D.,Ishii S.,16,279,2585.0,225.0,,,,,,,,,,,,,walkover,1.1,7.0,1.11,8.32,1.14,8.32,1.1,6.86,2024_51_tokyo_toray_pan_pacific_open_tennis_tournament,2024_51_tokyo_toray_pan_pacific_open_tennis_tournament_2024-10-25_QF_shnaider_d_ishii_s
tennis_data_uk,wta,2024,51,Toray Pan Pacific Open Tennis Tournament,Tokyo,2024-10-25,wta_500,True,hard,QF,8,3,Zheng Q.,Fernandez L.A.,7,35,4480.0,1574.0,2,1,6,0,1,6,6,3,,,,,completed,1.25,4.0,1.29,3.97,1.3,4.0,1.26,3.75,2024_51_tokyo_toray_pan_pacific_open_tennis_tournament,2024_51_tokyo_toray_pan_pacific_open_tennis_tournament_2024-10-25_QF_zheng_q_fernandez_l_a
tennis_data_uk,wta,2024,51,Toray Pan Pacific Open Tennis Tournament,Tokyo,2024-10-26,wta_500,True,hard,SF,4,3,Kenin S.,Boulter K.,155,33,480.0,1660.0,2,0,6,4,6,4,,,,,,,completed,2.38,1.57,2.54,1.58,2.54,1.62,2.41,1.55,2024_51_tokyo_toray_pan_pacific_open_tennis_tournament,2024_51_tokyo_toray_pan_pacific_open_tennis_tournament_2024-10-26_SF_kenin_s_boulter_k
tennis_data_uk,wta,2024,51,Toray Pan Pacific Open Tennis Tournament,Tokyo,2024-10-26,wta_500,True,hard,SF,4,3,Zheng Q.,Shnaider D.,7,16,4480.0,2585.0,2,0,7,6,6,3,,,,,,,completed,1.33,3.4,1.33,3.66,1.36,3.66,1.32,3.33,2024_51_tokyo_toray_pan_pacific_open_tennis_tournament,2024_51_tokyo_toray_pan_pacific_open_tennis_tournament_2024-10-26_SF_zheng_q_shnaider_d
tennis_data_uk,wta,2024,51,Toray Pan Pacific Open Tennis Tournament,Tokyo,2024-10-27,wta_500,True,hard,F,2,3,Zheng Q.,Kenin S.,7,155,4480.0,480.0,2,0,7,6,6,3,,,,,,,completed,1.11,6.5,1.16,6.22,1.17,6.5,1.13,5.74,2024_51_tokyo_toray_pan_pacific_open_tennis_tournament,2024_51_tokyo_toray_pan_pacific_open_tennis_tournament_2024-10-27_F_zheng_q_kenin_s
tennis_data_uk,wta,2024,52,Hong Kong Tennis Open,Hong Kong,2024-10-28,wta_250,True,hard,R32,32,3,Pera B.,Saito S.,81,161,872.0,468.0,2,0,6,4,6,4,,,,,,,completed,1.36,3.2,1.38,3.22,1.4,3.22,1.36,3.07,2024_52_hong_kong_hong_kong_tennis_open,2024_52_hong_kong_hong_kong_tennis_open_2024-10-28_R32_pera_b_saito_s
tennis_data_uk,wta,2024,52,Hong Kong Tennis Open,Hong Kong,2024-10-28,wta_250,True,hard,R32,32,3,Hon P.,Chong E.,210,409,347.0,152.0,2,0,6,3,6,4,,,,,,,completed,1.33,3.4,1.31,3.69,1.33,3.69,1.3,3.44,2024_52_hong_kong_hong_kong_tennis_open,2024_52_hong_kong_hong_kong_tennis_open_2024-10-28_R32_hon_p_chong_e
tennis_data_uk,wta,2024,52,Hong Kong Tennis Open,Hong Kong,2024-10-28,wta_250,True,hard,R32,32,3,Shi H.,Betova M.,245,,297.0,,2,0,6,4,6,2,,,,,,,completed,1.2,4.5,1.24,4.36,1.24,4.61,1.21,4.33,2024_52_hong_kong_hong_kong_tennis_open,2024_52_hong_kong_hong_kong_tennis_open_2024-10-28_R32_shi_h_betova_m
tennis_data_uk,wta,2024,52,Hong Kong Tennis Open,Hong Kong,2024-10-28,wta_250,True,hard,R32,32,3,Wang Xiy.,Inoue H.,100,253,774.0,287.0,2,0,6,3,7,6,,,,,,,completed,1.14,5.5,1.14,6.49,1.14,6.75,1.12,6.02,2024_52_hong_kong_hong_kong_tennis_open,2024_52_hong_kong_hong_kong_tennis_open_2024-10-28_R32_wang_xiy_inoue_h
tennis_data_uk,wta,2024,52,Hong Kong Tennis Open,Hong Kong,2024-10-28,wta_250,True,hard,R32,32,3,Yuan Y.,Halep S.,45,883,1149.0,26.0,2,0,6,3,6,3,,,,,,,completed,1.8,2.0,1.83,2.02,1.85,2.1,1.79,2.0,2024_52_hong_kong_hong_kong_tennis_open,2024_52_hong_kong_hong_kong_tennis_open_2024-10-28_R32_yuan_y_halep_s
tennis_data_uk,wta,2024,52,Hong Kong Tennis Open,Hong Kong,2024-10-28,wta_250,True,hard,R32,32,3,Ponchet J.,Wang Xin.,106,37,682.0,1418.0,2,1,4,6,7,5,6,2,,,,,completed,5.0,1.17,5.81,1.16,5.81,1.18,5.1,1.16,2024_52_hong_kong_hong_kong_tennis_open,2024_52_hong_kong_hong_kong_tennis_open_2024-10-28_R32_ponchet_j_wang_xin
tennis_data_uk,wta,2024,52,Hong Kong Tennis Open,Hong Kong,2024-10-29,wta_250,True,hard,R32,32,3,Hibino N.,Lu J.,159,259,468.0,270.0,2,1,6,7,6,3,7,5,,,,,completed,1.22,4.33,1.21,4.71,1.26,4.71,1.21,4.36,2024_52_hong_kong_hong_kong_tennis_open,2024_52_hong_kong_hong_kong_tennis_open_2024-10-29_R32_hibino_n_lu_j
tennis_data_uk,wta,2024,52,Hong Kong Tennis Open,Hong Kong,2024-10-29,wta_250,True,hard,R32,32,3,Boulter K.,Ito A.,29,156,1828.0,487.0,2,0,6,4,6,4,,,,,,,completed,1.25,4.0,1.25,4.22,1.29,4.25,1.25,3.9,2024_52_hong_kong_hong_kong_tennis_open,2024_52_hong_kong_hong_kong_tennis_open_2024-10-29_R32_boulter_k_ito_a
tennis_data_uk,wta,2024,52,Hong Kong Tennis Open,Hong Kong,2024-10-29,wta_250,True,hard,R32,32,3,Lamens S.,Gao X.,91,170,796.0,436.0,2,0,6,3,6,0,,,,,,,completed,1.36,3.2,1.38,3.23,1.44,3.23,1.37,3.05,2024_52_hong_kong_hong_kong_tennis_open,2024_52_hong_kong_hong_kong_tennis_open_2024-10-29_R32_lamens_s_gao_x
tennis_data_uk,wta,2024,52,Hong Kong Tennis Open,Hong Kong,2024-10-29,wta_250,True,hard,R32,32,3,Bucsa C.,Wong C.,71,412,912.0,151.0,2,0,6,3,6,3,,,,,,,completed,1.14,5.5,1.2,4.93,1.2,5.6,1.17,4.95,2024_52_hong_kong_hong_kong_tennis_open,2024_52_hong_kong_hong_kong_tennis_open_2024-10-29_R32_bucsa_c_wong_c
tennis_data_uk,wta,2024,52,Hong Kong Tennis Open,Hong Kong,2024-10-29,wta_250,True,hard,R32,32,3,Shnaider D.,Okamura K.,14,237,2726.0,312.0,2,0,6,3,6,3,,,,,,,completed,1.03,15.0,1.04,17.04,1.04,19.0,1.02,13.17,2024_52_hong_kong_hong_kong_tennis_open,2024_52_hong_kong_hong_kong_tennis_open_2024-10-29_R32_shnaider_d_okamura_k
tennis_data_uk,wta,2024,52,Hong Kong Tennis Open,Hong Kong,2024-10-29,wta_250,True,hard,R32,32,3,Gracheva V.,Prozorova T.,66,268,949.0,259.0,2,1,2,6,7,5,6,2,,,,,completed,1.4,3.0,1.43,2.98,1.44,3.01,1.4,2.88,2024_52_hong_kong_hong_kong_tennis_open,2024_52_hong_kong_hong_kong_tennis_open_2024-10-29_R32_gracheva_v_prozorova_t
tennis_data_uk,wta,2024,52,Hong Kong Tennis Open,Hong Kong,2024-10-29,wta_250,True,hard,R32,32,3,Birrell K.,Bogdan A.,115,112,646.0,653.0,2,0,6,3,6,4,,,,,,,completed,2.1,1.73,2.07,1.82,2.3,1.82,2.12,1.71,2024_52_hong_kong_hong_kong_tennis_open,2024_52_hong_kong_hong_kong_tennis_open_2024-10-29_R32_birrell_k_bogdan_a
tennis_data_uk,wta,2024,52,Hong Kong Tennis Open,Hong Kong,2024-10-29,wta_250,True,hard,R32,32,3,Kenin S.,Yamaguchi M.,88,362,804.0,170.0,2,0,6,4,6,4,,,,,,,completed,1.08,8.0,1.09,8.59,1.09,9.1,1.07,7.94,2024_52_hong_kong_hong_kong_tennis_open,2024_52_hong_kong_hong_kong_tennis_open_2024-10-29_R32_kenin_s_yamaguchi_m
tennis_data_uk,wta,2024,52,Hong Kong Tennis Open,Hong Kong,2024-10-29,wta_250,True,hard,R32,32,3,Zakharova A.,Jang S.,113,244,653.0,299.0,2,0,7,5,6,4,,,,,,,completed,1.5,2.63,1.48,2.78,1.54,2.79,1.47,2.64,2024_52_hong_kong_hong_kong_tennis_open,2024_52_hong_kong_hong_kong_tennis_open_2024-10-29_R32_zakharova_a_jang_s
tennis_data_uk,wta,2024,52,Hong Kong Tennis Open,Hong Kong,2024-10-29,wta_250,True,hard,R32,32,3,Fernandez L.A.,Watson H.,32,139,1672.0,545.0,2,0,6,2,6,2,,,,,,,completed,1.17,5.0,1.18,5.28,1.2,5.28,1.17,4.88,2024_52_hong_kong_hong_kong_tennis_open,2024_52_hong_kong_hong_kong_tennis_open_2024-10-29_R32_fernandez_l_a_watson_h
tennis_data_uk,wta,2024,52,Hong Kong Tennis Open,Hong Kong,2024-10-30,wta_250,True,hard,R16,16,3,Pera B.,Shi H.,81,245,872.0,297.0,2,0,6,0,6,4,,,,,,,completed,1.17,5.0,1.2,5.05,1.21,5.2,1.18,4.71,2024_52_hong_kong_hong_kong_tennis_open,2024_52_hong_kong_hong_kong_tennis_open_2024-10-30_R16_pera_b_shi_h
tennis_data_uk,wta,2024,52,Hong Kong Tennis Open,Hong Kong,2024-10-30,wta_250,True,hard,R16,16,3,Yuan Y.,Hibino N.,45,159,1149.0,468.0,2,1,4,6,7,5,6,2,,,,,completed,1.29,3.75,1.28,4.02,1.32,4.02,1.28,3.65,2024_52_hong_kong_hong_kong_tennis_open,2024_52_hong_kong_hong_kong_tennis_open_2024-10-30_R16_yuan_y_hibino_n
tennis_data_uk,wta,2024,52,Hong Kong Tennis Open,Hong Kong,2024-10-30,wta_250,True,hard,R16,16,3,Boulter K.,Wang Xiy.,29,100,1828.0,774.0,2,0,7,6,6,4,,,,,,,completed,1.57,2.38,1.69,2.29,1.69,2.4,1.61,2.27,2024_52_hong_kong_hong_kong_tennis_open,2024_52_hong_kong_hong_kong_tennis_open_2024-10-30_R16_boulter_k_wang_xiy
tennis_data_uk,wta,2024,52,Hong Kong Tennis Open,Hong Kong,2024-10-30,wta_250,True,hard,R16,16,3,Shnaider D.,Hon P.,14,210,2726.0,347.0,2,0,6,4,6,1,,,,,,,completed,1.1,7.0,1.12,7.34,1.12,7.34,1.1,6.62,2024_52_hong_kong_hong_kong_tennis_open,2024_52_hong_kong_hong_kong_tennis_open_2024-10-30_R16_shnaider_d_hon_p
tennis_data_uk,wta,2024,52,Hong Kong Tennis Open,Hong Kong,2024-10-31,wta_250,True,hard,R16,16,3,Zakharova A.,Gracheva V.,113,66,653.0,949.0,2,0,6,3,6,1,,,,,,,completed,1.91,1.91,1.88,2.02,1.95,2.03,1.84,1.95,2024_52_hong_kong_hong_kong_tennis_open,2024_52_hong_kong_hong_kong_tennis_open_2024-10-31_R16_zakharova_a_gracheva_v
tennis_data_uk,wta,2024,52,Hong Kong Tennis Open,Hong Kong,2024-10-31,wta_250,True,hard,R16,16,3,Lamens S.,Bucsa C.,91,71,796.0,912.0,2,1,5,7,6,4,6,3,,,,,completed,1.62,2.3,1.67,2.32,1.67,2.35,1.63,2.26,2024_52_hong_kong_hong_kong_tennis_open,2024_52_hong_kong_hong_kong_tennis_open_2024-10-31_R16_lamens_s_bucsa_c
tennis_data_uk,wta,2024,52,Hong Kong Tennis Open,Hong Kong,2024-10-31,wta_250,True,hard,R16,16,3,Kenin S.,Ponchet J.,88,106,804.0,682.0,2,0,7,5,6,4,,,,,,,completed,1.25,4.0,1.33,3.61,1.33,4.0,1.28,3.6,2024_52_hong_kong_hong_kong_tennis_open,2024_52_hong_kong_hong_kong_tennis_open_2024-10-31_R16_kenin_s_ponchet_j
tennis_data_uk,wta,2024,52,Hong Kong Tennis Open,Hong Kong,2024-10-31,wta_250,True,hard,R16,16,3,Fernandez L.A.,Birrell K.,32,115,1672.0,646.0,2,0,6,1,6,2,,,,,,,completed,1.25,4.0,1.3,3.84,1.31,4.63,1.27,3.71,2024_52_hong_kong_hong_kong_tennis_open,2024_52_hong_kong_hong_kong_tennis_open_2024-10-31_R16_fernandez_l_a_birrell_k
tennis_data_uk,wta,2024,52,Hong Kong Tennis Open,Hong Kong,2024-11-01,wta_250,True,hard,QF,8,3,Yuan Y.,Kenin S.,45,88,1149.0,804.0,2,0,6,3,6,3,,,,,,,completed,2.5,1.53,2.54,1.58,2.54,1.62,2.41,1.55,2024_52_hong_kong_hong_kong_tennis_open,2024_52_hong_kong_hong_kong_tennis_open_2024-11-01_QF_yuan_y_kenin_s
tennis_data_uk,wta,2024,52,Hong Kong Tennis Open,Hong Kong,2024-11-01,wta_250,True,hard,QF,8,3,Boulter K.,Zakharova A.,29,113,1828.0,653.0,2,0,6,4,6,0,,,,,,,completed,1.4,3.0,1.45,2.97,1.5,3.0,1.43,2.77,2024_52_hong_kong_hong_kong_tennis_open,2024_52_hong_kong_hong_kong_tennis_open_2024-11-01_QF_boulter_k_zakharova_a
tennis_data_uk,wta,2024,52,Hong Kong Tennis Open,Hong Kong,2024-11-01,wta_250,True,hard,QF,8,3,Shnaider D.,Lamens S.,14,91,2726.0,796.0,2,1,6,0,6,7,6,2,,,,,completed,1.25,4.0,1.27,4.21,1.27,4.21,1.25,3.87,2024_52_hong_kong_hong_kong_tennis_open,2024_52_hong_kong_hong_kong_tennis_open_2024-11-01_QF_shnaider_d_lamens_s
tennis_data_uk,wta,2024,52,Hong Kong Tennis Open,Hong Kong,2024-11-01,wta_250,True,hard,QF,8,3,Fernandez L.A.,Pera B.,32,81,1672.0,872.0,2,0,6,1,7,6,,,,,,,completed,1.36,3.2,1.4,3.25,1.41,3.25,1.37,3.07,2024_52_hong_kong_hong_kong_tennis_open,2024_52_hong_kong_hong_kong_tennis_open_2024-11-01_QF_fernandez_l_a_pera_b
tennis_data_uk,wta,2024,52,Hong Kong Tennis Open,Hong Kong,2024-11-02,wta_250,True,hard,SF,4,3,Boulter K.,Yuan Y.,29,45,1828.0,1149.0,2,1,6,2,5,7,6,2,,,,,completed,1.44,2.75,1.48,2.86,1.5,2.86,1.44,2.75,2024_52_hong_kong_hong_kong_tennis_open,2024_52_hong_kong_hong_kong_tennis_open_2024-11-02_SF_boulter_k_yuan_y
tennis_data_uk,wta,2024,52,Hong Kong Tennis Open,Hong Kong,2024-11-02,wta_250,True,hard,SF,4,3,Shnaider D.,Fernandez L.A.,14,32,2726.0,1672.0,2,0,6,4,6,2,,,,,,,completed,2.0,1.8,2.08,1.83,2.15,1.83,2.02,1.78,2024_52_hong_kong_hong_kong_tennis_open,2024_52_hong_kong_hong_kong_tennis_open_2024-11-02_SF_shnaider_d_fernandez_l_a
tennis_data_uk,wta,2024,52,Hong Kong Tennis Open,Hong Kong,2024-11-03,wta_250,True,hard,F,2,3,Shnaider D.,Boulter K.,14,29,2726.0,1828.0,2,0,6,1,6,2,,,,,,,completed,1.57,2.38,1.59,2.52,1.65,2.52,1.58,2.36,2024_52_hong_kong_hong_kong_tennis_open,2024_52_hong_kong_hong_kong_tennis_open_2024-11-03_F_shnaider_d_boulter_k
tennis_data_uk,wta,2024,53,Jiangxi Open,Jiujiang,2024-10-28,wta_250,True,hard,R32,32,3,Korpatsch T.,Nugroho P.,200,535,359.0,90.0,2,0,6,0,6,1,,,,,,,completed,1.4,3.0,1.4,3.06,1.44,3.06,1.41,2.9,2024_53_jiujiang_jiangxi_open,2024_53_jiujiang_jiangxi_open_2024-10-28_R32_korpatsch_t_nugroho_p
tennis_data_uk,wta,2024,53,Jiangxi Open,Jiujiang,2024-10-28,wta_250,True,hard,R32,32,3,Rus A.,Starodubtseva Y.,83,92,847.0,793.0,2,1,6,4,6,7,6,3,,,,,completed,2.2,1.67,2.34,1.64,2.58,1.68,2.25,1.62,2024_53_jiujiang_jiangxi_open,2024_53_jiujiang_jiangxi_open_2024-10-28_R32_rus_a_starodubtseva_y
tennis_data_uk,wta,2024,53,Jiangxi Open,Jiujiang,2024-10-28,wta_250,True,hard,R32,32,3,Fruhvirtova L.,Von Deichmann K.,209,171,347.0,425.0,2,0,6,0,7,5,,,,,,,completed,1.73,2.1,1.8,2.07,1.83,2.12,1.78,2.02,2024_53_jiujiang_jiangxi_open,2024_53_jiujiang_jiangxi_open_2024-10-28_R32_fruhvirtova_l_von_deichmann_k
tennis_data_uk,wta,2024,53,Jiangxi Open,Jiujiang,2024-10-28,wta_250,True,hard,R32,32,3,Rakhimova K.,Martic P.,63,124,990.0,597.0,2,1,6,1,4,6,7,5,,,,,completed,1.62,2.3,1.7,2.22,1.71,2.4,1.62,2.25,2024_53_jiujiang_jiangxi_open,2024_53_jiujiang_jiangxi_open_2024-10-28_R32_rakhimova_k_martic_p
tennis_data_uk,wta,2024,53,Jiangxi Open,Jiujiang,2024-10-28,wta_250,True,hard,R32,32,3,Pridankina E.,Seidel E.,179,120,397.0,621.0,2,0,6,3,7,6,,,,,,,completed,2.2,1.67,2.17,1.74,2.22,1.77,2.13,1.7,2024_53_jiujiang_jiangxi_open,2024_53_jiujiang_jiangxi_open_2024-10-28_R32_pridankina_e_seidel_e
tennis_data_uk,wta,2024,53,Jiangxi Open,Jiujiang,2024-10-28,wta_250,True,hard,R32,32,3,Bouzas Maneiro J.,Diyas Z.,56,388,1031.0,158.0,2,0,6,4,6,2,,,,,,,completed,1.44,2.75,1.49,2.77,1.54,2.77,1.47,2.65,2024_53_jiujiang_jiangxi_open,2024_53_jiujiang_jiangxi_open_2024-10-28_R32_bouzas_maneiro_j_diyas_z
tennis_data_uk,wta,2024,53,Jiangxi Open,Jiujiang,2024-10-28,wta_250,True,hard,R32,32,3,Bouzkova M.,Eala A.,49,150,1110.0,501.0,2,0,7,5,7,6,,,,,,,completed,1.25,4.0,1.23,4.58,1.25,4.58,1.22,4.22,2024_53_jiujiang_jiangxi_open,2024_53_jiujiang_jiangxi_open_2024-10-28_R32_bouzkova_m_eala_a
tennis_data_uk,wta,2024,53,Jiangxi Open,Jiujiang,2024-10-29,wta_250,True,hard,R32,32,3,Yao X.,Liu F.,294,367,217.0,168.0,2,0,6,2,6,1,,,,,,,completed,2.3,1.62,2.24,1.7,2.35,1.73,2.2,1.65,2024_53_jiujiang_jiangxi_open,2024_53_jiujiang_jiangxi_open_2024-10-29_R32_yao_x_liu_f
tennis_data_uk,wta,2024,53,Jiangxi Open,Jiujiang,2024-10-29,wta_250,True,hard,R32,32,3,Golubic V.,You X.,168,306,441.0,207.0,2,0,7,5,6,2,,,,,,,completed,1.25,4.0,1.26,4.22,1.26,4.25,1.24,3.97,2024_53_jiujiang_jiangxi_open,2024_53_jiujiang_jiangxi_open_2024-10-29_R32_golubic_v_you_x
tennis_data_uk,wta,2024,53,Jiangxi Open,Jiujiang,2024-10-29,wta_250,True,hard,R32,32,3,Zheng S.,Fett J.,988,105,19.0,685.0,2,1,6,4,2,6,6,4,,,,,completed,4.0,1.25,3.66,1.32,4.0,1.33,3.57,1.29,2024_53_jiujiang_jiangxi_open,2024_53_jiujiang_jiangxi_open_2024-10-29_R32_zheng_s_fett_j
tennis_data_uk,wta,2024,53,Jiangxi Open,Jiujiang,2024-10-29,wta_250,True,hard,R32,32,3,Sawangkaew M.,Bronzetti L.,147,77,507.0,887.0,2,1,6,4,4,6,6,2,,,,,completed,2.63,1.5,2.54,1.56,2.7,1.56,2.52,1.51,2024_53_jiujiang_jiangxi_open,2024_53_jiujiang_jiangxi_open_2024-10-29_R32_sawangkaew_m_bronzetti_l
tennis_data_uk,wta,2024,53,Jiangxi Open,Jiujiang,2024-10-29,wta_250,True,hard,R32,32,3,Bondar A.,Hartono A.,97,146,783.0,515.0,2,1,6,2,2,6,7,6,,,,,completed,1.62,2.3,1.76,2.15,1.76,2.3,1.69,2.13,2024_53_jiujiang_jiangxi_open,2024_53_jiujiang_jiangxi_open_2024-10-29_R32_bondar_a_hartono_a
tennis_data_uk,wta,2024,53,Jiangxi Open,Jiujiang,2024-10-29,wta_250,True,hard,R32,32,3,Trevisan M.,Zheng W.,136,352,558.0,178.0,2,0,6,1,6,2,,,,,,,completed,1.5,2.63,1.47,2.82,1.5,2.82,1.46,2.67,2024_53_jiujiang_jiangxi_open,2024_53_jiujiang_jiangxi_open_2024-10-29_R32_trevisan_m_zheng_w
tennis_data_uk,wta,2024,53,Jiangxi Open,Jiujiang,2024-10-29,wta_250,True,hard,R32,32,3,Siegemund L.,Uchijima M.,101,55,754.0,1040.0,2,0,7,5,6,3,,,,,,,completed,1.57,2.38,1.54,2.61,1.57,2.65,1.51,2.51,2024_53_jiujiang_jiangxi_open,2024_53_jiujiang_jiangxi_open_2024-10-29_R32_siegemund_l_uchijima_m
tennis_data_uk,wta,2024,53,Jiangxi Open,Jiujiang,2024-10-29,wta_250,True,hard,R32,32,3,Wei S.,Hontama M.,132,140,565.0,540.0,2,1,6,2,3,6,6,1,,,,,completed,1.44,2.75,1.47,2.83,1.5,2.83,1.44,2.72,2024_53_jiujiang_jiangxi_open,2024_53_jiujiang_jiangxi_open_2024-10-29_R32_wei_s_hontama_m
tennis_data_uk,wta,2024,53,Jiangxi Open,Jiujiang,2024-10-29,wta_250,True,hard,R32,32,3,Sramkova R.,Zhang S.,53,223,1051.0,327.0,2,0,6,1,6,1,,,,,,,completed,1.91,1.91,2.06,1.82,2.1,1.91,1.99,1.8,2024_53_jiujiang_jiangxi_open,2024_53_jiujiang_jiangxi_open_2024-10-29_R32_sramkova_r_zhang_s
tennis_data_uk,wta,2024,53,Jiangxi Open,Jiujiang,2024-10-30,wta_250,True,hard,R16,16,3,Bouzkova M.,Yao X.,49,294,1110.0,217.0,2,0,6,3,6,3,,,,,,,completed,1.07,9.0,1.08,9.72,1.1,9.72,1.07,7.94,2024_53_jiujiang_jiangxi_open,2024_53_jiujiang_jiangxi_open_2024-10-30_R16_bouzkova_m_yao_x
tennis_data_uk,wta,2024,53,Jiangxi Open,Jiujiang,2024-10-30,wta_250,True,hard,R16,16,3,Siegemund L.,Korpatsch T.,101,200,754.0,359.0,2,0,6,4,6,4,,,,,,,completed,1.36,3.2,1.38,3.29,1.41,3.29,1.37,3.01,2024_53_jiujiang_jiangxi_open,2024_53_jiujiang_jiangxi_open_2024-10-30_R16_siegemund_l_korpatsch_t
tennis_data_uk,wta,2024,53,Jiangxi Open,Jiujiang,2024-10-30,wta_250,True,hard,R16,16,3,Rakhimova K.,Pridankina E.,63,179,990.0,397.0,2,1,4,6,6,4,7,5,,,,,completed,1.53,2.5,1.53,2.66,1.53,2.75,1.5,2.55,2024_53_jiujiang_jiangxi_open,2024_53_jiujiang_jiangxi_open_2024-10-30_R16_rakhimova_k_pridankina_e
tennis_data_uk,wta,2024,53,Jiangxi Open,Jiujiang,2024-10-30,wta_250,True,hard,R16,16,3,Sawangkaew M.,Zheng S.,147,988,507.0,19.0,2,1,4,6,6,1,7,6,,,,,completed,1.17,5.0,1.23,4.58,1.23,5.0,1.2,4.41,2024_53_jiujiang_jiangxi_open,2024_53_jiujiang_jiangxi_open_2024-10-30_R16_sawangkaew_m_zheng_s
tennis_data_uk,wta,2024,53,Jiangxi Open,Jiujiang,2024-10-31,wta_250,True,hard,R16,16,3,Golubic V.,Bouzas Maneiro J.,168,56,441.0,1031.0,1,0,6,2,,,,,,,,,retired,2.3,1.62,2.2,1.74,2.34,1.74,2.25,1.64,2024_53_jiujiang_jiangxi_open,2024_53_jiujiang_jiangxi_open_2024-10-31_R16_golubic_v_bouzas_maneiro_j
tennis_data_uk,wta,2024,53,Jiangxi Open,Jiujiang,2024-10-31,wta_250,True,hard,R16,16,3,Rus A.,Fruhvirtova L.,83,209,847.0,347.0,2,0,6,4,7,6,,,,,,,completed,1.53,2.5,1.55,2.62,1.55,2.67,1.51,2.51,2024_53_jiujiang_jiangxi_open,2024_53_jiujiang_jiangxi_open_2024-10-31_R16_rus_a_fruhvirtova_l
tennis_data_uk,wta,2024,53,Jiangxi Open,Jiujiang,2024-10-31,wta_250,True,hard,R16,16,3,Sramkova R.,Wei S.,53,132,1051.0,565.0,2,0,7,5,6,3,,,,,,,completed,1.62,2.3,1.61,2.46,1.64,2.46,1.58,2.34,2024_53_jiujiang_jiangxi_open,2024_53_jiujiang_jiangxi_open_2024-10-31_R16_sramkova_r_wei_s
tennis_data_uk,wta,2024,53,Jiangxi Open,Jiujiang,2024-10-31,wta_250,True,hard,R16,16,3,Trevisan M.,Bondar A.,136,97,558.0,783.0,2,0,7,6,6,2,,,,,,,completed,1.91,1.91,1.98,1.91,2.0,1.91,1.92,1.86,2024_53_jiujiang_jiangxi_open,2024_53_jiujiang_jiangxi_open_2024-10-31_R16_trevisan_m_bondar_a
tennis_data_uk,wta,2024,53,Jiangxi Open,Jiujiang,2024-11-01,wta_250,True,hard,QF,8,3,Golubic V.,Rus A.,168,83,441.0,847.0,2,1,7,5,4,6,7,6,,,,,completed,2.0,1.8,2.05,1.86,2.12,1.86,2.03,1.77,2024_53_jiujiang_jiangxi_open,2024_53_jiujiang_jiangxi_open_2024-11-01_QF_golubic_v_rus_a
tennis_data_uk,wta,2024,53,Jiangxi Open,Jiujiang,2024-11-01,wta_250,True,hard,QF,8,3,Sramkova R.,Trevisan M.,53,136,1051.0,558.0,2,1,6,3,3,6,6,2,,,,,completed,1.4,3.0,1.44,3.02,1.44,3.06,1.4,2.9,2024_53_jiujiang_jiangxi_open,2024_53_jiujiang_jiangxi_open_2024-11-01_QF_sramkova_r_trevisan_m
tennis_data_uk,wta,2024,53,Jiangxi Open,Jiujiang,2024-11-01,wta_250,True,hard,QF,8,3,Bouzkova M.,Rakhimova K.,49,63,1110.0,990.0,2,0,6,2,6,2,,,,,,,completed,1.4,3.0,1.46,2.96,1.47,3.05,1.4,2.88,2024_53_jiujiang_jiangxi_open,2024_53_jiujiang_jiangxi_open_2024-11-01_QF_bouzkova_m_rakhimova_k
tennis_data_uk,wta,2024,53,Jiangxi Open,Jiujiang,2024-11-01,wta_250,True,hard,QF,8,3,Siegemund L.,Sawangkaew M.,101,147,754.0,507.0,2,0,6,4,6,2,,,,,,,completed,1.67,2.2,1.76,2.19,1.78,2.25,1.67,2.17,2024_53_jiujiang_jiangxi_open,2024_53_jiujiang_jiangxi_open_2024-11-01_QF_siegemund_l_sawangkaew_m
tennis_data_uk,wta,2024,53,Jiangxi Open,Jiujiang,2024-11-02,wta_250,True,hard,SF,4,3,Golubic V.,Bouzkova M.,168,49,441.0,1110.0,2,0,6,1,6,2,,,,,,,completed,4.0,1.25,4.11,1.28,4.11,1.37,3.74,1.27,2024_53_jiujiang_jiangxi_open,2024_53_jiujiang_jiangxi_open_2024-11-02_SF_golubic_v_bouzkova_m
tennis_data_uk,wta,2024,53,Jiangxi Open,Jiujiang,2024-11-02,wta_250,True,hard,SF,4,3,Sramkova R.,Siegemund L.,53,101,1051.0,754.0,2,0,7,6,6,2,,,,,,,completed,1.62,2.3,1.65,2.38,1.65,2.38,1.61,2.29,2024_53_jiujiang_jiangxi_open,2024_53_jiujiang_jiangxi_open_2024-11-02_SF_sramkova_r_siegemund_l
tennis_data_uk,wta,2024,53,Jiangxi Open,Jiujiang,2024-11-03,wta_250,True,hard,F,2,3,Golubic V.,Sramkova R.,168,53,441.0,1051.0,2,0,6,3,7,5,,,,,,,completed,2.38,1.57,2.44,1.63,2.44,1.68,2.33,1.59,2024_53_jiujiang_jiangxi_open,2024_53_jiujiang_jiangxi_open_2024-11-03_F_golubic_v_sramkova_r
tennis_data_uk,wta,2024,54,Merida Open,Merida,2024-10-28,wta_250,True,hard,R32,32,3,Jacquemot E.,Montgomery R.,148,107,507.0,681.0,2,1,4,6,6,3,7,6,,,,,completed,3.0,1.4,3.05,1.42,3.21,1.44,2.96,1.38,2024_54_merida_merida_open,2024_54_merida_merida_open_2024-10-28_R32_jacquemot_e_montgomery_r
tennis_data_uk,wta,2024,54,Merida Open,Merida,2024-10-28,wta_250,True,hard,R32,32,3,Li A.,Parrizas Diaz N.,111,94,655.0,790.0,2,0,6,0,6,4,,,,,,,completed,1.91,1.91,1.92,1.95,1.92,1.98,1.87,1.9,2024_54_merida_merida_open,2024_54_merida_merida_open_2024-10-28_R32_li_a_parrizas_diaz_n
tennis_data_uk,wta,2024,54,Merida Open,Merida,2024-10-28,wta_250,True,hard,R32,32,3,Stojanovic N.,Maria T.,560,98,83.0,781.0,2,0,6,4,6,4,,,,,,,completed,3.4,1.33,3.25,1.38,3.4,1.4,3.15,1.35,2024_54_merida_merida_open,2024_54_merida_merida_open_2024-10-28_R32_stojanovic_n_maria_t
tennis_data_uk,wta,2024,54,Merida Open,Merida,2024-10-28,wta_250,True,hard,R32,32,3,Korneeva A.,Parks A.,254,109,280.0,665.0,2,0,6,3,6,1,,,,,,,completed,1.53,2.5,1.56,2.56,1.62,2.6,1.54,2.47,2024_54_merida_merida_open,2024_54_merida_merida_open_2024-10-28_R32_korneeva_a_parks_a
tennis_data_uk,wta,2024,54,Merida Open,Merida,2024-10-28,wta_250,True,hard,R32,32,3,Chwalinska M.,Marino R.,175,114,412.0,647.0,2,1,4,6,6,4,6,3,,,,,completed,2.63,1.5,2.5,1.58,2.63,1.62,2.46,1.53,2024_54_merida_merida_open,2024_54_merida_merida_open_2024-10-28_R32_chwalinska_m_marino_r
tennis_data_uk,wta,2024,54,Merida Open,Merida,2024-10-29,wta_250,True,hard,R32,32,3,Tomljanovic A.,Mandlik E.,85,177,835.0,403.0,2,0,7,6,6,1,,,,,,,completed,1.53,2.5,1.62,2.41,1.62,2.5,1.54,2.41,2024_54_merida_merida_open,2024_54_merida_merida_open_2024-10-29_R32_tomljanovic_a_mandlik_e
tennis_data_uk,wta,2024,54,Merida Open,Merida,2024-10-29,wta_250,True,hard,R32,32,3,Teichmann J.,Tikhonova A.,153,183,496.0,385.0,2,0,6,1,6,4,,,,,,,completed,1.57,2.38,1.55,2.58,1.6,2.58,1.53,2.45,2024_54_merida_merida_open,2024_54_merida_merida_open_2024-10-29_R32_teichmann_j_tikhonova_a
tennis_data_uk,wta,2024,54,Merida Open,Merida,2024-10-29,wta_250,True,hard,R32,32,3,Ruzic A.,Samsonova L.,165,24,449.0,1885.0,2,0,6,4,6,4,,,,,,,completed,1.53,2.5,1.57,2.52,1.57,2.6,1.52,2.5,2024_54_merida_merida_open,2024_54_merida_merida_open_2024-10-29_R32_ruzic_a_samsonova_l
tennis_data_uk,wta,2024,54,Merida Open,Merida,2024-10-29,wta_250,True,hard,R32,32,3,Lepchenko V.,Zidansek T.,144,192,516.0,373.0,2,0,6,2,6,2,,,,,,,completed,2.0,1.8,2.1,1.79,2.13,1.8,2.02,1.78,2024_54_merida_merida_open,2024_54_merida_merida_open_2024-10-29_R32_lepchenko_v_zidansek_t
tennis_data_uk,wta,2024,54,Merida Open,Merida,2024-10-29,wta_250,True,hard,R32,32,3,Stefanini L.,Niemeier J.,163,86,466.0,829.0,2,0,6,3,6,2,,,,,,,completed,1.8,2.0,1.79,2.1,1.82,2.21,1.76,2.04,2024_54_merida_merida_open,2024_54_merida_merida_open_2024-10-29_R32_stefanini_l_niemeier_j
tennis_data_uk,wta,2024,54,Merida Open,Merida,2024-10-29,wta_250,True,hard,R32,32,3,Sonmez Z.,Carle M.,127,90,576.0,799.0,2,1,5,7,6,1,6,2,,,,,completed,1.8,2.0,1.81,2.08,1.88,2.08,1.79,1.99,2024_54_merida_merida_open,2024_54_merida_merida_open_2024-10-29_R32_sonmez_z_carle_m
tennis_data_uk,wta,2024,54,Merida Open,Merida,2024-10-30,wta_250,True,hard,R32,32,3,Stakusic M.,Joint M.,116,110,637.0,660.0,2,1,2,6,7,6,7,6,,,,,completed,1.73,2.1,1.81,2.07,1.83,2.1,1.77,2.02,2024_54_merida_merida_open,2024_54_merida_merida_open_2024-10-30_R32_stakusic_m_joint_m
tennis_data_uk,wta,2024,54,Merida Open,Merida,2024-10-30,wta_250,True,hard,R32,32,3,Kudermetova P.,Podoroska N.,133,80,565.0,879.0,2,0,6,1,6,1,,,,,,,completed,1.8,2.0,1.88,1.99,1.88,2.04,1.79,1.99,2024_54_merida_merida_open,2024_54_merida_merida_open_2024-10-30_R32_kudermetova_p_podoroska_n
tennis_data_uk,wta,2024,54,Merida Open,Merida,2024-10-30,wta_250,True,hard,R32,32,3,Sorribes Tormo S.,Sanchez A.S.,103,286,690.0,225.0,2,0,6,2,6,1,,,,,,,completed,1.02,19.0,,,1.02,19.0,1.01,14.42,2024_54_merida_merida_open,2024_54_merida_merida_open_2024-10-30_R32_sorribes_tormo_s_sanchez_a_s
tennis_data_uk,wta,2024,54,Merida Open,Merida,2024-10-30,wta_250,True,hard,R32,32,3,Zarazua R.,Urhobo A.,62,292,991.0,219.0,2,0,7,5,6,2,,,,,,,completed,1.22,4.33,1.19,5.1,1.26,5.1,1.19,4.57,2024_54_merida_merida_open,2024_54_merida_merida_open_2024-10-30_R32_zarazua_r_urhobo_a
tennis_data_uk,wta,2024,54,Merida Open,Merida,2024-10-30,wta_250,True,hard,R32,32,3,Blinkova A.,Tsurenko L.,75,122,893.0,600.0,1,1,2,6,6,4,4,0,,,,,retired,1.53,2.5,1.54,2.61,1.58,2.61,1.52,2.49,2024_54_merida_merida_open,2024_54_merida_merida_open_2024-10-30_R32_blinkova_a_tsurenko_l
tennis_data_uk,wta,2024,54,Merida Open,Merida,2024-10-30,wta_250,True,hard,R16,16,3,Li A.,Ruzic A.,111,165,655.0,449.0,2,0,6,2,6,2,,,,,,,completed,1.44,2.75,1.43,2.97,1.45,2.97,1.42,2.8,2024_54_merida_merida_open,2024_54_merida_merida_open_2024-10-30_R16_li_a_ruzic_a
tennis_data_uk,wta,2024,54,Merida Open,Merida,2024-10-31,wta_250,True,hard,R16,16,3,Teichmann J.,Tomljanovic A.,153,85,496.0,835.0,,,,,,,,,,,,,retired,2.38,1.57,2.52,1.57,2.6,1.57,2.42,1.54,2024_54_merida_merida_open,2024_54_merida_merida_open_2024-10-31_R16_teichmann_j_tomljanovic_a
tennis_data_uk,wta,2024,54,Merida Open,Merida,2024-10-31,wta_250,True,hard,R16,16,3,Kudermetova P.,Lepchenko V.,133,144,565.0,516.0,2,0,6,3,6,4,,,,,,,completed,1.67,2.2,1.65,2.34,1.87,2.36,1.64,2.23,2024_54_merida_merida_open,2024_54_merida_merida_open_2024-10-31_R16_kudermetova_p_lepchenko_v
tennis_data_uk,wta,2024,54,Merida Open,Merida,2024-10-31,wta_250,True,hard,R16,16,3,Stojanovic N.,Stakusic M.,560,116,83.0,637.0,2,0,6,3,6,3,,,,,,,completed,2.63,1.5,2.42,1.61,2.65,1.62,2.47,1.53,2024_54_merida_merida_open,2024_54_merida_merida_open_2024-10-31_R16_stojanovic_n_stakusic_m
tennis_data_uk,wta,2024,54,Merida Open,Merida,2024-11-01,wta_250,True,hard,R16,16,3,Sonmez Z.,Jacquemot E.,127,148,576.0,507.0,2,0,7,6,6,3,,,,,,,completed,1.57,2.38,1.52,2.66,1.57,2.75,1.51,2.54,2024_54_merida_merida_open,2024_54_merida_merida_open_2024-11-01_R16_sonmez_z_jacquemot_e
tennis_data_uk,wta,2024,54,Merida Open,Merida,2024-11-01,wta_250,True,hard,R16,16,3,Sorribes Tormo S.,Stefanini L.,103,163,690.0,466.0,2,1,6,4,1,6,6,4,,,,,completed,1.57,2.38,1.62,2.41,1.62,2.52,1.57,2.36,2024_54_merida_merida_open,2024_54_merida_merida_open_2024-11-01_R16_sorribes_tormo_s_stefanini_l
tennis_data_uk,wta,2024,54,Merida Open,Merida,2024-11-01,wta_250,True,hard,R16,16,3,Zarazua R.,Chwalinska M.,62,175,991.0,412.0,2,1,2,6,6,2,6,1,,,,,completed,1.5,2.63,1.54,2.6,1.56,2.63,1.52,2.53,2024_54_merida_merida_open,2024_54_merida_merida_open_2024-11-01_R16_zarazua_r_chwalinska_m
tennis_data_uk,wta,2024,54,Merida Open,Merida,2024-11-01,wta_250,True,hard,R16,16,3,Korneeva A.,Blinkova A.,254,75,280.0,893.0,2,0,7,5,6,2,,,,,,,completed,2.0,1.8,2.13,1.78,2.15,1.82,2.06,1.74,2024_54_merida_merida_open,2024_54_merida_merida_open_2024-11-01_R16_korneeva_a_blinkova_a
tennis_data_uk,wta,2024,54,Merida Open,Merida,2024-11-01,wta_250,True,hard,QF,8,3,Li A.,Teichmann J.,111,153,655.0,496.0,2,0,6,1,6,1,,,,,,,completed,1.44,2.75,1.53,2.7,1.59,2.78,1.48,2.6,2024_54_merida_merida_open,2024_54_merida_merida_open_2024-11-01_QF_li_a_teichmann_j
tennis_data_uk,wta,2024,54,Merida Open,Merida,2024-11-01,wta_250,True,hard,QF,8,3,Sonmez Z.,Zarazua R.,127,62,576.0,991.0,2,1,3,6,6,3,6,4,,,,,completed,2.0,1.8,2.0,1.91,2.33,1.91,1.98,1.81,2024_54_merida_merida_open,2024_54_merida_merida_open_2024-11-01_QF_sonmez_z_zarazua_r
tennis_data_uk,wta,2024,54,Merida Open,Merida,2024-11-02,wta_250,True,hard,QF,8,3,Kudermetova P.,Stojanovic N.,133,560,565.0,83.0,2,1,5,7,6,4,6,3,,,,,completed,1.57,2.38,1.62,2.45,1.64,2.45,1.58,2.34,2024_54_merida_merida_open,2024_54_merida_merida_open_2024-11-02_QF_kudermetova_p_stojanovic_n
tennis_data_uk,wta,2024,54,Merida Open,Merida,2024-11-02,wta_250,True,hard,QF,8,3,Korneeva A.,Sorribes Tormo S.,254,103,280.0,690.0,2,0,6,3,6,1,,,,,,,completed,1.91,1.91,1.98,1.93,2.12,2.03,1.96,1.83,2024_54_merida_merida_open,2024_54_merida_merida_open_2024-11-02_QF_korneeva_a_sorribes_tormo_s
tennis_data_uk,wta,2024,54,Merida Open,Merida,2024-11-03,wta_250,True,hard,SF,4,3,Sonmez Z.,Korneeva A.,127,254,576.0,280.0,2,0,7,6,6,2,,,,,,,completed,3.0,1.4,3.05,1.44,3.07,1.44,2.9,1.4,2024_54_merida_merida_open,2024_54_merida_merida_open_2024-11-03_SF_sonmez_z_korneeva_a
tennis_data_uk,wta,2024,54,Merida Open,Merida,2024-11-03,wta_250,True,hard,SF,4,3,Li A.,Kudermetova P.,111,133,655.0,565.0,2,1,6,3,4,6,6,2,,,,,completed,1.44,2.75,1.49,2.82,1.49,2.82,1.45,2.7,2024_54_merida_merida_open,2024_54_merida_merida_open_2024-11-03_SF_li_a_kudermetova_p
tennis_data_uk,wta,2024,54,Merida Open,Merida,2024-11-04,wta_250,True,hard,F,2,3,Sonmez Z.,Li A.,127,111,576.0,655.0,2,0,6,2,6,1,,,,,,,completed,2.5,1.53,2.61,1.55,2.63,1.59,2.49,1.52,2024_54_merida_merida_open,2024_54_merida_merida_open_2024-11-04_F_sonmez_z_li_a
tennis_data_uk,wta,2024,55,WTA Finals,Riyadh,2024-11-02,tour_championships,False,hard,RR,8,3,Sabalenka A.,Zheng Q.,1,7,9016.0,4540.0,2,0,6,3,6,4,,,,,,,completed,1.4,3.0,1.4,3.23,1.45,3.23,1.4,2.94,2024_55_riyadh_wta_finals,2024_55_riyadh_wta_finals_2024-11-02_RR_sabalenka_a_zheng_q
tennis_data_uk,wta,2024,55,WTA Finals,Riyadh,2024-11-02,tour_championships,False,hard,RR,8,3,Paolini J.,Rybakina E.,4,5,5144.0,4971.0,2,0,7,6,6,4,,,,,,,completed,2.5,1.53,2.49,1.61,2.5,1.62,2.43,1.55,2024_55_riyadh_wta_finals,2024_55_riyadh_wta_finals_2024-11-02_RR_paolini_j_rybakina_e
tennis_data_uk,wta,2024,55,WTA Finals,Riyadh,2024-11-03,tour_championships,False,hard,RR,8,3,Swiatek I.,Krejcikova B.,2,13,7970.0,2814.0,2,1,4,6,7,5,6,2,,,,,completed,1.13,6.0,1.16,6.35,1.16,6.4,1.14,5.74,2024_55_riyadh_wta_finals,2024_55_riyadh_wta_finals_2024-11-03_RR_swiatek_i_krejcikova_b
tennis_data_uk,wta,2024,55,WTA Finals,Riyadh,2024-11-03,tour_championships,False,hard,RR,8,3,Gauff C.,Pegula J.,3,6,5230.0,4705.0,2,0,6,3,6,2,,,,,,,completed,1.53,2.5,1.56,2.63,1.59,2.63,1.54,2.47,2024_55_riyadh_wta_finals,2024_55_riyadh_wta_finals_2024-11-03_RR_gauff_c_pegula_j
tennis_data_uk,wta,2024,55,WTA Finals,Riyadh,2024-11-04,tour_championships,False,hard,RR,8,3,Zheng Q.,Rybakina E.,7,5,4540.0,4971.0,2,1,7,6,3,6,6,1,,,,,completed,1.57,2.38,1.66,2.36,1.7,2.38,1.62,2.29,2024_55_riyadh_wta_finals,2024_55_riyadh_wta_finals_2024-11-04_RR_zheng_q_rybakina_e
tennis_data_uk,wta,2024,55,WTA Finals,Riyadh,2024-11-04,tour_championships,False,hard,RR,8,3,Sabalenka A.,Paolini J.,1,4,9016.0,5144.0,2,0,6,3,7,5,,,,,,,completed,1.13,6.0,1.17,5.95,1.17,6.25,1.14,5.62,2024_55_riyadh_wta_finals,2024_55_riyadh_wta_finals_2024-11-04_RR_sabalenka_a_paolini_j
tennis_data_uk,wta,2024,55,WTA Finals,Riyadh,2024-11-05,tour_championships,False,hard,RR,8,3,Krejcikova B.,Pegula J.,13,6,2814.0,4705.0,2,0,6,3,6,3,,,,,,,completed,2.63,1.5,2.96,1.46,2.96,1.53,2.73,1.45,2024_55_riyadh_wta_finals,2024_55_riyadh_wta_finals_2024-11-05_RR_krejcikova_b_pegula_j
tennis_data_uk,wta,2024,55,WTA Finals,Riyadh,2024-11-05,tour_championships,False,hard,RR,8,3,Gauff C.,Swiatek I.,3,2,5230.0,7970.0,2,0,6,3,6,4,,,,,,,completed,2.5,1.53,2.48,1.61,2.63,1.62,2.43,1.56,2024_55_riyadh_wta_finals,2024_55_riyadh_wta_finals_2024-11-05_RR_gauff_c_swiatek_i
tennis_data_uk,wta,2024,55,WTA Finals,Riyadh,2024-11-06,tour_championships,False,hard,RR,8,3,Zheng Q.,Paolini J.,7,4,4540.0,5144.0,2,0,6,1,6,1,,,,,,,completed,1.4,3.0,1.41,3.15,1.44,3.15,1.4,2.93,2024_55_riyadh_wta_finals,2024_55_riyadh_wta_finals_2024-11-06_RR_zheng_q_paolini_j
tennis_data_uk,wta,2024,55,WTA Finals,Riyadh,2024-11-06,tour_championships,False,hard,RR,8,3,Rybakina E.,Sabalenka A.,5,1,4971.0,9016.0,2,1,6,4,3,6,6,1,,,,,completed,4.5,1.2,5.01,1.21,5.24,1.22,4.63,1.19,2024_55_riyadh_wta_finals,2024_55_riyadh_wta_finals_2024-11-06_RR_rybakina_e_sabalenka_a
tennis_data_uk,wta,2024,55,WTA Finals,Riyadh,2024-11-07,tour_championships,False,hard,RR,8,3,Swiatek I.,Kasatkina D.,2,9,7970.0,3368.0,2,0,6,1,6,0,,,,,,,completed,1.13,6.0,1.15,6.64,1.18,6.64,1.14,5.73,2024_55_riyadh_wta_finals,2024_55_riyadh_wta_finals_2024-11-07_RR_swiatek_i_kasatkina_d
tennis_data_uk,wta,2024,55,WTA Finals,Riyadh,2024-11-07,tour_championships,False,hard,RR,8,3,Krejcikova B.,Gauff C.,13,3,2814.0,5230.0,2,0,7,5,6,4,,,,,,,completed,3.75,1.29,4.11,1.28,4.17,1.33,3.66,1.28,2024_55_riyadh_wta_finals,2024_55_riyadh_wta_finals_2024-11-07_RR_krejcikova_b_gauff_c
tennis_data_uk,wta,2024,55,WTA Finals,Riyadh,2024-11-08,tour_championships,False,hard,SF,4,3,Zheng Q.,Krejcikova B.,7,13,4540.0,2814.0,2,0,6,3,7,5,,,,,,,completed,1.4,3.0,1.38,3.31,1.48,3.31,1.4,2.93,2024_55_riyadh_wta_finals,2024_55_riyadh_wta_finals_2024-11-08_SF_zheng_q_krejcikova_b
tennis_data_uk,wta,2024,55,WTA Finals,Riyadh,2024-11-08,tour_championships,False,hard,F,2,3,Gauff C.,Sabalenka A.,3,1,5230.0,9016.0,2,0,7,6,6,3,,,,,,,completed,2.63,1.5,2.6,1.56,2.84,1.58,2.58,1.5,2024_55_riyadh_wta_finals,2024_55_riyadh_wta_finals_2024-11-08_F_gauff_c_sabalenka_a
tennis_data_uk,wta,2024,55,WTA Finals,Riyadh,2024-11-09,tour_championships,False,hard,F,2,3,Gauff C.,Zheng Q.,3,7,5230.0,4540.0,2,1,3,6,6,4,7,6,,,,,completed,1.57,2.38,1.65,2.36,1.65,2.45,1.6,2.31,2024_55_riyadh_wta_finals,2024_55_riyadh_wta_finals_2024-11-09_F_gauff_c_zheng_q
