source,tour,year,uk_tournament_id,tournament_name,location,match_date,series,is_outdoor,surface,round,players_remaining,best_of,winner_name,loser_name,winner_rank,loser_rank,winner_rank_points,loser_rank_points,winner_sets,loser_sets,winner_set_1_games,loser_set_1_games,winner_set_2_games,loser_set_2_games,winner_set_3_games,loser_set_3_games,winner_set_4_games,loser_set_4_games,winner_set_5_games,loser_set_5_games,match_status,odds_b365_winner,odds_b365_loser,odds_pinnacle_winner,odds_pinnacle_loser,odds_max_winner,odds_max_loser,odds_avg_winner,odds_avg_loser,source_event_key,source_match_key
tennis_data_uk,wta,2011,1,ASB Classic,Auckland,2011-01-02,international,True,hard,R32,32,3,Peng S.,Larsson J.,72,69,872,899.0,2,0,6,1,6,3,,,,,,,completed,1.5,2.5,1.52,2.68,1.62,2.8,1.51,2.46,2011_1_auckland_asb_classic,2011_1_auckland_asb_classic_2011-01-02_R32_peng_s_larsson_j
tennis_data_uk,wta,2011,1,ASB Classic,Auckland,2011-01-03,international,True,hard,R32,32,3,Kuznetsova S.,Jones S.,27,253,2221,212.0,2,0,6,4,6,2,,,,,,,completed,1.05,9.0,1.12,7.47,1.12,10.0,1.07,7.54,2011_1_auckland_asb_classic,2011_1_auckland_asb_classic_2011-01-03_R32_kuznetsova_s_jones_s
tennis_data_uk,wta,2011,1,ASB Classic,Auckland,2011-01-03,international,True,hard,R32,32,3,Voracova R.,Dominguez Lino L.,81,85,804,772.0,2,1,4,6,7,6,6,0,,,,,completed,1.57,2.25,1.67,2.32,1.73,2.36,1.64,2.19,2011_1_auckland_asb_classic,2011_1_auckland_asb_classic_2011-01-03_R32_voracova_r_dominguez_lino_l
tennis_data_uk,wta,2011,1,ASB Classic,Auckland,2011-01-03,international,True,hard,R32,32,3,Sharapova M.,Brianti A.,18,91,2591,730.0,2,0,6,2,6,3,,,,,,,completed,1.04,10.0,1.06,11.23,1.06,11.23,1.05,10.62,2011_1_auckland_asb_classic,2011_1_auckland_asb_classic_2011-01-03_R32_sharapova_m_brianti_a
tennis_data_uk,wta,2011,1,ASB Classic,Auckland,2011-01-03,international,True,hard,R32,32,3,Keothavong A.,Gallovits E.,121,77,567,838.0,2,1,6,7,6,4,6,0,,,,,completed,1.66,2.1,1.7,2.26,1.83,2.3,1.72,2.04,2011_1_auckland_asb_classic,2011_1_auckland_asb_classic_2011-01-03_R32_keothavong_a_gallovits_e
tennis_data_uk,wta,2011,1,ASB Classic,Auckland,2011-01-03,international,True,hard,R32,32,3,Bondarenko K.,Date Krumm K.,99,51,677,1180.0,2,0,6,4,6,3,,,,,,,completed,2.2,1.61,2.09,1.81,2.25,1.81,2.12,1.68,2011_1_auckland_asb_classic,2011_1_auckland_asb_classic_2011-01-03_R32_bondarenko_k_date_krumm_k
tennis_data_uk,wta,2011,1,ASB Classic,Auckland,2011-01-03,international,True,hard,R32,32,3,Suarez Navarro C.,Oprandi R.,57,66,1050,917.0,2,0,6,3,7,6,,,,,,,completed,1.44,2.62,1.51,2.73,1.53,2.9,1.47,2.59,2011_1_auckland_asb_classic,2011_1_auckland_asb_classic_2011-01-03_R32_suarez_navarro_c_oprandi_r
tennis_data_uk,wta,2011,1,ASB Classic,Auckland,2011-01-03,international,True,hard,R32,32,3,Cornet A.,Zahlavova S.,79,95,815,701.0,2,1,3,6,7,5,6,0,,,,,completed,1.44,2.62,1.52,2.7,2.2,2.8,1.52,2.48,2011_1_auckland_asb_classic,2011_1_auckland_asb_classic_2011-01-03_R32_cornet_a_zahlavova_s
tennis_data_uk,wta,2011,1,ASB Classic,Auckland,2011-01-03,international,True,hard,R32,32,3,Arn G.,Ondraskova Z.,88,83,755,778.0,2,0,6,1,6,0,,,,,,,completed,1.72,2.0,1.84,2.06,1.91,2.06,1.81,1.92,2011_1_auckland_asb_classic,2011_1_auckland_asb_classic_2011-01-03_R32_arn_g_ondraskova_z
tennis_data_uk,wta,2011,1,ASB Classic,Auckland,2011-01-03,international,True,hard,R32,32,3,Lisicki S.,Molinero F.,175,185,335,318.0,2,0,6,1,6,3,,,,,,,completed,1.22,4.0,1.22,4.78,1.25,4.8,1.21,4.21,2011_1_auckland_asb_classic,2011_1_auckland_asb_classic_2011-01-03_R32_lisicki_s_molinero_f
tennis_data_uk,wta,2011,1,ASB Classic,Auckland,2011-01-04,international,True,hard,R32,32,3,Vesnina E.,Erakovic M.,52,333,1140,135.0,2,0,6,2,6,2,,,,,,,completed,1.16,4.5,1.22,4.74,1.25,4.77,1.21,4.16,2011_1_auckland_asb_classic,2011_1_auckland_asb_classic_2011-01-04_R32_vesnina_e_erakovic_m
tennis_data_uk,wta,2011,1,ASB Classic,Auckland,2011-01-04,international,True,hard,R32,32,3,Watson H.,Lertcheewakarn N.,176,187,335,317.0,2,0,6,1,6,1,,,,,,,completed,1.57,2.25,1.62,2.43,1.73,2.43,1.63,2.2,2011_1_auckland_asb_classic,2011_1_auckland_asb_classic_2011-01-04_R32_watson_h_lertcheewakarn_n
tennis_data_uk,wta,2011,1,ASB Classic,Auckland,2011-01-04,international,True,hard,R32,32,3,Halep S.,Morita A.,84,73,775,863.0,2,0,6,0,7,6,,,,,,,completed,1.66,2.1,1.78,2.14,1.82,2.2,1.73,2.04,2011_1_auckland_asb_classic,2011_1_auckland_asb_classic_2011-01-04_R32_halep_s_morita_a
tennis_data_uk,wta,2011,1,ASB Classic,Auckland,2011-01-04,international,True,hard,R32,32,3,Wickmayer Y.,Safina D.,23,63,2450,986.0,2,1,6,3,6,7,6,1,,,,,completed,1.8,1.9,1.94,1.94,1.94,2.0,1.84,1.89,2011_1_auckland_asb_classic,2011_1_auckland_asb_classic_2011-01-04_R32_wickmayer_y_safina_d
tennis_data_uk,wta,2011,1,ASB Classic,Auckland,2011-01-04,international,True,hard,R32,32,3,Arvidsson S.,Paszek T.,53,89,1137,733.0,2,0,6,3,6,1,,,,,,,completed,1.72,2.0,1.87,2.01,1.9,2.05,1.84,1.9,2011_1_auckland_asb_classic,2011_1_auckland_asb_classic_2011-01-04_R32_arvidsson_s_paszek_t
tennis_data_uk,wta,2011,1,ASB Classic,Auckland,2011-01-04,international,True,hard,R32,32,3,Goerges J.,Medina Garrigues A.,40,71,1525,890.0,2,0,6,4,6,0,,,,,,,completed,1.33,3.25,1.33,3.58,1.42,3.58,1.34,3.13,2011_1_auckland_asb_classic,2011_1_auckland_asb_classic_2011-01-04_R32_goerges_j_medina_garrigues_a
tennis_data_uk,wta,2011,1,ASB Classic,Auckland,2011-01-04,international,True,hard,R16,16,3,Peng S.,Kuznetsova S.,72,27,872,2221.0,2,1,2,6,6,4,6,4,,,,,completed,2.75,1.4,2.85,1.49,3.0,1.49,2.79,1.41,2011_1_auckland_asb_classic,2011_1_auckland_asb_classic_2011-01-04_R16_peng_s_kuznetsova_s
tennis_data_uk,wta,2011,1,ASB Classic,Auckland,2011-01-04,international,True,hard,R16,16,3,Halep S.,Vesnina E.,84,52,775,1140.0,1,1,2,6,6,4,4,0,,,,,retired,3.0,1.36,3.01,1.44,3.2,1.5,2.74,1.42,2011_1_auckland_asb_classic,2011_1_auckland_asb_classic_2011-01-04_R16_halep_s_vesnina_e
tennis_data_uk,wta,2011,1,ASB Classic,Auckland,2011-01-05,international,True,hard,R16,16,3,Watson H.,Suarez Navarro C.,176,57,335,1050.0,2,0,7,6,6,1,,,,,,,completed,2.1,1.66,2.2,1.75,2.28,1.75,2.11,1.68,2011_1_auckland_asb_classic,2011_1_auckland_asb_classic_2011-01-05_R16_watson_h_suarez_navarro_c
tennis_data_uk,wta,2011,1,ASB Classic,Auckland,2011-01-05,international,True,hard,R16,16,3,Arn G.,Arvidsson S.,88,53,755,1137.0,2,1,4,6,7,5,7,5,,,,,completed,2.75,1.4,2.98,1.45,3.06,1.5,2.71,1.43,2011_1_auckland_asb_classic,2011_1_auckland_asb_classic_2011-01-05_R16_arn_g_arvidsson_s
tennis_data_uk,wta,2011,1,ASB Classic,Auckland,2011-01-05,international,True,hard,R16,16,3,Sharapova M.,Voracova R.,18,81,2591,804.0,2,0,6,3,7,5,,,,,,,completed,1.04,10.0,1.05,13.0,1.08,14.4,1.05,9.57,2011_1_auckland_asb_classic,2011_1_auckland_asb_classic_2011-01-05_R16_sharapova_m_voracova_r
tennis_data_uk,wta,2011,1,ASB Classic,Auckland,2011-01-05,international,True,hard,R16,16,3,Wickmayer Y.,Lisicki S.,23,175,2450,335.0,2,1,6,2,3,6,6,2,,,,,completed,1.28,3.5,1.39,3.28,1.39,3.5,1.32,3.28,2011_1_auckland_asb_classic,2011_1_auckland_asb_classic_2011-01-05_R16_wickmayer_y_lisicki_s
tennis_data_uk,wta,2011,1,ASB Classic,Auckland,2011-01-05,international,True,hard,R16,16,3,Bondarenko K.,Keothavong A.,99,121,677,567.0,2,0,7,5,6,3,,,,,,,completed,1.36,3.0,1.33,3.64,1.44,3.64,1.35,3.06,2011_1_auckland_asb_classic,2011_1_auckland_asb_classic_2011-01-05_R16_bondarenko_k_keothavong_a
tennis_data_uk,wta,2011,1,ASB Classic,Auckland,2011-01-05,international,True,hard,R16,16,3,Goerges J.,Cornet A.,40,79,1525,815.0,2,0,6,2,6,4,,,,,,,completed,1.25,3.75,1.24,4.54,1.33,4.54,1.27,3.64,2011_1_auckland_asb_classic,2011_1_auckland_asb_classic_2011-01-05_R16_goerges_j_cornet_a
tennis_data_uk,wta,2011,1,ASB Classic,Auckland,2011-01-05,international,True,hard,QF,8,3,Wickmayer Y.,Halep S.,23,84,2450,775.0,2,0,6,0,6,2,,,,,,,completed,1.2,4.33,1.24,4.68,1.25,5.3,1.21,4.15,2011_1_auckland_asb_classic,2011_1_auckland_asb_classic_2011-01-05_QF_wickmayer_y_halep_s
tennis_data_uk,wta,2011,1,ASB Classic,Auckland,2011-01-05,international,True,hard,QF,8,3,Arn G.,Sharapova M.,88,18,755,2591.0,2,0,6,2,7,5,,,,,,,completed,8.0,1.06,9.35,1.1,9.35,1.1,7.51,1.07,2011_1_auckland_asb_classic,2011_1_auckland_asb_classic_2011-01-05_QF_arn_g_sharapova_m
tennis_data_uk,wta,2011,1,ASB Classic,Auckland,2011-01-06,international,True,hard,QF,8,3,Peng S.,Watson H.,72,176,872,335.0,2,0,6,4,7,5,,,,,,,completed,1.33,3.25,1.39,3.32,1.39,3.5,1.33,3.24,2011_1_auckland_asb_classic,2011_1_auckland_asb_classic_2011-01-06_QF_peng_s_watson_h
tennis_data_uk,wta,2011,1,ASB Classic,Auckland,2011-01-06,international,True,hard,QF,8,3,Goerges J.,Bondarenko K.,40,99,1525,677.0,2,1,5,7,6,2,6,2,,,,,completed,1.5,2.5,1.6,2.55,1.6,3.0,1.52,2.46,2011_1_auckland_asb_classic,2011_1_auckland_asb_classic_2011-01-06_QF_goerges_j_bondarenko_k
tennis_data_uk,wta,2011,1,ASB Classic,Auckland,2011-01-06,international,True,hard,SF,4,3,Wickmayer Y.,Peng S.,23,72,2450,872.0,2,1,3,6,7,6,7,5,,,,,completed,1.36,3.0,1.39,3.34,1.4,3.55,1.35,3.06,2011_1_auckland_asb_classic,2011_1_auckland_asb_classic_2011-01-06_SF_wickmayer_y_peng_s
tennis_data_uk,wta,2011,1,ASB Classic,Auckland,2011-01-07,international,True,hard,SF,4,3,Arn G.,Goerges J.,88,40,755,1525.0,2,0,7,6,6,3,,,,,,,completed,3.25,1.33,3.57,1.35,3.65,1.41,3.27,1.32,2011_1_auckland_asb_classic,2011_1_auckland_asb_classic_2011-01-07_SF_arn_g_goerges_j
tennis_data_uk,wta,2011,1,ASB Classic,Auckland,2011-01-08,international,True,hard,F,2,3,Arn G.,Wickmayer Y.,88,23,755,2450.0,2,0,6,3,6,3,,,,,,,completed,3.25,1.33,3.58,1.35,4.0,1.44,3.32,1.31,2011_1_auckland_asb_classic,2011_1_auckland_asb_classic_2011-01-08_F_arn_g_wickmayer_y
tennis_data_uk,wta,2011,2,Brisbane International,Brisbane,2011-01-02,international,True,hard,R32,32,3,Peers S.,Kleybanova A.,154,25,378,2250.0,2,1,3,6,6,4,6,3,,,,,completed,8.0,1.06,8.68,1.09,10.0,1.1,7.28,1.08,2011_2_brisbane_brisbane_international,2011_2_brisbane_brisbane_international_2011-01-02_R32_peers_s_kleybanova_a
tennis_data_uk,wta,2011,2,Brisbane International,Brisbane,2011-01-02,international,True,hard,R32,32,3,Jovanovski B.,Rodionova A.,76,64,839,975.0,2,1,2,6,6,2,6,3,,,,,completed,1.83,1.83,1.9,1.99,1.95,2.05,1.83,1.91,2011_2_brisbane_brisbane_international,2011_2_brisbane_brisbane_international_2011-01-02_R32_jovanovski_b_rodionova_a
tennis_data_uk,wta,2011,2,Brisbane International,Brisbane,2011-01-02,international,True,hard,R32,32,3,Safarova L.,Amanmuradova A.,33,70,1780,893.0,2,1,6,3,3,6,6,2,,,,,completed,1.33,3.25,1.36,3.38,1.42,3.38,1.36,3.02,2011_2_brisbane_brisbane_international,2011_2_brisbane_brisbane_international_2011-01-02_R32_safarova_l_amanmuradova_a
tennis_data_uk,wta,2011,2,Brisbane International,Brisbane,2011-01-02,international,True,hard,R32,32,3,Pavlyuchenkova A.,Kudryavtseva A.,21,60,2525,1006.0,2,1,6,2,6,7,6,3,,,,,completed,1.28,3.5,1.3,3.82,1.35,3.89,1.29,3.43,2011_2_brisbane_brisbane_international,2011_2_brisbane_brisbane_international_2011-01-02_R32_pavlyuchenkova_a_kudryavtseva_a
tennis_data_uk,wta,2011,2,Brisbane International,Brisbane,2011-01-02,international,True,hard,R32,32,3,Groth J.,Parra Santonja A.,42,65,1492,972.0,2,0,6,2,7,5,,,,,,,completed,1.22,4.0,1.27,4.16,1.33,4.34,1.25,3.81,2011_2_brisbane_brisbane_international,2011_2_brisbane_brisbane_international_2011-01-02_R32_groth_j_parra_santonja_a
tennis_data_uk,wta,2011,2,Brisbane International,Brisbane,2011-01-03,international,True,hard,R32,32,3,Peer S.,Ferguson S.,13,122,3365,565.0,2,0,6,4,6,2,,,,,,,completed,1.07,7.5,1.11,7.89,1.14,8.9,1.09,6.63,2011_2_brisbane_brisbane_international,2011_2_brisbane_brisbane_international_2011-01-03_R32_peer_s_ferguson_s
tennis_data_uk,wta,2011,2,Brisbane International,Brisbane,2011-01-03,international,True,hard,R32,32,3,Stosur S.,Hradecka L.,6,110,4982,636.0,2,0,7,6,6,1,,,,,,,completed,1.12,5.5,1.15,6.22,1.18,6.93,1.14,5.29,2011_2_brisbane_brisbane_international,2011_2_brisbane_brisbane_international_2011-01-03_R32_stosur_s_hradecka_l
tennis_data_uk,wta,2011,2,Brisbane International,Brisbane,2011-01-03,international,True,hard,R32,32,3,Kvitova P.,Petrova N.,34,15,1748,2702.0,2,0,7,6,6,3,,,,,,,completed,2.5,1.5,2.46,1.61,2.75,1.63,2.47,1.52,2011_2_brisbane_brisbane_international,2011_2_brisbane_brisbane_international_2011-01-03_R32_kvitova_p_petrova_n
tennis_data_uk,wta,2011,2,Brisbane International,Brisbane,2011-01-03,international,True,hard,R32,32,3,Bartoli M.,King V.,16,86,2645,765.0,2,0,6,1,6,2,,,,,,,completed,1.28,3.5,1.37,3.26,1.37,3.75,1.31,3.29,2011_2_brisbane_brisbane_international,2011_2_brisbane_brisbane_international_2011-01-03_R32_bartoli_m_king_v
tennis_data_uk,wta,2011,2,Brisbane International,Brisbane,2011-01-03,international,True,hard,R32,32,3,Pervak K.,Chakvetadze A.,97,56,691,1058.0,2,0,6,2,6,2,,,,,,,completed,,,,,,,,,2011_2_brisbane_brisbane_international,2011_2_brisbane_brisbane_international_2011-01-03_R32_pervak_k_chakvetadze_a
tennis_data_uk,wta,2011,2,Brisbane International,Brisbane,2011-01-03,international,True,hard,R32,32,3,Cibulkova D.,Errani S.,31,43,1905,1460.0,2,0,6,3,6,0,,,,,,,completed,1.61,2.2,1.81,2.1,1.81,2.3,1.66,2.16,2011_2_brisbane_brisbane_international,2011_2_brisbane_brisbane_international_2011-01-03_R32_cibulkova_d_errani_s
tennis_data_uk,wta,2011,2,Brisbane International,Brisbane,2011-01-03,international,True,hard,R32,32,3,Petkovic A.,Dulgheru A.,32,29,1820,2000.0,2,0,6,3,6,0,,,,,,,completed,1.4,2.75,1.49,2.8,1.57,2.8,1.48,2.58,2011_2_brisbane_brisbane_international,2011_2_brisbane_brisbane_international_2011-01-03_R32_petkovic_a_dulgheru_a
tennis_data_uk,wta,2011,2,Brisbane International,Brisbane,2011-01-03,international,True,hard,R32,32,3,Zahlavova Strycova B.,Tatishvili A.,67,134,910,502.0,2,0,7,5,6,2,,,,,,,completed,1.66,2.1,1.83,2.07,1.89,2.18,1.73,2.02,2011_2_brisbane_brisbane_international,2011_2_brisbane_brisbane_international_2011-01-03_R32_zahlavova_strycova_b_tatishvili_a
tennis_data_uk,wta,2011,2,Brisbane International,Brisbane,2011-01-03,international,True,hard,R32,32,3,Benesova I.,Hercog P.,59,47,1015,1275.0,2,0,6,2,7,5,,,,,,,completed,2.1,1.66,2.11,1.8,2.13,1.8,2.04,1.73,2011_2_brisbane_brisbane_international,2011_2_brisbane_brisbane_international_2011-01-03_R32_benesova_i_hercog_p
tennis_data_uk,wta,2011,2,Brisbane International,Brisbane,2011-01-03,international,True,hard,R32,32,3,Dokic J.,Pivovarova A.,138,124,485,549.0,2,0,6,4,6,3,,,,,,,completed,1.66,2.1,1.72,2.23,1.88,2.23,1.75,2.0,2011_2_brisbane_brisbane_international,2011_2_brisbane_brisbane_international_2011-01-03_R32_dokic_j_pivovarova_a
tennis_data_uk,wta,2011,2,Brisbane International,Brisbane,2011-01-04,international,True,hard,R32,32,3,Vinci R.,Mchale C.,38,109,1590,642.0,2,0,6,2,7,6,,,,,,,completed,1.33,3.25,1.35,3.44,1.4,3.54,1.34,3.1,2011_2_brisbane_brisbane_international,2011_2_brisbane_brisbane_international_2011-01-04_R32_vinci_r_mchale_c
tennis_data_uk,wta,2011,2,Brisbane International,Brisbane,2011-01-04,international,True,hard,R16,16,3,Safarova L.,Peer S.,33,13,1780,3365.0,2,1,3,6,6,1,7,5,,,,,completed,2.62,1.44,2.64,1.55,2.8,1.83,2.51,1.51,2011_2_brisbane_brisbane_international,2011_2_brisbane_brisbane_international_2011-01-04_R16_safarova_l_peer_s
tennis_data_uk,wta,2011,2,Brisbane International,Brisbane,2011-01-04,international,True,hard,R16,16,3,Pavlyuchenkova A.,Jovanovski B.,21,76,2525,839.0,2,0,6,2,7,5,,,,,,,completed,1.4,2.75,1.38,3.33,1.44,3.33,1.37,2.97,2011_2_brisbane_brisbane_international,2011_2_brisbane_brisbane_international_2011-01-04_R16_pavlyuchenkova_a_jovanovski_b
tennis_data_uk,wta,2011,2,Brisbane International,Brisbane,2011-01-04,international,True,hard,R16,16,3,Groth J.,Stosur S.,42,6,1492,4982.0,2,0,6,2,6,4,,,,,,,completed,3.75,1.25,3.76,1.32,3.85,1.32,3.54,1.28,2011_2_brisbane_brisbane_international,2011_2_brisbane_brisbane_international_2011-01-04_R16_groth_j_stosur_s
tennis_data_uk,wta,2011,2,Brisbane International,Brisbane,2011-01-05,international,True,hard,R16,16,3,Cibulkova D.,Vinci R.,31,38,1905,1590.0,2,0,6,2,7,5,,,,,,,completed,1.57,2.25,1.65,2.39,1.65,2.44,1.59,2.27,2011_2_brisbane_brisbane_international,2011_2_brisbane_brisbane_international_2011-01-05_R16_cibulkova_d_vinci_r
tennis_data_uk,wta,2011,2,Brisbane International,Brisbane,2011-01-05,international,True,hard,R16,16,3,Zahlavova Strycova B.,Peers S.,67,154,910,378.0,2,0,6,4,6,1,,,,,,,completed,1.36,3.0,1.38,3.39,1.45,3.39,1.38,2.93,2011_2_brisbane_brisbane_international,2011_2_brisbane_brisbane_international_2011-01-05_R16_zahlavova_strycova_b_peers_s
tennis_data_uk,wta,2011,2,Brisbane International,Brisbane,2011-01-05,international,True,hard,R16,16,3,Petkovic A.,Dokic J.,32,138,1820,485.0,2,0,6,0,6,1,,,,,,,completed,1.28,3.5,1.3,3.89,1.37,3.89,1.31,3.33,2011_2_brisbane_brisbane_international,2011_2_brisbane_brisbane_international_2011-01-05_R16_petkovic_a_dokic_j
tennis_data_uk,wta,2011,2,Brisbane International,Brisbane,2011-01-05,international,True,hard,R16,16,3,Kvitova P.,Pervak K.,34,97,1748,691.0,2,1,1,6,6,4,6,2,,,,,completed,1.33,3.25,1.37,3.41,1.4,3.44,1.36,3.04,2011_2_brisbane_brisbane_international,2011_2_brisbane_brisbane_international_2011-01-05_R16_kvitova_p_pervak_k
tennis_data_uk,wta,2011,2,Brisbane International,Brisbane,2011-01-05,international,True,hard,R16,16,3,Bartoli M.,Benesova I.,16,59,2645,1015.0,2,1,6,1,3,6,6,0,,,,,completed,1.2,4.33,1.25,4.42,1.27,4.65,1.22,4.08,2011_2_brisbane_brisbane_international,2011_2_brisbane_brisbane_international_2011-01-05_R16_bartoli_m_benesova_i
tennis_data_uk,wta,2011,2,Brisbane International,Brisbane,2011-01-06,international,True,hard,QF,8,3,Bartoli M.,Zahlavova Strycova B.,16,67,2645,910.0,2,0,6,2,6,1,,,,,,,completed,1.16,4.5,1.25,4.51,1.25,5.25,1.2,4.34,2011_2_brisbane_brisbane_international,2011_2_brisbane_brisbane_international_2011-01-06_QF_bartoli_m_zahlavova_strycova_b
tennis_data_uk,wta,2011,2,Brisbane International,Brisbane,2011-01-06,international,True,hard,QF,8,3,Pavlyuchenkova A.,Safarova L.,21,33,2525,1780.0,2,1,6,2,6,7,6,3,,,,,completed,1.57,2.25,1.58,2.58,1.6,2.58,1.56,2.36,2011_2_brisbane_brisbane_international,2011_2_brisbane_brisbane_international_2011-01-06_QF_pavlyuchenkova_a_safarova_l
tennis_data_uk,wta,2011,2,Brisbane International,Brisbane,2011-01-06,international,True,hard,QF,8,3,Kvitova P.,Cibulkova D.,34,31,1748,1905.0,2,0,6,0,6,4,,,,,,,completed,2.1,1.66,2.31,1.7,2.55,1.73,2.18,1.65,2011_2_brisbane_brisbane_international,2011_2_brisbane_brisbane_international_2011-01-06_QF_kvitova_p_cibulkova_d
tennis_data_uk,wta,2011,2,Brisbane International,Brisbane,2011-01-06,international,True,hard,QF,8,3,Petkovic A.,Groth J.,32,42,1820,1492.0,2,0,6,3,6,4,,,,,,,completed,1.57,2.25,1.71,2.29,1.77,2.4,1.62,2.23,2011_2_brisbane_brisbane_international,2011_2_brisbane_brisbane_international_2011-01-06_QF_petkovic_a_groth_j
tennis_data_uk,wta,2011,2,Brisbane International,Brisbane,2011-01-07,international,True,hard,SF,4,3,Petkovic A.,Bartoli M.,32,16,1820,2645.0,2,0,6,4,6,2,,,,,,,completed,1.83,1.83,1.93,2.0,1.93,2.25,1.83,1.91,2011_2_brisbane_brisbane_international,2011_2_brisbane_brisbane_international_2011-01-07_SF_petkovic_a_bartoli_m
tennis_data_uk,wta,2011,2,Brisbane International,Brisbane,2011-01-07,international,True,hard,SF,4,3,Kvitova P.,Pavlyuchenkova A.,34,21,1748,2525.0,2,1,6,4,4,6,6,2,,,,,completed,1.83,1.83,2.0,1.92,2.01,2.02,1.87,1.86,2011_2_brisbane_brisbane_international,2011_2_brisbane_brisbane_international_2011-01-07_SF_kvitova_p_pavlyuchenkova_a
tennis_data_uk,wta,2011,2,Brisbane International,Brisbane,2011-01-08,international,True,hard,F,2,3,Kvitova P.,Petkovic A.,34,32,1748,1820.0,2,0,6,1,6,3,,,,,,,completed,2.75,1.4,3.1,1.43,3.1,1.62,2.68,1.45,2011_2_brisbane_brisbane_international,2011_2_brisbane_brisbane_international_2011-01-08_F_kvitova_p_petkovic_a
tennis_data_uk,wta,2011,3,Moorilla Hobart International,Hobart,2011-01-09,international,True,hard,R32,32,3,Morita A.,Amanmuradova A.,74,72,863,893.0,2,1,3,6,6,1,7,6,,,,,completed,2.2,1.61,2.29,1.69,,,,,2011_3_hobart_moorilla_hobart_international,2011_3_hobart_moorilla_hobart_international_2011-01-09_R32_morita_a_amanmuradova_a
tennis_data_uk,wta,2011,3,Moorilla Hobart International,Hobart,2011-01-09,international,True,hard,R32,32,3,Vinci R.,Oprandi R.,39,69,1590,917.0,2,0,7,6,6,3,,,,,,,completed,1.3,3.4,1.28,4.03,,,,,2011_3_hobart_moorilla_hobart_international,2011_3_hobart_moorilla_hobart_international_2011-01-09_R32_vinci_r_oprandi_r
tennis_data_uk,wta,2011,3,Moorilla Hobart International,Hobart,2011-01-09,international,True,hard,R32,32,3,Errani S.,Chakvetadze A.,43,56,1460,1058.0,2,0,7,6,6,3,,,,,,,completed,1.83,1.83,2.01,1.88,,,,,2011_3_hobart_moorilla_hobart_international,2011_3_hobart_moorilla_hobart_international_2011-01-09_R32_errani_s_chakvetadze_a
tennis_data_uk,wta,2011,3,Moorilla Hobart International,Hobart,2011-01-09,international,True,hard,R32,32,3,Kerber A.,Date-Krumm K.,46,52,1277,1140.0,2,0,7,5,7,6,,,,,,,completed,1.83,1.83,2.12,1.79,2.12,2.2,1.89,1.86,2011_3_hobart_moorilla_hobart_international,2011_3_hobart_moorilla_hobart_international_2011-01-09_R32_kerber_a_date_krumm_k
tennis_data_uk,wta,2011,3,Moorilla Hobart International,Hobart,2011-01-10,international,True,hard,R32,32,3,Groth J.,Larsson J.,40,71,1542,899.0,2,0,6,1,6,3,,,,,,,completed,1.25,3.75,1.3,3.86,1.32,4.0,1.27,3.61,2011_3_hobart_moorilla_hobart_international,2011_3_hobart_moorilla_hobart_international_2011-01-10_R32_groth_j_larsson_j
tennis_data_uk,wta,2011,3,Moorilla Hobart International,Hobart,2011-01-10,international,True,hard,R32,32,3,Vesnina E.,Parra Santonja A.,53,67,1140,972.0,2,0,6,2,6,1,,,,,,,completed,1.22,4.0,1.29,3.94,1.3,4.25,1.25,3.77,2011_3_hobart_moorilla_hobart_international,2011_3_hobart_moorilla_hobart_international_2011-01-10_R32_vesnina_e_parra_santonja_a
tennis_data_uk,wta,2011,3,Moorilla Hobart International,Hobart,2011-01-10,international,True,hard,R32,32,3,Peng S.,Pironkova T.,62,35,1001,1722.0,2,1,2,6,6,3,6,2,,,,,completed,1.36,3.0,1.4,3.16,1.45,3.16,1.4,2.83,2011_3_hobart_moorilla_hobart_international,2011_3_hobart_moorilla_hobart_international_2011-01-10_R32_peng_s_pironkova_t
tennis_data_uk,wta,2011,3,Moorilla Hobart International,Hobart,2011-01-10,international,True,hard,R32,32,3,Paszek T.,Rogowska O.,92,259,728,209.0,2,0,6,1,6,3,,,,,,,completed,1.22,4.0,1.25,4.4,1.29,4.6,1.23,3.92,2011_3_hobart_moorilla_hobart_international,2011_3_hobart_moorilla_hobart_international_2011-01-10_R32_paszek_t_rogowska_o
tennis_data_uk,wta,2011,3,Moorilla Hobart International,Hobart,2011-01-10,international,True,hard,R32,32,3,Brianti A.,Suarez Navarro C.,91,57,730,1050.0,2,1,4,6,6,3,6,4,,,,,completed,2.37,1.53,2.41,1.63,2.5,1.65,2.33,1.57,2011_3_hobart_moorilla_hobart_international,2011_3_hobart_moorilla_hobart_international_2011-01-10_R32_brianti_a_suarez_navarro_c
tennis_data_uk,wta,2011,3,Moorilla Hobart International,Hobart,2011-01-10,international,True,hard,R32,32,3,Govortsova O.,Peers S.,76,151,848,402.0,2,0,6,4,6,2,,,,,,,completed,1.5,2.5,1.57,2.55,1.57,2.75,1.49,2.56,2011_3_hobart_moorilla_hobart_international,2011_3_hobart_moorilla_hobart_international_2011-01-10_R32_govortsova_o_peers_s
tennis_data_uk,wta,2011,3,Moorilla Hobart International,Hobart,2011-01-10,international,True,hard,R32,32,3,Molik A.,Arvidsson S.,135,51,497,1166.0,2,0,7,5,6,3,,,,,,,completed,3.0,1.36,3.25,1.39,3.3,1.45,2.88,1.39,2011_3_hobart_moorilla_hobart_international,2011_3_hobart_moorilla_hobart_international_2011-01-10_R32_molik_a_arvidsson_s
tennis_data_uk,wta,2011,3,Moorilla Hobart International,Hobart,2011-01-10,international,True,hard,R32,32,3,Zakopalova K.,Oudin M.,42,63,1505,998.0,2,0,6,3,7,6,,,,,,,completed,2.2,1.61,2.29,1.69,2.37,1.73,2.16,1.66,2011_3_hobart_moorilla_hobart_international,2011_3_hobart_moorilla_hobart_international_2011-01-10_R32_zakopalova_k_oudin_m
tennis_data_uk,wta,2011,3,Moorilla Hobart International,Hobart,2011-01-10,international,True,hard,R32,32,3,Kudryavtseva A.,Rybarikova M.,61,104,1006,661.0,2,0,6,3,6,4,,,,,,,completed,1.72,2.0,1.81,2.09,1.84,2.1,1.76,1.99,2011_3_hobart_moorilla_hobart_international,2011_3_hobart_moorilla_hobart_international_2011-01-10_R32_kudryavtseva_a_rybarikova_m
tennis_data_uk,wta,2011,3,Moorilla Hobart International,Hobart,2011-01-10,international,True,hard,R32,32,3,Mattek-Sands B.,Pavlyuchenkova A.,59,18,1017,2585.0,1,0,6,2,,,,,,,,,retired,2.62,1.44,2.67,1.53,2.8,1.53,2.63,1.47,2011_3_hobart_moorilla_hobart_international,2011_3_hobart_moorilla_hobart_international_2011-01-10_R32_mattek_sands_b_pavlyuchenkova_a
tennis_data_uk,wta,2011,3,Moorilla Hobart International,Hobart,2011-01-10,international,True,hard,R32,32,3,Baltacha E.,Tanasugarn T.,55,64,1080,996.0,2,0,6,3,6,3,,,,,,,completed,2.2,1.61,2.09,1.81,2.2,1.81,2.09,1.7,2011_3_hobart_moorilla_hobart_international,2011_3_hobart_moorilla_hobart_international_2011-01-10_R32_baltacha_e_tanasugarn_t
tennis_data_uk,wta,2011,3,Moorilla Hobart International,Hobart,2011-01-10,international,True,hard,R32,32,3,Bartoli M.,Safina D.,17,65,2655,986.0,2,0,6,0,6,1,,,,,,,completed,1.4,2.75,1.45,2.94,1.57,3.08,1.44,2.68,2011_3_hobart_moorilla_hobart_international,2011_3_hobart_moorilla_hobart_international_2011-01-10_R32_bartoli_m_safina_d
tennis_data_uk,wta,2011,3,Moorilla Hobart International,Hobart,2011-01-11,international,True,hard,R16,16,3,Groth J.,Paszek T.,40,92,1542,728.0,2,0,6,4,7,6,,,,,,,completed,1.36,3.0,1.47,2.92,1.47,3.0,1.41,2.8,2011_3_hobart_moorilla_hobart_international,2011_3_hobart_moorilla_hobart_international_2011-01-11_R16_groth_j_paszek_t
tennis_data_uk,wta,2011,3,Moorilla Hobart International,Hobart,2011-01-13,international,True,hard,R16,16,3,Errani S.,Molik A.,43,135,1460,497.0,2,0,6,1,6,0,,,,,,,completed,1.4,2.75,1.45,2.97,1.53,2.97,1.44,2.68,2011_3_hobart_moorilla_hobart_international,2011_3_hobart_moorilla_hobart_international_2011-01-13_R16_errani_s_molik_a
tennis_data_uk,wta,2011,3,Moorilla Hobart International,Hobart,2011-01-13,international,True,hard,R16,16,3,Peng S.,Govortsova O.,62,76,1001,848.0,2,1,2,6,6,4,6,0,,,,,completed,1.5,2.5,1.55,2.64,1.58,2.75,1.5,2.49,2011_3_hobart_moorilla_hobart_international,2011_3_hobart_moorilla_hobart_international_2011-01-13_R16_peng_s_govortsova_o
tennis_data_uk,wta,2011,3,Moorilla Hobart International,Hobart,2011-01-13,international,True,hard,R16,16,3,Zakopalova K.,Brianti A.,42,91,1505,730.0,2,1,1,6,6,4,6,2,,,,,completed,1.5,2.5,1.55,2.65,1.6,2.72,1.51,2.53,2011_3_hobart_moorilla_hobart_international,2011_3_hobart_moorilla_hobart_international_2011-01-13_R16_zakopalova_k_brianti_a
tennis_data_uk,wta,2011,3,Moorilla Hobart International,Hobart,2011-01-13,international,True,hard,R16,16,3,Mattek-Sands B.,Morita A.,59,74,1017,863.0,2,0,6,3,6,1,,,,,,,completed,1.25,3.75,1.32,3.77,1.32,4.15,1.27,3.67,2011_3_hobart_moorilla_hobart_international,2011_3_hobart_moorilla_hobart_international_2011-01-13_R16_mattek_sands_b_morita_a
tennis_data_uk,wta,2011,3,Moorilla Hobart International,Hobart,2011-01-13,international,True,hard,R16,16,3,Kerber A.,Kudryavtseva A.,46,61,1277,1006.0,2,0,6,3,6,4,,,,,,,completed,1.53,2.37,1.56,2.59,1.65,2.6,1.56,2.35,2011_3_hobart_moorilla_hobart_international,2011_3_hobart_moorilla_hobart_international_2011-01-13_R16_kerber_a_kudryavtseva_a
tennis_data_uk,wta,2011,3,Moorilla Hobart International,Hobart,2011-01-13,international,True,hard,R16,16,3,Vinci R.,Baltacha E.,39,55,1590,1080.0,2,0,6,3,6,4,,,,,,,completed,1.4,2.75,1.47,2.89,1.5,3.0,1.45,2.65,2011_3_hobart_moorilla_hobart_international,2011_3_hobart_moorilla_hobart_international_2011-01-13_R16_vinci_r_baltacha_e
tennis_data_uk,wta,2011,3,Moorilla Hobart International,Hobart,2011-01-13,international,True,hard,R16,16,3,Bartoli M.,Vesnina E.,17,53,2655,1140.0,2,0,6,4,6,1,,,,,,,completed,1.28,3.5,1.33,3.7,1.35,3.75,1.3,3.4,2011_3_hobart_moorilla_hobart_international,2011_3_hobart_moorilla_hobart_international_2011-01-13_R16_bartoli_m_vesnina_e
tennis_data_uk,wta,2011,3,Moorilla Hobart International,Hobart,2011-01-13,international,True,hard,QF,8,3,Peng S.,Errani S.,62,43,1001,1460.0,2,0,6,1,6,3,,,,,,,completed,1.83,1.83,2.2,1.77,2.25,1.83,2.1,1.73,2011_3_hobart_moorilla_hobart_international,2011_3_hobart_moorilla_hobart_international_2011-01-13_QF_peng_s_errani_s
tennis_data_uk,wta,2011,3,Moorilla Hobart International,Hobart,2011-01-13,international,True,hard,QF,8,3,Groth J.,Vinci R.,40,39,1542,1590.0,2,0,6,1,6,2,,,,,,,completed,1.5,2.5,,,1.65,2.69,1.54,2.49,2011_3_hobart_moorilla_hobart_international,2011_3_hobart_moorilla_hobart_international_2011-01-13_QF_groth_j_vinci_r
tennis_data_uk,wta,2011,3,Moorilla Hobart International,Hobart,2011-01-13,international,True,hard,QF,8,3,Mattek-Sands B.,Kerber A.,59,46,1017,1277.0,2,0,6,4,6,4,,,,,,,completed,1.44,2.62,1.44,3.06,1.52,3.06,1.42,2.89,2011_3_hobart_moorilla_hobart_international,2011_3_hobart_moorilla_hobart_international_2011-01-13_QF_mattek_sands_b_kerber_a
tennis_data_uk,wta,2011,3,Moorilla Hobart International,Hobart,2011-01-13,international,True,hard,QF,8,3,Zakopalova K.,Bartoli M.,42,17,1505,2655.0,2,0,6,4,6,2,,,,,,,completed,3.5,1.28,3.84,1.32,3.89,1.32,3.61,1.28,2011_3_hobart_moorilla_hobart_international,2011_3_hobart_moorilla_hobart_international_2011-01-13_QF_zakopalova_k_bartoli_m
tennis_data_uk,wta,2011,3,Moorilla Hobart International,Hobart,2011-01-14,international,True,hard,SF,4,3,Mattek-Sands B.,Peng S.,59,62,1017,1001.0,2,1,4,6,6,1,6,1,,,,,completed,1.83,1.83,1.99,1.93,1.99,2.0,1.84,1.9,2011_3_hobart_moorilla_hobart_international,2011_3_hobart_moorilla_hobart_international_2011-01-14_SF_mattek_sands_b_peng_s
tennis_data_uk,wta,2011,3,Moorilla Hobart International,Hobart,2011-01-14,international,True,hard,SF,4,3,Groth J.,Zakopalova K.,40,42,1542,1505.0,2,0,6,3,6,2,,,,,,,completed,1.4,2.75,1.5,2.83,1.53,2.85,1.46,2.66,2011_3_hobart_moorilla_hobart_international,2011_3_hobart_moorilla_hobart_international_2011-01-14_SF_groth_j_zakopalova_k
tennis_data_uk,wta,2011,3,Moorilla Hobart International,Hobart,2011-01-15,international,True,hard,F,2,3,Groth J.,Mattek-Sands B.,40,59,1542,1017.0,2,0,6,4,6,3,,,,,,,completed,1.57,2.25,1.72,2.27,1.75,2.3,1.64,2.19,2011_3_hobart_moorilla_hobart_international,2011_3_hobart_moorilla_hobart_international_2011-01-15_F_groth_j_mattek_sands_b
tennis_data_uk,wta,2011,4,Medibank International,Sydney,2011-01-09,premier,True,hard,R32,32,3,Clijsters K.,Dulgheru A.,3,30,6355,2000.0,2,0,6,1,6,2,,,,,,,completed,1.05,9.0,1.05,12.13,1.06,15.47,1.04,9.52,2011_4_sydney_medibank_international,2011_4_sydney_medibank_international_2011-01-09_R32_clijsters_k_dulgheru_a
tennis_data_uk,wta,2011,4,Medibank International,Sydney,2011-01-09,premier,True,hard,R32,32,3,Kuznetsova S.,Dokic J.,25,130,2250,514.0,2,0,6,2,6,2,,,,,,,completed,1.16,4.5,1.22,4.79,1.22,5.05,1.19,4.4,2011_4_sydney_medibank_international,2011_4_sydney_medibank_international_2011-01-09_R32_kuznetsova_s_dokic_j
tennis_data_uk,wta,2011,4,Medibank International,Sydney,2011-01-10,premier,True,hard,R32,32,3,Azarenka V.,Makarova E.,10,49,4235,1191.0,2,1,2,6,6,2,6,4,,,,,completed,1.2,4.33,1.21,4.89,1.27,4.89,1.22,4.04,2011_4_sydney_medibank_international,2011_4_sydney_medibank_international_2011-01-10_R32_azarenka_v_makarova_e
tennis_data_uk,wta,2011,4,Medibank International,Sydney,2011-01-10,premier,True,hard,R32,32,3,Peer S.,Bammer S.,12,70,3355,904.0,2,1,6,3,5,7,6,1,,,,,completed,1.2,4.33,1.24,4.53,1.3,4.53,1.25,3.84,2011_4_sydney_medibank_international,2011_4_sydney_medibank_international_2011-01-10_R32_peer_s_bammer_s
tennis_data_uk,wta,2011,4,Medibank International,Sydney,2011-01-10,premier,True,hard,R32,32,3,Li N.,Rodionova An.,11,66,3555,975.0,2,0,6,1,6,2,,,,,,,completed,1.12,5.5,1.15,6.19,1.2,6.2,1.14,5.24,2011_4_sydney_medibank_international,2011_4_sydney_medibank_international_2011-01-10_R32_li_n_rodionova_an
tennis_data_uk,wta,2011,4,Medibank International,Sydney,2011-01-10,premier,True,hard,R32,32,3,Cibulkova D.,Kirilenko M.,32,20,1905,2540.0,2,0,6,3,6,3,,,,,,,completed,2.5,1.5,2.7,1.52,2.7,1.61,2.45,1.52,2011_4_sydney_medibank_international,2011_4_sydney_medibank_international_2011-01-10_R32_cibulkova_d_kirilenko_m
tennis_data_uk,wta,2011,4,Medibank International,Sydney,2011-01-10,premier,True,hard,R32,32,3,Martinez-Sanchez M.J.,Hantuchova D.,29,31,2010,1945.0,2,0,6,2,6,4,,,,,,,completed,1.61,2.2,1.67,2.32,1.8,2.32,1.68,2.13,2011_4_sydney_medibank_international,2011_4_sydney_medibank_international_2011-01-10_R32_martinez_sanchez_m_j_hantuchova_d
tennis_data_uk,wta,2011,4,Medibank International,Sydney,2011-01-10,premier,True,hard,R32,32,3,Pennetta F.,Hradecka L.,24,110,2355,636.0,2,0,6,4,6,3,,,,,,,completed,1.22,4.0,1.28,4.04,1.31,4.33,1.24,3.9,2011_4_sydney_medibank_international,2011_4_sydney_medibank_international_2011-01-10_R32_pennetta_f_hradecka_l
tennis_data_uk,wta,2011,4,Medibank International,Sydney,2011-01-10,premier,True,hard,R32,32,3,Razzano V.,Zahlavova S.,116,97,597,701.0,2,0,7,6,6,2,,,,,,,completed,1.4,2.75,1.49,2.78,1.49,2.9,1.45,2.69,2011_4_sydney_medibank_international,2011_4_sydney_medibank_international_2011-01-10_R32_razzano_v_zahlavova_s
tennis_data_uk,wta,2011,4,Medibank International,Sydney,2011-01-10,premier,True,hard,R32,32,3,Zahlavova Strycova B.,Petrova N.,68,15,950,2702.0,2,0,6,2,6,2,,,,,,,completed,3.25,1.33,3.11,1.41,3.6,1.41,3.24,1.32,2011_4_sydney_medibank_international,2011_4_sydney_medibank_international_2011-01-10_R32_zahlavova_strycova_b_petrova_n
tennis_data_uk,wta,2011,4,Medibank International,Sydney,2011-01-10,premier,True,hard,R32,32,3,Jovanovski B.,Kanepi K.,77,22,837,2460.0,2,0,6,4,6,4,,,,,,,completed,2.1,1.66,2.14,1.78,2.3,1.78,2.11,1.69,2011_4_sydney_medibank_international,2011_4_sydney_medibank_international_2011-01-10_R32_jovanovski_b_kanepi_k
tennis_data_uk,wta,2011,4,Medibank International,Sydney,2011-01-10,premier,True,hard,R32,32,3,Kleybanova A.,Schiavone F.,26,7,2250,4835.0,2,1,6,7,6,1,6,2,,,,,completed,1.83,1.83,2.01,1.89,2.01,2.0,1.87,1.87,2011_4_sydney_medibank_international,2011_4_sydney_medibank_international_2011-01-10_R32_kleybanova_a_schiavone_f
tennis_data_uk,wta,2011,4,Medibank International,Sydney,2011-01-10,premier,True,hard,R32,32,3,Stosur S.,Wickmayer Y.,6,23,4982,2370.0,2,0,7,5,6,4,,,,,,,completed,1.44,2.62,1.43,3.01,1.6,3.01,1.49,2.54,2011_4_sydney_medibank_international,2011_4_sydney_medibank_international_2011-01-10_R32_stosur_s_wickmayer_y
tennis_data_uk,wta,2011,4,Medibank International,Sydney,2011-01-10,premier,True,hard,R32,32,3,Rezai A.,Jankovic J.,19,8,2575,4445.0,2,1,7,5,2,6,6,3,,,,,completed,2.37,1.53,2.25,1.71,2.4,1.71,2.21,1.63,2011_4_sydney_medibank_international,2011_4_sydney_medibank_international_2011-01-10_R32_rezai_a_jankovic_j
tennis_data_uk,wta,2011,4,Medibank International,Sydney,2011-01-11,premier,True,hard,R16,16,3,Li N.,Razzano V.,11,116,3555,597.0,2,1,6,4,1,6,6,4,,,,,completed,1.16,4.5,1.22,4.97,1.22,5.5,1.19,4.4,2011_4_sydney_medibank_international,2011_4_sydney_medibank_international_2011-01-11_R16_li_n_razzano_v
tennis_data_uk,wta,2011,4,Medibank International,Sydney,2011-01-11,premier,True,hard,R16,16,3,Cibulkova D.,Wozniacki C.,32,1,1905,8035.0,2,0,6,3,6,3,,,,,,,completed,5.0,1.14,4.93,1.22,5.0,1.26,4.5,1.19,2011_4_sydney_medibank_international,2011_4_sydney_medibank_international_2011-01-11_R16_cibulkova_d_wozniacki_c
tennis_data_uk,wta,2011,4,Medibank International,Sydney,2011-01-11,premier,True,hard,R16,16,3,Kleybanova A.,Martinez-Sanchez M.J.,26,29,2250,2010.0,2,0,6,2,6,4,,,,,,,completed,1.66,2.1,1.75,2.21,1.8,2.21,1.72,2.07,2011_4_sydney_medibank_international,2011_4_sydney_medibank_international_2011-01-11_R16_kleybanova_a_martinez_sanchez_m_j
tennis_data_uk,wta,2011,4,Medibank International,Sydney,2011-01-11,premier,True,hard,R16,16,3,Clijsters K.,Zahlavova Strycova B.,3,68,6355,950.0,2,0,6,1,6,4,,,,,,,completed,1.03,11.0,1.04,15.0,1.05,16.08,1.04,10.83,2011_4_sydney_medibank_international,2011_4_sydney_medibank_international_2011-01-11_R16_clijsters_k_zahlavova_strycova_b
tennis_data_uk,wta,2011,4,Medibank International,Sydney,2011-01-11,premier,True,hard,R16,16,3,Azarenka V.,Peer S.,10,12,4235,3355.0,2,0,7,5,6,3,,,,,,,completed,1.4,2.75,1.39,3.27,1.45,3.3,1.4,2.88,2011_4_sydney_medibank_international,2011_4_sydney_medibank_international_2011-01-11_R16_azarenka_v_peer_s
tennis_data_uk,wta,2011,4,Medibank International,Sydney,2011-01-11,premier,True,hard,R16,16,3,Pennetta F.,Zvonareva V.,24,2,2355,6785.0,2,0,7,5,7,5,,,,,,,completed,3.4,1.3,3.59,1.34,3.59,1.36,3.21,1.33,2011_4_sydney_medibank_international,2011_4_sydney_medibank_international_2011-01-11_R16_pennetta_f_zvonareva_v
tennis_data_uk,wta,2011,4,Medibank International,Sydney,2011-01-11,premier,True,hard,R16,16,3,Kuznetsova S.,Stosur S.,25,6,2250,4982.0,2,1,3,6,6,3,6,4,,,,,completed,2.5,1.5,2.5,1.6,2.55,1.62,2.35,1.57,2011_4_sydney_medibank_international,2011_4_sydney_medibank_international_2011-01-11_R16_kuznetsova_s_stosur_s
tennis_data_uk,wta,2011,4,Medibank International,Sydney,2011-01-11,premier,True,hard,R16,16,3,Jovanovski B.,Rezai A.,77,19,837,2575.0,2,0,7,6,7,6,,,,,,,completed,2.2,1.61,2.13,1.8,2.21,1.85,2.1,1.71,2011_4_sydney_medibank_international,2011_4_sydney_medibank_international_2011-01-11_R16_jovanovski_b_rezai_a
tennis_data_uk,wta,2011,4,Medibank International,Sydney,2011-01-12,premier,True,hard,QF,8,3,Li N.,Kuznetsova S.,11,25,3555,2250.0,2,1,3,6,7,6,6,3,,,,,completed,2.0,1.72,1.96,1.96,2.1,1.96,1.96,1.79,2011_4_sydney_medibank_international,2011_4_sydney_medibank_international_2011-01-12_QF_li_n_kuznetsova_s
tennis_data_uk,wta,2011,4,Medibank International,Sydney,2011-01-12,premier,True,hard,QF,8,3,Jovanovski B.,Pennetta F.,77,24,837,2355.0,2,0,6,4,6,1,,,,,,,completed,3.75,1.25,4.03,1.3,4.03,1.36,3.56,1.29,2011_4_sydney_medibank_international,2011_4_sydney_medibank_international_2011-01-12_QF_jovanovski_b_pennetta_f
tennis_data_uk,wta,2011,4,Medibank International,Sydney,2011-01-12,premier,True,hard,QF,8,3,Clijsters K.,Azarenka V.,3,10,6355,4235.0,2,0,6,3,6,2,,,,,,,completed,1.28,3.5,1.37,3.39,1.38,3.5,1.32,3.25,2011_4_sydney_medibank_international,2011_4_sydney_medibank_international_2011-01-12_QF_clijsters_k_azarenka_v
tennis_data_uk,wta,2011,4,Medibank International,Sydney,2011-01-12,premier,True,hard,QF,8,3,Kleybanova A.,Cibulkova D.,26,32,2250,1905.0,2,1,6,3,5,7,6,2,,,,,completed,1.9,1.8,1.79,2.17,1.98,2.17,1.86,1.88,2011_4_sydney_medibank_international,2011_4_sydney_medibank_international_2011-01-12_QF_kleybanova_a_cibulkova_d
tennis_data_uk,wta,2011,4,Medibank International,Sydney,2011-01-13,premier,True,hard,SF,4,3,Li N.,Jovanovski B.,11,77,3555,837.0,2,0,7,6,6,3,,,,,,,completed,1.36,3.0,1.43,3.1,1.43,3.2,1.38,2.92,2011_4_sydney_medibank_international,2011_4_sydney_medibank_international_2011-01-13_SF_li_n_jovanovski_b
tennis_data_uk,wta,2011,4,Medibank International,Sydney,2011-01-13,premier,True,hard,SF,4,3,Clijsters K.,Kleybanova A.,3,26,6355,2250.0,2,1,4,6,6,3,7,6,,,,,completed,1.14,5.0,1.26,4.43,1.26,6.5,1.15,5.24,2011_4_sydney_medibank_international,2011_4_sydney_medibank_international_2011-01-13_SF_clijsters_k_kleybanova_a
tennis_data_uk,wta,2011,4,Medibank International,Sydney,2011-01-14,premier,True,hard,F,2,3,Li N.,Clijsters K.,11,3,3555,6355.0,2,0,7,6,6,3,,,,,,,completed,4.5,1.2,5.11,1.21,5.13,1.25,4.4,1.2,2011_4_sydney_medibank_international,2011_4_sydney_medibank_international_2011-01-14_F_li_n_clijsters_k
tennis_data_uk,wta,2011,5,Australian Open,Melbourne,2011-01-17,grand_slam,True,hard,R128,128,3,Goerges J.,Gallovits E.,38,78,1625,823.0,2,1,6,3,4,6,6,3,,,,,completed,1.12,5.5,1.17,5.98,1.17,6.4,1.14,5.25,2011_5_melbourne_australian_open,2011_5_melbourne_australian_open_2011-01-17_R128_goerges_j_gallovits_e
tennis_data_uk,wta,2011,5,Australian Open,Melbourne,2011-01-17,grand_slam,True,hard,R128,128,3,Brianti A.,Hradecka L.,87,111,756,636.0,2,0,6,4,7,5,,,,,,,completed,2.37,1.53,2.35,1.67,2.42,1.7,2.23,1.62,2011_5_melbourne_australian_open,2011_5_melbourne_australian_open_2011-01-17_R128_brianti_a_hradecka_l
tennis_data_uk,wta,2011,5,Australian Open,Melbourne,2011-01-17,grand_slam,True,hard,R128,128,3,Kanepi K.,Rybarikova M.,21,106,2460,661.0,2,1,2,6,6,4,6,3,,,,,completed,1.36,3.0,1.39,3.26,1.44,3.26,1.39,2.89,2011_5_melbourne_australian_open,2011_5_melbourne_australian_open_2011-01-17_R128_kanepi_k_rybarikova_m
tennis_data_uk,wta,2011,5,Australian Open,Melbourne,2011-01-17,grand_slam,True,hard,R128,128,3,Cibulkova D.,Kerber A.,32,45,1905,1346.0,2,1,6,2,6,7,6,4,,,,,completed,1.36,3.0,1.44,3.03,1.44,3.4,1.35,3.06,2011_5_melbourne_australian_open,2011_5_melbourne_australian_open_2011-01-17_R128_cibulkova_d_kerber_a
tennis_data_uk,wta,2011,5,Australian Open,Melbourne,2011-01-17,grand_slam,True,hard,R128,128,3,Schiavone F.,Parra Santonja A.,7,68,4835,972.0,2,1,6,7,6,2,6,4,,,,,completed,1.06,8.0,1.11,8.04,1.12,9.0,1.09,6.94,2011_5_melbourne_australian_open,2011_5_melbourne_australian_open_2011-01-17_R128_schiavone_f_parra_santonja_a
tennis_data_uk,wta,2011,5,Australian Open,Melbourne,2011-01-17,grand_slam,True,hard,R128,128,3,Rodina E.,Rogowska O.,108,259,649,209.0,2,0,6,3,6,1,,,,,,,completed,1.28,3.5,1.36,3.48,1.36,4.0,1.3,3.37,2011_5_melbourne_australian_open,2011_5_melbourne_australian_open_2011-01-17_R128_rodina_e_rogowska_o
tennis_data_uk,wta,2011,5,Australian Open,Melbourne,2011-01-17,grand_slam,True,hard,R128,128,3,Sharapova M.,Tanasugarn T.,16,65,2661,996.0,2,0,6,1,6,3,,,,,,,completed,1.08,7.0,1.13,7.55,1.13,8.4,1.1,6.49,2011_5_melbourne_australian_open,2011_5_melbourne_australian_open_2011-01-17_R128_sharapova_m_tanasugarn_t
tennis_data_uk,wta,2011,5,Australian Open,Melbourne,2011-01-17,grand_slam,True,hard,R128,128,3,Niculescu M.,Bacsinszky T.,85,50,771,1190.0,2,0,6,0,6,3,,,,,,,completed,2.2,1.61,2.17,1.78,2.25,1.8,2.13,1.68,2011_5_melbourne_australian_open,2011_5_melbourne_australian_open_2011-01-17_R128_niculescu_m_bacsinszky_t
tennis_data_uk,wta,2011,5,Australian Open,Melbourne,2011-01-17,grand_slam,True,hard,R128,128,3,Wozniacki C.,Dulko G.,1,52,8035,1144.0,2,0,6,3,6,4,,,,,,,completed,1.1,6.5,1.11,8.04,1.14,8.04,1.1,6.26,2011_5_melbourne_australian_open,2011_5_melbourne_australian_open_2011-01-17_R128_wozniacki_c_dulko_g
tennis_data_uk,wta,2011,5,Australian Open,Melbourne,2011-01-17,grand_slam,True,hard,R128,128,3,Scheepers C.,Sprem K.,107,95,649,708.0,2,1,4,6,6,4,6,2,,,,,completed,2.75,1.4,2.97,1.45,2.97,1.53,2.59,1.47,2011_5_melbourne_australian_open,2011_5_melbourne_australian_open_2011-01-17_R128_scheepers_c_sprem_k
tennis_data_uk,wta,2011,5,Australian Open,Melbourne,2011-01-17,grand_slam,True,hard,R128,128,3,Kulikova R.,Hantuchova D.,114,31,608,1945.0,2,1,7,6,3,6,9,7,,,,,completed,2.2,1.61,2.18,1.77,2.4,1.79,2.18,1.65,2011_5_melbourne_australian_open,2011_5_melbourne_australian_open_2011-01-17_R128_kulikova_r_hantuchova_d
tennis_data_uk,wta,2011,5,Australian Open,Melbourne,2011-01-17,grand_slam,True,hard,R128,128,3,Pironkova T.,Parmentier P.,36,105,1722,661.0,2,1,6,4,3,6,6,3,,,,,completed,1.22,4.0,1.31,3.83,1.31,4.1,1.25,3.74,2011_5_melbourne_australian_open,2011_5_melbourne_australian_open_2011-01-17_R128_pironkova_t_parmentier_p
tennis_data_uk,wta,2011,5,Australian Open,Melbourne,2011-01-17,grand_slam,True,hard,R128,128,3,Zahlavova S.,Voracova R.,97,80,701,810.0,2,0,6,3,6,1,,,,,,,completed,1.61,2.2,1.74,2.22,1.74,2.25,1.68,2.1,2011_5_melbourne_australian_open,2011_5_melbourne_australian_open_2011-01-17_R128_zahlavova_s_voracova_r
tennis_data_uk,wta,2011,5,Australian Open,Melbourne,2011-01-17,grand_slam,True,hard,R128,128,3,Marino R.,Namigata J.,104,113,662,632.0,2,1,6,2,4,6,6,3,,,,,completed,1.36,3.0,1.42,3.14,1.44,3.2,1.38,2.91,2011_5_melbourne_australian_open,2011_5_melbourne_australian_open_2011-01-17_R128_marino_r_namigata_j
tennis_data_uk,wta,2011,5,Australian Open,Melbourne,2011-01-17,grand_slam,True,hard,R128,128,3,Li N.,Arvidsson S.,11,51,3950,1166.0,2,0,6,1,7,5,,,,,,,completed,1.06,8.0,1.08,10.15,1.13,10.15,1.09,6.95,2011_5_melbourne_australian_open,2011_5_melbourne_australian_open_2011-01-17_R128_li_n_arvidsson_s
tennis_data_uk,wta,2011,5,Australian Open,Melbourne,2011-01-17,grand_slam,True,hard,R128,128,3,Razzano V.,Vesnina E.,100,53,676,1110.0,2,1,4,6,6,3,6,3,,,,,completed,2.0,1.72,2.06,1.85,2.2,1.85,2.05,1.71,2011_5_melbourne_australian_open,2011_5_melbourne_australian_open_2011-01-17_R128_razzano_v_vesnina_e
tennis_data_uk,wta,2011,5,Australian Open,Melbourne,2011-01-17,grand_slam,True,hard,R128,128,3,Petkovic A.,Craybas J.,33,101,1890,673.0,2,0,6,1,6,2,,,,,,,completed,1.06,8.0,1.09,9.16,1.13,9.16,1.09,6.78,2011_5_melbourne_australian_open,2011_5_melbourne_australian_open_2011-01-17_R128_petkovic_a_craybas_j
tennis_data_uk,wta,2011,5,Australian Open,Melbourne,2011-01-17,grand_slam,True,hard,R128,128,3,King V.,Paszek T.,88,90,751,744.0,2,1,6,7,6,0,6,3,,,,,completed,2.2,1.61,2.24,1.72,2.37,1.75,2.16,1.65,2011_5_melbourne_australian_open,2011_5_melbourne_australian_open_2011-01-17_R128_king_v_paszek_t
tennis_data_uk,wta,2011,5,Australian Open,Melbourne,2011-01-17,grand_slam,True,hard,R128,128,3,Bartoli M.,Garbin T.,17,86,2655,756.0,2,0,6,0,6,0,,,,,,,completed,1.04,10.0,1.05,13.0,1.08,13.0,1.06,8.97,2011_5_melbourne_australian_open,2011_5_melbourne_australian_open_2011-01-17_R128_bartoli_m_garbin_t
tennis_data_uk,wta,2011,5,Australian Open,Melbourne,2011-01-17,grand_slam,True,hard,R128,128,3,Williams V.,Errani S.,5,42,4985,1400.0,2,0,6,3,6,2,,,,,,,completed,1.22,4.0,1.25,4.42,1.29,5.0,1.23,4.0,2011_5_melbourne_australian_open,2011_5_melbourne_australian_open_2011-01-17_R128_williams_v_errani_s
tennis_data_uk,wta,2011,5,Australian Open,Melbourne,2011-01-17,grand_slam,True,hard,R128,128,3,Dokic J.,Ondraskova Z.,137,82,485,778.0,2,0,6,3,6,2,,,,,,,completed,1.4,2.75,1.37,3.42,1.5,3.42,1.39,2.9,2011_5_melbourne_australian_open,2011_5_melbourne_australian_open_2011-01-17_R128_dokic_j_ondraskova_z
tennis_data_uk,wta,2011,5,Australian Open,Melbourne,2011-01-17,grand_slam,True,hard,R128,128,3,Manasieva V.,Pous-Tio L.,146,109,437,649.0,2,0,7,5,6,2,,,,,,,completed,1.36,3.0,1.4,3.25,1.53,3.25,1.4,2.85,2011_5_melbourne_australian_open,2011_5_melbourne_australian_open_2011-01-17_R128_manasieva_v_pous_tio_l
tennis_data_uk,wta,2011,5,Australian Open,Melbourne,2011-01-17,grand_slam,True,hard,R128,128,3,Hlavackova A.,Mayr P.,99,102,687,669.0,2,0,7,5,6,4,,,,,,,completed,1.5,2.5,1.52,2.74,1.65,2.74,1.55,2.39,2011_5_melbourne_australian_open,2011_5_melbourne_australian_open_2011-01-17_R128_hlavackova_a_mayr_p
tennis_data_uk,wta,2011,5,Australian Open,Melbourne,2011-01-17,grand_slam,True,hard,R128,128,3,Baltacha E.,Hampton J.,55,132,1090,506.0,2,1,3,6,6,4,7,5,,,,,completed,1.5,2.5,1.62,2.46,1.65,2.58,1.57,2.36,2011_5_melbourne_australian_open,2011_5_melbourne_australian_open_2011-01-17_R128_baltacha_e_hampton_j
tennis_data_uk,wta,2011,5,Australian Open,Melbourne,2011-01-17,grand_slam,True,hard,R128,128,3,Zahlavova Strycova B.,Rezai A.,63,22,1000,2445.0,2,1,6,0,3,6,7,5,,,,,completed,2.1,1.66,2.23,1.74,2.27,1.85,2.12,1.68,2011_5_melbourne_australian_open,2011_5_melbourne_australian_open_2011-01-17_R128_zahlavova_strycova_b_rezai_a
tennis_data_uk,wta,2011,5,Australian Open,Melbourne,2011-01-17,grand_slam,True,hard,R128,128,3,Azarenka V.,Woerle K.,9,166,4155,364.0,2,0,6,0,6,2,,,,,,,completed,1.02,12.0,1.04,15.0,1.06,17.2,1.04,10.91,2011_5_melbourne_australian_open,2011_5_melbourne_australian_open_2011-01-17_R128_azarenka_v_woerle_k
tennis_data_uk,wta,2011,5,Australian Open,Melbourne,2011-01-17,grand_slam,True,hard,R128,128,3,Sevastova A.,Hercog P.,46,47,1335,1275.0,2,0,6,4,7,6,,,,,,,completed,1.53,2.37,1.64,2.42,1.66,2.65,1.59,2.29,2011_5_melbourne_australian_open,2011_5_melbourne_australian_open_2011-01-17_R128_sevastova_a_hercog_p
tennis_data_uk,wta,2011,5,Australian Open,Melbourne,2011-01-17,grand_slam,True,hard,R128,128,3,Henin J.,Mirza S.,13,145,3215,445.0,2,1,5,7,6,3,6,1,,,,,completed,1.03,11.0,1.06,11.75,1.07,12.81,1.05,9.05,2011_5_melbourne_australian_open,2011_5_melbourne_australian_open_2011-01-17_R128_henin_j_mirza_s
tennis_data_uk,wta,2011,5,Australian Open,Melbourne,2011-01-17,grand_slam,True,hard,R128,128,3,Kuznetsova S.,Riske A.,26,115,2310,605.0,2,0,6,3,6,2,,,,,,,completed,1.1,6.5,1.13,7.31,1.14,8.0,1.1,6.35,2011_5_melbourne_australian_open,2011_5_melbourne_australian_open_2011-01-17_R128_kuznetsova_s_riske_a
tennis_data_uk,wta,2011,5,Australian Open,Melbourne,2011-01-17,grand_slam,True,hard,R128,128,3,Wickmayer Y.,Groth J.,24,34,2370,1798.0,2,1,6,3,2,6,6,4,,,,,completed,2.1,1.66,2.11,1.81,2.11,2.0,1.98,1.77,2011_5_melbourne_australian_open,2011_5_melbourne_australian_open_2011-01-17_R128_wickmayer_y_groth_j
tennis_data_uk,wta,2011,5,Australian Open,Melbourne,2011-01-17,grand_slam,True,hard,R128,128,3,Rus A.,Mattek-Sands B.,139,48,476,1209.0,2,1,6,1,3,6,7,5,,,,,completed,3.5,1.28,3.71,1.32,4.33,1.32,3.75,1.25,2011_5_melbourne_australian_open,2011_5_melbourne_australian_open_2011-01-17_R128_rus_a_mattek_sands_b
tennis_data_uk,wta,2011,5,Australian Open,Melbourne,2011-01-17,grand_slam,True,hard,R128,128,3,Keothavong A.,Rodionova Ar.,118,185,577,318.0,2,0,7,5,6,4,,,,,,,completed,1.28,3.5,1.33,3.69,1.4,3.74,1.33,3.17,2011_5_melbourne_australian_open,2011_5_melbourne_australian_open_2011-01-17_R128_keothavong_a_rodionova_ar
tennis_data_uk,wta,2011,5,Australian Open,Melbourne,2011-01-18,grand_slam,True,hard,R128,128,3,Martic P.,Ferguson S.,140,123,473,565.0,2,1,7,6,0,6,6,3,,,,,completed,1.4,2.75,1.53,2.69,1.53,2.94,1.45,2.65,2011_5_melbourne_australian_open,2011_5_melbourne_australian_open_2011-01-18_R128_martic_p_ferguson_s
tennis_data_uk,wta,2011,5,Australian Open,Melbourne,2011-01-18,grand_slam,True,hard,R128,128,3,Kvitova P.,Peers S.,28,151,2018,402.0,2,0,6,2,6,4,,,,,,,completed,1.05,9.0,1.11,8.36,1.11,10.0,1.07,7.91,2011_5_melbourne_australian_open,2011_5_melbourne_australian_open_2011-01-18_R128_kvitova_p_peers_s
tennis_data_uk,wta,2011,5,Australian Open,Melbourne,2011-01-18,grand_slam,True,hard,R128,128,3,Zvonareva V.,Bammer S.,2,70,6785,904.0,2,0,6,2,6,1,,,,,,,completed,1.04,10.0,1.05,14.0,1.07,14.52,1.04,10.16,2011_5_melbourne_australian_open,2011_5_melbourne_australian_open_2011-01-18_R128_zvonareva_v_bammer_s
tennis_data_uk,wta,2011,5,Australian Open,Melbourne,2011-01-18,grand_slam,True,hard,R128,128,3,Peng S.,Bondarenko K.,54,92,1101,726.0,2,1,2,6,6,3,8,6,,,,,completed,1.44,2.62,1.57,2.59,1.57,2.85,1.46,2.64,2011_5_melbourne_australian_open,2011_5_melbourne_australian_open_2011-01-18_R128_peng_s_bondarenko_k
tennis_data_uk,wta,2011,5,Australian Open,Melbourne,2011-01-18,grand_slam,True,hard,R128,128,3,Radwanska A.,Date-Krumm K.,14,56,3000,1061.0,2,1,6,4,4,6,7,5,,,,,completed,1.5,2.5,1.52,2.73,1.73,2.73,1.56,2.37,2011_5_melbourne_australian_open,2011_5_melbourne_australian_open_2011-01-18_R128_radwanska_a_date_krumm_k
tennis_data_uk,wta,2011,5,Australian Open,Melbourne,2011-01-18,grand_slam,True,hard,R128,128,3,Dominguez Lino L.,Larsson J.,84,71,772,899.0,2,0,6,2,6,1,,,,,,,completed,2.37,1.53,2.51,1.6,2.6,1.75,2.25,1.61,2011_5_melbourne_australian_open,2011_5_melbourne_australian_open_2011-01-18_R128_dominguez_lino_l_larsson_j
tennis_data_uk,wta,2011,5,Australian Open,Melbourne,2011-01-18,grand_slam,True,hard,R128,128,3,Chakvetadze A.,Govortsova O.,57,73,1058,893.0,2,0,6,3,6,4,,,,,,,completed,1.83,1.83,1.93,1.97,1.93,2.14,1.73,2.03,2011_5_melbourne_australian_open,2011_5_melbourne_australian_open_2011-01-18_R128_chakvetadze_a_govortsova_o
tennis_data_uk,wta,2011,5,Australian Open,Melbourne,2011-01-18,grand_slam,True,hard,R128,128,3,Jovanovski B.,Chang K.C.,58,117,1037,585.0,2,0,7,5,6,1,,,,,,,completed,1.22,4.0,1.27,4.26,1.3,4.5,1.25,3.74,2011_5_melbourne_australian_open,2011_5_melbourne_australian_open_2011-01-18_R128_jovanovski_b_chang_k_c
tennis_data_uk,wta,2011,5,Australian Open,Melbourne,2011-01-18,grand_slam,True,hard,R128,128,3,Benesova I.,Medina Garrigues A.,60,81,1015,790.0,2,0,6,0,6,1,,,,,,,completed,1.44,2.62,1.58,2.56,1.6,2.7,1.52,2.45,2011_5_melbourne_australian_open,2011_5_melbourne_australian_open_2011-01-18_R128_benesova_i_medina_garrigues_a
tennis_data_uk,wta,2011,5,Australian Open,Melbourne,2011-01-18,grand_slam,True,hard,R128,128,3,Kirilenko M.,Oprandi R.,19,69,2540,917.0,2,1,6,3,5,7,8,6,,,,,completed,1.08,7.0,1.11,7.94,1.13,7.94,1.1,6.5,2011_5_melbourne_australian_open,2011_5_melbourne_australian_open_2011-01-18_R128_kirilenko_m_oprandi_r
tennis_data_uk,wta,2011,5,Australian Open,Melbourne,2011-01-18,grand_slam,True,hard,R128,128,3,Jankovic J.,Kudryavtseva A.,8,66,4445,990.0,2,0,6,0,7,6,,,,,,,completed,1.38,2.87,1.48,2.88,1.5,3.2,1.39,2.84,2011_5_melbourne_australian_open,2011_5_melbourne_australian_open_2011-01-18_R128_jankovic_j_kudryavtseva_a
tennis_data_uk,wta,2011,5,Australian Open,Melbourne,2011-01-18,grand_slam,True,hard,R128,128,3,Safarova L.,Zhang S.,35,91,1780,735.0,2,1,7,5,4,6,6,1,,,,,completed,1.22,4.0,1.29,3.97,1.29,4.5,1.24,3.85,2011_5_melbourne_australian_open,2011_5_melbourne_australian_open_2011-01-18_R128_safarova_l_zhang_s
tennis_data_uk,wta,2011,5,Australian Open,Melbourne,2011-01-18,grand_slam,True,hard,R128,128,3,Stosur S.,Davis L.,6,443,4982,79.0,2,0,6,1,6,1,,,,,,,completed,1.01,15.0,1.03,17.5,1.04,19.5,1.02,13.18,2011_5_melbourne_australian_open,2011_5_melbourne_australian_open_2011-01-18_R128_stosur_s_davis_l
tennis_data_uk,wta,2011,5,Australian Open,Melbourne,2011-01-18,grand_slam,True,hard,R128,128,3,Morita A.,Dulgheru A.,74,30,873,2000.0,2,0,6,4,6,4,,,,,,,completed,2.37,1.53,2.42,1.64,2.52,1.64,2.41,1.54,2011_5_melbourne_australian_open,2011_5_melbourne_australian_open_2011-01-18_R128_morita_a_dulgheru_a
tennis_data_uk,wta,2011,5,Australian Open,Melbourne,2011-01-18,grand_slam,True,hard,R128,128,3,Cornet A.,Vandeweghe C.,83,116,775,600.0,2,0,6,2,6,1,,,,,,,completed,2.37,1.53,2.41,1.64,2.5,1.66,2.31,1.57,2011_5_melbourne_australian_open,2011_5_melbourne_australian_open_2011-01-18_R128_cornet_a_vandeweghe_c
tennis_data_uk,wta,2011,5,Australian Open,Melbourne,2011-01-18,grand_slam,True,hard,R128,128,3,Pennetta F.,Rodionova An.,25,67,2355,975.0,2,0,6,2,6,1,,,,,,,completed,1.11,6.0,1.13,7.21,1.17,7.21,1.13,5.67,2011_5_melbourne_australian_open,2011_5_melbourne_australian_open_2011-01-18_R128_pennetta_f_rodionova_an
tennis_data_uk,wta,2011,5,Australian Open,Melbourne,2011-01-18,grand_slam,True,hard,R128,128,3,Petrova N.,Pervak K.,15,96,2702,701.0,2,0,6,2,6,1,,,,,,,completed,1.53,2.37,1.56,2.61,1.63,2.61,1.57,2.34,2011_5_melbourne_australian_open,2011_5_melbourne_australian_open_2011-01-18_R128_petrova_n_pervak_k
tennis_data_uk,wta,2011,5,Australian Open,Melbourne,2011-01-18,grand_slam,True,hard,R128,128,3,Molik A.,Vinci R.,134,37,497,1630.0,2,1,1,6,6,3,8,6,,,,,completed,4.0,1.22,4.5,1.25,4.61,1.3,3.9,1.24,2011_5_melbourne_australian_open,2011_5_melbourne_australian_open_2011-01-18_R128_molik_a_vinci_r
tennis_data_uk,wta,2011,5,Australian Open,Melbourne,2011-01-18,grand_slam,True,hard,R128,128,3,Halep S.,Kremer A.,77,196,837,297.0,2,1,6,3,3,6,6,2,,,,,completed,1.5,2.5,1.54,2.66,1.57,2.7,1.51,2.51,2011_5_melbourne_australian_open,2011_5_melbourne_australian_open_2011-01-18_R128_halep_s_kremer_a
tennis_data_uk,wta,2011,5,Australian Open,Melbourne,2011-01-18,grand_slam,True,hard,R128,128,3,Cirstea S.,Lucic M.,94,98,710,694.0,2,0,6,4,6,2,,,,,,,completed,1.61,2.2,1.64,2.41,1.65,2.6,1.59,2.29,2011_5_melbourne_australian_open,2011_5_melbourne_australian_open_2011-01-18_R128_cirstea_s_lucic_m
tennis_data_uk,wta,2011,5,Australian Open,Melbourne,2011-01-18,grand_slam,True,hard,R128,128,3,Martinez-Sanchez M.J.,Arn G.,29,59,2010,1029.0,2,1,6,3,4,6,6,2,,,,,completed,1.72,2.0,1.69,2.29,1.77,2.29,1.7,2.08,2011_5_melbourne_australian_open,2011_5_melbourne_australian_open_2011-01-18_R128_martinez_sanchez_m_j_arn_g
tennis_data_uk,wta,2011,5,Australian Open,Melbourne,2011-01-18,grand_slam,True,hard,R128,128,3,Garcia C.,Lepchenko V.,275,76,187,851.0,2,1,7,5,4,6,6,3,,,,,completed,4.5,1.16,5.31,1.2,5.3,1.25,4.46,1.19,2011_5_melbourne_australian_open,2011_5_melbourne_australian_open_2011-01-18_R128_garcia_c_lepchenko_v
tennis_data_uk,wta,2011,5,Australian Open,Melbourne,2011-01-18,grand_slam,True,hard,R128,128,3,Zakopalova K.,Oudin M.,40,64,1585,998.0,2,1,6,1,3,6,6,1,,,,,completed,1.61,2.2,1.83,2.1,1.83,2.25,1.7,2.09,2011_5_melbourne_australian_open,2011_5_melbourne_australian_open_2011-01-18_R128_zakopalova_k_oudin_m
tennis_data_uk,wta,2011,5,Australian Open,Melbourne,2011-01-18,grand_slam,True,hard,R128,128,3,Kleybanova A.,Falconi I.,23,184,2390,319.0,2,0,6,1,6,0,,,,,,,completed,1.06,8.0,1.09,8.91,1.1,9.35,1.07,7.75,2011_5_melbourne_australian_open,2011_5_melbourne_australian_open_2011-01-18_R128_kleybanova_a_falconi_i
tennis_data_uk,wta,2011,5,Australian Open,Melbourne,2011-01-18,grand_slam,True,hard,R128,128,3,Makarova E.,Ivanovic A.,49,20,1191,2500.0,2,1,3,6,6,4,10,8,,,,,completed,4.5,1.16,4.85,1.22,4.9,1.25,4.27,1.2,2011_5_melbourne_australian_open,2011_5_melbourne_australian_open_2011-01-18_R128_makarova_e_ivanovic_a
tennis_data_uk,wta,2011,5,Australian Open,Melbourne,2011-01-18,grand_slam,True,hard,R128,128,3,Tsurenko L.,Schnyder P.,157,44,378,1350.0,2,0,6,2,6,3,,,,,,,completed,2.62,1.44,2.53,1.59,2.95,1.62,2.55,1.5,2011_5_melbourne_australian_open,2011_5_melbourne_australian_open_2011-01-18_R128_tsurenko_l_schnyder_p
tennis_data_uk,wta,2011,5,Australian Open,Melbourne,2011-01-18,grand_slam,True,hard,R128,128,3,Peer S.,Johansson M.,12,103,3225,669.0,2,0,6,1,6,1,,,,,,,completed,1.05,9.0,1.08,10.15,1.08,11.0,1.06,8.89,2011_5_melbourne_australian_open,2011_5_melbourne_australian_open_2011-01-18_R128_peer_s_johansson_m
tennis_data_uk,wta,2011,5,Australian Open,Melbourne,2011-01-18,grand_slam,True,hard,R128,128,3,Barrois K.,Amanmuradova A.,79,72,810,893.0,2,0,6,4,6,2,,,,,,,completed,2.0,1.72,2.13,1.8,2.2,1.82,2.04,1.74,2011_5_melbourne_australian_open,2011_5_melbourne_australian_open_2011-01-18_R128_barrois_k_amanmuradova_a
tennis_data_uk,wta,2011,5,Australian Open,Melbourne,2011-01-18,grand_slam,True,hard,R128,128,3,Dushevina V.,Camerin M.E.,61,112,1000,632.0,2,1,6,3,3,6,6,1,,,,,completed,1.25,3.75,1.24,4.58,1.29,4.58,1.24,3.88,2011_5_melbourne_australian_open,2011_5_melbourne_australian_open_2011-01-18_R128_dushevina_v_camerin_m_e
tennis_data_uk,wta,2011,5,Australian Open,Melbourne,2011-01-18,grand_slam,True,hard,R128,128,3,Suarez Navarro C.,Mchale C.,62,110,1000,642.0,2,1,4,6,6,3,6,4,,,,,completed,1.57,2.25,1.67,2.35,1.74,2.35,1.66,2.15,2011_5_melbourne_australian_open,2011_5_melbourne_australian_open_2011-01-18_R128_suarez_navarro_c_mchale_c
tennis_data_uk,wta,2011,5,Australian Open,Melbourne,2011-01-18,grand_slam,True,hard,R128,128,3,Clijsters K.,Safina D.,3,75,6675,867.0,2,0,6,0,6,0,,,,,,,completed,1.06,8.0,1.08,9.65,1.1,10.55,1.07,7.94,2011_5_melbourne_australian_open,2011_5_melbourne_australian_open_2011-01-18_R128_clijsters_k_safina_d
tennis_data_uk,wta,2011,5,Australian Open,Melbourne,2011-01-18,grand_slam,True,hard,R128,128,3,Pavlyuchenkova A.,Flipkens K.,18,89,2585,744.0,2,0,6,4,7,6,,,,,,,completed,1.14,5.0,1.19,5.42,1.2,5.8,1.17,4.85,2011_5_melbourne_australian_open,2011_5_melbourne_australian_open_2011-01-18_R128_pavlyuchenkova_a_flipkens_k
tennis_data_uk,wta,2011,5,Australian Open,Melbourne,2011-01-19,grand_slam,True,hard,R64,64,3,Henin J.,Baltacha E.,13,55,3215,1090.0,2,0,6,1,6,3,,,,,,,completed,1.03,11.0,1.05,13.0,1.05,17.34,1.03,11.92,2011_5_melbourne_australian_open,2011_5_melbourne_australian_open_2011-01-19_R64_henin_j_baltacha_e
tennis_data_uk,wta,2011,5,Australian Open,Melbourne,2011-01-19,grand_slam,True,hard,R64,64,3,Scheepers C.,Kulikova R.,107,114,649,608.0,2,1,6,4,4,6,7,5,,,,,completed,3.75,1.25,4.3,1.26,4.3,1.33,3.63,1.27,2011_5_melbourne_australian_open,2011_5_melbourne_australian_open_2011-01-19_R64_scheepers_c_kulikova_r
tennis_data_uk,wta,2011,5,Australian Open,Melbourne,2011-01-19,grand_slam,True,hard,R64,64,3,Wozniacki C.,King V.,1,88,8035,751.0,2,0,6,1,6,0,,,,,,,completed,1.03,11.0,1.05,14.0,1.07,16.94,1.04,10.51,2011_5_melbourne_australian_open,2011_5_melbourne_australian_open_2011-01-19_R64_wozniacki_c_king_v
tennis_data_uk,wta,2011,5,Australian Open,Melbourne,2011-01-19,grand_slam,True,hard,R64,64,3,Kuznetsova S.,Rus A.,26,139,2310,476.0,2,0,6,1,6,4,,,,,,,completed,1.07,7.5,1.18,5.76,1.18,8.2,1.11,6.36,2011_5_melbourne_australian_open,2011_5_melbourne_australian_open_2011-01-19_R64_kuznetsova_s_rus_a
tennis_data_uk,wta,2011,5,Australian Open,Melbourne,2011-01-19,grand_slam,True,hard,R64,64,3,Azarenka V.,Hlavackova A.,9,99,4155,687.0,2,0,6,4,6,4,,,,,,,completed,1.02,12.0,1.03,18.0,1.05,18.16,1.03,12.76,2011_5_melbourne_australian_open,2011_5_melbourne_australian_open_2011-01-19_R64_azarenka_v_hlavackova_a
tennis_data_uk,wta,2011,5,Australian Open,Melbourne,2011-01-19,grand_slam,True,hard,R64,64,3,Cibulkova D.,Brianti A.,32,87,1905,756.0,2,1,6,1,4,6,6,2,,,,,completed,1.14,5.0,1.16,6.2,1.18,6.5,1.15,5.25,2011_5_melbourne_australian_open,2011_5_melbourne_australian_open_2011-01-19_R64_cibulkova_d_brianti_a
tennis_data_uk,wta,2011,5,Australian Open,Melbourne,2011-01-19,grand_slam,True,hard,R64,64,3,Williams V.,Zahlavova S.,5,97,4985,701.0,2,1,6,7,6,0,6,4,,,,,completed,1.04,10.0,1.05,13.0,1.07,14.11,1.04,10.02,2011_5_melbourne_australian_open,2011_5_melbourne_australian_open_2011-01-19_R64_williams_v_zahlavova_s
tennis_data_uk,wta,2011,5,Australian Open,Melbourne,2011-01-19,grand_slam,True,hard,R64,64,3,Goerges J.,Kanepi K.,38,21,1625,2460.0,2,1,6,4,3,6,6,4,,,,,completed,1.83,1.83,1.88,2.02,1.91,2.02,1.82,1.92,2011_5_melbourne_australian_open,2011_5_melbourne_australian_open_2011-01-19_R64_goerges_j_kanepi_k
tennis_data_uk,wta,2011,5,Australian Open,Melbourne,2011-01-19,grand_slam,True,hard,R64,64,3,Manasieva V.,Bartoli M.,146,17,437,2655.0,2,1,3,6,6,3,6,0,,,,,completed,7.0,1.08,7.21,1.13,7.5,1.13,6.39,1.1,2011_5_melbourne_australian_open,2011_5_melbourne_australian_open_2011-01-19_R64_manasieva_v_bartoli_m
tennis_data_uk,wta,2011,5,Australian Open,Melbourne,2011-01-19,grand_slam,True,hard,R64,64,3,Schiavone F.,Marino R.,7,104,4835,662.0,2,1,6,3,5,7,9,7,,,,,completed,1.25,3.75,1.39,3.27,1.39,4.0,1.28,3.55,2011_5_melbourne_australian_open,2011_5_melbourne_australian_open_2011-01-19_R64_schiavone_f_marino_r
tennis_data_uk,wta,2011,5,Australian Open,Melbourne,2011-01-19,grand_slam,True,hard,R64,64,3,Sharapova M.,Razzano V.,16,100,2661,676.0,2,0,7,6,6,3,,,,,,,completed,1.28,3.5,1.4,3.22,1.4,3.75,1.31,3.36,2011_5_melbourne_australian_open,2011_5_melbourne_australian_open_2011-01-19_R64_sharapova_m_razzano_v
tennis_data_uk,wta,2011,5,Australian Open,Melbourne,2011-01-19,grand_slam,True,hard,R64,64,3,Niculescu M.,Pironkova T.,85,36,771,1722.0,2,0,6,4,6,1,,,,,,,completed,1.83,1.83,1.93,1.97,2.0,1.97,1.9,1.83,2011_5_melbourne_australian_open,2011_5_melbourne_australian_open_2011-01-19_R64_niculescu_m_pironkova_t
tennis_data_uk,wta,2011,5,Australian Open,Melbourne,2011-01-19,grand_slam,True,hard,R64,64,3,Sevastova A.,Wickmayer Y.,46,24,1335,2370.0,2,0,6,4,6,2,,,,,,,completed,3.5,1.28,3.73,1.32,4.0,1.33,3.54,1.28,2011_5_melbourne_australian_open,2011_5_melbourne_australian_open_2011-01-19_R64_sevastova_a_wickmayer_y
tennis_data_uk,wta,2011,5,Australian Open,Melbourne,2011-01-19,grand_slam,True,hard,R64,64,3,Li N.,Rodina E.,11,108,3950,649.0,2,0,6,3,6,2,,,,,,,completed,1.05,9.0,1.06,11.75,1.08,12.0,1.05,9.24,2011_5_melbourne_australian_open,2011_5_melbourne_australian_open_2011-01-19_R64_li_n_rodina_e
tennis_data_uk,wta,2011,5,Australian Open,Melbourne,2011-01-19,grand_slam,True,hard,R64,64,3,Zahlavova Strycova B.,Dokic J.,63,137,1000,485.0,2,0,7,6,6,1,,,,,,,completed,1.53,2.37,1.53,2.71,1.63,2.71,1.57,2.32,2011_5_melbourne_australian_open,2011_5_melbourne_australian_open_2011-01-19_R64_zahlavova_strycova_b_dokic_j
tennis_data_uk,wta,2011,5,Australian Open,Melbourne,2011-01-19,grand_slam,True,hard,R64,64,3,Petkovic A.,Keothavong A.,33,118,1890,577.0,2,1,2,6,7,5,6,0,,,,,completed,1.1,6.5,1.11,8.23,1.13,8.23,1.1,6.5,2011_5_melbourne_australian_open,2011_5_melbourne_australian_open_2011-01-19_R64_petkovic_a_keothavong_a
tennis_data_uk,wta,2011,5,Australian Open,Melbourne,2011-01-20,grand_slam,True,hard,R64,64,3,Peer S.,Cirstea S.,12,94,3225,710.0,2,0,6,3,6,2,,,,,,,completed,1.14,5.0,1.24,4.65,1.24,5.25,1.18,4.52,2011_5_melbourne_australian_open,2011_5_melbourne_australian_open_2011-01-20_R64_peer_s_cirstea_s
tennis_data_uk,wta,2011,5,Australian Open,Melbourne,2011-01-20,grand_slam,True,hard,R64,64,3,Morita A.,Garcia C.,74,275,873,187.0,2,0,6,4,6,4,,,,,,,completed,1.25,3.75,1.31,3.81,1.34,3.9,1.29,3.47,2011_5_melbourne_australian_open,2011_5_melbourne_australian_open_2011-01-20_R64_morita_a_garcia_c
tennis_data_uk,wta,2011,5,Australian Open,Melbourne,2011-01-20,grand_slam,True,hard,R64,64,3,Clijsters K.,Suarez Navarro C.,3,62,6675,1000.0,2,0,6,1,6,3,,,,,,,completed,1.01,13.0,1.02,23.0,1.03,35.0,1.02,16.04,2011_5_melbourne_australian_open,2011_5_melbourne_australian_open_2011-01-20_R64_clijsters_k_suarez_navarro_c
tennis_data_uk,wta,2011,5,Australian Open,Melbourne,2011-01-20,grand_slam,True,hard,R64,64,3,Pennetta F.,Dominguez Lino L.,25,84,2355,772.0,2,0,6,2,6,2,,,,,,,completed,1.05,9.0,1.06,11.75,1.08,11.75,1.05,8.93,2011_5_melbourne_australian_open,2011_5_melbourne_australian_open_2011-01-20_R64_pennetta_f_dominguez_lino_l
tennis_data_uk,wta,2011,5,Australian Open,Melbourne,2011-01-20,grand_slam,True,hard,R64,64,3,Peng S.,Jankovic J.,54,8,1101,4445.0,2,0,7,6,6,3,,,,,,,completed,2.5,1.5,2.53,1.59,2.65,1.7,2.35,1.56,2011_5_melbourne_australian_open,2011_5_melbourne_australian_open_2011-01-20_R64_peng_s_jankovic_j
tennis_data_uk,wta,2011,5,Australian Open,Melbourne,2011-01-20,grand_slam,True,hard,R64,64,3,Halep S.,Kleybanova A.,77,23,837,2390.0,2,0,6,4,7,6,,,,,,,completed,7.0,1.08,7.71,1.13,8.1,1.15,6.18,1.11,2011_5_melbourne_australian_open,2011_5_melbourne_australian_open_2011-01-20_R64_halep_s_kleybanova_a
tennis_data_uk,wta,2011,5,Australian Open,Melbourne,2011-01-20,grand_slam,True,hard,R64,64,3,Kvitova P.,Chakvetadze A.,28,57,2018,1058.0,2,0,6,3,6,4,,,,,,,completed,1.28,3.5,1.31,3.81,1.4,3.81,1.34,3.11,2011_5_melbourne_australian_open,2011_5_melbourne_australian_open_2011-01-20_R64_kvitova_p_chakvetadze_a
tennis_data_uk,wta,2011,5,Australian Open,Melbourne,2011-01-20,grand_slam,True,hard,R64,64,3,Radwanska A.,Martic P.,14,140,3000,473.0,2,0,6,3,6,4,,,,,,,completed,1.33,3.25,1.35,3.52,1.45,3.52,1.38,2.92,2011_5_melbourne_australian_open,2011_5_melbourne_australian_open_2011-01-20_R64_radwanska_a_martic_p
tennis_data_uk,wta,2011,5,Australian Open,Melbourne,2011-01-20,grand_slam,True,hard,R64,64,3,Benesova I.,Kirilenko M.,60,19,1015,2540.0,2,0,6,3,6,1,,,,,,,completed,2.75,1.4,2.82,1.49,2.9,1.5,2.68,1.44,2011_5_melbourne_australian_open,2011_5_melbourne_australian_open_2011-01-20_R64_benesova_i_kirilenko_m
tennis_data_uk,wta,2011,5,Australian Open,Melbourne,2011-01-20,grand_slam,True,hard,R64,64,3,Cornet A.,Martinez-Sanchez M.J.,83,29,775,2010.0,2,0,7,5,6,1,,,,,,,completed,3.0,1.36,3.17,1.41,3.5,1.42,2.98,1.37,2011_5_melbourne_australian_open,2011_5_melbourne_australian_open_2011-01-20_R64_cornet_a_martinez_sanchez_m_j
tennis_data_uk,wta,2011,5,Australian Open,Melbourne,2011-01-20,grand_slam,True,hard,R64,64,3,Petrova N.,Molik A.,15,134,2702,497.0,2,0,6,4,6,1,,,,,,,completed,1.16,4.5,1.18,5.76,1.25,5.76,1.19,4.47,2011_5_melbourne_australian_open,2011_5_melbourne_australian_open_2011-01-20_R64_petrova_n_molik_a
tennis_data_uk,wta,2011,5,Australian Open,Melbourne,2011-01-20,grand_slam,True,hard,R64,64,3,Pavlyuchenkova A.,Barrois K.,18,79,2585,810.0,2,0,6,2,6,2,,,,,,,completed,1.11,6.0,1.15,6.34,1.17,6.63,1.13,5.62,2011_5_melbourne_australian_open,2011_5_melbourne_australian_open_2011-01-20_R64_pavlyuchenkova_a_barrois_k
tennis_data_uk,wta,2011,5,Australian Open,Melbourne,2011-01-20,grand_slam,True,hard,R64,64,3,Zvonareva V.,Jovanovski B.,2,58,6785,1037.0,2,1,2,6,6,3,6,1,,,,,completed,1.11,6.0,1.15,6.52,1.17,7.0,1.12,5.76,2011_5_melbourne_australian_open,2011_5_melbourne_australian_open_2011-01-20_R64_zvonareva_v_jovanovski_b
tennis_data_uk,wta,2011,5,Australian Open,Melbourne,2011-01-20,grand_slam,True,hard,R64,64,3,Makarova E.,Tsurenko L.,49,157,1191,378.0,2,0,7,6,6,1,,,,,,,completed,1.22,4.0,1.26,4.38,1.3,4.38,1.25,3.78,2011_5_melbourne_australian_open,2011_5_melbourne_australian_open_2011-01-20_R64_makarova_e_tsurenko_l
tennis_data_uk,wta,2011,5,Australian Open,Melbourne,2011-01-20,grand_slam,True,hard,R64,64,3,Safarova L.,Zakopalova K.,35,40,1780,1585.0,2,1,6,3,6,7,7,5,,,,,completed,1.72,2.0,1.67,2.36,1.9,2.55,1.77,1.97,2011_5_melbourne_australian_open,2011_5_melbourne_australian_open_2011-01-20_R64_safarova_l_zakopalova_k
tennis_data_uk,wta,2011,5,Australian Open,Melbourne,2011-01-20,grand_slam,True,hard,R64,64,3,Stosur S.,Dushevina V.,6,61,4982,1000.0,2,0,6,3,6,2,,,,,,,completed,1.11,6.0,1.18,5.72,1.18,6.0,1.15,5.12,2011_5_melbourne_australian_open,2011_5_melbourne_australian_open_2011-01-20_R64_stosur_s_dushevina_v
tennis_data_uk,wta,2011,5,Australian Open,Melbourne,2011-01-21,grand_slam,True,hard,R32,32,3,Schiavone F.,Niculescu M.,7,85,4835,771.0,2,0,6,0,7,6,,,,,,,completed,1.5,2.5,1.63,2.47,1.63,2.65,1.55,2.38,2011_5_melbourne_australian_open,2011_5_melbourne_australian_open_2011-01-21_R32_schiavone_f_niculescu_m
tennis_data_uk,wta,2011,5,Australian Open,Melbourne,2011-01-21,grand_slam,True,hard,R32,32,3,Sevastova A.,Manasieva V.,46,146,1335,437.0,2,0,6,1,6,3,,,,,,,completed,1.61,2.2,1.7,2.31,1.77,2.5,1.64,2.19,2011_5_melbourne_australian_open,2011_5_melbourne_australian_open_2011-01-21_R32_sevastova_a_manasieva_v
tennis_data_uk,wta,2011,5,Australian Open,Melbourne,2011-01-21,grand_slam,True,hard,R32,32,3,Wozniacki C.,Cibulkova D.,1,32,8035,1905.0,2,0,6,4,6,3,,,,,,,completed,1.14,5.0,1.22,5.09,1.25,5.2,1.19,4.5,2011_5_melbourne_australian_open,2011_5_melbourne_australian_open_2011-01-21_R32_wozniacki_c_cibulkova_d
tennis_data_uk,wta,2011,5,Australian Open,Melbourne,2011-01-21,grand_slam,True,hard,R32,32,3,Li N.,Zahlavova Strycova B.,11,63,3950,1000.0,2,0,6,2,6,1,,,,,,,completed,1.11,6.0,1.16,6.35,1.2,6.79,1.14,5.33,2011_5_melbourne_australian_open,2011_5_melbourne_australian_open_2011-01-21_R32_li_n_zahlavova_strycova_b
tennis_data_uk,wta,2011,5,Australian Open,Melbourne,2011-01-21,grand_slam,True,hard,R32,32,3,Kuznetsova S.,Henin J.,26,13,2310,3215.0,2,0,6,4,7,6,,,,,,,completed,3.25,1.33,3.21,1.41,3.35,1.42,3.1,1.35,2011_5_melbourne_australian_open,2011_5_melbourne_australian_open_2011-01-21_R32_kuznetsova_s_henin_j
tennis_data_uk,wta,2011,5,Australian Open,Melbourne,2011-01-21,grand_slam,True,hard,R32,32,3,Azarenka V.,Scheepers C.,9,107,4155,649.0,2,0,6,3,6,3,,,,,,,completed,1.03,11.0,1.06,13.5,1.07,13.74,1.05,9.62,2011_5_melbourne_australian_open,2011_5_melbourne_australian_open_2011-01-21_R32_azarenka_v_scheepers_c
tennis_data_uk,wta,2011,5,Australian Open,Melbourne,2011-01-21,grand_slam,True,hard,R32,32,3,Sharapova M.,Goerges J.,16,38,2661,1625.0,2,1,4,6,6,4,6,4,,,,,completed,1.36,3.0,1.33,3.71,1.44,3.71,1.38,2.98,2011_5_melbourne_australian_open,2011_5_melbourne_australian_open_2011-01-21_R32_sharapova_m_goerges_j
tennis_data_uk,wta,2011,5,Australian Open,Melbourne,2011-01-21,grand_slam,True,hard,R32,32,3,Petkovic A.,Williams V.,33,5,1890,4985.0,0,0,1,0,,,,,,,,,retired,1.83,1.83,1.85,2.08,2.0,2.08,1.83,1.9,2011_5_melbourne_australian_open,2011_5_melbourne_australian_open_2011-01-21_R32_petkovic_a_williams_v
tennis_data_uk,wta,2011,5,Australian Open,Melbourne,2011-01-22,grand_slam,True,hard,R32,32,3,Radwanska A.,Halep S.,14,77,3000,837.0,2,0,6,1,6,2,,,,,,,completed,1.36,3.0,1.39,3.31,1.4,3.5,1.35,3.05,2011_5_melbourne_australian_open,2011_5_melbourne_australian_open_2011-01-22_R32_radwanska_a_halep_s
tennis_data_uk,wta,2011,5,Australian Open,Melbourne,2011-01-22,grand_slam,True,hard,R32,32,3,Zvonareva V.,Safarova L.,2,35,6785,1780.0,2,0,6,3,7,6,,,,,,,completed,1.11,6.0,1.14,7.03,1.18,7.2,1.12,5.72,2011_5_melbourne_australian_open,2011_5_melbourne_australian_open_2011-01-22_R32_zvonareva_v_safarova_l
tennis_data_uk,wta,2011,5,Australian Open,Melbourne,2011-01-22,grand_slam,True,hard,R32,32,3,Benesova I.,Pavlyuchenkova A.,60,18,1015,2585.0,2,1,6,3,1,6,7,5,,,,,completed,3.25,1.33,3.88,1.31,3.88,1.38,3.14,1.34,2011_5_melbourne_australian_open,2011_5_melbourne_australian_open_2011-01-22_R32_benesova_i_pavlyuchenkova_a
tennis_data_uk,wta,2011,5,Australian Open,Melbourne,2011-01-22,grand_slam,True,hard,R32,32,3,Peng S.,Morita A.,54,74,1101,873.0,2,1,6,1,3,6,6,3,,,,,completed,1.2,4.33,1.22,4.96,1.3,5.2,1.23,3.96,2011_5_melbourne_australian_open,2011_5_melbourne_australian_open_2011-01-22_R32_peng_s_morita_a
tennis_data_uk,wta,2011,5,Australian Open,Melbourne,2011-01-22,grand_slam,True,hard,R32,32,3,Makarova E.,Petrova N.,49,15,1191,2702.0,2,1,6,2,3,6,8,6,,,,,completed,2.25,1.57,2.52,1.61,2.52,1.64,2.31,1.59,2011_5_melbourne_australian_open,2011_5_melbourne_australian_open_2011-01-22_R32_makarova_e_petrova_n
tennis_data_uk,wta,2011,5,Australian Open,Melbourne,2011-01-22,grand_slam,True,hard,R32,32,3,Clijsters K.,Cornet A.,3,83,6675,775.0,2,0,7,6,6,3,,,,,,,completed,1.01,13.0,1.03,21.0,1.04,22.31,1.02,14.72,2011_5_melbourne_australian_open,2011_5_melbourne_australian_open_2011-01-22_R32_clijsters_k_cornet_a
tennis_data_uk,wta,2011,5,Australian Open,Melbourne,2011-01-22,grand_slam,True,hard,R32,32,3,Pennetta F.,Peer S.,25,12,2355,3225.0,2,1,3,6,7,6,6,4,,,,,completed,1.83,1.83,1.94,1.98,1.94,2.05,1.8,1.95,2011_5_melbourne_australian_open,2011_5_melbourne_australian_open_2011-01-22_R32_pennetta_f_peer_s
tennis_data_uk,wta,2011,5,Australian Open,Melbourne,2011-01-22,grand_slam,True,hard,R32,32,3,Kvitova P.,Stosur S.,28,6,2018,4982.0,2,0,7,6,6,3,,,,,,,completed,2.62,1.44,2.84,1.5,2.86,1.57,2.57,1.48,2011_5_melbourne_australian_open,2011_5_melbourne_australian_open_2011-01-22_R32_kvitova_p_stosur_s
tennis_data_uk,wta,2011,5,Australian Open,Melbourne,2011-01-23,grand_slam,True,hard,R16,16,3,Wozniacki C.,Sevastova A.,1,46,8035,1335.0,2,0,6,3,6,4,,,,,,,completed,1.07,7.5,1.11,8.53,1.14,9.4,1.09,6.86,2011_5_melbourne_australian_open,2011_5_melbourne_australian_open_2011-01-23_R16_wozniacki_c_sevastova_a
tennis_data_uk,wta,2011,5,Australian Open,Melbourne,2011-01-23,grand_slam,True,hard,R16,16,3,Li N.,Azarenka V.,11,9,3950,4155.0,2,0,6,3,6,3,,,,,,,completed,1.83,1.83,1.96,1.96,1.98,2.05,1.84,1.91,2011_5_melbourne_australian_open,2011_5_melbourne_australian_open_2011-01-23_R16_li_n_azarenka_v
tennis_data_uk,wta,2011,5,Australian Open,Melbourne,2011-01-23,grand_slam,True,hard,R16,16,3,Schiavone F.,Kuznetsova S.,7,26,4835,2310.0,2,1,6,4,1,6,16,14,,,,,completed,3.25,1.33,3.24,1.41,3.5,1.41,3.16,1.34,2011_5_melbourne_australian_open,2011_5_melbourne_australian_open_2011-01-23_R16_schiavone_f_kuznetsova_s
tennis_data_uk,wta,2011,5,Australian Open,Melbourne,2011-01-23,grand_slam,True,hard,R16,16,3,Petkovic A.,Sharapova M.,33,16,1890,2661.0,2,0,6,2,6,3,,,,,,,completed,2.5,1.5,2.62,1.57,2.8,1.58,2.48,1.52,2011_5_melbourne_australian_open,2011_5_melbourne_australian_open_2011-01-23_R16_petkovic_a_sharapova_m
tennis_data_uk,wta,2011,5,Australian Open,Melbourne,2011-01-24,grand_slam,True,hard,R16,16,3,Kvitova P.,Pennetta F.,28,25,2018,2355.0,2,1,3,6,6,3,6,3,,,,,completed,1.53,2.37,1.61,2.49,1.66,2.55,1.56,2.38,2011_5_melbourne_australian_open,2011_5_melbourne_australian_open_2011-01-24_R16_kvitova_p_pennetta_f
tennis_data_uk,wta,2011,5,Australian Open,Melbourne,2011-01-24,grand_slam,True,hard,R16,16,3,Zvonareva V.,Benesova I.,2,60,6785,1015.0,2,0,6,4,6,1,,,,,,,completed,1.08,7.0,1.1,8.88,1.13,8.88,1.1,6.69,2011_5_melbourne_australian_open,2011_5_melbourne_australian_open_2011-01-24_R16_zvonareva_v_benesova_i
tennis_data_uk,wta,2011,5,Australian Open,Melbourne,2011-01-24,grand_slam,True,hard,R16,16,3,Radwanska A.,Peng S.,14,54,3000,1101.0,2,1,7,5,3,6,7,5,,,,,completed,1.4,2.75,1.56,2.63,1.6,2.75,1.52,2.5,2011_5_melbourne_australian_open,2011_5_melbourne_australian_open_2011-01-24_R16_radwanska_a_peng_s
tennis_data_uk,wta,2011,5,Australian Open,Melbourne,2011-01-24,grand_slam,True,hard,R16,16,3,Clijsters K.,Makarova E.,3,49,6675,1191.0,2,0,7,6,6,2,,,,,,,completed,1.05,9.0,1.08,11.0,1.1,13.0,1.06,8.72,2011_5_melbourne_australian_open,2011_5_melbourne_australian_open_2011-01-24_R16_clijsters_k_makarova_e
tennis_data_uk,wta,2011,5,Australian Open,Melbourne,2011-01-25,grand_slam,True,hard,QF,8,3,Li N.,Petkovic A.,11,33,3950,1890.0,2,0,6,2,6,4,,,,,,,completed,1.36,3.2,1.39,3.35,1.47,3.35,1.38,2.96,2011_5_melbourne_australian_open,2011_5_melbourne_australian_open_2011-01-25_QF_li_n_petkovic_a
tennis_data_uk,wta,2011,5,Australian Open,Melbourne,2011-01-25,grand_slam,True,hard,QF,8,3,Wozniacki C.,Schiavone F.,1,7,8035,4835.0,2,1,3,6,6,3,6,3,,,,,completed,1.14,5.5,1.17,6.04,1.17,7.0,1.14,5.5,2011_5_melbourne_australian_open,2011_5_melbourne_australian_open_2011-01-25_QF_wozniacki_c_schiavone_f
tennis_data_uk,wta,2011,5,Australian Open,Melbourne,2011-01-26,grand_slam,True,hard,QF,8,3,Zvonareva V.,Kvitova P.,2,28,6785,2018.0,2,0,6,2,6,4,,,,,,,completed,1.44,2.75,1.52,2.76,1.6,2.88,1.47,2.62,2011_5_melbourne_australian_open,2011_5_melbourne_australian_open_2011-01-26_QF_zvonareva_v_kvitova_p
tennis_data_uk,wta,2011,5,Australian Open,Melbourne,2011-01-26,grand_slam,True,hard,QF,8,3,Clijsters K.,Radwanska A.,3,14,6675,3000.0,2,0,6,3,7,6,,,,,,,completed,1.08,7.5,1.1,8.97,1.13,9.4,1.09,6.97,2011_5_melbourne_australian_open,2011_5_melbourne_australian_open_2011-01-26_QF_clijsters_k_radwanska_a
tennis_data_uk,wta,2011,5,Australian Open,Melbourne,2011-01-27,grand_slam,True,hard,SF,4,3,Li N.,Wozniacki C.,11,1,3950,8035.0,2,1,3,6,7,5,6,3,,,,,completed,1.66,2.2,1.71,2.31,1.78,2.33,1.68,2.14,2011_5_melbourne_australian_open,2011_5_melbourne_australian_open_2011-01-27_SF_li_n_wozniacki_c
tennis_data_uk,wta,2011,5,Australian Open,Melbourne,2011-01-27,grand_slam,True,hard,SF,4,3,Clijsters K.,Zvonareva V.,3,2,6675,6785.0,2,0,6,3,6,3,,,,,,,completed,1.57,2.37,1.68,2.38,1.73,2.5,1.61,2.28,2011_5_melbourne_australian_open,2011_5_melbourne_australian_open_2011-01-27_SF_clijsters_k_zvonareva_v
tennis_data_uk,wta,2011,5,Australian Open,Melbourne,2011-01-29,grand_slam,True,hard,F,2,3,Clijsters K.,Li N.,3,11,6675,3950.0,2,1,3,6,6,3,6,3,,,,,completed,1.33,3.5,1.37,3.51,1.4,1.32,3.55,3.31,2011_5_melbourne_australian_open,2011_5_melbourne_australian_open_2011-01-29_F_clijsters_k_li_n
tennis_data_uk,wta,2011,6,Open Gaz de France,Paris,2011-02-07,premier,False,hard,R32,32,3,Barrois K.,Benesova I.,78,45,810,1195.0,2,1,5,7,6,4,6,4,,,,,completed,3.25,1.33,2.98,1.44,3.4,1.45,3.05,1.35,2011_6_paris_open_gaz_de_france,2011_6_paris_open_gaz_de_france_2011-02-07_R32_barrois_k_benesova_i
tennis_data_uk,wta,2011,6,Open Gaz de France,Paris,2011-02-08,premier,False,hard,R32,32,3,Kanepi K.,Sevastova A.,17,36,2460,1610.0,2,0,7,6,6,2,,,,,,,completed,1.57,2.25,1.63,2.43,1.73,2.48,1.63,2.22,2011_6_paris_open_gaz_de_france,2011_6_paris_open_gaz_de_france_2011-02-08_R32_kanepi_k_sevastova_a
tennis_data_uk,wta,2011,6,Open Gaz de France,Paris,2011-02-08,premier,False,hard,R32,32,3,Zahlavova Strycova B.,Pironkova T.,56,33,1060,1722.0,2,0,7,6,6,3,,,,,,,completed,1.53,2.37,1.56,2.59,1.61,2.64,1.55,2.36,2011_6_paris_open_gaz_de_france,2011_6_paris_open_gaz_de_france_2011-02-08_R32_zahlavova_strycova_b_pironkova_t
tennis_data_uk,wta,2011,6,Open Gaz de France,Paris,2011-02-08,premier,False,hard,R32,32,3,Oudin M.,Dushevina V.,61,52,998,1095.0,2,1,7,5,5,7,6,2,,,,,completed,2.5,1.5,2.64,1.54,2.69,1.57,2.45,1.52,2011_6_paris_open_gaz_de_france,2011_6_paris_open_gaz_de_france_2011-02-08_R32_oudin_m_dushevina_v
tennis_data_uk,wta,2011,6,Open Gaz de France,Paris,2011-02-08,premier,False,hard,R32,32,3,Zakopalova K.,Bacsinszky T.,35,46,1680,1190.0,2,0,6,3,6,3,,,,,,,completed,1.5,2.5,1.53,2.66,1.67,2.75,1.55,2.38,2011_6_paris_open_gaz_de_france,2011_6_paris_open_gaz_de_france_2011-02-08_R32_zakopalova_k_bacsinszky_t
tennis_data_uk,wta,2011,6,Open Gaz de France,Paris,2011-02-08,premier,False,hard,R32,32,3,Kvitova P.,Manasieva V.,18,114,2418,607.0,2,0,7,5,6,4,,,,,,,completed,1.1,6.5,1.1,7.92,1.15,8.4,1.12,6.05,2011_6_paris_open_gaz_de_france,2011_6_paris_open_gaz_de_france_2011-02-08_R32_kvitova_p_manasieva_v
tennis_data_uk,wta,2011,6,Open Gaz de France,Paris,2011-02-08,premier,False,hard,R32,32,3,Cibulkova D.,Vrljic A.,27,200,2060,296.0,2,0,6,0,6,2,,,,,,,completed,1.14,5.0,1.17,5.81,1.2,6.16,1.15,4.97,2011_6_paris_open_gaz_de_france,2011_6_paris_open_gaz_de_france_2011-02-08_R32_cibulkova_d_vrljic_a
tennis_data_uk,wta,2011,6,Open Gaz de France,Paris,2011-02-08,premier,False,hard,R32,32,3,Dokic J.,Safarova L.,120,30,580,1935.0,2,1,4,6,6,3,6,4,,,,,completed,3.4,1.3,3.49,1.35,3.61,1.36,3.23,1.32,2011_6_paris_open_gaz_de_france,2011_6_paris_open_gaz_de_france_2011-02-08_R32_dokic_j_safarova_l
tennis_data_uk,wta,2011,6,Open Gaz de France,Paris,2011-02-08,premier,False,hard,R32,32,3,Kucova K.,Makarova E.,225,41,248,1371.0,2,1,4,6,6,3,7,6,,,,,completed,6.0,1.11,6.16,1.15,6.5,1.15,5.66,1.13,2011_6_paris_open_gaz_de_france,2011_6_paris_open_gaz_de_france_2011-02-08_R32_kucova_k_makarova_e
tennis_data_uk,wta,2011,6,Open Gaz de France,Paris,2011-02-08,premier,False,hard,R32,32,3,Mattek-Sands B.,Suarez Navarro C.,48,66,1164,940.0,2,0,6,0,6,3,,,,,,,completed,1.33,3.25,1.4,3.18,1.4,3.4,1.35,3.11,2011_6_paris_open_gaz_de_france,2011_6_paris_open_gaz_de_france_2011-02-08_R32_mattek_sands_b_suarez_navarro_c
tennis_data_uk,wta,2011,6,Open Gaz de France,Paris,2011-02-09,premier,False,hard,R32,32,3,Petkovic A.,Kerber A.,24,50,2290,1131.0,2,1,7,5,3,6,6,2,,,,,completed,1.28,3.5,1.33,3.58,1.35,3.8,1.3,3.36,2011_6_paris_open_gaz_de_france,2011_6_paris_open_gaz_de_france_2011-02-09_R32_petkovic_a_kerber_a
tennis_data_uk,wta,2011,6,Open Gaz de France,Paris,2011-02-09,premier,False,hard,R32,32,3,Wickmayer Y.,Vesnina E.,26,51,2130,1110.0,2,0,7,6,6,2,,,,,,,completed,1.53,2.37,1.52,2.71,1.62,2.74,1.53,2.42,2011_6_paris_open_gaz_de_france,2011_6_paris_open_gaz_de_france_2011-02-09_R32_wickmayer_y_vesnina_e
tennis_data_uk,wta,2011,6,Open Gaz de France,Paris,2011-02-09,premier,False,hard,R32,32,3,Arvidsson S.,Cornet A.,60,67,1011,930.0,2,0,6,2,7,6,,,,,,,completed,2.37,1.53,2.79,1.49,2.9,1.8,2.35,1.56,2011_6_paris_open_gaz_de_france,2011_6_paris_open_gaz_de_france_2011-02-09_R32_arvidsson_s_cornet_a
tennis_data_uk,wta,2011,6,Open Gaz de France,Paris,2011-02-09,premier,False,hard,R32,32,3,Petrova N.,Razzano V.,20,83,2362,771.0,2,0,6,1,6,3,,,,,,,completed,1.57,2.25,1.65,2.37,1.68,2.45,1.61,2.23,2011_6_paris_open_gaz_de_france,2011_6_paris_open_gaz_de_france_2011-02-09_R32_petrova_n_razzano_v
tennis_data_uk,wta,2011,6,Open Gaz de France,Paris,2011-02-09,premier,False,hard,R16,16,3,Clijsters K.,Barrois K.,2,78,8515,810.0,2,1,4,6,6,2,6,0,,,,,completed,1.03,11.0,1.03,17.5,1.04,22.0,1.02,12.93,2011_6_paris_open_gaz_de_france,2011_6_paris_open_gaz_de_france_2011-02-09_R16_clijsters_k_barrois_k
tennis_data_uk,wta,2011,6,Open Gaz de France,Paris,2011-02-09,premier,False,hard,R16,16,3,Cibulkova D.,Oudin M.,27,61,2060,998.0,2,0,6,4,7,6,,,,,,,completed,1.3,3.4,1.35,3.53,1.36,3.65,1.31,3.34,2011_6_paris_open_gaz_de_france,2011_6_paris_open_gaz_de_france_2011-02-09_R16_cibulkova_d_oudin_m
tennis_data_uk,wta,2011,6,Open Gaz de France,Paris,2011-02-10,premier,False,hard,R16,16,3,Kvitova P.,Zahlavova Strycova B.,18,56,2418,1060.0,2,1,6,4,6,7,7,6,,,,,completed,1.22,4.0,1.26,4.38,1.28,4.6,1.23,3.97,2011_6_paris_open_gaz_de_france,2011_6_paris_open_gaz_de_france_2011-02-10_R16_kvitova_p_zahlavova_strycova_b
tennis_data_uk,wta,2011,6,Open Gaz de France,Paris,2011-02-10,premier,False,hard,R16,16,3,Wickmayer Y.,Zakopalova K.,26,35,2130,1680.0,2,0,6,1,6,3,,,,,,,completed,1.53,2.37,1.61,2.47,1.67,2.53,1.56,2.35,2011_6_paris_open_gaz_de_france,2011_6_paris_open_gaz_de_france_2011-02-10_R16_wickmayer_y_zakopalova_k
tennis_data_uk,wta,2011,6,Open Gaz de France,Paris,2011-02-10,premier,False,hard,R16,16,3,Mattek-Sands B.,Cohen Aloro S.,48,188,1164,318.0,2,0,7,5,6,3,,,,,,,completed,1.14,5.0,1.15,6.52,1.2,6.64,1.14,5.49,2011_6_paris_open_gaz_de_france,2011_6_paris_open_gaz_de_france_2011-02-10_R16_mattek_sands_b_cohen_aloro_s
tennis_data_uk,wta,2011,6,Open Gaz de France,Paris,2011-02-10,premier,False,hard,R16,16,3,Dokic J.,Petrova N.,120,20,580,2362.0,2,0,6,4,7,6,,,,,,,completed,3.75,1.25,4.06,1.28,4.14,1.33,3.6,1.28,2011_6_paris_open_gaz_de_france,2011_6_paris_open_gaz_de_france_2011-02-10_R16_dokic_j_petrova_n
tennis_data_uk,wta,2011,6,Open Gaz de France,Paris,2011-02-10,premier,False,hard,R16,16,3,Petkovic A.,Kucova K.,24,225,2290,248.0,2,0,6,4,6,2,,,,,,,completed,1.11,6.0,1.13,7.38,1.17,8.0,1.12,6.08,2011_6_paris_open_gaz_de_france,2011_6_paris_open_gaz_de_france_2011-02-10_R16_petkovic_a_kucova_k
tennis_data_uk,wta,2011,6,Open Gaz de France,Paris,2011-02-10,premier,False,hard,R16,16,3,Kanepi K.,Arvidsson S.,17,60,2460,1011.0,2,0,6,3,6,4,,,,,,,completed,1.4,2.75,1.32,3.77,1.4,3.77,1.32,3.26,2011_6_paris_open_gaz_de_france,2011_6_paris_open_gaz_de_france_2011-02-10_R16_kanepi_k_arvidsson_s
tennis_data_uk,wta,2011,6,Open Gaz de France,Paris,2011-02-11,premier,False,hard,QF,8,3,Kvitova P.,Wickmayer Y.,18,26,2418,2130.0,2,1,5,7,6,3,7,6,,,,,completed,2.25,1.57,2.39,1.66,2.4,1.75,2.17,1.65,2011_6_paris_open_gaz_de_france,2011_6_paris_open_gaz_de_france_2011-02-11_QF_kvitova_p_wickmayer_y
tennis_data_uk,wta,2011,6,Open Gaz de France,Paris,2011-02-11,premier,False,hard,QF,8,3,Mattek-Sands B.,Petkovic A.,48,24,1164,2290.0,2,1,7,6,2,6,6,3,,,,,completed,2.75,1.4,3.11,1.43,3.11,1.53,2.65,1.46,2011_6_paris_open_gaz_de_france,2011_6_paris_open_gaz_de_france_2011-02-11_QF_mattek_sands_b_petkovic_a
tennis_data_uk,wta,2011,6,Open Gaz de France,Paris,2011-02-11,premier,False,hard,QF,8,3,Clijsters K.,Dokic J.,2,120,8515,580.0,2,0,6,3,6,0,,,,,,,completed,1.1,6.5,1.14,6.92,1.15,7.0,1.11,6.23,2011_6_paris_open_gaz_de_france,2011_6_paris_open_gaz_de_france_2011-02-11_QF_clijsters_k_dokic_j
tennis_data_uk,wta,2011,6,Open Gaz de France,Paris,2011-02-11,premier,False,hard,QF,8,3,Kanepi K.,Cibulkova D.,17,27,2460,2060.0,2,1,6,2,2,6,6,2,,,,,completed,1.57,2.25,1.7,2.31,1.73,2.4,1.63,2.21,2011_6_paris_open_gaz_de_france,2011_6_paris_open_gaz_de_france_2011-02-11_QF_kanepi_k_cibulkova_d
tennis_data_uk,wta,2011,6,Open Gaz de France,Paris,2011-02-12,premier,False,hard,SF,4,3,Kvitova P.,Mattek-Sands B.,18,48,2418,1164.0,2,0,6,2,6,0,,,,,,,completed,1.36,3.0,1.42,3.19,1.45,3.3,1.39,2.89,2011_6_paris_open_gaz_de_france,2011_6_paris_open_gaz_de_france_2011-02-12_SF_kvitova_p_mattek_sands_b
tennis_data_uk,wta,2011,6,Open Gaz de France,Paris,2011-02-12,premier,False,hard,SF,4,3,Clijsters K.,Kanepi K.,2,17,8515,2460.0,2,0,6,1,7,5,,,,,,,completed,1.11,6.0,1.14,6.92,1.17,7.6,1.12,5.88,2011_6_paris_open_gaz_de_france,2011_6_paris_open_gaz_de_france_2011-02-12_SF_clijsters_k_kanepi_k
tennis_data_uk,wta,2011,6,Open Gaz de France,Paris,2011-02-13,premier,False,hard,F,2,3,Kvitova P.,Clijsters K.,18,2,2418,8515.0,2,0,6,4,6,3,,,,,,,completed,4.5,1.2,4.4,1.26,4.75,4.21,1.26,1.21,2011_6_paris_open_gaz_de_france,2011_6_paris_open_gaz_de_france_2011-02-13_F_kvitova_p_clijsters_k
tennis_data_uk,wta,2011,7,Pattaya Women's Open,Pattaya,2011-02-07,international,True,hard,R32,32,3,Craybas J.,Lertcheewakarn N.,97,164,673,359.0,2,0,6,3,6,3,,,,,,,completed,1.83,1.83,1.65,2.37,2.0,2.37,1.76,2.0,2011_7_pattaya_pattaya_women_s_open,2011_7_pattaya_pattaya_women_s_open_2011-02-07_R32_craybas_j_lertcheewakarn_n
tennis_data_uk,wta,2011,7,Pattaya Women's Open,Pattaya,2011-02-07,international,True,hard,R32,32,3,Zhang S.,Kucova Z.,92,122,732,565.0,2,0,6,4,6,2,,,,,,,completed,1.14,5.0,1.16,5.88,1.48,5.5,1.21,4.19,2011_7_pattaya_pattaya_women_s_open,2011_7_pattaya_pattaya_women_s_open_2011-02-07_R32_zhang_s_kucova_z
tennis_data_uk,wta,2011,7,Pattaya Women's Open,Pattaya,2011-02-07,international,True,hard,R32,32,3,Kirilenko M.,Brianti A.,25,95,2140,696.0,2,1,6,0,4,6,6,2,,,,,completed,1.25,3.75,1.32,3.66,1.32,4.25,1.26,3.68,2011_7_pattaya_pattaya_women_s_open,2011_7_pattaya_pattaya_women_s_open_2011-02-07_R32_kirilenko_m_brianti_a
tennis_data_uk,wta,2011,7,Pattaya Women's Open,Pattaya,2011-02-07,international,True,hard,R32,32,3,Peng S.,Chan Y.J.,40,112,1376,621.0,2,0,7,6,6,0,,,,,,,completed,1.14,5.0,1.17,5.64,1.22,5.84,1.17,4.79,2011_7_pattaya_pattaya_women_s_open,2011_7_pattaya_pattaya_women_s_open_2011-02-07_R32_peng_s_chan_y_j
tennis_data_uk,wta,2011,7,Pattaya Women's Open,Pattaya,2011-02-08,international,True,hard,R32,32,3,Amanmuradova A.,Zheng J.,72,43,893,1258.0,2,0,6,4,7,6,,,,,,,completed,3.0,1.36,3.82,1.3,4.2,1.7,3.04,1.38,2011_7_pattaya_pattaya_women_s_open,2011_7_pattaya_pattaya_women_s_open_2011-02-08_R32_amanmuradova_a_zheng_j
tennis_data_uk,wta,2011,7,Pattaya Women's Open,Pattaya,2011-02-08,international,True,hard,R32,32,3,Wannasuk N.,Diyas Z.,475,154,70,389.0,2,0,6,4,6,4,,,,,,,completed,5.0,1.14,5.99,1.16,5.99,1.29,4.7,1.18,2011_7_pattaya_pattaya_women_s_open,2011_7_pattaya_pattaya_women_s_open_2011-02-08_R32_wannasuk_n_diyas_z
tennis_data_uk,wta,2011,7,Pattaya Women's Open,Pattaya,2011-02-08,international,True,hard,R32,32,3,Ivanovic A.,Luangnam N.,19,220,2405,258.0,2,0,6,0,6,2,,,,,,,completed,1.01,15.0,1.02,16.97,1.03,31.0,1.02,14.22,2011_7_pattaya_pattaya_women_s_open,2011_7_pattaya_pattaya_women_s_open_2011-02-08_R32_ivanovic_a_luangnam_n
tennis_data_uk,wta,2011,7,Pattaya Women's Open,Pattaya,2011-02-08,international,True,hard,R32,32,3,Zvonareva V.,Paszek T.,3,89,7405,744.0,2,0,6,4,6,2,,,,,,,completed,1.05,9.0,1.07,10.43,1.09,10.96,1.06,8.48,2011_7_pattaya_pattaya_women_s_open,2011_7_pattaya_pattaya_women_s_open_2011-02-08_R32_zvonareva_v_paszek_t
tennis_data_uk,wta,2011,7,Pattaya Women's Open,Pattaya,2011-02-08,international,True,hard,R32,32,3,Errani S.,Chang K.C.,44,119,1245,585.0,2,1,4,6,6,2,6,4,,,,,completed,1.4,2.75,1.44,2.97,1.45,3.25,1.38,2.91,2011_7_pattaya_pattaya_women_s_open,2011_7_pattaya_pattaya_women_s_open_2011-02-08_R32_errani_s_chang_k_c
tennis_data_uk,wta,2011,7,Pattaya Women's Open,Pattaya,2011-02-08,international,True,hard,R32,32,3,Baltacha E.,Lertpitaksinchai N.,57,426,1030,83.0,2,0,6,2,6,3,,,,,,,completed,1.11,6.0,1.15,6.16,1.17,6.22,1.15,5.18,2011_7_pattaya_pattaya_women_s_open,2011_7_pattaya_pattaya_women_s_open_2011-02-08_R32_baltacha_e_lertpitaksinchai_n
tennis_data_uk,wta,2011,7,Pattaya Women's Open,Pattaya,2011-02-08,international,True,hard,R32,32,3,Morita A.,Tanasugarn T.,58,70,1028,901.0,2,0,6,3,6,2,,,,,,,completed,1.66,2.1,1.71,2.24,1.8,2.3,1.69,2.1,2011_7_pattaya_pattaya_women_s_open,2011_7_pattaya_pattaya_women_s_open_2011-02-08_R32_morita_a_tanasugarn_t
tennis_data_uk,wta,2011,7,Pattaya Women's Open,Pattaya,2011-02-08,international,True,hard,R32,32,3,Date-Krumm K.,Voracova R.,55,85,1061,755.0,2,0,6,2,6,2,,,,,,,completed,1.4,2.75,1.47,2.86,1.48,2.95,1.42,2.74,2011_7_pattaya_pattaya_women_s_open,2011_7_pattaya_pattaya_women_s_open_2011-02-08_R32_date_krumm_k_voracova_r
tennis_data_uk,wta,2011,7,Pattaya Women's Open,Pattaya,2011-02-08,international,True,hard,R32,32,3,Vinci R.,Palkina K.,38,243,1475,221.0,2,0,6,1,6,3,,,,,,,completed,1.08,7.0,1.11,7.74,1.13,8.0,1.1,6.47,2011_7_pattaya_pattaya_women_s_open,2011_7_pattaya_pattaya_women_s_open_2011-02-08_R32_vinci_r_palkina_k
tennis_data_uk,wta,2011,7,Pattaya Women's Open,Pattaya,2011-02-08,international,True,hard,R32,32,3,Hantuchova D.,Nara K.,32,130,1790,538.0,2,0,6,2,6,1,,,,,,,completed,1.33,3.25,1.34,3.54,1.4,3.75,1.36,3.02,2011_7_pattaya_pattaya_women_s_open,2011_7_pattaya_pattaya_women_s_open_2011-02-08_R32_hantuchova_d_nara_k
tennis_data_uk,wta,2011,7,Pattaya Women's Open,Pattaya,2011-02-08,international,True,hard,R32,32,3,Voskoboeva G.,Oprandi R.,560,69,51,910.0,2,1,4,6,6,3,7,5,,,,,completed,2.2,1.61,2.17,1.76,2.27,1.8,2.14,1.67,2011_7_pattaya_pattaya_women_s_open,2011_7_pattaya_pattaya_women_s_open_2011-02-08_R32_voskoboeva_g_oprandi_r
tennis_data_uk,wta,2011,7,Pattaya Women's Open,Pattaya,2011-02-08,international,True,hard,R32,32,3,Scheepers C.,Malek T.,80,134,807,504.0,2,0,7,6,6,2,,,,,,,completed,1.5,2.5,1.53,2.65,1.6,2.65,1.53,2.47,2011_7_pattaya_pattaya_women_s_open,2011_7_pattaya_pattaya_women_s_open_2011-02-08_R32_scheepers_c_malek_t
tennis_data_uk,wta,2011,7,Pattaya Women's Open,Pattaya,2011-02-09,international,True,hard,R16,16,3,Peng S.,Baltacha E.,40,57,1376,1030.0,2,1,2,6,6,1,6,4,,,,,completed,1.25,3.75,1.34,3.62,1.34,4.28,1.27,3.61,2011_7_pattaya_pattaya_women_s_open,2011_7_pattaya_pattaya_women_s_open_2011-02-09_R16_peng_s_baltacha_e
tennis_data_uk,wta,2011,7,Pattaya Women's Open,Pattaya,2011-02-09,international,True,hard,R16,16,3,Voskoboeva G.,Kirilenko M.,560,25,51,2140.0,2,1,1,6,7,5,6,4,,,,,completed,5.0,1.14,5.42,1.19,6.0,1.22,5.06,1.16,2011_7_pattaya_pattaya_women_s_open,2011_7_pattaya_pattaya_women_s_open_2011-02-09_R16_voskoboeva_g_kirilenko_m
tennis_data_uk,wta,2011,7,Pattaya Women's Open,Pattaya,2011-02-09,international,True,hard,R16,16,3,Vinci R.,Zhang S.,38,92,1475,732.0,2,0,7,5,6,1,,,,,,,completed,1.3,3.4,1.36,3.44,1.36,3.69,1.32,3.25,2011_7_pattaya_pattaya_women_s_open,2011_7_pattaya_pattaya_women_s_open_2011-02-09_R16_vinci_r_zhang_s
tennis_data_uk,wta,2011,7,Pattaya Women's Open,Pattaya,2011-02-09,international,True,hard,R16,16,3,Ivanovic A.,Craybas J.,19,97,2405,673.0,2,1,4,6,6,1,7,5,,,,,completed,1.04,10.0,1.06,12.5,1.08,14.0,1.06,9.14,2011_7_pattaya_pattaya_women_s_open,2011_7_pattaya_pattaya_women_s_open_2011-02-09_R16_ivanovic_a_craybas_j
tennis_data_uk,wta,2011,7,Pattaya Women's Open,Pattaya,2011-02-10,international,True,hard,R16,16,3,Errani S.,Morita A.,44,58,1245,1028.0,2,1,2,6,7,5,6,2,,,,,completed,1.66,2.1,1.71,2.27,1.73,2.4,1.65,2.17,2011_7_pattaya_pattaya_women_s_open,2011_7_pattaya_pattaya_women_s_open_2011-02-10_R16_errani_s_morita_a
tennis_data_uk,wta,2011,7,Pattaya Women's Open,Pattaya,2011-02-10,international,True,hard,R16,16,3,Zvonareva V.,Wannasuk N.,3,475,7405,70.0,2,0,6,1,7,5,,,,,,,completed,1.002,15.0,1.02,19.52,1.03,28.9,1.02,15.12,2011_7_pattaya_pattaya_women_s_open,2011_7_pattaya_pattaya_women_s_open_2011-02-10_R16_zvonareva_v_wannasuk_n
tennis_data_uk,wta,2011,7,Pattaya Women's Open,Pattaya,2011-02-10,international,True,hard,R16,16,3,Hantuchova D.,Date-Krumm K.,32,55,1790,1061.0,2,0,7,6,6,3,,,,,,,completed,2.0,1.72,2.08,1.84,2.08,1.94,1.88,1.84,2011_7_pattaya_pattaya_women_s_open,2011_7_pattaya_pattaya_women_s_open_2011-02-10_R16_hantuchova_d_date_krumm_k
tennis_data_uk,wta,2011,7,Pattaya Women's Open,Pattaya,2011-02-10,international,True,hard,R16,16,3,Amanmuradova A.,Scheepers C.,72,80,893,807.0,2,0,6,2,6,4,,,,,,,completed,2.0,1.72,1.93,1.98,2.03,1.98,1.9,1.84,2011_7_pattaya_pattaya_women_s_open,2011_7_pattaya_pattaya_women_s_open_2011-02-10_R16_amanmuradova_a_scheepers_c
tennis_data_uk,wta,2011,7,Pattaya Women's Open,Pattaya,2011-02-11,international,True,hard,QF,8,3,Errani S.,Voskoboeva G.,44,560,1245,51.0,2,1,2,6,6,3,6,2,,,,,completed,1.28,3.5,1.29,4.09,1.4,4.09,1.31,3.37,2011_7_pattaya_pattaya_women_s_open,2011_7_pattaya_pattaya_women_s_open_2011-02-11_QF_errani_s_voskoboeva_g
tennis_data_uk,wta,2011,7,Pattaya Women's Open,Pattaya,2011-02-11,international,True,hard,QF,8,3,Zvonareva V.,Peng S.,3,40,7405,1376.0,2,1,6,4,4,6,6,4,,,,,completed,1.14,5.0,1.19,5.57,1.22,6.0,1.17,4.84,2011_7_pattaya_pattaya_women_s_open,2011_7_pattaya_pattaya_women_s_open_2011-02-11_QF_zvonareva_v_peng_s
tennis_data_uk,wta,2011,7,Pattaya Women's Open,Pattaya,2011-02-11,international,True,hard,QF,8,3,Vinci R.,Ivanovic A.,38,19,1475,2405.0,2,0,7,5,6,3,,,,,,,completed,3.75,1.25,3.84,1.32,4.1,1.36,3.5,1.28,2011_7_pattaya_pattaya_women_s_open,2011_7_pattaya_pattaya_women_s_open_2011-02-11_QF_vinci_r_ivanovic_a
tennis_data_uk,wta,2011,7,Pattaya Women's Open,Pattaya,2011-02-11,international,True,hard,QF,8,3,Hantuchova D.,Amanmuradova A.,32,72,1790,893.0,2,0,6,2,6,0,,,,,,,completed,1.28,3.5,1.36,3.49,1.4,3.65,1.33,3.18,2011_7_pattaya_pattaya_women_s_open,2011_7_pattaya_pattaya_women_s_open_2011-02-11_QF_hantuchova_d_amanmuradova_a
tennis_data_uk,wta,2011,7,Pattaya Women's Open,Pattaya,2011-02-12,international,True,hard,SF,4,3,Errani S.,Vinci R.,44,38,1245,1475.0,2,0,6,1,6,4,,,,,,,completed,2.62,1.44,2.98,1.46,3.05,1.6,2.57,1.48,2011_7_pattaya_pattaya_women_s_open,2011_7_pattaya_pattaya_women_s_open_2011-02-12_SF_errani_s_vinci_r
tennis_data_uk,wta,2011,7,Pattaya Women's Open,Pattaya,2011-02-12,international,True,hard,SF,4,3,Hantuchova D.,Zvonareva V.,32,3,1790,7405.0,2,0,7,6,6,4,,,,,,,completed,4.0,1.22,5.61,1.19,5.7,1.25,4.46,1.2,2011_7_pattaya_pattaya_women_s_open,2011_7_pattaya_pattaya_women_s_open_2011-02-12_SF_hantuchova_d_zvonareva_v
tennis_data_uk,wta,2011,7,Pattaya Women's Open,Pattaya,2011-02-13,international,True,hard,F,2,3,Hantuchova D.,Errani S.,32,44,1790,1245.0,2,0,6,0,6,2,,,,,,,completed,1.36,3.2,1.43,3.15,1.45,3.46,1.36,3.03,2011_7_pattaya_pattaya_women_s_open,2011_7_pattaya_pattaya_women_s_open_2011-02-13_F_hantuchova_d_errani_s
tennis_data_uk,wta,2011,8,Copa BBVA Colsanitas,Bogota,2011-02-14,international,True,clay,R32,32,3,Johansson M.,Halep S.,98,61,696,981.0,2,0,7,6,7,5,,,,,,,completed,3.0,1.36,2.96,1.45,3.25,1.45,3.03,1.36,2011_8_bogota_copa_bbva_colsanitas,2011_8_bogota_copa_bbva_colsanitas_2011-02-14_R32_johansson_m_halep_s
tennis_data_uk,wta,2011,8,Copa BBVA Colsanitas,Bogota,2011-02-14,international,True,clay,R32,32,3,Castano C.,Medina Garrigues A.,200,79,291,790.0,2,1,7,6,2,6,7,6,,,,,completed,3.0,1.36,2.91,1.46,3.05,1.46,2.84,1.39,2011_8_bogota_copa_bbva_colsanitas,2011_8_bogota_copa_bbva_colsanitas_2011-02-14_R32_castano_c_medina_garrigues_a
tennis_data_uk,wta,2011,8,Copa BBVA Colsanitas,Bogota,2011-02-14,international,True,clay,R32,32,3,Mayr P.,Koryttseva M.,103,146,675,438.0,2,0,6,2,7,6,,,,,,,completed,1.53,2.37,1.62,2.43,1.65,2.5,1.58,2.31,2011_8_bogota_copa_bbva_colsanitas,2011_8_bogota_copa_bbva_colsanitas_2011-02-14_R32_mayr_p_koryttseva_m
tennis_data_uk,wta,2011,8,Copa BBVA Colsanitas,Bogota,2011-02-14,international,True,clay,R32,32,3,Meusburger Y.,Panova A.,124,142,553,468.0,2,0,7,6,6,3,,,,,,,completed,2.25,1.57,2.17,1.76,2.25,1.79,2.13,1.69,2011_8_bogota_copa_bbva_colsanitas,2011_8_bogota_copa_bbva_colsanitas_2011-02-14_R32_meusburger_y_panova_a
tennis_data_uk,wta,2011,8,Copa BBVA Colsanitas,Bogota,2011-02-15,international,True,clay,R32,32,3,Martic P.,Ondraskova Z.,119,81,569,773.0,2,0,7,5,6,1,,,,,,,completed,1.53,2.37,1.53,2.66,1.6,2.7,1.53,2.43,2011_8_bogota_copa_bbva_colsanitas,2011_8_bogota_copa_bbva_colsanitas_2011-02-15_R32_martic_p_ondraskova_z
tennis_data_uk,wta,2011,8,Copa BBVA Colsanitas,Bogota,2011-02-15,international,True,clay,R32,32,3,Bratchikova N.,Gallovits E.,141,76,474,823.0,2,1,5,7,6,4,6,3,,,,,completed,2.75,1.4,2.67,1.53,2.78,1.53,2.61,1.47,2011_8_bogota_copa_bbva_colsanitas,2011_8_bogota_copa_bbva_colsanitas_2011-02-15_R32_bratchikova_n_gallovits_e
tennis_data_uk,wta,2011,8,Copa BBVA Colsanitas,Bogota,2011-02-15,international,True,clay,R32,32,3,Goerges J.,Sanchez O.,34,133,1685,504.0,2,1,7,6,2,6,7,5,,,,,completed,1.08,7.0,1.1,8.0,1.13,8.02,1.09,6.78,2011_8_bogota_copa_bbva_colsanitas,2011_8_bogota_copa_bbva_colsanitas_2011-02-15_R32_goerges_j_sanchez_o
tennis_data_uk,wta,2011,8,Copa BBVA Colsanitas,Bogota,2011-02-15,international,True,clay,R32,32,3,Suarez Navarro C.,Zec Peskiric M.,65,156,940,390.0,2,0,6,3,6,2,,,,,,,completed,1.22,4.0,1.24,4.44,1.28,4.5,1.23,3.95,2011_8_bogota_copa_bbva_colsanitas,2011_8_bogota_copa_bbva_colsanitas_2011-02-15_R32_suarez_navarro_c_zec_peskiric_m
tennis_data_uk,wta,2011,8,Copa BBVA Colsanitas,Bogota,2011-02-15,international,True,clay,R32,32,3,Fichman S.,Costas L.,230,238,240,229.0,2,0,6,1,6,2,,,,,,,completed,1.25,3.75,1.26,4.21,1.3,4.22,1.26,3.76,2011_8_bogota_copa_bbva_colsanitas,2011_8_bogota_copa_bbva_colsanitas_2011-02-15_R32_fichman_s_costas_l
tennis_data_uk,wta,2011,8,Copa BBVA Colsanitas,Bogota,2011-02-15,international,True,clay,R32,32,3,Pous-Tio L.,Soler Espinosa S.,92,170,718,350.0,2,0,6,1,7,5,,,,,,,completed,1.3,3.4,1.3,3.82,1.35,3.82,1.3,3.36,2011_8_bogota_copa_bbva_colsanitas,2011_8_bogota_copa_bbva_colsanitas_2011-02-15_R32_pous_tio_l_soler_espinosa_s
tennis_data_uk,wta,2011,8,Copa BBVA Colsanitas,Bogota,2011-02-15,international,True,clay,R32,32,3,Birnerova E.,Botto B.,143,253,459,211.0,1,0,6,1,0,1,,,,,,,retired,1.61,2.2,1.66,2.35,1.75,2.35,1.67,2.13,2011_8_bogota_copa_bbva_colsanitas,2011_8_bogota_copa_bbva_colsanitas_2011-02-15_R32_birnerova_e_botto_b
tennis_data_uk,wta,2011,8,Copa BBVA Colsanitas,Bogota,2011-02-15,international,True,clay,R32,32,3,Dentoni C.,Cetkovska P.,154,139,398,480.0,2,1,6,2,2,6,6,3,,,,,completed,1.83,1.83,2.15,1.78,2.18,1.83,1.97,1.77,2011_8_bogota_copa_bbva_colsanitas,2011_8_bogota_copa_bbva_colsanitas_2011-02-15_R32_dentoni_c_cetkovska_p
tennis_data_uk,wta,2011,8,Copa BBVA Colsanitas,Bogota,2011-02-15,international,True,clay,R32,32,3,Dominguez Lino L.,Minella M.,77,138,822,480.0,2,0,6,1,6,4,,,,,,,completed,1.33,3.25,1.36,3.38,1.4,3.5,1.35,3.13,2011_8_bogota_copa_bbva_colsanitas,2011_8_bogota_copa_bbva_colsanitas_2011-02-15_R32_dominguez_lino_l_minella_m
tennis_data_uk,wta,2011,8,Copa BBVA Colsanitas,Bogota,2011-02-15,international,True,clay,R32,32,3,Han X.,Duque Marino M.,136,150,481,416.0,2,1,6,1,3,6,6,1,,,,,completed,2.0,1.72,2.02,1.86,2.05,1.89,1.96,1.78,2011_8_bogota_copa_bbva_colsanitas,2011_8_bogota_copa_bbva_colsanitas_2011-02-15_R32_han_x_duque_marino_m
tennis_data_uk,wta,2011,8,Copa BBVA Colsanitas,Bogota,2011-02-15,international,True,clay,R32,32,3,Hercog P.,Parmentier P.,49,104,1130,661.0,2,1,6,7,7,6,6,2,,,,,completed,1.28,3.5,1.28,4.06,1.3,4.14,1.28,3.57,2011_8_bogota_copa_bbva_colsanitas,2011_8_bogota_copa_bbva_colsanitas_2011-02-15_R32_hercog_p_parmentier_p
tennis_data_uk,wta,2011,8,Copa BBVA Colsanitas,Bogota,2011-02-16,international,True,clay,R32,32,3,Garcia Vidagany B.,Parra Santonja A.,182,63,332,960.0,2,1,7,5,3,6,6,4,,,,,completed,2.5,1.5,2.78,1.5,2.78,1.55,2.6,1.49,2011_8_bogota_copa_bbva_colsanitas,2011_8_bogota_copa_bbva_colsanitas_2011-02-16_R32_garcia_vidagany_b_parra_santonja_a
tennis_data_uk,wta,2011,8,Copa BBVA Colsanitas,Bogota,2011-02-16,international,True,clay,R16,16,3,Johansson M.,Meusburger Y.,98,124,696,553.0,2,0,6,4,6,0,,,,,,,completed,1.66,2.1,1.76,2.19,1.84,2.19,1.75,2.01,2011_8_bogota_copa_bbva_colsanitas,2011_8_bogota_copa_bbva_colsanitas_2011-02-16_R16_johansson_m_meusburger_y
tennis_data_uk,wta,2011,8,Copa BBVA Colsanitas,Bogota,2011-02-16,international,True,clay,R16,16,3,Suarez Navarro C.,Mayr P.,65,103,940,675.0,2,1,1,6,6,4,6,2,,,,,completed,1.4,2.75,1.51,2.77,1.51,3.0,1.42,2.73,2011_8_bogota_copa_bbva_colsanitas,2011_8_bogota_copa_bbva_colsanitas_2011-02-16_R16_suarez_navarro_c_mayr_p
tennis_data_uk,wta,2011,8,Copa BBVA Colsanitas,Bogota,2011-02-16,international,True,clay,R16,16,3,Castano C.,Fichman S.,200,230,291,240.0,2,1,4,6,7,5,6,2,,,,,completed,2.25,1.57,2.65,1.55,2.65,1.63,2.4,1.54,2011_8_bogota_copa_bbva_colsanitas,2011_8_bogota_copa_bbva_colsanitas_2011-02-16_R16_castano_c_fichman_s
tennis_data_uk,wta,2011,8,Copa BBVA Colsanitas,Bogota,2011-02-17,international,True,clay,R16,16,3,Pous-Tio L.,Bratchikova N.,92,141,718,474.0,2,1,3,6,6,2,6,1,,,,,completed,1.36,3.0,1.44,3.02,1.5,3.02,1.42,2.76,2011_8_bogota_copa_bbva_colsanitas,2011_8_bogota_copa_bbva_colsanitas_2011-02-17_R16_pous_tio_l_bratchikova_n
tennis_data_uk,wta,2011,8,Copa BBVA Colsanitas,Bogota,2011-02-17,international,True,clay,R16,16,3,Martic P.,Hercog P.,119,49,569,1130.0,2,0,6,2,6,3,,,,,,,completed,2.1,1.66,2.16,1.78,2.25,1.82,2.11,1.68,2011_8_bogota_copa_bbva_colsanitas,2011_8_bogota_copa_bbva_colsanitas_2011-02-17_R16_martic_p_hercog_p
tennis_data_uk,wta,2011,8,Copa BBVA Colsanitas,Bogota,2011-02-17,international,True,clay,R16,16,3,Han X.,Goerges J.,136,34,481,1685.0,2,1,5,7,6,3,7,6,,,,,completed,5.0,1.14,5.61,1.18,6.0,1.19,5.2,1.15,2011_8_bogota_copa_bbva_colsanitas,2011_8_bogota_copa_bbva_colsanitas_2011-02-17_R16_han_x_goerges_j
tennis_data_uk,wta,2011,8,Copa BBVA Colsanitas,Bogota,2011-02-17,international,True,clay,R16,16,3,Dominguez Lino L.,Birnerova E.,77,143,822,459.0,2,0,6,2,6,2,,,,,,,completed,1.4,2.75,1.5,2.79,1.53,2.88,1.42,2.73,2011_8_bogota_copa_bbva_colsanitas,2011_8_bogota_copa_bbva_colsanitas_2011-02-17_R16_dominguez_lino_l_birnerova_e
tennis_data_uk,wta,2011,8,Copa BBVA Colsanitas,Bogota,2011-02-18,international,True,clay,R16,16,3,Garcia Vidagany B.,Dentoni C.,182,154,332,398.0,2,1,3,6,6,3,6,4,,,,,completed,1.72,2.0,1.83,2.1,1.91,2.12,1.75,2.01,2011_8_bogota_copa_bbva_colsanitas,2011_8_bogota_copa_bbva_colsanitas_2011-02-18_R16_garcia_vidagany_b_dentoni_c
tennis_data_uk,wta,2011,8,Copa BBVA Colsanitas,Bogota,2011-02-18,international,True,clay,QF,8,3,Martic P.,Pous-Tio L.,119,92,569,718.0,2,0,7,6,6,3,,,,,,,completed,1.57,2.25,1.68,2.35,1.68,2.4,1.62,2.21,2011_8_bogota_copa_bbva_colsanitas,2011_8_bogota_copa_bbva_colsanitas_2011-02-18_QF_martic_p_pous_tio_l
tennis_data_uk,wta,2011,8,Copa BBVA Colsanitas,Bogota,2011-02-18,international,True,clay,QF,8,3,Dominguez Lino L.,Garcia Vidagany B.,77,182,822,332.0,2,0,6,4,6,3,,,,,,,completed,,,,,1.23,3.16,1.23,3.16,2011_8_bogota_copa_bbva_colsanitas,2011_8_bogota_copa_bbva_colsanitas_2011-02-18_QF_dominguez_lino_l_garcia_vidagany_b
tennis_data_uk,wta,2011,8,Copa BBVA Colsanitas,Bogota,2011-02-18,international,True,clay,QF,8,3,Johansson M.,Castano C.,98,200,696,291.0,2,0,6,3,7,6,,,,,,,completed,1.4,2.75,1.43,3.14,1.5,3.14,1.43,2.73,2011_8_bogota_copa_bbva_colsanitas,2011_8_bogota_copa_bbva_colsanitas_2011-02-18_QF_johansson_m_castano_c
tennis_data_uk,wta,2011,8,Copa BBVA Colsanitas,Bogota,2011-02-18,international,True,clay,QF,8,3,Suarez Navarro C.,Han X.,65,136,940,481.0,2,0,6,4,6,3,,,,,,,completed,1.28,3.5,1.33,3.76,1.35,3.8,1.31,3.39,2011_8_bogota_copa_bbva_colsanitas,2011_8_bogota_copa_bbva_colsanitas_2011-02-18_QF_suarez_navarro_c_han_x
tennis_data_uk,wta,2011,8,Copa BBVA Colsanitas,Bogota,2011-02-19,international,True,clay,SF,4,3,Dominguez Lino L.,Martic P.,77,119,822,569.0,,,,,,,,,,,,,walkover,1.5,2.5,1.56,2.65,1.6,2.65,1.54,2.42,2011_8_bogota_copa_bbva_colsanitas,2011_8_bogota_copa_bbva_colsanitas_2011-02-19_SF_dominguez_lino_l_martic_p
tennis_data_uk,wta,2011,8,Copa BBVA Colsanitas,Bogota,2011-02-19,international,True,clay,SF,4,3,Johansson M.,Suarez Navarro C.,98,65,696,940.0,2,1,6,2,2,6,6,0,,,,,completed,2.37,1.53,2.37,1.67,2.41,1.69,2.24,1.62,2011_8_bogota_copa_bbva_colsanitas,2011_8_bogota_copa_bbva_colsanitas_2011-02-19_SF_johansson_m_suarez_navarro_c
tennis_data_uk,wta,2011,8,Copa BBVA Colsanitas,Bogota,2011-02-20,international,True,clay,F,2,3,Dominguez Lino L.,Johansson M.,77,98,822,696.0,2,1,2,6,6,3,6,2,,,,,completed,2.0,1.8,2.2,1.77,2.2,1.85,2.0,1.77,2011_8_bogota_copa_bbva_colsanitas,2011_8_bogota_copa_bbva_colsanitas_2011-02-20_F_dominguez_lino_l_johansson_m
tennis_data_uk,wta,2011,9,Dubai Duty Free Tennis Championships,Dubai,2011-02-14,premier,True,hard,R64,64,3,Scheepers C.,Kirilenko M.,78,26,807,2140.0,2,0,6,2,6,2,,,,,,,completed,3.5,1.28,3.62,1.33,3.82,1.33,3.4,1.3,2011_9_dubai_dubai_duty_free_tennis_championships,2011_9_dubai_dubai_duty_free_tennis_championships_2011-02-14_R64_scheepers_c_kirilenko_m
tennis_data_uk,wta,2011,9,Dubai Duty Free Tennis Championships,Dubai,2011-02-14,premier,True,hard,R64,64,3,Bacsinszky T.,Benesova I.,47,46,1190,1195.0,2,1,6,3,3,6,6,1,,,,,completed,2.25,1.57,2.28,1.69,2.55,1.69,2.27,1.58,2011_9_dubai_dubai_duty_free_tennis_championships,2011_9_dubai_dubai_duty_free_tennis_championships_2011-02-14_R64_bacsinszky_t_benesova_i
tennis_data_uk,wta,2011,9,Dubai Duty Free Tennis Championships,Dubai,2011-02-14,premier,True,hard,R64,64,3,Zhang S.,Shvedova Y.,84,43,752,1340.0,2,0,6,3,6,4,,,,,,,completed,1.53,2.37,1.61,2.45,1.71,2.5,1.59,2.29,2011_9_dubai_dubai_duty_free_tennis_championships,2011_9_dubai_dubai_duty_free_tennis_championships_2011-02-14_R64_zhang_s_shvedova_y
tennis_data_uk,wta,2011,9,Dubai Duty Free Tennis Championships,Dubai,2011-02-14,premier,True,hard,R64,64,3,Kleybanova A.,Pavlyuchenkova A.,22,15,2330,2645.0,2,1,4,6,6,4,6,0,,,,,completed,1.9,1.8,1.99,1.9,2.11,1.91,1.91,1.83,2011_9_dubai_dubai_duty_free_tennis_championships,2011_9_dubai_dubai_duty_free_tennis_championships_2011-02-14_R64_kleybanova_a_pavlyuchenkova_a
tennis_data_uk,wta,2011,9,Dubai Duty Free Tennis Championships,Dubai,2011-02-14,premier,True,hard,R64,64,3,Dulgheru A.,Baltacha E.,30,68,2000,920.0,2,0,7,6,6,4,,,,,,,completed,2.0,1.72,2.08,1.83,2.13,1.9,1.95,1.79,2011_9_dubai_dubai_duty_free_tennis_championships,2011_9_dubai_dubai_duty_free_tennis_championships_2011-02-14_R64_dulgheru_a_baltacha_e
tennis_data_uk,wta,2011,9,Dubai Duty Free Tennis Championships,Dubai,2011-02-14,premier,True,hard,R64,64,3,Sevastova A.,Rodionova A.,36,62,1610,960.0,2,1,6,1,5,7,6,3,,,,,completed,1.22,4.0,1.3,3.86,1.33,4.0,1.28,3.47,2011_9_dubai_dubai_duty_free_tennis_championships,2011_9_dubai_dubai_duty_free_tennis_championships_2011-02-14_R64_sevastova_a_rodionova_a
tennis_data_uk,wta,2011,9,Dubai Duty Free Tennis Championships,Dubai,2011-02-14,premier,True,hard,R64,64,3,Bartoli M.,Date-Krumm K.,17,52,2595,1090.0,2,0,7,6,6,4,,,,,,,completed,1.33,3.25,1.36,3.42,1.38,3.55,1.34,3.15,2011_9_dubai_dubai_duty_free_tennis_championships,2011_9_dubai_dubai_duty_free_tennis_championships_2011-02-14_R64_bartoli_m_date_krumm_k
tennis_data_uk,wta,2011,9,Dubai Duty Free Tennis Championships,Dubai,2011-02-14,premier,True,hard,R64,64,3,Kuznetsova S.,Llagostera Vives N.,23,127,2310,545.0,2,0,6,4,6,2,,,,,,,completed,1.05,9.0,1.09,8.65,1.1,10.16,1.07,7.74,2011_9_dubai_dubai_duty_free_tennis_championships,2011_9_dubai_dubai_duty_free_tennis_championships_2011-02-14_R64_kuznetsova_s_llagostera_vives_n
tennis_data_uk,wta,2011,9,Dubai Duty Free Tennis Championships,Dubai,2011-02-15,premier,True,hard,R64,64,3,Errani S.,Kucova Z.,40,123,1375,554.0,2,0,6,1,6,4,,,,,,,completed,1.36,3.0,1.37,3.28,1.37,3.5,1.34,3.15,2011_9_dubai_dubai_duty_free_tennis_championships,2011_9_dubai_dubai_duty_free_tennis_championships_2011-02-15_R64_errani_s_kucova_z
tennis_data_uk,wta,2011,9,Dubai Duty Free Tennis Championships,Dubai,2011-02-15,premier,True,hard,R64,64,3,Peer S.,Martinez-Sanchez M.J.,11,28,3165,2010.0,2,0,6,4,6,1,,,,,,,completed,1.36,3.0,1.47,2.87,1.5,3.05,1.42,2.74,2011_9_dubai_dubai_duty_free_tennis_championships,2011_9_dubai_dubai_duty_free_tennis_championships_2011-02-15_R64_peer_s_martinez_sanchez_m_j
tennis_data_uk,wta,2011,9,Dubai Duty Free Tennis Championships,Dubai,2011-02-15,premier,True,hard,R64,64,3,Pennetta F.,Dokic J.,18,91,2460,719.0,2,0,6,2,6,2,,,,,,,completed,1.2,4.33,1.22,4.75,1.25,5.0,1.2,4.3,2011_9_dubai_dubai_duty_free_tennis_championships,2011_9_dubai_dubai_duty_free_tennis_championships_2011-02-15_R64_pennetta_f_dokic_j
tennis_data_uk,wta,2011,9,Dubai Duty Free Tennis Championships,Dubai,2011-02-15,premier,True,hard,R64,64,3,Vinci R.,Vesnina E.,37,56,1575,1080.0,2,0,6,4,6,3,,,,,,,completed,1.83,1.83,1.98,1.91,2.02,2.0,1.86,1.87,2011_9_dubai_dubai_duty_free_tennis_championships,2011_9_dubai_dubai_duty_free_tennis_championships_2011-02-15_R64_vinci_r_vesnina_e
tennis_data_uk,wta,2011,9,Dubai Duty Free Tennis Championships,Dubai,2011-02-15,premier,True,hard,R64,64,3,Chakvetadze A.,Hantuchova D.,51,29,1091,2010.0,2,0,6,1,6,3,,,,,,,completed,3.0,1.36,3.28,1.38,3.31,1.55,2.76,1.42,2011_9_dubai_dubai_duty_free_tennis_championships,2011_9_dubai_dubai_duty_free_tennis_championships_2011-02-15_R64_chakvetadze_a_hantuchova_d
tennis_data_uk,wta,2011,9,Dubai Duty Free Tennis Championships,Dubai,2011-02-15,premier,True,hard,R64,64,3,Kanepi K.,Dushevina V.,16,55,2630,1085.0,2,0,6,1,6,2,,,,,,,completed,1.33,3.25,1.34,3.5,1.4,3.55,1.32,3.21,2011_9_dubai_dubai_duty_free_tennis_championships,2011_9_dubai_dubai_duty_free_tennis_championships_2011-02-15_R64_kanepi_k_dushevina_v
tennis_data_uk,wta,2011,9,Dubai Duty Free Tennis Championships,Dubai,2011-02-15,premier,True,hard,R64,64,3,Zakopalova K.,Safarova L.,33,35,1690,1645.0,2,0,6,2,6,2,,,,,,,completed,2.1,1.66,2.05,1.85,2.2,1.87,2.05,1.72,2011_9_dubai_dubai_duty_free_tennis_championships,2011_9_dubai_dubai_duty_free_tennis_championships_2011-02-15_R64_zakopalova_k_safarova_l
tennis_data_uk,wta,2011,9,Dubai Duty Free Tennis Championships,Dubai,2011-02-15,premier,True,hard,R64,64,3,Peng S.,Mattek-Sands B.,39,42,1445,1356.0,2,1,6,3,2,6,6,3,,,,,completed,1.57,2.25,1.62,2.43,1.67,2.5,1.57,2.33,2011_9_dubai_dubai_duty_free_tennis_championships,2011_9_dubai_dubai_duty_free_tennis_championships_2011-02-15_R64_peng_s_mattek_sands_b
tennis_data_uk,wta,2011,9,Dubai Duty Free Tennis Championships,Dubai,2011-02-15,premier,True,hard,R64,64,3,Pironkova T.,Makarova E.,32,41,1722,1371.0,2,0,7,5,6,3,,,,,,,completed,3.25,1.33,3.26,1.38,3.5,1.44,2.97,1.36,2011_9_dubai_dubai_duty_free_tennis_championships,2011_9_dubai_dubai_duty_free_tennis_championships_2011-02-15_R64_pironkova_t_makarova_e
tennis_data_uk,wta,2011,9,Dubai Duty Free Tennis Championships,Dubai,2011-02-15,premier,True,hard,R64,64,3,Zheng J.,Barrois K.,45,75,1258,846.0,2,1,6,3,2,6,6,4,,,,,completed,1.72,2.0,1.93,1.96,1.93,2.1,1.79,1.94,2011_9_dubai_dubai_duty_free_tennis_championships,2011_9_dubai_dubai_duty_free_tennis_championships_2011-02-15_R64_zheng_j_barrois_k
tennis_data_uk,wta,2011,9,Dubai Duty Free Tennis Championships,Dubai,2011-02-15,premier,True,hard,R64,64,3,Petkovic A.,Kerber A.,24,48,2290,1131.0,2,1,6,4,4,6,6,3,,,,,completed,1.33,3.25,1.38,3.31,1.4,3.55,1.35,3.06,2011_9_dubai_dubai_duty_free_tennis_championships,2011_9_dubai_dubai_duty_free_tennis_championships_2011-02-15_R64_petkovic_a_kerber_a
tennis_data_uk,wta,2011,9,Dubai Duty Free Tennis Championships,Dubai,2011-02-15,premier,True,hard,R64,64,3,Morita A.,Kvitova P.,57,14,1038,2887.0,2,0,7,6,7,6,,,,,,,completed,4.0,1.22,4.59,1.23,4.7,1.25,4.06,1.22,2011_9_dubai_dubai_duty_free_tennis_championships,2011_9_dubai_dubai_duty_free_tennis_championships_2011-02-15_R64_morita_a_kvitova_p
tennis_data_uk,wta,2011,9,Dubai Duty Free Tennis Championships,Dubai,2011-02-15,premier,True,hard,R64,64,3,Wickmayer Y.,Jovanovski B.,25,54,2180,1087.0,2,1,7,5,3,6,6,2,,,,,completed,1.5,2.5,1.48,2.83,1.53,2.93,1.46,2.62,2011_9_dubai_dubai_duty_free_tennis_championships,2011_9_dubai_dubai_duty_free_tennis_championships_2011-02-15_R64_wickmayer_y_jovanovski_b
tennis_data_uk,wta,2011,9,Dubai Duty Free Tennis Championships,Dubai,2011-02-15,premier,True,hard,R64,64,3,Groth J.,Cibulkova D.,31,27,1788,2110.0,2,0,7,6,6,2,,,,,,,completed,1.72,2.0,1.89,2.0,2.06,2.0,1.83,1.9,2011_9_dubai_dubai_duty_free_tennis_championships,2011_9_dubai_dubai_duty_free_tennis_championships_2011-02-15_R64_groth_j_cibulkova_d
tennis_data_uk,wta,2011,9,Dubai Duty Free Tennis Championships,Dubai,2011-02-15,premier,True,hard,R64,64,3,Schnyder P.,Ivanovic A.,44,19,1325,2445.0,2,1,4,6,7,6,6,2,,,,,completed,3.5,1.28,3.96,1.29,4.1,1.3,3.6,1.27,2011_9_dubai_dubai_duty_free_tennis_championships,2011_9_dubai_dubai_duty_free_tennis_championships_2011-02-15_R64_schnyder_p_ivanovic_a
tennis_data_uk,wta,2011,9,Dubai Duty Free Tennis Championships,Dubai,2011-02-15,premier,True,hard,R64,64,3,Mirza S.,Amanmuradova A.,134,64,500,955.0,2,0,6,3,6,1,,,,,,,completed,1.5,2.5,1.62,2.41,1.62,2.8,1.53,2.41,2011_9_dubai_dubai_duty_free_tennis_championships,2011_9_dubai_dubai_duty_free_tennis_championships_2011-02-15_R64_mirza_s_amanmuradova_a
tennis_data_uk,wta,2011,9,Dubai Duty Free Tennis Championships,Dubai,2011-02-16,premier,True,hard,R32,32,3,Radwanska A.,Sevastova A.,10,36,3340,1610.0,2,0,7,5,6,4,,,,,,,completed,1.28,3.5,1.33,3.67,1.37,3.8,1.32,3.25,2011_9_dubai_dubai_duty_free_tennis_championships,2011_9_dubai_dubai_duty_free_tennis_championships_2011-02-16_R32_radwanska_a_sevastova_a
tennis_data_uk,wta,2011,9,Dubai Duty Free Tennis Championships,Dubai,2011-02-16,premier,True,hard,R32,32,3,Zvonareva V.,Vinci R.,3,37,7255,1575.0,2,0,6,3,6,1,,,,,,,completed,1.11,6.0,1.15,6.59,1.17,7.0,1.13,5.66,2011_9_dubai_dubai_duty_free_tennis_championships,2011_9_dubai_dubai_duty_free_tennis_championships_2011-02-16_R32_zvonareva_v_vinci_r
tennis_data_uk,wta,2011,9,Dubai Duty Free Tennis Championships,Dubai,2011-02-16,premier,True,hard,R32,32,3,Peer S.,Dulgheru A.,11,30,3165,2000.0,2,0,6,4,6,2,,,,,,,completed,1.14,5.0,1.18,5.61,1.22,5.61,1.16,4.89,2011_9_dubai_dubai_duty_free_tennis_championships,2011_9_dubai_dubai_duty_free_tennis_championships_2011-02-16_R32_peer_s_dulgheru_a
tennis_data_uk,wta,2011,9,Dubai Duty Free Tennis Championships,Dubai,2011-02-16,premier,True,hard,R32,32,3,Schiavone F.,Zhang S.,4,84,4996,752.0,2,0,6,3,6,1,,,,,,,completed,1.14,5.0,1.2,5.16,1.21,5.4,1.18,4.63,2011_9_dubai_dubai_duty_free_tennis_championships,2011_9_dubai_dubai_duty_free_tennis_championships_2011-02-16_R32_schiavone_f_zhang_s
tennis_data_uk,wta,2011,9,Dubai Duty Free Tennis Championships,Dubai,2011-02-16,premier,True,hard,R32,32,3,Azarenka V.,Peng S.,9,39,3935,1445.0,2,1,4,6,6,2,7,6,,,,,completed,1.28,3.5,1.33,3.69,1.36,3.81,1.3,3.37,2011_9_dubai_dubai_duty_free_tennis_championships,2011_9_dubai_dubai_duty_free_tennis_championships_2011-02-16_R32_azarenka_v_peng_s
tennis_data_uk,wta,2011,9,Dubai Duty Free Tennis Championships,Dubai,2011-02-16,premier,True,hard,R32,32,3,Bartoli M.,Bacsinszky T.,17,47,2595,1190.0,2,1,3,6,6,4,6,1,,,,,completed,1.28,3.5,1.29,3.97,1.35,3.97,1.3,3.41,2011_9_dubai_dubai_duty_free_tennis_championships,2011_9_dubai_dubai_duty_free_tennis_championships_2011-02-16_R32_bartoli_m_bacsinszky_t
tennis_data_uk,wta,2011,9,Dubai Duty Free Tennis Championships,Dubai,2011-02-16,premier,True,hard,R32,32,3,Kuznetsova S.,Pironkova T.,23,32,2310,1722.0,2,1,5,7,6,2,6,4,,,,,completed,1.16,4.5,1.21,5.12,1.22,5.5,1.19,4.52,2011_9_dubai_dubai_duty_free_tennis_championships,2011_9_dubai_dubai_duty_free_tennis_championships_2011-02-16_R32_kuznetsova_s_pironkova_t
tennis_data_uk,wta,2011,9,Dubai Duty Free Tennis Championships,Dubai,2011-02-16,premier,True,hard,R32,32,3,Stosur S.,Errani S.,5,40,4862,1375.0,2,0,6,0,6,1,,,,,,,completed,1.28,3.5,1.32,3.74,1.35,3.74,1.31,3.37,2011_9_dubai_dubai_duty_free_tennis_championships,2011_9_dubai_dubai_duty_free_tennis_championships_2011-02-16_R32_stosur_s_errani_s
tennis_data_uk,wta,2011,9,Dubai Duty Free Tennis Championships,Dubai,2011-02-16,premier,True,hard,R32,32,3,Morita A.,Mirza S.,57,134,1038,500.0,2,0,6,4,6,2,,,,,,,completed,1.9,1.8,1.93,1.97,1.95,2.0,1.86,1.88,2011_9_dubai_dubai_duty_free_tennis_championships,2011_9_dubai_dubai_duty_free_tennis_championships_2011-02-16_R32_morita_a_mirza_s
tennis_data_uk,wta,2011,9,Dubai Duty Free Tennis Championships,Dubai,2011-02-16,premier,True,hard,R32,32,3,Kleybanova A.,Groth J.,22,31,2330,1788.0,2,0,6,4,6,3,,,,,,,completed,1.61,2.2,1.74,2.22,1.74,2.3,1.66,2.15,2011_9_dubai_dubai_duty_free_tennis_championships,2011_9_dubai_dubai_duty_free_tennis_championships_2011-02-16_R32_kleybanova_a_groth_j
tennis_data_uk,wta,2011,9,Dubai Duty Free Tennis Championships,Dubai,2011-02-16,premier,True,hard,R32,32,3,Jankovic J.,Scheepers C.,8,78,4385,807.0,2,0,6,2,6,3,,,,,,,completed,1.33,3.25,1.4,3.25,1.44,3.3,1.35,3.08,2011_9_dubai_dubai_duty_free_tennis_championships,2011_9_dubai_dubai_duty_free_tennis_championships_2011-02-16_R32_jankovic_j_scheepers_c
tennis_data_uk,wta,2011,9,Dubai Duty Free Tennis Championships,Dubai,2011-02-16,premier,True,hard,R32,32,3,Schnyder P.,Zheng J.,44,45,1325,1258.0,2,1,1,6,6,0,6,2,,,,,completed,1.72,2.0,1.78,2.16,1.8,2.16,1.73,2.05,2011_9_dubai_dubai_duty_free_tennis_championships,2011_9_dubai_dubai_duty_free_tennis_championships_2011-02-16_R32_schnyder_p_zheng_j
tennis_data_uk,wta,2011,9,Dubai Duty Free Tennis Championships,Dubai,2011-02-16,premier,True,hard,R32,32,3,Pennetta F.,Zakopalova K.,18,33,2460,1690.0,2,1,5,7,6,1,6,2,,,,,completed,1.28,3.5,1.31,3.83,1.31,4.0,1.28,3.56,2011_9_dubai_dubai_duty_free_tennis_championships,2011_9_dubai_dubai_duty_free_tennis_championships_2011-02-16_R32_pennetta_f_zakopalova_k
tennis_data_uk,wta,2011,9,Dubai Duty Free Tennis Championships,Dubai,2011-02-16,premier,True,hard,R32,32,3,Kanepi K.,Petkovic A.,16,24,2630,2290.0,2,1,6,3,3,6,6,3,,,,,completed,1.72,2.0,1.9,2.0,1.9,2.03,1.8,1.94,2011_9_dubai_dubai_duty_free_tennis_championships,2011_9_dubai_dubai_duty_free_tennis_championships_2011-02-16_R32_kanepi_k_petkovic_a
tennis_data_uk,wta,2011,9,Dubai Duty Free Tennis Championships,Dubai,2011-02-16,premier,True,hard,R32,32,3,Wozniacki C.,Chakvetadze A.,2,51,8655,1091.0,1,0,6,1,3,5,,,,,,,retired,1.11,6.0,1.1,8.6,1.15,9.0,1.09,6.77,2011_9_dubai_dubai_duty_free_tennis_championships,2011_9_dubai_dubai_duty_free_tennis_championships_2011-02-16_R32_wozniacki_c_chakvetadze_a
tennis_data_uk,wta,2011,9,Dubai Duty Free Tennis Championships,Dubai,2011-02-16,premier,True,hard,R32,32,3,Wickmayer Y.,Li N.,25,7,2180,4450.0,2,1,6,7,7,6,6,2,,,,,completed,2.75,1.4,2.84,1.49,2.96,1.5,2.7,1.44,2011_9_dubai_dubai_duty_free_tennis_championships,2011_9_dubai_dubai_duty_free_tennis_championships_2011-02-16_R32_wickmayer_y_li_n
tennis_data_uk,wta,2011,9,Dubai Duty Free Tennis Championships,Dubai,2011-02-17,premier,True,hard,R16,16,3,Radwanska A.,Bartoli M.,10,17,3340,2595.0,2,0,6,3,6,2,,,,,,,completed,1.33,3.25,1.36,3.49,1.44,3.49,1.38,2.95,2011_9_dubai_dubai_duty_free_tennis_championships,2011_9_dubai_dubai_duty_free_tennis_championships_2011-02-17_R16_radwanska_a_bartoli_m
tennis_data_uk,wta,2011,9,Dubai Duty Free Tennis Championships,Dubai,2011-02-17,premier,True,hard,R16,16,3,Stosur S.,Schnyder P.,5,44,4862,1325.0,2,0,6,3,6,4,,,,,,,completed,1.12,5.5,1.21,5.21,1.22,5.78,1.16,4.88,2011_9_dubai_dubai_duty_free_tennis_championships,2011_9_dubai_dubai_duty_free_tennis_championships_2011-02-17_R16_stosur_s_schnyder_p
tennis_data_uk,wta,2011,9,Dubai Duty Free Tennis Championships,Dubai,2011-02-17,premier,True,hard,R16,16,3,Kleybanova A.,Zvonareva V.,22,3,2330,7255.0,2,0,6,3,6,2,,,,,,,completed,3.25,1.33,3.36,1.38,3.55,1.44,3.11,1.34,2011_9_dubai_dubai_duty_free_tennis_championships,2011_9_dubai_dubai_duty_free_tennis_championships_2011-02-17_R16_kleybanova_a_zvonareva_v
tennis_data_uk,wta,2011,9,Dubai Duty Free Tennis Championships,Dubai,2011-02-17,premier,True,hard,R16,16,3,Kuznetsova S.,Schiavone F.,23,4,2310,4996.0,2,1,1,6,6,0,7,5,,,,,completed,1.72,2.0,1.82,2.13,1.9,2.13,1.78,1.97,2011_9_dubai_dubai_duty_free_tennis_championships,2011_9_dubai_dubai_duty_free_tennis_championships_2011-02-17_R16_kuznetsova_s_schiavone_f
tennis_data_uk,wta,2011,9,Dubai Duty Free Tennis Championships,Dubai,2011-02-17,premier,True,hard,R16,16,3,Peer S.,Wickmayer Y.,11,25,3165,2180.0,2,1,3,6,6,4,6,1,,,,,completed,1.83,1.83,1.88,2.06,1.97,2.06,1.86,1.87,2011_9_dubai_dubai_duty_free_tennis_championships,2011_9_dubai_dubai_duty_free_tennis_championships_2011-02-17_R16_peer_s_wickmayer_y
tennis_data_uk,wta,2011,9,Dubai Duty Free Tennis Championships,Dubai,2011-02-17,premier,True,hard,R16,16,3,Pennetta F.,Azarenka V.,18,9,2460,3935.0,2,1,6,3,6,7,6,4,,,,,completed,2.1,1.66,2.25,1.74,2.25,1.8,2.08,1.7,2011_9_dubai_dubai_duty_free_tennis_championships,2011_9_dubai_dubai_duty_free_tennis_championships_2011-02-17_R16_pennetta_f_azarenka_v
tennis_data_uk,wta,2011,9,Dubai Duty Free Tennis Championships,Dubai,2011-02-17,premier,True,hard,R16,16,3,Wozniacki C.,Morita A.,2,57,8655,1038.0,2,0,6,1,6,0,,,,,,,completed,1.05,9.0,1.09,9.96,1.11,11.0,1.07,7.74,2011_9_dubai_dubai_duty_free_tennis_championships,2011_9_dubai_dubai_duty_free_tennis_championships_2011-02-17_R16_wozniacki_c_morita_a
tennis_data_uk,wta,2011,9,Dubai Duty Free Tennis Championships,Dubai,2011-02-17,premier,True,hard,R16,16,3,Jankovic J.,Kanepi K.,8,16,4385,2630.0,2,1,2,6,6,3,7,5,,,,,completed,2.5,1.5,2.38,1.67,2.5,1.67,2.32,1.58,2011_9_dubai_dubai_duty_free_tennis_championships,2011_9_dubai_dubai_duty_free_tennis_championships_2011-02-17_R16_jankovic_j_kanepi_k
tennis_data_uk,wta,2011,9,Dubai Duty Free Tennis Championships,Dubai,2011-02-18,premier,True,hard,QF,8,3,Wozniacki C.,Peer S.,2,11,8655,3165.0,2,0,6,2,6,4,,,,,,,completed,1.16,4.5,1.26,4.49,1.29,4.72,1.23,3.95,2011_9_dubai_dubai_duty_free_tennis_championships,2011_9_dubai_dubai_duty_free_tennis_championships_2011-02-18_QF_wozniacki_c_peer_s
tennis_data_uk,wta,2011,9,Dubai Duty Free Tennis Championships,Dubai,2011-02-18,premier,True,hard,QF,8,3,Jankovic J.,Stosur S.,8,5,4385,4862.0,2,1,6,3,5,7,7,6,,,,,completed,3.25,1.33,3.71,1.33,3.71,1.4,3.06,1.35,2011_9_dubai_dubai_duty_free_tennis_championships,2011_9_dubai_dubai_duty_free_tennis_championships_2011-02-18_QF_jankovic_j_stosur_s
tennis_data_uk,wta,2011,9,Dubai Duty Free Tennis Championships,Dubai,2011-02-18,premier,True,hard,QF,8,3,Kuznetsova S.,Radwanska A.,23,10,2310,3340.0,2,0,7,6,6,3,,,,,,,completed,1.8,1.9,2.0,1.93,2.0,2.0,1.87,1.87,2011_9_dubai_dubai_duty_free_tennis_championships,2011_9_dubai_dubai_duty_free_tennis_championships_2011-02-18_QF_kuznetsova_s_radwanska_a
tennis_data_uk,wta,2011,9,Dubai Duty Free Tennis Championships,Dubai,2011-02-18,premier,True,hard,QF,8,3,Pennetta F.,Kleybanova A.,18,22,2460,2330.0,2,0,6,2,6,0,,,,,,,completed,1.72,2.0,1.82,2.12,1.83,2.18,1.74,2.03,2011_9_dubai_dubai_duty_free_tennis_championships,2011_9_dubai_dubai_duty_free_tennis_championships_2011-02-18_QF_pennetta_f_kleybanova_a
tennis_data_uk,wta,2011,9,Dubai Duty Free Tennis Championships,Dubai,2011-02-19,premier,True,hard,SF,4,3,Wozniacki C.,Jankovic J.,2,8,8655,4385.0,2,0,7,5,6,3,,,,,,,completed,1.2,4.33,1.25,4.55,1.3,4.55,1.24,3.93,2011_9_dubai_dubai_duty_free_tennis_championships,2011_9_dubai_dubai_duty_free_tennis_championships_2011-02-19_SF_wozniacki_c_jankovic_j
tennis_data_uk,wta,2011,9,Dubai Duty Free Tennis Championships,Dubai,2011-02-19,premier,True,hard,SF,4,3,Kuznetsova S.,Pennetta F.,23,18,2310,2460.0,2,0,6,4,6,4,,,,,,,completed,1.72,2.0,1.88,2.04,1.9,2.1,1.8,1.95,2011_9_dubai_dubai_duty_free_tennis_championships,2011_9_dubai_dubai_duty_free_tennis_championships_2011-02-19_SF_kuznetsova_s_pennetta_f
tennis_data_uk,wta,2011,9,Dubai Duty Free Tennis Championships,Dubai,2011-02-20,premier,True,hard,F,2,3,Wozniacki C.,Kuznetsova S.,2,23,8655,2310.0,2,0,6,1,6,3,,,,,,,completed,1.4,2.87,1.43,2.14,1.47,3.15,1.4,2.86,2011_9_dubai_dubai_duty_free_tennis_championships,2011_9_dubai_dubai_duty_free_tennis_championships_2011-02-20_F_wozniacki_c_kuznetsova_s
tennis_data_uk,wta,2011,10,Cellular South Cup,Memphis,2011-02-13,international,False,hard,R32,32,3,Zahlavova S.,Kudryavtseva A.,96,69,701,895.0,2,0,7,6,6,4,,,,,,,completed,2.37,1.53,2.55,1.57,2.65,1.57,2.44,1.53,2011_10_memphis_cellular_south_cup,2011_10_memphis_cellular_south_cup_2011-02-13_R32_zahlavova_s_kudryavtseva_a
tennis_data_uk,wta,2011,10,Cellular South Cup,Memphis,2011-02-13,international,False,hard,R32,32,3,Watson H.,Hlavackova A.,145,97,446,698.0,2,0,6,3,7,5,,,,,,,completed,1.83,1.83,1.86,2.03,2.05,2.03,1.9,1.84,2011_10_memphis_cellular_south_cup,2011_10_memphis_cellular_south_cup_2011-02-13_R32_watson_h_hlavackova_a
tennis_data_uk,wta,2011,10,Cellular South Cup,Memphis,2011-02-13,international,False,hard,R32,32,3,Vandeweghe C.,Groenefeld A.L.,106,159,655,377.0,2,0,6,3,6,2,,,,,,,completed,1.8,1.9,1.87,2.01,1.91,2.05,1.8,1.93,2011_10_memphis_cellular_south_cup,2011_10_memphis_cellular_south_cup_2011-02-13_R32_vandeweghe_c_groenefeld_a_l
tennis_data_uk,wta,2011,10,Cellular South Cup,Memphis,2011-02-13,international,False,hard,R32,32,3,Rybarikova M.,King V.,105,86,661,751.0,2,1,6,1,3,6,7,6,,,,,completed,1.83,1.83,2.0,1.89,2.0,1.98,1.89,1.85,2011_10_memphis_cellular_south_cup,2011_10_memphis_cellular_south_cup_2011-02-13_R32_rybarikova_m_king_v
tennis_data_uk,wta,2011,10,Cellular South Cup,Memphis,2011-02-13,international,False,hard,R32,32,3,Glatch A.,Capra B.,288,234,174,235.0,2,0,6,2,6,0,,,,,,,completed,1.36,3.0,1.32,3.66,1.38,3.66,1.35,3.16,2011_10_memphis_cellular_south_cup,2011_10_memphis_cellular_south_cup_2011-02-13_R32_glatch_a_capra_b
tennis_data_uk,wta,2011,10,Cellular South Cup,Memphis,2011-02-14,international,False,hard,R32,32,3,Voracova R.,Mchale C.,83,109,755,629.0,2,0,6,2,6,1,,,,,,,completed,2.25,1.57,2.52,1.58,2.52,1.71,2.24,1.62,2011_10_memphis_cellular_south_cup,2011_10_memphis_cellular_south_cup_2011-02-14_R32_voracova_r_mchale_c
tennis_data_uk,wta,2011,10,Cellular South Cup,Memphis,2011-02-14,international,False,hard,R32,32,3,Krajicek M.,Zahlavova Strycova B.,151,53,406,1090.0,2,0,6,1,6,3,,,,,,,completed,3.25,1.33,3.1,1.41,3.72,1.41,3.22,1.32,2011_10_memphis_cellular_south_cup,2011_10_memphis_cellular_south_cup_2011-02-14_R32_krajicek_m_zahlavova_strycova_b
tennis_data_uk,wta,2011,10,Cellular South Cup,Memphis,2011-02-14,international,False,hard,R32,32,3,Foretz S.,Govortsova O.,160,70,377,893.0,2,1,6,3,4,6,6,4,,,,,completed,2.62,1.44,2.67,1.53,2.85,1.53,2.61,1.47,2011_10_memphis_cellular_south_cup,2011_10_memphis_cellular_south_cup_2011-02-14_R32_foretz_s_govortsova_o
tennis_data_uk,wta,2011,10,Cellular South Cup,Memphis,2011-02-14,international,False,hard,R32,32,3,Rodina E.,Tomljanovic A.,89,180,736,334.0,2,1,1,6,6,0,7,6,,,,,completed,1.4,2.75,1.49,2.8,1.49,2.96,1.43,2.72,2011_10_memphis_cellular_south_cup,2011_10_memphis_cellular_south_cup_2011-02-14_R32_rodina_e_tomljanovic_a
tennis_data_uk,wta,2011,10,Cellular South Cup,Memphis,2011-02-14,international,False,hard,R32,32,3,Cirstea S.,Harrison C.,93,952,710,11.0,2,0,6,2,6,2,,,,,,,completed,1.11,6.0,1.17,5.81,1.17,6.4,1.14,5.0,2011_10_memphis_cellular_south_cup,2011_10_memphis_cellular_south_cup_2011-02-14_R32_cirstea_s_harrison_c
tennis_data_uk,wta,2011,10,Cellular South Cup,Memphis,2011-02-14,international,False,hard,R32,32,3,Keothavong A.,Wozniak A.,90,137,721,480.0,2,0,6,2,6,2,,,,,,,completed,1.53,2.37,1.63,2.4,1.68,2.4,1.6,2.28,2011_10_memphis_cellular_south_cup,2011_10_memphis_cellular_south_cup_2011-02-14_R32_keothavong_a_wozniak_a
tennis_data_uk,wta,2011,10,Cellular South Cup,Memphis,2011-02-14,international,False,hard,R32,32,3,Stevenson A.,Arvidsson S.,293,58,170,1035.0,2,0,6,3,6,1,,,,,,,completed,4.33,1.2,4.8,1.22,5.0,1.22,4.43,1.19,2011_10_memphis_cellular_south_cup,2011_10_memphis_cellular_south_cup_2011-02-14_R32_stevenson_a_arvidsson_s
tennis_data_uk,wta,2011,10,Cellular South Cup,Memphis,2011-02-14,international,False,hard,R32,32,3,Hradecka L.,Ditty J.,102,278,676,182.0,2,0,6,1,6,3,,,,,,,completed,1.12,5.5,1.18,5.41,1.25,6.0,1.15,5.01,2011_10_memphis_cellular_south_cup,2011_10_memphis_cellular_south_cup_2011-02-14_R32_hradecka_l_ditty_j
tennis_data_uk,wta,2011,10,Cellular South Cup,Memphis,2011-02-14,international,False,hard,R32,32,3,Marino R.,Hampton J.,80,132,790,531.0,2,0,6,4,6,1,,,,,,,completed,1.44,2.62,1.51,2.74,1.53,2.85,1.48,2.57,2011_10_memphis_cellular_south_cup,2011_10_memphis_cellular_south_cup_2011-02-14_R32_marino_r_hampton_j
tennis_data_uk,wta,2011,10,Cellular South Cup,Memphis,2011-02-14,international,False,hard,R32,32,3,Pervak K.,Tatishvili A.,94,128,706,540.0,2,0,6,3,6,4,,,,,,,completed,1.44,2.62,1.47,2.88,1.5,2.96,1.46,2.64,2011_10_memphis_cellular_south_cup,2011_10_memphis_cellular_south_cup_2011-02-14_R32_pervak_k_tatishvili_a
tennis_data_uk,wta,2011,10,Cellular South Cup,Memphis,2011-02-15,international,False,hard,R32,32,3,Oudin M.,Pivovarova A.,72,120,858,569.0,2,0,6,4,6,0,,,,,,,completed,1.25,3.75,1.3,3.88,1.33,3.88,1.29,3.46,2011_10_memphis_cellular_south_cup,2011_10_memphis_cellular_south_cup_2011-02-15_R32_oudin_m_pivovarova_a
tennis_data_uk,wta,2011,10,Cellular South Cup,Memphis,2011-02-15,international,False,hard,R16,16,3,Rybarikova M.,Keothavong A.,105,90,661,721.0,2,1,6,4,3,6,6,1,,,,,completed,2.2,1.61,2.35,1.67,2.4,1.7,2.22,1.63,2011_10_memphis_cellular_south_cup,2011_10_memphis_cellular_south_cup_2011-02-15_R16_rybarikova_m_keothavong_a
tennis_data_uk,wta,2011,10,Cellular South Cup,Memphis,2011-02-15,international,False,hard,R16,16,3,Pervak K.,Voracova R.,94,83,706,755.0,2,0,6,1,6,1,,,,,,,completed,1.57,2.25,1.53,2.7,1.67,2.7,1.56,2.38,2011_10_memphis_cellular_south_cup,2011_10_memphis_cellular_south_cup_2011-02-15_R16_pervak_k_voracova_r
tennis_data_uk,wta,2011,10,Cellular South Cup,Memphis,2011-02-15,international,False,hard,R16,16,3,Glatch A.,Krajicek M.,288,151,174,406.0,2,1,7,6,3,6,6,3,,,,,completed,2.25,1.57,2.48,1.61,2.55,1.62,2.35,1.57,2011_10_memphis_cellular_south_cup,2011_10_memphis_cellular_south_cup_2011-02-15_R16_glatch_a_krajicek_m
tennis_data_uk,wta,2011,10,Cellular South Cup,Memphis,2011-02-16,international,False,hard,R16,16,3,Watson H.,Foretz S.,145,160,446,377.0,2,1,6,2,5,7,6,4,,,,,completed,1.57,2.25,1.74,2.23,1.74,2.3,1.64,2.18,2011_10_memphis_cellular_south_cup,2011_10_memphis_cellular_south_cup_2011-02-16_R16_watson_h_foretz_s
tennis_data_uk,wta,2011,10,Cellular South Cup,Memphis,2011-02-16,international,False,hard,R16,16,3,Vandeweghe C.,Stevenson A.,106,293,655,170.0,2,0,6,2,6,2,,,,,,,completed,1.53,2.37,1.69,2.31,1.69,2.63,1.57,2.31,2011_10_memphis_cellular_south_cup,2011_10_memphis_cellular_south_cup_2011-02-16_R16_vandeweghe_c_stevenson_a
tennis_data_uk,wta,2011,10,Cellular South Cup,Memphis,2011-02-16,international,False,hard,R16,16,3,Hradecka L.,Zahlavova S.,102,96,676,701.0,2,0,6,4,6,3,,,,,,,completed,1.4,2.75,1.4,3.22,1.46,3.22,1.41,2.81,2011_10_memphis_cellular_south_cup,2011_10_memphis_cellular_south_cup_2011-02-16_R16_hradecka_l_zahlavova_s
tennis_data_uk,wta,2011,10,Cellular South Cup,Memphis,2011-02-16,international,False,hard,R16,16,3,Marino R.,Cirstea S.,80,93,790,710.0,2,1,6,2,4,6,6,3,,,,,completed,1.66,2.1,1.75,2.2,1.78,2.2,1.7,2.09,2011_10_memphis_cellular_south_cup,2011_10_memphis_cellular_south_cup_2011-02-16_R16_marino_r_cirstea_s
tennis_data_uk,wta,2011,10,Cellular South Cup,Memphis,2011-02-16,international,False,hard,R16,16,3,Rodina E.,Oudin M.,89,72,736,858.0,2,0,6,1,7,5,,,,,,,completed,3.5,1.28,3.51,1.35,3.6,1.36,3.3,1.31,2011_10_memphis_cellular_south_cup,2011_10_memphis_cellular_south_cup_2011-02-16_R16_rodina_e_oudin_m
tennis_data_uk,wta,2011,10,Cellular South Cup,Memphis,2011-02-17,international,False,hard,QF,8,3,Hradecka L.,Pervak K.,102,94,676,706.0,2,0,6,4,6,3,,,,,,,completed,1.44,2.62,1.54,2.69,1.55,2.75,1.5,2.51,2011_10_memphis_cellular_south_cup,2011_10_memphis_cellular_south_cup_2011-02-17_QF_hradecka_l_pervak_k
tennis_data_uk,wta,2011,10,Cellular South Cup,Memphis,2011-02-17,international,False,hard,QF,8,3,Marino R.,Vandeweghe C.,80,106,790,655.0,2,0,6,1,7,6,,,,,,,completed,1.61,2.2,1.66,2.39,1.75,2.39,1.68,2.12,2011_10_memphis_cellular_south_cup,2011_10_memphis_cellular_south_cup_2011-02-17_QF_marino_r_vandeweghe_c
tennis_data_uk,wta,2011,10,Cellular South Cup,Memphis,2011-02-17,international,False,hard,QF,8,3,Rodina E.,Watson H.,89,145,736,446.0,2,0,6,3,6,4,,,,,,,completed,1.72,2.0,1.85,2.09,1.85,2.12,1.73,2.02,2011_10_memphis_cellular_south_cup,2011_10_memphis_cellular_south_cup_2011-02-17_QF_rodina_e_watson_h
tennis_data_uk,wta,2011,10,Cellular South Cup,Memphis,2011-02-17,international,False,hard,QF,8,3,Rybarikova M.,Glatch A.,105,288,661,174.0,2,0,6,3,6,2,,,,,,,completed,1.53,2.37,1.6,2.52,1.67,2.55,1.6,2.27,2011_10_memphis_cellular_south_cup,2011_10_memphis_cellular_south_cup_2011-02-17_QF_rybarikova_m_glatch_a
tennis_data_uk,wta,2011,10,Cellular South Cup,Memphis,2011-02-18,international,False,hard,SF,4,3,Rybarikova M.,Hradecka L.,105,102,661,676.0,2,1,6,2,4,6,6,4,,,,,completed,2.25,1.57,2.29,1.71,2.37,1.71,2.2,1.65,2011_10_memphis_cellular_south_cup,2011_10_memphis_cellular_south_cup_2011-02-18_SF_rybarikova_m_hradecka_l
tennis_data_uk,wta,2011,10,Cellular South Cup,Memphis,2011-02-18,international,False,hard,SF,4,3,Marino R.,Rodina E.,80,89,790,736.0,2,1,6,7,6,4,6,1,,,,,completed,1.61,2.2,1.71,2.3,1.75,2.35,1.66,2.19,2011_10_memphis_cellular_south_cup,2011_10_memphis_cellular_south_cup_2011-02-18_SF_marino_r_rodina_e
tennis_data_uk,wta,2011,10,Cellular South Cup,Memphis,2011-02-20,international,False,hard,F,2,3,Rybarikova M.,Marino R.,105,80,661,790.0,1,0,6,2,,,,,,,,,retired,1.8,1.9,1.75,2.23,1.9,2.23,1.78,1.98,2011_10_memphis_cellular_south_cup,2011_10_memphis_cellular_south_cup_2011-02-20_F_rybarikova_m_marino_r
tennis_data_uk,wta,2011,11,Abierto Mexicano,Acapulco,2011-02-21,international,True,clay,R32,32,3,Cirstea S.,Mayr P.,94,103,720,675.0,2,0,6,2,6,4,,,,,,,completed,1.9,1.8,1.89,2.01,2.0,2.01,1.9,1.84,2011_11_acapulco_abierto_mexicano,2011_11_acapulco_abierto_mexicano_2011-02-21_R32_cirstea_s_mayr_p
tennis_data_uk,wta,2011,11,Abierto Mexicano,Acapulco,2011-02-21,international,True,clay,R32,32,3,Goerges J.,Hermoso X.,34,659,1685,34.0,2,0,6,1,6,2,,,,,,,completed,1.01,13.0,1.03,15.56,1.05,19.33,1.03,12.55,2011_11_acapulco_abierto_mexicano,2011_11_acapulco_abierto_mexicano_2011-02-21_R32_goerges_j_hermoso_x
tennis_data_uk,wta,2011,11,Abierto Mexicano,Acapulco,2011-02-21,international,True,clay,R32,32,3,Parra Santonja A.,Bammer S.,79,89,831,751.0,2,0,7,6,7,6,,,,,,,completed,2.1,1.66,2.1,1.8,2.15,1.81,2.03,1.74,2011_11_acapulco_abierto_mexicano,2011_11_acapulco_abierto_mexicano_2011-02-21_R32_parra_santonja_a_bammer_s
tennis_data_uk,wta,2011,11,Abierto Mexicano,Acapulco,2011-02-22,international,True,clay,R32,32,3,Parmentier P.,Ondraskova Z.,111,84,592,773.0,2,0,6,3,7,5,,,,,,,completed,1.8,1.9,1.86,2.03,1.89,2.05,1.8,1.94,2011_11_acapulco_abierto_mexicano,2011_11_acapulco_abierto_mexicano_2011-02-22_R32_parmentier_p_ondraskova_z
tennis_data_uk,wta,2011,11,Abierto Mexicano,Acapulco,2011-02-22,international,True,clay,R32,32,3,Pous-Tio L.,Halep S.,85,61,772,981.0,2,1,6,3,6,7,6,3,,,,,completed,2.25,1.57,2.2,1.74,2.4,1.76,2.19,1.64,2011_11_acapulco_abierto_mexicano,2011_11_acapulco_abierto_mexicano_2011-02-22_R32_pous_tio_l_halep_s
tennis_data_uk,wta,2011,11,Abierto Mexicano,Acapulco,2011-02-22,international,True,clay,R32,32,3,Voracova R.,Oprandi R.,87,69,755,888.0,2,1,6,4,4,6,6,4,,,,,completed,2.37,1.53,2.19,1.75,2.45,1.8,2.21,1.62,2011_11_acapulco_abierto_mexicano,2011_11_acapulco_abierto_mexicano_2011-02-22_R32_voracova_r_oprandi_r
tennis_data_uk,wta,2011,11,Abierto Mexicano,Acapulco,2011-02-22,international,True,clay,R32,32,3,Medina Garrigues A.,Pliskova Ka.,92,190,728,308.0,2,0,6,2,6,1,,,,,,,completed,1.28,3.5,1.25,4.36,1.3,4.45,1.25,3.71,2011_11_acapulco_abierto_mexicano,2011_11_acapulco_abierto_mexicano_2011-02-22_R32_medina_garrigues_a_pliskova_ka
tennis_data_uk,wta,2011,11,Abierto Mexicano,Acapulco,2011-02-22,international,True,clay,R32,32,3,Dominguez Lino L.,Hercog P.,51,50,1096,1130.0,2,1,6,3,4,6,6,3,,,,,completed,2.5,1.5,2.74,1.5,2.74,1.6,2.44,1.53,2011_11_acapulco_abierto_mexicano,2011_11_acapulco_abierto_mexicano_2011-02-22_R32_dominguez_lino_l_hercog_p
tennis_data_uk,wta,2011,11,Abierto Mexicano,Acapulco,2011-02-22,international,True,clay,R32,32,3,Tsurenko L.,Oudin M.,132,81,503,818.0,1,0,6,1,3,2,,,,,,,retired,1.72,2.0,1.72,2.23,1.91,2.23,1.78,1.95,2011_11_acapulco_abierto_mexicano,2011_11_acapulco_abierto_mexicano_2011-02-22_R32_tsurenko_l_oudin_m
tennis_data_uk,wta,2011,11,Abierto Mexicano,Acapulco,2011-02-22,international,True,clay,R32,32,3,Larsson J.,Meusburger Y.,74,117,858,575.0,2,1,6,1,3,6,6,0,,,,,completed,2.25,1.57,2.25,1.71,2.3,1.78,2.15,1.66,2011_11_acapulco_abierto_mexicano,2011_11_acapulco_abierto_mexicano_2011-02-22_R32_larsson_j_meusburger_y
tennis_data_uk,wta,2011,11,Abierto Mexicano,Acapulco,2011-02-22,international,True,clay,R32,32,3,Dulko G.,Tatishvili A.,73,127,860,540.0,2,0,6,3,6,1,,,,,,,completed,1.28,3.5,1.33,3.62,1.39,3.62,1.34,3.14,2011_11_acapulco_abierto_mexicano,2011_11_acapulco_abierto_mexicano_2011-02-22_R32_dulko_g_tatishvili_a
tennis_data_uk,wta,2011,11,Abierto Mexicano,Acapulco,2011-02-22,international,True,clay,R32,32,3,Gojnea M.,Pliskova Kr.,172,203,338,286.0,2,0,6,4,6,1,,,,,,,completed,1.3,3.4,1.32,3.72,1.36,4.0,1.31,3.4,2011_11_acapulco_abierto_mexicano,2011_11_acapulco_abierto_mexicano_2011-02-22_R32_gojnea_m_pliskova_kr
tennis_data_uk,wta,2011,11,Abierto Mexicano,Acapulco,2011-02-22,international,True,clay,R32,32,3,Arn G.,Gallovits E.,59,82,997,794.0,2,0,6,4,6,4,,,,,,,completed,1.53,2.37,1.64,2.39,1.64,2.53,1.59,2.33,2011_11_acapulco_abierto_mexicano,2011_11_acapulco_abierto_mexicano_2011-02-22_R32_arn_g_gallovits_e
tennis_data_uk,wta,2011,11,Abierto Mexicano,Acapulco,2011-02-22,international,True,clay,R32,32,3,Soler Espinosa S.,Craybas J.,180,101,328,688.0,2,0,6,1,6,1,,,,,,,completed,1.57,2.25,1.57,2.55,1.61,2.65,1.54,2.42,2011_11_acapulco_abierto_mexicano,2011_11_acapulco_abierto_mexicano_2011-02-22_R32_soler_espinosa_s_craybas_j
tennis_data_uk,wta,2011,11,Abierto Mexicano,Acapulco,2011-02-23,international,True,clay,R32,32,3,Johansson M.,Govortsova O.,71,86,884,769.0,2,0,6,2,7,6,,,,,,,completed,1.83,1.83,1.88,2.01,2.0,2.01,1.86,1.87,2011_11_acapulco_abierto_mexicano,2011_11_acapulco_abierto_mexicano_2011-02-23_R32_johansson_m_govortsova_o
tennis_data_uk,wta,2011,11,Abierto Mexicano,Acapulco,2011-02-23,international,True,clay,R32,32,3,Suarez Navarro C.,Zahlavova S.,58,104,1050,661.0,2,0,6,4,6,1,,,,,,,completed,1.36,3.0,1.44,2.97,1.45,3.06,1.41,2.83,2011_11_acapulco_abierto_mexicano,2011_11_acapulco_abierto_mexicano_2011-02-23_R32_suarez_navarro_c_zahlavova_s
tennis_data_uk,wta,2011,11,Abierto Mexicano,Acapulco,2011-02-23,international,True,clay,R16,16,3,Pous-Tio L.,Cirstea S.,85,94,772,720.0,2,0,6,2,6,1,,,,,,,completed,1.61,2.2,1.71,2.28,1.73,2.33,1.64,2.18,2011_11_acapulco_abierto_mexicano,2011_11_acapulco_abierto_mexicano_2011-02-23_R16_pous_tio_l_cirstea_s
tennis_data_uk,wta,2011,11,Abierto Mexicano,Acapulco,2011-02-23,international,True,clay,R16,16,3,Dulko G.,Soler Espinosa S.,73,180,860,328.0,2,0,6,1,6,1,,,,,,,completed,1.33,3.25,1.3,3.88,1.33,3.9,1.29,3.42,2011_11_acapulco_abierto_mexicano,2011_11_acapulco_abierto_mexicano_2011-02-23_R16_dulko_g_soler_espinosa_s
tennis_data_uk,wta,2011,11,Abierto Mexicano,Acapulco,2011-02-23,international,True,clay,R16,16,3,Dominguez Lino L.,Parmentier P.,51,111,1096,592.0,2,0,6,1,6,1,,,,,,,completed,1.4,2.75,1.53,2.69,1.53,2.91,1.45,2.65,2011_11_acapulco_abierto_mexicano,2011_11_acapulco_abierto_mexicano_2011-02-23_R16_dominguez_lino_l_parmentier_p
tennis_data_uk,wta,2011,11,Abierto Mexicano,Acapulco,2011-02-23,international,True,clay,R16,16,3,Medina Garrigues A.,Goerges J.,92,34,728,1685.0,2,0,6,4,7,6,,,,,,,completed,2.5,1.5,2.68,1.53,2.72,1.57,2.42,1.53,2011_11_acapulco_abierto_mexicano,2011_11_acapulco_abierto_mexicano_2011-02-23_R16_medina_garrigues_a_goerges_j
tennis_data_uk,wta,2011,11,Abierto Mexicano,Acapulco,2011-02-24,international,True,clay,R16,16,3,Parra Santonja A.,Tsurenko L.,79,132,831,503.0,1,0,6,3,1,0,,,,,,,retired,1.83,1.83,2.08,1.84,2.08,1.9,1.95,1.8,2011_11_acapulco_abierto_mexicano,2011_11_acapulco_abierto_mexicano_2011-02-24_R16_parra_santonja_a_tsurenko_l
tennis_data_uk,wta,2011,11,Abierto Mexicano,Acapulco,2011-02-24,international,True,clay,R16,16,3,Arn G.,Voracova R.,59,87,997,755.0,2,1,6,3,2,6,6,4,,,,,completed,1.4,2.75,1.43,3.06,1.5,3.06,1.43,2.75,2011_11_acapulco_abierto_mexicano,2011_11_acapulco_abierto_mexicano_2011-02-24_R16_arn_g_voracova_r
tennis_data_uk,wta,2011,11,Abierto Mexicano,Acapulco,2011-02-24,international,True,clay,R16,16,3,Larsson J.,Johansson M.,74,71,858,884.0,2,1,2,6,6,2,6,3,,,,,completed,2.37,1.53,2.53,1.59,2.71,1.6,2.47,1.51,2011_11_acapulco_abierto_mexicano,2011_11_acapulco_abierto_mexicano_2011-02-24_R16_larsson_j_johansson_m
tennis_data_uk,wta,2011,11,Abierto Mexicano,Acapulco,2011-02-24,international,True,clay,R16,16,3,Suarez Navarro C.,Gojnea M.,58,172,1050,338.0,2,0,6,4,6,3,,,,,,,completed,1.33,3.25,1.42,3.14,1.44,3.25,1.36,3.06,2011_11_acapulco_abierto_mexicano,2011_11_acapulco_abierto_mexicano_2011-02-24_R16_suarez_navarro_c_gojnea_m
tennis_data_uk,wta,2011,11,Abierto Mexicano,Acapulco,2011-02-24,international,True,clay,QF,8,3,Parra Santonja A.,Dominguez Lino L.,79,51,831,1096.0,2,1,2,6,6,3,6,2,,,,,completed,2.62,1.44,3.1,1.43,3.11,1.5,2.73,1.43,2011_11_acapulco_abierto_mexicano,2011_11_acapulco_abierto_mexicano_2011-02-24_QF_parra_santonja_a_dominguez_lino_l
tennis_data_uk,wta,2011,11,Abierto Mexicano,Acapulco,2011-02-24,international,True,clay,QF,8,3,Larsson J.,Arn G.,74,59,858,997.0,2,1,6,1,4,6,6,2,,,,,completed,2.5,1.5,2.41,1.65,2.6,1.65,2.42,1.54,2011_11_acapulco_abierto_mexicano,2011_11_acapulco_abierto_mexicano_2011-02-24_QF_larsson_j_arn_g
tennis_data_uk,wta,2011,11,Abierto Mexicano,Acapulco,2011-02-25,international,True,clay,QF,8,3,Dulko G.,Pous-Tio L.,73,85,860,772.0,2,1,3,6,7,5,6,0,,,,,completed,1.4,2.75,1.53,2.74,1.53,2.8,1.45,2.66,2011_11_acapulco_abierto_mexicano,2011_11_acapulco_abierto_mexicano_2011-02-25_QF_dulko_g_pous_tio_l
tennis_data_uk,wta,2011,11,Abierto Mexicano,Acapulco,2011-02-25,international,True,clay,QF,8,3,Medina Garrigues A.,Suarez Navarro C.,92,58,728,1050.0,1,0,6,2,2,2,,,,,,,retired,2.2,1.61,2.39,1.66,2.39,1.69,2.22,1.63,2011_11_acapulco_abierto_mexicano,2011_11_acapulco_abierto_mexicano_2011-02-25_QF_medina_garrigues_a_suarez_navarro_c
tennis_data_uk,wta,2011,11,Abierto Mexicano,Acapulco,2011-02-25,international,True,clay,SF,4,3,Parra Santonja A.,Larsson J.,79,74,831,858.0,2,0,6,2,6,0,,,,,,,completed,1.83,1.83,2.03,1.9,2.08,2.0,1.88,1.86,2011_11_acapulco_abierto_mexicano,2011_11_acapulco_abierto_mexicano_2011-02-25_SF_parra_santonja_a_larsson_j
tennis_data_uk,wta,2011,11,Abierto Mexicano,Acapulco,2011-02-26,international,True,clay,SF,4,3,Dulko G.,Medina Garrigues A.,73,92,860,728.0,2,0,6,0,6,2,,,,,,,completed,1.53,2.37,1.57,2.62,1.6,2.69,1.52,2.46,2011_11_acapulco_abierto_mexicano,2011_11_acapulco_abierto_mexicano_2011-02-26_SF_dulko_g_medina_garrigues_a
tennis_data_uk,wta,2011,11,Abierto Mexicano,Acapulco,2011-02-27,international,True,clay,F,2,3,Dulko G.,Parra Santonja A.,73,79,860,831.0,2,0,6,3,7,6,,,,,,,completed,1.36,3.0,1.34,3.69,1.36,3.7,1.32,3.26,2011_11_acapulco_abierto_mexicano,2011_11_acapulco_abierto_mexicano_2011-02-27_F_dulko_g_parra_santonja_a
tennis_data_uk,wta,2011,12,Qatar Ladies Open,Doha,2011-02-21,international,True,hard,R32,32,3,Bartoli M.,Kleybanova A.,18,20,2595,2485.0,2,0,7,5,6,2,,,,,,,completed,2.2,1.61,2.07,1.83,2.25,1.85,2.11,1.68,2011_12_doha_qatar_ladies_open,2011_12_doha_qatar_ladies_open_2011-02-21_R32_bartoli_m_kleybanova_a
tennis_data_uk,wta,2011,12,Qatar Ladies Open,Doha,2011-02-21,international,True,hard,R32,32,3,Safarova L.,Radwanska A.,35,10,1645,3170.0,2,0,7,6,6,3,,,,,,,completed,4.5,1.16,4.7,1.22,5.03,1.33,4.25,1.2,2011_12_doha_qatar_ladies_open,2011_12_doha_qatar_ladies_open_2011-02-21_R32_safarova_l_radwanska_a
tennis_data_uk,wta,2011,12,Qatar Ladies Open,Doha,2011-02-21,international,True,hard,R32,32,3,Petrova N.,Vinci R.,22,36,2421,1615.0,2,0,6,4,6,2,,,,,,,completed,1.44,2.62,1.51,2.74,1.57,2.86,1.49,2.54,2011_12_doha_qatar_ladies_open,2011_12_doha_qatar_ladies_open_2011-02-21_R32_petrova_n_vinci_r
tennis_data_uk,wta,2011,12,Qatar Ladies Open,Doha,2011-02-22,international,True,hard,R32,32,3,Peng S.,Bacsinszky T.,38,46,1515,1230.0,2,0,6,3,6,2,,,,,,,completed,,,,,,,,,2011_12_doha_qatar_ladies_open,2011_12_doha_qatar_ladies_open_2011-02-22_R32_peng_s_bacsinszky_t
tennis_data_uk,wta,2011,12,Qatar Ladies Open,Doha,2011-02-22,international,True,hard,R32,32,3,Peer S.,Kuznetsova S.,12,13,2995,2860.0,2,0,6,2,6,4,,,,,,,completed,2.1,1.66,2.18,1.75,2.25,1.77,2.13,1.67,2011_12_doha_qatar_ladies_open,2011_12_doha_qatar_ladies_open_2011-02-22_R32_peer_s_kuznetsova_s
tennis_data_uk,wta,2011,12,Qatar Ladies Open,Doha,2011-02-22,international,True,hard,R32,32,3,Pennetta F.,Zheng J.,15,45,2730,1327.0,2,0,6,2,6,2,,,,,,,completed,1.14,5.0,1.16,6.02,1.18,6.22,1.14,5.27,2011_12_doha_qatar_ladies_open,2011_12_doha_qatar_ladies_open_2011-02-22_R32_pennetta_f_zheng_j
tennis_data_uk,wta,2011,12,Qatar Ladies Open,Doha,2011-02-22,international,True,hard,R32,32,3,Dushevina V.,Martinez-Sanchez M.J.,56,29,1085,1960.0,2,1,4,6,6,1,7,6,,,,,completed,2.0,1.72,2.01,1.88,2.25,1.91,2.01,1.74,2011_12_doha_qatar_ladies_open,2011_12_doha_qatar_ladies_open_2011-02-22_R32_dushevina_v_martinez_sanchez_m_j
tennis_data_uk,wta,2011,12,Qatar Ladies Open,Doha,2011-02-22,international,True,hard,R32,32,3,Cibulkova D.,Groth J.,27,31,2110,1834.0,2,1,6,4,4,6,7,6,,,,,completed,2.25,1.57,2.27,1.7,2.29,2.0,2.16,1.64,2011_12_doha_qatar_ladies_open,2011_12_doha_qatar_ladies_open_2011-02-22_R32_cibulkova_d_groth_j
tennis_data_uk,wta,2011,12,Qatar Ladies Open,Doha,2011-02-22,international,True,hard,R32,32,3,Hantuchova D.,Azarenka V.,30,9,1945,3440.0,2,1,4,6,6,1,6,2,,,,,completed,3.5,1.28,3.59,1.33,3.6,1.4,3.3,1.31,2011_12_doha_qatar_ladies_open,2011_12_doha_qatar_ladies_open_2011-02-22_R32_hantuchova_d_azarenka_v
tennis_data_uk,wta,2011,12,Qatar Ladies Open,Doha,2011-02-22,international,True,hard,R32,32,3,Zakopalova K.,Dulgheru A.,33,28,1690,2000.0,2,0,7,6,6,2,,,,,,,completed,1.4,2.75,1.56,2.56,1.57,2.75,1.48,2.55,2011_12_doha_qatar_ladies_open,2011_12_doha_qatar_ladies_open_2011-02-22_R32_zakopalova_k_dulgheru_a
tennis_data_uk,wta,2011,12,Qatar Ladies Open,Doha,2011-02-22,international,True,hard,R32,32,3,Jankovic J.,Al Nabhani F.,6,426,4655,85.0,2,0,6,1,6,3,,,,,,,completed,1.01,15.0,1.02,16.97,1.03,33.42,1.02,16.11,2011_12_doha_qatar_ladies_open,2011_12_doha_qatar_ladies_open_2011-02-22_R32_jankovic_j_al_nabhani_f
tennis_data_uk,wta,2011,12,Qatar Ladies Open,Doha,2011-02-22,international,True,hard,R32,32,3,Mirza S.,Jovanovski B.,120,55,569,1087.0,2,0,6,2,7,5,,,,,,,completed,2.62,1.44,3.14,1.41,3.2,1.5,2.76,1.42,2011_12_doha_qatar_ladies_open,2011_12_doha_qatar_ladies_open_2011-02-22_R32_mirza_s_jovanovski_b
tennis_data_uk,wta,2011,12,Qatar Ladies Open,Doha,2011-02-23,international,True,hard,R16,16,3,Peng S.,Schiavone F.,38,5,1515,5051.0,2,0,7,5,6,3,,,,,,,completed,2.1,1.66,2.25,1.73,2.3,1.83,2.13,1.68,2011_12_doha_qatar_ladies_open,2011_12_doha_qatar_ladies_open_2011-02-23_R16_peng_s_schiavone_f
tennis_data_uk,wta,2011,12,Qatar Ladies Open,Doha,2011-02-23,international,True,hard,R16,16,3,Bartoli M.,Peer S.,18,12,2595,2995.0,2,0,6,1,6,0,,,,,,,completed,2.5,1.5,2.56,1.58,2.6,1.65,2.39,1.55,2011_12_doha_qatar_ladies_open,2011_12_doha_qatar_ladies_open_2011-02-23_R16_bartoli_m_peer_s
tennis_data_uk,wta,2011,12,Qatar Ladies Open,Doha,2011-02-23,international,True,hard,R16,16,3,Hantuchova D.,Dushevina V.,30,56,1945,1085.0,2,1,4,6,6,2,6,4,,,,,completed,1.33,3.25,1.35,3.54,1.36,3.6,1.33,3.21,2011_12_doha_qatar_ladies_open,2011_12_doha_qatar_ladies_open_2011-02-23_R16_hantuchova_d_dushevina_v
tennis_data_uk,wta,2011,12,Qatar Ladies Open,Doha,2011-02-23,international,True,hard,R16,16,3,Zakopalova K.,Li N.,33,7,1690,4300.0,2,0,6,2,6,1,,,,,,,completed,4.5,1.16,4.46,1.25,5.0,1.28,4.12,1.21,2011_12_doha_qatar_ladies_open,2011_12_doha_qatar_ladies_open_2011-02-23_R16_zakopalova_k_li_n
tennis_data_uk,wta,2011,12,Qatar Ladies Open,Doha,2011-02-23,international,True,hard,R16,16,3,Jankovic J.,Mirza S.,6,120,4655,569.0,2,0,6,0,6,1,,,,,,,completed,1.25,3.75,1.26,4.34,1.33,4.44,1.25,3.82,2011_12_doha_qatar_ladies_open,2011_12_doha_qatar_ladies_open_2011-02-23_R16_jankovic_j_mirza_s
tennis_data_uk,wta,2011,12,Qatar Ladies Open,Doha,2011-02-23,international,True,hard,R16,16,3,Pennetta F.,Safarova L.,15,35,2730,1645.0,2,1,4,6,6,3,6,4,,,,,completed,1.57,2.25,1.67,2.36,1.68,2.5,1.56,2.34,2011_12_doha_qatar_ladies_open,2011_12_doha_qatar_ladies_open_2011-02-23_R16_pennetta_f_safarova_l
tennis_data_uk,wta,2011,12,Qatar Ladies Open,Doha,2011-02-23,international,True,hard,R16,16,3,Wozniacki C.,Petrova N.,1,22,9430,2421.0,2,0,6,3,6,2,,,,,,,completed,1.22,4.0,1.29,4.01,1.3,4.35,1.24,3.85,2011_12_doha_qatar_ladies_open,2011_12_doha_qatar_ladies_open_2011-02-23_R16_wozniacki_c_petrova_n
tennis_data_uk,wta,2011,12,Qatar Ladies Open,Doha,2011-02-23,international,True,hard,R16,16,3,Zvonareva V.,Cibulkova D.,3,27,7155,2110.0,2,0,6,1,6,2,,,,,,,completed,1.28,3.5,1.3,3.92,1.36,4.25,1.27,3.6,2011_12_doha_qatar_ladies_open,2011_12_doha_qatar_ladies_open_2011-02-23_R16_zvonareva_v_cibulkova_d
tennis_data_uk,wta,2011,12,Qatar Ladies Open,Doha,2011-02-24,international,True,hard,QF,8,3,Bartoli M.,Peng S.,18,38,2595,1515.0,2,0,6,2,6,2,,,,,,,completed,1.57,2.25,1.58,2.58,1.66,2.63,1.58,2.32,2011_12_doha_qatar_ladies_open,2011_12_doha_qatar_ladies_open_2011-02-24_QF_bartoli_m_peng_s
tennis_data_uk,wta,2011,12,Qatar Ladies Open,Doha,2011-02-24,international,True,hard,QF,8,3,Wozniacki C.,Pennetta F.,1,15,9430,2730.0,2,0,6,2,6,0,,,,,,,completed,1.22,4.0,1.25,4.51,1.29,4.51,1.23,3.95,2011_12_doha_qatar_ladies_open,2011_12_doha_qatar_ladies_open_2011-02-24_QF_wozniacki_c_pennetta_f
tennis_data_uk,wta,2011,12,Qatar Ladies Open,Doha,2011-02-24,international,True,hard,QF,8,3,Zvonareva V.,Hantuchova D.,3,30,7155,1945.0,2,1,7,5,6,7,7,5,,,,,completed,1.36,3.0,1.38,3.46,1.4,3.5,1.35,3.07,2011_12_doha_qatar_ladies_open,2011_12_doha_qatar_ladies_open_2011-02-24_QF_zvonareva_v_hantuchova_d
tennis_data_uk,wta,2011,12,Qatar Ladies Open,Doha,2011-02-24,international,True,hard,QF,8,3,Jankovic J.,Zakopalova K.,6,33,4655,1690.0,2,0,6,2,6,4,,,,,,,completed,1.36,3.0,1.43,3.13,1.45,3.5,1.38,2.94,2011_12_doha_qatar_ladies_open,2011_12_doha_qatar_ladies_open_2011-02-24_QF_jankovic_j_zakopalova_k
tennis_data_uk,wta,2011,12,Qatar Ladies Open,Doha,2011-02-25,international,True,hard,SF,4,3,Wozniacki C.,Bartoli M.,1,18,9430,2595.0,2,0,6,1,6,1,,,,,,,completed,1.16,4.5,1.23,4.9,1.23,5.0,1.19,4.51,2011_12_doha_qatar_ladies_open,2011_12_doha_qatar_ladies_open_2011-02-25_SF_wozniacki_c_bartoli_m
tennis_data_uk,wta,2011,12,Qatar Ladies Open,Doha,2011-02-25,international,True,hard,SF,4,3,Zvonareva V.,Jankovic J.,3,6,7155,4655.0,2,1,6,1,2,6,6,4,,,,,completed,1.4,2.75,1.52,2.78,1.55,3.05,1.43,2.76,2011_12_doha_qatar_ladies_open,2011_12_doha_qatar_ladies_open_2011-02-25_SF_zvonareva_v_jankovic_j
tennis_data_uk,wta,2011,12,Qatar Ladies Open,Doha,2011-02-26,international,True,hard,F,2,3,Zvonareva V.,Wozniacki C.,3,1,7155,9430.0,2,0,6,4,6,4,,,,,,,completed,4.0,1.25,3.88,1.31,4.0,1.36,3.65,1.27,2011_12_doha_qatar_ladies_open,2011_12_doha_qatar_ladies_open_2011-02-26_F_zvonareva_v_wozniacki_c
tennis_data_uk,wta,2011,13,Malaysia Open,Kuala Lumpur,2011-02-28,international,True,hard,R32,32,3,Zhang S.,Chang K.C.,79,134,832,487.0,2,1,6,4,6,7,6,4,,,,,completed,1.57,2.25,1.72,2.23,1.82,2.4,1.63,2.18,2011_13_kuala_lumpur_malaysia_open,2011_13_kuala_lumpur_malaysia_open_2011-02-28_R32_zhang_s_chang_k_c
tennis_data_uk,wta,2011,13,Malaysia Open,Kuala Lumpur,2011-02-28,international,True,hard,R32,32,3,Morita A.,Kustova D.,57,165,1063,360.0,2,0,6,2,6,0,,,,,,,completed,1.11,6.0,1.1,7.95,1.14,8.66,1.1,6.57,2011_13_kuala_lumpur_malaysia_open,2011_13_kuala_lumpur_malaysia_open_2011-02-28_R32_morita_a_kustova_d
tennis_data_uk,wta,2011,13,Malaysia Open,Kuala Lumpur,2011-02-28,international,True,hard,R32,32,3,Safarova L.,Diyas Z.,35,152,1675,398.0,2,0,7,5,6,1,,,,,,,completed,1.16,4.5,1.17,5.81,1.23,7.2,1.18,4.67,2011_13_kuala_lumpur_malaysia_open,2011_13_kuala_lumpur_malaysia_open_2011-02-28_R32_safarova_l_diyas_z
tennis_data_uk,wta,2011,13,Malaysia Open,Kuala Lumpur,2011-02-28,international,True,hard,R32,32,3,Radwanska U.,Namigata J.,184,105,319,629.0,2,0,6,1,6,3,,,,,,,completed,1.3,3.4,1.36,3.42,1.4,3.57,1.33,3.2,2011_13_kuala_lumpur_malaysia_open,2011_13_kuala_lumpur_malaysia_open_2011-02-28_R32_radwanska_u_namigata_j
tennis_data_uk,wta,2011,13,Malaysia Open,Kuala Lumpur,2011-02-28,international,True,hard,R32,32,3,Dokic J.,Schiavone F.,91,5,726,5051.0,2,1,2,6,7,6,6,4,,,,,completed,4.5,1.16,4.17,1.27,4.84,1.27,4.17,1.21,2011_13_kuala_lumpur_malaysia_open,2011_13_kuala_lumpur_malaysia_open_2011-02-28_R32_dokic_j_schiavone_f
tennis_data_uk,wta,2011,13,Malaysia Open,Kuala Lumpur,2011-02-28,international,True,hard,R32,32,3,Lertcheewakarn N.,Brianti A.,176,100,337,686.0,2,1,6,4,2,6,6,2,,,,,completed,3.0,1.36,3.22,1.39,3.41,1.44,2.99,1.37,2011_13_kuala_lumpur_malaysia_open,2011_13_kuala_lumpur_malaysia_open_2011-02-28_R32_lertcheewakarn_n_brianti_a
tennis_data_uk,wta,2011,13,Malaysia Open,Kuala Lumpur,2011-03-01,international,True,hard,R32,32,3,Groth J.,Sun S.,31,232,1834,238.0,2,0,7,6,6,3,,,,,,,completed,1.06,8.0,1.06,11.52,1.08,12.5,1.06,8.36,2011_13_kuala_lumpur_malaysia_open,2011_13_kuala_lumpur_malaysia_open_2011-03-01_R32_groth_j_sun_s
tennis_data_uk,wta,2011,13,Malaysia Open,Kuala Lumpur,2011-03-01,international,True,hard,R32,32,3,Jovanovski B.,Tanasugarn T.,55,95,1077,702.0,2,0,6,0,6,1,,,,,,,completed,1.25,3.75,1.29,3.9,1.3,4.04,1.26,3.65,2011_13_kuala_lumpur_malaysia_open,2011_13_kuala_lumpur_malaysia_open_2011-03-01_R32_jovanovski_b_tanasugarn_t
tennis_data_uk,wta,2011,13,Malaysia Open,Kuala Lumpur,2011-03-01,international,True,hard,R32,32,3,Nara K.,Bovina E.,131,208,498,271.0,2,0,6,3,6,3,,,,,,,completed,1.36,3.0,1.42,3.07,1.5,3.01,1.42,2.75,2011_13_kuala_lumpur_malaysia_open,2011_13_kuala_lumpur_malaysia_open_2011-03-01_R32_nara_k_bovina_e
tennis_data_uk,wta,2011,13,Malaysia Open,Kuala Lumpur,2011-03-01,international,True,hard,R32,32,3,Kleybanova A.,Lu J.J.,24,187,2275,313.0,2,0,6,1,6,1,,,,,,,completed,1.06,8.0,1.06,10.73,1.1,10.73,1.07,8.07,2011_13_kuala_lumpur_malaysia_open,2011_13_kuala_lumpur_malaysia_open_2011-03-01_R32_kleybanova_a_lu_j_j
tennis_data_uk,wta,2011,13,Malaysia Open,Kuala Lumpur,2011-03-01,international,True,hard,R32,32,3,Krajicek M.,Malek T.,150,144,406,444.0,2,0,6,3,6,2,,,,,,,completed,1.36,3.0,1.57,2.55,1.6,3.15,1.44,2.71,2011_13_kuala_lumpur_malaysia_open,2011_13_kuala_lumpur_malaysia_open_2011-03-01_R32_krajicek_m_malek_t
tennis_data_uk,wta,2011,13,Malaysia Open,Kuala Lumpur,2011-03-01,international,True,hard,R32,32,3,Doi M.,Luzhanska T.,124,198,546,292.0,2,0,6,2,6,3,,,,,,,completed,1.83,1.83,2.03,1.87,2.08,2.2,1.86,1.88,2011_13_kuala_lumpur_malaysia_open,2011_13_kuala_lumpur_malaysia_open_2011-03-01_R32_doi_m_luzhanska_t
tennis_data_uk,wta,2011,13,Malaysia Open,Kuala Lumpur,2011-03-01,international,True,hard,R32,32,3,Kremer A.,Date-Krumm K.,169,52,349,1090.0,2,1,4,6,6,2,7,6,,,,,completed,4.0,1.22,4.85,1.22,4.85,1.28,4.06,1.22,2011_13_kuala_lumpur_malaysia_open,2011_13_kuala_lumpur_malaysia_open_2011-03-01_R32_kremer_a_date_krumm_k
tennis_data_uk,wta,2011,13,Malaysia Open,Kuala Lumpur,2011-03-01,international,True,hard,R32,32,3,Ivanova E.,Bratchikova N.,166,132,352,496.0,2,1,6,3,4,6,6,4,,,,,completed,2.75,1.4,2.78,1.49,2.8,1.55,2.58,1.48,2011_13_kuala_lumpur_malaysia_open,2011_13_kuala_lumpur_malaysia_open_2011-03-01_R32_ivanova_e_bratchikova_n
tennis_data_uk,wta,2011,13,Malaysia Open,Kuala Lumpur,2011-03-01,international,True,hard,R32,32,3,Bartoli M.,Camerin M.E.,17,115,2675,585.0,2,0,6,0,6,1,,,,,,,completed,1.03,11.0,1.06,11.63,1.08,12.8,1.05,9.57,2011_13_kuala_lumpur_malaysia_open,2011_13_kuala_lumpur_malaysia_open_2011-03-01_R32_bartoli_m_camerin_m_e
tennis_data_uk,wta,2011,13,Malaysia Open,Kuala Lumpur,2011-03-01,international,True,hard,R32,32,3,Safina D.,Han X.,113,125,592,545.0,2,0,6,2,6,0,,,,,,,completed,1.22,4.0,1.3,3.82,1.33,4.1,1.27,3.54,2011_13_kuala_lumpur_malaysia_open,2011_13_kuala_lumpur_malaysia_open_2011-03-01_R32_safina_d_han_x
tennis_data_uk,wta,2011,13,Malaysia Open,Kuala Lumpur,2011-03-02,international,True,hard,R16,16,3,Jovanovski B.,Radwanska U.,55,184,1077,319.0,2,1,1,6,7,5,6,4,,,,,completed,1.33,3.25,1.4,3.24,1.4,3.25,1.37,2.94,2011_13_kuala_lumpur_malaysia_open,2011_13_kuala_lumpur_malaysia_open_2011-03-02_R16_jovanovski_b_radwanska_u
tennis_data_uk,wta,2011,13,Malaysia Open,Kuala Lumpur,2011-03-02,international,True,hard,R16,16,3,Kremer A.,Lertcheewakarn N.,169,176,349,337.0,2,0,7,6,6,3,,,,,,,completed,1.61,2.2,1.75,2.2,1.75,2.3,1.66,2.16,2011_13_kuala_lumpur_malaysia_open,2011_13_kuala_lumpur_malaysia_open_2011-03-02_R16_kremer_a_lertcheewakarn_n
tennis_data_uk,wta,2011,13,Malaysia Open,Kuala Lumpur,2011-03-02,international,True,hard,R16,16,3,Dokic J.,Nara K.,91,131,726,498.0,2,1,3,6,7,6,6,2,,,,,completed,1.28,3.5,1.34,3.62,1.35,3.8,1.29,3.39,2011_13_kuala_lumpur_malaysia_open,2011_13_kuala_lumpur_malaysia_open_2011-03-02_R16_dokic_j_nara_k
tennis_data_uk,wta,2011,13,Malaysia Open,Kuala Lumpur,2011-03-02,international,True,hard,R16,16,3,Morita A.,Zhang S.,57,79,1063,832.0,2,0,6,0,6,4,,,,,,,completed,1.4,2.75,1.42,3.11,1.44,3.25,1.39,2.82,2011_13_kuala_lumpur_malaysia_open,2011_13_kuala_lumpur_malaysia_open_2011-03-02_R16_morita_a_zhang_s
tennis_data_uk,wta,2011,13,Malaysia Open,Kuala Lumpur,2011-03-03,international,True,hard,R16,16,3,Groth J.,Doi M.,31,124,1834,546.0,2,0,7,6,6,3,,,,,,,completed,1.11,6.0,1.15,6.52,1.16,6.8,1.12,5.75,2011_13_kuala_lumpur_malaysia_open,2011_13_kuala_lumpur_malaysia_open_2011-03-03_R16_groth_j_doi_m
tennis_data_uk,wta,2011,13,Malaysia Open,Kuala Lumpur,2011-03-03,international,True,hard,R16,16,3,Bartoli M.,Ivanova E.,17,166,2675,352.0,2,0,6,2,6,1,,,,,,,completed,1.02,12.0,1.05,14.0,1.07,16.0,1.04,10.51,2011_13_kuala_lumpur_malaysia_open,2011_13_kuala_lumpur_malaysia_open_2011-03-03_R16_bartoli_m_ivanova_e
tennis_data_uk,wta,2011,13,Malaysia Open,Kuala Lumpur,2011-03-03,international,True,hard,R16,16,3,Safarova L.,Safina D.,35,113,1675,592.0,2,1,6,3,4,6,6,3,,,,,completed,1.53,2.37,1.61,2.48,1.65,2.54,1.55,2.37,2011_13_kuala_lumpur_malaysia_open,2011_13_kuala_lumpur_malaysia_open_2011-03-03_R16_safarova_l_safina_d
tennis_data_uk,wta,2011,13,Malaysia Open,Kuala Lumpur,2011-03-03,international,True,hard,R16,16,3,Krajicek M.,Kleybanova A.,150,24,406,2275.0,2,1,3,6,6,4,6,3,,,,,completed,5.5,1.12,6.09,1.16,6.25,1.2,5.1,1.15,2011_13_kuala_lumpur_malaysia_open,2011_13_kuala_lumpur_malaysia_open_2011-03-03_R16_krajicek_m_kleybanova_a
tennis_data_uk,wta,2011,13,Malaysia Open,Kuala Lumpur,2011-03-04,international,True,hard,QF,8,3,Dokic J.,Jovanovski B.,91,55,726,1077.0,2,0,7,6,6,2,,,,,,,completed,2.5,1.5,2.56,1.59,2.8,1.61,2.51,1.5,2011_13_kuala_lumpur_malaysia_open,2011_13_kuala_lumpur_malaysia_open_2011-03-04_QF_dokic_j_jovanovski_b
tennis_data_uk,wta,2011,13,Malaysia Open,Kuala Lumpur,2011-03-04,international,True,hard,QF,8,3,Krajicek M.,Kremer A.,150,169,406,349.0,2,0,6,2,6,3,,,,,,,completed,1.33,3.25,1.42,3.16,1.44,3.3,1.38,2.96,2011_13_kuala_lumpur_malaysia_open,2011_13_kuala_lumpur_malaysia_open_2011-03-04_QF_krajicek_m_kremer_a
tennis_data_uk,wta,2011,13,Malaysia Open,Kuala Lumpur,2011-03-04,international,True,hard,QF,8,3,Groth J.,Morita A.,31,57,1834,1063.0,2,1,7,5,3,6,7,5,,,,,completed,1.53,2.37,1.6,2.52,1.67,2.52,1.57,2.34,2011_13_kuala_lumpur_malaysia_open,2011_13_kuala_lumpur_malaysia_open_2011-03-04_QF_groth_j_morita_a
tennis_data_uk,wta,2011,13,Malaysia Open,Kuala Lumpur,2011-03-04,international,True,hard,QF,8,3,Safarova L.,Bartoli M.,35,17,1675,2675.0,2,0,6,1,6,4,,,,,,,completed,3.25,1.33,3.13,1.43,3.3,1.44,3.0,1.36,2011_13_kuala_lumpur_malaysia_open,2011_13_kuala_lumpur_malaysia_open_2011-03-04_QF_safarova_l_bartoli_m
tennis_data_uk,wta,2011,13,Malaysia Open,Kuala Lumpur,2011-03-05,international,True,hard,SF,4,3,Dokic J.,Krajicek M.,91,150,726,406.0,2,0,6,2,6,3,,,,,,,completed,1.61,2.2,1.78,2.18,1.8,2.29,1.67,2.13,2011_13_kuala_lumpur_malaysia_open,2011_13_kuala_lumpur_malaysia_open_2011-03-05_SF_dokic_j_krajicek_m
tennis_data_uk,wta,2011,13,Malaysia Open,Kuala Lumpur,2011-03-05,international,True,hard,SF,4,3,Safarova L.,Groth J.,35,31,1675,1834.0,2,1,6,2,3,6,6,3,,,,,completed,1.57,2.25,1.6,2.54,1.64,2.55,1.58,2.33,2011_13_kuala_lumpur_malaysia_open,2011_13_kuala_lumpur_malaysia_open_2011-03-05_SF_safarova_l_groth_j
tennis_data_uk,wta,2011,13,Malaysia Open,Kuala Lumpur,2011-03-06,international,True,hard,F,2,3,Dokic J.,Safarova L.,91,35,726,1675.0,2,1,2,6,7,6,6,4,,,,,completed,2.5,1.53,2.76,1.52,2.76,1.6,2.46,1.52,2011_13_kuala_lumpur_malaysia_open,2011_13_kuala_lumpur_malaysia_open_2011-03-06_F_dokic_j_safarova_l
tennis_data_uk,wta,2011,14,Monterrey Open,Monterrey,2011-02-28,international,True,hard,R32,32,3,Hercog P.,Kerber A.,62,66,960,932.0,2,0,6,3,6,3,,,,,,,completed,3.5,1.28,3.93,1.29,4.14,1.33,3.59,1.27,2011_14_monterrey_monterrey_open,2011_14_monterrey_monterrey_open_2011-02-28_R32_hercog_p_kerber_a
tennis_data_uk,wta,2011,14,Monterrey Open,Monterrey,2011-02-28,international,True,hard,R32,32,3,Arn G.,Zahlavova S.,58,103,1051,661.0,2,0,6,0,6,4,,,,,,,completed,1.44,2.62,1.42,3.09,1.54,3.09,1.47,2.58,2011_14_monterrey_monterrey_open,2011_14_monterrey_monterrey_open_2011-02-28_R32_arn_g_zahlavova_s
tennis_data_uk,wta,2011,14,Monterrey Open,Monterrey,2011-03-01,international,True,hard,R32,32,3,Kudryavtseva A.,Rezai A.,73,22,865,2340.0,2,0,6,2,6,1,,,,,,,completed,2.5,1.5,2.91,1.46,2.91,1.65,2.55,1.49,2011_14_monterrey_monterrey_open,2011_14_monterrey_monterrey_open_2011-03-01_R32_kudryavtseva_a_rezai_a
tennis_data_uk,wta,2011,14,Monterrey Open,Monterrey,2011-03-01,international,True,hard,R32,32,3,Bammer S.,Hlavackova A.,107,97,622,698.0,2,1,4,6,6,3,6,3,,,,,completed,1.57,2.25,1.59,2.5,1.67,2.5,1.6,2.26,2011_14_monterrey_monterrey_open,2011_14_monterrey_monterrey_open_2011-03-01_R32_bammer_s_hlavackova_a
tennis_data_uk,wta,2011,14,Monterrey Open,Monterrey,2011-03-01,international,True,hard,R32,32,3,Zahlavova Strycova B.,Oprandi R.,53,81,1090,826.0,2,1,6,0,4,6,6,1,,,,,completed,1.33,3.25,1.29,3.9,1.35,4.0,1.3,3.41,2011_14_monterrey_monterrey_open,2011_14_monterrey_monterrey_open_2011-03-01_R32_zahlavova_strycova_b_oprandi_r
tennis_data_uk,wta,2011,14,Monterrey Open,Monterrey,2011-03-01,international,True,hard,R32,32,3,Pervak K.,Goerges J.,88,34,752,1685.0,2,0,6,1,7,5,,,,,,,completed,2.25,1.57,2.5,1.59,2.5,1.66,2.28,1.59,2011_14_monterrey_monterrey_open,2011_14_monterrey_monterrey_open_2011-03-01_R32_pervak_k_goerges_j
tennis_data_uk,wta,2011,14,Monterrey Open,Monterrey,2011-03-01,international,True,hard,R32,32,3,Hradecka L.,Ondraskova Z.,83,84,776,771.0,2,0,6,2,6,2,,,,,,,completed,,,1.18,5.47,1.17,6.45,1.14,5.28,2011_14_monterrey_monterrey_open,2011_14_monterrey_monterrey_open_2011-03-01_R32_hradecka_l_ondraskova_z
tennis_data_uk,wta,2011,14,Monterrey Open,Monterrey,2011-03-01,international,True,hard,R32,32,3,Wozniak A.,Hermoso X.,138,657,480,34.0,2,0,6,2,6,0,,,,,,,completed,1.01,15.0,1.05,12.39,1.06,15.0,1.04,10.8,2011_14_monterrey_monterrey_open,2011_14_monterrey_monterrey_open_2011-03-01_R32_wozniak_a_hermoso_x
tennis_data_uk,wta,2011,14,Monterrey Open,Monterrey,2011-03-01,international,True,hard,R32,32,3,Sevastova A.,Pous-Tio L.,38,86,1580,756.0,2,0,6,2,6,4,,,,,,,completed,1.28,3.5,1.27,4.13,1.3,4.3,1.26,3.74,2011_14_monterrey_monterrey_open,2011_14_monterrey_monterrey_open_2011-03-01_R32_sevastova_a_pous_tio_l
tennis_data_uk,wta,2011,14,Monterrey Open,Monterrey,2011-03-01,international,True,hard,R32,32,3,Oudin M.,King V.,82,90,818,736.0,2,0,6,4,6,1,,,,,,,completed,2.2,1.61,2.26,1.7,2.26,1.93,2.12,1.68,2011_14_monterrey_monterrey_open,2011_14_monterrey_monterrey_open_2011-03-01_R32_oudin_m_king_v
tennis_data_uk,wta,2011,14,Monterrey Open,Monterrey,2011-03-01,international,True,hard,R32,32,3,Govortsova O.,Voracova R.,85,87,769,755.0,2,0,6,3,6,1,,,,,,,completed,1.4,2.75,1.43,3.01,1.44,3.25,1.38,2.92,2011_14_monterrey_monterrey_open,2011_14_monterrey_monterrey_open_2011-03-01_R32_govortsova_o_voracova_r
tennis_data_uk,wta,2011,14,Monterrey Open,Monterrey,2011-03-01,international,True,hard,R32,32,3,Errani S.,Larsson J.,41,69,1375,898.0,2,0,6,2,6,4,,,,,,,completed,1.4,2.75,1.38,3.27,1.4,3.31,1.37,2.99,2011_14_monterrey_monterrey_open,2011_14_monterrey_monterrey_open_2011-03-01_R32_errani_s_larsson_j
tennis_data_uk,wta,2011,14,Monterrey Open,Monterrey,2011-03-02,international,True,hard,R32,32,3,Pavlyuchenkova A.,Daniilidou E.,19,172,2490,342.0,2,1,6,2,6,7,6,4,,,,,completed,1.12,5.5,1.16,5.95,1.22,6.07,1.16,5.01,2011_14_monterrey_monterrey_open,2011_14_monterrey_monterrey_open_2011-03-02_R32_pavlyuchenkova_a_daniilidou_e
tennis_data_uk,wta,2011,14,Monterrey Open,Monterrey,2011-03-02,international,True,hard,R32,32,3,Cornet A.,Halep S.,67,63,930,957.0,2,0,7,5,6,1,,,,,,,completed,1.5,2.5,1.64,2.37,1.64,2.58,1.57,2.36,2011_14_monterrey_monterrey_open,2011_14_monterrey_monterrey_open_2011-03-02_R32_cornet_a_halep_s
tennis_data_uk,wta,2011,14,Monterrey Open,Monterrey,2011-03-03,international,True,hard,R32,32,3,Jankovic J.,Dominguez Lino L.,6,48,4825,1160.0,2,0,6,4,6,1,,,,,,,completed,1.07,7.5,1.1,8.33,1.12,8.33,1.09,6.54,2011_14_monterrey_monterrey_open,2011_14_monterrey_monterrey_open_2011-03-03_R32_jankovic_j_dominguez_lino_l
tennis_data_uk,wta,2011,14,Monterrey Open,Monterrey,2011-03-03,international,True,hard,R32,32,3,Dulko G.,Benesova I.,56,47,1070,1195.0,2,0,6,2,7,6,,,,,,,completed,2.25,1.57,2.26,1.7,2.26,1.77,2.09,1.69,2011_14_monterrey_monterrey_open,2011_14_monterrey_monterrey_open_2011-03-03_R32_dulko_g_benesova_i
tennis_data_uk,wta,2011,14,Monterrey Open,Monterrey,2011-03-02,international,True,hard,R16,16,3,Arn G.,Errani S.,58,41,1051,1375.0,2,1,4,6,7,5,6,4,,,,,completed,2.5,1.5,2.4,1.65,2.7,1.65,2.48,1.51,2011_14_monterrey_monterrey_open,2011_14_monterrey_monterrey_open_2011-03-02_R16_arn_g_errani_s
tennis_data_uk,wta,2011,14,Monterrey Open,Monterrey,2011-03-02,international,True,hard,R16,16,3,Hercog P.,Zahlavova Strycova B.,62,53,960,1090.0,2,1,6,4,6,7,6,2,,,,,completed,2.5,1.5,2.36,1.67,2.6,1.67,2.37,1.55,2011_14_monterrey_monterrey_open,2011_14_monterrey_monterrey_open_2011-03-02_R16_hercog_p_zahlavova_strycova_b
tennis_data_uk,wta,2011,14,Monterrey Open,Monterrey,2011-03-02,international,True,hard,R16,16,3,Govortsova O.,Kudryavtseva A.,85,73,769,865.0,2,1,6,3,4,6,6,0,,,,,completed,1.72,2.0,1.85,2.07,1.89,2.15,1.75,2.02,2011_14_monterrey_monterrey_open,2011_14_monterrey_monterrey_open_2011-03-02_R16_govortsova_o_kudryavtseva_a
tennis_data_uk,wta,2011,14,Monterrey Open,Monterrey,2011-03-03,international,True,hard,R16,16,3,Pavlyuchenkova A.,Oudin M.,19,82,2490,818.0,2,0,6,2,7,6,,,,,,,completed,1.36,3.0,1.37,3.41,1.43,3.41,1.37,2.99,2011_14_monterrey_monterrey_open,2011_14_monterrey_monterrey_open_2011-03-03_R16_pavlyuchenkova_a_oudin_m
tennis_data_uk,wta,2011,14,Monterrey Open,Monterrey,2011-03-03,international,True,hard,R16,16,3,Pervak K.,Hradecka L.,88,83,752,776.0,2,1,6,2,6,7,6,3,,,,,completed,2.62,1.44,2.68,1.53,2.75,1.57,2.56,1.48,2011_14_monterrey_monterrey_open,2011_14_monterrey_monterrey_open_2011-03-03_R16_pervak_k_hradecka_l
tennis_data_uk,wta,2011,14,Monterrey Open,Monterrey,2011-03-04,international,True,hard,R16,16,3,Dulko G.,Wozniak A.,56,138,1070,480.0,2,0,6,4,6,1,,,,,,,completed,1.28,3.5,1.29,4.05,1.36,4.05,1.3,3.46,2011_14_monterrey_monterrey_open,2011_14_monterrey_monterrey_open_2011-03-04_R16_dulko_g_wozniak_a
tennis_data_uk,wta,2011,14,Monterrey Open,Monterrey,2011-03-04,international,True,hard,R16,16,3,Sevastova A.,Cornet A.,38,67,1580,930.0,2,1,2,6,6,2,6,4,,,,,completed,1.57,2.25,1.71,2.27,1.76,2.63,1.63,2.21,2011_14_monterrey_monterrey_open,2011_14_monterrey_monterrey_open_2011-03-04_R16_sevastova_a_cornet_a
tennis_data_uk,wta,2011,14,Monterrey Open,Monterrey,2011-03-04,international,True,hard,R16,16,3,Jankovic J.,Bammer S.,6,107,4825,622.0,2,0,6,3,6,4,,,,,,,completed,1.1,6.5,1.14,6.94,1.18,7.0,1.13,5.73,2011_14_monterrey_monterrey_open,2011_14_monterrey_monterrey_open_2011-03-04_R16_jankovic_j_bammer_s
tennis_data_uk,wta,2011,14,Monterrey Open,Monterrey,2011-03-04,international,True,hard,QF,8,3,Hercog P.,Govortsova O.,62,85,960,769.0,2,1,4,6,6,3,6,3,,,,,completed,2.0,1.72,2.09,1.85,2.22,1.85,1.98,1.78,2011_14_monterrey_monterrey_open,2011_14_monterrey_monterrey_open_2011-03-04_QF_hercog_p_govortsova_o
tennis_data_uk,wta,2011,14,Monterrey Open,Monterrey,2011-03-04,international,True,hard,QF,8,3,Dulko G.,Pervak K.,56,88,1070,752.0,2,0,6,1,6,0,,,,,,,completed,1.36,3.0,1.43,3.14,1.5,3.2,1.42,2.77,2011_14_monterrey_monterrey_open,2011_14_monterrey_monterrey_open_2011-03-04_QF_dulko_g_pervak_k
tennis_data_uk,wta,2011,14,Monterrey Open,Monterrey,2011-03-05,international,True,hard,QF,8,3,Jankovic J.,Sevastova A.,6,38,4825,1580.0,2,0,6,1,7,5,,,,,,,completed,1.28,3.5,1.34,3.69,1.36,3.7,1.3,3.37,2011_14_monterrey_monterrey_open,2011_14_monterrey_monterrey_open_2011-03-05_QF_jankovic_j_sevastova_a
tennis_data_uk,wta,2011,14,Monterrey Open,Monterrey,2011-03-05,international,True,hard,QF,8,3,Pavlyuchenkova A.,Arn G.,19,58,2490,1051.0,2,0,6,2,7,6,,,,,,,completed,1.33,3.25,1.39,3.32,1.41,3.45,1.37,2.99,2011_14_monterrey_monterrey_open,2011_14_monterrey_monterrey_open_2011-03-05_QF_pavlyuchenkova_a_arn_g
tennis_data_uk,wta,2011,14,Monterrey Open,Monterrey,2011-03-05,international,True,hard,SF,4,3,Jankovic J.,Hercog P.,6,62,4825,960.0,2,0,6,3,6,2,,,,,,,completed,1.11,6.0,1.15,6.65,1.17,6.65,1.14,5.49,2011_14_monterrey_monterrey_open,2011_14_monterrey_monterrey_open_2011-03-05_SF_jankovic_j_hercog_p
tennis_data_uk,wta,2011,14,Monterrey Open,Monterrey,2011-03-05,international,True,hard,SF,4,3,Pavlyuchenkova A.,Dulko G.,19,56,2490,1070.0,2,0,6,4,6,1,,,,,,,completed,1.57,2.25,1.63,2.45,1.67,2.48,1.6,2.26,2011_14_monterrey_monterrey_open,2011_14_monterrey_monterrey_open_2011-03-05_SF_pavlyuchenkova_a_dulko_g
tennis_data_uk,wta,2011,14,Monterrey Open,Monterrey,2011-03-06,international,True,hard,F,2,3,Pavlyuchenkova A.,Jankovic J.,19,6,2490,4825.0,2,1,2,6,6,2,6,3,,,,,completed,2.75,1.44,2.88,1.49,2.88,1.62,2.59,1.48,2011_14_monterrey_monterrey_open,2011_14_monterrey_monterrey_open_2011-03-06_F_pavlyuchenkova_a_jankovic_j
tennis_data_uk,wta,2011,15,BNP Paribas Open,Indian Wells,2011-03-09,premier,True,hard,R128,128,3,Dulko G.,King V.,47,100,1199,674.0,2,1,2,6,6,3,6,2,,,,,completed,1.3,3.4,1.3,3.82,1.36,3.85,1.31,3.33,2011_15_indian_wells_bnp_paribas_open,2011_15_indian_wells_bnp_paribas_open_2011-03-09_R128_dulko_g_king_v
tennis_data_uk,wta,2011,15,BNP Paribas Open,Indian Wells,2011-03-09,premier,True,hard,R128,128,3,Ondraskova Z.,Davis L.,87,433,771,84.0,2,0,6,2,6,1,,,,,,,completed,2.0,1.72,2.05,1.85,2.11,1.95,2.0,1.76,2011_15_indian_wells_bnp_paribas_open,2011_15_indian_wells_bnp_paribas_open_2011-03-09_R128_ondraskova_z_davis_l
tennis_data_uk,wta,2011,15,BNP Paribas Open,Indian Wells,2011-03-09,premier,True,hard,R128,128,3,Sevastova A.,Hercog P.,38,59,1520,1060.0,2,0,7,5,7,6,,,,,,,completed,1.4,2.75,1.4,3.18,1.45,3.18,1.4,2.84,2011_15_indian_wells_bnp_paribas_open,2011_15_indian_wells_bnp_paribas_open_2011-03-09_R128_sevastova_a_hercog_p
tennis_data_uk,wta,2011,15,BNP Paribas Open,Indian Wells,2011-03-09,premier,True,hard,R128,128,3,Safarova L.,Barrois K.,32,79,1815,846.0,2,1,7,6,6,7,6,0,,,,,completed,1.25,3.75,1.3,3.86,1.31,4.0,1.25,3.74,2011_15_indian_wells_bnp_paribas_open,2011_15_indian_wells_bnp_paribas_open_2011-03-09_R128_safarova_l_barrois_k
tennis_data_uk,wta,2011,15,BNP Paribas Open,Indian Wells,2011-03-09,premier,True,hard,R128,128,3,Kudryavtseva A.,Cirstea S.,71,91,887,720.0,2,1,3,6,6,3,6,3,,,,,completed,1.83,1.83,1.94,1.94,2.1,1.94,1.92,1.82,2011_15_indian_wells_bnp_paribas_open,2011_15_indian_wells_bnp_paribas_open_2011-03-09_R128_kudryavtseva_a_cirstea_s
tennis_data_uk,wta,2011,15,BNP Paribas Open,Indian Wells,2011-03-09,premier,True,hard,R128,128,3,Cornet A.,Schnyder P.,70,39,890,1420.0,2,0,6,1,6,4,,,,,,,completed,1.72,2.0,1.74,2.21,1.85,2.23,1.74,2.02,2011_15_indian_wells_bnp_paribas_open,2011_15_indian_wells_bnp_paribas_open_2011-03-09_R128_cornet_a_schnyder_p
tennis_data_uk,wta,2011,15,BNP Paribas Open,Indian Wells,2011-03-09,premier,True,hard,R128,128,3,Bacsinszky T.,Govortsova O.,46,80,1230,838.0,2,1,7,5,2,6,6,3,,,,,completed,1.66,2.1,1.74,2.2,1.77,2.2,1.69,2.1,2011_15_indian_wells_bnp_paribas_open,2011_15_indian_wells_bnp_paribas_open_2011-03-09_R128_bacsinszky_t_govortsova_o
tennis_data_uk,wta,2011,15,BNP Paribas Open,Indian Wells,2011-03-09,premier,True,hard,R128,128,3,Mattek-Sands B.,Dushevina V.,43,51,1334,1145.0,2,0,6,4,6,4,,,,,,,completed,1.5,2.5,1.64,2.39,1.64,2.53,1.55,2.41,2011_15_indian_wells_bnp_paribas_open,2011_15_indian_wells_bnp_paribas_open_2011-03-09_R128_mattek_sands_b_dushevina_v
tennis_data_uk,wta,2011,15,BNP Paribas Open,Indian Wells,2011-03-09,premier,True,hard,R128,128,3,Errani S.,Arn G.,40,53,1375,1120.0,0,0,6,6,,,,,,,,,retired,1.57,2.25,1.54,2.63,1.66,2.63,1.59,2.33,2011_15_indian_wells_bnp_paribas_open,2011_15_indian_wells_bnp_paribas_open_2011-03-09_R128_errani_s_arn_g
tennis_data_uk,wta,2011,15,BNP Paribas Open,Indian Wells,2011-03-09,premier,True,hard,R128,128,3,Vandeweghe C.,Gallovits E.,92,101,716,665.0,2,1,4,6,6,3,6,4,,,,,completed,1.5,2.5,1.48,2.84,1.56,2.84,1.5,2.53,2011_15_indian_wells_bnp_paribas_open,2011_15_indian_wells_bnp_paribas_open_2011-03-09_R128_vandeweghe_c_gallovits_e
tennis_data_uk,wta,2011,15,BNP Paribas Open,Indian Wells,2011-03-09,premier,True,hard,R128,128,3,Date-Krumm K.,Shvedova Y.,56,42,1090,1340.0,2,0,6,4,7,5,,,,,,,completed,1.57,2.25,1.66,2.35,1.67,2.48,1.6,2.27,2011_15_indian_wells_bnp_paribas_open,2011_15_indian_wells_bnp_paribas_open_2011-03-09_R128_date_krumm_k_shvedova_y
tennis_data_uk,wta,2011,15,BNP Paribas Open,Indian Wells,2011-03-09,premier,True,hard,R128,128,3,Bammer S.,Larsson J.,105,69,651,898.0,2,1,6,2,3,6,6,3,,,,,completed,1.53,2.37,1.58,2.52,1.65,2.58,1.57,2.33,2011_15_indian_wells_bnp_paribas_open,2011_15_indian_wells_bnp_paribas_open_2011-03-09_R128_bammer_s_larsson_j
tennis_data_uk,wta,2011,15,BNP Paribas Open,Indian Wells,2011-03-10,premier,True,hard,R128,128,3,Zahlavova Strycova B.,Riske A.,57,114,1090,588.0,2,0,6,2,6,1,,,,,,,completed,1.44,2.62,1.5,2.78,1.51,2.8,1.45,2.68,2011_15_indian_wells_bnp_paribas_open,2011_15_indian_wells_bnp_paribas_open_2011-03-10_R128_zahlavova_strycova_b_riske_a
tennis_data_uk,wta,2011,15,BNP Paribas Open,Indian Wells,2011-03-10,premier,True,hard,R128,128,3,Niculescu M.,Rodionova An.,65,72,938,884.0,2,0,6,3,6,1,,,,,,,completed,1.5,2.5,1.5,2.77,1.6,2.77,1.51,2.51,2011_15_indian_wells_bnp_paribas_open,2011_15_indian_wells_bnp_paribas_open_2011-03-10_R128_niculescu_m_rodionova_an
tennis_data_uk,wta,2011,15,BNP Paribas Open,Indian Wells,2011-03-10,premier,True,hard,R128,128,3,Oudin M.,Vesnina E.,84,58,818,1080.0,2,0,7,6,6,2,,,,,,,completed,2.1,1.66,2.17,1.76,2.23,1.81,2.09,1.7,2011_15_indian_wells_bnp_paribas_open,2011_15_indian_wells_bnp_paribas_open_2011-03-10_R128_oudin_m_vesnina_e
tennis_data_uk,wta,2011,15,BNP Paribas Open,Indian Wells,2011-03-10,premier,True,hard,R128,128,3,Mirza S.,Oprandi R.,107,83,628,826.0,0,0,2,1,,,,,,,,,retired,1.25,3.75,1.31,3.74,1.31,4.25,1.26,3.68,2011_15_indian_wells_bnp_paribas_open,2011_15_indian_wells_bnp_paribas_open_2011-03-10_R128_mirza_s_oprandi_r
tennis_data_uk,wta,2011,15,BNP Paribas Open,Indian Wells,2011-03-10,premier,True,hard,R128,128,3,Hradecka L.,Flipkens K.,86,104,792,652.0,2,0,7,6,6,2,,,,,,,completed,1.72,2.0,1.92,1.97,1.92,2.1,1.78,1.96,2011_15_indian_wells_bnp_paribas_open,2011_15_indian_wells_bnp_paribas_open_2011-03-10_R128_hradecka_l_flipkens_k
tennis_data_uk,wta,2011,15,BNP Paribas Open,Indian Wells,2011-03-10,premier,True,hard,R128,128,3,Stephens S.,Hampton J.,182,129,332,533.0,2,0,6,2,6,4,,,,,,,completed,3.5,1.28,3.86,1.3,3.86,1.36,3.29,1.32,2011_15_indian_wells_bnp_paribas_open,2011_15_indian_wells_bnp_paribas_open_2011-03-10_R128_stephens_s_hampton_j
tennis_data_uk,wta,2011,15,BNP Paribas Open,Indian Wells,2011-03-10,premier,True,hard,R128,128,3,Halep S.,Llagostera Vives N.,64,123,957,555.0,2,1,0,6,6,2,6,4,,,,,completed,1.72,2.0,1.71,2.24,1.8,2.28,1.71,2.07,2011_15_indian_wells_bnp_paribas_open,2011_15_indian_wells_bnp_paribas_open_2011-03-10_R128_halep_s_llagostera_vives_n
tennis_data_uk,wta,2011,15,BNP Paribas Open,Indian Wells,2011-03-10,premier,True,hard,R128,128,3,Radwanska U.,Jovanovski B.,172,52,348,1127.0,2,1,3,6,6,4,7,6,,,,,completed,2.75,1.4,2.52,1.58,2.75,1.58,2.59,1.47,2011_15_indian_wells_bnp_paribas_open,2011_15_indian_wells_bnp_paribas_open_2011-03-10_R128_radwanska_u_jovanovski_b
tennis_data_uk,wta,2011,15,BNP Paribas Open,Indian Wells,2011-03-10,premier,True,hard,R128,128,3,Baltacha E.,Vinci R.,74,37,870,1615.0,2,1,2,6,7,5,6,2,,,,,completed,3.5,1.28,3.98,1.29,3.98,1.36,3.35,1.31,2011_15_indian_wells_bnp_paribas_open,2011_15_indian_wells_bnp_paribas_open_2011-03-10_R128_baltacha_e_vinci_r
tennis_data_uk,wta,2011,15,BNP Paribas Open,Indian Wells,2011-03-10,premier,True,hard,R128,128,3,Peng S.,Voracova R.,36,89,1625,755.0,2,0,7,5,6,1,,,,,,,completed,1.08,7.0,1.1,8.4,1.12,9.55,1.09,7.03,2011_15_indian_wells_bnp_paribas_open,2011_15_indian_wells_bnp_paribas_open_2011-03-10_R128_peng_s_voracova_r
tennis_data_uk,wta,2011,15,BNP Paribas Open,Indian Wells,2011-03-10,premier,True,hard,R128,128,3,Szavay A.,Craybas J.,44,98,1312,688.0,2,0,6,3,6,3,,,,,,,completed,1.5,2.5,1.54,2.62,1.58,2.75,1.47,2.6,2011_15_indian_wells_bnp_paribas_open,2011_15_indian_wells_bnp_paribas_open_2011-03-10_R128_szavay_a_craybas_j
tennis_data_uk,wta,2011,15,BNP Paribas Open,Indian Wells,2011-03-10,premier,True,hard,R128,128,3,Mchale C.,Amanmuradova A.,112,66,611,933.0,2,0,6,3,6,1,,,,,,,completed,1.9,1.8,2.05,1.85,2.15,1.85,1.96,1.79,2011_15_indian_wells_bnp_paribas_open,2011_15_indian_wells_bnp_paribas_open_2011-03-10_R128_mchale_c_amanmuradova_a
tennis_data_uk,wta,2011,15,BNP Paribas Open,Indian Wells,2011-03-10,premier,True,hard,R128,128,3,Medina Garrigues A.,Paszek T.,77,90,850,744.0,2,0,6,1,6,1,,,,,,,completed,3.0,1.36,3.38,1.36,3.55,1.4,3.21,1.34,2011_15_indian_wells_bnp_paribas_open,2011_15_indian_wells_bnp_paribas_open_2011-03-10_R128_medina_garrigues_a_paszek_t
tennis_data_uk,wta,2011,15,BNP Paribas Open,Indian Wells,2011-03-10,premier,True,hard,R128,128,3,Benesova I.,Lepchenko V.,48,78,1195,847.0,2,0,6,1,6,2,,,,,,,completed,1.33,3.25,1.36,3.38,1.42,3.38,1.37,2.99,2011_15_indian_wells_bnp_paribas_open,2011_15_indian_wells_bnp_paribas_open_2011-03-10_R128_benesova_i_lepchenko_v
tennis_data_uk,wta,2011,15,BNP Paribas Open,Indian Wells,2011-03-11,premier,True,hard,R128,128,3,Pous-Tio L.,Kerber A.,88,67,756,932.0,2,0,6,2,6,1,,,,,,,completed,3.25,1.33,3.34,1.38,3.36,1.4,3.06,1.36,2011_15_indian_wells_bnp_paribas_open,2011_15_indian_wells_bnp_paribas_open_2011-03-11_R128_pous_tio_l_kerber_a
tennis_data_uk,wta,2011,15,BNP Paribas Open,Indian Wells,2011-03-11,premier,True,hard,R128,128,3,Zhang S.,Morita A.,76,54,852,1103.0,2,1,6,2,2,6,7,6,,,,,completed,3.0,1.36,3.08,1.42,3.4,1.42,3.07,1.36,2011_15_indian_wells_bnp_paribas_open,2011_15_indian_wells_bnp_paribas_open_2011-03-11_R128_zhang_s_morita_a
tennis_data_uk,wta,2011,15,BNP Paribas Open,Indian Wells,2011-03-11,premier,True,hard,R128,128,3,Arvidsson S.,Zheng J.,82,45,826,1298.0,2,0,6,3,6,2,,,,,,,completed,2.2,1.61,2.36,1.65,2.45,1.67,2.25,1.61,2011_15_indian_wells_bnp_paribas_open,2011_15_indian_wells_bnp_paribas_open_2011-03-11_R128_arvidsson_s_zheng_j
tennis_data_uk,wta,2011,15,BNP Paribas Open,Indian Wells,2011-03-11,premier,True,hard,R128,128,3,Chakvetadze A.,Doi M.,49,119,1153,568.0,2,0,7,6,6,1,,,,,,,completed,1.36,3.0,1.43,3.01,1.47,3.11,1.42,2.8,2011_15_indian_wells_bnp_paribas_open,2011_15_indian_wells_bnp_paribas_open_2011-03-11_R128_chakvetadze_a_doi_m
tennis_data_uk,wta,2011,15,BNP Paribas Open,Indian Wells,2011-03-11,premier,True,hard,R128,128,3,Makarova E.,Marino R.,41,63,1361,984.0,2,1,6,4,4,6,6,4,,,,,completed,1.83,1.83,1.88,2.02,1.9,2.08,1.81,1.92,2011_15_indian_wells_bnp_paribas_open,2011_15_indian_wells_bnp_paribas_open_2011-03-11_R128_makarova_e_marino_r
tennis_data_uk,wta,2011,15,BNP Paribas Open,Indian Wells,2011-03-11,premier,True,hard,R128,128,3,Safina D.,Parra Santonja A.,108,60,621,1030.0,2,0,6,3,6,3,,,,,,,completed,1.2,4.33,1.22,4.84,1.3,5.0,1.23,4.03,2011_15_indian_wells_bnp_paribas_open,2011_15_indian_wells_bnp_paribas_open_2011-03-11_R128_safina_d_parra_santonja_a
tennis_data_uk,wta,2011,15,BNP Paribas Open,Indian Wells,2011-03-11,premier,True,hard,R64,64,3,Zahlavova Strycova B.,Kvitova P.,57,14,1090,2758.0,2,1,3,6,6,2,7,5,,,,,completed,3.75,1.25,3.85,1.31,4.25,1.31,3.7,1.26,2011_15_indian_wells_bnp_paribas_open,2011_15_indian_wells_bnp_paribas_open_2011-03-11_R64_zahlavova_strycova_b_kvitova_p
tennis_data_uk,wta,2011,15,BNP Paribas Open,Indian Wells,2011-03-11,premier,True,hard,R64,64,3,Jankovic J.,Vandeweghe C.,6,92,4905,716.0,2,0,6,2,6,1,,,,,,,completed,1.07,7.5,1.1,8.6,1.13,8.6,1.09,6.89,2011_15_indian_wells_bnp_paribas_open,2011_15_indian_wells_bnp_paribas_open_2011-03-11_R64_jankovic_j_vandeweghe_c
tennis_data_uk,wta,2011,15,BNP Paribas Open,Indian Wells,2011-03-11,premier,True,hard,R64,64,3,Pavlyuchenkova A.,Sevastova A.,19,38,2490,1520.0,2,0,6,2,7,5,,,,,,,completed,1.36,3.0,1.35,3.52,1.41,3.52,1.36,3.03,2011_15_indian_wells_bnp_paribas_open,2011_15_indian_wells_bnp_paribas_open_2011-03-11_R64_pavlyuchenkova_a_sevastova_a
tennis_data_uk,wta,2011,15,BNP Paribas Open,Indian Wells,2011-03-11,premier,True,hard,R64,64,3,Cornet A.,Pironkova T.,70,33,890,1784.0,2,1,7,5,3,6,6,2,,,,,completed,1.4,2.75,1.52,2.73,1.52,2.9,1.44,2.69,2011_15_indian_wells_bnp_paribas_open,2011_15_indian_wells_bnp_paribas_open_2011-03-11_R64_cornet_a_pironkova_t
tennis_data_uk,wta,2011,15,BNP Paribas Open,Indian Wells,2011-03-11,premier,True,hard,R64,64,3,Bartoli M.,Niculescu M.,17,65,2675,938.0,2,1,2,6,6,3,6,2,,,,,completed,1.14,5.0,1.2,5.16,1.21,5.5,1.17,4.73,2011_15_indian_wells_bnp_paribas_open,2011_15_indian_wells_bnp_paribas_open_2011-03-11_R64_bartoli_m_niculescu_m
tennis_data_uk,wta,2011,15,BNP Paribas Open,Indian Wells,2011-03-11,premier,True,hard,R64,64,3,Zvonareva V.,Bacsinszky T.,3,46,7565,1230.0,2,0,6,3,7,6,,,,,,,completed,1.06,8.0,1.08,10.25,1.1,10.93,1.06,8.32,2011_15_indian_wells_bnp_paribas_open,2011_15_indian_wells_bnp_paribas_open_2011-03-11_R64_zvonareva_v_bacsinszky_t
tennis_data_uk,wta,2011,15,BNP Paribas Open,Indian Wells,2011-03-11,premier,True,hard,R64,64,3,Wickmayer Y.,Oudin M.,25,84,2235,818.0,2,0,6,4,6,3,,,,,,,completed,1.2,4.33,1.25,4.46,1.3,4.48,1.25,3.88,2011_15_indian_wells_bnp_paribas_open,2011_15_indian_wells_bnp_paribas_open_2011-03-11_R64_wickmayer_y_oudin_m
tennis_data_uk,wta,2011,15,BNP Paribas Open,Indian Wells,2011-03-11,premier,True,hard,R64,64,3,Errani S.,Groth J.,40,30,1375,1940.0,2,1,7,5,4,6,6,2,,,,,completed,2.75,1.4,2.66,1.54,2.9,1.54,2.66,1.46,2011_15_indian_wells_bnp_paribas_open,2011_15_indian_wells_bnp_paribas_open_2011-03-11_R64_errani_s_groth_j
tennis_data_uk,wta,2011,15,BNP Paribas Open,Indian Wells,2011-03-11,premier,True,hard,R64,64,3,Schiavone F.,Ondraskova Z.,5,87,5051,771.0,2,0,6,2,6,0,,,,,,,completed,1.05,9.0,1.06,12.25,1.09,12.25,1.06,8.87,2011_15_indian_wells_bnp_paribas_open,2011_15_indian_wells_bnp_paribas_open_2011-03-11_R64_schiavone_f_ondraskova_z
tennis_data_uk,wta,2011,15,BNP Paribas Open,Indian Wells,2011-03-11,premier,True,hard,R64,64,3,Clijsters K.,Kudryavtseva A.,2,71,8835,887.0,2,0,6,2,6,0,,,,,,,completed,1.01,15.0,1.03,20.0,1.05,25.37,1.02,15.3,2011_15_indian_wells_bnp_paribas_open,2011_15_indian_wells_bnp_paribas_open_2011-03-11_R64_clijsters_k_kudryavtseva_a
tennis_data_uk,wta,2011,15,BNP Paribas Open,Indian Wells,2011-03-12,premier,True,hard,R64,64,3,Cibulkova D.,Mirza S.,27,107,2040,628.0,2,0,6,3,6,3,,,,,,,completed,1.33,3.25,1.47,2.9,1.47,3.25,1.41,2.9,2011_15_indian_wells_bnp_paribas_open,2011_15_indian_wells_bnp_paribas_open_2011-03-12_R64_cibulkova_d_mirza_s
tennis_data_uk,wta,2011,15,BNP Paribas Open,Indian Wells,2011-03-12,premier,True,hard,R64,64,3,Goerges J.,Bammer S.,35,105,1685,651.0,2,0,6,1,6,3,,,,,,,completed,1.72,2.0,1.81,2.1,1.83,2.2,1.72,2.06,2011_15_indian_wells_bnp_paribas_open,2011_15_indian_wells_bnp_paribas_open_2011-03-12_R64_goerges_j_bammer_s
tennis_data_uk,wta,2011,15,BNP Paribas Open,Indian Wells,2011-03-12,premier,True,hard,R64,64,3,Peer S.,Mattek-Sands B.,12,43,2995,1334.0,2,1,4,6,7,6,6,3,,,,,completed,1.4,2.75,1.38,3.4,1.45,3.4,1.4,2.89,2011_15_indian_wells_bnp_paribas_open,2011_15_indian_wells_bnp_paribas_open_2011-03-12_R64_peer_s_mattek_sands_b
tennis_data_uk,wta,2011,15,BNP Paribas Open,Indian Wells,2011-03-12,premier,True,hard,R64,64,3,Petkovic A.,Safarova L.,23,32,2290,1815.0,2,0,7,6,7,5,,,,,,,completed,1.61,2.2,1.59,2.53,1.67,2.53,1.6,2.31,2011_15_indian_wells_bnp_paribas_open,2011_15_indian_wells_bnp_paribas_open_2011-03-12_R64_petkovic_a_safarova_l
tennis_data_uk,wta,2011,15,BNP Paribas Open,Indian Wells,2011-03-12,premier,True,hard,R64,64,3,Kanepi K.,Dulko G.,16,47,2685,1199.0,2,1,3,6,6,2,6,2,,,,,completed,1.4,2.75,1.46,2.94,1.5,2.94,1.46,2.7,2011_15_indian_wells_bnp_paribas_open,2011_15_indian_wells_bnp_paribas_open_2011-03-12_R64_kanepi_k_dulko_g
tennis_data_uk,wta,2011,15,BNP Paribas Open,Indian Wells,2011-03-12,premier,True,hard,R64,64,3,Ivanovic A.,Date-Krumm K.,21,56,2445,1090.0,2,0,6,4,6,2,,,,,,,completed,1.5,2.5,1.62,2.44,1.62,2.75,1.49,2.55,2011_15_indian_wells_bnp_paribas_open,2011_15_indian_wells_bnp_paribas_open_2011-03-12_R64_ivanovic_a_date_krumm_k
tennis_data_uk,wta,2011,15,BNP Paribas Open,Indian Wells,2011-03-12,premier,True,hard,R64,64,3,Rezai A.,Zhang S.,22,76,2340,852.0,2,0,7,6,6,0,,,,,,,completed,2.0,1.72,2.3,1.69,2.35,1.8,2.13,1.68,2011_15_indian_wells_bnp_paribas_open,2011_15_indian_wells_bnp_paribas_open_2011-03-12_R64_rezai_a_zhang_s
tennis_data_uk,wta,2011,15,BNP Paribas Open,Indian Wells,2011-03-12,premier,True,hard,R64,64,3,Safina D.,Hantuchova D.,108,31,621,1865.0,2,0,7,6,6,4,,,,,,,completed,2.75,1.4,2.66,1.54,2.9,1.54,2.62,1.46,2011_15_indian_wells_bnp_paribas_open,2011_15_indian_wells_bnp_paribas_open_2011-03-12_R64_safina_d_hantuchova_d
tennis_data_uk,wta,2011,15,BNP Paribas Open,Indian Wells,2011-03-12,premier,True,hard,R64,64,3,Pennetta F.,Baltacha E.,15,74,2730,870.0,2,1,6,4,3,6,6,4,,,,,completed,1.08,7.0,1.1,8.6,1.13,8.95,1.1,6.63,2011_15_indian_wells_bnp_paribas_open,2011_15_indian_wells_bnp_paribas_open_2011-03-12_R64_pennetta_f_baltacha_e
tennis_data_uk,wta,2011,15,BNP Paribas Open,Indian Wells,2011-03-12,premier,True,hard,R64,64,3,Radwanska U.,Zakopalova K.,172,34,348,1740.0,2,1,6,3,5,7,6,2,,,,,completed,2.5,1.5,2.32,1.68,2.67,1.68,2.44,1.53,2011_15_indian_wells_bnp_paribas_open,2011_15_indian_wells_bnp_paribas_open_2011-03-12_R64_radwanska_u_zakopalova_k
tennis_data_uk,wta,2011,15,BNP Paribas Open,Indian Wells,2011-03-12,premier,True,hard,R64,64,3,Kleybanova A.,Szavay A.,24,44,2275,1312.0,2,0,6,3,7,5,,,,,,,completed,1.4,2.75,1.42,3.11,1.45,3.2,1.4,2.84,2011_15_indian_wells_bnp_paribas_open,2011_15_indian_wells_bnp_paribas_open_2011-03-12_R64_kleybanova_a_szavay_a
tennis_data_uk,wta,2011,15,BNP Paribas Open,Indian Wells,2011-03-12,premier,True,hard,R64,64,3,Stosur S.,Pous-Tio L.,4,88,5086,756.0,2,0,6,2,6,2,,,,,,,completed,1.06,8.0,1.11,8.36,1.12,10.31,1.07,8.03,2011_15_indian_wells_bnp_paribas_open,2011_15_indian_wells_bnp_paribas_open_2011-03-12_R64_stosur_s_pous_tio_l
tennis_data_uk,wta,2011,15,BNP Paribas Open,Indian Wells,2011-03-12,premier,True,hard,R64,64,3,Radwanska A.,Benesova I.,10,48,3170,1195.0,2,0,7,6,6,4,,,,,,,completed,1.16,4.5,1.25,4.46,1.25,5.0,1.2,4.49,2011_15_indian_wells_bnp_paribas_open,2011_15_indian_wells_bnp_paribas_open_2011-03-12_R64_radwanska_a_benesova_i
tennis_data_uk,wta,2011,15,BNP Paribas Open,Indian Wells,2011-03-12,premier,True,hard,R64,64,3,Hradecka L.,Dulgheru A.,86,28,792,2000.0,2,1,4,6,6,4,6,4,,,,,completed,1.44,2.62,1.57,2.58,1.57,2.8,1.5,2.57,2011_15_indian_wells_bnp_paribas_open,2011_15_indian_wells_bnp_paribas_open_2011-03-12_R64_hradecka_l_dulgheru_a
tennis_data_uk,wta,2011,15,BNP Paribas Open,Indian Wells,2011-03-12,premier,True,hard,R64,64,3,Martinez-Sanchez M.J.,Halep S.,29,64,1960,957.0,2,0,7,5,6,0,,,,,,,completed,1.5,2.5,1.56,2.61,1.58,2.75,1.49,2.57,2011_15_indian_wells_bnp_paribas_open,2011_15_indian_wells_bnp_paribas_open_2011-03-12_R64_martinez_sanchez_m_j_halep_s
tennis_data_uk,wta,2011,15,BNP Paribas Open,Indian Wells,2011-03-12,premier,True,hard,R64,64,3,Azarenka V.,Makarova E.,9,41,3440,1361.0,2,0,6,4,6,3,,,,,,,completed,1.2,4.33,1.24,4.58,1.28,4.58,1.24,3.89,2011_15_indian_wells_bnp_paribas_open,2011_15_indian_wells_bnp_paribas_open_2011-03-12_R64_azarenka_v_makarova_e
tennis_data_uk,wta,2011,15,BNP Paribas Open,Indian Wells,2011-03-12,premier,True,hard,R64,64,3,Kirilenko M.,Chakvetadze A.,26,49,2140,1153.0,1,0,6,2,1,3,,,,,,,retired,2.25,1.57,2.24,1.73,2.3,1.74,2.15,1.67,2011_15_indian_wells_bnp_paribas_open,2011_15_indian_wells_bnp_paribas_open_2011-03-12_R64_kirilenko_m_chakvetadze_a
tennis_data_uk,wta,2011,15,BNP Paribas Open,Indian Wells,2011-03-13,premier,True,hard,R64,64,3,Peng S.,Li N.,36,7,1625,4300.0,2,1,4,6,6,3,6,3,,,,,completed,2.75,1.4,2.85,1.48,3.0,1.5,2.78,1.42,2011_15_indian_wells_bnp_paribas_open,2011_15_indian_wells_bnp_paribas_open_2011-03-13_R64_peng_s_li_n
tennis_data_uk,wta,2011,15,BNP Paribas Open,Indian Wells,2011-03-13,premier,True,hard,R64,64,3,Wozniacki C.,Stephens S.,1,182,9550,332.0,2,0,6,3,6,2,,,,,,,completed,1.01,15.0,1.02,19.52,1.03,34.0,1.02,16.7,2011_15_indian_wells_bnp_paribas_open,2011_15_indian_wells_bnp_paribas_open_2011-03-13_R64_wozniacki_c_stephens_s
tennis_data_uk,wta,2011,15,BNP Paribas Open,Indian Wells,2011-03-13,premier,True,hard,R64,64,3,Petrova N.,Arvidsson S.,20,82,2480,826.0,2,0,6,4,7,6,,,,,,,completed,1.25,3.75,1.28,4.1,1.31,4.1,1.28,3.6,2011_15_indian_wells_bnp_paribas_open,2011_15_indian_wells_bnp_paribas_open_2011-03-13_R64_petrova_n_arvidsson_s
tennis_data_uk,wta,2011,15,BNP Paribas Open,Indian Wells,2011-03-13,premier,True,hard,R64,64,3,Sharapova M.,Medina Garrigues A.,18,77,2656,850.0,2,1,7,5,6,7,6,1,,,,,completed,1.16,4.5,1.19,5.5,1.22,5.5,1.19,4.51,2011_15_indian_wells_bnp_paribas_open,2011_15_indian_wells_bnp_paribas_open_2011-03-13_R64_sharapova_m_medina_garrigues_a
tennis_data_uk,wta,2011,15,BNP Paribas Open,Indian Wells,2011-03-13,premier,True,hard,R64,64,3,Mchale C.,Kuznetsova S.,112,13,611,2860.0,2,0,7,6,7,6,,,,,,,completed,8.0,1.06,8.47,1.1,10.0,1.1,7.62,1.08,2011_15_indian_wells_bnp_paribas_open,2011_15_indian_wells_bnp_paribas_open_2011-03-13_R64_mchale_c_kuznetsova_s
tennis_data_uk,wta,2011,15,BNP Paribas Open,Indian Wells,2011-03-13,premier,True,hard,R32,32,3,Schiavone F.,Cornet A.,5,70,5051,890.0,2,0,6,2,6,3,,,,,,,completed,1.3,3.4,1.4,3.28,1.41,3.5,1.34,3.13,2011_15_indian_wells_bnp_paribas_open,2011_15_indian_wells_bnp_paribas_open_2011-03-13_R32_schiavone_f_cornet_a
tennis_data_uk,wta,2011,15,BNP Paribas Open,Indian Wells,2011-03-13,premier,True,hard,R32,32,3,Bartoli M.,Petkovic A.,17,23,2675,2290.0,2,0,6,4,6,2,,,,,,,completed,2.25,1.57,2.29,1.71,2.29,1.77,2.15,1.66,2011_15_indian_wells_bnp_paribas_open,2011_15_indian_wells_bnp_paribas_open_2011-03-13_R32_bartoli_m_petkovic_a
tennis_data_uk,wta,2011,15,BNP Paribas Open,Indian Wells,2011-03-13,premier,True,hard,R32,32,3,Ivanovic A.,Zahlavova Strycova B.,21,57,2445,1090.0,2,0,6,2,6,2,,,,,,,completed,1.36,3.0,1.44,3.06,1.5,3.16,1.37,2.97,2011_15_indian_wells_bnp_paribas_open,2011_15_indian_wells_bnp_paribas_open_2011-03-13_R32_ivanovic_a_zahlavova_strycova_b
tennis_data_uk,wta,2011,15,BNP Paribas Open,Indian Wells,2011-03-13,premier,True,hard,R32,32,3,Clijsters K.,Errani S.,2,40,8835,1375.0,2,1,6,3,2,6,6,4,,,,,completed,1.03,11.0,1.05,14.8,1.06,15.45,1.03,10.86,2011_15_indian_wells_bnp_paribas_open,2011_15_indian_wells_bnp_paribas_open_2011-03-13_R32_clijsters_k_errani_s
tennis_data_uk,wta,2011,15,BNP Paribas Open,Indian Wells,2011-03-14,premier,True,hard,R32,32,3,Wickmayer Y.,Kanepi K.,25,16,2235,2685.0,2,1,3,6,6,4,6,1,,,,,completed,1.72,2.0,1.85,2.09,1.87,2.1,1.79,1.96,2011_15_indian_wells_bnp_paribas_open,2011_15_indian_wells_bnp_paribas_open_2011-03-14_R32_wickmayer_y_kanepi_k
tennis_data_uk,wta,2011,15,BNP Paribas Open,Indian Wells,2011-03-14,premier,True,hard,R32,32,3,Jankovic J.,Goerges J.,6,35,4905,1685.0,2,0,6,2,6,4,,,,,,,completed,1.2,4.33,1.25,4.55,1.25,4.65,1.21,4.25,2011_15_indian_wells_bnp_paribas_open,2011_15_indian_wells_bnp_paribas_open_2011-03-14_R32_jankovic_j_goerges_j
tennis_data_uk,wta,2011,15,BNP Paribas Open,Indian Wells,2011-03-14,premier,True,hard,R32,32,3,Peer S.,Pavlyuchenkova A.,12,19,2995,2490.0,2,1,2,6,6,3,7,5,,,,,completed,2.2,1.61,2.44,1.64,2.44,1.73,2.19,1.65,2011_15_indian_wells_bnp_paribas_open,2011_15_indian_wells_bnp_paribas_open_2011-03-14_R32_peer_s_pavlyuchenkova_a
tennis_data_uk,wta,2011,15,BNP Paribas Open,Indian Wells,2011-03-14,premier,True,hard,R32,32,3,Cibulkova D.,Zvonareva V.,27,3,2040,7565.0,2,1,4,6,7,6,6,4,,,,,completed,4.5,1.16,5.3,1.2,5.37,1.25,4.45,1.19,2011_15_indian_wells_bnp_paribas_open,2011_15_indian_wells_bnp_paribas_open_2011-03-14_R32_cibulkova_d_zvonareva_v
tennis_data_uk,wta,2011,15,BNP Paribas Open,Indian Wells,2011-03-14,premier,True,hard,R32,32,3,Wozniacki C.,Martinez-Sanchez M.J.,1,29,9550,1960.0,2,0,6,1,6,3,,,,,,,completed,1.08,7.0,1.13,7.61,1.14,8.0,1.1,6.41,2011_15_indian_wells_bnp_paribas_open,2011_15_indian_wells_bnp_paribas_open_2011-03-14_R32_wozniacki_c_martinez_sanchez_m_j
tennis_data_uk,wta,2011,15,BNP Paribas Open,Indian Wells,2011-03-14,premier,True,hard,R32,32,3,Radwanska A.,Kirilenko M.,10,26,3170,2140.0,2,1,6,0,2,6,7,5,,,,,completed,1.22,4.0,1.29,4.05,1.3,4.35,1.23,3.94,2011_15_indian_wells_bnp_paribas_open,2011_15_indian_wells_bnp_paribas_open_2011-03-14_R32_radwanska_a_kirilenko_m
tennis_data_uk,wta,2011,15,BNP Paribas Open,Indian Wells,2011-03-14,premier,True,hard,R32,32,3,Kleybanova A.,Pennetta F.,24,15,2275,2730.0,2,0,6,3,6,4,,,,,,,completed,2.75,1.4,2.74,1.53,3.0,1.53,2.71,1.44,2011_15_indian_wells_bnp_paribas_open,2011_15_indian_wells_bnp_paribas_open_2011-03-14_R32_kleybanova_a_pennetta_f
tennis_data_uk,wta,2011,15,BNP Paribas Open,Indian Wells,2011-03-14,premier,True,hard,R32,32,3,Azarenka V.,Radwanska U.,9,172,3440,348.0,2,0,7,6,6,3,,,,,,,completed,1.11,6.0,1.17,6.16,1.17,6.4,1.14,5.4,2011_15_indian_wells_bnp_paribas_open,2011_15_indian_wells_bnp_paribas_open_2011-03-14_R32_azarenka_v_radwanska_u
tennis_data_uk,wta,2011,15,BNP Paribas Open,Indian Wells,2011-03-14,premier,True,hard,R32,32,3,Sharapova M.,Rezai A.,18,22,2656,2340.0,2,0,6,2,6,2,,,,,,,completed,1.33,3.25,1.43,3.14,1.43,3.34,1.36,3.02,2011_15_indian_wells_bnp_paribas_open,2011_15_indian_wells_bnp_paribas_open_2011-03-14_R32_sharapova_m_rezai_a
tennis_data_uk,wta,2011,15,BNP Paribas Open,Indian Wells,2011-03-14,premier,True,hard,R32,32,3,Petrova N.,Mchale C.,20,112,2480,611.0,2,1,3,6,6,4,6,2,,,,,completed,1.28,3.5,1.36,3.49,1.37,3.65,1.31,3.32,2011_15_indian_wells_bnp_paribas_open,2011_15_indian_wells_bnp_paribas_open_2011-03-14_R32_petrova_n_mchale_c
tennis_data_uk,wta,2011,15,BNP Paribas Open,Indian Wells,2011-03-15,premier,True,hard,R32,32,3,Safina D.,Stosur S.,108,4,621,5086.0,2,0,7,6,6,4,,,,,,,completed,3.25,1.33,3.39,1.38,3.4,1.4,3.12,1.34,2011_15_indian_wells_bnp_paribas_open,2011_15_indian_wells_bnp_paribas_open_2011-03-15_R32_safina_d_stosur_s
tennis_data_uk,wta,2011,15,BNP Paribas Open,Indian Wells,2011-03-15,premier,True,hard,R32,32,3,Peng S.,Hradecka L.,36,86,1625,792.0,2,1,6,3,4,6,7,5,,,,,completed,1.3,3.4,1.35,3.58,1.38,3.58,1.33,3.24,2011_15_indian_wells_bnp_paribas_open,2011_15_indian_wells_bnp_paribas_open_2011-03-15_R32_peng_s_hradecka_l
tennis_data_uk,wta,2011,15,BNP Paribas Open,Indian Wells,2011-03-15,premier,True,hard,R16,16,3,Ivanovic A.,Jankovic J.,21,6,2445,4905.0,2,0,6,4,6,2,,,,,,,completed,2.37,1.53,2.56,1.59,2.7,1.63,2.45,1.53,2011_15_indian_wells_bnp_paribas_open,2011_15_indian_wells_bnp_paribas_open_2011-03-15_R16_ivanovic_a_jankovic_j
tennis_data_uk,wta,2011,15,BNP Paribas Open,Indian Wells,2011-03-15,premier,True,hard,R16,16,3,Azarenka V.,Radwanska A.,9,10,3440,3170.0,2,1,4,6,6,3,7,6,,,,,completed,1.5,2.5,1.53,2.72,1.62,2.72,1.53,2.44,2011_15_indian_wells_bnp_paribas_open,2011_15_indian_wells_bnp_paribas_open_2011-03-15_R16_azarenka_v_radwanska_a
tennis_data_uk,wta,2011,15,BNP Paribas Open,Indian Wells,2011-03-15,premier,True,hard,R16,16,3,Bartoli M.,Clijsters K.,17,2,2675,8835.0,0,1,3,6,3,1,,,,,,,retired,4.5,1.16,4.3,1.27,4.57,1.27,4.14,1.22,2011_15_indian_wells_bnp_paribas_open,2011_15_indian_wells_bnp_paribas_open_2011-03-15_R16_bartoli_m_clijsters_k
tennis_data_uk,wta,2011,15,BNP Paribas Open,Indian Wells,2011-03-15,premier,True,hard,R16,16,3,Peer S.,Schiavone F.,12,5,2995,5051.0,2,1,6,4,3,6,7,6,,,,,completed,1.83,1.83,1.81,2.14,1.91,2.15,1.81,1.94,2011_15_indian_wells_bnp_paribas_open,2011_15_indian_wells_bnp_paribas_open_2011-03-15_R16_peer_s_schiavone_f
tennis_data_uk,wta,2011,15,BNP Paribas Open,Indian Wells,2011-03-15,premier,True,hard,R16,16,3,Wickmayer Y.,Cibulkova D.,25,27,2235,2040.0,2,0,7,5,7,5,,,,,,,completed,1.57,2.25,1.63,2.46,1.69,2.46,1.63,2.24,2011_15_indian_wells_bnp_paribas_open,2011_15_indian_wells_bnp_paribas_open_2011-03-15_R16_wickmayer_y_cibulkova_d
tennis_data_uk,wta,2011,15,BNP Paribas Open,Indian Wells,2011-03-15,premier,True,hard,R16,16,3,Wozniacki C.,Kleybanova A.,1,24,9550,2275.0,2,1,2,6,6,3,6,1,,,,,completed,1.11,6.0,1.15,6.65,1.2,6.65,1.14,5.28,2011_15_indian_wells_bnp_paribas_open,2011_15_indian_wells_bnp_paribas_open_2011-03-15_R16_wozniacki_c_kleybanova_a
tennis_data_uk,wta,2011,15,BNP Paribas Open,Indian Wells,2011-03-16,premier,True,hard,R16,16,3,Peng S.,Petrova N.,36,20,1625,2480.0,2,1,6,4,5,7,6,3,,,,,completed,1.72,2.0,1.8,2.15,1.83,2.2,1.76,2.03,2011_15_indian_wells_bnp_paribas_open,2011_15_indian_wells_bnp_paribas_open_2011-03-16_R16_peng_s_petrova_n
tennis_data_uk,wta,2011,15,BNP Paribas Open,Indian Wells,2011-03-16,premier,True,hard,R16,16,3,Sharapova M.,Safina D.,18,108,2656,621.0,2,0,6,2,6,0,,,,,,,completed,1.5,2.5,1.63,2.48,1.65,2.88,1.54,2.42,2011_15_indian_wells_bnp_paribas_open,2011_15_indian_wells_bnp_paribas_open_2011-03-16_R16_sharapova_m_safina_d
tennis_data_uk,wta,2011,15,BNP Paribas Open,Indian Wells,2011-03-16,premier,True,hard,QF,8,3,Bartoli M.,Ivanovic A.,17,21,2675,2445.0,2,0,6,4,7,6,,,,,,,completed,2.5,1.5,2.6,1.57,2.65,1.61,2.46,1.53,2011_15_indian_wells_bnp_paribas_open,2011_15_indian_wells_bnp_paribas_open_2011-03-16_QF_bartoli_m_ivanovic_a
tennis_data_uk,wta,2011,15,BNP Paribas Open,Indian Wells,2011-03-17,premier,True,hard,QF,8,3,Wickmayer Y.,Peer S.,25,12,2235,2995.0,2,0,6,3,6,3,,,,,,,completed,1.66,2.1,1.78,2.19,1.83,2.2,1.73,2.05,2011_15_indian_wells_bnp_paribas_open,2011_15_indian_wells_bnp_paribas_open_2011-03-17_QF_wickmayer_y_peer_s
tennis_data_uk,wta,2011,15,BNP Paribas Open,Indian Wells,2011-03-17,premier,True,hard,QF,8,3,Wozniacki C.,Azarenka V.,1,9,9550,3440.0,0,0,3,0,,,,,,,,,retired,1.22,4.0,1.29,4.07,1.33,4.15,1.28,3.57,2011_15_indian_wells_bnp_paribas_open,2011_15_indian_wells_bnp_paribas_open_2011-03-17_QF_wozniacki_c_azarenka_v
tennis_data_uk,wta,2011,15,BNP Paribas Open,Indian Wells,2011-03-17,premier,True,hard,QF,8,3,Sharapova M.,Peng S.,18,36,2656,1625.0,2,1,6,2,5,7,6,3,,,,,completed,1.4,2.75,1.54,2.71,1.57,3.2,1.47,2.62,2011_15_indian_wells_bnp_paribas_open,2011_15_indian_wells_bnp_paribas_open_2011-03-17_QF_sharapova_m_peng_s
tennis_data_uk,wta,2011,15,BNP Paribas Open,Indian Wells,2011-03-18,premier,True,hard,SF,4,3,Bartoli M.,Wickmayer Y.,17,25,2675,2235.0,2,0,6,1,6,3,,,,,,,completed,2.2,1.66,2.22,1.76,2.25,1.8,2.11,1.7,2011_15_indian_wells_bnp_paribas_open,2011_15_indian_wells_bnp_paribas_open_2011-03-18_SF_bartoli_m_wickmayer_y
tennis_data_uk,wta,2011,15,BNP Paribas Open,Indian Wells,2011-03-19,premier,True,hard,SF,4,3,Wozniacki C.,Sharapova M.,1,18,9550,2656.0,2,0,6,1,6,2,,,,,,,completed,1.28,3.75,1.33,3.7,1.33,3.75,1.3,3.43,2011_15_indian_wells_bnp_paribas_open,2011_15_indian_wells_bnp_paribas_open_2011-03-19_SF_wozniacki_c_sharapova_m
tennis_data_uk,wta,2011,15,BNP Paribas Open,Indian Wells,2011-03-20,premier,True,hard,F,2,3,Wozniacki C.,Bartoli M.,1,17,9550,2675.0,2,1,6,1,2,6,6,3,,,,,completed,1.16,5.0,1.21,5.21,1.22,5.6,1.18,4.76,2011_15_indian_wells_bnp_paribas_open,2011_15_indian_wells_bnp_paribas_open_2011-03-20_F_wozniacki_c_bartoli_m
tennis_data_uk,wta,2011,16,Sony Ericsson Open,Miami,2011-03-22,premier,True,hard,R128,128,3,Zheng J.,Cirstea S.,59,97,1053,700.0,2,1,6,3,6,7,6,3,,,,,completed,1.61,2.2,1.71,2.24,1.73,2.31,1.66,2.16,2011_16_miami_sony_ericsson_open,2011_16_miami_sony_ericsson_open_2011-03-22_R128_zheng_j_cirstea_s
tennis_data_uk,wta,2011,16,Sony Ericsson Open,Miami,2011-03-22,premier,True,hard,R128,128,3,Niculescu M.,Jovanovski B.,63,52,1010,1102.0,2,0,6,1,7,6,,,,,,,completed,2.25,1.57,2.31,1.68,2.4,1.71,2.24,1.62,2011_16_miami_sony_ericsson_open,2011_16_miami_sony_ericsson_open_2011-03-22_R128_niculescu_m_jovanovski_b
tennis_data_uk,wta,2011,16,Sony Ericsson Open,Miami,2011-03-22,premier,True,hard,R128,128,3,Baltacha E.,Bammer S.,85,103,810,651.0,2,1,3,6,7,6,7,6,,,,,completed,1.61,2.2,1.7,2.25,1.71,2.31,1.66,2.16,2011_16_miami_sony_ericsson_open,2011_16_miami_sony_ericsson_open_2011-03-22_R128_baltacha_e_bammer_s
tennis_data_uk,wta,2011,16,Sony Ericsson Open,Miami,2011-03-22,premier,True,hard,R128,128,3,Oudin M.,Goerges J.,75,35,863,1715.0,2,0,7,5,6,3,,,,,,,completed,2.0,1.72,2.31,1.68,2.41,1.86,2.05,1.74,2011_16_miami_sony_ericsson_open,2011_16_miami_sony_ericsson_open_2011-03-22_R128_oudin_m_goerges_j
tennis_data_uk,wta,2011,16,Sony Ericsson Open,Miami,2011-03-22,premier,True,hard,R128,128,3,Martic P.,Barrois K.,106,80,638,846.0,2,0,7,5,6,2,,,,,,,completed,1.57,2.25,1.61,2.46,1.65,2.55,1.56,2.38,2011_16_miami_sony_ericsson_open,2011_16_miami_sony_ericsson_open_2011-03-22_R128_martic_p_barrois_k
tennis_data_uk,wta,2011,16,Sony Ericsson Open,Miami,2011-03-22,premier,True,hard,R128,128,3,Benesova I.,Vinci R.,46,37,1240,1540.0,2,0,7,5,6,4,,,,,,,completed,1.8,1.9,1.92,1.97,1.96,1.97,1.85,1.9,2011_16_miami_sony_ericsson_open,2011_16_miami_sony_ericsson_open_2011-03-22_R128_benesova_i_vinci_r
tennis_data_uk,wta,2011,16,Sony Ericsson Open,Miami,2011-03-22,premier,True,hard,R128,128,3,Schnyder P.,Keys M.,41,421,1375,88.0,2,1,3,6,6,1,7,6,,,,,completed,1.12,5.5,1.15,6.32,1.17,6.32,1.15,5.29,2011_16_miami_sony_ericsson_open,2011_16_miami_sony_ericsson_open_2011-03-22_R128_schnyder_p_keys_m
tennis_data_uk,wta,2011,16,Sony Ericsson Open,Miami,2011-03-22,premier,True,hard,R128,128,3,Halep S.,Radwanska U.,66,146,991,428.0,2,0,6,3,6,2,,,,,,,completed,2.75,1.4,2.83,1.48,3.04,1.5,2.71,1.45,2011_16_miami_sony_ericsson_open,2011_16_miami_sony_ericsson_open_2011-03-22_R128_halep_s_radwanska_u
tennis_data_uk,wta,2011,16,Sony Ericsson Open,Miami,2011-03-22,premier,True,hard,R128,128,3,Morita A.,Watson H.,57,123,1078,553.0,2,0,7,5,6,2,,,,,,,completed,1.53,2.37,1.6,2.49,1.63,2.65,1.55,2.39,2011_16_miami_sony_ericsson_open,2011_16_miami_sony_ericsson_open_2011-03-22_R128_morita_a_watson_h
tennis_data_uk,wta,2011,16,Sony Ericsson Open,Miami,2011-03-22,premier,True,hard,R128,128,3,Lisicki S.,Czink M.,217,469,253,73.0,2,1,6,3,5,7,6,4,,,,,completed,1.14,5.0,1.16,5.99,1.21,5.99,1.18,4.8,2011_16_miami_sony_ericsson_open,2011_16_miami_sony_ericsson_open_2011-03-22_R128_lisicki_s_czink_m
tennis_data_uk,wta,2011,16,Sony Ericsson Open,Miami,2011-03-22,premier,True,hard,R128,128,3,Larsson J.,Rodionova An.,78,72,853,895.0,2,0,6,4,7,6,,,,,,,completed,1.66,2.1,1.74,2.21,1.85,2.21,1.76,2.02,2011_16_miami_sony_ericsson_open,2011_16_miami_sony_ericsson_open_2011-03-22_R128_larsson_j_rodionova_an
tennis_data_uk,wta,2011,16,Sony Ericsson Open,Miami,2011-03-22,premier,True,hard,R128,128,3,Makarova E.,Dushevina V.,39,53,1406,1100.0,2,0,6,2,6,2,,,,,,,completed,2.1,1.66,2.21,1.74,2.23,1.8,2.08,1.72,2011_16_miami_sony_ericsson_open,2011_16_miami_sony_ericsson_open_2011-03-22_R128_makarova_e_dushevina_v
tennis_data_uk,wta,2011,16,Sony Ericsson Open,Miami,2011-03-23,premier,True,hard,R128,128,3,Scheepers C.,Hercog P.,81,61,837,1015.0,2,1,5,7,7,5,6,2,,,,,completed,2.5,1.5,2.57,1.56,2.7,1.73,2.53,1.5,2011_16_miami_sony_ericsson_open,2011_16_miami_sony_ericsson_open_2011-03-23_R128_scheepers_c_hercog_p
tennis_data_uk,wta,2011,16,Sony Ericsson Open,Miami,2011-03-23,premier,True,hard,R128,128,3,Mattek-Sands B.,Arvidsson S.,43,74,1334,875.0,2,0,6,1,6,4,,,,,,,completed,1.33,3.25,1.37,3.34,1.38,3.5,1.32,3.23,2011_16_miami_sony_ericsson_open,2011_16_miami_sony_ericsson_open_2011-03-23_R128_mattek_sands_b_arvidsson_s
tennis_data_uk,wta,2011,16,Sony Ericsson Open,Miami,2011-03-23,premier,True,hard,R128,128,3,Peng S.,Arn G.,32,51,1795,1119.0,2,0,6,1,6,2,,,,,,,completed,1.2,4.33,1.21,4.93,1.27,5.0,1.21,4.23,2011_16_miami_sony_ericsson_open,2011_16_miami_sony_ericsson_open_2011-03-23_R128_peng_s_arn_g
tennis_data_uk,wta,2011,16,Sony Ericsson Open,Miami,2011-03-23,premier,True,hard,R128,128,3,Shvedova Y.,Errani S.,42,40,1340,1375.0,2,1,6,3,5,7,7,6,,,,,completed,3.25,1.33,3.47,1.35,3.53,1.4,3.14,1.34,2011_16_miami_sony_ericsson_open,2011_16_miami_sony_ericsson_open_2011-03-23_R128_shvedova_y_errani_s
tennis_data_uk,wta,2011,16,Sony Ericsson Open,Miami,2011-03-23,premier,True,hard,R128,128,3,Lepchenko V.,Vandeweghe C.,82,90,832,765.0,2,0,6,2,6,3,,,,,,,completed,2.0,1.72,1.98,1.91,2.2,1.91,1.99,1.77,2011_16_miami_sony_ericsson_open,2011_16_miami_sony_ericsson_open_2011-03-23_R128_lepchenko_v_vandeweghe_c
tennis_data_uk,wta,2011,16,Sony Ericsson Open,Miami,2011-03-23,premier,True,hard,R128,128,3,Hampton J.,Tomljanovic A.,127,173,528,350.0,2,1,3,6,7,5,6,0,,,,,completed,1.57,2.25,1.56,2.58,1.67,2.58,1.57,2.34,2011_16_miami_sony_ericsson_open,2011_16_miami_sony_ericsson_open_2011-03-23_R128_hampton_j_tomljanovic_a
tennis_data_uk,wta,2011,16,Sony Ericsson Open,Miami,2011-03-23,premier,True,hard,R128,128,3,Vesnina E.,Dulko G.,56,47,1085,1169.0,2,0,6,1,6,3,,,,,,,completed,2.62,1.44,2.97,1.44,2.97,1.57,2.61,1.47,2011_16_miami_sony_ericsson_open,2011_16_miami_sony_ericsson_open_2011-03-23_R128_vesnina_e_dulko_g
tennis_data_uk,wta,2011,16,Sony Ericsson Open,Miami,2011-03-23,premier,True,hard,R128,128,3,Date-Krumm K.,Ondraskova Z.,54,83,1090,811.0,2,0,6,4,6,3,,,,,,,completed,1.14,5.0,1.17,5.63,1.2,5.63,1.17,4.75,2011_16_miami_sony_ericsson_open,2011_16_miami_sony_ericsson_open_2011-03-23_R128_date_krumm_k_ondraskova_z
tennis_data_uk,wta,2011,16,Sony Ericsson Open,Miami,2011-03-23,premier,True,hard,R128,128,3,Medina Garrigues A.,Pervak K.,73,88,895,792.0,2,0,6,1,6,2,,,,,,,completed,2.37,1.53,2.23,1.72,2.38,1.73,2.24,1.62,2011_16_miami_sony_ericsson_open,2011_16_miami_sony_ericsson_open_2011-03-23_R128_medina_garrigues_a_pervak_k
tennis_data_uk,wta,2011,16,Sony Ericsson Open,Miami,2011-03-23,premier,True,hard,R128,128,3,Szavay A.,Zhang S.,44,77,1282,858.0,2,1,2,6,6,3,6,2,,,,,completed,1.5,2.5,1.46,2.92,1.55,2.96,1.47,2.66,2011_16_miami_sony_ericsson_open,2011_16_miami_sony_ericsson_open_2011-03-23_R128_szavay_a_zhang_s
tennis_data_uk,wta,2011,16,Sony Ericsson Open,Miami,2011-03-23,premier,True,hard,R128,128,3,Razzano V.,Cornet A.,101,65,658,995.0,2,0,6,3,6,1,,,,,,,completed,2.62,1.44,2.76,1.5,2.76,1.54,2.56,1.49,2011_16_miami_sony_ericsson_open,2011_16_miami_sony_ericsson_open_2011-03-23_R128_razzano_v_cornet_a
tennis_data_uk,wta,2011,16,Sony Ericsson Open,Miami,2011-03-23,premier,True,hard,R128,128,3,Dominguez Lino L.,Rus A.,49,104,1150,640.0,2,1,6,4,6,7,6,4,,,,,completed,2.75,1.4,2.76,1.5,2.8,1.55,2.6,1.48,2011_16_miami_sony_ericsson_open,2011_16_miami_sony_ericsson_open_2011-03-23_R128_dominguez_lino_l_rus_a
tennis_data_uk,wta,2011,16,Sony Ericsson Open,Miami,2011-03-23,premier,True,hard,R128,128,3,Tatishvili A.,Govortsova O.,125,87,540,793.0,2,1,6,3,5,7,6,3,,,,,completed,2.5,1.5,2.71,1.52,2.71,1.58,2.53,1.51,2011_16_miami_sony_ericsson_open,2011_16_miami_sony_ericsson_open_2011-03-23_R128_tatishvili_a_govortsova_o
tennis_data_uk,wta,2011,16,Sony Ericsson Open,Miami,2011-03-23,premier,True,hard,R128,128,3,Mirza S.,Parra Santonja A.,99,62,678,1015.0,2,0,6,2,6,4,,,,,,,completed,1.28,3.5,1.37,3.35,1.37,3.6,1.32,3.31,2011_16_miami_sony_ericsson_open,2011_16_miami_sony_ericsson_open_2011-03-23_R128_mirza_s_parra_santonja_a
tennis_data_uk,wta,2011,16,Sony Ericsson Open,Miami,2011-03-23,premier,True,hard,R128,128,3,Yakimova A.,Kudryavtseva A.,94,68,716,925.0,2,0,6,3,6,1,,,,,,,completed,1.66,2.1,1.75,2.19,1.75,2.35,1.68,2.14,2011_16_miami_sony_ericsson_open,2011_16_miami_sony_ericsson_open_2011-03-23_R128_yakimova_a_kudryavtseva_a
tennis_data_uk,wta,2011,16,Sony Ericsson Open,Miami,2011-03-23,premier,True,hard,R128,128,3,Kerber A.,Gallovits E.,60,105,1045,640.0,2,0,6,4,6,4,,,,,,,completed,1.25,3.75,1.3,3.86,1.32,3.89,1.27,3.68,2011_16_miami_sony_ericsson_open,2011_16_miami_sony_ericsson_open_2011-03-23_R128_kerber_a_gallovits_e
tennis_data_uk,wta,2011,16,Sony Ericsson Open,Miami,2011-03-23,premier,True,hard,R128,128,3,Bacsinszky T.,Manasieva V.,45,115,1275,593.0,2,0,6,3,6,2,,,,,,,completed,1.57,2.25,1.65,2.36,1.69,2.38,1.63,2.25,2011_16_miami_sony_ericsson_open,2011_16_miami_sony_ericsson_open_2011-03-23_R128_bacsinszky_t_manasieva_v
tennis_data_uk,wta,2011,16,Sony Ericsson Open,Miami,2011-03-23,premier,True,hard,R128,128,3,Zahlavova Strycova B.,Stephens S.,50,192,1120,303.0,2,0,6,4,6,2,,,,,,,completed,1.33,3.25,1.41,3.13,1.42,3.25,1.37,2.99,2011_16_miami_sony_ericsson_open,2011_16_miami_sony_ericsson_open_2011-03-23_R128_zahlavova_strycova_b_stephens_s
tennis_data_uk,wta,2011,16,Sony Ericsson Open,Miami,2011-03-23,premier,True,hard,R128,128,3,Safina D.,Dokic J.,91,64,761,996.0,2,0,6,4,6,4,,,,,,,completed,1.5,2.5,1.55,2.61,1.65,2.66,1.53,2.44,2011_16_miami_sony_ericsson_open,2011_16_miami_sony_ericsson_open_2011-03-23_R128_safina_d_dokic_j
tennis_data_uk,wta,2011,16,Sony Ericsson Open,Miami,2011-03-23,premier,True,hard,R128,128,3,Hradecka L.,Chan Y.J.,71,134,897,484.0,2,0,7,5,7,5,,,,,,,completed,1.3,3.4,1.33,3.58,1.36,3.7,1.31,3.38,2011_16_miami_sony_ericsson_open,2011_16_miami_sony_ericsson_open_2011-03-23_R128_hradecka_l_chan_y_j
tennis_data_uk,wta,2011,16,Sony Ericsson Open,Miami,2011-03-24,premier,True,hard,R64,64,3,Zakopalova K.,Baltacha E.,36,85,1685,810.0,2,0,7,6,6,3,,,,,,,completed,1.4,2.75,1.46,2.96,1.5,3.0,1.43,2.74,2011_16_miami_sony_ericsson_open,2011_16_miami_sony_ericsson_open_2011-03-24_R64_zakopalova_k_baltacha_e
tennis_data_uk,wta,2011,16,Sony Ericsson Open,Miami,2011-03-24,premier,True,hard,R64,64,3,Kuznetsova S.,Halep S.,15,66,2860,991.0,2,0,6,0,6,4,,,,,,,completed,1.22,4.0,1.27,4.18,1.27,4.3,1.23,3.97,2011_16_miami_sony_ericsson_open,2011_16_miami_sony_ericsson_open_2011-03-24_R64_kuznetsova_s_halep_s
tennis_data_uk,wta,2011,16,Sony Ericsson Open,Miami,2011-03-24,premier,True,hard,R64,64,3,Hantuchova D.,Oudin M.,30,75,1865,863.0,2,0,6,1,6,3,,,,,,,completed,1.44,2.62,1.47,2.9,1.51,2.9,1.44,2.7,2011_16_miami_sony_ericsson_open,2011_16_miami_sony_ericsson_open_2011-03-24_R64_hantuchova_d_oudin_m
tennis_data_uk,wta,2011,16,Sony Ericsson Open,Miami,2011-03-24,premier,True,hard,R64,64,3,Medina Garrigues A.,Peer S.,73,11,895,3105.0,2,0,6,2,6,2,,,,,,,completed,4.5,1.16,4.58,1.24,5.03,1.24,4.41,1.19,2011_16_miami_sony_ericsson_open,2011_16_miami_sony_ericsson_open_2011-03-24_R64_medina_garrigues_a_peer_s
tennis_data_uk,wta,2011,16,Sony Ericsson Open,Miami,2011-03-24,premier,True,hard,R64,64,3,Petkovic A.,Hampton J.,23,127,2365,528.0,2,0,6,2,7,5,,,,,,,completed,1.14,5.0,1.19,5.42,1.22,5.55,1.17,4.72,2011_16_miami_sony_ericsson_open,2011_16_miami_sony_ericsson_open_2011-03-24_R64_petkovic_a_hampton_j
tennis_data_uk,wta,2011,16,Sony Ericsson Open,Miami,2011-03-24,premier,True,hard,R64,64,3,Safarova L.,Schnyder P.,31,41,1860,1375.0,2,0,6,2,6,4,,,,,,,completed,1.36,3.0,1.43,3.06,1.45,3.2,1.39,2.88,2011_16_miami_sony_ericsson_open,2011_16_miami_sony_ericsson_open_2011-03-24_R64_safarova_l_schnyder_p
tennis_data_uk,wta,2011,16,Sony Ericsson Open,Miami,2011-03-24,premier,True,hard,R64,64,3,Dulgheru A.,Scheepers C.,28,81,1955,837.0,2,0,6,3,6,2,,,,,,,completed,1.66,2.1,1.66,2.37,1.73,2.46,1.66,2.17,2011_16_miami_sony_ericsson_open,2011_16_miami_sony_ericsson_open_2011-03-24_R64_dulgheru_a_scheepers_c
tennis_data_uk,wta,2011,16,Sony Ericsson Open,Miami,2011-03-24,premier,True,hard,R64,64,3,Stosur S.,Zheng J.,5,59,4716,1053.0,2,0,6,2,6,1,,,,,,,completed,1.16,4.5,1.26,4.34,1.26,4.9,1.2,4.3,2011_16_miami_sony_ericsson_open,2011_16_miami_sony_ericsson_open_2011-03-24_R64_stosur_s_zheng_j
tennis_data_uk,wta,2011,16,Sony Ericsson Open,Miami,2011-03-24,premier,True,hard,R64,64,3,Jankovic J.,Niculescu M.,7,63,4045,1010.0,2,0,6,3,6,1,,,,,,,completed,1.12,5.5,1.24,4.54,1.24,5.5,1.17,4.94,2011_16_miami_sony_ericsson_open,2011_16_miami_sony_ericsson_open_2011-03-24_R64_jankovic_j_niculescu_m
tennis_data_uk,wta,2011,16,Sony Ericsson Open,Miami,2011-03-24,premier,True,hard,R64,64,3,Wozniacki C.,Mattek-Sands B.,1,43,9850,1334.0,2,0,6,2,7,5,,,,,,,completed,1.07,7.5,1.08,9.9,1.11,9.9,1.08,7.51,2011_16_miami_sony_ericsson_open,2011_16_miami_sony_ericsson_open_2011-03-24_R64_wozniacki_c_mattek_sands_b
tennis_data_uk,wta,2011,16,Sony Ericsson Open,Miami,2011-03-24,premier,True,hard,R64,64,3,Benesova I.,Pennetta F.,46,17,1240,2730.0,2,0,6,3,6,0,,,,,,,completed,3.75,1.25,3.31,1.38,4.0,1.38,3.51,1.29,2011_16_miami_sony_ericsson_open,2011_16_miami_sony_ericsson_open_2011-03-24_R64_benesova_i_pennetta_f
tennis_data_uk,wta,2011,16,Sony Ericsson Open,Miami,2011-03-24,premier,True,hard,R64,64,3,Lisicki S.,Petrova N.,217,22,253,2480.0,1,1,4,6,6,3,3,1,,,,,retired,3.75,1.25,3.93,1.3,4.0,1.33,3.6,1.27,2011_16_miami_sony_ericsson_open,2011_16_miami_sony_ericsson_open_2011-03-24_R64_lisicki_s_petrova_n
tennis_data_uk,wta,2011,16,Sony Ericsson Open,Miami,2011-03-24,premier,True,hard,R64,64,3,Vesnina E.,Wickmayer Y.,56,20,1085,2545.0,2,1,6,2,5,7,6,4,,,,,completed,3.5,1.28,3.77,1.32,3.8,1.33,3.5,1.28,2011_16_miami_sony_ericsson_open,2011_16_miami_sony_ericsson_open_2011-03-24_R64_vesnina_e_wickmayer_y
tennis_data_uk,wta,2011,16,Sony Ericsson Open,Miami,2011-03-24,premier,True,hard,R64,64,3,Larsson J.,Li N.,78,6,853,4300.0,2,1,7,5,6,7,7,6,,,,,completed,6.0,1.11,7.21,1.13,7.21,1.15,6.03,1.12,2011_16_miami_sony_ericsson_open,2011_16_miami_sony_ericsson_open_2011-03-24_R64_larsson_j_li_n
tennis_data_uk,wta,2011,16,Sony Ericsson Open,Miami,2011-03-24,premier,True,hard,R64,64,3,Peng S.,Rezai A.,32,24,1795,2280.0,2,0,6,0,6,4,,,,,,,completed,1.22,4.0,1.25,4.46,1.27,4.5,1.23,4.04,2011_16_miami_sony_ericsson_open,2011_16_miami_sony_ericsson_open_2011-03-24_R64_peng_s_rezai_a
tennis_data_uk,wta,2011,16,Sony Ericsson Open,Miami,2011-03-24,premier,True,hard,R64,64,3,Sharapova M.,Martic P.,13,106,3026,638.0,2,0,6,3,6,2,,,,,,,completed,1.16,4.5,1.17,5.97,1.18,6.22,1.15,5.18,2011_16_miami_sony_ericsson_open,2011_16_miami_sony_ericsson_open_2011-03-24_R64_sharapova_m_martic_p
tennis_data_uk,wta,2011,16,Sony Ericsson Open,Miami,2011-03-25,premier,True,hard,R64,64,3,Kvitova P.,Lepchenko V.,18,82,2713,832.0,2,0,6,1,6,2,,,,,,,completed,1.14,5.0,1.18,5.61,1.22,5.61,1.17,4.73,2011_16_miami_sony_ericsson_open,2011_16_miami_sony_ericsson_open_2011-03-25_R64_kvitova_p_lepchenko_v
tennis_data_uk,wta,2011,16,Sony Ericsson Open,Miami,2011-03-25,premier,True,hard,R64,64,3,Cibulkova D.,Bacsinszky T.,25,45,2175,1275.0,2,1,6,1,5,7,7,5,,,,,completed,1.36,3.0,1.49,2.83,1.5,3.25,1.38,2.92,2011_16_miami_sony_ericsson_open,2011_16_miami_sony_ericsson_open_2011-03-25_R64_cibulkova_d_bacsinszky_t
tennis_data_uk,wta,2011,16,Sony Ericsson Open,Miami,2011-03-25,premier,True,hard,R64,64,3,Groth J.,Shvedova Y.,29,42,1895,1340.0,1,0,6,4,3,1,,,,,,,retired,1.4,2.75,1.54,2.67,1.56,3.0,1.45,2.67,2011_16_miami_sony_ericsson_open,2011_16_miami_sony_ericsson_open_2011-03-25_R64_groth_j_shvedova_y
tennis_data_uk,wta,2011,16,Sony Ericsson Open,Miami,2011-03-25,premier,True,hard,R64,64,3,Radwanska A.,Zahlavova Strycova B.,14,50,2860,1120.0,2,0,6,1,6,0,,,,,,,completed,1.22,4.0,1.27,4.2,1.31,4.33,1.25,3.79,2011_16_miami_sony_ericsson_open,2011_16_miami_sony_ericsson_open_2011-03-25_R64_radwanska_a_zahlavova_strycova_b
tennis_data_uk,wta,2011,16,Sony Ericsson Open,Miami,2011-03-25,premier,True,hard,R64,64,3,Makarova E.,Kleybanova A.,39,26,1406,2165.0,2,0,7,5,6,3,,,,,,,completed,3.0,1.36,3.31,1.38,3.35,1.44,2.92,1.38,2011_16_miami_sony_ericsson_open,2011_16_miami_sony_ericsson_open_2011-03-25_R64_makarova_e_kleybanova_a
tennis_data_uk,wta,2011,16,Sony Ericsson Open,Miami,2011-03-25,premier,True,hard,R64,64,3,Kirilenko M.,Mirza S.,27,99,2140,678.0,2,1,5,7,6,3,6,0,,,,,completed,1.72,2.0,1.69,2.3,1.8,2.38,1.71,2.08,2011_16_miami_sony_ericsson_open,2011_16_miami_sony_ericsson_open_2011-03-25_R64_kirilenko_m_mirza_s
tennis_data_uk,wta,2011,16,Sony Ericsson Open,Miami,2011-03-25,premier,True,hard,R64,64,3,Clijsters K.,Yakimova A.,2,94,8895,716.0,2,0,6,1,6,1,,,,,,,completed,1.05,9.0,1.08,9.65,1.1,9.65,1.07,7.78,2011_16_miami_sony_ericsson_open,2011_16_miami_sony_ericsson_open_2011-03-25_R64_clijsters_k_yakimova_a
tennis_data_uk,wta,2011,16,Sony Ericsson Open,Miami,2011-03-25,premier,True,hard,R64,64,3,Razzano V.,Kanepi K.,101,16,658,2760.0,2,0,6,3,7,6,,,,,,,completed,3.0,1.36,3.18,1.41,3.35,1.41,3.07,1.36,2011_16_miami_sony_ericsson_open,2011_16_miami_sony_ericsson_open_2011-03-25_R64_razzano_v_kanepi_k
tennis_data_uk,wta,2011,16,Sony Ericsson Open,Miami,2011-03-25,premier,True,hard,R64,64,3,Dominguez Lino L.,Pironkova T.,49,34,1150,1739.0,2,1,5,7,6,3,6,4,,,,,completed,2.37,1.53,3.21,1.4,3.21,1.5,2.9,1.4,2011_16_miami_sony_ericsson_open,2011_16_miami_sony_ericsson_open_2011-03-25_R64_dominguez_lino_l_pironkova_t
tennis_data_uk,wta,2011,16,Sony Ericsson Open,Miami,2011-03-25,premier,True,hard,R64,64,3,Martinez-Sanchez M.J.,Tatishvili A.,33,125,1790,540.0,2,0,6,1,6,4,,,,,,,completed,1.33,3.25,1.37,3.39,1.4,3.49,1.34,3.2,2011_16_miami_sony_ericsson_open,2011_16_miami_sony_ericsson_open_2011-03-25_R64_martinez_sanchez_m_j_tatishvili_a
tennis_data_uk,wta,2011,16,Sony Ericsson Open,Miami,2011-03-25,premier,True,hard,R64,64,3,Bartoli M.,Morita A.,10,57,3235,1078.0,2,1,6,3,2,6,6,1,,,,,completed,1.16,4.5,1.26,4.38,1.26,4.75,1.21,4.26,2011_16_miami_sony_ericsson_open,2011_16_miami_sony_ericsson_open_2011-03-25_R64_bartoli_m_morita_a
tennis_data_uk,wta,2011,16,Sony Ericsson Open,Miami,2011-03-25,premier,True,hard,R64,64,3,Zvonareva V.,Safina D.,3,91,7505,761.0,2,1,3,6,6,3,6,2,,,,,completed,1.28,3.5,1.32,3.71,1.33,3.8,1.29,3.47,2011_16_miami_sony_ericsson_open,2011_16_miami_sony_ericsson_open_2011-03-25_R64_zvonareva_v_safina_d
tennis_data_uk,wta,2011,16,Sony Ericsson Open,Miami,2011-03-25,premier,True,hard,R64,64,3,Schiavone F.,Kerber A.,4,60,5111,1045.0,2,0,6,4,6,4,,,,,,,completed,1.28,3.5,1.37,3.39,1.39,3.8,1.32,3.3,2011_16_miami_sony_ericsson_open,2011_16_miami_sony_ericsson_open_2011-03-25_R64_schiavone_f_kerber_a
tennis_data_uk,wta,2011,16,Sony Ericsson Open,Miami,2011-03-25,premier,True,hard,R64,64,3,Pavlyuchenkova A.,Szavay A.,21,44,2490,1282.0,2,0,6,1,6,2,,,,,,,completed,1.4,2.75,1.49,2.85,1.51,3.25,1.43,2.74,2011_16_miami_sony_ericsson_open,2011_16_miami_sony_ericsson_open_2011-03-25_R64_pavlyuchenkova_a_szavay_a
tennis_data_uk,wta,2011,16,Sony Ericsson Open,Miami,2011-03-25,premier,True,hard,R64,64,3,Azarenka V.,Hradecka L.,8,71,3610,897.0,2,1,7,5,4,6,6,0,,,,,completed,1.3,3.4,1.31,3.82,1.37,3.82,1.3,3.42,2011_16_miami_sony_ericsson_open,2011_16_miami_sony_ericsson_open_2011-03-25_R64_azarenka_v_hradecka_l
tennis_data_uk,wta,2011,16,Sony Ericsson Open,Miami,2011-03-26,premier,True,hard,R64,64,3,Ivanovic A.,Date-Krumm K.,19,54,2690,1090.0,2,0,6,2,6,0,,,,,,,completed,1.22,4.0,1.23,4.7,1.29,4.7,1.23,3.96,2011_16_miami_sony_ericsson_open,2011_16_miami_sony_ericsson_open_2011-03-26_R64_ivanovic_a_date_krumm_k
tennis_data_uk,wta,2011,16,Sony Ericsson Open,Miami,2011-03-26,premier,True,hard,R32,32,3,Peng S.,Kuznetsova S.,32,15,1795,2860.0,2,0,6,3,6,1,,,,,,,completed,2.0,1.72,2.08,1.84,2.19,1.84,2.03,1.74,2011_16_miami_sony_ericsson_open,2011_16_miami_sony_ericsson_open_2011-03-26_R32_peng_s_kuznetsova_s
tennis_data_uk,wta,2011,16,Sony Ericsson Open,Miami,2011-03-26,premier,True,hard,R32,32,3,Medina Garrigues A.,Vesnina E.,73,56,895,1085.0,2,0,6,3,6,4,,,,,,,completed,2.25,1.57,2.31,1.69,2.4,1.69,2.28,1.6,2011_16_miami_sony_ericsson_open,2011_16_miami_sony_ericsson_open_2011-03-26_R32_medina_garrigues_a_vesnina_e
tennis_data_uk,wta,2011,16,Sony Ericsson Open,Miami,2011-03-26,premier,True,hard,R32,32,3,Dulgheru A.,Larsson J.,28,78,1955,853.0,2,0,6,2,6,1,,,,,,,completed,1.61,2.2,1.58,2.55,1.68,2.55,1.62,2.24,2011_16_miami_sony_ericsson_open,2011_16_miami_sony_ericsson_open_2011-03-26_R32_dulgheru_a_larsson_j
tennis_data_uk,wta,2011,16,Sony Ericsson Open,Miami,2011-03-26,premier,True,hard,R32,32,3,Jankovic J.,Zakopalova K.,7,36,4045,1685.0,2,0,7,5,6,1,,,,,,,completed,1.2,4.33,1.25,4.42,1.26,4.55,1.23,3.99,2011_16_miami_sony_ericsson_open,2011_16_miami_sony_ericsson_open_2011-03-26_R32_jankovic_j_zakopalova_k
tennis_data_uk,wta,2011,16,Sony Ericsson Open,Miami,2011-03-26,premier,True,hard,R32,32,3,Stosur S.,Safarova L.,5,31,4716,1860.0,2,0,6,0,7,6,,,,,,,completed,1.53,2.37,1.72,2.25,1.77,2.4,1.6,2.27,2011_16_miami_sony_ericsson_open,2011_16_miami_sony_ericsson_open_2011-03-26_R32_stosur_s_safarova_l
tennis_data_uk,wta,2011,16,Sony Ericsson Open,Miami,2011-03-26,premier,True,hard,R32,32,3,Sharapova M.,Lisicki S.,13,217,3026,253.0,2,0,6,2,6,0,,,,,,,completed,1.12,5.5,1.17,5.83,1.2,6.8,1.15,5.18,2011_16_miami_sony_ericsson_open,2011_16_miami_sony_ericsson_open_2011-03-26_R32_sharapova_m_lisicki_s
tennis_data_uk,wta,2011,16,Sony Ericsson Open,Miami,2011-03-26,premier,True,hard,R32,32,3,Petkovic A.,Benesova I.,23,46,2365,1240.0,2,0,6,0,6,3,,,,,,,completed,1.44,2.62,1.5,2.8,1.61,2.8,1.47,2.61,2011_16_miami_sony_ericsson_open,2011_16_miami_sony_ericsson_open_2011-03-26_R32_petkovic_a_benesova_i
tennis_data_uk,wta,2011,16,Sony Ericsson Open,Miami,2011-03-27,premier,True,hard,R32,32,3,Wozniacki C.,Hantuchova D.,1,30,9850,1865.0,2,0,6,1,7,6,,,,,,,completed,1.11,6.0,1.14,6.7,1.16,7.12,1.13,5.85,2011_16_miami_sony_ericsson_open,2011_16_miami_sony_ericsson_open_2011-03-27_R32_wozniacki_c_hantuchova_d
tennis_data_uk,wta,2011,16,Sony Ericsson Open,Miami,2011-03-27,premier,True,hard,R32,32,3,Bartoli M.,Makarova E.,10,39,3235,1406.0,2,0,6,0,6,2,,,,,,,completed,1.3,3.4,1.33,3.69,1.36,3.85,1.3,3.35,2011_16_miami_sony_ericsson_open,2011_16_miami_sony_ericsson_open_2011-03-27_R32_bartoli_m_makarova_e
tennis_data_uk,wta,2011,16,Sony Ericsson Open,Miami,2011-03-27,premier,True,hard,R32,32,3,Ivanovic A.,Razzano V.,19,101,2690,658.0,1,1,2,6,6,2,3,0,,,,,retired,1.25,3.75,1.3,3.93,1.32,4.1,1.27,3.64,2011_16_miami_sony_ericsson_open,2011_16_miami_sony_ericsson_open_2011-03-27_R32_ivanovic_a_razzano_v
tennis_data_uk,wta,2011,16,Sony Ericsson Open,Miami,2011-03-27,premier,True,hard,R32,32,3,Radwanska A.,Kirilenko M.,14,27,2860,2140.0,2,0,7,6,6,3,,,,,,,completed,1.25,3.75,1.26,4.3,1.34,4.3,1.28,3.54,2011_16_miami_sony_ericsson_open,2011_16_miami_sony_ericsson_open_2011-03-27_R32_radwanska_a_kirilenko_m
tennis_data_uk,wta,2011,16,Sony Ericsson Open,Miami,2011-03-27,premier,True,hard,R32,32,3,Schiavone F.,Dominguez Lino L.,4,49,5111,1150.0,2,0,6,4,7,6,,,,,,,completed,1.14,5.0,1.17,5.98,1.2,6.07,1.16,4.86,2011_16_miami_sony_ericsson_open,2011_16_miami_sony_ericsson_open_2011-03-27_R32_schiavone_f_dominguez_lino_l
tennis_data_uk,wta,2011,16,Sony Ericsson Open,Miami,2011-03-27,premier,True,hard,R32,32,3,Clijsters K.,Martinez-Sanchez M.J.,2,33,8895,1790.0,2,1,6,4,4,6,6,3,,,,,completed,1.07,7.5,1.09,9.5,1.1,9.88,1.07,7.79,2011_16_miami_sony_ericsson_open,2011_16_miami_sony_ericsson_open_2011-03-27_R32_clijsters_k_martinez_sanchez_m_j
tennis_data_uk,wta,2011,16,Sony Ericsson Open,Miami,2011-03-27,premier,True,hard,R32,32,3,Zvonareva V.,Groth J.,3,29,7505,1895.0,2,0,7,6,6,2,,,,,,,completed,1.2,4.33,1.22,4.85,1.25,5.15,1.21,4.22,2011_16_miami_sony_ericsson_open,2011_16_miami_sony_ericsson_open_2011-03-27_R32_zvonareva_v_groth_j
tennis_data_uk,wta,2011,16,Sony Ericsson Open,Miami,2011-03-27,premier,True,hard,R32,32,3,Pavlyuchenkova A.,Kvitova P.,21,18,2490,2713.0,2,1,6,4,6,7,6,0,,,,,completed,1.83,1.83,1.88,2.04,1.92,2.1,1.84,1.91,2011_16_miami_sony_ericsson_open,2011_16_miami_sony_ericsson_open_2011-03-27_R32_pavlyuchenkova_a_kvitova_p
tennis_data_uk,wta,2011,16,Sony Ericsson Open,Miami,2011-03-28,premier,True,hard,R32,32,3,Azarenka V.,Cibulkova D.,8,25,3610,2175.0,2,1,3,6,6,3,6,4,,,,,completed,1.4,2.75,1.45,3.0,1.5,3.06,1.42,2.75,2011_16_miami_sony_ericsson_open,2011_16_miami_sony_ericsson_open_2011-03-28_R32_azarenka_v_cibulkova_d
tennis_data_uk,wta,2011,16,Sony Ericsson Open,Miami,2011-03-28,premier,True,hard,R16,16,3,Sharapova M.,Stosur S.,13,5,3026,4716.0,2,0,6,4,6,1,,,,,,,completed,1.57,2.25,1.68,2.35,1.85,2.45,1.62,2.23,2011_16_miami_sony_ericsson_open,2011_16_miami_sony_ericsson_open_2011-03-28_R16_sharapova_m_stosur_s
tennis_data_uk,wta,2011,16,Sony Ericsson Open,Miami,2011-03-28,premier,True,hard,R16,16,3,Dulgheru A.,Peng S.,28,32,1955,1795.0,2,0,6,3,6,4,,,,,,,completed,4.0,1.22,4.09,1.29,4.4,1.31,3.72,1.26,2011_16_miami_sony_ericsson_open,2011_16_miami_sony_ericsson_open_2011-03-28_R16_dulgheru_a_peng_s
tennis_data_uk,wta,2011,16,Sony Ericsson Open,Miami,2011-03-28,premier,True,hard,R16,16,3,Petkovic A.,Wozniacki C.,23,1,2365,9850.0,2,1,7,5,3,6,6,3,,,,,completed,6.0,1.11,6.23,1.16,6.8,1.18,5.5,1.14,2011_16_miami_sony_ericsson_open,2011_16_miami_sony_ericsson_open_2011-03-28_R16_petkovic_a_wozniacki_c
tennis_data_uk,wta,2011,16,Sony Ericsson Open,Miami,2011-03-28,premier,True,hard,R16,16,3,Jankovic J.,Medina Garrigues A.,7,73,4045,895.0,2,0,6,1,6,3,,,,,,,completed,1.14,5.0,1.19,5.65,1.22,5.65,1.19,4.59,2011_16_miami_sony_ericsson_open,2011_16_miami_sony_ericsson_open_2011-03-28_R16_jankovic_j_medina_garrigues_a
tennis_data_uk,wta,2011,16,Sony Ericsson Open,Miami,2011-03-28,premier,True,hard,R16,16,3,Zvonareva V.,Bartoli M.,3,10,7505,3235.0,2,1,2,6,6,3,6,2,,,,,completed,1.5,2.5,1.71,2.29,1.71,2.6,1.56,2.39,2011_16_miami_sony_ericsson_open,2011_16_miami_sony_ericsson_open_2011-03-28_R16_zvonareva_v_bartoli_m
tennis_data_uk,wta,2011,16,Sony Ericsson Open,Miami,2011-03-28,premier,True,hard,R16,16,3,Radwanska A.,Schiavone F.,14,4,2860,5111.0,2,0,6,0,6,2,,,,,,,completed,1.66,2.1,1.8,2.14,1.8,2.25,1.72,2.08,2011_16_miami_sony_ericsson_open,2011_16_miami_sony_ericsson_open_2011-03-28_R16_radwanska_a_schiavone_f
tennis_data_uk,wta,2011,16,Sony Ericsson Open,Miami,2011-03-28,premier,True,hard,R16,16,3,Azarenka V.,Pavlyuchenkova A.,8,21,3610,2490.0,2,1,3,6,6,1,6,4,,,,,completed,1.61,2.2,1.66,2.4,1.8,2.4,1.67,2.18,2011_16_miami_sony_ericsson_open,2011_16_miami_sony_ericsson_open_2011-03-28_R16_azarenka_v_pavlyuchenkova_a
tennis_data_uk,wta,2011,16,Sony Ericsson Open,Miami,2011-03-29,premier,True,hard,R16,16,3,Clijsters K.,Ivanovic A.,2,19,8895,2690.0,2,1,7,6,3,6,7,6,,,,,completed,1.2,4.33,1.28,4.22,1.31,4.33,1.25,3.86,2011_16_miami_sony_ericsson_open,2011_16_miami_sony_ericsson_open_2011-03-29_R16_clijsters_k_ivanovic_a
tennis_data_uk,wta,2011,16,Sony Ericsson Open,Miami,2011-03-29,premier,True,hard,QF,8,3,Petkovic A.,Jankovic J.,23,7,2365,4045.0,2,1,2,6,6,2,6,4,,,,,completed,2.37,1.53,2.53,1.6,2.53,1.68,2.29,1.6,2011_16_miami_sony_ericsson_open,2011_16_miami_sony_ericsson_open_2011-03-29_QF_petkovic_a_jankovic_j
tennis_data_uk,wta,2011,16,Sony Ericsson Open,Miami,2011-03-30,premier,True,hard,QF,8,3,Sharapova M.,Dulgheru A.,13,28,3026,1955.0,2,1,3,6,7,6,7,6,,,,,completed,1.14,5.0,1.2,5.27,1.22,5.37,1.17,4.91,2011_16_miami_sony_ericsson_open,2011_16_miami_sony_ericsson_open_2011-03-30_QF_sharapova_m_dulgheru_a
tennis_data_uk,wta,2011,16,Sony Ericsson Open,Miami,2011-03-30,premier,True,hard,QF,8,3,Zvonareva V.,Radwanska A.,3,14,7505,2860.0,2,0,7,5,6,3,,,,,,,completed,1.57,2.25,1.75,2.25,1.77,2.4,1.64,2.2,2011_16_miami_sony_ericsson_open,2011_16_miami_sony_ericsson_open_2011-03-30_QF_zvonareva_v_radwanska_a
tennis_data_uk,wta,2011,16,Sony Ericsson Open,Miami,2011-03-31,premier,True,hard,QF,8,3,Azarenka V.,Clijsters K.,8,2,3610,8895.0,2,0,6,3,6,3,,,,,,,completed,3.0,1.36,2.99,1.46,3.25,1.47,2.82,1.41,2011_16_miami_sony_ericsson_open,2011_16_miami_sony_ericsson_open_2011-03-31_QF_azarenka_v_clijsters_k
tennis_data_uk,wta,2011,16,Sony Ericsson Open,Miami,2011-03-31,premier,True,hard,SF,4,3,Sharapova M.,Petkovic A.,13,23,3026,2365.0,2,1,3,6,6,0,6,2,,,,,completed,2.1,1.72,2.21,1.76,2.3,1.8,2.08,1.72,2011_16_miami_sony_ericsson_open,2011_16_miami_sony_ericsson_open_2011-03-31_SF_sharapova_m_petkovic_a
tennis_data_uk,wta,2011,16,Sony Ericsson Open,Miami,2011-04-01,premier,True,hard,SF,4,3,Azarenka V.,Zvonareva V.,8,3,3610,7505.0,2,0,6,0,6,3,,,,,,,completed,2.37,1.53,2.53,1.6,2.53,1.69,2.29,1.62,2011_16_miami_sony_ericsson_open,2011_16_miami_sony_ericsson_open_2011-04-01_SF_azarenka_v_zvonareva_v
tennis_data_uk,wta,2011,16,Sony Ericsson Open,Miami,2011-04-02,premier,True,hard,F,2,3,Azarenka V.,Sharapova M.,8,13,3610,3026.0,2,0,6,1,6,4,,,,,,,completed,1.57,2.37,1.67,2.38,1.73,2.45,1.62,2.26,2011_16_miami_sony_ericsson_open,2011_16_miami_sony_ericsson_open_2011-04-02_F_azarenka_v_sharapova_m
tennis_data_uk,wta,2011,17,Family Circle Cup,Charleston,2011-04-04,premier,True,clay,R64,64,3,King V.,Dushevina V.,109,51,625,1100.0,2,0,6,4,7,6,,,,,,,completed,3.25,1.33,3.42,1.36,3.5,1.38,3.18,1.33,2011_17_charleston_family_circle_cup,2011_17_charleston_family_circle_cup_2011-04-04_R64_king_v_dushevina_v
tennis_data_uk,wta,2011,17,Family Circle Cup,Charleston,2011-04-04,premier,True,clay,R64,64,3,Rodina E.,Martic P.,76,114,860,608.0,2,0,6,4,6,1,,,,,,,completed,3.5,1.28,4.06,1.28,4.06,1.4,3.32,1.31,2011_17_charleston_family_circle_cup,2011_17_charleston_family_circle_cup_2011-04-04_R64_rodina_e_martic_p
tennis_data_uk,wta,2011,17,Family Circle Cup,Charleston,2011-04-04,premier,True,clay,R64,64,3,Goerges J.,Govortsova O.,35,86,1670,793.0,2,0,7,5,6,4,,,,,,,completed,1.57,2.25,1.62,2.4,1.67,2.43,1.6,2.26,2011_17_charleston_family_circle_cup,2011_17_charleston_family_circle_cup_2011-04-04_R64_goerges_j_govortsova_o
tennis_data_uk,wta,2011,17,Family Circle Cup,Charleston,2011-04-04,premier,True,clay,R64,64,3,Morita A.,Lucic M.,53,96,1098,701.0,2,0,6,2,6,4,,,,,,,completed,1.22,4.0,1.26,4.29,1.3,4.29,1.26,3.67,2011_17_charleston_family_circle_cup,2011_17_charleston_family_circle_cup_2011-04-04_R64_morita_a_lucic_m
tennis_data_uk,wta,2011,17,Family Circle Cup,Charleston,2011-04-04,premier,True,clay,R64,64,3,Arvidsson S.,Cornet A.,84,67,800,950.0,2,1,6,4,2,6,6,3,,,,,completed,3.0,1.36,2.93,1.45,3.0,1.5,2.77,1.41,2011_17_charleston_family_circle_cup,2011_17_charleston_family_circle_cup_2011-04-04_R64_arvidsson_s_cornet_a
tennis_data_uk,wta,2011,17,Family Circle Cup,Charleston,2011-04-04,premier,True,clay,R64,64,3,Birnerova E.,Czink M.,133,706,493,28.0,2,1,7,5,2,6,6,2,,,,,completed,1.57,2.25,1.7,2.26,1.73,2.3,1.66,2.15,2011_17_charleston_family_circle_cup,2011_17_charleston_family_circle_cup_2011-04-04_R64_birnerova_e_czink_m
tennis_data_uk,wta,2011,17,Family Circle Cup,Charleston,2011-04-04,premier,True,clay,R64,64,3,Mchale C.,Watson H.,97,122,700,553.0,2,1,5,7,6,3,7,6,,,,,completed,1.8,1.9,1.85,2.05,1.87,2.08,1.81,1.93,2011_17_charleston_family_circle_cup,2011_17_charleston_family_circle_cup_2011-04-04_R64_mchale_c_watson_h
tennis_data_uk,wta,2011,17,Family Circle Cup,Charleston,2011-04-04,premier,True,clay,R64,64,3,Craybas J.,Rogers S.,110,335,623,129.0,2,1,3,6,6,2,6,0,,,,,completed,1.44,2.62,1.5,2.75,1.57,2.75,1.49,2.57,2011_17_charleston_family_circle_cup,2011_17_charleston_family_circle_cup_2011-04-04_R64_craybas_j_rogers_s
tennis_data_uk,wta,2011,17,Family Circle Cup,Charleston,2011-04-04,premier,True,clay,R64,64,3,Vesnina E.,Marino R.,56,58,1085,1078.0,2,1,6,7,6,2,6,3,,,,,completed,1.33,3.25,1.38,3.26,1.41,3.26,1.36,3.01,2011_17_charleston_family_circle_cup,2011_17_charleston_family_circle_cup_2011-04-04_R64_vesnina_e_marino_r
tennis_data_uk,wta,2011,17,Family Circle Cup,Charleston,2011-04-04,premier,True,clay,R64,64,3,Falconi I.,Rybarikova M.,128,69,519,926.0,2,0,7,6,7,5,,,,,,,completed,2.25,1.57,2.26,1.7,2.35,1.71,2.17,1.64,2011_17_charleston_family_circle_cup,2011_17_charleston_family_circle_cup_2011-04-04_R64_falconi_i_rybarikova_m
tennis_data_uk,wta,2011,17,Family Circle Cup,Charleston,2011-04-04,premier,True,clay,R64,64,3,Scheepers C.,Schnyder P.,80,40,837,1375.0,2,0,6,4,6,4,,,,,,,completed,3.0,1.36,3.17,1.4,3.17,1.47,2.85,1.4,2011_17_charleston_family_circle_cup,2011_17_charleston_family_circle_cup_2011-04-04_R64_scheepers_c_schnyder_p
tennis_data_uk,wta,2011,17,Family Circle Cup,Charleston,2011-04-04,premier,True,clay,R64,64,3,Mirza S.,Riske A.,90,118,758,579.0,2,1,2,6,6,3,6,3,,,,,completed,1.33,3.25,1.37,3.3,1.39,3.5,1.33,3.19,2011_17_charleston_family_circle_cup,2011_17_charleston_family_circle_cup_2011-04-04_R64_mirza_s_riske_a
tennis_data_uk,wta,2011,17,Family Circle Cup,Charleston,2011-04-04,premier,True,clay,R64,64,3,Mattek-Sands B.,Stevenson A.,41,265,1354,199.0,2,0,6,2,6,1,,,,,,,completed,1.1,6.5,1.14,6.62,1.16,6.62,1.13,5.68,2011_17_charleston_family_circle_cup,2011_17_charleston_family_circle_cup_2011-04-04_R64_mattek_sands_b_stevenson_a
tennis_data_uk,wta,2011,17,Family Circle Cup,Charleston,2011-04-04,premier,True,clay,R64,64,3,Zheng J.,Puig M.,52,381,1098,105.0,2,1,3,6,7,6,7,5,,,,,completed,1.4,2.75,1.47,2.89,1.49,3.0,1.42,2.76,2011_17_charleston_family_circle_cup,2011_17_charleston_family_circle_cup_2011-04-04_R64_zheng_j_puig_m
tennis_data_uk,wta,2011,17,Family Circle Cup,Charleston,2011-04-04,premier,True,clay,R64,64,3,Rodionova An.,Ondraskova Z.,74,83,870,802.0,2,1,4,6,6,1,6,2,,,,,completed,1.9,1.8,1.83,2.08,2.0,2.08,1.88,1.87,2011_17_charleston_family_circle_cup,2011_17_charleston_family_circle_cup_2011-04-04_R64_rodionova_an_ondraskova_z
tennis_data_uk,wta,2011,17,Family Circle Cup,Charleston,2011-04-04,premier,True,clay,R64,64,3,Peng S.,Stephens S.,30,180,1885,332.0,2,0,6,2,6,1,,,,,,,completed,1.14,5.0,1.21,4.93,1.21,5.5,1.17,4.92,2011_17_charleston_family_circle_cup,2011_17_charleston_family_circle_cup_2011-04-04_R64_peng_s_stephens_s
tennis_data_uk,wta,2011,17,Family Circle Cup,Charleston,2011-04-05,premier,True,clay,R64,64,3,Gallovits E.,Hampton J.,105,116,644,600.0,2,0,7,6,7,5,,,,,,,completed,1.57,2.25,1.7,2.27,1.94,2.25,1.73,2.06,2011_17_charleston_family_circle_cup,2011_17_charleston_family_circle_cup_2011-04-05_R64_gallovits_e_hampton_j
tennis_data_uk,wta,2011,17,Family Circle Cup,Charleston,2011-04-05,premier,True,clay,R64,64,3,Lisicki S.,Voracova R.,182,92,328,730.0,2,1,3,6,6,4,6,2,,,,,completed,1.53,2.37,1.74,2.2,1.8,2.38,1.64,2.23,2011_17_charleston_family_circle_cup,2011_17_charleston_family_circle_cup_2011-04-05_R64_lisicki_s_voracova_r
tennis_data_uk,wta,2011,17,Family Circle Cup,Charleston,2011-04-05,premier,True,clay,R64,64,3,Tatishvili A.,Dokic J.,115,64,608,1025.0,2,1,7,5,2,6,6,4,,,,,completed,2.2,1.61,2.25,1.71,2.38,1.71,2.22,1.62,2011_17_charleston_family_circle_cup,2011_17_charleston_family_circle_cup_2011-04-05_R64_tatishvili_a_dokic_j
tennis_data_uk,wta,2011,17,Family Circle Cup,Charleston,2011-04-05,premier,True,clay,R64,64,3,Zahlavova Strycova B.,Hlavackova A.,48,94,1165,717.0,2,1,6,2,2,6,7,6,,,,,completed,1.2,4.33,1.24,4.55,1.29,4.65,1.22,4.23,2011_17_charleston_family_circle_cup,2011_17_charleston_family_circle_cup_2011-04-05_R64_zahlavova_strycova_b_hlavackova_a
tennis_data_uk,wta,2011,17,Family Circle Cup,Charleston,2011-04-05,premier,True,clay,R64,64,3,Kirilenko M.,Lepchenko V.,28,78,2140,852.0,2,0,6,4,6,0,,,,,,,completed,1.33,3.25,1.28,4.06,1.36,4.06,1.3,3.49,2011_17_charleston_family_circle_cup,2011_17_charleston_family_circle_cup_2011-04-05_R64_kirilenko_m_lepchenko_v
tennis_data_uk,wta,2011,17,Family Circle Cup,Charleston,2011-04-05,premier,True,clay,R64,64,3,Hantuchova D.,Kudryavtseva A.,33,72,1805,880.0,2,0,6,1,7,6,,,,,,,completed,1.2,4.33,1.22,4.81,1.23,4.94,1.2,4.31,2011_17_charleston_family_circle_cup,2011_17_charleston_family_circle_cup_2011-04-05_R64_hantuchova_d_kudryavtseva_a
tennis_data_uk,wta,2011,17,Family Circle Cup,Charleston,2011-04-05,premier,True,clay,R64,64,3,Paszek T.,Oudin M.,93,75,720,863.0,2,0,6,1,7,5,,,,,,,completed,2.25,1.57,2.31,1.68,2.5,1.68,2.33,1.59,2011_17_charleston_family_circle_cup,2011_17_charleston_family_circle_cup_2011-04-05_R64_paszek_t_oudin_m
tennis_data_uk,wta,2011,17,Family Circle Cup,Charleston,2011-04-05,premier,True,clay,R64,64,3,Mayr P.,Zhang S.,108,73,635,878.0,2,0,6,1,6,4,,,,,,,completed,2.62,1.44,2.63,1.54,2.75,1.6,2.57,1.5,2011_17_charleston_family_circle_cup,2011_17_charleston_family_circle_cup_2011-04-05_R64_mayr_p_zhang_s
tennis_data_uk,wta,2011,17,Family Circle Cup,Charleston,2011-04-05,premier,True,clay,R32,32,3,Goerges J.,Birnerova E.,35,133,1670,493.0,1,1,1,6,7,5,2,0,,,,,retired,1.25,3.75,1.28,4.14,1.29,4.3,1.25,3.78,2011_17_charleston_family_circle_cup,2011_17_charleston_family_circle_cup_2011-04-05_R32_goerges_j_birnerova_e
tennis_data_uk,wta,2011,17,Family Circle Cup,Charleston,2011-04-05,premier,True,clay,R32,32,3,Scheepers C.,Craybas J.,80,110,837,623.0,2,0,6,3,6,2,,,,,,,completed,1.36,3.0,1.43,3.08,1.45,3.15,1.39,2.9,2011_17_charleston_family_circle_cup,2011_17_charleston_family_circle_cup_2011-04-05_R32_scheepers_c_craybas_j
tennis_data_uk,wta,2011,17,Family Circle Cup,Charleston,2011-04-05,premier,True,clay,R32,32,3,Peng S.,Morita A.,30,53,1885,1098.0,2,0,6,2,6,1,,,,,,,completed,1.25,3.75,1.29,3.97,1.31,3.97,1.29,3.48,2011_17_charleston_family_circle_cup,2011_17_charleston_family_circle_cup_2011-04-05_R32_peng_s_morita_a
tennis_data_uk,wta,2011,17,Family Circle Cup,Charleston,2011-04-05,premier,True,clay,R32,32,3,Mchale C.,Kleybanova A.,97,26,700,2165.0,2,0,6,1,6,0,,,,,,,completed,3.4,1.3,3.49,1.36,3.61,1.37,3.27,1.32,2011_17_charleston_family_circle_cup,2011_17_charleston_family_circle_cup_2011-04-05_R32_mchale_c_kleybanova_a
tennis_data_uk,wta,2011,17,Family Circle Cup,Charleston,2011-04-05,premier,True,clay,R32,32,3,Wickmayer Y.,Zheng J.,23,52,2300,1098.0,2,0,6,4,6,0,,,,,,,completed,1.22,4.0,1.25,4.46,1.26,4.46,1.24,3.99,2011_17_charleston_family_circle_cup,2011_17_charleston_family_circle_cup_2011-04-05_R32_wickmayer_y_zheng_j
tennis_data_uk,wta,2011,17,Family Circle Cup,Charleston,2011-04-05,premier,True,clay,R32,32,3,Mirza S.,King V.,90,109,758,625.0,2,1,6,7,6,4,6,2,,,,,completed,1.53,2.37,1.75,2.21,1.76,2.35,1.67,2.17,2011_17_charleston_family_circle_cup,2011_17_charleston_family_circle_cup_2011-04-05_R32_mirza_s_king_v
tennis_data_uk,wta,2011,17,Family Circle Cup,Charleston,2011-04-06,premier,True,clay,R32,32,3,Peer S.,Arvidsson S.,11,84,3030,800.0,2,0,6,1,6,3,,,,,,,completed,1.22,4.0,1.26,4.36,1.28,4.5,1.24,3.89,2011_17_charleston_family_circle_cup,2011_17_charleston_family_circle_cup_2011-04-06_R32_peer_s_arvidsson_s
tennis_data_uk,wta,2011,17,Family Circle Cup,Charleston,2011-04-06,premier,True,clay,R32,32,3,Petrova N.,Gallovits E.,22,105,2405,644.0,2,0,6,1,6,1,,,,,,,completed,1.28,3.5,1.35,3.52,1.36,3.7,1.3,3.37,2011_17_charleston_family_circle_cup,2011_17_charleston_family_circle_cup_2011-04-06_R32_petrova_n_gallovits_e
tennis_data_uk,wta,2011,17,Family Circle Cup,Charleston,2011-04-06,premier,True,clay,R32,32,3,Hantuchova D.,Rodina E.,33,76,1805,860.0,2,0,6,0,6,1,,,,,,,completed,1.14,5.0,1.19,5.42,1.22,5.6,1.17,4.73,2011_17_charleston_family_circle_cup,2011_17_charleston_family_circle_cup_2011-04-06_R32_hantuchova_d_rodina_e
tennis_data_uk,wta,2011,17,Family Circle Cup,Charleston,2011-04-06,premier,True,clay,R32,32,3,Wozniacki C.,Falconi I.,1,128,9740,519.0,2,0,6,1,6,1,,,,,,,completed,1.005,21.0,1.02,19.52,1.03,27.0,1.02,14.9,2011_17_charleston_family_circle_cup,2011_17_charleston_family_circle_cup_2011-04-06_R32_wozniacki_c_falconi_i
tennis_data_uk,wta,2011,17,Family Circle Cup,Charleston,2011-04-06,premier,True,clay,R32,32,3,Tatishvili A.,Kirilenko M.,115,28,608,2140.0,2,1,5,7,7,5,6,3,,,,,completed,3.75,1.25,4.03,1.29,4.03,1.33,3.55,1.28,2011_17_charleston_family_circle_cup,2011_17_charleston_family_circle_cup_2011-04-06_R32_tatishvili_a_kirilenko_m
tennis_data_uk,wta,2011,17,Family Circle Cup,Charleston,2011-04-06,premier,True,clay,R32,32,3,Stosur S.,Mayr P.,5,108,4606,635.0,2,0,6,1,6,2,,,,,,,completed,1.06,8.0,1.13,7.58,1.13,8.0,1.1,6.57,2011_17_charleston_family_circle_cup,2011_17_charleston_family_circle_cup_2011-04-06_R32_stosur_s_mayr_p
tennis_data_uk,wta,2011,17,Family Circle Cup,Charleston,2011-04-06,premier,True,clay,R32,32,3,Zahlavova Strycova B.,Rodionova An.,48,74,1165,870.0,2,1,6,3,1,6,6,3,,,,,completed,1.4,2.75,1.44,3.01,1.44,3.01,1.41,2.8,2011_17_charleston_family_circle_cup,2011_17_charleston_family_circle_cup_2011-04-06_R32_zahlavova_strycova_b_rodionova_an
tennis_data_uk,wta,2011,17,Family Circle Cup,Charleston,2011-04-06,premier,True,clay,R32,32,3,Jankovic J.,Paszek T.,8,93,4155,720.0,2,0,6,2,6,3,,,,,,,completed,1.1,6.5,1.11,8.04,1.13,8.46,1.1,6.41,2011_17_charleston_family_circle_cup,2011_17_charleston_family_circle_cup_2011-04-06_R32_jankovic_j_paszek_t
tennis_data_uk,wta,2011,17,Family Circle Cup,Charleston,2011-04-06,premier,True,clay,R32,32,3,Vesnina E.,Mattek-Sands B.,56,41,1085,1354.0,2,0,6,4,7,6,,,,,,,completed,2.62,1.44,2.59,1.56,2.64,1.58,2.51,1.5,2011_17_charleston_family_circle_cup,2011_17_charleston_family_circle_cup_2011-04-06_R32_vesnina_e_mattek_sands_b
tennis_data_uk,wta,2011,17,Family Circle Cup,Charleston,2011-04-07,premier,True,clay,R32,32,3,Lisicki S.,Bartoli M.,182,12,328,2925.0,2,0,6,2,6,3,,,,,,,completed,2.62,1.44,2.86,1.48,2.89,1.53,2.68,1.45,2011_17_charleston_family_circle_cup,2011_17_charleston_family_circle_cup_2011-04-07_R32_lisicki_s_bartoli_m
tennis_data_uk,wta,2011,17,Family Circle Cup,Charleston,2011-04-07,premier,True,clay,R16,16,3,Goerges J.,Peer S.,35,11,1670,3030.0,2,0,6,2,6,3,,,,,,,completed,3.5,1.28,3.36,1.37,3.75,1.4,3.36,1.3,2011_17_charleston_family_circle_cup,2011_17_charleston_family_circle_cup_2011-04-07_R16_goerges_j_peer_s
tennis_data_uk,wta,2011,17,Family Circle Cup,Charleston,2011-04-07,premier,True,clay,R16,16,3,Wickmayer Y.,Tatishvili A.,23,115,2300,608.0,2,0,6,4,7,5,,,,,,,completed,1.14,5.0,1.2,5.23,1.21,5.23,1.17,4.71,2011_17_charleston_family_circle_cup,2011_17_charleston_family_circle_cup_2011-04-07_R16_wickmayer_y_tatishvili_a
tennis_data_uk,wta,2011,17,Family Circle Cup,Charleston,2011-04-07,premier,True,clay,R16,16,3,Peng S.,Petrova N.,30,22,1885,2405.0,2,1,6,3,5,7,6,2,,,,,completed,1.66,2.1,1.78,2.17,1.85,2.25,1.69,2.1,2011_17_charleston_family_circle_cup,2011_17_charleston_family_circle_cup_2011-04-07_R16_peng_s_petrova_n
tennis_data_uk,wta,2011,17,Family Circle Cup,Charleston,2011-04-07,premier,True,clay,R16,16,3,Wozniacki C.,Zahlavova Strycova B.,1,48,9740,1165.0,2,0,7,6,7,6,,,,,,,completed,1.03,11.0,1.05,13.0,1.06,14.65,1.04,10.42,2011_17_charleston_family_circle_cup,2011_17_charleston_family_circle_cup_2011-04-07_R16_wozniacki_c_zahlavova_strycova_b
tennis_data_uk,wta,2011,17,Family Circle Cup,Charleston,2011-04-07,premier,True,clay,R16,16,3,Mchale C.,Hantuchova D.,97,33,700,1805.0,2,0,7,6,6,1,,,,,,,completed,4.0,1.22,3.97,1.29,4.22,1.29,3.72,1.26,2011_17_charleston_family_circle_cup,2011_17_charleston_family_circle_cup_2011-04-07_R16_mchale_c_hantuchova_d
tennis_data_uk,wta,2011,17,Family Circle Cup,Charleston,2011-04-07,premier,True,clay,R16,16,3,Vesnina E.,Stosur S.,56,5,1085,4606.0,2,0,6,4,6,1,,,,,,,completed,4.33,1.2,4.05,1.29,4.5,1.3,3.93,1.23,2011_17_charleston_family_circle_cup,2011_17_charleston_family_circle_cup_2011-04-07_R16_vesnina_e_stosur_s
tennis_data_uk,wta,2011,17,Family Circle Cup,Charleston,2011-04-07,premier,True,clay,R16,16,3,Mirza S.,Lisicki S.,90,182,758,328.0,2,0,6,4,6,4,,,,,,,completed,3.0,1.36,3.4,1.38,3.46,1.4,3.09,1.35,2011_17_charleston_family_circle_cup,2011_17_charleston_family_circle_cup_2011-04-07_R16_mirza_s_lisicki_s
tennis_data_uk,wta,2011,17,Family Circle Cup,Charleston,2011-04-08,premier,True,clay,R16,16,3,Jankovic J.,Scheepers C.,8,80,4155,837.0,2,0,6,2,6,2,,,,,,,completed,1.06,8.0,1.1,8.95,1.11,9.24,1.08,7.26,2011_17_charleston_family_circle_cup,2011_17_charleston_family_circle_cup_2011-04-08_R16_jankovic_j_scheepers_c
tennis_data_uk,wta,2011,17,Family Circle Cup,Charleston,2011-04-08,premier,True,clay,QF,8,3,Wozniacki C.,Wickmayer Y.,1,23,9740,2300.0,2,1,4,6,6,4,6,4,,,,,completed,1.25,3.75,1.31,3.94,1.36,4.0,1.27,3.61,2011_17_charleston_family_circle_cup,2011_17_charleston_family_circle_cup_2011-04-08_QF_wozniacki_c_wickmayer_y
tennis_data_uk,wta,2011,17,Family Circle Cup,Charleston,2011-04-08,premier,True,clay,QF,8,3,Peng S.,Mirza S.,30,90,1885,758.0,2,1,2,6,6,2,6,2,,,,,completed,1.2,4.33,1.24,4.7,1.26,4.7,1.23,4.03,2011_17_charleston_family_circle_cup,2011_17_charleston_family_circle_cup_2011-04-08_QF_peng_s_mirza_s
tennis_data_uk,wta,2011,17,Family Circle Cup,Charleston,2011-04-08,premier,True,clay,QF,8,3,Jankovic J.,Mchale C.,8,97,4155,700.0,2,0,6,2,6,0,,,,,,,completed,1.12,5.5,1.15,6.61,1.16,7.0,1.13,5.75,2011_17_charleston_family_circle_cup,2011_17_charleston_family_circle_cup_2011-04-08_QF_jankovic_j_mchale_c
tennis_data_uk,wta,2011,17,Family Circle Cup,Charleston,2011-04-09,premier,True,clay,QF,8,3,Vesnina E.,Goerges J.,56,35,1085,1670.0,2,1,2,6,6,2,6,2,,,,,completed,1.57,2.25,1.57,2.61,1.75,2.61,1.56,2.36,2011_17_charleston_family_circle_cup,2011_17_charleston_family_circle_cup_2011-04-09_QF_vesnina_e_goerges_j
tennis_data_uk,wta,2011,17,Family Circle Cup,Charleston,2011-04-09,premier,True,clay,SF,4,3,Wozniacki C.,Jankovic J.,1,8,9740,4155.0,2,0,6,4,6,4,,,,,,,completed,1.72,2.0,1.95,1.97,1.95,2.1,1.8,1.95,2011_17_charleston_family_circle_cup,2011_17_charleston_family_circle_cup_2011-04-09_SF_wozniacki_c_jankovic_j
tennis_data_uk,wta,2011,17,Family Circle Cup,Charleston,2011-04-09,premier,True,clay,SF,4,3,Vesnina E.,Peng S.,56,30,1085,1885.0,2,0,7,6,6,3,,,,,,,completed,2.5,1.5,2.44,1.64,2.62,1.64,2.46,1.52,2011_17_charleston_family_circle_cup,2011_17_charleston_family_circle_cup_2011-04-09_SF_vesnina_e_peng_s
tennis_data_uk,wta,2011,17,Family Circle Cup,Charleston,2011-04-10,premier,True,clay,F,2,3,Wozniacki C.,Vesnina E.,1,56,9740,1085.0,2,0,6,2,6,3,,,,,,,completed,1.16,5.0,1.18,5.73,1.2,5.73,1.18,4.68,2011_17_charleston_family_circle_cup,2011_17_charleston_family_circle_cup_2011-04-10_F_wozniacki_c_vesnina_e
tennis_data_uk,wta,2011,18,Andalucia Tennis Experience,Marbella,2011-04-04,international,True,clay,R32,32,3,Zakopalova K.,Yakimova A.,34,98,1705,680.0,2,1,1,6,7,5,6,3,,,,,completed,1.36,3.0,1.32,3.7,1.42,3.75,1.33,3.18,2011_18_marbella_andalucia_tennis_experience,2011_18_marbella_andalucia_tennis_experience_2011-04-04_R32_zakopalova_k_yakimova_a
tennis_data_uk,wta,2011,18,Andalucia Tennis Experience,Marbella,2011-04-04,international,True,clay,R32,32,3,Dulgheru A.,Pivovarova A.,27,117,2155,588.0,2,1,7,6,6,7,7,5,,,,,completed,1.12,5.5,1.14,6.49,1.18,6.49,1.16,4.97,2011_18_marbella_andalucia_tennis_experience,2011_18_marbella_andalucia_tennis_experience_2011-04-04_R32_dulgheru_a_pivovarova_a
tennis_data_uk,wta,2011,18,Andalucia Tennis Experience,Marbella,2011-04-04,international,True,clay,R32,32,3,Zahlavova S.,Vinci R.,104,37,651,1465.0,2,0,7,5,6,3,,,,,,,completed,3.5,1.28,3.86,1.3,3.99,1.35,3.33,1.31,2011_18_marbella_andalucia_tennis_experience,2011_18_marbella_andalucia_tennis_experience_2011-04-04_R32_zahlavova_s_vinci_r
tennis_data_uk,wta,2011,18,Andalucia Tennis Experience,Marbella,2011-04-04,international,True,clay,R32,32,3,Pous-Tio L.,Hercog P.,82,68,811,940.0,2,0,6,1,6,2,,,,,,,completed,1.66,2.1,1.63,2.41,1.83,2.53,1.68,2.14,2011_18_marbella_andalucia_tennis_experience,2011_18_marbella_andalucia_tennis_experience_2011-04-04_R32_pous_tio_l_hercog_p
tennis_data_uk,wta,2011,18,Andalucia Tennis Experience,Marbella,2011-04-04,international,True,clay,R32,32,3,Errani S.,Cirstea S.,43,101,1300,655.0,2,1,1,6,6,4,6,2,,,,,completed,1.22,4.0,1.28,4.06,1.3,4.1,1.26,3.68,2011_18_marbella_andalucia_tennis_experience,2011_18_marbella_andalucia_tennis_experience_2011-04-04_R32_errani_s_cirstea_s
tennis_data_uk,wta,2011,18,Andalucia Tennis Experience,Marbella,2011-04-05,international,True,clay,R32,32,3,Barrois K.,Flipkens K.,79,103,846,651.0,2,0,6,3,7,5,,,,,,,completed,1.72,2.0,1.77,2.16,1.87,2.2,1.75,2.0,2011_18_marbella_andalucia_tennis_experience,2011_18_marbella_andalucia_tennis_experience_2011-04-05_R32_barrois_k_flipkens_k
tennis_data_uk,wta,2011,18,Andalucia Tennis Experience,Marbella,2011-04-05,international,True,clay,R32,32,3,Pironkova T.,Torro Flor M.T.,36,286,1650,180.0,2,0,6,2,6,2,,,,,,,completed,1.44,2.62,1.41,3.11,1.52,34.0,1.42,3.46,2011_18_marbella_andalucia_tennis_experience,2011_18_marbella_andalucia_tennis_experience_2011-04-05_R32_pironkova_t_torro_flor_m_t
tennis_data_uk,wta,2011,18,Andalucia Tennis Experience,Marbella,2011-04-05,international,True,clay,R32,32,3,Begu I.,Brianti A.,138,95,476,716.0,2,0,6,4,6,1,,,,,,,completed,1.4,2.75,1.4,3.19,1.45,3.25,1.38,2.92,2011_18_marbella_andalucia_tennis_experience,2011_18_marbella_andalucia_tennis_experience_2011-04-05_R32_begu_i_brianti_a
tennis_data_uk,wta,2011,18,Andalucia Tennis Experience,Marbella,2011-04-05,international,True,clay,R32,32,3,Cabeza-Candela E.,Rezai A.,258,24,205,2280.0,2,0,6,3,6,0,,,,,,,completed,3.5,1.28,4.06,1.28,4.3,1.33,3.61,1.27,2011_18_marbella_andalucia_tennis_experience,2011_18_marbella_andalucia_tennis_experience_2011-04-05_R32_cabeza_candela_e_rezai_a
tennis_data_uk,wta,2011,18,Andalucia Tennis Experience,Marbella,2011-04-05,international,True,clay,R32,32,3,Arruabarrena-Vecino L.,Niculescu M.,253,61,208,1050.0,2,0,7,5,6,4,,,,,,,completed,2.62,1.44,2.96,1.45,3.49,1.5,2.67,1.44,2011_18_marbella_andalucia_tennis_experience,2011_18_marbella_andalucia_tennis_experience_2011-04-05_R32_arruabarrena_vecino_l_niculescu_m
tennis_data_uk,wta,2011,18,Andalucia Tennis Experience,Marbella,2011-04-05,international,True,clay,R32,32,3,Safina D.,Rus A.,81,99,811,665.0,2,1,3,6,6,2,6,4,,,,,completed,1.22,4.0,1.29,3.9,1.29,4.5,1.23,3.86,2011_18_marbella_andalucia_tennis_experience,2011_18_marbella_andalucia_tennis_experience_2011-04-05_R32_safina_d_rus_a
tennis_data_uk,wta,2011,18,Andalucia Tennis Experience,Marbella,2011-04-05,international,True,clay,R32,32,3,Dominguez Lino L.,Kerber A.,46,60,1224,1075.0,2,1,6,4,3,6,6,3,,,,,completed,1.44,2.62,1.53,2.66,1.57,2.78,1.49,2.52,2011_18_marbella_andalucia_tennis_experience,2011_18_marbella_andalucia_tennis_experience_2011-04-05_R32_dominguez_lino_l_kerber_a
tennis_data_uk,wta,2011,18,Andalucia Tennis Experience,Marbella,2011-04-05,international,True,clay,R32,32,3,Kuznetsova S.,Barthel M.,14,165,2800,368.0,2,1,4,6,7,6,6,4,,,,,completed,1.05,9.0,1.08,9.44,1.11,10.4,1.07,8.3,2011_18_marbella_andalucia_tennis_experience,2011_18_marbella_andalucia_tennis_experience_2011-04-05_R32_kuznetsova_s_barthel_m
tennis_data_uk,wta,2011,18,Andalucia Tennis Experience,Marbella,2011-04-05,international,True,clay,R32,32,3,Szavay A.,Larsson J.,44,77,1252,860.0,2,0,6,1,6,1,,,,,,,completed,1.3,3.4,1.3,3.88,1.33,3.99,1.3,3.47,2011_18_marbella_andalucia_tennis_experience,2011_18_marbella_andalucia_tennis_experience_2011-04-05_R32_szavay_a_larsson_j
tennis_data_uk,wta,2011,18,Andalucia Tennis Experience,Marbella,2011-04-06,international,True,clay,R32,32,3,Medina Garrigues A.,Benesova I.,62,42,1030,1315.0,2,0,6,0,6,2,,,,,,,completed,1.36,3.0,1.42,3.06,1.5,3.2,1.4,2.83,2011_18_marbella_andalucia_tennis_experience,2011_18_marbella_andalucia_tennis_experience_2011-04-06_R32_medina_garrigues_a_benesova_i
tennis_data_uk,wta,2011,18,Andalucia Tennis Experience,Marbella,2011-04-06,international,True,clay,R32,32,3,Azarenka V.,Parra Santonja A.,6,65,4470,1010.0,2,0,6,2,6,3,,,,,,,completed,1.25,3.75,1.27,4.17,1.3,4.6,1.24,3.9,2011_18_marbella_andalucia_tennis_experience,2011_18_marbella_andalucia_tennis_experience_2011-04-06_R32_azarenka_v_parra_santonja_a
tennis_data_uk,wta,2011,18,Andalucia Tennis Experience,Marbella,2011-04-06,international,True,clay,R16,16,3,Zakopalova K.,Dominguez Lino L.,34,46,1705,1224.0,2,1,7,6,1,6,7,6,,,,,completed,2.0,1.72,2.05,1.86,2.05,1.98,1.92,1.81,2011_18_marbella_andalucia_tennis_experience,2011_18_marbella_andalucia_tennis_experience_2011-04-06_R16_zakopalova_k_dominguez_lino_l
tennis_data_uk,wta,2011,18,Andalucia Tennis Experience,Marbella,2011-04-06,international,True,clay,R16,16,3,Errani S.,Barrois K.,43,79,1300,846.0,2,0,6,1,6,2,,,,,,,completed,1.25,3.75,1.3,3.89,1.33,4.0,1.28,3.51,2011_18_marbella_andalucia_tennis_experience,2011_18_marbella_andalucia_tennis_experience_2011-04-06_R16_errani_s_barrois_k
tennis_data_uk,wta,2011,18,Andalucia Tennis Experience,Marbella,2011-04-06,international,True,clay,R16,16,3,Safina D.,Pironkova T.,81,36,811,1650.0,2,0,6,3,6,4,,,,,,,completed,1.36,3.0,1.36,3.48,1.4,3.48,1.35,3.08,2011_18_marbella_andalucia_tennis_experience,2011_18_marbella_andalucia_tennis_experience_2011-04-06_R16_safina_d_pironkova_t
tennis_data_uk,wta,2011,18,Andalucia Tennis Experience,Marbella,2011-04-06,international,True,clay,R16,16,3,Kuznetsova S.,Szavay A.,14,44,2800,1252.0,2,1,6,7,6,1,6,2,,,,,completed,2.0,1.72,1.98,1.93,2.05,2.05,1.91,1.83,2011_18_marbella_andalucia_tennis_experience,2011_18_marbella_andalucia_tennis_experience_2011-04-06_R16_kuznetsova_s_szavay_a
tennis_data_uk,wta,2011,18,Andalucia Tennis Experience,Marbella,2011-04-07,international,True,clay,R16,16,3,Dulgheru A.,Medina Garrigues A.,27,62,2155,1030.0,2,1,5,7,6,4,6,4,,,,,completed,2.37,1.53,2.63,1.55,2.63,1.71,2.24,1.62,2011_18_marbella_andalucia_tennis_experience,2011_18_marbella_andalucia_tennis_experience_2011-04-07_R16_dulgheru_a_medina_garrigues_a
tennis_data_uk,wta,2011,18,Andalucia Tennis Experience,Marbella,2011-04-07,international,True,clay,R16,16,3,Azarenka V.,Pous-Tio L.,6,82,4470,811.0,2,0,6,3,6,2,,,,,,,completed,1.14,5.0,1.24,4.65,1.24,5.0,1.18,4.52,2011_18_marbella_andalucia_tennis_experience,2011_18_marbella_andalucia_tennis_experience_2011-04-07_R16_azarenka_v_pous_tio_l
tennis_data_uk,wta,2011,18,Andalucia Tennis Experience,Marbella,2011-04-07,international,True,clay,R16,16,3,Arruabarrena-Vecino L.,Zahlavova S.,253,104,208,651.0,2,1,7,5,3,6,6,3,,,,,completed,1.72,2.0,1.85,2.07,1.95,2.1,1.77,1.98,2011_18_marbella_andalucia_tennis_experience,2011_18_marbella_andalucia_tennis_experience_2011-04-07_R16_arruabarrena_vecino_l_zahlavova_s
tennis_data_uk,wta,2011,18,Andalucia Tennis Experience,Marbella,2011-04-07,international,True,clay,R16,16,3,Begu I.,Cabeza-Candela E.,138,258,476,205.0,2,0,7,5,6,0,,,,,,,completed,1.25,3.75,1.31,3.85,1.33,4.0,1.27,3.51,2011_18_marbella_andalucia_tennis_experience,2011_18_marbella_andalucia_tennis_experience_2011-04-07_R16_begu_i_cabeza_candela_e
tennis_data_uk,wta,2011,18,Andalucia Tennis Experience,Marbella,2011-04-08,international,True,clay,QF,8,3,Errani S.,Dulgheru A.,43,27,1300,2155.0,2,0,6,2,6,2,,,,,,,completed,2.37,1.53,2.38,1.67,2.4,1.68,2.25,1.61,2011_18_marbella_andalucia_tennis_experience,2011_18_marbella_andalucia_tennis_experience_2011-04-08_QF_errani_s_dulgheru_a
tennis_data_uk,wta,2011,18,Andalucia Tennis Experience,Marbella,2011-04-08,international,True,clay,QF,8,3,Azarenka V.,Safina D.,6,81,4470,811.0,0,0,5,1,,,,,,,,,retired,1.33,3.25,1.39,3.32,1.45,3.4,1.35,3.12,2011_18_marbella_andalucia_tennis_experience,2011_18_marbella_andalucia_tennis_experience_2011-04-08_QF_azarenka_v_safina_d
tennis_data_uk,wta,2011,18,Andalucia Tennis Experience,Marbella,2011-04-08,international,True,clay,QF,8,3,Kuznetsova S.,Arruabarrena-Vecino L.,14,253,2800,208.0,2,0,6,1,6,2,,,,,,,completed,1.07,7.5,1.14,6.92,1.14,8.0,1.1,6.55,2011_18_marbella_andalucia_tennis_experience,2011_18_marbella_andalucia_tennis_experience_2011-04-08_QF_kuznetsova_s_arruabarrena_vecino_l
tennis_data_uk,wta,2011,18,Andalucia Tennis Experience,Marbella,2011-04-08,international,True,clay,QF,8,3,Begu I.,Zakopalova K.,138,34,476,1705.0,2,0,6,3,6,3,,,,,,,completed,2.25,1.57,2.35,1.68,2.38,1.71,2.23,1.62,2011_18_marbella_andalucia_tennis_experience,2011_18_marbella_andalucia_tennis_experience_2011-04-08_QF_begu_i_zakopalova_k
tennis_data_uk,wta,2011,18,Andalucia Tennis Experience,Marbella,2011-04-09,international,True,clay,SF,4,3,Azarenka V.,Errani S.,6,43,4470,1300.0,2,0,6,2,6,1,,,,,,,completed,1.16,4.5,1.22,5.05,1.25,5.15,1.19,4.49,2011_18_marbella_andalucia_tennis_experience,2011_18_marbella_andalucia_tennis_experience_2011-04-09_SF_azarenka_v_errani_s
tennis_data_uk,wta,2011,18,Andalucia Tennis Experience,Marbella,2011-04-09,international,True,clay,SF,4,3,Begu I.,Kuznetsova S.,138,14,476,2800.0,2,1,3,6,7,6,6,4,,,,,completed,4.33,1.2,4.47,1.26,4.55,1.26,4.12,1.22,2011_18_marbella_andalucia_tennis_experience,2011_18_marbella_andalucia_tennis_experience_2011-04-09_SF_begu_i_kuznetsova_s
tennis_data_uk,wta,2011,18,Andalucia Tennis Experience,Marbella,2011-04-10,international,True,clay,F,2,3,Azarenka V.,Begu I.,6,138,4470,476.0,2,0,6,3,6,2,,,,,,,completed,1.12,6.0,1.13,7.43,1.17,7.65,1.11,6.05,2011_18_marbella_andalucia_tennis_experience,2011_18_marbella_andalucia_tennis_experience_2011-04-10_F_azarenka_v_begu_i
tennis_data_uk,wta,2011,19,Grand Prix de SAR La Princesse Lalla Meryem,Fes,2011-04-18,international,True,clay,R32,32,3,Arn G.,Mayr P.,52,96,1116,683.0,1,0,6,0,1,0,,,,,,,retired,1.5,2.5,1.57,2.55,1.62,2.75,1.53,2.43,2011_19_fes_grand_prix_de_sar_la_princesse_lalla_meryem,2011_19_fes_grand_prix_de_sar_la_princesse_lalla_meryem_2011-04-18_R32_arn_g_mayr_p
tennis_data_uk,wta,2011,19,Grand Prix de SAR La Princesse Lalla Meryem,Fes,2011-04-18,international,True,clay,R32,32,3,Halep S.,Yakimova A.,65,97,955,680.0,2,0,6,2,6,0,,,,,,,completed,1.53,2.37,1.65,2.36,1.65,2.53,1.56,2.34,2011_19_fes_grand_prix_de_sar_la_princesse_lalla_meryem,2011_19_fes_grand_prix_de_sar_la_princesse_lalla_meryem_2011-04-18_R32_halep_s_yakimova_a
tennis_data_uk,wta,2011,19,Grand Prix de SAR La Princesse Lalla Meryem,Fes,2011-04-18,international,True,clay,R32,32,3,Pervak K.,Kerber A.,83,63,790,987.0,2,1,6,1,4,6,6,3,,,,,completed,2.1,1.66,2.15,1.78,2.3,1.82,2.14,1.68,2011_19_fes_grand_prix_de_sar_la_princesse_lalla_meryem,2011_19_fes_grand_prix_de_sar_la_princesse_lalla_meryem_2011-04-18_R32_pervak_k_kerber_a
tennis_data_uk,wta,2011,19,Grand Prix de SAR La Princesse Lalla Meryem,Fes,2011-04-18,international,True,clay,R32,32,3,Kudryavtseva A.,Bratchikova N.,77,149,862,400.0,2,1,2,6,6,2,6,3,,,,,completed,1.72,2.0,1.8,2.1,1.83,2.2,1.75,2.01,2011_19_fes_grand_prix_de_sar_la_princesse_lalla_meryem,2011_19_fes_grand_prix_de_sar_la_princesse_lalla_meryem_2011-04-18_R32_kudryavtseva_a_bratchikova_n
tennis_data_uk,wta,2011,19,Grand Prix de SAR La Princesse Lalla Meryem,Fes,2011-04-19,international,True,clay,R32,32,3,Lalami N.,Doi M.,497,124,65,544.0,2,0,6,2,7,5,,,,,,,completed,5.0,1.14,5.36,1.19,5.6,1.2,4.8,1.17,2011_19_fes_grand_prix_de_sar_la_princesse_lalla_meryem,2011_19_fes_grand_prix_de_sar_la_princesse_lalla_meryem_2011-04-19_R32_lalami_n_doi_m
tennis_data_uk,wta,2011,19,Grand Prix de SAR La Princesse Lalla Meryem,Fes,2011-04-19,international,True,clay,R32,32,3,Daniilidou E.,Radwanska U.,168,142,353,433.0,2,1,2,6,7,6,6,4,,,,,completed,,,,,1.28,2.82,1.28,2.82,2011_19_fes_grand_prix_de_sar_la_princesse_lalla_meryem,2011_19_fes_grand_prix_de_sar_la_princesse_lalla_meryem_2011-04-19_R32_daniilidou_e_radwanska_u
tennis_data_uk,wta,2011,19,Grand Prix de SAR La Princesse Lalla Meryem,Fes,2011-04-19,international,True,clay,R32,32,3,Pivovarova A.,El Allami Zhara F.,116,439,583,83.0,2,0,6,3,7,6,,,,,,,completed,1.04,10.0,1.09,9.12,1.1,10.5,1.06,8.06,2011_19_fes_grand_prix_de_sar_la_princesse_lalla_meryem,2011_19_fes_grand_prix_de_sar_la_princesse_lalla_meryem_2011-04-19_R32_pivovarova_a_el_allami_zhara_f
tennis_data_uk,wta,2011,19,Grand Prix de SAR La Princesse Lalla Meryem,Fes,2011-04-19,international,True,clay,R32,32,3,Pliskova Kr.,Voracova R.,216,92,269,714.0,2,1,6,7,7,5,6,3,,,,,completed,3.5,1.28,3.78,1.31,3.94,1.35,3.5,1.28,2011_19_fes_grand_prix_de_sar_la_princesse_lalla_meryem,2011_19_fes_grand_prix_de_sar_la_princesse_lalla_meryem_2011-04-19_R32_pliskova_kr_voracova_r
tennis_data_uk,wta,2011,19,Grand Prix de SAR La Princesse Lalla Meryem,Fes,2011-04-19,international,True,clay,R32,32,3,Shvedova Y.,Begu I.,49,102,1150,658.0,2,0,6,3,6,2,,,,,,,completed,3.25,1.33,3.38,1.36,3.5,1.37,3.16,1.34,2011_19_fes_grand_prix_de_sar_la_princesse_lalla_meryem,2011_19_fes_grand_prix_de_sar_la_princesse_lalla_meryem_2011-04-19_R32_shvedova_y_begu_i
tennis_data_uk,wta,2011,19,Grand Prix de SAR La Princesse Lalla Meryem,Fes,2011-04-19,international,True,clay,R32,32,3,Safina D.,Craybas J.,74,105,880,648.0,2,0,6,1,6,0,,,,,,,completed,1.08,7.0,1.09,8.51,1.11,8.95,1.09,7.05,2011_19_fes_grand_prix_de_sar_la_princesse_lalla_meryem,2011_19_fes_grand_prix_de_sar_la_princesse_lalla_meryem_2011-04-19_R32_safina_d_craybas_j
tennis_data_uk,wta,2011,19,Grand Prix de SAR La Princesse Lalla Meryem,Fes,2011-04-19,international,True,clay,R32,32,3,Rezai A.,Rus A.,24,98,2280,663.0,2,1,4,6,6,4,6,3,,,,,completed,1.83,1.83,1.98,1.91,2.0,2.14,1.82,1.93,2011_19_fes_grand_prix_de_sar_la_princesse_lalla_meryem,2011_19_fes_grand_prix_de_sar_la_princesse_lalla_meryem_2011-04-19_R32_rezai_a_rus_a
tennis_data_uk,wta,2011,19,Grand Prix de SAR La Princesse Lalla Meryem,Fes,2011-04-19,international,True,clay,R32,32,3,Flipkens K.,Soler Espinosa S.,104,167,651,358.0,2,0,6,3,6,3,,,,,,,completed,1.83,1.83,1.85,2.05,1.93,2.05,1.84,1.89,2011_19_fes_grand_prix_de_sar_la_princesse_lalla_meryem,2011_19_fes_grand_prix_de_sar_la_princesse_lalla_meryem_2011-04-19_R32_flipkens_k_soler_espinosa_s
tennis_data_uk,wta,2011,19,Grand Prix de SAR La Princesse Lalla Meryem,Fes,2011-04-19,international,True,clay,R32,32,3,Brianti A.,Pous-Tio L.,94,85,698,781.0,2,0,7,5,6,2,,,,,,,completed,4.33,1.2,4.59,1.23,5.25,1.25,4.2,1.21,2011_19_fes_grand_prix_de_sar_la_princesse_lalla_meryem,2011_19_fes_grand_prix_de_sar_la_princesse_lalla_meryem_2011-04-19_R32_brianti_a_pous_tio_l
tennis_data_uk,wta,2011,19,Grand Prix de SAR La Princesse Lalla Meryem,Fes,2011-04-20,international,True,clay,R32,32,3,Hercog P.,Scheepers C.,68,76,940,862.0,2,1,6,7,7,6,6,2,,,,,completed,1.57,2.25,1.56,2.59,1.62,2.61,1.55,2.37,2011_19_fes_grand_prix_de_sar_la_princesse_lalla_meryem,2011_19_fes_grand_prix_de_sar_la_princesse_lalla_meryem_2011-04-20_R32_hercog_p_scheepers_c
tennis_data_uk,wta,2011,19,Grand Prix de SAR La Princesse Lalla Meryem,Fes,2011-04-20,international,True,clay,R32,32,3,Oudin M.,Dominguez Lino L.,93,45,704,1248.0,2,1,4,6,6,1,6,2,,,,,completed,3.0,1.36,2.99,1.44,3.25,1.44,2.94,1.37,2011_19_fes_grand_prix_de_sar_la_princesse_lalla_meryem,2011_19_fes_grand_prix_de_sar_la_princesse_lalla_meryem_2011-04-20_R32_oudin_m_dominguez_lino_l
tennis_data_uk,wta,2011,19,Grand Prix de SAR La Princesse Lalla Meryem,Fes,2011-04-20,international,True,clay,R32,32,3,Cornet A.,Hlavackova A.,67,91,950,717.0,2,0,6,3,6,3,,,,,,,completed,1.25,3.75,1.3,3.86,1.34,3.93,1.28,3.5,2011_19_fes_grand_prix_de_sar_la_princesse_lalla_meryem,2011_19_fes_grand_prix_de_sar_la_princesse_lalla_meryem_2011-04-20_R32_cornet_a_hlavackova_a
tennis_data_uk,wta,2011,19,Grand Prix de SAR La Princesse Lalla Meryem,Fes,2011-04-20,international,True,clay,R16,16,3,Halep S.,Kudryavtseva A.,65,77,955,862.0,2,0,6,2,6,4,,,,,,,completed,1.28,3.5,1.31,3.85,1.33,4.1,1.3,3.42,2011_19_fes_grand_prix_de_sar_la_princesse_lalla_meryem,2011_19_fes_grand_prix_de_sar_la_princesse_lalla_meryem_2011-04-20_R16_halep_s_kudryavtseva_a
tennis_data_uk,wta,2011,19,Grand Prix de SAR La Princesse Lalla Meryem,Fes,2011-04-20,international,True,clay,R16,16,3,Arn G.,Pliskova Kr.,52,216,1116,269.0,2,0,6,4,6,4,,,,,,,completed,1.2,4.33,1.23,4.73,1.27,4.8,1.22,4.03,2011_19_fes_grand_prix_de_sar_la_princesse_lalla_meryem,2011_19_fes_grand_prix_de_sar_la_princesse_lalla_meryem_2011-04-20_R16_arn_g_pliskova_kr
tennis_data_uk,wta,2011,19,Grand Prix de SAR La Princesse Lalla Meryem,Fes,2011-04-20,international,True,clay,R16,16,3,Lalami N.,Rezai A.,497,24,65,2280.0,2,1,2,6,7,6,6,4,,,,,completed,6.5,1.1,7.38,1.13,9.0,1.13,7.4,1.08,2011_19_fes_grand_prix_de_sar_la_princesse_lalla_meryem,2011_19_fes_grand_prix_de_sar_la_princesse_lalla_meryem_2011-04-20_R16_lalami_n_rezai_a
tennis_data_uk,wta,2011,19,Grand Prix de SAR La Princesse Lalla Meryem,Fes,2011-04-20,international,True,clay,R16,16,3,Flipkens K.,Daniilidou E.,104,168,651,353.0,2,0,6,4,7,5,,,,,,,completed,1.25,3.75,1.31,3.81,1.36,3.84,1.31,3.31,2011_19_fes_grand_prix_de_sar_la_princesse_lalla_meryem,2011_19_fes_grand_prix_de_sar_la_princesse_lalla_meryem_2011-04-20_R16_flipkens_k_daniilidou_e
tennis_data_uk,wta,2011,19,Grand Prix de SAR La Princesse Lalla Meryem,Fes,2011-04-21,international,True,clay,R16,16,3,Brianti A.,Pervak K.,94,83,698,790.0,2,0,7,5,6,2,,,,,,,completed,2.75,1.4,2.69,1.53,2.88,1.53,2.62,1.46,2011_19_fes_grand_prix_de_sar_la_princesse_lalla_meryem,2011_19_fes_grand_prix_de_sar_la_princesse_lalla_meryem_2011-04-21_R16_brianti_a_pervak_k
tennis_data_uk,wta,2011,19,Grand Prix de SAR La Princesse Lalla Meryem,Fes,2011-04-21,international,True,clay,R16,16,3,Safina D.,Cornet A.,74,67,880,950.0,2,0,6,1,6,3,,,,,,,completed,1.33,3.25,1.37,3.31,1.39,3.31,1.35,3.1,2011_19_fes_grand_prix_de_sar_la_princesse_lalla_meryem,2011_19_fes_grand_prix_de_sar_la_princesse_lalla_meryem_2011-04-21_R16_safina_d_cornet_a
tennis_data_uk,wta,2011,19,Grand Prix de SAR La Princesse Lalla Meryem,Fes,2011-04-21,international,True,clay,R16,16,3,Pivovarova A.,Shvedova Y.,116,49,583,1150.0,2,0,6,2,7,6,,,,,,,completed,3.25,1.33,3.14,1.42,3.39,1.5,3.13,1.34,2011_19_fes_grand_prix_de_sar_la_princesse_lalla_meryem,2011_19_fes_grand_prix_de_sar_la_princesse_lalla_meryem_2011-04-21_R16_pivovarova_a_shvedova_y
tennis_data_uk,wta,2011,19,Grand Prix de SAR La Princesse Lalla Meryem,Fes,2011-04-21,international,True,clay,R16,16,3,Oudin M.,Hercog P.,93,68,704,940.0,,,,,,,,,,,,,walkover,2.5,1.5,2.59,1.56,2.65,1.58,2.5,1.5,2011_19_fes_grand_prix_de_sar_la_princesse_lalla_meryem,2011_19_fes_grand_prix_de_sar_la_princesse_lalla_meryem_2011-04-21_R16_oudin_m_hercog_p
tennis_data_uk,wta,2011,19,Grand Prix de SAR La Princesse Lalla Meryem,Fes,2011-04-22,international,True,clay,QF,8,3,Halep S.,Arn G.,65,52,955,1116.0,2,0,6,2,6,1,,,,,,,completed,1.5,2.5,1.65,2.41,1.65,2.65,1.53,2.43,2011_19_fes_grand_prix_de_sar_la_princesse_lalla_meryem,2011_19_fes_grand_prix_de_sar_la_princesse_lalla_meryem_2011-04-22_QF_halep_s_arn_g
tennis_data_uk,wta,2011,19,Grand Prix de SAR La Princesse Lalla Meryem,Fes,2011-04-22,international,True,clay,QF,8,3,Safina D.,Pivovarova A.,74,116,880,583.0,2,1,6,4,2,6,6,4,,,,,completed,1.14,5.0,1.18,5.77,1.23,5.77,1.18,4.58,2011_19_fes_grand_prix_de_sar_la_princesse_lalla_meryem,2011_19_fes_grand_prix_de_sar_la_princesse_lalla_meryem_2011-04-22_QF_safina_d_pivovarova_a
tennis_data_uk,wta,2011,19,Grand Prix de SAR La Princesse Lalla Meryem,Fes,2011-04-22,international,True,clay,QF,8,3,Brianti A.,Oudin M.,94,93,698,704.0,2,1,7,5,5,7,6,0,,,,,completed,2.0,1.72,2.16,1.79,2.16,1.95,1.94,1.81,2011_19_fes_grand_prix_de_sar_la_princesse_lalla_meryem,2011_19_fes_grand_prix_de_sar_la_princesse_lalla_meryem_2011-04-22_QF_brianti_a_oudin_m
tennis_data_uk,wta,2011,19,Grand Prix de SAR La Princesse Lalla Meryem,Fes,2011-04-22,international,True,clay,QF,8,3,Flipkens K.,Lalami N.,104,497,651,65.0,2,0,6,0,6,1,,,,,,,completed,1.28,3.5,1.34,3.62,1.36,4.0,1.28,3.57,2011_19_fes_grand_prix_de_sar_la_princesse_lalla_meryem,2011_19_fes_grand_prix_de_sar_la_princesse_lalla_meryem_2011-04-22_QF_flipkens_k_lalami_n
tennis_data_uk,wta,2011,19,Grand Prix de SAR La Princesse Lalla Meryem,Fes,2011-04-23,international,True,clay,SF,4,3,Brianti A.,Safina D.,94,74,698,880.0,,,,,,,,,,,,,walkover,2.75,1.4,2.79,1.51,2.85,1.5,2.7,1.44,2011_19_fes_grand_prix_de_sar_la_princesse_lalla_meryem,2011_19_fes_grand_prix_de_sar_la_princesse_lalla_meryem_2011-04-23_SF_brianti_a_safina_d
tennis_data_uk,wta,2011,19,Grand Prix de SAR La Princesse Lalla Meryem,Fes,2011-04-23,international,True,clay,SF,4,3,Halep S.,Flipkens K.,65,104,955,651.0,2,0,7,5,6,4,,,,,,,completed,1.4,2.75,1.43,3.1,1.46,3.1,1.41,2.81,2011_19_fes_grand_prix_de_sar_la_princesse_lalla_meryem,2011_19_fes_grand_prix_de_sar_la_princesse_lalla_meryem_2011-04-23_SF_halep_s_flipkens_k
tennis_data_uk,wta,2011,19,Grand Prix de SAR La Princesse Lalla Meryem,Fes,2011-04-24,international,True,clay,F,2,3,Brianti A.,Halep S.,94,65,698,955.0,2,0,6,4,6,3,,,,,,,completed,3.5,1.28,3.2,1.36,3.7,1.36,3.33,1.31,2011_19_fes_grand_prix_de_sar_la_princesse_lalla_meryem,2011_19_fes_grand_prix_de_sar_la_princesse_lalla_meryem_2011-04-24_F_brianti_a_halep_s
tennis_data_uk,wta,2011,20,Porsche Tennis Grand Prix,Stuttgart,2011-04-18,premier,True,clay,R32,32,3,Bartoli M.,Pironkova T.,12,35,2925,1670.0,2,0,6,4,6,1,,,,,,,completed,1.44,2.62,1.52,2.7,1.58,2.72,1.51,2.5,2011_20_stuttgart_porsche_tennis_grand_prix,2011_20_stuttgart_porsche_tennis_grand_prix_2011-04-18_R32_bartoli_m_pironkova_t
tennis_data_uk,wta,2011,20,Porsche Tennis Grand Prix,Stuttgart,2011-04-18,premier,True,clay,R32,32,3,Barrois K.,Safarova L.,79,31,846,1860.0,2,0,6,1,6,4,,,,,,,completed,2.87,1.38,2.84,1.48,3.04,1.48,2.9,1.39,2011_20_stuttgart_porsche_tennis_grand_prix,2011_20_stuttgart_porsche_tennis_grand_prix_2011-04-18_R32_barrois_k_safarova_l
tennis_data_uk,wta,2011,20,Porsche Tennis Grand Prix,Stuttgart,2011-04-18,premier,True,clay,R32,32,3,Li N.,Sevastova A.,6,37,4300,1460.0,2,0,6,2,6,3,,,,,,,completed,1.44,2.62,1.54,2.64,1.56,2.75,1.49,2.53,2011_20_stuttgart_porsche_tennis_grand_prix,2011_20_stuttgart_porsche_tennis_grand_prix_2011-04-18_R32_li_n_sevastova_a
tennis_data_uk,wta,2011,20,Porsche Tennis Grand Prix,Stuttgart,2011-04-19,premier,True,clay,R32,32,3,Stosur S.,Martinez-Sanchez M.J.,7,33,4256,1707.0,2,0,7,5,6,1,,,,,,,completed,1.66,2.1,1.6,2.48,1.73,2.48,1.64,2.19,2011_20_stuttgart_porsche_tennis_grand_prix,2011_20_stuttgart_porsche_tennis_grand_prix_2011-04-19_R32_stosur_s_martinez_sanchez_m_j
tennis_data_uk,wta,2011,20,Porsche Tennis Grand Prix,Stuttgart,2011-04-19,premier,True,clay,R32,32,3,Hantuchova D.,Dulgheru A.,36,28,1665,2095.0,2,0,7,5,6,3,,,,,,,completed,2.37,1.53,2.67,1.53,2.8,1.65,2.45,1.52,2011_20_stuttgart_porsche_tennis_grand_prix,2011_20_stuttgart_porsche_tennis_grand_prix_2011-04-19_R32_hantuchova_d_dulgheru_a
tennis_data_uk,wta,2011,20,Porsche Tennis Grand Prix,Stuttgart,2011-04-19,premier,True,clay,R32,32,3,Goerges J.,Krajicek M.,32,140,1720,440.0,2,0,6,3,6,1,,,,,,,completed,1.16,4.5,1.29,3.94,1.33,5.0,1.22,4.12,2011_20_stuttgart_porsche_tennis_grand_prix,2011_20_stuttgart_porsche_tennis_grand_prix_2011-04-19_R32_goerges_j_krajicek_m
tennis_data_uk,wta,2011,20,Porsche Tennis Grand Prix,Stuttgart,2011-04-19,premier,True,clay,R32,32,3,Kucova Z.,Chakvetadze A.,133,50,501,1148.0,1,1,1,6,7,5,4,4,,,,,retired,3.5,1.28,3.89,1.29,3.89,1.33,3.55,1.27,2011_20_stuttgart_porsche_tennis_grand_prix,2011_20_stuttgart_porsche_tennis_grand_prix_2011-04-19_R32_kucova_z_chakvetadze_a
tennis_data_uk,wta,2011,20,Porsche Tennis Grand Prix,Stuttgart,2011-04-19,premier,True,clay,R32,32,3,Lisicki S.,Cibulkova D.,155,27,387,2105.0,2,0,7,5,7,6,,,,,,,completed,2.62,1.44,2.93,1.45,3.1,1.5,2.71,1.43,2011_20_stuttgart_porsche_tennis_grand_prix,2011_20_stuttgart_porsche_tennis_grand_prix_2011-04-19_R32_lisicki_s_cibulkova_d
tennis_data_uk,wta,2011,20,Porsche Tennis Grand Prix,Stuttgart,2011-04-19,premier,True,clay,R32,32,3,Pavlyuchenkova A.,Vinci R.,21,42,2450,1295.0,2,0,6,3,6,4,,,,,,,completed,1.22,4.0,1.29,3.9,1.3,4.25,1.26,3.66,2011_20_stuttgart_porsche_tennis_grand_prix,2011_20_stuttgart_porsche_tennis_grand_prix_2011-04-19_R32_pavlyuchenkova_a_vinci_r
tennis_data_uk,wta,2011,20,Porsche Tennis Grand Prix,Stuttgart,2011-04-19,premier,True,clay,R32,32,3,Radwanska A.,Hampton J.,14,118,2860,573.0,2,0,6,0,6,1,,,,,,,completed,1.07,7.5,1.09,8.66,1.11,9.1,1.08,7.21,2011_20_stuttgart_porsche_tennis_grand_prix,2011_20_stuttgart_porsche_tennis_grand_prix_2011-04-19_R32_radwanska_a_hampton_j
tennis_data_uk,wta,2011,20,Porsche Tennis Grand Prix,Stuttgart,2011-04-19,premier,True,clay,R32,32,3,Petkovic A.,Paszek T.,19,88,2735,759.0,2,1,3,6,6,2,6,2,,,,,completed,1.08,7.0,1.11,7.74,1.13,9.1,1.1,6.61,2011_20_stuttgart_porsche_tennis_grand_prix,2011_20_stuttgart_porsche_tennis_grand_prix_2011-04-19_R32_petkovic_a_paszek_t
tennis_data_uk,wta,2011,20,Porsche Tennis Grand Prix,Stuttgart,2011-04-19,premier,True,clay,R32,32,3,Jankovic J.,Garcia Vidagany B.,8,183,4235,323.0,2,0,6,1,6,2,,,,,,,completed,1.02,12.0,1.04,17.57,1.05,18.64,1.03,11.87,2011_20_stuttgart_porsche_tennis_grand_prix,2011_20_stuttgart_porsche_tennis_grand_prix_2011-04-19_R32_jankovic_j_garcia_vidagany_b
tennis_data_uk,wta,2011,20,Porsche Tennis Grand Prix,Stuttgart,2011-04-20,premier,True,clay,R16,16,3,Zvonareva V.,Pavlyuchenkova A.,3,21,7555,2450.0,2,1,3,6,6,4,6,2,,,,,completed,1.33,3.25,1.33,3.69,1.37,3.75,1.32,3.25,2011_20_stuttgart_porsche_tennis_grand_prix,2011_20_stuttgart_porsche_tennis_grand_prix_2011-04-20_R16_zvonareva_v_pavlyuchenkova_a
tennis_data_uk,wta,2011,20,Porsche Tennis Grand Prix,Stuttgart,2011-04-20,premier,True,clay,R16,16,3,Barrois K.,Bartoli M.,79,12,846,2925.0,2,0,6,4,6,2,,,,,,,completed,3.25,1.33,3.27,1.39,3.5,1.4,3.15,1.33,2011_20_stuttgart_porsche_tennis_grand_prix,2011_20_stuttgart_porsche_tennis_grand_prix_2011-04-20_R16_barrois_k_bartoli_m
tennis_data_uk,wta,2011,20,Porsche Tennis Grand Prix,Stuttgart,2011-04-20,premier,True,clay,R16,16,3,Radwanska A.,Schiavone F.,14,4,2860,4892.0,2,0,6,1,6,3,,,,,,,completed,1.57,2.25,1.65,2.4,1.78,2.56,1.61,2.26,2011_20_stuttgart_porsche_tennis_grand_prix,2011_20_stuttgart_porsche_tennis_grand_prix_2011-04-20_R16_radwanska_a_schiavone_f
tennis_data_uk,wta,2011,20,Porsche Tennis Grand Prix,Stuttgart,2011-04-20,premier,True,clay,R16,16,3,Stosur S.,Hantuchova D.,7,36,4256,1665.0,2,1,6,4,2,6,6,4,,,,,completed,1.33,3.25,1.38,3.31,1.4,3.41,1.34,3.11,2011_20_stuttgart_porsche_tennis_grand_prix,2011_20_stuttgart_porsche_tennis_grand_prix_2011-04-20_R16_stosur_s_hantuchova_d
tennis_data_uk,wta,2011,20,Porsche Tennis Grand Prix,Stuttgart,2011-04-20,premier,True,clay,R16,16,3,Lisicki S.,Li N.,155,6,387,4300.0,2,0,6,4,7,5,,,,,,,completed,2.75,1.4,2.93,1.47,2.95,1.5,2.74,1.43,2011_20_stuttgart_porsche_tennis_grand_prix,2011_20_stuttgart_porsche_tennis_grand_prix_2011-04-20_R16_lisicki_s_li_n
tennis_data_uk,wta,2011,20,Porsche Tennis Grand Prix,Stuttgart,2011-04-20,premier,True,clay,R16,16,3,Wozniacki C.,Kucova Z.,1,133,9930,501.0,2,0,6,1,6,2,,,,,,,completed,1.01,15.0,1.02,21.0,1.03,34.0,1.02,15.34,2011_20_stuttgart_porsche_tennis_grand_prix,2011_20_stuttgart_porsche_tennis_grand_prix_2011-04-20_R16_wozniacki_c_kucova_z
tennis_data_uk,wta,2011,20,Porsche Tennis Grand Prix,Stuttgart,2011-04-20,premier,True,clay,R16,16,3,Petkovic A.,Jankovic J.,19,8,2735,4235.0,2,1,3,6,6,1,6,3,,,,,completed,2.2,1.61,2.39,1.65,2.4,1.73,2.17,1.65,2011_20_stuttgart_porsche_tennis_grand_prix,2011_20_stuttgart_porsche_tennis_grand_prix_2011-04-20_R16_petkovic_a_jankovic_j
tennis_data_uk,wta,2011,20,Porsche Tennis Grand Prix,Stuttgart,2011-04-20,premier,True,clay,R16,16,3,Goerges J.,Azarenka V.,32,5,1720,4630.0,0,1,4,6,,,,,,,,,retired,2.5,1.5,3.48,1.36,3.4,1.56,2.9,1.4,2011_20_stuttgart_porsche_tennis_grand_prix,2011_20_stuttgart_porsche_tennis_grand_prix_2011-04-20_R16_goerges_j_azarenka_v
tennis_data_uk,wta,2011,20,Porsche Tennis Grand Prix,Stuttgart,2011-04-21,premier,True,clay,QF,8,3,Stosur S.,Zvonareva V.,7,3,4256,7555.0,2,1,2,6,6,3,7,6,,,,,completed,2.25,1.57,2.19,1.78,2.3,1.78,2.16,1.65,2011_20_stuttgart_porsche_tennis_grand_prix,2011_20_stuttgart_porsche_tennis_grand_prix_2011-04-21_QF_stosur_s_zvonareva_v
tennis_data_uk,wta,2011,20,Porsche Tennis Grand Prix,Stuttgart,2011-04-21,premier,True,clay,QF,8,3,Goerges J.,Lisicki S.,32,155,1720,387.0,2,0,6,4,6,4,,,,,,,completed,2.2,1.61,2.3,1.71,2.4,1.8,2.13,1.69,2011_20_stuttgart_porsche_tennis_grand_prix,2011_20_stuttgart_porsche_tennis_grand_prix_2011-04-21_QF_goerges_j_lisicki_s
tennis_data_uk,wta,2011,20,Porsche Tennis Grand Prix,Stuttgart,2011-04-21,premier,True,clay,QF,8,3,Wozniacki C.,Petkovic A.,1,19,9930,2735.0,2,0,6,4,6,1,,,,,,,completed,1.38,2.87,1.42,3.19,1.48,3.19,1.41,2.83,2011_20_stuttgart_porsche_tennis_grand_prix,2011_20_stuttgart_porsche_tennis_grand_prix_2011-04-21_QF_wozniacki_c_petkovic_a
tennis_data_uk,wta,2011,20,Porsche Tennis Grand Prix,Stuttgart,2011-04-21,premier,True,clay,QF,8,3,Radwanska A.,Barrois K.,14,79,2860,846.0,2,0,7,5,6,3,,,,,,,completed,1.11,6.0,1.14,7.1,1.2,7.1,1.14,5.4,2011_20_stuttgart_porsche_tennis_grand_prix,2011_20_stuttgart_porsche_tennis_grand_prix_2011-04-21_QF_radwanska_a_barrois_k
tennis_data_uk,wta,2011,20,Porsche Tennis Grand Prix,Stuttgart,2011-04-23,premier,True,clay,SF,4,3,Goerges J.,Stosur S.,32,7,1720,4256.0,2,1,6,4,3,6,7,5,,,,,completed,2.87,1.4,2.65,1.56,2.94,1.56,2.71,1.44,2011_20_stuttgart_porsche_tennis_grand_prix,2011_20_stuttgart_porsche_tennis_grand_prix_2011-04-23_SF_goerges_j_stosur_s
tennis_data_uk,wta,2011,20,Porsche Tennis Grand Prix,Stuttgart,2011-04-23,premier,True,clay,SF,4,3,Wozniacki C.,Radwanska A.,1,14,9930,2860.0,2,0,7,5,6,3,,,,,,,completed,1.25,4.0,1.24,4.76,1.26,4.76,1.22,4.12,2011_20_stuttgart_porsche_tennis_grand_prix,2011_20_stuttgart_porsche_tennis_grand_prix_2011-04-23_SF_wozniacki_c_radwanska_a
tennis_data_uk,wta,2011,20,Porsche Tennis Grand Prix,Stuttgart,2011-04-24,premier,True,clay,F,2,3,Goerges J.,Wozniacki C.,32,1,1720,9930.0,2,0,7,6,6,3,,,,,,,completed,5.5,1.12,6.58,1.15,6.58,1.18,5.28,1.15,2011_20_stuttgart_porsche_tennis_grand_prix,2011_20_stuttgart_porsche_tennis_grand_prix_2011-04-24_F_goerges_j_wozniacki_c
tennis_data_uk,wta,2011,21,Barcelona Ladies Open,Barcelona,2011-04-25,international,True,clay,R32,32,3,Dulgheru A.,Kucova Z.,29,121,2095,560.0,1,0,6,1,5,0,,,,,,,retired,1.16,4.5,1.18,5.47,1.2,5.47,1.17,4.68,2011_21_barcelona_barcelona_ladies_open,2011_21_barcelona_barcelona_ladies_open_2011-04-25_R32_dulgheru_a_kucova_z
tennis_data_uk,wta,2011,21,Barcelona Ladies Open,Barcelona,2011-04-25,international,True,clay,R32,32,3,Shvedova Y.,Chang K.C.,51,147,1150,429.0,2,1,6,3,2,6,6,2,,,,,completed,1.25,3.75,1.29,3.98,1.3,4.24,1.26,3.71,2011_21_barcelona_barcelona_ladies_open,2011_21_barcelona_barcelona_ladies_open_2011-04-25_R32_shvedova_y_chang_k_c
tennis_data_uk,wta,2011,21,Barcelona Ladies Open,Barcelona,2011-04-25,international,True,clay,R32,32,3,Vinci R.,Soler Espinosa S.,42,165,1295,366.0,2,0,6,2,6,3,,,,,,,completed,1.5,2.5,1.56,2.59,1.57,2.8,1.49,2.53,2011_21_barcelona_barcelona_ladies_open,2011_21_barcelona_barcelona_ladies_open_2011-04-25_R32_vinci_r_soler_espinosa_s
tennis_data_uk,wta,2011,21,Barcelona Ladies Open,Barcelona,2011-04-25,international,True,clay,R32,32,3,Craybas J.,Amanmuradova A.,105,73,648,900.0,2,0,6,3,6,3,,,,,,,completed,2.1,1.66,2.24,1.71,2.33,1.76,2.12,1.68,2011_21_barcelona_barcelona_ladies_open,2011_21_barcelona_barcelona_ladies_open_2011-04-25_R32_craybas_j_amanmuradova_a
tennis_data_uk,wta,2011,21,Barcelona Ladies Open,Barcelona,2011-04-25,international,True,clay,R32,32,3,Rybarikova M.,Bartoli M.,72,13,904,2925.0,2,0,6,4,6,1,,,,,,,completed,3.4,1.3,3.44,1.35,3.6,1.35,3.3,1.31,2011_21_barcelona_barcelona_ladies_open,2011_21_barcelona_barcelona_ladies_open_2011-04-25_R32_rybarikova_m_bartoli_m
tennis_data_uk,wta,2011,21,Barcelona Ladies Open,Barcelona,2011-04-25,international,True,clay,R32,32,3,Camerin M.E.,Rodina E.,123,81,545,836.0,2,0,6,4,7,5,,,,,,,completed,2.25,1.57,2.37,1.65,2.5,1.67,2.35,1.57,2011_21_barcelona_barcelona_ladies_open,2011_21_barcelona_barcelona_ladies_open_2011-04-25_R32_camerin_m_e_rodina_e
tennis_data_uk,wta,2011,21,Barcelona Ladies Open,Barcelona,2011-04-25,international,True,clay,R32,32,3,Cabeza-Candela E.,Parra Santonja A.,245,68,218,950.0,2,0,6,3,7,5,,,,,,,completed,2.62,1.44,2.76,1.5,2.76,1.54,2.59,1.47,2011_21_barcelona_barcelona_ladies_open,2011_21_barcelona_barcelona_ladies_open_2011-04-25_R32_cabeza_candela_e_parra_santonja_a
tennis_data_uk,wta,2011,21,Barcelona Ladies Open,Barcelona,2011-04-26,international,True,clay,R32,32,3,Hercog P.,Hampton J.,70,129,940,526.0,2,0,6,4,7,5,,,,,,,completed,1.5,2.5,1.58,2.51,1.62,2.63,1.54,2.42,2011_21_barcelona_barcelona_ladies_open,2011_21_barcelona_barcelona_ladies_open_2011-04-26_R32_hercog_p_hampton_j
tennis_data_uk,wta,2011,21,Barcelona Ladies Open,Barcelona,2011-04-26,international,True,clay,R32,32,3,Lucic M.,Makarova E.,100,38,661,1436.0,2,0,7,6,6,3,,,,,,,completed,4.5,1.16,5.22,1.19,5.5,1.22,4.61,1.18,2011_21_barcelona_barcelona_ladies_open,2011_21_barcelona_barcelona_ladies_open_2011-04-26_R32_lucic_m_makarova_e
tennis_data_uk,wta,2011,21,Barcelona Ladies Open,Barcelona,2011-04-26,international,True,clay,R32,32,3,Errani S.,Torro Flor M.T.,41,289,1300,180.0,2,0,6,1,6,0,,,,,,,completed,1.16,4.5,1.19,5.28,1.21,5.28,1.18,4.64,2011_21_barcelona_barcelona_ladies_open,2011_21_barcelona_barcelona_ladies_open_2011-04-26_R32_errani_s_torro_flor_m_t
tennis_data_uk,wta,2011,21,Barcelona Ladies Open,Barcelona,2011-04-26,international,True,clay,R32,32,3,Hradecka L.,Benesova I.,66,44,972,1265.0,2,0,6,4,6,4,,,,,,,completed,1.72,2.0,1.75,2.18,1.86,2.18,1.77,1.99,2011_21_barcelona_barcelona_ladies_open,2011_21_barcelona_barcelona_ladies_open_2011-04-26_R32_hradecka_l_benesova_i
tennis_data_uk,wta,2011,21,Barcelona Ladies Open,Barcelona,2011-04-26,international,True,clay,R32,32,3,Lepchenko V.,Baltacha E.,82,90,802,760.0,2,1,6,7,6,1,6,2,,,,,completed,1.61,2.2,1.72,2.23,1.8,2.23,1.7,2.09,2011_21_barcelona_barcelona_ladies_open,2011_21_barcelona_barcelona_ladies_open_2011-04-26_R32_lepchenko_v_baltacha_e
tennis_data_uk,wta,2011,21,Barcelona Ladies Open,Barcelona,2011-04-26,international,True,clay,R32,32,3,Dulko G.,Date-Krumm K.,55,56,1094,1090.0,2,0,7,5,6,4,,,,,,,completed,1.22,4.0,1.22,4.74,1.26,4.74,1.23,4.02,2011_21_barcelona_barcelona_ladies_open,2011_21_barcelona_barcelona_ladies_open_2011-04-26_R32_dulko_g_date_krumm_k
tennis_data_uk,wta,2011,21,Barcelona Ladies Open,Barcelona,2011-04-26,international,True,clay,R32,32,3,Brianti A.,Pironkova T.,67,35,966,1670.0,2,0,6,1,6,2,,,,,,,completed,1.83,1.83,2.16,1.77,2.16,1.91,1.95,1.8,2011_21_barcelona_barcelona_ladies_open,2011_21_barcelona_barcelona_ladies_open_2011-04-26_R32_brianti_a_pironkova_t
tennis_data_uk,wta,2011,21,Barcelona Ladies Open,Barcelona,2011-04-26,international,True,clay,R32,32,3,Razzano V.,Llagostera Vives N.,102,118,658,569.0,2,0,7,5,6,4,,,,,,,completed,1.83,1.83,1.91,1.98,1.91,2.03,1.81,1.92,2011_21_barcelona_barcelona_ladies_open,2011_21_barcelona_barcelona_ladies_open_2011-04-26_R32_razzano_v_llagostera_vives_n
tennis_data_uk,wta,2011,21,Barcelona Ladies Open,Barcelona,2011-04-26,international,True,clay,R32,32,3,Pous-Tio L.,Zahlavova Strycova B.,85,47,781,1185.0,2,0,6,3,6,3,,,,,,,completed,1.72,2.0,1.76,2.17,1.76,2.36,1.68,2.11,2011_21_barcelona_barcelona_ladies_open,2011_21_barcelona_barcelona_ladies_open_2011-04-26_R32_pous_tio_l_zahlavova_strycova_b
tennis_data_uk,wta,2011,21,Barcelona Ladies Open,Barcelona,2011-04-27,international,True,clay,R16,16,3,Hercog P.,Lucic M.,70,100,940,661.0,2,0,6,1,6,2,,,,,,,completed,1.33,3.25,1.36,3.48,1.37,3.6,1.33,3.21,2011_21_barcelona_barcelona_ladies_open,2011_21_barcelona_barcelona_ladies_open_2011-04-27_R16_hercog_p_lucic_m
tennis_data_uk,wta,2011,21,Barcelona Ladies Open,Barcelona,2011-04-27,international,True,clay,R16,16,3,Cabeza-Candela E.,Dulgheru A.,245,29,218,2095.0,2,0,7,5,6,3,,,,,,,completed,5.0,1.14,5.72,1.18,5.75,1.2,4.94,1.16,2011_21_barcelona_barcelona_ladies_open,2011_21_barcelona_barcelona_ladies_open_2011-04-27_R16_cabeza_candela_e_dulgheru_a
tennis_data_uk,wta,2011,21,Barcelona Ladies Open,Barcelona,2011-04-27,international,True,clay,R16,16,3,Errani S.,Camerin M.E.,41,123,1300,545.0,2,0,6,4,6,1,,,,,,,completed,1.1,6.5,1.13,7.71,1.15,8.0,1.11,6.25,2011_21_barcelona_barcelona_ladies_open,2011_21_barcelona_barcelona_ladies_open_2011-04-27_R16_errani_s_camerin_m_e
tennis_data_uk,wta,2011,21,Barcelona Ladies Open,Barcelona,2011-04-27,international,True,clay,R16,16,3,Brianti A.,Lepchenko V.,67,82,966,802.0,2,1,6,0,5,7,6,2,,,,,completed,1.44,2.62,1.49,2.83,1.54,2.83,1.46,2.62,2011_21_barcelona_barcelona_ladies_open,2011_21_barcelona_barcelona_ladies_open_2011-04-27_R16_brianti_a_lepchenko_v
tennis_data_uk,wta,2011,21,Barcelona Ladies Open,Barcelona,2011-04-27,international,True,clay,R16,16,3,Vinci R.,Shvedova Y.,42,51,1295,1150.0,2,0,6,1,6,4,,,,,,,completed,1.57,2.25,1.78,2.17,1.78,2.4,1.64,2.19,2011_21_barcelona_barcelona_ladies_open,2011_21_barcelona_barcelona_ladies_open_2011-04-27_R16_vinci_r_shvedova_y
tennis_data_uk,wta,2011,21,Barcelona Ladies Open,Barcelona,2011-04-27,international,True,clay,R16,16,3,Pous-Tio L.,Craybas J.,85,105,781,648.0,2,0,6,1,6,1,,,,,,,completed,1.11,6.0,1.15,6.33,1.18,6.33,1.14,5.39,2011_21_barcelona_barcelona_ladies_open,2011_21_barcelona_barcelona_ladies_open_2011-04-27_R16_pous_tio_l_craybas_j
tennis_data_uk,wta,2011,21,Barcelona Ladies Open,Barcelona,2011-04-27,international,True,clay,R16,16,3,Hradecka L.,Dulko G.,66,55,972,1094.0,2,0,6,4,6,3,,,,,,,completed,2.0,1.72,2.13,1.8,2.15,1.85,2.01,1.75,2011_21_barcelona_barcelona_ladies_open,2011_21_barcelona_barcelona_ladies_open_2011-04-27_R16_hradecka_l_dulko_g
tennis_data_uk,wta,2011,21,Barcelona Ladies Open,Barcelona,2011-04-27,international,True,clay,R16,16,3,Razzano V.,Rybarikova M.,102,72,658,904.0,2,1,7,6,1,6,6,2,,,,,completed,1.72,2.0,1.93,1.97,1.93,2.03,1.81,1.92,2011_21_barcelona_barcelona_ladies_open,2011_21_barcelona_barcelona_ladies_open_2011-04-27_R16_razzano_v_rybarikova_m
tennis_data_uk,wta,2011,21,Barcelona Ladies Open,Barcelona,2011-04-28,international,True,clay,QF,8,3,Hradecka L.,Cabeza-Candela E.,66,245,972,218.0,2,0,6,4,6,4,,,,,,,completed,1.3,3.4,1.34,3.62,1.36,3.75,1.32,3.26,2011_21_barcelona_barcelona_ladies_open,2011_21_barcelona_barcelona_ladies_open_2011-04-28_QF_hradecka_l_cabeza_candela_e
tennis_data_uk,wta,2011,21,Barcelona Ladies Open,Barcelona,2011-04-28,international,True,clay,QF,8,3,Errani S.,Brianti A.,41,67,1300,966.0,2,0,6,2,6,3,,,,,,,completed,1.33,3.25,1.38,3.39,1.4,3.39,1.35,3.07,2011_21_barcelona_barcelona_ladies_open,2011_21_barcelona_barcelona_ladies_open_2011-04-28_QF_errani_s_brianti_a
tennis_data_uk,wta,2011,21,Barcelona Ladies Open,Barcelona,2011-04-28,international,True,clay,QF,8,3,Vinci R.,Razzano V.,42,102,1295,658.0,2,0,6,4,6,1,,,,,,,completed,1.36,3.0,1.43,3.1,1.45,3.1,1.4,2.82,2011_21_barcelona_barcelona_ladies_open,2011_21_barcelona_barcelona_ladies_open_2011-04-28_QF_vinci_r_razzano_v
tennis_data_uk,wta,2011,21,Barcelona Ladies Open,Barcelona,2011-04-29,international,True,clay,QF,8,3,Pous-Tio L.,Hercog P.,85,70,781,940.0,2,1,6,7,6,1,7,5,,,,,completed,1.53,2.37,1.58,2.58,1.9,2.58,1.57,2.32,2011_21_barcelona_barcelona_ladies_open,2011_21_barcelona_barcelona_ladies_open_2011-04-29_QF_pous_tio_l_hercog_p
tennis_data_uk,wta,2011,21,Barcelona Ladies Open,Barcelona,2011-04-29,international,True,clay,SF,4,3,Hradecka L.,Errani S.,66,41,972,1300.0,2,0,6,1,7,5,,,,,,,completed,2.5,1.5,2.67,1.55,2.75,1.59,2.51,1.5,2011_21_barcelona_barcelona_ladies_open,2011_21_barcelona_barcelona_ladies_open_2011-04-29_SF_hradecka_l_errani_s
tennis_data_uk,wta,2011,21,Barcelona Ladies Open,Barcelona,2011-04-29,international,True,clay,SF,4,3,Vinci R.,Pous-Tio L.,42,85,1295,781.0,2,1,4,6,6,4,7,6,,,,,completed,1.4,2.75,1.48,2.92,1.53,2.92,1.44,2.69,2011_21_barcelona_barcelona_ladies_open,2011_21_barcelona_barcelona_ladies_open_2011-04-29_SF_vinci_r_pous_tio_l
tennis_data_uk,wta,2011,21,Barcelona Ladies Open,Barcelona,2011-04-30,international,True,clay,F,2,3,Vinci R.,Hradecka L.,42,66,1295,972.0,2,1,4,6,6,2,6,2,,,,,completed,2.25,1.57,2.24,1.74,2.4,1.74,2.21,1.63,2011_21_barcelona_barcelona_ladies_open,2011_21_barcelona_barcelona_ladies_open_2011-04-30_F_vinci_r_hradecka_l
tennis_data_uk,wta,2011,22,Estoril Open,Estoril,2011-04-25,international,True,clay,R32,32,3,Larsson J.,De Lattre M.,80,386,855,106.0,2,0,6,3,6,1,,,,,,,completed,1.05,9.0,1.08,9.43,1.1,10.0,1.08,7.31,2011_22_estoril_estoril_open,2011_22_estoril_estoril_open_2011-04-25_R32_larsson_j_de_lattre_m
tennis_data_uk,wta,2011,22,Estoril Open,Estoril,2011-04-25,international,True,clay,R32,32,3,Niculescu M.,Mattek-Sands B.,59,40,1050,1316.0,2,1,6,4,5,7,6,3,,,,,completed,2.62,1.44,2.67,1.53,2.83,1.53,2.59,1.47,2011_22_estoril_estoril_open,2011_22_estoril_estoril_open_2011-04-25_R32_niculescu_m_mattek_sands_b
tennis_data_uk,wta,2011,22,Estoril Open,Estoril,2011-04-25,international,True,clay,R32,32,3,Kleybanova A.,Govortsova O.,25,116,2165,594.0,2,0,6,2,6,2,,,,,,,completed,1.44,2.62,1.53,2.66,1.62,2.85,1.47,2.62,2011_22_estoril_estoril_open,2011_22_estoril_estoril_open_2011-04-25_R32_kleybanova_a_govortsova_o
tennis_data_uk,wta,2011,22,Estoril Open,Estoril,2011-04-25,international,True,clay,R32,32,3,Kudryavtseva A.,Rodionova An.,77,75,880,895.0,2,1,1,6,7,6,6,4,,,,,completed,1.53,2.37,1.63,2.4,1.67,2.53,1.6,2.29,2011_22_estoril_estoril_open,2011_22_estoril_estoril_open_2011-04-25_R32_kudryavtseva_a_rodionova_an
tennis_data_uk,wta,2011,22,Estoril Open,Estoril,2011-04-25,international,True,clay,R32,32,3,Oprandi R.,Zheng J.,92,53,749,1137.0,2,0,6,4,6,2,,,,,,,completed,2.37,1.53,2.57,1.56,2.72,1.59,2.44,1.53,2011_22_estoril_estoril_open,2011_22_estoril_estoril_open_2011-04-25_R32_oprandi_r_zheng_j
tennis_data_uk,wta,2011,22,Estoril Open,Estoril,2011-04-25,international,True,clay,R32,32,3,Johansson M.,Pervak K.,74,84,898,790.0,2,0,6,4,6,3,,,,,,,completed,2.25,1.57,2.28,1.69,2.45,1.69,2.25,1.61,2011_22_estoril_estoril_open,2011_22_estoril_estoril_open_2011-04-25_R32_johansson_m_pervak_k
tennis_data_uk,wta,2011,22,Estoril Open,Estoril,2011-04-25,international,True,clay,R32,32,3,Vesnina E.,Luz B.,46,1048,1235,8.0,2,0,6,1,6,1,,,,,,,completed,1.02,12.0,1.04,14.06,1.05,26.93,1.03,12.5,2011_22_estoril_estoril_open,2011_22_estoril_estoril_open_2011-04-25_R32_vesnina_e_luz_b
tennis_data_uk,wta,2011,22,Estoril Open,Estoril,2011-04-25,international,True,clay,R32,32,3,Dellacqua C.,Zhang S.,538,78,57,878.0,2,0,6,2,6,1,,,,,,,completed,2.62,1.44,2.76,1.5,2.76,1.57,2.57,1.48,2011_22_estoril_estoril_open,2011_22_estoril_estoril_open_2011-04-25_R32_dellacqua_c_zhang_s
tennis_data_uk,wta,2011,22,Estoril Open,Estoril,2011-04-26,international,True,clay,R32,32,3,Barrois K.,Arvidsson S.,71,89,936,771.0,2,0,6,3,6,1,,,,,,,completed,1.44,2.62,1.43,3.05,1.5,3.11,1.42,2.78,2011_22_estoril_estoril_open,2011_22_estoril_estoril_open_2011-04-26_R32_barrois_k_arvidsson_s
tennis_data_uk,wta,2011,22,Estoril Open,Estoril,2011-04-26,international,True,clay,R32,32,3,Arn G.,Koehler M.J.,48,244,1176,223.0,2,1,6,2,3,6,6,3,,,,,completed,1.36,3.0,1.5,2.76,1.5,3.63,1.37,2.97,2011_22_estoril_estoril_open,2011_22_estoril_estoril_open_2011-04-26_R32_arn_g_koehler_m_j
tennis_data_uk,wta,2011,22,Estoril Open,Estoril,2011-04-26,international,True,clay,R32,32,3,Stephens S.,Oudin M.,170,88,352,773.0,2,0,6,2,6,1,,,,,,,completed,1.72,2.0,1.87,2.02,1.87,2.15,1.8,1.94,2011_22_estoril_estoril_open,2011_22_estoril_estoril_open_2011-04-26_R32_stephens_s_oudin_m
tennis_data_uk,wta,2011,22,Estoril Open,Estoril,2011-04-26,international,True,clay,R32,32,3,Zakopalova K.,Garcia Vidagany B.,34,177,1705,334.0,2,0,6,4,7,6,,,,,,,completed,1.36,3.0,1.43,3.05,1.45,3.11,1.39,2.87,2011_22_estoril_estoril_open,2011_22_estoril_estoril_open_2011-04-26_R32_zakopalova_k_garcia_vidagany_b
tennis_data_uk,wta,2011,22,Estoril Open,Estoril,2011-04-26,international,True,clay,R32,32,3,Gajdosova J.,Voracova R.,31,95,1895,694.0,2,0,6,4,6,0,,,,,,,completed,1.25,3.75,1.33,3.58,1.35,4.5,1.26,3.64,2011_22_estoril_estoril_open,2011_22_estoril_estoril_open_2011-04-26_R32_gajdosova_j_voracova_r
tennis_data_uk,wta,2011,22,Estoril Open,Estoril,2011-04-26,international,True,clay,R32,32,3,Radwanska U.,Sevastova A.,141,37,448,1460.0,2,1,5,7,7,6,6,1,,,,,completed,3.0,1.36,3.22,1.39,3.3,1.42,3.12,1.34,2011_22_estoril_estoril_open,2011_22_estoril_estoril_open_2011-04-26_R32_radwanska_u_sevastova_a
tennis_data_uk,wta,2011,22,Estoril Open,Estoril,2011-04-26,international,True,clay,R32,32,3,Medina Garrigues A.,Halep S.,61,52,1030,1139.0,2,0,7,6,7,6,,,,,,,completed,1.66,2.1,1.71,2.24,1.73,2.33,1.68,2.14,2011_22_estoril_estoril_open,2011_22_estoril_estoril_open_2011-04-26_R32_medina_garrigues_a_halep_s
tennis_data_uk,wta,2011,22,Estoril Open,Estoril,2011-04-26,international,True,clay,R32,32,3,Yakimova A.,Paszek T.,110,87,625,778.0,0,1,5,7,4,0,,,,,,,retired,2.75,1.4,2.59,1.56,3.2,1.56,2.82,1.41,2011_22_estoril_estoril_open,2011_22_estoril_estoril_open_2011-04-26_R32_yakimova_a_paszek_t
tennis_data_uk,wta,2011,22,Estoril Open,Estoril,2011-04-27,international,True,clay,R16,16,3,Kudryavtseva A.,Oprandi R.,77,92,880,749.0,2,0,6,4,7,6,,,,,,,completed,2.25,1.57,2.52,1.6,2.53,1.67,2.3,1.58,2011_22_estoril_estoril_open,2011_22_estoril_estoril_open_2011-04-27_R16_kudryavtseva_a_oprandi_r
tennis_data_uk,wta,2011,22,Estoril Open,Estoril,2011-04-27,international,True,clay,R16,16,3,Kleybanova A.,Johansson M.,25,74,2165,898.0,2,1,5,7,6,3,6,2,,,,,completed,1.3,3.4,1.31,3.79,1.36,3.99,1.3,3.4,2011_22_estoril_estoril_open,2011_22_estoril_estoril_open_2011-04-27_R16_kleybanova_a_johansson_m
tennis_data_uk,wta,2011,22,Estoril Open,Estoril,2011-04-27,international,True,clay,R16,16,3,Gajdosova J.,Dellacqua C.,31,538,1895,57.0,2,0,6,2,6,4,,,,,,,completed,1.25,3.75,1.27,4.22,1.3,4.33,1.25,3.83,2011_22_estoril_estoril_open,2011_22_estoril_estoril_open_2011-04-27_R16_gajdosova_j_dellacqua_c
tennis_data_uk,wta,2011,22,Estoril Open,Estoril,2011-04-27,international,True,clay,R16,16,3,Zakopalova K.,Yakimova A.,34,110,1705,625.0,2,1,2,6,6,4,6,1,,,,,completed,1.44,2.62,1.56,2.6,1.57,2.7,1.5,2.53,2011_22_estoril_estoril_open,2011_22_estoril_estoril_open_2011-04-27_R16_zakopalova_k_yakimova_a
tennis_data_uk,wta,2011,22,Estoril Open,Estoril,2011-04-27,international,True,clay,R16,16,3,Medina Garrigues A.,Arn G.,61,48,1030,1176.0,1,0,6,2,1,0,,,,,,,retired,1.33,3.25,1.32,3.77,1.38,3.77,1.33,3.18,2011_22_estoril_estoril_open,2011_22_estoril_estoril_open_2011-04-27_R16_medina_garrigues_a_arn_g
tennis_data_uk,wta,2011,22,Estoril Open,Estoril,2011-04-27,international,True,clay,R16,16,3,Barrois K.,Vesnina E.,71,46,936,1235.0,2,0,6,4,6,3,,,,,,,completed,2.37,1.53,2.47,1.61,2.63,1.61,2.41,1.54,2011_22_estoril_estoril_open,2011_22_estoril_estoril_open_2011-04-27_R16_barrois_k_vesnina_e
tennis_data_uk,wta,2011,22,Estoril Open,Estoril,2011-04-27,international,True,clay,R16,16,3,Niculescu M.,Stephens S.,59,170,1050,352.0,2,0,6,4,6,4,,,,,,,completed,1.83,1.83,1.85,2.07,1.95,2.07,1.84,1.89,2011_22_estoril_estoril_open,2011_22_estoril_estoril_open_2011-04-27_R16_niculescu_m_stephens_s
tennis_data_uk,wta,2011,22,Estoril Open,Estoril,2011-04-27,international,True,clay,R16,16,3,Larsson J.,Radwanska U.,80,141,855,448.0,2,0,6,4,6,4,,,,,,,completed,1.83,1.83,1.9,2.01,1.9,2.1,1.79,1.96,2011_22_estoril_estoril_open,2011_22_estoril_estoril_open_2011-04-27_R16_larsson_j_radwanska_u
tennis_data_uk,wta,2011,22,Estoril Open,Estoril,2011-04-28,international,True,clay,QF,8,3,Larsson J.,Kudryavtseva A.,80,77,855,880.0,2,0,6,2,7,5,,,,,,,completed,1.53,2.37,1.63,2.47,1.65,2.63,1.58,2.3,2011_22_estoril_estoril_open,2011_22_estoril_estoril_open_2011-04-28_QF_larsson_j_kudryavtseva_a
tennis_data_uk,wta,2011,22,Estoril Open,Estoril,2011-04-28,international,True,clay,QF,8,3,Barrois K.,Kleybanova A.,71,25,936,2165.0,2,0,6,4,6,2,,,,,,,completed,1.83,1.83,1.95,1.97,2.0,2.0,1.88,1.85,2011_22_estoril_estoril_open,2011_22_estoril_estoril_open_2011-04-28_QF_barrois_k_kleybanova_a
tennis_data_uk,wta,2011,22,Estoril Open,Estoril,2011-04-28,international,True,clay,QF,8,3,Medina Garrigues A.,Zakopalova K.,61,34,1030,1705.0,2,0,6,3,7,5,,,,,,,completed,1.53,2.37,1.63,2.47,1.64,2.5,1.56,2.35,2011_22_estoril_estoril_open,2011_22_estoril_estoril_open_2011-04-28_QF_medina_garrigues_a_zakopalova_k
tennis_data_uk,wta,2011,22,Estoril Open,Estoril,2011-04-28,international,True,clay,QF,8,3,Niculescu M.,Gajdosova J.,59,31,1050,1895.0,2,1,5,7,6,4,6,2,,,,,completed,2.75,1.4,3.06,1.44,3.06,1.52,2.71,1.43,2011_22_estoril_estoril_open,2011_22_estoril_estoril_open_2011-04-28_QF_niculescu_m_gajdosova_j
tennis_data_uk,wta,2011,22,Estoril Open,Estoril,2011-04-29,international,True,clay,SF,4,3,Barrois K.,Larsson J.,71,80,936,855.0,2,0,7,6,6,4,,,,,,,completed,1.33,3.25,1.4,2.75,1.49,3.25,1.38,2.95,2011_22_estoril_estoril_open,2011_22_estoril_estoril_open_2011-04-29_SF_barrois_k_larsson_j
tennis_data_uk,wta,2011,22,Estoril Open,Estoril,2011-04-29,international,True,clay,SF,4,3,Medina Garrigues A.,Niculescu M.,61,59,1030,1050.0,2,0,6,1,6,3,,,,,,,completed,1.4,2.75,1.41,3.2,1.45,3.2,1.4,2.8,2011_22_estoril_estoril_open,2011_22_estoril_estoril_open_2011-04-29_SF_medina_garrigues_a_niculescu_m
tennis_data_uk,wta,2011,22,Estoril Open,Estoril,2011-04-30,international,True,clay,F,2,3,Medina Garrigues A.,Barrois K.,61,71,1030,936.0,2,0,6,1,6,2,,,,,,,completed,1.53,2.37,1.56,2.63,1.62,2.63,1.56,2.37,2011_22_estoril_estoril_open,2011_22_estoril_estoril_open_2011-04-30_F_medina_garrigues_a_barrois_k
tennis_data_uk,wta,2011,23,Mutua Madrileña Madrid Open,Madrid,2011-04-30,premier,True,clay,R64,64,3,Kvitova P.,Dulgheru A.,18,29,2743,2095.0,2,0,6,4,6,1,,,,,,,completed,1.53,2.37,1.68,2.35,1.68,2.64,1.55,2.39,2011_23_madrid_mutua_madrile_a_madrid_open,2011_23_madrid_mutua_madrile_a_madrid_open_2011-04-30_R64_kvitova_p_dulgheru_a
tennis_data_uk,wta,2011,23,Mutua Madrileña Madrid Open,Madrid,2011-04-30,premier,True,clay,R64,64,3,Zvonareva V.,Schnyder P.,3,43,7615,1276.0,2,1,6,2,1,6,6,2,,,,,completed,1.1,6.5,1.12,7.83,1.13,8.38,1.1,6.47,2011_23_madrid_mutua_madrile_a_madrid_open,2011_23_madrid_mutua_madrile_a_madrid_open_2011-04-30_R64_zvonareva_v_schnyder_p
tennis_data_uk,wta,2011,23,Mutua Madrileña Madrid Open,Madrid,2011-04-30,premier,True,clay,R64,64,3,Radwanska A.,Shvedova Y.,11,53,3000,1140.0,2,1,2,6,6,1,6,3,,,,,completed,1.14,5.0,1.13,7.47,1.17,7.47,1.14,5.44,2011_23_madrid_mutua_madrile_a_madrid_open,2011_23_madrid_mutua_madrile_a_madrid_open_2011-04-30_R64_radwanska_a_shvedova_y
tennis_data_uk,wta,2011,23,Mutua Madrileña Madrid Open,Madrid,2011-04-30,premier,True,clay,R64,64,3,Azarenka V.,Dushevina V.,5,59,4630,1060.0,2,0,6,0,6,0,,,,,,,completed,1.12,5.5,1.14,7.05,1.17,7.05,1.13,5.6,2011_23_madrid_mutua_madrile_a_madrid_open,2011_23_madrid_mutua_madrile_a_madrid_open_2011-04-30_R64_azarenka_v_dushevina_v
tennis_data_uk,wta,2011,23,Mutua Madrileña Madrid Open,Madrid,2011-04-30,premier,True,clay,R64,64,3,Gajdosova J.,Kirilenko M.,31,26,1935,2140.0,2,1,7,5,3,6,7,6,,,,,completed,1.72,2.0,1.75,2.19,1.91,2.2,1.73,2.03,2011_23_madrid_mutua_madrile_a_madrid_open,2011_23_madrid_mutua_madrile_a_madrid_open_2011-04-30_R64_gajdosova_j_kirilenko_m
tennis_data_uk,wta,2011,23,Mutua Madrileña Madrid Open,Madrid,2011-04-30,premier,True,clay,R64,64,3,Stosur S.,Dulko G.,8,55,4136,1123.0,2,1,3,6,6,2,6,2,,,,,completed,1.25,3.75,1.34,3.56,1.34,4.33,1.26,3.67,2011_23_madrid_mutua_madrile_a_madrid_open,2011_23_madrid_mutua_madrile_a_madrid_open_2011-04-30_R64_stosur_s_dulko_g
tennis_data_uk,wta,2011,23,Mutua Madrileña Madrid Open,Madrid,2011-04-30,premier,True,clay,R64,64,3,Pavlyuchenkova A.,Zheng J.,21,54,2480,1137.0,2,0,6,0,6,1,,,,,,,completed,1.14,5.0,1.15,6.16,1.21,6.16,1.16,5.03,2011_23_madrid_mutua_madrile_a_madrid_open,2011_23_madrid_mutua_madrile_a_madrid_open_2011-04-30_R64_pavlyuchenkova_a_zheng_j
tennis_data_uk,wta,2011,23,Mutua Madrileña Madrid Open,Madrid,2011-04-30,premier,True,clay,R64,64,3,Petkovic A.,Dominguez Lino L.,15,48,2785,1174.0,2,0,6,3,6,1,,,,,,,completed,1.14,5.0,1.18,5.47,1.19,5.75,1.15,5.08,2011_23_madrid_mutua_madrile_a_madrid_open,2011_23_madrid_mutua_madrile_a_madrid_open_2011-04-30_R64_petkovic_a_dominguez_lino_l
tennis_data_uk,wta,2011,23,Mutua Madrileña Madrid Open,Madrid,2011-04-30,premier,True,clay,R64,64,3,Szavay A.,Pironkova T.,45,36,1222,1598.0,2,1,7,6,4,6,6,1,,,,,completed,1.3,3.4,1.36,3.38,1.4,3.6,1.32,3.24,2011_23_madrid_mutua_madrile_a_madrid_open,2011_23_madrid_mutua_madrile_a_madrid_open_2011-04-30_R64_szavay_a_pironkova_t
tennis_data_uk,wta,2011,23,Mutua Madrileña Madrid Open,Madrid,2011-04-30,premier,True,clay,R64,64,3,Cibulkova D.,Kuznetsova S.,28,14,2105,2870.0,2,0,6,3,6,2,,,,,,,completed,2.2,1.61,2.02,1.87,2.25,1.89,2.08,1.71,2011_23_madrid_mutua_madrile_a_madrid_open,2011_23_madrid_mutua_madrile_a_madrid_open_2011-04-30_R64_cibulkova_d_kuznetsova_s
tennis_data_uk,wta,2011,23,Mutua Madrileña Madrid Open,Madrid,2011-05-01,premier,True,clay,R64,64,3,Sharapova M.,Rus A.,9,106,3726,635.0,2,1,2,6,6,3,6,2,,,,,completed,1.14,5.0,1.17,5.63,1.18,6.0,1.16,5.0,2011_23_madrid_mutua_madrile_a_madrid_open,2011_23_madrid_mutua_madrile_a_madrid_open_2011-05-01_R64_sharapova_m_rus_a
tennis_data_uk,wta,2011,23,Mutua Madrileña Madrid Open,Madrid,2011-05-01,premier,True,clay,R64,64,3,Hantuchova D.,Date-Krumm K.,35,57,1665,1090.0,2,0,6,3,6,3,,,,,,,completed,1.2,4.33,1.24,4.52,1.25,4.85,1.21,4.24,2011_23_madrid_mutua_madrile_a_madrid_open,2011_23_madrid_mutua_madrile_a_madrid_open_2011-05-01_R64_hantuchova_d_date_krumm_k
tennis_data_uk,wta,2011,23,Mutua Madrileña Madrid Open,Madrid,2011-05-01,premier,True,clay,R64,64,3,Schiavone F.,Peng S.,4,30,4892,1965.0,2,0,7,5,7,6,,,,,,,completed,1.72,2.0,1.86,2.03,1.95,2.15,1.75,2.01,2011_23_madrid_mutua_madrile_a_madrid_open,2011_23_madrid_mutua_madrile_a_madrid_open_2011-05-01_R64_schiavone_f_peng_s
tennis_data_uk,wta,2011,23,Mutua Madrileña Madrid Open,Madrid,2011-05-01,premier,True,clay,R64,64,3,Parra Santonja A.,Pennetta F.,70,20,921,2570.0,2,0,6,3,7,5,,,,,,,completed,5.0,1.14,5.26,1.19,5.5,1.2,4.82,1.17,2011_23_madrid_mutua_madrile_a_madrid_open,2011_23_madrid_mutua_madrile_a_madrid_open_2011-05-01_R64_parra_santonja_a_pennetta_f
tennis_data_uk,wta,2011,23,Mutua Madrileña Madrid Open,Madrid,2011-05-01,premier,True,clay,R64,64,3,Goerges J.,Kanepi K.,27,19,2120,2611.0,2,1,6,7,6,1,6,4,,,,,completed,1.5,2.5,1.53,2.67,1.56,2.8,1.5,2.52,2011_23_madrid_mutua_madrile_a_madrid_open,2011_23_madrid_mutua_madrile_a_madrid_open_2011-05-01_R64_goerges_j_kanepi_k
tennis_data_uk,wta,2011,23,Mutua Madrileña Madrid Open,Madrid,2011-05-01,premier,True,clay,R64,64,3,Arvidsson S.,Rezai A.,90,24,771,2280.0,2,1,6,3,3,6,6,4,,,,,completed,2.2,1.61,2.17,1.76,2.25,1.8,2.09,1.7,2011_23_madrid_mutua_madrile_a_madrid_open,2011_23_madrid_mutua_madrile_a_madrid_open_2011-05-01_R64_arvidsson_s_rezai_a
tennis_data_uk,wta,2011,23,Mutua Madrileña Madrid Open,Madrid,2011-05-01,premier,True,clay,R64,64,3,Wozniacki C.,Morita A.,1,56,9970,1098.0,2,0,6,2,6,3,,,,,,,completed,1.02,12.0,1.02,26.0,1.03,34.57,1.02,14.98,2011_23_madrid_mutua_madrile_a_madrid_open,2011_23_madrid_mutua_madrile_a_madrid_open_2011-05-01_R64_wozniacki_c_morita_a
tennis_data_uk,wta,2011,23,Mutua Madrileña Madrid Open,Madrid,2011-05-01,premier,True,clay,R64,64,3,Bartoli M.,Halep S.,12,68,2925,939.0,2,0,6,4,6,1,,,,,,,completed,2.1,1.66,2.3,1.68,2.35,1.75,2.16,1.66,2011_23_madrid_mutua_madrile_a_madrid_open,2011_23_madrid_mutua_madrile_a_madrid_open_2011-05-01_R64_bartoli_m_halep_s
tennis_data_uk,wta,2011,23,Mutua Madrileña Madrid Open,Madrid,2011-05-01,premier,True,clay,R64,64,3,Vesnina E.,Mirza S.,44,77,1245,882.0,2,0,6,4,6,3,,,,,,,completed,1.5,2.5,1.56,2.56,1.58,2.75,1.49,2.52,2011_23_madrid_mutua_madrile_a_madrid_open,2011_23_madrid_mutua_madrile_a_madrid_open_2011-05-01_R64_vesnina_e_mirza_s
tennis_data_uk,wta,2011,23,Mutua Madrileña Madrid Open,Madrid,2011-05-01,premier,True,clay,R64,64,3,Mattek-Sands B.,Ivanovic A.,41,17,1316,2750.0,2,1,0,6,6,4,6,4,,,,,completed,3.5,1.28,3.95,1.29,3.95,1.33,3.48,1.28,2011_23_madrid_mutua_madrile_a_madrid_open,2011_23_madrid_mutua_madrile_a_madrid_open_2011-05-01_R64_mattek_sands_b_ivanovic_a
tennis_data_uk,wta,2011,23,Mutua Madrileña Madrid Open,Madrid,2011-05-01,premier,True,clay,R64,64,3,Errani S.,Zakopalova K.,40,34,1360,1705.0,2,0,7,6,6,4,,,,,,,completed,1.5,2.5,1.62,2.42,1.64,2.6,1.55,2.38,2011_23_madrid_mutua_madrile_a_madrid_open,2011_23_madrid_mutua_madrile_a_madrid_open_2011-05-01_R64_errani_s_zakopalova_k
tennis_data_uk,wta,2011,23,Mutua Madrileña Madrid Open,Madrid,2011-05-01,premier,True,clay,R64,64,3,Makarova E.,Wickmayer Y.,39,22,1436,2345.0,2,0,6,4,6,4,,,,,,,completed,4.0,1.22,4.52,1.24,4.52,1.29,3.95,1.24,2011_23_madrid_mutua_madrile_a_madrid_open,2011_23_madrid_mutua_madrile_a_madrid_open_2011-05-01_R64_makarova_e_wickmayer_y
tennis_data_uk,wta,2011,23,Mutua Madrileña Madrid Open,Madrid,2011-05-01,premier,True,clay,R64,64,3,Jovanovski B.,Arn G.,58,46,1075,1190.0,2,1,6,4,2,6,6,3,,,,,completed,1.53,2.37,1.55,2.61,1.57,2.65,1.53,2.43,2011_23_madrid_mutua_madrile_a_madrid_open,2011_23_madrid_mutua_madrile_a_madrid_open_2011-05-01_R64_jovanovski_b_arn_g
tennis_data_uk,wta,2011,23,Mutua Madrileña Madrid Open,Madrid,2011-05-01,premier,True,clay,R64,64,3,Scheepers C.,Niculescu M.,79,49,862,1160.0,2,1,4,6,6,3,7,6,,,,,completed,1.83,1.83,1.95,1.93,2.0,2.05,1.86,1.87,2011_23_madrid_mutua_madrile_a_madrid_open,2011_23_madrid_mutua_madrile_a_madrid_open_2011-05-01_R64_scheepers_c_niculescu_m
tennis_data_uk,wta,2011,23,Mutua Madrileña Madrid Open,Madrid,2011-05-01,premier,True,clay,R64,64,3,King V.,Petrova N.,110,23,625,2345.0,2,0,6,1,7,6,,,,,,,completed,4.5,1.16,4.67,1.23,4.67,1.25,4.04,1.23,2011_23_madrid_mutua_madrile_a_madrid_open,2011_23_madrid_mutua_madrile_a_madrid_open_2011-05-01_R64_king_v_petrova_n
tennis_data_uk,wta,2011,23,Mutua Madrileña Madrid Open,Madrid,2011-05-01,premier,True,clay,R64,64,3,Jankovic J.,Pous-Tio L.,7,82,4235,825.0,2,0,6,2,6,0,,,,,,,completed,1.14,5.0,1.24,4.44,1.25,5.05,1.18,4.57,2011_23_madrid_mutua_madrile_a_madrid_open,2011_23_madrid_mutua_madrile_a_madrid_open_2011-05-01_R64_jankovic_j_pous_tio_l
tennis_data_uk,wta,2011,23,Mutua Madrileña Madrid Open,Madrid,2011-05-02,premier,True,clay,R64,64,3,Vinci R.,Govortsova O.,37,115,1545,594.0,2,0,6,4,6,0,,,,,,,completed,1.4,2.75,1.45,2.94,1.5,3.0,1.43,2.71,2011_23_madrid_mutua_madrile_a_madrid_open,2011_23_madrid_mutua_madrile_a_madrid_open_2011-05-02_R64_vinci_r_govortsova_o
tennis_data_uk,wta,2011,23,Mutua Madrileña Madrid Open,Madrid,2011-05-02,premier,True,clay,R64,64,3,Benesova I.,Zahlavova Strycova B.,65,47,993,1185.0,2,0,6,3,6,2,,,,,,,completed,1.61,2.2,1.7,2.26,1.89,2.26,1.73,2.04,2011_23_madrid_mutua_madrile_a_madrid_open,2011_23_madrid_mutua_madrile_a_madrid_open_2011-05-02_R64_benesova_i_zahlavova_strycova_b
tennis_data_uk,wta,2011,23,Mutua Madrileña Madrid Open,Madrid,2011-05-02,premier,True,clay,R64,64,3,Kleybanova A.,Peer S.,25,13,2165,2890.0,2,0,6,3,6,2,,,,,,,completed,2.75,1.4,2.8,1.49,2.9,1.5,2.66,1.45,2011_23_madrid_mutua_madrile_a_madrid_open,2011_23_madrid_mutua_madrile_a_madrid_open_2011-05-02_R64_kleybanova_a_peer_s
tennis_data_uk,wta,2011,23,Mutua Madrileña Madrid Open,Madrid,2011-05-02,premier,True,clay,R64,64,3,Li N.,Martinez-Sanchez M.J.,6,33,4240,1707.0,2,0,6,4,7,6,,,,,,,completed,1.83,1.83,2.06,1.84,2.06,2.0,1.86,1.88,2011_23_madrid_mutua_madrile_a_madrid_open,2011_23_madrid_mutua_madrile_a_madrid_open_2011-05-02_R64_li_n_martinez_sanchez_m_j
tennis_data_uk,wta,2011,23,Mutua Madrileña Madrid Open,Madrid,2011-05-02,premier,True,clay,R64,64,3,Safarova L.,Medina Garrigues A.,32,42,1800,1280.0,2,1,6,2,2,6,7,6,,,,,completed,2.37,1.53,2.67,1.53,2.69,1.62,2.39,1.54,2011_23_madrid_mutua_madrile_a_madrid_open,2011_23_madrid_mutua_madrile_a_madrid_open_2011-05-02_R64_safarova_l_medina_garrigues_a
tennis_data_uk,wta,2011,23,Mutua Madrileña Madrid Open,Madrid,2011-05-02,premier,True,clay,R64,64,3,Safina D.,Llagostera Vives N.,76,119,890,569.0,2,1,5,7,6,4,6,3,,,,,completed,1.28,3.5,1.29,3.94,1.33,4.15,1.26,3.68,2011_23_madrid_mutua_madrile_a_madrid_open,2011_23_madrid_mutua_madrile_a_madrid_open_2011-05-02_R64_safina_d_llagostera_vives_n
tennis_data_uk,wta,2011,23,Mutua Madrileña Madrid Open,Madrid,2011-05-02,premier,True,clay,R32,32,3,Cibulkova D.,Szavay A.,28,45,2105,1222.0,,,,,,,,,,,,,walkover,1.5,2.5,1.53,2.69,1.6,2.74,1.51,2.48,2011_23_madrid_mutua_madrile_a_madrid_open,2011_23_madrid_mutua_madrile_a_madrid_open_2011-05-02_R32_cibulkova_d_szavay_a
tennis_data_uk,wta,2011,23,Mutua Madrileña Madrid Open,Madrid,2011-05-02,premier,True,clay,R32,32,3,Sharapova M.,Makarova E.,9,39,3726,1436.0,2,1,6,3,3,6,6,1,,,,,completed,1.33,3.25,1.36,3.44,1.4,3.44,1.35,3.08,2011_23_madrid_mutua_madrile_a_madrid_open,2011_23_madrid_mutua_madrile_a_madrid_open_2011-05-02_R32_sharapova_m_makarova_e
tennis_data_uk,wta,2011,23,Mutua Madrileña Madrid Open,Madrid,2011-05-02,premier,True,clay,R32,32,3,Parra Santonja A.,Petkovic A.,70,15,921,2785.0,2,0,6,2,7,6,,,,,,,completed,6.5,1.1,6.73,1.14,7.0,1.17,5.59,1.13,2011_23_madrid_mutua_madrile_a_madrid_open,2011_23_madrid_mutua_madrile_a_madrid_open_2011-05-02_R32_parra_santonja_a_petkovic_a
tennis_data_uk,wta,2011,23,Mutua Madrileña Madrid Open,Madrid,2011-05-02,premier,True,clay,R32,32,3,Azarenka V.,Arvidsson S.,5,90,4630,771.0,2,0,6,1,6,1,,,,,,,completed,1.03,11.0,1.07,11.25,1.07,14.0,1.05,9.63,2011_23_madrid_mutua_madrile_a_madrid_open,2011_23_madrid_mutua_madrile_a_madrid_open_2011-05-02_R32_azarenka_v_arvidsson_s
tennis_data_uk,wta,2011,23,Mutua Madrileña Madrid Open,Madrid,2011-05-02,premier,True,clay,R32,32,3,Zvonareva V.,Vesnina E.,3,44,7615,1245.0,2,1,0,6,6,3,6,3,,,,,completed,1.25,3.75,1.32,3.71,1.33,4.1,1.26,3.74,2011_23_madrid_mutua_madrile_a_madrid_open,2011_23_madrid_mutua_madrile_a_madrid_open_2011-05-02_R32_zvonareva_v_vesnina_e
tennis_data_uk,wta,2011,23,Mutua Madrileña Madrid Open,Madrid,2011-05-03,premier,True,clay,R32,32,3,Mattek-Sands B.,King V.,41,110,1316,625.0,2,0,6,0,6,2,,,,,,,completed,1.4,2.75,1.46,2.95,1.48,3.1,1.42,2.77,2011_23_madrid_mutua_madrile_a_madrid_open,2011_23_madrid_mutua_madrile_a_madrid_open_2011-05-03_R32_mattek_sands_b_king_v
tennis_data_uk,wta,2011,23,Mutua Madrileña Madrid Open,Madrid,2011-05-03,premier,True,clay,R32,32,3,Stosur S.,Hantuchova D.,8,35,4136,1665.0,2,0,7,6,7,5,,,,,,,completed,1.36,3.0,1.51,2.77,1.52,3.0,1.4,2.85,2011_23_madrid_mutua_madrile_a_madrid_open,2011_23_madrid_mutua_madrile_a_madrid_open_2011-05-03_R32_stosur_s_hantuchova_d
tennis_data_uk,wta,2011,23,Mutua Madrileña Madrid Open,Madrid,2011-05-03,premier,True,clay,R32,32,3,Kvitova P.,Scheepers C.,18,79,2743,862.0,2,0,6,3,6,3,,,,,,,completed,1.14,5.0,1.3,3.92,1.3,5.1,1.19,4.48,2011_23_madrid_mutua_madrile_a_madrid_open,2011_23_madrid_mutua_madrile_a_madrid_open_2011-05-03_R32_kvitova_p_scheepers_c
tennis_data_uk,wta,2011,23,Mutua Madrileña Madrid Open,Madrid,2011-05-03,premier,True,clay,R32,32,3,Wozniacki C.,Jovanovski B.,1,58,9970,1075.0,2,0,6,4,6,4,,,,,,,completed,1.03,11.0,1.05,13.0,1.06,16.0,1.04,10.95,2011_23_madrid_mutua_madrile_a_madrid_open,2011_23_madrid_mutua_madrile_a_madrid_open_2011-05-03_R32_wozniacki_c_jovanovski_b
tennis_data_uk,wta,2011,23,Mutua Madrileña Madrid Open,Madrid,2011-05-03,premier,True,clay,R32,32,3,Gajdosova J.,Radwanska A.,31,11,1935,3000.0,2,1,3,6,6,3,6,3,,,,,completed,3.75,1.25,4.12,1.28,4.19,1.31,3.67,1.26,2011_23_madrid_mutua_madrile_a_madrid_open,2011_23_madrid_mutua_madrile_a_madrid_open_2011-05-03_R32_gajdosova_j_radwanska_a
tennis_data_uk,wta,2011,23,Mutua Madrileña Madrid Open,Madrid,2011-05-03,premier,True,clay,R32,32,3,Pavlyuchenkova A.,Bartoli M.,21,12,2480,2925.0,2,0,7,5,6,1,,,,,,,completed,1.44,2.62,1.56,2.61,1.56,2.75,1.48,2.58,2011_23_madrid_mutua_madrile_a_madrid_open,2011_23_madrid_mutua_madrile_a_madrid_open_2011-05-03_R32_pavlyuchenkova_a_bartoli_m
tennis_data_uk,wta,2011,23,Mutua Madrileña Madrid Open,Madrid,2011-05-03,premier,True,clay,R32,32,3,Schiavone F.,Errani S.,4,40,4892,1360.0,2,1,6,0,2,6,6,3,,,,,completed,1.5,2.5,1.5,2.8,1.57,2.8,1.49,2.54,2011_23_madrid_mutua_madrile_a_madrid_open,2011_23_madrid_mutua_madrile_a_madrid_open_2011-05-03_R32_schiavone_f_errani_s
tennis_data_uk,wta,2011,23,Mutua Madrileña Madrid Open,Madrid,2011-05-04,premier,True,clay,R32,32,3,Vinci R.,Kleybanova A.,37,25,1545,2165.0,2,0,6,2,6,2,,,,,,,completed,2.1,1.66,2.11,1.81,2.25,1.81,2.05,1.72,2011_23_madrid_mutua_madrile_a_madrid_open,2011_23_madrid_mutua_madrile_a_madrid_open_2011-05-04_R32_vinci_r_kleybanova_a
tennis_data_uk,wta,2011,23,Mutua Madrileña Madrid Open,Madrid,2011-05-04,premier,True,clay,R32,32,3,Li N.,Benesova I.,6,65,4240,993.0,2,0,6,1,6,4,,,,,,,completed,1.22,4.0,1.24,4.58,1.3,4.58,1.25,3.83,2011_23_madrid_mutua_madrile_a_madrid_open,2011_23_madrid_mutua_madrile_a_madrid_open_2011-05-04_R32_li_n_benesova_i
tennis_data_uk,wta,2011,23,Mutua Madrileña Madrid Open,Madrid,2011-05-04,premier,True,clay,R32,32,3,Goerges J.,Safina D.,27,76,2120,890.0,2,1,6,4,4,6,6,4,,,,,completed,1.5,2.5,1.48,2.86,1.57,2.86,1.52,2.46,2011_23_madrid_mutua_madrile_a_madrid_open,2011_23_madrid_mutua_madrile_a_madrid_open_2011-05-04_R32_goerges_j_safina_d
tennis_data_uk,wta,2011,23,Mutua Madrileña Madrid Open,Madrid,2011-05-04,premier,True,clay,R32,32,3,Safarova L.,Jankovic J.,32,7,1800,4235.0,2,1,6,4,4,6,7,5,,,,,completed,3.75,1.25,4.5,1.25,4.5,1.3,3.88,1.24,2011_23_madrid_mutua_madrile_a_madrid_open,2011_23_madrid_mutua_madrile_a_madrid_open_2011-05-04_R32_safarova_l_jankovic_j
tennis_data_uk,wta,2011,23,Mutua Madrileña Madrid Open,Madrid,2011-05-04,premier,True,clay,R16,16,3,Kvitova P.,Zvonareva V.,18,3,2743,7615.0,2,0,6,1,6,4,,,,,,,completed,2.2,1.61,2.44,1.64,2.49,1.71,2.21,1.63,2011_23_madrid_mutua_madrile_a_madrid_open,2011_23_madrid_mutua_madrile_a_madrid_open_2011-05-04_R16_kvitova_p_zvonareva_v
tennis_data_uk,wta,2011,23,Mutua Madrileña Madrid Open,Madrid,2011-05-04,premier,True,clay,R16,16,3,Cibulkova D.,Sharapova M.,28,9,2105,3726.0,2,0,7,5,6,4,,,,,,,completed,1.83,1.83,2.0,1.93,2.1,1.93,1.96,1.8,2011_23_madrid_mutua_madrile_a_madrid_open,2011_23_madrid_mutua_madrile_a_madrid_open_2011-05-04_R16_cibulkova_d_sharapova_m
tennis_data_uk,wta,2011,23,Mutua Madrileña Madrid Open,Madrid,2011-05-05,premier,True,clay,R16,16,3,Goerges J.,Wozniacki C.,27,1,2120,9970.0,2,1,6,4,1,6,6,3,,,,,completed,3.75,1.25,4.45,1.26,4.45,1.33,3.73,1.26,2011_23_madrid_mutua_madrile_a_madrid_open,2011_23_madrid_mutua_madrile_a_madrid_open_2011-05-05_R16_goerges_j_wozniacki_c
tennis_data_uk,wta,2011,23,Mutua Madrileña Madrid Open,Madrid,2011-05-05,premier,True,clay,R16,16,3,Li N.,Vinci R.,6,37,4240,1545.0,2,1,2,6,6,2,6,1,,,,,completed,1.36,3.0,1.49,2.86,1.5,3.0,1.42,2.77,2011_23_madrid_mutua_madrile_a_madrid_open,2011_23_madrid_mutua_madrile_a_madrid_open_2011-05-05_R16_li_n_vinci_r
tennis_data_uk,wta,2011,23,Mutua Madrileña Madrid Open,Madrid,2011-05-05,premier,True,clay,R16,16,3,Pavlyuchenkova A.,Stosur S.,21,8,2480,4136.0,2,0,7,6,6,3,,,,,,,completed,2.2,1.61,2.19,1.78,2.25,1.82,2.13,1.67,2011_23_madrid_mutua_madrile_a_madrid_open,2011_23_madrid_mutua_madrile_a_madrid_open_2011-05-05_R16_pavlyuchenkova_a_stosur_s
tennis_data_uk,wta,2011,23,Mutua Madrileña Madrid Open,Madrid,2011-05-05,premier,True,clay,R16,16,3,Azarenka V.,Parra Santonja A.,5,70,4630,921.0,2,0,6,0,6,3,,,,,,,completed,1.08,7.0,1.11,8.5,1.13,8.5,1.1,6.43,2011_23_madrid_mutua_madrile_a_madrid_open,2011_23_madrid_mutua_madrile_a_madrid_open_2011-05-05_R16_azarenka_v_parra_santonja_a
tennis_data_uk,wta,2011,23,Mutua Madrileña Madrid Open,Madrid,2011-05-05,premier,True,clay,R16,16,3,Mattek-Sands B.,Schiavone F.,41,4,1316,4892.0,2,0,7,6,6,3,,,,,,,completed,2.62,1.44,2.58,1.58,2.8,1.58,2.58,1.48,2011_23_madrid_mutua_madrile_a_madrid_open,2011_23_madrid_mutua_madrile_a_madrid_open_2011-05-05_R16_mattek_sands_b_schiavone_f
tennis_data_uk,wta,2011,23,Mutua Madrileña Madrid Open,Madrid,2011-05-05,premier,True,clay,R16,16,3,Safarova L.,Gajdosova J.,32,31,1800,1935.0,2,0,6,3,6,3,,,,,,,completed,1.8,1.9,1.79,2.17,1.9,2.17,1.78,1.98,2011_23_madrid_mutua_madrile_a_madrid_open,2011_23_madrid_mutua_madrile_a_madrid_open_2011-05-05_R16_safarova_l_gajdosova_j
tennis_data_uk,wta,2011,23,Mutua Madrileña Madrid Open,Madrid,2011-05-06,premier,True,clay,QF,8,3,Goerges J.,Pavlyuchenkova A.,27,21,2120,2480.0,2,0,6,4,6,2,,,,,,,completed,2.0,1.72,2.32,1.7,2.32,1.9,2.07,1.72,2011_23_madrid_mutua_madrile_a_madrid_open,2011_23_madrid_mutua_madrile_a_madrid_open_2011-05-06_QF_goerges_j_pavlyuchenkova_a
tennis_data_uk,wta,2011,23,Mutua Madrileña Madrid Open,Madrid,2011-05-06,premier,True,clay,QF,8,3,Azarenka V.,Safarova L.,5,32,4630,1800.0,2,1,6,3,3,6,6,2,,,,,completed,1.11,6.0,1.16,6.32,1.22,6.32,1.15,5.11,2011_23_madrid_mutua_madrile_a_madrid_open,2011_23_madrid_mutua_madrile_a_madrid_open_2011-05-06_QF_azarenka_v_safarova_l
tennis_data_uk,wta,2011,23,Mutua Madrileña Madrid Open,Madrid,2011-05-06,premier,True,clay,QF,8,3,Li N.,Mattek-Sands B.,6,41,4240,1316.0,2,1,6,4,3,6,6,4,,,,,completed,1.44,2.62,1.5,2.85,1.57,2.88,1.49,2.56,2011_23_madrid_mutua_madrile_a_madrid_open,2011_23_madrid_mutua_madrile_a_madrid_open_2011-05-06_QF_li_n_mattek_sands_b
tennis_data_uk,wta,2011,23,Mutua Madrileña Madrid Open,Madrid,2011-05-06,premier,True,clay,QF,8,3,Kvitova P.,Cibulkova D.,18,28,2743,2105.0,2,1,3,6,6,3,7,5,,,,,completed,1.5,2.5,1.43,3.1,1.59,3.1,1.5,2.54,2011_23_madrid_mutua_madrile_a_madrid_open,2011_23_madrid_mutua_madrile_a_madrid_open_2011-05-06_QF_kvitova_p_cibulkova_d
tennis_data_uk,wta,2011,23,Mutua Madrileña Madrid Open,Madrid,2011-05-07,premier,True,clay,SF,4,3,Azarenka V.,Goerges J.,5,27,4630,2120.0,2,0,6,4,6,2,,,,,,,completed,1.44,2.75,1.43,3.14,1.55,3.15,1.43,2.75,2011_23_madrid_mutua_madrile_a_madrid_open,2011_23_madrid_mutua_madrile_a_madrid_open_2011-05-07_SF_azarenka_v_goerges_j
tennis_data_uk,wta,2011,23,Mutua Madrileña Madrid Open,Madrid,2011-05-07,premier,True,clay,SF,4,3,Kvitova P.,Li N.,18,6,2743,4240.0,2,0,6,3,6,1,,,,,,,completed,1.72,2.1,1.73,2.26,1.83,2.26,1.7,2.1,2011_23_madrid_mutua_madrile_a_madrid_open,2011_23_madrid_mutua_madrile_a_madrid_open_2011-05-07_SF_kvitova_p_li_n
tennis_data_uk,wta,2011,23,Mutua Madrileña Madrid Open,Madrid,2011-05-08,premier,True,clay,F,2,3,Kvitova P.,Azarenka V.,18,5,2743,4630.0,2,0,7,6,6,4,,,,,,,completed,2.87,1.4,3.15,1.42,3.15,1.46,2.86,1.41,2011_23_madrid_mutua_madrile_a_madrid_open,2011_23_madrid_mutua_madrile_a_madrid_open_2011-05-08_F_kvitova_p_azarenka_v
tennis_data_uk,wta,2011,24,Internazionali BNL d'Italia,Rome,2011-05-09,premier,True,clay,R64,64,3,Benesova I.,Dulko G.,58,52,1065,1127.0,2,0,6,2,6,1,,,,,,,completed,2.25,1.57,2.4,1.63,2.45,1.66,2.31,1.58,2011_24_rome_internazionali_bnl_d_italia,2011_24_rome_internazionali_bnl_d_italia_2011-05-09_R64_benesova_i_dulko_g
tennis_data_uk,wta,2011,24,Internazionali BNL d'Italia,Rome,2011-05-09,premier,True,clay,R64,64,3,Dominguez Lino L.,Zahlavova Strycova B.,46,49,1173,1150.0,2,1,6,1,0,6,7,6,,,,,completed,1.72,2.0,1.94,1.94,1.94,2.1,1.77,1.98,2011_24_rome_internazionali_bnl_d_italia,2011_24_rome_internazionali_bnl_d_italia_2011-05-09_R64_dominguez_lino_l_zahlavova_strycova_b
tennis_data_uk,wta,2011,24,Internazionali BNL d'Italia,Rome,2011-05-09,premier,True,clay,R64,64,3,Mchale C.,Peng S.,92,31,752,1840.0,2,1,6,3,2,6,7,6,,,,,completed,3.5,1.28,3.51,1.34,3.55,1.4,3.17,1.33,2011_24_rome_internazionali_bnl_d_italia,2011_24_rome_internazionali_bnl_d_italia_2011-05-09_R64_mchale_c_peng_s
tennis_data_uk,wta,2011,24,Internazionali BNL d'Italia,Rome,2011-05-09,premier,True,clay,R64,64,3,Arn G.,Kuznetsova S.,48,13,1165,2845.0,2,1,3,6,7,6,7,6,,,,,completed,5.0,1.14,4.79,1.22,5.0,1.25,4.29,1.2,2011_24_rome_internazionali_bnl_d_italia,2011_24_rome_internazionali_bnl_d_italia_2011-05-09_R64_arn_g_kuznetsova_s
tennis_data_uk,wta,2011,24,Internazionali BNL d'Italia,Rome,2011-05-09,premier,True,clay,R64,64,3,Medina Garrigues A.,Schnyder P.,42,43,1215,1211.0,2,0,6,3,6,2,,,,,,,completed,1.57,2.25,1.65,2.36,2.38,2.5,1.59,2.31,2011_24_rome_internazionali_bnl_d_italia,2011_24_rome_internazionali_bnl_d_italia_2011-05-09_R64_medina_garrigues_a_schnyder_p
tennis_data_uk,wta,2011,24,Internazionali BNL d'Italia,Rome,2011-05-09,premier,True,clay,R64,64,3,Dushevina V.,Morita A.,60,56,1045,1073.0,2,0,6,3,6,1,,,,,,,completed,1.72,2.0,1.83,2.07,1.85,2.1,1.79,1.95,2011_24_rome_internazionali_bnl_d_italia,2011_24_rome_internazionali_bnl_d_italia_2011-05-09_R64_dushevina_v_morita_a
tennis_data_uk,wta,2011,24,Internazionali BNL d'Italia,Rome,2011-05-09,premier,True,clay,R64,64,3,Makarova E.,Martinez-Sanchez M.J.,37,392,1486,101.0,2,1,6,0,5,7,6,4,,,,,completed,3.0,1.36,3.19,1.4,3.21,2.0,2.83,1.41,2011_24_rome_internazionali_bnl_d_italia,2011_24_rome_internazionali_bnl_d_italia_2011-05-09_R64_makarova_e_martinez_sanchez_m_j
tennis_data_uk,wta,2011,24,Internazionali BNL d'Italia,Rome,2011-05-09,premier,True,clay,R64,64,3,Hercog P.,Dulgheru A.,69,29,940,1975.0,2,0,6,1,7,5,,,,,,,completed,2.2,1.61,2.18,1.75,2.38,1.75,2.2,1.63,2011_24_rome_internazionali_bnl_d_italia,2011_24_rome_internazionali_bnl_d_italia_2011-05-09_R64_hercog_p_dulgheru_a
tennis_data_uk,wta,2011,24,Internazionali BNL d'Italia,Rome,2011-05-09,premier,True,clay,R64,64,3,Vesnina E.,Paszek T.,41,88,1295,788.0,2,0,6,4,6,4,,,,,,,completed,1.44,2.62,1.6,2.47,1.6,2.74,1.51,2.5,2011_24_rome_internazionali_bnl_d_italia,2011_24_rome_internazionali_bnl_d_italia_2011-05-09_R64_vesnina_e_paszek_t
tennis_data_uk,wta,2011,24,Internazionali BNL d'Italia,Rome,2011-05-09,premier,True,clay,R64,64,3,Bartoli M.,Parra Santonja A.,12,78,2880,861.0,2,0,6,2,6,3,,,,,,,completed,1.72,2.0,1.89,2.0,1.89,2.13,1.77,1.99,2011_24_rome_internazionali_bnl_d_italia,2011_24_rome_internazionali_bnl_d_italia_2011-05-09_R64_bartoli_m_parra_santonja_a
tennis_data_uk,wta,2011,24,Internazionali BNL d'Italia,Rome,2011-05-09,premier,True,clay,R64,64,3,Kleybanova A.,Lepchenko V.,26,86,2175,802.0,2,0,6,2,6,2,,,,,,,completed,1.36,3.0,1.45,2.94,1.45,3.25,1.38,2.94,2011_24_rome_internazionali_bnl_d_italia,2011_24_rome_internazionali_bnl_d_italia_2011-05-09_R64_kleybanova_a_lepchenko_v
tennis_data_uk,wta,2011,24,Internazionali BNL d'Italia,Rome,2011-05-09,premier,True,clay,R64,64,3,Wickmayer Y.,Kerber A.,24,71,2225,918.0,2,1,4,6,6,3,6,3,,,,,completed,1.28,3.5,1.31,3.77,1.32,3.79,1.29,3.47,2011_24_rome_internazionali_bnl_d_italia,2011_24_rome_internazionali_bnl_d_italia_2011-05-09_R64_wickmayer_y_kerber_a
tennis_data_uk,wta,2011,24,Internazionali BNL d'Italia,Rome,2011-05-09,premier,True,clay,R64,64,3,Gajdosova J.,Dentoni C.,28,140,2005,452.0,2,0,6,1,6,2,,,,,,,completed,1.08,7.0,1.1,8.15,1.14,9.4,1.11,6.3,2011_24_rome_internazionali_bnl_d_italia,2011_24_rome_internazionali_bnl_d_italia_2011-05-09_R64_gajdosova_j_dentoni_c
tennis_data_uk,wta,2011,24,Internazionali BNL d'Italia,Rome,2011-05-09,premier,True,clay,R64,64,3,Hantuchova D.,Pironkova T.,33,36,1685,1595.0,2,0,6,4,6,2,,,,,,,completed,1.22,4.0,1.24,4.52,1.29,4.52,1.24,3.92,2011_24_rome_internazionali_bnl_d_italia,2011_24_rome_internazionali_bnl_d_italia_2011-05-09_R64_hantuchova_d_pironkova_t
tennis_data_uk,wta,2011,24,Internazionali BNL d'Italia,Rome,2011-05-09,premier,True,clay,R64,64,3,Ivanovic A.,Petrova N.,22,27,2360,2125.0,1,0,6,0,3,0,,,,,,,retired,1.33,3.25,1.45,2.96,1.45,3.26,1.39,2.89,2011_24_rome_internazionali_bnl_d_italia,2011_24_rome_internazionali_bnl_d_italia_2011-05-09_R64_ivanovic_a_petrova_n
tennis_data_uk,wta,2011,24,Internazionali BNL d'Italia,Rome,2011-05-10,premier,True,clay,R64,64,3,Brianti A.,Zheng J.,65,50,958,1141.0,2,0,6,4,7,5,,,,,,,completed,1.36,3.0,1.48,2.83,1.48,3.25,1.38,2.91,2011_24_rome_internazionali_bnl_d_italia,2011_24_rome_internazionali_bnl_d_italia_2011-05-10_R64_brianti_a_zheng_j
tennis_data_uk,wta,2011,24,Internazionali BNL d'Italia,Rome,2011-05-10,premier,True,clay,R64,64,3,Safarova L.,Date-Krumm K.,32,59,1825,1065.0,2,0,7,5,6,2,,,,,,,completed,1.08,7.0,1.13,6.81,1.17,7.3,1.12,5.96,2011_24_rome_internazionali_bnl_d_italia,2011_24_rome_internazionali_bnl_d_italia_2011-05-10_R64_safarova_l_date_krumm_k
tennis_data_uk,wta,2011,24,Internazionali BNL d'Italia,Rome,2011-05-10,premier,True,clay,R64,64,3,Rodionova An.,Shvedova Y.,80,55,845,1075.0,2,0,6,4,6,4,,,,,,,completed,2.5,1.5,2.6,1.55,2.8,1.59,2.48,1.51,2011_24_rome_internazionali_bnl_d_italia,2011_24_rome_internazionali_bnl_d_italia_2011-05-10_R64_rodionova_an_shvedova_y
tennis_data_uk,wta,2011,24,Internazionali BNL d'Italia,Rome,2011-05-10,premier,True,clay,R64,64,3,Oprandi R.,Kanepi K.,85,18,809,2615.0,2,1,7,5,3,6,6,1,,,,,completed,3.5,1.28,3.46,1.35,3.8,1.35,3.51,1.28,2011_24_rome_internazionali_bnl_d_italia,2011_24_rome_internazionali_bnl_d_italia_2011-05-10_R64_oprandi_r_kanepi_k
tennis_data_uk,wta,2011,24,Internazionali BNL d'Italia,Rome,2011-05-10,premier,True,clay,R64,64,3,Errani S.,Vinci R.,39,35,1370,1615.0,1,0,6,2,1,0,,,,,,,retired,1.4,2.75,1.55,2.6,2.13,3.0,1.54,2.53,2011_24_rome_internazionali_bnl_d_italia,2011_24_rome_internazionali_bnl_d_italia_2011-05-10_R64_errani_s_vinci_r
tennis_data_uk,wta,2011,24,Internazionali BNL d'Italia,Rome,2011-05-10,premier,True,clay,R64,64,3,Petkovic A.,Kirilenko M.,15,30,2740,1920.0,2,0,7,5,6,1,,,,,,,completed,1.36,3.0,1.4,3.18,1.44,3.26,1.38,2.93,2011_24_rome_internazionali_bnl_d_italia,2011_24_rome_internazionali_bnl_d_italia_2011-05-10_R64_petkovic_a_kirilenko_m
tennis_data_uk,wta,2011,24,Internazionali BNL d'Italia,Rome,2011-05-10,premier,True,clay,R64,64,3,Pavlyuchenkova A.,Scheepers C.,16,67,2670,952.0,2,0,6,3,7,5,,,,,,,completed,1.14,5.0,1.21,5.0,1.24,5.1,1.19,4.49,2011_24_rome_internazionali_bnl_d_italia,2011_24_rome_internazionali_bnl_d_italia_2011-05-10_R64_pavlyuchenkova_a_scheepers_c
tennis_data_uk,wta,2011,24,Internazionali BNL d'Italia,Rome,2011-05-10,premier,True,clay,R64,64,3,Peer S.,Jovanovski B.,14,53,2770,1125.0,2,1,3,6,6,0,6,4,,,,,completed,1.66,2.1,1.81,2.1,1.81,2.41,1.65,2.17,2011_24_rome_internazionali_bnl_d_italia,2011_24_rome_internazionali_bnl_d_italia_2011-05-10_R64_peer_s_jovanovski_b
tennis_data_uk,wta,2011,24,Internazionali BNL d'Italia,Rome,2011-05-10,premier,True,clay,R64,64,3,Mattek-Sands B.,Pennetta F.,38,21,1466,2455.0,2,1,6,4,4,6,6,3,,,,,completed,2.5,1.5,2.33,1.67,2.45,1.68,2.28,1.6,2011_24_rome_internazionali_bnl_d_italia,2011_24_rome_internazionali_bnl_d_italia_2011-05-10_R64_mattek_sands_b_pennetta_f
tennis_data_uk,wta,2011,24,Internazionali BNL d'Italia,Rome,2011-05-10,premier,True,clay,R32,32,3,Schiavone F.,Mchale C.,5,92,4962,752.0,2,0,6,3,6,1,,,,,,,completed,1.14,5.0,1.21,5.08,1.23,5.25,1.19,4.49,2011_24_rome_internazionali_bnl_d_italia,2011_24_rome_internazionali_bnl_d_italia_2011-05-10_R32_schiavone_f_mchale_c
tennis_data_uk,wta,2011,24,Internazionali BNL d'Italia,Rome,2011-05-10,premier,True,clay,R32,32,3,Sharapova M.,Makarova E.,8,37,3866,1486.0,2,0,6,1,6,1,,,,,,,completed,1.36,3.0,1.46,2.94,1.47,3.25,1.39,2.87,2011_24_rome_internazionali_bnl_d_italia,2011_24_rome_internazionali_bnl_d_italia_2011-05-10_R32_sharapova_m_makarova_e
tennis_data_uk,wta,2011,24,Internazionali BNL d'Italia,Rome,2011-05-11,premier,True,clay,R32,32,3,Arn G.,Brianti A.,48,65,1165,958.0,2,0,6,4,6,4,,,,,,,completed,2.25,1.57,2.29,1.7,2.47,1.7,2.24,1.62,2011_24_rome_internazionali_bnl_d_italia,2011_24_rome_internazionali_bnl_d_italia_2011-05-11_R32_arn_g_brianti_a
tennis_data_uk,wta,2011,24,Internazionali BNL d'Italia,Rome,2011-05-11,premier,True,clay,R32,32,3,Pavlyuchenkova A.,Dushevina V.,16,60,2670,1045.0,2,0,7,5,6,4,,,,,,,completed,1.22,4.0,1.25,4.42,1.3,5.0,1.22,4.02,2011_24_rome_internazionali_bnl_d_italia,2011_24_rome_internazionali_bnl_d_italia_2011-05-11_R32_pavlyuchenkova_a_dushevina_v
tennis_data_uk,wta,2011,24,Internazionali BNL d'Italia,Rome,2011-05-11,premier,True,clay,R32,32,3,Hercog P.,Petkovic A.,69,15,940,2740.0,2,0,6,4,6,3,,,,,,,completed,3.75,1.25,3.97,1.29,4.33,1.31,3.77,1.25,2011_24_rome_internazionali_bnl_d_italia,2011_24_rome_internazionali_bnl_d_italia_2011-05-11_R32_hercog_p_petkovic_a
tennis_data_uk,wta,2011,24,Internazionali BNL d'Italia,Rome,2011-05-11,premier,True,clay,R32,32,3,Hantuchova D.,Oprandi R.,33,85,1685,809.0,2,0,7,5,6,1,,,,,,,completed,1.25,3.75,1.31,3.82,1.33,3.82,1.28,3.53,2011_24_rome_internazionali_bnl_d_italia,2011_24_rome_internazionali_bnl_d_italia_2011-05-11_R32_hantuchova_d_oprandi_r
tennis_data_uk,wta,2011,24,Internazionali BNL d'Italia,Rome,2011-05-11,premier,True,clay,R32,32,3,Stosur S.,Benesova I.,7,58,4156,1065.0,2,0,6,1,7,5,,,,,,,completed,1.25,3.75,1.26,4.34,1.34,4.34,1.26,3.62,2011_24_rome_internazionali_bnl_d_italia,2011_24_rome_internazionali_bnl_d_italia_2011-05-11_R32_stosur_s_benesova_i
tennis_data_uk,wta,2011,24,Internazionali BNL d'Italia,Rome,2011-05-11,premier,True,clay,R32,32,3,Peer S.,Kleybanova A.,14,26,2770,2175.0,2,0,6,3,7,5,,,,,,,completed,2.0,1.72,2.2,1.75,2.2,1.87,1.97,1.78,2011_24_rome_internazionali_bnl_d_italia,2011_24_rome_internazionali_bnl_d_italia_2011-05-11_R32_peer_s_kleybanova_a
tennis_data_uk,wta,2011,24,Internazionali BNL d'Italia,Rome,2011-05-11,premier,True,clay,R32,32,3,Medina Garrigues A.,Bartoli M.,42,12,1215,2880.0,2,0,6,4,6,3,,,,,,,completed,1.61,2.2,1.73,2.24,1.77,2.3,1.66,2.15,2011_24_rome_internazionali_bnl_d_italia,2011_24_rome_internazionali_bnl_d_italia_2011-05-11_R32_medina_garrigues_a_bartoli_m
tennis_data_uk,wta,2011,24,Internazionali BNL d'Italia,Rome,2011-05-11,premier,True,clay,R32,32,3,Vesnina E.,Radwanska A.,41,11,1295,2955.0,2,1,3,6,6,2,6,1,,,,,completed,3.25,1.33,3.26,1.39,3.4,1.43,3.04,1.36,2011_24_rome_internazionali_bnl_d_italia,2011_24_rome_internazionali_bnl_d_italia_2011-05-11_R32_vesnina_e_radwanska_a
tennis_data_uk,wta,2011,24,Internazionali BNL d'Italia,Rome,2011-05-11,premier,True,clay,R32,32,3,Jankovic J.,Safarova L.,9,32,3695,1825.0,2,0,6,0,6,3,,,,,,,completed,1.5,2.5,1.53,2.71,1.56,2.78,1.51,2.5,2011_24_rome_internazionali_bnl_d_italia,2011_24_rome_internazionali_bnl_d_italia_2011-05-11_R32_jankovic_j_safarova_l
tennis_data_uk,wta,2011,24,Internazionali BNL d'Italia,Rome,2011-05-11,premier,True,clay,R32,32,3,Li N.,Dominguez Lino L.,6,46,4630,1173.0,2,0,6,4,6,2,,,,,,,completed,1.16,4.5,1.21,5.0,1.25,5.05,1.18,4.6,2011_24_rome_internazionali_bnl_d_italia,2011_24_rome_internazionali_bnl_d_italia_2011-05-11_R32_li_n_dominguez_lino_l
tennis_data_uk,wta,2011,24,Internazionali BNL d'Italia,Rome,2011-05-11,premier,True,clay,R32,32,3,Gajdosova J.,Mattek-Sands B.,28,38,2005,1466.0,2,0,6,2,6,4,,,,,,,completed,1.72,2.0,1.97,1.93,1.97,2.05,1.8,1.94,2011_24_rome_internazionali_bnl_d_italia,2011_24_rome_internazionali_bnl_d_italia_2011-05-11_R32_gajdosova_j_mattek_sands_b
tennis_data_uk,wta,2011,24,Internazionali BNL d'Italia,Rome,2011-05-11,premier,True,clay,R32,32,3,Wickmayer Y.,Ivanovic A.,24,22,2225,2360.0,2,1,2,6,7,6,6,3,,,,,completed,2.62,1.44,3.38,1.37,3.38,1.56,2.8,1.41,2011_24_rome_internazionali_bnl_d_italia,2011_24_rome_internazionali_bnl_d_italia_2011-05-11_R32_wickmayer_y_ivanovic_a
tennis_data_uk,wta,2011,24,Internazionali BNL d'Italia,Rome,2011-05-11,premier,True,clay,R32,32,3,Azarenka V.,Errani S.,4,39,5205,1370.0,2,0,6,1,6,2,,,,,,,completed,1.16,4.5,1.24,4.61,1.26,5.5,1.18,4.67,2011_24_rome_internazionali_bnl_d_italia,2011_24_rome_internazionali_bnl_d_italia_2011-05-11_R32_azarenka_v_errani_s
tennis_data_uk,wta,2011,24,Internazionali BNL d'Italia,Rome,2011-05-11,premier,True,clay,R32,32,3,Wozniacki C.,Rodionova An.,1,80,9790,845.0,2,0,6,2,6,0,,,,,,,completed,1.01,13.0,1.05,13.0,1.05,21.0,1.02,12.62,2011_24_rome_internazionali_bnl_d_italia,2011_24_rome_internazionali_bnl_d_italia_2011-05-11_R32_wozniacki_c_rodionova_an
tennis_data_uk,wta,2011,24,Internazionali BNL d'Italia,Rome,2011-05-12,premier,True,clay,R16,16,3,Li N.,Gajdosova J.,6,28,4630,2005.0,2,0,6,2,6,1,,,,,,,completed,1.57,2.25,1.69,2.34,1.83,2.38,1.63,2.21,2011_24_rome_internazionali_bnl_d_italia,2011_24_rome_internazionali_bnl_d_italia_2011-05-12_R16_li_n_gajdosova_j
tennis_data_uk,wta,2011,24,Internazionali BNL d'Italia,Rome,2011-05-12,premier,True,clay,R16,16,3,Stosur S.,Hercog P.,7,69,4156,940.0,2,0,6,3,6,4,,,,,,,completed,1.28,3.5,1.35,3.55,1.36,3.75,1.31,3.34,2011_24_rome_internazionali_bnl_d_italia,2011_24_rome_internazionali_bnl_d_italia_2011-05-12_R16_stosur_s_hercog_p
tennis_data_uk,wta,2011,24,Internazionali BNL d'Italia,Rome,2011-05-12,premier,True,clay,R16,16,3,Arn G.,Vesnina E.,48,41,1165,1295.0,2,1,3,6,7,6,7,6,,,,,completed,2.87,1.38,2.74,1.53,3.0,1.53,2.68,1.45,2011_24_rome_internazionali_bnl_d_italia,2011_24_rome_internazionali_bnl_d_italia_2011-05-12_R16_arn_g_vesnina_e
tennis_data_uk,wta,2011,24,Internazionali BNL d'Italia,Rome,2011-05-12,premier,True,clay,R16,16,3,Jankovic J.,Medina Garrigues A.,9,42,3695,1215.0,2,1,6,4,2,6,6,2,,,,,completed,1.2,4.33,1.26,4.46,1.29,4.46,1.24,3.9,2011_24_rome_internazionali_bnl_d_italia,2011_24_rome_internazionali_bnl_d_italia_2011-05-12_R16_jankovic_j_medina_garrigues_a
tennis_data_uk,wta,2011,24,Internazionali BNL d'Italia,Rome,2011-05-12,premier,True,clay,R16,16,3,Schiavone F.,Hantuchova D.,5,33,4962,1685.0,2,1,3,6,6,2,7,5,,,,,completed,1.44,2.62,1.56,2.64,1.58,2.8,1.49,2.56,2011_24_rome_internazionali_bnl_d_italia,2011_24_rome_internazionali_bnl_d_italia_2011-05-12_R16_schiavone_f_hantuchova_d
tennis_data_uk,wta,2011,24,Internazionali BNL d'Italia,Rome,2011-05-12,premier,True,clay,R16,16,3,Sharapova M.,Peer S.,8,14,3866,2770.0,2,0,6,2,6,2,,,,,,,completed,1.33,3.25,1.36,3.47,1.41,3.47,1.35,3.1,2011_24_rome_internazionali_bnl_d_italia,2011_24_rome_internazionali_bnl_d_italia_2011-05-12_R16_sharapova_m_peer_s
tennis_data_uk,wta,2011,24,Internazionali BNL d'Italia,Rome,2011-05-12,premier,True,clay,R16,16,3,Wozniacki C.,Wickmayer Y.,1,24,9790,2225.0,2,0,6,1,7,6,,,,,,,completed,1.22,4.0,1.27,4.3,1.3,4.33,1.24,3.86,2011_24_rome_internazionali_bnl_d_italia,2011_24_rome_internazionali_bnl_d_italia_2011-05-12_R16_wozniacki_c_wickmayer_y
tennis_data_uk,wta,2011,24,Internazionali BNL d'Italia,Rome,2011-05-12,premier,True,clay,R16,16,3,Azarenka V.,Pavlyuchenkova A.,4,16,5205,2670.0,2,1,6,4,4,6,6,2,,,,,completed,1.22,4.0,1.26,4.39,1.29,4.39,1.24,3.86,2011_24_rome_internazionali_bnl_d_italia,2011_24_rome_internazionali_bnl_d_italia_2011-05-12_R16_azarenka_v_pavlyuchenkova_a
tennis_data_uk,wta,2011,24,Internazionali BNL d'Italia,Rome,2011-05-13,premier,True,clay,QF,8,3,Li N.,Arn G.,6,48,4630,1165.0,2,0,6,3,6,1,,,,,,,completed,1.14,5.5,1.16,6.31,1.17,6.31,1.15,5.29,2011_24_rome_internazionali_bnl_d_italia,2011_24_rome_internazionali_bnl_d_italia_2011-05-13_QF_li_n_arn_g
tennis_data_uk,wta,2011,24,Internazionali BNL d'Italia,Rome,2011-05-13,premier,True,clay,QF,8,3,Wozniacki C.,Jankovic J.,1,9,9790,3695.0,2,1,6,3,1,6,6,3,,,,,completed,1.36,3.25,1.41,3.23,1.43,3.25,1.38,2.96,2011_24_rome_internazionali_bnl_d_italia,2011_24_rome_internazionali_bnl_d_italia_2011-05-13_QF_wozniacki_c_jankovic_j
tennis_data_uk,wta,2011,24,Internazionali BNL d'Italia,Rome,2011-05-13,premier,True,clay,QF,8,3,Stosur S.,Schiavone F.,7,5,4156,4962.0,2,0,6,2,6,4,,,,,,,completed,1.66,2.2,1.69,2.33,1.73,2.33,1.65,2.18,2011_24_rome_internazionali_bnl_d_italia,2011_24_rome_internazionali_bnl_d_italia_2011-05-13_QF_stosur_s_schiavone_f
tennis_data_uk,wta,2011,24,Internazionali BNL d'Italia,Rome,2011-05-13,premier,True,clay,QF,8,3,Sharapova M.,Azarenka V.,8,4,3866,5205.0,0,1,4,6,3,0,,,,,,,retired,2.5,1.53,2.59,1.58,2.7,1.6,2.44,1.53,2011_24_rome_internazionali_bnl_d_italia,2011_24_rome_internazionali_bnl_d_italia_2011-05-13_QF_sharapova_m_azarenka_v
tennis_data_uk,wta,2011,24,Internazionali BNL d'Italia,Rome,2011-05-14,premier,True,clay,SF,4,3,Stosur S.,Li N.,7,6,4156,4630.0,2,0,7,6,6,0,,,,,,,completed,1.44,2.75,1.54,2.69,1.54,2.88,1.48,2.59,2011_24_rome_internazionali_bnl_d_italia,2011_24_rome_internazionali_bnl_d_italia_2011-05-14_SF_stosur_s_li_n
tennis_data_uk,wta,2011,24,Internazionali BNL d'Italia,Rome,2011-05-14,premier,True,clay,SF,4,3,Sharapova M.,Wozniacki C.,8,1,3866,9790.0,2,0,7,5,6,3,,,,,,,completed,2.5,1.53,2.88,1.49,2.9,1.57,2.56,1.49,2011_24_rome_internazionali_bnl_d_italia,2011_24_rome_internazionali_bnl_d_italia_2011-05-14_SF_sharapova_m_wozniacki_c
tennis_data_uk,wta,2011,24,Internazionali BNL d'Italia,Rome,2011-05-15,premier,True,clay,F,2,3,Sharapova M.,Stosur S.,8,7,3866,4156.0,2,0,6,2,6,4,,,,,,,completed,1.57,2.37,1.72,2.27,1.72,2.52,1.6,2.3,2011_24_rome_internazionali_bnl_d_italia,2011_24_rome_internazionali_bnl_d_italia_2011-05-15_F_sharapova_m_stosur_s
tennis_data_uk,wta,2011,25,Brussels Open,Brussels,2011-05-16,premier,True,clay,R32,32,3,Zakopalova K.,Pervak K.,33,88,1600,794.0,2,1,7,5,3,6,6,4,,,,,completed,1.53,2.37,1.65,2.37,1.65,2.5,1.57,2.32,2011_25_brussels_brussels_open,2011_25_brussels_brussels_open_2011-05-16_R32_zakopalova_k_pervak_k
tennis_data_uk,wta,2011,25,Brussels Open,Brussels,2011-05-16,premier,True,clay,R32,32,3,Dellacqua C.,Peer S.,429,20,89,2445.0,2,1,6,1,5,7,6,3,,,,,completed,7.0,1.08,6.85,1.13,6.8,1.15,5.84,1.12,2011_25_brussels_brussels_open,2011_25_brussels_brussels_open_2011-05-16_R32_dellacqua_c_peer_s
tennis_data_uk,wta,2011,25,Brussels Open,Brussels,2011-05-16,premier,True,clay,R32,32,3,Arvidsson S.,Vandeweghe C.,76,90,880,767.0,2,0,6,3,7,6,,,,,,,completed,1.36,3.0,1.49,2.8,1.49,3.25,1.38,2.93,2011_25_brussels_brussels_open,2011_25_brussels_brussels_open_2011-05-16_R32_arvidsson_s_vandeweghe_c
tennis_data_uk,wta,2011,25,Brussels Open,Brussels,2011-05-16,premier,True,clay,R32,32,3,Lepchenko V.,Mestach A.S.,85,425,812,91.0,2,0,6,3,7,6,,,,,,,completed,1.36,3.0,1.45,2.93,1.46,3.0,1.39,2.85,2011_25_brussels_brussels_open,2011_25_brussels_brussels_open_2011-05-16_R32_lepchenko_v_mestach_a_s
tennis_data_uk,wta,2011,25,Brussels Open,Brussels,2011-05-17,premier,True,clay,R32,32,3,Falconi I.,Ondraskova Z.,116,91,596,765.0,2,0,7,5,6,3,,,,,,,completed,1.72,2.0,1.94,1.94,1.87,2.15,1.78,1.94,2011_25_brussels_brussels_open,2011_25_brussels_brussels_open_2011-05-17_R32_falconi_i_ondraskova_z
tennis_data_uk,wta,2011,25,Brussels Open,Brussels,2011-05-17,premier,True,clay,R32,32,3,Peng S.,Flipkens K.,31,96,1790,722.0,2,1,6,0,1,6,6,3,,,,,completed,1.22,4.0,1.31,3.76,1.31,4.1,1.25,3.71,2011_25_brussels_brussels_open,2011_25_brussels_brussels_open_2011-05-17_R32_peng_s_flipkens_k
tennis_data_uk,wta,2011,25,Brussels Open,Brussels,2011-05-17,premier,True,clay,R32,32,3,Spears A.,Scheepers C.,396,67,101,981.0,2,0,6,3,6,1,,,,,,,completed,4.5,1.16,4.23,1.26,5.0,1.27,4.2,1.21,2011_25_brussels_brussels_open,2011_25_brussels_brussels_open_2011-05-17_R32_spears_a_scheepers_c
tennis_data_uk,wta,2011,25,Brussels Open,Brussels,2011-05-17,premier,True,clay,R32,32,3,Dulgheru A.,Hercog P.,28,55,1865,1090.0,2,1,2,6,6,4,6,2,,,,,completed,2.37,1.53,2.37,1.65,2.5,1.66,2.31,1.58,2011_25_brussels_brussels_open,2011_25_brussels_brussels_open_2011-05-17_R32_dulgheru_a_hercog_p
tennis_data_uk,wta,2011,25,Brussels Open,Brussels,2011-05-17,premier,True,clay,R32,32,3,Morita A.,Zheng J.,57,47,1073,1156.0,2,1,6,4,4,6,6,1,,,,,completed,2.2,1.61,2.24,1.71,2.33,1.76,2.11,1.69,2011_25_brussels_brussels_open,2011_25_brussels_brussels_open_2011-05-17_R32_morita_a_zheng_j
tennis_data_uk,wta,2011,25,Brussels Open,Brussels,2011-05-17,premier,True,clay,R32,32,3,Voskoboeva G.,Szavay A.,291,41,176,1296.0,0,0,5,2,,,,,,,,,retired,2.75,1.4,2.76,1.5,3.0,1.5,2.78,1.41,2011_25_brussels_brussels_open,2011_25_brussels_brussels_open_2011-05-17_R32_voskoboeva_g_szavay_a
tennis_data_uk,wta,2011,25,Brussels Open,Brussels,2011-05-17,premier,True,clay,R32,32,3,Jankovic J.,Rodionova An.,10,73,3670,925.0,2,0,6,2,6,3,,,,,,,completed,1.06,8.0,1.1,8.4,1.1,9.4,1.07,7.67,2011_25_brussels_brussels_open,2011_25_brussels_brussels_open_2011-05-17_R32_jankovic_j_rodionova_an
tennis_data_uk,wta,2011,25,Brussels Open,Brussels,2011-05-17,premier,True,clay,R32,32,3,Van Uytvanck A.,Schnyder P.,427,58,90,1072.0,2,1,6,3,2,6,6,2,,,,,completed,3.75,1.25,4.06,1.28,4.6,1.31,3.62,1.27,2011_25_brussels_brussels_open,2011_25_brussels_brussels_open_2011-05-17_R32_van_uytvanck_a_schnyder_p
tennis_data_uk,wta,2011,25,Brussels Open,Brussels,2011-05-17,premier,True,clay,R32,32,3,Schiavone F.,Pironkova T.,5,34,5047,1595.0,2,0,6,2,7,5,,,,,,,completed,1.12,5.5,1.16,5.95,1.18,6.01,1.15,5.18,2011_25_brussels_brussels_open,2011_25_brussels_brussels_open_2011-05-17_R32_schiavone_f_pironkova_t
tennis_data_uk,wta,2011,25,Brussels Open,Brussels,2011-05-17,premier,True,clay,R32,32,3,Wickmayer Y.,Kanepi K.,22,16,2350,2526.0,2,1,6,1,4,6,7,5,,,,,completed,1.53,2.37,1.72,2.23,1.72,2.75,1.58,2.3,2011_25_brussels_brussels_open,2011_25_brussels_brussels_open_2011-05-17_R32_wickmayer_y_kanepi_k
tennis_data_uk,wta,2011,25,Brussels Open,Brussels,2011-05-18,premier,True,clay,R16,16,3,Peng S.,Spears A.,31,396,1790,101.0,2,0,6,2,6,0,,,,,,,completed,1.2,4.33,1.23,4.66,1.25,4.66,1.22,4.1,2011_25_brussels_brussels_open,2011_25_brussels_brussels_open_2011-05-18_R16_peng_s_spears_a
tennis_data_uk,wta,2011,25,Brussels Open,Brussels,2011-05-18,premier,True,clay,R16,16,3,Zvonareva V.,Voskoboeva G.,3,291,7675,176.0,2,1,2,6,6,4,6,3,,,,,completed,1.05,9.0,1.09,9.16,1.12,9.18,1.07,7.9,2011_25_brussels_brussels_open,2011_25_brussels_brussels_open_2011-05-18_R16_zvonareva_v_voskoboeva_g
tennis_data_uk,wta,2011,25,Brussels Open,Brussels,2011-05-18,premier,True,clay,R16,16,3,Morita A.,Dellacqua C.,57,429,1073,89.0,2,1,1,6,6,0,7,5,,,,,completed,1.72,2.0,1.73,2.24,1.8,2.24,1.72,2.06,2011_25_brussels_brussels_open,2011_25_brussels_brussels_open_2011-05-18_R16_morita_a_dellacqua_c
tennis_data_uk,wta,2011,25,Brussels Open,Brussels,2011-05-18,premier,True,clay,R16,16,3,Wickmayer Y.,Van Uytvanck A.,22,427,2350,90.0,2,0,7,6,6,4,,,,,,,completed,1.11,6.0,1.14,6.69,1.15,8.0,1.11,6.05,2011_25_brussels_brussels_open,2011_25_brussels_brussels_open_2011-05-18_R16_wickmayer_y_van_uytvanck_a
tennis_data_uk,wta,2011,25,Brussels Open,Brussels,2011-05-18,premier,True,clay,R16,16,3,Arvidsson S.,Jankovic J.,76,10,880,3670.0,2,1,3,6,6,3,6,3,,,,,completed,6.5,1.1,6.2,1.16,7.0,1.16,6.04,1.11,2011_25_brussels_brussels_open,2011_25_brussels_brussels_open_2011-05-18_R16_arvidsson_s_jankovic_j
tennis_data_uk,wta,2011,25,Brussels Open,Brussels,2011-05-18,premier,True,clay,R16,16,3,Schiavone F.,Falconi I.,5,116,5047,596.0,2,0,6,4,6,4,,,,,,,completed,1.06,8.0,1.09,9.03,1.1,9.11,1.07,7.61,2011_25_brussels_brussels_open,2011_25_brussels_brussels_open_2011-05-18_R16_schiavone_f_falconi_i
tennis_data_uk,wta,2011,25,Brussels Open,Brussels,2011-05-18,premier,True,clay,R16,16,3,Dulgheru A.,Zakopalova K.,28,33,1865,1600.0,2,0,6,3,6,2,,,,,,,completed,1.53,2.37,1.65,2.38,1.75,2.38,1.62,2.23,2011_25_brussels_brussels_open,2011_25_brussels_brussels_open_2011-05-18_R16_dulgheru_a_zakopalova_k
tennis_data_uk,wta,2011,25,Brussels Open,Brussels,2011-05-18,premier,True,clay,R16,16,3,Wozniacki C.,Lepchenko V.,1,85,10105,812.0,2,0,6,4,7,6,,,,,,,completed,1.01,15.0,1.03,18.0,1.04,19.5,1.02,12.91,2011_25_brussels_brussels_open,2011_25_brussels_brussels_open_2011-05-18_R16_wozniacki_c_lepchenko_v
tennis_data_uk,wta,2011,25,Brussels Open,Brussels,2011-05-19,premier,True,clay,QF,8,3,Peng S.,Arvidsson S.,31,76,1790,880.0,2,0,6,2,6,4,,,,,,,completed,1.33,3.25,1.39,3.33,1.39,3.48,1.33,3.18,2011_25_brussels_brussels_open,2011_25_brussels_brussels_open_2011-05-19_QF_peng_s_arvidsson_s
tennis_data_uk,wta,2011,25,Brussels Open,Brussels,2011-05-19,premier,True,clay,QF,8,3,Zvonareva V.,Dulgheru A.,3,28,7675,1865.0,2,0,6,0,6,1,,,,,,,completed,1.36,3.0,1.46,3.0,1.46,3.15,1.37,2.98,2011_25_brussels_brussels_open,2011_25_brussels_brussels_open_2011-05-19_QF_zvonareva_v_dulgheru_a
tennis_data_uk,wta,2011,25,Brussels Open,Brussels,2011-05-19,premier,True,clay,QF,8,3,Wozniacki C.,Wickmayer Y.,1,22,10105,2350.0,0,0,2,0,,,,,,,,,retired,1.4,2.75,1.52,2.76,1.52,3.1,1.42,2.79,2011_25_brussels_brussels_open,2011_25_brussels_brussels_open_2011-05-19_QF_wozniacki_c_wickmayer_y
tennis_data_uk,wta,2011,25,Brussels Open,Brussels,2011-05-19,premier,True,clay,QF,8,3,Schiavone F.,Morita A.,5,57,5047,1073.0,2,0,6,2,6,3,,,,,,,completed,1.14,5.0,1.21,5.25,1.21,5.5,1.16,4.84,2011_25_brussels_brussels_open,2011_25_brussels_brussels_open_2011-05-19_QF_schiavone_f_morita_a
tennis_data_uk,wta,2011,25,Brussels Open,Brussels,2011-05-20,premier,True,clay,SF,4,3,Peng S.,Zvonareva V.,31,3,1790,7675.0,2,0,6,3,6,3,,,,,,,completed,4.33,1.2,4.44,1.26,4.44,1.29,3.91,1.24,2011_25_brussels_brussels_open,2011_25_brussels_brussels_open_2011-05-20_SF_peng_s_zvonareva_v
tennis_data_uk,wta,2011,25,Brussels Open,Brussels,2011-05-20,premier,True,clay,SF,4,3,Wozniacki C.,Schiavone F.,1,5,10105,5047.0,2,1,6,4,4,6,6,3,,,,,completed,1.4,2.75,1.44,3.06,1.5,3.06,1.43,2.75,2011_25_brussels_brussels_open,2011_25_brussels_brussels_open_2011-05-20_SF_wozniacki_c_schiavone_f
tennis_data_uk,wta,2011,25,Brussels Open,Brussels,2011-05-21,premier,True,clay,F,2,3,Wozniacki C.,Peng S.,1,31,10105,1790.0,2,1,2,6,6,3,6,3,,,,,completed,1.25,4.0,1.31,3.88,1.34,4.0,1.27,3.68,2011_25_brussels_brussels_open,2011_25_brussels_brussels_open_2011-05-21_F_wozniacki_c_peng_s
tennis_data_uk,wta,2011,26,Internationaux de Strasbourg,Strasbourg,2011-05-16,international,True,clay,R32,32,3,Medina Garrigues A.,Oudin M.,44,89,1230,769.0,2,0,6,3,6,1,,,,,,,completed,1.14,5.0,1.19,5.33,1.22,5.5,1.17,4.77,2011_26_strasbourg_internationaux_de_strasbourg,2011_26_strasbourg_internationaux_de_strasbourg_2011-05-16_R32_medina_garrigues_a_oudin_m
tennis_data_uk,wta,2011,26,Internationaux de Strasbourg,Strasbourg,2011-05-16,international,True,clay,R32,32,3,Pous-Tio L.,Kerber A.,84,70,814,937.0,2,0,6,4,6,2,,,,,,,completed,1.38,2.87,1.5,2.75,1.63,3.1,1.46,2.6,2011_26_strasbourg_internationaux_de_strasbourg,2011_26_strasbourg_internationaux_de_strasbourg_2011-05-16_R32_pous_tio_l_kerber_a
tennis_data_uk,wta,2011,26,Internationaux de Strasbourg,Strasbourg,2011-05-16,international,True,clay,R32,32,3,Petrova N.,Marino R.,27,62,1876,1036.0,2,0,7,6,6,3,,,,,,,completed,1.66,2.1,1.88,2.0,1.91,2.25,1.72,2.06,2011_26_strasbourg_internationaux_de_strasbourg,2011_26_strasbourg_internationaux_de_strasbourg_2011-05-16_R32_petrova_n_marino_r
tennis_data_uk,wta,2011,26,Internationaux de Strasbourg,Strasbourg,2011-05-16,international,True,clay,R32,32,3,Johansson M.,Amanmuradova A.,71,78,932,868.0,2,0,6,1,6,1,,,,,,,completed,1.25,3.75,1.33,3.62,1.36,3.8,1.3,3.37,2011_26_strasbourg_internationaux_de_strasbourg,2011_26_strasbourg_internationaux_de_strasbourg_2011-05-16_R32_johansson_m_amanmuradova_a
tennis_data_uk,wta,2011,26,Internationaux de Strasbourg,Strasbourg,2011-05-16,international,True,clay,R32,32,3,Kirilenko M.,Barrois K.,26,59,1955,1066.0,2,0,6,2,6,3,,,,,,,completed,1.72,2.0,1.79,2.13,1.82,2.13,1.75,2.01,2011_26_strasbourg_internationaux_de_strasbourg,2011_26_strasbourg_internationaux_de_strasbourg_2011-05-16_R32_kirilenko_m_barrois_k
tennis_data_uk,wta,2011,26,Internationaux de Strasbourg,Strasbourg,2011-05-16,international,True,clay,R32,32,3,Jovanovski B.,Kudryavtseva A.,51,72,1125,930.0,2,0,7,6,6,3,,,,,,,completed,1.36,3.0,1.44,3.0,1.45,3.06,1.41,2.85,2011_26_strasbourg_internationaux_de_strasbourg,2011_26_strasbourg_internationaux_de_strasbourg_2011-05-16_R32_jovanovski_b_kudryavtseva_a
tennis_data_uk,wta,2011,26,Internationaux de Strasbourg,Strasbourg,2011-05-16,international,True,clay,R32,32,3,Hantuchova D.,Larsson J.,30,66,1805,984.0,2,0,6,3,6,4,,,,,,,completed,1.22,4.0,1.29,3.9,1.32,4.0,1.26,3.69,2011_26_strasbourg_internationaux_de_strasbourg,2011_26_strasbourg_internationaux_de_strasbourg_2011-05-16_R32_hantuchova_d_larsson_j
tennis_data_uk,wta,2011,26,Internationaux de Strasbourg,Strasbourg,2011-05-16,international,True,clay,R32,32,3,Dokic J.,Halep S.,65,69,1008,953.0,2,0,6,2,6,1,,,,,,,completed,2.37,1.53,2.26,1.7,2.6,1.73,2.42,1.54,2011_26_strasbourg_internationaux_de_strasbourg,2011_26_strasbourg_internationaux_de_strasbourg_2011-05-16_R32_dokic_j_halep_s
tennis_data_uk,wta,2011,26,Internationaux de Strasbourg,Strasbourg,2011-05-17,international,True,clay,R32,32,3,Cornet A.,Mirza S.,80,74,840,902.0,2,1,6,4,4,6,6,1,,,,,completed,1.5,2.5,1.5,2.77,1.65,3.0,1.51,2.49,2011_26_strasbourg_internationaux_de_strasbourg,2011_26_strasbourg_internationaux_de_strasbourg_2011-05-17_R32_cornet_a_mirza_s
tennis_data_uk,wta,2011,26,Internationaux de Strasbourg,Strasbourg,2011-05-17,international,True,clay,R32,32,3,Zhang S.,Parmentier P.,79,105,854,650.0,2,0,6,2,6,4,,,,,,,completed,2.87,1.38,2.82,1.48,3.05,1.5,2.76,1.42,2011_26_strasbourg_internationaux_de_strasbourg,2011_26_strasbourg_internationaux_de_strasbourg_2011-05-17_R32_zhang_s_parmentier_p
tennis_data_uk,wta,2011,26,Internationaux de Strasbourg,Strasbourg,2011-05-17,international,True,clay,R32,32,3,Hradecka L.,Rolle A.,49,271,1142,195.0,2,0,6,3,6,4,,,,,,,completed,1.11,6.0,1.14,6.57,1.18,6.59,1.13,5.53,2011_26_strasbourg_internationaux_de_strasbourg,2011_26_strasbourg_internationaux_de_strasbourg_2011-05-17_R32_hradecka_l_rolle_a
tennis_data_uk,wta,2011,26,Internationaux de Strasbourg,Strasbourg,2011-05-17,international,True,clay,R32,32,3,Lucic M.,Mchale C.,106,81,649,838.0,2,0,7,5,7,6,,,,,,,completed,,,,,,,,,2011_26_strasbourg_internationaux_de_strasbourg,2011_26_strasbourg_internationaux_de_strasbourg_2011-05-17_R32_lucic_m_mchale_c
tennis_data_uk,wta,2011,26,Internationaux de Strasbourg,Strasbourg,2011-05-17,international,True,clay,R32,32,3,Foretz S.,Bondarenko A.,140,75,457,884.0,2,0,6,4,6,1,,,,,,,completed,1.72,2.0,1.8,2.11,1.8,2.14,1.75,2.02,2011_26_strasbourg_internationaux_de_strasbourg,2011_26_strasbourg_internationaux_de_strasbourg_2011-05-17_R32_foretz_s_bondarenko_a
tennis_data_uk,wta,2011,26,Internationaux de Strasbourg,Strasbourg,2011-05-17,international,True,clay,R32,32,3,Baltacha E.,Rybarikova M.,83,61,820,1051.0,1,0,6,3,,,,,,,,,retired,3.0,1.36,2.8,1.49,3.1,1.49,2.85,1.4,2011_26_strasbourg_internationaux_de_strasbourg,2011_26_strasbourg_internationaux_de_strasbourg_2011-05-17_R32_baltacha_e_rybarikova_m
tennis_data_uk,wta,2011,26,Internationaux de Strasbourg,Strasbourg,2011-05-17,international,True,clay,R32,32,3,Petkovic A.,Groenefeld A.L.,15,212,2670,265.0,2,0,6,3,6,1,,,,,,,completed,1.14,5.0,1.18,5.61,1.2,6.2,1.16,4.82,2011_26_strasbourg_internationaux_de_strasbourg,2011_26_strasbourg_internationaux_de_strasbourg_2011-05-17_R32_petkovic_a_groenefeld_a_l
tennis_data_uk,wta,2011,26,Internationaux de Strasbourg,Strasbourg,2011-05-17,international,True,clay,R32,32,3,Bartoli M.,Date-Krumm K.,11,60,2925,1065.0,2,0,6,2,6,1,,,,,,,completed,1.16,4.5,1.21,4.93,1.22,5.25,1.19,4.58,2011_26_strasbourg_internationaux_de_strasbourg,2011_26_strasbourg_internationaux_de_strasbourg_2011-05-17_R32_bartoli_m_date_krumm_k
tennis_data_uk,wta,2011,26,Internationaux de Strasbourg,Strasbourg,2011-05-18,international,True,clay,R16,16,3,Petkovic A.,Zhang S.,15,79,2670,854.0,2,0,6,1,6,3,,,,,,,completed,1.1,6.5,1.13,7.38,1.14,7.38,1.11,6.04,2011_26_strasbourg_internationaux_de_strasbourg,2011_26_strasbourg_internationaux_de_strasbourg_2011-05-18_R16_petkovic_a_zhang_s
tennis_data_uk,wta,2011,26,Internationaux de Strasbourg,Strasbourg,2011-05-18,international,True,clay,R16,16,3,Kirilenko M.,Pous-Tio L.,26,84,1955,814.0,2,1,6,3,3,6,7,6,,,,,completed,1.44,2.62,1.56,2.6,1.57,2.7,1.51,2.5,2011_26_strasbourg_internationaux_de_strasbourg,2011_26_strasbourg_internationaux_de_strasbourg_2011-05-18_R16_kirilenko_m_pous_tio_l
tennis_data_uk,wta,2011,26,Internationaux de Strasbourg,Strasbourg,2011-05-18,international,True,clay,R16,16,3,Petrova N.,Cornet A.,27,80,1876,840.0,2,1,2,6,6,2,6,2,,,,,completed,1.72,2.0,1.74,2.23,1.91,2.23,1.73,2.02,2011_26_strasbourg_internationaux_de_strasbourg,2011_26_strasbourg_internationaux_de_strasbourg_2011-05-18_R16_petrova_n_cornet_a
tennis_data_uk,wta,2011,26,Internationaux de Strasbourg,Strasbourg,2011-05-18,international,True,clay,R16,16,3,Lucic M.,Dokic J.,106,65,649,1008.0,2,0,6,2,6,2,,,,,,,completed,3.25,1.33,3.15,1.41,3.4,1.41,3.13,1.34,2011_26_strasbourg_internationaux_de_strasbourg,2011_26_strasbourg_internationaux_de_strasbourg_2011-05-18_R16_lucic_m_dokic_j
tennis_data_uk,wta,2011,26,Internationaux de Strasbourg,Strasbourg,2011-05-18,international,True,clay,R16,16,3,Hradecka L.,Foretz S.,49,140,1142,457.0,2,0,6,2,6,4,,,,,,,completed,1.28,3.5,1.29,4.01,1.32,4.01,1.27,3.61,2011_26_strasbourg_internationaux_de_strasbourg,2011_26_strasbourg_internationaux_de_strasbourg_2011-05-18_R16_hradecka_l_foretz_s
tennis_data_uk,wta,2011,26,Internationaux de Strasbourg,Strasbourg,2011-05-18,international,True,clay,R16,16,3,Hantuchova D.,Johansson M.,30,71,1805,932.0,2,0,6,4,6,2,,,,,,,completed,1.33,3.25,1.43,3.1,1.43,3.35,1.34,3.14,2011_26_strasbourg_internationaux_de_strasbourg,2011_26_strasbourg_internationaux_de_strasbourg_2011-05-18_R16_hantuchova_d_johansson_m
tennis_data_uk,wta,2011,26,Internationaux de Strasbourg,Strasbourg,2011-05-18,international,True,clay,R16,16,3,Medina Garrigues A.,Jovanovski B.,44,51,1230,1125.0,2,0,6,2,6,0,,,,,,,completed,1.36,3.0,1.38,3.36,1.4,3.41,1.37,2.95,2011_26_strasbourg_internationaux_de_strasbourg,2011_26_strasbourg_internationaux_de_strasbourg_2011-05-18_R16_medina_garrigues_a_jovanovski_b
tennis_data_uk,wta,2011,26,Internationaux de Strasbourg,Strasbourg,2011-05-18,international,True,clay,R16,16,3,Bartoli M.,Baltacha E.,11,83,2925,820.0,,,,,,,,,,,,,walkover,1.14,5.0,1.17,5.8,1.2,5.75,1.16,5.1,2011_26_strasbourg_internationaux_de_strasbourg,2011_26_strasbourg_internationaux_de_strasbourg_2011-05-18_R16_bartoli_m_baltacha_e
tennis_data_uk,wta,2011,26,Internationaux de Strasbourg,Strasbourg,2011-05-19,international,True,clay,QF,8,3,Medina Garrigues A.,Lucic M.,44,106,1230,649.0,2,0,6,4,6,4,,,,,,,completed,1.12,5.5,1.16,6.27,1.2,7.0,1.16,5.05,2011_26_strasbourg_internationaux_de_strasbourg,2011_26_strasbourg_internationaux_de_strasbourg_2011-05-19_QF_medina_garrigues_a_lucic_m
tennis_data_uk,wta,2011,26,Internationaux de Strasbourg,Strasbourg,2011-05-19,international,True,clay,QF,8,3,Hantuchova D.,Petrova N.,30,27,1805,1876.0,2,0,6,4,6,2,,,,,,,completed,1.5,2.5,1.53,2.74,1.59,2.74,1.52,2.45,2011_26_strasbourg_internationaux_de_strasbourg,2011_26_strasbourg_internationaux_de_strasbourg_2011-05-19_QF_hantuchova_d_petrova_n
tennis_data_uk,wta,2011,26,Internationaux de Strasbourg,Strasbourg,2011-05-19,international,True,clay,QF,8,3,Bartoli M.,Hradecka L.,11,49,2925,1142.0,2,0,6,2,6,3,,,,,,,completed,2.0,1.72,2.06,1.87,2.15,1.88,1.95,1.8,2011_26_strasbourg_internationaux_de_strasbourg,2011_26_strasbourg_internationaux_de_strasbourg_2011-05-19_QF_bartoli_m_hradecka_l
tennis_data_uk,wta,2011,26,Internationaux de Strasbourg,Strasbourg,2011-05-19,international,True,clay,QF,8,3,Petkovic A.,Kirilenko M.,15,26,2670,1955.0,2,0,6,4,6,3,,,,,,,completed,1.33,3.25,1.4,3.28,1.4,3.75,1.32,3.25,2011_26_strasbourg_internationaux_de_strasbourg,2011_26_strasbourg_internationaux_de_strasbourg_2011-05-19_QF_petkovic_a_kirilenko_m
tennis_data_uk,wta,2011,26,Internationaux de Strasbourg,Strasbourg,2011-05-20,international,True,clay,SF,4,3,Bartoli M.,Medina Garrigues A.,11,44,2925,1230.0,2,0,6,1,6,2,,,,,,,completed,2.25,1.57,2.36,1.68,2.4,1.74,2.18,1.65,2011_26_strasbourg_internationaux_de_strasbourg,2011_26_strasbourg_internationaux_de_strasbourg_2011-05-20_SF_bartoli_m_medina_garrigues_a
tennis_data_uk,wta,2011,26,Internationaux de Strasbourg,Strasbourg,2011-05-20,international,True,clay,SF,4,3,Petkovic A.,Hantuchova D.,15,30,2670,1805.0,2,1,6,4,3,6,6,4,,,,,completed,1.57,2.25,1.74,2.24,1.77,2.3,1.66,2.16,2011_26_strasbourg_internationaux_de_strasbourg,2011_26_strasbourg_internationaux_de_strasbourg_2011-05-20_SF_petkovic_a_hantuchova_d
tennis_data_uk,wta,2011,26,Internationaux de Strasbourg,Strasbourg,2011-05-21,international,True,clay,F,2,3,Petkovic A.,Bartoli M.,15,11,2670,2925.0,1,0,6,4,1,0,,,,,,,retired,1.8,2.0,1.91,2.02,1.91,2.05,1.8,1.96,2011_26_strasbourg_internationaux_de_strasbourg,2011_26_strasbourg_internationaux_de_strasbourg_2011-05-21_F_petkovic_a_bartoli_m
tennis_data_uk,wta,2011,27,French Open,Paris,2011-05-22,grand_slam,True,clay,R128,128,3,Stosur S.,Benesova I.,6,52,4645,1105.0,2,0,6,2,6,3,,,,,,,completed,1.08,7.0,1.08,9.65,1.13,10.49,1.09,7.03,2011_27_paris_french_open,2011_27_paris_french_open_2011-05-22_R128_stosur_s_benesova_i
tennis_data_uk,wta,2011,27,French Open,Paris,2011-05-22,grand_slam,True,clay,R128,128,3,Dulko G.,Falconi I.,51,107,1123,648.0,2,0,6,3,6,4,,,,,,,completed,1.36,3.0,1.38,3.31,1.44,3.31,1.38,2.93,2011_27_paris_french_open,2011_27_paris_french_open_2011-05-22_R128_dulko_g_falconi_i
tennis_data_uk,wta,2011,27,French Open,Paris,2011-05-22,grand_slam,True,clay,R128,128,3,Halep S.,Kudryavtseva A.,67,71,953,930.0,2,0,6,2,6,1,,,,,,,completed,1.36,3.0,1.41,3.17,1.43,3.17,1.38,2.92,2011_27_paris_french_open,2011_27_paris_french_open_2011-05-22_R128_halep_s_kudryavtseva_a
tennis_data_uk,wta,2011,27,French Open,Paris,2011-05-22,grand_slam,True,clay,R128,128,3,Pironkova T.,Dellacqua C.,36,317,1463,149.0,2,0,7,5,6,3,,,,,,,completed,1.57,2.25,1.72,2.26,1.72,2.38,1.63,2.22,2011_27_paris_french_open,2011_27_paris_french_open_2011-05-22_R128_pironkova_t_dellacqua_c
tennis_data_uk,wta,2011,27,French Open,Paris,2011-05-22,grand_slam,True,clay,R128,128,3,Cornet A.,Voracova R.,78,120,840,554.0,2,0,6,4,6,2,,,,,,,completed,1.4,2.75,1.5,2.8,1.52,2.88,1.44,2.69,2011_27_paris_french_open,2011_27_paris_french_open_2011-05-22_R128_cornet_a_voracova_r
tennis_data_uk,wta,2011,27,French Open,Paris,2011-05-22,grand_slam,True,clay,R128,128,3,Marino R.,Bondarenko K.,60,110,1036,623.0,2,0,6,3,6,3,,,,,,,completed,2.0,1.72,2.05,1.86,2.18,1.9,1.98,1.77,2011_27_paris_french_open,2011_27_paris_french_open_2011-05-22_R128_marino_r_bondarenko_k
tennis_data_uk,wta,2011,27,French Open,Paris,2011-05-22,grand_slam,True,clay,R128,128,3,Martinez-Sanchez M.J.,Peer S.,86,20,808,2445.0,2,0,7,6,6,1,,,,,,,completed,2.0,1.72,2.1,1.83,2.18,1.87,1.98,1.77,2011_27_paris_french_open,2011_27_paris_french_open_2011-05-22_R128_martinez_sanchez_m_j_peer_s
tennis_data_uk,wta,2011,27,French Open,Paris,2011-05-22,grand_slam,True,clay,R128,128,3,Jankovic J.,Bondarenko A.,10,90,3670,765.0,2,0,6,3,6,1,,,,,,,completed,1.05,9.0,1.05,13.0,1.08,13.0,1.05,9.23,2011_27_paris_french_open,2011_27_paris_french_open_2011-05-22_R128_jankovic_j_bondarenko_a
tennis_data_uk,wta,2011,27,French Open,Paris,2011-05-22,grand_slam,True,clay,R128,128,3,Safarova L.,Flipkens K.,37,95,1445,722.0,2,0,6,1,6,1,,,,,,,completed,1.16,4.5,1.24,4.54,1.25,4.61,1.22,4.16,2011_27_paris_french_open,2011_27_paris_french_open_2011-05-22_R128_safarova_l_flipkens_k
tennis_data_uk,wta,2011,27,French Open,Paris,2011-05-22,grand_slam,True,clay,R128,128,3,Dushevina V.,Dokic J.,61,59,1035,1037.0,2,1,4,6,6,3,6,2,,,,,completed,1.61,2.2,1.62,2.45,1.91,2.45,1.67,2.15,2011_27_paris_french_open,2011_27_paris_french_open_2011-05-22_R128_dushevina_v_dokic_j
tennis_data_uk,wta,2011,27,French Open,Paris,2011-05-22,grand_slam,True,clay,R128,128,3,Hercog P.,Sanchez O.,57,152,1060,393.0,2,0,6,0,6,1,,,,,,,completed,1.1,6.5,1.14,6.87,1.15,6.87,1.12,5.8,2011_27_paris_french_open,2011_27_paris_french_open_2011-05-22_R128_hercog_p_sanchez_o
tennis_data_uk,wta,2011,27,French Open,Paris,2011-05-22,grand_slam,True,clay,R128,128,3,Goerges J.,Johansson M.,18,68,2500,942.0,2,0,6,1,6,4,,,,,,,completed,1.14,5.0,1.14,6.69,1.2,6.69,1.15,5.14,2011_27_paris_french_open,2011_27_paris_french_open_2011-05-22_R128_goerges_j_johansson_m
tennis_data_uk,wta,2011,27,French Open,Paris,2011-05-22,grand_slam,True,clay,R128,128,3,Kuznetsova S.,Rybarikova M.,14,62,2870,1011.0,2,0,6,2,6,3,,,,,,,completed,1.28,3.5,1.3,3.92,1.36,3.99,1.3,3.4,2011_27_paris_french_open,2011_27_paris_french_open_2011-05-22_R128_kuznetsova_s_rybarikova_m
tennis_data_uk,wta,2011,27,French Open,Paris,2011-05-22,grand_slam,True,clay,R128,128,3,Pavlyuchenkova A.,Shvedova Y.,15,54,2715,1100.0,2,0,7,5,6,3,,,,,,,completed,1.12,5.5,1.17,5.99,1.17,6.07,1.14,5.3,2011_27_paris_french_open,2011_27_paris_french_open_2011-05-22_R128_pavlyuchenkova_a_shvedova_y
tennis_data_uk,wta,2011,27,French Open,Paris,2011-05-22,grand_slam,True,clay,R128,128,3,Mattek-Sands B.,Parra Santonja A.,34,92,1528,751.0,2,1,2,6,7,6,6,3,,,,,completed,1.3,3.4,1.36,3.49,1.4,3.49,1.35,3.07,2011_27_paris_french_open,2011_27_paris_french_open_2011-05-22_R128_mattek_sands_b_parra_santonja_a
tennis_data_uk,wta,2011,27,French Open,Paris,2011-05-22,grand_slam,True,clay,R128,128,3,Lepchenko V.,Pennetta F.,77,19,852,2495.0,2,1,6,3,2,6,6,3,,,,,completed,4.0,1.22,4.02,1.29,4.02,1.31,3.6,1.28,2011_27_paris_french_open,2011_27_paris_french_open_2011-05-22_R128_lepchenko_v_pennetta_f
tennis_data_uk,wta,2011,27,French Open,Paris,2011-05-22,grand_slam,True,clay,R128,128,3,Barthel M.,Bammer S.,187,125,310,543.0,2,0,6,1,7,5,,,,,,,completed,1.53,2.37,1.57,2.57,1.65,2.6,1.55,2.38,2011_27_paris_french_open,2011_27_paris_french_open_2011-05-22_R128_barthel_m_bammer_s
tennis_data_uk,wta,2011,27,French Open,Paris,2011-05-23,grand_slam,True,clay,R128,128,3,Schiavone F.,Oudin M.,5,88,5246,769.0,2,0,6,2,6,0,,,,,,,completed,1.05,9.0,1.08,10.15,1.08,12.0,1.06,8.82,2011_27_paris_french_open,2011_27_paris_french_open_2011-05-23_R128_schiavone_f_oudin_m
tennis_data_uk,wta,2011,27,French Open,Paris,2011-05-23,grand_slam,True,clay,R128,128,3,Dolonts V.,Keothavong A.,101,108,671,633.0,2,1,3,6,7,6,6,4,,,,,completed,1.53,2.37,1.66,2.37,1.67,2.48,1.59,2.29,2011_27_paris_french_open,2011_27_paris_french_open_2011-05-23_R128_dolonts_v_keothavong_a
tennis_data_uk,wta,2011,27,French Open,Paris,2011-05-23,grand_slam,True,clay,R128,128,3,Gallovits E.,Kerber A.,131,69,511,937.0,2,1,2,6,6,3,6,1,,,,,completed,2.25,1.57,2.33,1.68,2.4,1.75,2.21,1.63,2011_27_paris_french_open,2011_27_paris_french_open_2011-05-23_R128_gallovits_e_kerber_a
tennis_data_uk,wta,2011,27,French Open,Paris,2011-05-23,grand_slam,True,clay,R128,128,3,Begu I.,Rezai A.,102,41,664,1275.0,2,0,6,3,6,3,,,,,,,completed,1.72,2.0,1.92,1.99,1.92,2.08,1.8,1.94,2011_27_paris_french_open,2011_27_paris_french_open_2011-05-23_R128_begu_i_rezai_a
tennis_data_uk,wta,2011,27,French Open,Paris,2011-05-23,grand_slam,True,clay,R128,128,3,Rodionova An.,Petrova N.,74,28,870,1945.0,2,1,6,7,6,3,6,4,,,,,completed,3.0,1.36,3.05,1.43,3.4,1.43,3.05,1.36,2011_27_paris_french_open,2011_27_paris_french_open_2011-05-23_R128_rodionova_an_petrova_n
tennis_data_uk,wta,2011,27,French Open,Paris,2011-05-23,grand_slam,True,clay,R128,128,3,Vinci R.,Brianti A.,31,63,1615,1008.0,2,1,6,3,3,6,6,3,,,,,completed,1.4,2.75,1.4,3.21,1.5,3.21,1.42,2.79,2011_27_paris_french_open,2011_27_paris_french_open_2011-05-23_R128_vinci_r_brianti_a
tennis_data_uk,wta,2011,27,French Open,Paris,2011-05-23,grand_slam,True,clay,R128,128,3,Errani S.,Mchale C.,39,79,1385,838.0,2,1,6,7,6,2,9,7,,,,,completed,1.28,3.5,1.33,3.64,1.44,3.9,1.3,3.4,2011_27_paris_french_open,2011_27_paris_french_open_2011-05-23_R128_errani_s_mchale_c
tennis_data_uk,wta,2011,27,French Open,Paris,2011-05-23,grand_slam,True,clay,R128,128,3,Llagostera Vives N.,Pivovarova A.,112,93,617,731.0,2,0,6,3,6,0,,,,,,,completed,2.0,1.72,2.15,1.79,2.15,1.83,2.01,1.76,2011_27_paris_french_open,2011_27_paris_french_open_2011-05-23_R128_llagostera_vives_n_pivovarova_a
tennis_data_uk,wta,2011,27,French Open,Paris,2011-05-23,grand_slam,True,clay,R128,128,3,Hantuchova D.,Zhang S.,29,76,1875,860.0,2,0,6,3,6,3,,,,,,,completed,1.07,7.5,1.09,9.34,1.14,10.02,1.08,7.53,2011_27_paris_french_open,2011_27_paris_french_open_2011-05-23_R128_hantuchova_d_zhang_s
tennis_data_uk,wta,2011,27,French Open,Paris,2011-05-23,grand_slam,True,clay,R128,128,3,Zvonareva V.,Dominguez Lino L.,3,42,7755,1233.0,2,0,6,3,6,3,,,,,,,completed,1.05,9.0,1.08,10.15,1.09,10.9,1.06,8.32,2011_27_paris_french_open,2011_27_paris_french_open_2011-05-23_R128_zvonareva_v_dominguez_lino_l
tennis_data_uk,wta,2011,27,French Open,Paris,2011-05-23,grand_slam,True,clay,R128,128,3,Mirza S.,Barrois K.,72,73,902,896.0,2,0,6,3,6,3,,,,,,,completed,2.62,1.44,2.87,1.48,2.9,1.55,2.63,1.46,2011_27_paris_french_open,2011_27_paris_french_open_2011-05-23_R128_mirza_s_barrois_k
tennis_data_uk,wta,2011,27,French Open,Paris,2011-05-23,grand_slam,True,clay,R128,128,3,Craybas J.,Daniilidou E.,104,153,660,386.0,2,0,6,3,6,3,,,,,,,completed,2.62,1.44,2.86,1.48,3.05,1.5,2.77,1.42,2011_27_paris_french_open,2011_27_paris_french_open_2011-05-23_R128_craybas_j_daniilidou_e
tennis_data_uk,wta,2011,27,French Open,Paris,2011-05-23,grand_slam,True,clay,R128,128,3,Scheepers C.,Kutuzova V.,65,208,981,245.0,2,1,6,3,4,6,6,2,,,,,completed,1.33,3.25,1.34,3.56,1.37,3.56,1.33,3.22,2011_27_paris_french_open,2011_27_paris_french_open_2011-05-23_R128_scheepers_c_kutuzova_v
tennis_data_uk,wta,2011,27,French Open,Paris,2011-05-23,grand_slam,True,clay,R128,128,3,Chan Y.J.,Zakopalova K.,129,32,524,1600.0,2,0,7,5,6,1,,,,,,,completed,2.75,1.4,2.97,1.45,3.35,1.45,2.9,1.39,2011_27_paris_french_open,2011_27_paris_french_open_2011-05-23_R128_chan_y_j_zakopalova_k
tennis_data_uk,wta,2011,27,French Open,Paris,2011-05-23,grand_slam,True,clay,R128,128,3,Lisicki S.,Amanmuradova A.,121,75,547,868.0,2,0,6,0,6,4,,,,,,,completed,1.07,7.5,1.1,8.61,1.12,9.55,1.08,7.31,2011_27_paris_french_open,2011_27_paris_french_open_2011-05-23_R128_lisicki_s_amanmuradova_a
tennis_data_uk,wta,2011,27,French Open,Paris,2011-05-23,grand_slam,True,clay,R128,128,3,Zheng J.,Zahlavova S.,80,103,837,661.0,2,0,6,4,6,3,,,,,,,completed,1.36,3.0,1.49,2.82,1.5,3.15,1.41,2.81,2011_27_paris_french_open,2011_27_paris_french_open_2011-05-23_R128_zheng_j_zahlavova_s
tennis_data_uk,wta,2011,27,French Open,Paris,2011-05-23,grand_slam,True,clay,R128,128,3,Govortsova O.,Szavay A.,123,40,544,1297.0,2,1,6,4,4,6,6,4,,,,,completed,1.44,2.62,1.44,3.01,1.71,3.01,1.53,2.46,2011_27_paris_french_open,2011_27_paris_french_open_2011-05-23_R128_govortsova_o_szavay_a
tennis_data_uk,wta,2011,27,French Open,Paris,2011-05-23,grand_slam,True,clay,R128,128,3,Radwanska A.,Mayr P.,13,113,2876,617.0,2,0,6,1,6,2,,,,,,,completed,1.06,8.0,1.08,10.52,1.1,12.46,1.07,8.42,2011_27_paris_french_open,2011_27_paris_french_open_2011-05-23_R128_radwanska_a_mayr_p
tennis_data_uk,wta,2011,27,French Open,Paris,2011-05-23,grand_slam,True,clay,R128,128,3,Kvitova P.,Arn G.,9,46,3743,1170.0,2,0,6,2,6,1,,,,,,,completed,1.12,5.5,1.17,5.98,1.2,6.1,1.14,5.53,2011_27_paris_french_open,2011_27_paris_french_open_2011-05-23_R128_kvitova_p_arn_g
tennis_data_uk,wta,2011,27,French Open,Paris,2011-05-23,grand_slam,True,clay,R128,128,3,Bartoli M.,Tatishvili A.,11,106,3000,648.0,2,1,1,6,6,2,6,1,,,,,completed,1.2,4.33,1.24,4.65,1.25,6.5,1.2,4.36,2011_27_paris_french_open,2011_27_paris_french_open_2011-05-23_R128_bartoli_m_tatishvili_a
tennis_data_uk,wta,2011,27,French Open,Paris,2011-05-23,grand_slam,True,clay,R128,128,3,Kirilenko M.,Vandeweghe C.,27,89,1985,767.0,2,0,7,6,6,2,,,,,,,completed,1.16,4.5,1.21,5.0,1.25,5.15,1.19,4.51,2011_27_paris_french_open,2011_27_paris_french_open_2011-05-23_R128_kirilenko_m_vandeweghe_c
tennis_data_uk,wta,2011,27,French Open,Paris,2011-05-23,grand_slam,True,clay,R128,128,3,Peng S.,Paszek T.,25,85,2080,812.0,2,0,6,3,6,2,,,,,,,completed,1.28,3.5,1.32,3.73,1.32,3.82,1.28,3.57,2011_27_paris_french_open,2011_27_paris_french_open_2011-05-23_R128_peng_s_paszek_t
tennis_data_uk,wta,2011,27,French Open,Paris,2011-05-23,grand_slam,True,clay,R128,128,3,Wozniak A.,Namigata J.,162,118,351,567.0,2,0,6,1,6,1,,,,,,,completed,1.11,6.0,1.15,6.34,1.2,6.8,1.13,5.66,2011_27_paris_french_open,2011_27_paris_french_open_2011-05-23_R128_wozniak_a_namigata_j
tennis_data_uk,wta,2011,27,French Open,Paris,2011-05-23,grand_slam,True,clay,R128,128,3,Bremond I.,Rodina E.,139,81,458,836.0,2,1,6,3,4,6,8,6,,,,,completed,1.83,1.83,1.98,1.93,2.0,1.98,1.89,1.85,2011_27_paris_french_open,2011_27_paris_french_open_2011-05-23_R128_bremond_i_rodina_e
tennis_data_uk,wta,2011,27,French Open,Paris,2011-05-23,grand_slam,True,clay,R128,128,3,Kanepi K.,Arvidsson S.,16,70,2545,930.0,2,0,7,5,6,1,,,,,,,completed,1.44,2.62,1.56,2.62,1.56,2.95,1.44,2.69,2011_27_paris_french_open,2011_27_paris_french_open_2011-05-23_R128_kanepi_k_arvidsson_s
tennis_data_uk,wta,2011,27,French Open,Paris,2011-05-23,grand_slam,True,clay,R128,128,3,Watson H.,Foretz S.,117,133,572,487.0,2,0,7,6,6,1,,,,,,,completed,1.72,2.0,1.85,2.07,1.95,2.07,1.81,1.93,2011_27_paris_french_open,2011_27_paris_french_open_2011-05-23_R128_watson_h_foretz_s
tennis_data_uk,wta,2011,27,French Open,Paris,2011-05-23,grand_slam,True,clay,R128,128,3,Wozniacki C.,Date-Krumm K.,1,56,10255,1065.0,2,0,6,0,6,2,,,,,,,completed,1.01,15.0,1.02,19.52,1.03,38.02,1.02,17.23,2011_27_paris_french_open,2011_27_paris_french_open_2011-05-23_R128_wozniacki_c_date_krumm_k
tennis_data_uk,wta,2011,27,French Open,Paris,2011-05-24,grand_slam,True,clay,R128,128,3,Li N.,Zahlavova Strycova B.,7,49,4635,1130.0,2,1,6,3,6,7,6,3,,,,,completed,1.07,7.5,1.09,9.49,1.1,9.52,1.08,7.53,2011_27_paris_french_open,2011_27_paris_french_open_2011-05-24_R128_li_n_zahlavova_strycova_b
tennis_data_uk,wta,2011,27,French Open,Paris,2011-05-24,grand_slam,True,clay,R128,128,3,Makarova E.,Oprandi R.,33,82,1536,829.0,2,1,6,4,3,6,6,0,,,,,completed,1.5,2.5,1.54,2.66,1.6,2.69,1.52,2.47,2011_27_paris_french_open,2011_27_paris_french_open_2011-05-24_R128_makarova_e_oprandi_r
tennis_data_uk,wta,2011,27,French Open,Paris,2011-05-24,grand_slam,True,clay,R128,128,3,Morita A.,Mladenovic K.,47,268,1163,192.0,2,1,2,6,6,4,7,5,,,,,completed,1.4,2.75,1.52,2.73,1.53,3.0,1.44,2.71,2011_27_paris_french_open,2011_27_paris_french_open_2011-05-24_R128_morita_a_mladenovic_k
tennis_data_uk,wta,2011,27,French Open,Paris,2011-05-24,grand_slam,True,clay,R128,128,3,Garcia C.,Ondraskova Z.,188,91,306,765.0,2,0,6,3,6,4,,,,,,,completed,1.4,2.75,1.47,2.92,1.48,3.4,1.39,2.88,2011_27_paris_french_open,2011_27_paris_french_open_2011-05-24_R128_garcia_c_ondraskova_z
tennis_data_uk,wta,2011,27,French Open,Paris,2011-05-24,grand_slam,True,clay,R128,128,3,Gajdosova J.,Razzano V.,26,96,2060,718.0,2,0,6,3,6,1,,,,,,,completed,1.3,3.4,1.35,3.52,1.37,3.55,1.32,3.25,2011_27_paris_french_open,2011_27_paris_french_open_2011-05-24_R128_gajdosova_j_razzano_v
tennis_data_uk,wta,2011,27,French Open,Paris,2011-05-24,grand_slam,True,clay,R128,128,3,Soler Espinosa S.,Vesnina E.,158,38,366,1415.0,2,1,4,6,6,3,6,4,,,,,completed,4.33,1.2,4.85,1.22,4.85,1.26,4.14,1.22,2011_27_paris_french_open,2011_27_paris_french_open_2011-05-24_R128_soler_espinosa_s_vesnina_e
tennis_data_uk,wta,2011,27,French Open,Paris,2011-05-24,grand_slam,True,clay,R128,128,3,Medina Garrigues A.,Dentoni C.,43,146,1230,426.0,2,0,7,5,7,5,,,,,,,completed,1.07,7.5,1.08,10.15,1.1,10.71,1.08,7.69,2011_27_paris_french_open,2011_27_paris_french_open_2011-05-24_R128_medina_garrigues_a_dentoni_c
tennis_data_uk,wta,2011,27,French Open,Paris,2011-05-24,grand_slam,True,clay,R128,128,3,Sharapova M.,Lucic M.,8,94,4481,727.0,2,0,6,3,6,0,,,,,,,completed,1.02,12.0,1.03,19.0,1.06,22.9,1.03,12.29,2011_27_paris_french_open,2011_27_paris_french_open_2011-05-24_R128_sharapova_m_lucic_m
tennis_data_uk,wta,2011,27,French Open,Paris,2011-05-24,grand_slam,True,clay,R128,128,3,Larsson J.,Ivanovic A.,64,21,984,2425.0,2,1,7,6,0,6,6,2,,,,,completed,5.0,1.14,5.16,1.2,5.9,1.2,5.1,1.15,2011_27_paris_french_open,2011_27_paris_french_open_2011-05-24_R128_larsson_j_ivanovic_a
tennis_data_uk,wta,2011,27,French Open,Paris,2011-05-24,grand_slam,True,clay,R128,128,3,King V.,Cibulkova D.,115,23,605,2210.0,2,1,6,7,6,3,6,2,,,,,completed,6.0,1.11,7.04,1.13,7.04,1.16,5.84,1.12,2011_27_paris_french_open,2011_27_paris_french_open_2011-05-24_R128_king_v_cibulkova_d
tennis_data_uk,wta,2011,27,French Open,Paris,2011-05-24,grand_slam,True,clay,R128,128,3,Wickmayer Y.,Niculescu M.,22,44,2350,1178.0,2,0,6,0,6,3,,,,,,,completed,1.5,2.5,1.57,2.58,1.61,2.75,1.49,2.56,2011_27_paris_french_open,2011_27_paris_french_open_2011-05-24_R128_wickmayer_y_niculescu_m
tennis_data_uk,wta,2011,27,French Open,Paris,2011-05-24,grand_slam,True,clay,R128,128,3,Hradecka L.,Sevastova A.,45,53,1176,1101.0,2,1,6,3,5,7,6,1,,,,,completed,1.36,3.0,1.38,3.31,1.41,3.31,1.37,2.96,2011_27_paris_french_open,2011_27_paris_french_open_2011-05-24_R128_hradecka_l_sevastova_a
tennis_data_uk,wta,2011,27,French Open,Paris,2011-05-24,grand_slam,True,clay,R128,128,3,Azarenka V.,Hlavackova A.,4,97,5425,717.0,2,0,6,3,6,3,,,,,,,completed,1.01,15.0,1.02,20.0,1.03,27.1,1.02,15.23,2011_27_paris_french_open,2011_27_paris_french_open_2011-05-24_R128_azarenka_v_hlavackova_a
tennis_data_uk,wta,2011,27,French Open,Paris,2011-05-24,grand_slam,True,clay,R128,128,3,Rus A.,Erakovic M.,114,167,606,342.0,2,1,2,6,6,4,6,4,,,,,completed,2.2,1.61,2.28,1.71,2.28,1.74,2.14,1.68,2011_27_paris_french_open,2011_27_paris_french_open_2011-05-24_R128_rus_a_erakovic_m
tennis_data_uk,wta,2011,27,French Open,Paris,2011-05-24,grand_slam,True,clay,R128,128,3,Baltacha E.,Stephens S.,83,143,820,433.0,2,0,7,5,6,2,,,,,,,completed,3.5,1.28,3.64,1.33,3.69,1.36,3.26,1.32,2011_27_paris_french_open,2011_27_paris_french_open_2011-05-24_R128_baltacha_e_stephens_s
tennis_data_uk,wta,2011,27,French Open,Paris,2011-05-24,grand_slam,True,clay,R128,128,3,Dulgheru A.,Pous-Tio L.,35,84,1515,814.0,2,0,6,3,6,4,,,,,,,completed,1.83,1.83,2.07,1.85,2.1,1.91,1.9,1.84,2011_27_paris_french_open,2011_27_paris_french_open_2011-05-24_R128_dulgheru_a_pous_tio_l
tennis_data_uk,wta,2011,27,French Open,Paris,2011-05-24,grand_slam,True,clay,R128,128,3,Clijsters K.,Yakimova A.,2,100,8115,676.0,2,0,6,2,6,3,,,,,,,completed,1.07,7.5,1.1,8.6,1.1,10.0,1.07,8.17,2011_27_paris_french_open,2011_27_paris_french_open_2011-05-24_R128_clijsters_k_yakimova_a
tennis_data_uk,wta,2011,27,French Open,Paris,2011-05-24,grand_slam,True,clay,R128,128,3,Cirstea S.,Schnyder P.,99,55,678,1072.0,2,0,6,1,6,3,,,,,,,completed,1.83,1.83,2.02,1.88,2.1,1.89,1.93,1.82,2011_27_paris_french_open,2011_27_paris_french_open_2011-05-24_R128_cirstea_s_schnyder_p
tennis_data_uk,wta,2011,27,French Open,Paris,2011-05-24,grand_slam,True,clay,R128,128,3,Petkovic A.,Jovanovski B.,12,50,2880,1125.0,2,0,6,4,7,6,,,,,,,completed,1.12,5.5,1.14,6.87,1.29,6.87,1.14,5.52,2011_27_paris_french_open,2011_27_paris_french_open_2011-05-24_R128_petkovic_a_jovanovski_b
tennis_data_uk,wta,2011,27,French Open,Paris,2011-05-24,grand_slam,True,clay,R128,128,3,Parmentier P.,Pervak K.,105,87,650,794.0,2,0,7,6,6,4,,,,,,,completed,2.1,1.66,2.29,1.7,2.63,1.75,2.15,1.67,2011_27_paris_french_open,2011_27_paris_french_open_2011-05-24_R128_parmentier_p_pervak_k
tennis_data_uk,wta,2011,27,French Open,Paris,2011-05-25,grand_slam,True,clay,R64,64,3,Stosur S.,Halep S.,6,67,4645,953.0,2,0,6,0,6,2,,,,,,,completed,1.06,8.0,1.08,9.83,1.12,10.0,1.07,7.85,2011_27_paris_french_open,2011_27_paris_french_open_2011-05-25_R64_stosur_s_halep_s
tennis_data_uk,wta,2011,27,French Open,Paris,2011-05-25,grand_slam,True,clay,R64,64,3,Dulko G.,Pironkova T.,51,36,1123,1463.0,2,0,6,4,6,2,,,,,,,completed,1.36,3.0,1.4,3.22,1.45,3.22,1.39,2.9,2011_27_paris_french_open,2011_27_paris_french_open_2011-05-25_R64_dulko_g_pironkova_t
tennis_data_uk,wta,2011,27,French Open,Paris,2011-05-25,grand_slam,True,clay,R64,64,3,Goerges J.,Safarova L.,18,37,2500,1445.0,2,1,2,6,7,5,6,2,,,,,completed,1.53,2.37,1.6,2.5,1.6,2.65,1.52,2.47,2011_27_paris_french_open,2011_27_paris_french_open_2011-05-25_R64_goerges_j_safarova_l
tennis_data_uk,wta,2011,27,French Open,Paris,2011-05-25,grand_slam,True,clay,R64,64,3,Rodionova An.,Gallovits E.,74,131,870,511.0,2,0,6,1,6,4,,,,,,,completed,1.53,2.37,1.63,2.45,1.73,2.51,1.61,2.25,2011_27_paris_french_open,2011_27_paris_french_open_2011-05-25_R64_rodionova_an_gallovits_e
tennis_data_uk,wta,2011,27,French Open,Paris,2011-05-25,grand_slam,True,clay,R64,64,3,Wozniacki C.,Wozniak A.,1,162,10255,351.0,2,0,6,3,7,6,,,,,,,completed,1.01,13.0,1.02,23.0,1.04,28.13,1.02,14.45,2011_27_paris_french_open,2011_27_paris_french_open_2011-05-25_R64_wozniacki_c_wozniak_a
tennis_data_uk,wta,2011,27,French Open,Paris,2011-05-25,grand_slam,True,clay,R64,64,3,Mattek-Sands B.,Lepchenko V.,34,77,1528,852.0,2,1,6,3,2,6,6,3,,,,,completed,1.3,3.4,1.36,3.48,1.4,3.52,1.34,3.12,2011_27_paris_french_open,2011_27_paris_french_open_2011-05-25_R64_mattek_sands_b_lepchenko_v
tennis_data_uk,wta,2011,27,French Open,Paris,2011-05-25,grand_slam,True,clay,R64,64,3,Marino R.,Martinez-Sanchez M.J.,60,86,1036,808.0,2,1,2,6,6,3,6,3,,,,,completed,3.75,1.25,3.69,1.33,4.0,1.33,3.53,1.28,2011_27_paris_french_open,2011_27_paris_french_open_2011-05-25_R64_marino_r_martinez_sanchez_m_j
tennis_data_uk,wta,2011,27,French Open,Paris,2011-05-25,grand_slam,True,clay,R64,64,3,Hantuchova D.,Errani S.,29,39,1875,1385.0,2,0,6,1,6,2,,,,,,,completed,1.36,3.0,1.36,3.44,1.4,3.44,1.37,3.0,2011_27_paris_french_open,2011_27_paris_french_open_2011-05-25_R64_hantuchova_d_errani_s
tennis_data_uk,wta,2011,27,French Open,Paris,2011-05-25,grand_slam,True,clay,R64,64,3,Llagostera Vives N.,Cornet A.,112,78,617,840.0,2,0,6,0,6,2,,,,,,,completed,1.66,2.1,1.74,2.22,1.8,2.22,1.7,2.09,2011_27_paris_french_open,2011_27_paris_french_open_2011-05-25_R64_llagostera_vives_n_cornet_a
tennis_data_uk,wta,2011,27,French Open,Paris,2011-05-25,grand_slam,True,clay,R64,64,3,Pavlyuchenkova A.,Barthel M.,15,187,2715,310.0,2,0,6,0,7,6,,,,,,,completed,1.1,6.5,1.13,7.1,1.14,7.5,1.11,6.3,2011_27_paris_french_open,2011_27_paris_french_open_2011-05-25_R64_pavlyuchenkova_a_barthel_m
tennis_data_uk,wta,2011,27,French Open,Paris,2011-05-25,grand_slam,True,clay,R64,64,3,Kuznetsova S.,Begu I.,14,102,2870,664.0,2,0,6,1,6,1,,,,,,,completed,1.25,3.75,1.33,3.65,1.34,3.85,1.29,3.48,2011_27_paris_french_open,2011_27_paris_french_open_2011-05-25_R64_kuznetsova_s_begu_i
tennis_data_uk,wta,2011,27,French Open,Paris,2011-05-25,grand_slam,True,clay,R64,64,3,Jankovic J.,Dushevina V.,10,61,3670,1035.0,2,0,6,3,6,2,,,,,,,completed,1.08,7.0,1.09,9.16,1.14,9.16,1.1,6.62,2011_27_paris_french_open,2011_27_paris_french_open_2011-05-25_R64_jankovic_j_dushevina_v
tennis_data_uk,wta,2011,27,French Open,Paris,2011-05-25,grand_slam,True,clay,R64,64,3,Peng S.,Hercog P.,25,57,2080,1060.0,2,0,7,5,6,1,,,,,,,completed,1.4,2.75,1.43,3.07,1.5,3.07,1.43,2.73,2011_27_paris_french_open,2011_27_paris_french_open_2011-05-25_R64_peng_s_hercog_p
tennis_data_uk,wta,2011,27,French Open,Paris,2011-05-25,grand_slam,True,clay,R64,64,3,Bartoli M.,Govortsova O.,11,123,3000,544.0,2,1,6,4,6,7,6,2,,,,,completed,1.28,3.5,1.33,3.7,1.36,3.8,1.3,3.43,2011_27_paris_french_open,2011_27_paris_french_open_2011-05-25_R64_bartoli_m_govortsova_o
tennis_data_uk,wta,2011,27,French Open,Paris,2011-05-25,grand_slam,True,clay,R64,64,3,Zvonareva V.,Lisicki S.,3,121,7755,547.0,2,1,4,6,7,5,7,5,,,,,completed,1.3,3.4,1.31,3.81,1.35,4.0,1.29,3.5,2011_27_paris_french_open,2011_27_paris_french_open_2011-05-25_R64_zvonareva_v_lisicki_s
tennis_data_uk,wta,2011,27,French Open,Paris,2011-05-25,grand_slam,True,clay,R64,64,3,Schiavone F.,Dolonts V.,5,101,5246,671.0,2,0,6,1,6,2,,,,,,,completed,1.03,11.0,1.04,14.5,1.06,17.2,1.04,10.66,2011_27_paris_french_open,2011_27_paris_french_open_2011-05-25_R64_schiavone_f_dolonts_v
tennis_data_uk,wta,2011,27,French Open,Paris,2011-05-26,grand_slam,True,clay,R64,64,3,Radwanska A.,Mirza S.,13,72,2876,902.0,2,0,6,2,6,4,,,,,,,completed,1.16,4.5,1.18,5.61,1.2,5.61,1.16,4.88,2011_27_paris_french_open,2011_27_paris_french_open_2011-05-26_R64_radwanska_a_mirza_s
tennis_data_uk,wta,2011,27,French Open,Paris,2011-05-26,grand_slam,True,clay,R64,64,3,Rus A.,Clijsters K.,114,2,606,8115.0,2,1,3,6,7,5,6,1,,,,,completed,9.0,1.05,13.33,1.05,14.4,1.08,9.51,1.05,2011_27_paris_french_open,2011_27_paris_french_open_2011-05-26_R64_rus_a_clijsters_k
tennis_data_uk,wta,2011,27,French Open,Paris,2011-05-26,grand_slam,True,clay,R64,64,3,Wickmayer Y.,Morita A.,22,47,2350,1163.0,2,0,6,4,7,5,,,,,,,completed,1.12,5.5,1.15,6.55,1.17,6.55,1.14,5.34,2011_27_paris_french_open,2011_27_paris_french_open_2011-05-26_R64_wickmayer_y_morita_a
tennis_data_uk,wta,2011,27,French Open,Paris,2011-05-26,grand_slam,True,clay,R64,64,3,Kvitova P.,Zheng J.,9,80,3743,837.0,2,0,6,4,6,1,,,,,,,completed,1.03,11.0,1.04,15.53,1.08,15.53,1.05,9.91,2011_27_paris_french_open,2011_27_paris_french_open_2011-05-26_R64_kvitova_p_zheng_j
tennis_data_uk,wta,2011,27,French Open,Paris,2011-05-26,grand_slam,True,clay,R64,64,3,Cirstea S.,Dulgheru A.,99,35,678,1515.0,2,0,6,2,7,5,,,,,,,completed,2.5,1.5,2.71,1.53,2.8,1.59,2.47,1.52,2011_27_paris_french_open,2011_27_paris_french_open_2011-05-26_R64_cirstea_s_dulgheru_a
tennis_data_uk,wta,2011,27,French Open,Paris,2011-05-26,grand_slam,True,clay,R64,64,3,King V.,Baltacha E.,115,83,605,820.0,2,1,4,6,6,1,6,4,,,,,completed,1.61,2.2,1.78,2.16,1.78,2.31,1.67,2.13,2011_27_paris_french_open,2011_27_paris_french_open_2011-05-26_R64_king_v_baltacha_e
tennis_data_uk,wta,2011,27,French Open,Paris,2011-05-26,grand_slam,True,clay,R64,64,3,Chan Y.J.,Craybas J.,129,104,524,660.0,2,0,6,1,6,4,,,,,,,completed,1.33,3.25,1.38,3.31,1.45,3.42,1.37,2.99,2011_27_paris_french_open,2011_27_paris_french_open_2011-05-26_R64_chan_y_j_craybas_j
tennis_data_uk,wta,2011,27,French Open,Paris,2011-05-26,grand_slam,True,clay,R64,64,3,Li N.,Soler Espinosa S.,7,158,4635,366.0,2,0,6,4,7,5,,,,,,,completed,1.07,7.5,1.07,10.25,1.1,12.25,1.07,8.08,2011_27_paris_french_open,2011_27_paris_french_open_2011-05-26_R64_li_n_soler_espinosa_s
tennis_data_uk,wta,2011,27,French Open,Paris,2011-05-26,grand_slam,True,clay,R64,64,3,Kirilenko M.,Scheepers C.,27,65,1985,981.0,2,0,6,1,6,4,,,,,,,completed,1.4,2.75,1.43,3.05,1.48,3.05,1.4,2.83,2011_27_paris_french_open,2011_27_paris_french_open_2011-05-26_R64_kirilenko_m_scheepers_c
tennis_data_uk,wta,2011,27,French Open,Paris,2011-05-26,grand_slam,True,clay,R64,64,3,Petkovic A.,Hradecka L.,12,45,2880,1176.0,2,0,7,6,6,2,,,,,,,completed,1.33,3.25,1.38,3.31,1.39,3.5,1.34,3.14,2011_27_paris_french_open,2011_27_paris_french_open_2011-05-26_R64_petkovic_a_hradecka_l
tennis_data_uk,wta,2011,27,French Open,Paris,2011-05-26,grand_slam,True,clay,R64,64,3,Makarova E.,Larsson J.,33,64,1536,984.0,2,0,6,3,7,6,,,,,,,completed,1.57,2.25,1.71,2.27,1.76,2.3,1.65,2.16,2011_27_paris_french_open,2011_27_paris_french_open_2011-05-26_R64_makarova_e_larsson_j
tennis_data_uk,wta,2011,27,French Open,Paris,2011-05-26,grand_slam,True,clay,R64,64,3,Vinci R.,Bremond I.,31,139,1615,458.0,2,0,6,3,6,4,,,,,,,completed,1.16,4.5,1.22,4.85,1.23,5.05,1.18,4.55,2011_27_paris_french_open,2011_27_paris_french_open_2011-05-26_R64_vinci_r_bremond_i
tennis_data_uk,wta,2011,27,French Open,Paris,2011-05-26,grand_slam,True,clay,R64,64,3,Sharapova M.,Garcia C.,8,188,4481,306.0,2,1,3,6,6,4,6,0,,,,,completed,1.01,15.0,1.02,24.52,1.04,21.0,1.02,13.91,2011_27_paris_french_open,2011_27_paris_french_open_2011-05-26_R64_sharapova_m_garcia_c
tennis_data_uk,wta,2011,27,French Open,Paris,2011-05-26,grand_slam,True,clay,R64,64,3,Kanepi K.,Watson H.,16,117,2545,572.0,2,0,6,1,6,3,,,,,,,completed,1.16,4.5,1.22,4.93,1.27,4.93,1.22,4.16,2011_27_paris_french_open,2011_27_paris_french_open_2011-05-26_R64_kanepi_k_watson_h
tennis_data_uk,wta,2011,27,French Open,Paris,2011-05-26,grand_slam,True,clay,R64,64,3,Gajdosova J.,Medina Garrigues A.,26,43,2060,1230.0,2,0,7,6,6,4,,,,,,,completed,1.72,2.0,1.75,2.2,1.85,2.2,1.75,2.02,2011_27_paris_french_open,2011_27_paris_french_open_2011-05-26_R64_gajdosova_j_medina_garrigues_a
tennis_data_uk,wta,2011,27,French Open,Paris,2011-05-26,grand_slam,True,clay,R64,64,3,Azarenka V.,Parmentier P.,4,105,5425,650.0,2,0,6,0,6,1,,,,,,,completed,1.01,13.0,1.05,13.5,1.05,20.25,1.02,12.92,2011_27_paris_french_open,2011_27_paris_french_open_2011-05-26_R64_azarenka_v_parmentier_p
tennis_data_uk,wta,2011,27,French Open,Paris,2011-05-27,grand_slam,True,clay,R32,32,3,Dulko G.,Stosur S.,51,6,1123,4645.0,2,1,6,4,1,6,6,3,,,,,completed,7.5,1.07,7.69,1.12,8.5,1.13,6.74,1.1,2011_27_paris_french_open,2011_27_paris_french_open_2011-05-27_R32_dulko_g_stosur_s
tennis_data_uk,wta,2011,27,French Open,Paris,2011-05-27,grand_slam,True,clay,R32,32,3,Schiavone F.,Peng S.,5,25,5246,2080.0,1,0,6,3,1,2,,,,,,,retired,1.44,2.62,1.51,2.8,1.59,2.8,1.51,2.52,2011_27_paris_french_open,2011_27_paris_french_open_2011-05-27_R32_schiavone_f_peng_s
tennis_data_uk,wta,2011,27,French Open,Paris,2011-05-27,grand_slam,True,clay,R32,32,3,Jankovic J.,Mattek-Sands B.,10,34,3670,1528.0,2,0,6,2,6,2,,,,,,,completed,1.22,4.0,1.29,4.05,1.3,4.3,1.24,3.92,2011_27_paris_french_open,2011_27_paris_french_open_2011-05-27_R32_jankovic_j_mattek_sands_b
tennis_data_uk,wta,2011,27,French Open,Paris,2011-05-27,grand_slam,True,clay,R32,32,3,Kuznetsova S.,Marino R.,14,60,2870,1036.0,2,0,6,0,6,4,,,,,,,completed,1.11,6.0,1.19,5.61,1.19,6.2,1.15,5.19,2011_27_paris_french_open,2011_27_paris_french_open_2011-05-27_R32_kuznetsova_s_marino_r
tennis_data_uk,wta,2011,27,French Open,Paris,2011-05-27,grand_slam,True,clay,R32,32,3,Bartoli M.,Goerges J.,11,18,3000,2500.0,2,1,3,6,6,2,6,4,,,,,completed,2.87,1.38,3.11,1.43,3.11,1.47,2.8,1.41,2011_27_paris_french_open,2011_27_paris_french_open_2011-05-27_R32_bartoli_m_goerges_j
tennis_data_uk,wta,2011,27,French Open,Paris,2011-05-27,grand_slam,True,clay,R32,32,3,Hantuchova D.,Wozniacki C.,29,1,1875,10255.0,2,0,6,1,6,3,,,,,,,completed,3.4,1.3,3.55,1.36,3.65,1.4,3.26,1.32,2011_27_paris_french_open,2011_27_paris_french_open_2011-05-27_R32_hantuchova_d_wozniacki_c
tennis_data_uk,wta,2011,27,French Open,Paris,2011-05-27,grand_slam,True,clay,R32,32,3,Zvonareva V.,Rodionova An.,3,74,7755,870.0,2,0,6,2,6,3,,,,,,,completed,1.14,5.0,1.23,4.8,1.23,5.5,1.17,4.85,2011_27_paris_french_open,2011_27_paris_french_open_2011-05-27_R32_zvonareva_v_rodionova_an
tennis_data_uk,wta,2011,27,French Open,Paris,2011-05-27,grand_slam,True,clay,R32,32,3,Pavlyuchenkova A.,Llagostera Vives N.,15,112,2715,617.0,2,1,3,6,6,3,6,3,,,,,completed,1.16,4.5,1.27,4.35,1.27,4.5,1.21,4.23,2011_27_paris_french_open,2011_27_paris_french_open_2011-05-27_R32_pavlyuchenkova_a_llagostera_vives_n
tennis_data_uk,wta,2011,27,French Open,Paris,2011-05-28,grand_slam,True,clay,R32,32,3,Kvitova P.,King V.,9,115,3743,605.0,2,0,6,4,6,2,,,,,,,completed,1.04,10.0,1.08,10.75,1.08,12.63,1.06,8.85,2011_27_paris_french_open,2011_27_paris_french_open_2011-05-28_R32_kvitova_p_king_v
tennis_data_uk,wta,2011,27,French Open,Paris,2011-05-28,grand_slam,True,clay,R32,32,3,Li N.,Cirstea S.,7,99,4635,678.0,2,0,6,2,6,2,,,,,,,completed,1.25,3.75,1.33,3.75,1.33,4.0,1.26,3.7,2011_27_paris_french_open,2011_27_paris_french_open_2011-05-28_R32_li_n_cirstea_s
tennis_data_uk,wta,2011,27,French Open,Paris,2011-05-28,grand_slam,True,clay,R32,32,3,Azarenka V.,Vinci R.,4,31,5425,1615.0,2,0,6,3,6,2,,,,,,,completed,1.05,9.0,1.08,10.49,1.11,10.5,1.07,7.88,2011_27_paris_french_open,2011_27_paris_french_open_2011-05-28_R32_azarenka_v_vinci_r
tennis_data_uk,wta,2011,27,French Open,Paris,2011-05-28,grand_slam,True,clay,R32,32,3,Makarova E.,Kanepi K.,33,16,1536,2545.0,2,0,6,4,7,5,,,,,,,completed,2.75,1.4,2.68,1.55,2.95,1.91,2.6,1.48,2011_27_paris_french_open,2011_27_paris_french_open_2011-05-28_R32_makarova_e_kanepi_k
tennis_data_uk,wta,2011,27,French Open,Paris,2011-05-28,grand_slam,True,clay,R32,32,3,Petkovic A.,Gajdosova J.,12,26,2880,2060.0,2,1,6,2,4,6,6,3,,,,,completed,1.36,3.0,1.46,3.0,1.46,3.17,1.39,2.91,2011_27_paris_french_open,2011_27_paris_french_open_2011-05-28_R32_petkovic_a_gajdosova_j
tennis_data_uk,wta,2011,27,French Open,Paris,2011-05-28,grand_slam,True,clay,R32,32,3,Radwanska A.,Wickmayer Y.,13,22,2876,2350.0,2,0,6,4,6,4,,,,,,,completed,1.8,1.9,1.86,2.07,2.0,2.7,1.78,2.0,2011_27_paris_french_open,2011_27_paris_french_open_2011-05-28_R32_radwanska_a_wickmayer_y
tennis_data_uk,wta,2011,27,French Open,Paris,2011-05-28,grand_slam,True,clay,R32,32,3,Sharapova M.,Chan Y.J.,8,129,4481,524.0,2,0,6,2,6,3,,,,,,,completed,1.04,10.0,1.09,9.95,1.1,10.5,1.06,8.48,2011_27_paris_french_open,2011_27_paris_french_open_2011-05-28_R32_sharapova_m_chan_y_j
tennis_data_uk,wta,2011,27,French Open,Paris,2011-05-28,grand_slam,True,clay,R32,32,3,Kirilenko M.,Rus A.,27,114,1985,606.0,2,0,6,1,6,1,,,,,,,completed,1.4,2.75,1.49,2.87,1.5,3.0,1.43,2.75,2011_27_paris_french_open,2011_27_paris_french_open_2011-05-28_R32_kirilenko_m_rus_a
tennis_data_uk,wta,2011,27,French Open,Paris,2011-05-29,grand_slam,True,clay,R16,16,3,Pavlyuchenkova A.,Zvonareva V.,15,3,2715,7755.0,2,1,7,6,2,6,6,2,,,,,completed,2.87,1.38,2.84,1.5,3.1,1.5,2.81,1.41,2011_27_paris_french_open,2011_27_paris_french_open_2011-05-29_R16_pavlyuchenkova_a_zvonareva_v
tennis_data_uk,wta,2011,27,French Open,Paris,2011-05-29,grand_slam,True,clay,R16,16,3,Schiavone F.,Jankovic J.,5,10,5246,3670.0,2,1,6,3,2,6,6,4,,,,,completed,2.25,1.57,2.44,1.64,2.44,1.73,2.2,1.65,2011_27_paris_french_open,2011_27_paris_french_open_2011-05-29_R16_schiavone_f_jankovic_j
tennis_data_uk,wta,2011,27,French Open,Paris,2011-05-29,grand_slam,True,clay,R16,16,3,Bartoli M.,Dulko G.,11,51,3000,1123.0,1,0,7,5,1,0,,,,,,,retired,1.4,2.75,1.56,2.65,1.56,2.75,1.49,2.56,2011_27_paris_french_open,2011_27_paris_french_open_2011-05-29_R16_bartoli_m_dulko_g
tennis_data_uk,wta,2011,27,French Open,Paris,2011-05-29,grand_slam,True,clay,R16,16,3,Kuznetsova S.,Hantuchova D.,14,29,2870,1875.0,2,1,6,7,6,3,6,2,,,,,completed,1.8,1.9,2.0,1.93,2.01,2.1,1.81,1.94,2011_27_paris_french_open,2011_27_paris_french_open_2011-05-29_R16_kuznetsova_s_hantuchova_d
tennis_data_uk,wta,2011,27,French Open,Paris,2011-05-30,grand_slam,True,clay,R16,16,3,Li N.,Kvitova P.,7,9,4635,3743.0,2,1,2,6,6,1,6,3,,,,,completed,2.75,1.4,2.83,1.5,2.88,1.61,2.58,1.49,2011_27_paris_french_open,2011_27_paris_french_open_2011-05-30_R16_li_n_kvitova_p
tennis_data_uk,wta,2011,27,French Open,Paris,2011-05-30,grand_slam,True,clay,R16,16,3,Azarenka V.,Makarova E.,4,33,5425,1536.0,2,0,6,2,6,3,,,,,,,completed,1.06,8.0,1.09,9.95,1.12,9.95,1.08,7.61,2011_27_paris_french_open,2011_27_paris_french_open_2011-05-30_R16_azarenka_v_makarova_e
tennis_data_uk,wta,2011,27,French Open,Paris,2011-05-30,grand_slam,True,clay,R16,16,3,Sharapova M.,Radwanska A.,8,13,4481,2876.0,2,0,7,6,7,5,,,,,,,completed,1.4,2.75,1.48,2.92,1.5,3.25,1.4,2.87,2011_27_paris_french_open,2011_27_paris_french_open_2011-05-30_R16_sharapova_m_radwanska_a
tennis_data_uk,wta,2011,27,French Open,Paris,2011-05-30,grand_slam,True,clay,R16,16,3,Petkovic A.,Kirilenko M.,12,27,2880,1985.0,2,1,6,2,2,6,6,4,,,,,completed,1.36,3.0,1.42,3.19,1.42,3.6,1.33,3.22,2011_27_paris_french_open,2011_27_paris_french_open_2011-05-30_R16_petkovic_a_kirilenko_m
tennis_data_uk,wta,2011,27,French Open,Paris,2011-05-31,grand_slam,True,clay,QF,8,3,Schiavone F.,Pavlyuchenkova A.,5,15,5246,2715.0,2,1,1,6,7,5,7,5,,,,,completed,1.57,2.37,1.63,2.46,1.63,2.6,1.55,2.42,2011_27_paris_french_open,2011_27_paris_french_open_2011-05-31_QF_schiavone_f_pavlyuchenkova_a
tennis_data_uk,wta,2011,27,French Open,Paris,2011-05-31,grand_slam,True,clay,QF,8,3,Bartoli M.,Kuznetsova S.,11,14,3000,2870.0,2,0,7,6,6,4,,,,,,,completed,2.75,1.44,2.85,1.5,3.05,1.5,2.82,1.41,2011_27_paris_french_open,2011_27_paris_french_open_2011-05-31_QF_bartoli_m_kuznetsova_s
tennis_data_uk,wta,2011,27,French Open,Paris,2011-06-01,grand_slam,True,clay,QF,8,3,Li N.,Azarenka V.,7,4,4635,5425.0,2,0,7,5,6,2,,,,,,,completed,3.0,1.4,3.19,1.42,3.4,1.42,3.12,1.35,2011_27_paris_french_open,2011_27_paris_french_open_2011-06-01_QF_li_n_azarenka_v
tennis_data_uk,wta,2011,27,French Open,Paris,2011-06-01,grand_slam,True,clay,QF,8,3,Sharapova M.,Petkovic A.,8,12,4481,2880.0,2,0,6,0,6,3,,,,,,,completed,1.5,2.62,1.58,2.59,1.67,2.8,1.5,2.56,2011_27_paris_french_open,2011_27_paris_french_open_2011-06-01_QF_sharapova_m_petkovic_a
tennis_data_uk,wta,2011,27,French Open,Paris,2011-06-02,grand_slam,True,clay,SF,4,3,Li N.,Sharapova M.,7,8,4635,4481.0,2,0,6,4,7,5,,,,,,,completed,2.75,1.44,2.79,1.52,2.9,1.53,2.67,1.46,2011_27_paris_french_open,2011_27_paris_french_open_2011-06-02_SF_li_n_sharapova_m
tennis_data_uk,wta,2011,27,French Open,Paris,2011-06-02,grand_slam,True,clay,SF,4,3,Schiavone F.,Bartoli M.,5,11,5246,3000.0,2,0,6,3,6,3,,,,,,,completed,1.5,2.62,1.58,2.61,1.62,2.7,1.53,2.47,2011_27_paris_french_open,2011_27_paris_french_open_2011-06-02_SF_schiavone_f_bartoli_m
tennis_data_uk,wta,2011,27,French Open,Paris,2011-06-04,grand_slam,True,clay,F,2,3,Li N.,Schiavone F.,7,5,4635,5246.0,2,0,6,4,7,6,,,,,,,completed,1.8,2.0,1.88,2.07,1.91,2.1,1.8,1.99,2011_27_paris_french_open,2011_27_paris_french_open_2011-06-04_F_li_n_schiavone_f
tennis_data_uk,wta,2011,28,AEGON Classic,Birmingham,2011-06-06,international,True,grass,R64,64,3,Govortsova O.,Oprandi R.,102,79,693,814.0,2,1,6,2,2,6,6,4,,,,,completed,1.36,3.0,1.4,3.18,1.5,3.22,1.39,2.85,2011_28_birmingham_aegon_classic,2011_28_birmingham_aegon_classic_2011-06-06_R64_govortsova_o_oprandi_r
tennis_data_uk,wta,2011,28,AEGON Classic,Birmingham,2011-06-06,international,True,grass,R64,64,3,Lucic M.,Stevenson A.,94,240,722,225.0,2,0,6,3,7,6,,,,,,,completed,1.53,2.37,1.53,2.66,1.59,2.72,1.51,2.47,2011_28_birmingham_aegon_classic,2011_28_birmingham_aegon_classic_2011-06-06_R64_lucic_m_stevenson_a
tennis_data_uk,wta,2011,28,AEGON Classic,Birmingham,2011-06-06,international,True,grass,R64,64,3,Tatishvili A.,Murray S.,118,615,579,41.0,2,0,7,5,6,1,,,,,,,completed,1.12,5.5,1.2,5.16,1.21,5.55,1.16,4.84,2011_28_birmingham_aegon_classic,2011_28_birmingham_aegon_classic_2011-06-06_R64_tatishvili_a_murray_s
tennis_data_uk,wta,2011,28,AEGON Classic,Birmingham,2011-06-06,international,True,grass,R64,64,3,Watson H.,Scheepers C.,93,89,724,741.0,2,0,6,3,7,5,,,,,,,completed,1.53,2.37,1.54,2.64,1.62,2.64,1.54,2.39,2011_28_birmingham_aegon_classic,2011_28_birmingham_aegon_classic_2011-06-06_R64_watson_h_scheepers_c
tennis_data_uk,wta,2011,28,AEGON Classic,Birmingham,2011-06-06,international,True,grass,R64,64,3,Kudryavtseva A.,Cornet A.,68,66,930,935.0,2,0,7,6,6,1,,,,,,,completed,1.53,2.37,1.56,2.59,1.62,2.62,1.54,2.38,2011_28_birmingham_aegon_classic,2011_28_birmingham_aegon_classic_2011-06-06_R64_kudryavtseva_a_cornet_a
tennis_data_uk,wta,2011,28,AEGON Classic,Birmingham,2011-06-06,international,True,grass,R64,64,3,Rybarikova M.,Webley-Smith E.,69,247,916,221.0,2,0,6,4,6,3,,,,,,,completed,1.06,8.0,1.1,8.33,1.1,9.35,1.07,7.51,2011_28_birmingham_aegon_classic,2011_28_birmingham_aegon_classic_2011-06-06_R64_rybarikova_m_webley_smith_e
tennis_data_uk,wta,2011,28,AEGON Classic,Birmingham,2011-06-06,international,True,grass,R64,64,3,Rodionova Ar.,Razzano V.,233,97,230,718.0,2,0,6,4,6,4,,,,,,,completed,3.75,1.25,4.67,1.23,4.67,1.28,3.86,1.24,2011_28_birmingham_aegon_classic,2011_28_birmingham_aegon_classic_2011-06-06_R64_rodionova_ar_razzano_v
tennis_data_uk,wta,2011,28,AEGON Classic,Birmingham,2011-06-06,international,True,grass,R64,64,3,Vandeweghe C.,Aoyama S.,98,354,717,120.0,2,0,6,2,6,1,,,,,,,completed,1.2,4.33,1.26,4.29,1.29,4.36,1.23,3.89,2011_28_birmingham_aegon_classic,2011_28_birmingham_aegon_classic_2011-06-06_R64_vandeweghe_c_aoyama_s
tennis_data_uk,wta,2011,28,AEGON Classic,Birmingham,2011-06-06,international,True,grass,R64,64,3,Marino R.,South M.,45,293,1186,173.0,2,0,6,4,6,1,,,,,,,completed,1.2,4.33,1.26,4.26,1.28,4.6,1.22,4.04,2011_28_birmingham_aegon_classic,2011_28_birmingham_aegon_classic_2011-06-06_R64_marino_r_south_m
tennis_data_uk,wta,2011,28,AEGON Classic,Birmingham,2011-06-06,international,True,grass,R64,64,3,Riske A.,Radwanska U.,105,137,659,479.0,2,1,4,6,6,2,6,3,,,,,completed,1.5,2.5,1.52,2.7,1.61,2.72,1.52,2.42,2011_28_birmingham_aegon_classic,2011_28_birmingham_aegon_classic_2011-06-06_R64_riske_a_radwanska_u
tennis_data_uk,wta,2011,28,AEGON Classic,Birmingham,2011-06-06,international,True,grass,R64,64,3,Gronert S.,Jovanovski B.,297,55,172,1088.0,2,1,6,1,5,7,6,4,,,,,completed,7.0,1.08,7.44,1.13,7.44,1.13,6.36,1.1,2011_28_birmingham_aegon_classic,2011_28_birmingham_aegon_classic_2011-06-06_R64_gronert_s_jovanovski_b
tennis_data_uk,wta,2011,28,AEGON Classic,Birmingham,2011-06-06,international,True,grass,R64,64,3,Cirstea S.,Chang K.C.,78,135,833,485.0,2,0,6,3,6,3,,,,,,,completed,1.4,2.75,1.51,2.72,1.51,2.9,1.42,2.73,2011_28_birmingham_aegon_classic,2011_28_birmingham_aegon_classic_2011-06-06_R64_cirstea_s_chang_k_c
tennis_data_uk,wta,2011,28,AEGON Classic,Birmingham,2011-06-06,international,True,grass,R64,64,3,Lisicki S.,Date Krumm K.,100,62,707,970.0,2,0,6,4,7,6,,,,,,,completed,1.36,3.0,1.42,3.09,1.43,3.3,1.37,2.96,2011_28_birmingham_aegon_classic,2011_28_birmingham_aegon_classic_2011-06-06_R64_lisicki_s_date_krumm_k
tennis_data_uk,wta,2011,28,AEGON Classic,Birmingham,2011-06-06,international,True,grass,R64,64,3,Erakovic M.,Parra Santonja A.,151,106,404,656.0,2,0,6,4,6,4,,,,,,,completed,1.36,3.0,1.4,3.17,1.44,3.36,1.36,2.96,2011_28_birmingham_aegon_classic,2011_28_birmingham_aegon_classic_2011-06-06_R64_erakovic_m_parra_santonja_a
tennis_data_uk,wta,2011,28,AEGON Classic,Birmingham,2011-06-06,international,True,grass,R64,64,3,Fujiwara R.,Perrin C.,202,289,283,177.0,2,0,6,2,7,5,,,,,,,completed,1.4,2.75,1.48,2.84,1.48,2.91,1.43,2.71,2011_28_birmingham_aegon_classic,2011_28_birmingham_aegon_classic_2011-06-06_R64_fujiwara_r_perrin_c
tennis_data_uk,wta,2011,28,AEGON Classic,Birmingham,2011-06-06,international,True,grass,R64,64,3,Flipkens K.,Lertcheewakarn N.,111,165,627,365.0,2,0,6,1,6,2,,,,,,,completed,1.28,3.5,1.32,3.7,1.36,3.74,1.31,3.36,2011_28_birmingham_aegon_classic,2011_28_birmingham_aegon_classic_2011-06-06_R64_flipkens_k_lertcheewakarn_n
tennis_data_uk,wta,2011,28,AEGON Classic,Birmingham,2011-06-07,international,True,grass,R64,64,3,Doi M.,Gallovits E.,133,120,496,571.0,2,0,6,4,6,2,,,,,,,completed,2.0,1.72,1.95,1.93,1.95,2.02,1.84,1.9,2011_28_birmingham_aegon_classic,2011_28_birmingham_aegon_classic_2011-06-07_R64_doi_m_gallovits_e
tennis_data_uk,wta,2011,28,AEGON Classic,Birmingham,2011-06-07,international,True,grass,R64,64,3,Dellacqua C.,Zahlavova S.,316,107,154,649.0,2,0,7,5,7,6,,,,,,,completed,1.5,2.5,1.54,2.63,1.57,2.69,1.52,2.46,2011_28_birmingham_aegon_classic,2011_28_birmingham_aegon_classic_2011-06-07_R64_dellacqua_c_zahlavova_s
tennis_data_uk,wta,2011,28,AEGON Classic,Birmingham,2011-06-07,international,True,grass,R64,64,3,Shvedova Y.,Zheng J.,115,77,605,837.0,2,0,6,2,7,6,,,,,,,completed,2.0,1.72,2.09,1.81,2.2,1.85,2.0,1.75,2011_28_birmingham_aegon_classic,2011_28_birmingham_aegon_classic_2011-06-07_R64_shvedova_y_zheng_j
tennis_data_uk,wta,2011,28,AEGON Classic,Birmingham,2011-06-07,international,True,grass,R64,64,3,Broady N.,Garcia C.,231,150,234,404.0,2,1,6,2,6,7,6,4,,,,,completed,1.53,2.37,1.65,2.36,1.64,2.43,1.58,2.31,2011_28_birmingham_aegon_classic,2011_28_birmingham_aegon_classic_2011-06-07_R64_broady_n_garcia_c
tennis_data_uk,wta,2011,28,AEGON Classic,Birmingham,2011-06-07,international,True,grass,R64,64,3,Morita A.,Tomljanovic A.,42,166,1258,364.0,2,1,6,3,3,6,7,6,,,,,completed,1.4,2.75,1.53,2.67,1.53,2.85,1.43,2.7,2011_28_birmingham_aegon_classic,2011_28_birmingham_aegon_classic_2011-06-07_R64_morita_a_tomljanovic_a
tennis_data_uk,wta,2011,28,AEGON Classic,Birmingham,2011-06-07,international,True,grass,R64,64,3,Hlavackova A.,Craybas J.,103,104,682,660.0,2,0,6,3,6,1,,,,,,,completed,1.57,2.25,1.64,2.39,1.67,2.5,1.58,2.29,2011_28_birmingham_aegon_classic,2011_28_birmingham_aegon_classic_2011-06-07_R64_hlavackova_a_craybas_j
tennis_data_uk,wta,2011,28,AEGON Classic,Birmingham,2011-06-07,international,True,grass,R64,64,3,Mchale C.,Rodionova An.,71,73,896,870.0,2,1,3,6,7,6,6,2,,,,,completed,2.37,1.53,2.28,1.69,2.45,1.69,2.3,1.59,2011_28_birmingham_aegon_classic,2011_28_birmingham_aegon_classic_2011-06-07_R64_mchale_c_rodionova_an
tennis_data_uk,wta,2011,28,AEGON Classic,Birmingham,2011-06-07,international,True,grass,R64,64,3,Paszek T.,Mirza S.,80,58,790,1002.0,2,1,6,3,4,6,6,2,,,,,completed,1.72,2.0,1.83,2.07,1.89,2.1,1.8,1.95,2011_28_birmingham_aegon_classic,2011_28_birmingham_aegon_classic_2011-06-07_R64_paszek_t_mirza_s
tennis_data_uk,wta,2011,28,AEGON Classic,Birmingham,2011-06-07,international,True,grass,R32,32,3,Rybarikova M.,Vandeweghe C.,69,98,916,717.0,2,0,6,2,6,1,,,,,,,completed,1.36,3.0,1.41,3.13,1.52,3.32,1.37,2.97,2011_28_birmingham_aegon_classic,2011_28_birmingham_aegon_classic_2011-06-07_R32_rybarikova_m_vandeweghe_c
tennis_data_uk,wta,2011,28,AEGON Classic,Birmingham,2011-06-07,international,True,grass,R32,32,3,Lucic M.,Vinci R.,94,30,722,1675.0,2,1,6,7,7,6,7,5,,,,,completed,3.25,1.33,3.63,1.33,3.66,1.36,3.27,1.31,2011_28_birmingham_aegon_classic,2011_28_birmingham_aegon_classic_2011-06-07_R32_lucic_m_vinci_r
tennis_data_uk,wta,2011,28,AEGON Classic,Birmingham,2011-06-07,international,True,grass,R32,32,3,Rezai A.,Govortsova O.,52,102,1120,693.0,1,0,7,5,,,,,,,,,retired,3.0,1.36,3.35,1.38,3.35,1.62,2.89,1.39,2011_28_birmingham_aegon_classic,2011_28_birmingham_aegon_classic_2011-06-07_R32_rezai_a_govortsova_o
tennis_data_uk,wta,2011,28,AEGON Classic,Birmingham,2011-06-07,international,True,grass,R32,32,3,Rodionova Ar.,Kanepi K.,233,17,230,2545.0,2,0,6,4,6,2,,,,,,,completed,6.5,1.1,7.58,1.11,7.58,1.17,5.96,1.12,2011_28_birmingham_aegon_classic,2011_28_birmingham_aegon_classic_2011-06-07_R32_rodionova_ar_kanepi_k
tennis_data_uk,wta,2011,28,AEGON Classic,Birmingham,2011-06-08,international,True,grass,R32,32,3,Riske A.,Gronert S.,105,297,659,172.0,2,0,6,3,6,4,,,,,,,completed,1.3,3.4,1.34,3.54,1.35,3.63,1.3,3.34,2011_28_birmingham_aegon_classic,2011_28_birmingham_aegon_classic_2011-06-08_R32_riske_a_gronert_s
tennis_data_uk,wta,2011,28,AEGON Classic,Birmingham,2011-06-08,international,True,grass,R32,32,3,Kudryavtseva A.,Dellacqua C.,68,316,930,154.0,2,1,7,5,3,6,6,4,,,,,completed,1.66,2.1,1.74,2.2,1.76,2.25,1.67,2.13,2011_28_birmingham_aegon_classic,2011_28_birmingham_aegon_classic_2011-06-08_R32_kudryavtseva_a_dellacqua_c
tennis_data_uk,wta,2011,28,AEGON Classic,Birmingham,2011-06-08,international,True,grass,R32,32,3,Hantuchova D.,Cirstea S.,28,78,1875,833.0,2,0,6,0,6,3,,,,,,,completed,1.22,4.0,1.27,4.13,1.29,4.19,1.25,3.79,2011_28_birmingham_aegon_classic,2011_28_birmingham_aegon_classic_2011-06-08_R32_hantuchova_d_cirstea_s
tennis_data_uk,wta,2011,28,AEGON Classic,Birmingham,2011-06-08,international,True,grass,R32,32,3,Erakovic M.,Shvedova Y.,151,115,404,605.0,2,0,7,6,7,5,,,,,,,completed,1.61,2.2,1.76,2.16,1.76,2.5,1.64,2.2,2011_28_birmingham_aegon_classic,2011_28_birmingham_aegon_classic_2011-06-08_R32_erakovic_m_shvedova_y
tennis_data_uk,wta,2011,28,AEGON Classic,Birmingham,2011-06-08,international,True,grass,R32,32,3,Hlavackova A.,Morita A.,103,42,682,1258.0,2,0,7,6,6,2,,,,,,,completed,2.25,1.57,2.38,1.64,2.6,1.69,2.27,1.58,2011_28_birmingham_aegon_classic,2011_28_birmingham_aegon_classic_2011-06-08_R32_hlavackova_a_morita_a
tennis_data_uk,wta,2011,28,AEGON Classic,Birmingham,2011-06-08,international,True,grass,R32,32,3,Lisicki S.,Flipkens K.,100,111,707,627.0,2,0,7,5,7,6,,,,,,,completed,1.53,2.37,1.55,2.61,1.62,2.63,1.53,2.43,2011_28_birmingham_aegon_classic,2011_28_birmingham_aegon_classic_2011-06-08_R32_lisicki_s_flipkens_k
tennis_data_uk,wta,2011,28,AEGON Classic,Birmingham,2011-06-08,international,True,grass,R32,32,3,Watson H.,Doi M.,93,133,724,496.0,2,0,6,2,6,4,,,,,,,completed,1.33,3.25,1.36,3.42,1.4,3.46,1.35,3.09,2011_28_birmingham_aegon_classic,2011_28_birmingham_aegon_classic_2011-06-08_R32_watson_h_doi_m
tennis_data_uk,wta,2011,28,AEGON Classic,Birmingham,2011-06-08,international,True,grass,R32,32,3,Marino R.,Fujiwara R.,45,202,1186,283.0,2,0,6,1,6,2,,,,,,,completed,1.33,3.25,1.36,3.41,1.4,3.46,1.33,3.15,2011_28_birmingham_aegon_classic,2011_28_birmingham_aegon_classic_2011-06-08_R32_marino_r_fujiwara_r
tennis_data_uk,wta,2011,28,AEGON Classic,Birmingham,2011-06-08,international,True,grass,R32,32,3,Paszek T.,Makarova E.,80,29,790,1811.0,2,1,6,4,3,6,6,4,,,,,completed,3.0,1.36,2.87,1.47,3.1,1.47,2.8,1.4,2011_28_birmingham_aegon_classic,2011_28_birmingham_aegon_classic_2011-06-08_R32_paszek_t_makarova_e
tennis_data_uk,wta,2011,28,AEGON Classic,Birmingham,2011-06-08,international,True,grass,R32,32,3,Errani S.,Mchale C.,35,71,1480,896.0,2,1,7,6,4,6,6,2,,,,,completed,1.66,2.1,1.79,2.13,1.79,2.22,1.67,2.11,2011_28_birmingham_aegon_classic,2011_28_birmingham_aegon_classic_2011-06-08_R32_errani_s_mchale_c
tennis_data_uk,wta,2011,28,AEGON Classic,Birmingham,2011-06-08,international,True,grass,R32,32,3,Peng S.,Broady N.,20,231,2240,234.0,2,1,6,2,6,7,7,6,,,,,completed,1.2,4.33,1.25,4.21,1.28,4.33,1.23,3.94,2011_28_birmingham_aegon_classic,2011_28_birmingham_aegon_classic_2011-06-08_R32_peng_s_broady_n
tennis_data_uk,wta,2011,28,AEGON Classic,Birmingham,2011-06-08,international,True,grass,R32,32,3,Ivanovic A.,Tatishvili A.,19,118,2330,579.0,2,0,6,1,6,0,,,,,,,completed,1.14,5.0,1.21,4.93,1.21,5.23,1.18,4.62,2011_28_birmingham_aegon_classic,2011_28_birmingham_aegon_classic_2011-06-08_R32_ivanovic_a_tatishvili_a
tennis_data_uk,wta,2011,28,AEGON Classic,Birmingham,2011-06-09,international,True,grass,R16,16,3,Riske A.,Rezai A.,105,52,659,1120.0,2,1,7,5,6,7,6,2,,,,,completed,1.57,2.25,1.67,2.35,1.7,2.38,1.64,2.19,2011_28_birmingham_aegon_classic,2011_28_birmingham_aegon_classic_2011-06-09_R16_riske_a_rezai_a
tennis_data_uk,wta,2011,28,AEGON Classic,Birmingham,2011-06-09,international,True,grass,R16,16,3,Lucic M.,Hlavackova A.,94,103,722,682.0,2,0,6,2,7,6,,,,,,,completed,1.8,1.9,1.9,2.01,1.93,2.05,1.8,1.94,2011_28_birmingham_aegon_classic,2011_28_birmingham_aegon_classic_2011-06-09_R16_lucic_m_hlavackova_a
tennis_data_uk,wta,2011,28,AEGON Classic,Birmingham,2011-06-09,international,True,grass,R16,16,3,Hantuchova D.,Kudryavtseva A.,28,68,1875,930.0,2,0,6,4,6,2,,,,,,,completed,1.1,6.5,1.14,6.87,1.16,6.94,1.12,5.84,2011_28_birmingham_aegon_classic,2011_28_birmingham_aegon_classic_2011-06-09_R16_hantuchova_d_kudryavtseva_a
tennis_data_uk,wta,2011,28,AEGON Classic,Birmingham,2011-06-09,international,True,grass,R16,16,3,Peng S.,Watson H.,20,93,2240,724.0,2,0,7,6,6,1,,,,,,,completed,1.4,2.75,1.47,2.93,1.53,2.93,1.46,2.61,2011_28_birmingham_aegon_classic,2011_28_birmingham_aegon_classic_2011-06-09_R16_peng_s_watson_h
tennis_data_uk,wta,2011,28,AEGON Classic,Birmingham,2011-06-09,international,True,grass,R16,16,3,Lisicki S.,Paszek T.,100,80,707,790.0,2,0,7,6,6,4,,,,,,,completed,1.53,2.37,1.71,2.28,1.71,2.45,1.61,2.23,2011_28_birmingham_aegon_classic,2011_28_birmingham_aegon_classic_2011-06-09_R16_lisicki_s_paszek_t
tennis_data_uk,wta,2011,28,AEGON Classic,Birmingham,2011-06-09,international,True,grass,R16,16,3,Erakovic M.,Errani S.,151,35,404,1480.0,2,1,5,7,6,4,6,3,,,,,completed,1.83,1.83,1.78,2.16,1.95,2.18,1.83,1.92,2011_28_birmingham_aegon_classic,2011_28_birmingham_aegon_classic_2011-06-09_R16_erakovic_m_errani_s
tennis_data_uk,wta,2011,28,AEGON Classic,Birmingham,2011-06-09,international,True,grass,R16,16,3,Rybarikova M.,Rodionova Ar.,69,233,916,230.0,2,1,6,7,6,0,6,1,,,,,completed,1.16,4.5,1.24,4.55,1.25,4.73,1.21,4.23,2011_28_birmingham_aegon_classic,2011_28_birmingham_aegon_classic_2011-06-09_R16_rybarikova_m_rodionova_ar
tennis_data_uk,wta,2011,28,AEGON Classic,Birmingham,2011-06-09,international,True,grass,R16,16,3,Ivanovic A.,Marino R.,19,45,2330,1186.0,2,0,6,3,6,2,,,,,,,completed,1.25,3.75,1.32,3.75,1.34,3.84,1.27,3.57,2011_28_birmingham_aegon_classic,2011_28_birmingham_aegon_classic_2011-06-09_R16_ivanovic_a_marino_r
tennis_data_uk,wta,2011,28,AEGON Classic,Birmingham,2011-06-10,international,True,grass,QF,8,3,Hantuchova D.,Riske A.,28,105,1875,659.0,2,0,6,2,6,4,,,,,,,completed,1.12,5.5,1.22,4.96,1.22,5.8,1.15,5.0,2011_28_birmingham_aegon_classic,2011_28_birmingham_aegon_classic_2011-06-10_QF_hantuchova_d_riske_a
tennis_data_uk,wta,2011,28,AEGON Classic,Birmingham,2011-06-10,international,True,grass,QF,8,3,Ivanovic A.,Lucic M.,19,94,2330,722.0,2,0,6,3,6,4,,,,,,,completed,1.16,4.5,1.27,4.35,1.27,4.9,1.2,4.3,2011_28_birmingham_aegon_classic,2011_28_birmingham_aegon_classic_2011-06-10_QF_ivanovic_a_lucic_m
tennis_data_uk,wta,2011,28,AEGON Classic,Birmingham,2011-06-10,international,True,grass,QF,8,3,Peng S.,Erakovic M.,20,151,2240,404.0,2,1,6,4,4,6,6,3,,,,,completed,1.4,2.75,1.49,2.88,1.5,2.95,1.43,2.71,2011_28_birmingham_aegon_classic,2011_28_birmingham_aegon_classic_2011-06-10_QF_peng_s_erakovic_m
tennis_data_uk,wta,2011,28,AEGON Classic,Birmingham,2011-06-10,international,True,grass,QF,8,3,Lisicki S.,Rybarikova M.,100,69,707,916.0,2,0,7,6,6,4,,,,,,,completed,2.0,1.72,1.9,2.02,2.0,2.23,1.87,1.86,2011_28_birmingham_aegon_classic,2011_28_birmingham_aegon_classic_2011-06-10_QF_lisicki_s_rybarikova_m
tennis_data_uk,wta,2011,28,AEGON Classic,Birmingham,2011-06-11,international,True,grass,SF,4,3,Hantuchova D.,Ivanovic A.,28,19,1875,2330.0,2,1,6,7,6,3,6,2,,,,,completed,1.72,2.1,1.74,2.25,1.85,2.25,1.72,2.06,2011_28_birmingham_aegon_classic,2011_28_birmingham_aegon_classic_2011-06-11_SF_hantuchova_d_ivanovic_a
tennis_data_uk,wta,2011,28,AEGON Classic,Birmingham,2011-06-11,international,True,grass,SF,4,3,Lisicki S.,Peng S.,100,20,707,2240.0,2,0,6,3,6,1,,,,,,,completed,1.8,2.0,1.94,1.98,1.94,2.08,1.81,1.94,2011_28_birmingham_aegon_classic,2011_28_birmingham_aegon_classic_2011-06-11_SF_lisicki_s_peng_s
tennis_data_uk,wta,2011,28,AEGON Classic,Birmingham,2011-06-12,international,True,grass,F,2,3,Lisicki S.,Hantuchova D.,100,28,707,1875.0,2,0,6,3,6,2,,,,,,,completed,2.62,1.5,2.69,1.54,2.75,1.57,2.5,1.51,2011_28_birmingham_aegon_classic,2011_28_birmingham_aegon_classic_2011-06-12_F_lisicki_s_hantuchova_d
tennis_data_uk,wta,2011,29,e-Boks Sony Ericsson Open,Copenhagen,2011-06-06,international,False,hard,R32,32,3,Brianti A.,Panova A.,57,148,1008,424.0,2,1,6,7,6,1,7,5,,,,,completed,1.36,3.0,1.34,3.51,1.44,3.52,1.34,3.12,2011_29_copenhagen_e_boks_sony_ericsson_open,2011_29_copenhagen_e_boks_sony_ericsson_open_2011-06-06_R32_brianti_a_panova_a
tennis_data_uk,wta,2011,29,e-Boks Sony Ericsson Open,Copenhagen,2011-06-06,international,False,hard,R32,32,3,Bondarenko A.,Savchuk O.,114,145,610,438.0,2,0,6,4,6,3,,,,,,,completed,1.57,2.25,1.62,2.43,1.73,2.43,1.64,2.17,2011_29_copenhagen_e_boks_sony_ericsson_open,2011_29_copenhagen_e_boks_sony_ericsson_open_2011-06-06_R32_bondarenko_a_savchuk_o
tennis_data_uk,wta,2011,29,e-Boks Sony Ericsson Open,Copenhagen,2011-06-06,international,False,hard,R32,32,3,Woerle K.,Zakopalova K.,144,34,440,1505.0,2,0,6,3,6,2,,,,,,,completed,4.0,1.22,4.4,1.25,4.4,1.33,3.68,1.26,2011_29_copenhagen_e_boks_sony_ericsson_open,2011_29_copenhagen_e_boks_sony_ericsson_open_2011-06-06_R32_woerle_k_zakopalova_k
tennis_data_uk,wta,2011,29,e-Boks Sony Ericsson Open,Copenhagen,2011-06-06,international,False,hard,R32,32,3,Martic P.,Diatchenko V.,112,167,622,362.0,2,0,6,2,6,2,,,,,,,completed,1.66,2.1,1.86,2.03,1.86,2.1,1.74,2.0,2011_29_copenhagen_e_boks_sony_ericsson_open,2011_29_copenhagen_e_boks_sony_ericsson_open_2011-06-06_R32_martic_p_diatchenko_v
tennis_data_uk,wta,2011,29,e-Boks Sony Ericsson Open,Copenhagen,2011-06-06,international,False,hard,R32,32,3,Kucova Z.,Nara K.,147,134,433,489.0,2,0,6,1,6,2,,,,,,,completed,2.75,1.4,2.8,1.49,3.0,1.6,2.68,1.44,2011_29_copenhagen_e_boks_sony_ericsson_open,2011_29_copenhagen_e_boks_sony_ericsson_open_2011-06-06_R32_kucova_z_nara_k
tennis_data_uk,wta,2011,29,e-Boks Sony Ericsson Open,Copenhagen,2011-06-07,international,False,hard,R32,32,3,Larsson J.,Dolonts V.,61,95,984,721.0,2,0,6,3,6,3,,,,,,,completed,1.44,2.62,1.45,2.93,1.9,3.0,1.44,2.68,2011_29_copenhagen_e_boks_sony_ericsson_open,2011_29_copenhagen_e_boks_sony_ericsson_open_2011-06-07_R32_larsson_j_dolonts_v
tennis_data_uk,wta,2011,29,e-Boks Sony Ericsson Open,Copenhagen,2011-06-07,international,False,hard,R32,32,3,Barthel M.,Glatch A.,142,182,460,329.0,2,0,6,2,7,5,,,,,,,completed,1.72,2.0,1.81,2.1,1.82,2.16,1.73,2.03,2011_29_copenhagen_e_boks_sony_ericsson_open,2011_29_copenhagen_e_boks_sony_ericsson_open_2011-06-07_R32_barthel_m_glatch_a
tennis_data_uk,wta,2011,29,e-Boks Sony Ericsson Open,Copenhagen,2011-06-07,international,False,hard,R32,32,3,Zahlavova Strycova B.,Arvidsson S.,50,67,1130,930.0,2,0,6,2,6,1,,,,,,,completed,2.2,1.61,2.55,1.57,2.8,1.67,2.32,1.57,2011_29_copenhagen_e_boks_sony_ericsson_open,2011_29_copenhagen_e_boks_sony_ericsson_open_2011-06-07_R32_zahlavova_strycova_b_arvidsson_s
tennis_data_uk,wta,2011,29,e-Boks Sony Ericsson Open,Copenhagen,2011-06-07,international,False,hard,R32,32,3,Halep S.,Sevastova A.,60,54,993,1101.0,2,1,6,7,7,6,6,0,,,,,completed,2.2,1.61,2.05,1.85,2.27,1.85,2.13,1.67,2011_29_copenhagen_e_boks_sony_ericsson_open,2011_29_copenhagen_e_boks_sony_ericsson_open_2011-06-07_R32_halep_s_sevastova_a
tennis_data_uk,wta,2011,29,e-Boks Sony Ericsson Open,Copenhagen,2011-06-07,international,False,hard,R32,32,3,Safarova L.,Konta J.,38,335,1445,136.0,2,1,4,6,7,5,6,3,,,,,completed,1.08,7.0,1.13,6.94,1.17,7.1,1.11,5.98,2011_29_copenhagen_e_boks_sony_ericsson_open,2011_29_copenhagen_e_boks_sony_ericsson_open_2011-06-07_R32_safarova_l_konta_j
tennis_data_uk,wta,2011,29,e-Boks Sony Ericsson Open,Copenhagen,2011-06-07,international,False,hard,R32,32,3,Krajicek M.,Oudin M.,163,82,371,784.0,2,0,6,1,7,5,,,,,,,completed,2.0,1.72,1.93,1.96,2.1,1.96,1.96,1.78,2011_29_copenhagen_e_boks_sony_ericsson_open,2011_29_copenhagen_e_boks_sony_ericsson_open_2011-06-07_R32_krajicek_m_oudin_m
tennis_data_uk,wta,2011,29,e-Boks Sony Ericsson Open,Copenhagen,2011-06-07,international,False,hard,R32,32,3,Voskoboeva G.,Dokic J.,211,56,268,1037.0,2,0,6,3,6,1,,,,,,,completed,2.0,1.72,2.29,1.69,2.29,1.85,2.02,1.74,2011_29_copenhagen_e_boks_sony_ericsson_open,2011_29_copenhagen_e_boks_sony_ericsson_open_2011-06-07_R32_voskoboeva_g_dokic_j
tennis_data_uk,wta,2011,29,e-Boks Sony Ericsson Open,Copenhagen,2011-06-07,international,False,hard,R32,32,3,Zhang S.,Boserup J.,86,295,759,172.0,2,0,6,2,6,3,,,,,,,completed,1.28,3.5,1.39,3.23,1.39,3.75,1.29,3.37,2011_29_copenhagen_e_boks_sony_ericsson_open,2011_29_copenhagen_e_boks_sony_ericsson_open_2011-06-07_R32_zhang_s_boserup_j
tennis_data_uk,wta,2011,29,e-Boks Sony Ericsson Open,Copenhagen,2011-06-07,international,False,hard,R32,32,3,Wozniacki C.,Falconi I.,1,109,9915,641.0,2,0,6,2,6,3,,,,,,,completed,1.01,13.0,1.02,21.0,1.03,24.68,1.02,13.63,2011_29_copenhagen_e_boks_sony_ericsson_open,2011_29_copenhagen_e_boks_sony_ericsson_open_2011-06-07_R32_wozniacki_c_falconi_i
tennis_data_uk,wta,2011,29,e-Boks Sony Ericsson Open,Copenhagen,2011-06-07,international,False,hard,R32,32,3,Kerber A.,Pliskova Ka.,76,225,842,244.0,2,0,6,2,6,2,,,,,,,completed,1.14,5.0,1.24,4.43,1.24,5.4,1.18,4.62,2011_29_copenhagen_e_boks_sony_ericsson_open,2011_29_copenhagen_e_boks_sony_ericsson_open_2011-06-07_R32_kerber_a_pliskova_ka
tennis_data_uk,wta,2011,29,e-Boks Sony Ericsson Open,Copenhagen,2011-06-07,international,False,hard,R32,32,3,Mattek-Sands B.,Ejdesgaard M.,31,874,1588,16.0,2,0,6,4,6,0,,,,,,,completed,1.01,15.0,1.06,11.52,1.07,13.0,1.03,11.13,2011_29_copenhagen_e_boks_sony_ericsson_open,2011_29_copenhagen_e_boks_sony_ericsson_open_2011-06-07_R32_mattek_sands_b_ejdesgaard_m
tennis_data_uk,wta,2011,29,e-Boks Sony Ericsson Open,Copenhagen,2011-06-08,international,False,hard,R16,16,3,Barthel M.,Zahlavova Strycova B.,142,50,460,1130.0,2,0,7,6,6,4,,,,,,,completed,2.37,1.53,2.65,1.55,2.67,1.77,2.37,1.56,2011_29_copenhagen_e_boks_sony_ericsson_open,2011_29_copenhagen_e_boks_sony_ericsson_open_2011-06-08_R16_barthel_m_zahlavova_strycova_b
tennis_data_uk,wta,2011,29,e-Boks Sony Ericsson Open,Copenhagen,2011-06-08,international,False,hard,R16,16,3,Brianti A.,Kucova Z.,57,147,1008,433.0,2,1,3,6,6,4,6,1,,,,,completed,1.44,2.62,1.53,2.71,1.53,2.9,1.43,2.72,2011_29_copenhagen_e_boks_sony_ericsson_open,2011_29_copenhagen_e_boks_sony_ericsson_open_2011-06-08_R16_brianti_a_kucova_z
tennis_data_uk,wta,2011,29,e-Boks Sony Ericsson Open,Copenhagen,2011-06-08,international,False,hard,R16,16,3,Bondarenko A.,Woerle K.,114,144,610,440.0,2,1,6,0,1,6,6,2,,,,,completed,1.33,3.25,1.43,3.06,1.44,3.5,1.33,3.15,2011_29_copenhagen_e_boks_sony_ericsson_open,2011_29_copenhagen_e_boks_sony_ericsson_open_2011-06-08_R16_bondarenko_a_woerle_k
tennis_data_uk,wta,2011,29,e-Boks Sony Ericsson Open,Copenhagen,2011-06-08,international,False,hard,R16,16,3,Martic P.,Halep S.,112,60,622,993.0,2,1,6,3,5,7,7,5,,,,,completed,2.1,1.66,2.34,1.68,2.35,1.75,2.13,1.67,2011_29_copenhagen_e_boks_sony_ericsson_open,2011_29_copenhagen_e_boks_sony_ericsson_open_2011-06-08_R16_martic_p_halep_s
tennis_data_uk,wta,2011,29,e-Boks Sony Ericsson Open,Copenhagen,2011-06-09,international,False,hard,R16,16,3,Zhang S.,Voskoboeva G.,86,211,759,268.0,2,1,6,3,2,6,6,3,,,,,completed,3.25,1.33,3.35,1.38,3.35,1.44,2.95,1.37,2011_29_copenhagen_e_boks_sony_ericsson_open,2011_29_copenhagen_e_boks_sony_ericsson_open_2011-06-09_R16_zhang_s_voskoboeva_g
tennis_data_uk,wta,2011,29,e-Boks Sony Ericsson Open,Copenhagen,2011-06-09,international,False,hard,R16,16,3,Safarova L.,Krajicek M.,38,163,1445,371.0,2,1,6,7,6,4,6,2,,,,,completed,1.4,2.75,1.47,2.92,1.51,2.92,1.45,2.66,2011_29_copenhagen_e_boks_sony_ericsson_open,2011_29_copenhagen_e_boks_sony_ericsson_open_2011-06-09_R16_safarova_l_krajicek_m
tennis_data_uk,wta,2011,29,e-Boks Sony Ericsson Open,Copenhagen,2011-06-09,international,False,hard,R16,16,3,Mattek-Sands B.,Larsson J.,31,61,1588,984.0,2,1,6,7,6,0,7,6,,,,,completed,1.44,2.62,1.53,2.71,1.53,2.8,1.47,2.59,2011_29_copenhagen_e_boks_sony_ericsson_open,2011_29_copenhagen_e_boks_sony_ericsson_open_2011-06-09_R16_mattek_sands_b_larsson_j
tennis_data_uk,wta,2011,29,e-Boks Sony Ericsson Open,Copenhagen,2011-06-09,international,False,hard,R16,16,3,Wozniacki C.,Kerber A.,1,76,9915,842.0,2,0,7,6,6,3,,,,,,,completed,1.03,11.0,1.06,12.5,1.07,12.97,1.05,9.5,2011_29_copenhagen_e_boks_sony_ericsson_open,2011_29_copenhagen_e_boks_sony_ericsson_open_2011-06-09_R16_wozniacki_c_kerber_a
tennis_data_uk,wta,2011,29,e-Boks Sony Ericsson Open,Copenhagen,2011-06-10,international,False,hard,QF,8,3,Martic P.,Bondarenko A.,112,114,622,610.0,2,1,6,4,3,6,6,3,,,,,completed,2.2,1.61,2.11,1.83,2.21,1.83,2.1,1.68,2011_29_copenhagen_e_boks_sony_ericsson_open,2011_29_copenhagen_e_boks_sony_ericsson_open_2011-06-10_QF_martic_p_bondarenko_a
tennis_data_uk,wta,2011,29,e-Boks Sony Ericsson Open,Copenhagen,2011-06-10,international,False,hard,QF,8,3,Safarova L.,Zhang S.,38,86,1445,759.0,2,1,4,6,6,0,7,6,,,,,completed,1.16,4.5,1.28,4.19,1.28,4.5,1.23,3.99,2011_29_copenhagen_e_boks_sony_ericsson_open,2011_29_copenhagen_e_boks_sony_ericsson_open_2011-06-10_QF_safarova_l_zhang_s
tennis_data_uk,wta,2011,29,e-Boks Sony Ericsson Open,Copenhagen,2011-06-10,international,False,hard,QF,8,3,Barthel M.,Mattek-Sands B.,142,31,460,1588.0,2,1,1,6,6,3,6,4,,,,,completed,2.37,1.53,2.15,1.8,2.45,1.8,2.27,1.59,2011_29_copenhagen_e_boks_sony_ericsson_open,2011_29_copenhagen_e_boks_sony_ericsson_open_2011-06-10_QF_barthel_m_mattek_sands_b
tennis_data_uk,wta,2011,29,e-Boks Sony Ericsson Open,Copenhagen,2011-06-10,international,False,hard,QF,8,3,Wozniacki C.,Brianti A.,1,57,9915,1008.0,2,0,6,0,6,1,,,,,,,completed,1.05,9.0,1.06,12.5,1.08,14.4,1.05,9.18,2011_29_copenhagen_e_boks_sony_ericsson_open,2011_29_copenhagen_e_boks_sony_ericsson_open_2011-06-10_QF_wozniacki_c_brianti_a
tennis_data_uk,wta,2011,29,e-Boks Sony Ericsson Open,Copenhagen,2011-06-11,international,False,hard,SF,4,3,Safarova L.,Martic P.,38,112,1445,622.0,2,1,1,6,6,4,6,2,,,,,completed,1.36,3.25,1.38,3.37,1.4,3.5,1.34,3.13,2011_29_copenhagen_e_boks_sony_ericsson_open,2011_29_copenhagen_e_boks_sony_ericsson_open_2011-06-11_SF_safarova_l_martic_p
tennis_data_uk,wta,2011,29,e-Boks Sony Ericsson Open,Copenhagen,2011-06-11,international,False,hard,SF,4,3,Wozniacki C.,Barthel M.,1,142,9915,460.0,2,0,6,1,6,2,,,,,,,completed,1.05,10.0,1.06,13.0,1.07,13.0,1.05,9.56,2011_29_copenhagen_e_boks_sony_ericsson_open,2011_29_copenhagen_e_boks_sony_ericsson_open_2011-06-11_SF_wozniacki_c_barthel_m
tennis_data_uk,wta,2011,29,e-Boks Sony Ericsson Open,Copenhagen,2011-06-12,international,False,hard,F,2,3,Wozniacki C.,Safarova L.,1,38,9915,1445.0,2,0,6,1,6,4,,,,,,,completed,1.12,6.0,1.15,6.54,1.2,7.0,1.13,5.63,2011_29_copenhagen_e_boks_sony_ericsson_open,2011_29_copenhagen_e_boks_sony_ericsson_open_2011-06-12_F_wozniacki_c_safarova_l
tennis_data_uk,wta,2011,30,AEGON International,Eastbourne,2011-06-13,premier,True,grass,R32,32,3,Williams V.,Petkovic A.,33,11,1560,3280.0,2,1,7,5,5,7,6,3,,,,,completed,1.83,1.83,2.0,1.89,2.25,1.92,2.03,1.73,2011_30_eastbourne_aegon_international,2011_30_eastbourne_aegon_international_2011-06-13_R32_williams_v_petkovic_a
tennis_data_uk,wta,2011,30,AEGON International,Eastbourne,2011-06-13,premier,True,grass,R32,32,3,Kvitova P.,Sevastova A.,8,52,4018,1101.0,2,1,5,7,6,1,6,3,,,,,completed,1.12,5.5,1.16,5.99,1.22,6.58,1.14,5.35,2011_30_eastbourne_aegon_international,2011_30_eastbourne_aegon_international_2011-06-13_R32_kvitova_p_sevastova_a
tennis_data_uk,wta,2011,30,AEGON International,Eastbourne,2011-06-13,premier,True,grass,R32,32,3,Radwanska A.,Gajdosova J.,13,28,3056,1940.0,2,0,7,6,7,5,,,,,,,completed,1.44,2.62,1.49,2.8,1.56,2.8,1.49,2.54,2011_30_eastbourne_aegon_international,2011_30_eastbourne_aegon_international_2011-06-13_R32_radwanska_a_gajdosova_j
tennis_data_uk,wta,2011,30,AEGON International,Eastbourne,2011-06-13,premier,True,grass,R32,32,3,Azarenka V.,Peng S.,5,20,5920,2300.0,2,0,6,4,7,6,,,,,,,completed,1.2,4.33,1.22,4.78,1.25,4.78,1.21,4.21,2011_30_eastbourne_aegon_international,2011_30_eastbourne_aegon_international_2011-06-13_R32_azarenka_v_peng_s
tennis_data_uk,wta,2011,30,AEGON International,Eastbourne,2011-06-13,premier,True,grass,R32,32,3,Stosur S.,Petrova N.,10,37,3405,1450.0,2,0,6,1,6,4,,,,,,,completed,1.4,2.75,1.49,2.81,1.51,2.9,1.42,2.73,2011_30_eastbourne_aegon_international,2011_30_eastbourne_aegon_international_2011-06-13_R32_stosur_s_petrova_n
tennis_data_uk,wta,2011,30,AEGON International,Eastbourne,2011-06-13,premier,True,grass,R32,32,3,Martinez-Sanchez M.J.,Peer S.,72,22,903,2170.0,2,0,7,5,6,3,,,,,,,completed,1.66,2.1,1.64,2.39,1.74,2.43,1.64,2.17,2011_30_eastbourne_aegon_international,2011_30_eastbourne_aegon_international_2011-06-13_R32_martinez_sanchez_m_j_peer_s
tennis_data_uk,wta,2011,30,AEGON International,Eastbourne,2011-06-14,premier,True,grass,R32,32,3,Makarova E.,Lucic M.,29,91,1811,752.0,2,1,6,1,3,6,6,4,,,,,completed,1.57,2.25,1.66,2.34,1.69,2.4,1.62,2.21,2011_30_eastbourne_aegon_international,2011_30_eastbourne_aegon_international_2011-06-14_R32_makarova_e_lucic_m
tennis_data_uk,wta,2011,30,AEGON International,Eastbourne,2011-06-14,premier,True,grass,R32,32,3,Ivanovic A.,Goerges J.,18,16,2400,2560.0,2,0,6,4,6,3,,,,,,,completed,1.53,2.37,1.64,2.38,1.67,2.48,1.6,2.25,2011_30_eastbourne_aegon_international,2011_30_eastbourne_aegon_international_2011-06-14_R32_ivanovic_a_goerges_j
tennis_data_uk,wta,2011,30,AEGON International,Eastbourne,2011-06-14,premier,True,grass,R32,32,3,Baltacha E.,Rezai A.,61,56,995,1020.0,2,0,6,2,6,1,,,,,,,completed,1.36,3.0,1.37,3.34,1.46,3.41,1.36,2.99,2011_30_eastbourne_aegon_international,2011_30_eastbourne_aegon_international_2011-06-14_R32_baltacha_e_rezai_a
tennis_data_uk,wta,2011,30,AEGON International,Eastbourne,2011-06-14,premier,True,grass,R32,32,3,Schiavone F.,Kanepi K.,7,17,4646,2466.0,2,0,7,6,6,1,,,,,,,completed,1.72,2.0,1.78,2.15,1.87,2.15,1.75,2.0,2011_30_eastbourne_aegon_international,2011_30_eastbourne_aegon_international_2011-06-14_R32_schiavone_f_kanepi_k
tennis_data_uk,wta,2011,30,AEGON International,Eastbourne,2011-06-14,premier,True,grass,R32,32,3,Williams S.,Pironkova T.,26,34,2000,1558.0,2,1,1,6,6,3,6,4,,,,,completed,1.2,4.33,1.27,4.09,1.29,4.75,1.22,4.05,2011_30_eastbourne_aegon_international,2011_30_eastbourne_aegon_international_2011-06-14_R32_williams_s_pironkova_t
tennis_data_uk,wta,2011,30,AEGON International,Eastbourne,2011-06-14,premier,True,grass,R32,32,3,Bartoli M.,Safarova L.,9,32,3740,1585.0,2,1,6,3,3,6,7,6,,,,,completed,1.33,3.25,1.37,3.35,1.4,3.7,1.34,3.09,2011_30_eastbourne_aegon_international,2011_30_eastbourne_aegon_international_2011-06-14_R32_bartoli_m_safarova_l
tennis_data_uk,wta,2011,30,AEGON International,Eastbourne,2011-06-14,premier,True,grass,R32,32,3,Jovanovski B.,Pavlyuchenkova A.,53,14,1088,3055.0,2,0,7,6,6,4,,,,,,,completed,2.75,1.4,3.34,1.37,3.34,1.45,2.84,1.39,2011_30_eastbourne_aegon_international,2011_30_eastbourne_aegon_international_2011-06-14_R32_jovanovski_b_pavlyuchenkova_a
tennis_data_uk,wta,2011,30,AEGON International,Eastbourne,2011-06-14,premier,True,grass,R32,32,3,Zvonareva V.,Watson H.,3,93,7935,744.0,2,0,6,3,6,3,,,,,,,completed,1.16,4.5,1.19,5.24,1.2,5.8,1.16,4.9,2011_30_eastbourne_aegon_international,2011_30_eastbourne_aegon_international_2011-06-14_R32_zvonareva_v_watson_h
tennis_data_uk,wta,2011,30,AEGON International,Eastbourne,2011-06-14,premier,True,grass,R32,32,3,Hantuchova D.,Zheng J.,25,78,2005,837.0,2,0,6,4,6,4,,,,,,,completed,1.4,2.75,1.45,2.93,1.5,3.01,1.42,2.77,2011_30_eastbourne_aegon_international,2011_30_eastbourne_aegon_international_2011-06-14_R32_hantuchova_d_zheng_j
tennis_data_uk,wta,2011,30,AEGON International,Eastbourne,2011-06-14,premier,True,grass,R32,32,3,Li N.,Paszek T.,4,84,6196,810.0,2,0,7,5,6,4,,,,,,,completed,1.3,3.4,1.34,3.5,1.37,3.75,1.3,3.37,2011_30_eastbourne_aegon_international,2011_30_eastbourne_aegon_international_2011-06-14_R32_li_n_paszek_t
tennis_data_uk,wta,2011,30,AEGON International,Eastbourne,2011-06-15,premier,True,grass,R16,16,3,Kvitova P.,Makarova E.,8,29,4018,1811.0,2,0,7,6,7,6,,,,,,,completed,1.5,2.5,1.63,2.44,1.63,3.0,1.48,2.55,2011_30_eastbourne_aegon_international,2011_30_eastbourne_aegon_international_2011-06-15_R16_kvitova_p_makarova_e
tennis_data_uk,wta,2011,30,AEGON International,Eastbourne,2011-06-15,premier,True,grass,R16,16,3,Azarenka V.,Baltacha E.,5,61,5920,995.0,2,0,6,1,7,6,,,,,,,completed,1.12,5.5,1.21,5.05,1.22,6.05,1.14,5.12,2011_30_eastbourne_aegon_international,2011_30_eastbourne_aegon_international_2011-06-15_R16_azarenka_v_baltacha_e
tennis_data_uk,wta,2011,30,AEGON International,Eastbourne,2011-06-15,premier,True,grass,R16,16,3,Williams V.,Ivanovic A.,33,18,1560,2400.0,2,0,6,3,6,2,,,,,,,completed,1.53,2.37,1.57,2.57,1.61,2.65,1.53,2.41,2011_30_eastbourne_aegon_international,2011_30_eastbourne_aegon_international_2011-06-15_R16_williams_v_ivanovic_a
tennis_data_uk,wta,2011,30,AEGON International,Eastbourne,2011-06-15,premier,True,grass,R16,16,3,Stosur S.,Jovanovski B.,10,53,3405,1088.0,2,0,6,3,6,2,,,,,,,completed,1.36,3.0,1.38,3.37,1.45,3.37,1.36,2.97,2011_30_eastbourne_aegon_international,2011_30_eastbourne_aegon_international_2011-06-15_R16_stosur_s_jovanovski_b
tennis_data_uk,wta,2011,30,AEGON International,Eastbourne,2011-06-15,premier,True,grass,R16,16,3,Zvonareva V.,Williams S.,3,26,7935,2000.0,2,1,3,6,7,6,7,5,,,,,completed,1.57,2.25,1.68,2.34,1.68,2.5,1.56,2.35,2011_30_eastbourne_aegon_international,2011_30_eastbourne_aegon_international_2011-06-15_R16_zvonareva_v_williams_s
tennis_data_uk,wta,2011,30,AEGON International,Eastbourne,2011-06-15,premier,True,grass,R16,16,3,Radwanska A.,Schiavone F.,13,7,3056,4646.0,2,0,6,3,6,2,,,,,,,completed,1.5,2.5,1.55,2.65,1.55,2.75,1.49,2.53,2011_30_eastbourne_aegon_international,2011_30_eastbourne_aegon_international_2011-06-15_R16_radwanska_a_schiavone_f
tennis_data_uk,wta,2011,30,AEGON International,Eastbourne,2011-06-15,premier,True,grass,R16,16,3,Bartoli M.,Martinez-Sanchez M.J.,9,72,3740,903.0,2,0,6,3,6,3,,,,,,,completed,1.36,3.0,1.38,3.31,1.44,3.31,1.36,2.97,2011_30_eastbourne_aegon_international,2011_30_eastbourne_aegon_international_2011-06-15_R16_bartoli_m_martinez_sanchez_m_j
tennis_data_uk,wta,2011,30,AEGON International,Eastbourne,2011-06-15,premier,True,grass,R16,16,3,Hantuchova D.,Li N.,25,4,2005,6196.0,2,0,7,6,6,3,,,,,,,completed,2.62,1.44,2.65,1.55,2.7,1.55,2.53,1.49,2011_30_eastbourne_aegon_international,2011_30_eastbourne_aegon_international_2011-06-15_R16_hantuchova_d_li_n
tennis_data_uk,wta,2011,30,AEGON International,Eastbourne,2011-06-16,premier,True,grass,QF,8,3,Hantuchova D.,Williams V.,25,33,2005,1560.0,2,1,6,2,5,7,6,2,,,,,completed,4.0,1.22,4.03,1.3,4.03,1.3,3.66,1.26,2011_30_eastbourne_aegon_international,2011_30_eastbourne_aegon_international_2011-06-16_QF_hantuchova_d_williams_v
tennis_data_uk,wta,2011,30,AEGON International,Eastbourne,2011-06-16,premier,True,grass,QF,8,3,Kvitova P.,Radwanska A.,8,13,4018,3056.0,2,1,1,6,6,2,7,6,,,,,completed,1.66,2.1,1.72,2.27,1.83,2.27,1.72,2.04,2011_30_eastbourne_aegon_international,2011_30_eastbourne_aegon_international_2011-06-16_QF_kvitova_p_radwanska_a
tennis_data_uk,wta,2011,30,AEGON International,Eastbourne,2011-06-16,premier,True,grass,QF,8,3,Stosur S.,Zvonareva V.,10,3,3405,7935.0,2,1,4,6,7,6,6,4,,,,,completed,1.66,2.1,1.78,2.19,1.81,2.2,1.73,2.04,2011_30_eastbourne_aegon_international,2011_30_eastbourne_aegon_international_2011-06-16_QF_stosur_s_zvonareva_v
tennis_data_uk,wta,2011,30,AEGON International,Eastbourne,2011-06-16,premier,True,grass,QF,8,3,Bartoli M.,Azarenka V.,9,5,3740,5920.0,1,0,6,2,2,0,,,,,,,retired,3.5,1.28,3.41,1.38,3.55,1.39,3.27,1.31,2011_30_eastbourne_aegon_international,2011_30_eastbourne_aegon_international_2011-06-16_QF_bartoli_m_azarenka_v
tennis_data_uk,wta,2011,30,AEGON International,Eastbourne,2011-06-18,premier,True,grass,SF,4,3,Kvitova P.,Hantuchova D.,8,25,4018,2005.0,1,0,7,6,4,2,,,,,,,retired,1.72,2.0,1.79,2.17,1.83,2.2,1.75,2.03,2011_30_eastbourne_aegon_international,2011_30_eastbourne_aegon_international_2011-06-18_SF_kvitova_p_hantuchova_d
tennis_data_uk,wta,2011,30,AEGON International,Eastbourne,2011-06-18,premier,True,grass,SF,4,3,Bartoli M.,Stosur S.,9,10,3740,3405.0,2,0,6,3,6,1,,,,,,,completed,2.25,1.57,2.34,1.69,2.35,1.7,2.22,1.64,2011_30_eastbourne_aegon_international,2011_30_eastbourne_aegon_international_2011-06-18_SF_bartoli_m_stosur_s
tennis_data_uk,wta,2011,30,AEGON International,Eastbourne,2011-06-18,premier,True,grass,F,2,3,Bartoli M.,Kvitova P.,9,8,3740,4018.0,2,1,6,1,4,6,7,5,,,,,completed,2.0,1.8,1.88,1.98,2.2,2.1,1.89,1.87,2011_30_eastbourne_aegon_international,2011_30_eastbourne_aegon_international_2011-06-18_F_bartoli_m_kvitova_p
tennis_data_uk,wta,2011,31,Unicef Open,'s-Hertogenbosch,2011-06-12,international,True,grass,R32,32,3,Cibulkova D.,Halep S.,23,57,2055,1005.0,2,0,6,3,6,0,,,,,,,completed,1.36,3.0,1.4,3.18,1.42,3.35,1.35,3.0,2011_31_s_hertogenbosch_unicef_open,2011_31_s_hertogenbosch_unicef_open_2011-06-12_R32_cibulkova_d_halep_s
tennis_data_uk,wta,2011,31,Unicef Open,'s-Hertogenbosch,2011-06-12,international,True,grass,R32,32,3,Dominguez Lino L.,Chakvetadze A.,49,50,1128,1121.0,2,0,6,4,6,1,,,,,,,completed,2.75,1.4,2.91,1.46,2.91,1.48,2.71,1.42,2011_31_s_hertogenbosch_unicef_open,2011_31_s_hertogenbosch_unicef_open_2011-06-12_R32_dominguez_lino_l_chakvetadze_a
tennis_data_uk,wta,2011,31,Unicef Open,'s-Hertogenbosch,2011-06-12,international,True,grass,R32,32,3,Flipkens K.,Zakopalova K.,110,38,641,1425.0,2,0,6,3,6,2,,,,,,,completed,1.57,2.25,1.56,2.56,1.62,2.64,1.55,2.35,2011_31_s_hertogenbosch_unicef_open,2011_31_s_hertogenbosch_unicef_open_2011-06-12_R32_flipkens_k_zakopalova_k
tennis_data_uk,wta,2011,31,Unicef Open,'s-Hertogenbosch,2011-06-13,international,True,grass,R32,32,3,Parra Santonja A.,Robson L.,107,257,656,209.0,2,0,7,5,6,3,,,,,,,completed,1.61,2.2,1.65,2.38,1.75,2.38,1.65,2.15,2011_31_s_hertogenbosch_unicef_open,2011_31_s_hertogenbosch_unicef_open_2011-06-13_R32_parra_santonja_a_robson_l
tennis_data_uk,wta,2011,31,Unicef Open,'s-Hertogenbosch,2011-06-13,international,True,grass,R32,32,3,Barrois K.,Zahlavova Strycova B.,73,54,896,1080.0,2,0,6,3,6,2,,,,,,,completed,2.0,1.72,2.12,1.79,2.25,1.8,2.05,1.71,2011_31_s_hertogenbosch_unicef_open,2011_31_s_hertogenbosch_unicef_open_2011-06-13_R32_barrois_k_zahlavova_strycova_b
tennis_data_uk,wta,2011,31,Unicef Open,'s-Hertogenbosch,2011-06-13,international,True,grass,R32,32,3,Date Krumm K.,Kirilenko M.,63,27,970,1985.0,2,0,7,6,6,2,,,,,,,completed,2.62,1.44,2.93,1.45,2.95,1.5,2.69,1.43,2011_31_s_hertogenbosch_unicef_open,2011_31_s_hertogenbosch_unicef_open_2011-06-13_R32_date_krumm_k_kirilenko_m
tennis_data_uk,wta,2011,31,Unicef Open,'s-Hertogenbosch,2011-06-13,international,True,grass,R32,32,3,Dulgheru A.,Van Uytvanck A.,36,301,1455,170.0,2,0,7,5,7,6,,,,,,,completed,1.72,2.0,1.97,1.92,1.97,2.1,1.8,1.94,2011_31_s_hertogenbosch_unicef_open,2011_31_s_hertogenbosch_unicef_open_2011-06-13_R32_dulgheru_a_van_uytvanck_a
tennis_data_uk,wta,2011,31,Unicef Open,'s-Hertogenbosch,2011-06-13,international,True,grass,R32,32,3,Pennetta F.,Bondarenko A.,21,105,2220,680.0,2,0,6,4,6,4,,,,,,,completed,1.53,2.37,1.55,2.61,1.63,2.69,1.53,2.41,2011_31_s_hertogenbosch_unicef_open,2011_31_s_hertogenbosch_unicef_open_2011-06-13_R32_pennetta_f_bondarenko_a
tennis_data_uk,wta,2011,31,Unicef Open,'s-Hertogenbosch,2011-06-13,international,True,grass,R32,32,3,Kuznetsova S.,Rus A.,12,104,3210,706.0,2,0,6,2,6,4,,,,,,,completed,1.4,2.75,1.5,2.77,1.5,3.01,1.4,2.79,2011_31_s_hertogenbosch_unicef_open,2011_31_s_hertogenbosch_unicef_open_2011-06-13_R32_kuznetsova_s_rus_a
tennis_data_uk,wta,2011,31,Unicef Open,'s-Hertogenbosch,2011-06-13,international,True,grass,R32,32,3,Wickmayer Y.,Brianti A.,19,55,2350,1066.0,2,0,6,4,6,0,,,,,,,completed,1.11,6.0,1.14,6.6,1.15,6.64,1.12,5.58,2011_31_s_hertogenbosch_unicef_open,2011_31_s_hertogenbosch_unicef_open_2011-06-13_R32_wickmayer_y_brianti_a
tennis_data_uk,wta,2011,31,Unicef Open,'s-Hertogenbosch,2011-06-13,international,True,grass,R32,32,3,Oprandi R.,Amanmuradova A.,82,99,814,713.0,2,0,6,4,6,3,,,,,,,completed,1.28,3.5,1.32,3.71,1.32,3.71,1.28,3.4,2011_31_s_hertogenbosch_unicef_open,2011_31_s_hertogenbosch_unicef_open_2011-06-13_R32_oprandi_r_amanmuradova_a
tennis_data_uk,wta,2011,31,Unicef Open,'s-Hertogenbosch,2011-06-13,international,True,grass,R32,32,3,Clijsters K.,Niculescu M.,2,46,8215,1155.0,2,0,7,5,7,5,,,,,,,completed,1.06,8.0,1.09,8.43,1.1,9.77,1.07,7.71,2011_31_s_hertogenbosch_unicef_open,2011_31_s_hertogenbosch_unicef_open_2011-06-13_R32_clijsters_k_niculescu_m
tennis_data_uk,wta,2011,31,Unicef Open,'s-Hertogenbosch,2011-06-14,international,True,grass,R32,32,3,Larsson J.,Marino R.,71,44,904,1208.0,2,0,7,5,7,5,,,,,,,completed,2.5,1.5,2.68,1.52,2.85,1.55,2.54,1.48,2011_31_s_hertogenbosch_unicef_open,2011_31_s_hertogenbosch_unicef_open_2011-06-14_R32_larsson_j_marino_r
tennis_data_uk,wta,2011,31,Unicef Open,'s-Hertogenbosch,2011-06-14,international,True,grass,R32,32,3,Vinci R.,Hercog P.,30,58,1675,1000.0,2,0,6,4,6,2,,,,,,,completed,1.25,3.75,1.33,3.63,1.36,3.75,1.31,3.27,2011_31_s_hertogenbosch_unicef_open,2011_31_s_hertogenbosch_unicef_open_2011-06-14_R32_vinci_r_hercog_p
tennis_data_uk,wta,2011,31,Unicef Open,'s-Hertogenbosch,2011-06-14,international,True,grass,R32,32,3,Errani S.,Bertens K.,35,179,1480,323.0,2,0,7,6,6,1,,,,,,,completed,1.1,6.5,1.12,7.5,1.15,7.5,1.12,5.84,2011_31_s_hertogenbosch_unicef_open,2011_31_s_hertogenbosch_unicef_open_2011-06-14_R32_errani_s_bertens_k
tennis_data_uk,wta,2011,31,Unicef Open,'s-Hertogenbosch,2011-06-14,international,True,grass,R32,32,3,Dokic J.,Kudryavtseva A.,59,70,998,930.0,2,0,6,0,6,4,,,,,,,completed,2.1,1.66,2.23,1.72,2.28,1.72,2.13,1.66,2011_31_s_hertogenbosch_unicef_open,2011_31_s_hertogenbosch_unicef_open_2011-06-14_R32_dokic_j_kudryavtseva_a
tennis_data_uk,wta,2011,31,Unicef Open,'s-Hertogenbosch,2011-06-14,international,True,grass,R16,16,3,Date Krumm K.,Dominguez Lino L.,63,49,970,1128.0,2,0,7,6,6,0,,,,,,,completed,1.5,2.5,1.5,2.8,1.5,2.8,1.44,2.64,2011_31_s_hertogenbosch_unicef_open,2011_31_s_hertogenbosch_unicef_open_2011-06-14_R16_date_krumm_k_dominguez_lino_l
tennis_data_uk,wta,2011,31,Unicef Open,'s-Hertogenbosch,2011-06-14,international,True,grass,R16,16,3,Oprandi R.,Clijsters K.,82,2,814,8215.0,2,0,7,6,6,3,,,,,,,completed,7.0,1.08,7.94,1.11,8.38,1.13,6.87,1.09,2011_31_s_hertogenbosch_unicef_open,2011_31_s_hertogenbosch_unicef_open_2011-06-14_R16_oprandi_r_clijsters_k
tennis_data_uk,wta,2011,31,Unicef Open,'s-Hertogenbosch,2011-06-15,international,True,grass,R16,16,3,Wickmayer Y.,Parra Santonja A.,19,107,2350,656.0,2,1,7,6,6,7,7,5,,,,,completed,1.1,6.5,1.14,6.71,1.15,7.12,1.12,5.81,2011_31_s_hertogenbosch_unicef_open,2011_31_s_hertogenbosch_unicef_open_2011-06-15_R16_wickmayer_y_parra_santonja_a
tennis_data_uk,wta,2011,31,Unicef Open,'s-Hertogenbosch,2011-06-15,international,True,grass,R16,16,3,Dokic J.,Pennetta F.,59,21,998,2220.0,2,0,6,3,6,4,,,,,,,completed,2.62,1.44,2.85,1.49,2.85,1.53,2.61,1.46,2011_31_s_hertogenbosch_unicef_open,2011_31_s_hertogenbosch_unicef_open_2011-06-15_R16_dokic_j_pennetta_f
tennis_data_uk,wta,2011,31,Unicef Open,'s-Hertogenbosch,2011-06-15,international,True,grass,R16,16,3,Cibulkova D.,Barrois K.,23,73,2055,896.0,2,0,6,0,6,1,,,,,,,completed,1.5,2.5,1.65,2.4,1.65,2.6,1.52,2.43,2011_31_s_hertogenbosch_unicef_open,2011_31_s_hertogenbosch_unicef_open_2011-06-15_R16_cibulkova_d_barrois_k
tennis_data_uk,wta,2011,31,Unicef Open,'s-Hertogenbosch,2011-06-15,international,True,grass,R16,16,3,Vinci R.,Dulgheru A.,30,36,1675,1455.0,2,0,6,2,6,1,,,,,,,completed,1.44,2.62,1.47,2.91,1.5,2.91,1.45,2.63,2011_31_s_hertogenbosch_unicef_open,2011_31_s_hertogenbosch_unicef_open_2011-06-15_R16_vinci_r_dulgheru_a
tennis_data_uk,wta,2011,31,Unicef Open,'s-Hertogenbosch,2011-06-15,international,True,grass,R16,16,3,Larsson J.,Flipkens K.,71,110,904,641.0,2,1,6,2,5,7,6,4,,,,,completed,2.37,1.53,2.34,1.68,2.6,1.68,2.33,1.56,2011_31_s_hertogenbosch_unicef_open,2011_31_s_hertogenbosch_unicef_open_2011-06-15_R16_larsson_j_flipkens_k
tennis_data_uk,wta,2011,31,Unicef Open,'s-Hertogenbosch,2011-06-15,international,True,grass,R16,16,3,Kuznetsova S.,Errani S.,12,35,3210,1480.0,2,1,3,6,7,6,6,1,,,,,completed,1.28,3.5,1.3,3.92,1.31,3.92,1.26,3.56,2011_31_s_hertogenbosch_unicef_open,2011_31_s_hertogenbosch_unicef_open_2011-06-15_R16_kuznetsova_s_errani_s
tennis_data_uk,wta,2011,31,Unicef Open,'s-Hertogenbosch,2011-06-16,international,True,grass,QF,8,3,Vinci R.,Wickmayer Y.,30,19,1675,2350.0,2,0,6,4,6,4,,,,,,,completed,2.5,1.5,2.56,1.59,2.63,1.59,2.51,1.5,2011_31_s_hertogenbosch_unicef_open,2011_31_s_hertogenbosch_unicef_open_2011-06-16_QF_vinci_r_wickmayer_y
tennis_data_uk,wta,2011,31,Unicef Open,'s-Hertogenbosch,2011-06-16,international,True,grass,QF,8,3,Dokic J.,Larsson J.,59,71,998,904.0,2,0,7,6,6,4,,,,,,,completed,1.4,2.75,1.5,2.82,1.51,2.82,1.45,2.65,2011_31_s_hertogenbosch_unicef_open,2011_31_s_hertogenbosch_unicef_open_2011-06-16_QF_dokic_j_larsson_j
tennis_data_uk,wta,2011,31,Unicef Open,'s-Hertogenbosch,2011-06-16,international,True,grass,QF,8,3,Oprandi R.,Date Krumm K.,82,63,814,970.0,2,0,7,6,6,4,,,,,,,completed,1.72,2.0,1.99,1.93,2.0,2.0,1.86,1.87,2011_31_s_hertogenbosch_unicef_open,2011_31_s_hertogenbosch_unicef_open_2011-06-16_QF_oprandi_r_date_krumm_k
tennis_data_uk,wta,2011,31,Unicef Open,'s-Hertogenbosch,2011-06-17,international,True,grass,QF,8,3,Cibulkova D.,Kuznetsova S.,23,12,2055,3210.0,2,1,7,5,4,6,6,2,,,,,completed,1.66,2.1,1.68,2.36,1.75,2.36,1.68,2.11,2011_31_s_hertogenbosch_unicef_open,2011_31_s_hertogenbosch_unicef_open_2011-06-17_QF_cibulkova_d_kuznetsova_s
tennis_data_uk,wta,2011,31,Unicef Open,'s-Hertogenbosch,2011-06-17,international,True,grass,SF,4,3,Dokic J.,Oprandi R.,59,82,998,814.0,1,0,6,4,2,0,,,,,,,retired,1.4,2.75,1.51,2.8,1.52,3.0,1.42,2.75,2011_31_s_hertogenbosch_unicef_open,2011_31_s_hertogenbosch_unicef_open_2011-06-17_SF_dokic_j_oprandi_r
tennis_data_uk,wta,2011,31,Unicef Open,'s-Hertogenbosch,2011-06-17,international,True,grass,SF,4,3,Vinci R.,Cibulkova D.,30,23,1675,2055.0,2,0,7,5,6,1,,,,,,,completed,2.62,1.44,2.77,1.52,2.94,1.53,2.64,1.45,2011_31_s_hertogenbosch_unicef_open,2011_31_s_hertogenbosch_unicef_open_2011-06-17_SF_vinci_r_cibulkova_d
tennis_data_uk,wta,2011,31,Unicef Open,'s-Hertogenbosch,2011-06-18,international,True,grass,F,2,3,Vinci R.,Dokic J.,30,59,1675,998.0,2,1,6,7,6,3,7,5,,,,,completed,1.53,2.37,1.53,2.72,1.65,3.7,1.55,2.39,2011_31_s_hertogenbosch_unicef_open,2011_31_s_hertogenbosch_unicef_open_2011-06-18_F_vinci_r_dokic_j
tennis_data_uk,wta,2011,32,Wimbledon,London,2011-06-20,grand_slam,True,grass,R128,128,3,Date Krumm K.,O'Brien K.,57,215,1010,257.0,2,0,6,0,7,5,,,,,,,completed,1.16,4.5,1.23,4.79,1.27,4.8,1.2,4.26,2011_32_london_wimbledon,2011_32_london_wimbledon_2011-06-20_R128_date_krumm_k_o_brien_k
tennis_data_uk,wta,2011,32,Wimbledon,London,2011-06-20,grand_slam,True,grass,R128,128,3,Wickmayer Y.,Lepchenko V.,19,85,2350,792.0,2,0,7,5,6,3,,,,,,,completed,1.08,7.0,1.12,7.45,1.15,7.45,1.11,6.14,2011_32_london_wimbledon,2011_32_london_wimbledon_2011-06-20_R128_wickmayer_y_lepchenko_v
tennis_data_uk,wta,2011,32,Wimbledon,London,2011-06-20,grand_slam,True,grass,R128,128,3,Parmentier P.,Cirstea S.,74,86,884,791.0,2,0,6,1,6,3,,,,,,,completed,3.25,1.33,3.48,1.36,3.57,1.38,3.23,1.32,2011_32_london_wimbledon,2011_32_london_wimbledon_2011-06-20_R128_parmentier_p_cirstea_s
tennis_data_uk,wta,2011,32,Wimbledon,London,2011-06-20,grand_slam,True,grass,R128,128,3,Pervak K.,Peer S.,89,22,771,2170.0,2,1,5,7,6,4,6,4,,,,,completed,3.75,1.25,3.92,1.3,4.0,1.33,3.65,1.26,2011_32_london_wimbledon,2011_32_london_wimbledon_2011-06-20_R128_pervak_k_peer_s
tennis_data_uk,wta,2011,32,Wimbledon,London,2011-06-20,grand_slam,True,grass,R128,128,3,Tatishvili A.,Pivovarova A.,118,112,579,625.0,2,1,3,6,6,2,6,3,,,,,completed,1.83,1.83,1.78,2.16,1.85,2.16,1.76,1.99,2011_32_london_wimbledon,2011_32_london_wimbledon_2011-06-20_R128_tatishvili_a_pivovarova_a
tennis_data_uk,wta,2011,32,Wimbledon,London,2011-06-20,grand_slam,True,grass,R128,128,3,Vesnina E.,Pous-Tio L.,36,90,1415,769.0,2,0,6,4,6,3,,,,,,,completed,1.12,5.5,1.19,5.39,1.2,6.0,1.16,4.95,2011_32_london_wimbledon,2011_32_london_wimbledon_2011-06-20_R128_vesnina_e_pous_tio_l
tennis_data_uk,wta,2011,32,Wimbledon,London,2011-06-20,grand_slam,True,grass,R128,128,3,Williams V.,Amanmuradova A.,30,97,1680,715.0,2,0,6,3,6,1,,,,,,,completed,1.02,12.0,1.03,18.0,1.04,26.4,1.02,13.53,2011_32_london_wimbledon,2011_32_london_wimbledon_2011-06-20_R128_williams_v_amanmuradova_a
tennis_data_uk,wta,2011,32,Wimbledon,London,2011-06-20,grand_slam,True,grass,R128,128,3,Zvonareva V.,Riske A.,3,115,7935,589.0,2,1,6,0,3,6,6,3,,,,,completed,1.06,8.0,1.07,11.25,1.08,12.7,1.05,9.32,2011_32_london_wimbledon,2011_32_london_wimbledon_2011-06-20_R128_zvonareva_v_riske_a
tennis_data_uk,wta,2011,32,Wimbledon,London,2011-06-20,grand_slam,True,grass,R128,128,3,Mchale C.,Makarova E.,73,38,887,1381.0,2,1,2,6,6,1,8,6,,,,,completed,4.33,1.2,4.81,1.22,4.81,1.25,4.06,1.22,2011_32_london_wimbledon,2011_32_london_wimbledon_2011-06-20_R128_mchale_c_makarova_e
tennis_data_uk,wta,2011,32,Wimbledon,London,2011-06-20,grand_slam,True,grass,R128,128,3,Errani S.,Kanepi K.,34,17,1480,2466.0,2,0,6,1,6,4,,,,,,,completed,2.2,1.61,2.05,1.86,2.21,1.86,2.07,1.7,2011_32_london_wimbledon,2011_32_london_wimbledon_2011-06-20_R128_errani_s_kanepi_k
tennis_data_uk,wta,2011,32,Wimbledon,London,2011-06-20,grand_slam,True,grass,R128,128,3,Kuznetsova S.,Zhang S.,12,83,3160,805.0,2,1,3,6,6,3,6,4,,,,,completed,1.08,7.0,1.13,7.71,1.13,7.8,1.11,6.34,2011_32_london_wimbledon,2011_32_london_wimbledon_2011-06-20_R128_kuznetsova_s_zhang_s
tennis_data_uk,wta,2011,32,Wimbledon,London,2011-06-20,grand_slam,True,grass,R128,128,3,Dulgheru A.,Craybas J.,39,107,1355,660.0,2,0,6,2,6,4,,,,,,,completed,1.16,4.5,1.25,4.4,1.26,4.55,1.21,4.14,2011_32_london_wimbledon,2011_32_london_wimbledon_2011-06-20_R128_dulgheru_a_craybas_j
tennis_data_uk,wta,2011,32,Wimbledon,London,2011-06-20,grand_slam,True,grass,R128,128,3,Schiavone F.,Dokic J.,7,45,4705,1197.0,2,1,6,4,1,6,6,3,,,,,completed,1.53,2.37,1.56,2.6,1.67,2.6,1.59,2.3,2011_32_london_wimbledon,2011_32_london_wimbledon_2011-06-20_R128_schiavone_f_dokic_j
tennis_data_uk,wta,2011,32,Wimbledon,London,2011-06-20,grand_slam,True,grass,R128,128,3,Niculescu M.,Bammer S.,46,149,1155,418.0,2,0,6,1,6,1,,,,,,,completed,1.28,3.5,1.35,3.52,1.35,3.8,1.28,3.5,2011_32_london_wimbledon,2011_32_london_wimbledon_2011-06-20_R128_niculescu_m_bammer_s
tennis_data_uk,wta,2011,32,Wimbledon,London,2011-06-21,grand_slam,True,grass,R128,128,3,Keothavong A.,Broady N.,111,213,635,258.0,2,0,6,2,6,4,,,,,,,completed,1.5,2.5,1.53,2.71,1.56,2.74,1.49,2.53,2011_32_london_wimbledon,2011_32_london_wimbledon_2011-06-21_R128_keothavong_a_broady_n
tennis_data_uk,wta,2011,32,Wimbledon,London,2011-06-21,grand_slam,True,grass,R128,128,3,Erakovic M.,Chang K.C.,144,136,444,485.0,2,0,6,4,6,2,,,,,,,completed,1.22,4.0,1.26,4.33,1.26,4.5,1.23,3.98,2011_32_london_wimbledon,2011_32_london_wimbledon_2011-06-21_R128_erakovic_m_chang_k_c
tennis_data_uk,wta,2011,32,Wimbledon,London,2011-06-21,grand_slam,True,grass,R128,128,3,Vinci R.,Dushevina V.,29,51,1925,1130.0,2,0,7,5,6,2,,,,,,,completed,1.25,3.75,1.31,3.85,1.35,3.85,1.3,3.37,2011_32_london_wimbledon,2011_32_london_wimbledon_2011-06-21_R128_vinci_r_dushevina_v
tennis_data_uk,wta,2011,32,Wimbledon,London,2011-06-21,grand_slam,True,grass,R128,128,3,Halep S.,Jovanovski B.,58,50,1005,1138.0,2,0,6,1,6,2,,,,,,,completed,3.4,1.3,3.69,1.33,3.75,1.35,3.36,1.3,2011_32_london_wimbledon,2011_32_london_wimbledon_2011-06-21_R128_halep_s_jovanovski_b
tennis_data_uk,wta,2011,32,Wimbledon,London,2011-06-21,grand_slam,True,grass,R128,128,3,Hantuchova D.,Diatchenko V.,23,168,2135,357.0,2,1,4,6,7,6,6,3,,,,,completed,1.08,7.0,1.1,8.75,1.13,9.1,1.08,7.16,2011_32_london_wimbledon,2011_32_london_wimbledon_2011-06-21_R128_hantuchova_d_diatchenko_v
tennis_data_uk,wta,2011,32,Wimbledon,London,2011-06-21,grand_slam,True,grass,R128,128,3,Kvitova P.,Glatch A.,8,173,4337,344.0,2,0,6,2,6,2,,,,,,,completed,1.06,8.0,1.09,9.5,1.09,10.81,1.06,8.32,2011_32_london_wimbledon,2011_32_london_wimbledon_2011-06-21_R128_kvitova_p_glatch_a
tennis_data_uk,wta,2011,32,Wimbledon,London,2011-06-21,grand_slam,True,grass,R128,128,3,Marino R.,Mayr P.,44,113,1208,614.0,2,0,6,3,7,6,,,,,,,completed,1.14,5.0,1.18,5.61,1.22,5.61,1.17,4.73,2011_32_london_wimbledon,2011_32_london_wimbledon_2011-06-21_R128_marino_r_mayr_p
tennis_data_uk,wta,2011,32,Wimbledon,London,2011-06-21,grand_slam,True,grass,R128,128,3,Pavlyuchenkova A.,Tsurenko L.,14,141,3055,470.0,2,0,6,4,7,6,,,,,,,completed,1.04,10.0,1.06,12.5,1.07,12.91,1.05,9.28,2011_32_london_wimbledon,2011_32_london_wimbledon_2011-06-21_R128_pavlyuchenkova_a_tsurenko_l
tennis_data_uk,wta,2011,32,Wimbledon,London,2011-06-21,grand_slam,True,grass,R128,128,3,Pironkova T.,Giorgi C.,33,169,1551,354.0,2,0,6,2,6,1,,,,,,,completed,1.36,3.0,1.41,3.18,1.45,3.25,1.38,2.93,2011_32_london_wimbledon,2011_32_london_wimbledon_2011-06-21_R128_pironkova_t_giorgi_c
tennis_data_uk,wta,2011,32,Wimbledon,London,2011-06-21,grand_slam,True,grass,R128,128,3,Zahlavova Strycova B.,Wozniak A.,55,174,1080,334.0,2,0,7,6,6,4,,,,,,,completed,2.1,1.66,2.26,1.72,2.26,1.74,2.14,1.67,2011_32_london_wimbledon,2011_32_london_wimbledon_2011-06-21_R128_zahlavova_strycova_b_wozniak_a
tennis_data_uk,wta,2011,32,Wimbledon,London,2011-06-21,grand_slam,True,grass,R128,128,3,Petrova N.,Dolonts V.,37,95,1391,726.0,2,0,6,3,6,4,,,,,,,completed,1.36,3.0,1.42,3.14,1.43,3.5,1.35,3.05,2011_32_london_wimbledon,2011_32_london_wimbledon_2011-06-21_R128_petrova_n_dolonts_v
tennis_data_uk,wta,2011,32,Wimbledon,London,2011-06-21,grand_slam,True,grass,R128,128,3,Dubois S.,Falconi I.,122,109,553,641.0,2,0,6,2,6,2,,,,,,,completed,2.25,1.57,2.48,1.61,2.48,1.67,2.28,1.59,2011_32_london_wimbledon,2011_32_london_wimbledon_2011-06-21_R128_dubois_s_falconi_i
tennis_data_uk,wta,2011,32,Wimbledon,London,2011-06-21,grand_slam,True,grass,R128,128,3,Petkovic A.,Foretz S.,13,139,3150,479.0,2,0,6,3,6,4,,,,,,,completed,1.06,8.0,1.1,8.92,1.12,9.62,1.07,7.73,2011_32_london_wimbledon,2011_32_london_wimbledon_2011-06-21_R128_petkovic_a_foretz_s
tennis_data_uk,wta,2011,32,Wimbledon,London,2011-06-21,grand_slam,True,grass,R128,128,3,Martinez-Sanchez M.J.,Jankovic J.,76,15,843,3050.0,2,1,5,7,6,4,6,3,,,,,completed,3.25,1.33,3.28,1.39,3.46,1.4,3.08,1.35,2011_32_london_wimbledon,2011_32_london_wimbledon_2011-06-21_R128_martinez_sanchez_m_j_jankovic_j
tennis_data_uk,wta,2011,32,Wimbledon,London,2011-06-21,grand_slam,True,grass,R128,128,3,Martic P.,King V.,98,92,712,746.0,2,1,5,7,6,2,6,2,,,,,completed,1.72,2.0,1.83,2.1,1.85,2.22,1.76,1.98,2011_32_london_wimbledon,2011_32_london_wimbledon_2011-06-21_R128_martic_p_king_v
tennis_data_uk,wta,2011,32,Wimbledon,London,2011-06-21,grand_slam,True,grass,R128,128,3,Razzano V.,Mirza S.,96,60,718,997.0,2,1,7,6,2,6,6,3,,,,,completed,2.37,1.53,2.43,1.62,2.55,1.64,2.33,1.57,2011_32_london_wimbledon,2011_32_london_wimbledon_2011-06-21_R128_razzano_v_mirza_s
tennis_data_uk,wta,2011,32,Wimbledon,London,2011-06-21,grand_slam,True,grass,R128,128,3,Williams S.,Rezai A.,25,61,2060,990.0,2,1,6,3,3,6,6,1,,,,,completed,1.04,10.0,1.06,12.25,1.06,14.95,1.04,9.76,2011_32_london_wimbledon,2011_32_london_wimbledon_2011-06-21_R128_williams_s_rezai_a
tennis_data_uk,wta,2011,32,Wimbledon,London,2011-06-21,grand_slam,True,grass,R128,128,3,Paszek T.,Morita A.,80,42,820,1258.0,2,1,5,7,6,3,6,0,,,,,completed,1.28,3.5,1.29,3.97,1.37,3.97,1.31,3.34,2011_32_london_wimbledon,2011_32_london_wimbledon_2011-06-21_R128_paszek_t_morita_a
tennis_data_uk,wta,2011,32,Wimbledon,London,2011-06-21,grand_slam,True,grass,R128,128,3,Benesova I.,Zahlavova S.,53,117,1105,587.0,2,1,3,6,6,3,8,6,,,,,completed,1.36,3.0,1.41,3.18,1.44,3.25,1.38,2.95,2011_32_london_wimbledon,2011_32_london_wimbledon_2011-06-21_R128_benesova_i_zahlavova_s
tennis_data_uk,wta,2011,32,Wimbledon,London,2011-06-21,grand_slam,True,grass,R128,128,3,Bondarenko K.,Cornet A.,126,69,528,935.0,2,0,7,5,6,2,,,,,,,completed,1.53,2.37,1.58,2.54,1.62,2.54,1.55,2.37,2011_32_london_wimbledon,2011_32_london_wimbledon_2011-06-21_R128_bondarenko_k_cornet_a
tennis_data_uk,wta,2011,32,Wimbledon,London,2011-06-21,grand_slam,True,grass,R128,128,3,Baltacha E.,Barthel M.,68,114,935,600.0,2,0,6,2,6,4,,,,,,,completed,1.44,2.62,1.4,3.22,1.5,3.22,1.41,2.79,2011_32_london_wimbledon,2011_32_london_wimbledon_2011-06-21_R128_baltacha_e_barthel_m
tennis_data_uk,wta,2011,32,Wimbledon,London,2011-06-21,grand_slam,True,grass,R128,128,3,Wozniacki C.,Parra Santonja A.,1,105,9915,676.0,2,0,6,2,6,1,,,,,,,completed,1.01,13.0,1.04,15.52,1.05,18.5,1.03,12.11,2011_32_london_wimbledon,2011_32_london_wimbledon_2011-06-21_R128_wozniacki_c_parra_santonja_a
tennis_data_uk,wta,2011,32,Wimbledon,London,2011-06-21,grand_slam,True,grass,R128,128,3,Azarenka V.,Rybarikova M.,5,66,5725,944.0,1,0,6,4,3,2,,,,,,,retired,1.22,4.0,1.22,4.93,1.27,4.93,1.22,4.14,2011_32_london_wimbledon,2011_32_london_wimbledon_2011-06-21_R128_azarenka_v_rybarikova_m
tennis_data_uk,wta,2011,32,Wimbledon,London,2011-06-21,grand_slam,True,grass,R128,128,3,Czink M.,Stosur S.,262,10,203,3405.0,2,0,6,3,6,4,,,,,,,completed,11.0,1.03,15.16,1.04,16.75,1.06,10.67,1.04,2011_32_london_wimbledon,2011_32_london_wimbledon_2011-06-21_R128_czink_m_stosur_s
tennis_data_uk,wta,2011,32,Wimbledon,London,2011-06-21,grand_slam,True,grass,R128,128,3,Yakimova A.,Arvidsson S.,100,71,709,930.0,2,1,4,6,6,2,6,1,,,,,completed,1.83,1.83,1.88,2.03,1.92,2.05,1.83,1.9,2011_32_london_wimbledon,2011_32_london_wimbledon_2011-06-21_R128_yakimova_a_arvidsson_s
tennis_data_uk,wta,2011,32,Wimbledon,London,2011-06-21,grand_slam,True,grass,R128,128,3,Peng S.,Flipkens K.,20,124,2300,541.0,2,0,6,0,6,4,,,,,,,completed,1.33,3.25,1.34,3.6,1.38,3.6,1.33,3.2,2011_32_london_wimbledon,2011_32_london_wimbledon_2011-06-21_R128_peng_s_flipkens_k
tennis_data_uk,wta,2011,32,Wimbledon,London,2011-06-21,grand_slam,True,grass,R128,128,3,Zakopalova K.,Webley-Smith E.,35,244,1425,221.0,2,1,6,3,5,7,8,6,,,,,completed,1.14,5.0,1.18,5.76,1.2,5.76,1.16,4.96,2011_32_london_wimbledon,2011_32_london_wimbledon_2011-06-21_R128_zakopalova_k_webley_smith_e
tennis_data_uk,wta,2011,32,Wimbledon,London,2011-06-21,grand_slam,True,grass,R128,128,3,Bartoli M.,Pliskova Kr.,9,229,4010,240.0,2,0,6,0,6,2,,,,,,,completed,1.04,10.0,1.06,12.4,1.08,14.0,1.04,10.28,2011_32_london_wimbledon,2011_32_london_wimbledon_2011-06-21_R128_bartoli_m_pliskova_kr
tennis_data_uk,wta,2011,32,Wimbledon,London,2011-06-21,grand_slam,True,grass,R128,128,3,Kirilenko M.,Brianti A.,27,56,1985,1066.0,2,0,6,2,6,1,,,,,,,completed,1.28,3.5,1.33,3.68,1.35,3.75,1.29,3.42,2011_32_london_wimbledon,2011_32_london_wimbledon_2011-06-21_R128_kirilenko_m_brianti_a
tennis_data_uk,wta,2011,32,Wimbledon,London,2011-06-21,grand_slam,True,grass,R128,128,3,Sharapova M.,Chakvetadze A.,6,52,5021,1121.0,2,0,6,2,6,1,,,,,,,completed,1.04,10.0,1.04,15.0,1.06,15.0,1.04,10.74,2011_32_london_wimbledon,2011_32_london_wimbledon_2011-06-21_R128_sharapova_m_chakvetadze_a
tennis_data_uk,wta,2011,32,Wimbledon,London,2011-06-21,grand_slam,True,grass,R128,128,3,Safarova L.,Hradecka L.,32,41,1585,1271.0,2,1,2,6,6,3,6,3,,,,,completed,1.44,2.62,1.44,3.01,1.5,3.01,1.43,2.72,2011_32_london_wimbledon,2011_32_london_wimbledon_2011-06-21_R128_safarova_l_hradecka_l
tennis_data_uk,wta,2011,32,Wimbledon,London,2011-06-21,grand_slam,True,grass,R128,128,3,Li N.,Kudryavtseva A.,4,72,6255,920.0,2,0,6,3,6,3,,,,,,,completed,1.06,8.0,1.09,9.41,1.09,9.55,1.07,8.18,2011_32_london_wimbledon,2011_32_london_wimbledon_2011-06-21_R128_li_n_kudryavtseva_a
tennis_data_uk,wta,2011,32,Wimbledon,London,2011-06-21,grand_slam,True,grass,R128,128,3,Daniilidou E.,Vandeweghe C.,121,102,568,687.0,2,0,6,4,6,4,,,,,,,completed,1.4,2.75,1.45,2.97,1.5,3.0,1.42,2.76,2011_32_london_wimbledon,2011_32_london_wimbledon_2011-06-21_R128_daniilidou_e_vandeweghe_c
tennis_data_uk,wta,2011,32,Wimbledon,London,2011-06-21,grand_slam,True,grass,R128,128,3,Tanasugarn T.,Shvedova Y.,108,123,643,550.0,2,0,6,2,6,3,,,,,,,completed,1.53,2.37,1.6,2.51,1.64,2.51,1.59,2.32,2011_32_london_wimbledon,2011_32_london_wimbledon_2011-06-21_R128_tanasugarn_t_shvedova_y
tennis_data_uk,wta,2011,32,Wimbledon,London,2011-06-21,grand_slam,True,grass,R128,128,3,Dominguez Lino L.,Oprandi R.,48,67,1148,940.0,2,0,6,0,6,1,,,,,,,completed,2.5,1.5,2.64,1.55,2.68,1.57,2.52,1.5,2011_32_london_wimbledon,2011_32_london_wimbledon_2011-06-21_R128_dominguez_lino_l_oprandi_r
tennis_data_uk,wta,2011,32,Wimbledon,London,2011-06-21,grand_slam,True,grass,R128,128,3,Ivanovic A.,Oudin M.,18,87,2400,784.0,2,0,6,0,6,1,,,,,,,completed,1.1,6.5,1.13,7.16,1.15,7.5,1.12,6.05,2011_32_london_wimbledon,2011_32_london_wimbledon_2011-06-21_R128_ivanovic_a_oudin_m
tennis_data_uk,wta,2011,32,Wimbledon,London,2011-06-22,grand_slam,True,grass,R128,128,3,Johansson M.,Watson H.,70,106,932,674.0,2,1,2,6,6,4,6,4,,,,,completed,2.62,1.44,2.97,1.45,2.97,1.5,2.72,1.44,2011_32_london_wimbledon,2011_32_london_wimbledon_2011-06-22_R128_johansson_m_watson_h
tennis_data_uk,wta,2011,32,Wimbledon,London,2011-06-22,grand_slam,True,grass,R128,128,3,Goerges J.,Medina Garrigues A.,16,43,2560,1230.0,2,0,6,3,6,0,,,,,,,completed,1.44,2.62,1.55,2.63,1.6,2.72,1.48,2.59,2011_32_london_wimbledon,2011_32_london_wimbledon_2011-06-22_R128_goerges_j_medina_garrigues_a
tennis_data_uk,wta,2011,32,Wimbledon,London,2011-06-22,grand_slam,True,grass,R128,128,3,Cetkovska P.,Barrois K.,81,75,820,856.0,2,1,6,2,5,7,6,2,,,,,completed,1.8,1.9,1.85,2.07,1.91,2.07,1.83,1.91,2011_32_london_wimbledon,2011_32_london_wimbledon_2011-06-22_R128_cetkovska_p_barrois_k
tennis_data_uk,wta,2011,32,Wimbledon,London,2011-06-22,grand_slam,True,grass,R128,128,3,Cibulkova D.,Lucic M.,24,91,2115,762.0,2,1,3,6,6,3,8,6,,,,,completed,1.44,2.62,1.56,2.61,1.57,2.78,1.49,2.57,2011_32_london_wimbledon,2011_32_london_wimbledon_2011-06-22_R128_cibulkova_d_lucic_m
tennis_data_uk,wta,2011,32,Wimbledon,London,2011-06-22,grand_slam,True,grass,R128,128,3,Doi M.,Mattek-Sands B.,133,31,501,1643.0,2,1,6,4,5,7,7,5,,,,,completed,5.0,1.14,5.04,1.21,5.5,1.24,4.73,1.18,2011_32_london_wimbledon,2011_32_london_wimbledon_2011-06-22_R128_doi_m_mattek_sands_b
tennis_data_uk,wta,2011,32,Wimbledon,London,2011-06-22,grand_slam,True,grass,R128,128,3,Radwanska A.,Govortsova O.,11,101,3175,707.0,1,0,6,0,3,0,,,,,,,retired,1.07,7.5,1.1,8.68,1.11,8.68,1.09,7.24,2011_32_london_wimbledon,2011_32_london_wimbledon_2011-06-22_R128_radwanska_a_govortsova_o
tennis_data_uk,wta,2011,32,Wimbledon,London,2011-06-22,grand_slam,True,grass,R128,128,3,Rodina E.,Scheepers C.,82,93,813,741.0,2,0,6,3,7,5,,,,,,,completed,1.72,2.0,1.85,2.07,1.85,2.24,1.75,2.02,2011_32_london_wimbledon,2011_32_london_wimbledon_2011-06-22_R128_rodina_e_scheepers_c
tennis_data_uk,wta,2011,32,Wimbledon,London,2011-06-22,grand_slam,True,grass,R128,128,3,Zheng J.,Ondraskova Z.,84,110,797,639.0,2,0,7,5,6,0,,,,,,,completed,1.07,7.5,1.09,9.5,1.11,9.5,1.09,7.41,2011_32_london_wimbledon,2011_32_london_wimbledon_2011-06-22_R128_zheng_j_ondraskova_z
tennis_data_uk,wta,2011,32,Wimbledon,London,2011-06-22,grand_slam,True,grass,R128,128,3,Pennetta F.,Begu I.,21,78,2220,836.0,2,1,7,6,4,6,6,2,,,,,completed,1.16,4.5,1.26,4.38,1.26,4.75,1.21,4.21,2011_32_london_wimbledon,2011_32_london_wimbledon_2011-06-22_R128_pennetta_f_begu_i
tennis_data_uk,wta,2011,32,Wimbledon,London,2011-06-22,grand_slam,True,grass,R128,128,3,Gajdosova J.,Bondarenko A.,28,104,1940,680.0,2,0,7,5,6,3,,,,,,,completed,1.2,4.33,1.24,4.54,1.27,4.85,1.21,4.3,2011_32_london_wimbledon,2011_32_london_wimbledon_2011-06-22_R128_gajdosova_j_bondarenko_a
tennis_data_uk,wta,2011,32,Wimbledon,London,2011-06-22,grand_slam,True,grass,R128,128,3,Hercog P.,Larsson J.,59,63,1000,973.0,2,1,6,7,6,3,6,4,,,,,completed,2.75,1.4,3.22,1.4,3.22,1.45,2.9,1.39,2011_32_london_wimbledon,2011_32_london_wimbledon_2011-06-22_R128_hercog_p_larsson_j
tennis_data_uk,wta,2011,32,Wimbledon,London,2011-06-22,grand_slam,True,grass,R128,128,3,Hlavackova A.,Rodionova An.,99,79,711,829.0,2,0,6,1,6,2,,,,,,,completed,2.0,1.72,2.16,1.78,2.16,1.8,2.06,1.74,2011_32_london_wimbledon,2011_32_london_wimbledon_2011-06-22_R128_hlavackova_a_rodionova_an
tennis_data_uk,wta,2011,32,Wimbledon,London,2011-06-22,grand_slam,True,grass,R128,128,3,Lisicki S.,Sevastova A.,62,54,986,1101.0,2,0,6,1,6,1,,,,,,,completed,1.12,5.5,1.16,6.3,1.17,6.3,1.14,5.2,2011_32_london_wimbledon,2011_32_london_wimbledon_2011-06-22_R128_lisicki_s_sevastova_a
tennis_data_uk,wta,2011,32,Wimbledon,London,2011-06-22,grand_slam,True,grass,R128,128,3,Robson L.,Kerber A.,254,77,209,842.0,2,1,4,6,7,6,6,3,,,,,completed,2.5,1.5,2.88,1.48,2.88,1.55,2.51,1.5,2011_32_london_wimbledon,2011_32_london_wimbledon_2011-06-22_R128_robson_l_kerber_a
tennis_data_uk,wta,2011,32,Wimbledon,London,2011-06-22,grand_slam,True,grass,R64,64,3,Williams V.,Date Krumm K.,30,57,1680,1010.0,2,1,6,7,6,3,8,6,,,,,completed,1.02,12.0,1.02,19.92,1.05,22.1,1.03,12.54,2011_32_london_wimbledon,2011_32_london_wimbledon_2011-06-22_R64_williams_v_date_krumm_k
tennis_data_uk,wta,2011,32,Wimbledon,London,2011-06-22,grand_slam,True,grass,R64,64,3,Pironkova T.,Martic P.,33,98,1551,712.0,2,0,6,1,6,4,,,,,,,completed,1.44,2.62,1.45,2.97,1.52,2.97,1.46,2.64,2011_32_london_wimbledon,2011_32_london_wimbledon_2011-06-22_R64_pironkova_t_martic_p
tennis_data_uk,wta,2011,32,Wimbledon,London,2011-06-22,grand_slam,True,grass,R64,64,3,Martinez-Sanchez M.J.,Niculescu M.,76,46,843,1155.0,2,0,6,3,6,0,,,,,,,completed,1.4,2.75,1.36,3.48,1.41,3.48,1.36,3.04,2011_32_london_wimbledon,2011_32_london_wimbledon_2011-06-22_R64_martinez_sanchez_m_j_niculescu_m
tennis_data_uk,wta,2011,32,Wimbledon,London,2011-06-22,grand_slam,True,grass,R64,64,3,Pervak K.,Parmentier P.,89,74,771,884.0,2,1,6,2,1,6,6,3,,,,,completed,1.83,1.83,2.13,1.8,2.13,1.9,1.93,1.8,2011_32_london_wimbledon,2011_32_london_wimbledon_2011-06-22_R64_pervak_k_parmentier_p
tennis_data_uk,wta,2011,32,Wimbledon,London,2011-06-22,grand_slam,True,grass,R64,64,3,Azarenka V.,Benesova I.,5,53,5725,1105.0,2,0,6,0,6,3,,,,,,,completed,1.06,8.0,1.06,11.75,1.1,11.75,1.07,7.98,2011_32_london_wimbledon,2011_32_london_wimbledon_2011-06-22_R64_azarenka_v_benesova_i
tennis_data_uk,wta,2011,32,Wimbledon,London,2011-06-22,grand_slam,True,grass,R64,64,3,Vinci R.,Marino R.,29,44,1925,1208.0,2,0,7,6,6,2,,,,,,,completed,1.33,3.25,1.29,4.05,1.35,4.05,1.29,3.46,2011_32_london_wimbledon,2011_32_london_wimbledon_2011-06-22_R64_vinci_r_marino_r
tennis_data_uk,wta,2011,32,Wimbledon,London,2011-06-22,grand_slam,True,grass,R64,64,3,Zvonareva V.,Vesnina E.,3,36,7935,1415.0,2,0,6,1,7,6,,,,,,,completed,1.16,4.5,1.19,5.52,1.2,6.0,1.17,4.83,2011_32_london_wimbledon,2011_32_london_wimbledon_2011-06-22_R64_zvonareva_v_vesnina_e
tennis_data_uk,wta,2011,32,Wimbledon,London,2011-06-22,grand_slam,True,grass,R64,64,3,Petkovic A.,Dubois S.,13,122,3150,553.0,2,1,6,3,4,6,6,3,,,,,completed,1.14,5.0,1.19,5.47,1.2,7.5,1.15,5.33,2011_32_london_wimbledon,2011_32_london_wimbledon_2011-06-22_R64_petkovic_a_dubois_s
tennis_data_uk,wta,2011,32,Wimbledon,London,2011-06-22,grand_slam,True,grass,R64,64,3,Hantuchova D.,Erakovic M.,23,144,2135,444.0,2,0,6,3,6,1,,,,,,,completed,1.72,2.0,1.69,2.32,1.74,2.33,1.67,2.14,2011_32_london_wimbledon,2011_32_london_wimbledon_2011-06-22_R64_hantuchova_d_erakovic_m
tennis_data_uk,wta,2011,32,Wimbledon,London,2011-06-22,grand_slam,True,grass,R64,64,3,Kvitova P.,Keothavong A.,8,111,4337,635.0,2,0,6,2,6,1,,,,,,,completed,1.06,8.0,1.05,13.0,1.07,15.0,1.05,9.68,2011_32_london_wimbledon,2011_32_london_wimbledon_2011-06-22_R64_kvitova_p_keothavong_a
tennis_data_uk,wta,2011,32,Wimbledon,London,2011-06-23,grand_slam,True,grass,R64,64,3,Ivanovic A.,Daniilidou E.,18,121,2400,568.0,2,0,6,3,6,0,,,,,,,completed,1.1,6.5,1.15,6.38,1.15,7.0,1.11,6.06,2011_32_london_wimbledon,2011_32_london_wimbledon_2011-06-23_R64_ivanovic_a_daniilidou_e
tennis_data_uk,wta,2011,32,Wimbledon,London,2011-06-23,grand_slam,True,grass,R64,64,3,Wickmayer Y.,Tatishvili A.,19,118,2350,579.0,2,1,3,6,6,4,6,2,,,,,completed,1.12,5.5,1.15,6.48,1.17,6.58,1.13,5.56,2011_32_london_wimbledon,2011_32_london_wimbledon_2011-06-23_R64_wickmayer_y_tatishvili_a
tennis_data_uk,wta,2011,32,Wimbledon,London,2011-06-23,grand_slam,True,grass,R64,64,3,Bondarenko K.,Errani S.,126,34,528,1480.0,2,1,6,4,5,7,6,2,,,,,completed,3.0,1.36,3.27,1.39,3.4,1.44,3.02,1.36,2011_32_london_wimbledon,2011_32_london_wimbledon_2011-06-23_R64_bondarenko_k_errani_s
tennis_data_uk,wta,2011,32,Wimbledon,London,2011-06-23,grand_slam,True,grass,R64,64,3,Cibulkova D.,Hercog P.,24,59,2115,1000.0,2,0,6,1,6,2,,,,,,,completed,1.28,3.5,1.29,4.05,1.3,4.22,1.26,3.71,2011_32_london_wimbledon,2011_32_london_wimbledon_2011-06-23_R64_cibulkova_d_hercog_p
tennis_data_uk,wta,2011,32,Wimbledon,London,2011-06-23,grand_slam,True,grass,R64,64,3,Paszek T.,Mchale C.,80,73,820,887.0,2,0,6,4,6,1,,,,,,,completed,1.44,2.62,1.48,2.86,1.51,2.86,1.46,2.64,2011_32_london_wimbledon,2011_32_london_wimbledon_2011-06-23_R64_paszek_t_mchale_c
tennis_data_uk,wta,2011,32,Wimbledon,London,2011-06-23,grand_slam,True,grass,R64,64,3,Schiavone F.,Zahlavova Strycova B.,7,55,4705,1080.0,2,0,7,5,6,3,,,,,,,completed,1.25,3.75,1.29,4.03,1.3,4.15,1.26,3.69,2011_32_london_wimbledon,2011_32_london_wimbledon_2011-06-23_R64_schiavone_f_zahlavova_strycova_b
tennis_data_uk,wta,2011,32,Wimbledon,London,2011-06-23,grand_slam,True,grass,R64,64,3,Kuznetsova S.,Dulgheru A.,12,39,3160,1355.0,2,0,6,0,6,2,,,,,,,completed,1.28,3.5,1.34,3.61,1.34,3.82,1.28,3.46,2011_32_london_wimbledon,2011_32_london_wimbledon_2011-06-23_R64_kuznetsova_s_dulgheru_a
tennis_data_uk,wta,2011,32,Wimbledon,London,2011-06-23,grand_slam,True,grass,R64,64,3,Williams S.,Halep S.,25,58,2060,1005.0,2,1,3,6,6,2,6,1,,,,,completed,1.05,9.0,1.1,8.95,1.1,10.17,1.06,8.53,2011_32_london_wimbledon,2011_32_london_wimbledon_2011-06-23_R64_williams_s_halep_s
tennis_data_uk,wta,2011,32,Wimbledon,London,2011-06-23,grand_slam,True,grass,R64,64,3,Goerges J.,Johansson M.,16,70,2560,932.0,2,0,7,6,6,2,,,,,,,completed,1.11,6.0,1.12,7.63,1.15,8.0,1.11,6.19,2011_32_london_wimbledon,2011_32_london_wimbledon_2011-06-23_R64_goerges_j_johansson_m
tennis_data_uk,wta,2011,32,Wimbledon,London,2011-06-23,grand_slam,True,grass,R64,64,3,Petrova N.,Pavlyuchenkova A.,37,14,1391,3055.0,2,0,6,3,6,3,,,,,,,completed,2.25,1.57,2.52,1.6,2.55,1.63,2.34,1.57,2011_32_london_wimbledon,2011_32_london_wimbledon_2011-06-23_R64_petrova_n_pavlyuchenkova_a
tennis_data_uk,wta,2011,32,Wimbledon,London,2011-06-23,grand_slam,True,grass,R64,64,3,Kirilenko M.,Tanasugarn T.,27,108,1985,643.0,2,0,7,5,7,5,,,,,,,completed,1.83,1.83,1.81,2.11,2.0,2.2,1.84,1.89,2011_32_london_wimbledon,2011_32_london_wimbledon_2011-06-23_R64_kirilenko_m_tanasugarn_t
tennis_data_uk,wta,2011,32,Wimbledon,London,2011-06-23,grand_slam,True,grass,R64,64,3,Doi M.,Zheng J.,133,84,501,797.0,2,0,6,3,6,1,,,,,,,completed,2.62,1.44,2.85,1.49,2.91,1.49,2.7,1.43,2011_32_london_wimbledon,2011_32_london_wimbledon_2011-06-23_R64_doi_m_zheng_j
tennis_data_uk,wta,2011,32,Wimbledon,London,2011-06-23,grand_slam,True,grass,R64,64,3,Cetkovska P.,Radwanska A.,81,11,820,3175.0,2,1,3,6,7,6,6,4,,,,,completed,7.5,1.07,10.24,1.08,10.24,1.09,7.91,1.07,2011_32_london_wimbledon,2011_32_london_wimbledon_2011-06-23_R64_cetkovska_p_radwanska_a
tennis_data_uk,wta,2011,32,Wimbledon,London,2011-06-23,grand_slam,True,grass,R64,64,3,Gajdosova J.,Hlavackova A.,28,99,1940,711.0,2,0,7,6,6,3,,,,,,,completed,1.22,4.0,1.24,4.65,1.25,4.65,1.22,4.15,2011_32_london_wimbledon,2011_32_london_wimbledon_2011-06-23_R64_gajdosova_j_hlavackova_a
tennis_data_uk,wta,2011,32,Wimbledon,London,2011-06-23,grand_slam,True,grass,R64,64,3,Zakopalova K.,Safarova L.,35,32,1425,1585.0,2,1,6,0,6,7,6,4,,,,,completed,3.25,1.33,3.35,1.37,3.75,1.46,3.3,1.31,2011_32_london_wimbledon,2011_32_london_wimbledon_2011-06-23_R64_zakopalova_k_safarova_l
tennis_data_uk,wta,2011,32,Wimbledon,London,2011-06-23,grand_slam,True,grass,R64,64,3,Pennetta F.,Rodina E.,21,82,2220,813.0,2,0,6,4,6,2,,,,,,,completed,1.33,3.25,1.29,4.01,1.35,4.01,1.3,3.38,2011_32_london_wimbledon,2011_32_london_wimbledon_2011-06-23_R64_pennetta_f_rodina_e
tennis_data_uk,wta,2011,32,Wimbledon,London,2011-06-23,grand_slam,True,grass,R64,64,3,Lisicki S.,Li N.,62,4,986,6255.0,2,1,3,6,6,4,8,6,,,,,completed,2.2,1.61,2.41,1.64,2.63,1.67,2.28,1.6,2011_32_london_wimbledon,2011_32_london_wimbledon_2011-06-23_R64_lisicki_s_li_n
tennis_data_uk,wta,2011,32,Wimbledon,London,2011-06-23,grand_slam,True,grass,R64,64,3,Czink M.,Yakimova A.,262,100,203,709.0,2,0,7,5,6,3,,,,,,,completed,1.44,2.62,1.64,2.41,1.64,2.8,1.51,2.48,2011_32_london_wimbledon,2011_32_london_wimbledon_2011-06-23_R64_czink_m_yakimova_a
tennis_data_uk,wta,2011,32,Wimbledon,London,2011-06-24,grand_slam,True,grass,R64,64,3,Peng S.,Baltacha E.,20,68,2300,935.0,2,1,4,6,6,2,7,5,,,,,completed,1.44,2.62,1.47,2.91,1.5,2.91,1.45,2.67,2011_32_london_wimbledon,2011_32_london_wimbledon_2011-06-24_R64_peng_s_baltacha_e
tennis_data_uk,wta,2011,32,Wimbledon,London,2011-06-24,grand_slam,True,grass,R64,64,3,Bartoli M.,Dominguez Lino L.,9,48,4010,1148.0,2,1,4,6,7,5,6,2,,,,,completed,1.03,11.0,1.05,13.81,1.06,15.0,1.04,10.34,2011_32_london_wimbledon,2011_32_london_wimbledon_2011-06-24_R64_bartoli_m_dominguez_lino_l
tennis_data_uk,wta,2011,32,Wimbledon,London,2011-06-24,grand_slam,True,grass,R64,64,3,Wozniacki C.,Razzano V.,1,96,9915,718.0,2,0,6,1,6,3,,,,,,,completed,1.02,12.0,1.04,14.59,1.07,17.2,1.03,11.02,2011_32_london_wimbledon,2011_32_london_wimbledon_2011-06-24_R64_wozniacki_c_razzano_v
tennis_data_uk,wta,2011,32,Wimbledon,London,2011-06-24,grand_slam,True,grass,R64,64,3,Sharapova M.,Robson L.,6,254,5021,209.0,2,0,7,6,6,3,,,,,,,completed,1.02,12.0,1.03,17.5,1.04,24.4,1.02,13.28,2011_32_london_wimbledon,2011_32_london_wimbledon_2011-06-24_R64_sharapova_m_robson_l
tennis_data_uk,wta,2011,32,Wimbledon,London,2011-06-24,grand_slam,True,grass,R32,32,3,Petrova N.,Bondarenko K.,37,126,1391,528.0,2,0,6,3,6,2,,,,,,,completed,1.28,3.5,1.34,3.62,1.35,3.75,1.29,3.44,2011_32_london_wimbledon,2011_32_london_wimbledon_2011-06-24_R32_petrova_n_bondarenko_k
tennis_data_uk,wta,2011,32,Wimbledon,London,2011-06-24,grand_slam,True,grass,R32,32,3,Wickmayer Y.,Kuznetsova S.,19,12,2350,3160.0,2,1,4,6,6,3,6,4,,,,,completed,2.62,1.44,2.9,1.48,2.92,1.53,2.64,1.46,2011_32_london_wimbledon,2011_32_london_wimbledon_2011-06-24_R32_wickmayer_y_kuznetsova_s
tennis_data_uk,wta,2011,32,Wimbledon,London,2011-06-24,grand_slam,True,grass,R32,32,3,Pervak K.,Petkovic A.,89,13,771,3150.0,2,0,6,4,7,6,,,,,,,completed,5.0,1.14,5.8,1.18,5.8,1.2,5.03,1.15,2011_32_london_wimbledon,2011_32_london_wimbledon_2011-06-24_R32_pervak_k_petkovic_a
tennis_data_uk,wta,2011,32,Wimbledon,London,2011-06-24,grand_slam,True,grass,R32,32,3,Pironkova T.,Zvonareva V.,33,3,1551,7935.0,2,0,6,2,6,3,,,,,,,completed,3.25,1.33,3.2,1.41,3.7,1.41,3.28,1.32,2011_32_london_wimbledon,2011_32_london_wimbledon_2011-06-24_R32_pironkova_t_zvonareva_v
tennis_data_uk,wta,2011,32,Wimbledon,London,2011-06-24,grand_slam,True,grass,R32,32,3,Kvitova P.,Vinci R.,8,29,4337,1925.0,2,0,6,3,6,3,,,,,,,completed,1.22,4.0,1.33,3.71,1.33,4.6,1.25,3.76,2011_32_london_wimbledon,2011_32_london_wimbledon_2011-06-24_R32_kvitova_p_vinci_r
tennis_data_uk,wta,2011,32,Wimbledon,London,2011-06-24,grand_slam,True,grass,R32,32,3,Williams V.,Martinez-Sanchez M.J.,30,76,1680,843.0,2,0,6,0,6,2,,,,,,,completed,1.4,2.75,1.45,3.02,1.49,3.5,1.36,3.03,2011_32_london_wimbledon,2011_32_london_wimbledon_2011-06-24_R32_williams_v_martinez_sanchez_m_j
tennis_data_uk,wta,2011,32,Wimbledon,London,2011-06-24,grand_slam,True,grass,R32,32,3,Azarenka V.,Hantuchova D.,5,23,5725,2135.0,2,1,6,3,3,6,6,2,,,,,completed,1.5,2.5,1.54,2.7,1.57,2.8,1.5,2.53,2011_32_london_wimbledon,2011_32_london_wimbledon_2011-06-24_R32_azarenka_v_hantuchova_d
tennis_data_uk,wta,2011,32,Wimbledon,London,2011-06-25,grand_slam,True,grass,R32,32,3,Bartoli M.,Pennetta F.,9,21,4010,2220.0,2,1,5,7,6,4,9,7,,,,,completed,1.36,3.0,1.42,3.19,1.42,3.25,1.37,2.99,2011_32_london_wimbledon,2011_32_london_wimbledon_2011-06-25_R32_bartoli_m_pennetta_f
tennis_data_uk,wta,2011,32,Wimbledon,London,2011-06-25,grand_slam,True,grass,R32,32,3,Cibulkova D.,Goerges J.,24,16,2115,2560.0,2,1,6,4,1,6,6,3,,,,,completed,1.8,1.9,1.89,2.04,1.9,2.15,1.82,1.93,2011_32_london_wimbledon,2011_32_london_wimbledon_2011-06-25_R32_cibulkova_d_goerges_j
tennis_data_uk,wta,2011,32,Wimbledon,London,2011-06-25,grand_slam,True,grass,R32,32,3,Sharapova M.,Zakopalova K.,6,35,5021,1425.0,2,0,6,2,6,3,,,,,,,completed,1.07,7.5,1.07,11.25,1.1,11.35,1.07,8.15,2011_32_london_wimbledon,2011_32_london_wimbledon_2011-06-25_R32_sharapova_m_zakopalova_k
tennis_data_uk,wta,2011,32,Wimbledon,London,2011-06-25,grand_slam,True,grass,R32,32,3,Peng S.,Czink M.,20,262,2300,203.0,2,0,6,2,7,6,,,,,,,completed,1.33,3.25,1.38,3.41,1.38,3.6,1.33,3.19,2011_32_london_wimbledon,2011_32_london_wimbledon_2011-06-25_R32_peng_s_czink_m
tennis_data_uk,wta,2011,32,Wimbledon,London,2011-06-25,grand_slam,True,grass,R32,32,3,Wozniacki C.,Gajdosova J.,1,28,9915,1940.0,2,0,6,3,6,2,,,,,,,completed,1.16,4.5,1.19,5.57,1.21,5.57,1.17,4.78,2011_32_london_wimbledon,2011_32_london_wimbledon_2011-06-25_R32_wozniacki_c_gajdosova_j
tennis_data_uk,wta,2011,32,Wimbledon,London,2011-06-25,grand_slam,True,grass,R32,32,3,Cetkovska P.,Ivanovic A.,81,18,820,2400.0,2,0,6,2,7,6,,,,,,,completed,5.0,1.14,5.84,1.18,6.0,1.2,4.94,1.16,2011_32_london_wimbledon,2011_32_london_wimbledon_2011-06-25_R32_cetkovska_p_ivanovic_a
tennis_data_uk,wta,2011,32,Wimbledon,London,2011-06-25,grand_slam,True,grass,R32,32,3,Williams S.,Kirilenko M.,25,27,2060,1985.0,2,0,6,3,6,2,,,,,,,completed,1.16,4.5,1.23,4.8,1.24,5.25,1.18,4.6,2011_32_london_wimbledon,2011_32_london_wimbledon_2011-06-25_R32_williams_s_kirilenko_m
tennis_data_uk,wta,2011,32,Wimbledon,London,2011-06-25,grand_slam,True,grass,R32,32,3,Lisicki S.,Doi M.,62,133,986,501.0,2,0,6,4,6,2,,,,,,,completed,1.1,6.5,1.13,7.36,1.14,7.36,1.1,6.4,2011_32_london_wimbledon,2011_32_london_wimbledon_2011-06-25_R32_lisicki_s_doi_m
tennis_data_uk,wta,2011,32,Wimbledon,London,2011-06-25,grand_slam,True,grass,R32,32,3,Paszek T.,Schiavone F.,80,7,820,4705.0,2,1,3,6,6,4,11,9,,,,,completed,2.2,1.61,2.2,1.77,2.28,1.8,2.14,1.67,2011_32_london_wimbledon,2011_32_london_wimbledon_2011-06-25_R32_paszek_t_schiavone_f
tennis_data_uk,wta,2011,32,Wimbledon,London,2011-06-27,grand_slam,True,grass,R16,16,3,Lisicki S.,Cetkovska P.,62,81,986,820.0,2,0,7,6,6,1,,,,,,,completed,1.22,4.0,1.25,4.6,1.28,4.65,1.23,4.02,2011_32_london_wimbledon,2011_32_london_wimbledon_2011-06-27_R16_lisicki_s_cetkovska_p
tennis_data_uk,wta,2011,32,Wimbledon,London,2011-06-27,grand_slam,True,grass,R16,16,3,Paszek T.,Pervak K.,80,89,820,771.0,2,1,6,2,2,6,6,3,,,,,completed,1.53,2.37,1.52,2.75,1.63,2.8,1.53,2.47,2011_32_london_wimbledon,2011_32_london_wimbledon_2011-06-27_R16_paszek_t_pervak_k
tennis_data_uk,wta,2011,32,Wimbledon,London,2011-06-27,grand_slam,True,grass,R16,16,3,Sharapova M.,Peng S.,6,20,5021,2300.0,2,0,6,4,6,2,,,,,,,completed,1.16,4.5,1.24,4.7,1.25,5.0,1.2,4.39,2011_32_london_wimbledon,2011_32_london_wimbledon_2011-06-27_R16_sharapova_m_peng_s
tennis_data_uk,wta,2011,32,Wimbledon,London,2011-06-27,grand_slam,True,grass,R16,16,3,Azarenka V.,Petrova N.,5,37,5725,1391.0,2,0,6,2,6,2,,,,,,,completed,1.28,3.5,1.3,3.99,1.36,4.0,1.3,3.41,2011_32_london_wimbledon,2011_32_london_wimbledon_2011-06-27_R16_azarenka_v_petrova_n
tennis_data_uk,wta,2011,32,Wimbledon,London,2011-06-27,grand_slam,True,grass,R16,16,3,Bartoli M.,Williams S.,9,25,4010,2060.0,2,0,6,3,7,6,,,,,,,completed,3.75,1.25,3.92,1.31,4.15,1.31,3.79,1.25,2011_32_london_wimbledon,2011_32_london_wimbledon_2011-06-27_R16_bartoli_m_williams_s
tennis_data_uk,wta,2011,32,Wimbledon,London,2011-06-27,grand_slam,True,grass,R16,16,3,Kvitova P.,Wickmayer Y.,8,19,4337,2350.0,2,0,6,0,6,2,,,,,,,completed,1.3,3.5,1.33,3.72,1.36,3.85,1.31,3.4,2011_32_london_wimbledon,2011_32_london_wimbledon_2011-06-27_R16_kvitova_p_wickmayer_y
tennis_data_uk,wta,2011,32,Wimbledon,London,2011-06-27,grand_slam,True,grass,R16,16,3,Cibulkova D.,Wozniacki C.,24,1,2115,9915.0,2,1,1,6,7,6,7,5,,,,,completed,5.0,1.16,4.96,1.22,5.0,1.27,4.3,1.21,2011_32_london_wimbledon,2011_32_london_wimbledon_2011-06-27_R16_cibulkova_d_wozniacki_c
tennis_data_uk,wta,2011,32,Wimbledon,London,2011-06-27,grand_slam,True,grass,R16,16,3,Pironkova T.,Williams V.,33,30,1551,1680.0,2,0,6,2,6,3,,,,,,,completed,2.75,1.44,3.21,1.41,3.21,1.5,2.81,1.41,2011_32_london_wimbledon,2011_32_london_wimbledon_2011-06-27_R16_pironkova_t_williams_v
tennis_data_uk,wta,2011,32,Wimbledon,London,2011-06-28,grand_slam,True,grass,QF,8,3,Lisicki S.,Bartoli M.,62,9,986,4010.0,2,1,6,4,6,7,6,1,,,,,completed,1.8,2.0,1.9,2.03,2.0,2.08,1.84,1.92,2011_32_london_wimbledon,2011_32_london_wimbledon_2011-06-28_QF_lisicki_s_bartoli_m
tennis_data_uk,wta,2011,32,Wimbledon,London,2011-06-28,grand_slam,True,grass,QF,8,3,Sharapova M.,Cibulkova D.,6,24,5021,2115.0,2,0,6,1,6,1,,,,,,,completed,1.28,3.75,1.31,3.92,1.33,4.1,1.26,3.73,2011_32_london_wimbledon,2011_32_london_wimbledon_2011-06-28_QF_sharapova_m_cibulkova_d
tennis_data_uk,wta,2011,32,Wimbledon,London,2011-06-28,grand_slam,True,grass,QF,8,3,Kvitova P.,Pironkova T.,8,33,4337,1551.0,2,1,6,3,6,7,6,2,,,,,completed,1.3,3.5,1.36,3.54,1.36,3.75,1.3,3.44,2011_32_london_wimbledon,2011_32_london_wimbledon_2011-06-28_QF_kvitova_p_pironkova_t
tennis_data_uk,wta,2011,32,Wimbledon,London,2011-06-28,grand_slam,True,grass,QF,8,3,Azarenka V.,Paszek T.,5,80,5725,820.0,2,0,6,3,6,1,,,,,,,completed,1.11,6.5,1.14,7.21,1.15,7.35,1.12,6.11,2011_32_london_wimbledon,2011_32_london_wimbledon_2011-06-28_QF_azarenka_v_paszek_t
tennis_data_uk,wta,2011,32,Wimbledon,London,2011-06-30,grand_slam,True,grass,SF,4,3,Kvitova P.,Azarenka V.,8,5,4337,5725.0,2,1,6,1,3,6,6,2,,,,,completed,1.9,1.9,1.92,2.03,1.92,2.2,1.77,2.03,2011_32_london_wimbledon,2011_32_london_wimbledon_2011-06-30_SF_kvitova_p_azarenka_v
tennis_data_uk,wta,2011,32,Wimbledon,London,2011-06-30,grand_slam,True,grass,SF,4,3,Sharapova M.,Lisicki S.,6,62,5021,986.0,2,0,6,4,6,3,,,,,,,completed,1.36,3.25,1.39,3.39,1.43,3.46,1.35,3.17,2011_32_london_wimbledon,2011_32_london_wimbledon_2011-06-30_SF_sharapova_m_lisicki_s
tennis_data_uk,wta,2011,32,Wimbledon,London,2011-07-02,grand_slam,True,grass,F,2,3,Kvitova P.,Sharapova M.,8,6,4337,5021.0,2,0,6,3,6,4,,,,,,,completed,2.5,1.53,2.6,1.58,2.7,1.61,2.47,1.54,2011_32_london_wimbledon,2011_32_london_wimbledon_2011-07-02_F_kvitova_p_sharapova_m
tennis_data_uk,wta,2011,33,Collector Swedish Open,Bastad,2011-07-04,international,True,clay,R32,32,3,Rezai A.,Amanmuradova A.,75,95,895,715.0,2,1,6,2,4,6,6,3,,,,,completed,1.25,3.75,1.25,4.36,1.33,4.48,1.26,3.65,2011_33_bastad_collector_swedish_open,2011_33_bastad_collector_swedish_open_2011-07-04_R32_rezai_a_amanmuradova_a
tennis_data_uk,wta,2011,33,Collector Swedish Open,Bastad,2011-07-04,international,True,clay,R32,32,3,Dominguez Lino L.,Allgurin E.,45,1067,1178,8.0,2,0,6,3,6,4,,,,,,,completed,1.05,9.0,1.06,11.23,1.07,13.0,1.05,9.17,2011_33_bastad_collector_swedish_open,2011_33_bastad_collector_swedish_open_2011-07-04_R32_dominguez_lino_l_allgurin_e
tennis_data_uk,wta,2011,33,Collector Swedish Open,Bastad,2011-07-04,international,True,clay,R32,32,3,Zahlavova Strycova B.,Melander H.,60,677,1020,34.0,2,0,6,2,6,3,,,,,,,completed,1.04,10.0,1.13,7.44,1.11,10.0,1.06,8.08,2011_33_bastad_collector_swedish_open,2011_33_bastad_collector_swedish_open_2011-07-04_R32_zahlavova_strycova_b_melander_h
tennis_data_uk,wta,2011,33,Collector Swedish Open,Bastad,2011-07-04,international,True,clay,R32,32,3,Larsson J.,Kudryavtseva A.,65,78,976,825.0,2,0,6,3,6,1,,,,,,,completed,1.22,4.0,1.26,4.25,1.35,4.6,1.26,3.64,2011_33_bastad_collector_swedish_open,2011_33_bastad_collector_swedish_open_2011-07-04_R32_larsson_j_kudryavtseva_a
tennis_data_uk,wta,2011,33,Collector Swedish Open,Bastad,2011-07-04,international,True,clay,R32,32,3,Yakimova A.,Craybas J.,93,108,735,660.0,2,1,2,6,7,6,6,1,,,,,completed,1.33,3.25,1.37,3.36,1.4,3.46,1.34,3.13,2011_33_bastad_collector_swedish_open,2011_33_bastad_collector_swedish_open_2011-07-04_R32_yakimova_a_craybas_j
tennis_data_uk,wta,2011,33,Collector Swedish Open,Bastad,2011-07-04,international,True,clay,R32,32,3,Dolonts V.,Safarova L.,103,30,681,1680.0,2,0,6,3,6,4,,,,,,,completed,5.5,1.12,6.89,1.13,6.89,1.17,5.48,1.13,2011_33_bastad_collector_swedish_open,2011_33_bastad_collector_swedish_open_2011-07-04_R32_dolonts_v_safarova_l
tennis_data_uk,wta,2011,33,Collector Swedish Open,Bastad,2011-07-05,international,True,clay,R32,32,3,Dushevina V.,Barthel M.,57,111,1035,646.0,2,0,6,2,7,6,,,,,,,completed,2.0,1.72,1.96,1.93,2.1,1.93,1.97,1.77,2011_33_bastad_collector_swedish_open,2011_33_bastad_collector_swedish_open_2011-07-05_R32_dushevina_v_barthel_m
tennis_data_uk,wta,2011,33,Collector Swedish Open,Bastad,2011-07-05,international,True,clay,R32,32,3,Hercog P.,Tatishvili A.,53,84,1095,785.0,2,0,7,5,6,3,,,,,,,completed,1.61,2.2,1.67,2.32,1.68,2.5,1.6,2.25,2011_33_bastad_collector_swedish_open,2011_33_bastad_collector_swedish_open_2011-07-05_R32_hercog_p_tatishvili_a
tennis_data_uk,wta,2011,33,Collector Swedish Open,Bastad,2011-07-05,international,True,clay,R32,32,3,Cirstea S.,Lucic M.,83,86,791,767.0,2,1,7,5,2,6,7,5,,,,,completed,2.1,1.66,2.13,1.79,2.25,1.9,2.08,1.7,2011_33_bastad_collector_swedish_open,2011_33_bastad_collector_swedish_open_2011-07-05_R32_cirstea_s_lucic_m
tennis_data_uk,wta,2011,33,Collector Swedish Open,Bastad,2011-07-05,international,True,clay,R32,32,3,Llagostera Vives N.,Lim A.,88,240,757,231.0,2,1,4,6,6,2,6,2,,,,,completed,1.22,4.0,1.29,3.92,1.3,4.55,1.25,3.73,2011_33_bastad_collector_swedish_open,2011_33_bastad_collector_swedish_open_2011-07-05_R32_llagostera_vives_n_lim_a
tennis_data_uk,wta,2011,33,Collector Swedish Open,Bastad,2011-07-05,international,True,clay,R32,32,3,Parra Santonja A.,Arefyeva T.,119,254,581,210.0,2,0,7,5,6,3,,,,,,,completed,1.11,6.0,1.12,7.16,1.15,7.16,1.11,5.96,2011_33_bastad_collector_swedish_open,2011_33_bastad_collector_swedish_open_2011-07-05_R32_parra_santonja_a_arefyeva_t
tennis_data_uk,wta,2011,33,Collector Swedish Open,Bastad,2011-07-05,international,True,clay,R32,32,3,Martinez-Sanchez M.J.,Benesova I.,62,44,1003,1200.0,2,0,6,2,6,0,,,,,,,completed,1.33,3.25,1.31,3.77,1.36,3.77,1.32,3.2,2011_33_bastad_collector_swedish_open,2011_33_bastad_collector_swedish_open_2011-07-05_R32_martinez_sanchez_m_j_benesova_i
tennis_data_uk,wta,2011,33,Collector Swedish Open,Bastad,2011-07-05,international,True,clay,R32,32,3,Arvidsson S.,Hlavackova A.,73,110,930,651.0,2,1,6,1,5,7,6,4,,,,,completed,1.66,2.1,1.8,2.11,1.81,2.23,1.71,2.05,2011_33_bastad_collector_swedish_open,2011_33_bastad_collector_swedish_open_2011-07-05_R32_arvidsson_s_hlavackova_a
tennis_data_uk,wta,2011,33,Collector Swedish Open,Bastad,2011-07-05,international,True,clay,R32,32,3,Pennetta F.,Rogowska O.,21,198,2220,283.0,2,0,6,2,7,5,,,,,,,completed,1.06,8.0,1.09,8.93,1.09,11.35,1.06,8.18,2011_33_bastad_collector_swedish_open,2011_33_bastad_collector_swedish_open_2011-07-05_R32_pennetta_f_rogowska_o
tennis_data_uk,wta,2011,33,Collector Swedish Open,Bastad,2011-07-05,international,True,clay,R32,32,3,Kerber A.,Brazhnikova A.,100,611,687,43.0,2,0,6,2,6,2,,,,,,,completed,1.07,7.5,1.12,6.81,1.13,9.62,1.09,6.91,2011_33_bastad_collector_swedish_open,2011_33_bastad_collector_swedish_open_2011-07-05_R32_kerber_a_brazhnikova_a
tennis_data_uk,wta,2011,33,Collector Swedish Open,Bastad,2011-07-05,international,True,clay,R32,32,3,Wozniacki C.,Cornet A.,1,69,9915,951.0,2,0,6,4,6,4,,,,,,,completed,1.04,10.0,1.09,8.97,1.1,11.5,1.05,9.16,2011_33_bastad_collector_swedish_open,2011_33_bastad_collector_swedish_open_2011-07-05_R32_wozniacki_c_cornet_a
tennis_data_uk,wta,2011,33,Collector Swedish Open,Bastad,2011-07-06,international,True,clay,R16,16,3,Dominguez Lino L.,Parra Santonja A.,45,119,1178,581.0,2,0,7,5,6,1,,,,,,,completed,1.83,1.83,1.95,1.95,2.03,2.05,1.82,1.9,2011_33_bastad_collector_swedish_open,2011_33_bastad_collector_swedish_open_2011-07-06_R16_dominguez_lino_l_parra_santonja_a
tennis_data_uk,wta,2011,33,Collector Swedish Open,Bastad,2011-07-06,international,True,clay,R16,16,3,Hercog P.,Rezai A.,53,75,1095,895.0,2,1,3,6,6,4,7,6,,,,,completed,1.5,2.5,1.52,2.74,1.57,2.75,1.5,2.5,2011_33_bastad_collector_swedish_open,2011_33_bastad_collector_swedish_open_2011-07-06_R16_hercog_p_rezai_a
tennis_data_uk,wta,2011,33,Collector Swedish Open,Bastad,2011-07-06,international,True,clay,R16,16,3,Zahlavova Strycova B.,Yakimova A.,60,93,1020,735.0,2,1,7,5,4,6,6,3,,,,,completed,1.4,2.75,1.48,2.88,1.48,3.05,1.42,2.74,2011_33_bastad_collector_swedish_open,2011_33_bastad_collector_swedish_open_2011-07-06_R16_zahlavova_strycova_b_yakimova_a
tennis_data_uk,wta,2011,33,Collector Swedish Open,Bastad,2011-07-06,international,True,clay,R16,16,3,Martinez-Sanchez M.J.,Llagostera Vives N.,62,88,1003,757.0,2,0,7,5,6,1,,,,,,,completed,1.28,3.5,1.25,4.43,1.3,4.58,1.24,3.81,2011_33_bastad_collector_swedish_open,2011_33_bastad_collector_swedish_open_2011-07-06_R16_martinez_sanchez_m_j_llagostera_vives_n
tennis_data_uk,wta,2011,33,Collector Swedish Open,Bastad,2011-07-06,international,True,clay,R16,16,3,Pennetta F.,Kerber A.,21,100,2220,687.0,2,0,6,2,6,3,,,,,,,completed,1.2,4.33,1.27,4.22,1.27,4.7,1.21,4.12,2011_33_bastad_collector_swedish_open,2011_33_bastad_collector_swedish_open_2011-07-06_R16_pennetta_f_kerber_a
tennis_data_uk,wta,2011,33,Collector Swedish Open,Bastad,2011-07-06,international,True,clay,R16,16,3,Dolonts V.,Cirstea S.,103,83,681,791.0,2,0,6,3,6,3,,,,,,,completed,2.25,1.57,2.3,1.69,2.3,1.91,2.15,1.67,2011_33_bastad_collector_swedish_open,2011_33_bastad_collector_swedish_open_2011-07-06_R16_dolonts_v_cirstea_s
tennis_data_uk,wta,2011,33,Collector Swedish Open,Bastad,2011-07-06,international,True,clay,R16,16,3,Larsson J.,Dushevina V.,65,57,976,1035.0,2,1,6,7,6,2,6,2,,,,,completed,1.57,2.25,1.69,2.3,1.73,2.63,1.62,2.21,2011_33_bastad_collector_swedish_open,2011_33_bastad_collector_swedish_open_2011-07-06_R16_larsson_j_dushevina_v
tennis_data_uk,wta,2011,33,Collector Swedish Open,Bastad,2011-07-06,international,True,clay,R16,16,3,Arvidsson S.,Wozniacki C.,73,1,930,9915.0,0,1,2,6,1,0,,,,,,,retired,8.0,1.06,10.25,1.08,11.8,1.08,8.63,1.06,2011_33_bastad_collector_swedish_open,2011_33_bastad_collector_swedish_open_2011-07-06_R16_arvidsson_s_wozniacki_c
tennis_data_uk,wta,2011,33,Collector Swedish Open,Bastad,2011-07-07,international,True,clay,QF,8,3,Hercog P.,Dolonts V.,53,103,1095,681.0,2,0,6,2,6,4,,,,,,,completed,1.5,2.5,1.57,2.61,1.61,2.61,1.54,2.39,2011_33_bastad_collector_swedish_open,2011_33_bastad_collector_swedish_open_2011-07-07_QF_hercog_p_dolonts_v
tennis_data_uk,wta,2011,33,Collector Swedish Open,Bastad,2011-07-07,international,True,clay,QF,8,3,Larsson J.,Dominguez Lino L.,65,45,976,1178.0,2,1,6,4,3,6,7,5,,,,,completed,1.61,2.2,1.77,2.2,1.77,2.23,1.69,2.09,2011_33_bastad_collector_swedish_open,2011_33_bastad_collector_swedish_open_2011-07-07_QF_larsson_j_dominguez_lino_l
tennis_data_uk,wta,2011,33,Collector Swedish Open,Bastad,2011-07-07,international,True,clay,QF,8,3,Arvidsson S.,Martinez-Sanchez M.J.,73,62,930,1003.0,2,1,4,6,7,6,7,6,,,,,completed,5.0,1.14,4.96,1.22,5.05,1.25,4.17,1.2,2011_33_bastad_collector_swedish_open,2011_33_bastad_collector_swedish_open_2011-07-07_QF_arvidsson_s_martinez_sanchez_m_j
tennis_data_uk,wta,2011,33,Collector Swedish Open,Bastad,2011-07-07,international,True,clay,QF,8,3,Zahlavova Strycova B.,Pennetta F.,60,21,1020,2220.0,2,1,6,4,5,7,6,3,,,,,completed,4.0,1.22,4.12,1.29,4.2,1.29,3.7,1.25,2011_33_bastad_collector_swedish_open,2011_33_bastad_collector_swedish_open_2011-07-07_QF_zahlavova_strycova_b_pennetta_f
tennis_data_uk,wta,2011,33,Collector Swedish Open,Bastad,2011-07-08,international,True,clay,SF,4,3,Larsson J.,Arvidsson S.,65,73,976,930.0,2,0,6,3,6,1,,,,,,,completed,1.4,2.75,1.47,2.94,1.57,2.94,1.46,2.61,2011_33_bastad_collector_swedish_open,2011_33_bastad_collector_swedish_open_2011-07-08_SF_larsson_j_arvidsson_s
tennis_data_uk,wta,2011,33,Collector Swedish Open,Bastad,2011-07-08,international,True,clay,SF,4,3,Hercog P.,Zahlavova Strycova B.,53,60,1095,1020.0,2,1,6,2,4,6,7,5,,,,,completed,1.44,2.62,1.53,2.74,1.54,2.88,1.47,2.58,2011_33_bastad_collector_swedish_open,2011_33_bastad_collector_swedish_open_2011-07-08_SF_hercog_p_zahlavova_strycova_b
tennis_data_uk,wta,2011,33,Collector Swedish Open,Bastad,2011-07-09,international,True,clay,F,2,3,Hercog P.,Larsson J.,53,65,1095,976.0,2,0,6,4,7,5,,,,,,,completed,2.1,1.66,2.06,1.86,2.1,1.87,1.98,1.77,2011_33_bastad_collector_swedish_open,2011_33_bastad_collector_swedish_open_2011-07-09_F_hercog_p_larsson_j
tennis_data_uk,wta,2011,34,POLI-FARBE Budapest Grand Prix,Budapest,2011-07-04,international,True,clay,R32,32,3,Begu I.,Pous-Tio L.,77,91,827,744.0,2,0,6,4,6,4,,,,,,,completed,1.53,2.37,1.56,2.59,1.7,2.75,1.53,2.43,2011_34_budapest_poli_farbe_budapest_grand_prix,2011_34_budapest_poli_farbe_budapest_grand_prix_2011-07-04_R32_begu_i_pous_tio_l
tennis_data_uk,wta,2011,34,POLI-FARBE Budapest Grand Prix,Budapest,2011-07-04,international,True,clay,R32,32,3,Zakopalova K.,Han X.,36,161,1305,378.0,2,0,6,0,6,2,,,,,,,completed,1.14,5.0,1.21,4.96,1.23,5.0,1.19,4.51,2011_34_budapest_poli_farbe_budapest_grand_prix,2011_34_budapest_poli_farbe_budapest_grand_prix_2011-07-04_R32_zakopalova_k_han_x
tennis_data_uk,wta,2011,34,POLI-FARBE Budapest Grand Prix,Budapest,2011-07-04,international,True,clay,R32,32,3,Tomljanovic A.,Lukacs V.,179,971,320,12.0,2,0,6,2,6,2,,,,,,,completed,1.06,8.0,1.12,7.5,1.15,8.0,1.1,6.56,2011_34_budapest_poli_farbe_budapest_grand_prix,2011_34_budapest_poli_farbe_budapest_grand_prix_2011-07-04_R32_tomljanovic_a_lukacs_v
tennis_data_uk,wta,2011,34,POLI-FARBE Budapest Grand Prix,Budapest,2011-07-04,international,True,clay,R32,32,3,Savchuk O.,Rodina E.,141,76,472,849.0,2,1,3,6,6,1,6,1,,,,,completed,2.1,1.66,2.23,1.72,2.25,1.75,2.11,1.67,2011_34_budapest_poli_farbe_budapest_grand_prix,2011_34_budapest_poli_farbe_budapest_grand_prix_2011-07-04_R32_savchuk_o_rodina_e
tennis_data_uk,wta,2011,34,POLI-FARBE Budapest Grand Prix,Budapest,2011-07-04,international,True,clay,R32,32,3,Medina Garrigues A.,Pivovarova A.,43,117,1230,591.0,2,0,6,3,6,1,,,,,,,completed,1.16,4.5,1.25,4.31,1.26,4.55,1.21,4.12,2011_34_budapest_poli_farbe_budapest_grand_prix,2011_34_budapest_poli_farbe_budapest_grand_prix_2011-07-04_R32_medina_garrigues_a_pivovarova_a
tennis_data_uk,wta,2011,34,POLI-FARBE Budapest Grand Prix,Budapest,2011-07-04,international,True,clay,R32,32,3,Bondarenko A.,Zahlavova S.,130,120,525,581.0,2,0,6,0,6,1,,,,,,,completed,1.33,3.25,1.33,3.58,1.4,3.58,1.35,3.09,2011_34_budapest_poli_farbe_budapest_grand_prix,2011_34_budapest_poli_farbe_budapest_grand_prix_2011-07-04_R32_bondarenko_a_zahlavova_s
tennis_data_uk,wta,2011,34,POLI-FARBE Budapest Grand Prix,Budapest,2011-07-05,international,True,clay,R32,32,3,Voegele S.,Martic P.,139,89,479,747.0,2,0,7,5,7,5,,,,,,,completed,2.75,1.4,2.54,1.57,2.85,1.57,2.59,1.47,2011_34_budapest_poli_farbe_budapest_grand_prix,2011_34_budapest_poli_farbe_budapest_grand_prix_2011-07-05_R32_voegele_s_martic_p
tennis_data_uk,wta,2011,34,POLI-FARBE Budapest Grand Prix,Budapest,2011-07-05,international,True,clay,R32,32,3,Tsurenko L.,Jani R.L.,129,224,528,250.0,2,1,3,6,7,5,6,2,,,,,completed,1.72,2.0,1.76,2.16,1.87,2.17,1.75,1.99,2011_34_budapest_poli_farbe_budapest_grand_prix,2011_34_budapest_poli_farbe_budapest_grand_prix_2011-07-05_R32_tsurenko_l_jani_r_l
tennis_data_uk,wta,2011,34,POLI-FARBE Budapest Grand Prix,Budapest,2011-07-05,international,True,clay,R32,32,3,Birnerova E.,Hradecka L.,127,42,537,1271.0,2,1,3,6,6,4,6,2,,,,,completed,6.5,1.1,6.31,1.15,6.5,1.15,5.77,1.12,2011_34_budapest_poli_farbe_budapest_grand_prix,2011_34_budapest_poli_farbe_budapest_grand_prix_2011-07-05_R32_birnerova_e_hradecka_l
tennis_data_uk,wta,2011,34,POLI-FARBE Budapest Grand Prix,Budapest,2011-07-05,international,True,clay,R32,32,3,Kucova Z.,Johansson M.,131,64,524,982.0,2,0,7,6,7,5,,,,,,,completed,2.62,1.44,2.76,1.5,2.8,1.56,2.57,1.48,2011_34_budapest_poli_farbe_budapest_grand_prix,2011_34_budapest_poli_farbe_budapest_grand_prix_2011-07-05_R32_kucova_z_johansson_m
tennis_data_uk,wta,2011,34,POLI-FARBE Budapest Grand Prix,Budapest,2011-07-05,international,True,clay,R32,32,3,Krunic A.,Bratchikova N.,247,143,222,452.0,1,0,7,5,1,0,,,,,,,retired,2.37,1.53,2.11,1.8,2.3,1.8,2.19,1.64,2011_34_budapest_poli_farbe_budapest_grand_prix,2011_34_budapest_poli_farbe_budapest_grand_prix_2011-07-05_R32_krunic_a_bratchikova_n
tennis_data_uk,wta,2011,34,POLI-FARBE Budapest Grand Prix,Budapest,2011-07-05,international,True,clay,R32,32,3,Bondarenko K.,Marosi K.,102,801,683,22.0,2,0,6,3,6,4,,,,,,,completed,1.2,4.33,1.2,5.18,1.25,5.18,1.2,4.35,2011_34_budapest_poli_farbe_budapest_grand_prix,2011_34_budapest_poli_farbe_budapest_grand_prix_2011-07-05_R32_bondarenko_k_marosi_k
tennis_data_uk,wta,2011,34,POLI-FARBE Budapest Grand Prix,Budapest,2011-07-05,international,True,clay,R32,32,3,Vinci R.,Jurikova L.,25,253,1985,210.0,2,0,6,1,6,0,,,,,,,completed,1.04,10.0,1.1,8.23,1.1,10.81,1.06,8.25,2011_34_budapest_poli_farbe_budapest_grand_prix,2011_34_budapest_poli_farbe_budapest_grand_prix_2011-07-05_R32_vinci_r_jurikova_l
tennis_data_uk,wta,2011,34,POLI-FARBE Budapest Grand Prix,Budapest,2011-07-05,international,True,clay,R32,32,3,Cabeza-Candela E.,Dentoni C.,199,151,279,406.0,2,0,6,3,6,1,,,,,,,completed,1.57,2.25,1.55,2.61,1.61,2.61,1.54,2.39,2011_34_budapest_poli_farbe_budapest_grand_prix,2011_34_budapest_poli_farbe_budapest_grand_prix_2011-07-05_R32_cabeza_candela_e_dentoni_c
tennis_data_uk,wta,2011,34,POLI-FARBE Budapest Grand Prix,Budapest,2011-07-05,international,True,clay,R32,32,3,Babos T.,Remondina A.,231,259,245,208.0,2,0,6,3,7,6,,,,,,,completed,1.36,3.0,1.45,2.93,1.45,3.21,1.39,2.86,2011_34_budapest_poli_farbe_budapest_grand_prix,2011_34_budapest_poli_farbe_budapest_grand_prix_2011-07-05_R32_babos_t_remondina_a
tennis_data_uk,wta,2011,34,POLI-FARBE Budapest Grand Prix,Budapest,2011-07-05,international,True,clay,R32,32,3,Errani S.,Gojnea M.,35,149,1420,414.0,2,0,6,3,6,1,,,,,,,completed,1.16,4.5,1.18,5.58,1.22,5.87,1.17,4.75,2011_34_budapest_poli_farbe_budapest_grand_prix,2011_34_budapest_poli_farbe_budapest_grand_prix_2011-07-05_R32_errani_s_gojnea_m
tennis_data_uk,wta,2011,34,POLI-FARBE Budapest Grand Prix,Budapest,2011-07-06,international,True,clay,R16,16,3,Begu I.,Tomljanovic A.,77,179,827,320.0,2,0,6,4,6,4,,,,,,,completed,1.33,3.25,1.31,3.86,1.36,3.86,1.31,3.3,2011_34_budapest_poli_farbe_budapest_grand_prix,2011_34_budapest_poli_farbe_budapest_grand_prix_2011-07-06_R16_begu_i_tomljanovic_a
tennis_data_uk,wta,2011,34,POLI-FARBE Budapest Grand Prix,Budapest,2011-07-06,international,True,clay,R16,16,3,Bondarenko K.,Savchuk O.,102,141,683,472.0,2,0,6,3,6,2,,,,,,,completed,1.36,3.0,1.45,2.97,1.5,3.2,1.38,2.89,2011_34_budapest_poli_farbe_budapest_grand_prix,2011_34_budapest_poli_farbe_budapest_grand_prix_2011-07-06_R16_bondarenko_k_savchuk_o
tennis_data_uk,wta,2011,34,POLI-FARBE Budapest Grand Prix,Budapest,2011-07-06,international,True,clay,R16,16,3,Zakopalova K.,Krunic A.,36,247,1305,222.0,2,0,7,5,7,5,,,,,,,completed,1.16,4.5,1.24,4.59,1.26,4.75,1.2,4.22,2011_34_budapest_poli_farbe_budapest_grand_prix,2011_34_budapest_poli_farbe_budapest_grand_prix_2011-07-06_R16_zakopalova_k_krunic_a
tennis_data_uk,wta,2011,34,POLI-FARBE Budapest Grand Prix,Budapest,2011-07-06,international,True,clay,R16,16,3,Medina Garrigues A.,Tsurenko L.,43,129,1230,528.0,2,0,6,2,7,5,,,,,,,completed,1.12,5.5,1.11,7.94,1.14,8.0,1.11,6.06,2011_34_budapest_poli_farbe_budapest_grand_prix,2011_34_budapest_poli_farbe_budapest_grand_prix_2011-07-06_R16_medina_garrigues_a_tsurenko_l
tennis_data_uk,wta,2011,34,POLI-FARBE Budapest Grand Prix,Budapest,2011-07-06,international,True,clay,R16,16,3,Kucova Z.,Bondarenko A.,131,130,524,525.0,2,0,6,3,6,1,,,,,,,completed,3.75,1.25,3.74,1.32,3.75,1.32,3.59,1.26,2011_34_budapest_poli_farbe_budapest_grand_prix,2011_34_budapest_poli_farbe_budapest_grand_prix_2011-07-06_R16_kucova_z_bondarenko_a
tennis_data_uk,wta,2011,34,POLI-FARBE Budapest Grand Prix,Budapest,2011-07-07,international,True,clay,R16,16,3,Errani S.,Voegele S.,35,139,1420,479.0,2,0,6,3,6,1,,,,,,,completed,1.12,5.5,1.17,5.81,1.2,5.81,1.16,4.86,2011_34_budapest_poli_farbe_budapest_grand_prix,2011_34_budapest_poli_farbe_budapest_grand_prix_2011-07-07_R16_errani_s_voegele_s
tennis_data_uk,wta,2011,34,POLI-FARBE Budapest Grand Prix,Budapest,2011-07-07,international,True,clay,R16,16,3,Cabeza-Candela E.,Birnerova E.,199,127,279,537.0,2,0,7,6,6,3,,,,,,,completed,1.72,2.0,1.84,2.09,1.84,2.25,1.71,2.06,2011_34_budapest_poli_farbe_budapest_grand_prix,2011_34_budapest_poli_farbe_budapest_grand_prix_2011-07-07_R16_cabeza_candela_e_birnerova_e
tennis_data_uk,wta,2011,34,POLI-FARBE Budapest Grand Prix,Budapest,2011-07-07,international,True,clay,R16,16,3,Vinci R.,Babos T.,25,231,1985,245.0,2,1,4,6,7,5,6,2,,,,,completed,1.07,7.5,1.14,6.76,1.14,7.5,1.11,6.21,2011_34_budapest_poli_farbe_budapest_grand_prix,2011_34_budapest_poli_farbe_budapest_grand_prix_2011-07-07_R16_vinci_r_babos_t
tennis_data_uk,wta,2011,34,POLI-FARBE Budapest Grand Prix,Budapest,2011-07-08,international,True,clay,QF,8,3,Medina Garrigues A.,Errani S.,43,35,1230,1420.0,1,1,4,6,7,5,3,0,,,,,retired,2.1,1.66,2.19,1.78,2.2,1.83,2.02,1.74,2011_34_budapest_poli_farbe_budapest_grand_prix,2011_34_budapest_poli_farbe_budapest_grand_prix_2011-07-08_QF_medina_garrigues_a_errani_s
tennis_data_uk,wta,2011,34,POLI-FARBE Budapest Grand Prix,Budapest,2011-07-08,international,True,clay,QF,8,3,Begu I.,Cabeza-Candela E.,77,199,827,279.0,2,0,6,0,6,3,,,,,,,completed,1.28,3.5,1.36,3.5,1.37,3.6,1.31,3.3,2011_34_budapest_poli_farbe_budapest_grand_prix,2011_34_budapest_poli_farbe_budapest_grand_prix_2011-07-08_QF_begu_i_cabeza_candela_e
tennis_data_uk,wta,2011,34,POLI-FARBE Budapest Grand Prix,Budapest,2011-07-08,international,True,clay,QF,8,3,Vinci R.,Kucova Z.,25,131,1985,524.0,2,1,4,6,7,6,6,3,,,,,completed,1.22,4.0,1.29,4.05,1.3,4.22,1.25,3.81,2011_34_budapest_poli_farbe_budapest_grand_prix,2011_34_budapest_poli_farbe_budapest_grand_prix_2011-07-08_QF_vinci_r_kucova_z
tennis_data_uk,wta,2011,34,POLI-FARBE Budapest Grand Prix,Budapest,2011-07-08,international,True,clay,QF,8,3,Zakopalova K.,Bondarenko K.,36,102,1305,683.0,2,0,6,0,6,4,,,,,,,completed,1.66,2.1,1.82,2.13,1.82,2.8,1.7,2.07,2011_34_budapest_poli_farbe_budapest_grand_prix,2011_34_budapest_poli_farbe_budapest_grand_prix_2011-07-08_QF_zakopalova_k_bondarenko_k
tennis_data_uk,wta,2011,34,POLI-FARBE Budapest Grand Prix,Budapest,2011-07-09,international,True,clay,SF,4,3,Begu I.,Medina Garrigues A.,77,43,827,1230.0,2,0,6,4,6,4,,,,,,,completed,2.25,1.57,2.36,1.68,2.4,1.69,2.27,1.59,2011_34_budapest_poli_farbe_budapest_grand_prix,2011_34_budapest_poli_farbe_budapest_grand_prix_2011-07-09_SF_begu_i_medina_garrigues_a
tennis_data_uk,wta,2011,34,POLI-FARBE Budapest Grand Prix,Budapest,2011-07-09,international,True,clay,SF,4,3,Vinci R.,Zakopalova K.,25,36,1985,1305.0,2,0,6,4,6,4,,,,,,,completed,1.66,2.1,1.72,2.27,1.73,2.27,1.66,2.15,2011_34_budapest_poli_farbe_budapest_grand_prix,2011_34_budapest_poli_farbe_budapest_grand_prix_2011-07-09_SF_vinci_r_zakopalova_k
tennis_data_uk,wta,2011,34,POLI-FARBE Budapest Grand Prix,Budapest,2011-07-10,international,True,clay,F,2,3,Vinci R.,Begu I.,25,77,1985,827.0,2,1,6,4,1,6,6,4,,,,,completed,1.72,2.1,1.9,2.03,1.9,2.2,1.73,2.04,2011_34_budapest_poli_farbe_budapest_grand_prix,2011_34_budapest_poli_farbe_budapest_grand_prix_2011-07-10_F_vinci_r_begu_i
tennis_data_uk,wta,2011,35,Gastein Ladies,Bad Gastein,2011-07-11,international,True,clay,R32,32,3,Zahlavova S.,Hradecka L.,121,42,581,1271.0,2,0,7,5,6,3,,,,,,,completed,5.0,1.14,5.19,1.2,5.4,1.22,4.6,1.18,2011_35_bad_gastein_gastein_ladies,2011_35_bad_gastein_gastein_ladies_2011-07-11_R32_zahlavova_s_hradecka_l
tennis_data_uk,wta,2011,35,Gastein Ladies,Bad Gastein,2011-07-11,international,True,clay,R32,32,3,Hofmanova N.,Benesova I.,317,44,156,1200.0,1,0,7,5,3,2,,,,,,,retired,5.5,1.12,5.54,1.18,5.54,1.2,5.01,1.15,2011_35_bad_gastein_gastein_ladies,2011_35_bad_gastein_gastein_ladies_2011-07-11_R32_hofmanova_n_benesova_i
tennis_data_uk,wta,2011,35,Gastein Ladies,Bad Gastein,2011-07-12,international,True,clay,R32,32,3,Bondarenko K.,Llagostera Vives N.,88,92,752,741.0,2,0,6,0,6,4,,,,,,,completed,2.1,1.66,2.08,1.83,2.23,1.83,2.05,1.71,2011_35_bad_gastein_gastein_ladies,2011_35_bad_gastein_gastein_ladies_2011-07-12_R32_bondarenko_k_llagostera_vives_n
tennis_data_uk,wta,2011,35,Gastein Ladies,Bad Gastein,2011-07-12,international,True,clay,R32,32,3,Evtimova D.,Klaffner M.,239,267,230,204.0,2,0,6,1,6,0,,,,,,,completed,1.25,3.75,1.31,3.73,1.36,3.75,1.3,3.36,2011_35_bad_gastein_gastein_ladies,2011_35_bad_gastein_gastein_ladies_2011-07-12_R32_evtimova_d_klaffner_m
tennis_data_uk,wta,2011,35,Gastein Ladies,Bad Gastein,2011-07-12,international,True,clay,R32,32,3,Suarez Navarro C.,Zahlavova Strycova B.,103,53,680,1080.0,2,0,7,6,6,2,,,,,,,completed,2.37,1.53,2.23,1.72,2.4,1.79,2.22,1.61,2011_35_bad_gastein_gastein_ladies,2011_35_bad_gastein_gastein_ladies_2011-07-12_R32_suarez_navarro_c_zahlavova_strycova_b
tennis_data_uk,wta,2011,35,Gastein Ladies,Bad Gastein,2011-07-12,international,True,clay,R32,32,3,Larsson J.,Gajdosova J.,46,29,1168,1820.0,2,0,6,4,6,2,,,,,,,completed,3.25,1.33,3.27,1.38,3.31,1.9,3.02,1.36,2011_35_bad_gastein_gastein_ladies,2011_35_bad_gastein_gastein_ladies_2011-07-12_R32_larsson_j_gajdosova_j
tennis_data_uk,wta,2011,35,Gastein Ladies,Bad Gastein,2011-07-12,international,True,clay,R32,32,3,Martinez-Sanchez M.J.,Ormaechea P.,54,229,1072,249.0,2,0,7,6,7,6,,,,,,,completed,1.06,8.0,1.13,6.95,1.13,9.11,1.07,7.51,2011_35_bad_gastein_gastein_ladies,2011_35_bad_gastein_gastein_ladies_2011-07-12_R32_martinez_sanchez_m_j_ormaechea_p
tennis_data_uk,wta,2011,35,Gastein Ladies,Bad Gastein,2011-07-12,international,True,clay,R32,32,3,Martic P.,Shapatava S.,89,256,747,212.0,2,1,3,6,6,3,6,2,,,,,completed,1.25,3.75,1.28,4.02,1.33,4.02,1.28,3.42,2011_35_bad_gastein_gastein_ladies,2011_35_bad_gastein_gastein_ladies_2011-07-12_R32_martic_p_shapatava_s
tennis_data_uk,wta,2011,35,Gastein Ladies,Bad Gastein,2011-07-12,international,True,clay,R32,32,3,Mayr P.,Dominguez Lino L.,109,43,655,1230.0,2,0,6,0,7,6,,,,,,,completed,2.37,1.53,2.28,1.69,2.5,1.69,2.34,1.56,2011_35_bad_gastein_gastein_ladies,2011_35_bad_gastein_gastein_ladies_2011-07-12_R32_mayr_p_dominguez_lino_l
tennis_data_uk,wta,2011,35,Gastein Ladies,Bad Gastein,2011-07-12,international,True,clay,R32,32,3,Parra Santonja A.,Govortsova O.,127,97,541,707.0,2,1,6,3,1,6,7,6,,,,,completed,1.53,2.37,1.58,2.53,1.67,2.53,1.57,2.3,2011_35_bad_gastein_gastein_ladies,2011_35_bad_gastein_gastein_ladies_2011-07-12_R32_parra_santonja_a_govortsova_o
tennis_data_uk,wta,2011,35,Gastein Ladies,Bad Gastein,2011-07-12,international,True,clay,R32,32,3,Pervak K.,Cornet A.,65,74,991,901.0,2,0,7,6,6,2,,,,,,,completed,1.8,1.9,1.96,1.93,1.96,2.02,1.8,1.93,2011_35_bad_gastein_gastein_ladies,2011_35_bad_gastein_gastein_ladies_2011-07-12_R32_pervak_k_cornet_a
tennis_data_uk,wta,2011,35,Gastein Ladies,Bad Gastein,2011-07-12,international,True,clay,R32,32,3,Meusburger Y.,Bondarenko A.,130,125,522,554.0,2,0,6,3,7,6,,,,,,,completed,2.1,1.66,2.18,1.75,2.4,1.9,2.05,1.71,2011_35_bad_gastein_gastein_ladies,2011_35_bad_gastein_gastein_ladies_2011-07-12_R32_meusburger_y_bondarenko_a
tennis_data_uk,wta,2011,35,Gastein Ladies,Bad Gastein,2011-07-12,international,True,clay,R32,32,3,Barrois K.,Tsurenko L.,86,126,761,542.0,2,0,6,2,6,3,,,,,,,completed,1.5,2.5,1.63,2.42,1.63,2.67,1.51,2.48,2011_35_bad_gastein_gastein_ladies,2011_35_bad_gastein_gastein_ladies_2011-07-12_R32_barrois_k_tsurenko_l
tennis_data_uk,wta,2011,35,Gastein Ladies,Bad Gastein,2011-07-12,international,True,clay,R32,32,3,Pous-Tio L.,Goerges J.,94,16,738,2645.0,2,1,6,1,2,6,6,1,,,,,completed,5.0,1.14,5.32,1.19,5.33,1.22,4.54,1.18,2011_35_bad_gastein_gastein_ladies,2011_35_bad_gastein_gastein_ladies_2011-07-12_R32_pous_tio_l_goerges_j
tennis_data_uk,wta,2011,35,Gastein Ladies,Bad Gastein,2011-07-12,international,True,clay,R32,32,3,Kolar N.,Kudryavtseva A.,309,76,165,825.0,2,0,6,1,6,1,,,,,,,completed,1.83,1.83,1.9,1.99,1.91,2.0,1.83,1.9,2011_35_bad_gastein_gastein_ladies,2011_35_bad_gastein_gastein_ladies_2011-07-12_R32_kolar_n_kudryavtseva_a
tennis_data_uk,wta,2011,35,Gastein Ladies,Bad Gastein,2011-07-13,international,True,clay,R32,32,3,Bammer S.,Halep S.,148,59,418,1013.0,2,1,4,6,7,5,7,6,,,,,completed,3.75,1.25,4.13,1.27,4.13,1.33,3.55,1.27,2011_35_bad_gastein_gastein_ladies,2011_35_bad_gastein_gastein_ladies_2011-07-13_R32_bammer_s_halep_s
tennis_data_uk,wta,2011,35,Gastein Ladies,Bad Gastein,2011-07-13,international,True,clay,R16,16,3,Pervak K.,Kolar N.,65,309,991,165.0,2,1,4,6,7,6,6,2,,,,,completed,1.53,2.37,1.45,2.99,1.53,2.99,1.44,2.66,2011_35_bad_gastein_gastein_ladies,2011_35_bad_gastein_gastein_ladies_2011-07-13_R16_pervak_k_kolar_n
tennis_data_uk,wta,2011,35,Gastein Ladies,Bad Gastein,2011-07-13,international,True,clay,R16,16,3,Suarez Navarro C.,Parra Santonja A.,103,127,680,541.0,2,0,6,3,6,3,,,,,,,completed,1.57,2.25,1.65,2.38,1.67,2.43,1.61,2.22,2011_35_bad_gastein_gastein_ladies,2011_35_bad_gastein_gastein_ladies_2011-07-13_R16_suarez_navarro_c_parra_santonja_a
tennis_data_uk,wta,2011,35,Gastein Ladies,Bad Gastein,2011-07-13,international,True,clay,R16,16,3,Pous-Tio L.,Barrois K.,94,86,738,761.0,2,0,7,6,7,6,,,,,,,completed,1.57,2.25,1.78,2.17,1.78,2.25,1.66,2.15,2011_35_bad_gastein_gastein_ladies,2011_35_bad_gastein_gastein_ladies_2011-07-13_R16_pous_tio_l_barrois_k
tennis_data_uk,wta,2011,35,Gastein Ladies,Bad Gastein,2011-07-13,international,True,clay,R16,16,3,Bondarenko K.,Larsson J.,88,46,752,1168.0,2,0,7,5,6,0,,,,,,,completed,2.37,1.53,2.58,1.57,2.58,1.6,2.37,1.54,2011_35_bad_gastein_gastein_ladies,2011_35_bad_gastein_gastein_ladies_2011-07-13_R16_bondarenko_k_larsson_j
tennis_data_uk,wta,2011,35,Gastein Ladies,Bad Gastein,2011-07-14,international,True,clay,R16,16,3,Evtimova D.,Hofmanova N.,239,317,230,156.0,2,1,3,6,6,4,6,3,,,,,completed,1.33,3.25,1.36,3.44,1.39,3.5,1.32,3.23,2011_35_bad_gastein_gastein_ladies,2011_35_bad_gastein_gastein_ladies_2011-07-14_R16_evtimova_d_hofmanova_n
tennis_data_uk,wta,2011,35,Gastein Ladies,Bad Gastein,2011-07-14,international,True,clay,R16,16,3,Mayr P.,Martic P.,109,89,655,747.0,2,0,6,1,6,4,,,,,,,completed,1.53,2.37,1.65,2.4,1.67,2.53,1.6,2.25,2011_35_bad_gastein_gastein_ladies,2011_35_bad_gastein_gastein_ladies_2011-07-14_R16_mayr_p_martic_p
tennis_data_uk,wta,2011,35,Gastein Ladies,Bad Gastein,2011-07-14,international,True,clay,R16,16,3,Meusburger Y.,Bammer S.,130,148,522,418.0,2,0,6,2,6,1,,,,,,,completed,1.72,2.0,1.73,2.24,1.95,2.24,1.71,2.05,2011_35_bad_gastein_gastein_ladies,2011_35_bad_gastein_gastein_ladies_2011-07-14_R16_meusburger_y_bammer_s
tennis_data_uk,wta,2011,35,Gastein Ladies,Bad Gastein,2011-07-14,international,True,clay,R16,16,3,Martinez-Sanchez M.J.,Zahlavova S.,54,121,1072,581.0,2,0,6,4,6,2,,,,,,,completed,1.16,4.5,1.26,4.38,1.26,5.25,1.19,4.41,2011_35_bad_gastein_gastein_ladies,2011_35_bad_gastein_gastein_ladies_2011-07-14_R16_martinez_sanchez_m_j_zahlavova_s
tennis_data_uk,wta,2011,35,Gastein Ladies,Bad Gastein,2011-07-15,international,True,clay,QF,8,3,Mayr P.,Evtimova D.,109,239,655,230.0,2,0,6,2,6,2,,,,,,,completed,1.22,4.0,1.3,4.01,1.3,4.03,1.26,3.7,2011_35_bad_gastein_gastein_ladies,2011_35_bad_gastein_gastein_ladies_2011-07-15_QF_mayr_p_evtimova_d
tennis_data_uk,wta,2011,35,Gastein Ladies,Bad Gastein,2011-07-15,international,True,clay,QF,8,3,Martinez-Sanchez M.J.,Meusburger Y.,54,130,1072,522.0,2,1,7,6,4,6,6,3,,,,,completed,1.33,3.25,1.38,3.42,1.4,3.5,1.34,3.12,2011_35_bad_gastein_gastein_ladies,2011_35_bad_gastein_gastein_ladies_2011-07-15_QF_martinez_sanchez_m_j_meusburger_y
tennis_data_uk,wta,2011,35,Gastein Ladies,Bad Gastein,2011-07-16,international,True,clay,QF,8,3,Pervak K.,Pous-Tio L.,65,94,991,738.0,2,0,6,2,7,6,,,,,,,completed,2.37,1.53,2.51,1.61,2.51,1.63,2.32,1.58,2011_35_bad_gastein_gastein_ladies,2011_35_bad_gastein_gastein_ladies_2011-07-16_QF_pervak_k_pous_tio_l
tennis_data_uk,wta,2011,35,Gastein Ladies,Bad Gastein,2011-07-16,international,True,clay,QF,8,3,Bondarenko K.,Suarez Navarro C.,88,103,752,680.0,2,0,6,2,6,1,,,,,,,completed,1.72,2.0,1.89,2.04,1.89,2.16,1.74,2.02,2011_35_bad_gastein_gastein_ladies,2011_35_bad_gastein_gastein_ladies_2011-07-16_QF_bondarenko_k_suarez_navarro_c
tennis_data_uk,wta,2011,35,Gastein Ladies,Bad Gastein,2011-07-16,international,True,clay,SF,4,3,Mayr P.,Pervak K.,109,65,655,991.0,2,0,6,0,6,0,,,,,,,completed,1.53,2.37,1.59,2.56,1.62,2.9,1.55,2.4,2011_35_bad_gastein_gastein_ladies,2011_35_bad_gastein_gastein_ladies_2011-07-16_SF_mayr_p_pervak_k
tennis_data_uk,wta,2011,35,Gastein Ladies,Bad Gastein,2011-07-16,international,True,clay,SF,4,3,Martinez-Sanchez M.J.,Bondarenko K.,54,88,1072,752.0,2,0,6,1,7,6,,,,,,,completed,2.0,1.72,2.0,1.93,2.1,1.93,1.94,1.8,2011_35_bad_gastein_gastein_ladies,2011_35_bad_gastein_gastein_ladies_2011-07-16_SF_martinez_sanchez_m_j_bondarenko_k
tennis_data_uk,wta,2011,35,Gastein Ladies,Bad Gastein,2011-07-17,international,True,clay,F,2,3,Martinez-Sanchez M.J.,Mayr P.,54,109,1072,655.0,2,0,6,0,7,5,,,,,,,completed,1.72,2.1,1.76,2.2,1.8,2.2,1.69,2.11,2011_35_bad_gastein_gastein_ladies,2011_35_bad_gastein_gastein_ladies_2011-07-17_F_martinez_sanchez_m_j_mayr_p
tennis_data_uk,wta,2011,36,Internazionali Femminili di Tennis di Palermo,Palermo,2011-07-11,international,True,clay,R32,32,3,Amanmuradova A.,Gojnea M.,98,149,693,413.0,2,0,7,6,6,2,,,,,,,completed,2.25,1.57,2.37,1.65,2.38,1.73,2.18,1.64,2011_36_palermo_internazionali_femminili_di_tennis_di_palermo,2011_36_palermo_internazionali_femminili_di_tennis_di_palermo_2011-07-11_R32_amanmuradova_a_gojnea_m
tennis_data_uk,wta,2011,36,Internazionali Femminili di Tennis di Palermo,Palermo,2011-07-11,international,True,clay,R32,32,3,Pironkova T.,Tatishvili A.,49,83,1151,785.0,2,0,6,2,7,5,,,,,,,completed,1.66,2.1,1.76,2.17,1.82,2.25,1.71,2.06,2011_36_palermo_internazionali_femminili_di_tennis_di_palermo,2011_36_palermo_internazionali_femminili_di_tennis_di_palermo_2011-07-11_R32_pironkova_t_tatishvili_a
tennis_data_uk,wta,2011,36,Internazionali Femminili di Tennis di Palermo,Palermo,2011-07-11,international,True,clay,R32,32,3,Pennetta F.,Grymalska A.,21,342,2210,134.0,2,0,6,4,6,1,,,,,,,completed,1.01,15.0,1.04,14.12,1.06,16.0,1.03,11.41,2011_36_palermo_internazionali_femminili_di_tennis_di_palermo,2011_36_palermo_internazionali_femminili_di_tennis_di_palermo_2011-07-11_R32_pennetta_f_grymalska_a
tennis_data_uk,wta,2011,36,Internazionali Femminili di Tennis di Palermo,Palermo,2011-07-11,international,True,clay,R32,32,3,Brianti A.,Albano S.,69,1014,971,10.0,2,0,6,1,6,0,,,,,,,completed,1.04,10.0,1.08,9.44,1.1,11.1,1.05,8.74,2011_36_palermo_internazionali_femminili_di_tennis_di_palermo,2011_36_palermo_internazionali_femminili_di_tennis_di_palermo_2011-07-11_R32_brianti_a_albano_s
tennis_data_uk,wta,2011,36,Internazionali Femminili di Tennis di Palermo,Palermo,2011-07-12,international,True,clay,R32,32,3,Mijacika A.,Daniilidou E.,246,104,223,677.0,2,1,3,6,6,3,6,3,,,,,completed,1.72,2.0,1.89,2.0,1.89,2.1,1.8,1.94,2011_36_palermo_internazionali_femminili_di_tennis_di_palermo,2011_36_palermo_internazionali_femminili_di_tennis_di_palermo_2011-07-12_R32_mijacika_a_daniilidou_e
tennis_data_uk,wta,2011,36,Internazionali Femminili di Tennis di Palermo,Palermo,2011-07-12,international,True,clay,R32,32,3,Johansson M.,Rezai A.,67,112,982,645.0,2,0,7,6,6,1,,,,,,,completed,2.62,1.44,2.57,1.56,2.75,1.58,2.48,1.51,2011_36_palermo_internazionali_femminili_di_tennis_di_palermo,2011_36_palermo_internazionali_femminili_di_tennis_di_palermo_2011-07-12_R32_johansson_m_rezai_a
tennis_data_uk,wta,2011,36,Internazionali Femminili di Tennis di Palermo,Palermo,2011-07-12,international,True,clay,R32,32,3,Hercog P.,Knapp K.,37,216,1305,262.0,2,1,5,7,6,4,6,2,,,,,completed,1.28,3.5,1.38,3.28,1.38,3.5,1.32,3.21,2011_36_palermo_internazionali_femminili_di_tennis_di_palermo,2011_36_palermo_internazionali_femminili_di_tennis_di_palermo_2011-07-12_R32_hercog_p_knapp_k
tennis_data_uk,wta,2011,36,Internazionali Femminili di Tennis di Palermo,Palermo,2011-07-12,international,True,clay,R32,32,3,Medina Garrigues A.,Floris A.,39,162,1290,372.0,2,0,6,3,6,3,,,,,,,completed,1.03,11.0,1.07,10.91,1.07,12.46,1.05,9.11,2011_36_palermo_internazionali_femminili_di_tennis_di_palermo,2011_36_palermo_internazionali_femminili_di_tennis_di_palermo_2011-07-12_R32_medina_garrigues_a_floris_a
tennis_data_uk,wta,2011,36,Internazionali Femminili di Tennis di Palermo,Palermo,2011-07-12,international,True,clay,R32,32,3,Begu I.,Camerin M.E.,60,114,1013,621.0,2,0,6,2,7,5,,,,,,,completed,1.2,4.33,1.26,4.24,1.29,4.33,1.23,3.9,2011_36_palermo_internazionali_femminili_di_tennis_di_palermo,2011_36_palermo_internazionali_femminili_di_tennis_di_palermo_2011-07-12_R32_begu_i_camerin_m_e
tennis_data_uk,wta,2011,36,Internazionali Femminili di Tennis di Palermo,Palermo,2011-07-12,international,True,clay,R32,32,3,Cetkovska P.,Bovina E.,62,321,1008,153.0,2,0,6,1,7,5,,,,,,,completed,1.25,3.75,1.32,3.69,1.33,3.89,1.27,3.48,2011_36_palermo_internazionali_femminili_di_tennis_di_palermo,2011_36_palermo_internazionali_femminili_di_tennis_di_palermo_2011-07-12_R32_cetkovska_p_bovina_e
tennis_data_uk,wta,2011,36,Internazionali Femminili di Tennis di Palermo,Palermo,2011-07-12,international,True,clay,R32,32,3,Arruabarrena Vecino L.,Dentoni C.,175,153,325,394.0,2,0,6,3,7,6,,,,,,,completed,,,,,,,,,2011_36_palermo_internazionali_femminili_di_tennis_di_palermo,2011_36_palermo_internazionali_femminili_di_tennis_di_palermo_2011-07-12_R32_arruabarrena_vecino_l_dentoni_c
tennis_data_uk,wta,2011,36,Internazionali Femminili di Tennis di Palermo,Palermo,2011-07-12,international,True,clay,R32,32,3,Parmentier P.,Craybas J.,66,115,985,608.0,2,1,6,4,3,6,6,4,,,,,completed,1.2,4.33,1.31,3.79,1.31,4.39,1.22,3.95,2011_36_palermo_internazionali_femminili_di_tennis_di_palermo,2011_36_palermo_internazionali_femminili_di_tennis_di_palermo_2011-07-12_R32_parmentier_p_craybas_j
tennis_data_uk,wta,2011,36,Internazionali Femminili di Tennis di Palermo,Palermo,2011-07-12,international,True,clay,R32,32,3,Errani S.,Kulikova R.,35,191,1420,294.0,2,0,6,1,6,3,,,,,,,completed,1.22,4.0,1.3,3.85,1.3,4.33,1.23,3.91,2011_36_palermo_internazionali_femminili_di_tennis_di_palermo,2011_36_palermo_internazionali_femminili_di_tennis_di_palermo_2011-07-12_R32_errani_s_kulikova_r
tennis_data_uk,wta,2011,36,Internazionali Femminili di Tennis di Palermo,Palermo,2011-07-12,international,True,clay,R32,32,3,Zakopalova K.,Pivovarova A.,36,120,1365,582.0,2,1,0,6,6,1,6,1,,,,,completed,1.36,3.0,1.39,3.22,1.39,3.41,1.33,3.14,2011_36_palermo_internazionali_femminili_di_tennis_di_palermo,2011_36_palermo_internazionali_femminili_di_tennis_di_palermo_2011-07-12_R32_zakopalova_k_pivovarova_a
tennis_data_uk,wta,2011,36,Internazionali Femminili di Tennis di Palermo,Palermo,2011-07-12,international,True,clay,R32,32,3,Vinci R.,Karatantcheva S.,23,212,2195,266.0,2,0,6,2,7,5,,,,,,,completed,1.16,4.5,1.21,4.9,1.23,4.9,1.2,4.3,2011_36_palermo_internazionali_femminili_di_tennis_di_palermo,2011_36_palermo_internazionali_femminili_di_tennis_di_palermo_2011-07-12_R32_vinci_r_karatantcheva_s
tennis_data_uk,wta,2011,36,Internazionali Femminili di Tennis di Palermo,Palermo,2011-07-12,international,True,clay,R32,32,3,Cirstea S.,Hlavackova A.,79,111,803,651.0,2,0,6,3,6,2,,,,,,,completed,1.57,2.25,1.63,2.42,1.74,2.42,1.63,2.19,2011_36_palermo_internazionali_femminili_di_tennis_di_palermo,2011_36_palermo_internazionali_femminili_di_tennis_di_palermo_2011-07-12_R32_cirstea_s_hlavackova_a
tennis_data_uk,wta,2011,36,Internazionali Femminili di Tennis di Palermo,Palermo,2011-07-13,international,True,clay,R16,16,3,Pironkova T.,Cirstea S.,49,79,1151,803.0,2,1,2,6,6,1,6,1,,,,,completed,1.5,2.5,1.61,2.49,1.63,2.69,1.56,2.34,2011_36_palermo_internazionali_femminili_di_tennis_di_palermo,2011_36_palermo_internazionali_femminili_di_tennis_di_palermo_2011-07-13_R16_pironkova_t_cirstea_s
tennis_data_uk,wta,2011,36,Internazionali Femminili di Tennis di Palermo,Palermo,2011-07-13,international,True,clay,R16,16,3,Cetkovska P.,Amanmuradova A.,62,98,1008,693.0,2,0,6,2,6,4,,,,,,,completed,1.28,3.5,1.33,3.64,1.35,3.75,1.29,3.41,2011_36_palermo_internazionali_femminili_di_tennis_di_palermo,2011_36_palermo_internazionali_femminili_di_tennis_di_palermo_2011-07-13_R16_cetkovska_p_amanmuradova_a
tennis_data_uk,wta,2011,36,Internazionali Femminili di Tennis di Palermo,Palermo,2011-07-13,international,True,clay,R16,16,3,Hercog P.,Brianti A.,37,69,1305,971.0,2,0,6,2,6,4,,,,,,,completed,1.61,2.2,1.72,2.26,1.73,2.5,1.58,2.29,2011_36_palermo_internazionali_femminili_di_tennis_di_palermo,2011_36_palermo_internazionali_femminili_di_tennis_di_palermo_2011-07-13_R16_hercog_p_brianti_a
tennis_data_uk,wta,2011,36,Internazionali Femminili di Tennis di Palermo,Palermo,2011-07-13,international,True,clay,R16,16,3,Pennetta F.,Johansson M.,21,67,2210,982.0,2,1,4,6,7,5,7,5,,,,,completed,1.22,4.0,1.23,4.78,1.24,4.89,1.2,4.3,2011_36_palermo_internazionali_femminili_di_tennis_di_palermo,2011_36_palermo_internazionali_femminili_di_tennis_di_palermo_2011-07-13_R16_pennetta_f_johansson_m
tennis_data_uk,wta,2011,36,Internazionali Femminili di Tennis di Palermo,Palermo,2011-07-14,international,True,clay,R16,16,3,Zakopalova K.,Mijacika A.,36,246,1365,223.0,2,1,7,5,4,6,6,3,,,,,completed,1.28,3.5,1.33,3.66,1.34,3.74,1.3,3.34,2011_36_palermo_internazionali_femminili_di_tennis_di_palermo,2011_36_palermo_internazionali_femminili_di_tennis_di_palermo_2011-07-14_R16_zakopalova_k_mijacika_a
tennis_data_uk,wta,2011,36,Internazionali Femminili di Tennis di Palermo,Palermo,2011-07-14,international,True,clay,R16,16,3,Medina Garrigues A.,Arruabarrena Vecino L.,39,175,1290,325.0,2,0,6,1,7,5,,,,,,,completed,1.11,6.0,1.14,6.69,1.17,6.69,1.12,5.76,2011_36_palermo_internazionali_femminili_di_tennis_di_palermo,2011_36_palermo_internazionali_femminili_di_tennis_di_palermo_2011-07-14_R16_medina_garrigues_a_arruabarrena_vecino_l
tennis_data_uk,wta,2011,36,Internazionali Femminili di Tennis di Palermo,Palermo,2011-07-14,international,True,clay,R16,16,3,Errani S.,Parmentier P.,35,66,1420,985.0,2,0,7,5,6,1,,,,,,,completed,1.2,4.33,1.24,4.6,1.27,4.6,1.22,3.98,2011_36_palermo_internazionali_femminili_di_tennis_di_palermo,2011_36_palermo_internazionali_femminili_di_tennis_di_palermo_2011-07-14_R16_errani_s_parmentier_p
tennis_data_uk,wta,2011,36,Internazionali Femminili di Tennis di Palermo,Palermo,2011-07-14,international,True,clay,R16,16,3,Begu I.,Vinci R.,60,23,1013,2195.0,2,0,6,4,6,3,,,,,,,completed,2.37,1.53,2.45,1.62,2.5,1.67,2.26,1.6,2011_36_palermo_internazionali_femminili_di_tennis_di_palermo,2011_36_palermo_internazionali_femminili_di_tennis_di_palermo_2011-07-14_R16_begu_i_vinci_r
tennis_data_uk,wta,2011,36,Internazionali Femminili di Tennis di Palermo,Palermo,2011-07-15,international,True,clay,QF,8,3,Cetkovska P.,Errani S.,62,35,1008,1420.0,2,1,5,7,6,3,7,6,,,,,completed,3.0,1.36,2.98,1.46,3.22,1.46,2.87,1.39,2011_36_palermo_internazionali_femminili_di_tennis_di_palermo,2011_36_palermo_internazionali_femminili_di_tennis_di_palermo_2011-07-15_QF_cetkovska_p_errani_s
tennis_data_uk,wta,2011,36,Internazionali Femminili di Tennis di Palermo,Palermo,2011-07-15,international,True,clay,QF,8,3,Hercog P.,Zakopalova K.,37,36,1305,1365.0,2,0,6,1,6,1,,,,,,,completed,1.33,3.25,1.36,3.49,1.41,3.49,1.37,3.01,2011_36_palermo_internazionali_femminili_di_tennis_di_palermo,2011_36_palermo_internazionali_femminili_di_tennis_di_palermo_2011-07-15_QF_hercog_p_zakopalova_k
tennis_data_uk,wta,2011,36,Internazionali Femminili di Tennis di Palermo,Palermo,2011-07-15,international,True,clay,QF,8,3,Medina Garrigues A.,Begu I.,39,60,1290,1013.0,2,1,6,2,1,6,6,0,,,,,completed,2.2,1.61,2.19,1.78,2.2,1.78,2.08,1.7,2011_36_palermo_internazionali_femminili_di_tennis_di_palermo,2011_36_palermo_internazionali_femminili_di_tennis_di_palermo_2011-07-15_QF_medina_garrigues_a_begu_i
tennis_data_uk,wta,2011,36,Internazionali Femminili di Tennis di Palermo,Palermo,2011-07-15,international,True,clay,QF,8,3,Pennetta F.,Pironkova T.,21,49,2210,1151.0,2,0,6,2,6,2,,,,,,,completed,1.57,2.25,1.87,2.07,1.87,2.3,1.65,2.16,2011_36_palermo_internazionali_femminili_di_tennis_di_palermo,2011_36_palermo_internazionali_femminili_di_tennis_di_palermo_2011-07-15_QF_pennetta_f_pironkova_t
tennis_data_uk,wta,2011,36,Internazionali Femminili di Tennis di Palermo,Palermo,2011-07-16,international,True,clay,SF,4,3,Medina Garrigues A.,Cetkovska P.,39,62,1290,1008.0,2,0,7,5,6,3,,,,,,,completed,1.5,2.5,1.51,2.81,1.58,2.81,1.51,2.49,2011_36_palermo_internazionali_femminili_di_tennis_di_palermo,2011_36_palermo_internazionali_femminili_di_tennis_di_palermo_2011-07-16_SF_medina_garrigues_a_cetkovska_p
tennis_data_uk,wta,2011,36,Internazionali Femminili di Tennis di Palermo,Palermo,2011-07-16,international,True,clay,SF,4,3,Hercog P.,Pennetta F.,37,21,1305,2210.0,2,0,6,2,6,2,,,,,,,completed,2.1,1.66,2.36,1.68,2.4,1.7,2.17,1.65,2011_36_palermo_internazionali_femminili_di_tennis_di_palermo,2011_36_palermo_internazionali_femminili_di_tennis_di_palermo_2011-07-16_SF_hercog_p_pennetta_f
tennis_data_uk,wta,2011,36,Internazionali Femminili di Tennis di Palermo,Palermo,2011-07-17,international,True,clay,F,2,3,Medina Garrigues A.,Hercog P.,39,37,1290,1305.0,2,0,6,3,6,2,,,,,,,completed,2.5,1.53,2.57,1.58,2.65,1.6,2.41,1.54,2011_36_palermo_internazionali_femminili_di_tennis_di_palermo,2011_36_palermo_internazionali_femminili_di_tennis_di_palermo_2011-07-17_F_medina_garrigues_a_hercog_p
tennis_data_uk,wta,2011,37,Baku Cup,Baku,2011-07-18,international,True,hard,R32,32,3,Voskoboeva G.,Shapatava S.,162,245,364,227.0,2,0,6,0,6,0,,,,,,,completed,1.2,4.33,1.25,4.32,1.3,4.58,1.23,3.9,2011_37_baku_baku_cup,2011_37_baku_baku_cup_2011-07-18_R32_voskoboeva_g_shapatava_s
tennis_data_uk,wta,2011,37,Baku Cup,Baku,2011-07-18,international,True,hard,R32,32,3,Dolonts V.,Bondarenko A.,91,126,745,554.0,2,0,6,3,6,3,,,,,,,completed,1.66,2.1,1.67,2.33,1.83,2.4,1.67,2.13,2011_37_baku_baku_cup,2011_37_baku_baku_cup_2011-07-18_R32_dolonts_v_bondarenko_a
tennis_data_uk,wta,2011,37,Baku Cup,Baku,2011-07-18,international,True,hard,R32,32,3,Koryttseva M.,Baltacha E.,165,60,357,1030.0,2,0,6,1,7,5,,,,,,,completed,4.0,1.22,4.02,1.28,4.25,1.3,3.74,1.25,2011_37_baku_baku_cup,2011_37_baku_baku_cup_2011-07-18_R32_koryttseva_m_baltacha_e
tennis_data_uk,wta,2011,37,Baku Cup,Baku,2011-07-19,international,True,hard,R32,32,3,Mikadze T.,Khrisanova N.,377,,119,,2,0,6,0,6,0,,,,,,,completed,1.06,8.0,1.1,8.15,1.13,10.0,1.09,6.98,2011_37_baku_baku_cup,2011_37_baku_baku_cup_2011-07-19_R32_mikadze_t_khrisanova_n
tennis_data_uk,wta,2011,37,Baku Cup,Baku,2011-07-19,international,True,hard,R32,32,3,Niculescu M.,Georgatou E.,54,213,1083,266.0,0,0,5,1,,,,,,,,,retired,1.16,4.5,1.19,5.39,1.22,5.5,1.17,4.72,2011_37_baku_baku_cup,2011_37_baku_baku_cup_2011-07-19_R32_niculescu_m_georgatou_e
tennis_data_uk,wta,2011,37,Baku Cup,Baku,2011-07-19,international,True,hard,R32,32,3,Bovina E.,Diyas Z.,307,174,168,338.0,2,1,6,0,3,6,7,5,,,,,completed,1.66,2.1,1.71,2.24,1.71,2.28,1.65,2.17,2011_37_baku_baku_cup,2011_37_baku_baku_cup_2011-07-19_R32_bovina_e_diyas_z
tennis_data_uk,wta,2011,37,Baku Cup,Baku,2011-07-19,international,True,hard,R32,32,3,Rezai A.,Farhad K.,112,,605,,2,0,6,0,6,2,,,,,,,completed,1.03,11.0,1.05,11.89,1.07,15.0,1.04,10.16,2011_37_baku_baku_cup,2011_37_baku_baku_cup_2011-07-19_R32_rezai_a_farhad_k
tennis_data_uk,wta,2011,37,Baku Cup,Baku,2011-07-19,international,True,hard,R32,32,3,Pervak K.,Lertcheewakarn N.,55,150,1075,400.0,2,1,3,6,6,1,7,5,,,,,completed,1.25,3.75,1.33,3.58,1.33,4.34,1.26,3.62,2011_37_baku_baku_cup,2011_37_baku_baku_cup_2011-07-19_R32_pervak_k_lertcheewakarn_n
tennis_data_uk,wta,2011,37,Baku Cup,Baku,2011-07-19,international,True,hard,R32,32,3,Tatishvili A.,Rodina E.,93,78,733,821.0,2,0,6,4,6,2,,,,,,,completed,1.5,2.5,1.61,2.45,1.61,2.6,1.53,2.39,2011_37_baku_baku_cup,2011_37_baku_baku_cup_2011-07-19_R32_tatishvili_a_rodina_e
tennis_data_uk,wta,2011,37,Baku Cup,Baku,2011-07-19,international,True,hard,R32,32,3,Vesnina E.,Buchina Y.,33,373,1510,121.0,2,1,6,2,3,6,7,5,,,,,completed,1.08,7.0,1.13,7.13,1.13,9.0,1.09,6.72,2011_37_baku_baku_cup,2011_37_baku_baku_cup_2011-07-19_R32_vesnina_e_buchina_y
tennis_data_uk,wta,2011,37,Baku Cup,Baku,2011-07-19,international,True,hard,R32,32,3,Bondarenko K.,Tsurenko L.,75,128,872,537.0,2,0,6,3,6,2,,,,,,,completed,1.25,3.75,1.28,4.06,1.29,4.1,1.25,3.75,2011_37_baku_baku_cup,2011_37_baku_baku_cup_2011-07-19_R32_bondarenko_k_tsurenko_l
tennis_data_uk,wta,2011,37,Baku Cup,Baku,2011-07-19,international,True,hard,R32,32,3,Yakimova A.,Savinykh V.,88,138,757,486.0,2,0,6,3,6,4,,,,,,,completed,1.44,2.62,1.57,2.55,1.58,2.66,1.49,2.55,2011_37_baku_baku_cup,2011_37_baku_baku_cup_2011-07-19_R32_yakimova_a_savinykh_v
tennis_data_uk,wta,2011,37,Baku Cup,Baku,2011-07-19,international,True,hard,R32,32,3,Makarova E.,Kremer A.,41,148,1286,424.0,2,0,6,1,6,4,,,,,,,completed,1.14,5.0,1.19,5.39,1.2,5.44,1.16,4.68,2011_37_baku_baku_cup,2011_37_baku_baku_cup_2011-07-19_R32_makarova_e_kremer_a
tennis_data_uk,wta,2011,37,Baku Cup,Baku,2011-07-19,international,True,hard,R32,32,3,Kucova K.,Arefyeva T.,187,268,304,201.0,2,0,6,3,6,3,,,,,,,completed,2.62,1.44,2.59,1.56,2.63,1.58,2.48,1.5,2011_37_baku_baku_cup,2011_37_baku_baku_cup_2011-07-19_R32_kucova_k_arefyeva_t
tennis_data_uk,wta,2011,37,Baku Cup,Baku,2011-07-19,international,True,hard,R32,32,3,Pavlyuchenkova A.,Solovieva V.,13,274,2995,190.0,2,0,7,5,6,4,,,,,,,completed,1.03,11.0,1.03,16.0,1.05,22.89,1.03,12.08,2011_37_baku_baku_cup,2011_37_baku_baku_cup_2011-07-19_R32_pavlyuchenkova_a_solovieva_v
tennis_data_uk,wta,2011,37,Baku Cup,Baku,2011-07-19,international,True,hard,R32,32,3,Zvonareva V.,Abduraimova N.,3,484,6695,75.0,2,0,6,1,7,5,,,,,,,completed,1.01,15.0,1.03,21.0,1.04,21.0,1.02,13.77,2011_37_baku_baku_cup,2011_37_baku_baku_cup_2011-07-19_R32_zvonareva_v_abduraimova_n
tennis_data_uk,wta,2011,37,Baku Cup,Baku,2011-07-20,international,True,hard,R16,16,3,Koryttseva M.,Yakimova A.,165,88,357,757.0,2,0,6,2,7,5,,,,,,,completed,2.37,1.53,2.76,1.51,2.8,1.61,2.51,1.5,2011_37_baku_baku_cup,2011_37_baku_baku_cup_2011-07-20_R16_koryttseva_m_yakimova_a
tennis_data_uk,wta,2011,37,Baku Cup,Baku,2011-07-20,international,True,hard,R16,16,3,Voskoboeva G.,Niculescu M.,162,54,364,1083.0,2,0,7,6,6,2,,,,,,,completed,2.0,1.72,2.03,1.88,2.15,1.89,2.03,1.73,2011_37_baku_baku_cup,2011_37_baku_baku_cup_2011-07-20_R16_voskoboeva_g_niculescu_m
tennis_data_uk,wta,2011,37,Baku Cup,Baku,2011-07-20,international,True,hard,R16,16,3,Pervak K.,Dolonts V.,55,91,1075,745.0,2,0,6,3,6,3,,,,,,,completed,2.0,1.72,2.16,1.78,2.21,1.8,2.05,1.72,2011_37_baku_baku_cup,2011_37_baku_baku_cup_2011-07-20_R16_pervak_k_dolonts_v
tennis_data_uk,wta,2011,37,Baku Cup,Baku,2011-07-20,international,True,hard,R16,16,3,Rezai A.,Vesnina E.,112,33,605,1510.0,1,0,6,3,1,0,,,,,,,retired,1.72,2.0,1.91,2.0,1.91,2.01,1.81,1.91,2011_37_baku_baku_cup,2011_37_baku_baku_cup_2011-07-20_R16_rezai_a_vesnina_e
tennis_data_uk,wta,2011,37,Baku Cup,Baku,2011-07-21,international,True,hard,R16,16,3,Tatishvili A.,Mikadze T.,93,377,733,119.0,2,0,7,6,6,3,,,,,,,completed,1.14,5.0,1.15,6.38,1.17,6.38,1.14,5.3,2011_37_baku_baku_cup,2011_37_baku_baku_cup_2011-07-21_R16_tatishvili_a_mikadze_t
tennis_data_uk,wta,2011,37,Baku Cup,Baku,2011-07-21,international,True,hard,R16,16,3,Bondarenko K.,Makarova E.,75,41,872,1286.0,2,0,6,1,6,4,,,,,,,completed,1.72,2.0,1.88,2.02,1.91,2.1,1.79,1.95,2011_37_baku_baku_cup,2011_37_baku_baku_cup_2011-07-21_R16_bondarenko_k_makarova_e
tennis_data_uk,wta,2011,37,Baku Cup,Baku,2011-07-21,international,True,hard,R16,16,3,Pavlyuchenkova A.,Bovina E.,13,307,2995,168.0,2,0,6,4,6,0,,,,,,,completed,1.16,4.5,1.18,5.61,1.2,5.72,1.17,4.71,2011_37_baku_baku_cup,2011_37_baku_baku_cup_2011-07-21_R16_pavlyuchenkova_a_bovina_e
tennis_data_uk,wta,2011,37,Baku Cup,Baku,2011-07-21,international,True,hard,R16,16,3,Zvonareva V.,Kucova K.,3,187,6695,304.0,1,0,6,0,3,0,,,,,,,retired,1.04,10.0,1.06,12.5,1.07,14.23,1.05,9.5,2011_37_baku_baku_cup,2011_37_baku_baku_cup_2011-07-21_R16_zvonareva_v_kucova_k
tennis_data_uk,wta,2011,37,Baku Cup,Baku,2011-07-22,international,True,hard,QF,8,3,Voskoboeva G.,Pavlyuchenkova A.,162,13,364,2995.0,2,1,6,7,6,4,6,3,,,,,completed,4.0,1.22,4.72,1.24,4.8,1.27,4.05,1.22,2011_37_baku_baku_cup,2011_37_baku_baku_cup_2011-07-22_QF_voskoboeva_g_pavlyuchenkova_a
tennis_data_uk,wta,2011,37,Baku Cup,Baku,2011-07-22,international,True,hard,QF,8,3,Koryttseva M.,Bondarenko K.,165,75,357,872.0,2,0,7,5,6,4,,,,,,,completed,4.0,1.22,4.19,1.28,4.5,1.33,3.69,1.26,2011_37_baku_baku_cup,2011_37_baku_baku_cup_2011-07-22_QF_koryttseva_m_bondarenko_k
tennis_data_uk,wta,2011,37,Baku Cup,Baku,2011-07-22,international,True,hard,QF,8,3,Pervak K.,Rezai A.,55,112,1075,605.0,2,0,6,1,6,2,,,,,,,completed,1.53,2.37,1.65,2.42,1.67,2.42,1.61,2.24,2011_37_baku_baku_cup,2011_37_baku_baku_cup_2011-07-22_QF_pervak_k_rezai_a
tennis_data_uk,wta,2011,37,Baku Cup,Baku,2011-07-22,international,True,hard,QF,8,3,Zvonareva V.,Tatishvili A.,3,93,6695,733.0,2,1,7,5,6,7,6,2,,,,,completed,1.08,7.0,1.13,7.61,1.15,7.61,1.11,6.25,2011_37_baku_baku_cup,2011_37_baku_baku_cup_2011-07-22_QF_zvonareva_v_tatishvili_a
tennis_data_uk,wta,2011,37,Baku Cup,Baku,2011-07-23,international,True,hard,SF,4,3,Zvonareva V.,Koryttseva M.,3,165,6695,357.0,2,0,6,1,6,2,,,,,,,completed,1.12,5.5,1.17,6.1,1.18,6.5,1.14,5.41,2011_37_baku_baku_cup,2011_37_baku_baku_cup_2011-07-23_SF_zvonareva_v_koryttseva_m
tennis_data_uk,wta,2011,37,Baku Cup,Baku,2011-07-23,international,True,hard,SF,4,3,Pervak K.,Voskoboeva G.,55,162,1075,364.0,2,1,1,6,6,0,6,2,,,,,completed,1.66,2.1,1.85,2.09,1.9,2.5,1.68,2.13,2011_37_baku_baku_cup,2011_37_baku_baku_cup_2011-07-23_SF_pervak_k_voskoboeva_g
tennis_data_uk,wta,2011,37,Baku Cup,Baku,2011-07-24,international,True,hard,F,2,3,Zvonareva V.,Pervak K.,3,55,6695,1075.0,2,0,6,1,6,4,,,,,,,completed,1.16,5.0,1.2,5.29,1.22,5.35,1.19,4.57,2011_37_baku_baku_cup,2011_37_baku_baku_cup_2011-07-24_F_zvonareva_v_pervak_k
tennis_data_uk,wta,2011,38,Bank of the West Classic,Stanford,2011-07-25,premier,True,hard,R32,32,3,Marino R.,Vandeweghe C.,41,99,1276,691.0,2,0,6,4,6,4,,,,,,,completed,1.4,2.75,1.45,2.93,1.5,3.01,1.42,2.74,2011_38_stanford_bank_of_the_west_classic,2011_38_stanford_bank_of_the_west_classic_2011-07-25_R32_marino_r_vandeweghe_c
tennis_data_uk,wta,2011,38,Bank of the West Classic,Stanford,2011-07-25,premier,True,hard,R32,32,3,Radwanska A.,Zahlavova Strycova B.,14,72,2995,910.0,2,0,6,1,6,2,,,,,,,completed,1.12,6.0,1.14,6.65,1.17,6.65,1.13,5.58,2011_38_stanford_bank_of_the_west_classic,2011_38_stanford_bank_of_the_west_classic_2011-07-25_R32_radwanska_a_zahlavova_strycova_b
tennis_data_uk,wta,2011,38,Bank of the West Classic,Stanford,2011-07-25,premier,True,hard,R32,32,3,Mchale C.,Lucic M.,65,93,972,731.0,2,0,6,1,6,0,,,,,,,completed,1.57,2.25,1.65,2.37,1.67,2.53,1.58,2.3,2011_38_stanford_bank_of_the_west_classic,2011_38_stanford_bank_of_the_west_classic_2011-07-25_R32_mchale_c_lucic_m
tennis_data_uk,wta,2011,38,Bank of the West Classic,Stanford,2011-07-26,premier,True,hard,R32,32,3,Cibulkova D.,Date Krumm K.,19,52,2455,1105.0,2,0,6,2,7,6,,,,,,,completed,1.28,3.5,1.28,4.03,1.34,4.03,1.28,3.45,2011_38_stanford_bank_of_the_west_classic,2011_38_stanford_bank_of_the_west_classic_2011-07-26_R32_cibulkova_d_date_krumm_k
tennis_data_uk,wta,2011,38,Bank of the West Classic,Stanford,2011-07-26,premier,True,hard,R32,32,3,Chang K.C.,Barte H.,147,959,445,13.0,2,0,7,5,6,4,,,,,,,completed,1.18,4.5,1.2,5.11,1.22,5.2,1.19,4.56,2011_38_stanford_bank_of_the_west_classic,2011_38_stanford_bank_of_the_west_classic_2011-07-26_R32_chang_k_c_barte_h
tennis_data_uk,wta,2011,38,Bank of the West Classic,Stanford,2011-07-26,premier,True,hard,R32,32,3,Erakovic M.,Arvidsson S.,121,59,564,1010.0,2,0,6,2,6,1,,,,,,,completed,1.57,2.25,1.74,2.2,1.8,2.4,1.66,2.14,2011_38_stanford_bank_of_the_west_classic,2011_38_stanford_bank_of_the_west_classic_2011-07-26_R32_erakovic_m_arvidsson_s
tennis_data_uk,wta,2011,38,Bank of the West Classic,Stanford,2011-07-26,premier,True,hard,R32,32,3,Lisicki S.,Halep S.,26,55,1886,1063.0,2,0,6,1,6,2,,,,,,,completed,1.16,5.0,1.24,4.52,1.25,5.3,1.18,4.6,2011_38_stanford_bank_of_the_west_classic,2011_38_stanford_bank_of_the_west_classic_2011-07-26_R32_lisicki_s_halep_s
tennis_data_uk,wta,2011,38,Bank of the West Classic,Stanford,2011-07-26,premier,True,hard,R32,32,3,Morita A.,Ivanovic A.,50,17,1163,2555.0,2,0,6,3,7,5,,,,,,,completed,4.0,1.22,5.11,1.2,5.11,1.27,4.23,1.2,2011_38_stanford_bank_of_the_west_classic,2011_38_stanford_bank_of_the_west_classic_2011-07-26_R32_morita_a_ivanovic_a
tennis_data_uk,wta,2011,38,Bank of the West Classic,Stanford,2011-07-26,premier,True,hard,R32,32,3,Kirilenko M.,Goerges J.,25,20,1985,2335.0,2,0,6,2,6,3,,,,,,,completed,2.1,1.66,2.19,1.75,2.25,1.85,2.05,1.71,2011_38_stanford_bank_of_the_west_classic,2011_38_stanford_bank_of_the_west_classic_2011-07-26_R32_kirilenko_m_goerges_j
tennis_data_uk,wta,2011,38,Bank of the West Classic,Stanford,2011-07-26,premier,True,hard,R32,32,3,Radwanska U.,Savchuk O.,131,132,497,496.0,2,0,6,4,6,2,,,,,,,completed,1.44,2.62,1.46,2.91,1.53,2.91,1.44,2.67,2011_38_stanford_bank_of_the_west_classic,2011_38_stanford_bank_of_the_west_classic_2011-07-26_R32_radwanska_u_savchuk_o
tennis_data_uk,wta,2011,38,Bank of the West Classic,Stanford,2011-07-26,premier,True,hard,R32,32,3,Hantuchova D.,Fujiwara R.,21,191,2195,298.0,2,0,6,0,6,2,,,,,,,completed,1.06,10.0,1.07,10.0,1.1,10.65,1.07,7.73,2011_38_stanford_bank_of_the_west_classic,2011_38_stanford_bank_of_the_west_classic_2011-07-26_R32_hantuchova_d_fujiwara_r
tennis_data_uk,wta,2011,38,Bank of the West Classic,Stanford,2011-07-27,premier,True,hard,R32,32,3,Williams S.,Rodionova An.,169,105,340,669.0,2,0,6,0,6,0,,,,,,,completed,1.07,9.0,1.08,9.94,1.08,10.4,1.06,8.08,2011_38_stanford_bank_of_the_west_classic,2011_38_stanford_bank_of_the_west_classic_2011-07-27_R32_williams_s_rodionova_an
tennis_data_uk,wta,2011,38,Bank of the West Classic,Stanford,2011-07-27,premier,True,hard,R16,16,3,Cibulkova D.,Mchale C.,19,65,2455,972.0,2,1,6,4,2,6,6,3,,,,,completed,1.36,3.0,1.47,2.9,1.47,3.25,1.38,2.89,2011_38_stanford_bank_of_the_west_classic,2011_38_stanford_bank_of_the_west_classic_2011-07-27_R16_cibulkova_d_mchale_c
tennis_data_uk,wta,2011,38,Bank of the West Classic,Stanford,2011-07-27,premier,True,hard,R16,16,3,Bartoli M.,Marino R.,9,41,4230,1276.0,2,0,6,4,6,3,,,,,,,completed,1.2,4.33,1.27,4.18,1.29,4.36,1.22,3.97,2011_38_stanford_bank_of_the_west_classic,2011_38_stanford_bank_of_the_west_classic_2011-07-27_R16_bartoli_m_marino_r
tennis_data_uk,wta,2011,38,Bank of the West Classic,Stanford,2011-07-27,premier,True,hard,R16,16,3,Radwanska A.,Chang K.C.,14,147,2995,445.0,2,1,6,4,3,6,6,0,,,,,completed,1.05,11.0,1.08,9.65,1.08,11.0,1.06,8.55,2011_38_stanford_bank_of_the_west_classic,2011_38_stanford_bank_of_the_west_classic_2011-07-27_R16_radwanska_a_chang_k_c
tennis_data_uk,wta,2011,38,Bank of the West Classic,Stanford,2011-07-28,premier,True,hard,R16,16,3,Sharapova M.,Hantuchova D.,5,21,6141,2195.0,2,1,6,2,2,6,6,4,,,,,completed,1.33,3.25,1.42,3.14,1.42,3.4,1.34,3.12,2011_38_stanford_bank_of_the_west_classic,2011_38_stanford_bank_of_the_west_classic_2011-07-28_R16_sharapova_m_hantuchova_d
tennis_data_uk,wta,2011,38,Bank of the West Classic,Stanford,2011-07-28,premier,True,hard,R16,16,3,Morita A.,Radwanska U.,50,131,1163,497.0,2,1,4,6,7,5,6,1,,,,,completed,1.5,2.5,1.64,2.42,1.65,2.5,1.57,2.32,2011_38_stanford_bank_of_the_west_classic,2011_38_stanford_bank_of_the_west_classic_2011-07-28_R16_morita_a_radwanska_u
tennis_data_uk,wta,2011,38,Bank of the West Classic,Stanford,2011-07-28,premier,True,hard,R16,16,3,Erakovic M.,Azarenka V.,121,4,564,6465.0,2,1,4,6,7,5,6,2,,,,,completed,7.0,1.1,9.5,1.09,9.52,1.1,7.47,1.08,2011_38_stanford_bank_of_the_west_classic,2011_38_stanford_bank_of_the_west_classic_2011-07-28_R16_erakovic_m_azarenka_v
tennis_data_uk,wta,2011,38,Bank of the West Classic,Stanford,2011-07-29,premier,True,hard,R16,16,3,Williams S.,Kirilenko M.,169,25,340,1985.0,2,1,6,2,3,6,6,2,,,,,completed,1.1,7.0,1.15,6.5,1.15,7.0,1.11,6.13,2011_38_stanford_bank_of_the_west_classic,2011_38_stanford_bank_of_the_west_classic_2011-07-29_R16_williams_s_kirilenko_m
tennis_data_uk,wta,2011,38,Bank of the West Classic,Stanford,2011-07-29,premier,True,hard,R16,16,3,Lisicki S.,Stosur S.,26,10,1886,3405.0,2,0,6,3,7,5,,,,,,,completed,1.66,2.1,1.77,2.18,1.8,2.25,1.7,2.07,2011_38_stanford_bank_of_the_west_classic,2011_38_stanford_bank_of_the_west_classic_2011-07-29_R16_lisicki_s_stosur_s
tennis_data_uk,wta,2011,38,Bank of the West Classic,Stanford,2011-07-29,premier,True,hard,QF,8,3,Bartoli M.,Morita A.,9,50,4230,1163.0,1,0,6,1,,,,,,,,,retired,1.12,6.0,1.16,6.31,1.18,6.02,1.15,5.05,2011_38_stanford_bank_of_the_west_classic,2011_38_stanford_bank_of_the_west_classic_2011-07-29_QF_bartoli_m_morita_a
tennis_data_uk,wta,2011,38,Bank of the West Classic,Stanford,2011-07-29,premier,True,hard,QF,8,3,Lisicki S.,Radwanska A.,26,14,1886,2995.0,2,1,7,6,2,6,6,2,,,,,completed,1.53,2.37,1.7,2.32,1.7,2.63,1.59,2.28,2011_38_stanford_bank_of_the_west_classic,2011_38_stanford_bank_of_the_west_classic_2011-07-29_QF_lisicki_s_radwanska_a
tennis_data_uk,wta,2011,38,Bank of the West Classic,Stanford,2011-07-30,premier,True,hard,QF,8,3,Cibulkova D.,Erakovic M.,19,121,2455,564.0,2,0,6,1,6,1,,,,,,,completed,1.53,2.37,1.61,2.5,1.63,2.5,1.55,2.39,2011_38_stanford_bank_of_the_west_classic,2011_38_stanford_bank_of_the_west_classic_2011-07-30_QF_cibulkova_d_erakovic_m
tennis_data_uk,wta,2011,38,Bank of the West Classic,Stanford,2011-07-30,premier,True,hard,QF,8,3,Williams S.,Sharapova M.,169,5,340,6141.0,2,0,6,1,6,3,,,,,,,completed,1.57,2.25,1.68,2.36,1.75,2.27,1.68,2.12,2011_38_stanford_bank_of_the_west_classic,2011_38_stanford_bank_of_the_west_classic_2011-07-30_QF_williams_s_sharapova_m
tennis_data_uk,wta,2011,38,Bank of the West Classic,Stanford,2011-07-30,premier,True,hard,SF,4,3,Bartoli M.,Cibulkova D.,9,19,4230,2455.0,,,,,,,,,,,,,walkover,1.5,2.5,1.57,2.62,1.63,2.65,1.52,2.47,2011_38_stanford_bank_of_the_west_classic,2011_38_stanford_bank_of_the_west_classic_2011-07-30_SF_bartoli_m_cibulkova_d
tennis_data_uk,wta,2011,38,Bank of the West Classic,Stanford,2011-07-31,premier,True,hard,SF,4,3,Williams S.,Lisicki S.,169,26,340,1886.0,2,0,6,1,6,2,,,,,,,completed,1.25,3.75,1.32,3.79,1.35,3.79,1.29,3.47,2011_38_stanford_bank_of_the_west_classic,2011_38_stanford_bank_of_the_west_classic_2011-07-31_SF_williams_s_lisicki_s
tennis_data_uk,wta,2011,38,Bank of the West Classic,Stanford,2011-07-31,premier,True,hard,F,2,3,Williams S.,Bartoli M.,169,9,340,4230.0,2,0,7,5,6,1,,,,,,,completed,1.28,3.75,1.3,4.01,1.36,4.5,1.27,3.64,2011_38_stanford_bank_of_the_west_classic,2011_38_stanford_bank_of_the_west_classic_2011-07-31_F_williams_s_bartoli_m
tennis_data_uk,wta,2011,39,Citi Open,College Park,2011-07-25,international,True,hard,R32,32,3,Baltacha E.,Shvedova Y.,57,141,1030,455.0,2,0,6,2,7,6,,,,,,,completed,1.53,2.37,1.61,2.46,1.63,2.6,1.55,2.4,2011_39_college_park_citi_open,2011_39_college_park_citi_open_2011-07-25_R32_baltacha_e_shvedova_y
tennis_data_uk,wta,2011,39,Citi Open,College Park,2011-07-25,international,True,hard,R32,32,3,Razzano V.,Doi M.,81,107,789,662.0,2,0,6,2,6,2,,,,,,,completed,1.61,2.2,1.59,2.5,1.73,2.5,1.61,2.25,2011_39_college_park_citi_open,2011_39_college_park_citi_open_2011-07-25_R32_razzano_v_doi_m
tennis_data_uk,wta,2011,39,Citi Open,College Park,2011-07-26,international,True,hard,R32,32,3,Lepchenko V.,Stephens S.,101,128,685,519.0,2,1,4,6,6,4,6,3,,,,,completed,1.44,2.62,1.63,2.4,1.65,2.6,1.55,2.4,2011_39_college_park_citi_open,2011_39_college_park_citi_open_2011-07-26_R32_lepchenko_v_stephens_s
tennis_data_uk,wta,2011,39,Citi Open,College Park,2011-07-26,international,True,hard,R32,32,3,Watson H.,Daniilidou E.,104,103,674,677.0,2,0,6,4,6,1,,,,,,,completed,1.72,2.0,1.88,2.01,2.05,2.08,1.78,1.95,2011_39_college_park_citi_open,2011_39_college_park_citi_open_2011-07-26_R32_watson_h_daniilidou_e
tennis_data_uk,wta,2011,39,Citi Open,College Park,2011-07-26,international,True,hard,R32,32,3,Dubois S.,Mirza S.,117,62,586,997.0,2,0,7,5,6,4,,,,,,,completed,2.1,1.66,2.14,1.78,2.25,1.8,2.09,1.7,2011_39_college_park_citi_open,2011_39_college_park_citi_open_2011-07-26_R32_dubois_s_mirza_s
tennis_data_uk,wta,2011,39,Citi Open,College Park,2011-07-26,international,True,hard,R32,32,3,Falconi I.,Govortsova O.,102,97,683,707.0,2,0,6,3,6,4,,,,,,,completed,2.25,1.57,2.3,1.68,2.33,1.73,2.12,1.67,2011_39_college_park_citi_open,2011_39_college_park_citi_open_2011-07-26_R32_falconi_i_govortsova_o
tennis_data_uk,wta,2011,39,Citi Open,College Park,2011-07-26,international,True,hard,R32,32,3,Brianti A.,Keothavong A.,66,94,971,730.0,2,0,6,3,6,4,,,,,,,completed,1.83,1.83,2.0,1.89,2.0,2.0,1.86,1.86,2011_39_college_park_citi_open,2011_39_college_park_citi_open_2011-07-26_R32_brianti_a_keothavong_a
tennis_data_uk,wta,2011,39,Citi Open,College Park,2011-07-26,international,True,hard,R32,32,3,Petrova N.,Mueller A.,32,432,1511,94.0,2,0,6,2,6,2,,,,,,,completed,1.07,9.0,1.08,9.43,1.12,9.43,1.08,7.23,2011_39_college_park_citi_open,2011_39_college_park_citi_open_2011-07-26_R32_petrova_n_mueller_a
tennis_data_uk,wta,2011,39,Citi Open,College Park,2011-07-26,international,True,hard,R32,32,3,Brengle M.,Czink M.,222,160,258,359.0,2,0,7,6,7,5,,,,,,,completed,2.62,1.44,2.84,1.48,2.9,1.5,2.65,1.44,2011_39_college_park_citi_open,2011_39_college_park_citi_open_2011-07-26_R32_brengle_m_czink_m
tennis_data_uk,wta,2011,39,Citi Open,College Park,2011-07-26,international,True,hard,R32,32,3,Craybas J.,Zheng J.,124,80,548,797.0,2,1,2,6,6,3,6,2,,,,,completed,3.0,1.36,3.13,1.41,3.5,1.41,3.09,1.34,2011_39_college_park_citi_open,2011_39_college_park_citi_open_2011-07-26_R32_craybas_j_zheng_j
tennis_data_uk,wta,2011,39,Citi Open,College Park,2011-07-26,international,True,hard,R32,32,3,Jovanovski B.,Rampre P.,56,221,1043,259.0,2,0,6,0,6,2,,,,,,,completed,1.3,3.4,1.32,3.69,1.32,4.0,1.28,3.52,2011_39_college_park_citi_open,2011_39_college_park_citi_open_2011-07-26_R32_jovanovski_b_rampre_p
tennis_data_uk,wta,2011,39,Citi Open,College Park,2011-07-26,international,True,hard,R32,32,3,Bouchard E.,Riske A.,364,114,127,597.0,2,0,6,3,6,2,,,,,,,completed,2.75,1.4,3.09,1.42,3.1,1.46,2.79,1.4,2011_39_college_park_citi_open,2011_39_college_park_citi_open_2011-07-26_R32_bouchard_e_riske_a
tennis_data_uk,wta,2011,39,Citi Open,College Park,2011-07-26,international,True,hard,R32,32,3,Kudryavtseva A.,Scheepers C.,75,90,825,741.0,2,1,4,6,6,4,6,2,,,,,completed,2.0,1.72,2.14,1.78,2.14,1.8,2.02,1.73,2011_39_college_park_citi_open,2011_39_college_park_citi_open_2011-07-26_R32_kudryavtseva_a_scheepers_c
tennis_data_uk,wta,2011,39,Citi Open,College Park,2011-07-26,international,True,hard,R32,32,3,Peer S.,Fuda R.,24,302,2075,172.0,2,0,6,4,6,2,,,,,,,completed,1.1,7.0,1.11,7.74,1.12,8.56,1.09,6.55,2011_39_college_park_citi_open,2011_39_college_park_citi_open_2011-07-26_R32_peer_s_fuda_r
tennis_data_uk,wta,2011,39,Citi Open,College Park,2011-07-27,international,True,hard,R32,32,3,Zhang S.,Dokic J.,85,54,770,1093.0,2,0,6,3,6,4,,,,,,,completed,2.75,1.4,2.71,1.52,3.0,1.53,2.7,1.43,2011_39_college_park_citi_open,2011_39_college_park_citi_open_2011-07-27_R32_zhang_s_dokic_j
tennis_data_uk,wta,2011,39,Citi Open,College Park,2011-07-27,international,True,hard,R32,32,3,Paszek T.,Oudin M.,42,100,1256,689.0,2,1,7,6,3,6,6,2,,,,,completed,1.33,3.25,1.31,3.78,1.36,3.84,1.31,3.24,2011_39_college_park_citi_open,2011_39_college_park_citi_open_2011-07-27_R32_paszek_t_oudin_m
tennis_data_uk,wta,2011,39,Citi Open,College Park,2011-07-27,international,True,hard,R16,16,3,Falconi I.,Zhang S.,102,85,683,770.0,1,0,6,4,,,,,,,,,retired,2.0,1.72,2.2,1.75,2.23,1.8,2.04,1.72,2011_39_college_park_citi_open,2011_39_college_park_citi_open_2011-07-27_R16_falconi_i_zhang_s
tennis_data_uk,wta,2011,39,Citi Open,College Park,2011-07-27,international,True,hard,R16,16,3,Razzano V.,Baltacha E.,81,57,789,1030.0,2,0,6,4,6,2,,,,,,,completed,1.72,2.0,1.79,2.15,1.8,2.25,1.71,2.07,2011_39_college_park_citi_open,2011_39_college_park_citi_open_2011-07-27_R16_razzano_v_baltacha_e
tennis_data_uk,wta,2011,39,Citi Open,College Park,2011-07-27,international,True,hard,R16,16,3,Petrova N.,Bouchard E.,32,364,1511,127.0,2,0,6,2,6,2,,,,,,,completed,1.08,8.0,1.13,7.11,1.13,8.0,1.08,7.11,2011_39_college_park_citi_open,2011_39_college_park_citi_open_2011-07-27_R16_petrova_n_bouchard_e
tennis_data_uk,wta,2011,39,Citi Open,College Park,2011-07-28,international,True,hard,R16,16,3,Jovanovski B.,Craybas J.,56,124,1043,548.0,2,1,6,4,5,7,6,4,,,,,completed,1.22,4.0,1.25,4.46,1.25,4.53,1.22,4.1,2011_39_college_park_citi_open,2011_39_college_park_citi_open_2011-07-28_R16_jovanovski_b_craybas_j
tennis_data_uk,wta,2011,39,Citi Open,College Park,2011-07-28,international,True,hard,R16,16,3,Brianti A.,Lepchenko V.,66,101,971,685.0,2,0,6,1,6,2,,,,,,,completed,1.61,2.2,1.85,2.07,1.85,2.2,1.72,2.05,2011_39_college_park_citi_open,2011_39_college_park_citi_open_2011-07-28_R16_brianti_a_lepchenko_v
tennis_data_uk,wta,2011,39,Citi Open,College Park,2011-07-28,international,True,hard,R16,16,3,Dubois S.,Watson H.,117,104,586,674.0,2,1,3,6,7,5,6,1,,,,,completed,2.0,1.72,2.03,1.88,2.13,1.88,1.97,1.77,2011_39_college_park_citi_open,2011_39_college_park_citi_open_2011-07-28_R16_dubois_s_watson_h
tennis_data_uk,wta,2011,39,Citi Open,College Park,2011-07-29,international,True,hard,R16,16,3,Peer S.,Kudryavtseva A.,24,75,2075,825.0,2,0,6,1,6,4,,,,,,,completed,1.22,4.0,1.28,4.09,1.28,4.22,1.23,3.86,2011_39_college_park_citi_open,2011_39_college_park_citi_open_2011-07-29_R16_peer_s_kudryavtseva_a
tennis_data_uk,wta,2011,39,Citi Open,College Park,2011-07-29,international,True,hard,R16,16,3,Paszek T.,Brengle M.,42,222,1256,258.0,2,0,6,3,6,1,,,,,,,completed,1.18,4.5,1.19,5.48,1.22,5.49,1.18,4.61,2011_39_college_park_citi_open,2011_39_college_park_citi_open_2011-07-29_R16_paszek_t_brengle_m
tennis_data_uk,wta,2011,39,Citi Open,College Park,2011-07-29,international,True,hard,QF,8,3,Peer S.,Brianti A.,24,66,2075,971.0,2,0,6,1,6,2,,,,,,,completed,1.25,3.75,1.32,3.79,1.32,3.85,1.28,3.49,2011_39_college_park_citi_open,2011_39_college_park_citi_open_2011-07-29_QF_peer_s_brianti_a
tennis_data_uk,wta,2011,39,Citi Open,College Park,2011-07-29,international,True,hard,QF,8,3,Falconi I.,Razzano V.,102,81,683,789.0,2,0,6,4,6,3,,,,,,,completed,3.0,1.36,3.28,1.4,3.4,1.5,2.81,1.41,2011_39_college_park_citi_open,2011_39_college_park_citi_open_2011-07-29_QF_falconi_i_razzano_v
tennis_data_uk,wta,2011,39,Citi Open,College Park,2011-07-29,international,True,hard,QF,8,3,Paszek T.,Dubois S.,42,117,1256,586.0,2,1,5,7,6,4,7,6,,,,,completed,1.33,3.25,1.38,3.43,1.4,3.43,1.35,3.06,2011_39_college_park_citi_open,2011_39_college_park_citi_open_2011-07-29_QF_paszek_t_dubois_s
tennis_data_uk,wta,2011,39,Citi Open,College Park,2011-07-30,international,True,hard,QF,8,3,Petrova N.,Jovanovski B.,32,56,1511,1043.0,2,0,7,6,7,5,,,,,,,completed,1.4,2.75,1.41,3.2,1.44,3.2,1.41,2.88,2011_39_college_park_citi_open,2011_39_college_park_citi_open_2011-07-30_QF_petrova_n_jovanovski_b
tennis_data_uk,wta,2011,39,Citi Open,College Park,2011-07-30,international,True,hard,SF,4,3,Peer S.,Paszek T.,24,42,2075,1256.0,2,1,3,6,7,6,6,4,,,,,completed,1.33,3.25,1.34,3.67,1.45,3.67,1.35,3.11,2011_39_college_park_citi_open,2011_39_college_park_citi_open_2011-07-30_SF_peer_s_paszek_t
tennis_data_uk,wta,2011,39,Citi Open,College Park,2011-07-30,international,True,hard,SF,4,3,Petrova N.,Falconi I.,32,102,1511,683.0,2,1,1,6,6,1,6,3,,,,,completed,1.18,4.5,1.24,4.64,1.28,4.64,1.21,4.12,2011_39_college_park_citi_open,2011_39_college_park_citi_open_2011-07-30_SF_petrova_n_falconi_i
tennis_data_uk,wta,2011,39,Citi Open,College Park,2011-07-31,international,True,hard,F,2,3,Petrova N.,Peer S.,32,24,1511,2075.0,2,0,7,5,6,2,,,,,,,completed,1.61,2.25,1.66,2.39,1.7,2.45,1.62,2.22,2011_39_college_park_citi_open,2011_39_college_park_citi_open_2011-07-31_F_petrova_n_peer_s
tennis_data_uk,wta,2011,40,Mercury Insurance Open,Carlsbad,2011-08-01,premier,True,hard,R64,64,3,Zheng J.,Lucic M.,83,97,797,721.0,2,1,5,7,6,2,7,6,,,,,completed,1.57,2.25,1.7,2.26,1.73,2.33,1.63,2.2,2011_40_carlsbad_mercury_insurance_open,2011_40_carlsbad_mercury_insurance_open_2011-08-01_R64_zheng_j_lucic_m
tennis_data_uk,wta,2011,40,Mercury Insurance Open,Carlsbad,2011-08-01,premier,True,hard,R64,64,3,Glatch A.,Makarova E.,155,42,403,1270.0,2,0,6,1,6,2,,,,,,,completed,3.25,1.33,3.58,1.33,3.58,1.36,3.26,1.31,2011_40_carlsbad_mercury_insurance_open,2011_40_carlsbad_mercury_insurance_open_2011-08-01_R64_glatch_a_makarova_e
tennis_data_uk,wta,2011,40,Mercury Insurance Open,Carlsbad,2011-08-01,premier,True,hard,R64,64,3,Arvidsson S.,Weinhold A.,57,209,1010,274.0,2,0,6,3,6,1,,,,,,,completed,1.28,3.5,1.33,3.58,1.35,3.79,1.3,3.41,2011_40_carlsbad_mercury_insurance_open,2011_40_carlsbad_mercury_insurance_open_2011-08-01_R64_arvidsson_s_weinhold_a
tennis_data_uk,wta,2011,40,Mercury Insurance Open,Carlsbad,2011-08-01,premier,True,hard,R64,64,3,Baltacha E.,Oudin M.,60,111,990,641.0,2,0,6,0,6,1,,,,,,,completed,1.53,2.37,1.61,2.44,1.68,2.53,1.6,2.25,2011_40_carlsbad_mercury_insurance_open,2011_40_carlsbad_mercury_insurance_open_2011-08-01_R64_baltacha_e_oudin_m
tennis_data_uk,wta,2011,40,Mercury Insurance Open,Carlsbad,2011-08-01,premier,True,hard,R64,64,3,Craybas J.,Pelletier M.E.,125,352,568,136.0,2,0,6,1,6,1,,,,,,,completed,1.36,3.0,1.45,2.93,1.45,3.25,1.38,2.93,2011_40_carlsbad_mercury_insurance_open,2011_40_carlsbad_mercury_insurance_open_2011-08-01_R64_craybas_j_pelletier_m_e
tennis_data_uk,wta,2011,40,Mercury Insurance Open,Carlsbad,2011-08-01,premier,True,hard,R64,64,3,Dushevina V.,Rezai A.,67,110,945,645.0,2,1,4,6,6,3,6,4,,,,,completed,1.53,2.37,1.65,2.37,1.8,2.5,1.59,2.26,2011_40_carlsbad_mercury_insurance_open,2011_40_carlsbad_mercury_insurance_open_2011-08-01_R64_dushevina_v_rezai_a
tennis_data_uk,wta,2011,40,Mercury Insurance Open,Carlsbad,2011-08-01,premier,True,hard,R64,64,3,Hercog P.,Grandin N.,40,764,1335,24.0,2,1,7,6,2,6,6,4,,,,,completed,1.08,8.0,1.09,8.43,1.14,8.43,1.09,6.64,2011_40_carlsbad_mercury_insurance_open,2011_40_carlsbad_mercury_insurance_open_2011-08-01_R64_hercog_p_grandin_n
tennis_data_uk,wta,2011,40,Mercury Insurance Open,Carlsbad,2011-08-01,premier,True,hard,R64,64,3,Razzano V.,Hradecka L.,73,48,858,1181.0,2,1,6,7,7,6,6,1,,,,,completed,1.66,2.1,1.67,2.33,1.87,2.3,1.69,2.07,2011_40_carlsbad_mercury_insurance_open,2011_40_carlsbad_mercury_insurance_open_2011-08-01_R64_razzano_v_hradecka_l
tennis_data_uk,wta,2011,40,Mercury Insurance Open,Carlsbad,2011-08-01,premier,True,hard,R64,64,3,Vinci R.,Jovanovski B.,23,53,2195,1083.0,2,1,3,6,6,4,6,1,,,,,completed,1.57,2.25,1.57,2.55,1.66,2.61,1.59,2.32,2011_40_carlsbad_mercury_insurance_open,2011_40_carlsbad_mercury_insurance_open_2011-08-01_R64_vinci_r_jovanovski_b
tennis_data_uk,wta,2011,40,Mercury Insurance Open,Carlsbad,2011-08-02,premier,True,hard,R64,64,3,King V.,Fujiwara R.,92,188,746,304.0,2,1,6,1,4,6,7,5,,,,,completed,1.44,2.62,1.44,2.97,1.65,2.97,1.44,2.71,2011_40_carlsbad_mercury_insurance_open,2011_40_carlsbad_mercury_insurance_open_2011-08-02_R64_king_v_fujiwara_r
tennis_data_uk,wta,2011,40,Mercury Insurance Open,Carlsbad,2011-08-02,premier,True,hard,R64,64,3,Vandeweghe C.,Cirstea S.,102,84,691,785.0,2,1,7,5,6,7,6,3,,,,,completed,1.9,1.8,2.03,1.86,2.03,1.91,1.91,1.82,2011_40_carlsbad_mercury_insurance_open,2011_40_carlsbad_mercury_insurance_open_2011-08-02_R64_vandeweghe_c_cirstea_s
tennis_data_uk,wta,2011,40,Mercury Insurance Open,Carlsbad,2011-08-02,premier,True,hard,R64,64,3,Mchale C.,Scandalis Z.G.,66,960,952,13.0,2,0,6,0,6,0,,,,,,,completed,1.06,10.0,1.07,10.41,1.09,13.0,1.06,8.58,2011_40_carlsbad_mercury_insurance_open,2011_40_carlsbad_mercury_insurance_open_2011-08-02_R64_mchale_c_scandalis_z_g
tennis_data_uk,wta,2011,40,Mercury Insurance Open,Carlsbad,2011-08-02,premier,True,hard,R64,64,3,Date Krumm K.,Dulko G.,54,52,1075,1099.0,2,0,7,5,6,0,,,,,,,completed,1.53,2.37,1.61,2.45,1.65,2.5,1.57,2.33,2011_40_carlsbad_mercury_insurance_open,2011_40_carlsbad_mercury_insurance_open_2011-08-02_R64_date_krumm_k_dulko_g
tennis_data_uk,wta,2011,40,Mercury Insurance Open,Carlsbad,2011-08-02,premier,True,hard,R64,64,3,Paszek T.,Halep S.,36,55,1380,1063.0,2,1,0,6,6,4,7,5,,,,,completed,1.36,3.0,1.43,3.02,1.43,3.2,1.38,2.91,2011_40_carlsbad_mercury_insurance_open,2011_40_carlsbad_mercury_insurance_open_2011-08-02_R64_paszek_t_halep_s
tennis_data_uk,wta,2011,40,Mercury Insurance Open,Carlsbad,2011-08-02,premier,True,hard,R64,64,3,Morita A.,Dokic J.,43,62,1253,984.0,2,1,6,1,4,6,7,5,,,,,completed,1.9,1.8,1.99,1.9,2.0,1.98,1.88,1.85,2011_40_carlsbad_mercury_insurance_open,2011_40_carlsbad_mercury_insurance_open_2011-08-02_R64_morita_a_dokic_j
tennis_data_uk,wta,2011,40,Mercury Insurance Open,Carlsbad,2011-08-02,premier,True,hard,R64,64,3,Brianti A.,Pennetta F.,56,24,1021,2140.0,2,1,1,6,6,2,6,2,,,,,completed,3.5,1.28,3.58,1.33,3.84,1.33,3.49,1.28,2011_40_carlsbad_mercury_insurance_open,2011_40_carlsbad_mercury_insurance_open_2011-08-02_R64_brianti_a_pennetta_f
tennis_data_uk,wta,2011,40,Mercury Insurance Open,Carlsbad,2011-08-02,premier,True,hard,R64,64,3,Kirilenko M.,Marino R.,26,41,1925,1322.0,2,0,6,3,6,2,,,,,,,completed,1.3,3.4,1.33,3.58,1.4,3.63,1.32,3.19,2011_40_carlsbad_mercury_insurance_open,2011_40_carlsbad_mercury_insurance_open_2011-08-02_R64_kirilenko_m_marino_r
tennis_data_uk,wta,2011,40,Mercury Insurance Open,Carlsbad,2011-08-02,premier,True,hard,R64,64,3,Erakovic M.,Vesnina E.,100,39,703,1340.0,2,0,6,1,6,2,,,,,,,completed,1.66,2.1,1.71,2.24,1.8,2.28,1.69,2.08,2011_40_carlsbad_mercury_insurance_open,2011_40_carlsbad_mercury_insurance_open_2011-08-02_R64_erakovic_m_vesnina_e
tennis_data_uk,wta,2011,40,Mercury Insurance Open,Carlsbad,2011-08-02,premier,True,hard,R64,64,3,Rodionova An.,Govortsova O.,115,109,600,648.0,2,1,7,6,2,6,6,3,,,,,completed,2.25,1.57,2.23,1.72,2.3,1.73,2.17,1.65,2011_40_carlsbad_mercury_insurance_open,2011_40_carlsbad_mercury_insurance_open_2011-08-02_R64_rodionova_an_govortsova_o
tennis_data_uk,wta,2011,40,Mercury Insurance Open,Carlsbad,2011-08-02,premier,True,hard,R64,64,3,Errani S.,Mirza S.,35,64,1420,964.0,2,0,6,2,6,3,,,,,,,completed,1.44,2.62,1.43,3.01,1.5,3.01,1.44,2.68,2011_40_carlsbad_mercury_insurance_open,2011_40_carlsbad_mercury_insurance_open_2011-08-02_R64_errani_s_mirza_s
tennis_data_uk,wta,2011,40,Mercury Insurance Open,Carlsbad,2011-08-02,premier,True,hard,R64,64,3,Lisicki S.,Arn G.,25,71,2085,925.0,2,0,6,0,6,2,,,,,,,completed,1.11,6.5,1.15,6.36,1.15,6.5,1.12,5.7,2011_40_carlsbad_mercury_insurance_open,2011_40_carlsbad_mercury_insurance_open_2011-08-02_R64_lisicki_s_arn_g
tennis_data_uk,wta,2011,40,Mercury Insurance Open,Carlsbad,2011-08-02,premier,True,hard,R64,64,3,Stephens S.,Zhang S.,131,88,519,770.0,2,0,6,4,6,2,,,,,,,completed,2.25,1.57,2.5,1.59,2.5,1.67,2.3,1.58,2011_40_carlsbad_mercury_insurance_open,2011_40_carlsbad_mercury_insurance_open_2011-08-02_R64_stephens_s_zhang_s
tennis_data_uk,wta,2011,40,Mercury Insurance Open,Carlsbad,2011-08-02,premier,True,hard,R64,64,3,Zahlavova Strycova B.,Scheepers C.,72,94,910,741.0,2,1,6,4,1,6,7,5,,,,,completed,1.4,2.75,1.46,2.9,1.46,3.11,1.42,2.77,2011_40_carlsbad_mercury_insurance_open,2011_40_carlsbad_mercury_insurance_open_2011-08-02_R64_zahlavova_strycova_b_scheepers_c
tennis_data_uk,wta,2011,40,Mercury Insurance Open,Carlsbad,2011-08-03,premier,True,hard,R64,64,3,Kudryavtseva A.,Gajdosova J.,76,29,835,1760.0,2,0,6,3,6,2,,,,,,,completed,4.0,1.22,4.14,1.27,4.7,1.28,3.84,1.24,2011_40_carlsbad_mercury_insurance_open,2011_40_carlsbad_mercury_insurance_open_2011-08-03_R64_kudryavtseva_a_gajdosova_j
tennis_data_uk,wta,2011,40,Mercury Insurance Open,Carlsbad,2011-08-02,premier,True,hard,R32,32,3,Radwanska A.,Baltacha E.,13,60,2915,990.0,2,0,6,0,7,6,,,,,,,completed,1.14,5.5,1.22,4.9,1.22,5.7,1.15,5.0,2011_40_carlsbad_mercury_insurance_open,2011_40_carlsbad_mercury_insurance_open_2011-08-02_R32_radwanska_a_baltacha_e
tennis_data_uk,wta,2011,40,Mercury Insurance Open,Carlsbad,2011-08-03,premier,True,hard,R32,32,3,Zvonareva V.,Craybas J.,3,125,6850,568.0,2,0,6,4,7,5,,,,,,,completed,1.03,15.0,1.06,14.98,1.06,15.0,1.04,9.96,2011_40_carlsbad_mercury_insurance_open,2011_40_carlsbad_mercury_insurance_open_2011-08-03_R32_zvonareva_v_craybas_j
tennis_data_uk,wta,2011,40,Mercury Insurance Open,Carlsbad,2011-08-03,premier,True,hard,R32,32,3,Petkovic A.,Glatch A.,11,155,3245,403.0,2,0,6,3,6,4,,,,,,,completed,1.16,5.0,1.19,5.35,1.2,5.5,1.16,4.77,2011_40_carlsbad_mercury_insurance_open,2011_40_carlsbad_mercury_insurance_open_2011-08-03_R32_petkovic_a_glatch_a
tennis_data_uk,wta,2011,40,Mercury Insurance Open,Carlsbad,2011-08-03,premier,True,hard,R32,32,3,Brianti A.,Arvidsson S.,56,57,1021,1010.0,2,1,0,6,7,6,7,6,,,,,completed,1.66,2.1,1.75,2.2,1.83,2.23,1.71,2.06,2011_40_carlsbad_mercury_insurance_open,2011_40_carlsbad_mercury_insurance_open_2011-08-03_R32_brianti_a_arvidsson_s
tennis_data_uk,wta,2011,40,Mercury Insurance Open,Carlsbad,2011-08-03,premier,True,hard,R32,32,3,Dushevina V.,Hercog P.,67,40,945,1335.0,2,1,4,6,6,1,6,4,,,,,completed,1.66,2.1,1.7,2.29,1.75,2.26,1.68,2.1,2011_40_carlsbad_mercury_insurance_open,2011_40_carlsbad_mercury_insurance_open_2011-08-03_R32_dushevina_v_hercog_p
tennis_data_uk,wta,2011,40,Mercury Insurance Open,Carlsbad,2011-08-03,premier,True,hard,R32,32,3,Razzano V.,Erakovic M.,73,100,858,703.0,2,0,6,1,6,3,,,,,,,completed,2.1,1.66,2.32,1.68,2.33,1.7,2.17,1.64,2011_40_carlsbad_mercury_insurance_open,2011_40_carlsbad_mercury_insurance_open_2011-08-03_R32_razzano_v_erakovic_m
tennis_data_uk,wta,2011,40,Mercury Insurance Open,Carlsbad,2011-08-03,premier,True,hard,R32,32,3,Stephens S.,Goerges J.,131,20,519,2335.0,2,0,6,3,7,5,,,,,,,completed,3.5,1.28,3.81,1.31,3.94,1.33,3.5,1.28,2011_40_carlsbad_mercury_insurance_open,2011_40_carlsbad_mercury_insurance_open_2011-08-03_R32_stephens_s_goerges_j
tennis_data_uk,wta,2011,40,Mercury Insurance Open,Carlsbad,2011-08-03,premier,True,hard,R32,32,3,Zheng J.,Vinci R.,83,23,797,2195.0,2,0,6,4,6,2,,,,,,,completed,3.25,1.33,3.81,1.31,3.81,1.36,3.24,1.32,2011_40_carlsbad_mercury_insurance_open,2011_40_carlsbad_mercury_insurance_open_2011-08-03_R32_zheng_j_vinci_r
tennis_data_uk,wta,2011,40,Mercury Insurance Open,Carlsbad,2011-08-03,premier,True,hard,R32,32,3,Hantuchova D.,Zahlavova Strycova B.,22,72,2195,910.0,2,0,6,1,6,3,,,,,,,completed,1.16,5.0,1.19,5.42,1.22,5.42,1.19,4.5,2011_40_carlsbad_mercury_insurance_open,2011_40_carlsbad_mercury_insurance_open_2011-08-03_R32_hantuchova_d_zahlavova_strycova_b
tennis_data_uk,wta,2011,40,Mercury Insurance Open,Carlsbad,2011-08-03,premier,True,hard,R32,32,3,Peng S.,Rodionova An.,17,115,2580,600.0,2,0,6,1,6,3,,,,,,,completed,1.12,6.0,1.15,6.34,1.18,6.5,1.12,5.72,2011_40_carlsbad_mercury_insurance_open,2011_40_carlsbad_mercury_insurance_open_2011-08-03_R32_peng_s_rodionova_an
tennis_data_uk,wta,2011,40,Mercury Insurance Open,Carlsbad,2011-08-03,premier,True,hard,R32,32,3,Mchale C.,Kudryavtseva A.,66,76,952,835.0,1,0,6,2,3,1,,,,,,,retired,1.33,3.25,1.4,3.22,1.45,3.4,1.38,2.9,2011_40_carlsbad_mercury_insurance_open,2011_40_carlsbad_mercury_insurance_open_2011-08-03_R32_mchale_c_kudryavtseva_a
tennis_data_uk,wta,2011,40,Mercury Insurance Open,Carlsbad,2011-08-03,premier,True,hard,R32,32,3,Errani S.,King V.,35,92,1420,746.0,2,0,6,3,6,2,,,,,,,completed,1.28,3.5,1.31,3.81,1.33,3.81,1.3,3.37,2011_40_carlsbad_mercury_insurance_open,2011_40_carlsbad_mercury_insurance_open_2011-08-03_R32_errani_s_king_v
tennis_data_uk,wta,2011,40,Mercury Insurance Open,Carlsbad,2011-08-03,premier,True,hard,R32,32,3,Ivanovic A.,Morita A.,18,43,2555,1253.0,2,0,6,1,7,6,,,,,,,completed,1.33,3.25,1.38,3.35,1.44,3.25,1.36,3.0,2011_40_carlsbad_mercury_insurance_open,2011_40_carlsbad_mercury_insurance_open_2011-08-03_R32_ivanovic_a_morita_a
tennis_data_uk,wta,2011,40,Mercury Insurance Open,Carlsbad,2011-08-03,premier,True,hard,R32,32,3,Paszek T.,Kirilenko M.,36,26,1380,1925.0,,,,,,,,,,,,,walkover,2.75,1.4,3.18,1.41,2.96,1.45,2.79,1.42,2011_40_carlsbad_mercury_insurance_open,2011_40_carlsbad_mercury_insurance_open_2011-08-03_R32_paszek_t_kirilenko_m
tennis_data_uk,wta,2011,40,Mercury Insurance Open,Carlsbad,2011-08-03,premier,True,hard,R32,32,3,Vandeweghe C.,Savchuk O.,102,148,691,436.0,2,1,6,7,6,4,6,3,,,,,completed,1.33,3.25,1.34,3.59,1.4,3.59,1.34,3.15,2011_40_carlsbad_mercury_insurance_open,2011_40_carlsbad_mercury_insurance_open_2011-08-03_R32_vandeweghe_c_savchuk_o
tennis_data_uk,wta,2011,40,Mercury Insurance Open,Carlsbad,2011-08-04,premier,True,hard,R32,32,3,Lisicki S.,Date Krumm K.,25,54,2085,1075.0,2,0,6,1,6,2,,,,,,,completed,1.12,6.0,1.15,6.4,1.17,6.4,1.14,5.26,2011_40_carlsbad_mercury_insurance_open,2011_40_carlsbad_mercury_insurance_open_2011-08-04_R32_lisicki_s_date_krumm_k
tennis_data_uk,wta,2011,40,Mercury Insurance Open,Carlsbad,2011-08-04,premier,True,hard,R16,16,3,Radwanska A.,Mchale C.,13,66,2915,952.0,2,0,6,1,6,0,,,,,,,completed,1.25,3.75,1.27,4.18,1.29,4.4,1.24,3.79,2011_40_carlsbad_mercury_insurance_open,2011_40_carlsbad_mercury_insurance_open_2011-08-04_R16_radwanska_a_mchale_c
tennis_data_uk,wta,2011,40,Mercury Insurance Open,Carlsbad,2011-08-04,premier,True,hard,R16,16,3,Petkovic A.,Razzano V.,11,73,3245,858.0,1,0,6,2,3,0,,,,,,,retired,1.3,3.4,1.36,3.48,1.4,3.56,1.32,3.2,2011_40_carlsbad_mercury_insurance_open,2011_40_carlsbad_mercury_insurance_open_2011-08-04_R16_petkovic_a_razzano_v
tennis_data_uk,wta,2011,40,Mercury Insurance Open,Carlsbad,2011-08-04,premier,True,hard,R16,16,3,Zvonareva V.,Dushevina V.,3,67,6850,945.0,2,0,6,3,6,0,,,,,,,completed,1.12,6.0,1.18,5.72,1.18,6.0,1.15,5.11,2011_40_carlsbad_mercury_insurance_open,2011_40_carlsbad_mercury_insurance_open_2011-08-04_R16_zvonareva_v_dushevina_v
tennis_data_uk,wta,2011,40,Mercury Insurance Open,Carlsbad,2011-08-04,premier,True,hard,R16,16,3,Hantuchova D.,Zheng J.,22,83,2195,797.0,2,1,6,2,4,6,6,4,,,,,completed,1.14,5.5,1.16,6.16,1.2,6.3,1.15,5.04,2011_40_carlsbad_mercury_insurance_open,2011_40_carlsbad_mercury_insurance_open_2011-08-04_R16_hantuchova_d_zheng_j
tennis_data_uk,wta,2011,40,Mercury Insurance Open,Carlsbad,2011-08-04,premier,True,hard,R16,16,3,Peng S.,Errani S.,17,35,2580,1420.0,2,1,4,6,6,2,7,6,,,,,completed,1.36,3.0,1.45,2.97,1.46,3.25,1.38,2.91,2011_40_carlsbad_mercury_insurance_open,2011_40_carlsbad_mercury_insurance_open_2011-08-04_R16_peng_s_errani_s
tennis_data_uk,wta,2011,40,Mercury Insurance Open,Carlsbad,2011-08-04,premier,True,hard,R16,16,3,Ivanovic A.,Brianti A.,18,56,2555,1021.0,2,0,6,1,6,2,,,,,,,completed,1.16,5.0,1.2,5.2,1.21,5.3,1.18,4.59,2011_40_carlsbad_mercury_insurance_open,2011_40_carlsbad_mercury_insurance_open_2011-08-04_R16_ivanovic_a_brianti_a
tennis_data_uk,wta,2011,40,Mercury Insurance Open,Carlsbad,2011-08-04,premier,True,hard,R16,16,3,Stephens S.,Paszek T.,131,36,519,1380.0,0,0,5,3,,,,,,,,,retired,2.62,1.44,2.62,1.56,2.75,1.56,2.58,1.48,2011_40_carlsbad_mercury_insurance_open,2011_40_carlsbad_mercury_insurance_open_2011-08-04_R16_stephens_s_paszek_t
tennis_data_uk,wta,2011,40,Mercury Insurance Open,Carlsbad,2011-08-05,premier,True,hard,R16,16,3,Lisicki S.,Vandeweghe C.,25,102,2085,691.0,2,0,6,4,6,3,,,,,,,completed,1.07,9.0,1.08,9.65,1.11,10.0,1.07,7.42,2011_40_carlsbad_mercury_insurance_open,2011_40_carlsbad_mercury_insurance_open_2011-08-05_R16_lisicki_s_vandeweghe_c
tennis_data_uk,wta,2011,40,Mercury Insurance Open,Carlsbad,2011-08-05,premier,True,hard,QF,8,3,Radwanska A.,Hantuchova D.,13,22,2915,2195.0,2,1,0,6,6,4,6,4,,,,,completed,1.44,2.62,1.58,2.58,1.57,2.85,1.51,2.48,2011_40_carlsbad_mercury_insurance_open,2011_40_carlsbad_mercury_insurance_open_2011-08-05_QF_radwanska_a_hantuchova_d
tennis_data_uk,wta,2011,40,Mercury Insurance Open,Carlsbad,2011-08-05,premier,True,hard,QF,8,3,Petkovic A.,Stephens S.,11,131,3245,519.0,2,0,6,2,6,1,,,,,,,completed,1.14,5.5,1.21,5.17,1.21,5.75,1.16,4.92,2011_40_carlsbad_mercury_insurance_open,2011_40_carlsbad_mercury_insurance_open_2011-08-05_QF_petkovic_a_stephens_s
tennis_data_uk,wta,2011,40,Mercury Insurance Open,Carlsbad,2011-08-06,premier,True,hard,QF,8,3,Zvonareva V.,Lisicki S.,3,25,6850,2085.0,2,1,6,3,3,6,6,4,,,,,completed,1.72,2.0,1.8,2.15,1.82,2.2,1.74,2.02,2011_40_carlsbad_mercury_insurance_open,2011_40_carlsbad_mercury_insurance_open_2011-08-06_QF_zvonareva_v_lisicki_s
tennis_data_uk,wta,2011,40,Mercury Insurance Open,Carlsbad,2011-08-06,premier,True,hard,QF,8,3,Ivanovic A.,Peng S.,18,17,2555,2580.0,2,0,6,4,6,2,,,,,,,completed,1.66,2.1,1.97,1.95,1.97,2.11,1.79,1.97,2011_40_carlsbad_mercury_insurance_open,2011_40_carlsbad_mercury_insurance_open_2011-08-06_QF_ivanovic_a_peng_s
tennis_data_uk,wta,2011,40,Mercury Insurance Open,Carlsbad,2011-08-06,premier,True,hard,SF,4,3,Radwanska A.,Petkovic A.,13,11,2915,3245.0,2,1,4,6,6,0,6,4,,,,,completed,2.1,1.66,2.3,1.71,2.3,1.8,2.13,1.66,2011_40_carlsbad_mercury_insurance_open,2011_40_carlsbad_mercury_insurance_open_2011-08-06_SF_radwanska_a_petkovic_a
tennis_data_uk,wta,2011,40,Mercury Insurance Open,Carlsbad,2011-08-07,premier,True,hard,SF,4,3,Zvonareva V.,Ivanovic A.,3,18,6850,2555.0,2,1,5,7,6,4,6,4,,,,,completed,1.5,2.5,1.58,2.57,1.58,2.8,1.51,2.49,2011_40_carlsbad_mercury_insurance_open,2011_40_carlsbad_mercury_insurance_open_2011-08-07_SF_zvonareva_v_ivanovic_a
tennis_data_uk,wta,2011,40,Mercury Insurance Open,Carlsbad,2011-08-07,premier,True,hard,F,2,3,Radwanska A.,Zvonareva V.,13,3,2915,6850.0,2,0,6,3,6,4,,,,,,,completed,2.75,1.4,2.87,1.49,2.88,1.51,2.64,1.46,2011_40_carlsbad_mercury_insurance_open,2011_40_carlsbad_mercury_insurance_open_2011-08-07_F_radwanska_a_zvonareva_v
tennis_data_uk,wta,2011,41,Rogers Cup,Toronto,2011-08-08,premier,True,hard,R64,64,3,Stosur S.,Morita A.,11,42,3215,1253.0,2,1,4,6,6,2,6,3,,,,,completed,1.2,4.33,1.26,4.25,1.27,4.68,1.23,3.98,2011_41_toronto_rogers_cup,2011_41_toronto_rogers_cup_2011-08-08_R64_stosur_s_morita_a
tennis_data_uk,wta,2011,41,Rogers Cup,Toronto,2011-08-08,premier,True,hard,R64,64,3,Petrova N.,Gajdosova J.,28,29,1790,1760.0,2,0,6,1,6,2,,,,,,,completed,1.33,3.25,1.38,3.27,1.43,3.3,1.36,3.0,2011_41_toronto_rogers_cup,2011_41_toronto_rogers_cup_2011-08-08_R64_petrova_n_gajdosova_j
tennis_data_uk,wta,2011,41,Rogers Cup,Toronto,2011-08-08,premier,True,hard,R64,64,3,Safarova L.,Hercog P.,32,40,1570,1305.0,2,1,6,3,4,6,6,3,,,,,completed,1.72,2.0,1.87,2.02,2.0,2.1,1.79,1.97,2011_41_toronto_rogers_cup,2011_41_toronto_rogers_cup_2011-08-08_R64_safarova_l_hercog_p
tennis_data_uk,wta,2011,41,Rogers Cup,Toronto,2011-08-08,premier,True,hard,R64,64,3,Arn G.,Zakopalova K.,69,43,925,1235.0,2,0,6,3,6,1,,,,,,,completed,1.61,2.2,1.68,2.31,1.73,2.38,1.65,2.17,2011_41_toronto_rogers_cup,2011_41_toronto_rogers_cup_2011-08-08_R64_arn_g_zakopalova_k
tennis_data_uk,wta,2011,41,Rogers Cup,Toronto,2011-08-08,premier,True,hard,R64,64,3,Voskoboeva G.,Bartoli M.,135,9,512,4425.0,2,0,6,3,6,3,,,,,,,completed,7.0,1.1,7.59,1.11,8.0,1.13,6.43,1.1,2011_41_toronto_rogers_cup,2011_41_toronto_rogers_cup_2011-08-08_R64_voskoboeva_g_bartoli_m
tennis_data_uk,wta,2011,41,Rogers Cup,Toronto,2011-08-08,premier,True,hard,R64,64,3,Zheng J.,Brianti A.,82,56,797,1061.0,2,0,6,2,6,1,,,,,,,completed,1.53,2.37,1.65,2.37,1.68,2.45,1.59,2.28,2011_41_toronto_rogers_cup,2011_41_toronto_rogers_cup_2011-08-08_R64_zheng_j_brianti_a
tennis_data_uk,wta,2011,41,Rogers Cup,Toronto,2011-08-08,premier,True,hard,R64,64,3,Halep S.,Kuznetsova S.,55,15,1063,2751.0,2,1,4,6,6,4,6,3,,,,,completed,3.25,1.33,3.26,1.38,3.6,1.39,3.27,1.32,2011_41_toronto_rogers_cup,2011_41_toronto_rogers_cup_2011-08-08_R64_halep_s_kuznetsova_s
tennis_data_uk,wta,2011,41,Rogers Cup,Toronto,2011-08-08,premier,True,hard,R64,64,3,Martinez-Sanchez M.J.,Pavlyuchenkova A.,37,13,1351,2775.0,2,1,3,6,6,4,6,1,,,,,completed,2.2,1.61,2.27,1.69,2.38,1.72,2.19,1.64,2011_41_toronto_rogers_cup,2011_41_toronto_rogers_cup_2011-08-08_R64_martinez_sanchez_m_j_pavlyuchenkova_a
tennis_data_uk,wta,2011,41,Rogers Cup,Toronto,2011-08-09,premier,True,hard,R64,64,3,Goerges J.,Jankovic J.,20,14,2295,2775.0,2,0,6,1,6,3,,,,,,,completed,2.75,1.4,3.01,1.43,3.01,1.5,2.72,1.43,2011_41_toronto_rogers_cup,2011_41_toronto_rogers_cup_2011-08-09_R64_goerges_j_jankovic_j
tennis_data_uk,wta,2011,41,Rogers Cup,Toronto,2011-08-09,premier,True,hard,R64,64,3,Makarova E.,Marino R.,41,39,1270,1322.0,2,0,7,6,6,4,,,,,,,completed,2.0,1.72,2.1,1.81,2.19,1.83,2.04,1.72,2011_41_toronto_rogers_cup,2011_41_toronto_rogers_cup_2011-08-09_R64_makarova_e_marino_r
tennis_data_uk,wta,2011,41,Rogers Cup,Toronto,2011-08-09,premier,True,hard,R64,64,3,Petkovic A.,Bouchard E.,10,351,3375,133.0,2,0,6,2,6,2,,,,,,,completed,1.04,13.0,1.02,16.0,1.05,16.19,1.03,11.68,2011_41_toronto_rogers_cup,2011_41_toronto_rogers_cup_2011-08-09_R64_petkovic_a_bouchard_e
tennis_data_uk,wta,2011,41,Rogers Cup,Toronto,2011-08-09,premier,True,hard,R64,64,3,Hantuchova D.,Dulko G.,24,52,2115,1099.0,2,0,6,3,6,4,,,,,,,completed,1.14,5.5,1.16,5.95,1.18,6.16,1.14,5.26,2011_41_toronto_rogers_cup,2011_41_toronto_rogers_cup_2011-08-09_R64_hantuchova_d_dulko_g
tennis_data_uk,wta,2011,41,Rogers Cup,Toronto,2011-08-09,premier,True,hard,R64,64,3,Pennetta F.,Kirilenko M.,25,26,2060,1905.0,2,0,6,3,6,1,,,,,,,completed,1.83,1.83,1.93,1.96,2.05,1.96,1.87,1.87,2011_41_toronto_rogers_cup,2011_41_toronto_rogers_cup_2011-08-09_R64_pennetta_f_kirilenko_m
tennis_data_uk,wta,2011,41,Rogers Cup,Toronto,2011-08-09,premier,True,hard,R64,64,3,Medina Garrigues A.,Errani S.,33,36,1500,1420.0,2,0,7,5,6,1,,,,,,,completed,2.75,1.4,2.89,1.47,2.89,1.53,2.64,1.46,2011_41_toronto_rogers_cup,2011_41_toronto_rogers_cup_2011-08-09_R64_medina_garrigues_a_errani_s
tennis_data_uk,wta,2011,41,Rogers Cup,Toronto,2011-08-09,premier,True,hard,R64,64,3,Vinci R.,Wickmayer Y.,22,19,2195,2470.0,2,0,6,4,6,2,,,,,,,completed,2.62,1.44,2.51,1.58,2.75,1.59,2.53,1.5,2011_41_toronto_rogers_cup,2011_41_toronto_rogers_cup_2011-08-09_R64_vinci_r_wickmayer_y
tennis_data_uk,wta,2011,41,Rogers Cup,Toronto,2011-08-09,premier,True,hard,R64,64,3,Peng S.,Dominguez Lino L.,17,47,2600,1198.0,2,0,6,1,7,5,,,,,,,completed,1.11,6.5,1.17,5.81,1.17,6.5,1.13,5.72,2011_41_toronto_rogers_cup,2011_41_toronto_rogers_cup_2011-08-09_R64_peng_s_dominguez_lino_l
tennis_data_uk,wta,2011,41,Rogers Cup,Toronto,2011-08-09,premier,True,hard,R64,64,3,Ivanovic A.,Zhang S.,16,99,2685,710.0,2,0,6,1,6,1,,,,,,,completed,1.12,6.0,1.14,6.49,1.16,7.5,1.12,5.95,2011_41_toronto_rogers_cup,2011_41_toronto_rogers_cup_2011-08-09_R64_ivanovic_a_zhang_s
tennis_data_uk,wta,2011,41,Rogers Cup,Toronto,2011-08-09,premier,True,hard,R64,64,3,Dubois S.,Woerle K.,108,141,643,470.0,2,0,7,6,6,1,,,,,,,completed,1.36,3.0,1.38,3.27,1.45,3.27,1.39,2.89,2011_41_toronto_rogers_cup,2011_41_toronto_rogers_cup_2011-08-09_R64_dubois_s_woerle_k
tennis_data_uk,wta,2011,41,Rogers Cup,Toronto,2011-08-09,premier,True,hard,R64,64,3,Radwanska A.,Vesnina E.,12,38,3065,1340.0,2,0,6,4,6,1,,,,,,,completed,1.14,5.5,1.17,5.81,1.22,6.02,1.16,4.84,2011_41_toronto_rogers_cup,2011_41_toronto_rogers_cup_2011-08-09_R64_radwanska_a_vesnina_e
tennis_data_uk,wta,2011,41,Rogers Cup,Toronto,2011-08-09,premier,True,hard,R64,64,3,Jovanovski B.,Dokic J.,54,72,1083,875.0,0,0,2,0,,,,,,,,,retired,1.57,2.25,1.75,2.18,1.74,2.28,1.65,2.17,2011_41_toronto_rogers_cup,2011_41_toronto_rogers_cup_2011-08-09_R64_jovanovski_b_dokic_j
tennis_data_uk,wta,2011,41,Rogers Cup,Toronto,2011-08-09,premier,True,hard,R64,64,3,Martic P.,Hradecka L.,86,48,776,1181.0,2,1,1,6,6,4,6,4,,,,,completed,2.1,1.66,2.24,1.71,2.25,1.77,2.08,1.7,2011_41_toronto_rogers_cup,2011_41_toronto_rogers_cup_2011-08-09_R64_martic_p_hradecka_l
tennis_data_uk,wta,2011,41,Rogers Cup,Toronto,2011-08-09,premier,True,hard,R64,64,3,Benesova I.,Cibulkova D.,45,18,1218,2595.0,1,1,7,5,4,6,1,3,,,,,retired,2.62,1.44,3.04,1.43,3.6,1.5,2.8,1.42,2011_41_toronto_rogers_cup,2011_41_toronto_rogers_cup_2011-08-09_R64_benesova_i_cibulkova_d
tennis_data_uk,wta,2011,41,Rogers Cup,Toronto,2011-08-09,premier,True,hard,R64,64,3,Wozniak A.,Peer S.,150,23,433,2155.0,2,0,6,1,6,0,,,,,,,completed,2.75,1.4,2.6,1.55,2.78,1.56,2.61,1.46,2011_41_toronto_rogers_cup,2011_41_toronto_rogers_cup_2011-08-09_R64_wozniak_a_peer_s
tennis_data_uk,wta,2011,41,Rogers Cup,Toronto,2011-08-10,premier,True,hard,R64,64,3,Williams S.,Bondarenko A.,80,126,810,554.0,2,0,6,0,6,3,,,,,,,completed,1.03,15.0,1.04,15.21,1.05,20.25,1.03,11.58,2011_41_toronto_rogers_cup,2011_41_toronto_rogers_cup_2011-08-10_R64_williams_s_bondarenko_a
tennis_data_uk,wta,2011,41,Rogers Cup,Toronto,2011-08-10,premier,True,hard,R32,32,3,Zheng J.,Clijsters K.,82,2,797,7625.0,0,1,3,6,2,1,,,,,,,retired,2.75,1.4,3.17,1.41,3.25,1.45,2.93,1.38,2011_41_toronto_rogers_cup,2011_41_toronto_rogers_cup_2011-08-10_R32_zheng_j_clijsters_k
tennis_data_uk,wta,2011,41,Rogers Cup,Toronto,2011-08-10,premier,True,hard,R32,32,3,Li N.,Peng S.,6,17,5726,2600.0,,,,,,,,,,,,,walkover,1.5,2.5,1.68,2.34,1.75,2.62,1.56,2.36,2011_41_toronto_rogers_cup,2011_41_toronto_rogers_cup_2011-08-10_R32_li_n_peng_s
tennis_data_uk,wta,2011,41,Rogers Cup,Toronto,2011-08-10,premier,True,hard,R32,32,3,Schiavone F.,Makarova E.,8,41,4831,1270.0,2,0,6,1,6,3,,,,,,,completed,1.4,2.75,1.54,2.66,1.56,2.8,1.46,2.61,2011_41_toronto_rogers_cup,2011_41_toronto_rogers_cup_2011-08-10_R32_schiavone_f_makarova_e
tennis_data_uk,wta,2011,41,Rogers Cup,Toronto,2011-08-10,premier,True,hard,R32,32,3,Kvitova P.,Medina Garrigues A.,7,33,5437,1500.0,2,0,7,6,6,3,,,,,,,completed,1.16,5.0,1.22,4.85,1.22,5.5,1.17,4.67,2011_41_toronto_rogers_cup,2011_41_toronto_rogers_cup_2011-08-10_R32_kvitova_p_medina_garrigues_a
tennis_data_uk,wta,2011,41,Rogers Cup,Toronto,2011-08-10,premier,True,hard,R32,32,3,Safarova L.,Halep S.,32,55,1570,1063.0,2,0,6,2,6,4,,,,,,,completed,1.53,2.37,1.72,2.25,1.72,2.5,1.57,2.33,2011_41_toronto_rogers_cup,2011_41_toronto_rogers_cup_2011-08-10_R32_safarova_l_halep_s
tennis_data_uk,wta,2011,41,Rogers Cup,Toronto,2011-08-10,premier,True,hard,R32,32,3,Martinez-Sanchez M.J.,Hantuchova D.,37,24,1351,2115.0,2,0,7,5,6,2,,,,,,,completed,2.75,1.4,2.8,1.5,3.13,1.67,2.6,1.46,2011_41_toronto_rogers_cup,2011_41_toronto_rogers_cup_2011-08-10_R32_martinez_sanchez_m_j_hantuchova_d
tennis_data_uk,wta,2011,41,Rogers Cup,Toronto,2011-08-10,premier,True,hard,R32,32,3,Vinci R.,Wozniacki C.,22,1,2195,9915.0,2,0,6,4,7,5,,,,,,,completed,4.5,1.18,5.12,1.21,5.12,1.22,4.57,1.18,2011_41_toronto_rogers_cup,2011_41_toronto_rogers_cup_2011-08-10_R32_vinci_r_wozniacki_c
tennis_data_uk,wta,2011,41,Rogers Cup,Toronto,2011-08-10,premier,True,hard,R32,32,3,Radwanska A.,Martic P.,12,86,3065,776.0,2,0,6,3,6,3,,,,,,,completed,1.08,8.0,1.11,8.36,1.11,8.5,1.08,7.21,2011_41_toronto_rogers_cup,2011_41_toronto_rogers_cup_2011-08-10_R32_radwanska_a_martic_p
tennis_data_uk,wta,2011,41,Rogers Cup,Toronto,2011-08-10,premier,True,hard,R32,32,3,Stosur S.,Wozniak A.,11,150,3215,433.0,2,0,6,3,6,4,,,,,,,completed,1.66,2.1,1.79,2.14,1.83,2.75,1.69,2.13,2011_41_toronto_rogers_cup,2011_41_toronto_rogers_cup_2011-08-10_R32_stosur_s_wozniak_a
tennis_data_uk,wta,2011,41,Rogers Cup,Toronto,2011-08-10,premier,True,hard,R32,32,3,Voskoboeva G.,Pennetta F.,135,25,512,2060.0,2,1,2,6,6,3,6,2,,,,,completed,2.5,1.5,2.32,1.68,2.63,1.7,2.4,1.54,2011_41_toronto_rogers_cup,2011_41_toronto_rogers_cup_2011-08-10_R32_voskoboeva_g_pennetta_f
tennis_data_uk,wta,2011,41,Rogers Cup,Toronto,2011-08-10,premier,True,hard,R32,32,3,Petkovic A.,Arn G.,10,69,3375,925.0,2,0,6,4,7,5,,,,,,,completed,1.18,4.5,1.26,4.34,1.3,5.0,1.2,4.24,2011_41_toronto_rogers_cup,2011_41_toronto_rogers_cup_2011-08-10_R32_petkovic_a_arn_g
tennis_data_uk,wta,2011,41,Rogers Cup,Toronto,2011-08-10,premier,True,hard,R32,32,3,Williams S.,Goerges J.,80,20,810,2295.0,2,0,6,1,7,6,,,,,,,completed,1.07,9.0,1.15,6.34,1.15,9.0,1.1,6.54,2011_41_toronto_rogers_cup,2011_41_toronto_rogers_cup_2011-08-10_R32_williams_s_goerges_j
tennis_data_uk,wta,2011,41,Rogers Cup,Toronto,2011-08-10,premier,True,hard,R32,32,3,Ivanovic A.,Benesova I.,16,45,2685,1218.0,2,0,6,3,6,2,,,,,,,completed,1.14,5.5,1.21,5.12,1.25,5.5,1.16,4.84,2011_41_toronto_rogers_cup,2011_41_toronto_rogers_cup_2011-08-10_R32_ivanovic_a_benesova_i
tennis_data_uk,wta,2011,41,Rogers Cup,Toronto,2011-08-11,premier,True,hard,R32,32,3,Zvonareva V.,Petrova N.,3,28,7045,1790.0,2,0,7,5,6,4,,,,,,,completed,1.5,2.5,1.51,2.75,1.56,3.0,1.5,2.53,2011_41_toronto_rogers_cup,2011_41_toronto_rogers_cup_2011-08-11_R32_zvonareva_v_petrova_n
tennis_data_uk,wta,2011,41,Rogers Cup,Toronto,2011-08-11,premier,True,hard,R32,32,3,Sharapova M.,Jovanovski B.,5,54,5941,1083.0,2,0,6,1,7,5,,,,,,,completed,1.14,5.5,1.17,5.98,1.2,6.0,1.15,5.05,2011_41_toronto_rogers_cup,2011_41_toronto_rogers_cup_2011-08-11_R32_sharapova_m_jovanovski_b
tennis_data_uk,wta,2011,41,Rogers Cup,Toronto,2011-08-11,premier,True,hard,R32,32,3,Azarenka V.,Dubois S.,4,108,6115,643.0,2,0,6,0,6,0,,,,,,,completed,1.08,8.0,1.12,7.75,1.13,8.0,1.1,6.63,2011_41_toronto_rogers_cup,2011_41_toronto_rogers_cup_2011-08-11_R32_azarenka_v_dubois_s
tennis_data_uk,wta,2011,41,Rogers Cup,Toronto,2011-08-11,premier,True,hard,R16,16,3,Stosur S.,Li N.,11,6,3215,5726.0,2,0,6,2,6,4,,,,,,,completed,2.0,1.72,2.06,1.88,2.2,2.1,1.89,1.86,2011_41_toronto_rogers_cup,2011_41_toronto_rogers_cup_2011-08-11_R16_stosur_s_li_n
tennis_data_uk,wta,2011,41,Rogers Cup,Toronto,2011-08-11,premier,True,hard,R16,16,3,Petkovic A.,Kvitova P.,10,7,3375,5437.0,2,0,6,1,6,2,,,,,,,completed,2.62,1.44,2.59,1.58,2.65,1.62,2.48,1.52,2011_41_toronto_rogers_cup,2011_41_toronto_rogers_cup_2011-08-11_R16_petkovic_a_kvitova_p
tennis_data_uk,wta,2011,41,Rogers Cup,Toronto,2011-08-11,premier,True,hard,R16,16,3,Vinci R.,Ivanovic A.,22,16,2195,2685.0,2,0,7,6,6,2,,,,,,,completed,3.0,1.36,3.41,1.37,3.4,1.4,3.1,1.35,2011_41_toronto_rogers_cup,2011_41_toronto_rogers_cup_2011-08-11_R16_vinci_r_ivanovic_a
tennis_data_uk,wta,2011,41,Rogers Cup,Toronto,2011-08-11,premier,True,hard,R16,16,3,Azarenka V.,Martinez-Sanchez M.J.,4,37,6115,1351.0,2,0,6,1,6,2,,,,,,,completed,1.22,4.0,1.24,4.68,1.25,4.68,1.22,4.07,2011_41_toronto_rogers_cup,2011_41_toronto_rogers_cup_2011-08-11_R16_azarenka_v_martinez_sanchez_m_j
tennis_data_uk,wta,2011,41,Rogers Cup,Toronto,2011-08-11,premier,True,hard,R16,16,3,Voskoboeva G.,Sharapova M.,135,5,512,5941.0,2,0,6,3,7,5,,,,,,,completed,6.0,1.12,5.57,1.19,6.1,1.25,5.37,1.14,2011_41_toronto_rogers_cup,2011_41_toronto_rogers_cup_2011-08-11_R16_voskoboeva_g_sharapova_m
tennis_data_uk,wta,2011,41,Rogers Cup,Toronto,2011-08-11,premier,True,hard,R16,16,3,Radwanska A.,Zvonareva V.,12,3,3065,7045.0,2,0,6,4,7,6,,,,,,,completed,2.0,1.72,2.31,1.7,2.31,1.77,2.09,1.69,2011_41_toronto_rogers_cup,2011_41_toronto_rogers_cup_2011-08-11_R16_radwanska_a_zvonareva_v
tennis_data_uk,wta,2011,41,Rogers Cup,Toronto,2011-08-12,premier,True,hard,R16,16,3,Williams S.,Zheng J.,80,82,810,797.0,2,1,4,6,6,3,6,3,,,,,completed,1.06,10.0,1.08,10.75,1.09,10.4,1.06,8.22,2011_41_toronto_rogers_cup,2011_41_toronto_rogers_cup_2011-08-12_R16_williams_s_zheng_j
tennis_data_uk,wta,2011,41,Rogers Cup,Toronto,2011-08-12,premier,True,hard,R16,16,3,Safarova L.,Schiavone F.,32,8,1570,4831.0,2,0,6,3,6,3,,,,,,,completed,2.37,1.53,2.29,1.71,2.5,1.76,2.29,1.6,2011_41_toronto_rogers_cup,2011_41_toronto_rogers_cup_2011-08-12_R16_safarova_l_schiavone_f
tennis_data_uk,wta,2011,41,Rogers Cup,Toronto,2011-08-12,premier,True,hard,QF,8,3,Stosur S.,Vinci R.,11,22,3215,2195.0,2,0,6,4,6,1,,,,,,,completed,1.5,2.5,1.6,2.55,1.62,2.71,1.52,2.47,2011_41_toronto_rogers_cup,2011_41_toronto_rogers_cup_2011-08-12_QF_stosur_s_vinci_r
tennis_data_uk,wta,2011,41,Rogers Cup,Toronto,2011-08-12,premier,True,hard,QF,8,3,Azarenka V.,Voskoboeva G.,4,135,6115,512.0,2,0,6,1,6,2,,,,,,,completed,1.14,5.5,1.17,5.96,1.49,5.96,1.18,4.79,2011_41_toronto_rogers_cup,2011_41_toronto_rogers_cup_2011-08-12_QF_azarenka_v_voskoboeva_g
tennis_data_uk,wta,2011,41,Rogers Cup,Toronto,2011-08-12,premier,True,hard,QF,8,3,Radwanska A.,Petkovic A.,12,10,3065,3375.0,2,0,6,4,6,3,,,,,,,completed,1.8,1.9,1.88,2.05,1.88,2.11,1.8,1.97,2011_41_toronto_rogers_cup,2011_41_toronto_rogers_cup_2011-08-12_QF_radwanska_a_petkovic_a
tennis_data_uk,wta,2011,41,Rogers Cup,Toronto,2011-08-13,premier,True,hard,QF,8,3,Williams S.,Safarova L.,80,32,810,1570.0,2,1,4,6,6,3,6,2,,,,,completed,1.14,5.5,1.18,5.88,1.22,5.9,1.16,5.05,2011_41_toronto_rogers_cup,2011_41_toronto_rogers_cup_2011-08-13_QF_williams_s_safarova_l
tennis_data_uk,wta,2011,41,Rogers Cup,Toronto,2011-08-13,premier,True,hard,SF,4,3,Stosur S.,Radwanska A.,11,12,3215,3065.0,2,1,6,2,5,7,6,2,,,,,completed,2.2,1.61,2.22,1.76,2.3,1.83,2.11,1.7,2011_41_toronto_rogers_cup,2011_41_toronto_rogers_cup_2011-08-13_SF_stosur_s_radwanska_a
tennis_data_uk,wta,2011,41,Rogers Cup,Toronto,2011-08-13,premier,True,hard,SF,4,3,Williams S.,Azarenka V.,80,4,810,6115.0,2,0,6,3,6,3,,,,,,,completed,2.0,1.72,2.29,1.71,2.29,2.15,2.01,1.77,2011_41_toronto_rogers_cup,2011_41_toronto_rogers_cup_2011-08-13_SF_williams_s_azarenka_v
tennis_data_uk,wta,2011,41,Rogers Cup,Toronto,2011-08-14,premier,True,hard,F,2,3,Williams S.,Stosur S.,80,11,810,3215.0,2,0,6,4,6,2,,,,,,,completed,1.28,3.75,1.34,3.65,1.34,3.95,1.28,3.54,2011_41_toronto_rogers_cup,2011_41_toronto_rogers_cup_2011-08-14_F_williams_s_stosur_s
tennis_data_uk,wta,2011,42,Western & Southern Financial Group Women's Open,Cincinnati,2011-08-15,premier,True,hard,R64,64,3,Cetkovska P.,Medina Garrigues A.,45,34,1222,1540.0,2,1,2,6,6,2,6,2,,,,,completed,2.37,1.53,2.33,1.67,2.5,1.7,2.33,1.57,2011_42_cincinnati_western_southern_financial_group_women_s_open,2011_42_cincinnati_western_southern_financial_group_women_s_open_2011-08-15_R64_cetkovska_p_medina_garrigues_a
tennis_data_uk,wta,2011,42,Western & Southern Financial Group Women's Open,Cincinnati,2011-08-15,premier,True,hard,R64,64,3,Peer S.,Lisicki S.,24,22,2090,2204.0,2,0,6,4,7,6,,,,,,,completed,4.33,1.2,4.6,1.23,5.2,1.27,4.06,1.22,2011_42_cincinnati_western_southern_financial_group_women_s_open,2011_42_cincinnati_western_southern_financial_group_women_s_open_2011-08-15_R64_peer_s_lisicki_s
tennis_data_uk,wta,2011,42,Western & Southern Financial Group Women's Open,Cincinnati,2011-08-15,premier,True,hard,R64,64,3,Bondarenko A.,Morita A.,139,48,485,1193.0,2,1,6,2,4,6,6,2,,,,,completed,3.25,1.33,3.23,1.39,3.45,1.4,3.08,1.35,2011_42_cincinnati_western_southern_financial_group_women_s_open,2011_42_cincinnati_western_southern_financial_group_women_s_open_2011-08-15_R64_bondarenko_a_morita_a
tennis_data_uk,wta,2011,42,Western & Southern Financial Group Women's Open,Cincinnati,2011-08-15,premier,True,hard,R64,64,3,Safarova L.,Zakopalova K.,29,44,1775,1235.0,2,0,6,2,6,2,,,,,,,completed,1.28,3.5,1.35,3.46,1.4,3.5,1.33,3.23,2011_42_cincinnati_western_southern_financial_group_women_s_open,2011_42_cincinnati_western_southern_financial_group_women_s_open_2011-08-15_R64_safarova_l_zakopalova_k
tennis_data_uk,wta,2011,42,Western & Southern Financial Group Women's Open,Cincinnati,2011-08-15,premier,True,hard,R64,64,3,Errani S.,Stephens S.,38,110,1420,627.0,2,0,6,1,7,5,,,,,,,completed,1.5,2.5,1.53,2.67,1.59,2.8,1.5,2.5,2011_42_cincinnati_western_southern_financial_group_women_s_open,2011_42_cincinnati_western_southern_financial_group_women_s_open_2011-08-15_R64_errani_s_stephens_s
tennis_data_uk,wta,2011,42,Western & Southern Financial Group Women's Open,Cincinnati,2011-08-15,premier,True,hard,R64,64,3,Scheepers C.,Marino R.,101,39,703,1322.0,2,0,7,5,6,2,,,,,,,completed,2.2,1.61,2.07,1.83,2.2,1.85,2.04,1.73,2011_42_cincinnati_western_southern_financial_group_women_s_open,2011_42_cincinnati_western_southern_financial_group_women_s_open_2011-08-15_R64_scheepers_c_marino_r
tennis_data_uk,wta,2011,42,Western & Southern Financial Group Women's Open,Cincinnati,2011-08-15,premier,True,hard,R64,64,3,Makarova E.,Martinez-Sanchez M.J.,40,35,1320,1505.0,2,0,7,5,6,3,,,,,,,completed,2.75,1.4,2.69,1.52,3.0,1.57,2.73,1.43,2011_42_cincinnati_western_southern_financial_group_women_s_open,2011_42_cincinnati_western_southern_financial_group_women_s_open_2011-08-15_R64_makarova_e_martinez_sanchez_m_j
tennis_data_uk,wta,2011,42,Western & Southern Financial Group Women's Open,Cincinnati,2011-08-15,premier,True,hard,R64,64,3,Kuznetsova S.,Craybas J.,13,116,2751,600.0,2,0,6,3,6,4,,,,,,,completed,1.16,5.0,1.17,5.64,1.24,5.64,1.18,4.62,2011_42_cincinnati_western_southern_financial_group_women_s_open,2011_42_cincinnati_western_southern_financial_group_women_s_open_2011-08-15_R64_kuznetsova_s_craybas_j
tennis_data_uk,wta,2011,42,Western & Southern Financial Group Women's Open,Cincinnati,2011-08-15,premier,True,hard,R64,64,3,Rodionova An.,Hercog P.,113,42,610,1305.0,2,0,6,0,6,0,,,,,,,completed,2.5,1.5,2.46,1.61,2.58,1.61,2.39,1.55,2011_42_cincinnati_western_southern_financial_group_women_s_open,2011_42_cincinnati_western_southern_financial_group_women_s_open_2011-08-15_R64_rodionova_an_hercog_p
tennis_data_uk,wta,2011,42,Western & Southern Financial Group Women's Open,Cincinnati,2011-08-15,premier,True,hard,R64,64,3,Zheng J.,Goerges J.,65,20,951,2335.0,2,1,6,2,1,6,6,4,,,,,completed,1.83,1.83,1.97,1.92,2.1,2.05,1.93,1.83,2011_42_cincinnati_western_southern_financial_group_women_s_open,2011_42_cincinnati_western_southern_financial_group_women_s_open_2011-08-15_R64_zheng_j_goerges_j
tennis_data_uk,wta,2011,42,Western & Southern Financial Group Women's Open,Cincinnati,2011-08-15,premier,True,hard,R64,64,3,Petkovic A.,Gajdosova J.,11,30,3530,1760.0,2,1,5,7,7,6,6,2,,,,,completed,1.18,4.5,1.22,4.81,1.24,5.5,1.19,4.57,2011_42_cincinnati_western_southern_financial_group_women_s_open,2011_42_cincinnati_western_southern_financial_group_women_s_open_2011-08-15_R64_petkovic_a_gajdosova_j
tennis_data_uk,wta,2011,42,Western & Southern Financial Group Women's Open,Cincinnati,2011-08-15,premier,True,hard,R64,64,3,Martic P.,Vesnina E.,72,43,875,1245.0,2,1,3,6,7,6,6,0,,,,,completed,1.5,2.5,1.61,2.45,1.8,2.5,1.6,2.27,2011_42_cincinnati_western_southern_financial_group_women_s_open,2011_42_cincinnati_western_southern_financial_group_women_s_open_2011-08-15_R64_martic_p_vesnina_e
tennis_data_uk,wta,2011,42,Western & Southern Financial Group Women's Open,Cincinnati,2011-08-15,premier,True,hard,R64,64,3,Arvidsson S.,Niculescu M.,58,69,1020,921.0,2,1,0,6,7,6,6,3,,,,,completed,,,,,8.6,1.11,6.65,1.06,2011_42_cincinnati_western_southern_financial_group_women_s_open,2011_42_cincinnati_western_southern_financial_group_women_s_open_2011-08-15_R64_arvidsson_s_niculescu_m
tennis_data_uk,wta,2011,42,Western & Southern Financial Group Women's Open,Cincinnati,2011-08-15,premier,True,hard,R64,64,3,Mchale C.,Pironkova T.,76,51,852,1162.0,2,1,7,5,4,6,6,1,,,,,completed,1.57,2.25,1.71,2.24,1.77,2.35,1.65,2.16,2011_42_cincinnati_western_southern_financial_group_women_s_open,2011_42_cincinnati_western_southern_financial_group_women_s_open_2011-08-15_R64_mchale_c_pironkova_t
tennis_data_uk,wta,2011,42,Western & Southern Financial Group Women's Open,Cincinnati,2011-08-16,premier,True,hard,R64,64,3,Ivanovic A.,Glatch A.,17,151,2415,427.0,2,0,6,0,6,2,,,,,,,completed,1.18,4.5,1.2,5.03,1.23,5.03,1.19,4.48,2011_42_cincinnati_western_southern_financial_group_women_s_open,2011_42_cincinnati_western_southern_financial_group_women_s_open_2011-08-16_R64_ivanovic_a_glatch_a
tennis_data_uk,wta,2011,42,Western & Southern Financial Group Women's Open,Cincinnati,2011-08-16,premier,True,hard,R64,64,3,Hantuchova D.,Dominguez Lino L.,23,47,2115,1200.0,1,0,6,3,4,1,,,,,,,retired,1.08,8.0,1.13,7.27,1.14,8.0,1.09,6.75,2011_42_cincinnati_western_southern_financial_group_women_s_open,2011_42_cincinnati_western_southern_financial_group_women_s_open_2011-08-16_R64_hantuchova_d_dominguez_lino_l
tennis_data_uk,wta,2011,42,Western & Southern Financial Group Women's Open,Cincinnati,2011-08-16,premier,True,hard,R64,64,3,Pennetta F.,Pavlyuchenkova A.,25,18,1905,2410.0,2,1,2,6,6,3,6,3,,,,,completed,1.8,1.9,1.96,1.93,2.0,2.02,1.88,1.86,2011_42_cincinnati_western_southern_financial_group_women_s_open,2011_42_cincinnati_western_southern_financial_group_women_s_open_2011-08-16_R64_pennetta_f_pavlyuchenkova_a
tennis_data_uk,wta,2011,42,Western & Southern Financial Group Women's Open,Cincinnati,2011-08-16,premier,True,hard,R64,64,3,Petrova N.,Vinci R.,27,19,1800,2350.0,2,1,6,3,0,6,6,4,,,,,completed,1.57,2.25,1.74,2.2,1.74,2.4,1.65,2.16,2011_42_cincinnati_western_southern_financial_group_women_s_open,2011_42_cincinnati_western_southern_financial_group_women_s_open_2011-08-16_R64_petrova_n_vinci_r
tennis_data_uk,wta,2011,42,Western & Southern Financial Group Women's Open,Cincinnati,2011-08-16,premier,True,hard,R64,64,3,Jankovic J.,Benesova I.,14,41,2710,1310.0,2,0,6,0,6,3,,,,,,,completed,1.53,2.37,1.51,2.72,1.57,2.72,1.5,2.52,2011_42_cincinnati_western_southern_financial_group_women_s_open,2011_42_cincinnati_western_southern_financial_group_women_s_open_2011-08-16_R64_jankovic_j_benesova_i
tennis_data_uk,wta,2011,42,Western & Southern Financial Group Women's Open,Cincinnati,2011-08-16,premier,True,hard,R64,64,3,Kirilenko M.,Zhang S.,26,99,1875,710.0,2,0,7,6,6,3,,,,,,,completed,1.33,3.25,1.38,3.28,1.42,3.4,1.35,3.09,2011_42_cincinnati_western_southern_financial_group_women_s_open,2011_42_cincinnati_western_southern_financial_group_women_s_open_2011-08-16_R64_kirilenko_m_zhang_s
tennis_data_uk,wta,2011,42,Western & Southern Financial Group Women's Open,Cincinnati,2011-08-16,premier,True,hard,R64,64,3,Wickmayer Y.,Jovanovski B.,21,55,2320,1083.0,2,0,6,3,6,4,,,,,,,completed,1.72,2.0,1.75,2.19,1.9,2.19,1.72,2.06,2011_42_cincinnati_western_southern_financial_group_women_s_open,2011_42_cincinnati_western_southern_financial_group_women_s_open_2011-08-16_R64_wickmayer_y_jovanovski_b
tennis_data_uk,wta,2011,42,Western & Southern Financial Group Women's Open,Cincinnati,2011-08-16,premier,True,hard,R64,64,3,Williams S.,Hradecka L.,31,49,1710,1181.0,2,0,6,3,7,6,,,,,,,completed,1.06,10.0,1.05,12.39,1.07,14.4,1.04,10.14,2011_42_cincinnati_western_southern_financial_group_women_s_open,2011_42_cincinnati_western_southern_financial_group_women_s_open_2011-08-16_R64_williams_s_hradecka_l
tennis_data_uk,wta,2011,42,Western & Southern Financial Group Women's Open,Cincinnati,2011-08-16,premier,True,hard,R64,64,3,Peng S.,Dulko G.,15,57,2600,1030.0,2,1,6,3,4,6,6,4,,,,,completed,1.33,3.25,1.33,3.62,1.36,3.62,1.3,3.37,2011_42_cincinnati_western_southern_financial_group_women_s_open,2011_42_cincinnati_western_southern_financial_group_women_s_open_2011-08-16_R64_peng_s_dulko_g
tennis_data_uk,wta,2011,42,Western & Southern Financial Group Women's Open,Cincinnati,2011-08-16,premier,True,hard,R64,64,3,Stosur S.,Daniilidou E.,10,93,3775,737.0,2,0,6,3,6,1,,,,,,,completed,1.1,7.0,1.09,8.93,1.13,8.93,1.1,6.53,2011_42_cincinnati_western_southern_financial_group_women_s_open,2011_42_cincinnati_western_southern_financial_group_women_s_open_2011-08-16_R64_stosur_s_daniilidou_e
tennis_data_uk,wta,2011,42,Western & Southern Financial Group Women's Open,Cincinnati,2011-08-16,premier,True,hard,R32,32,3,Li N.,Safarova L.,5,29,5671,1775.0,2,0,6,3,6,4,,,,,,,completed,1.72,2.0,1.81,2.13,1.9,2.2,1.73,2.04,2011_42_cincinnati_western_southern_financial_group_women_s_open,2011_42_cincinnati_western_southern_financial_group_women_s_open_2011-08-16_R32_li_n_safarova_l
tennis_data_uk,wta,2011,42,Western & Southern Financial Group Women's Open,Cincinnati,2011-08-16,premier,True,hard,R32,32,3,Bartoli M.,Bondarenko A.,9,139,4325,485.0,2,0,6,1,6,2,,,,,,,completed,1.14,5.5,1.21,5.08,1.21,5.52,1.17,4.87,2011_42_cincinnati_western_southern_financial_group_women_s_open,2011_42_cincinnati_western_southern_financial_group_women_s_open_2011-08-16_R32_bartoli_m_bondarenko_a
tennis_data_uk,wta,2011,42,Western & Southern Financial Group Women's Open,Cincinnati,2011-08-17,premier,True,hard,R32,32,3,Sharapova M.,Rodionova An.,7,113,5446,610.0,2,0,6,1,6,3,,,,,,,completed,1.1,7.0,1.1,8.51,1.11,9.0,1.08,7.51,2011_42_cincinnati_western_southern_financial_group_women_s_open,2011_42_cincinnati_western_southern_financial_group_women_s_open_2011-08-17_R32_sharapova_m_rodionova_an
tennis_data_uk,wta,2011,42,Western & Southern Financial Group Women's Open,Cincinnati,2011-08-17,premier,True,hard,R32,32,3,Kvitova P.,Scheepers C.,6,101,5561,703.0,2,0,7,6,6,3,,,,,,,completed,1.14,5.5,1.16,6.2,1.2,6.2,1.15,5.14,2011_42_cincinnati_western_southern_financial_group_women_s_open,2011_42_cincinnati_western_southern_financial_group_women_s_open_2011-08-17_R32_kvitova_p_scheepers_c
tennis_data_uk,wta,2011,42,Western & Southern Financial Group Women's Open,Cincinnati,2011-08-17,premier,True,hard,R32,32,3,Martic P.,Wickmayer Y.,72,21,875,2320.0,2,1,3,6,6,2,6,2,,,,,completed,2.62,1.44,3.05,1.43,3.06,1.47,2.8,1.41,2011_42_cincinnati_western_southern_financial_group_women_s_open,2011_42_cincinnati_western_southern_financial_group_women_s_open_2011-08-17_R32_martic_p_wickmayer_y
tennis_data_uk,wta,2011,42,Western & Southern Financial Group Women's Open,Cincinnati,2011-08-17,premier,True,hard,R32,32,3,Mchale C.,Wozniacki C.,76,1,852,9915.0,2,0,6,4,7,5,,,,,,,completed,6.0,1.12,6.69,1.14,7.0,1.19,5.46,1.14,2011_42_cincinnati_western_southern_financial_group_women_s_open,2011_42_cincinnati_western_southern_financial_group_women_s_open_2011-08-17_R32_mchale_c_wozniacki_c
tennis_data_uk,wta,2011,42,Western & Southern Financial Group Women's Open,Cincinnati,2011-08-17,premier,True,hard,R32,32,3,Schiavone F.,Kirilenko M.,8,26,4955,1875.0,2,1,7,5,3,6,6,4,,,,,completed,1.61,2.2,1.68,2.34,1.7,2.5,1.59,2.28,2011_42_cincinnati_western_southern_financial_group_women_s_open,2011_42_cincinnati_western_southern_financial_group_women_s_open_2011-08-17_R32_schiavone_f_kirilenko_m
tennis_data_uk,wta,2011,42,Western & Southern Financial Group Women's Open,Cincinnati,2011-08-17,premier,True,hard,R32,32,3,Kuznetsova S.,Cetkovska P.,13,45,2751,1222.0,2,1,4,6,6,3,6,4,,,,,completed,1.4,2.75,1.5,2.8,1.5,3.0,1.42,2.74,2011_42_cincinnati_western_southern_financial_group_women_s_open,2011_42_cincinnati_western_southern_financial_group_women_s_open_2011-08-17_R32_kuznetsova_s_cetkovska_p
tennis_data_uk,wta,2011,42,Western & Southern Financial Group Women's Open,Cincinnati,2011-08-17,premier,True,hard,R32,32,3,Peng S.,Errani S.,15,38,2600,1420.0,2,0,6,2,6,4,,,,,,,completed,2.0,1.72,1.91,2.0,2.0,2.45,1.89,1.86,2011_42_cincinnati_western_southern_financial_group_women_s_open,2011_42_cincinnati_western_southern_financial_group_women_s_open_2011-08-17_R32_peng_s_errani_s
tennis_data_uk,wta,2011,42,Western & Southern Financial Group Women's Open,Cincinnati,2011-08-17,premier,True,hard,R32,32,3,Petrova N.,Ivanovic A.,27,17,1800,2415.0,2,0,6,3,7,6,,,,,,,completed,2.62,1.44,2.76,1.51,2.76,1.53,2.56,1.49,2011_42_cincinnati_western_southern_financial_group_women_s_open,2011_42_cincinnati_western_southern_financial_group_women_s_open_2011-08-17_R32_petrova_n_ivanovic_a
tennis_data_uk,wta,2011,42,Western & Southern Financial Group Women's Open,Cincinnati,2011-08-17,premier,True,hard,R32,32,3,Hantuchova D.,Pennetta F.,23,25,2115,1905.0,2,0,6,3,6,4,,,,,,,completed,1.57,2.25,1.68,2.32,1.68,2.5,1.63,2.22,2011_42_cincinnati_western_southern_financial_group_women_s_open,2011_42_cincinnati_western_southern_financial_group_women_s_open_2011-08-17_R32_hantuchova_d_pennetta_f
tennis_data_uk,wta,2011,42,Western & Southern Financial Group Women's Open,Cincinnati,2011-08-17,premier,True,hard,R32,32,3,Jankovic J.,Zheng J.,14,65,2710,951.0,2,1,4,6,6,3,6,1,,,,,completed,1.57,2.25,1.66,2.37,1.73,2.8,1.62,2.25,2011_42_cincinnati_western_southern_financial_group_women_s_open,2011_42_cincinnati_western_southern_financial_group_women_s_open_2011-08-17_R32_jankovic_j_zheng_j
tennis_data_uk,wta,2011,42,Western & Southern Financial Group Women's Open,Cincinnati,2011-08-17,premier,True,hard,R32,32,3,Zvonareva V.,Makarova E.,2,40,7045,1320.0,2,0,6,3,6,0,,,,,,,completed,1.2,4.33,1.2,5.23,1.24,6.0,1.19,4.49,2011_42_cincinnati_western_southern_financial_group_women_s_open,2011_42_cincinnati_western_southern_financial_group_women_s_open_2011-08-17_R32_zvonareva_v_makarova_e
tennis_data_uk,wta,2011,42,Western & Southern Financial Group Women's Open,Cincinnati,2011-08-17,premier,True,hard,R32,32,3,Stosur S.,Williams S.,10,31,3775,1710.0,,,,,,,,,,,,,walkover,2.25,1.57,2.58,1.57,2.63,1.62,2.39,1.55,2011_42_cincinnati_western_southern_financial_group_women_s_open,2011_42_cincinnati_western_southern_financial_group_women_s_open_2011-08-17_R32_stosur_s_williams_s
tennis_data_uk,wta,2011,42,Western & Southern Financial Group Women's Open,Cincinnati,2011-08-18,premier,True,hard,R32,32,3,Petkovic A.,Arvidsson S.,11,58,3530,1020.0,2,0,6,2,6,4,,,,,,,completed,1.12,6.0,1.13,7.21,1.17,7.23,1.13,5.58,2011_42_cincinnati_western_southern_financial_group_women_s_open,2011_42_cincinnati_western_southern_financial_group_women_s_open_2011-08-18_R32_petkovic_a_arvidsson_s
tennis_data_uk,wta,2011,42,Western & Southern Financial Group Women's Open,Cincinnati,2011-08-18,premier,True,hard,R32,32,3,Peer S.,Parmentier P.,24,59,2090,1005.0,2,0,6,2,6,3,,,,,,,completed,,,,,,,,,2011_42_cincinnati_western_southern_financial_group_women_s_open,2011_42_cincinnati_western_southern_financial_group_women_s_open_2011-08-18_R32_peer_s_parmentier_p
tennis_data_uk,wta,2011,42,Western & Southern Financial Group Women's Open,Cincinnati,2011-08-18,premier,True,hard,R16,16,3,Stosur S.,Li N.,10,5,3775,5671.0,2,1,6,4,3,6,6,4,,,,,completed,1.57,2.25,1.65,2.42,1.73,2.43,1.61,2.25,2011_42_cincinnati_western_southern_financial_group_women_s_open,2011_42_cincinnati_western_southern_financial_group_women_s_open_2011-08-18_R16_stosur_s_li_n
tennis_data_uk,wta,2011,42,Western & Southern Financial Group Women's Open,Cincinnati,2011-08-18,premier,True,hard,R16,16,3,Hantuchova D.,Bartoli M.,23,9,2115,4325.0,2,1,6,3,5,7,6,3,,,,,completed,2.1,1.66,1.94,1.98,2.1,2.05,1.92,1.84,2011_42_cincinnati_western_southern_financial_group_women_s_open,2011_42_cincinnati_western_southern_financial_group_women_s_open_2011-08-18_R16_hantuchova_d_bartoli_m
tennis_data_uk,wta,2011,42,Western & Southern Financial Group Women's Open,Cincinnati,2011-08-18,premier,True,hard,R16,16,3,Zvonareva V.,Martic P.,2,72,7045,875.0,2,0,6,2,6,2,,,,,,,completed,1.14,5.5,1.19,5.66,1.19,6.0,1.14,5.36,2011_42_cincinnati_western_southern_financial_group_women_s_open,2011_42_cincinnati_western_southern_financial_group_women_s_open_2011-08-18_R16_zvonareva_v_martic_p
tennis_data_uk,wta,2011,42,Western & Southern Financial Group Women's Open,Cincinnati,2011-08-18,premier,True,hard,R16,16,3,Petrova N.,Mchale C.,27,76,1800,852.0,2,0,6,3,6,3,,,,,,,completed,1.36,3.0,1.45,3.05,1.45,3.3,1.37,2.98,2011_42_cincinnati_western_southern_financial_group_women_s_open,2011_42_cincinnati_western_southern_financial_group_women_s_open_2011-08-18_R16_petrova_n_mchale_c
tennis_data_uk,wta,2011,42,Western & Southern Financial Group Women's Open,Cincinnati,2011-08-18,premier,True,hard,R16,16,3,Sharapova M.,Kuznetsova S.,7,13,5446,2751.0,2,0,6,2,6,3,,,,,,,completed,1.36,3.0,1.41,3.23,1.44,3.23,1.37,3.02,2011_42_cincinnati_western_southern_financial_group_women_s_open,2011_42_cincinnati_western_southern_financial_group_women_s_open_2011-08-18_R16_sharapova_m_kuznetsova_s
tennis_data_uk,wta,2011,42,Western & Southern Financial Group Women's Open,Cincinnati,2011-08-18,premier,True,hard,R16,16,3,Petkovic A.,Kvitova P.,11,6,3530,5561.0,2,0,6,3,6,3,,,,,,,completed,2.0,1.72,2.07,1.86,2.08,1.87,1.95,1.8,2011_42_cincinnati_western_southern_financial_group_women_s_open,2011_42_cincinnati_western_southern_financial_group_women_s_open_2011-08-18_R16_petkovic_a_kvitova_p
tennis_data_uk,wta,2011,42,Western & Southern Financial Group Women's Open,Cincinnati,2011-08-18,premier,True,hard,R16,16,3,Peng S.,Peer S.,15,24,2600,2090.0,2,0,6,3,6,2,,,,,,,completed,1.5,2.5,1.54,2.7,1.62,2.7,1.54,2.43,2011_42_cincinnati_western_southern_financial_group_women_s_open,2011_42_cincinnati_western_southern_financial_group_women_s_open_2011-08-18_R16_peng_s_peer_s
tennis_data_uk,wta,2011,42,Western & Southern Financial Group Women's Open,Cincinnati,2011-08-19,premier,True,hard,R16,16,3,Jankovic J.,Schiavone F.,14,8,2710,4955.0,2,1,6,3,5,7,6,4,,,,,completed,1.53,2.37,1.65,2.41,1.67,2.41,1.61,2.25,2011_42_cincinnati_western_southern_financial_group_women_s_open,2011_42_cincinnati_western_southern_financial_group_women_s_open_2011-08-19_R16_jankovic_j_schiavone_f
tennis_data_uk,wta,2011,42,Western & Southern Financial Group Women's Open,Cincinnati,2011-08-19,premier,True,hard,QF,8,3,Sharapova M.,Stosur S.,7,10,5446,3775.0,2,0,6,3,6,2,,,,,,,completed,1.4,2.75,1.55,2.68,1.55,3.0,1.44,2.72,2011_42_cincinnati_western_southern_financial_group_women_s_open,2011_42_cincinnati_western_southern_financial_group_women_s_open_2011-08-19_QF_sharapova_m_stosur_s
tennis_data_uk,wta,2011,42,Western & Southern Financial Group Women's Open,Cincinnati,2011-08-19,premier,True,hard,QF,8,3,Zvonareva V.,Hantuchova D.,2,23,7045,2115.0,2,0,6,3,7,6,,,,,,,completed,1.5,2.5,1.57,2.62,1.57,2.8,1.49,2.56,2011_42_cincinnati_western_southern_financial_group_women_s_open,2011_42_cincinnati_western_southern_financial_group_women_s_open_2011-08-19_QF_zvonareva_v_hantuchova_d
tennis_data_uk,wta,2011,42,Western & Southern Financial Group Women's Open,Cincinnati,2011-08-19,premier,True,hard,QF,8,3,Petkovic A.,Petrova N.,11,27,3530,1800.0,2,0,7,5,6,1,,,,,,,completed,1.61,2.2,1.74,2.25,1.74,2.5,1.64,2.2,2011_42_cincinnati_western_southern_financial_group_women_s_open,2011_42_cincinnati_western_southern_financial_group_women_s_open_2011-08-19_QF_petkovic_a_petrova_n
tennis_data_uk,wta,2011,42,Western & Southern Financial Group Women's Open,Cincinnati,2011-08-20,premier,True,hard,QF,8,3,Jankovic J.,Peng S.,14,15,2710,2600.0,,,,,,,,,,,,,walkover,1.8,1.9,1.96,1.96,1.96,2.04,1.84,1.91,2011_42_cincinnati_western_southern_financial_group_women_s_open,2011_42_cincinnati_western_southern_financial_group_women_s_open_2011-08-20_QF_jankovic_j_peng_s
tennis_data_uk,wta,2011,42,Western & Southern Financial Group Women's Open,Cincinnati,2011-08-21,premier,True,hard,SF,4,3,Sharapova M.,Zvonareva V.,7,2,5446,7045.0,2,1,2,6,6,3,6,3,,,,,completed,1.61,2.25,1.66,2.4,2.15,2.5,1.65,2.22,2011_42_cincinnati_western_southern_financial_group_women_s_open,2011_42_cincinnati_western_southern_financial_group_women_s_open_2011-08-21_SF_sharapova_m_zvonareva_v
tennis_data_uk,wta,2011,42,Western & Southern Financial Group Women's Open,Cincinnati,2011-08-21,premier,True,hard,SF,4,3,Jankovic J.,Petkovic A.,14,11,2710,3530.0,2,0,7,6,6,1,,,,,,,completed,2.37,1.57,2.36,1.68,2.45,1.71,2.3,1.6,2011_42_cincinnati_western_southern_financial_group_women_s_open,2011_42_cincinnati_western_southern_financial_group_women_s_open_2011-08-21_SF_jankovic_j_petkovic_a
tennis_data_uk,wta,2011,42,Western & Southern Financial Group Women's Open,Cincinnati,2011-08-21,premier,True,hard,F,2,3,Sharapova M.,Jankovic J.,7,14,5446,2710.0,2,1,4,6,7,6,6,3,,,,,completed,1.33,3.4,1.38,3.37,1.44,3.5,1.34,3.32,2011_42_cincinnati_western_southern_financial_group_women_s_open,2011_42_cincinnati_western_southern_financial_group_women_s_open_2011-08-21_F_sharapova_m_jankovic_j
tennis_data_uk,wta,2011,43,Texas Tennis Open,Dallas,2011-08-21,international,True,hard,R32,32,3,Begu I.,Parmentier P.,48,60,1181,1005.0,2,0,6,1,6,3,,,,,,,completed,1.72,2.0,1.8,2.11,1.85,2.13,1.77,1.98,2011_43_dallas_texas_tennis_open,2011_43_dallas_texas_tennis_open_2011-08-21_R32_begu_i_parmentier_p
tennis_data_uk,wta,2011,43,Texas Tennis Open,Dallas,2011-08-21,international,True,hard,R32,32,3,Brianti A.,Falconi I.,55,78,1061,813.0,2,0,6,3,6,2,,,,,,,completed,2.0,1.72,2.17,1.76,2.2,1.85,1.99,1.76,2011_43_dallas_texas_tennis_open,2011_43_dallas_texas_tennis_open_2011-08-21_R32_brianti_a_falconi_i
tennis_data_uk,wta,2011,43,Texas Tennis Open,Dallas,2011-08-21,international,True,hard,R32,32,3,Larsson J.,Halep S.,64,53,988,1139.0,2,0,6,3,6,2,,,,,,,completed,2.1,1.66,2.24,1.71,2.3,1.82,2.11,1.68,2011_43_dallas_texas_tennis_open,2011_43_dallas_texas_tennis_open_2011-08-21_R32_larsson_j_halep_s
tennis_data_uk,wta,2011,43,Texas Tennis Open,Dallas,2011-08-22,international,True,hard,R32,32,3,Dulko G.,Jovanovski B.,58,54,1030,1083.0,2,0,6,0,6,3,,,,,,,completed,2.2,1.61,2.37,1.65,2.37,1.85,2.15,1.66,2011_43_dallas_texas_tennis_open,2011_43_dallas_texas_tennis_open_2011-08-22_R32_dulko_g_jovanovski_b
tennis_data_uk,wta,2011,43,Texas Tennis Open,Dallas,2011-08-22,international,True,hard,R32,32,3,Goerges J.,Cornet A.,20,92,2335,724.0,2,1,0,6,6,4,6,0,,,,,completed,1.18,4.5,1.19,5.29,1.25,5.37,1.2,4.32,2011_43_dallas_texas_tennis_open,2011_43_dallas_texas_tennis_open_2011-08-22_R32_goerges_j_cornet_a
tennis_data_uk,wta,2011,43,Texas Tennis Open,Dallas,2011-08-22,international,True,hard,R32,32,3,Sevastova A.,Tanasugarn T.,67,79,953,813.0,2,0,6,4,6,4,,,,,,,completed,1.44,2.62,1.49,2.8,1.5,3.1,1.46,2.63,2011_43_dallas_texas_tennis_open,2011_43_dallas_texas_tennis_open_2011-08-22_R32_sevastova_a_tanasugarn_t
tennis_data_uk,wta,2011,43,Texas Tennis Open,Dallas,2011-08-22,international,True,hard,R32,32,3,Cirstea S.,Gajdosova J.,93,31,721,1690.0,2,1,3,6,6,4,6,2,,,,,completed,2.75,1.4,3.09,1.42,3.4,1.45,2.93,1.39,2011_43_dallas_texas_tennis_open,2011_43_dallas_texas_tennis_open_2011-08-22_R32_cirstea_s_gajdosova_j
tennis_data_uk,wta,2011,43,Texas Tennis Open,Dallas,2011-08-22,international,True,hard,R32,32,3,Baltacha E.,Zahlavova Strycova B.,61,71,1000,920.0,2,0,6,2,6,1,,,,,,,completed,2.0,1.72,2.16,1.77,2.18,1.91,1.94,1.8,2011_43_dallas_texas_tennis_open,2011_43_dallas_texas_tennis_open_2011-08-22_R32_baltacha_e_zahlavova_strycova_b
tennis_data_uk,wta,2011,43,Texas Tennis Open,Dallas,2011-08-22,international,True,hard,R32,32,3,Lisicki S.,Mirza S.,23,63,2204,989.0,2,0,6,3,6,0,,,,,,,completed,1.12,6.0,1.13,7.13,1.2,7.13,1.14,5.4,2011_43_dallas_texas_tennis_open,2011_43_dallas_texas_tennis_open_2011-08-22_R32_lisicki_s_mirza_s
tennis_data_uk,wta,2011,43,Texas Tennis Open,Dallas,2011-08-22,international,True,hard,R32,32,3,Peer S.,Yakimova A.,24,84,2155,791.0,2,0,6,1,6,3,,,,,,,completed,1.12,6.0,1.16,6.08,1.3,6.5,1.18,4.66,2011_43_dallas_texas_tennis_open,2011_43_dallas_texas_tennis_open_2011-08-22_R32_peer_s_yakimova_a
tennis_data_uk,wta,2011,43,Texas Tennis Open,Dallas,2011-08-23,international,True,hard,R32,32,3,Oudin M.,Amanmuradova A.,120,118,582,594.0,1,0,7,6,1,0,,,,,,,retired,1.57,2.25,2.88,1.48,3.25,2.25,2.24,1.82,2011_43_dallas_texas_tennis_open,2011_43_dallas_texas_tennis_open_2011-08-23_R32_oudin_m_amanmuradova_a
tennis_data_uk,wta,2011,43,Texas Tennis Open,Dallas,2011-08-23,international,True,hard,R32,32,3,Arvidsson S.,Wickmayer Y.,56,21,1060,2320.0,1,1,4,6,6,0,1,0,,,,,retired,3.75,1.25,3.99,1.28,5.5,1.33,3.53,1.28,2011_43_dallas_texas_tennis_open,2011_43_dallas_texas_tennis_open_2011-08-23_R32_arvidsson_s_wickmayer_y
tennis_data_uk,wta,2011,43,Texas Tennis Open,Dallas,2011-08-23,international,True,hard,R32,32,3,Bondarenko K.,Arn G.,68,62,940,995.0,2,0,6,2,6,3,,,,,,,completed,1.44,2.62,1.49,2.78,1.6,3.2,1.49,2.54,2011_43_dallas_texas_tennis_open,2011_43_dallas_texas_tennis_open_2011-08-23_R32_bondarenko_k_arn_g
tennis_data_uk,wta,2011,43,Texas Tennis Open,Dallas,2011-08-23,international,True,hard,R32,32,3,Cibulkova D.,Lucic M.,15,94,2595,721.0,2,0,6,4,6,0,,,,,,,completed,1.2,4.33,1.22,4.76,1.25,4.76,1.22,4.06,2011_43_dallas_texas_tennis_open,2011_43_dallas_texas_tennis_open_2011-08-23_R32_cibulkova_d_lucic_m
tennis_data_uk,wta,2011,43,Texas Tennis Open,Dallas,2011-08-23,international,True,hard,R32,32,3,Kerber A.,Scheepers C.,107,82,647,802.0,2,1,4,6,6,2,7,5,,,,,completed,1.72,2.0,1.84,2.06,1.84,2.08,1.78,1.98,2011_43_dallas_texas_tennis_open,2011_43_dallas_texas_tennis_open_2011-08-23_R32_kerber_a_scheepers_c
tennis_data_uk,wta,2011,43,Texas Tennis Open,Dallas,2011-08-23,international,True,hard,R32,32,3,Rezai A.,Rybarikova M.,114,69,605,930.0,2,1,4,6,6,2,6,1,,,,,completed,1.44,2.62,1.53,2.66,1.6,2.96,1.49,2.55,2011_43_dallas_texas_tennis_open,2011_43_dallas_texas_tennis_open_2011-08-23_R32_rezai_a_rybarikova_m
tennis_data_uk,wta,2011,43,Texas Tennis Open,Dallas,2011-08-23,international,True,hard,R16,16,3,Larsson J.,Peer S.,64,24,988,2155.0,2,0,6,2,6,4,,,,,,,completed,2.75,1.4,2.99,1.45,3.11,1.52,2.71,1.44,2011_43_dallas_texas_tennis_open,2011_43_dallas_texas_tennis_open_2011-08-23_R16_larsson_j_peer_s
tennis_data_uk,wta,2011,43,Texas Tennis Open,Dallas,2011-08-23,international,True,hard,R16,16,3,Lisicki S.,Brianti A.,23,55,2204,1061.0,2,0,6,1,6,2,,,,,,,completed,1.14,5.5,1.17,5.83,1.18,7.5,1.15,5.11,2011_43_dallas_texas_tennis_open,2011_43_dallas_texas_tennis_open_2011-08-23_R16_lisicki_s_brianti_a
tennis_data_uk,wta,2011,43,Texas Tennis Open,Dallas,2011-08-24,international,True,hard,R16,16,3,Baltacha E.,Goerges J.,61,20,1000,2335.0,2,1,2,6,7,5,7,6,,,,,completed,2.62,1.44,2.8,1.5,3.0,1.53,2.67,1.44,2011_43_dallas_texas_tennis_open,2011_43_dallas_texas_tennis_open_2011-08-24_R16_baltacha_e_goerges_j
tennis_data_uk,wta,2011,43,Texas Tennis Open,Dallas,2011-08-24,international,True,hard,R16,16,3,Begu I.,Dulko G.,48,58,1181,1030.0,2,0,6,4,6,3,,,,,,,completed,2.2,1.61,2.27,1.71,2.3,1.71,2.18,1.65,2011_43_dallas_texas_tennis_open,2011_43_dallas_texas_tennis_open_2011-08-24_R16_begu_i_dulko_g
tennis_data_uk,wta,2011,43,Texas Tennis Open,Dallas,2011-08-24,international,True,hard,R16,16,3,Sevastova A.,Arvidsson S.,67,56,953,1060.0,2,0,7,6,6,4,,,,,,,completed,2.0,1.72,2.03,1.88,2.1,1.88,1.99,1.76,2011_43_dallas_texas_tennis_open,2011_43_dallas_texas_tennis_open_2011-08-24_R16_sevastova_a_arvidsson_s
tennis_data_uk,wta,2011,43,Texas Tennis Open,Dallas,2011-08-24,international,True,hard,R16,16,3,Bondarenko K.,Cibulkova D.,68,15,940,2595.0,2,0,6,3,6,1,,,,,,,completed,2.5,1.5,2.46,1.62,2.5,1.65,2.4,1.54,2011_43_dallas_texas_tennis_open,2011_43_dallas_texas_tennis_open_2011-08-24_R16_bondarenko_k_cibulkova_d
tennis_data_uk,wta,2011,43,Texas Tennis Open,Dallas,2011-08-24,international,True,hard,R16,16,3,Rezai A.,Cirstea S.,114,93,605,721.0,2,0,6,2,7,6,,,,,,,completed,1.72,2.0,1.87,2.02,1.89,2.1,1.76,2.0,2011_43_dallas_texas_tennis_open,2011_43_dallas_texas_tennis_open_2011-08-24_R16_rezai_a_cirstea_s
tennis_data_uk,wta,2011,43,Texas Tennis Open,Dallas,2011-08-25,international,True,hard,R16,16,3,Kerber A.,Oudin M.,107,120,647,582.0,2,0,6,3,6,2,,,,,,,completed,2.37,1.53,1.39,3.27,1.46,3.27,1.4,2.81,2011_43_dallas_texas_tennis_open,2011_43_dallas_texas_tennis_open_2011-08-25_R16_kerber_a_oudin_m
tennis_data_uk,wta,2011,43,Texas Tennis Open,Dallas,2011-08-25,international,True,hard,QF,8,3,Rezai A.,Baltacha E.,114,61,605,1000.0,2,0,6,2,6,2,,,,,,,completed,2.25,1.57,2.34,1.69,2.45,1.69,2.23,1.62,2011_43_dallas_texas_tennis_open,2011_43_dallas_texas_tennis_open_2011-08-25_QF_rezai_a_baltacha_e
tennis_data_uk,wta,2011,43,Texas Tennis Open,Dallas,2011-08-25,international,True,hard,QF,8,3,Begu I.,Sevastova A.,48,67,1181,953.0,2,0,6,3,6,4,,,,,,,completed,1.57,2.25,1.69,2.34,1.73,2.35,1.64,2.18,2011_43_dallas_texas_tennis_open,2011_43_dallas_texas_tennis_open_2011-08-25_QF_begu_i_sevastova_a
tennis_data_uk,wta,2011,43,Texas Tennis Open,Dallas,2011-08-26,international,True,hard,QF,8,3,Kerber A.,Larsson J.,107,64,647,988.0,2,0,6,0,6,1,,,,,,,completed,2.1,1.66,2.04,1.88,2.1,1.89,1.99,1.75,2011_43_dallas_texas_tennis_open,2011_43_dallas_texas_tennis_open_2011-08-26_QF_kerber_a_larsson_j
tennis_data_uk,wta,2011,43,Texas Tennis Open,Dallas,2011-08-26,international,True,hard,QF,8,3,Lisicki S.,Bondarenko K.,23,68,2204,940.0,2,0,6,1,6,2,,,,,,,completed,1.33,3.25,1.43,3.13,1.43,3.25,1.36,3.04,2011_43_dallas_texas_tennis_open,2011_43_dallas_texas_tennis_open_2011-08-26_QF_lisicki_s_bondarenko_k
tennis_data_uk,wta,2011,43,Texas Tennis Open,Dallas,2011-08-26,international,True,hard,SF,4,3,Lisicki S.,Begu I.,23,48,2204,1181.0,2,0,6,0,6,1,,,,,,,completed,1.18,4.5,1.23,4.86,1.25,4.86,1.21,4.17,2011_43_dallas_texas_tennis_open,2011_43_dallas_texas_tennis_open_2011-08-26_SF_lisicki_s_begu_i
tennis_data_uk,wta,2011,43,Texas Tennis Open,Dallas,2011-08-27,international,True,hard,SF,4,3,Rezai A.,Kerber A.,114,107,605,647.0,2,1,6,2,3,6,7,5,,,,,completed,1.83,1.83,2.02,1.91,2.02,2.03,1.82,1.92,2011_43_dallas_texas_tennis_open,2011_43_dallas_texas_tennis_open_2011-08-27_SF_rezai_a_kerber_a
tennis_data_uk,wta,2011,43,Texas Tennis Open,Dallas,2011-08-27,international,True,hard,F,2,3,Lisicki S.,Rezai A.,23,114,2204,605.0,2,0,6,2,6,1,,,,,,,completed,1.14,5.5,1.16,6.27,1.2,6.27,1.15,5.08,2011_43_dallas_texas_tennis_open,2011_43_dallas_texas_tennis_open_2011-08-27_F_lisicki_s_rezai_a
tennis_data_uk,wta,2011,44,New Haven Open at Yale,New Haven,2011-08-21,premier,True,hard,R32,32,3,Niculescu M.,Pironkova T.,70,51,921,1162.0,2,0,6,3,6,2,,,,,,,completed,2.1,1.66,2.11,1.8,2.25,1.8,2.1,1.69,2011_44_new_haven_new_haven_open_at_yale,2011_44_new_haven_new_haven_open_at_yale_2011-08-21_R32_niculescu_m_pironkova_t
tennis_data_uk,wta,2011,44,New Haven Open at Yale,New Haven,2011-08-21,premier,True,hard,R32,32,3,Schiavone F.,Dulgheru A.,8,49,4855,1166.0,2,0,6,1,6,2,,,,,,,completed,1.14,5.5,1.16,6.02,1.18,6.5,1.15,5.17,2011_44_new_haven_new_haven_open_at_yale,2011_44_new_haven_new_haven_open_at_yale_2011-08-21_R32_schiavone_f_dulgheru_a
tennis_data_uk,wta,2011,44,New Haven Open at Yale,New Haven,2011-08-21,premier,True,hard,R32,32,3,Zakopalova K.,Pennetta F.,44,27,1235,1850.0,2,0,7,5,6,2,,,,,,,completed,3.75,1.25,4.1,1.27,4.19,1.35,3.63,1.27,2011_44_new_haven_new_haven_open_at_yale,2011_44_new_haven_new_haven_open_at_yale_2011-08-21_R32_zakopalova_k_pennetta_f
tennis_data_uk,wta,2011,44,New Haven Open at Yale,New Haven,2011-08-22,premier,True,hard,R32,32,3,Suarez Navarro C.,Benesova I.,80,50,811,1163.0,2,0,6,3,6,2,,,,,,,completed,2.62,1.44,2.55,1.57,2.65,1.6,2.5,1.5,2011_44_new_haven_new_haven_open_at_yale,2011_44_new_haven_new_haven_open_at_yale_2011-08-22_R32_suarez_navarro_c_benesova_i
tennis_data_uk,wta,2011,44,New Haven Open at Yale,New Haven,2011-08-22,premier,True,hard,R32,32,3,Cetkovska P.,Morita A.,40,46,1312,1193.0,2,0,6,2,6,2,,,,,,,completed,1.4,2.75,1.49,2.8,1.53,2.91,1.44,2.69,2011_44_new_haven_new_haven_open_at_yale,2011_44_new_haven_new_haven_open_at_yale_2011-08-22_R32_cetkovska_p_morita_a
tennis_data_uk,wta,2011,44,New Haven Open at Yale,New Haven,2011-08-22,premier,True,hard,R32,32,3,Bartoli M.,Rodionova An.,9,97,4225,709.0,2,0,6,1,6,4,,,,,,,completed,1.1,7.0,1.11,7.61,1.15,7.61,1.13,5.74,2011_44_new_haven_new_haven_open_at_yale,2011_44_new_haven_new_haven_open_at_yale_2011-08-22_R32_bartoli_m_rodionova_an
tennis_data_uk,wta,2011,44,New Haven Open at Yale,New Haven,2011-08-22,premier,True,hard,R32,32,3,Medina Garrigues A.,Pervak K.,32,52,1540,1145.0,2,0,6,2,7,6,,,,,,,completed,1.66,2.1,1.83,2.07,1.85,2.25,1.71,2.07,2011_44_new_haven_new_haven_open_at_yale,2011_44_new_haven_new_haven_open_at_yale_2011-08-22_R32_medina_garrigues_a_pervak_k
tennis_data_uk,wta,2011,44,New Haven Open at Yale,New Haven,2011-08-22,premier,True,hard,R32,32,3,Vinci R.,Hradecka L.,19,47,2350,1181.0,2,1,3,6,6,3,6,3,,,,,completed,1.28,3.5,1.33,3.58,1.36,3.7,1.31,3.28,2011_44_new_haven_new_haven_open_at_yale,2011_44_new_haven_new_haven_open_at_yale_2011-08-22_R32_vinci_r_hradecka_l
tennis_data_uk,wta,2011,44,New Haven Open at Yale,New Haven,2011-08-22,premier,True,hard,R32,32,3,Pavlyuchenkova A.,Dushevina V.,18,72,2410,897.0,2,1,3,6,6,4,6,3,,,,,completed,1.44,2.62,1.56,2.59,1.57,2.64,1.51,2.49,2011_44_new_haven_new_haven_open_at_yale,2011_44_new_haven_new_haven_open_at_yale_2011-08-22_R32_pavlyuchenkova_a_dushevina_v
tennis_data_uk,wta,2011,44,New Haven Open at Yale,New Haven,2011-08-22,premier,True,hard,R32,32,3,Hercog P.,Petrova N.,41,25,1305,1955.0,2,0,7,5,7,5,,,,,,,completed,5.5,1.14,5.39,1.19,6.0,1.22,4.8,1.17,2011_44_new_haven_new_haven_open_at_yale,2011_44_new_haven_new_haven_open_at_yale_2011-08-22_R32_hercog_p_petrova_n
tennis_data_uk,wta,2011,44,New Haven Open at Yale,New Haven,2011-08-22,premier,True,hard,R32,32,3,Radwanska A.,Makarova E.,13,42,3211,1290.0,2,0,6,1,6,2,,,,,,,completed,1.11,6.5,1.14,6.49,1.17,7.0,1.13,5.7,2011_44_new_haven_new_haven_open_at_yale,2011_44_new_haven_new_haven_open_at_yale_2011-08-22_R32_radwanska_a_makarova_e
tennis_data_uk,wta,2011,44,New Haven Open at Yale,New Haven,2011-08-23,premier,True,hard,R32,32,3,Mchale C.,Kuznetsova S.,66,16,962,2481.0,2,0,7,5,6,3,,,,,,,completed,2.5,1.5,2.61,1.55,2.66,1.62,2.45,1.52,2011_44_new_haven_new_haven_open_at_yale,2011_44_new_haven_new_haven_open_at_yale_2011-08-23_R32_mchale_c_kuznetsova_s
tennis_data_uk,wta,2011,44,New Haven Open at Yale,New Haven,2011-08-23,premier,True,hard,R32,32,3,Kirilenko M.,Errani S.,26,38,1875,1420.0,2,0,7,5,7,5,,,,,,,completed,1.66,2.1,1.78,2.14,1.78,2.2,1.71,2.07,2011_44_new_haven_new_haven_open_at_yale,2011_44_new_haven_new_haven_open_at_yale_2011-08-23_R32_kirilenko_m_errani_s
tennis_data_uk,wta,2011,44,New Haven Open at Yale,New Haven,2011-08-23,premier,True,hard,R32,32,3,Vesnina E.,Jankovic J.,43,12,1245,3270.0,2,1,6,4,2,6,6,4,,,,,completed,3.75,1.25,4.44,1.24,4.45,1.29,3.88,1.24,2011_44_new_haven_new_haven_open_at_yale,2011_44_new_haven_new_haven_open_at_yale_2011-08-23_R32_vesnina_e_jankovic_j
tennis_data_uk,wta,2011,44,New Haven Open at Yale,New Haven,2011-08-23,premier,True,hard,R16,16,3,Schiavone F.,Niculescu M.,8,70,4855,921.0,2,0,6,2,6,1,,,,,,,completed,1.22,4.0,1.28,4.14,1.36,4.33,1.25,3.78,2011_44_new_haven_new_haven_open_at_yale,2011_44_new_haven_new_haven_open_at_yale_2011-08-23_R16_schiavone_f_niculescu_m
tennis_data_uk,wta,2011,44,New Haven Open at Yale,New Haven,2011-08-23,premier,True,hard,R16,16,3,Mchale C.,Suarez Navarro C.,66,80,962,811.0,2,0,6,2,6,2,,,,,,,completed,1.4,2.75,1.42,3.14,1.44,3.25,1.38,2.94,2011_44_new_haven_new_haven_open_at_yale,2011_44_new_haven_new_haven_open_at_yale_2011-08-23_R16_mchale_c_suarez_navarro_c
tennis_data_uk,wta,2011,44,New Haven Open at Yale,New Haven,2011-08-24,premier,True,hard,R16,16,3,Wozniacki C.,Hercog P.,1,41,9335,1305.0,2,0,6,3,6,0,,,,,,,completed,1.22,4.0,1.26,4.3,1.27,4.5,1.23,4.03,2011_44_new_haven_new_haven_open_at_yale,2011_44_new_haven_new_haven_open_at_yale_2011-08-24_R16_wozniacki_c_hercog_p
tennis_data_uk,wta,2011,44,New Haven Open at Yale,New Haven,2011-08-24,premier,True,hard,R16,16,3,Cetkovska P.,Radwanska A.,40,13,1312,3211.0,2,1,6,4,5,7,6,3,,,,,completed,4.0,1.22,4.22,1.27,4.28,1.27,3.94,1.24,2011_44_new_haven_new_haven_open_at_yale,2011_44_new_haven_new_haven_open_at_yale_2011-08-24_R16_cetkovska_p_radwanska_a
tennis_data_uk,wta,2011,44,New Haven Open at Yale,New Haven,2011-08-24,premier,True,hard,R16,16,3,Bartoli M.,Zakopalova K.,9,44,4225,1235.0,2,1,6,2,2,6,6,1,,,,,completed,1.22,4.0,1.26,4.39,1.33,4.5,1.22,4.15,2011_44_new_haven_new_haven_open_at_yale,2011_44_new_haven_new_haven_open_at_yale_2011-08-24_R16_bartoli_m_zakopalova_k
tennis_data_uk,wta,2011,44,New Haven Open at Yale,New Haven,2011-08-24,premier,True,hard,R16,16,3,Medina Garrigues A.,Vesnina E.,32,43,1540,1245.0,2,0,6,2,7,6,,,,,,,completed,1.57,2.25,1.56,2.6,1.67,2.64,1.55,2.38,2011_44_new_haven_new_haven_open_at_yale,2011_44_new_haven_new_haven_open_at_yale_2011-08-24_R16_medina_garrigues_a_vesnina_e
tennis_data_uk,wta,2011,44,New Haven Open at Yale,New Haven,2011-08-24,premier,True,hard,R16,16,3,Pavlyuchenkova A.,Vinci R.,18,19,2410,2350.0,2,0,6,2,6,4,,,,,,,completed,1.66,2.1,1.77,2.18,1.79,2.25,1.72,2.09,2011_44_new_haven_new_haven_open_at_yale,2011_44_new_haven_new_haven_open_at_yale_2011-08-24_R16_pavlyuchenkova_a_vinci_r
tennis_data_uk,wta,2011,44,New Haven Open at Yale,New Haven,2011-08-25,premier,True,hard,R16,16,3,Li N.,Kirilenko M.,7,26,5671,1875.0,2,0,6,4,7,6,,,,,,,completed,1.36,3.0,1.46,2.95,1.46,3.11,1.39,2.89,2011_44_new_haven_new_haven_open_at_yale,2011_44_new_haven_new_haven_open_at_yale_2011-08-25_R16_li_n_kirilenko_m
tennis_data_uk,wta,2011,44,New Haven Open at Yale,New Haven,2011-08-25,premier,True,hard,QF,8,3,Li N.,Pavlyuchenkova A.,7,18,5671,2410.0,2,1,6,4,3,6,6,2,,,,,completed,1.5,2.5,1.64,2.46,1.64,2.63,1.54,2.44,2011_44_new_haven_new_haven_open_at_yale,2011_44_new_haven_new_haven_open_at_yale_2011-08-25_QF_li_n_pavlyuchenkova_a
tennis_data_uk,wta,2011,44,New Haven Open at Yale,New Haven,2011-08-26,premier,True,hard,QF,8,3,Cetkovska P.,Bartoli M.,40,9,1312,4225.0,2,0,7,5,7,5,,,,,,,completed,2.25,1.57,2.41,1.65,2.41,1.69,2.26,1.6,2011_44_new_haven_new_haven_open_at_yale,2011_44_new_haven_new_haven_open_at_yale_2011-08-26_QF_cetkovska_p_bartoli_m
tennis_data_uk,wta,2011,44,New Haven Open at Yale,New Haven,2011-08-26,premier,True,hard,QF,8,3,Wozniacki C.,Mchale C.,1,66,9335,962.0,2,0,7,5,6,3,,,,,,,completed,1.25,3.75,1.29,4.05,1.33,4.09,1.27,3.73,2011_44_new_haven_new_haven_open_at_yale,2011_44_new_haven_new_haven_open_at_yale_2011-08-26_QF_wozniacki_c_mchale_c
tennis_data_uk,wta,2011,44,New Haven Open at Yale,New Haven,2011-08-26,premier,True,hard,QF,8,3,Schiavone F.,Medina Garrigues A.,8,32,4855,1540.0,,,,,,,,,,,,,walkover,1.4,2.75,1.4,3.28,1.43,3.28,1.39,2.9,2011_44_new_haven_new_haven_open_at_yale,2011_44_new_haven_new_haven_open_at_yale_2011-08-26_QF_schiavone_f_medina_garrigues_a
tennis_data_uk,wta,2011,44,New Haven Open at Yale,New Haven,2011-08-26,premier,True,hard,SF,4,3,Cetkovska P.,Li N.,40,7,1312,5671.0,2,1,6,2,5,7,7,6,,,,,completed,2.75,1.4,2.88,1.49,2.95,1.5,2.72,1.43,2011_44_new_haven_new_haven_open_at_yale,2011_44_new_haven_new_haven_open_at_yale_2011-08-26_SF_cetkovska_p_li_n
tennis_data_uk,wta,2011,44,New Haven Open at Yale,New Haven,2011-08-27,premier,True,hard,SF,4,3,Wozniacki C.,Schiavone F.,1,8,9335,4855.0,2,0,7,6,6,3,,,,,,,completed,1.44,2.62,1.46,2.98,1.46,3.0,1.41,2.8,2011_44_new_haven_new_haven_open_at_yale,2011_44_new_haven_new_haven_open_at_yale_2011-08-27_SF_wozniacki_c_schiavone_f
tennis_data_uk,wta,2011,44,New Haven Open at Yale,New Haven,2011-08-27,premier,True,hard,F,2,3,Wozniacki C.,Cetkovska P.,1,40,9335,1312.0,2,0,6,4,6,1,,,,,,,completed,1.28,3.75,1.31,3.85,1.32,4.0,1.27,3.64,2011_44_new_haven_new_haven_open_at_yale,2011_44_new_haven_new_haven_open_at_yale_2011-08-27_F_wozniacki_c_cetkovska_p
tennis_data_uk,wta,2011,45,US Open,New York,2011-08-29,grand_slam,True,hard,R128,128,3,Pous-Tio L.,Doi M.,75,104,858,655.0,1,1,6,2,6,7,5,2,,,,,retired,1.5,2.5,1.53,2.68,1.57,2.8,1.5,2.52,2011_45_new_york_us_open,2011_45_new_york_us_open_2011-08-29_R128_pous_tio_l_doi_m
tennis_data_uk,wta,2011,45,US Open,New York,2011-08-29,grand_slam,True,hard,R128,128,3,Niculescu M.,Mayr P.,68,93,963,743.0,2,0,6,3,6,3,,,,,,,completed,1.28,3.5,1.3,3.92,1.4,3.92,1.32,3.28,2011_45_new_york_us_open,2011_45_new_york_us_open_2011-08-29_R128_niculescu_m_mayr_p
tennis_data_uk,wta,2011,45,US Open,New York,2011-08-29,grand_slam,True,hard,R128,128,3,Goerges J.,Barrois K.,21,89,2335,761.0,2,0,6,3,6,2,,,,,,,completed,1.28,3.5,1.28,4.1,1.3,4.14,1.26,3.66,2011_45_new_york_us_open,2011_45_new_york_us_open_2011-08-29_R128_goerges_j_barrois_k
tennis_data_uk,wta,2011,45,US Open,New York,2011-08-29,grand_slam,True,hard,R128,128,3,Robson L.,Morita A.,173,47,326,1193.0,1,0,7,6,1,0,,,,,,,retired,2.37,1.53,2.44,1.62,2.48,1.7,2.27,1.6,2011_45_new_york_us_open,2011_45_new_york_us_open_2011-08-29_R128_robson_l_morita_a
tennis_data_uk,wta,2011,45,US Open,New York,2011-08-29,grand_slam,True,hard,R128,128,3,Safarova L.,Rybarikova M.,26,70,1785,930.0,2,1,2,6,6,3,6,2,,,,,completed,1.22,4.0,1.26,4.3,1.3,4.55,1.22,4.02,2011_45_new_york_us_open,2011_45_new_york_us_open_2011-08-29_R128_safarova_l_rybarikova_m
tennis_data_uk,wta,2011,45,US Open,New York,2011-08-29,grand_slam,True,hard,R128,128,3,Dulgheru A.,Kvitova P.,48,7,1166,5685.0,2,0,7,6,6,3,,,,,,,completed,9.0,1.07,10.6,1.07,12.0,1.1,8.05,1.07,2011_45_new_york_us_open,2011_45_new_york_us_open_2011-08-29_R128_dulgheru_a_kvitova_p
tennis_data_uk,wta,2011,45,US Open,New York,2011-08-29,grand_slam,True,hard,R128,128,3,Keys M.,Craybas J.,455,111,79,612.0,2,0,6,2,6,4,,,,,,,completed,3.25,1.33,3.39,1.38,3.39,1.4,3.12,1.34,2011_45_new_york_us_open,2011_45_new_york_us_open_2011-08-29_R128_keys_m_craybas_j
tennis_data_uk,wta,2011,45,US Open,New York,2011-08-29,grand_slam,True,hard,R128,128,3,Peng S.,Lepchenko V.,14,101,2705,695.0,2,0,6,3,6,4,,,,,,,completed,1.12,6.0,1.13,7.04,1.15,7.05,1.12,5.71,2011_45_new_york_us_open,2011_45_new_york_us_open_2011-08-29_R128_peng_s_lepchenko_v
tennis_data_uk,wta,2011,45,US Open,New York,2011-08-29,grand_slam,True,hard,R128,128,3,Sharapova M.,Watson H.,4,102,6346,664.0,2,1,3,6,7,5,6,3,,,,,completed,1.03,15.0,1.04,15.5,1.04,24.68,1.02,12.91,2011_45_new_york_us_open,2011_45_new_york_us_open_2011-08-29_R128_sharapova_m_watson_h
tennis_data_uk,wta,2011,45,US Open,New York,2011-08-29,grand_slam,True,hard,R128,128,3,Kirilenko M.,Makarova E.,29,44,1735,1230.0,2,1,4,6,6,1,7,6,,,,,completed,1.36,3.0,1.4,3.22,1.45,3.22,1.38,2.95,2011_45_new_york_us_open,2011_45_new_york_us_open_2011-08-29_R128_kirilenko_m_makarova_e
tennis_data_uk,wta,2011,45,US Open,New York,2011-08-29,grand_slam,True,hard,R128,128,3,Medina Garrigues A.,Knapp K.,33,193,1610,295.0,2,1,6,7,6,4,6,3,,,,,completed,1.36,3.0,1.36,3.48,1.38,5.2,1.32,3.29,2011_45_new_york_us_open,2011_45_new_york_us_open_2011-08-29_R128_medina_garrigues_a_knapp_k
tennis_data_uk,wta,2011,45,US Open,New York,2011-08-29,grand_slam,True,hard,R128,128,3,Zvonareva V.,Foretz S.,2,116,6820,601.0,2,0,6,3,6,0,,,,,,,completed,1.02,19.0,1.04,15.5,1.05,19.9,1.03,12.8,2011_45_new_york_us_open,2011_45_new_york_us_open_2011-08-29_R128_zvonareva_v_foretz_s
tennis_data_uk,wta,2011,45,US Open,New York,2011-08-29,grand_slam,True,hard,R128,128,3,Bondarenko K.,Hradecka L.,69,51,960,1161.0,2,0,6,3,6,0,,,,,,,completed,1.4,2.75,1.45,2.99,1.51,2.99,1.43,2.7,2011_45_new_york_us_open,2011_45_new_york_us_open_2011-08-29_R128_bondarenko_k_hradecka_l
tennis_data_uk,wta,2011,45,US Open,New York,2011-08-29,grand_slam,True,hard,R128,128,3,Pironkova T.,Razzano V.,50,74,1162,859.0,2,0,6,2,6,3,,,,,,,completed,1.83,1.83,1.98,1.93,2.0,1.93,1.88,1.84,2011_45_new_york_us_open,2011_45_new_york_us_open_2011-08-29_R128_pironkova_t_razzano_v
tennis_data_uk,wta,2011,45,US Open,New York,2011-08-29,grand_slam,True,hard,R128,128,3,Cibulkova D.,Zhang S.,15,98,2565,710.0,2,0,6,3,6,4,,,,,,,completed,1.28,3.5,1.31,3.79,1.33,3.79,1.28,3.52,2011_45_new_york_us_open,2011_45_new_york_us_open_2011-08-29_R128_cibulkova_d_zhang_s
tennis_data_uk,wta,2011,45,US Open,New York,2011-08-29,grand_slam,True,hard,R128,128,3,Falconi I.,Zakopalova K.,79,45,813,1225.0,2,1,3,6,6,4,6,2,,,,,completed,2.25,1.57,2.4,1.65,2.43,1.67,2.27,1.59,2011_45_new_york_us_open,2011_45_new_york_us_open_2011-08-29_R128_falconi_i_zakopalova_k
tennis_data_uk,wta,2011,45,US Open,New York,2011-08-29,grand_slam,True,hard,R128,128,3,Bartoli M.,Panova A.,9,154,4225,410.0,2,0,7,5,6,3,,,,,,,completed,1.05,11.0,1.07,11.25,1.07,11.6,1.05,9.25,2011_45_new_york_us_open,2011_45_new_york_us_open_2011-08-29_R128_bartoli_m_panova_a
tennis_data_uk,wta,2011,45,US Open,New York,2011-08-29,grand_slam,True,hard,R128,128,3,Yakimova A.,Lertcheewakarn N.,84,156,791,394.0,2,1,6,0,4,6,6,3,,,,,completed,1.5,2.5,1.56,2.59,1.57,2.8,1.5,2.5,2011_45_new_york_us_open,2011_45_new_york_us_open_2011-08-29_R128_yakimova_a_lertcheewakarn_n
tennis_data_uk,wta,2011,45,US Open,New York,2011-08-29,grand_slam,True,hard,R128,128,3,Radwanska A.,Radwanska U.,13,114,3270,609.0,2,0,6,2,6,3,,,,,,,completed,1.14,5.5,1.16,6.2,1.18,7.0,1.15,5.24,2011_45_new_york_us_open,2011_45_new_york_us_open_2011-08-29_R128_radwanska_a_radwanska_u
tennis_data_uk,wta,2011,45,US Open,New York,2011-08-29,grand_slam,True,hard,R128,128,3,Petrova N.,Chan Y.J.,30,126,1695,552.0,2,1,6,3,1,6,6,4,,,,,completed,1.14,5.5,1.19,5.42,1.19,6.0,1.14,5.36,2011_45_new_york_us_open,2011_45_new_york_us_open_2011-08-29_R128_petrova_n_chan_y_j
tennis_data_uk,wta,2011,45,US Open,New York,2011-08-29,grand_slam,True,hard,R128,128,3,Oprandi R.,Oudin M.,131,113,517,611.0,2,0,6,0,7,6,,,,,,,completed,1.57,2.25,1.65,2.37,1.65,3.0,1.57,2.33,2011_45_new_york_us_open,2011_45_new_york_us_open_2011-08-29_R128_oprandi_r_oudin_m
tennis_data_uk,wta,2011,45,US Open,New York,2011-08-29,grand_slam,True,hard,R128,128,3,Dushevina V.,Sevastova A.,72,66,905,983.0,2,0,6,3,6,4,,,,,,,completed,1.57,2.25,1.63,2.43,1.63,2.53,1.58,2.31,2011_45_new_york_us_open,2011_45_new_york_us_open_2011-08-29_R128_dushevina_v_sevastova_a
tennis_data_uk,wta,2011,45,US Open,New York,2011-08-29,grand_slam,True,hard,R128,128,3,Mchale C.,Wozniak A.,55,133,1066,502.0,2,1,6,3,6,7,6,4,,,,,completed,1.5,2.5,1.5,2.79,1.57,2.8,1.51,2.48,2011_45_new_york_us_open,2011_45_new_york_us_open_2011-08-29_R128_mchale_c_wozniak_a
tennis_data_uk,wta,2011,45,US Open,New York,2011-08-30,grand_slam,True,hard,R128,128,3,Kudryavtseva A.,Rodionova An.,77,105,845,649.0,2,0,7,6,7,5,,,,,,,completed,2.5,1.5,2.76,1.51,3.0,1.57,2.56,1.49,2011_45_new_york_us_open,2011_45_new_york_us_open_2011-08-30_R128_kudryavtseva_a_rodionova_an
tennis_data_uk,wta,2011,45,US Open,New York,2011-08-30,grand_slam,True,hard,R128,128,3,Stosur S.,Arvidsson S.,10,67,3880,980.0,2,0,6,2,6,3,,,,,,,completed,1.08,8.0,1.09,9.4,1.11,11.4,1.07,7.83,2011_45_new_york_us_open,2011_45_new_york_us_open_2011-08-30_R128_stosur_s_arvidsson_s
tennis_data_uk,wta,2011,45,US Open,New York,2011-08-30,grand_slam,True,hard,R128,128,3,Hercog P.,Mattek-Sands B.,40,39,1335,1402.0,2,0,6,1,6,3,,,,,,,completed,1.66,2.1,1.75,2.2,1.83,2.2,1.74,2.02,2011_45_new_york_us_open,2011_45_new_york_us_open_2011-08-30_R128_hercog_p_mattek_sands_b
tennis_data_uk,wta,2011,45,US Open,New York,2011-08-30,grand_slam,True,hard,R128,128,3,Williams V.,Dolonts V.,36,91,1460,751.0,2,0,6,4,6,3,,,,,,,completed,1.08,8.0,1.08,9.65,1.15,11.15,1.09,7.2,2011_45_new_york_us_open,2011_45_new_york_us_open_2011-08-30_R128_williams_v_dolonts_v
tennis_data_uk,wta,2011,45,US Open,New York,2011-08-30,grand_slam,True,hard,R128,128,3,Lisicki S.,Bondarenko A.,18,124,2478,559.0,2,0,6,3,6,3,,,,,,,completed,1.06,10.0,1.07,11.25,1.1,11.6,1.06,8.58,2011_45_new_york_us_open,2011_45_new_york_us_open_2011-08-30_R128_lisicki_s_bondarenko_a
tennis_data_uk,wta,2011,45,US Open,New York,2011-08-30,grand_slam,True,hard,R128,128,3,Kerber A.,Davis L.,92,329,747,151.0,2,0,7,6,6,3,,,,,,,completed,1.14,5.5,1.15,6.34,1.2,6.58,1.14,5.37,2011_45_new_york_us_open,2011_45_new_york_us_open_2011-08-30_R128_kerber_a_davis_l
tennis_data_uk,wta,2011,45,US Open,New York,2011-08-30,grand_slam,True,hard,R128,128,3,Dulko G.,Marino R.,57,41,1059,1316.0,2,0,6,3,6,3,,,,,,,completed,1.57,2.25,1.58,2.55,1.62,2.58,1.57,2.35,2011_45_new_york_us_open,2011_45_new_york_us_open_2011-08-30_R128_dulko_g_marino_r
tennis_data_uk,wta,2011,45,US Open,New York,2011-08-30,grand_slam,True,hard,R128,128,3,Vandeweghe C.,Brianti A.,112,56,611,1061.0,2,0,7,5,6,3,,,,,,,completed,1.72,2.0,1.93,1.98,1.95,2.05,1.84,1.89,2011_45_new_york_us_open,2011_45_new_york_us_open_2011-08-30_R128_vandeweghe_c_brianti_a
tennis_data_uk,wta,2011,45,US Open,New York,2011-08-30,grand_slam,True,hard,R128,128,3,Soler Espinosa S.,Date Krumm K.,141,59,460,1045.0,2,0,7,6,7,6,,,,,,,completed,2.25,1.57,2.22,1.74,2.5,1.74,2.25,1.61,2011_45_new_york_us_open,2011_45_new_york_us_open_2011-08-30_R128_soler_espinosa_s_date_krumm_k
tennis_data_uk,wta,2011,45,US Open,New York,2011-08-30,grand_slam,True,hard,R128,128,3,Kanepi K.,Tanasugarn T.,34,80,1508,813.0,2,0,6,4,6,3,,,,,,,completed,1.53,2.37,1.58,2.54,1.6,2.63,1.53,2.42,2011_45_new_york_us_open,2011_45_new_york_us_open_2011-08-30_R128_kanepi_k_tanasugarn_t
tennis_data_uk,wta,2011,45,US Open,New York,2011-08-30,grand_slam,True,hard,R128,128,3,Lucic M.,Erakovic M.,96,90,721,754.0,2,1,6,4,2,6,6,4,,,,,completed,4.0,1.22,4.22,1.27,4.25,1.29,3.76,1.25,2011_45_new_york_us_open,2011_45_new_york_us_open_2011-08-30_R128_lucic_m_erakovic_m
tennis_data_uk,wta,2011,45,US Open,New York,2011-08-30,grand_slam,True,hard,R128,128,3,Pennetta F.,Rezai A.,25,86,1800,785.0,2,0,6,1,6,4,,,,,,,completed,1.5,2.5,1.56,2.6,1.62,2.61,1.54,2.4,2011_45_new_york_us_open,2011_45_new_york_us_open_2011-08-30_R128_pennetta_f_rezai_a
tennis_data_uk,wta,2011,45,US Open,New York,2011-08-30,grand_slam,True,hard,R128,128,3,Wickmayer Y.,Cirstea S.,22,94,2320,733.0,2,0,6,1,7,5,,,,,,,completed,1.36,3.0,1.39,3.27,1.45,3.41,1.38,2.94,2011_45_new_york_us_open,2011_45_new_york_us_open_2011-08-30_R128_wickmayer_y_cirstea_s
tennis_data_uk,wta,2011,45,US Open,New York,2011-08-30,grand_slam,True,hard,R128,128,3,Azarenka V.,Larsson J.,5,60,5995,1038.0,2,0,6,1,6,3,,,,,,,completed,1.06,10.0,1.08,9.65,1.1,11.8,1.07,8.25,2011_45_new_york_us_open,2011_45_new_york_us_open_2011-08-30_R128_azarenka_v_larsson_j
tennis_data_uk,wta,2011,45,US Open,New York,2011-08-30,grand_slam,True,hard,R128,128,3,Amanmuradova A.,Paszek T.,118,37,594,1424.0,2,0,6,4,6,2,,,,,,,completed,3.75,1.25,4.1,1.28,4.4,1.3,3.75,1.25,2011_45_new_york_us_open,2011_45_new_york_us_open_2011-08-30_R128_amanmuradova_a_paszek_t
tennis_data_uk,wta,2011,45,US Open,New York,2011-08-30,grand_slam,True,hard,R128,128,3,Wozniacki C.,Llagostera Vives N.,1,125,9335,553.0,2,0,6,3,6,1,,,,,,,completed,1.02,17.0,1.03,17.5,1.05,21.7,1.03,12.16,2011_45_new_york_us_open,2011_45_new_york_us_open_2011-08-30_R128_wozniacki_c_llagostera_vives_n
tennis_data_uk,wta,2011,45,US Open,New York,2011-08-30,grand_slam,True,hard,R128,128,3,Jankovic J.,Riske A.,12,117,3270,595.0,2,0,6,2,6,0,,,,,,,completed,1.07,9.0,1.07,11.0,1.08,13.15,1.06,8.87,2011_45_new_york_us_open,2011_45_new_york_us_open_2011-08-30_R128_jankovic_j_riske_a
tennis_data_uk,wta,2011,45,US Open,New York,2011-08-30,grand_slam,True,hard,R128,128,3,Petkovic A.,Bychkova E.,11,216,3805,271.0,2,0,6,2,6,2,,,,,,,completed,1.1,7.0,1.07,11.25,1.13,13.0,1.07,8.08,2011_45_new_york_us_open,2011_45_new_york_us_open_2011-08-30_R128_petkovic_a_bychkova_e
tennis_data_uk,wta,2011,45,US Open,New York,2011-08-30,grand_slam,True,hard,R128,128,3,Schiavone F.,Voskoboeva G.,8,87,4995,767.0,2,1,6,3,1,6,6,4,,,,,completed,1.4,2.75,1.46,2.95,1.48,3.25,1.4,2.84,2011_45_new_york_us_open,2011_45_new_york_us_open_2011-08-30_R128_schiavone_f_voskoboeva_g
tennis_data_uk,wta,2011,45,US Open,New York,2011-08-30,grand_slam,True,hard,R128,128,3,Dokic J.,Govortsova O.,73,110,875,619.0,2,0,6,3,6,1,,,,,,,completed,2.2,1.61,2.29,1.7,2.29,1.8,2.13,1.67,2011_45_new_york_us_open,2011_45_new_york_us_open_2011-08-30_R128_dokic_j_govortsova_o
tennis_data_uk,wta,2011,45,US Open,New York,2011-08-30,grand_slam,True,hard,R128,128,3,Zheng J.,Diatchenko V.,78,139,826,468.0,2,1,4,6,7,5,6,2,,,,,completed,1.33,3.25,1.42,3.11,1.43,3.4,1.35,3.1,2011_45_new_york_us_open,2011_45_new_york_us_open_2011-08-30_R128_zheng_j_diatchenko_v
tennis_data_uk,wta,2011,45,US Open,New York,2011-08-30,grand_slam,True,hard,R128,128,3,Baltacha E.,Hampton J.,58,129,1050,536.0,1,1,2,6,6,2,5,1,,,,,retired,1.44,2.62,1.52,2.74,1.53,2.9,1.47,2.59,2011_45_new_york_us_open,2011_45_new_york_us_open_2011-08-30_R128_baltacha_e_hampton_j
tennis_data_uk,wta,2011,45,US Open,New York,2011-08-30,grand_slam,True,hard,R128,128,3,Vinci R.,Begu I.,20,42,2350,1297.0,2,0,6,3,6,4,,,,,,,completed,1.53,2.37,1.59,2.52,1.63,2.55,1.55,2.39,2011_45_new_york_us_open,2011_45_new_york_us_open_2011-08-30_R128_vinci_r_begu_i
tennis_data_uk,wta,2011,45,US Open,New York,2011-08-30,grand_slam,True,hard,R128,128,3,Peer S.,Mirza S.,24,64,2155,989.0,2,1,6,7,6,3,6,1,,,,,completed,1.3,3.4,1.29,3.97,1.4,3.97,1.32,3.29,2011_45_new_york_us_open,2011_45_new_york_us_open_2011-08-30_R128_peer_s_mirza_s
tennis_data_uk,wta,2011,45,US Open,New York,2011-08-30,grand_slam,True,hard,R128,128,3,Rus A.,Vesnina E.,82,43,805,1275.0,2,0,6,2,6,4,,,,,,,completed,3.0,1.36,3.39,1.38,3.41,1.42,3.01,1.36,2011_45_new_york_us_open,2011_45_new_york_us_open_2011-08-30_R128_rus_a_vesnina_e
tennis_data_uk,wta,2011,45,US Open,New York,2011-08-30,grand_slam,True,hard,R128,128,3,Ivanovic A.,Pervak K.,19,52,2415,1145.0,2,0,6,4,6,2,,,,,,,completed,1.22,4.0,1.23,4.77,1.25,5.0,1.21,4.22,2011_45_new_york_us_open,2011_45_new_york_us_open_2011-08-30_R128_ivanovic_a_pervak_k
tennis_data_uk,wta,2011,45,US Open,New York,2011-08-30,grand_slam,True,hard,R128,128,3,Halep S.,Li N.,53,6,1139,5870.0,2,0,6,2,7,5,,,,,,,completed,9.0,1.07,8.95,1.1,9.24,1.12,7.2,1.09,2011_45_new_york_us_open,2011_45_new_york_us_open_2011-08-30_R128_halep_s_li_n
tennis_data_uk,wta,2011,45,US Open,New York,2011-08-30,grand_slam,True,hard,R128,128,3,Stephens S.,Jani R.L.,106,222,638,261.0,2,1,6,2,3,6,7,6,,,,,completed,1.33,3.25,1.36,3.44,1.38,3.89,1.34,3.18,2011_45_new_york_us_open,2011_45_new_york_us_open_2011-08-30_R128_stephens_s_jani_r_l
tennis_data_uk,wta,2011,45,US Open,New York,2011-08-30,grand_slam,True,hard,R128,128,3,Suarez Navarro C.,Johansson M.,76,65,851,988.0,2,1,6,2,4,6,7,5,,,,,completed,1.66,2.1,1.68,2.34,1.75,2.35,1.68,2.12,2011_45_new_york_us_open,2011_45_new_york_us_open_2011-08-30_R128_suarez_navarro_c_johansson_m
tennis_data_uk,wta,2011,45,US Open,New York,2011-08-30,grand_slam,True,hard,R128,128,3,Gajdosova J.,Benesova I.,31,49,1690,1163.0,2,0,7,6,7,5,,,,,,,completed,1.5,2.5,1.62,2.46,1.62,2.7,1.52,2.47,2011_45_new_york_us_open,2011_45_new_york_us_open_2011-08-30_R128_gajdosova_j_benesova_i
tennis_data_uk,wta,2011,45,US Open,New York,2011-08-30,grand_slam,True,hard,R128,128,3,Kuznetsova S.,Errani S.,17,38,2481,1420.0,2,0,7,5,6,1,,,,,,,completed,1.44,2.62,1.56,2.62,1.56,2.8,1.46,2.62,2011_45_new_york_us_open,2011_45_new_york_us_open_2011-08-30_R128_kuznetsova_s_errani_s
tennis_data_uk,wta,2011,45,US Open,New York,2011-08-30,grand_slam,True,hard,R128,128,3,Barthel M.,Martinez-Sanchez M.J.,99,35,706,1505.0,2,0,6,3,6,4,,,,,,,completed,2.75,1.4,2.66,1.54,2.9,1.54,2.7,1.44,2011_45_new_york_us_open,2011_45_new_york_us_open_2011-08-30_R128_barthel_m_martinez_sanchez_m_j
tennis_data_uk,wta,2011,45,US Open,New York,2011-08-30,grand_slam,True,hard,R128,128,3,Cornet A.,Dellacqua C.,95,285,724,197.0,2,0,7,5,6,0,,,,,,,completed,1.53,2.37,1.62,2.45,1.63,2.53,1.57,2.33,2011_45_new_york_us_open,2011_45_new_york_us_open_2011-08-30_R128_cornet_a_dellacqua_c
tennis_data_uk,wta,2011,45,US Open,New York,2011-08-30,grand_slam,True,hard,R128,128,3,Parmentier P.,Hantuchova D.,62,23,1005,2220.0,2,0,6,2,6,3,,,,,,,completed,13.0,1.04,13.0,1.05,16.75,1.07,10.23,1.05,2011_45_new_york_us_open,2011_45_new_york_us_open_2011-08-30_R128_parmentier_p_hantuchova_d
tennis_data_uk,wta,2011,45,US Open,New York,2011-08-30,grand_slam,True,hard,R128,128,3,King V.,Arn G.,103,63,657,995.0,2,0,6,1,6,4,,,,,,,completed,1.83,1.83,2.0,1.91,2.25,1.94,1.98,1.78,2011_45_new_york_us_open,2011_45_new_york_us_open_2011-08-30_R128_king_v_arn_g
tennis_data_uk,wta,2011,45,US Open,New York,2011-08-30,grand_slam,True,hard,R128,128,3,Scheepers C.,Keothavong A.,81,100,811,700.0,2,0,7,5,6,3,,,,,,,completed,1.4,2.75,1.47,2.93,1.5,2.93,1.44,2.68,2011_45_new_york_us_open,2011_45_new_york_us_open_2011-08-30_R128_scheepers_c_keothavong_a
tennis_data_uk,wta,2011,45,US Open,New York,2011-08-30,grand_slam,True,hard,R128,128,3,Cetkovska P.,Rodina E.,32,83,1638,793.0,2,1,1,6,6,1,6,2,,,,,completed,1.11,6.5,1.14,6.87,1.17,6.87,1.13,5.6,2011_45_new_york_us_open,2011_45_new_york_us_open_2011-08-30_R128_cetkovska_p_rodina_e
tennis_data_uk,wta,2011,45,US Open,New York,2011-08-31,grand_slam,True,hard,R128,128,3,Martic P.,Zahlavova Strycova B.,61,71,1028,910.0,2,1,5,7,6,3,6,4,,,,,completed,1.4,2.75,1.48,2.88,1.55,2.91,1.46,2.63,2011_45_new_york_us_open,2011_45_new_york_us_open_2011-08-31_R128_martic_p_zahlavova_strycova_b
tennis_data_uk,wta,2011,45,US Open,New York,2011-08-31,grand_slam,True,hard,R128,128,3,Pavlyuchenkova A.,Tatishvili A.,16,85,2500,787.0,2,0,6,2,6,2,,,,,,,completed,1.16,5.0,1.18,5.55,1.21,5.55,1.16,4.95,2011_45_new_york_us_open,2011_45_new_york_us_open_2011-08-31_R128_pavlyuchenkova_a_tatishvili_a
tennis_data_uk,wta,2011,45,US Open,New York,2011-08-31,grand_slam,True,hard,R128,128,3,Krajicek M.,Daniilidou E.,183,88,313,766.0,2,1,3,6,7,6,6,1,,,,,completed,1.61,2.2,1.57,2.58,1.7,2.58,1.61,2.25,2011_45_new_york_us_open,2011_45_new_york_us_open_2011-08-31_R128_krajicek_m_daniilidou_e
tennis_data_uk,wta,2011,45,US Open,New York,2011-08-31,grand_slam,True,hard,R128,128,3,Williams S.,Jovanovski B.,27,54,1780,1083.0,2,0,6,1,6,1,,,,,,,completed,1.02,17.0,1.03,17.5,1.05,18.1,1.03,12.96,2011_45_new_york_us_open,2011_45_new_york_us_open_2011-08-31_R128_williams_s_jovanovski_b
tennis_data_uk,wta,2011,45,US Open,New York,2011-08-31,grand_slam,True,hard,R64,64,3,Safarova L.,Keys M.,26,455,1785,79.0,2,1,3,6,7,5,6,4,,,,,completed,1.18,4.5,1.17,5.98,1.24,5.98,1.18,4.57,2011_45_new_york_us_open,2011_45_new_york_us_open_2011-08-31_R64_safarova_l_keys_m
tennis_data_uk,wta,2011,45,US Open,New York,2011-08-31,grand_slam,True,hard,R64,64,3,Medina Garrigues A.,Robson L.,33,173,1610,326.0,2,0,6,2,6,3,,,,,,,completed,1.4,2.75,1.41,3.19,1.45,3.25,1.39,2.88,2011_45_new_york_us_open,2011_45_new_york_us_open_2011-08-31_R64_medina_garrigues_a_robson_l
tennis_data_uk,wta,2011,45,US Open,New York,2011-08-31,grand_slam,True,hard,R64,64,3,Niculescu M.,Dulgheru A.,68,48,963,1166.0,2,0,6,3,6,0,,,,,,,completed,2.0,1.72,2.06,1.85,2.25,1.85,2.04,1.73,2011_45_new_york_us_open,2011_45_new_york_us_open_2011-08-31_R64_niculescu_m_dulgheru_a
tennis_data_uk,wta,2011,45,US Open,New York,2011-08-31,grand_slam,True,hard,R64,64,3,Kirilenko M.,Dushevina V.,29,72,1735,905.0,2,0,6,1,6,2,,,,,,,completed,1.38,2.87,1.49,2.83,1.53,3.0,1.43,2.7,2011_45_new_york_us_open,2011_45_new_york_us_open_2011-08-31_R64_kirilenko_m_dushevina_v
tennis_data_uk,wta,2011,45,US Open,New York,2011-08-31,grand_slam,True,hard,R64,64,3,Zvonareva V.,Bondarenko K.,2,69,6820,960.0,2,1,7,5,3,6,6,3,,,,,completed,1.14,5.5,1.13,7.38,1.17,7.66,1.12,5.79,2011_45_new_york_us_open,2011_45_new_york_us_open_2011-08-31_R64_zvonareva_v_bondarenko_k
tennis_data_uk,wta,2011,45,US Open,New York,2011-08-31,grand_slam,True,hard,R64,64,3,Peng S.,Pironkova T.,14,50,2705,1162.0,2,0,6,2,6,4,,,,,,,completed,1.25,3.75,1.32,3.77,1.32,3.85,1.27,3.62,2011_45_new_york_us_open,2011_45_new_york_us_open_2011-08-31_R64_peng_s_pironkova_t
tennis_data_uk,wta,2011,45,US Open,New York,2011-08-31,grand_slam,True,hard,R64,64,3,Goerges J.,Pous-Tio L.,21,75,2335,858.0,2,0,6,3,6,1,,,,,,,completed,1.2,4.33,1.25,4.46,1.27,4.75,1.21,4.25,2011_45_new_york_us_open,2011_45_new_york_us_open_2011-08-31_R64_goerges_j_pous_tio_l
tennis_data_uk,wta,2011,45,US Open,New York,2011-08-31,grand_slam,True,hard,R64,64,3,Mchale C.,Bartoli M.,55,9,1066,4225.0,2,0,7,6,6,2,,,,,,,completed,2.75,1.4,3.05,1.43,3.21,1.49,2.81,1.41,2011_45_new_york_us_open,2011_45_new_york_us_open_2011-08-31_R64_mchale_c_bartoli_m
tennis_data_uk,wta,2011,45,US Open,New York,2011-08-31,grand_slam,True,hard,R64,64,3,Petrova N.,Hercog P.,30,40,1695,1335.0,2,0,6,2,6,4,,,,,,,completed,1.33,3.25,1.45,2.97,1.5,3.25,1.37,2.97,2011_45_new_york_us_open,2011_45_new_york_us_open_2011-08-31_R64_petrova_n_hercog_p
tennis_data_uk,wta,2011,45,US Open,New York,2011-08-31,grand_slam,True,hard,R64,64,3,Stosur S.,Vandeweghe C.,10,112,3880,611.0,2,0,6,3,6,4,,,,,,,completed,1.07,9.0,1.07,10.75,1.1,11.5,1.06,8.5,2011_45_new_york_us_open,2011_45_new_york_us_open_2011-08-31_R64_stosur_s_vandeweghe_c
tennis_data_uk,wta,2011,45,US Open,New York,2011-08-31,grand_slam,True,hard,R64,64,3,Lisicki S.,Williams V.,18,36,2478,1460.0,,,,,,,,,,,,,walkover,1.57,2.25,1.63,2.43,1.67,2.8,1.57,2.35,2011_45_new_york_us_open,2011_45_new_york_us_open_2011-08-31_R64_lisicki_s_williams_v
tennis_data_uk,wta,2011,45,US Open,New York,2011-08-31,grand_slam,True,hard,R64,64,3,Falconi I.,Cibulkova D.,79,15,813,2565.0,2,1,2,6,6,3,7,5,,,,,completed,4.0,1.22,4.54,1.24,4.54,1.3,3.91,1.24,2011_45_new_york_us_open,2011_45_new_york_us_open_2011-08-31_R64_falconi_i_cibulkova_d
tennis_data_uk,wta,2011,45,US Open,New York,2011-08-31,grand_slam,True,hard,R64,64,3,Pennetta F.,Oprandi R.,25,131,1800,517.0,2,0,6,0,6,3,,,,,,,completed,1.25,3.75,1.23,4.7,1.3,4.7,1.24,3.85,2011_45_new_york_us_open,2011_45_new_york_us_open_2011-08-31_R64_pennetta_f_oprandi_r
tennis_data_uk,wta,2011,45,US Open,New York,2011-08-31,grand_slam,True,hard,R64,64,3,Kudryavtseva A.,Wickmayer Y.,77,22,845,2320.0,1,0,6,1,3,0,,,,,,,retired,3.5,1.28,3.75,1.32,4.0,1.46,3.45,1.29,2011_45_new_york_us_open,2011_45_new_york_us_open_2011-08-31_R64_kudryavtseva_a_wickmayer_y
tennis_data_uk,wta,2011,45,US Open,New York,2011-09-01,grand_slam,True,hard,R64,64,3,Kerber A.,Radwanska A.,92,13,747,3270.0,2,1,6,3,4,6,6,3,,,,,completed,6.0,1.12,6.5,1.15,8.0,1.15,6.14,1.11,2011_45_new_york_us_open,2011_45_new_york_us_open_2011-09-01_R64_kerber_a_radwanska_a
tennis_data_uk,wta,2011,45,US Open,New York,2011-09-01,grand_slam,True,hard,R64,64,3,Sharapova M.,Yakimova A.,4,84,6346,791.0,2,0,6,1,6,1,,,,,,,completed,1.02,19.0,1.03,17.5,1.04,24.68,1.02,13.61,2011_45_new_york_us_open,2011_45_new_york_us_open_2011-09-01_R64_sharapova_m_yakimova_a
tennis_data_uk,wta,2011,45,US Open,New York,2011-09-01,grand_slam,True,hard,R64,64,3,Jankovic J.,Dokic J.,12,73,3270,875.0,2,0,6,3,6,4,,,,,,,completed,1.14,5.5,1.2,5.27,1.21,5.75,1.16,5.02,2011_45_new_york_us_open,2011_45_new_york_us_open_2011-09-01_R64_jankovic_j_dokic_j
tennis_data_uk,wta,2011,45,US Open,New York,2011-09-01,grand_slam,True,hard,R64,64,3,Vinci R.,Cornet A.,20,95,2350,724.0,2,0,6,2,6,3,,,,,,,completed,1.18,4.5,1.19,5.46,1.25,5.46,1.18,4.55,2011_45_new_york_us_open,2011_45_new_york_us_open_2011-09-01_R64_vinci_r_cornet_a
tennis_data_uk,wta,2011,45,US Open,New York,2011-09-01,grand_slam,True,hard,R64,64,3,Soler Espinosa S.,Kanepi K.,141,34,460,1508.0,2,0,6,4,6,2,,,,,,,completed,2.75,1.4,3.06,1.43,3.16,1.5,2.81,1.41,2011_45_new_york_us_open,2011_45_new_york_us_open_2011-09-01_R64_soler_espinosa_s_kanepi_k
tennis_data_uk,wta,2011,45,US Open,New York,2011-09-01,grand_slam,True,hard,R64,64,3,Suarez Navarro C.,Halep S.,76,53,851,1139.0,2,1,3,6,6,2,6,2,,,,,completed,2.62,1.44,2.84,1.49,2.9,1.55,2.61,1.46,2011_45_new_york_us_open,2011_45_new_york_us_open_2011-09-01_R64_suarez_navarro_c_halep_s
tennis_data_uk,wta,2011,45,US Open,New York,2011-09-01,grand_slam,True,hard,R64,64,3,Schiavone F.,Lucic M.,8,96,4995,721.0,2,0,6,1,6,1,,,,,,,completed,1.12,6.0,1.14,6.97,1.16,7.12,1.12,5.87,2011_45_new_york_us_open,2011_45_new_york_us_open_2011-09-01_R64_schiavone_f_lucic_m
tennis_data_uk,wta,2011,45,US Open,New York,2011-09-01,grand_slam,True,hard,R64,64,3,Petkovic A.,Zheng J.,11,78,3805,826.0,2,1,3,6,6,3,6,3,,,,,completed,1.36,3.0,1.47,2.93,1.47,3.25,1.39,2.89,2011_45_new_york_us_open,2011_45_new_york_us_open_2011-09-01_R64_petkovic_a_zheng_j
tennis_data_uk,wta,2011,45,US Open,New York,2011-09-01,grand_slam,True,hard,R64,64,3,Ivanovic A.,Cetkovska P.,19,32,2415,1638.0,,,,,,,,,,,,,walkover,1.72,2.0,1.83,2.11,1.85,2.3,1.76,2.0,2011_45_new_york_us_open,2011_45_new_york_us_open_2011-09-01_R64_ivanovic_a_cetkovska_p
tennis_data_uk,wta,2011,45,US Open,New York,2011-09-01,grand_slam,True,hard,R64,64,3,Pavlyuchenkova A.,Martic P.,16,61,2500,1028.0,2,1,6,4,2,6,6,4,,,,,completed,1.36,3.0,1.38,3.31,1.42,3.41,1.35,3.05,2011_45_new_york_us_open,2011_45_new_york_us_open_2011-09-01_R64_pavlyuchenkova_a_martic_p
tennis_data_uk,wta,2011,45,US Open,New York,2011-09-01,grand_slam,True,hard,R64,64,3,Scheepers C.,Barthel M.,81,99,811,706.0,2,0,6,4,7,5,,,,,,,completed,1.83,1.83,1.79,2.14,1.9,2.18,1.79,1.97,2011_45_new_york_us_open,2011_45_new_york_us_open_2011-09-01_R64_scheepers_c_barthel_m
tennis_data_uk,wta,2011,45,US Open,New York,2011-09-01,grand_slam,True,hard,R64,64,3,Williams S.,Krajicek M.,27,183,1780,313.0,2,0,6,0,6,1,,,,,,,completed,1.02,19.0,1.02,22.73,1.03,32.85,1.02,15.7,2011_45_new_york_us_open,2011_45_new_york_us_open_2011-09-01_R64_williams_s_krajicek_m
tennis_data_uk,wta,2011,45,US Open,New York,2011-09-01,grand_slam,True,hard,R64,64,3,Amanmuradova A.,Parmentier P.,118,62,594,1005.0,2,0,6,3,7,5,,,,,,,completed,2.25,1.57,2.46,1.62,2.5,1.62,2.34,1.57,2011_45_new_york_us_open,2011_45_new_york_us_open_2011-09-01_R64_amanmuradova_a_parmentier_p
tennis_data_uk,wta,2011,45,US Open,New York,2011-09-01,grand_slam,True,hard,R64,64,3,Kuznetsova S.,Baltacha E.,17,58,2481,1050.0,2,0,6,4,6,3,,,,,,,completed,1.22,4.0,1.22,4.85,1.25,5.05,1.2,4.34,2011_45_new_york_us_open,2011_45_new_york_us_open_2011-09-01_R64_kuznetsova_s_baltacha_e
tennis_data_uk,wta,2011,45,US Open,New York,2011-09-01,grand_slam,True,hard,R64,64,3,Stephens S.,Peer S.,106,24,638,2155.0,2,0,6,1,7,6,,,,,,,completed,3.5,1.28,3.74,1.32,3.84,1.35,3.41,1.3,2011_45_new_york_us_open,2011_45_new_york_us_open_2011-09-01_R64_stephens_s_peer_s
tennis_data_uk,wta,2011,45,US Open,New York,2011-09-01,grand_slam,True,hard,R64,64,3,King V.,Gajdosova J.,103,31,657,1690.0,2,0,6,2,6,0,,,,,,,completed,2.2,1.61,2.3,1.7,2.38,1.73,2.21,1.63,2011_45_new_york_us_open,2011_45_new_york_us_open_2011-09-01_R64_king_v_gajdosova_j
tennis_data_uk,wta,2011,45,US Open,New York,2011-09-02,grand_slam,True,hard,R64,64,3,Azarenka V.,Dulko G.,5,57,5995,1059.0,2,0,6,4,6,3,,,,,,,completed,1.1,7.0,1.13,7.55,1.14,7.55,1.1,6.34,2011_45_new_york_us_open,2011_45_new_york_us_open_2011-09-02_R64_azarenka_v_dulko_g
tennis_data_uk,wta,2011,45,US Open,New York,2011-09-02,grand_slam,True,hard,R64,64,3,Wozniacki C.,Rus A.,1,82,9335,805.0,2,0,6,2,6,0,,,,,,,completed,1.05,11.0,1.04,15.0,1.07,17.2,1.04,10.23,2011_45_new_york_us_open,2011_45_new_york_us_open_2011-09-02_R64_wozniacki_c_rus_a
tennis_data_uk,wta,2011,45,US Open,New York,2011-09-02,grand_slam,True,hard,R32,32,3,Kerber A.,Kudryavtseva A.,92,77,747,845.0,2,0,6,3,6,1,,,,,,,completed,1.3,3.4,1.25,4.51,1.36,4.51,1.28,3.6,2011_45_new_york_us_open,2011_45_new_york_us_open_2011-09-02_R32_kerber_a_kudryavtseva_a
tennis_data_uk,wta,2011,45,US Open,New York,2011-09-02,grand_slam,True,hard,R32,32,3,Niculescu M.,Safarova L.,68,26,963,1785.0,2,0,6,0,6,1,,,,,,,completed,2.37,1.53,2.67,1.55,2.72,1.56,2.51,1.51,2011_45_new_york_us_open,2011_45_new_york_us_open_2011-09-02_R32_niculescu_m_safarova_l
tennis_data_uk,wta,2011,45,US Open,New York,2011-09-02,grand_slam,True,hard,R32,32,3,Zvonareva V.,Medina Garrigues A.,2,33,6820,1610.0,2,0,6,4,7,5,,,,,,,completed,1.11,6.5,1.14,7.13,1.15,7.13,1.12,6.0,2011_45_new_york_us_open,2011_45_new_york_us_open_2011-09-02_R32_zvonareva_v_medina_garrigues_a
tennis_data_uk,wta,2011,45,US Open,New York,2011-09-02,grand_slam,True,hard,R32,32,3,Peng S.,Goerges J.,14,21,2705,2335.0,2,0,6,4,7,6,,,,,,,completed,1.4,2.75,1.56,2.63,1.56,2.85,1.48,2.57,2011_45_new_york_us_open,2011_45_new_york_us_open_2011-09-02_R32_peng_s_goerges_j
tennis_data_uk,wta,2011,45,US Open,New York,2011-09-02,grand_slam,True,hard,R32,32,3,Pennetta F.,Sharapova M.,25,4,1800,6346.0,2,1,6,3,3,6,6,4,,,,,completed,5.0,1.16,4.55,1.25,5.2,1.25,4.52,1.19,2011_45_new_york_us_open,2011_45_new_york_us_open_2011-09-02_R32_pennetta_f_sharapova_m
tennis_data_uk,wta,2011,45,US Open,New York,2011-09-02,grand_slam,True,hard,R32,32,3,Lisicki S.,Falconi I.,18,79,2478,813.0,2,0,6,0,6,1,,,,,,,completed,1.06,10.0,1.09,9.5,1.1,10.0,1.07,7.92,2011_45_new_york_us_open,2011_45_new_york_us_open_2011-09-02_R32_lisicki_s_falconi_i
tennis_data_uk,wta,2011,45,US Open,New York,2011-09-03,grand_slam,True,hard,R32,32,3,Stosur S.,Petrova N.,10,30,3880,1695.0,2,1,7,6,6,7,7,5,,,,,completed,1.44,2.62,1.53,2.72,1.53,2.95,1.47,2.6,2011_45_new_york_us_open,2011_45_new_york_us_open_2011-09-03_R32_stosur_s_petrova_n
tennis_data_uk,wta,2011,45,US Open,New York,2011-09-03,grand_slam,True,hard,R32,32,3,Kirilenko M.,Mchale C.,29,55,1735,1066.0,2,0,6,2,6,3,,,,,,,completed,1.8,1.9,1.92,2.01,2.05,2.13,1.85,1.89,2011_45_new_york_us_open,2011_45_new_york_us_open_2011-09-03_R32_kirilenko_m_mchale_c
tennis_data_uk,wta,2011,45,US Open,New York,2011-09-03,grand_slam,True,hard,R32,32,3,Schiavone F.,Scheepers C.,8,81,4995,811.0,2,1,5,7,7,6,6,3,,,,,completed,1.16,5.0,1.2,5.45,1.22,5.85,1.17,4.88,2011_45_new_york_us_open,2011_45_new_york_us_open_2011-09-03_R32_schiavone_f_scheepers_c
tennis_data_uk,wta,2011,45,US Open,New York,2011-09-03,grand_slam,True,hard,R32,32,3,Suarez Navarro C.,Soler Espinosa S.,76,141,851,460.0,2,0,6,0,6,4,,,,,,,completed,1.66,2.1,1.76,2.22,1.77,2.28,1.7,2.11,2011_45_new_york_us_open,2011_45_new_york_us_open_2011-09-03_R32_suarez_navarro_c_soler_espinosa_s
tennis_data_uk,wta,2011,45,US Open,New York,2011-09-03,grand_slam,True,hard,R32,32,3,Wozniacki C.,King V.,1,103,9335,657.0,2,0,6,2,6,4,,,,,,,completed,1.06,10.0,1.07,12.0,1.08,14.5,1.05,9.9,2011_45_new_york_us_open,2011_45_new_york_us_open_2011-09-03_R32_wozniacki_c_king_v
tennis_data_uk,wta,2011,45,US Open,New York,2011-09-03,grand_slam,True,hard,R32,32,3,Pavlyuchenkova A.,Jankovic J.,16,12,2500,3270.0,2,0,6,4,6,4,,,,,,,completed,2.2,1.61,2.23,1.75,2.38,1.77,2.2,1.64,2011_45_new_york_us_open,2011_45_new_york_us_open_2011-09-03_R32_pavlyuchenkova_a_jankovic_j
tennis_data_uk,wta,2011,45,US Open,New York,2011-09-03,grand_slam,True,hard,R32,32,3,Petkovic A.,Vinci R.,11,20,3805,2350.0,2,0,6,4,6,0,,,,,,,completed,1.57,2.25,1.61,2.51,1.65,2.63,1.56,2.37,2011_45_new_york_us_open,2011_45_new_york_us_open_2011-09-03_R32_petkovic_a_vinci_r
tennis_data_uk,wta,2011,45,US Open,New York,2011-09-03,grand_slam,True,hard,R32,32,3,Williams S.,Azarenka V.,27,5,1780,5995.0,2,0,6,1,7,6,,,,,,,completed,1.3,3.4,1.38,3.39,1.4,4.15,1.29,3.54,2011_45_new_york_us_open,2011_45_new_york_us_open_2011-09-03_R32_williams_s_azarenka_v
tennis_data_uk,wta,2011,45,US Open,New York,2011-09-03,grand_slam,True,hard,R32,32,3,Kuznetsova S.,Amanmuradova A.,17,118,2481,594.0,2,0,6,4,6,2,,,,,,,completed,1.11,6.5,1.11,8.53,1.14,8.53,1.1,6.6,2011_45_new_york_us_open,2011_45_new_york_us_open_2011-09-03_R32_kuznetsova_s_amanmuradova_a
tennis_data_uk,wta,2011,45,US Open,New York,2011-09-04,grand_slam,True,hard,R32,32,3,Ivanovic A.,Stephens S.,19,106,2415,638.0,2,0,6,3,6,4,,,,,,,completed,1.28,3.5,1.29,4.05,1.34,4.33,1.27,3.68,2011_45_new_york_us_open,2011_45_new_york_us_open_2011-09-04_R32_ivanovic_a_stephens_s
tennis_data_uk,wta,2011,45,US Open,New York,2011-09-04,grand_slam,True,hard,R16,16,3,Kerber A.,Niculescu M.,92,68,747,963.0,2,0,6,4,6,3,,,,,,,completed,1.66,2.1,1.77,2.2,1.77,2.3,1.67,2.15,2011_45_new_york_us_open,2011_45_new_york_us_open_2011-09-04_R16_kerber_a_niculescu_m
tennis_data_uk,wta,2011,45,US Open,New York,2011-09-04,grand_slam,True,hard,R16,16,3,Pennetta F.,Peng S.,25,14,1800,2705.0,2,0,6,4,7,6,,,,,,,completed,1.83,1.83,1.93,1.99,2.0,2.08,1.88,1.88,2011_45_new_york_us_open,2011_45_new_york_us_open_2011-09-04_R16_pennetta_f_peng_s
tennis_data_uk,wta,2011,45,US Open,New York,2011-09-05,grand_slam,True,hard,R16,16,3,Stosur S.,Kirilenko M.,10,29,3880,1735.0,2,1,6,2,6,7,6,3,,,,,completed,1.36,3.0,1.43,3.14,1.44,3.6,1.38,3.01,2011_45_new_york_us_open,2011_45_new_york_us_open_2011-09-05_R16_stosur_s_kirilenko_m
tennis_data_uk,wta,2011,45,US Open,New York,2011-09-05,grand_slam,True,hard,R16,16,3,Zvonareva V.,Lisicki S.,2,18,6820,2478.0,2,0,6,2,6,3,,,,,,,completed,2.0,1.72,2.1,1.84,2.3,2.23,1.98,1.79,2011_45_new_york_us_open,2011_45_new_york_us_open_2011-09-05_R16_zvonareva_v_lisicki_s
tennis_data_uk,wta,2011,45,US Open,New York,2011-09-05,grand_slam,True,hard,R16,16,3,Pavlyuchenkova A.,Schiavone F.,16,8,2500,4995.0,2,1,5,7,6,3,6,4,,,,,completed,1.66,2.1,1.75,2.23,1.77,2.3,1.67,2.16,2011_45_new_york_us_open,2011_45_new_york_us_open_2011-09-05_R16_pavlyuchenkova_a_schiavone_f
tennis_data_uk,wta,2011,45,US Open,New York,2011-09-05,grand_slam,True,hard,R16,16,3,Williams S.,Ivanovic A.,27,19,1780,2415.0,2,0,6,3,6,4,,,,,,,completed,1.1,7.0,1.09,9.5,1.12,10.31,1.08,7.68,2011_45_new_york_us_open,2011_45_new_york_us_open_2011-09-05_R16_williams_s_ivanovic_a
tennis_data_uk,wta,2011,45,US Open,New York,2011-09-05,grand_slam,True,hard,R16,16,3,Petkovic A.,Suarez Navarro C.,11,76,3805,851.0,2,0,6,1,6,4,,,,,,,completed,1.22,4.0,1.24,4.72,1.26,5.2,1.21,4.29,2011_45_new_york_us_open,2011_45_new_york_us_open_2011-09-05_R16_petkovic_a_suarez_navarro_c
tennis_data_uk,wta,2011,45,US Open,New York,2011-09-06,grand_slam,True,hard,R16,16,3,Wozniacki C.,Kuznetsova S.,1,17,9335,2481.0,2,1,6,7,7,5,6,1,,,,,completed,1.28,3.5,1.32,3.84,1.33,4.05,1.28,3.54,2011_45_new_york_us_open,2011_45_new_york_us_open_2011-09-06_R16_wozniacki_c_kuznetsova_s
tennis_data_uk,wta,2011,45,US Open,New York,2011-09-08,grand_slam,True,hard,QF,8,3,Stosur S.,Zvonareva V.,10,2,3880,6820.0,2,0,6,3,6,3,,,,,,,completed,2.25,1.57,2.45,1.64,2.45,1.7,2.23,1.64,2011_45_new_york_us_open,2011_45_new_york_us_open_2011-09-08_QF_stosur_s_zvonareva_v
tennis_data_uk,wta,2011,45,US Open,New York,2011-09-08,grand_slam,True,hard,QF,8,3,Williams S.,Pavlyuchenkova A.,27,16,1780,2500.0,2,0,7,5,6,1,,,,,,,completed,1.05,11.0,1.08,10.5,1.09,11.0,1.06,8.83,2011_45_new_york_us_open,2011_45_new_york_us_open_2011-09-08_QF_williams_s_pavlyuchenkova_a
tennis_data_uk,wta,2011,45,US Open,New York,2011-09-08,grand_slam,True,hard,QF,8,3,Kerber A.,Pennetta F.,92,25,747,1800.0,2,1,6,4,4,6,6,3,,,,,completed,3.25,1.36,3.01,1.45,3.3,1.48,3.02,1.37,2011_45_new_york_us_open,2011_45_new_york_us_open_2011-09-08_QF_kerber_a_pennetta_f
tennis_data_uk,wta,2011,45,US Open,New York,2011-09-08,grand_slam,True,hard,QF,8,3,Wozniacki C.,Petkovic A.,1,11,9335,3805.0,2,0,6,1,7,6,,,,,,,completed,1.44,2.75,1.4,3.25,1.5,3.25,1.43,2.79,2011_45_new_york_us_open,2011_45_new_york_us_open_2011-09-08_QF_wozniacki_c_petkovic_a
tennis_data_uk,wta,2011,45,US Open,New York,2011-09-10,grand_slam,True,hard,SF,4,3,Stosur S.,Kerber A.,10,92,3880,747.0,2,1,6,3,2,6,6,2,,,,,completed,1.22,4.33,1.28,4.26,1.28,4.65,1.22,4.17,2011_45_new_york_us_open,2011_45_new_york_us_open_2011-09-10_SF_stosur_s_kerber_a
tennis_data_uk,wta,2011,45,US Open,New York,2011-09-11,grand_slam,True,hard,SF,4,3,Williams S.,Wozniacki C.,27,1,1780,9335.0,2,0,6,2,6,4,,,,,,,completed,1.3,3.5,1.31,4.0,1.32,4.5,1.27,3.72,2011_45_new_york_us_open,2011_45_new_york_us_open_2011-09-11_SF_williams_s_wozniacki_c
tennis_data_uk,wta,2011,45,US Open,New York,2011-09-11,grand_slam,True,hard,F,2,3,Stosur S.,Williams S.,10,27,3880,1780.0,2,0,6,2,6,3,,,,,,,completed,6.0,1.14,6.26,1.17,6.26,1.19,5.33,1.15,2011_45_new_york_us_open,2011_45_new_york_us_open_2011-09-11_F_stosur_s_williams_s
tennis_data_uk,wta,2011,46,Bell Challenge,Quebec,2011-09-12,international,False,hard,R32,32,3,Czink M.,Woerle K.,155,125,410,537.0,2,1,6,4,1,6,6,3,,,,,completed,1.36,3.0,1.37,3.34,1.45,3.34,1.39,2.86,2011_46_quebec_bell_challenge,2011_46_quebec_bell_challenge_2011-09-12_R32_czink_m_woerle_k
tennis_data_uk,wta,2011,46,Bell Challenge,Quebec,2011-09-12,international,False,hard,R32,32,3,Watson H.,Kremer A.,107,161,659,380.0,2,0,6,2,6,4,,,,,,,completed,1.18,4.5,1.18,5.47,1.22,6.5,1.18,4.66,2011_46_quebec_bell_challenge,2011_46_quebec_bell_challenge_2011-09-12_R32_watson_h_kremer_a
tennis_data_uk,wta,2011,46,Bell Challenge,Quebec,2011-09-12,international,False,hard,R32,32,3,Falconi I.,Riske A.,74,118,913,590.0,2,0,6,3,6,3,,,,,,,completed,1.53,2.37,1.6,2.48,1.61,2.62,1.52,2.43,2011_46_quebec_bell_challenge,2011_46_quebec_bell_challenge_2011-09-12_R32_falconi_i_riske_a
tennis_data_uk,wta,2011,46,Bell Challenge,Quebec,2011-09-13,international,False,hard,R32,32,3,Marino R.,Dubois S.,50,96,1161,712.0,2,0,6,2,6,4,,,,,,,completed,1.66,2.1,1.81,2.1,1.83,2.15,1.74,2.02,2011_46_quebec_bell_challenge,2011_46_quebec_bell_challenge_2011-09-13_R32_marino_r_dubois_s
tennis_data_uk,wta,2011,46,Bell Challenge,Quebec,2011-09-13,international,False,hard,R32,32,3,Krajicek M.,Pelletier M.E.,138,331,471,147.0,2,0,7,6,6,3,,,,,,,completed,1.18,4.5,1.19,5.29,1.25,5.29,1.19,4.49,2011_46_quebec_bell_challenge,2011_46_quebec_bell_challenge_2011-09-13_R32_krajicek_m_pelletier_m_e
tennis_data_uk,wta,2011,46,Bell Challenge,Quebec,2011-09-13,international,False,hard,R32,32,3,Safarova L.,Craybas J.,27,114,1940,612.0,2,0,6,2,6,1,,,,,,,completed,1.16,5.0,1.2,5.19,1.22,5.5,1.17,4.67,2011_46_quebec_bell_challenge,2011_46_quebec_bell_challenge_2011-09-13_R32_safarova_l_craybas_j
tennis_data_uk,wta,2011,46,Bell Challenge,Quebec,2011-09-13,international,False,hard,R32,32,3,Zahlavova Strycova B.,Zhang S.,75,102,910,675.0,2,0,6,4,6,2,,,,,,,completed,1.61,2.2,1.76,2.16,1.76,2.25,1.69,2.09,2011_46_quebec_bell_challenge,2011_46_quebec_bell_challenge_2011-09-13_R32_zahlavova_strycova_b_zhang_s
tennis_data_uk,wta,2011,46,Bell Challenge,Quebec,2011-09-13,international,False,hard,R32,32,3,Hantuchova D.,Tomljanovic A.,25,160,2065,381.0,2,1,6,0,2,6,6,4,,,,,completed,1.1,7.0,1.13,7.34,1.15,7.5,1.11,6.12,2011_46_quebec_bell_challenge,2011_46_quebec_bell_challenge_2011-09-13_R32_hantuchova_d_tomljanovic_a
tennis_data_uk,wta,2011,46,Bell Challenge,Quebec,2011-09-13,international,False,hard,R32,32,3,Coin J.,Tatishvili A.,318,91,160,742.0,2,1,5,7,6,4,6,4,,,,,completed,2.25,1.57,2.33,1.67,2.45,1.67,2.3,1.58,2011_46_quebec_bell_challenge,2011_46_quebec_bell_challenge_2011-09-13_R32_coin_j_tatishvili_a
tennis_data_uk,wta,2011,46,Bell Challenge,Quebec,2011-09-13,international,False,hard,R32,32,3,Paszek T.,Weinhold A.,40,191,1269,314.0,2,1,6,0,4,6,6,2,,,,,completed,1.16,5.0,1.19,5.34,1.21,7.0,1.17,4.72,2011_46_quebec_bell_challenge,2011_46_quebec_bell_challenge_2011-09-13_R32_paszek_t_weinhold_a
tennis_data_uk,wta,2011,46,Bell Challenge,Quebec,2011-09-13,international,False,hard,R32,32,3,Lucic M.,Hampton J.,104,126,661,536.0,2,0,6,4,6,2,,,,,,,completed,1.8,1.9,1.7,2.25,1.95,2.25,1.75,2.02,2011_46_quebec_bell_challenge,2011_46_quebec_bell_challenge_2011-09-13_R32_lucic_m_hampton_j
tennis_data_uk,wta,2011,46,Bell Challenge,Quebec,2011-09-13,international,False,hard,R32,32,3,Hlavackova A.,Oudin M.,103,128,670,516.0,2,0,6,1,6,3,,,,,,,completed,1.61,2.2,1.69,2.28,1.69,2.35,1.62,2.22,2011_46_quebec_bell_challenge,2011_46_quebec_bell_challenge_2011-09-13_R32_hlavackova_a_oudin_m
tennis_data_uk,wta,2011,46,Bell Challenge,Quebec,2011-09-13,international,False,hard,R32,32,3,Arvidsson S.,Bovina E.,77,360,885,123.0,2,1,2,6,6,1,6,2,,,,,completed,1.36,3.0,1.35,3.46,1.57,3.5,1.36,3.02,2011_46_quebec_bell_challenge,2011_46_quebec_bell_challenge_2011-09-13_R32_arvidsson_s_bovina_e
tennis_data_uk,wta,2011,46,Bell Challenge,Quebec,2011-09-13,international,False,hard,R32,32,3,Erakovic M.,Garcia C.,85,135,813,480.0,2,1,6,4,4,6,6,4,,,,,completed,1.28,3.5,1.27,4.17,1.33,4.17,1.29,3.46,2011_46_quebec_bell_challenge,2011_46_quebec_bell_challenge_2011-09-13_R32_erakovic_m_garcia_c
tennis_data_uk,wta,2011,46,Bell Challenge,Quebec,2011-09-14,international,False,hard,R32,32,3,Wozniak A.,Brodsky G.,123,239,557,238.0,2,0,6,2,6,1,,,,,,,completed,1.16,5.0,1.16,6.02,1.22,6.02,1.17,4.8,2011_46_quebec_bell_challenge,2011_46_quebec_bell_challenge_2011-09-14_R32_wozniak_a_brodsky_g
tennis_data_uk,wta,2011,46,Bell Challenge,Quebec,2011-09-14,international,False,hard,R32,32,3,Lepchenko V.,Bouchard E.,106,346,660,133.0,2,1,6,1,6,7,6,3,,,,,completed,1.57,2.25,1.53,2.67,1.64,2.8,1.55,2.36,2011_46_quebec_bell_challenge,2011_46_quebec_bell_challenge_2011-09-14_R32_lepchenko_v_bouchard_e
tennis_data_uk,wta,2011,46,Bell Challenge,Quebec,2011-09-14,international,False,hard,R16,16,3,Krajicek M.,Coin J.,138,318,471,160.0,2,1,7,5,4,6,6,1,,,,,completed,1.4,2.75,1.38,3.38,1.45,3.38,1.4,2.85,2011_46_quebec_bell_challenge,2011_46_quebec_bell_challenge_2011-09-14_R16_krajicek_m_coin_j
tennis_data_uk,wta,2011,46,Bell Challenge,Quebec,2011-09-14,international,False,hard,R16,16,3,Paszek T.,Lepchenko V.,40,106,1269,660.0,2,1,6,7,6,3,7,6,,,,,completed,1.33,3.25,1.36,3.44,1.39,3.6,1.32,3.25,2011_46_quebec_bell_challenge,2011_46_quebec_bell_challenge_2011-09-14_R16_paszek_t_lepchenko_v
tennis_data_uk,wta,2011,46,Bell Challenge,Quebec,2011-09-15,international,False,hard,R16,16,3,Marino R.,Wozniak A.,50,123,1161,557.0,2,1,6,4,4,6,6,4,,,,,completed,2.62,1.44,2.83,1.49,2.83,1.55,2.58,1.47,2011_46_quebec_bell_challenge,2011_46_quebec_bell_challenge_2011-09-15_R16_marino_r_wozniak_a
tennis_data_uk,wta,2011,46,Bell Challenge,Quebec,2011-09-15,international,False,hard,R16,16,3,Watson H.,Arvidsson S.,107,77,659,885.0,2,0,7,5,6,3,,,,,,,completed,1.83,1.83,1.88,2.03,2.0,2.04,1.86,1.88,2011_46_quebec_bell_challenge,2011_46_quebec_bell_challenge_2011-09-15_R16_watson_h_arvidsson_s
tennis_data_uk,wta,2011,46,Bell Challenge,Quebec,2011-09-15,international,False,hard,R16,16,3,Erakovic M.,Falconi I.,85,74,813,913.0,2,1,6,3,2,6,6,2,,,,,completed,1.83,1.83,1.86,2.05,2.0,2.05,1.88,1.85,2011_46_quebec_bell_challenge,2011_46_quebec_bell_challenge_2011-09-15_R16_erakovic_m_falconi_i
tennis_data_uk,wta,2011,46,Bell Challenge,Quebec,2011-09-15,international,False,hard,R16,16,3,Hlavackova A.,Safarova L.,103,27,670,1940.0,2,0,7,6,7,5,,,,,,,completed,4.0,1.22,3.81,1.31,4.0,1.33,3.6,1.27,2011_46_quebec_bell_challenge,2011_46_quebec_bell_challenge_2011-09-15_R16_hlavackova_a_safarova_l
tennis_data_uk,wta,2011,46,Bell Challenge,Quebec,2011-09-15,international,False,hard,R16,16,3,Zahlavova Strycova B.,Lucic M.,75,104,910,661.0,2,1,2,6,6,1,6,3,,,,,completed,1.57,2.25,1.56,2.61,1.73,2.69,1.63,2.22,2011_46_quebec_bell_challenge,2011_46_quebec_bell_challenge_2011-09-15_R16_zahlavova_strycova_b_lucic_m
tennis_data_uk,wta,2011,46,Bell Challenge,Quebec,2011-09-16,international,False,hard,R16,16,3,Hantuchova D.,Czink M.,25,155,2065,410.0,2,1,6,7,6,4,6,3,,,,,completed,1.14,5.5,1.23,4.77,1.23,5.5,1.17,4.68,2011_46_quebec_bell_challenge,2011_46_quebec_bell_challenge_2011-09-16_R16_hantuchova_d_czink_m
tennis_data_uk,wta,2011,46,Bell Challenge,Quebec,2011-09-16,international,False,hard,QF,8,3,Paszek T.,Watson H.,40,107,1269,659.0,2,0,6,4,7,6,,,,,,,completed,2.0,1.72,2.23,1.75,2.23,1.8,2.06,1.71,2011_46_quebec_bell_challenge,2011_46_quebec_bell_challenge_2011-09-16_QF_paszek_t_watson_h
tennis_data_uk,wta,2011,46,Bell Challenge,Quebec,2011-09-16,international,False,hard,QF,8,3,Erakovic M.,Hantuchova D.,85,25,813,2065.0,2,0,6,4,6,4,,,,,,,completed,2.75,1.4,3.06,1.44,3.15,1.5,2.8,1.41,2011_46_quebec_bell_challenge,2011_46_quebec_bell_challenge_2011-09-16_QF_erakovic_m_hantuchova_d
tennis_data_uk,wta,2011,46,Bell Challenge,Quebec,2011-09-17,international,False,hard,QF,8,3,Krajicek M.,Marino R.,138,50,471,1161.0,2,0,6,1,6,3,,,,,,,completed,2.25,1.57,2.23,1.75,2.4,1.77,2.19,1.64,2011_46_quebec_bell_challenge,2011_46_quebec_bell_challenge_2011-09-17_QF_krajicek_m_marino_r
tennis_data_uk,wta,2011,46,Bell Challenge,Quebec,2011-09-17,international,False,hard,QF,8,3,Zahlavova Strycova B.,Hlavackova A.,75,103,910,670.0,2,0,6,3,7,5,,,,,,,completed,1.9,1.8,2.03,1.9,2.1,1.9,1.93,1.82,2011_46_quebec_bell_challenge,2011_46_quebec_bell_challenge_2011-09-17_QF_zahlavova_strycova_b_hlavackova_a
tennis_data_uk,wta,2011,46,Bell Challenge,Quebec,2011-09-17,international,False,hard,SF,4,3,Erakovic M.,Paszek T.,85,40,813,1269.0,2,1,2,6,7,5,6,4,,,,,completed,1.83,1.83,2.03,1.9,2.03,1.93,1.89,1.84,2011_46_quebec_bell_challenge,2011_46_quebec_bell_challenge_2011-09-17_SF_erakovic_m_paszek_t
tennis_data_uk,wta,2011,46,Bell Challenge,Quebec,2011-09-18,international,False,hard,SF,4,3,Zahlavova Strycova B.,Krajicek M.,75,138,910,471.0,2,0,6,4,6,3,,,,,,,completed,2.25,1.57,2.24,1.75,2.3,1.76,2.14,1.66,2011_46_quebec_bell_challenge,2011_46_quebec_bell_challenge_2011-09-18_SF_zahlavova_strycova_b_krajicek_m
tennis_data_uk,wta,2011,46,Bell Challenge,Quebec,2011-09-18,international,False,hard,F,2,3,Zahlavova Strycova B.,Erakovic M.,75,85,910,813.0,2,1,4,6,6,1,6,0,,,,,completed,2.0,1.8,2.05,1.88,2.3,1.88,2.07,1.71,2011_46_quebec_bell_challenge,2011_46_quebec_bell_challenge_2011-09-18_F_zahlavova_strycova_b_erakovic_m
tennis_data_uk,wta,2011,47,Tashkent Open,Tashkent,2011-09-12,international,True,hard,R32,32,3,Sevastova A.,Koryttseva M.,76,136,888,479.0,2,0,6,0,7,6,,,,,,,completed,1.44,2.62,1.53,2.67,1.57,2.8,1.5,2.48,2011_47_tashkent_tashkent_open,2011_47_tashkent_tashkent_open_2011-09-12_R32_sevastova_a_koryttseva_m
tennis_data_uk,wta,2011,47,Tashkent Open,Tashkent,2011-09-12,international,True,hard,R32,32,3,Cirstea S.,Jovanovski B.,92,56,733,1083.0,2,0,6,3,6,1,,,,,,,completed,2.37,1.53,2.74,1.51,2.74,1.58,2.43,1.52,2011_47_tashkent_tashkent_open,2011_47_tashkent_tashkent_open_2011-09-12_R32_cirstea_s_jovanovski_b
tennis_data_uk,wta,2011,47,Tashkent Open,Tashkent,2011-09-12,international,True,hard,R32,32,3,Savinykh V.,Tsurenko L.,133,130,486,496.0,2,0,6,4,6,3,,,,,,,completed,2.25,1.57,2.14,1.78,2.38,1.78,2.21,1.62,2011_47_tashkent_tashkent_open,2011_47_tashkent_tashkent_open_2011-09-12_R32_savinykh_v_tsurenko_l
tennis_data_uk,wta,2011,47,Tashkent Open,Tashkent,2011-09-12,international,True,hard,R32,32,3,Diatchenko V.,Govortsova O.,131,113,488,619.0,2,1,7,6,3,6,6,4,,,,,completed,1.66,2.1,1.79,2.12,1.85,2.15,1.73,2.03,2011_47_tashkent_tashkent_open,2011_47_tashkent_tashkent_open_2011-09-12_R32_diatchenko_v_govortsova_o
tennis_data_uk,wta,2011,47,Tashkent Open,Tashkent,2011-09-12,international,True,hard,R32,32,3,Doi M.,Minella M.,112,162,620,376.0,2,1,6,2,4,6,6,4,,,,,completed,1.72,2.0,1.97,1.92,1.97,2.2,1.75,1.99,2011_47_tashkent_tashkent_open,2011_47_tashkent_tashkent_open_2011-09-12_R32_doi_m_minella_m
tennis_data_uk,wta,2011,47,Tashkent Open,Tashkent,2011-09-12,international,True,hard,R32,32,3,Rodina E.,Bremond I.,90,111,748,632.0,2,1,6,3,4,6,6,0,,,,,completed,1.57,2.25,1.68,2.31,1.68,2.35,1.62,2.23,2011_47_tashkent_tashkent_open,2011_47_tashkent_tashkent_open_2011-09-12_R32_rodina_e_bremond_i
tennis_data_uk,wta,2011,47,Tashkent Open,Tashkent,2011-09-13,international,True,hard,R32,32,3,Radwanska U.,Cepelova J.,121,226,569,250.0,2,0,6,1,6,4,,,,,,,completed,1.25,3.75,1.29,3.9,1.35,4.04,1.28,3.52,2011_47_tashkent_tashkent_open,2011_47_tashkent_tashkent_open_2011-09-13_R32_radwanska_u_cepelova_j
tennis_data_uk,wta,2011,47,Tashkent Open,Tashkent,2011-09-13,international,True,hard,R32,32,3,Kudryavtseva A.,Dolonts V.,64,95,1000,716.0,2,0,6,2,7,5,,,,,,,completed,1.83,1.83,2.09,1.81,2.09,1.95,1.89,1.84,2011_47_tashkent_tashkent_open,2011_47_tashkent_tashkent_open_2011-09-13_R32_kudryavtseva_a_dolonts_v
tennis_data_uk,wta,2011,47,Tashkent Open,Tashkent,2011-09-13,international,True,hard,R32,32,3,Birnerova E.,Namigata J.,115,181,606,334.0,2,0,6,4,6,1,,,,,,,completed,1.5,2.5,1.5,2.76,1.73,2.76,1.55,2.38,2011_47_tashkent_tashkent_open,2011_47_tashkent_tashkent_open_2011-09-13_R32_birnerova_e_namigata_j
tennis_data_uk,wta,2011,47,Tashkent Open,Tashkent,2011-09-13,international,True,hard,R32,32,3,Sharipova S.,Georgatou E.,594,193,47,312.0,2,0,6,4,6,1,,,,,,,completed,3.25,1.33,3.47,1.35,3.47,1.45,3.0,1.36,2011_47_tashkent_tashkent_open,2011_47_tashkent_tashkent_open_2011-09-13_R32_sharipova_s_georgatou_e
tennis_data_uk,wta,2011,47,Tashkent Open,Tashkent,2011-09-13,international,True,hard,R32,32,3,Larriere V.,Kucova Z.,262,127,214,522.0,2,1,3,6,6,4,6,1,,,,,completed,2.25,1.57,2.25,1.71,2.73,1.74,2.4,1.53,2011_47_tashkent_tashkent_open,2011_47_tashkent_tashkent_open_2011-09-13_R32_larriere_v_kucova_z
tennis_data_uk,wta,2011,47,Tashkent Open,Tashkent,2011-09-13,international,True,hard,R32,32,3,Krunic A.,Farhad K.,232,1190,243,4.0,2,0,6,0,6,1,,,,,,,completed,1.06,10.0,1.08,9.94,1.1,10.4,1.07,8.04,2011_47_tashkent_tashkent_open,2011_47_tashkent_tashkent_open_2011-09-13_R32_krunic_a_farhad_k
tennis_data_uk,wta,2011,47,Tashkent Open,Tashkent,2011-09-13,international,True,hard,R32,32,3,Amanmuradova A.,Rezai A.,117,100,594,690.0,2,0,6,4,6,3,,,,,,,completed,2.0,1.72,2.03,1.86,2.15,1.86,2.03,1.74,2011_47_tashkent_tashkent_open,2011_47_tashkent_tashkent_open_2011-09-13_R32_amanmuradova_a_rezai_a
tennis_data_uk,wta,2011,47,Tashkent Open,Tashkent,2011-09-13,international,True,hard,R32,32,3,Daniilidou E.,Parmentier P.,87,62,769,1005.0,2,0,7,5,6,1,,,,,,,completed,1.72,2.0,2.0,1.89,2.05,2.1,1.81,1.94,2011_47_tashkent_tashkent_open,2011_47_tashkent_tashkent_open_2011-09-13_R32_daniilidou_e_parmentier_p
tennis_data_uk,wta,2011,47,Tashkent Open,Tashkent,2011-09-13,international,True,hard,R32,32,3,Pervak K.,Voskoboeva G.,52,82,1145,827.0,2,0,6,2,7,5,,,,,,,completed,2.2,1.61,2.37,1.65,2.61,1.67,2.32,1.57,2011_47_tashkent_tashkent_open,2011_47_tashkent_tashkent_open_2011-09-13_R32_pervak_k_voskoboeva_g
tennis_data_uk,wta,2011,47,Tashkent Open,Tashkent,2011-09-13,international,True,hard,R32,32,3,Rybarikova M.,Abduraimova N.,72,469,930,76.0,2,1,6,7,6,4,6,3,,,,,completed,1.14,5.5,1.18,5.56,1.2,6.24,1.15,5.0,2011_47_tashkent_tashkent_open,2011_47_tashkent_tashkent_open_2011-09-13_R32_rybarikova_m_abduraimova_n
tennis_data_uk,wta,2011,47,Tashkent Open,Tashkent,2011-09-14,international,True,hard,R16,16,3,Cirstea S.,Krunic A.,92,232,733,243.0,2,0,6,3,6,4,,,,,,,completed,1.28,3.5,1.27,4.26,1.33,4.26,1.27,3.63,2011_47_tashkent_tashkent_open,2011_47_tashkent_tashkent_open_2011-09-14_R16_cirstea_s_krunic_a
tennis_data_uk,wta,2011,47,Tashkent Open,Tashkent,2011-09-14,international,True,hard,R16,16,3,Radwanska U.,Amanmuradova A.,121,117,569,594.0,2,1,6,7,6,4,6,3,,,,,completed,1.83,1.83,1.98,1.93,1.96,2.04,1.86,1.87,2011_47_tashkent_tashkent_open,2011_47_tashkent_tashkent_open_2011-09-14_R16_radwanska_u_amanmuradova_a
tennis_data_uk,wta,2011,47,Tashkent Open,Tashkent,2011-09-14,international,True,hard,R16,16,3,Birnerova E.,Rodina E.,115,90,606,748.0,2,1,6,7,6,4,6,1,,,,,completed,2.37,1.53,2.41,1.64,2.55,1.64,2.37,1.55,2011_47_tashkent_tashkent_open,2011_47_tashkent_tashkent_open_2011-09-14_R16_birnerova_e_rodina_e
tennis_data_uk,wta,2011,47,Tashkent Open,Tashkent,2011-09-14,international,True,hard,R16,16,3,Larriere V.,Rybarikova M.,262,72,214,930.0,2,0,6,4,6,4,,,,,,,completed,3.0,1.36,3.22,1.4,3.5,1.4,3.11,1.34,2011_47_tashkent_tashkent_open,2011_47_tashkent_tashkent_open_2011-09-14_R16_larriere_v_rybarikova_m
tennis_data_uk,wta,2011,47,Tashkent Open,Tashkent,2011-09-14,international,True,hard,R16,16,3,Savinykh V.,Sevastova A.,133,76,486,888.0,2,1,7,5,3,6,6,3,,,,,completed,3.25,1.33,3.65,1.33,3.65,1.4,3.2,1.32,2011_47_tashkent_tashkent_open,2011_47_tashkent_tashkent_open_2011-09-14_R16_savinykh_v_sevastova_a
tennis_data_uk,wta,2011,47,Tashkent Open,Tashkent,2011-09-14,international,True,hard,R16,16,3,Daniilidou E.,Doi M.,87,112,769,620.0,2,0,7,6,6,4,,,,,,,completed,1.4,2.75,1.46,2.96,1.5,3.0,1.43,2.69,2011_47_tashkent_tashkent_open,2011_47_tashkent_tashkent_open_2011-09-14_R16_daniilidou_e_doi_m
tennis_data_uk,wta,2011,47,Tashkent Open,Tashkent,2011-09-14,international,True,hard,R16,16,3,Kudryavtseva A.,Diatchenko V.,64,131,1000,488.0,2,1,6,1,2,6,6,3,,,,,completed,1.9,1.8,1.83,2.09,2.0,2.14,1.84,1.89,2011_47_tashkent_tashkent_open,2011_47_tashkent_tashkent_open_2011-09-14_R16_kudryavtseva_a_diatchenko_v
tennis_data_uk,wta,2011,47,Tashkent Open,Tashkent,2011-09-14,international,True,hard,R16,16,3,Pervak K.,Sharipova S.,52,594,1145,47.0,2,0,6,3,6,3,,,,,,,completed,1.06,10.0,1.09,9.16,1.1,10.5,1.07,7.58,2011_47_tashkent_tashkent_open,2011_47_tashkent_tashkent_open_2011-09-14_R16_pervak_k_sharipova_s
tennis_data_uk,wta,2011,47,Tashkent Open,Tashkent,2011-09-15,international,True,hard,QF,8,3,Birnerova E.,Savinykh V.,115,133,606,486.0,2,1,6,4,4,6,6,3,,,,,completed,2.1,1.66,2.24,1.75,2.3,1.8,2.09,1.7,2011_47_tashkent_tashkent_open,2011_47_tashkent_tashkent_open_2011-09-15_QF_birnerova_e_savinykh_v
tennis_data_uk,wta,2011,47,Tashkent Open,Tashkent,2011-09-15,international,True,hard,QF,8,3,Pervak K.,Larriere V.,52,262,1145,214.0,2,0,6,1,6,2,,,,,,,completed,1.16,5.0,1.18,5.92,1.18,6.0,1.14,5.3,2011_47_tashkent_tashkent_open,2011_47_tashkent_tashkent_open_2011-09-15_QF_pervak_k_larriere_v
tennis_data_uk,wta,2011,47,Tashkent Open,Tashkent,2011-09-15,international,True,hard,QF,8,3,Radwanska U.,Daniilidou E.,121,87,569,769.0,2,1,6,3,4,6,6,4,,,,,completed,1.44,2.62,1.47,2.93,1.53,2.86,1.46,2.61,2011_47_tashkent_tashkent_open,2011_47_tashkent_tashkent_open_2011-09-15_QF_radwanska_u_daniilidou_e
tennis_data_uk,wta,2011,47,Tashkent Open,Tashkent,2011-09-15,international,True,hard,QF,8,3,Kudryavtseva A.,Cirstea S.,64,92,1000,733.0,2,0,7,6,6,4,,,,,,,completed,2.0,1.72,2.13,1.83,2.13,1.91,1.94,1.8,2011_47_tashkent_tashkent_open,2011_47_tashkent_tashkent_open_2011-09-15_QF_kudryavtseva_a_cirstea_s
tennis_data_uk,wta,2011,47,Tashkent Open,Tashkent,2011-09-16,international,True,hard,SF,4,3,Pervak K.,Radwanska U.,52,121,1145,569.0,2,0,6,2,6,4,,,,,,,completed,1.57,2.25,1.59,2.56,1.63,2.6,1.55,2.35,2011_47_tashkent_tashkent_open,2011_47_tashkent_tashkent_open_2011-09-16_SF_pervak_k_radwanska_u
tennis_data_uk,wta,2011,47,Tashkent Open,Tashkent,2011-09-16,international,True,hard,SF,4,3,Birnerova E.,Kudryavtseva A.,115,64,606,1000.0,0,1,3,6,5,3,,,,,,,retired,3.0,1.36,3.14,1.43,3.17,1.44,2.92,1.38,2011_47_tashkent_tashkent_open,2011_47_tashkent_tashkent_open_2011-09-16_SF_birnerova_e_kudryavtseva_a
tennis_data_uk,wta,2011,47,Tashkent Open,Tashkent,2011-09-17,international,True,hard,F,2,3,Pervak K.,Birnerova E.,52,115,1145,606.0,2,0,6,3,6,1,,,,,,,completed,1.2,4.33,1.2,5.29,1.25,6.0,1.2,4.4,2011_47_tashkent_tashkent_open,2011_47_tashkent_tashkent_open_2011-09-17_F_pervak_k_birnerova_e
tennis_data_uk,wta,2011,48,WANLIMA Guangzhou International Women's Open,Guangzhou,2011-09-19,international,True,hard,R32,32,3,Martic P.,Chang K.C.,55,152,1089,416.0,2,0,6,4,6,4,,,,,,,completed,1.25,3.75,1.29,3.9,1.35,4.04,1.29,3.45,2011_48_guangzhou_wanlima_guangzhou_international_women_s_open,2011_48_guangzhou_wanlima_guangzhou_international_women_s_open_2011-09-19_R32_martic_p_chang_k_c
tennis_data_uk,wta,2011,48,WANLIMA Guangzhou International Women's Open,Guangzhou,2011-09-19,international,True,hard,R32,32,3,Radwanska U.,Rodionova An.,105,125,697,554.0,2,0,7,6,6,4,,,,,,,completed,1.4,2.75,1.43,3.03,1.5,3.1,1.42,2.75,2011_48_guangzhou_wanlima_guangzhou_international_women_s_open,2011_48_guangzhou_wanlima_guangzhou_international_women_s_open_2011-09-19_R32_radwanska_u_rodionova_an
tennis_data_uk,wta,2011,48,WANLIMA Guangzhou International Women's Open,Guangzhou,2011-09-19,international,True,hard,R32,32,3,Lertcheewakarn N.,Zheng S.,158,265,390,210.0,2,0,7,5,6,0,,,,,,,completed,1.44,2.62,1.52,2.7,1.5,2.85,1.44,2.67,2011_48_guangzhou_wanlima_guangzhou_international_women_s_open,2011_48_guangzhou_wanlima_guangzhou_international_women_s_open_2011-09-19_R32_lertcheewakarn_n_zheng_s
tennis_data_uk,wta,2011,48,WANLIMA Guangzhou International Women's Open,Guangzhou,2011-09-20,international,True,hard,R32,32,3,Hsieh S.W.,Lu J.J.,215,201,288,311.0,2,0,6,0,6,2,,,,,,,completed,1.36,3.0,1.41,3.12,1.5,3.3,1.4,2.86,2011_48_guangzhou_wanlima_guangzhou_international_women_s_open,2011_48_guangzhou_wanlima_guangzhou_international_women_s_open_2011-09-20_R32_hsieh_s_w_lu_j_j
tennis_data_uk,wta,2011,48,WANLIMA Guangzhou International Women's Open,Guangzhou,2011-09-20,international,True,hard,R32,32,3,Rybarikova M.,Craybas J.,72,117,944,600.0,2,1,6,3,4,6,6,2,,,,,completed,1.44,2.62,1.46,2.89,1.56,3.0,1.46,2.59,2011_48_guangzhou_wanlima_guangzhou_international_women_s_open,2011_48_guangzhou_wanlima_guangzhou_international_women_s_open_2011-09-20_R32_rybarikova_m_craybas_j
tennis_data_uk,wta,2011,48,WANLIMA Guangzhou International Women's Open,Guangzhou,2011-09-20,international,True,hard,R32,32,3,Luzhanska T.,Jovanovski B.,140,56,460,1083.0,2,1,6,3,4,6,7,6,,,,,completed,3.75,1.25,4.2,1.26,4.6,1.3,3.72,1.25,2011_48_guangzhou_wanlima_guangzhou_international_women_s_open,2011_48_guangzhou_wanlima_guangzhou_international_women_s_open_2011-09-20_R32_luzhanska_t_jovanovski_b
tennis_data_uk,wta,2011,48,WANLIMA Guangzhou International Women's Open,Guangzhou,2011-09-20,international,True,hard,R32,32,3,Scheepers C.,Sevastova A.,73,77,937,917.0,2,1,7,5,1,6,6,3,,,,,completed,1.57,2.25,1.69,2.28,1.9,2.35,1.64,2.18,2011_48_guangzhou_wanlima_guangzhou_international_women_s_open,2011_48_guangzhou_wanlima_guangzhou_international_women_s_open_2011-09-20_R32_scheepers_c_sevastova_a
tennis_data_uk,wta,2011,48,WANLIMA Guangzhou International Women's Open,Guangzhou,2011-09-20,international,True,hard,R32,32,3,Rezai A.,Zhang S.,106,123,690,575.0,2,0,6,2,7,6,,,,,,,completed,1.83,1.83,1.93,1.96,1.93,2.06,1.84,1.9,2011_48_guangzhou_wanlima_guangzhou_international_women_s_open,2011_48_guangzhou_wanlima_guangzhou_international_women_s_open_2011-09-20_R32_rezai_a_zhang_s
tennis_data_uk,wta,2011,48,WANLIMA Guangzhou International Women's Open,Guangzhou,2011-09-20,international,True,hard,R32,32,3,Chan Y.J.,Pervak K.,143,37,452,1355.0,0,0,4,1,,,,,,,,,retired,2.75,1.4,3.35,1.37,3.35,1.42,2.96,1.37,2011_48_guangzhou_wanlima_guangzhou_international_women_s_open,2011_48_guangzhou_wanlima_guangzhou_international_women_s_open_2011-09-20_R32_chan_y_j_pervak_k
tennis_data_uk,wta,2011,48,WANLIMA Guangzhou International Women's Open,Guangzhou,2011-09-20,international,True,hard,R32,32,3,Minella M.,Xu Y.F.,166,382,367,112.0,2,1,2,6,7,6,6,0,,,,,completed,1.72,2.0,1.65,2.37,1.75,2.38,1.67,2.14,2011_48_guangzhou_wanlima_guangzhou_international_women_s_open,2011_48_guangzhou_wanlima_guangzhou_international_women_s_open_2011-09-20_R32_minella_m_xu_y_f
tennis_data_uk,wta,2011,48,WANLIMA Guangzhou International Women's Open,Guangzhou,2011-09-20,international,True,hard,R32,32,3,Bremond I.,Koryttseva M.,112,138,632,462.0,2,0,6,1,6,3,,,,,,,completed,2.0,1.72,2.21,1.74,2.3,1.8,2.1,1.69,2011_48_guangzhou_wanlima_guangzhou_international_women_s_open,2011_48_guangzhou_wanlima_guangzhou_international_women_s_open_2011-09-20_R32_bremond_i_koryttseva_m
tennis_data_uk,wta,2011,48,WANLIMA Guangzhou International Women's Open,Guangzhou,2011-09-20,international,True,hard,R32,32,3,Zhao Y.J.,Doi M.,437,111,87,640.0,2,0,6,4,6,3,,,,,,,completed,3.0,1.36,2.8,1.49,3.05,1.55,2.79,1.41,2011_48_guangzhou_wanlima_guangzhou_international_women_s_open,2011_48_guangzhou_wanlima_guangzhou_international_women_s_open_2011-09-20_R32_zhao_y_j_doi_m
tennis_data_uk,wta,2011,48,WANLIMA Guangzhou International Women's Open,Guangzhou,2011-09-20,international,True,hard,R32,32,3,Gajdosova J.,Han X.,34,247,1529,229.0,2,0,6,2,6,1,,,,,,,completed,1.14,5.5,1.12,7.21,1.17,7.25,1.12,5.77,2011_48_guangzhou_wanlima_guangzhou_international_women_s_open,2011_48_guangzhou_wanlima_guangzhou_international_women_s_open_2011-09-20_R32_gajdosova_j_han_x
tennis_data_uk,wta,2011,48,WANLIMA Guangzhou International Women's Open,Guangzhou,2011-09-20,international,True,hard,R32,32,3,Diyas Z.,Sun S.N.,171,343,354,138.0,2,0,6,1,6,4,,,,,,,completed,1.36,3.0,,,1.4,3.25,1.36,3.01,2011_48_guangzhou_wanlima_guangzhou_international_women_s_open,2011_48_guangzhou_wanlima_guangzhou_international_women_s_open_2011-09-20_R32_diyas_z_sun_s_n
tennis_data_uk,wta,2011,48,WANLIMA Guangzhou International Women's Open,Guangzhou,2011-09-20,international,True,hard,R32,32,3,Kirilenko M.,Bondarenko A.,28,156,1855,404.0,2,0,6,4,6,2,,,,,,,completed,1.18,4.5,1.2,5.19,1.3,5.3,1.19,4.41,2011_48_guangzhou_wanlima_guangzhou_international_women_s_open,2011_48_guangzhou_wanlima_guangzhou_international_women_s_open_2011-09-20_R32_kirilenko_m_bondarenko_a
tennis_data_uk,wta,2011,48,WANLIMA Guangzhou International Women's Open,Guangzhou,2011-09-20,international,True,hard,R32,32,3,Zheng J.,Brianti A.,83,58,826,1061.0,2,0,7,6,6,4,,,,,,,completed,1.25,3.75,1.26,4.25,1.3,4.3,1.26,3.68,2011_48_guangzhou_wanlima_guangzhou_international_women_s_open,2011_48_guangzhou_wanlima_guangzhou_international_women_s_open_2011-09-20_R32_zheng_j_brianti_a
tennis_data_uk,wta,2011,48,WANLIMA Guangzhou International Women's Open,Guangzhou,2011-09-21,international,True,hard,R16,16,3,Radwanska U.,Chan Y.J.,105,143,697,452.0,2,1,2,6,6,2,6,2,,,,,completed,1.53,2.37,1.8,2.13,1.84,2.5,1.63,2.23,2011_48_guangzhou_wanlima_guangzhou_international_women_s_open,2011_48_guangzhou_wanlima_guangzhou_international_women_s_open_2011-09-21_R16_radwanska_u_chan_y_j
tennis_data_uk,wta,2011,48,WANLIMA Guangzhou International Women's Open,Guangzhou,2011-09-21,international,True,hard,R16,16,3,Martic P.,Diyas Z.,55,171,1089,354.0,2,1,4,6,6,2,6,4,,,,,completed,1.2,4.33,1.28,4.1,1.33,4.33,1.26,3.7,2011_48_guangzhou_wanlima_guangzhou_international_women_s_open,2011_48_guangzhou_wanlima_guangzhou_international_women_s_open_2011-09-21_R16_martic_p_diyas_z
tennis_data_uk,wta,2011,48,WANLIMA Guangzhou International Women's Open,Guangzhou,2011-09-21,international,True,hard,R16,16,3,Gajdosova J.,Minella M.,34,166,1529,367.0,2,1,4,6,6,2,6,3,,,,,completed,1.11,6.5,1.15,6.55,1.17,7.0,1.12,5.75,2011_48_guangzhou_wanlima_guangzhou_international_women_s_open,2011_48_guangzhou_wanlima_guangzhou_international_women_s_open_2011-09-21_R16_gajdosova_j_minella_m
tennis_data_uk,wta,2011,48,WANLIMA Guangzhou International Women's Open,Guangzhou,2011-09-21,international,True,hard,R16,16,3,Luzhanska T.,Zhao Y.J.,140,437,460,87.0,2,1,6,4,2,6,7,5,,,,,completed,1.66,2.1,1.74,2.23,1.79,2.4,1.66,2.15,2011_48_guangzhou_wanlima_guangzhou_international_women_s_open,2011_48_guangzhou_wanlima_guangzhou_international_women_s_open_2011-09-21_R16_luzhanska_t_zhao_y_j
tennis_data_uk,wta,2011,48,WANLIMA Guangzhou International Women's Open,Guangzhou,2011-09-21,international,True,hard,R16,16,3,Scheepers C.,Hsieh S.W.,73,215,937,288.0,2,1,3,6,7,6,6,1,,,,,completed,1.36,3.0,1.51,2.75,1.51,3.0,1.43,2.69,2011_48_guangzhou_wanlima_guangzhou_international_women_s_open,2011_48_guangzhou_wanlima_guangzhou_international_women_s_open_2011-09-21_R16_scheepers_c_hsieh_s_w
tennis_data_uk,wta,2011,48,WANLIMA Guangzhou International Women's Open,Guangzhou,2011-09-21,international,True,hard,R16,16,3,Kirilenko M.,Bremond I.,28,112,1855,632.0,2,0,6,3,6,1,,,,,,,completed,1.1,7.0,1.14,6.71,1.15,7.5,1.11,6.13,2011_48_guangzhou_wanlima_guangzhou_international_women_s_open,2011_48_guangzhou_wanlima_guangzhou_international_women_s_open_2011-09-21_R16_kirilenko_m_bremond_i
tennis_data_uk,wta,2011,48,WANLIMA Guangzhou International Women's Open,Guangzhou,2011-09-21,international,True,hard,R16,16,3,Rybarikova M.,Rezai A.,72,106,944,690.0,2,0,6,4,6,1,,,,,,,completed,2.25,1.57,2.42,1.64,2.43,1.66,2.29,1.58,2011_48_guangzhou_wanlima_guangzhou_international_women_s_open,2011_48_guangzhou_wanlima_guangzhou_international_women_s_open_2011-09-21_R16_rybarikova_m_rezai_a
tennis_data_uk,wta,2011,48,WANLIMA Guangzhou International Women's Open,Guangzhou,2011-09-21,international,True,hard,R16,16,3,Zheng J.,Lertcheewakarn N.,83,158,826,390.0,2,0,6,3,7,5,,,,,,,completed,1.11,6.5,1.11,8.36,1.17,8.36,1.11,6.24,2011_48_guangzhou_wanlima_guangzhou_international_women_s_open,2011_48_guangzhou_wanlima_guangzhou_international_women_s_open_2011-09-21_R16_zheng_j_lertcheewakarn_n
tennis_data_uk,wta,2011,48,WANLIMA Guangzhou International Women's Open,Guangzhou,2011-09-22,international,True,hard,QF,8,3,Scheepers C.,Radwanska U.,73,105,937,697.0,2,1,4,6,7,6,6,3,,,,,completed,2.2,1.61,2.26,1.74,2.26,1.8,2.07,1.71,2011_48_guangzhou_wanlima_guangzhou_international_women_s_open,2011_48_guangzhou_wanlima_guangzhou_international_women_s_open_2011-09-22_QF_scheepers_c_radwanska_u
tennis_data_uk,wta,2011,48,WANLIMA Guangzhou International Women's Open,Guangzhou,2011-09-22,international,True,hard,QF,8,3,Kirilenko M.,Luzhanska T.,28,140,1855,460.0,2,0,6,1,7,5,,,,,,,completed,1.06,10.0,1.06,12.5,1.08,12.5,1.05,8.95,2011_48_guangzhou_wanlima_guangzhou_international_women_s_open,2011_48_guangzhou_wanlima_guangzhou_international_women_s_open_2011-09-22_QF_kirilenko_m_luzhanska_t
tennis_data_uk,wta,2011,48,WANLIMA Guangzhou International Women's Open,Guangzhou,2011-09-22,international,True,hard,QF,8,3,Zheng J.,Martic P.,83,55,826,1089.0,2,1,1,6,6,4,6,3,,,,,completed,1.61,2.2,1.56,2.65,1.67,2.65,1.59,2.29,2011_48_guangzhou_wanlima_guangzhou_international_women_s_open,2011_48_guangzhou_wanlima_guangzhou_international_women_s_open_2011-09-22_QF_zheng_j_martic_p
tennis_data_uk,wta,2011,48,WANLIMA Guangzhou International Women's Open,Guangzhou,2011-09-22,international,True,hard,QF,8,3,Rybarikova M.,Gajdosova J.,72,34,944,1529.0,2,0,6,4,6,3,,,,,,,completed,2.1,1.66,2.34,1.69,2.34,1.8,2.09,1.7,2011_48_guangzhou_wanlima_guangzhou_international_women_s_open,2011_48_guangzhou_wanlima_guangzhou_international_women_s_open_2011-09-22_QF_rybarikova_m_gajdosova_j
tennis_data_uk,wta,2011,48,WANLIMA Guangzhou International Women's Open,Guangzhou,2011-09-23,international,True,hard,SF,4,3,Scheepers C.,Kirilenko M.,73,28,937,1855.0,2,1,7,5,5,7,6,4,,,,,completed,5.0,1.16,4.76,1.24,5.0,1.25,4.29,1.2,2011_48_guangzhou_wanlima_guangzhou_international_women_s_open,2011_48_guangzhou_wanlima_guangzhou_international_women_s_open_2011-09-23_SF_scheepers_c_kirilenko_m
tennis_data_uk,wta,2011,48,WANLIMA Guangzhou International Women's Open,Guangzhou,2011-09-23,international,True,hard,SF,4,3,Rybarikova M.,Zheng J.,72,83,944,826.0,2,0,7,5,6,3,,,,,,,completed,2.2,1.61,2.29,1.71,2.3,1.71,2.17,1.65,2011_48_guangzhou_wanlima_guangzhou_international_women_s_open,2011_48_guangzhou_wanlima_guangzhou_international_women_s_open_2011-09-23_SF_rybarikova_m_zheng_j
tennis_data_uk,wta,2011,48,WANLIMA Guangzhou International Women's Open,Guangzhou,2011-09-24,international,True,hard,F,2,3,Scheepers C.,Rybarikova M.,73,72,937,944.0,2,0,6,2,6,2,,,,,,,completed,2.5,1.5,2.47,1.63,2.55,1.63,2.38,1.55,2011_48_guangzhou_wanlima_guangzhou_international_women_s_open,2011_48_guangzhou_wanlima_guangzhou_international_women_s_open_2011-09-24_F_scheepers_c_rybarikova_m
tennis_data_uk,wta,2011,49,Hansol Korea Open,Seoul,2011-09-19,international,True,hard,R32,32,3,Zakopalova K.,Morita A.,43,44,1225,1193.0,2,0,6,3,6,4,,,,,,,completed,1.72,2.0,1.81,2.08,1.86,2.22,1.77,1.99,2011_49_seoul_hansol_korea_open,2011_49_seoul_hansol_korea_open_2011-09-19_R32_zakopalova_k_morita_a
tennis_data_uk,wta,2011,49,Hansol Korea Open,Seoul,2011-09-19,international,True,hard,R32,32,3,Dulgheru A.,Rus A.,53,79,1106,853.0,2,1,2,6,6,0,7,5,,,,,completed,1.83,1.83,1.93,1.96,1.99,2.04,1.81,1.91,2011_49_seoul_hansol_korea_open,2011_49_seoul_hansol_korea_open_2011-09-19_R32_dulgheru_a_rus_a
tennis_data_uk,wta,2011,49,Hansol Korea Open,Seoul,2011-09-19,international,True,hard,R32,32,3,Cibulkova D.,Parra Santonja A.,22,122,2165,581.0,2,0,6,3,7,5,,,,,,,completed,1.12,6.0,1.12,6.97,1.2,6.97,1.13,5.45,2011_49_seoul_hansol_korea_open,2011_49_seoul_hansol_korea_open_2011-09-19_R32_cibulkova_d_parra_santonja_a
tennis_data_uk,wta,2011,49,Hansol Korea Open,Seoul,2011-09-20,international,True,hard,R32,32,3,Benesova I.,Yakimova A.,57,68,1068,989.0,2,0,6,3,6,2,,,,,,,completed,1.72,2.0,1.81,2.1,1.9,2.5,1.75,2.01,2011_49_seoul_hansol_korea_open,2011_49_seoul_hansol_korea_open_2011-09-20_R32_benesova_i_yakimova_a
tennis_data_uk,wta,2011,49,Hansol Korea Open,Seoul,2011-09-20,international,True,hard,R32,32,3,King V.,Date Krumm K.,98,61,717,1045.0,2,0,6,2,6,2,,,,,,,completed,1.8,1.9,1.81,2.09,1.95,2.09,1.83,1.9,2011_49_seoul_hansol_korea_open,2011_49_seoul_hansol_korea_open_2011-09-20_R32_king_v_date_krumm_k
tennis_data_uk,wta,2011,49,Hansol Korea Open,Seoul,2011-09-20,international,True,hard,R32,32,3,Shvedova Y.,Tanasugarn T.,220,95,270,739.0,2,0,6,2,6,0,,,,,,,completed,1.4,2.75,1.51,2.72,1.62,2.75,1.52,2.43,2011_49_seoul_hansol_korea_open,2011_49_seoul_hansol_korea_open_2011-09-20_R32_shvedova_y_tanasugarn_t
tennis_data_uk,wta,2011,49,Hansol Korea Open,Seoul,2011-09-20,international,True,hard,R32,32,3,Suarez Navarro C.,Birnerova E.,60,93,1046,752.0,2,0,6,4,6,4,,,,,,,completed,1.3,3.4,1.4,3.18,1.44,3.4,1.37,2.97,2011_49_seoul_hansol_korea_open,2011_49_seoul_hansol_korea_open_2011-09-20_R32_suarez_navarro_c_birnerova_e
tennis_data_uk,wta,2011,49,Hansol Korea Open,Seoul,2011-09-20,international,True,hard,R32,32,3,Daniilidou E.,Kim S-J.,84,316,803,160.0,2,1,4,6,6,2,7,5,,,,,completed,1.12,6.0,1.14,6.52,1.17,6.52,1.13,5.52,2011_49_seoul_hansol_korea_open,2011_49_seoul_hansol_korea_open_2011-09-20_R32_daniilidou_e_kim_s_j
tennis_data_uk,wta,2011,49,Hansol Korea Open,Seoul,2011-09-20,international,True,hard,R32,32,3,Voskoboeva G.,Makarova E.,82,42,828,1230.0,2,0,6,4,6,4,,,,,,,completed,1.57,2.25,1.77,2.16,1.8,2.3,1.69,2.1,2011_49_seoul_hansol_korea_open,2011_49_seoul_hansol_korea_open_2011-09-20_R32_voskoboeva_g_makarova_e
tennis_data_uk,wta,2011,49,Hansol Korea Open,Seoul,2011-09-20,international,True,hard,R32,32,3,Begu I.,Amanmuradova A.,38,118,1288,594.0,2,0,6,1,6,3,,,,,,,completed,1.4,2.75,1.49,2.81,1.67,2.95,1.51,2.47,2011_49_seoul_hansol_korea_open,2011_49_seoul_hansol_korea_open_2011-09-20_R32_begu_i_amanmuradova_a
tennis_data_uk,wta,2011,49,Hansol Korea Open,Seoul,2011-09-20,international,True,hard,R32,32,3,Hercog P.,Kucova Z.,35,131,1430,522.0,2,0,6,0,6,2,,,,,,,completed,1.22,4.0,1.23,4.67,1.3,9.0,1.24,4.03,2011_49_seoul_hansol_korea_open,2011_49_seoul_hansol_korea_open_2011-09-20_R32_hercog_p_kucova_z
tennis_data_uk,wta,2011,49,Hansol Korea Open,Seoul,2011-09-20,international,True,hard,R32,32,3,Dushevina V.,Schiavone F.,65,8,1000,4775.0,2,0,7,6,6,2,,,,,,,completed,3.5,1.28,3.5,1.34,3.6,1.4,3.16,1.33,2011_49_seoul_hansol_korea_open,2011_49_seoul_hansol_korea_open_2011-09-20_R32_dushevina_v_schiavone_f
tennis_data_uk,wta,2011,49,Hansol Korea Open,Seoul,2011-09-20,international,True,hard,R32,32,3,Goerges J.,Sema Y.,21,198,2395,316.0,2,0,6,1,6,1,,,,,,,completed,1.07,9.0,1.09,8.61,1.15,9.0,1.09,6.92,2011_49_seoul_hansol_korea_open,2011_49_seoul_hansol_korea_open_2011-09-20_R32_goerges_j_sema_y
tennis_data_uk,wta,2011,49,Hansol Korea Open,Seoul,2011-09-20,international,True,hard,R32,32,3,Pliskova Kr.,Rottmann N.,210,378,293,115.0,2,0,6,1,7,5,,,,,,,completed,1.5,2.5,1.6,2.49,1.63,9.0,1.53,2.57,2011_49_seoul_hansol_korea_open,2011_49_seoul_hansol_korea_open_2011-09-20_R32_pliskova_kr_rottmann_n
tennis_data_uk,wta,2011,49,Hansol Korea Open,Seoul,2011-09-20,international,True,hard,R32,32,3,Bartoli M.,Llagostera Vives N.,10,133,4225,498.0,2,0,6,2,6,2,,,,,,,completed,1.1,7.0,1.13,6.94,1.14,7.66,1.11,6.01,2011_49_seoul_hansol_korea_open,2011_49_seoul_hansol_korea_open_2011-09-20_R32_bartoli_m_llagostera_vives_n
tennis_data_uk,wta,2011,49,Hansol Korea Open,Seoul,2011-09-20,international,True,hard,R32,32,3,Martinez-Sanchez M.J.,Falconi I.,36,75,1410,927.0,2,0,6,3,6,3,,,,,,,completed,1.61,2.2,1.69,2.28,1.8,2.4,1.68,2.11,2011_49_seoul_hansol_korea_open,2011_49_seoul_hansol_korea_open_2011-09-20_R32_martinez_sanchez_m_j_falconi_i
tennis_data_uk,wta,2011,49,Hansol Korea Open,Seoul,2011-09-21,international,True,hard,R16,16,3,Zakopalova K.,Begu I.,43,38,1225,1288.0,2,0,6,1,6,1,,,,,,,completed,2.5,1.5,2.43,1.63,2.53,1.67,2.35,1.56,2011_49_seoul_hansol_korea_open,2011_49_seoul_hansol_korea_open_2011-09-21_R16_zakopalova_k_begu_i
tennis_data_uk,wta,2011,49,Hansol Korea Open,Seoul,2011-09-21,international,True,hard,R16,16,3,Cibulkova D.,Shvedova Y.,22,220,2165,270.0,1,0,7,6,,,,,,,,,retired,1.4,2.75,1.58,2.56,1.58,3.0,1.44,2.67,2011_49_seoul_hansol_korea_open,2011_49_seoul_hansol_korea_open_2011-09-21_R16_cibulkova_d_shvedova_y
tennis_data_uk,wta,2011,49,Hansol Korea Open,Seoul,2011-09-21,international,True,hard,R16,16,3,King V.,Bartoli M.,98,10,717,4225.0,2,0,6,3,7,5,,,,,,,completed,3.75,1.25,3.96,1.3,4.33,1.3,3.84,1.24,2011_49_seoul_hansol_korea_open,2011_49_seoul_hansol_korea_open_2011-09-21_R16_king_v_bartoli_m
tennis_data_uk,wta,2011,49,Hansol Korea Open,Seoul,2011-09-21,international,True,hard,R16,16,3,Hercog P.,Suarez Navarro C.,35,60,1430,1046.0,2,0,6,3,7,5,,,,,,,completed,1.72,2.0,1.91,2.0,1.93,2.05,1.79,1.95,2011_49_seoul_hansol_korea_open,2011_49_seoul_hansol_korea_open_2011-09-21_R16_hercog_p_suarez_navarro_c
tennis_data_uk,wta,2011,49,Hansol Korea Open,Seoul,2011-09-22,international,True,hard,R16,16,3,Goerges J.,Daniilidou E.,21,84,2395,803.0,2,0,6,4,7,5,,,,,,,completed,1.2,4.33,1.23,4.79,1.25,4.81,1.2,4.32,2011_49_seoul_hansol_korea_open,2011_49_seoul_hansol_korea_open_2011-09-22_R16_goerges_j_daniilidou_e
tennis_data_uk,wta,2011,49,Hansol Korea Open,Seoul,2011-09-22,international,True,hard,R16,16,3,Voskoboeva G.,Benesova I.,82,57,828,1068.0,2,0,6,4,6,4,,,,,,,completed,1.57,2.25,1.53,2.68,1.62,2.69,1.54,2.38,2011_49_seoul_hansol_korea_open,2011_49_seoul_hansol_korea_open_2011-09-22_R16_voskoboeva_g_benesova_i
tennis_data_uk,wta,2011,49,Hansol Korea Open,Seoul,2011-09-22,international,True,hard,R16,16,3,Martinez-Sanchez M.J.,Pliskova Kr.,36,210,1410,293.0,2,0,7,6,6,2,,,,,,,completed,1.16,5.0,1.2,5.25,1.2,5.5,1.17,4.78,2011_49_seoul_hansol_korea_open,2011_49_seoul_hansol_korea_open_2011-09-22_R16_martinez_sanchez_m_j_pliskova_kr
tennis_data_uk,wta,2011,49,Hansol Korea Open,Seoul,2011-09-22,international,True,hard,R16,16,3,Dushevina V.,Dulgheru A.,65,53,1000,1106.0,2,0,6,3,6,1,,,,,,,completed,1.4,2.75,1.47,2.89,1.5,2.9,1.44,2.68,2011_49_seoul_hansol_korea_open,2011_49_seoul_hansol_korea_open_2011-09-22_R16_dushevina_v_dulgheru_a
tennis_data_uk,wta,2011,49,Hansol Korea Open,Seoul,2011-09-23,international,True,hard,QF,8,3,Hercog P.,Cibulkova D.,35,22,1430,2165.0,2,0,6,3,6,1,,,,,,,completed,2.37,1.53,3.05,1.45,3.05,1.6,2.46,1.52,2011_49_seoul_hansol_korea_open,2011_49_seoul_hansol_korea_open_2011-09-23_QF_hercog_p_cibulkova_d
tennis_data_uk,wta,2011,49,Hansol Korea Open,Seoul,2011-09-23,international,True,hard,QF,8,3,Voskoboeva G.,Dushevina V.,82,65,828,1000.0,2,0,6,2,6,3,,,,,,,completed,2.2,1.61,2.29,1.71,2.4,1.71,2.19,1.64,2011_49_seoul_hansol_korea_open,2011_49_seoul_hansol_korea_open_2011-09-23_QF_voskoboeva_g_dushevina_v
tennis_data_uk,wta,2011,49,Hansol Korea Open,Seoul,2011-09-23,international,True,hard,QF,8,3,Zakopalova K.,King V.,43,98,1225,717.0,2,1,6,2,4,6,6,1,,,,,completed,2.0,1.72,2.29,1.71,2.33,1.8,2.11,1.69,2011_49_seoul_hansol_korea_open,2011_49_seoul_hansol_korea_open_2011-09-23_QF_zakopalova_k_king_v
tennis_data_uk,wta,2011,49,Hansol Korea Open,Seoul,2011-09-23,international,True,hard,QF,8,3,Martinez-Sanchez M.J.,Goerges J.,36,21,1410,2395.0,2,0,7,6,6,1,,,,,,,completed,2.25,1.57,2.21,1.76,2.38,1.76,2.21,1.63,2011_49_seoul_hansol_korea_open,2011_49_seoul_hansol_korea_open_2011-09-23_QF_martinez_sanchez_m_j_goerges_j
tennis_data_uk,wta,2011,49,Hansol Korea Open,Seoul,2011-09-24,international,True,hard,SF,4,3,Martinez-Sanchez M.J.,Zakopalova K.,36,43,1410,1225.0,2,0,6,3,6,2,,,,,,,completed,1.66,2.1,1.78,2.19,1.78,2.2,1.69,2.12,2011_49_seoul_hansol_korea_open,2011_49_seoul_hansol_korea_open_2011-09-24_SF_martinez_sanchez_m_j_zakopalova_k
tennis_data_uk,wta,2011,49,Hansol Korea Open,Seoul,2011-09-24,international,True,hard,SF,4,3,Voskoboeva G.,Hercog P.,82,35,828,1430.0,2,0,6,1,6,4,,,,,,,completed,1.8,1.9,1.76,2.22,1.95,2.6,1.76,2.02,2011_49_seoul_hansol_korea_open,2011_49_seoul_hansol_korea_open_2011-09-24_SF_voskoboeva_g_hercog_p
tennis_data_uk,wta,2011,49,Hansol Korea Open,Seoul,2011-09-25,international,True,hard,F,2,3,Martinez-Sanchez M.J.,Voskoboeva G.,36,82,1410,828.0,2,0,7,6,7,6,,,,,,,completed,1.8,1.9,1.93,1.99,1.97,2.03,1.84,1.9,2011_49_seoul_hansol_korea_open,2011_49_seoul_hansol_korea_open_2011-09-25_F_martinez_sanchez_m_j_voskoboeva_g
tennis_data_uk,wta,2011,50,Toray Pan Pacific Open,Tokyo,2011-09-25,premier,True,hard,R64,64,3,Zahlavova Strycova B.,Sevastova A.,46,80,1160,917.0,1,0,7,6,4,1,,,,,,,retired,1.53,2.37,1.66,2.36,1.7,3.25,1.58,2.31,2011_50_tokyo_toray_pan_pacific_open,2011_50_tokyo_toray_pan_pacific_open_2011-09-25_R64_zahlavova_strycova_b_sevastova_a
tennis_data_uk,wta,2011,50,Toray Pan Pacific Open,Tokyo,2011-09-25,premier,True,hard,R64,64,3,Tanasugarn T.,Cetkovska P.,93,31,739,1686.0,2,0,6,4,6,4,,,,,,,completed,5.0,1.16,5.29,1.19,5.4,1.28,4.34,1.2,2011_50_tokyo_toray_pan_pacific_open,2011_50_tokyo_toray_pan_pacific_open_2011-09-25_R64_tanasugarn_t_cetkovska_p
tennis_data_uk,wta,2011,50,Toray Pan Pacific Open,Tokyo,2011-09-25,premier,True,hard,R64,64,3,Pavlyuchenkova A.,Rus A.,16,82,2720,853.0,2,0,6,4,6,3,,,,,,,completed,1.12,6.0,1.13,7.42,1.17,7.42,1.12,5.76,2011_50_tokyo_toray_pan_pacific_open,2011_50_tokyo_toray_pan_pacific_open_2011-09-25_R64_pavlyuchenkova_a_rus_a
tennis_data_uk,wta,2011,50,Toray Pan Pacific Open,Tokyo,2011-09-25,premier,True,hard,R64,64,3,Kerber A.,Jovanovski B.,33,57,1642,1083.0,2,0,6,1,6,0,,,,,,,completed,1.22,4.0,1.26,4.26,1.35,4.26,1.27,3.63,2011_50_tokyo_toray_pan_pacific_open,2011_50_tokyo_toray_pan_pacific_open_2011-09-25_R64_kerber_a_jovanovski_b
tennis_data_uk,wta,2011,50,Toray Pan Pacific Open,Tokyo,2011-09-25,premier,True,hard,R64,64,3,Begu I.,Pliskova Ka.,38,187,1268,326.0,2,1,1,6,6,3,6,4,,,,,completed,1.2,4.33,1.19,5.28,1.25,5.28,1.2,4.35,2011_50_tokyo_toray_pan_pacific_open,2011_50_tokyo_toray_pan_pacific_open_2011-09-25_R64_begu_i_pliskova_ka
tennis_data_uk,wta,2011,50,Toray Pan Pacific Open,Tokyo,2011-09-25,premier,True,hard,R64,64,3,Radwanska A.,Doi M.,13,108,3270,640.0,2,0,6,1,6,1,,,,,,,completed,1.05,11.0,1.05,13.12,1.1,13.12,1.05,9.14,2011_50_tokyo_toray_pan_pacific_open,2011_50_tokyo_toray_pan_pacific_open_2011-09-25_R64_radwanska_a_doi_m
tennis_data_uk,wta,2011,50,Toray Pan Pacific Open,Tokyo,2011-09-25,premier,True,hard,R64,64,3,Robson L.,Dulgheru A.,146,59,436,1066.0,2,0,6,2,6,2,,,,,,,completed,2.5,1.5,2.47,1.6,2.5,1.65,2.33,1.57,2011_50_tokyo_toray_pan_pacific_open,2011_50_tokyo_toray_pan_pacific_open_2011-09-25_R64_robson_l_dulgheru_a
tennis_data_uk,wta,2011,50,Toray Pan Pacific Open,Tokyo,2011-09-25,premier,True,hard,R64,64,3,Morita A.,Falconi I.,42,79,1193,927.0,2,0,7,5,6,1,,,,,,,completed,2.0,1.72,1.9,1.99,2.02,2.03,1.88,1.86,2011_50_tokyo_toray_pan_pacific_open,2011_50_tokyo_toray_pan_pacific_open_2011-09-25_R64_morita_a_falconi_i
tennis_data_uk,wta,2011,50,Toray Pan Pacific Open,Tokyo,2011-09-25,premier,True,hard,R64,64,3,Peer S.,Pliskova Kr.,26,182,1975,338.0,2,1,4,6,7,5,6,1,,,,,completed,1.14,5.5,1.13,6.91,1.18,6.91,1.15,5.33,2011_50_tokyo_toray_pan_pacific_open,2011_50_tokyo_toray_pan_pacific_open_2011-09-25_R64_peer_s_pliskova_kr
tennis_data_uk,wta,2011,50,Toray Pan Pacific Open,Tokyo,2011-09-25,premier,True,hard,R64,64,3,Arn G.,Arvidsson S.,69,84,995,845.0,2,0,7,5,6,3,,,,,,,completed,1.72,2.0,1.88,2.01,1.88,2.1,1.82,1.91,2011_50_tokyo_toray_pan_pacific_open,2011_50_tokyo_toray_pan_pacific_open_2011-09-25_R64_arn_g_arvidsson_s
tennis_data_uk,wta,2011,50,Toray Pan Pacific Open,Tokyo,2011-09-25,premier,True,hard,R64,64,3,Kanepi K.,Pennetta F.,43,23,1177,2140.0,2,1,3,6,6,4,6,4,,,,,completed,3.5,1.28,3.46,1.35,3.75,1.36,3.27,1.32,2011_50_tokyo_toray_pan_pacific_open,2011_50_tokyo_toray_pan_pacific_open_2011-09-25_R64_kanepi_k_pennetta_f
tennis_data_uk,wta,2011,50,Toray Pan Pacific Open,Tokyo,2011-09-26,premier,True,hard,R64,64,3,Gajdosova J.,Marino R.,34,55,1575,1099.0,2,1,1,6,6,2,7,5,,,,,completed,1.66,2.1,1.69,2.28,1.8,2.4,1.69,2.1,2011_50_tokyo_toray_pan_pacific_open,2011_50_tokyo_toray_pan_pacific_open_2011-09-26_R64_gajdosova_j_marino_r
tennis_data_uk,wta,2011,50,Toray Pan Pacific Open,Tokyo,2011-09-26,premier,True,hard,R64,64,3,Ivanovic A.,Rodionova An.,21,122,2415,554.0,2,0,6,4,6,0,,,,,,,completed,1.11,6.5,1.13,6.83,1.15,7.0,1.11,6.05,2011_50_tokyo_toray_pan_pacific_open,2011_50_tokyo_toray_pan_pacific_open_2011-09-26_R64_ivanovic_a_rodionova_an
tennis_data_uk,wta,2011,50,Toray Pan Pacific Open,Tokyo,2011-09-26,premier,True,hard,R64,64,3,Minella M.,Date Krumm K.,155,68,396,995.0,2,1,1,6,6,3,6,3,,,,,completed,2.62,1.44,2.84,1.48,2.95,1.55,2.64,1.46,2011_50_tokyo_toray_pan_pacific_open,2011_50_tokyo_toray_pan_pacific_open_2011-09-26_R64_minella_m_date_krumm_k
tennis_data_uk,wta,2011,50,Toray Pan Pacific Open,Tokyo,2011-09-26,premier,True,hard,R64,64,3,Goerges J.,Parmentier P.,20,66,2435,1005.0,2,0,6,3,6,4,,,,,,,completed,1.18,4.5,1.2,5.14,1.25,5.14,1.2,4.28,2011_50_tokyo_toray_pan_pacific_open,2011_50_tokyo_toray_pan_pacific_open_2011-09-26_R64_goerges_j_parmentier_p
tennis_data_uk,wta,2011,50,Toray Pan Pacific Open,Tokyo,2011-09-26,premier,True,hard,R64,64,3,Kirilenko M.,Sema E.,27,124,1945,548.0,2,0,6,1,6,0,,,,,,,completed,1.06,10.0,1.09,8.93,1.11,10.0,1.08,7.3,2011_50_tokyo_toray_pan_pacific_open,2011_50_tokyo_toray_pan_pacific_open_2011-09-26_R64_kirilenko_m_sema_e
tennis_data_uk,wta,2011,50,Toray Pan Pacific Open,Tokyo,2011-09-26,premier,True,hard,R64,64,3,King V.,Zhang S.,90,120,757,575.0,2,0,6,1,6,0,,,,,,,completed,1.36,3.0,1.43,3.01,1.47,3.01,1.41,2.77,2011_50_tokyo_toray_pan_pacific_open,2011_50_tokyo_toray_pan_pacific_open_2011-09-26_R64_king_v_zhang_s
tennis_data_uk,wta,2011,50,Toray Pan Pacific Open,Tokyo,2011-09-26,premier,True,hard,R64,64,3,Zakopalova K.,Radwanska U.,48,88,1155,759.0,2,1,3,6,6,3,6,1,,,,,completed,1.72,2.0,1.78,2.15,1.91,2.15,1.77,1.98,2011_50_tokyo_toray_pan_pacific_open,2011_50_tokyo_toray_pan_pacific_open_2011-09-26_R64_zakopalova_k_radwanska_u
tennis_data_uk,wta,2011,50,Toray Pan Pacific Open,Tokyo,2011-09-27,premier,True,hard,R64,64,3,Benesova I.,Yakimova A.,56,70,1090,989.0,2,0,6,2,6,4,,,,,,,completed,1.36,3.0,1.4,3.18,1.45,3.6,1.39,2.9,2011_50_tokyo_toray_pan_pacific_open,2011_50_tokyo_toray_pan_pacific_open_2011-09-27_R64_benesova_i_yakimova_a
tennis_data_uk,wta,2011,50,Toray Pan Pacific Open,Tokyo,2011-09-27,premier,True,hard,R64,64,3,Cibulkova D.,Rybarikova M.,22,50,2205,1114.0,2,1,2,6,6,3,6,0,,,,,completed,1.57,2.25,1.63,2.43,1.7,2.5,1.59,2.29,2011_50_tokyo_toray_pan_pacific_open,2011_50_tokyo_toray_pan_pacific_open_2011-09-27_R64_cibulkova_d_rybarikova_m
tennis_data_uk,wta,2011,50,Toray Pan Pacific Open,Tokyo,2011-09-27,premier,True,hard,R64,64,3,Mchale C.,Paszek T.,51,54,1107,1103.0,2,0,7,6,6,3,,,,,,,completed,1.57,2.25,1.63,2.4,1.7,2.4,1.61,2.24,2011_50_tokyo_toray_pan_pacific_open,2011_50_tokyo_toray_pan_pacific_open_2011-09-27_R64_mchale_c_paszek_t
tennis_data_uk,wta,2011,50,Toray Pan Pacific Open,Tokyo,2011-09-27,premier,True,hard,R64,64,3,Peng S.,Craybas J.,15,119,2825,580.0,2,0,6,2,6,0,,,,,,,completed,1.07,9.0,1.08,9.68,1.1,10.9,1.07,8.16,2011_50_tokyo_toray_pan_pacific_open,2011_50_tokyo_toray_pan_pacific_open_2011-09-27_R64_peng_s_craybas_j
tennis_data_uk,wta,2011,50,Toray Pan Pacific Open,Tokyo,2011-09-27,premier,True,hard,R64,64,3,Vandeweghe C.,Zheng J.,97,75,706,955.0,2,1,7,6,4,6,6,2,,,,,completed,2.37,1.53,2.62,1.54,2.7,1.65,2.44,1.53,2011_50_tokyo_toray_pan_pacific_open,2011_50_tokyo_toray_pan_pacific_open_2011-09-27_R64_vandeweghe_c_zheng_j
tennis_data_uk,wta,2011,50,Toray Pan Pacific Open,Tokyo,2011-09-27,premier,True,hard,R64,64,3,Pironkova T.,Dulko G.,45,67,1162,999.0,2,0,7,6,6,1,,,,,,,completed,2.37,1.53,2.41,1.63,2.6,1.63,2.35,1.57,2011_50_tokyo_toray_pan_pacific_open,2011_50_tokyo_toray_pan_pacific_open_2011-09-27_R64_pironkova_t_dulko_g
tennis_data_uk,wta,2011,50,Toray Pan Pacific Open,Tokyo,2011-09-26,premier,True,hard,R32,32,3,Bartoli M.,Morita A.,10,42,4225,1193.0,2,1,6,3,0,6,6,3,,,,,completed,1.2,4.33,1.22,4.85,1.25,4.85,1.21,4.11,2011_50_tokyo_toray_pan_pacific_open,2011_50_tokyo_toray_pan_pacific_open_2011-09-26_R32_bartoli_m_morita_a
tennis_data_uk,wta,2011,50,Toray Pan Pacific Open,Tokyo,2011-09-26,premier,True,hard,R32,32,3,Sharapova M.,Tanasugarn T.,2,93,6226,739.0,2,0,6,2,7,5,,,,,,,completed,1.04,13.0,1.04,15.0,1.05,16.48,1.04,10.98,2011_50_tokyo_toray_pan_pacific_open,2011_50_tokyo_toray_pan_pacific_open_2011-09-26_R32_sharapova_m_tanasugarn_t
tennis_data_uk,wta,2011,50,Toray Pan Pacific Open,Tokyo,2011-09-26,premier,True,hard,R32,32,3,Jankovic J.,Zahlavova Strycova B.,12,46,3270,1160.0,2,0,6,4,6,2,,,,,,,completed,1.25,3.75,1.29,4.05,1.33,4.14,1.29,3.49,2011_50_tokyo_toray_pan_pacific_open,2011_50_tokyo_toray_pan_pacific_open_2011-09-26_R32_jankovic_j_zahlavova_strycova_b
tennis_data_uk,wta,2011,50,Toray Pan Pacific Open,Tokyo,2011-09-27,premier,True,hard,R32,32,3,Azarenka V.,Begu I.,3,38,6055,1268.0,2,0,6,1,6,3,,,,,,,completed,1.06,10.0,1.07,10.75,1.1,11.35,1.07,8.31,2011_50_tokyo_toray_pan_pacific_open,2011_50_tokyo_toray_pan_pacific_open_2011-09-27_R32_azarenka_v_begu_i
tennis_data_uk,wta,2011,50,Toray Pan Pacific Open,Tokyo,2011-09-27,premier,True,hard,R32,32,3,King V.,Pavlyuchenkova A.,90,16,757,2720.0,2,0,6,4,7,6,,,,,,,completed,3.25,1.33,3.14,1.42,3.35,1.43,3.03,1.36,2011_50_tokyo_toray_pan_pacific_open,2011_50_tokyo_toray_pan_pacific_open_2011-09-27_R32_king_v_pavlyuchenkova_a
tennis_data_uk,wta,2011,50,Toray Pan Pacific Open,Tokyo,2011-09-27,premier,True,hard,R32,32,3,Radwanska A.,Kerber A.,13,33,3270,1642.0,2,1,3,6,6,3,6,3,,,,,completed,1.44,2.62,1.59,2.53,1.59,3.0,1.44,2.68,2011_50_tokyo_toray_pan_pacific_open,2011_50_tokyo_toray_pan_pacific_open_2011-09-27_R32_radwanska_a_kerber_a
tennis_data_uk,wta,2011,50,Toray Pan Pacific Open,Tokyo,2011-09-27,premier,True,hard,R32,32,3,Goerges J.,Arn G.,20,69,2435,995.0,2,0,6,2,6,1,,,,,,,completed,1.33,3.25,1.43,3.1,1.43,3.3,1.36,3.01,2011_50_tokyo_toray_pan_pacific_open,2011_50_tokyo_toray_pan_pacific_open_2011-09-27_R32_goerges_j_arn_g
tennis_data_uk,wta,2011,50,Toray Pan Pacific Open,Tokyo,2011-09-27,premier,True,hard,R32,32,3,Kvitova P.,Minella M.,6,155,5530,396.0,2,0,6,2,6,3,,,,,,,completed,1.08,8.0,1.08,10.15,1.11,10.15,1.08,7.13,2011_50_tokyo_toray_pan_pacific_open,2011_50_tokyo_toray_pan_pacific_open_2011-09-27_R32_kvitova_p_minella_m
tennis_data_uk,wta,2011,50,Toray Pan Pacific Open,Tokyo,2011-09-27,premier,True,hard,R32,32,3,Ivanovic A.,Robson L.,21,146,2415,436.0,2,0,7,5,6,4,,,,,,,completed,1.12,6.0,1.13,7.01,1.17,7.3,1.13,5.71,2011_50_tokyo_toray_pan_pacific_open,2011_50_tokyo_toray_pan_pacific_open_2011-09-27_R32_ivanovic_a_robson_l
tennis_data_uk,wta,2011,50,Toray Pan Pacific Open,Tokyo,2011-09-27,premier,True,hard,R32,32,3,Zakopalova K.,Peer S.,48,26,1155,1975.0,2,0,6,3,6,1,,,,,,,completed,1.83,1.83,1.88,2.03,2.55,2.11,1.86,1.89,2011_50_tokyo_toray_pan_pacific_open,2011_50_tokyo_toray_pan_pacific_open_2011-09-27_R32_zakopalova_k_peer_s
tennis_data_uk,wta,2011,50,Toray Pan Pacific Open,Tokyo,2011-09-27,premier,True,hard,R32,32,3,Zvonareva V.,Pironkova T.,4,45,5920,1162.0,2,0,7,5,6,0,,,,,,,completed,1.2,4.33,1.17,5.8,1.2,5.85,1.17,4.99,2011_50_tokyo_toray_pan_pacific_open,2011_50_tokyo_toray_pan_pacific_open_2011-09-27_R32_zvonareva_v_pironkova_t
tennis_data_uk,wta,2011,50,Toray Pan Pacific Open,Tokyo,2011-09-27,premier,True,hard,R32,32,3,Peng S.,Mchale C.,15,51,2825,1107.0,2,0,6,0,6,3,,,,,,,completed,1.4,2.75,1.48,2.88,1.51,3.0,1.44,2.73,2011_50_tokyo_toray_pan_pacific_open,2011_50_tokyo_toray_pan_pacific_open_2011-09-27_R32_peng_s_mchale_c
tennis_data_uk,wta,2011,50,Toray Pan Pacific Open,Tokyo,2011-09-27,premier,True,hard,R32,32,3,Benesova I.,Cibulkova D.,56,22,1090,2205.0,2,0,6,4,6,2,,,,,,,completed,2.62,1.44,2.84,1.49,2.84,1.54,2.58,1.48,2011_50_tokyo_toray_pan_pacific_open,2011_50_tokyo_toray_pan_pacific_open_2011-09-27_R32_benesova_i_cibulkova_d
tennis_data_uk,wta,2011,50,Toray Pan Pacific Open,Tokyo,2011-09-27,premier,True,hard,R32,32,3,Kanepi K.,Vandeweghe C.,43,97,1177,706.0,2,0,6,2,6,2,,,,,,,completed,,,1.52,2.72,1.57,3.2,1.5,2.52,2011_50_tokyo_toray_pan_pacific_open,2011_50_tokyo_toray_pan_pacific_open_2011-09-27_R32_kanepi_k_vandeweghe_c
tennis_data_uk,wta,2011,50,Toray Pan Pacific Open,Tokyo,2011-09-27,premier,True,hard,R32,32,3,Kirilenko M.,Stosur S.,27,7,1945,5380.0,2,1,6,2,4,6,6,4,,,,,completed,2.75,1.4,3.31,1.38,3.4,1.47,2.86,1.4,2011_50_tokyo_toray_pan_pacific_open,2011_50_tokyo_toray_pan_pacific_open_2011-09-27_R32_kirilenko_m_stosur_s
tennis_data_uk,wta,2011,50,Toray Pan Pacific Open,Tokyo,2011-09-27,premier,True,hard,R32,32,3,Wozniacki C.,Gajdosova J.,1,34,9335,1575.0,2,1,6,1,6,7,6,3,,,,,completed,1.07,9.0,1.08,10.25,1.09,11.02,1.07,8.12,2011_50_tokyo_toray_pan_pacific_open,2011_50_tokyo_toray_pan_pacific_open_2011-09-27_R32_wozniacki_c_gajdosova_j
tennis_data_uk,wta,2011,50,Toray Pan Pacific Open,Tokyo,2011-09-28,premier,True,hard,R16,16,3,Zvonareva V.,Benesova I.,4,56,5920,1090.0,2,0,6,1,6,2,,,,,,,completed,1.1,7.0,1.12,7.29,1.14,7.3,1.11,6.24,2011_50_tokyo_toray_pan_pacific_open,2011_50_tokyo_toray_pan_pacific_open_2011-09-28_R16_zvonareva_v_benesova_i
tennis_data_uk,wta,2011,50,Toray Pan Pacific Open,Tokyo,2011-09-28,premier,True,hard,R16,16,3,Bartoli M.,Peng S.,10,15,4225,2825.0,2,0,6,2,6,1,,,,,,,completed,2.62,1.44,2.72,1.53,3.0,1.55,2.6,1.47,2011_50_tokyo_toray_pan_pacific_open,2011_50_tokyo_toray_pan_pacific_open_2011-09-28_R16_bartoli_m_peng_s
tennis_data_uk,wta,2011,50,Toray Pan Pacific Open,Tokyo,2011-09-28,premier,True,hard,R16,16,3,Azarenka V.,Zakopalova K.,3,48,6055,1155.0,2,0,6,3,7,5,,,,,,,completed,1.08,8.0,1.12,8.01,1.12,9.0,1.09,6.85,2011_50_tokyo_toray_pan_pacific_open,2011_50_tokyo_toray_pan_pacific_open_2011-09-28_R16_azarenka_v_zakopalova_k
tennis_data_uk,wta,2011,50,Toray Pan Pacific Open,Tokyo,2011-09-28,premier,True,hard,R16,16,3,Kirilenko M.,Ivanovic A.,27,21,1945,2415.0,2,0,6,3,6,1,,,,,,,completed,2.0,1.72,2.06,1.88,2.2,1.91,1.99,1.77,2011_50_tokyo_toray_pan_pacific_open,2011_50_tokyo_toray_pan_pacific_open_2011-09-28_R16_kirilenko_m_ivanovic_a
tennis_data_uk,wta,2011,50,Toray Pan Pacific Open,Tokyo,2011-09-28,premier,True,hard,R16,16,3,Sharapova M.,Goerges J.,2,20,6226,2435.0,2,0,7,6,7,6,,,,,,,completed,1.3,3.4,1.33,3.74,1.35,4.0,1.29,3.45,2011_50_tokyo_toray_pan_pacific_open,2011_50_tokyo_toray_pan_pacific_open_2011-09-28_R16_sharapova_m_goerges_j
tennis_data_uk,wta,2011,50,Toray Pan Pacific Open,Tokyo,2011-09-28,premier,True,hard,R16,16,3,Kvitova P.,King V.,6,90,5530,757.0,2,0,6,1,7,6,,,,,,,completed,1.3,3.4,1.4,3.28,1.4,3.7,1.32,3.27,2011_50_tokyo_toray_pan_pacific_open,2011_50_tokyo_toray_pan_pacific_open_2011-09-28_R16_kvitova_p_king_v
tennis_data_uk,wta,2011,50,Toray Pan Pacific Open,Tokyo,2011-09-28,premier,True,hard,R16,16,3,Kanepi K.,Wozniacki C.,43,1,1177,9335.0,2,1,7,5,1,6,6,4,,,,,completed,5.0,1.16,5.13,1.21,5.5,1.21,4.84,1.17,2011_50_tokyo_toray_pan_pacific_open,2011_50_tokyo_toray_pan_pacific_open_2011-09-28_R16_kanepi_k_wozniacki_c
tennis_data_uk,wta,2011,50,Toray Pan Pacific Open,Tokyo,2011-09-28,premier,True,hard,R16,16,3,Radwanska A.,Jankovic J.,13,12,3270,3270.0,2,1,2,6,6,4,6,0,,,,,completed,1.66,2.1,1.78,2.18,1.85,2.3,1.72,2.06,2011_50_tokyo_toray_pan_pacific_open,2011_50_tokyo_toray_pan_pacific_open_2011-09-28_R16_radwanska_a_jankovic_j
tennis_data_uk,wta,2011,50,Toray Pan Pacific Open,Tokyo,2011-09-29,premier,True,hard,QF,8,3,Zvonareva V.,Kirilenko M.,4,27,5920,1945.0,2,0,6,3,6,3,,,,,,,completed,1.4,2.75,1.49,2.88,1.52,2.95,1.44,2.71,2011_50_tokyo_toray_pan_pacific_open,2011_50_tokyo_toray_pan_pacific_open_2011-09-29_QF_zvonareva_v_kirilenko_m
tennis_data_uk,wta,2011,50,Toray Pan Pacific Open,Tokyo,2011-09-29,premier,True,hard,QF,8,3,Azarenka V.,Bartoli M.,3,10,6055,4225.0,2,0,7,5,6,0,,,,,,,completed,1.28,3.5,1.37,3.45,1.37,3.8,1.31,3.33,2011_50_tokyo_toray_pan_pacific_open,2011_50_tokyo_toray_pan_pacific_open_2011-09-29_QF_azarenka_v_bartoli_m
tennis_data_uk,wta,2011,50,Toray Pan Pacific Open,Tokyo,2011-09-29,premier,True,hard,QF,8,3,Kvitova P.,Sharapova M.,6,2,5530,6226.0,0,0,4,3,,,,,,,,,retired,2.1,1.66,2.02,1.91,2.25,1.91,2.08,1.71,2011_50_tokyo_toray_pan_pacific_open,2011_50_tokyo_toray_pan_pacific_open_2011-09-29_QF_kvitova_p_sharapova_m
tennis_data_uk,wta,2011,50,Toray Pan Pacific Open,Tokyo,2011-09-29,premier,True,hard,QF,8,3,Radwanska A.,Kanepi K.,13,43,3270,1177.0,2,0,6,2,7,6,,,,,,,completed,1.5,2.5,1.57,2.61,1.57,2.68,1.51,2.49,2011_50_tokyo_toray_pan_pacific_open,2011_50_tokyo_toray_pan_pacific_open_2011-09-29_QF_radwanska_a_kanepi_k
tennis_data_uk,wta,2011,50,Toray Pan Pacific Open,Tokyo,2011-09-30,premier,True,hard,SF,4,3,Zvonareva V.,Kvitova P.,4,6,5920,5530.0,2,0,7,6,6,0,,,,,,,completed,1.61,2.2,1.66,2.4,1.72,2.4,1.64,2.21,2011_50_tokyo_toray_pan_pacific_open,2011_50_tokyo_toray_pan_pacific_open_2011-09-30_SF_zvonareva_v_kvitova_p
tennis_data_uk,wta,2011,50,Toray Pan Pacific Open,Tokyo,2011-09-30,premier,True,hard,SF,4,3,Radwanska A.,Azarenka V.,13,3,3270,6055.0,2,1,6,3,4,6,6,2,,,,,completed,3.0,1.36,3.17,1.42,3.25,1.45,2.93,1.38,2011_50_tokyo_toray_pan_pacific_open,2011_50_tokyo_toray_pan_pacific_open_2011-09-30_SF_radwanska_a_azarenka_v
tennis_data_uk,wta,2011,50,Toray Pan Pacific Open,Tokyo,2011-10-01,premier,True,hard,F,2,3,Radwanska A.,Zvonareva V.,13,4,3270,5920.0,2,0,6,3,6,2,,,,,,,completed,2.25,1.61,2.44,1.64,2.45,1.7,2.23,1.63,2011_50_tokyo_toray_pan_pacific_open,2011_50_tokyo_toray_pan_pacific_open_2011-10-01_F_radwanska_a_zvonareva_v
tennis_data_uk,wta,2011,51,China Open,Beijing,2011-10-01,premier,True,hard,R64,64,3,Cetkovska P.,Errani S.,32,39,1686,1265.0,2,1,4,6,7,6,6,4,,,,,completed,1.66,2.1,1.58,2.55,1.73,2.6,1.61,2.23,2011_51_beijing_china_open,2011_51_beijing_china_open_2011-10-01_R64_cetkovska_p_errani_s
tennis_data_uk,wta,2011,51,China Open,Beijing,2011-10-01,premier,True,hard,R64,64,3,Schiavone F.,Jovanovski B.,9,56,4380,1083.0,2,0,6,1,6,3,,,,,,,completed,1.16,5.0,1.17,6.02,1.22,6.02,1.16,4.95,2011_51_beijing_china_open,2011_51_beijing_china_open_2011-10-01_R64_schiavone_f_jovanovski_b
tennis_data_uk,wta,2011,51,China Open,Beijing,2011-10-01,premier,True,hard,R64,64,3,Kuznetsova S.,Dulgheru A.,21,66,2412,997.0,1,0,6,2,4,1,,,,,,,retired,1.16,5.0,1.17,5.8,1.22,5.8,1.17,4.69,2011_51_beijing_china_open,2011_51_beijing_china_open_2011-10-01_R64_kuznetsova_s_dulgheru_a
tennis_data_uk,wta,2011,51,China Open,Beijing,2011-10-01,premier,True,hard,R64,64,3,Gajdosova J.,Medina Garrigues A.,34,29,1615,1765.0,2,0,6,3,6,0,,,,,,,completed,1.8,1.9,2.02,1.88,2.02,2.1,1.81,1.93,2011_51_beijing_china_open,2011_51_beijing_china_open_2011-10-01_R64_gajdosova_j_medina_garrigues_a
tennis_data_uk,wta,2011,51,China Open,Beijing,2011-10-01,premier,True,hard,R64,64,3,Arvidsson S.,Bondarenko A.,85,183,845,335.0,2,1,6,2,5,7,7,5,,,,,completed,1.72,2.0,1.93,1.98,1.93,2.1,1.77,1.99,2011_51_beijing_china_open,2011_51_beijing_china_open_2011-10-01_R64_arvidsson_s_bondarenko_a
tennis_data_uk,wta,2011,51,China Open,Beijing,2011-10-01,premier,True,hard,R64,64,3,Paszek T.,Jankovic J.,54,13,1103,3270.0,2,0,7,5,6,4,,,,,,,completed,4.33,1.2,4.85,1.22,4.89,1.25,4.25,1.2,2011_51_beijing_china_open,2011_51_beijing_china_open_2011-10-01_R64_paszek_t_jankovic_j
tennis_data_uk,wta,2011,51,China Open,Beijing,2011-10-01,premier,True,hard,R64,64,3,Vinci R.,Marino R.,20,55,2420,1099.0,2,0,6,4,6,3,,,,,,,completed,1.33,3.25,1.36,3.48,1.37,3.57,1.33,3.21,2011_51_beijing_china_open,2011_51_beijing_china_open_2011-10-01_R64_vinci_r_marino_r
tennis_data_uk,wta,2011,51,China Open,Beijing,2011-10-01,premier,True,hard,R64,64,3,Petkovic A.,Safarova L.,11,28,4020,1830.0,2,0,7,6,6,4,,,,,,,completed,1.3,3.4,1.38,3.35,1.4,3.57,1.34,3.12,2011_51_beijing_china_open,2011_51_beijing_china_open_2011-10-01_R64_petkovic_a_safarova_l
tennis_data_uk,wta,2011,51,China Open,Beijing,2011-10-02,premier,True,hard,R64,64,3,Lisicki S.,Begu I.,17,38,2650,1324.0,1,0,6,2,,,,,,,,,retired,1.08,8.0,1.09,8.43,1.13,9.0,1.09,7.1,2011_51_beijing_china_open,2011_51_beijing_china_open_2011-10-02_R64_lisicki_s_begu_i
tennis_data_uk,wta,2011,51,China Open,Beijing,2011-10-02,premier,True,hard,R64,64,3,Ivanovic A.,Date Krumm K.,18,81,2470,878.0,2,0,6,1,6,1,,,,,,,completed,1.12,6.0,1.16,5.99,1.16,7.0,1.12,5.76,2011_51_beijing_china_open,2011_51_beijing_china_open_2011-10-02_R64_ivanovic_a_date_krumm_k
tennis_data_uk,wta,2011,51,China Open,Beijing,2011-10-02,premier,True,hard,R64,64,3,Cibulkova D.,Zhang S.,22,128,2215,525.0,2,0,6,0,6,2,,,,,,,completed,1.18,4.5,1.29,3.98,1.29,4.85,1.22,4.13,2011_51_beijing_china_open,2011_51_beijing_china_open_2011-10-02_R64_cibulkova_d_zhang_s
tennis_data_uk,wta,2011,51,China Open,Beijing,2011-10-02,premier,True,hard,R64,64,3,Martinez-Sanchez M.J.,Peer S.,33,27,1660,1975.0,2,0,6,1,7,5,,,,,,,completed,1.44,2.62,1.44,2.99,1.5,2.99,1.44,2.7,2011_51_beijing_china_open,2011_51_beijing_china_open_2011-10-02_R64_martinez_sanchez_m_j_peer_s
tennis_data_uk,wta,2011,51,China Open,Beijing,2011-10-02,premier,True,hard,R64,64,3,Mchale C.,Morita A.,49,40,1147,1223.0,2,1,6,2,0,6,6,3,,,,,completed,1.33,3.25,1.32,3.66,1.4,3.69,1.33,3.22,2011_51_beijing_china_open,2011_51_beijing_china_open_2011-10-02_R64_mchale_c_morita_a
tennis_data_uk,wta,2011,51,China Open,Beijing,2011-10-02,premier,True,hard,R64,64,3,Kanepi K.,Zheng S.,46,267,1177,210.0,2,0,6,0,6,3,,,,,,,completed,1.03,15.0,1.03,17.68,1.07,17.68,1.04,10.76,2011_51_beijing_china_open,2011_51_beijing_china_open_2011-10-02_R64_kanepi_k_zheng_s
tennis_data_uk,wta,2011,51,China Open,Beijing,2011-10-02,premier,True,hard,R64,64,3,Suarez Navarro C.,Makarova E.,58,50,1056,1139.0,2,0,7,5,6,1,,,,,,,completed,1.83,1.83,1.85,2.05,2.1,2.15,1.86,1.89,2011_51_beijing_china_open,2011_51_beijing_china_open_2011-10-02_R64_suarez_navarro_c_makarova_e
tennis_data_uk,wta,2011,51,China Open,Beijing,2011-10-02,premier,True,hard,R64,64,3,Niculescu M.,Li N.,57,6,1071,5870.0,2,0,6,4,6,0,,,,,,,completed,4.33,1.2,4.55,1.24,4.8,1.24,4.35,1.2,2011_51_beijing_china_open,2011_51_beijing_china_open_2011-10-02_R64_niculescu_m_li_n
tennis_data_uk,wta,2011,51,China Open,Beijing,2011-10-02,premier,True,hard,R64,64,3,Bartoli M.,Benesova I.,10,45,4325,1185.0,2,1,3,6,6,4,7,5,,,,,completed,1.22,4.0,1.32,3.7,1.6,4.5,1.23,3.96,2011_51_beijing_china_open,2011_51_beijing_china_open_2011-10-02_R64_bartoli_m_benesova_i
tennis_data_uk,wta,2011,51,China Open,Beijing,2011-10-02,premier,True,hard,R64,64,3,Pavlyuchenkova A.,Zahlavova Strycova B.,16,44,2665,1200.0,2,0,7,5,6,4,,,,,,,completed,1.28,3.5,1.32,3.7,1.36,3.7,1.3,3.34,2011_51_beijing_china_open,2011_51_beijing_china_open_2011-10-02_R64_pavlyuchenkova_a_zahlavova_strycova_b
tennis_data_uk,wta,2011,51,China Open,Beijing,2011-10-02,premier,True,hard,R64,64,3,Hercog P.,Robson L.,35,141,1530,476.0,2,0,6,4,6,3,,,,,,,completed,1.57,2.25,1.67,2.33,1.67,2.55,1.56,2.36,2011_51_beijing_china_open,2011_51_beijing_china_open_2011-10-02_R64_hercog_p_robson_l
tennis_data_uk,wta,2011,51,China Open,Beijing,2011-10-02,premier,True,hard,R64,64,3,Hantuchova D.,Daniilidou E.,25,90,2065,763.0,2,0,6,4,6,2,,,,,,,completed,1.33,3.25,1.35,3.46,1.37,3.7,1.31,3.31,2011_51_beijing_china_open,2011_51_beijing_china_open_2011-10-02_R64_hantuchova_d_daniilidou_e
tennis_data_uk,wta,2011,51,China Open,Beijing,2011-10-02,premier,True,hard,R64,64,3,Stosur S.,Pironkova T.,7,47,5380,1162.0,2,0,6,4,6,0,,,,,,,completed,1.12,6.0,1.15,6.22,1.17,6.3,1.14,5.34,2011_51_beijing_china_open,2011_51_beijing_china_open_2011-10-02_R64_stosur_s_pironkova_t
tennis_data_uk,wta,2011,51,China Open,Beijing,2011-10-02,premier,True,hard,R64,64,3,Scheepers C.,Hu Y.Y.,41,364,1216,119.0,2,1,6,0,5,7,6,0,,,,,completed,1.03,15.0,,,1.07,14.5,1.05,9.78,2011_51_beijing_china_open,2011_51_beijing_china_open_2011-10-02_R64_scheepers_c_hu_y_y
tennis_data_uk,wta,2011,51,China Open,Beijing,2011-10-03,premier,True,hard,R64,64,3,Zheng J.,Brianti A.,72,75,955,941.0,2,1,4,6,6,1,7,5,,,,,completed,1.28,3.5,1.33,3.62,1.33,3.9,1.28,3.54,2011_51_beijing_china_open,2011_51_beijing_china_open_2011-10-03_R64_zheng_j_brianti_a
tennis_data_uk,wta,2011,51,China Open,Beijing,2011-10-03,premier,True,hard,R64,64,3,Kirilenko M.,Goerges J.,24,19,2100,2435.0,2,0,7,6,6,3,,,,,,,completed,1.53,2.37,1.53,2.67,1.7,2.72,1.54,2.41,2011_51_beijing_china_open,2011_51_beijing_china_open_2011-10-03_R64_kirilenko_m_goerges_j
tennis_data_uk,wta,2011,51,China Open,Beijing,2011-10-03,premier,True,hard,R64,64,3,Zakopalova K.,Petrova N.,42,31,1210,1721.0,2,1,6,3,6,7,6,1,,,,,completed,2.25,1.57,2.37,1.65,2.7,1.68,2.29,1.59,2011_51_beijing_china_open,2011_51_beijing_china_open_2011-10-03_R64_zakopalova_k_petrova_n
tennis_data_uk,wta,2011,51,China Open,Beijing,2011-10-03,premier,True,hard,R64,64,3,Razzano V.,Dulko G.,110,65,625,999.0,2,0,6,2,6,3,,,,,,,completed,1.83,1.83,1.9,1.99,2.0,2.0,1.86,1.87,2011_51_beijing_china_open,2011_51_beijing_china_open_2011-10-03_R64_razzano_v_dulko_g
tennis_data_uk,wta,2011,51,China Open,Beijing,2011-10-03,premier,True,hard,R64,64,3,Wozniacki C.,Hradecka L.,1,48,8755,1151.0,2,1,3,6,6,0,7,5,,,,,completed,1.07,9.0,1.08,9.43,1.1,10.4,1.07,7.93,2011_51_beijing_china_open,2011_51_beijing_china_open_2011-10-03_R64_wozniacki_c_hradecka_l
tennis_data_uk,wta,2011,51,China Open,Beijing,2011-10-03,premier,True,hard,R64,64,3,Pennetta F.,Peng S.,26,15,2045,2825.0,2,0,7,6,7,5,,,,,,,completed,2.25,1.57,2.43,1.62,2.45,1.67,2.25,1.61,2011_51_beijing_china_open,2011_51_beijing_china_open_2011-10-03_R64_pennetta_f_peng_s
tennis_data_uk,wta,2011,51,China Open,Beijing,2011-10-03,premier,True,hard,R32,32,3,Paszek T.,Cetkovska P.,54,32,1103,1686.0,2,1,1,6,6,4,6,2,,,,,completed,2.0,1.72,2.2,1.77,2.2,1.85,1.99,1.76,2011_51_beijing_china_open,2011_51_beijing_china_open_2011-10-03_R32_paszek_t_cetkovska_p
tennis_data_uk,wta,2011,51,China Open,Beijing,2011-10-03,premier,True,hard,R32,32,3,Cibulkova D.,Schiavone F.,22,9,2215,4380.0,2,0,6,2,6,2,,,,,,,completed,2.25,1.57,2.3,1.71,2.45,1.71,2.26,1.6,2011_51_beijing_china_open,2011_51_beijing_china_open_2011-10-03_R32_cibulkova_d_schiavone_f
tennis_data_uk,wta,2011,51,China Open,Beijing,2011-10-03,premier,True,hard,R32,32,3,Ivanovic A.,Kuznetsova S.,18,21,2470,2412.0,2,0,6,2,6,3,,,,,,,completed,1.57,2.25,1.73,2.26,1.73,2.4,1.63,2.22,2011_51_beijing_china_open,2011_51_beijing_china_open_2011-10-03_R32_ivanovic_a_kuznetsova_s
tennis_data_uk,wta,2011,51,China Open,Beijing,2011-10-03,premier,True,hard,R32,32,3,Arvidsson S.,Kvitova P.,85,5,845,5895.0,2,1,7,6,4,6,6,3,,,,,completed,7.0,1.1,6.92,1.14,7.16,1.15,6.08,1.11,2011_51_beijing_china_open,2011_51_beijing_china_open_2011-10-03_R32_arvidsson_s_kvitova_p
tennis_data_uk,wta,2011,51,China Open,Beijing,2011-10-04,premier,True,hard,R32,32,3,Kanepi K.,Lisicki S.,46,17,1177,2650.0,,,,,,,,,,,,,walkover,1.72,2.0,1.78,2.18,1.75,2.0,1.74,1.98,2011_51_beijing_china_open,2011_51_beijing_china_open_2011-10-04_R32_kanepi_k_lisicki_s
tennis_data_uk,wta,2011,51,China Open,Beijing,2011-10-04,premier,True,hard,R32,32,3,Zvonareva V.,Zakopalova K.,3,42,6315,1210.0,2,1,6,3,4,6,6,2,,,,,completed,1.11,6.5,1.17,6.2,1.17,6.5,1.14,5.52,2011_51_beijing_china_open,2011_51_beijing_china_open_2011-10-04_R32_zvonareva_v_zakopalova_k
tennis_data_uk,wta,2011,51,China Open,Beijing,2011-10-04,premier,True,hard,R32,32,3,Pavlyuchenkova A.,Martinez-Sanchez M.J.,16,33,2665,1660.0,2,0,6,2,6,3,,,,,,,completed,1.72,2.0,1.88,2.04,1.93,2.1,1.76,2.01,2011_51_beijing_china_open,2011_51_beijing_china_open_2011-10-04_R32_pavlyuchenkova_a_martinez_sanchez_m_j
tennis_data_uk,wta,2011,51,China Open,Beijing,2011-10-04,premier,True,hard,R32,32,3,Razzano V.,Vinci R.,110,20,625,2420.0,2,0,7,6,6,0,,,,,,,completed,3.0,1.36,2.92,1.48,3.1,1.48,2.74,1.43,2011_51_beijing_china_open,2011_51_beijing_china_open_2011-10-04_R32_razzano_v_vinci_r
tennis_data_uk,wta,2011,51,China Open,Beijing,2011-10-04,premier,True,hard,R32,32,3,Pennetta F.,Hantuchova D.,26,25,2045,2065.0,2,0,6,2,6,1,,,,,,,completed,1.72,2.0,1.87,2.04,1.87,2.19,1.77,1.98,2011_51_beijing_china_open,2011_51_beijing_china_open_2011-10-04_R32_pennetta_f_hantuchova_d
tennis_data_uk,wta,2011,51,China Open,Beijing,2011-10-04,premier,True,hard,R32,32,3,Kirilenko M.,Stosur S.,24,7,2100,5380.0,2,1,7,5,1,6,7,5,,,,,completed,2.5,1.5,2.62,1.57,2.64,1.59,2.43,1.53,2011_51_beijing_china_open,2011_51_beijing_china_open_2011-10-04_R32_kirilenko_m_stosur_s
tennis_data_uk,wta,2011,51,China Open,Beijing,2011-10-04,premier,True,hard,R32,32,3,Bartoli M.,Mchale C.,10,49,4325,1147.0,2,0,6,2,6,1,,,,,,,completed,1.57,2.25,1.68,2.36,1.68,2.4,1.61,2.24,2011_51_beijing_china_open,2011_51_beijing_china_open_2011-10-04_R32_bartoli_m_mchale_c
tennis_data_uk,wta,2011,51,China Open,Beijing,2011-10-04,premier,True,hard,R32,32,3,Petkovic A.,Suarez Navarro C.,11,58,4020,1056.0,2,0,6,4,6,4,,,,,,,completed,1.14,5.5,1.22,5.05,1.22,5.87,1.16,4.87,2011_51_beijing_china_open,2011_51_beijing_china_open_2011-10-04_R32_petkovic_a_suarez_navarro_c
tennis_data_uk,wta,2011,51,China Open,Beijing,2011-10-04,premier,True,hard,R32,32,3,Wozniacki C.,Gajdosova J.,1,34,8755,1615.0,2,0,6,2,6,3,,,,,,,completed,1.18,4.5,1.23,4.88,1.23,5.76,1.17,4.7,2011_51_beijing_china_open,2011_51_beijing_china_open_2011-10-04_R32_wozniacki_c_gajdosova_j
tennis_data_uk,wta,2011,51,China Open,Beijing,2011-10-05,premier,True,hard,R32,32,3,Azarenka V.,Hercog P.,4,35,6055,1530.0,2,0,7,6,6,3,,,,,,,completed,1.1,7.0,1.15,6.7,1.18,7.0,1.11,6.28,2011_51_beijing_china_open,2011_51_beijing_china_open_2011-10-05_R32_azarenka_v_hercog_p
tennis_data_uk,wta,2011,51,China Open,Beijing,2011-10-05,premier,True,hard,R32,32,3,Niculescu M.,Scheepers C.,57,41,1071,1216.0,2,0,6,2,6,1,,,,,,,completed,1.9,1.8,1.93,1.99,2.0,1.99,1.93,1.82,2011_51_beijing_china_open,2011_51_beijing_china_open_2011-10-05_R32_niculescu_m_scheepers_c
tennis_data_uk,wta,2011,51,China Open,Beijing,2011-10-05,premier,True,hard,R32,32,3,Radwanska A.,Zheng J.,12,72,3945,955.0,2,0,6,1,6,4,,,,,,,completed,1.14,5.5,1.17,6.2,1.22,7.0,1.16,5.01,2011_51_beijing_china_open,2011_51_beijing_china_open_2011-10-05_R32_radwanska_a_zheng_j
tennis_data_uk,wta,2011,51,China Open,Beijing,2011-10-05,premier,True,hard,R16,16,3,Ivanovic A.,Zvonareva V.,18,3,2470,6315.0,2,0,6,2,6,1,,,,,,,completed,2.25,1.57,2.52,1.6,2.52,1.65,2.33,1.57,2011_51_beijing_china_open,2011_51_beijing_china_open_2011-10-05_R16_ivanovic_a_zvonareva_v
tennis_data_uk,wta,2011,51,China Open,Beijing,2011-10-05,premier,True,hard,R16,16,3,Petkovic A.,Bartoli M.,11,10,4020,4325.0,2,1,4,6,6,4,7,5,,,,,completed,1.72,2.0,1.77,2.2,1.8,2.2,1.73,2.05,2011_51_beijing_china_open,2011_51_beijing_china_open_2011-10-05_R16_petkovic_a_bartoli_m
tennis_data_uk,wta,2011,51,China Open,Beijing,2011-10-06,premier,True,hard,R16,16,3,Pavlyuchenkova A.,Azarenka V.,16,4,2665,6055.0,,,,,,,,,,,,,walkover,2.75,1.4,3.04,1.45,3.1,1.55,2.76,1.42,2011_51_beijing_china_open,2011_51_beijing_china_open_2011-10-06_R16_pavlyuchenkova_a_azarenka_v
tennis_data_uk,wta,2011,51,China Open,Beijing,2011-10-06,premier,True,hard,R16,16,3,Niculescu M.,Razzano V.,57,110,1071,625.0,2,1,4,6,6,1,6,2,,,,,completed,1.53,2.37,1.61,2.52,1.75,2.52,1.64,2.2,2011_51_beijing_china_open,2011_51_beijing_china_open_2011-10-06_R16_niculescu_m_razzano_v
tennis_data_uk,wta,2011,51,China Open,Beijing,2011-10-06,premier,True,hard,R16,16,3,Kirilenko M.,Paszek T.,24,54,2100,1103.0,2,0,6,1,6,2,,,,,,,completed,1.28,3.5,1.33,3.72,1.4,3.72,1.31,3.3,2011_51_beijing_china_open,2011_51_beijing_china_open_2011-10-06_R16_kirilenko_m_paszek_t
tennis_data_uk,wta,2011,51,China Open,Beijing,2011-10-06,premier,True,hard,R16,16,3,Radwanska A.,Arvidsson S.,12,85,3945,845.0,2,0,6,4,6,2,,,,,,,completed,1.07,9.0,1.08,10.75,1.1,12.68,1.06,8.45,2011_51_beijing_china_open,2011_51_beijing_china_open_2011-10-06_R16_radwanska_a_arvidsson_s
tennis_data_uk,wta,2011,51,China Open,Beijing,2011-10-06,premier,True,hard,R16,16,3,Pennetta F.,Cibulkova D.,26,22,2045,2215.0,2,1,6,1,4,6,6,4,,,,,completed,1.5,2.5,1.67,2.38,1.67,2.63,1.53,2.44,2011_51_beijing_china_open,2011_51_beijing_china_open_2011-10-06_R16_pennetta_f_cibulkova_d
tennis_data_uk,wta,2011,51,China Open,Beijing,2011-10-06,premier,True,hard,R16,16,3,Wozniacki C.,Kanepi K.,1,46,8755,1177.0,2,0,6,3,7,6,,,,,,,completed,1.25,3.75,1.31,3.92,1.31,4.14,1.26,3.68,2011_51_beijing_china_open,2011_51_beijing_china_open_2011-10-06_R16_wozniacki_c_kanepi_k
tennis_data_uk,wta,2011,51,China Open,Beijing,2011-10-07,premier,True,hard,QF,8,3,Niculescu M.,Kirilenko M.,57,24,1071,2100.0,2,1,3,6,6,3,6,4,,,,,completed,3.5,1.28,3.49,1.36,3.7,1.37,3.41,1.3,2011_51_beijing_china_open,2011_51_beijing_china_open_2011-10-07_QF_niculescu_m_kirilenko_m
tennis_data_uk,wta,2011,51,China Open,Beijing,2011-10-07,premier,True,hard,QF,8,3,Radwanska A.,Ivanovic A.,12,18,3945,2470.0,1,0,6,3,3,2,,,,,,,retired,1.83,1.83,1.83,2.11,1.95,2.11,1.82,1.93,2011_51_beijing_china_open,2011_51_beijing_china_open_2011-10-07_QF_radwanska_a_ivanovic_a
tennis_data_uk,wta,2011,51,China Open,Beijing,2011-10-07,premier,True,hard,QF,8,3,Pennetta F.,Wozniacki C.,26,1,2045,8755.0,2,1,3,6,6,0,7,6,,,,,completed,4.0,1.22,3.95,1.3,4.6,1.31,3.94,1.24,2011_51_beijing_china_open,2011_51_beijing_china_open_2011-10-07_QF_pennetta_f_wozniacki_c
tennis_data_uk,wta,2011,51,China Open,Beijing,2011-10-07,premier,True,hard,QF,8,3,Petkovic A.,Pavlyuchenkova A.,11,16,4020,2665.0,2,0,6,3,7,6,,,,,,,completed,1.57,2.25,1.74,2.24,1.74,2.3,1.64,2.19,2011_51_beijing_china_open,2011_51_beijing_china_open_2011-10-07_QF_petkovic_a_pavlyuchenkova_a
tennis_data_uk,wta,2011,51,China Open,Beijing,2011-10-08,premier,True,hard,SF,4,3,Petkovic A.,Niculescu M.,11,57,4020,1071.0,2,0,6,2,6,0,,,,,,,completed,1.36,3.0,1.38,3.41,1.41,4.0,1.3,3.43,2011_51_beijing_china_open,2011_51_beijing_china_open_2011-10-08_SF_petkovic_a_niculescu_m
tennis_data_uk,wta,2011,51,China Open,Beijing,2011-10-08,premier,True,hard,SF,4,3,Radwanska A.,Pennetta F.,12,26,3945,2045.0,2,0,6,2,6,4,,,,,,,completed,1.4,2.75,1.43,3.1,1.45,3.2,1.4,2.84,2011_51_beijing_china_open,2011_51_beijing_china_open_2011-10-08_SF_radwanska_a_pennetta_f
tennis_data_uk,wta,2011,51,China Open,Beijing,2011-10-09,premier,True,hard,F,2,3,Radwanska A.,Petkovic A.,12,11,3945,4020.0,2,1,7,5,0,6,6,4,,,,,completed,1.44,2.75,1.54,2.69,1.54,2.8,1.46,2.65,2011_51_beijing_china_open,2011_51_beijing_china_open_2011-10-09_F_radwanska_a_petkovic_a
tennis_data_uk,wta,2011,52,Generali Ladies Linz,Linz,2011-10-11,international,False,hard,R32,32,3,Cibulkova D.,Baltacha E.,23,57,2275,1040.0,1,1,4,6,7,6,1,0,,,,,retired,1.25,3.75,1.33,3.58,1.33,3.9,1.27,3.56,2011_52_linz_generali_ladies_linz,2011_52_linz_generali_ladies_linz_2011-10-11_R32_cibulkova_d_baltacha_e
tennis_data_uk,wta,2011,52,Generali Ladies Linz,Linz,2011-10-11,international,False,hard,R32,32,3,Keothavong A.,Makarova E.,96,53,714,1114.0,2,0,6,4,6,1,,,,,,,completed,2.25,1.57,2.31,1.68,2.5,1.7,2.27,1.59,2011_52_linz_generali_ladies_linz,2011_52_linz_generali_ladies_linz_2011-10-11_R32_keothavong_a_makarova_e
tennis_data_uk,wta,2011,52,Generali Ladies Linz,Linz,2011-10-11,international,False,hard,R32,32,3,Rodina E.,Rybarikova M.,104,68,654,941.0,1,0,6,3,2,1,,,,,,,retired,3.0,1.36,3.09,1.42,3.35,1.42,3.03,1.35,2011_52_linz_generali_ladies_linz,2011_52_linz_generali_ladies_linz_2011-10-11_R32_rodina_e_rybarikova_m
tennis_data_uk,wta,2011,52,Generali Ladies Linz,Linz,2011-10-11,international,False,hard,R32,32,3,Pavlyuchenkova A.,Medina Garrigues A.,15,28,2910,1765.0,2,1,6,4,2,6,6,3,,,,,completed,1.25,3.75,1.29,3.89,1.33,4.09,1.26,3.63,2011_52_linz_generali_ladies_linz,2011_52_linz_generali_ladies_linz_2011-10-11_R32_pavlyuchenkova_a_medina_garrigues_a
tennis_data_uk,wta,2011,52,Generali Ladies Linz,Linz,2011-10-11,international,False,hard,R32,32,3,Safarova L.,Benesova I.,27,48,1830,1170.0,2,1,6,3,4,6,6,3,,,,,completed,1.5,2.5,1.52,2.7,1.55,2.85,1.46,2.61,2011_52_linz_generali_ladies_linz,2011_52_linz_generali_ladies_linz_2011-10-11_R32_safarova_l_benesova_i
tennis_data_uk,wta,2011,52,Generali Ladies Linz,Linz,2011-10-11,international,False,hard,R32,32,3,Cirstea S.,Paszek T.,78,45,885,1223.0,2,0,7,5,6,3,,,,,,,completed,2.1,1.66,1.99,1.9,2.2,2.95,1.99,1.78,2011_52_linz_generali_ladies_linz,2011_52_linz_generali_ladies_linz_2011-10-11_R32_cirstea_s_paszek_t
tennis_data_uk,wta,2011,52,Generali Ladies Linz,Linz,2011-10-11,international,False,hard,R32,32,3,Errani S.,Hercog P.,47,36,1190,1530.0,2,0,6,0,6,3,,,,,,,completed,2.0,1.72,1.94,1.94,2.1,1.95,1.96,1.78,2011_52_linz_generali_ladies_linz,2011_52_linz_generali_ladies_linz_2011-10-11_R32_errani_s_hercog_p
tennis_data_uk,wta,2011,52,Generali Ladies Linz,Linz,2011-10-11,international,False,hard,R32,32,3,Goerges J.,Sevastova A.,21,108,2435,638.0,2,1,6,4,3,6,7,6,,,,,completed,1.16,5.0,1.18,5.56,1.22,5.64,1.17,4.66,2011_52_linz_generali_ladies_linz,2011_52_linz_generali_ladies_linz_2011-10-11_R32_goerges_j_sevastova_a
tennis_data_uk,wta,2011,52,Generali Ladies Linz,Linz,2011-10-11,international,False,hard,R32,32,3,Pervak K.,Diatchenko V.,38,128,1325,508.0,2,0,6,4,6,1,,,,,,,completed,1.66,2.1,1.68,2.3,1.78,2.3,1.68,2.11,2011_52_linz_generali_ladies_linz,2011_52_linz_generali_ladies_linz_2011-10-11_R32_pervak_k_diatchenko_v
tennis_data_uk,wta,2011,52,Generali Ladies Linz,Linz,2011-10-11,international,False,hard,R32,32,3,Jankovic J.,Bondarenko K.,13,75,3195,892.0,0,0,4,1,,,,,,,,,retired,1.33,3.25,1.37,3.32,1.4,3.5,1.33,3.19,2011_52_linz_generali_ladies_linz,2011_52_linz_generali_ladies_linz_2011-10-11_R32_jankovic_j_bondarenko_k
tennis_data_uk,wta,2011,52,Generali Ladies Linz,Linz,2011-10-11,international,False,hard,R32,32,3,Kvitova P.,Marino R.,4,59,5760,1034.0,2,0,6,2,6,2,,,,,,,completed,1.14,5.5,1.15,6.34,1.15,7.33,1.11,6.0,2011_52_linz_generali_ladies_linz,2011_52_linz_generali_ladies_linz_2011-10-11_R32_kvitova_p_marino_r
tennis_data_uk,wta,2011,52,Generali Ladies Linz,Linz,2011-10-12,international,False,hard,R32,32,3,Brianti A.,Lisicki S.,74,17,906,2724.0,2,1,7,5,4,6,6,3,,,,,completed,7.0,1.1,6.36,1.15,9.0,1.15,6.74,1.09,2011_52_linz_generali_ladies_linz,2011_52_linz_generali_ladies_linz_2011-10-12_R32_brianti_a_lisicki_s
tennis_data_uk,wta,2011,52,Generali Ladies Linz,Linz,2011-10-12,international,False,hard,R32,32,3,Pennetta F.,Vesnina E.,18,66,2490,965.0,2,0,7,6,6,2,,,,,,,completed,1.22,4.0,1.26,4.3,1.3,4.42,1.23,3.9,2011_52_linz_generali_ladies_linz,2011_52_linz_generali_ladies_linz_2011-10-12_R32_pennetta_f_vesnina_e
tennis_data_uk,wta,2011,52,Generali Ladies Linz,Linz,2011-10-12,international,False,hard,R32,32,3,Rodionova An.,Zahlavova Strycova B.,115,44,564,1225.0,2,0,7,6,6,1,,,,,,,completed,2.75,1.4,3.1,1.41,3.16,1.42,2.9,1.38,2011_52_linz_generali_ladies_linz,2011_52_linz_generali_ladies_linz_2011-10-12_R32_rodionova_an_zahlavova_strycova_b
tennis_data_uk,wta,2011,52,Generali Ladies Linz,Linz,2011-10-12,international,False,hard,R32,32,3,Hantuchova D.,Martic P.,25,52,2140,1127.0,2,1,6,3,6,7,6,1,,,,,completed,1.5,2.5,1.54,2.63,1.62,2.7,1.52,2.45,2011_52_linz_generali_ladies_linz,2011_52_linz_generali_ladies_linz_2011-10-12_R32_hantuchova_d_martic_p
tennis_data_uk,wta,2011,52,Generali Ladies Linz,Linz,2011-10-12,international,False,hard,R32,32,3,Mayr P.,Foretz S.,105,97,654,703.0,2,1,3,6,6,2,6,2,,,,,completed,2.5,1.5,2.32,1.67,2.73,1.69,2.37,1.56,2011_52_linz_generali_ladies_linz,2011_52_linz_generali_ladies_linz_2011-10-12_R32_mayr_p_foretz_s
tennis_data_uk,wta,2011,52,Generali Ladies Linz,Linz,2011-10-12,international,False,hard,R16,16,3,Cirstea S.,Pavlyuchenkova A.,78,15,885,2910.0,2,1,4,6,6,0,6,4,,,,,completed,3.25,1.33,3.39,1.38,3.75,1.38,3.23,1.32,2011_52_linz_generali_ladies_linz,2011_52_linz_generali_ladies_linz_2011-10-12_R16_cirstea_s_pavlyuchenkova_a
tennis_data_uk,wta,2011,52,Generali Ladies Linz,Linz,2011-10-12,international,False,hard,R16,16,3,Rodina E.,Goerges J.,104,21,654,2435.0,2,0,6,3,6,4,,,,,,,completed,4.33,1.2,5.26,1.2,5.26,1.25,4.26,1.21,2011_52_linz_generali_ladies_linz,2011_52_linz_generali_ladies_linz_2011-10-12_R16_rodina_e_goerges_j
tennis_data_uk,wta,2011,52,Generali Ladies Linz,Linz,2011-10-13,international,False,hard,R16,16,3,Rodionova An.,Pennetta F.,115,18,564,2490.0,,,,,,,,,,,,,walkover,5.0,1.16,5.63,1.18,5.63,1.19,5.09,1.15,2011_52_linz_generali_ladies_linz,2011_52_linz_generali_ladies_linz_2011-10-13_R16_rodionova_an_pennetta_f
tennis_data_uk,wta,2011,52,Generali Ladies Linz,Linz,2011-10-13,international,False,hard,R16,16,3,Safarova L.,Brianti A.,27,74,1830,906.0,2,0,6,4,6,2,,,,,,,completed,1.33,3.25,1.36,3.48,1.36,3.6,1.32,3.27,2011_52_linz_generali_ladies_linz,2011_52_linz_generali_ladies_linz_2011-10-13_R16_safarova_l_brianti_a
tennis_data_uk,wta,2011,52,Generali Ladies Linz,Linz,2011-10-13,international,False,hard,R16,16,3,Cibulkova D.,Errani S.,23,47,2275,1190.0,2,1,6,7,6,3,6,1,,,,,completed,1.66,2.1,1.76,2.19,1.76,2.33,1.67,2.15,2011_52_linz_generali_ladies_linz,2011_52_linz_generali_ladies_linz_2011-10-13_R16_cibulkova_d_errani_s
tennis_data_uk,wta,2011,52,Generali Ladies Linz,Linz,2011-10-13,international,False,hard,R16,16,3,Jankovic J.,Keothavong A.,13,96,3195,714.0,2,1,3,6,6,2,6,1,,,,,completed,1.14,5.5,1.19,5.42,1.19,6.0,1.15,5.05,2011_52_linz_generali_ladies_linz,2011_52_linz_generali_ladies_linz_2011-10-13_R16_jankovic_j_keothavong_a
tennis_data_uk,wta,2011,52,Generali Ladies Linz,Linz,2011-10-13,international,False,hard,R16,16,3,Kvitova P.,Mayr P.,4,105,5760,654.0,2,0,6,2,6,3,,,,,,,completed,1.08,8.0,1.12,7.65,1.14,9.0,1.08,7.28,2011_52_linz_generali_ladies_linz,2011_52_linz_generali_ladies_linz_2011-10-13_R16_kvitova_p_mayr_p
tennis_data_uk,wta,2011,52,Generali Ladies Linz,Linz,2011-10-13,international,False,hard,R16,16,3,Hantuchova D.,Pervak K.,25,38,2140,1325.0,2,1,5,7,6,3,6,4,,,,,completed,1.4,2.75,1.59,2.53,1.59,2.8,1.46,2.64,2011_52_linz_generali_ladies_linz,2011_52_linz_generali_ladies_linz_2011-10-13_R16_hantuchova_d_pervak_k
tennis_data_uk,wta,2011,52,Generali Ladies Linz,Linz,2011-10-14,international,False,hard,QF,8,3,Safarova L.,Cirstea S.,27,78,1830,885.0,2,0,7,5,6,2,,,,,,,completed,1.61,2.2,1.79,2.17,1.8,2.38,1.65,2.17,2011_52_linz_generali_ladies_linz,2011_52_linz_generali_ladies_linz_2011-10-14_QF_safarova_l_cirstea_s
tennis_data_uk,wta,2011,52,Generali Ladies Linz,Linz,2011-10-14,international,False,hard,QF,8,3,Cibulkova D.,Rodionova An.,23,115,2275,564.0,2,1,6,7,6,2,6,1,,,,,completed,1.25,3.75,1.29,4.05,1.33,4.4,1.27,3.62,2011_52_linz_generali_ladies_linz,2011_52_linz_generali_ladies_linz_2011-10-14_QF_cibulkova_d_rodionova_an
tennis_data_uk,wta,2011,52,Generali Ladies Linz,Linz,2011-10-14,international,False,hard,QF,8,3,Kvitova P.,Hantuchova D.,4,25,5760,2140.0,2,0,6,2,6,2,,,,,,,completed,1.33,3.25,1.38,3.4,1.42,3.4,1.37,3.01,2011_52_linz_generali_ladies_linz,2011_52_linz_generali_ladies_linz_2011-10-14_QF_kvitova_p_hantuchova_d
tennis_data_uk,wta,2011,52,Generali Ladies Linz,Linz,2011-10-14,international,False,hard,QF,8,3,Jankovic J.,Rodina E.,13,104,3195,654.0,2,0,6,2,6,4,,,,,,,completed,1.18,4.5,1.26,4.39,1.26,5.0,1.2,4.31,2011_52_linz_generali_ladies_linz,2011_52_linz_generali_ladies_linz_2011-10-14_QF_jankovic_j_rodina_e
tennis_data_uk,wta,2011,52,Generali Ladies Linz,Linz,2011-10-15,international,False,hard,SF,4,3,Cibulkova D.,Safarova L.,23,27,2275,1830.0,2,0,6,1,6,4,,,,,,,completed,1.8,1.9,2.0,1.93,2.03,2.0,1.87,1.87,2011_52_linz_generali_ladies_linz,2011_52_linz_generali_ladies_linz_2011-10-15_SF_cibulkova_d_safarova_l
tennis_data_uk,wta,2011,52,Generali Ladies Linz,Linz,2011-10-15,international,False,hard,SF,4,3,Kvitova P.,Jankovic J.,4,13,5760,3195.0,2,1,4,6,6,4,6,3,,,,,completed,1.44,2.62,1.88,1.98,1.9,3.13,1.49,2.6,2011_52_linz_generali_ladies_linz,2011_52_linz_generali_ladies_linz_2011-10-15_SF_kvitova_p_jankovic_j
tennis_data_uk,wta,2011,52,Generali Ladies Linz,Linz,2011-10-16,international,False,hard,F,2,3,Kvitova P.,Cibulkova D.,4,23,5760,2275.0,2,0,6,4,6,1,,,,,,,completed,1.3,3.5,1.34,3.63,1.36,3.75,1.31,3.34,2011_52_linz_generali_ladies_linz,2011_52_linz_generali_ladies_linz_2011-10-16_F_kvitova_p_cibulkova_d
tennis_data_uk,wta,2011,53,HP Open,Osaka,2011-10-10,international,True,hard,R32,32,3,Tanasugarn T.,Mchale C.,84,42,820,1241.0,2,0,6,3,7,5,,,,,,,completed,4.0,1.22,4.55,1.24,4.55,1.33,3.77,1.25,2011_53_osaka_hp_open,2011_53_osaka_hp_open_2011-10-10_R32_tanasugarn_t_mchale_c
tennis_data_uk,wta,2011,53,HP Open,Osaka,2011-10-10,international,True,hard,R32,32,3,Daniilidou E.,Pivovarova A.,87,120,787,545.0,2,0,6,2,6,2,,,,,,,completed,1.28,3.5,1.32,3.7,1.38,4.0,1.32,3.25,2011_53_osaka_hp_open,2011_53_osaka_hp_open_2011-10-10_R32_daniilidou_e_pivovarova_a
tennis_data_uk,wta,2011,53,HP Open,Osaka,2011-10-10,international,True,hard,R32,32,3,Doi M.,Vandeweghe C.,113,118,580,551.0,2,0,6,4,6,4,,,,,,,completed,2.62,1.44,2.5,1.59,2.7,1.65,2.39,1.54,2011_53_osaka_hp_open,2011_53_osaka_hp_open_2011-10-10_R32_doi_m_vandeweghe_c
tennis_data_uk,wta,2011,53,HP Open,Osaka,2011-10-10,international,True,hard,R32,32,3,Johansson M.,Falconi I.,80,73,857,909.0,2,0,6,3,6,2,,,,,,,completed,2.25,1.57,2.28,1.69,2.55,1.69,2.36,1.56,2011_53_osaka_hp_open,2011_53_osaka_hp_open_2011-10-10_R32_johansson_m_falconi_i
tennis_data_uk,wta,2011,53,HP Open,Osaka,2011-10-10,international,True,hard,R32,32,3,Scheepers C.,Kudryavtseva A.,37,102,1325,660.0,2,0,6,2,6,2,,,,,,,completed,1.33,3.25,1.38,3.29,1.4,3.4,1.37,2.99,2011_53_osaka_hp_open,2011_53_osaka_hp_open_2011-10-10_R32_scheepers_c_kudryavtseva_a
tennis_data_uk,wta,2011,53,HP Open,Osaka,2011-10-10,international,True,hard,R32,32,3,Bartoli M.,Czink M.,11,144,4460,460.0,2,0,6,2,6,2,,,,,,,completed,1.07,9.0,1.08,9.43,1.1,10.4,1.08,7.53,2011_53_osaka_hp_open,2011_53_osaka_hp_open_2011-10-10_R32_bartoli_m_czink_m
tennis_data_uk,wta,2011,53,HP Open,Osaka,2011-10-11,international,True,hard,R32,32,3,Zheng J.,Kucova Z.,58,197,1035,312.0,2,0,6,1,6,1,,,,,,,completed,1.11,6.5,1.08,9.94,1.22,9.94,1.14,5.39,2011_53_osaka_hp_open,2011_53_osaka_hp_open_2011-10-11_R32_zheng_j_kucova_z
tennis_data_uk,wta,2011,53,HP Open,Osaka,2011-10-11,international,True,hard,R32,32,3,Gajdosova J.,Nakamura A.,30,221,1625,259.0,2,0,6,0,6,1,,,,,,,completed,1.1,7.0,1.12,7.5,1.12,8.0,1.09,6.94,2011_53_osaka_hp_open,2011_53_osaka_hp_open_2011-10-11_R32_gajdosova_j_nakamura_a
tennis_data_uk,wta,2011,53,HP Open,Osaka,2011-10-11,international,True,hard,R32,32,3,Kerber A.,Nara K.,31,163,1621,366.0,2,0,6,2,6,1,,,,,,,completed,1.12,6.0,1.13,6.95,1.15,7.66,1.11,6.08,2011_53_osaka_hp_open,2011_53_osaka_hp_open_2011-10-11_R32_kerber_a_nara_k
tennis_data_uk,wta,2011,53,HP Open,Osaka,2011-10-11,international,True,hard,R32,32,3,Govortsova O.,Chan Y.J.,140,134,471,480.0,2,1,6,1,2,6,6,4,,,,,completed,1.83,1.83,1.92,1.97,2.1,1.97,1.91,1.83,2011_53_osaka_hp_open,2011_53_osaka_hp_open_2011-10-11_R32_govortsova_o_chan_y_j
tennis_data_uk,wta,2011,53,HP Open,Osaka,2011-10-11,international,True,hard,R32,32,3,Sema E.,Minella M.,114,121,568,544.0,2,0,6,3,6,3,,,,,,,completed,1.83,1.83,1.97,1.92,2.1,1.93,1.95,1.8,2011_53_osaka_hp_open,2011_53_osaka_hp_open_2011-10-11_R32_sema_e_minella_m
tennis_data_uk,wta,2011,53,HP Open,Osaka,2011-10-11,international,True,hard,R32,32,3,Morita A.,Zhang S.,55,126,1078,525.0,2,0,7,6,6,2,,,,,,,completed,1.25,3.75,1.25,4.36,1.35,4.36,1.28,3.5,2011_53_osaka_hp_open,2011_53_osaka_hp_open_2011-10-11_R32_morita_a_zhang_s
tennis_data_uk,wta,2011,53,HP Open,Osaka,2011-10-11,international,True,hard,R32,32,3,Shvedova Y.,Aoyama S.,257,461,213,79.0,2,0,6,2,6,0,,,,,,,completed,1.11,6.5,1.11,7.55,1.18,8.5,1.12,5.92,2011_53_osaka_hp_open,2011_53_osaka_hp_open_2011-10-11_R32_shvedova_y_aoyama_s
tennis_data_uk,wta,2011,53,HP Open,Osaka,2011-10-11,international,True,hard,R32,32,3,Stosur S.,Lertcheewakarn N.,6,168,5455,349.0,2,1,6,3,3,6,7,5,,,,,completed,1.03,15.0,1.01,21.0,1.05,33.88,1.02,13.51,2011_53_osaka_hp_open,2011_53_osaka_hp_open_2011-10-11_R32_stosur_s_lertcheewakarn_n
tennis_data_uk,wta,2011,53,HP Open,Osaka,2011-10-11,international,True,hard,R32,32,3,Cetkovska P.,Date Krumm K.,32,85,1602,803.0,2,0,6,2,7,6,,,,,,,completed,1.36,3.0,1.42,3.06,1.45,3.16,1.37,2.94,2011_53_osaka_hp_open,2011_53_osaka_hp_open_2011-10-11_R32_cetkovska_p_date_krumm_k
tennis_data_uk,wta,2011,53,HP Open,Osaka,2011-10-12,international,True,hard,R32,32,3,King V.,Craybas J.,83,141,843,468.0,2,1,6,1,3,6,6,1,,,,,completed,1.14,5.5,1.16,5.92,1.21,6.04,1.16,4.94,2011_53_osaka_hp_open,2011_53_osaka_hp_open_2011-10-12_R32_king_v_craybas_j
tennis_data_uk,wta,2011,53,HP Open,Osaka,2011-10-12,international,True,hard,R16,16,3,Tanasugarn T.,Johansson M.,84,80,820,857.0,2,0,6,2,6,4,,,,,,,completed,1.5,2.5,1.68,2.34,1.68,2.55,1.54,2.4,2011_53_osaka_hp_open,2011_53_osaka_hp_open_2011-10-12_R16_tanasugarn_t_johansson_m
tennis_data_uk,wta,2011,53,HP Open,Osaka,2011-10-12,international,True,hard,R16,16,3,Zheng J.,Gajdosova J.,58,30,1035,1625.0,2,0,7,5,6,3,,,,,,,completed,2.2,1.61,2.49,1.61,2.49,1.71,2.2,1.64,2011_53_osaka_hp_open,2011_53_osaka_hp_open_2011-10-12_R16_zheng_j_gajdosova_j
tennis_data_uk,wta,2011,53,HP Open,Osaka,2011-10-12,international,True,hard,R16,16,3,Kerber A.,Govortsova O.,31,140,1621,471.0,2,0,6,1,6,3,,,,,,,completed,1.16,5.0,1.17,5.8,1.2,6.58,1.16,4.93,2011_53_osaka_hp_open,2011_53_osaka_hp_open_2011-10-12_R16_kerber_a_govortsova_o
tennis_data_uk,wta,2011,53,HP Open,Osaka,2011-10-12,international,True,hard,R16,16,3,Cetkovska P.,Sema E.,32,114,1602,568.0,2,0,6,0,6,3,,,,,,,completed,1.16,5.0,1.2,5.16,1.21,6.0,1.15,5.09,2011_53_osaka_hp_open,2011_53_osaka_hp_open_2011-10-12_R16_cetkovska_p_sema_e
tennis_data_uk,wta,2011,53,HP Open,Osaka,2011-10-13,international,True,hard,R16,16,3,Morita A.,Daniilidou E.,55,87,1078,787.0,2,0,6,2,6,3,,,,,,,completed,1.53,2.37,1.55,2.64,1.67,2.68,1.55,2.38,2011_53_osaka_hp_open,2011_53_osaka_hp_open_2011-10-13_R16_morita_a_daniilidou_e
tennis_data_uk,wta,2011,53,HP Open,Osaka,2011-10-13,international,True,hard,R16,16,3,Scheepers C.,Shvedova Y.,37,257,1325,213.0,2,1,4,6,6,3,7,6,,,,,completed,1.61,2.2,1.63,2.43,1.69,2.53,1.63,2.21,2011_53_osaka_hp_open,2011_53_osaka_hp_open_2011-10-13_R16_scheepers_c_shvedova_y
tennis_data_uk,wta,2011,53,HP Open,Osaka,2011-10-13,international,True,hard,R16,16,3,Stosur S.,Doi M.,6,113,5455,580.0,2,0,6,2,6,4,,,,,,,completed,1.05,11.0,1.08,10.15,1.09,11.0,1.06,8.44,2011_53_osaka_hp_open,2011_53_osaka_hp_open_2011-10-13_R16_stosur_s_doi_m
tennis_data_uk,wta,2011,53,HP Open,Osaka,2011-10-13,international,True,hard,R16,16,3,Bartoli M.,King V.,11,83,4460,843.0,2,0,6,1,6,2,,,,,,,completed,1.33,3.25,1.38,3.32,1.39,3.5,1.33,3.18,2011_53_osaka_hp_open,2011_53_osaka_hp_open_2011-10-13_R16_bartoli_m_king_v
tennis_data_uk,wta,2011,53,HP Open,Osaka,2011-10-15,international,True,hard,QF,8,3,Bartoli M.,Morita A.,11,55,4460,1078.0,2,0,6,2,6,1,,,,,,,completed,1.2,4.33,1.24,4.76,1.26,4.76,1.22,4.0,2011_53_osaka_hp_open,2011_53_osaka_hp_open_2011-10-15_QF_bartoli_m_morita_a
tennis_data_uk,wta,2011,53,HP Open,Osaka,2011-10-15,international,True,hard,QF,8,3,Kerber A.,Tanasugarn T.,31,84,1621,820.0,2,0,6,3,6,4,,,,,,,completed,1.25,3.75,1.27,4.3,1.32,4.3,1.26,3.62,2011_53_osaka_hp_open,2011_53_osaka_hp_open_2011-10-15_QF_kerber_a_tanasugarn_t
tennis_data_uk,wta,2011,53,HP Open,Osaka,2011-10-15,international,True,hard,QF,8,3,Stosur S.,Scheepers C.,6,37,5455,1325.0,2,0,6,2,6,3,,,,,,,completed,1.22,4.0,1.28,4.22,1.3,4.5,1.23,3.94,2011_53_osaka_hp_open,2011_53_osaka_hp_open_2011-10-15_QF_stosur_s_scheepers_c
tennis_data_uk,wta,2011,53,HP Open,Osaka,2011-10-15,international,True,hard,QF,8,3,Zheng J.,Cetkovska P.,58,32,1035,1602.0,2,1,0,6,7,5,6,3,,,,,completed,2.1,1.66,2.26,1.73,2.3,1.75,2.08,1.7,2011_53_osaka_hp_open,2011_53_osaka_hp_open_2011-10-15_QF_zheng_j_cetkovska_p
tennis_data_uk,wta,2011,53,HP Open,Osaka,2011-10-16,international,True,hard,SF,4,3,Stosur S.,Zheng J.,6,58,5455,1035.0,2,1,7,6,3,6,6,3,,,,,completed,1.16,5.0,1.18,5.88,1.2,5.98,1.16,4.91,2011_53_osaka_hp_open,2011_53_osaka_hp_open_2011-10-16_SF_stosur_s_zheng_j
tennis_data_uk,wta,2011,53,HP Open,Osaka,2011-10-16,international,True,hard,SF,4,3,Bartoli M.,Kerber A.,11,31,4460,1621.0,2,0,6,1,7,6,,,,,,,completed,1.4,2.75,1.43,3.1,1.45,3.1,1.39,2.87,2011_53_osaka_hp_open,2011_53_osaka_hp_open_2011-10-16_SF_bartoli_m_kerber_a
tennis_data_uk,wta,2011,53,HP Open,Osaka,2011-10-16,international,True,hard,F,2,3,Bartoli M.,Stosur S.,11,6,4460,5455.0,2,0,6,3,6,1,,,,,,,completed,1.83,1.66,1.83,2.13,2.0,2.13,1.86,1.88,2011_53_osaka_hp_open,2011_53_osaka_hp_open_2011-10-16_F_bartoli_m_stosur_s
tennis_data_uk,wta,2011,54,BGL BNP Paribas Luxembourg Open,Luxembourg,2011-10-17,international,False,hard,R32,32,3,Paszek T.,Makarova E.,45,52,1223,1114.0,2,0,6,2,6,2,,,,,,,completed,1.4,2.75,1.49,2.8,1.5,3.05,1.43,2.69,2011_54_luxembourg_bgl_bnp_paribas_luxembourg_open,2011_54_luxembourg_bgl_bnp_paribas_luxembourg_open_2011-10-17_R32_paszek_t_makarova_e
tennis_data_uk,wta,2011,54,BGL BNP Paribas Luxembourg Open,Luxembourg,2011-10-17,international,False,hard,R32,32,3,Benesova I.,Parmentier P.,53,65,1108,957.0,2,1,3,6,6,3,6,2,,,,,completed,1.25,3.75,1.31,3.74,1.33,3.8,1.28,3.53,2011_54_luxembourg_bgl_bnp_paribas_luxembourg_open,2011_54_luxembourg_bgl_bnp_paribas_luxembourg_open_2011-10-17_R32_benesova_i_parmentier_p
tennis_data_uk,wta,2011,54,BGL BNP Paribas Luxembourg Open,Luxembourg,2011-10-17,international,False,hard,R32,32,3,Kirilenko M.,Suarez Navarro C.,24,50,2210,1136.0,1,1,7,6,3,6,3,0,,,,,retired,1.14,5.5,1.22,4.74,1.25,5.75,1.17,4.74,2011_54_luxembourg_bgl_bnp_paribas_luxembourg_open,2011_54_luxembourg_bgl_bnp_paribas_luxembourg_open_2011-10-17_R32_kirilenko_m_suarez_navarro_c
tennis_data_uk,wta,2011,54,BGL BNP Paribas Luxembourg Open,Luxembourg,2011-10-17,international,False,hard,R32,32,3,Medina Garrigues A.,Kremer A.,28,215,1765,274.0,2,0,6,0,6,0,,,,,,,completed,1.11,6.5,1.13,6.76,1.18,6.76,1.14,5.42,2011_54_luxembourg_bgl_bnp_paribas_luxembourg_open,2011_54_luxembourg_bgl_bnp_paribas_luxembourg_open_2011-10-17_R32_medina_garrigues_a_kremer_a
tennis_data_uk,wta,2011,54,BGL BNP Paribas Luxembourg Open,Luxembourg,2011-10-18,international,False,hard,R32,32,3,Cadantu A.,Yakimova A.,104,61,660,971.0,2,0,6,1,6,4,,,,,,,completed,1.72,2.0,1.96,1.93,2.05,2.0,1.88,1.86,2011_54_luxembourg_bgl_bnp_paribas_luxembourg_open,2011_54_luxembourg_bgl_bnp_paribas_luxembourg_open_2011-10-18_R32_cadantu_a_yakimova_a
tennis_data_uk,wta,2011,54,BGL BNP Paribas Luxembourg Open,Luxembourg,2011-10-18,international,False,hard,R32,32,3,Brianti A.,Tatishvili A.,73,89,906,758.0,2,1,6,3,1,6,6,3,,,,,completed,1.53,2.37,1.64,2.39,1.65,2.5,1.56,2.33,2011_54_luxembourg_bgl_bnp_paribas_luxembourg_open,2011_54_luxembourg_bgl_bnp_paribas_luxembourg_open_2011-10-18_R32_brianti_a_tatishvili_a
tennis_data_uk,wta,2011,54,BGL BNP Paribas Luxembourg Open,Luxembourg,2011-10-18,international,False,hard,R32,32,3,Niculescu M.,Knapp K.,34,158,1533,388.0,2,1,6,7,7,5,7,6,,,,,completed,1.25,3.75,1.38,3.35,1.4,3.75,1.3,3.35,2011_54_luxembourg_bgl_bnp_paribas_luxembourg_open,2011_54_luxembourg_bgl_bnp_paribas_luxembourg_open_2011-10-18_R32_niculescu_m_knapp_k
tennis_data_uk,wta,2011,54,BGL BNP Paribas Luxembourg Open,Luxembourg,2011-10-18,international,False,hard,R32,32,3,Hradecka L.,Hantuchova D.,51,25,1136,2140.0,2,1,6,7,7,5,6,1,,,,,completed,3.25,1.33,3.49,1.35,3.52,1.37,3.2,1.33,2011_54_luxembourg_bgl_bnp_paribas_luxembourg_open,2011_54_luxembourg_bgl_bnp_paribas_luxembourg_open_2011-10-18_R32_hradecka_l_hantuchova_d
tennis_data_uk,wta,2011,54,BGL BNP Paribas Luxembourg Open,Luxembourg,2011-10-18,international,False,hard,R32,32,3,Marino R.,Pavlyuchenkova A.,62,15,970,2910.0,2,1,1,6,6,3,6,3,,,,,completed,4.5,1.18,4.48,1.24,5.0,1.25,4.27,1.2,2011_54_luxembourg_bgl_bnp_paribas_luxembourg_open,2011_54_luxembourg_bgl_bnp_paribas_luxembourg_open_2011-10-18_R32_marino_r_pavlyuchenkova_a
tennis_data_uk,wta,2011,54,BGL BNP Paribas Luxembourg Open,Luxembourg,2011-10-18,international,False,hard,R32,32,3,Goerges J.,Baltacha E.,21,58,2395,1040.0,2,0,7,5,6,1,,,,,,,completed,1.36,3.0,1.42,3.09,1.45,3.25,1.38,2.9,2011_54_luxembourg_bgl_bnp_paribas_luxembourg_open,2011_54_luxembourg_bgl_bnp_paribas_luxembourg_open_2011-10-18_R32_goerges_j_baltacha_e
tennis_data_uk,wta,2011,54,BGL BNP Paribas Luxembourg Open,Luxembourg,2011-10-18,international,False,hard,R32,32,3,Keothavong A.,Minella M.,93,122,714,544.0,2,1,6,3,1,6,6,3,,,,,completed,1.3,3.4,1.35,3.45,1.38,3.57,1.34,3.13,2011_54_luxembourg_bgl_bnp_paribas_luxembourg_open,2011_54_luxembourg_bgl_bnp_paribas_luxembourg_open_2011-10-18_R32_keothavong_a_minella_m
tennis_data_uk,wta,2011,54,BGL BNP Paribas Luxembourg Open,Luxembourg,2011-10-19,international,False,hard,R32,32,3,Halep S.,Date Krumm K.,56,113,1100,604.0,2,0,6,4,7,5,,,,,,,completed,1.53,2.37,1.58,2.51,1.62,2.51,1.56,2.32,2011_54_luxembourg_bgl_bnp_paribas_luxembourg_open,2011_54_luxembourg_bgl_bnp_paribas_luxembourg_open_2011-10-19_R32_halep_s_date_krumm_k
tennis_data_uk,wta,2011,54,BGL BNP Paribas Luxembourg Open,Luxembourg,2011-10-19,international,False,hard,R32,32,3,Schoofs B.,Kerber A.,199,29,308,1750.0,2,1,2,6,6,2,6,1,,,,,completed,8.0,1.08,7.82,1.11,8.5,1.13,6.52,1.1,2011_54_luxembourg_bgl_bnp_paribas_luxembourg_open,2011_54_luxembourg_bgl_bnp_paribas_luxembourg_open_2011-10-19_R32_schoofs_b_kerber_a
tennis_data_uk,wta,2011,54,BGL BNP Paribas Luxembourg Open,Luxembourg,2011-10-19,international,False,hard,R32,32,3,Sevastova A.,Pennetta F.,107,18,638,2490.0,2,0,6,3,6,2,,,,,,,completed,3.5,1.28,3.18,1.4,3.8,1.4,3.34,1.3,2011_54_luxembourg_bgl_bnp_paribas_luxembourg_open,2011_54_luxembourg_bgl_bnp_paribas_luxembourg_open_2011-10-19_R32_sevastova_a_pennetta_f
tennis_data_uk,wta,2011,54,BGL BNP Paribas Luxembourg Open,Luxembourg,2011-10-19,international,False,hard,R32,32,3,Ivanovic A.,Razzano V.,23,84,2260,794.0,2,0,7,6,6,4,,,,,,,completed,1.18,4.5,1.19,5.37,1.25,5.5,1.18,4.52,2011_54_luxembourg_bgl_bnp_paribas_luxembourg_open,2011_54_luxembourg_bgl_bnp_paribas_luxembourg_open_2011-10-19_R32_ivanovic_a_razzano_v
tennis_data_uk,wta,2011,54,BGL BNP Paribas Luxembourg Open,Luxembourg,2011-10-19,international,False,hard,R32,32,3,Azarenka V.,Zahlavova Strycova B.,3,44,6190,1225.0,2,0,6,2,6,4,,,,,,,completed,1.07,9.0,1.13,7.13,1.13,9.0,1.08,7.09,2011_54_luxembourg_bgl_bnp_paribas_luxembourg_open,2011_54_luxembourg_bgl_bnp_paribas_luxembourg_open_2011-10-19_R32_azarenka_v_zahlavova_strycova_b
tennis_data_uk,wta,2011,54,BGL BNP Paribas Luxembourg Open,Luxembourg,2011-10-19,international,False,hard,R16,16,3,Niculescu M.,Medina Garrigues A.,34,28,1533,1765.0,2,1,7,6,3,6,6,1,,,,,completed,2.25,1.57,2.25,1.72,2.38,1.72,2.22,1.62,2011_54_luxembourg_bgl_bnp_paribas_luxembourg_open,2011_54_luxembourg_bgl_bnp_paribas_luxembourg_open_2011-10-19_R16_niculescu_m_medina_garrigues_a
tennis_data_uk,wta,2011,54,BGL BNP Paribas Luxembourg Open,Luxembourg,2011-10-19,international,False,hard,R16,16,3,Benesova I.,Kirilenko M.,53,24,1108,2210.0,,,,,,,,,,,,,walkover,3.25,1.33,3.38,1.38,3.4,1.4,3.12,1.34,2011_54_luxembourg_bgl_bnp_paribas_luxembourg_open,2011_54_luxembourg_bgl_bnp_paribas_luxembourg_open_2011-10-19_R16_benesova_i_kirilenko_m
tennis_data_uk,wta,2011,54,BGL BNP Paribas Luxembourg Open,Luxembourg,2011-10-19,international,False,hard,R16,16,3,Goerges J.,Paszek T.,21,45,2395,1223.0,2,0,6,4,6,2,,,,,,,completed,1.5,2.5,1.63,2.43,1.64,2.6,1.54,2.39,2011_54_luxembourg_bgl_bnp_paribas_luxembourg_open,2011_54_luxembourg_bgl_bnp_paribas_luxembourg_open_2011-10-19_R16_goerges_j_paszek_t
tennis_data_uk,wta,2011,54,BGL BNP Paribas Luxembourg Open,Luxembourg,2011-10-20,international,False,hard,R16,16,3,Schoofs B.,Marino R.,199,62,308,970.0,2,1,1,6,6,1,7,5,,,,,completed,2.75,1.4,2.81,1.5,3.0,1.5,2.74,1.42,2011_54_luxembourg_bgl_bnp_paribas_luxembourg_open,2011_54_luxembourg_bgl_bnp_paribas_luxembourg_open_2011-10-20_R16_schoofs_b_marino_r
tennis_data_uk,wta,2011,54,BGL BNP Paribas Luxembourg Open,Luxembourg,2011-10-20,international,False,hard,R16,16,3,Sevastova A.,Halep S.,107,56,638,1100.0,2,0,6,2,6,2,,,,,,,completed,1.61,2.2,1.81,2.12,1.81,2.2,1.7,2.07,2011_54_luxembourg_bgl_bnp_paribas_luxembourg_open,2011_54_luxembourg_bgl_bnp_paribas_luxembourg_open_2011-10-20_R16_sevastova_a_halep_s
tennis_data_uk,wta,2011,54,BGL BNP Paribas Luxembourg Open,Luxembourg,2011-10-20,international,False,hard,R16,16,3,Hradecka L.,Cadantu A.,51,104,1136,660.0,2,0,6,3,6,4,,,,,,,completed,1.33,3.25,1.34,3.6,1.4,4.5,1.33,3.17,2011_54_luxembourg_bgl_bnp_paribas_luxembourg_open,2011_54_luxembourg_bgl_bnp_paribas_luxembourg_open_2011-10-20_R16_hradecka_l_cadantu_a
tennis_data_uk,wta,2011,54,BGL BNP Paribas Luxembourg Open,Luxembourg,2011-10-20,international,False,hard,R16,16,3,Keothavong A.,Ivanovic A.,93,23,714,2260.0,2,0,6,3,6,2,,,,,,,completed,6.0,1.12,5.61,1.18,6.25,1.18,5.51,1.13,2011_54_luxembourg_bgl_bnp_paribas_luxembourg_open,2011_54_luxembourg_bgl_bnp_paribas_luxembourg_open_2011-10-20_R16_keothavong_a_ivanovic_a
tennis_data_uk,wta,2011,54,BGL BNP Paribas Luxembourg Open,Luxembourg,2011-10-20,international,False,hard,R16,16,3,Azarenka V.,Brianti A.,3,73,6190,906.0,2,0,6,0,6,1,,,,,,,completed,1.06,10.0,1.07,10.25,1.09,10.25,1.06,8.58,2011_54_luxembourg_bgl_bnp_paribas_luxembourg_open,2011_54_luxembourg_bgl_bnp_paribas_luxembourg_open_2011-10-20_R16_azarenka_v_brianti_a
tennis_data_uk,wta,2011,54,BGL BNP Paribas Luxembourg Open,Luxembourg,2011-10-21,international,False,hard,QF,8,3,Niculescu M.,Hradecka L.,34,51,1533,1136.0,2,0,6,4,6,4,,,,,,,completed,1.61,2.2,1.69,2.34,1.73,2.37,1.64,2.18,2011_54_luxembourg_bgl_bnp_paribas_luxembourg_open,2011_54_luxembourg_bgl_bnp_paribas_luxembourg_open_2011-10-21_QF_niculescu_m_hradecka_l
tennis_data_uk,wta,2011,54,BGL BNP Paribas Luxembourg Open,Luxembourg,2011-10-21,international,False,hard,QF,8,3,Keothavong A.,Schoofs B.,93,199,714,308.0,2,0,6,3,6,2,,,,,,,completed,1.36,3.0,1.44,3.07,1.44,3.17,1.39,2.87,2011_54_luxembourg_bgl_bnp_paribas_luxembourg_open,2011_54_luxembourg_bgl_bnp_paribas_luxembourg_open_2011-10-21_QF_keothavong_a_schoofs_b
tennis_data_uk,wta,2011,54,BGL BNP Paribas Luxembourg Open,Luxembourg,2011-10-21,international,False,hard,QF,8,3,Azarenka V.,Benesova I.,3,53,6190,1108.0,2,0,6,3,6,2,,,,,,,completed,1.08,8.0,1.11,8.71,1.11,11.0,1.08,7.27,2011_54_luxembourg_bgl_bnp_paribas_luxembourg_open,2011_54_luxembourg_bgl_bnp_paribas_luxembourg_open_2011-10-21_QF_azarenka_v_benesova_i
tennis_data_uk,wta,2011,54,BGL BNP Paribas Luxembourg Open,Luxembourg,2011-10-21,international,False,hard,QF,8,3,Goerges J.,Sevastova A.,21,107,2395,638.0,0,0,5,2,,,,,,,,,retired,1.44,2.62,1.48,2.9,1.5,2.95,1.44,2.67,2011_54_luxembourg_bgl_bnp_paribas_luxembourg_open,2011_54_luxembourg_bgl_bnp_paribas_luxembourg_open_2011-10-21_QF_goerges_j_sevastova_a
tennis_data_uk,wta,2011,54,BGL BNP Paribas Luxembourg Open,Luxembourg,2011-10-22,international,False,hard,SF,4,3,Niculescu M.,Keothavong A.,34,93,1533,714.0,2,1,7,5,4,6,6,3,,,,,completed,1.53,2.37,1.5,2.82,1.62,2.83,1.49,2.52,2011_54_luxembourg_bgl_bnp_paribas_luxembourg_open,2011_54_luxembourg_bgl_bnp_paribas_luxembourg_open_2011-10-22_SF_niculescu_m_keothavong_a
tennis_data_uk,wta,2011,54,BGL BNP Paribas Luxembourg Open,Luxembourg,2011-10-22,international,False,hard,SF,4,3,Azarenka V.,Goerges J.,3,21,6190,2395.0,2,0,6,3,6,3,,,,,,,completed,1.22,4.0,1.26,4.4,1.3,4.4,1.25,3.77,2011_54_luxembourg_bgl_bnp_paribas_luxembourg_open,2011_54_luxembourg_bgl_bnp_paribas_luxembourg_open_2011-10-22_SF_azarenka_v_goerges_j
tennis_data_uk,wta,2011,54,BGL BNP Paribas Luxembourg Open,Luxembourg,2011-10-23,international,False,hard,F,2,3,Azarenka V.,Niculescu M.,3,34,6190,1533.0,2,0,6,2,6,2,,,,,,,completed,1.08,8.0,1.12,7.58,1.13,8.0,1.1,6.59,2011_54_luxembourg_bgl_bnp_paribas_luxembourg_open,2011_54_luxembourg_bgl_bnp_paribas_luxembourg_open_2011-10-23_F_azarenka_v_niculescu_m
tennis_data_uk,wta,2011,55,Kremlin Cup,Moscow,2011-10-17,international,False,hard,R32,32,3,Kanepi K.,Errani S.,43,46,1237,1190.0,2,0,6,0,7,5,,,,,,,completed,1.4,2.75,1.52,2.69,1.55,2.75,1.47,2.58,2011_55_moscow_kremlin_cup,2011_55_moscow_kremlin_cup_2011-10-17_R32_kanepi_k_errani_s
tennis_data_uk,wta,2011,55,Kremlin Cup,Moscow,2011-10-17,international,False,hard,R32,32,3,Dushevina V.,Vinci R.,78,22,878,2330.0,2,0,7,6,6,4,,,,,,,completed,2.37,1.53,2.35,1.66,2.4,1.68,2.24,1.61,2011_55_moscow_kremlin_cup,2011_55_moscow_kremlin_cup_2011-10-17_R32_dushevina_v_vinci_r
tennis_data_uk,wta,2011,55,Kremlin Cup,Moscow,2011-10-17,international,False,hard,R32,32,3,Jovanovski B.,Bondarenko A.,72,212,918,277.0,2,0,6,3,6,0,,,,,,,completed,2.1,1.66,2.46,1.61,2.5,1.83,2.11,1.68,2011_55_moscow_kremlin_cup,2011_55_moscow_kremlin_cup_2011-10-17_R32_jovanovski_b_bondarenko_a
tennis_data_uk,wta,2011,55,Kremlin Cup,Moscow,2011-10-17,international,False,hard,R32,32,3,Petrova N.,Rodina E.,33,94,1586,712.0,2,0,6,4,7,6,,,,,,,completed,1.25,3.75,1.32,3.66,1.36,3.75,1.29,3.45,2011_55_moscow_kremlin_cup,2011_55_moscow_kremlin_cup_2011-10-17_R32_petrova_n_rodina_e
tennis_data_uk,wta,2011,55,Kremlin Cup,Moscow,2011-10-18,international,False,hard,R32,32,3,Pironkova T.,Martic P.,47,49,1162,1141.0,1,0,6,1,,,,,,,,,retired,1.8,1.9,1.87,2.02,2.05,2.08,1.86,1.88,2011_55_moscow_kremlin_cup,2011_55_moscow_kremlin_cup_2011-10-18_R32_pironkova_t_martic_p
tennis_data_uk,wta,2011,55,Kremlin Cup,Moscow,2011-10-18,international,False,hard,R32,32,3,Zakopalova K.,Savchuk O.,41,194,1285,310.0,2,0,6,3,6,1,,,,,,,completed,1.3,3.4,1.34,3.51,1.4,3.6,1.32,3.19,2011_55_moscow_kremlin_cup,2011_55_moscow_kremlin_cup_2011-10-18_R32_zakopalova_k_savchuk_o
tennis_data_uk,wta,2011,55,Kremlin Cup,Moscow,2011-10-18,international,False,hard,R32,32,3,Pervak K.,Voskoboeva G.,38,57,1335,1046.0,2,0,7,5,6,4,,,,,,,completed,1.72,2.0,1.75,2.19,1.84,2.19,1.77,1.99,2011_55_moscow_kremlin_cup,2011_55_moscow_kremlin_cup_2011-10-18_R32_pervak_k_voskoboeva_g
tennis_data_uk,wta,2011,55,Kremlin Cup,Moscow,2011-10-18,international,False,hard,R32,32,3,Safarova L.,Parra Santonja A.,27,117,1930,563.0,2,1,6,7,6,4,6,3,,,,,completed,1.1,7.0,1.12,7.44,1.18,7.45,1.12,5.91,2011_55_moscow_kremlin_cup,2011_55_moscow_kremlin_cup_2011-10-18_R32_safarova_l_parra_santonja_a
tennis_data_uk,wta,2011,55,Kremlin Cup,Moscow,2011-10-18,international,False,hard,R32,32,3,Kuznetsova S.,Cornet A.,19,96,2487,693.0,2,0,6,3,6,3,,,,,,,completed,1.18,4.5,1.21,4.87,1.25,5.0,1.2,4.36,2011_55_moscow_kremlin_cup,2011_55_moscow_kremlin_cup_2011-10-18_R32_kuznetsova_s_cornet_a
tennis_data_uk,wta,2011,55,Kremlin Cup,Moscow,2011-10-18,international,False,hard,R32,32,3,Ivanova E.,Jankovic J.,175,13,338,3200.0,2,1,6,4,1,6,6,4,,,,,completed,11.0,1.05,10.41,1.07,11.6,1.5,8.02,1.1,2011_55_moscow_kremlin_cup,2011_55_moscow_kremlin_cup_2011-10-18_R32_ivanova_e_jankovic_j
tennis_data_uk,wta,2011,55,Kremlin Cup,Moscow,2011-10-19,international,False,hard,R32,32,3,Cibulkova D.,Hercog P.,20,35,2405,1530.0,2,0,6,3,7,6,,,,,,,completed,1.44,2.62,1.44,2.98,1.57,3.0,1.46,2.62,2011_55_moscow_kremlin_cup,2011_55_moscow_kremlin_cup_2011-10-19_R32_cibulkova_d_hercog_p
tennis_data_uk,wta,2011,55,Kremlin Cup,Moscow,2011-10-19,international,False,hard,R32,32,3,Vesnina E.,Kudryavtseva A.,64,103,965,660.0,2,0,6,0,6,1,,,,,,,completed,1.53,2.37,1.75,2.19,1.75,2.5,1.59,2.29,2011_55_moscow_kremlin_cup,2011_55_moscow_kremlin_cup_2011-10-19_R32_vesnina_e_kudryavtseva_a
tennis_data_uk,wta,2011,55,Kremlin Cup,Moscow,2011-10-19,international,False,hard,R16,16,3,Zvonareva V.,Jovanovski B.,5,72,5755,918.0,2,0,6,1,6,1,,,,,,,completed,1.08,8.0,1.07,10.6,1.11,10.6,1.07,7.65,2011_55_moscow_kremlin_cup,2011_55_moscow_kremlin_cup_2011-10-19_R16_zvonareva_v_jovanovski_b
tennis_data_uk,wta,2011,55,Kremlin Cup,Moscow,2011-10-19,international,False,hard,R16,16,3,Kanepi K.,Schiavone F.,43,12,1237,4210.0,2,1,6,4,5,7,7,6,,,,,completed,1.66,2.1,1.81,2.12,1.9,2.2,1.75,2.02,2011_55_moscow_kremlin_cup,2011_55_moscow_kremlin_cup_2011-10-19_R16_kanepi_k_schiavone_f
tennis_data_uk,wta,2011,55,Kremlin Cup,Moscow,2011-10-19,international,False,hard,R16,16,3,Dushevina V.,Petrova N.,78,33,878,1586.0,2,0,6,2,7,6,,,,,,,completed,3.0,1.36,2.95,1.46,3.1,1.65,2.7,1.44,2011_55_moscow_kremlin_cup,2011_55_moscow_kremlin_cup_2011-10-19_R16_dushevina_v_petrova_n
tennis_data_uk,wta,2011,55,Kremlin Cup,Moscow,2011-10-19,international,False,hard,R16,16,3,Safarova L.,Radwanska A.,27,8,1930,4940.0,2,1,6,4,4,6,6,4,,,,,completed,4.5,1.18,4.76,1.23,5.15,1.29,4.35,1.2,2011_55_moscow_kremlin_cup,2011_55_moscow_kremlin_cup_2011-10-19_R16_safarova_l_radwanska_a
tennis_data_uk,wta,2011,55,Kremlin Cup,Moscow,2011-10-20,international,False,hard,R16,16,3,Vesnina E.,Ivanova E.,64,175,965,338.0,2,0,6,3,6,4,,,,,,,completed,1.22,4.0,1.28,4.14,1.29,4.35,1.24,3.83,2011_55_moscow_kremlin_cup,2011_55_moscow_kremlin_cup_2011-10-20_R16_vesnina_e_ivanova_e
tennis_data_uk,wta,2011,55,Kremlin Cup,Moscow,2011-10-20,international,False,hard,R16,16,3,Cibulkova D.,Zakopalova K.,20,41,2405,1285.0,2,0,7,6,6,2,,,,,,,completed,1.4,2.75,1.49,2.84,1.53,3.0,1.45,2.64,2011_55_moscow_kremlin_cup,2011_55_moscow_kremlin_cup_2011-10-20_R16_cibulkova_d_zakopalova_k
tennis_data_uk,wta,2011,55,Kremlin Cup,Moscow,2011-10-20,international,False,hard,R16,16,3,Bartoli M.,Pervak K.,9,38,4610,1335.0,2,0,6,1,6,1,,,,,,,completed,1.28,3.5,1.31,3.8,1.33,4.05,1.29,3.39,2011_55_moscow_kremlin_cup,2011_55_moscow_kremlin_cup_2011-10-20_R16_bartoli_m_pervak_k
tennis_data_uk,wta,2011,55,Kremlin Cup,Moscow,2011-10-20,international,False,hard,R16,16,3,Kuznetsova S.,Pironkova T.,19,47,2487,1162.0,2,0,7,5,7,5,,,,,,,completed,1.28,3.5,1.36,3.48,1.38,4.0,1.3,3.4,2011_55_moscow_kremlin_cup,2011_55_moscow_kremlin_cup_2011-10-20_R16_kuznetsova_s_pironkova_t
tennis_data_uk,wta,2011,55,Kremlin Cup,Moscow,2011-10-21,international,False,hard,QF,8,3,Vesnina E.,Bartoli M.,64,9,965,4610.0,,,,,,,,,,,,,walkover,5.0,1.16,5.61,1.19,5.61,1.24,4.58,1.18,2011_55_moscow_kremlin_cup,2011_55_moscow_kremlin_cup_2011-10-21_QF_vesnina_e_bartoli_m
tennis_data_uk,wta,2011,55,Kremlin Cup,Moscow,2011-10-21,international,False,hard,QF,8,3,Cibulkova D.,Zvonareva V.,20,5,2405,5755.0,2,1,4,6,6,4,6,4,,,,,completed,3.4,1.3,4.14,1.29,4.2,1.36,3.59,1.27,2011_55_moscow_kremlin_cup,2011_55_moscow_kremlin_cup_2011-10-21_QF_cibulkova_d_zvonareva_v
tennis_data_uk,wta,2011,55,Kremlin Cup,Moscow,2011-10-21,international,False,hard,QF,8,3,Safarova L.,Dushevina V.,27,78,1930,878.0,2,0,6,4,6,4,,,,,,,completed,1.44,2.62,1.61,2.53,1.63,2.8,1.51,2.5,2011_55_moscow_kremlin_cup,2011_55_moscow_kremlin_cup_2011-10-21_QF_safarova_l_dushevina_v
tennis_data_uk,wta,2011,55,Kremlin Cup,Moscow,2011-10-21,international,False,hard,QF,8,3,Kanepi K.,Kuznetsova S.,43,19,1237,2487.0,2,0,6,1,6,2,,,,,,,completed,2.1,1.66,2.18,1.78,2.2,1.79,2.08,1.7,2011_55_moscow_kremlin_cup,2011_55_moscow_kremlin_cup_2011-10-21_QF_kanepi_k_kuznetsova_s
tennis_data_uk,wta,2011,55,Kremlin Cup,Moscow,2011-10-22,international,False,hard,SF,4,3,Cibulkova D.,Vesnina E.,20,64,2405,965.0,2,0,6,0,6,2,,,,,,,completed,1.28,3.5,1.36,3.5,1.4,3.58,1.32,3.27,2011_55_moscow_kremlin_cup,2011_55_moscow_kremlin_cup_2011-10-22_SF_cibulkova_d_vesnina_e
tennis_data_uk,wta,2011,55,Kremlin Cup,Moscow,2011-10-22,international,False,hard,SF,4,3,Kanepi K.,Safarova L.,43,27,1237,1930.0,2,1,6,7,6,4,6,3,,,,,completed,1.72,2.0,1.79,2.17,1.8,2.25,1.71,2.08,2011_55_moscow_kremlin_cup,2011_55_moscow_kremlin_cup_2011-10-22_SF_kanepi_k_safarova_l
tennis_data_uk,wta,2011,55,Kremlin Cup,Moscow,2011-10-23,international,False,hard,F,2,3,Cibulkova D.,Kanepi K.,20,43,2405,1237.0,2,1,3,6,7,6,7,5,,,,,completed,2.0,1.8,2.12,1.83,2.12,1.91,1.97,1.79,2011_55_moscow_kremlin_cup,2011_55_moscow_kremlin_cup_2011-10-23_F_cibulkova_d_kanepi_k
tennis_data_uk,wta,2011,56,Sony Ericsson Championships,Istanbul,2011-10-25,tour_championships,False,hard,RR,8,3,Kvitova P.,Zvonareva V.,3,6,5970,5190.0,2,0,6,2,6,4,,,,,,,completed,1.66,2.2,1.75,2.2,1.75,2.38,1.66,2.15,2011_56_istanbul_sony_ericsson_championships,2011_56_istanbul_sony_ericsson_championships_2011-10-25_RR_kvitova_p_zvonareva_v
tennis_data_uk,wta,2011,56,Sony Ericsson Championships,Istanbul,2011-10-25,tour_championships,False,hard,RR,8,3,Wozniacki C.,Radwanska A.,1,8,7395,4940.0,2,1,5,7,6,2,6,4,,,,,completed,1.61,2.25,1.7,2.29,1.7,2.5,1.62,2.25,2011_56_istanbul_sony_ericsson_championships,2011_56_istanbul_sony_ericsson_championships_2011-10-25_RR_wozniacki_c_radwanska_a
tennis_data_uk,wta,2011,56,Sony Ericsson Championships,Istanbul,2011-10-25,tour_championships,False,hard,RR,8,3,Stosur S.,Sharapova M.,7,2,5115,6370.0,2,0,6,1,7,5,,,,,,,completed,2.62,1.5,2.57,1.57,2.8,1.59,2.52,1.51,2011_56_istanbul_sony_ericsson_championships,2011_56_istanbul_sony_ericsson_championships_2011-10-25_RR_stosur_s_sharapova_m
tennis_data_uk,wta,2011,56,Sony Ericsson Championships,Istanbul,2011-10-26,tour_championships,False,hard,RR,8,3,Azarenka V.,Stosur S.,4,7,5750,5115.0,2,0,6,2,6,2,,,,,,,completed,1.4,3.0,1.44,3.01,1.45,3.09,1.41,2.84,2011_56_istanbul_sony_ericsson_championships,2011_56_istanbul_sony_ericsson_championships_2011-10-26_RR_azarenka_v_stosur_s
tennis_data_uk,wta,2011,56,Sony Ericsson Championships,Istanbul,2011-10-26,tour_championships,False,hard,RR,8,3,Li N.,Sharapova M.,5,2,5351,6370.0,2,0,7,6,6,4,,,,,,,completed,3.0,1.4,3.08,1.43,3.15,1.45,2.91,1.39,2011_56_istanbul_sony_ericsson_championships,2011_56_istanbul_sony_ericsson_championships_2011-10-26_RR_li_n_sharapova_m
tennis_data_uk,wta,2011,56,Sony Ericsson Championships,Istanbul,2011-10-26,tour_championships,False,hard,RR,8,3,Zvonareva V.,Wozniacki C.,6,1,5190,7395.0,2,1,6,2,4,6,6,3,,,,,completed,2.75,1.44,3.11,1.42,3.11,1.57,2.69,1.45,2011_56_istanbul_sony_ericsson_championships,2011_56_istanbul_sony_ericsson_championships_2011-10-26_RR_zvonareva_v_wozniacki_c
tennis_data_uk,wta,2011,56,Sony Ericsson Championships,Istanbul,2011-10-27,tour_championships,False,hard,RR,8,3,Azarenka V.,Li N.,4,5,5750,5351.0,2,0,6,2,6,2,,,,,,,completed,1.22,4.33,1.2,5.24,1.33,5.24,1.23,4.08,2011_56_istanbul_sony_ericsson_championships,2011_56_istanbul_sony_ericsson_championships_2011-10-27_RR_azarenka_v_li_n
tennis_data_uk,wta,2011,56,Sony Ericsson Championships,Istanbul,2011-10-27,tour_championships,False,hard,RR,8,3,Kvitova P.,Wozniacki C.,3,1,5970,7395.0,2,0,6,4,6,2,,,,,,,completed,1.57,2.37,1.65,2.37,1.67,2.5,1.57,2.36,2011_56_istanbul_sony_ericsson_championships,2011_56_istanbul_sony_ericsson_championships_2011-10-27_RR_kvitova_p_wozniacki_c
tennis_data_uk,wta,2011,56,Sony Ericsson Championships,Istanbul,2011-10-27,tour_championships,False,hard,RR,8,3,Radwanska A.,Zvonareva V.,8,6,4940,5190.0,2,1,1,6,6,2,7,5,,,,,completed,2.1,1.72,2.0,1.91,2.14,1.93,1.97,1.8,2011_56_istanbul_sony_ericsson_championships,2011_56_istanbul_sony_ericsson_championships_2011-10-27_RR_radwanska_a_zvonareva_v
tennis_data_uk,wta,2011,56,Sony Ericsson Championships,Istanbul,2011-10-28,tour_championships,False,hard,RR,8,3,Stosur S.,Li N.,7,5,5115,5351.0,2,0,6,1,6,0,,,,,,,completed,1.38,3.0,1.43,3.05,1.44,3.26,1.38,2.95,2011_56_istanbul_sony_ericsson_championships,2011_56_istanbul_sony_ericsson_championships_2011-10-28_RR_stosur_s_li_n
tennis_data_uk,wta,2011,56,Sony Ericsson Championships,Istanbul,2011-10-28,tour_championships,False,hard,RR,8,3,Kvitova P.,Radwanska A.,3,8,5970,4940.0,2,0,7,6,6,3,,,,,,,completed,1.33,3.4,1.37,3.4,1.4,3.4,1.35,3.13,2011_56_istanbul_sony_ericsson_championships,2011_56_istanbul_sony_ericsson_championships_2011-10-28_RR_kvitova_p_radwanska_a
tennis_data_uk,wta,2011,56,Sony Ericsson Championships,Istanbul,2011-10-28,tour_championships,False,hard,RR,8,3,Bartoli M.,Azarenka V.,9,4,4610,5750.0,2,1,5,7,6,4,6,4,,,,,completed,4.5,1.2,4.22,1.27,4.8,1.27,4.02,1.23,2011_56_istanbul_sony_ericsson_championships,2011_56_istanbul_sony_ericsson_championships_2011-10-28_RR_bartoli_m_azarenka_v
tennis_data_uk,wta,2011,56,Sony Ericsson Championships,Istanbul,2011-10-29,tour_championships,False,hard,SF,4,3,Kvitova P.,Stosur S.,3,7,5970,5115.0,2,1,5,7,6,3,6,3,,,,,completed,1.33,3.4,1.4,3.28,1.4,3.63,1.33,3.21,2011_56_istanbul_sony_ericsson_championships,2011_56_istanbul_sony_ericsson_championships_2011-10-29_SF_kvitova_p_stosur_s
tennis_data_uk,wta,2011,56,Sony Ericsson Championships,Istanbul,2011-10-29,tour_championships,False,hard,SF,4,3,Azarenka V.,Zvonareva V.,4,6,5750,5190.0,2,0,6,2,6,3,,,,,,,completed,1.4,3.0,1.4,3.26,1.44,3.26,1.39,2.92,2011_56_istanbul_sony_ericsson_championships,2011_56_istanbul_sony_ericsson_championships_2011-10-29_SF_azarenka_v_zvonareva_v
tennis_data_uk,wta,2011,56,Sony Ericsson Championships,Istanbul,2011-10-30,tour_championships,False,hard,F,2,3,Kvitova P.,Azarenka V.,3,4,5970,5750.0,2,1,7,5,4,6,6,3,,,,,completed,1.72,2.1,1.83,2.11,1.83,2.2,1.71,2.09,2011_56_istanbul_sony_ericsson_championships,2011_56_istanbul_sony_ericsson_championships_2011-10-30_F_kvitova_p_azarenka_v
tennis_data_uk,wta,2011,57,Commonwealth Bank Tournament of Champions,Bali,2011-11-03,international,False,hard,QF,8,3,Petrova N.,Peng S.,31,16,1645,2825.0,2,0,6,4,6,3,,,,,,,completed,2.75,1.44,2.74,1.52,2.85,1.53,2.54,1.49,2011_57_bali_commonwealth_bank_tournament_of_champions,2011_57_bali_commonwealth_bank_tournament_of_champions_2011-11-03_QF_petrova_n_peng_s
tennis_data_uk,wta,2011,57,Commonwealth Bank Tournament of Champions,Bali,2011-11-03,international,False,hard,QF,8,3,Ivanovic A.,Vinci R.,26,22,1945,2110.0,2,0,6,3,6,3,,,,,,,completed,1.4,3.0,1.4,3.22,1.44,3.26,1.38,2.94,2011_57_bali_commonwealth_bank_tournament_of_champions,2011_57_bali_commonwealth_bank_tournament_of_champions_2011-11-03_QF_ivanovic_a_vinci_r
tennis_data_uk,wta,2011,57,Commonwealth Bank Tournament of Champions,Bali,2011-11-04,international,False,hard,QF,8,3,Medina Garrigues A.,Bartoli M.,28,9,1765,4710.0,1,1,4,6,7,6,1,0,,,,,retired,6.0,1.12,6.73,1.14,7.0,1.17,5.71,1.13,2011_57_bali_commonwealth_bank_tournament_of_champions,2011_57_bali_commonwealth_bank_tournament_of_champions_2011-11-04_QF_medina_garrigues_a_bartoli_m
tennis_data_uk,wta,2011,57,Commonwealth Bank Tournament of Champions,Bali,2011-11-04,international,False,hard,QF,8,3,Lisicki S.,Hantuchova D.,18,23,2724,2095.0,2,0,7,5,6,2,,,,,,,completed,1.5,2.62,1.65,2.4,1.67,2.8,1.53,2.45,2011_57_bali_commonwealth_bank_tournament_of_champions,2011_57_bali_commonwealth_bank_tournament_of_champions_2011-11-04_QF_lisicki_s_hantuchova_d
tennis_data_uk,wta,2011,57,Commonwealth Bank Tournament of Champions,Bali,2011-11-05,international,False,hard,SF,4,3,Ivanovic A.,Petrova N.,26,31,1945,1645.0,2,0,6,1,7,5,,,,,,,completed,1.5,2.62,1.47,2.94,1.53,2.96,1.46,2.63,2011_57_bali_commonwealth_bank_tournament_of_champions,2011_57_bali_commonwealth_bank_tournament_of_champions_2011-11-05_SF_ivanovic_a_petrova_n
tennis_data_uk,wta,2011,57,Commonwealth Bank Tournament of Champions,Bali,2011-11-05,international,False,hard,SF,4,3,Medina Garrigues A.,Lisicki S.,28,18,1765,2724.0,1,1,6,3,4,6,4,0,,,,,retired,4.5,1.18,4.72,1.24,4.75,1.25,4.28,1.2,2011_57_bali_commonwealth_bank_tournament_of_champions,2011_57_bali_commonwealth_bank_tournament_of_champions_2011-11-05_SF_medina_garrigues_a_lisicki_s
tennis_data_uk,wta,2011,57,Commonwealth Bank Tournament of Champions,Bali,2011-11-06,international,False,hard,BR,4,3,Petrova N.,Hantuchova D.,31,23,1645,2095.0,2,1,6,2,5,7,6,0,,,,,completed,1.72,2.0,,,1.8,2.45,1.7,2.07,2011_57_bali_commonwealth_bank_tournament_of_champions,2011_57_bali_commonwealth_bank_tournament_of_champions_2011-11-06_BR_petrova_n_hantuchova_d
tennis_data_uk,wta,2011,57,Commonwealth Bank Tournament of Champions,Bali,2011-11-06,international,False,hard,F,2,3,Ivanovic A.,Medina Garrigues A.,26,28,1945,1765.0,2,0,6,3,6,0,,,,,,,completed,1.28,3.75,1.32,3.84,1.33,4.0,1.27,3.61,2011_57_bali_commonwealth_bank_tournament_of_champions,2011_57_bali_commonwealth_bank_tournament_of_champions_2011-11-06_F_ivanovic_a_medina_garrigues_a
