source,tour,year,uk_tournament_id,tournament_name,location,match_date,series,indoor_outdoor,surface,round,best_of,winner_name,loser_name,winner_rank,loser_rank,winner_rank_points,loser_rank_points,winner_sets,loser_sets,winner_set_1_games,loser_set_1_games,winner_set_2_games,loser_set_2_games,winner_set_3_games,loser_set_3_games,winner_set_4_games,loser_set_4_games,winner_set_5_games,loser_set_5_games,match_status,odds_b365_winner,odds_b365_loser,odds_pinnacle_winner,odds_pinnacle_loser,odds_max_winner,odds_max_loser,odds_avg_winner,odds_avg_loser,source_event_key,source_match_key
tennis_data_uk,atp,2021,1,Antalya Open,Antalya,2021-01-07,atp_250,indoor,hard,R32,3,Basilashvili N.,Arnaboldi A.,40,267,1395,206,2,1,4,6,7,5,6,1,,,,,completed,1.5,2.5,1.61,2.44,1.67,2.56,1.56,2.42,2021_1_antalya_antalya_open,2021_1_antalya_antalya_open_2021-01-07_basilashvili_n_arnaboldi_a
tennis_data_uk,atp,2021,1,Antalya Open,Antalya,2021-01-07,atp_250,indoor,hard,R32,3,Celikbilek A.,Zuk K.,309,262,150,209,2,0,7,6,7,5,,,,,,,completed,2.5,1.5,2.63,1.54,2.7,1.55,2.57,1.5,2021_1_antalya_antalya_open,2021_1_antalya_antalya_open_2021-01-07_celikbilek_a_zuk_k
tennis_data_uk,atp,2021,1,Antalya Open,Antalya,2021-01-07,atp_250,indoor,hard,R32,3,Ruusuvuori E.,Vesely J.,87,67,806,928,2,0,6,3,7,6,,,,,,,completed,1.5,2.5,1.56,2.58,1.63,3.03,1.52,2.53,2021_1_antalya_antalya_open,2021_1_antalya_antalya_open_2021-01-07_ruusuvuori_e_vesely_j
tennis_data_uk,atp,2021,1,Antalya Open,Antalya,2021-01-07,atp_250,indoor,hard,R32,3,Bublik A.,Caruso S.,49,76,1090,858,2,0,6,3,6,3,,,,,,,completed,1.61,2.2,1.81,2.09,1.87,2.3,1.72,2.11,2021_1_antalya_antalya_open,2021_1_antalya_antalya_open_2021-01-07_bublik_a_caruso_s
tennis_data_uk,atp,2021,1,Antalya Open,Antalya,2021-01-07,atp_250,indoor,hard,R32,3,Goffin D.,Herbert P.H.,16,83,2555,822,2,1,3,6,7,5,6,0,,,,,completed,1.4,2.75,1.46,2.92,1.5,3.0,1.44,2.78,2021_1_antalya_antalya_open,2021_1_antalya_antalya_open_2021-01-07_goffin_d_herbert_p_h
tennis_data_uk,atp,2021,1,Antalya Open,Antalya,2021-01-07,atp_250,indoor,hard,R32,3,Travaglia S.,Kecmanovic M.,75,42,869,1328,2,1,1,6,6,4,6,0,,,,,completed,2.62,1.44,2.8,1.49,2.85,1.5,2.71,1.45,2021_1_antalya_antalya_open,2021_1_antalya_antalya_open_2021-01-07_travaglia_s_kecmanovic_m
tennis_data_uk,atp,2021,1,Antalya Open,Antalya,2021-01-08,atp_250,indoor,hard,R32,3,Struff J.L.,Kotov P.,37,269,1450,205,2,0,6,4,6,3,,,,,,,completed,1.22,4.0,1.24,4.44,1.27,4.6,1.22,4.16,2021_1_antalya_antalya_open,2021_1_antalya_antalya_open_2021-01-08_struff_j_l_kotov_p
tennis_data_uk,atp,2021,1,Antalya Open,Antalya,2021-01-08,atp_250,indoor,hard,R32,3,Lamasine T.,Gerasimov E.,271,78,204,840,2,0,7,6,6,2,,,,,,,completed,5.0,1.16,5.74,1.17,5.74,1.22,5.12,1.16,2021_1_antalya_antalya_open,2021_1_antalya_antalya_open_2021-01-08_lamasine_t_gerasimov_e
tennis_data_uk,atp,2021,1,Antalya Open,Antalya,2021-01-08,atp_250,indoor,hard,R32,3,Andreev A.,Ilhan M.,564,571,52,51,2,0,6,4,6,3,,,,,,,completed,1.2,4.33,1.24,4.53,1.25,4.65,1.22,4.24,2021_1_antalya_antalya_open,2021_1_antalya_antalya_open_2021-01-08_andreev_a_ilhan_m
tennis_data_uk,atp,2021,1,Antalya Open,Antalya,2021-01-08,atp_250,indoor,hard,R32,3,Grenier H.,Molcan A.,250,313,220,145,2,0,7,5,6,4,,,,,,,completed,1.8,1.9,2.0,1.89,2.05,2.0,1.87,1.92,2021_1_antalya_antalya_open,2021_1_antalya_antalya_open_2021-01-08_grenier_h_molcan_a
tennis_data_uk,atp,2021,1,Antalya Open,Antalya,2021-01-08,atp_250,indoor,hard,R32,3,Berrettini M.,Kirkin E.,10,446,3085,83,2,0,6,0,6,4,,,,,,,completed,1.03,15.0,1.03,16.3,1.04,24.25,1.02,13.94,2021_1_antalya_antalya_open,2021_1_antalya_antalya_open_2021-01-08_berrettini_m_kirkin_e
tennis_data_uk,atp,2021,1,Antalya Open,Antalya,2021-01-08,atp_250,indoor,hard,R32,3,Chardy J.,Albot R.,72,85,880,817,2,0,6,3,6,4,,,,,,,completed,2.0,1.72,2.18,1.75,2.2,1.8,2.11,1.71,2021_1_antalya_antalya_open,2021_1_antalya_antalya_open_2021-01-08_chardy_j_albot_r
tennis_data_uk,atp,2021,1,Antalya Open,Antalya,2021-01-08,atp_250,indoor,hard,R32,3,De Minaur A.,Jaziri M.,23,249,1860,220,2,0,6,2,6,1,,,,,,,completed,1.04,13.0,1.04,14.8,1.05,18.7,1.03,12.68,2021_1_antalya_antalya_open,2021_1_antalya_antalya_open_2021-01-08_de_minaur_a_jaziri_m
tennis_data_uk,atp,2021,1,Antalya Open,Antalya,2021-01-08,atp_250,indoor,hard,R32,3,Kuhn N.,Bachinger M.,253,279,219,189,1,1,3,6,6,3,4,1,,,,,retired,2.25,1.57,2.48,1.6,2.7,1.63,2.42,1.56,2021_1_antalya_antalya_open,2021_1_antalya_antalya_open_2021-01-08_kuhn_n_bachinger_m
tennis_data_uk,atp,2021,1,Antalya Open,Antalya,2021-01-08,atp_250,indoor,hard,R32,3,Fognini F.,Vrbensky M.,17,311,2400,148,2,0,6,4,7,6,,,,,,,completed,1.4,2.75,1.49,2.81,1.49,3.0,1.43,2.8,2021_1_antalya_antalya_open,2021_1_antalya_antalya_open_2021-01-08_fognini_f_vrbensky_m
tennis_data_uk,atp,2021,1,Antalya Open,Antalya,2021-01-08,atp_250,indoor,hard,R32,3,Kuzmanov D.,Djere L.,298,55,166,1068,1,0,6,1,3,2,,,,,,,retired,2.62,1.44,2.7,1.52,2.73,1.57,2.6,1.49,2021_1_antalya_antalya_open,2021_1_antalya_antalya_open_2021-01-08_kuzmanov_d_djere_l
tennis_data_uk,atp,2021,1,Antalya Open,Antalya,2021-01-09,atp_250,indoor,hard,R16,3,De Minaur A.,Andreev A.,23,564,1860,52,2,0,6,3,6,1,,,,,,,completed,1.08,8.0,1.08,10.12,1.09,11.0,1.07,8.57,2021_1_antalya_antalya_open,2021_1_antalya_antalya_open_2021-01-09_de_minaur_a_andreev_a
tennis_data_uk,atp,2021,1,Antalya Open,Antalya,2021-01-09,atp_250,indoor,hard,R16,3,Basilashvili N.,Celikbilek A.,40,309,1395,150,2,0,7,6,6,4,,,,,,,completed,1.4,2.75,1.45,3.0,1.45,3.12,1.41,2.87,2021_1_antalya_antalya_open,2021_1_antalya_antalya_open_2021-01-09_basilashvili_n_celikbilek_a
tennis_data_uk,atp,2021,1,Antalya Open,Antalya,2021-01-09,atp_250,indoor,hard,R16,3,Travaglia S.,Ruusuvuori E.,75,87,869,806,2,0,7,6,6,3,,,,,,,completed,2.62,1.44,2.76,1.51,2.76,1.54,2.61,1.49,2021_1_antalya_antalya_open,2021_1_antalya_antalya_open_2021-01-09_travaglia_s_ruusuvuori_e
tennis_data_uk,atp,2021,1,Antalya Open,Antalya,2021-01-09,atp_250,indoor,hard,R16,3,Goffin D.,Kuhn N.,16,253,2555,219,2,0,6,0,6,2,,,,,,,completed,1.11,6.5,1.11,7.84,1.13,7.84,1.1,6.82,2021_1_antalya_antalya_open,2021_1_antalya_antalya_open_2021-01-09_goffin_d_kuhn_n
tennis_data_uk,atp,2021,1,Antalya Open,Antalya,2021-01-10,atp_250,indoor,hard,R16,3,Chardy J.,Fognini F.,72,17,880,2400,2,1,7,6,6,7,7,6,,,,,completed,2.2,1.61,2.31,1.69,2.31,1.82,2.2,1.66,2021_1_antalya_antalya_open,2021_1_antalya_antalya_open_2021-01-10_chardy_j_fognini_f
tennis_data_uk,atp,2021,1,Antalya Open,Antalya,2021-01-10,atp_250,indoor,hard,R16,3,Bublik A.,Lamasine T.,49,271,1090,204,2,0,6,2,6,4,,,,,,,completed,1.18,4.5,1.22,4.81,1.24,4.81,1.21,4.35,2021_1_antalya_antalya_open,2021_1_antalya_antalya_open_2021-01-10_bublik_a_lamasine_t
tennis_data_uk,atp,2021,1,Antalya Open,Antalya,2021-01-10,atp_250,indoor,hard,R16,3,Struff J.L.,Grenier H.,37,250,1450,220,,,,,,,,,,,,,walkover,1.18,4.5,1.21,5.02,1.22,5.02,1.2,4.54,2021_1_antalya_antalya_open,2021_1_antalya_antalya_open_2021-01-10_struff_j_l_grenier_h
tennis_data_uk,atp,2021,1,Antalya Open,Antalya,2021-01-10,atp_250,indoor,hard,R16,3,Berrettini M.,Kuzmanov D.,10,298,3085,166,2,0,6,2,6,3,,,,,,,completed,1.07,9.0,1.09,9.04,1.09,11.0,1.07,8.72,2021_1_antalya_antalya_open,2021_1_antalya_antalya_open_2021-01-10_berrettini_m_kuzmanov_d
tennis_data_uk,atp,2021,1,Antalya Open,Antalya,2021-01-11,atp_250,indoor,hard,QF,3,Goffin D.,Travaglia S.,16,75,2555,869,2,0,6,3,6,2,,,,,,,completed,1.33,3.4,1.36,3.43,1.38,3.47,1.34,3.25,2021_1_antalya_antalya_open,2021_1_antalya_antalya_open_2021-01-11_goffin_d_travaglia_s
tennis_data_uk,atp,2021,1,Antalya Open,Antalya,2021-01-11,atp_250,indoor,hard,QF,3,Chardy J.,Struff J.L.,72,37,880,1450,2,1,4,6,6,2,7,6,,,,,completed,2.62,1.5,2.86,1.48,2.86,1.53,2.65,1.48,2021_1_antalya_antalya_open,2021_1_antalya_antalya_open_2021-01-11_chardy_j_struff_j_l
tennis_data_uk,atp,2021,1,Antalya Open,Antalya,2021-01-11,atp_250,indoor,hard,QF,3,Bublik A.,Berrettini M.,49,10,1090,3085,2,0,7,6,6,4,,,,,,,completed,4.0,1.25,4.05,1.29,4.05,1.37,3.49,1.3,2021_1_antalya_antalya_open,2021_1_antalya_antalya_open_2021-01-11_bublik_a_berrettini_m
tennis_data_uk,atp,2021,1,Antalya Open,Antalya,2021-01-11,atp_250,indoor,hard,QF,3,De Minaur A.,Basilashvili N.,23,40,1860,1395,2,0,6,2,6,4,,,,,,,completed,1.11,6.5,1.12,7.56,1.13,7.7,1.11,6.76,2021_1_antalya_antalya_open,2021_1_antalya_antalya_open_2021-01-11_de_minaur_a_basilashvili_n
tennis_data_uk,atp,2021,1,Antalya Open,Antalya,2021-01-12,atp_250,indoor,hard,SF,3,De Minaur A.,Goffin D.,23,16,1860,2555,2,1,6,4,3,6,6,2,,,,,completed,1.53,2.5,1.6,2.51,1.62,2.55,1.57,2.41,2021_1_antalya_antalya_open,2021_1_antalya_antalya_open_2021-01-12_de_minaur_a_goffin_d
tennis_data_uk,atp,2021,1,Antalya Open,Antalya,2021-01-12,atp_250,indoor,hard,SF,3,Bublik A.,Chardy J.,49,72,1090,880,2,1,6,4,6,7,6,3,,,,,completed,1.4,3.0,1.5,2.8,1.54,3.0,1.44,2.8,2021_1_antalya_antalya_open,2021_1_antalya_antalya_open_2021-01-12_bublik_a_chardy_j
tennis_data_uk,atp,2021,1,Antalya Open,Antalya,2021-01-13,atp_250,indoor,hard,F,3,De Minaur A.,Bublik A.,23,49,1860,1090,0,,,2,,,,,,,,,retired,1.2,4.5,1.22,4.87,1.23,5.3,1.21,4.43,2021_1_antalya_antalya_open,2021_1_antalya_antalya_open_2021-01-13_de_minaur_a_bublik_a
tennis_data_uk,atp,2021,2,Delray Beach Open,Delray Beach,2021-01-07,atp_250,outdoor,hard,R32,3,Monteiro T.,Bellucci T.,84,281,820,185,2,0,6,3,7,5,,,,,,,completed,1.36,3.0,1.36,3.42,1.44,3.5,1.36,3.1,2021_2_delray_beach_delray_beach_open,2021_2_delray_beach_delray_beach_open_2021-01-07_monteiro_t_bellucci_t
tennis_data_uk,atp,2021,2,Delray Beach Open,Delray Beach,2021-01-07,atp_250,outdoor,hard,R32,3,Paul T.,Nam J.S.,52,268,1080,205,2,0,6,1,6,4,,,,,,,completed,1.12,6.0,1.13,6.81,1.24,6.81,1.13,6.0,2021_2_delray_beach_delray_beach_open,2021_2_delray_beach_delray_beach_open_2021-01-07_paul_t_nam_j_s
tennis_data_uk,atp,2021,2,Delray Beach Open,Delray Beach,2021-01-07,atp_250,outdoor,hard,R32,3,Mager G.,Harrison R.,101,481,733,73,2,1,3,6,6,1,6,4,,,,,completed,2.0,1.72,2.3,1.68,2.45,1.81,2.18,1.68,2021_2_delray_beach_delray_beach_open,2021_2_delray_beach_delray_beach_open_2021-01-07_mager_g_harrison_r
tennis_data_uk,atp,2021,2,Delray Beach Open,Delray Beach,2021-01-07,atp_250,outdoor,hard,R32,3,Korda S.,Kwon S.W.,119,95,566,768,2,0,6,4,6,4,,,,,,,completed,1.72,2.0,1.74,2.21,1.8,2.31,1.74,2.09,2021_2_delray_beach_delray_beach_open,2021_2_delray_beach_delray_beach_open_2021-01-07_korda_s_kwon_s_w
tennis_data_uk,atp,2021,2,Delray Beach Open,Delray Beach,2021-01-08,atp_250,outdoor,hard,R32,3,Querrey S.,Mcdonald M.,56,194,1065,335,2,0,6,3,6,4,,,,,,,completed,1.8,1.9,1.94,1.94,1.95,2.15,1.87,1.92,2021_2_delray_beach_delray_beach_open,2021_2_delray_beach_delray_beach_open_2021-01-08_querrey_s_mcdonald_m
tennis_data_uk,atp,2021,2,Delray Beach Open,Delray Beach,2021-01-08,atp_250,outdoor,hard,R32,3,Harrison C.,Etcheverry T.,280,256,225,216,2,0,6,4,6,2,,,,,,,completed,1.33,3.25,1.36,3.42,1.55,3.42,1.39,3.01,2021_2_delray_beach_delray_beach_open,2021_2_delray_beach_delray_beach_open_2021-01-08_harrison_c_etcheverry_t
tennis_data_uk,atp,2021,2,Delray Beach Open,Delray Beach,2021-01-08,atp_250,outdoor,hard,R32,3,Galan D.E.,Martin A.,115,100,606,734,2,0,6,4,6,4,,,,,,,completed,1.4,2.75,1.47,2.87,1.54,2.88,1.46,2.7,2021_2_delray_beach_delray_beach_open,2021_2_delray_beach_delray_beach_open_2021-01-08_galan_d_e_martin_a
tennis_data_uk,atp,2021,2,Delray Beach Open,Delray Beach,2021-01-08,atp_250,outdoor,hard,R32,3,Quiroz R.,Rubin N.,293,251,171,219,2,0,7,6,6,3,,,,,,,completed,2.0,1.72,2.12,1.79,2.2,1.88,2.07,1.76,2021_2_delray_beach_delray_beach_open,2021_2_delray_beach_delray_beach_open_2021-01-08_quiroz_r_rubin_n
tennis_data_uk,atp,2021,2,Delray Beach Open,Delray Beach,2021-01-08,atp_250,outdoor,hard,R32,3,Fratangelo B.,King K.,274,304,195,154,2,0,6,2,6,2,,,,,,,completed,1.5,2.5,1.52,2.68,1.61,2.8,1.5,2.57,2021_2_delray_beach_delray_beach_open,2021_2_delray_beach_delray_beach_open_2021-01-08_fratangelo_b_king_k
tennis_data_uk,atp,2021,2,Delray Beach Open,Delray Beach,2021-01-08,atp_250,outdoor,hard,R32,3,Norrie C.,Aragone J.C.,74,299,877,165,2,0,6,2,6,1,,,,,,,completed,1.2,4.33,1.2,5.13,1.23,6.0,1.18,4.85,2021_2_delray_beach_delray_beach_open,2021_2_delray_beach_delray_beach_open_2021-01-08_norrie_c_aragone_j_c
tennis_data_uk,atp,2021,2,Delray Beach Open,Delray Beach,2021-01-08,atp_250,outdoor,hard,R32,3,Karlovic I.,Andujar P.,148,59,444,1044,2,1,6,3,5,7,6,4,,,,,completed,2.62,1.44,2.86,1.47,3.0,1.61,2.72,1.46,2021_2_delray_beach_delray_beach_open,2021_2_delray_beach_delray_beach_open_2021-01-08_karlovic_i_andujar_p
tennis_data_uk,atp,2021,2,Delray Beach Open,Delray Beach,2021-01-09,atp_250,outdoor,hard,R32,3,Tiafoe F.,Young D.,62,327,1005,135,2,0,6,3,6,4,,,,,,,completed,1.22,4.0,1.19,5.38,1.27,5.75,1.19,4.69,2021_2_delray_beach_delray_beach_open,2021_2_delray_beach_delray_beach_open_2021-01-09_tiafoe_f_young_d
tennis_data_uk,atp,2021,2,Delray Beach Open,Delray Beach,2021-01-09,atp_250,outdoor,hard,R16,3,Mager G.,Querrey S.,101,56,733,1065,2,0,7,6,6,1,,,,,,,completed,4.0,1.22,3.97,1.29,4.2,1.3,3.84,1.25,2021_2_delray_beach_delray_beach_open,2021_2_delray_beach_delray_beach_open_2021-01-09_mager_g_querrey_s
tennis_data_uk,atp,2021,2,Delray Beach Open,Delray Beach,2021-01-09,atp_250,outdoor,hard,R16,3,Harrison C.,Garin C.,280,22,225,2180,2,0,7,6,6,2,,,,,,,completed,2.62,1.44,2.51,1.6,3.02,1.63,2.55,1.51,2021_2_delray_beach_delray_beach_open,2021_2_delray_beach_delray_beach_open_2021-01-09_harrison_c_garin_c
tennis_data_uk,atp,2021,2,Delray Beach Open,Delray Beach,2021-01-09,atp_250,outdoor,hard,R16,3,Korda S.,Paul T.,119,52,566,1080,2,1,4,6,6,3,6,2,,,,,completed,2.37,1.53,2.69,1.53,2.69,1.62,2.45,1.54,2021_2_delray_beach_delray_beach_open,2021_2_delray_beach_delray_beach_open_2021-01-09_korda_s_paul_t
tennis_data_uk,atp,2021,2,Delray Beach Open,Delray Beach,2021-01-10,atp_250,outdoor,hard,R16,3,Isner J.,Monteiro T.,25,84,1850,820,2,0,6,4,7,6,,,,,,,completed,1.5,2.5,1.48,2.86,1.54,3.03,1.47,2.67,2021_2_delray_beach_delray_beach_open,2021_2_delray_beach_delray_beach_open_2021-01-10_isner_j_monteiro_t
tennis_data_uk,atp,2021,2,Delray Beach Open,Delray Beach,2021-01-10,atp_250,outdoor,hard,R16,3,Hurkacz H.,Galan D.E.,35,115,1518,606,2,0,6,2,6,2,,,,,,,completed,1.36,3.0,1.41,3.19,1.41,3.52,1.36,3.12,2021_2_delray_beach_delray_beach_open,2021_2_delray_beach_delray_beach_open_2021-01-10_hurkacz_h_galan_d_e
tennis_data_uk,atp,2021,2,Delray Beach Open,Delray Beach,2021-01-10,atp_250,outdoor,hard,R16,3,Tiafoe F.,Fratangelo B.,62,274,1005,195,2,1,6,4,3,6,6,1,,,,,completed,1.3,3.4,1.29,4.0,1.34,4.0,1.29,3.53,2021_2_delray_beach_delray_beach_open,2021_2_delray_beach_delray_beach_open_2021-01-10_tiafoe_f_fratangelo_b
tennis_data_uk,atp,2021,2,Delray Beach Open,Delray Beach,2021-01-10,atp_250,outdoor,hard,R16,3,Quiroz R.,Karlovic I.,293,148,171,444,2,0,6,2,6,4,,,,,,,completed,2.1,1.66,2.36,1.67,2.4,1.75,2.22,1.66,2021_2_delray_beach_delray_beach_open,2021_2_delray_beach_delray_beach_open_2021-01-10_quiroz_r_karlovic_i
tennis_data_uk,atp,2021,2,Delray Beach Open,Delray Beach,2021-01-11,atp_250,outdoor,hard,R16,3,Norrie C.,Mannarino A.,74,34,877,1561,2,0,6,2,7,5,,,,,,,completed,1.8,1.9,1.92,1.99,2.0,2.25,1.84,1.95,2021_2_delray_beach_delray_beach_open,2021_2_delray_beach_delray_beach_open_2021-01-11_norrie_c_mannarino_a
tennis_data_uk,atp,2021,2,Delray Beach Open,Delray Beach,2021-01-11,atp_250,outdoor,hard,QF,3,Harrison C.,Mager G.,280,101,225,733,2,0,7,6,6,4,,,,,,,completed,1.72,2.1,1.68,2.34,1.79,2.34,1.69,2.18,2021_2_delray_beach_delray_beach_open,2021_2_delray_beach_delray_beach_open_2021-01-11_harrison_c_mager_g
tennis_data_uk,atp,2021,2,Delray Beach Open,Delray Beach,2021-01-11,atp_250,outdoor,hard,QF,3,Hurkacz H.,Quiroz R.,35,293,1518,171,2,0,6,4,6,4,,,,,,,completed,1.16,5.0,1.19,5.37,1.22,6.5,1.15,5.4,2021_2_delray_beach_delray_beach_open,2021_2_delray_beach_delray_beach_open_2021-01-11_hurkacz_h_quiroz_r
tennis_data_uk,atp,2021,2,Delray Beach Open,Delray Beach,2021-01-11,atp_250,outdoor,hard,QF,3,Korda S.,Isner J.,119,25,566,1850,2,1,6,3,4,6,6,3,,,,,completed,2.1,1.72,2.13,1.8,2.2,1.92,2.1,1.74,2021_2_delray_beach_delray_beach_open,2021_2_delray_beach_delray_beach_open_2021-01-11_korda_s_isner_j
tennis_data_uk,atp,2021,2,Delray Beach Open,Delray Beach,2021-01-12,atp_250,outdoor,hard,QF,3,Norrie C.,Tiafoe F.,74,62,877,1005,2,1,6,0,3,6,6,4,,,,,completed,2.1,1.72,2.03,1.88,2.2,1.91,2.04,1.78,2021_2_delray_beach_delray_beach_open,2021_2_delray_beach_delray_beach_open_2021-01-12_norrie_c_tiafoe_f
tennis_data_uk,atp,2021,2,Delray Beach Open,Delray Beach,2021-01-12,atp_250,outdoor,hard,SF,3,Hurkacz H.,Harrison C.,35,280,1518,225,2,0,7,6,6,4,,,,,,,completed,1.36,3.2,1.41,3.18,1.44,3.6,1.37,3.13,2021_2_delray_beach_delray_beach_open,2021_2_delray_beach_delray_beach_open_2021-01-12_hurkacz_h_harrison_c
tennis_data_uk,atp,2021,2,Delray Beach Open,Delray Beach,2021-01-13,atp_250,outdoor,hard,SF,3,Korda S.,Norrie C.,119,74,566,877,2,0,6,3,7,5,,,,,,,completed,1.66,2.2,1.76,2.19,1.78,2.33,1.69,2.17,2021_2_delray_beach_delray_beach_open,2021_2_delray_beach_delray_beach_open_2021-01-13_korda_s_norrie_c
tennis_data_uk,atp,2021,2,Delray Beach Open,Delray Beach,2021-01-13,atp_250,outdoor,hard,F,3,Hurkacz H.,Korda S.,35,119,1518,566,2,0,6,3,6,3,,,,,,,completed,1.8,2.0,1.83,2.09,1.92,2.14,1.81,2.0,2021_2_delray_beach_delray_beach_open,2021_2_delray_beach_delray_beach_open_2021-01-13_hurkacz_h_korda_s
tennis_data_uk,atp,2021,3,Great Ocean Road Open,Melbourne,2021-01-31,atp_250,outdoor,hard,R64,3,Vukic A.,Lu Y.,195,1008,334,10,2,0,6,4,7,5,,,,,,,completed,1.16,5.0,1.22,4.85,1.22,5.5,1.17,4.95,2021_3_melbourne_great_ocean_road_open,2021_3_melbourne_great_ocean_road_open_2021-01-31_vukic_a_lu_y
tennis_data_uk,atp,2021,3,Great Ocean Road Open,Melbourne,2021-01-31,atp_250,outdoor,hard,R64,3,Majchrzak K.,Djere L.,109,56,690,1068,2,0,6,3,6,4,,,,,,,completed,1.4,2.75,1.56,2.59,1.56,3.0,1.44,2.76,2021_3_melbourne_great_ocean_road_open,2021_3_melbourne_great_ocean_road_open_2021-01-31_majchrzak_k_djere_l
tennis_data_uk,atp,2021,3,Great Ocean Road Open,Melbourne,2021-01-31,atp_250,outdoor,hard,R64,3,Bedene A.,Uchiyama Y.,58,106,1055,701,2,0,7,6,7,6,,,,,,,completed,1.4,2.75,1.33,3.62,1.45,4.2,1.33,3.29,2021_3_melbourne_great_ocean_road_open,2021_3_melbourne_great_ocean_road_open_2021-01-31_bedene_a_uchiyama_y
tennis_data_uk,atp,2021,3,Great Ocean Road Open,Melbourne,2021-02-01,atp_250,outdoor,hard,R64,3,O Connell C.,Koepfer D.,121,68,565,931,2,1,5,7,6,4,6,1,,,,,completed,2.25,1.57,2.23,1.72,2.5,1.74,2.27,1.62,2021_3_melbourne_great_ocean_road_open,2021_3_melbourne_great_ocean_road_open_2021-02-01_o_connell_c_koepfer_d
tennis_data_uk,atp,2021,3,Great Ocean Road Open,Melbourne,2021-02-01,atp_250,outdoor,hard,R64,3,Purcell M.,Gombos N.,238,89,241,797,2,0,6,4,6,4,,,,,,,completed,2.62,1.44,2.95,1.45,2.95,1.53,2.76,1.44,2021_3_melbourne_great_ocean_road_open,2021_3_melbourne_great_ocean_road_open_2021-02-01_purcell_m_gombos_n
tennis_data_uk,atp,2021,3,Great Ocean Road Open,Melbourne,2021-02-01,atp_250,outdoor,hard,R64,3,Kwon S.W.,Martin A.,97,102,768,734,2,1,6,3,6,7,7,6,,,,,completed,1.25,3.75,1.28,4.01,1.29,4.1,1.26,3.81,2021_3_melbourne_great_ocean_road_open,2021_3_melbourne_great_ocean_road_open_2021-02-01_kwon_s_w_martin_a
tennis_data_uk,atp,2021,3,Great Ocean Road Open,Melbourne,2021-02-01,atp_250,outdoor,hard,R64,3,Travaglia S.,Carballes Baena R.,71,98,894,751,2,1,2,6,7,5,7,6,,,,,completed,1.36,3.0,1.45,2.94,1.47,3.0,1.41,2.86,2021_3_melbourne_great_ocean_road_open,2021_3_melbourne_great_ocean_road_open_2021-02-01_travaglia_s_carballes_baena_r
tennis_data_uk,atp,2021,3,Great Ocean Road Open,Melbourne,2021-02-01,atp_250,outdoor,hard,R64,3,Anderson K.,Lopez F.,82,63,825,998,2,0,6,4,7,5,,,,,,,completed,1.44,2.62,1.41,3.14,1.49,3.2,1.4,2.9,2021_3_melbourne_great_ocean_road_open,2021_3_melbourne_great_ocean_road_open_2021-02-01_anderson_k_lopez_f
tennis_data_uk,atp,2021,3,Great Ocean Road Open,Melbourne,2021-02-01,atp_250,outdoor,hard,R64,3,Caruso S.,Seppi A.,76,107,858,699,2,0,7,5,7,6,,,,,,,completed,1.72,2.0,1.76,2.16,1.8,2.34,1.72,2.11,2021_3_melbourne_great_ocean_road_open,2021_3_melbourne_great_ocean_road_open_2021-02-01_caruso_s_seppi_a
tennis_data_uk,atp,2021,3,Great Ocean Road Open,Melbourne,2021-02-02,atp_250,outdoor,hard,R64,3,Sandgren T.,Smith J.P.,50,318,1088,143,2,1,6,3,5,7,6,4,,,,,completed,1.53,2.37,1.7,2.27,1.8,2.45,1.66,2.21,2021_3_melbourne_great_ocean_road_open,2021_3_melbourne_great_ocean_road_open_2021-02-02_sandgren_t_smith_j_p
tennis_data_uk,atp,2021,3,Great Ocean Road Open,Melbourne,2021-02-02,atp_250,outdoor,hard,R64,3,Herbert P.H.,Cressy M.,84,171,822,389,2,1,6,7,7,6,7,5,,,,,completed,1.44,2.62,1.45,2.93,1.53,2.93,1.46,2.71,2021_3_melbourne_great_ocean_road_open,2021_3_melbourne_great_ocean_road_open_2021-02-02_herbert_p_h_cressy_m
tennis_data_uk,atp,2021,3,Great Ocean Road Open,Melbourne,2021-02-02,atp_250,outdoor,hard,R64,3,Cuevas P.,Andujar P.,70,59,927,1044,2,0,6,4,6,2,,,,,,,completed,2.1,1.66,2.25,1.71,2.25,1.8,2.14,1.7,2021_3_melbourne_great_ocean_road_open,2021_3_melbourne_great_ocean_road_open_2021-02-02_cuevas_p_andujar_p
tennis_data_uk,atp,2021,3,Great Ocean Road Open,Melbourne,2021-02-02,atp_250,outdoor,hard,R64,3,Sweeny D.,Nam J.S.,797,273,22,205,2,0,7,6,7,5,,,,,,,completed,2.25,1.57,2.07,1.83,2.33,1.83,2.1,1.72,2021_3_melbourne_great_ocean_road_open,2021_3_melbourne_great_ocean_road_open_2021-02-02_sweeny_d_nam_j_s
tennis_data_uk,atp,2021,3,Great Ocean Road Open,Melbourne,2021-02-02,atp_250,outdoor,hard,R64,3,Alcaraz C.,Balazs A.,146,94,464,779,0,0,2,2,,,,,,,,,retired,1.22,4.0,1.3,3.81,1.31,4.2,1.26,3.75,2021_3_melbourne_great_ocean_road_open,2021_3_melbourne_great_ocean_road_open_2021-02-02_alcaraz_c_balazs_a
tennis_data_uk,atp,2021,3,Great Ocean Road Open,Melbourne,2021-02-02,atp_250,outdoor,hard,R64,3,Thompson J.,Mager G.,52,96,1084,770,2,1,4,6,6,4,6,3,,,,,completed,1.4,2.75,1.41,3.13,1.42,3.38,1.38,3.01,2021_3_melbourne_great_ocean_road_open,2021_3_melbourne_great_ocean_road_open_2021-02-02_thompson_j_mager_g
tennis_data_uk,atp,2021,3,Great Ocean Road Open,Melbourne,2021-02-02,atp_250,outdoor,hard,R64,3,Haase R.,Coppejans K.,198,178,330,368,2,0,6,4,6,3,,,,,,,completed,1.57,2.25,1.68,2.31,1.69,2.42,1.63,2.25,2021_3_melbourne_great_ocean_road_open,2021_3_melbourne_great_ocean_road_open_2021-02-02_haase_r_coppejans_k
tennis_data_uk,atp,2021,3,Great Ocean Road Open,Melbourne,2021-02-02,atp_250,outdoor,hard,R64,3,Querrey S.,Laaksonen H.,51,136,1085,492,2,1,4,6,7,6,6,0,,,,,completed,1.5,2.5,1.53,2.66,1.58,2.66,1.53,2.48,2021_3_melbourne_great_ocean_road_open,2021_3_melbourne_great_ocean_road_open_2021-02-02_querrey_s_laaksonen_h
tennis_data_uk,atp,2021,3,Great Ocean Road Open,Melbourne,2021-02-02,atp_250,outdoor,hard,R64,3,Torpegaard M.,Martinez P.,193,87,340,810,2,0,6,4,7,5,,,,,,,completed,2.25,1.57,2.39,1.64,2.45,1.65,2.34,1.59,2021_3_melbourne_great_ocean_road_open,2021_3_melbourne_great_ocean_road_open_2021-02-02_torpegaard_m_martinez_p
tennis_data_uk,atp,2021,3,Great Ocean Road Open,Melbourne,2021-02-02,atp_250,outdoor,hard,R64,3,Ebden M.,Delbonis F.,320,77,141,851,2,0,6,3,7,6,,,,,,,completed,,,,,2.75,1.5,2.65,1.45,2021_3_melbourne_great_ocean_road_open,2021_3_melbourne_great_ocean_road_open_2021-02-02_ebden_m_delbonis_f
tennis_data_uk,atp,2021,3,Great Ocean Road Open,Melbourne,2021-02-02,atp_250,outdoor,hard,R64,3,Vilella Martinez M.,Hanfmann Y.,188,101,346,736,2,0,7,6,6,4,,,,,,,completed,2.37,1.53,2.69,1.52,2.75,1.56,2.52,1.51,2021_3_melbourne_great_ocean_road_open,2021_3_melbourne_great_ocean_road_open_2021-02-02_vilella_martinez_m_hanfmann_y
tennis_data_uk,atp,2021,3,Great Ocean Road Open,Melbourne,2021-02-02,atp_250,outdoor,hard,R64,3,Stebe C.M.,Dellien H.,128,112,534,646,2,0,6,4,6,4,,,,,,,completed,1.2,4.33,1.25,4.35,1.28,4.45,1.24,4.04,2021_3_melbourne_great_ocean_road_open,2021_3_melbourne_great_ocean_road_open_2021-02-02_stebe_c_m_dellien_h
tennis_data_uk,atp,2021,3,Great Ocean Road Open,Melbourne,2021-02-02,atp_250,outdoor,hard,R64,3,Stakhovsky S.,Safiullin R.,201,182,329,357,2,1,6,7,6,4,6,3,,,,,completed,3.0,1.36,3.03,1.43,3.03,1.5,2.86,1.41,2021_3_melbourne_great_ocean_road_open,2021_3_melbourne_great_ocean_road_open_2021-02-02_stakhovsky_s_safiullin_r
tennis_data_uk,atp,2021,3,Great Ocean Road Open,Melbourne,2021-02-02,atp_250,outdoor,hard,R64,3,Monteiro T.,Fancutt T.,83,562,824,53,2,0,6,4,6,4,,,,,,,completed,1.14,5.5,1.16,5.92,1.17,6.25,1.15,5.53,2021_3_melbourne_great_ocean_road_open,2021_3_melbourne_great_ocean_road_open_2021-02-02_monteiro_t_fancutt_t
tennis_data_uk,atp,2021,3,Great Ocean Road Open,Melbourne,2021-02-02,atp_250,outdoor,hard,R64,3,Van De Zandschulp B.,Schoolkate T.,159,844,423,18,2,0,6,4,7,5,,,,,,,completed,1.33,3.25,1.39,3.23,1.4,3.3,1.36,3.1,2021_3_melbourne_great_ocean_road_open,2021_3_melbourne_great_ocean_road_open_2021-02-02_van_de_zandschulp_b_schoolkate_t
tennis_data_uk,atp,2021,3,Great Ocean Road Open,Melbourne,2021-02-03,atp_250,outdoor,hard,R32,3,Sinner J.,Vukic A.,36,195,1464,334,2,0,6,2,6,4,,,,,,,completed,1.14,5.5,1.16,6.12,1.16,8.1,1.13,5.91,2021_3_melbourne_great_ocean_road_open,2021_3_melbourne_great_ocean_road_open_2021-02-03_sinner_j_vukic_a
tennis_data_uk,atp,2021,3,Great Ocean Road Open,Melbourne,2021-02-03,atp_250,outdoor,hard,R32,3,Caruso S.,Sandgren T.,76,50,858,1088,2,1,6,4,6,7,6,1,,,,,completed,1.8,1.9,1.85,2.05,1.89,2.22,1.8,2.01,2021_3_melbourne_great_ocean_road_open,2021_3_melbourne_great_ocean_road_open_2021-02-03_caruso_s_sandgren_t
tennis_data_uk,atp,2021,3,Great Ocean Road Open,Melbourne,2021-02-03,atp_250,outdoor,hard,R32,3,Bedene A.,Sweeny D.,58,797,1055,22,2,0,6,0,6,4,,,,,,,completed,1.14,5.5,1.13,6.91,1.18,6.91,1.14,5.56,2021_3_melbourne_great_ocean_road_open,2021_3_melbourne_great_ocean_road_open_2021-02-03_bedene_a_sweeny_d
tennis_data_uk,atp,2021,3,Great Ocean Road Open,Melbourne,2021-02-03,atp_250,outdoor,hard,R32,3,Hurkacz H.,Torpegaard M.,29,193,1735,340,2,0,6,4,6,3,,,,,,,completed,1.22,4.0,1.27,4.17,1.29,4.33,1.25,3.92,2021_3_melbourne_great_ocean_road_open,2021_3_melbourne_great_ocean_road_open_2021-02-03_hurkacz_h_torpegaard_m
tennis_data_uk,atp,2021,3,Great Ocean Road Open,Melbourne,2021-02-03,atp_250,outdoor,hard,R32,3,Kecmanovic M.,Kwon S.W.,42,97,1328,768,2,0,6,3,6,4,,,,,,,completed,1.53,2.37,1.67,2.32,1.69,2.4,1.63,2.26,2021_3_melbourne_great_ocean_road_open,2021_3_melbourne_great_ocean_road_open_2021-02-03_kecmanovic_m_kwon_s_w
tennis_data_uk,atp,2021,3,Great Ocean Road Open,Melbourne,2021-02-03,atp_250,outdoor,hard,R32,3,Travaglia S.,Querrey S.,71,51,894,1085,2,1,6,7,6,3,6,4,,,,,completed,2.1,1.66,2.22,1.73,2.4,1.77,2.18,1.68,2021_3_melbourne_great_ocean_road_open,2021_3_melbourne_great_ocean_road_open_2021-02-03_travaglia_s_querrey_s
tennis_data_uk,atp,2021,3,Great Ocean Road Open,Melbourne,2021-02-03,atp_250,outdoor,hard,R32,3,Cuevas P.,Haase R.,70,198,927,330,2,0,7,5,6,3,,,,,,,completed,2.2,1.61,2.22,1.73,2.4,1.73,2.19,1.67,2021_3_melbourne_great_ocean_road_open,2021_3_melbourne_great_ocean_road_open_2021-02-03_cuevas_p_haase_r
tennis_data_uk,atp,2021,3,Great Ocean Road Open,Melbourne,2021-02-03,atp_250,outdoor,hard,R32,3,Thompson J.,Herbert P.H.,52,84,1084,822,2,1,6,4,3,6,6,3,,,,,completed,1.57,2.25,1.67,2.33,1.74,2.4,1.65,2.22,2021_3_melbourne_great_ocean_road_open,2021_3_melbourne_great_ocean_road_open_2021-02-03_thompson_j_herbert_p_h
tennis_data_uk,atp,2021,3,Great Ocean Road Open,Melbourne,2021-02-03,atp_250,outdoor,hard,R32,3,Monteiro T.,Ebden M.,83,320,824,141,2,1,6,7,6,4,6,3,,,,,completed,1.53,2.37,1.66,2.35,1.71,2.88,1.6,2.32,2021_3_melbourne_great_ocean_road_open,2021_3_melbourne_great_ocean_road_open_2021-02-03_monteiro_t_ebden_m
tennis_data_uk,atp,2021,3,Great Ocean Road Open,Melbourne,2021-02-03,atp_250,outdoor,hard,R32,3,Van De Zandschulp B.,Majchrzak K.,159,109,423,690,2,1,6,4,3,6,6,4,,,,,completed,2.0,1.72,2.26,1.7,2.3,1.77,2.12,1.71,2021_3_melbourne_great_ocean_road_open,2021_3_melbourne_great_ocean_road_open_2021-02-03_van_de_zandschulp_b_majchrzak_k
tennis_data_uk,atp,2021,3,Great Ocean Road Open,Melbourne,2021-02-03,atp_250,outdoor,hard,R32,3,Opelka R.,Stakhovsky S.,40,201,1402,329,2,0,7,6,6,4,,,,,,,completed,1.33,3.25,1.34,3.54,1.36,3.6,1.31,3.35,2021_3_melbourne_great_ocean_road_open,2021_3_melbourne_great_ocean_road_open_2021-02-03_opelka_r_stakhovsky_s
tennis_data_uk,atp,2021,3,Great Ocean Road Open,Melbourne,2021-02-03,atp_250,outdoor,hard,R32,3,Bublik A.,O Connell C.,45,121,1220,565,2,1,7,6,6,7,6,4,,,,,completed,1.5,2.5,1.53,2.65,1.57,2.7,1.51,2.53,2021_3_melbourne_great_ocean_road_open,2021_3_melbourne_great_ocean_road_open_2021-02-03_bublik_a_o_connell_c
tennis_data_uk,atp,2021,3,Great Ocean Road Open,Melbourne,2021-02-03,atp_250,outdoor,hard,R32,3,Vilella Martinez M.,Basilashvili N.,188,39,346,1405,2,0,7,5,6,3,,,,,,,completed,2.25,1.57,2.14,1.78,2.37,1.78,2.2,1.66,2021_3_melbourne_great_ocean_road_open,2021_3_melbourne_great_ocean_road_open_2021-02-03_vilella_martinez_m_basilashvili_n
tennis_data_uk,atp,2021,3,Great Ocean Road Open,Melbourne,2021-02-03,atp_250,outdoor,hard,R32,3,Khachanov K.,Purcell M.,20,238,2245,241,2,0,7,6,6,3,,,,,,,completed,1.14,5.5,1.15,6.16,1.17,6.25,1.13,5.71,2021_3_melbourne_great_ocean_road_open,2021_3_melbourne_great_ocean_road_open_2021-02-03_khachanov_k_purcell_m
tennis_data_uk,atp,2021,3,Great Ocean Road Open,Melbourne,2021-02-03,atp_250,outdoor,hard,R32,3,Alcaraz C.,Goffin D.,146,14,464,2600,2,0,6,3,6,3,,,,,,,completed,3.25,1.33,3.55,1.34,3.65,1.5,3.32,1.32,2021_3_melbourne_great_ocean_road_open,2021_3_melbourne_great_ocean_road_open_2021-02-03_alcaraz_c_goffin_d
tennis_data_uk,atp,2021,3,Great Ocean Road Open,Melbourne,2021-02-03,atp_250,outdoor,hard,R32,3,Anderson K.,Stebe C.M.,82,128,825,534,2,0,6,4,6,2,,,,,,,completed,1.2,4.33,1.22,4.79,1.26,4.8,1.2,4.38,2021_3_melbourne_great_ocean_road_open,2021_3_melbourne_great_ocean_road_open_2021-02-03_anderson_k_stebe_c_m
tennis_data_uk,atp,2021,3,Great Ocean Road Open,Melbourne,2021-02-04,atp_250,outdoor,hard,R16,3,Thompson J.,Vilella Martinez M.,52,188,1084,346,2,0,6,4,6,4,,,,,,,completed,1.3,3.5,1.39,3.29,1.39,3.5,1.34,3.23,2021_3_melbourne_great_ocean_road_open,2021_3_melbourne_great_ocean_road_open_2021-02-04_thompson_j_vilella_martinez_m
tennis_data_uk,atp,2021,3,Great Ocean Road Open,Melbourne,2021-02-04,atp_250,outdoor,hard,R16,3,Monteiro T.,Alcaraz C.,83,146,824,464,2,0,7,6,6,3,,,,,,,completed,3.2,1.36,3.26,1.39,3.44,1.51,2.97,1.39,2021_3_melbourne_great_ocean_road_open,2021_3_melbourne_great_ocean_road_open_2021-02-04_monteiro_t_alcaraz_c
tennis_data_uk,atp,2021,3,Great Ocean Road Open,Melbourne,2021-02-04,atp_250,outdoor,hard,R16,3,Khachanov K.,Anderson K.,20,82,2245,825,2,0,6,3,7,6,,,,,,,completed,2.3,1.61,2.41,1.64,2.57,1.73,2.33,1.6,2021_3_melbourne_great_ocean_road_open,2021_3_melbourne_great_ocean_road_open_2021-02-04_khachanov_k_anderson_k
tennis_data_uk,atp,2021,3,Great Ocean Road Open,Melbourne,2021-02-04,atp_250,outdoor,hard,R16,3,Sinner J.,Bedene A.,36,58,1464,1055,2,0,7,6,6,2,,,,,,,completed,1.25,4.0,1.3,3.95,1.32,4.2,1.26,3.75,2021_3_melbourne_great_ocean_road_open,2021_3_melbourne_great_ocean_road_open_2021-02-04_sinner_j_bedene_a
tennis_data_uk,atp,2021,3,Great Ocean Road Open,Melbourne,2021-02-04,atp_250,outdoor,hard,R16,3,Van De Zandschulp B.,Opelka R.,159,40,423,1402,2,0,7,6,7,6,,,,,,,completed,3.0,1.4,2.76,1.51,3.1,1.51,2.73,1.45,2021_3_melbourne_great_ocean_road_open,2021_3_melbourne_great_ocean_road_open_2021-02-04_van_de_zandschulp_b_opelka_r
tennis_data_uk,atp,2021,3,Great Ocean Road Open,Melbourne,2021-02-04,atp_250,outdoor,hard,R16,3,Kecmanovic M.,Caruso S.,42,76,1328,858,2,1,7,6,5,7,7,5,,,,,completed,1.44,2.75,1.46,2.96,1.53,2.96,1.44,2.76,2021_3_melbourne_great_ocean_road_open,2021_3_melbourne_great_ocean_road_open_2021-02-04_kecmanovic_m_caruso_s
tennis_data_uk,atp,2021,3,Great Ocean Road Open,Melbourne,2021-02-04,atp_250,outdoor,hard,R16,3,Travaglia S.,Bublik A.,71,45,894,1220,2,0,6,1,7,5,,,,,,,completed,2.2,1.66,2.24,1.73,2.45,1.73,2.25,1.64,2021_3_melbourne_great_ocean_road_open,2021_3_melbourne_great_ocean_road_open_2021-02-04_travaglia_s_bublik_a
tennis_data_uk,atp,2021,3,Great Ocean Road Open,Melbourne,2021-02-05,atp_250,outdoor,hard,R16,3,Hurkacz H.,Cuevas P.,29,70,1735,927,2,0,7,5,7,5,,,,,,,completed,1.22,4.33,1.25,4.51,1.27,4.65,1.24,4.03,2021_3_melbourne_great_ocean_road_open,2021_3_melbourne_great_ocean_road_open_2021-02-05_hurkacz_h_cuevas_p
tennis_data_uk,atp,2021,3,Great Ocean Road Open,Melbourne,2021-02-05,atp_250,outdoor,hard,QF,3,Monteiro T.,Thompson J.,83,52,824,1084,2,0,6,4,6,4,,,,,,,completed,2.75,1.44,2.59,1.56,2.75,1.57,2.51,1.51,2021_3_melbourne_great_ocean_road_open,2021_3_melbourne_great_ocean_road_open_2021-02-05_monteiro_t_thompson_j
tennis_data_uk,atp,2021,3,Great Ocean Road Open,Melbourne,2021-02-05,atp_250,outdoor,hard,QF,3,Sinner J.,Kecmanovic M.,36,42,1464,1328,2,0,7,6,6,4,,,,,,,completed,1.28,3.75,1.2,5.09,1.33,5.09,1.27,3.77,2021_3_melbourne_great_ocean_road_open,2021_3_melbourne_great_ocean_road_open_2021-02-05_sinner_j_kecmanovic_m
tennis_data_uk,atp,2021,3,Great Ocean Road Open,Melbourne,2021-02-05,atp_250,outdoor,hard,QF,3,Khachanov K.,Van De Zandschulp B.,20,159,2245,423,2,1,6,7,7,5,6,3,,,,,completed,1.3,3.5,1.33,3.62,1.34,4.0,1.29,3.54,2021_3_melbourne_great_ocean_road_open,2021_3_melbourne_great_ocean_road_open_2021-02-05_khachanov_k_van_de_zandschulp_b
tennis_data_uk,atp,2021,3,Great Ocean Road Open,Melbourne,2021-02-05,atp_250,outdoor,hard,QF,3,Travaglia S.,Hurkacz H.,71,29,894,1735,2,1,3,6,6,3,7,5,,,,,completed,3.0,1.4,3.08,1.42,3.08,1.44,2.9,1.4,2021_3_melbourne_great_ocean_road_open,2021_3_melbourne_great_ocean_road_open_2021-02-05_travaglia_s_hurkacz_h
tennis_data_uk,atp,2021,3,Great Ocean Road Open,Melbourne,2021-02-06,atp_250,outdoor,hard,SF,3,Travaglia S.,Monteiro T.,71,83,894,824,2,0,6,3,6,4,,,,,,,completed,1.72,2.1,1.79,2.14,1.83,2.2,1.72,2.12,2021_3_melbourne_great_ocean_road_open,2021_3_melbourne_great_ocean_road_open_2021-02-06_travaglia_s_monteiro_t
tennis_data_uk,atp,2021,3,Great Ocean Road Open,Melbourne,2021-02-06,atp_250,outdoor,hard,SF,3,Sinner J.,Khachanov K.,36,20,1464,2245,2,1,7,6,4,6,7,6,,,,,completed,1.44,2.75,1.41,3.15,1.49,3.25,1.41,2.89,2021_3_melbourne_great_ocean_road_open,2021_3_melbourne_great_ocean_road_open_2021-02-06_sinner_j_khachanov_k
tennis_data_uk,atp,2021,3,Great Ocean Road Open,Melbourne,2021-02-07,atp_250,outdoor,hard,F,3,Sinner J.,Travaglia S.,36,71,1464,894,2,0,7,6,6,4,,,,,,,completed,1.25,4.0,1.22,4.88,1.27,4.88,1.23,4.21,2021_3_melbourne_great_ocean_road_open,2021_3_melbourne_great_ocean_road_open_2021-02-07_sinner_j_travaglia_s
tennis_data_uk,atp,2021,4,Murray River Open,Melbourne,2021-02-01,atp_250,outdoor,hard,R64,3,Moutet C.,Tiafoe F.,80,62,838,1005,2,1,3,6,6,4,6,4,,,,,completed,3.0,1.36,3.13,1.41,3.2,1.44,2.93,1.39,2021_4_melbourne_murray_river_open,2021_4_melbourne_murray_river_open_2021-02-01_moutet_c_tiafoe_f
tennis_data_uk,atp,2021,4,Murray River Open,Melbourne,2021-02-01,atp_250,outdoor,hard,R64,3,Gerasimov E.,Harris L.,78,91,840,793,2,0,6,3,7,5,,,,,,,completed,1.8,1.9,2.21,1.74,2.21,1.91,2.09,1.74,2021_4_melbourne_murray_river_open,2021_4_melbourne_murray_river_open_2021-02-01_gerasimov_e_harris_l
tennis_data_uk,atp,2021,4,Murray River Open,Melbourne,2021-02-01,atp_250,outdoor,hard,R64,3,Paul T.,Norrie C.,53,67,1080,935,2,1,4,6,7,6,6,3,,,,,completed,1.57,2.25,1.76,2.16,1.8,2.38,1.7,2.14,2021_4_melbourne_murray_river_open,2021_4_melbourne_murray_river_open_2021-02-01_paul_t_norrie_c
tennis_data_uk,atp,2021,4,Murray River Open,Melbourne,2021-02-01,atp_250,outdoor,hard,R64,3,Mcdonald M.,Gasquet R.,194,48,335,1155,2,0,7,6,7,5,,,,,,,completed,2.62,1.44,2.74,1.51,2.8,1.56,2.65,1.47,2021_4_melbourne_murray_river_open,2021_4_melbourne_murray_river_open_2021-02-01_mcdonald_m_gasquet_r
tennis_data_uk,atp,2021,4,Murray River Open,Melbourne,2021-02-01,atp_250,outdoor,hard,R64,3,Coria F.,Albot R.,92,85,783,817,2,0,7,6,6,4,,,,,,,completed,3.5,1.28,3.87,1.3,3.95,1.34,3.55,1.29,2021_4_melbourne_murray_river_open,2021_4_melbourne_murray_river_open_2021-02-01_coria_f_albot_r
tennis_data_uk,atp,2021,4,Murray River Open,Melbourne,2021-02-01,atp_250,outdoor,hard,R64,3,Kubler J.,Sonego L.,265,34,210,1588,2,1,3,6,6,3,6,4,,,,,completed,3.0,1.36,3.02,1.43,3.07,1.47,2.92,1.4,2021_4_melbourne_murray_river_open,2021_4_melbourne_murray_river_open_2021-02-01_kubler_j_sonego_l
tennis_data_uk,atp,2021,4,Murray River Open,Melbourne,2021-02-01,atp_250,outdoor,hard,R64,3,Fucsovics M.,Cecchinato M.,55,79,1072,838,2,0,7,6,6,3,,,,,,,completed,1.14,5.5,1.19,5.38,1.2,5.75,1.16,5.03,2021_4_melbourne_murray_river_open,2021_4_melbourne_murray_river_open_2021-02-01_fucsovics_m_cecchinato_m
tennis_data_uk,atp,2021,4,Murray River Open,Melbourne,2021-02-01,atp_250,outdoor,hard,R64,3,Sousa P.,Tu L.,108,,698,,2,0,6,4,7,6,,,,,,,completed,2.75,1.4,2.61,1.55,2.8,1.59,2.55,1.5,2021_4_melbourne_murray_river_open,2021_4_melbourne_murray_river_open_2021-02-01_sousa_p_tu_l
tennis_data_uk,atp,2021,4,Murray River Open,Melbourne,2021-02-01,atp_250,outdoor,hard,R64,3,Ramos-Vinolas A.,Mott B.,46,481,1210,74,2,0,6,2,6,4,,,,,,,completed,1.36,3.0,1.49,2.79,1.5,3.1,1.42,2.83,2021_4_melbourne_murray_river_open,2021_4_melbourne_murray_river_open_2021-02-01_ramos_vinolas_a_mott_b
tennis_data_uk,atp,2021,4,Murray River Open,Melbourne,2021-02-01,atp_250,outdoor,hard,R64,3,Bolt A.,Kokkinakis T.,174,266,380,209,2,1,2,6,6,4,6,3,,,,,completed,3.25,1.33,2.92,1.46,3.3,1.47,2.89,1.41,2021_4_melbourne_murray_river_open,2021_4_melbourne_murray_river_open_2021-02-01_bolt_a_kokkinakis_t
tennis_data_uk,atp,2021,4,Murray River Open,Melbourne,2021-02-01,atp_250,outdoor,hard,R64,3,Berankis R.,Nagal S.,72,139,889,480,2,0,6,2,6,2,,,,,,,completed,1.28,3.5,1.34,3.54,1.37,3.8,1.29,3.52,2021_4_melbourne_murray_river_open,2021_4_melbourne_murray_river_open_2021-02-01_berankis_r_nagal_s
tennis_data_uk,atp,2021,4,Murray River Open,Melbourne,2021-02-01,atp_250,outdoor,hard,R64,3,Chardy J.,Cilic M.,66,43,950,1325,2,1,2,6,6,3,7,6,,,,,completed,2.1,1.66,2.31,1.68,2.45,1.72,2.25,1.63,2021_4_melbourne_murray_river_open,2021_4_melbourne_murray_river_open_2021-02-01_chardy_j_cilic_m
tennis_data_uk,atp,2021,4,Murray River Open,Melbourne,2021-02-01,atp_250,outdoor,hard,R64,3,Bourchier H.,Polmans M.,324,125,138,546,2,0,6,4,6,4,,,,,,,completed,2.62,1.44,3.05,1.42,3.05,1.5,2.78,1.43,2021_4_melbourne_murray_river_open,2021_4_melbourne_murray_river_open_2021-02-01_bourchier_h_polmans_m
tennis_data_uk,atp,2021,4,Murray River Open,Melbourne,2021-02-01,atp_250,outdoor,hard,R64,3,Mannarino A.,Ymer M.,35,95,1561,775,2,0,7,5,6,2,,,,,,,completed,1.4,2.75,1.53,2.67,1.53,3.0,1.44,2.74,2021_4_melbourne_murray_river_open,2021_4_melbourne_murray_river_open_2021-02-01_mannarino_a_ymer_m
tennis_data_uk,atp,2021,4,Murray River Open,Melbourne,2021-02-02,atp_250,outdoor,hard,R64,3,Giron M.,Mmoh M.,73,177,884,368,2,0,6,1,7,5,,,,,,,completed,2.1,1.66,2.2,1.74,2.25,1.85,2.11,1.73,2021_4_melbourne_murray_river_open,2021_4_melbourne_murray_river_open_2021-02-02_giron_m_mmoh_m
tennis_data_uk,atp,2021,4,Murray River Open,Melbourne,2021-02-02,atp_250,outdoor,hard,R64,3,Duckworth J.,Machac T.,105,197,709,333,2,0,6,3,6,4,,,,,,,completed,2.37,1.53,2.52,1.58,2.65,1.67,2.42,1.56,2021_4_melbourne_murray_river_open,2021_4_melbourne_murray_river_open_2021-02-02_duckworth_j_machac_t
tennis_data_uk,atp,2021,4,Murray River Open,Melbourne,2021-02-02,atp_250,outdoor,hard,R64,3,Kukushkin M.,Londero J.I.,90,81,796,832,2,1,4,6,7,5,6,2,,,,,completed,1.44,2.62,1.49,2.79,1.67,2.8,1.48,2.64,2021_4_melbourne_murray_river_open,2021_4_melbourne_murray_river_open_2021-02-02_kukushkin_m_londero_j_i
tennis_data_uk,atp,2021,4,Murray River Open,Melbourne,2021-02-02,atp_250,outdoor,hard,R64,3,Popyrin A.,Gojo B.,114,226,631,258,2,1,6,7,7,6,7,6,,,,,completed,1.61,2.2,1.68,2.31,1.69,2.38,1.62,2.27,2021_4_melbourne_murray_river_open,2021_4_melbourne_murray_river_open_2021-02-02_popyrin_a_gojo_b
tennis_data_uk,atp,2021,4,Murray River Open,Melbourne,2021-02-02,atp_250,outdoor,hard,R64,3,Sugita Y.,Halys Q.,104,206,721,310,2,1,3,6,7,6,7,5,,,,,completed,2.25,1.57,2.45,1.61,3.75,1.73,2.45,1.56,2021_4_melbourne_murray_river_open,2021_4_melbourne_murray_river_open_2021-02-02_sugita_y_halys_q
tennis_data_uk,atp,2021,4,Murray River Open,Melbourne,2021-02-02,atp_250,outdoor,hard,R64,3,Vesely J.,Ferreira Silva F.,69,184,928,356,2,0,6,4,6,4,,,,,,,completed,1.44,2.62,1.54,2.62,1.56,2.65,1.5,2.55,2021_4_melbourne_murray_river_open,2021_4_melbourne_murray_river_open_2021-02-02_vesely_j_ferreira_silva_f
tennis_data_uk,atp,2021,4,Murray River Open,Melbourne,2021-02-02,atp_250,outdoor,hard,R64,3,Kyrgios N.,Muller A.,47,209,1170,305,2,1,3,6,6,4,7,6,,,,,completed,1.11,6.5,1.15,6.22,1.17,6.5,1.13,5.68,2021_4_melbourne_murray_river_open,2021_4_melbourne_murray_river_open_2021-02-02_kyrgios_n_muller_a
tennis_data_uk,atp,2021,4,Murray River Open,Melbourne,2021-02-02,atp_250,outdoor,hard,R64,3,Harris A.,Daniel T.,232,117,251,591,2,1,5,7,6,4,7,5,,,,,completed,3.25,1.33,3.11,1.41,3.25,1.43,2.97,1.39,2021_4_melbourne_murray_river_open,2021_4_melbourne_murray_river_open_2021-02-02_harris_a_daniel_t
tennis_data_uk,atp,2021,4,Murray River Open,Melbourne,2021-02-02,atp_250,outdoor,hard,R64,3,Simon G.,Ymer E.,64,204,990,314,2,0,6,4,6,4,,,,,,,completed,1.36,3.0,1.47,2.86,1.48,3.0,1.42,2.81,2021_4_melbourne_murray_river_open,2021_4_melbourne_murray_river_open_2021-02-02_simon_g_ymer_e
tennis_data_uk,atp,2021,4,Murray River Open,Melbourne,2021-02-02,atp_250,outdoor,hard,R64,3,Ruusuvuori E.,Troicki V.,86,202,816,326,2,0,6,3,6,4,,,,,,,completed,1.28,3.5,1.31,3.75,1.33,3.75,1.3,3.45,2021_4_melbourne_murray_river_open,2021_4_melbourne_murray_river_open_2021-02-02_ruusuvuori_e_troicki_v
tennis_data_uk,atp,2021,4,Murray River Open,Melbourne,2021-02-02,atp_250,outdoor,hard,R32,3,Berankis R.,Kubler J.,72,265,889,210,2,0,7,6,7,5,,,,,,,completed,1.44,2.62,1.56,2.57,1.56,2.8,1.48,2.62,2021_4_melbourne_murray_river_open,2021_4_melbourne_murray_river_open_2021-02-02_berankis_r_kubler_j
tennis_data_uk,atp,2021,4,Murray River Open,Melbourne,2021-02-02,atp_250,outdoor,hard,R32,3,Gerasimov E.,Fucsovics M.,78,55,840,1072,2,1,6,3,1,6,6,3,,,,,completed,2.5,1.5,2.48,1.6,2.6,1.6,1.46,1.54,2021_4_melbourne_murray_river_open,2021_4_melbourne_murray_river_open_2021-02-02_gerasimov_e_fucsovics_m
tennis_data_uk,atp,2021,4,Murray River Open,Melbourne,2021-02-02,atp_250,outdoor,hard,R32,3,Giron M.,Mannarino A.,73,35,884,1561,2,0,6,3,6,4,,,,,,,completed,2.1,1.66,2.2,1.74,2.25,1.85,2.11,1.73,2021_4_melbourne_murray_river_open,2021_4_melbourne_murray_river_open_2021-02-02_giron_m_mannarino_a
tennis_data_uk,atp,2021,4,Murray River Open,Melbourne,2021-02-02,atp_250,outdoor,hard,R32,3,Evans D.,Sousa P.,33,108,1589,698,2,0,6,3,7,5,,,,,,,completed,1.14,5.5,1.17,5.71,1.19,5.85,1.15,5.3,2021_4_melbourne_murray_river_open,2021_4_melbourne_murray_river_open_2021-02-02_evans_d_sousa_p
tennis_data_uk,atp,2021,4,Murray River Open,Melbourne,2021-02-03,atp_250,outdoor,hard,R32,3,Bolt A.,Mcdonald M.,174,194,380,335,2,1,6,4,6,7,7,5,,,,,completed,3.0,1.36,3.29,1.38,3.4,1.4,3.1,1.36,2021_4_melbourne_murray_river_open,2021_4_melbourne_murray_river_open_2021-02-03_bolt_a_mcdonald_m
tennis_data_uk,atp,2021,4,Murray River Open,Melbourne,2021-02-03,atp_250,outdoor,hard,R32,3,Popyrin A.,Paul T.,114,53,631,1080,2,0,6,4,6,3,,,,,,,completed,2.75,1.4,2.62,1.54,3.0,1.56,2.6,1.49,2021_4_melbourne_murray_river_open,2021_4_melbourne_murray_river_open_2021-02-03_popyrin_a_paul_t
tennis_data_uk,atp,2021,4,Murray River Open,Melbourne,2021-02-03,atp_250,outdoor,hard,R32,3,Wawrinka S.,Kukushkin M.,18,90,2365,796,2,1,4,6,6,3,6,1,,,,,completed,1.3,3.4,1.39,3.24,1.4,3.75,1.35,3.16,2021_4_melbourne_murray_river_open,2021_4_melbourne_murray_river_open_2021-02-03_wawrinka_s_kukushkin_m
tennis_data_uk,atp,2021,4,Murray River Open,Melbourne,2021-02-03,atp_250,outdoor,hard,R32,3,Duckworth J.,Humbert U.,105,32,709,1671,2,0,7,6,6,4,,,,,,,completed,3.25,1.33,3.67,1.32,3.75,1.39,3.36,1.32,2021_4_melbourne_murray_river_open,2021_4_melbourne_murray_river_open_2021-02-03_duckworth_j_humbert_u
tennis_data_uk,atp,2021,4,Murray River Open,Melbourne,2021-02-03,atp_250,outdoor,hard,R32,3,Vesely J.,Ruud C.,69,27,928,1739,2,1,5,7,7,6,6,3,,,,,completed,2.0,1.72,2.14,1.78,2.2,1.84,2.04,1.77,2021_4_melbourne_murray_river_open,2021_4_melbourne_murray_river_open_2021-02-03_vesely_j_ruud_c
tennis_data_uk,atp,2021,4,Murray River Open,Melbourne,2021-02-03,atp_250,outdoor,hard,R32,3,Chardy J.,Simon G.,66,64,950,990,2,0,6,3,6,4,,,,,,,completed,1.83,1.83,2.06,1.84,2.08,1.95,1.98,1.81,2021_4_melbourne_murray_river_open,2021_4_melbourne_murray_river_open_2021-02-03_chardy_j_simon_g
tennis_data_uk,atp,2021,4,Murray River Open,Melbourne,2021-02-03,atp_250,outdoor,hard,R32,3,Coric B.,Ruusuvuori E.,25,86,1855,816,2,0,7,5,6,4,,,,,,,completed,1.66,2.1,1.63,2.41,1.76,2.45,1.65,2.21,2021_4_melbourne_murray_river_open,2021_4_melbourne_murray_river_open_2021-02-03_coric_b_ruusuvuori_e
tennis_data_uk,atp,2021,4,Murray River Open,Melbourne,2021-02-03,atp_250,outdoor,hard,R32,3,Kyrgios N.,Bourchier H.,47,324,1170,138,2,0,6,2,7,6,,,,,,,completed,1.12,6.0,1.16,6.09,1.16,7.0,1.13,5.72,2021_4_melbourne_murray_river_open,2021_4_melbourne_murray_river_open_2021-02-03_kyrgios_n_bourchier_h
tennis_data_uk,atp,2021,4,Murray River Open,Melbourne,2021-02-03,atp_250,outdoor,hard,R32,3,Auger-Aliassime F.,Sugita Y.,21,104,2241,721,2,0,6,3,6,1,,,,,,,completed,1.16,5.0,1.15,6.16,1.18,6.5,1.14,5.5,2021_4_melbourne_murray_river_open,2021_4_melbourne_murray_river_open_2021-02-03_auger_aliassime_f_sugita_y
tennis_data_uk,atp,2021,4,Murray River Open,Melbourne,2021-02-03,atp_250,outdoor,hard,R32,3,Fritz T.,Coria F.,30,92,1695,783,2,0,6,2,6,1,,,,,,,completed,1.14,5.5,1.15,6.38,1.16,6.75,1.13,5.69,2021_4_melbourne_murray_river_open,2021_4_melbourne_murray_river_open_2021-02-03_fritz_t_coria_f
tennis_data_uk,atp,2021,4,Murray River Open,Melbourne,2021-02-03,atp_250,outdoor,hard,R32,3,Dimitrov G.,Harris A.,19,232,2260,251,2,0,6,3,6,3,,,,,,,completed,1.14,5.5,1.18,5.41,1.19,6.0,1.15,5.36,2021_4_melbourne_murray_river_open,2021_4_melbourne_murray_river_open_2021-02-03_dimitrov_g_harris_a
tennis_data_uk,atp,2021,4,Murray River Open,Melbourne,2021-02-03,atp_250,outdoor,hard,R32,3,Moutet C.,Ramos-Vinolas A.,80,46,838,1210,2,0,6,4,6,4,,,,,,,completed,1.44,2.62,1.53,2.68,1.54,2.75,1.48,2.62,2021_4_melbourne_murray_river_open,2021_4_melbourne_murray_river_open_2021-02-03_moutet_c_ramos_vinolas_a
tennis_data_uk,atp,2021,4,Murray River Open,Melbourne,2021-02-05,atp_250,outdoor,hard,R16,3,Coric B.,Kyrgios N.,25,47,1855,1170,2,0,6,3,6,4,,,,,,,completed,1.72,2.1,1.8,2.13,1.87,2.21,1.75,2.07,2021_4_melbourne_murray_river_open,2021_4_melbourne_murray_river_open_2021-02-05_coric_b_kyrgios_n
tennis_data_uk,atp,2021,4,Murray River Open,Melbourne,2021-02-05,atp_250,outdoor,hard,R16,3,Evans D.,Giron M.,33,73,1589,884,2,0,6,4,7,6,,,,,,,completed,1.53,2.5,1.57,2.58,1.58,2.64,1.52,2.49,2021_4_melbourne_murray_river_open,2021_4_melbourne_murray_river_open_2021-02-05_evans_d_giron_m
tennis_data_uk,atp,2021,4,Murray River Open,Melbourne,2021-02-05,atp_250,outdoor,hard,R16,3,Chardy J.,Fritz T.,66,30,950,1695,2,0,6,2,6,4,,,,,,,completed,2.37,1.57,2.36,1.67,2.5,1.71,2.29,1.62,2021_4_melbourne_murray_river_open,2021_4_melbourne_murray_river_open_2021-02-05_chardy_j_fritz_t
tennis_data_uk,atp,2021,4,Murray River Open,Melbourne,2021-02-05,atp_250,outdoor,hard,R16,3,Moutet C.,Duckworth J.,80,105,838,709,2,0,7,6,6,4,,,,,,,completed,1.72,2.1,1.78,2.16,1.8,2.2,1.73,2.1,2021_4_melbourne_murray_river_open,2021_4_melbourne_murray_river_open_2021-02-05_moutet_c_duckworth_j
tennis_data_uk,atp,2021,4,Murray River Open,Melbourne,2021-02-05,atp_250,outdoor,hard,R16,3,Vesely J.,Berankis R.,69,72,928,889,2,0,6,4,6,2,,,,,,,completed,2.0,1.8,2.12,1.81,2.15,1.88,2.02,1.79,2021_4_melbourne_murray_river_open,2021_4_melbourne_murray_river_open_2021-02-05_vesely_j_berankis_r
tennis_data_uk,atp,2021,4,Murray River Open,Melbourne,2021-02-05,atp_250,outdoor,hard,R16,3,Wawrinka S.,Bolt A.,18,174,2365,380,2,1,6,4,4,6,7,6,,,,,completed,1.3,3.5,1.32,3.72,1.34,3.9,1.29,3.55,2021_4_melbourne_murray_river_open,2021_4_melbourne_murray_river_open_2021-02-05_wawrinka_s_bolt_a
tennis_data_uk,atp,2021,4,Murray River Open,Melbourne,2021-02-05,atp_250,outdoor,hard,R16,3,Auger-Aliassime F.,Gerasimov E.,21,78,2241,840,2,1,3,6,6,3,7,6,,,,,completed,1.36,3.2,1.41,3.16,1.42,3.25,1.37,3.06,2021_4_melbourne_murray_river_open,2021_4_melbourne_murray_river_open_2021-02-05_auger_aliassime_f_gerasimov_e
tennis_data_uk,atp,2021,4,Murray River Open,Melbourne,2021-02-05,atp_250,outdoor,hard,R16,3,Dimitrov G.,Popyrin A.,19,114,2260,631,2,1,6,4,6,7,6,3,,,,,completed,1.4,3.0,1.37,3.41,1.43,3.45,1.36,3.13,2021_4_melbourne_murray_river_open,2021_4_melbourne_murray_river_open_2021-02-05_dimitrov_g_popyrin_a
tennis_data_uk,atp,2021,4,Murray River Open,Melbourne,2021-02-05,atp_250,outdoor,hard,QF,3,Evans D.,Coric B.,33,25,1589,1855,2,0,7,5,7,6,,,,,,,completed,2.62,1.5,2.81,1.49,2.95,1.54,2.66,1.48,2021_4_melbourne_murray_river_open,2021_4_melbourne_murray_river_open_2021-02-05_evans_d_coric_b
tennis_data_uk,atp,2021,4,Murray River Open,Melbourne,2021-02-05,atp_250,outdoor,hard,QF,3,Chardy J.,Wawrinka S.,66,18,950,2365,,,,,,,,,,,,,walkover,1.9,1.9,1.86,2.03,2.01,2.03,1.88,1.9,2021_4_melbourne_murray_river_open,2021_4_melbourne_murray_river_open_2021-02-05_chardy_j_wawrinka_s
tennis_data_uk,atp,2021,4,Murray River Open,Melbourne,2021-02-05,atp_250,outdoor,hard,QF,3,Auger-Aliassime F.,Vesely J.,21,69,2241,928,1,0,7,6,,,,,,,,,retired,1.5,2.62,1.54,2.62,1.57,2.88,1.51,2.57,2021_4_melbourne_murray_river_open,2021_4_melbourne_murray_river_open_2021-02-05_auger_aliassime_f_vesely_j
tennis_data_uk,atp,2021,4,Murray River Open,Melbourne,2021-02-05,atp_250,outdoor,hard,QF,3,Moutet C.,Dimitrov G.,80,19,838,2260,2,0,7,5,6,2,,,,,,,completed,,,2.6,1.55,5.0,1.55,3.05,1.42,2021_4_melbourne_murray_river_open,2021_4_melbourne_murray_river_open_2021-02-05_moutet_c_dimitrov_g
tennis_data_uk,atp,2021,4,Murray River Open,Melbourne,2021-02-06,atp_250,outdoor,hard,SF,3,Evans D.,Chardy J.,33,66,1589,950,2,0,6,2,6,2,,,,,,,completed,1.72,2.1,1.75,2.2,1.8,2.25,1.72,2.12,2021_4_melbourne_murray_river_open,2021_4_melbourne_murray_river_open_2021-02-06_evans_d_chardy_j
tennis_data_uk,atp,2021,4,Murray River Open,Melbourne,2021-02-06,atp_250,outdoor,hard,SF,3,Auger-Aliassime F.,Moutet C.,21,80,2241,838,2,0,6,1,6,2,,,,,,,completed,1.4,3.0,1.38,3.31,1.43,3.31,1.38,3.03,2021_4_melbourne_murray_river_open,2021_4_melbourne_murray_river_open_2021-02-06_auger_aliassime_f_moutet_c
tennis_data_uk,atp,2021,4,Murray River Open,Melbourne,2021-02-07,atp_250,outdoor,hard,F,3,Evans D.,Auger-Aliassime F.,33,21,1589,2241,2,0,6,2,6,3,,,,,,,completed,2.2,1.66,2.35,1.67,2.4,1.7,2.25,1.65,2021_4_melbourne_murray_river_open,2021_4_melbourne_murray_river_open_2021-02-07_evans_d_auger_aliassime_f
tennis_data_uk,atp,2021,5,Australian Open,Melbourne,2021-02-08,grand_slam,outdoor,hard,R128,5,Raonic M.,Coria F.,14,92,2630,785,3,0,6,3,6,3,6,2,,,,,completed,1.01,26.0,1.01,26.84,1.02,34.0,1.01,21.38,2021_5_melbourne_australian_open,2021_5_melbourne_australian_open_2021-02-08_raonic_m_coria_f
tennis_data_uk,atp,2021,5,Australian Open,Melbourne,2021-02-08,grand_slam,outdoor,hard,R128,5,Mannarino A.,Novak D.,36,98,1561,752,3,0,6,2,6,4,7,6,,,,,completed,1.66,2.2,1.66,2.37,1.83,2.37,1.68,2.19,2021_5_melbourne_australian_open,2021_5_melbourne_australian_open_2021-02-08_mannarino_a_novak_d
tennis_data_uk,atp,2021,5,Australian Open,Melbourne,2021-02-08,grand_slam,outdoor,hard,R128,5,Ruusuvuori E.,Monfils G.,86,11,816,2860,3,2,3,6,6,4,7,5,3,6,6,3,completed,1.61,2.3,1.56,2.59,1.78,2.6,1.56,2.42,2021_5_melbourne_australian_open,2021_5_melbourne_australian_open_2021-02-08_ruusuvuori_e_monfils_g
tennis_data_uk,atp,2021,5,Australian Open,Melbourne,2021-02-08,grand_slam,outdoor,hard,R128,5,Moutet C.,Millman J.,71,39,928,1421,3,2,6,4,6,7,3,6,6,2,6,3,completed,3.0,1.4,2.88,1.48,3.05,1.5,2.78,1.44,2021_5_melbourne_australian_open,2021_5_melbourne_australian_open_2021-02-08_moutet_c_millman_j
tennis_data_uk,atp,2021,5,Australian Open,Melbourne,2021-02-08,grand_slam,outdoor,hard,R128,5,Opelka R.,Lu Y.,38,1009,1422,10,3,0,6,3,7,6,6,3,,,,,completed,1.06,10.0,1.05,14.72,1.07,15.0,1.04,11.4,2021_5_melbourne_australian_open,2021_5_melbourne_australian_open_2021-02-08_opelka_r_lu_y
tennis_data_uk,atp,2021,5,Australian Open,Melbourne,2021-02-08,grand_slam,outdoor,hard,R128,5,Wawrinka S.,Sousa P.,18,107,2365,701,3,0,6,3,6,2,6,4,,,,,completed,1.08,8.0,1.09,9.33,1.1,11.25,1.08,8.13,2021_5_melbourne_australian_open,2021_5_melbourne_australian_open_2021-02-08_wawrinka_s_sousa_p
tennis_data_uk,atp,2021,5,Australian Open,Melbourne,2021-02-08,grand_slam,outdoor,hard,R128,5,Bolt A.,Gombos N.,166,89,400,797,3,1,6,2,6,2,4,6,6,3,,,completed,1.66,2.2,1.88,2.02,1.94,2.4,1.74,2.09,2021_5_melbourne_australian_open,2021_5_melbourne_australian_open_2021-02-08_bolt_a_gombos_n
tennis_data_uk,atp,2021,5,Australian Open,Melbourne,2021-02-08,grand_slam,outdoor,hard,R128,5,Martinez P.,Nishioka Y.,87,58,810,1062,3,1,6,7,6,1,6,1,6,1,,,completed,3.2,1.36,3.1,1.43,3.25,1.47,3.0,1.38,2021_5_melbourne_australian_open,2021_5_melbourne_australian_open_2021-02-08_martinez_p_nishioka_y
tennis_data_uk,atp,2021,5,Australian Open,Melbourne,2021-02-08,grand_slam,outdoor,hard,R128,5,Fritz T.,Ramos-Vinolas A.,31,46,1695,1210,3,1,7,6,3,6,6,2,7,6,,,completed,1.14,5.5,1.18,5.63,1.2,6.05,1.15,5.47,2021_5_melbourne_australian_open,2021_5_melbourne_australian_open_2021-02-08_fritz_t_ramos_vinolas_a
tennis_data_uk,atp,2021,5,Australian Open,Melbourne,2021-02-08,grand_slam,outdoor,hard,R128,5,Fucsovics M.,Polmans M.,55,126,1072,546,3,2,4,6,6,3,6,1,6,7,6,3,completed,1.16,5.0,1.23,4.67,1.24,5.3,1.19,4.58,2021_5_melbourne_australian_open,2021_5_melbourne_australian_open_2021-02-08_fucsovics_m_polmans_m
tennis_data_uk,atp,2021,5,Australian Open,Melbourne,2021-02-08,grand_slam,outdoor,hard,R128,5,Thiem D.,Kukushkin M.,3,90,9125,796,3,0,7,6,6,2,6,3,,,,,completed,1.02,17.0,1.04,16.39,1.05,21.0,1.02,15.11,2021_5_melbourne_australian_open,2021_5_melbourne_australian_open_2021-02-08_thiem_d_kukushkin_m
tennis_data_uk,atp,2021,5,Australian Open,Melbourne,2021-02-08,grand_slam,outdoor,hard,R128,5,Karatsev A.,Mager G.,114,96,642,770,3,0,6,3,6,3,6,4,,,,,completed,1.25,4.0,1.26,4.33,1.32,4.55,1.24,4.0,2021_5_melbourne_australian_open,2021_5_melbourne_australian_open_2021-02-08_karatsev_a_mager_g
tennis_data_uk,atp,2021,5,Australian Open,Melbourne,2021-02-08,grand_slam,outdoor,hard,R128,5,Kecmanovic M.,Majchrzak K.,41,109,1353,690,3,0,6,2,6,4,6,3,,,,,completed,1.44,2.75,1.49,2.85,1.49,3.1,1.42,2.87,2021_5_melbourne_australian_open,2021_5_melbourne_australian_open_2021-02-08_kecmanovic_m_majchrzak_k
tennis_data_uk,atp,2021,5,Australian Open,Melbourne,2021-02-08,grand_slam,outdoor,hard,R128,5,Zverev A.,Giron M.,7,75,5615,889,3,1,6,7,7,6,6,3,6,2,,,completed,1.05,11.0,1.06,11.72,1.09,12.0,1.06,9.63,2021_5_melbourne_australian_open,2021_5_melbourne_australian_open_2021-02-08_zverev_a_giron_m
tennis_data_uk,atp,2021,5,Australian Open,Melbourne,2021-02-08,grand_slam,outdoor,hard,R128,5,Bublik A.,Bedene A.,45,57,1220,1065,3,1,6,4,7,5,5,7,6,4,,,completed,2.0,1.8,1.99,1.92,2.05,2.05,1.95,1.86,2021_5_melbourne_australian_open,2021_5_melbourne_australian_open_2021-02-08_bublik_a_bedene_a
tennis_data_uk,atp,2021,5,Australian Open,Melbourne,2021-02-08,grand_slam,outdoor,hard,R128,5,Gerasimov E.,Paire B.,79,29,854,1738,3,1,6,2,2,6,7,6,7,5,,,completed,1.16,5.0,1.19,5.44,1.19,8.0,1.15,5.36,2021_5_melbourne_australian_open,2021_5_melbourne_australian_open_2021-02-08_gerasimov_e_paire_b
tennis_data_uk,atp,2021,5,Australian Open,Melbourne,2021-02-08,grand_slam,outdoor,hard,R128,5,Duckworth J.,Dzumhur D.,105,120,721,572,3,0,6,3,6,2,6,4,,,,,completed,1.36,3.2,1.45,2.98,1.45,3.25,1.38,3.02,2021_5_melbourne_australian_open,2021_5_melbourne_australian_open_2021-02-08_duckworth_j_dzumhur_d
tennis_data_uk,atp,2021,5,Australian Open,Melbourne,2021-02-08,grand_slam,outdoor,hard,R128,5,Vesely J.,Coppejans K.,68,178,958,368,3,2,6,4,3,6,6,7,6,3,6,3,completed,1.25,4.0,1.29,3.97,1.32,4.35,1.25,3.91,2021_5_melbourne_australian_open,2021_5_melbourne_australian_open_2021-02-08_vesely_j_coppejans_k
tennis_data_uk,atp,2021,5,Australian Open,Melbourne,2021-02-08,grand_slam,outdoor,hard,R128,5,Humbert U.,Uchiyama Y.,34,106,1671,701,3,1,6,3,6,4,6,7,6,3,,,completed,1.14,5.5,1.16,6.25,1.17,6.5,1.14,5.8,2021_5_melbourne_australian_open,2021_5_melbourne_australian_open_2021-02-08_humbert_u_uchiyama_y
tennis_data_uk,atp,2021,5,Australian Open,Melbourne,2021-02-08,grand_slam,outdoor,hard,R128,5,Muller A.,Londero J.I.,210,83,305,832,3,1,4,6,6,3,6,0,6,3,,,completed,1.8,2.0,1.89,2.0,1.91,2.05,1.83,1.99,2021_5_melbourne_australian_open,2021_5_melbourne_australian_open_2021-02-08_muller_a_londero_j_i
tennis_data_uk,atp,2021,5,Australian Open,Melbourne,2021-02-08,grand_slam,outdoor,hard,R128,5,Carreno Busta P.,Nishikori K.,16,42,2585,1345,3,0,7,5,7,6,6,2,,,,,completed,1.33,3.4,1.3,3.92,1.35,3.95,1.3,3.51,2021_5_melbourne_australian_open,2021_5_melbourne_australian_open_2021-02-08_carreno_busta_p_nishikori_k
tennis_data_uk,atp,2021,5,Australian Open,Melbourne,2021-02-08,grand_slam,outdoor,hard,R128,5,Tiafoe F.,Travaglia S.,64,60,1005,1024,3,0,7,6,6,2,6,2,,,,,completed,1.28,3.75,1.33,3.66,1.33,3.8,1.29,3.55,2021_5_melbourne_australian_open,2021_5_melbourne_australian_open_2021-02-08_tiafoe_f_travaglia_s
tennis_data_uk,atp,2021,5,Australian Open,Melbourne,2021-02-08,grand_slam,outdoor,hard,R128,5,Dimitrov G.,Cilic M.,21,43,2260,1325,3,0,6,4,6,2,7,6,,,,,completed,1.5,2.62,1.6,2.51,1.6,2.67,1.52,2.54,2021_5_melbourne_australian_open,2021_5_melbourne_australian_open_2021-02-08_dimitrov_g_cilic_m
tennis_data_uk,atp,2021,5,Australian Open,Melbourne,2021-02-08,grand_slam,outdoor,hard,R128,5,Koepfer D.,Dellien H.,70,112,931,646,3,0,7,5,6,2,6,4,,,,,completed,1.22,4.33,1.26,4.3,1.26,5.3,1.21,4.42,2021_5_melbourne_australian_open,2021_5_melbourne_australian_open_2021-02-08_koepfer_d_dellien_h
tennis_data_uk,atp,2021,5,Australian Open,Melbourne,2021-02-08,grand_slam,outdoor,hard,R128,5,Lajovic D.,Stakhovsky S.,27,200,1785,332,3,2,5,7,6,4,6,3,5,7,6,4,completed,1.36,3.2,1.4,3.24,1.4,3.46,1.35,3.18,2021_5_melbourne_australian_open,2021_5_melbourne_australian_open_2021-02-08_lajovic_d_stakhovsky_s
tennis_data_uk,atp,2021,5,Australian Open,Melbourne,2021-02-08,grand_slam,outdoor,hard,R128,5,Auger-Aliassime F.,Stebe C.M.,19,129,2346,539,3,0,6,2,6,4,6,2,,,,,completed,1.12,6.0,1.18,5.74,1.23,6.59,1.14,5.64,2021_5_melbourne_australian_open,2021_5_melbourne_australian_open_2021-02-08_auger_aliassime_f_stebe_c_m
tennis_data_uk,atp,2021,5,Australian Open,Melbourne,2021-02-08,grand_slam,outdoor,hard,R128,5,Schwartzman D.,Ymer E.,9,205,3480,314,3,1,7,6,6,4,2,6,6,2,,,completed,1.04,13.0,1.05,14.13,1.06,18.0,1.04,11.74,2021_5_melbourne_australian_open,2021_5_melbourne_australian_open_2021-02-08_schwartzman_d_ymer_e
tennis_data_uk,atp,2021,5,Australian Open,Melbourne,2021-02-08,grand_slam,outdoor,hard,R128,5,Tomic B.,Sugita Y.,233,104,253,723,1,1,3,6,6,1,4,1,,,,,retired,2.2,1.66,2.1,1.83,2.25,1.83,2.11,1.73,2021_5_melbourne_australian_open,2021_5_melbourne_australian_open_2021-02-08_tomic_b_sugita_y
tennis_data_uk,atp,2021,5,Australian Open,Melbourne,2021-02-08,grand_slam,outdoor,hard,R128,5,Kyrgios N.,Ferreira Silva F.,47,185,1190,356,3,0,6,4,6,4,6,4,,,,,completed,1.14,5.5,1.15,6.35,1.17,6.35,1.14,5.61,2021_5_melbourne_australian_open,2021_5_melbourne_australian_open_2021-02-08_kyrgios_n_ferreira_silva_f
tennis_data_uk,atp,2021,5,Australian Open,Melbourne,2021-02-08,grand_slam,outdoor,hard,R128,5,Cressy M.,Daniel T.,172,118,389,591,3,0,7,6,7,6,6,4,,,,,completed,2.1,1.72,2.27,1.71,2.3,1.8,2.14,1.71,2021_5_melbourne_australian_open,2021_5_melbourne_australian_open_2021-02-08_cressy_m_daniel_t
tennis_data_uk,atp,2021,5,Australian Open,Melbourne,2021-02-08,grand_slam,outdoor,hard,R128,5,Djokovic N.,Chardy J.,1,61,12030,1020,3,0,6,3,6,1,6,2,,,,,completed,1.01,26.0,1.01,31.6,1.02,67.0,1.01,23.28,2021_5_melbourne_australian_open,2021_5_melbourne_australian_open_2021-02-08_djokovic_n_chardy_j
tennis_data_uk,atp,2021,5,Australian Open,Melbourne,2021-02-08,grand_slam,outdoor,hard,R128,5,Shapovalov D.,Sinner J.,12,32,2830,1694,3,2,3,6,6,3,6,2,4,6,6,4,completed,1.5,2.62,1.48,2.86,1.53,2.9,1.46,2.7,2021_5_melbourne_australian_open,2021_5_melbourne_australian_open_2021-02-08_shapovalov_d_sinner_j
tennis_data_uk,atp,2021,5,Australian Open,Melbourne,2021-02-09,grand_slam,outdoor,hard,R128,5,Harris L.,Torpegaard M.,91,188,793,350,3,1,4,6,6,3,6,2,6,2,,,completed,1.36,3.2,1.41,3.15,1.45,3.26,1.37,3.07,2021_5_melbourne_australian_open,2021_5_melbourne_australian_open_2021-02-09_harris_l_torpegaard_m
tennis_data_uk,atp,2021,5,Australian Open,Melbourne,2021-02-09,grand_slam,outdoor,hard,R128,5,Mcdonald M.,Cecchinato M.,192,82,345,838,3,1,3,6,6,3,6,2,6,2,,,completed,1.36,3.2,1.38,3.35,1.4,3.4,1.35,3.16,2021_5_melbourne_australian_open,2021_5_melbourne_australian_open_2021-02-09_mcdonald_m_cecchinato_m
tennis_data_uk,atp,2021,5,Australian Open,Melbourne,2021-02-09,grand_slam,outdoor,hard,R128,5,Monteiro T.,Martin A.,74,103,894,734,3,0,7,6,6,1,6,2,,,,,completed,1.22,4.33,1.25,4.42,1.25,4.9,1.22,4.24,2021_5_melbourne_australian_open,2021_5_melbourne_australian_open_2021-02-09_monteiro_t_martin_a
tennis_data_uk,atp,2021,5,Australian Open,Melbourne,2021-02-09,grand_slam,outdoor,hard,R128,5,O Connell C.,Struff J.L.,121,37,568,1495,3,0,7,6,7,6,6,1,,,,,completed,4.5,1.2,4.3,1.26,4.73,1.26,4.29,1.22,2021_5_melbourne_australian_open,2021_5_melbourne_australian_open_2021-02-09_o_connell_c_struff_j_l
tennis_data_uk,atp,2021,5,Australian Open,Melbourne,2021-02-09,grand_slam,outdoor,hard,R128,5,Coric B.,Pella G.,25,44,1855,1310,3,0,6,3,7,6,7,5,,,,,completed,1.12,6.0,1.2,5.29,1.2,6.59,1.16,5.34,2021_5_melbourne_australian_open,2021_5_melbourne_australian_open_2021-02-09_coric_b_pella_g
tennis_data_uk,atp,2021,5,Australian Open,Melbourne,2021-02-09,grand_slam,outdoor,hard,R128,5,Alcaraz C.,Van De Zandschulp B.,141,151,484,461,3,0,6,1,6,4,6,4,,,,,completed,1.66,2.2,1.75,2.21,1.8,2.25,1.7,2.15,2021_5_melbourne_australian_open,2021_5_melbourne_australian_open_2021-02-09_alcaraz_c_van_de_zandschulp_b
tennis_data_uk,atp,2021,5,Australian Open,Melbourne,2021-02-09,grand_slam,outdoor,hard,R128,5,Ymer M.,Hurkacz H.,95,30,775,1735,3,2,3,6,6,3,3,6,7,5,6,3,completed,4.33,1.22,5.61,1.18,6.4,1.24,4.85,1.18,2021_5_melbourne_australian_open,2021_5_melbourne_australian_open_2021-02-09_ymer_m_hurkacz_h
tennis_data_uk,atp,2021,5,Australian Open,Melbourne,2021-02-09,grand_slam,outdoor,hard,R128,5,Rublev A.,Hanfmann Y.,8,102,4429,736,3,0,6,3,6,3,6,4,,,,,completed,1.01,23.0,1.01,28.1,1.02,28.1,1.01,19.82,2021_5_melbourne_australian_open,2021_5_melbourne_australian_open_2021-02-09_rublev_a_hanfmann_y
tennis_data_uk,atp,2021,5,Australian Open,Melbourne,2021-02-09,grand_slam,outdoor,hard,R128,5,Popyrin A.,Goffin D.,113,15,643,2600,3,2,3,6,6,4,6,7,7,6,6,3,completed,3.0,1.4,2.99,1.45,3.27,1.45,2.93,1.4,2021_5_melbourne_australian_open,2021_5_melbourne_australian_open_2021-02-09_popyrin_a_goffin_d
tennis_data_uk,atp,2021,5,Australian Open,Melbourne,2021-02-09,grand_slam,outdoor,hard,R128,5,Khachanov K.,Vukic A.,20,196,2290,341,3,1,6,3,6,7,7,6,6,4,,,completed,1.1,7.0,1.13,7.15,1.13,8.67,1.1,6.93,2021_5_melbourne_australian_open,2021_5_melbourne_australian_open_2021-02-09_khachanov_k_vukic_a
tennis_data_uk,atp,2021,5,Australian Open,Melbourne,2021-02-09,grand_slam,outdoor,hard,R128,5,Albot R.,Bautista Agut R.,85,13,817,2710,3,1,6,7,6,0,6,4,7,6,,,completed,11.0,1.05,11.37,1.07,21.0,1.07,11.43,1.04,2021_5_melbourne_australian_open,2021_5_melbourne_australian_open_2021-02-09_albot_r_bautista_agut_r
tennis_data_uk,atp,2021,5,Australian Open,Melbourne,2021-02-09,grand_slam,outdoor,hard,R128,5,Cuevas P.,Seppi A.,72,108,927,699,3,1,6,4,4,6,6,2,6,2,,,completed,1.66,2.2,1.77,2.18,1.77,2.4,1.67,2.2,2021_5_melbourne_australian_open,2021_5_melbourne_australian_open_2021-02-09_cuevas_p_seppi_a
tennis_data_uk,atp,2021,5,Australian Open,Melbourne,2021-02-09,grand_slam,outdoor,hard,R128,5,Krajinovic F.,Haase R.,33,197,1673,340,3,1,7,6,6,3,4,6,6,2,,,completed,1.22,4.33,1.23,4.71,1.24,4.85,1.2,4.47,2021_5_melbourne_australian_open,2021_5_melbourne_australian_open_2021-02-09_krajinovic_f_haase_r
tennis_data_uk,atp,2021,5,Australian Open,Melbourne,2021-02-09,grand_slam,outdoor,hard,R128,5,Andujar P.,Halys Q.,59,207,1044,310,3,0,6,4,7,5,7,5,,,,,completed,3.0,1.4,2.71,1.52,3.16,1.52,2.75,1.45,2021_5_melbourne_australian_open,2021_5_melbourne_australian_open_2021-02-09_andujar_p_halys_q
tennis_data_uk,atp,2021,5,Australian Open,Melbourne,2021-02-09,grand_slam,outdoor,hard,R128,5,Berankis R.,Nagal S.,73,144,909,480,3,0,6,2,7,5,6,3,,,,,completed,1.12,6.0,1.13,7.14,1.16,7.7,1.12,6.45,2021_5_melbourne_australian_open,2021_5_melbourne_australian_open_2021-02-09_berankis_r_nagal_s
tennis_data_uk,atp,2021,5,Australian Open,Melbourne,2021-02-09,grand_slam,outdoor,hard,R128,5,Medvedev D.,Pospisil V.,4,63,8715,1013,3,0,6,2,6,2,6,4,,,,,completed,1.04,13.0,1.06,12.78,1.06,14.75,1.04,11.62,2021_5_melbourne_australian_open,2021_5_melbourne_australian_open_2021-02-09_medvedev_d_pospisil_v
tennis_data_uk,atp,2021,5,Australian Open,Melbourne,2021-02-09,grand_slam,outdoor,hard,R128,5,Lopez F.,Tu L.,65,,998,,3,1,6,7,6,4,7,6,6,4,,,completed,1.33,3.4,1.34,3.63,1.37,3.71,1.33,3.35,2021_5_melbourne_australian_open,2021_5_melbourne_australian_open_2021-02-09_lopez_f_tu_l
tennis_data_uk,atp,2021,5,Australian Open,Melbourne,2021-02-09,grand_slam,outdoor,hard,R128,5,Sonego L.,Querrey S.,35,52,1588,1085,3,0,7,5,6,4,6,4,,,,,completed,1.8,2.0,1.9,2.0,1.92,2.15,1.8,2.01,2021_5_melbourne_australian_open,2021_5_melbourne_australian_open_2021-02-09_sonego_l_querrey_s
tennis_data_uk,atp,2021,5,Australian Open,Melbourne,2021-02-09,grand_slam,outdoor,hard,R128,5,Paul T.,Basilashvili N.,53,40,1080,1405,3,0,6,4,7,6,6,4,,,,,completed,1.2,4.5,1.25,4.48,1.27,4.75,1.22,4.27,2021_5_melbourne_australian_open,2021_5_melbourne_australian_open_2021-02-09_paul_t_basilashvili_n
tennis_data_uk,atp,2021,5,Australian Open,Melbourne,2021-02-09,grand_slam,outdoor,hard,R128,5,Nadal R.,Djere L.,2,56,9850,1068,3,0,6,3,6,4,6,1,,,,,completed,1.01,26.0,1.02,22.45,1.04,34.0,1.01,19.14,2021_5_melbourne_australian_open,2021_5_melbourne_australian_open_2021-02-09_nadal_r_djere_l
tennis_data_uk,atp,2021,5,Australian Open,Melbourne,2021-02-09,grand_slam,outdoor,hard,R128,5,Caruso S.,Laaksonen H.,78,139,863,492,3,0,6,2,6,4,6,3,,,,,completed,1.57,2.37,1.59,2.53,1.62,2.7,1.54,2.47,2021_5_melbourne_australian_open,2021_5_melbourne_australian_open_2021-02-09_caruso_s_laaksonen_h
tennis_data_uk,atp,2021,5,Australian Open,Melbourne,2021-02-09,grand_slam,outdoor,hard,R128,5,Mmoh M.,Troicki V.,177,202,368,326,3,2,7,6,6,7,3,6,7,6,7,5,completed,1.66,2.2,1.61,2.47,1.7,2.48,1.63,2.28,2021_5_melbourne_australian_open,2021_5_melbourne_australian_open_2021-02-09_mmoh_m_troicki_v
tennis_data_uk,atp,2021,5,Australian Open,Melbourne,2021-02-09,grand_slam,outdoor,hard,R128,5,De Minaur A.,Sandgren T.,23,51,2065,1091,3,0,7,5,6,1,6,1,,,,,completed,1.12,6.0,1.13,7.16,1.15,8.3,1.12,6.3,2021_5_melbourne_australian_open,2021_5_melbourne_australian_open_2021-02-09_de_minaur_a_sandgren_t
tennis_data_uk,atp,2021,5,Australian Open,Melbourne,2021-02-09,grand_slam,outdoor,hard,R128,5,Carballes Baena R.,Balazs A.,99,94,751,779,3,1,7,5,3,6,6,2,6,3,,,completed,1.08,8.0,1.1,8.48,1.13,12.25,1.09,7.43,2021_5_melbourne_australian_open,2021_5_melbourne_australian_open_2021-02-09_carballes_baena_r_balazs_a
tennis_data_uk,atp,2021,5,Australian Open,Melbourne,2021-02-09,grand_slam,outdoor,hard,R128,5,Norrie C.,Evans D.,69,26,935,1794,3,1,6,4,4,6,6,4,7,5,,,completed,3.0,1.4,3.05,1.43,3.44,1.43,3.0,1.39,2021_5_melbourne_australian_open,2021_5_melbourne_australian_open_2021-02-09_norrie_c_evans_d
tennis_data_uk,atp,2021,5,Australian Open,Melbourne,2021-02-09,grand_slam,outdoor,hard,R128,5,Machac T.,Vilella Martinez M.,199,181,333,359,2,1,6,7,7,5,6,0,3,0,,,retired,1.44,2.75,1.46,2.94,1.53,2.94,1.45,2.74,2021_5_melbourne_australian_open,2021_5_melbourne_australian_open_2021-02-09_machac_t_vilella_martinez_m
tennis_data_uk,atp,2021,5,Australian Open,Melbourne,2021-02-09,grand_slam,outdoor,hard,R128,5,Fognini F.,Herbert P.H.,17,84,2535,822,3,0,6,4,6,2,6,3,,,,,completed,1.72,2.1,1.78,2.16,1.78,2.38,1.69,2.16,2021_5_melbourne_australian_open,2021_5_melbourne_australian_open_2021-02-09_fognini_f_herbert_p_h
tennis_data_uk,atp,2021,5,Australian Open,Melbourne,2021-02-09,grand_slam,outdoor,hard,R128,5,Ruud C.,Thompson J.,28,49,1739,1113,2,0,6,3,6,3,2,1,,,,,retired,1.8,2.0,1.81,2.12,1.91,2.12,1.8,2.01,2021_5_melbourne_australian_open,2021_5_melbourne_australian_open_2021-02-09_ruud_c_thompson_j
tennis_data_uk,atp,2021,5,Australian Open,Melbourne,2021-02-09,grand_slam,outdoor,hard,R128,5,Kokkinakis T.,Kwon S.W.,267,97,209,768,3,0,6,4,6,1,6,1,,,,,completed,1.72,2.1,1.68,2.33,1.77,2.35,1.67,2.21,2021_5_melbourne_australian_open,2021_5_melbourne_australian_open_2021-02-09_kokkinakis_t_kwon_s_w
tennis_data_uk,atp,2021,5,Australian Open,Melbourne,2021-02-09,grand_slam,outdoor,hard,R128,5,Berrettini M.,Anderson K.,10,81,3345,845,3,0,7,6,7,5,6,3,,,,,completed,1.33,3.4,1.42,3.13,1.42,3.56,1.35,3.22,2021_5_melbourne_australian_open,2021_5_melbourne_australian_open_2021-02-09_berrettini_m_anderson_k
tennis_data_uk,atp,2021,5,Australian Open,Melbourne,2021-02-09,grand_slam,outdoor,hard,R128,5,Safiullin R.,Ivashka I.,183,110,357,681,3,0,6,4,6,3,6,4,,,,,completed,1.57,2.37,1.67,2.36,1.7,2.47,1.61,2.33,2021_5_melbourne_australian_open,2021_5_melbourne_australian_open_2021-02-09_safiullin_r_ivashka_i
tennis_data_uk,atp,2021,5,Australian Open,Melbourne,2021-02-09,grand_slam,outdoor,hard,R128,5,Tsitsipas S.,Simon G.,6,66,5965,990,3,0,6,1,6,2,6,1,,,,,completed,1.06,10.0,1.05,13.34,1.08,15.0,1.04,11.11,2021_5_melbourne_australian_open,2021_5_melbourne_australian_open_2021-02-09_tsitsipas_s_simon_g
tennis_data_uk,atp,2021,5,Australian Open,Melbourne,2021-02-10,grand_slam,outdoor,hard,R64,5,Karatsev A.,Gerasimov E.,114,79,642,854,3,0,6,0,6,1,6,0,,,,,completed,1.53,2.5,1.69,2.3,1.69,2.55,1.58,2.39,2021_5_melbourne_australian_open,2021_5_melbourne_australian_open_2021-02-10_karatsev_a_gerasimov_e
tennis_data_uk,atp,2021,5,Australian Open,Melbourne,2021-02-10,grand_slam,outdoor,hard,R64,5,Fucsovics M.,Wawrinka S.,55,18,1072,2365,3,2,7,5,6,1,4,6,2,6,7,6,completed,3.0,1.4,2.95,1.46,3.2,1.48,2.9,1.41,2021_5_melbourne_australian_open,2021_5_melbourne_australian_open_2021-02-10_fucsovics_m_wawrinka_s
tennis_data_uk,atp,2021,5,Australian Open,Melbourne,2021-02-10,grand_slam,outdoor,hard,R64,5,Martinez P.,Ruusuvuori E.,87,86,810,816,3,1,1,6,6,3,6,2,7,6,,,completed,3.0,1.4,3.26,1.39,3.26,1.47,2.96,1.4,2021_5_melbourne_australian_open,2021_5_melbourne_australian_open_2021-02-10_martinez_p_ruusuvuori_e
tennis_data_uk,atp,2021,5,Australian Open,Melbourne,2021-02-10,grand_slam,outdoor,hard,R64,5,Auger-Aliassime F.,Duckworth J.,19,105,2346,721,3,0,6,4,6,1,6,2,,,,,completed,1.2,4.5,1.24,4.57,1.25,5.0,1.21,4.43,2021_5_melbourne_australian_open,2021_5_melbourne_australian_open_2021-02-10_auger_aliassime_f_duckworth_j
tennis_data_uk,atp,2021,5,Australian Open,Melbourne,2021-02-10,grand_slam,outdoor,hard,R64,5,Schwartzman D.,Muller A.,9,210,3480,305,3,0,6,2,6,0,6,3,,,,,completed,1.08,8.0,1.09,9.69,1.14,11.75,1.08,8.26,2021_5_melbourne_australian_open,2021_5_melbourne_australian_open_2021-02-10_schwartzman_d_muller_a
tennis_data_uk,atp,2021,5,Australian Open,Melbourne,2021-02-10,grand_slam,outdoor,hard,R64,5,Raonic M.,Moutet C.,14,71,2630,928,3,1,6,7,6,1,6,1,6,4,,,completed,1.12,6.0,1.14,6.76,1.17,7.0,1.13,6.14,2021_5_melbourne_australian_open,2021_5_melbourne_australian_open_2021-02-10_raonic_m_moutet_c
tennis_data_uk,atp,2021,5,Australian Open,Melbourne,2021-02-10,grand_slam,outdoor,hard,R64,5,Djokovic N.,Tiafoe F.,1,64,12030,1005,3,1,6,3,6,7,7,6,6,3,,,completed,29.0,,1.02,24.5,1.02,29.0,1.01,19.55,2021_5_melbourne_australian_open,2021_5_melbourne_australian_open_2021-02-10_djokovic_n_tiafoe_f
tennis_data_uk,atp,2021,5,Australian Open,Melbourne,2021-02-10,grand_slam,outdoor,hard,R64,5,Thiem D.,Koepfer D.,3,70,9125,931,3,0,6,4,6,0,6,2,,,,,completed,1.06,10.0,1.04,14.88,1.08,15.0,1.04,11.65,2021_5_melbourne_australian_open,2021_5_melbourne_australian_open_2021-02-10_thiem_d_koepfer_d
tennis_data_uk,atp,2021,5,Australian Open,Melbourne,2021-02-10,grand_slam,outdoor,hard,R64,5,Lajovic D.,Bublik A.,27,45,1785,1220,3,1,6,4,7,6,4,6,6,3,,,completed,2.75,1.44,3.18,1.41,3.26,1.48,2.94,1.41,2021_5_melbourne_australian_open,2021_5_melbourne_australian_open_2021-02-10_lajovic_d_bublik_a
tennis_data_uk,atp,2021,5,Australian Open,Melbourne,2021-02-10,grand_slam,outdoor,hard,R64,5,Fritz T.,Opelka R.,31,38,1695,1422,3,2,4,6,7,6,6,7,7,6,6,2,completed,1.66,2.2,1.77,2.18,1.77,2.25,1.7,2.15,2021_5_melbourne_australian_open,2021_5_melbourne_australian_open_2021-02-10_fritz_t_opelka_r
tennis_data_uk,atp,2021,5,Australian Open,Melbourne,2021-02-10,grand_slam,outdoor,hard,R64,5,Shapovalov D.,Tomic B.,12,233,2830,253,3,0,6,1,6,3,6,2,,,,,completed,1.07,9.0,1.08,10.06,1.1,10.06,1.07,8.37,2021_5_melbourne_australian_open,2021_5_melbourne_australian_open_2021-02-10_shapovalov_d_tomic_b
tennis_data_uk,atp,2021,5,Australian Open,Melbourne,2021-02-10,grand_slam,outdoor,hard,R64,5,Mannarino A.,Kecmanovic M.,36,41,1561,1353,3,0,6,1,6,2,6,4,,,,,completed,2.1,1.72,2.39,1.65,2.39,1.77,2.17,1.7,2021_5_melbourne_australian_open,2021_5_melbourne_australian_open_2021-02-10_mannarino_a_kecmanovic_m
tennis_data_uk,atp,2021,5,Australian Open,Melbourne,2021-02-10,grand_slam,outdoor,hard,R64,5,Carreno Busta P.,Vesely J.,16,68,2585,958,3,1,6,3,7,6,2,6,6,4,,,completed,1.22,4.33,1.22,4.92,1.24,5.5,1.2,4.57,2021_5_melbourne_australian_open,2021_5_melbourne_australian_open_2021-02-10_carreno_busta_p_vesely_j
tennis_data_uk,atp,2021,5,Australian Open,Melbourne,2021-02-10,grand_slam,outdoor,hard,R64,5,Kyrgios N.,Humbert U.,47,34,1190,1671,3,2,5,7,6,4,3,6,7,6,6,4,completed,1.8,2.0,1.78,2.16,1.92,2.19,1.79,2.02,2021_5_melbourne_australian_open,2021_5_melbourne_australian_open_2021-02-10_kyrgios_n_humbert_u
tennis_data_uk,atp,2021,5,Australian Open,Melbourne,2021-02-10,grand_slam,outdoor,hard,R64,5,Zverev A.,Cressy M.,7,172,5615,389,3,0,7,5,6,4,6,3,,,,,completed,1.08,8.0,1.06,12.02,1.08,12.02,1.06,9.84,2021_5_melbourne_australian_open,2021_5_melbourne_australian_open_2021-02-10_zverev_a_cressy_m
tennis_data_uk,atp,2021,5,Australian Open,Melbourne,2021-02-10,grand_slam,outdoor,hard,R64,5,Dimitrov G.,Bolt A.,21,166,2260,400,3,0,7,6,6,1,6,2,,,,,completed,1.22,4.33,1.2,5.3,1.27,5.5,1.2,4.5,2021_5_melbourne_australian_open,2021_5_melbourne_australian_open_2021-02-10_dimitrov_g_bolt_a
tennis_data_uk,atp,2021,5,Australian Open,Melbourne,2021-02-11,grand_slam,outdoor,hard,R64,5,Lopez F.,Sonego L.,65,35,998,1588,3,2,5,7,3,6,6,3,7,5,6,4,completed,4.0,1.25,4.1,1.28,4.33,1.32,3.92,1.25,2021_5_melbourne_australian_open,2021_5_melbourne_australian_open_2021-02-11_lopez_f_sonego_l
tennis_data_uk,atp,2021,5,Australian Open,Melbourne,2021-02-11,grand_slam,outdoor,hard,R64,5,Rublev A.,Monteiro T.,8,74,4429,894,3,0,6,4,6,4,7,6,,,,,completed,1.04,13.0,1.06,13.05,1.07,16.0,1.03,12.39,2021_5_melbourne_australian_open,2021_5_melbourne_australian_open_2021-02-11_rublev_a_monteiro_t
tennis_data_uk,atp,2021,5,Australian Open,Melbourne,2021-02-11,grand_slam,outdoor,hard,R64,5,Harris L.,Popyrin A.,91,113,793,643,3,2,6,2,1,6,6,3,6,7,6,3,completed,1.61,2.3,1.71,2.27,1.71,2.38,1.64,2.25,2021_5_melbourne_australian_open,2021_5_melbourne_australian_open_2021-02-11_harris_l_popyrin_a
tennis_data_uk,atp,2021,5,Australian Open,Melbourne,2021-02-11,grand_slam,outdoor,hard,R64,5,Ymer M.,Alcaraz C.,95,141,775,484,3,1,2,6,6,4,6,4,7,6,,,completed,2.62,1.5,2.58,1.57,2.67,1.57,2.53,1.52,2021_5_melbourne_australian_open,2021_5_melbourne_australian_open_2021-02-11_ymer_m_alcaraz_c
tennis_data_uk,atp,2021,5,Australian Open,Melbourne,2021-02-11,grand_slam,outdoor,hard,R64,5,Ruud C.,Paul T.,28,53,1739,1080,3,1,3,6,6,2,6,4,7,5,,,completed,1.72,2.1,1.78,2.16,1.8,2.25,1.72,2.11,2021_5_melbourne_australian_open,2021_5_melbourne_australian_open_2021-02-11_ruud_c_paul_t
tennis_data_uk,atp,2021,5,Australian Open,Melbourne,2021-02-11,grand_slam,outdoor,hard,R64,5,Khachanov K.,Berankis R.,20,73,2290,909,3,0,6,2,6,4,6,4,,,,,completed,1.25,4.0,1.31,3.79,1.31,4.15,1.26,3.79,2021_5_melbourne_australian_open,2021_5_melbourne_australian_open_2021-02-11_khachanov_k_berankis_r
tennis_data_uk,atp,2021,5,Australian Open,Melbourne,2021-02-11,grand_slam,outdoor,hard,R64,5,Krajinovic F.,Andujar P.,33,59,1673,1044,3,1,6,2,5,7,6,1,6,4,,,completed,1.12,6.0,1.14,6.69,1.15,7.3,1.12,6.12,2021_5_melbourne_australian_open,2021_5_melbourne_australian_open_2021-02-11_krajinovic_f_andujar_p
tennis_data_uk,atp,2021,5,Australian Open,Melbourne,2021-02-11,grand_slam,outdoor,hard,R64,5,Tsitsipas S.,Kokkinakis T.,6,267,5965,209,3,2,6,7,6,4,6,1,6,7,6,4,completed,1.08,8.0,1.11,8.27,1.13,8.73,1.09,7.48,2021_5_melbourne_australian_open,2021_5_melbourne_australian_open_2021-02-11_tsitsipas_s_kokkinakis_t
tennis_data_uk,atp,2021,5,Australian Open,Melbourne,2021-02-11,grand_slam,outdoor,hard,R64,5,Berrettini M.,Machac T.,10,199,3345,333,3,1,6,3,6,2,4,6,6,3,,,completed,1.05,11.0,1.07,10.94,1.09,12.0,1.06,9.51,2021_5_melbourne_australian_open,2021_5_melbourne_australian_open_2021-02-11_berrettini_m_machac_t
tennis_data_uk,atp,2021,5,Australian Open,Melbourne,2021-02-11,grand_slam,outdoor,hard,R64,5,Mcdonald M.,Coric B.,192,25,345,1855,3,1,6,4,6,2,4,6,6,4,,,completed,4.5,1.2,4.93,1.22,5.35,1.22,4.73,1.18,2021_5_melbourne_australian_open,2021_5_melbourne_australian_open_2021-02-11_mcdonald_m_coric_b
tennis_data_uk,atp,2021,5,Australian Open,Melbourne,2021-02-11,grand_slam,outdoor,hard,R64,5,Albot R.,O Connell C.,85,121,817,568,3,0,6,2,7,5,7,6,,,,,completed,2.5,1.53,2.48,1.61,2.55,1.63,2.45,1.55,2021_5_melbourne_australian_open,2021_5_melbourne_australian_open_2021-02-11_albot_r_o_connell_c
tennis_data_uk,atp,2021,5,Australian Open,Melbourne,2021-02-11,grand_slam,outdoor,hard,R64,5,Fognini F.,Caruso S.,17,78,2535,863,3,2,4,6,6,2,2,6,6,3,7,6,completed,1.4,3.0,1.49,2.82,1.49,3.21,1.43,2.8,2021_5_melbourne_australian_open,2021_5_melbourne_australian_open_2021-02-11_fognini_f_caruso_s
tennis_data_uk,atp,2021,5,Australian Open,Melbourne,2021-02-11,grand_slam,outdoor,hard,R64,5,Norrie C.,Safiullin R.,69,183,935,357,3,1,3,6,7,5,6,3,7,6,,,completed,1.36,3.2,1.38,3.33,1.46,3.38,1.37,3.11,2021_5_melbourne_australian_open,2021_5_melbourne_australian_open_2021-02-11_norrie_c_safiullin_r
tennis_data_uk,atp,2021,5,Australian Open,Melbourne,2021-02-11,grand_slam,outdoor,hard,R64,5,De Minaur A.,Cuevas P.,23,72,2065,927,3,0,6,3,6,3,7,5,,,,,completed,1.08,8.0,1.07,10.7,1.09,10.7,1.07,8.23,2021_5_melbourne_australian_open,2021_5_melbourne_australian_open_2021-02-11_de_minaur_a_cuevas_p
tennis_data_uk,atp,2021,5,Australian Open,Melbourne,2021-02-11,grand_slam,outdoor,hard,R64,5,Medvedev D.,Carballes Baena R.,4,99,8715,751,3,0,6,2,7,5,6,1,,,,,completed,1.005,29.0,1.01,29.43,1.03,41.0,1.01,21.79,2021_5_melbourne_australian_open,2021_5_melbourne_australian_open_2021-02-11_medvedev_d_carballes_baena_r
tennis_data_uk,atp,2021,5,Australian Open,Melbourne,2021-02-11,grand_slam,outdoor,hard,R64,5,Nadal R.,Mmoh M.,2,177,9850,368,3,0,6,1,6,4,6,2,,,,,completed,1.01,23.0,1.02,22.58,1.02,29.0,1.01,18.7,2021_5_melbourne_australian_open,2021_5_melbourne_australian_open_2021-02-11_nadal_r_mmoh_m
tennis_data_uk,atp,2021,5,Australian Open,Melbourne,2021-02-12,grand_slam,outdoor,hard,R32,5,Dimitrov G.,Carreno Busta P.,21,16,2260,2585,1,0,6,0,1,0,,,,,,,retired,1.72,2.1,1.85,2.06,1.87,2.28,1.75,2.08,2021_5_melbourne_australian_open,2021_5_melbourne_australian_open_2021-02-12_dimitrov_g_carreno_busta_p
tennis_data_uk,atp,2021,5,Australian Open,Melbourne,2021-02-12,grand_slam,outdoor,hard,R32,5,Zverev A.,Mannarino A.,7,36,5615,1561,3,0,6,3,6,3,6,1,,,,,completed,1.14,5.5,1.16,6.05,1.17,7.0,1.14,5.68,2021_5_melbourne_australian_open,2021_5_melbourne_australian_open_2021-02-12_zverev_a_mannarino_a
tennis_data_uk,atp,2021,5,Australian Open,Melbourne,2021-02-12,grand_slam,outdoor,hard,R32,5,Lajovic D.,Martinez P.,27,87,1785,810,3,1,6,7,7,5,6,1,6,4,,,completed,1.72,2.1,1.81,2.12,1.83,2.28,1.73,2.11,2021_5_melbourne_australian_open,2021_5_melbourne_australian_open_2021-02-12_lajovic_d_martinez_p
tennis_data_uk,atp,2021,5,Australian Open,Melbourne,2021-02-12,grand_slam,outdoor,hard,R32,5,Karatsev A.,Schwartzman D.,114,9,642,3480,3,0,6,3,6,3,6,3,,,,,completed,3.4,1.33,3.61,1.34,3.65,1.41,3.33,1.33,2021_5_melbourne_australian_open,2021_5_melbourne_australian_open_2021-02-12_karatsev_a_schwartzman_d
tennis_data_uk,atp,2021,5,Australian Open,Melbourne,2021-02-12,grand_slam,outdoor,hard,R32,5,Raonic M.,Fucsovics M.,14,55,2630,1072,3,1,7,6,5,7,6,2,6,2,,,completed,1.14,5.5,1.13,7.08,1.17,7.08,1.13,6.02,2021_5_melbourne_australian_open,2021_5_melbourne_australian_open_2021-02-12_raonic_m_fucsovics_m
tennis_data_uk,atp,2021,5,Australian Open,Melbourne,2021-02-12,grand_slam,outdoor,hard,R32,5,Auger-Aliassime F.,Shapovalov D.,19,12,2346,2830,3,0,7,5,7,5,6,3,,,,,completed,2.75,1.44,2.57,1.57,3.06,1.57,2.72,1.46,2021_5_melbourne_australian_open,2021_5_melbourne_australian_open_2021-02-12_auger_aliassime_f_shapovalov_d
tennis_data_uk,atp,2021,5,Australian Open,Melbourne,2021-02-12,grand_slam,outdoor,hard,R32,5,Thiem D.,Kyrgios N.,3,47,9125,1190,3,2,4,6,4,6,6,3,6,4,6,4,completed,1.28,3.75,1.27,4.22,1.3,4.33,1.25,3.95,2021_5_melbourne_australian_open,2021_5_melbourne_australian_open_2021-02-12_thiem_d_kyrgios_n
tennis_data_uk,atp,2021,5,Australian Open,Melbourne,2021-02-12,grand_slam,outdoor,hard,R32,5,Djokovic N.,Fritz T.,1,31,12030,1695,3,2,7,6,6,4,3,6,4,6,6,2,completed,1.01,21.0,1.01,27.5,1.03,34.0,1.01,19.34,2021_5_melbourne_australian_open,2021_5_melbourne_australian_open_2021-02-12_djokovic_n_fritz_t
tennis_data_uk,atp,2021,5,Australian Open,Melbourne,2021-02-13,grand_slam,outdoor,hard,R32,5,Ruud C.,Albot R.,28,85,1739,817,3,1,6,1,5,7,6,4,6,4,,,completed,1.33,3.4,1.32,3.72,1.35,3.72,1.32,3.4,2021_5_melbourne_australian_open,2021_5_melbourne_australian_open_2021-02-13_ruud_c_albot_r
tennis_data_uk,atp,2021,5,Australian Open,Melbourne,2021-02-13,grand_slam,outdoor,hard,R32,5,Mcdonald M.,Harris L.,192,91,345,793,3,0,7,6,6,1,6,4,,,,,completed,2.2,1.66,2.1,1.83,2.21,1.87,2.09,1.75,2021_5_melbourne_australian_open,2021_5_melbourne_australian_open_2021-02-13_mcdonald_m_harris_l
tennis_data_uk,atp,2021,5,Australian Open,Melbourne,2021-02-13,grand_slam,outdoor,hard,R32,5,Medvedev D.,Krajinovic F.,4,33,8715,1673,3,2,6,3,6,3,4,6,3,6,6,0,completed,1.05,11.0,1.06,12.78,1.07,13.5,1.05,10.07,2021_5_melbourne_australian_open,2021_5_melbourne_australian_open_2021-02-13_medvedev_d_krajinovic_f
tennis_data_uk,atp,2021,5,Australian Open,Melbourne,2021-02-13,grand_slam,outdoor,hard,R32,5,Tsitsipas S.,Ymer M.,6,95,5965,775,3,0,6,4,6,1,6,1,,,,,completed,1.03,15.0,1.04,15.32,1.06,16.25,1.04,12.17,2021_5_melbourne_australian_open,2021_5_melbourne_australian_open_2021-02-13_tsitsipas_s_ymer_m
tennis_data_uk,atp,2021,5,Australian Open,Melbourne,2021-02-13,grand_slam,outdoor,hard,R32,5,Rublev A.,Lopez F.,8,65,4429,998,3,0,7,5,6,2,6,3,,,,,completed,1.02,19.0,1.03,17.33,1.04,19.1,1.03,13.97,2021_5_melbourne_australian_open,2021_5_melbourne_australian_open_2021-02-13_rublev_a_lopez_f
tennis_data_uk,atp,2021,5,Australian Open,Melbourne,2021-02-13,grand_slam,outdoor,hard,R32,5,Berrettini M.,Khachanov K.,10,20,3345,2290,3,0,7,6,7,6,7,6,,,,,completed,1.4,3.0,1.43,3.05,1.48,3.3,1.4,2.95,2021_5_melbourne_australian_open,2021_5_melbourne_australian_open_2021-02-13_berrettini_m_khachanov_k
tennis_data_uk,atp,2021,5,Australian Open,Melbourne,2021-02-13,grand_slam,outdoor,hard,R32,5,Fognini F.,De Minaur A.,17,23,2535,2065,3,0,6,4,6,3,6,4,,,,,completed,5.5,1.14,5.99,1.17,7.13,1.19,5.59,1.14,2021_5_melbourne_australian_open,2021_5_melbourne_australian_open_2021-02-13_fognini_f_de_minaur_a
tennis_data_uk,atp,2021,5,Australian Open,Melbourne,2021-02-13,grand_slam,outdoor,hard,R32,5,Nadal R.,Norrie C.,2,69,9850,935,3,0,7,5,6,2,7,5,,,,,completed,1.02,19.0,1.03,17.95,1.04,26.0,1.02,15.15,2021_5_melbourne_australian_open,2021_5_melbourne_australian_open_2021-02-13_nadal_r_norrie_c
tennis_data_uk,atp,2021,5,Australian Open,Melbourne,2021-02-14,grand_slam,outdoor,hard,R16,5,Karatsev A.,Auger-Aliassime F.,114,19,642,2346,3,2,3,6,1,6,6,3,6,3,6,4,completed,2.5,1.53,2.77,1.52,2.85,1.6,2.53,1.52,2021_5_melbourne_australian_open,2021_5_melbourne_australian_open_2021-02-14_karatsev_a_auger_aliassime_f
tennis_data_uk,atp,2021,5,Australian Open,Melbourne,2021-02-14,grand_slam,outdoor,hard,R16,5,Dimitrov G.,Thiem D.,21,3,2260,9125,3,0,6,4,6,4,6,0,,,,,completed,3.4,1.33,3.59,1.35,3.98,1.36,3.45,1.31,2021_5_melbourne_australian_open,2021_5_melbourne_australian_open_2021-02-14_dimitrov_g_thiem_d
tennis_data_uk,atp,2021,5,Australian Open,Melbourne,2021-02-14,grand_slam,outdoor,hard,R16,5,Zverev A.,Lajovic D.,7,27,5615,1785,3,0,6,4,7,6,6,3,,,,,completed,1.06,10.0,1.07,11.65,1.08,13.7,1.06,9.75,2021_5_melbourne_australian_open,2021_5_melbourne_australian_open_2021-02-14_zverev_a_lajovic_d
tennis_data_uk,atp,2021,5,Australian Open,Melbourne,2021-02-14,grand_slam,outdoor,hard,R16,5,Djokovic N.,Raonic M.,1,14,12030,2630,3,1,7,6,4,6,6,1,6,4,,,completed,1.44,2.75,1.51,2.81,1.52,2.97,1.46,2.73,2021_5_melbourne_australian_open,2021_5_melbourne_australian_open_2021-02-14_djokovic_n_raonic_m
tennis_data_uk,atp,2021,5,Australian Open,Melbourne,2021-02-15,grand_slam,outdoor,hard,R16,5,Medvedev D.,Mcdonald M.,4,192,8715,345,3,0,6,4,6,2,6,3,,,,,completed,1.03,15.0,1.05,14.03,1.06,16.0,1.04,12.13,2021_5_melbourne_australian_open,2021_5_melbourne_australian_open_2021-02-15_medvedev_d_mcdonald_m
tennis_data_uk,atp,2021,5,Australian Open,Melbourne,2021-02-15,grand_slam,outdoor,hard,R16,5,Rublev A.,Ruud C.,8,28,4429,1739,2,0,6,2,7,6,,,,,,,retired,1.08,8.0,1.12,8.05,1.12,8.9,1.09,7.46,2021_5_melbourne_australian_open,2021_5_melbourne_australian_open_2021-02-15_rublev_a_ruud_c
tennis_data_uk,atp,2021,5,Australian Open,Melbourne,2021-02-15,grand_slam,outdoor,hard,R16,5,Nadal R.,Fognini F.,2,17,9850,2535,3,0,6,3,6,4,6,2,,,,,completed,1.16,5.0,1.16,6.47,1.21,6.47,1.15,5.43,2021_5_melbourne_australian_open,2021_5_melbourne_australian_open_2021-02-15_nadal_r_fognini_f
tennis_data_uk,atp,2021,5,Australian Open,Melbourne,2021-02-15,grand_slam,outdoor,hard,R16,5,Tsitsipas S.,Berrettini M.,6,10,5965,3345,,,,,,,,,,,,,walkover,1.25,4.0,1.29,4.08,1.3,4.2,1.26,3.9,2021_5_melbourne_australian_open,2021_5_melbourne_australian_open_2021-02-15_tsitsipas_s_berrettini_m
tennis_data_uk,atp,2021,5,Australian Open,Melbourne,2021-02-16,grand_slam,outdoor,hard,QF,5,Karatsev A.,Dimitrov G.,114,21,642,2260,3,1,2,6,6,4,6,1,6,2,,,completed,3.5,1.3,3.6,1.35,3.75,1.38,3.42,1.32,2021_5_melbourne_australian_open,2021_5_melbourne_australian_open_2021-02-16_karatsev_a_dimitrov_g
tennis_data_uk,atp,2021,5,Australian Open,Melbourne,2021-02-16,grand_slam,outdoor,hard,QF,5,Djokovic N.,Zverev A.,1,7,12030,5615,3,1,6,7,6,2,6,4,7,6,,,completed,1.57,2.37,1.68,2.33,1.69,2.61,1.58,2.4,2021_5_melbourne_australian_open,2021_5_melbourne_australian_open_2021-02-16_djokovic_n_zverev_a
tennis_data_uk,atp,2021,5,Australian Open,Melbourne,2021-02-17,grand_slam,outdoor,hard,QF,5,Medvedev D.,Rublev A.,4,8,8715,4429,3,0,7,5,6,3,6,2,,,,,completed,1.44,2.75,1.46,2.93,1.48,3.32,1.42,2.89,2021_5_melbourne_australian_open,2021_5_melbourne_australian_open_2021-02-17_medvedev_d_rublev_a
tennis_data_uk,atp,2021,5,Australian Open,Melbourne,2021-02-17,grand_slam,outdoor,hard,QF,5,Tsitsipas S.,Nadal R.,6,2,5965,9850,3,2,3,6,2,6,7,6,6,4,7,5,completed,2.75,1.44,2.97,1.45,3.2,1.48,2.9,1.42,2021_5_melbourne_australian_open,2021_5_melbourne_australian_open_2021-02-17_tsitsipas_s_nadal_r
tennis_data_uk,atp,2021,5,Australian Open,Melbourne,2021-02-18,grand_slam,outdoor,hard,SF,5,Djokovic N.,Karatsev A.,1,114,12030,642,3,0,6,3,6,4,6,2,,,,,completed,1.07,9.0,1.08,10.24,1.11,10.5,1.07,8.72,2021_5_melbourne_australian_open,2021_5_melbourne_australian_open_2021-02-18_djokovic_n_karatsev_a
tennis_data_uk,atp,2021,5,Australian Open,Melbourne,2021-02-19,grand_slam,outdoor,hard,SF,5,Medvedev D.,Tsitsipas S.,4,6,8715,5965,3,0,6,4,6,2,7,5,,,,,completed,1.4,3.0,1.46,2.93,1.46,3.3,1.41,2.97,2021_5_melbourne_australian_open,2021_5_melbourne_australian_open_2021-02-19_medvedev_d_tsitsipas_s
tennis_data_uk,atp,2021,5,Australian Open,Melbourne,2021-02-21,grand_slam,outdoor,hard,F,5,Djokovic N.,Medvedev D.,1,4,12030,8715,3,0,7,5,6,2,6,2,,,,,completed,1.83,2.0,1.83,2.09,1.97,2.1,1.84,2.0,2021_5_melbourne_australian_open,2021_5_melbourne_australian_open_2021-02-21_djokovic_n_medvedev_d
tennis_data_uk,atp,2021,6,Cordoba Open,Cordoba,2021-02-22,atp_250,outdoor,clay,R32,3,Kovalik J.,Galan D.E.,128,116,548,619,2,1,6,2,1,6,6,3,,,,,completed,2.0,1.72,2.15,1.78,2.31,1.83,2.15,1.7,2021_6_cordoba_cordoba_open,2021_6_cordoba_cordoba_open_2021-02-22_kovalik_j_galan_d_e
tennis_data_uk,atp,2021,6,Cordoba Open,Cordoba,2021-02-22,atp_250,outdoor,clay,R32,3,Jarry N.,Munar J.,1165,104,7,745,2,1,5,7,7,6,6,4,,,,,completed,3.75,1.25,3.58,1.33,3.87,1.34,3.52,1.3,2021_6_cordoba_cordoba_open,2021_6_cordoba_cordoba_open_2021-02-22_jarry_n_munar_j
tennis_data_uk,atp,2021,6,Cordoba Open,Cordoba,2021-02-23,atp_250,outdoor,clay,R32,3,Carballes Baena R.,Sousa J.,96,98,786,782,2,0,6,3,6,1,,,,,,,completed,1.25,3.75,1.24,4.55,1.3,4.55,1.26,3.82,2021_6_cordoba_cordoba_open,2021_6_cordoba_cordoba_open_2021-02-23_carballes_baena_r_sousa_j
tennis_data_uk,atp,2021,6,Cordoba Open,Cordoba,2021-02-23,atp_250,outdoor,clay,R32,3,Cecchinato M.,Dellien H.,87,112,838,669,2,1,6,2,4,6,6,1,,,,,completed,1.28,3.5,1.44,2.97,1.45,3.75,1.37,3.1,2021_6_cordoba_cordoba_open,2021_6_cordoba_cordoba_open_2021-02-23_cecchinato_m_dellien_h
tennis_data_uk,atp,2021,6,Cordoba Open,Cordoba,2021-02-23,atp_250,outdoor,clay,R32,3,Coria F.,Koepfer D.,95,71,790,966,2,0,6,1,6,4,,,,,,,completed,1.61,2.2,1.7,2.27,1.74,2.3,1.67,2.2,2021_6_cordoba_cordoba_open,2021_6_cordoba_cordoba_open_2021-02-23_coria_f_koepfer_d
tennis_data_uk,atp,2021,6,Cordoba Open,Cordoba,2021-02-23,atp_250,outdoor,clay,R32,3,Cerundolo J.M.,Seyboth Wild T.,335,119,132,605,2,0,7,5,7,6,,,,,,,completed,3.25,1.33,3.06,1.42,4.0,1.46,2.96,1.4,2021_6_cordoba_cordoba_open,2021_6_cordoba_cordoba_open_2021-02-23_cerundolo_j_m_seyboth_wild_t
tennis_data_uk,atp,2021,6,Cordoba Open,Cordoba,2021-02-23,atp_250,outdoor,clay,R32,3,Bagnis F.,Kicker N.,130,,546,,2,0,6,1,6,4,,,,,,,completed,1.2,4.33,1.24,4.45,1.28,5.0,1.21,4.39,2021_6_cordoba_cordoba_open,2021_6_cordoba_cordoba_open_2021-02-23_bagnis_f_kicker_n
tennis_data_uk,atp,2021,6,Cordoba Open,Cordoba,2021-02-23,atp_250,outdoor,clay,R32,3,Etcheverry T.,Martin A.,234,101,258,753,2,0,6,3,7,6,,,,,,,completed,1.72,2.0,1.69,2.28,1.91,2.28,1.81,2.0,2021_6_cordoba_cordoba_open,2021_6_cordoba_cordoba_open_2021-02-23_etcheverry_t_martin_a
tennis_data_uk,atp,2021,6,Cordoba Open,Cordoba,2021-02-23,atp_250,outdoor,clay,R32,3,Ramos-Vinolas A.,Londero J.I.,47,88,1210,832,2,1,4,6,6,2,6,2,,,,,completed,2.2,1.61,2.24,1.72,2.35,1.95,2.17,1.69,2021_6_cordoba_cordoba_open,2021_6_cordoba_cordoba_open_2021-02-23_ramos_vinolas_a_londero_j_i
tennis_data_uk,atp,2021,6,Cordoba Open,Cordoba,2021-02-23,atp_250,outdoor,clay,R32,3,Cerundolo F.,Mager G.,135,99,520,770,2,1,6,7,6,1,6,4,,,,,completed,1.5,2.5,1.61,2.45,1.67,2.73,1.58,2.38,2021_6_cordoba_cordoba_open,2021_6_cordoba_cordoba_open_2021-02-23_cerundolo_f_mager_g
tennis_data_uk,atp,2021,6,Cordoba Open,Cordoba,2021-02-24,atp_250,outdoor,clay,R32,3,Delbonis F.,Sousa P.,84,108,851,704,2,0,6,4,6,4,,,,,,,completed,1.53,2.37,1.52,2.71,1.7,2.8,1.53,2.5,2021_6_cordoba_cordoba_open,2021_6_cordoba_cordoba_open_2021-02-24_delbonis_f_sousa_p
tennis_data_uk,atp,2021,6,Cordoba Open,Cordoba,2021-02-24,atp_250,outdoor,clay,R32,3,Monteiro T.,Menezes J.,74,199,929,353,2,0,6,3,6,3,,,,,,,completed,1.22,4.0,1.27,4.15,1.35,4.25,1.25,3.9,2021_6_cordoba_cordoba_open,2021_6_cordoba_cordoba_open_2021-02-24_monteiro_t_menezes_j
tennis_data_uk,atp,2021,6,Cordoba Open,Cordoba,2021-02-24,atp_250,outdoor,clay,R16,3,Kovalik J.,Barrios M.,128,265,548,221,2,1,4,6,6,2,6,3,,,,,completed,1.57,2.25,1.69,2.3,1.78,2.5,1.62,2.28,2021_6_cordoba_cordoba_open,2021_6_cordoba_cordoba_open_2021-02-24_kovalik_j_barrios_m
tennis_data_uk,atp,2021,6,Cordoba Open,Cordoba,2021-02-24,atp_250,outdoor,clay,R16,3,Coria F.,Cerundolo F.,95,135,790,520,2,1,1,6,6,2,6,4,,,,,completed,2.25,1.57,2.3,1.69,2.5,1.71,2.27,1.63,2021_6_cordoba_cordoba_open,2021_6_cordoba_cordoba_open_2021-02-24_coria_f_cerundolo_f
tennis_data_uk,atp,2021,6,Cordoba Open,Cordoba,2021-02-24,atp_250,outdoor,clay,R16,3,Bagnis F.,Delbonis F.,130,84,546,851,2,0,6,4,7,5,,,,,,,completed,2.0,1.72,2.24,1.73,2.31,1.8,2.09,1.74,2021_6_cordoba_cordoba_open,2021_6_cordoba_cordoba_open_2021-02-24_bagnis_f_delbonis_f
tennis_data_uk,atp,2021,6,Cordoba Open,Cordoba,2021-02-25,atp_250,outdoor,clay,R16,3,Paire B.,Jarry N.,29,1165,1738,7,2,0,6,2,6,4,,,,,,,completed,2.62,1.44,2.72,1.52,2.8,1.55,2.61,1.49,2021_6_cordoba_cordoba_open,2021_6_cordoba_cordoba_open_2021-02-25_paire_b_jarry_n
tennis_data_uk,atp,2021,6,Cordoba Open,Cordoba,2021-02-25,atp_250,outdoor,clay,R16,3,Monteiro T.,Carballes Baena R.,74,96,929,786,2,0,6,3,6,4,,,,,,,completed,1.36,3.0,1.47,2.89,1.54,3.2,1.4,2.9,2021_6_cordoba_cordoba_open,2021_6_cordoba_cordoba_open_2021-02-25_monteiro_t_carballes_baena_r
tennis_data_uk,atp,2021,6,Cordoba Open,Cordoba,2021-02-25,atp_250,outdoor,clay,R16,3,Cerundolo J.M.,Kecmanovic M.,335,41,132,1388,2,1,6,7,7,5,6,2,,,,,completed,2.75,1.4,2.97,1.45,3.0,1.8,2.8,1.44,2021_6_cordoba_cordoba_open,2021_6_cordoba_cordoba_open_2021-02-25_cerundolo_j_m_kecmanovic_m
tennis_data_uk,atp,2021,6,Cordoba Open,Cordoba,2021-02-25,atp_250,outdoor,clay,R16,3,Schwartzman D.,Cecchinato M.,9,87,3480,838,2,0,6,2,6,2,,,,,,,completed,1.3,3.4,1.36,3.48,1.36,3.72,1.32,3.36,2021_6_cordoba_cordoba_open,2021_6_cordoba_cordoba_open_2021-02-25_schwartzman_d_cecchinato_m
tennis_data_uk,atp,2021,6,Cordoba Open,Cordoba,2021-02-25,atp_250,outdoor,clay,R16,3,Ramos-Vinolas A.,Etcheverry T.,47,234,1210,258,2,1,2,6,7,6,7,5,,,,,completed,1.53,2.37,1.61,2.49,1.65,2.5,1.58,2.37,2021_6_cordoba_cordoba_open,2021_6_cordoba_cordoba_open_2021-02-25_ramos_vinolas_a_etcheverry_t
tennis_data_uk,atp,2021,6,Cordoba Open,Cordoba,2021-02-26,atp_250,outdoor,clay,QF,3,Cerundolo J.M.,Monteiro T.,335,74,132,929,2,1,6,2,2,6,6,3,,,,,completed,3.75,1.28,3.98,1.29,4.22,1.31,3.78,1.27,2021_6_cordoba_cordoba_open,2021_6_cordoba_cordoba_open_2021-02-26_cerundolo_j_m_monteiro_t
tennis_data_uk,atp,2021,6,Cordoba Open,Cordoba,2021-02-26,atp_250,outdoor,clay,QF,3,Coria F.,Paire B.,95,29,790,1738,2,0,6,3,6,2,,,,,,,completed,1.8,2.0,1.74,2.22,1.87,2.22,1.79,2.0,2021_6_cordoba_cordoba_open,2021_6_cordoba_cordoba_open_2021-02-26_coria_f_paire_b
tennis_data_uk,atp,2021,6,Cordoba Open,Cordoba,2021-02-26,atp_250,outdoor,clay,QF,3,Bagnis F.,Kovalik J.,130,128,546,548,2,0,6,1,6,2,,,,,,,completed,1.5,2.62,1.61,2.49,1.61,2.65,1.52,2.53,2021_6_cordoba_cordoba_open,2021_6_cordoba_cordoba_open_2021-02-26_bagnis_f_kovalik_j
tennis_data_uk,atp,2021,6,Cordoba Open,Cordoba,2021-02-26,atp_250,outdoor,clay,QF,3,Ramos-Vinolas A.,Schwartzman D.,47,9,1210,3480,2,1,6,1,4,6,6,3,,,,,completed,7.0,1.1,6.57,1.15,8.0,1.15,6.56,1.11,2021_6_cordoba_cordoba_open,2021_6_cordoba_cordoba_open_2021-02-26_ramos_vinolas_a_schwartzman_d
tennis_data_uk,atp,2021,6,Cordoba Open,Cordoba,2021-02-27,atp_250,outdoor,clay,SF,3,Cerundolo J.M.,Coria F.,335,95,132,790,2,1,6,4,4,6,6,2,,,,,completed,2.75,1.44,2.89,1.47,2.97,1.67,2.72,1.46,2021_6_cordoba_cordoba_open,2021_6_cordoba_cordoba_open_2021-02-27_cerundolo_j_m_coria_f
tennis_data_uk,atp,2021,6,Cordoba Open,Cordoba,2021-02-28,atp_250,outdoor,clay,SF,3,Ramos-Vinolas A.,Bagnis F.,47,130,1210,546,2,1,7,5,5,7,6,3,,,,,completed,1.8,2.0,1.93,1.98,1.93,2.38,1.73,2.12,2021_6_cordoba_cordoba_open,2021_6_cordoba_cordoba_open_2021-02-28_ramos_vinolas_a_bagnis_f
tennis_data_uk,atp,2021,6,Cordoba Open,Cordoba,2021-02-28,atp_250,outdoor,clay,F,3,Cerundolo J.M.,Ramos-Vinolas A.,335,47,132,1210,2,1,6,0,2,6,6,2,,,,,completed,2.62,1.5,2.64,1.55,2.88,1.56,2.6,1.5,2021_6_cordoba_cordoba_open,2021_6_cordoba_cordoba_open_2021-02-28_cerundolo_j_m_ramos_vinolas_a
tennis_data_uk,atp,2021,7,Open Sud de France,Montpellier,2021-02-22,atp_250,indoor,hard,R32,3,Humbert U.,Gombos N.,32,93,1706,797,2,0,6,3,7,6,,,,,,,completed,1.18,4.5,1.21,4.9,1.22,5.45,1.19,4.7,2021_7_montpellier_open_sud_de_france,2021_7_montpellier_open_sud_de_france_2021-02-22_humbert_u_gombos_n
tennis_data_uk,atp,2021,7,Open Sud de France,Montpellier,2021-02-22,atp_250,indoor,hard,R32,3,Sonego L.,Gaston H.,36,162,1623,425,2,1,6,3,6,7,6,1,,,,,completed,1.4,2.75,1.46,2.91,1.47,3.0,1.42,2.83,2021_7_montpellier_open_sud_de_france,2021_7_montpellier_open_sud_de_france_2021-02-22_sonego_l_gaston_h
tennis_data_uk,atp,2021,7,Open Sud de France,Montpellier,2021-02-22,atp_250,indoor,hard,R32,3,Korda S.,Tsonga J.W.,92,66,810,1015,2,0,6,4,6,2,,,,,,,completed,1.4,2.75,1.41,3.13,1.48,3.44,1.39,2.97,2021_7_montpellier_open_sud_de_france,2021_7_montpellier_open_sud_de_france_2021-02-22_korda_s_tsonga_j_w
tennis_data_uk,atp,2021,7,Open Sud de France,Montpellier,2021-02-23,atp_250,indoor,hard,R32,3,Griekspoor T.,Giron M.,160,78,440,889,2,1,6,2,6,7,6,3,,,,,completed,2.5,1.5,2.38,1.64,2.6,1.64,2.39,1.57,2021_7_montpellier_open_sud_de_france,2021_7_montpellier_open_sud_de_france_2021-02-23_griekspoor_t_giron_m
tennis_data_uk,atp,2021,7,Open Sud de France,Montpellier,2021-02-23,atp_250,indoor,hard,R32,3,Gojowczyk P.,Struff J.L.,144,37,491,1495,2,0,6,3,6,4,,,,,,,completed,3.0,1.36,3.28,1.38,3.35,1.42,3.14,1.35,2021_7_montpellier_open_sud_de_france,2021_7_montpellier_open_sud_de_france_2021-02-23_gojowczyk_p_struff_j_l
tennis_data_uk,atp,2021,7,Open Sud de France,Montpellier,2021-02-23,atp_250,indoor,hard,R32,3,Bonzi B.,Pouille L.,125,79,573,887,2,0,7,6,6,2,,,,,,,completed,1.57,2.25,1.67,2.32,1.71,2.45,1.63,2.27,2021_7_montpellier_open_sud_de_france,2021_7_montpellier_open_sud_de_france_2021-02-23_bonzi_b_pouille_l
tennis_data_uk,atp,2021,7,Open Sud de France,Montpellier,2021-02-23,atp_250,indoor,hard,R32,3,Vesely J.,Ymer M.,69,91,988,820,2,0,6,1,6,1,,,,,,,completed,1.83,1.83,1.88,2.01,2.0,2.01,1.89,1.9,2021_7_montpellier_open_sud_de_france,2021_7_montpellier_open_sud_de_france_2021-02-23_vesely_j_ymer_m
tennis_data_uk,atp,2021,7,Open Sud de France,Montpellier,2021-02-23,atp_250,indoor,hard,R32,3,Novak D.,Simon G.,102,68,752,990,2,1,7,6,1,6,6,3,,,,,completed,2.25,1.57,2.33,1.67,2.38,1.74,2.22,1.65,2021_7_montpellier_open_sud_de_france,2021_7_montpellier_open_sud_de_france_2021-02-23_novak_d_simon_g
tennis_data_uk,atp,2021,7,Open Sud de France,Montpellier,2021-02-23,atp_250,indoor,hard,R32,3,Gerasimov E.,Murray A.,83,121,854,595,2,0,7,6,6,1,,,,,,,completed,2.62,1.44,2.75,1.5,2.75,1.57,2.53,1.51,2021_7_montpellier_open_sud_de_france,2021_7_montpellier_open_sud_de_france_2021-02-23_gerasimov_e_murray_a
tennis_data_uk,atp,2021,7,Open Sud de France,Montpellier,2021-02-24,atp_250,indoor,hard,R32,3,Davidovich Fokina A.,Zapata Miralles B.,56,146,1078,484,2,1,7,6,5,7,6,2,,,,,completed,1.57,2.25,1.66,2.35,1.69,2.59,1.63,2.27,2021_7_montpellier_open_sud_de_france,2021_7_montpellier_open_sud_de_france_2021-02-24_davidovich_fokina_a_zapata_miralles_b
tennis_data_uk,atp,2021,7,Open Sud de France,Montpellier,2021-02-24,atp_250,indoor,hard,R32,3,Bedene A.,Sinner J.,60,34,1065,1694,2,1,3,6,6,2,7,6,,,,,completed,4.5,1.18,5.2,1.19,5.2,1.25,4.53,1.2,2021_7_montpellier_open_sud_de_france,2021_7_montpellier_open_sud_de_france_2021-02-24_bedene_a_sinner_j
tennis_data_uk,atp,2021,7,Open Sud de France,Montpellier,2021-02-24,atp_250,indoor,hard,R32,3,Barrere G.,Basilashvili N.,113,40,655,1405,2,0,6,4,6,4,,,,,,,completed,1.53,2.37,1.64,2.39,1.71,2.9,1.56,2.43,2021_7_montpellier_open_sud_de_france,2021_7_montpellier_open_sud_de_france_2021-02-24_barrere_g_basilashvili_n
tennis_data_uk,atp,2021,7,Open Sud de France,Montpellier,2021-02-24,atp_250,indoor,hard,R16,3,Sonego L.,Korda S.,36,92,1623,810,2,0,6,3,6,2,,,,,,,completed,2.37,1.53,2.41,1.64,2.6,1.64,2.39,1.57,2021_7_montpellier_open_sud_de_france,2021_7_montpellier_open_sud_de_france_2021-02-24_sonego_l_korda_s
tennis_data_uk,atp,2021,7,Open Sud de France,Montpellier,2021-02-24,atp_250,indoor,hard,R16,3,Humbert U.,Griekspoor T.,32,160,1706,440,2,1,6,7,7,6,7,6,,,,,completed,1.22,4.0,1.2,5.09,1.25,5.09,1.22,4.25,2021_7_montpellier_open_sud_de_france,2021_7_montpellier_open_sud_de_france_2021-02-24_humbert_u_griekspoor_t
tennis_data_uk,atp,2021,7,Open Sud de France,Montpellier,2021-02-24,atp_250,indoor,hard,R16,3,Goffin D.,Bonzi B.,15,125,2600,573,2,1,4,6,6,4,7,5,,,,,completed,1.53,2.37,1.65,2.4,1.65,2.5,1.59,2.35,2021_7_montpellier_open_sud_de_france,2021_7_montpellier_open_sud_de_france_2021-02-24_goffin_d_bonzi_b
tennis_data_uk,atp,2021,7,Open Sud de France,Montpellier,2021-02-25,atp_250,indoor,hard,R16,3,Gerasimov E.,Bedene A.,83,60,854,1065,2,0,6,4,7,6,,,,,,,completed,2.0,1.72,2.14,1.79,2.2,1.83,2.06,1.75,2021_7_montpellier_open_sud_de_france,2021_7_montpellier_open_sud_de_france_2021-02-25_gerasimov_e_bedene_a
tennis_data_uk,atp,2021,7,Open Sud de France,Montpellier,2021-02-25,atp_250,indoor,hard,R16,3,Gojowczyk P.,Vesely J.,144,69,491,988,2,1,6,7,7,6,6,3,,,,,completed,2.62,1.44,2.53,1.59,2.71,1.61,2.5,1.52,2021_7_montpellier_open_sud_de_france,2021_7_montpellier_open_sud_de_france_2021-02-25_gojowczyk_p_vesely_j
tennis_data_uk,atp,2021,7,Open Sud de France,Montpellier,2021-02-25,atp_250,indoor,hard,R16,3,Davidovich Fokina A.,Hurkacz H.,56,30,1078,1735,2,0,7,5,6,2,,,,,,,completed,2.2,1.61,2.32,1.68,2.32,1.74,2.22,1.65,2021_7_montpellier_open_sud_de_france,2021_7_montpellier_open_sud_de_france_2021-02-25_davidovich_fokina_a_hurkacz_h
tennis_data_uk,atp,2021,7,Open Sud de France,Montpellier,2021-02-25,atp_250,indoor,hard,R16,3,Novak D.,Lajovic D.,102,27,752,1875,2,0,7,6,7,5,,,,,,,completed,1.83,1.83,2.1,1.82,2.5,1.95,1.99,1.82,2021_7_montpellier_open_sud_de_france,2021_7_montpellier_open_sud_de_france_2021-02-25_novak_d_lajovic_d
tennis_data_uk,atp,2021,7,Open Sud de France,Montpellier,2021-02-25,atp_250,indoor,hard,R16,3,Bautista Agut R.,Barrere G.,13,113,2710,655,2,0,6,0,6,3,,,,,,,completed,1.28,3.5,1.38,3.34,1.38,3.85,1.32,3.35,2021_7_montpellier_open_sud_de_france,2021_7_montpellier_open_sud_de_france_2021-02-25_bautista_agut_r_barrere_g
tennis_data_uk,atp,2021,7,Open Sud de France,Montpellier,2021-02-26,atp_250,indoor,hard,QF,3,Goffin D.,Sonego L.,15,36,2600,1623,2,0,6,4,6,4,,,,,,,completed,2.1,1.72,1.96,1.94,2.25,1.94,2.05,1.77,2021_7_montpellier_open_sud_de_france,2021_7_montpellier_open_sud_de_france_2021-02-26_goffin_d_sonego_l
tennis_data_uk,atp,2021,7,Open Sud de France,Montpellier,2021-02-26,atp_250,indoor,hard,QF,3,Gerasimov E.,Davidovich Fokina A.,83,56,854,1078,2,1,4,6,6,4,7,5,,,,,completed,2.0,1.8,2.13,1.8,2.2,1.95,2.04,1.77,2021_7_montpellier_open_sud_de_france,2021_7_montpellier_open_sud_de_france_2021-02-26_gerasimov_e_davidovich_fokina_a
tennis_data_uk,atp,2021,7,Open Sud de France,Montpellier,2021-02-26,atp_250,indoor,hard,QF,3,Gojowczyk P.,Novak D.,144,102,491,752,2,0,6,4,6,1,,,,,,,completed,2.0,1.8,2.05,1.86,2.2,1.89,1.98,1.82,2021_7_montpellier_open_sud_de_france,2021_7_montpellier_open_sud_de_france_2021-02-26_gojowczyk_p_novak_d
tennis_data_uk,atp,2021,7,Open Sud de France,Montpellier,2021-02-26,atp_250,indoor,hard,QF,3,Bautista Agut R.,Humbert U.,13,32,2710,1706,2,0,6,3,6,3,,,,,,,completed,1.8,2.0,1.88,2.02,1.88,2.17,1.79,2.01,2021_7_montpellier_open_sud_de_france,2021_7_montpellier_open_sud_de_france_2021-02-26_bautista_agut_r_humbert_u
tennis_data_uk,atp,2021,7,Open Sud de France,Montpellier,2021-02-27,atp_250,indoor,hard,SF,3,Goffin D.,Gerasimov E.,15,83,2600,854,2,1,6,4,2,6,6,4,,,,,completed,1.5,2.62,1.54,2.66,1.56,2.7,1.51,2.58,2021_7_montpellier_open_sud_de_france,2021_7_montpellier_open_sud_de_france_2021-02-27_goffin_d_gerasimov_e
tennis_data_uk,atp,2021,7,Open Sud de France,Montpellier,2021-02-27,atp_250,indoor,hard,SF,3,Bautista Agut R.,Gojowczyk P.,13,144,2710,491,2,0,7,5,6,1,,,,,,,completed,1.2,4.5,1.19,5.4,1.2,5.75,1.16,5.17,2021_7_montpellier_open_sud_de_france,2021_7_montpellier_open_sud_de_france_2021-02-27_bautista_agut_r_gojowczyk_p
tennis_data_uk,atp,2021,7,Open Sud de France,Montpellier,2021-02-28,atp_250,indoor,hard,F,3,Goffin D.,Bautista Agut R.,15,13,2600,2710,2,1,5,7,6,4,6,2,,,,,completed,3.0,1.4,2.95,1.46,3.15,1.46,2.9,1.41,2021_7_montpellier_open_sud_de_france,2021_7_montpellier_open_sud_de_france_2021-02-28_goffin_d_bautista_agut_r
tennis_data_uk,atp,2021,8,Singapore Open,Singapore,2021-02-22,atp_250,indoor,hard,R32,3,Daniel T.,Ramanathan R.,120,200,602,352,2,1,6,3,6,7,6,3,,,,,completed,1.4,2.75,1.46,2.9,1.48,3.0,1.44,2.78,2021_8_singapore_singapore_open,2021_8_singapore_singapore_open_2021-02-22_daniel_t_ramanathan_r
tennis_data_uk,atp,2021,8,Singapore Open,Singapore,2021-02-22,atp_250,indoor,hard,R32,3,Cressy M.,Jung J.,156,143,454,500,2,0,7,6,6,2,,,,,,,completed,1.44,2.62,1.51,2.72,1.57,2.9,1.48,2.63,2021_8_singapore_singapore_open,2021_8_singapore_singapore_open_2021-02-22_cressy_m_jung_j
tennis_data_uk,atp,2021,8,Singapore Open,Singapore,2021-02-22,atp_250,indoor,hard,R32,3,Andreev A.,Harris L.,423,82,94,873,2,1,1,6,6,3,6,4,,,,,completed,4.33,1.2,4.43,1.25,5.25,1.25,4.59,1.19,2021_8_singapore_singapore_open,2021_8_singapore_singapore_open_2021-02-22_andreev_a_harris_l
tennis_data_uk,atp,2021,8,Singapore Open,Singapore,2021-02-22,atp_250,indoor,hard,R32,3,Popyrin A.,Eubanks C.,114,240,643,247,2,0,7,6,7,6,,,,,,,completed,1.5,2.5,1.53,2.67,1.54,2.76,1.51,2.55,2021_8_singapore_singapore_open,2021_8_singapore_singapore_open_2021-02-22_popyrin_a_eubanks_c
tennis_data_uk,atp,2021,8,Singapore Open,Singapore,2021-02-22,atp_250,indoor,hard,R32,3,Nishioka Y.,Mmoh M.,61,178,1062,393,2,1,6,2,3,6,6,3,,,,,completed,1.61,2.2,1.74,2.2,1.74,2.35,1.66,2.22,2021_8_singapore_singapore_open,2021_8_singapore_singapore_open_2021-02-22_nishioka_y_mmoh_m
tennis_data_uk,atp,2021,8,Singapore Open,Singapore,2021-02-23,atp_250,indoor,hard,R32,3,Uchiyama Y.,Polmans M.,109,129,701,546,2,1,6,4,2,6,6,4,,,,,completed,1.66,2.1,1.74,2.2,1.82,2.25,1.7,2.15,2021_8_singapore_singapore_open,2021_8_singapore_singapore_open_2021-02-23_uchiyama_y_polmans_m
tennis_data_uk,atp,2021,8,Singapore Open,Singapore,2021-02-23,atp_250,indoor,hard,R32,3,Albot R.,Smith J.P.,76,306,907,159,2,1,6,2,3,6,6,1,,,,,completed,1.36,3.0,1.49,2.81,1.5,3.6,1.39,3.01,2021_8_singapore_singapore_open,2021_8_singapore_singapore_open_2021-02-23_albot_r_smith_j_p
tennis_data_uk,atp,2021,8,Singapore Open,Singapore,2021-02-23,atp_250,indoor,hard,R32,3,Hanfmann Y.,Duckworth J.,105,100,738,756,2,0,6,2,6,4,,,,,,,completed,2.2,1.61,2.27,1.7,2.45,1.7,2.28,1.62,2021_8_singapore_singapore_open,2021_8_singapore_singapore_open_2021-02-23_hanfmann_y_duckworth_j
tennis_data_uk,atp,2021,8,Singapore Open,Singapore,2021-02-23,atp_250,indoor,hard,R32,3,Celikbilek A.,Mochizuki S.,302,639,167,39,2,0,6,0,6,4,,,,,,,completed,1.33,3.25,1.36,3.4,1.34,3.8,1.31,3.45,2021_8_singapore_singapore_open,2021_8_singapore_singapore_open_2021-02-23_celikbilek_a_mochizuki_s
tennis_data_uk,atp,2021,8,Singapore Open,Singapore,2021-02-24,atp_250,indoor,hard,R32,3,Kwon S.W.,Kwiatkowski T.S.,81,219,877,285,2,1,4,6,6,3,6,4,,,,,completed,1.36,3.0,1.36,3.37,1.44,3.37,1.39,2.98,2021_8_singapore_singapore_open,2021_8_singapore_singapore_open_2021-02-24_kwon_s_w_kwiatkowski_t_s
tennis_data_uk,atp,2021,8,Singapore Open,Singapore,2021-02-24,atp_250,indoor,hard,R32,3,Marcora R.,Gulbis E.,191,186,362,376,2,0,7,5,6,4,,,,,,,completed,1.83,1.83,1.98,1.91,2.13,1.95,1.95,1.85,2021_8_singapore_singapore_open,2021_8_singapore_singapore_open_2021-02-24_marcora_r_gulbis_e
tennis_data_uk,atp,2021,8,Singapore Open,Singapore,2021-02-24,atp_250,indoor,hard,R32,3,Ebden M.,Bhambri Y.,316,,151,,2,0,6,3,7,6,,,,,,,completed,1.25,3.75,1.38,3.28,1.38,3.75,1.33,3.28,2021_8_singapore_singapore_open,2021_8_singapore_singapore_open_2021-02-24_ebden_m_bhambri_y
tennis_data_uk,atp,2021,8,Singapore Open,Singapore,2021-02-24,atp_250,indoor,hard,R16,3,Cilic M.,Daniel T.,44,120,1325,602,2,0,7,5,6,4,,,,,,,completed,1.33,3.25,1.32,3.76,1.33,3.8,1.3,3.53,2021_8_singapore_singapore_open,2021_8_singapore_singapore_open_2021-02-24_cilic_m_daniel_t
tennis_data_uk,atp,2021,8,Singapore Open,Singapore,2021-02-24,atp_250,indoor,hard,R16,3,Nishioka Y.,Cressy M.,61,156,1062,454,2,0,6,4,6,2,,,,,,,completed,1.72,2.0,1.74,2.22,1.8,2.25,1.69,2.16,2021_8_singapore_singapore_open,2021_8_singapore_singapore_open_2021-02-24_nishioka_y_cressy_m
tennis_data_uk,atp,2021,8,Singapore Open,Singapore,2021-02-24,atp_250,indoor,hard,R16,3,Bublik A.,Celikbilek A.,46,302,1255,167,2,0,6,2,6,2,,,,,,,completed,1.2,4.33,1.24,4.6,1.26,4.65,1.22,4.27,2021_8_singapore_singapore_open,2021_8_singapore_singapore_open_2021-02-24_bublik_a_celikbilek_a
tennis_data_uk,atp,2021,8,Singapore Open,Singapore,2021-02-24,atp_250,indoor,hard,R16,3,Popyrin A.,Andreev A.,114,423,643,94,2,1,6,1,5,7,6,3,,,,,completed,1.22,4.0,1.27,4.17,1.32,4.25,1.25,3.88,2021_8_singapore_singapore_open,2021_8_singapore_singapore_open_2021-02-24_popyrin_a_andreev_a
tennis_data_uk,atp,2021,8,Singapore Open,Singapore,2021-02-25,atp_250,indoor,hard,R16,3,Albot R.,Hanfmann Y.,76,105,907,738,2,1,6,7,7,6,6,3,,,,,completed,1.66,2.1,1.73,2.24,1.74,2.3,1.69,2.16,2021_8_singapore_singapore_open,2021_8_singapore_singapore_open_2021-02-25_albot_r_hanfmann_y
tennis_data_uk,atp,2021,8,Singapore Open,Singapore,2021-02-25,atp_250,indoor,hard,R16,3,Ebden M.,Millman J.,316,39,151,1421,2,0,6,4,6,1,,,,,,,completed,3.75,1.25,4.26,1.27,4.55,1.27,4.02,1.24,2021_8_singapore_singapore_open,2021_8_singapore_singapore_open_2021-02-25_ebden_m_millman_j
tennis_data_uk,atp,2021,8,Singapore Open,Singapore,2021-02-25,atp_250,indoor,hard,R16,3,Mannarino A.,Marcora R.,35,191,1641,362,2,0,6,3,7,5,,,,,,,completed,1.18,4.5,1.23,4.77,1.25,5.3,1.2,4.53,2021_8_singapore_singapore_open,2021_8_singapore_singapore_open_2021-02-25_mannarino_a_marcora_r
tennis_data_uk,atp,2021,8,Singapore Open,Singapore,2021-02-25,atp_250,indoor,hard,R16,3,Kwon S.W.,Uchiyama Y.,81,109,877,701,2,0,6,3,6,4,,,,,,,completed,1.4,2.75,1.41,3.17,1.5,3.17,1.43,2.82,2021_8_singapore_singapore_open,2021_8_singapore_singapore_open_2021-02-25_kwon_s_w_uchiyama_y
tennis_data_uk,atp,2021,8,Singapore Open,Singapore,2021-02-26,atp_250,indoor,hard,QF,3,Popyrin A.,Ebden M.,114,316,643,151,2,0,6,4,7,6,,,,,,,completed,1.5,2.62,1.53,2.68,1.56,2.75,1.5,2.59,2021_8_singapore_singapore_open,2021_8_singapore_singapore_open_2021-02-26_popyrin_a_ebden_m
tennis_data_uk,atp,2021,8,Singapore Open,Singapore,2021-02-26,atp_250,indoor,hard,QF,3,Albot R.,Mannarino A.,76,35,907,1641,2,0,6,3,6,4,,,,,,,completed,2.75,1.44,3.06,1.43,3.06,1.48,2.83,1.42,2021_8_singapore_singapore_open,2021_8_singapore_singapore_open_2021-02-26_albot_r_mannarino_a
tennis_data_uk,atp,2021,8,Singapore Open,Singapore,2021-02-26,atp_250,indoor,hard,QF,3,Cilic M.,Kwon S.W.,44,81,1325,877,2,1,6,2,2,6,7,5,,,,,completed,1.8,2.0,1.88,2.04,1.94,2.1,1.83,1.98,2021_8_singapore_singapore_open,2021_8_singapore_singapore_open_2021-02-26_cilic_m_kwon_s_w
tennis_data_uk,atp,2021,8,Singapore Open,Singapore,2021-02-26,atp_250,indoor,hard,QF,3,Bublik A.,Nishioka Y.,46,61,1255,1062,2,0,6,3,6,2,,,,,,,completed,1.72,2.1,1.71,2.27,2.05,2.32,1.72,2.13,2021_8_singapore_singapore_open,2021_8_singapore_singapore_open_2021-02-26_bublik_a_nishioka_y
tennis_data_uk,atp,2021,8,Singapore Open,Singapore,2021-02-27,atp_250,indoor,hard,SF,3,Popyrin A.,Cilic M.,114,44,643,1325,2,0,7,6,7,6,,,,,,,completed,2.37,1.57,2.4,1.65,2.55,1.67,2.36,1.59,2021_8_singapore_singapore_open,2021_8_singapore_singapore_open_2021-02-27_popyrin_a_cilic_m
tennis_data_uk,atp,2021,8,Singapore Open,Singapore,2021-02-27,atp_250,indoor,hard,SF,3,Bublik A.,Albot R.,46,76,1255,907,2,1,2,6,6,3,6,4,,,,,completed,1.44,2.75,1.46,2.95,1.48,3.0,1.44,2.77,2021_8_singapore_singapore_open,2021_8_singapore_singapore_open_2021-02-27_bublik_a_albot_r
tennis_data_uk,atp,2021,8,Singapore Open,Singapore,2021-02-28,atp_250,indoor,hard,F,3,Popyrin A.,Bublik A.,114,46,643,1255,2,1,4,6,6,0,6,2,,,,,completed,2.3,1.61,2.37,1.66,2.45,1.73,2.31,1.62,2021_8_singapore_singapore_open,2021_8_singapore_singapore_open_2021-02-28_popyrin_a_bublik_a
tennis_data_uk,atp,2021,9,Argentina Open,Buenos Aires,2021-03-01,atp_250,outdoor,clay,R32,3,Djere L.,Cecchinato M.,60,89,1068,838,2,1,6,7,6,2,6,3,,,,,completed,2.0,1.8,2.1,1.81,2.2,1.83,2.07,1.75,2021_9_buenos_aires_argentina_open,2021_9_buenos_aires_argentina_open_2021-03-01_djere_l_cecchinato_m
tennis_data_uk,atp,2021,9,Argentina Open,Buenos Aires,2021-03-01,atp_250,outdoor,clay,R32,3,Koepfer D.,Tirante T.A.,71,386,966,111,2,1,2,6,6,3,6,4,,,,,completed,1.61,2.3,1.68,2.3,1.71,2.47,1.64,2.24,2021_9_buenos_aires_argentina_open,2021_9_buenos_aires_argentina_open_2021-03-01_koepfer_d_tirante_t_a
tennis_data_uk,atp,2021,9,Argentina Open,Buenos Aires,2021-03-01,atp_250,outdoor,clay,R32,3,Andujar P.,Londero J.I.,57,90,1079,832,2,0,6,3,6,0,,,,,,,completed,1.8,2.0,1.83,2.07,2.05,2.07,1.86,1.94,2021_9_buenos_aires_argentina_open,2021_9_buenos_aires_argentina_open_2021-03-01_andujar_p_londero_j_i
tennis_data_uk,atp,2021,9,Argentina Open,Buenos Aires,2021-03-01,atp_250,outdoor,clay,R32,3,Monteiro T.,Carballes Baena R.,74,97,954,786,2,0,6,2,6,3,,,,,,,completed,1.44,2.75,1.5,2.77,1.54,2.86,1.47,2.66,2021_9_buenos_aires_argentina_open,2021_9_buenos_aires_argentina_open_2021-03-01_monteiro_t_carballes_baena_r
tennis_data_uk,atp,2021,9,Argentina Open,Buenos Aires,2021-03-02,atp_250,outdoor,clay,R32,3,Klein L.,Martin A.,291,103,186,753,2,0,6,4,6,3,,,,,,,completed,1.66,2.2,1.71,2.24,1.71,2.5,1.64,2.24,2021_9_buenos_aires_argentina_open,2021_9_buenos_aires_argentina_open_2021-03-02_klein_l_martin_a
tennis_data_uk,atp,2021,9,Argentina Open,Buenos Aires,2021-03-02,atp_250,outdoor,clay,R32,3,Mager G.,Caruso S.,101,79,770,898,2,0,7,6,6,4,,,,,,,completed,2.0,1.8,2.09,1.81,2.3,1.91,2.03,1.77,2021_9_buenos_aires_argentina_open,2021_9_buenos_aires_argentina_open_2021-03-02_mager_g_caruso_s
tennis_data_uk,atp,2021,9,Argentina Open,Buenos Aires,2021-03-02,atp_250,outdoor,clay,R32,3,Nagal S.,Sousa J.,150,100,480,782,2,0,6,2,6,0,,,,,,,completed,1.4,3.0,1.47,2.85,1.5,3.0,1.44,2.76,2021_9_buenos_aires_argentina_open,2021_9_buenos_aires_argentina_open_2021-03-02_nagal_s_sousa_j
tennis_data_uk,atp,2021,9,Argentina Open,Buenos Aires,2021-03-02,atp_250,outdoor,clay,R32,3,Munar J.,Diaz Acosta F.,106,397,745,106,2,0,7,6,6,3,,,,,,,completed,1.12,6.0,1.15,6.22,1.18,7.0,1.13,5.9,2021_9_buenos_aires_argentina_open,2021_9_buenos_aires_argentina_open_2021-03-02_munar_j_diaz_acosta_f
tennis_data_uk,atp,2021,9,Argentina Open,Buenos Aires,2021-03-02,atp_250,outdoor,clay,R32,3,Cerundolo F.,Coria F.,137,85,532,870,2,0,6,4,7,5,,,,,,,completed,1.61,2.3,1.58,2.52,1.67,2.52,1.63,2.27,2021_9_buenos_aires_argentina_open,2021_9_buenos_aires_argentina_open_2021-03-02_cerundolo_f_coria_f
tennis_data_uk,atp,2021,9,Argentina Open,Buenos Aires,2021-03-02,atp_250,outdoor,clay,R32,3,Ramos-Vinolas A.,Rune H.,46,406,1315,102,2,1,2,6,6,4,6,3,,,,,completed,1.4,3.0,1.45,2.95,1.5,3.2,1.4,2.92,2021_9_buenos_aires_argentina_open,2021_9_buenos_aires_argentina_open_2021-03-02_ramos_vinolas_a_rune_h
tennis_data_uk,atp,2021,9,Argentina Open,Buenos Aires,2021-03-02,atp_250,outdoor,clay,R32,3,Tiafoe F.,Bagnis F.,62,115,1040,633,2,0,6,1,6,3,,,,,,,completed,1.8,2.0,1.83,2.07,1.87,2.23,1.75,2.07,2021_9_buenos_aires_argentina_open,2021_9_buenos_aires_argentina_open_2021-03-02_tiafoe_f_bagnis_f
tennis_data_uk,atp,2021,9,Argentina Open,Buenos Aires,2021-03-02,atp_250,outdoor,clay,R32,3,Delbonis F.,Cerundolo J.M.,86,181,851,392,2,0,6,4,7,6,,,,,,,completed,1.57,2.37,1.62,2.43,1.77,2.81,1.6,2.34,2021_9_buenos_aires_argentina_open,2021_9_buenos_aires_argentina_open_2021-03-02_delbonis_f_cerundolo_j_m
tennis_data_uk,atp,2021,9,Argentina Open,Buenos Aires,2021-03-03,atp_250,outdoor,clay,R16,3,Kecmanovic M.,Monteiro T.,42,74,1388,954,2,1,5,7,6,3,6,4,,,,,completed,2.5,1.53,2.75,1.51,2.75,1.58,2.55,1.51,2021_9_buenos_aires_argentina_open,2021_9_buenos_aires_argentina_open_2021-03-03_kecmanovic_m_monteiro_t
tennis_data_uk,atp,2021,9,Argentina Open,Buenos Aires,2021-03-03,atp_250,outdoor,clay,R16,3,Ramos-Vinolas A.,Koepfer D.,46,71,1315,966,2,0,7,5,6,4,,,,,,,completed,2.1,1.72,1.97,1.93,2.1,2.0,1.97,1.82,2021_9_buenos_aires_argentina_open,2021_9_buenos_aires_argentina_open_2021-03-03_ramos_vinolas_a_koepfer_d
tennis_data_uk,atp,2021,9,Argentina Open,Buenos Aires,2021-03-03,atp_250,outdoor,clay,R16,3,Djere L.,Delbonis F.,60,86,1068,851,2,0,7,6,6,3,,,,,,,completed,1.66,2.2,1.67,2.35,1.72,2.5,1.62,2.28,2021_9_buenos_aires_argentina_open,2021_9_buenos_aires_argentina_open_2021-03-03_djere_l_delbonis_f
tennis_data_uk,atp,2021,9,Argentina Open,Buenos Aires,2021-03-03,atp_250,outdoor,clay,R16,3,Nagal S.,Garin C.,150,22,480,2180,2,0,6,4,6,3,,,,,,,completed,2.75,1.44,2.92,1.47,2.92,1.53,2.77,1.44,2021_9_buenos_aires_argentina_open,2021_9_buenos_aires_argentina_open_2021-03-03_nagal_s_garin_c
tennis_data_uk,atp,2021,9,Argentina Open,Buenos Aires,2021-03-04,atp_250,outdoor,clay,R16,3,Andujar P.,Mager G.,57,101,1079,770,2,0,6,4,7,6,,,,,,,completed,1.53,2.5,1.55,2.63,1.58,2.66,1.53,2.49,2021_9_buenos_aires_argentina_open,2021_9_buenos_aires_argentina_open_2021-03-04_andujar_p_mager_g
tennis_data_uk,atp,2021,9,Argentina Open,Buenos Aires,2021-03-04,atp_250,outdoor,clay,R16,3,Cerundolo F.,Paire B.,137,29,532,1738,2,1,4,6,6,3,6,1,,,,,completed,1.33,3.4,1.3,3.95,1.4,3.95,1.33,3.3,2021_9_buenos_aires_argentina_open,2021_9_buenos_aires_argentina_open_2021-03-04_cerundolo_f_paire_b
tennis_data_uk,atp,2021,9,Argentina Open,Buenos Aires,2021-03-04,atp_250,outdoor,clay,R16,3,Munar J.,Tiafoe F.,106,62,745,1040,2,0,7,6,6,4,,,,,,,completed,1.9,1.9,1.92,1.98,2.08,2.06,1.87,1.92,2021_9_buenos_aires_argentina_open,2021_9_buenos_aires_argentina_open_2021-03-04_munar_j_tiafoe_f
tennis_data_uk,atp,2021,9,Argentina Open,Buenos Aires,2021-03-04,atp_250,outdoor,clay,R16,3,Schwartzman D.,Klein L.,9,291,3480,186,2,0,6,4,6,2,,,,,,,completed,1.16,5.0,1.17,5.92,1.18,8.1,1.14,5.63,2021_9_buenos_aires_argentina_open,2021_9_buenos_aires_argentina_open_2021-03-04_schwartzman_d_klein_l
tennis_data_uk,atp,2021,9,Argentina Open,Buenos Aires,2021-03-05,atp_250,outdoor,clay,QF,3,Ramos-Vinolas A.,Nagal S.,46,150,1315,480,2,1,4,6,6,2,7,5,,,,,completed,1.61,2.3,1.67,2.36,1.71,2.56,1.61,2.3,2021_9_buenos_aires_argentina_open,2021_9_buenos_aires_argentina_open_2021-03-05_ramos_vinolas_a_nagal_s
tennis_data_uk,atp,2021,9,Argentina Open,Buenos Aires,2021-03-05,atp_250,outdoor,clay,QF,3,Cerundolo F.,Andujar P.,137,57,532,1079,2,1,1,6,6,3,6,2,,,,,completed,1.8,2.0,1.85,2.06,1.99,2.26,1.88,1.92,2021_9_buenos_aires_argentina_open,2021_9_buenos_aires_argentina_open_2021-03-05_cerundolo_f_andujar_p
tennis_data_uk,atp,2021,9,Argentina Open,Buenos Aires,2021-03-05,atp_250,outdoor,clay,QF,3,Kecmanovic M.,Djere L.,42,60,1388,1068,2,0,6,4,7,6,,,,,,,completed,2.2,1.66,2.25,1.72,2.25,1.81,2.11,1.72,2021_9_buenos_aires_argentina_open,2021_9_buenos_aires_argentina_open_2021-03-05_kecmanovic_m_djere_l
tennis_data_uk,atp,2021,9,Argentina Open,Buenos Aires,2021-03-05,atp_250,outdoor,clay,QF,3,Schwartzman D.,Munar J.,9,106,3480,745,2,0,6,2,7,5,,,,,,,completed,1.33,3.4,1.34,3.63,1.38,3.63,1.32,3.37,2021_9_buenos_aires_argentina_open,2021_9_buenos_aires_argentina_open_2021-03-05_schwartzman_d_munar_j
tennis_data_uk,atp,2021,9,Argentina Open,Buenos Aires,2021-03-06,atp_250,outdoor,clay,SF,3,Cerundolo F.,Ramos-Vinolas A.,137,46,532,1315,2,1,7,6,3,6,6,2,,,,,completed,1.61,2.3,1.76,2.19,1.76,2.4,1.67,2.21,2021_9_buenos_aires_argentina_open,2021_9_buenos_aires_argentina_open_2021-03-06_cerundolo_f_ramos_vinolas_a
tennis_data_uk,atp,2021,9,Argentina Open,Buenos Aires,2021-03-06,atp_250,outdoor,clay,SF,3,Schwartzman D.,Kecmanovic M.,9,42,3480,1388,2,0,6,0,6,4,,,,,,,completed,1.25,4.0,1.23,4.77,1.26,4.77,1.23,4.13,2021_9_buenos_aires_argentina_open,2021_9_buenos_aires_argentina_open_2021-03-06_schwartzman_d_kecmanovic_m
tennis_data_uk,atp,2021,9,Argentina Open,Buenos Aires,2021-03-07,atp_250,outdoor,clay,F,3,Schwartzman D.,Cerundolo F.,9,137,3480,532,2,0,6,1,6,2,,,,,,,completed,1.2,4.5,1.18,5.65,1.21,6.75,1.16,5.28,2021_9_buenos_aires_argentina_open,2021_9_buenos_aires_argentina_open_2021-03-07_schwartzman_d_cerundolo_f
tennis_data_uk,atp,2021,10,ABN AMRO World Tennis Tournament,Rotterdam,2021-03-01,atp_500,indoor,hard,R32,3,Norrie C.,Basilashvili N.,65,40,1015,1405,2,0,6,0,6,3,,,,,,,completed,1.18,4.5,1.18,5.47,1.24,5.75,1.18,4.88,2021_10_rotterdam_abn_amro_world_tennis_tournament,2021_10_rotterdam_abn_amro_world_tennis_tournament_2021-03-01_norrie_c_basilashvili_n
tennis_data_uk,atp,2021,10,ABN AMRO World Tennis Tournament,Rotterdam,2021-03-01,atp_500,indoor,hard,R32,3,Nishikori K.,Auger-Aliassime F.,45,19,1355,2516,2,0,7,6,6,1,,,,,,,completed,3.4,1.33,3.35,1.37,3.47,1.4,3.14,1.35,2021_10_rotterdam_abn_amro_world_tennis_tournament,2021_10_rotterdam_abn_amro_world_tennis_tournament_2021-03-01_nishikori_k_auger_aliassime_f
tennis_data_uk,atp,2021,10,ABN AMRO World Tennis Tournament,Rotterdam,2021-03-01,atp_500,indoor,hard,R32,3,Murray A.,Haase R.,123,193,595,366,2,1,2,6,7,6,6,3,,,,,completed,1.44,2.75,1.39,3.21,1.45,3.25,1.4,2.93,2021_10_rotterdam_abn_amro_world_tennis_tournament,2021_10_rotterdam_abn_amro_world_tennis_tournament_2021-03-01_murray_a_haase_r
tennis_data_uk,atp,2021,10,ABN AMRO World Tennis Tournament,Rotterdam,2021-03-01,atp_500,indoor,hard,R32,3,Fucsovics M.,Opelka R.,59,38,1072,1457,2,1,7,6,6,7,7,6,,,,,completed,1.61,2.3,1.6,2.48,1.73,2.5,1.62,2.28,2021_10_rotterdam_abn_amro_world_tennis_tournament,2021_10_rotterdam_abn_amro_world_tennis_tournament_2021-03-01_fucsovics_m_opelka_r
tennis_data_uk,atp,2021,10,ABN AMRO World Tennis Tournament,Rotterdam,2021-03-02,atp_500,indoor,hard,R32,3,De Minaur A.,Millman J.,23,39,2155,1421,2,0,6,1,6,4,,,,,,,completed,1.16,5.0,1.24,4.55,1.25,5.3,1.2,4.53,2021_10_rotterdam_abn_amro_world_tennis_tournament,2021_10_rotterdam_abn_amro_world_tennis_tournament_2021-03-02_de_minaur_a_millman_j
tennis_data_uk,atp,2021,10,ABN AMRO World Tennis Tournament,Rotterdam,2021-03-02,atp_500,indoor,hard,R32,3,Rublev A.,Giron M.,8,80,4609,889,2,0,7,6,6,3,,,,,,,completed,1.12,6.0,1.13,7.09,1.13,9.0,1.1,7.01,2021_10_rotterdam_abn_amro_world_tennis_tournament,2021_10_rotterdam_abn_amro_world_tennis_tournament_2021-03-02_rublev_a_giron_m
tennis_data_uk,atp,2021,10,ABN AMRO World Tennis Tournament,Rotterdam,2021-03-02,atp_500,indoor,hard,R32,3,Hurkacz H.,Mannarino A.,30,36,1735,1641,2,0,6,3,7,6,,,,,,,completed,1.8,2.0,1.83,2.07,1.95,2.19,1.8,2.01,2021_10_rotterdam_abn_amro_world_tennis_tournament,2021_10_rotterdam_abn_amro_world_tennis_tournament_2021-03-02_hurkacz_h_mannarino_a
tennis_data_uk,atp,2021,10,ABN AMRO World Tennis Tournament,Rotterdam,2021-03-02,atp_500,indoor,hard,R32,3,Khachanov K.,Wawrinka S.,21,20,2290,2365,2,0,6,4,7,5,,,,,,,completed,1.8,2.0,1.84,2.06,1.9,2.1,1.81,1.99,2021_10_rotterdam_abn_amro_world_tennis_tournament,2021_10_rotterdam_abn_amro_world_tennis_tournament_2021-03-02_khachanov_k_wawrinka_s
tennis_data_uk,atp,2021,10,ABN AMRO World Tennis Tournament,Rotterdam,2021-03-02,atp_500,indoor,hard,R32,3,Chardy J.,Humbert U.,64,31,1020,1726,2,1,4,6,7,6,7,6,,,,,completed,2.75,1.44,2.65,1.53,2.81,1.56,2.62,1.49,2021_10_rotterdam_abn_amro_world_tennis_tournament,2021_10_rotterdam_abn_amro_world_tennis_tournament_2021-03-02_chardy_j_humbert_u
tennis_data_uk,atp,2021,10,ABN AMRO World Tennis Tournament,Rotterdam,2021-03-02,atp_500,indoor,hard,R32,3,Tsitsipas S.,Gerasimov E.,6,76,6595,936,2,0,7,6,7,5,,,,,,,completed,1.2,4.5,1.19,5.32,1.22,5.75,1.18,4.88,2021_10_rotterdam_abn_amro_world_tennis_tournament,2021_10_rotterdam_abn_amro_world_tennis_tournament_2021-03-02_tsitsipas_s_gerasimov_e
tennis_data_uk,atp,2021,10,ABN AMRO World Tennis Tournament,Rotterdam,2021-03-02,atp_500,indoor,hard,R32,3,Coric B.,Van De Zandschulp B.,26,147,1890,489,2,0,6,4,7,6,,,,,,,completed,1.33,3.4,1.42,3.1,1.43,3.45,1.35,3.15,2021_10_rotterdam_abn_amro_world_tennis_tournament,2021_10_rotterdam_abn_amro_world_tennis_tournament_2021-03-02_coric_b_van_de_zandschulp_b
tennis_data_uk,atp,2021,10,ABN AMRO World Tennis Tournament,Rotterdam,2021-03-03,atp_500,indoor,hard,R32,3,Bublik A.,Zverev A.,43,7,1385,5615,2,0,7,5,6,3,,,,,,,completed,5.0,1.16,5.53,1.18,5.75,1.19,5.08,1.16,2021_10_rotterdam_abn_amro_world_tennis_tournament,2021_10_rotterdam_abn_amro_world_tennis_tournament_2021-03-03_bublik_a_zverev_a
tennis_data_uk,atp,2021,10,ABN AMRO World Tennis Tournament,Rotterdam,2021-03-03,atp_500,indoor,hard,R32,3,Paul T.,Sonego L.,56,35,1080,1648,2,0,6,4,7,6,,,,,,,completed,2.37,1.57,2.27,1.69,2.4,1.77,2.26,1.63,2021_10_rotterdam_abn_amro_world_tennis_tournament,2021_10_rotterdam_abn_amro_world_tennis_tournament_2021-03-03_paul_t_sonego_l
tennis_data_uk,atp,2021,10,ABN AMRO World Tennis Tournament,Rotterdam,2021-03-03,atp_500,indoor,hard,R32,3,Lajovic D.,Medvedev D.,27,3,1875,9735,2,0,7,6,6,4,,,,,,,completed,8.0,1.08,7.36,1.12,8.6,1.13,7.35,1.09,2021_10_rotterdam_abn_amro_world_tennis_tournament,2021_10_rotterdam_abn_amro_world_tennis_tournament_2021-03-03_lajovic_d_medvedev_d
tennis_data_uk,atp,2021,10,ABN AMRO World Tennis Tournament,Rotterdam,2021-03-03,atp_500,indoor,hard,R32,3,Goffin D.,Struff J.L.,14,37,2760,1495,2,0,6,4,6,0,,,,,,,completed,1.57,2.37,1.65,2.37,1.68,2.5,1.6,2.32,2021_10_rotterdam_abn_amro_world_tennis_tournament,2021_10_rotterdam_abn_amro_world_tennis_tournament_2021-03-03_goffin_d_struff_j_l
tennis_data_uk,atp,2021,10,ABN AMRO World Tennis Tournament,Rotterdam,2021-03-03,atp_500,indoor,hard,R32,3,Davidovich Fokina A.,Bautista Agut R.,51,13,1111,2770,2,0,6,2,7,6,,,,,,,completed,3.2,1.36,3.09,1.42,3.3,1.42,3.14,1.36,2021_10_rotterdam_abn_amro_world_tennis_tournament,2021_10_rotterdam_abn_amro_world_tennis_tournament_2021-03-03_davidovich_fokina_a_bautista_agut_r
tennis_data_uk,atp,2021,10,ABN AMRO World Tennis Tournament,Rotterdam,2021-03-03,atp_500,indoor,hard,R16,3,Nishikori K.,De Minaur A.,45,23,1355,2155,2,1,6,3,2,6,7,5,,,,,completed,3.4,1.33,3.14,1.42,3.5,1.42,3.21,1.34,2021_10_rotterdam_abn_amro_world_tennis_tournament,2021_10_rotterdam_abn_amro_world_tennis_tournament_2021-03-03_nishikori_k_de_minaur_a
tennis_data_uk,atp,2021,10,ABN AMRO World Tennis Tournament,Rotterdam,2021-03-03,atp_500,indoor,hard,R16,3,Rublev A.,Murray A.,8,123,4609,595,2,0,7,5,6,2,,,,,,,completed,1.12,6.0,1.17,5.79,1.18,6.7,1.14,5.68,2021_10_rotterdam_abn_amro_world_tennis_tournament,2021_10_rotterdam_abn_amro_world_tennis_tournament_2021-03-03_rublev_a_murray_a
tennis_data_uk,atp,2021,10,ABN AMRO World Tennis Tournament,Rotterdam,2021-03-03,atp_500,indoor,hard,R16,3,Khachanov K.,Norrie C.,21,65,2290,1015,2,0,6,2,6,2,,,,,,,completed,1.53,2.5,1.54,2.67,1.54,2.95,1.47,2.69,2021_10_rotterdam_abn_amro_world_tennis_tournament,2021_10_rotterdam_abn_amro_world_tennis_tournament_2021-03-03_khachanov_k_norrie_c
tennis_data_uk,atp,2021,10,ABN AMRO World Tennis Tournament,Rotterdam,2021-03-04,atp_500,indoor,hard,R16,3,Chardy J.,Goffin D.,64,14,1020,2760,2,0,7,6,7,6,,,,,,,completed,4.0,1.25,3.59,1.34,4.04,1.34,3.65,1.28,2021_10_rotterdam_abn_amro_world_tennis_tournament,2021_10_rotterdam_abn_amro_world_tennis_tournament_2021-03-04_chardy_j_goffin_d
tennis_data_uk,atp,2021,10,ABN AMRO World Tennis Tournament,Rotterdam,2021-03-04,atp_500,indoor,hard,R16,3,Paul T.,Bublik A.,56,43,1080,1385,2,1,6,7,6,3,6,1,,,,,completed,2.0,1.8,2.15,1.79,2.17,1.87,2.04,1.78,2021_10_rotterdam_abn_amro_world_tennis_tournament,2021_10_rotterdam_abn_amro_world_tennis_tournament_2021-03-04_paul_t_bublik_a
tennis_data_uk,atp,2021,10,ABN AMRO World Tennis Tournament,Rotterdam,2021-03-04,atp_500,indoor,hard,R16,3,Tsitsipas S.,Hurkacz H.,6,30,6595,1735,2,1,6,4,4,6,7,5,,,,,completed,1.2,4.5,1.23,4.77,1.24,5.0,1.2,4.53,2021_10_rotterdam_abn_amro_world_tennis_tournament,2021_10_rotterdam_abn_amro_world_tennis_tournament_2021-03-04_tsitsipas_s_hurkacz_h
tennis_data_uk,atp,2021,10,ABN AMRO World Tennis Tournament,Rotterdam,2021-03-04,atp_500,indoor,hard,R16,3,Coric B.,Lajovic D.,26,27,1890,1875,2,0,6,3,6,2,,,,,,,completed,1.53,2.5,1.47,2.93,1.62,2.93,1.51,2.56,2021_10_rotterdam_abn_amro_world_tennis_tournament,2021_10_rotterdam_abn_amro_world_tennis_tournament_2021-03-04_coric_b_lajovic_d
tennis_data_uk,atp,2021,10,ABN AMRO World Tennis Tournament,Rotterdam,2021-03-04,atp_500,indoor,hard,R16,3,Fucsovics M.,Davidovich Fokina A.,59,51,1072,1111,2,0,6,3,6,2,,,,,,,completed,1.61,2.3,1.71,2.28,2.0,2.48,1.66,2.21,2021_10_rotterdam_abn_amro_world_tennis_tournament,2021_10_rotterdam_abn_amro_world_tennis_tournament_2021-03-04_fucsovics_m_davidovich_fokina_a
tennis_data_uk,atp,2021,10,ABN AMRO World Tennis Tournament,Rotterdam,2021-03-05,atp_500,indoor,hard,QF,3,Tsitsipas S.,Khachanov K.,6,21,6595,2290,2,1,4,6,6,3,7,5,,,,,completed,1.36,3.2,1.36,3.48,1.41,3.48,1.37,3.08,2021_10_rotterdam_abn_amro_world_tennis_tournament,2021_10_rotterdam_abn_amro_world_tennis_tournament_2021-03-05_tsitsipas_s_khachanov_k
tennis_data_uk,atp,2021,10,ABN AMRO World Tennis Tournament,Rotterdam,2021-03-05,atp_500,indoor,hard,QF,3,Rublev A.,Chardy J.,8,64,4609,1020,2,1,7,6,6,7,6,4,,,,,completed,1.12,6.0,1.15,6.55,1.15,7.75,1.13,6.05,2021_10_rotterdam_abn_amro_world_tennis_tournament,2021_10_rotterdam_abn_amro_world_tennis_tournament_2021-03-05_rublev_a_chardy_j
tennis_data_uk,atp,2021,10,ABN AMRO World Tennis Tournament,Rotterdam,2021-03-05,atp_500,indoor,hard,QF,3,Coric B.,Nishikori K.,26,45,1890,1355,2,0,7,6,7,6,,,,,,,completed,1.66,2.2,1.63,2.43,1.72,2.45,1.62,2.28,2021_10_rotterdam_abn_amro_world_tennis_tournament,2021_10_rotterdam_abn_amro_world_tennis_tournament_2021-03-05_coric_b_nishikori_k
tennis_data_uk,atp,2021,10,ABN AMRO World Tennis Tournament,Rotterdam,2021-03-05,atp_500,indoor,hard,QF,3,Fucsovics M.,Paul T.,59,56,1072,1080,2,0,6,4,6,3,,,,,,,completed,1.5,2.62,1.49,2.84,1.58,2.84,1.5,2.58,2021_10_rotterdam_abn_amro_world_tennis_tournament,2021_10_rotterdam_abn_amro_world_tennis_tournament_2021-03-05_fucsovics_m_paul_t
tennis_data_uk,atp,2021,10,ABN AMRO World Tennis Tournament,Rotterdam,2021-03-06,atp_500,indoor,hard,SF,3,Rublev A.,Tsitsipas S.,8,6,4609,6595,2,0,6,3,7,6,,,,,,,completed,2.0,1.8,2.07,1.85,2.07,1.91,1.97,1.82,2021_10_rotterdam_abn_amro_world_tennis_tournament,2021_10_rotterdam_abn_amro_world_tennis_tournament_2021-03-06_rublev_a_tsitsipas_s
tennis_data_uk,atp,2021,10,ABN AMRO World Tennis Tournament,Rotterdam,2021-03-06,atp_500,indoor,hard,SF,3,Fucsovics M.,Coric B.,59,26,1072,1890,2,0,6,4,6,1,,,,,,,completed,2.2,1.66,2.43,1.63,2.43,1.69,2.28,1.62,2021_10_rotterdam_abn_amro_world_tennis_tournament,2021_10_rotterdam_abn_amro_world_tennis_tournament_2021-03-06_fucsovics_m_coric_b
tennis_data_uk,atp,2021,10,ABN AMRO World Tennis Tournament,Rotterdam,2021-03-07,atp_500,indoor,hard,F,3,Rublev A.,Fucsovics M.,8,59,4609,1072,2,0,7,6,6,4,,,,,,,completed,1.25,4.0,1.29,3.98,1.31,4.0,1.27,3.75,2021_10_rotterdam_abn_amro_world_tennis_tournament,2021_10_rotterdam_abn_amro_world_tennis_tournament_2021-03-07_rublev_a_fucsovics_m
tennis_data_uk,atp,2021,11,Qatar Exxon Mobil Open,Doha,2021-03-08,atp_250,outdoor,hard,R32,3,Basilashvili N.,Millman J.,42,41,1405,1421,2,1,2,6,6,4,6,2,,,,,completed,4.0,1.25,3.88,1.3,4.25,1.31,3.79,1.26,2021_11_doha_qatar_exxon_mobil_open,2021_11_doha_qatar_exxon_mobil_open_2021-03-08_basilashvili_n_millman_j
tennis_data_uk,atp,2021,11,Qatar Exxon Mobil Open,Doha,2021-03-08,atp_250,outdoor,hard,R32,3,Karatsev A.,Zayid M.,45,,1382,,2,0,6,4,6,0,,,,,,,completed,1.0,51.0,1.38,3.26,1.42,3.75,1.31,3.4,2021_11_doha_qatar_exxon_mobil_open,2021_11_doha_qatar_exxon_mobil_open_2021-03-08_karatsev_a_zayid_m
tennis_data_uk,atp,2021,11,Qatar Exxon Mobil Open,Doha,2021-03-08,atp_250,outdoor,hard,R32,3,Bublik A.,Ramanathan R.,44,201,1385,355,2,0,6,4,6,2,,,,,,,completed,1.3,3.5,1.38,3.26,1.42,3.75,1.31,3.4,2021_11_doha_qatar_exxon_mobil_open,2021_11_doha_qatar_exxon_mobil_open_2021-03-08_bublik_a_ramanathan_r
tennis_data_uk,atp,2021,11,Qatar Exxon Mobil Open,Doha,2021-03-08,atp_250,outdoor,hard,R32,3,Fritz T.,Sonego L.,33,35,1695,1648,2,0,7,6,6,4,,,,,,,completed,1.66,2.2,1.67,2.32,1.73,2.35,1.66,2.21,2021_11_doha_qatar_exxon_mobil_open,2021_11_doha_qatar_exxon_mobil_open_2021-03-08_fritz_t_sonego_l
tennis_data_uk,atp,2021,11,Qatar Exxon Mobil Open,Doha,2021-03-08,atp_250,outdoor,hard,R32,3,Gasquet R.,Rola B.,50,163,1155,433,2,0,6,4,6,4,,,,,,,completed,1.53,2.5,1.64,2.39,1.67,2.6,1.57,2.39,2021_11_doha_qatar_exxon_mobil_open,2021_11_doha_qatar_exxon_mobil_open_2021-03-08_gasquet_r_rola_b
tennis_data_uk,atp,2021,11,Qatar Exxon Mobil Open,Doha,2021-03-08,atp_250,outdoor,hard,R32,3,Bautista Agut R.,Opelka R.,13,39,2770,1457,2,1,4,6,6,3,6,4,,,,,completed,1.53,2.5,1.5,2.75,1.58,2.82,1.5,2.57,2021_11_doha_qatar_exxon_mobil_open,2021_11_doha_qatar_exxon_mobil_open_2021-03-08_bautista_agut_r_opelka_r
tennis_data_uk,atp,2021,11,Qatar Exxon Mobil Open,Doha,2021-03-09,atp_250,outdoor,hard,R32,3,Evans D.,Chardy J.,28,54,1794,1110,2,1,6,4,1,6,6,2,,,,,completed,1.72,2.1,1.79,2.13,1.8,2.38,1.69,2.16,2021_11_doha_qatar_exxon_mobil_open,2021_11_doha_qatar_exxon_mobil_open_2021-03-09_evans_d_chardy_j
tennis_data_uk,atp,2021,11,Qatar Exxon Mobil Open,Doha,2021-03-09,atp_250,outdoor,hard,R32,3,Pospisil V.,O Connell C.,67,122,1013,613,2,0,6,3,6,4,,,,,,,completed,1.5,2.62,1.51,2.73,1.59,2.85,1.49,2.62,2021_11_doha_qatar_exxon_mobil_open,2021_11_doha_qatar_exxon_mobil_open_2021-03-09_pospisil_v_o_connell_c
tennis_data_uk,atp,2021,11,Qatar Exxon Mobil Open,Doha,2021-03-09,atp_250,outdoor,hard,R32,3,Jaziri M.,Gombos N.,262,95,225,799,2,0,6,2,7,5,,,,,,,completed,4.0,1.25,3.54,1.34,4.0,1.36,3.54,1.3,2021_11_doha_qatar_exxon_mobil_open,2021_11_doha_qatar_exxon_mobil_open_2021-03-09_jaziri_m_gombos_n
tennis_data_uk,atp,2021,11,Qatar Exxon Mobil Open,Doha,2021-03-09,atp_250,outdoor,hard,R32,3,Fucsovics M.,Lajovic D.,46,27,1372,1875,2,0,7,6,6,3,,,,,,,completed,1.61,2.3,1.76,2.16,2.05,2.33,1.71,2.14,2021_11_doha_qatar_exxon_mobil_open,2021_11_doha_qatar_exxon_mobil_open_2021-03-09_fucsovics_m_lajovic_d
tennis_data_uk,atp,2021,11,Qatar Exxon Mobil Open,Doha,2021-03-09,atp_250,outdoor,hard,R32,3,Harris L.,Wawrinka S.,84,20,873,2365,2,1,7,6,6,7,7,5,,,,,completed,3.0,1.4,2.79,1.49,3.2,1.52,2.86,1.42,2021_11_doha_qatar_exxon_mobil_open,2021_11_doha_qatar_exxon_mobil_open_2021-03-09_harris_l_wawrinka_s
tennis_data_uk,atp,2021,11,Qatar Exxon Mobil Open,Doha,2021-03-09,atp_250,outdoor,hard,R32,3,Goffin D.,Krajinovic F.,14,32,2760,1718,2,0,6,4,6,4,,,,,,,completed,1.66,2.2,1.78,2.14,1.83,2.25,1.75,2.07,2021_11_doha_qatar_exxon_mobil_open,2021_11_doha_qatar_exxon_mobil_open_2021-03-09_goffin_d_krajinovic_f
tennis_data_uk,atp,2021,11,Qatar Exxon Mobil Open,Doha,2021-03-10,atp_250,outdoor,hard,R16,3,Rublev A.,Gasquet R.,8,50,5019,1155,,,,,,,,,,,,,walkover,1.1,7.0,1.1,8.43,1.13,8.5,1.09,7.19,2021_11_doha_qatar_exxon_mobil_open,2021_11_doha_qatar_exxon_mobil_open_2021-03-10_rublev_a_gasquet_r
tennis_data_uk,atp,2021,11,Qatar Exxon Mobil Open,Doha,2021-03-10,atp_250,outdoor,hard,R16,3,Shapovalov D.,Pospisil V.,11,67,2910,1013,2,0,7,5,6,4,,,,,,,completed,1.44,2.75,1.51,2.77,1.51,2.86,1.46,2.71,2021_11_doha_qatar_exxon_mobil_open,2021_11_doha_qatar_exxon_mobil_open_2021-03-10_shapovalov_d_pospisil_v
tennis_data_uk,atp,2021,11,Qatar Exxon Mobil Open,Doha,2021-03-10,atp_250,outdoor,hard,R16,3,Thiem D.,Karatsev A.,4,45,9125,1382,2,1,6,7,6,3,6,2,,,,,completed,1.36,3.2,1.42,3.11,1.45,3.25,1.38,3.04,2021_11_doha_qatar_exxon_mobil_open,2021_11_doha_qatar_exxon_mobil_open_2021-03-10_thiem_d_karatsev_a
tennis_data_uk,atp,2021,11,Qatar Exxon Mobil Open,Doha,2021-03-10,atp_250,outdoor,hard,R16,3,Bautista Agut R.,Bublik A.,13,44,2770,1385,2,0,6,4,6,3,,,,,,,completed,1.33,3.4,1.32,3.72,1.45,3.75,1.34,3.23,2021_11_doha_qatar_exxon_mobil_open,2021_11_doha_qatar_exxon_mobil_open_2021-03-10_bautista_agut_r_bublik_a
tennis_data_uk,atp,2021,11,Qatar Exxon Mobil Open,Doha,2021-03-10,atp_250,outdoor,hard,R16,3,Fritz T.,Goffin D.,33,14,1695,2760,2,1,6,1,5,7,7,6,,,,,completed,2.75,1.44,2.75,1.51,2.91,1.53,2.63,1.48,2021_11_doha_qatar_exxon_mobil_open,2021_11_doha_qatar_exxon_mobil_open_2021-03-10_fritz_t_goffin_d
tennis_data_uk,atp,2021,11,Qatar Exxon Mobil Open,Doha,2021-03-10,atp_250,outdoor,hard,R16,3,Basilashvili N.,Jaziri M.,42,262,1405,225,2,0,6,2,6,2,,,,,,,completed,1.4,3.0,1.34,3.62,1.46,3.65,1.38,3.05,2021_11_doha_qatar_exxon_mobil_open,2021_11_doha_qatar_exxon_mobil_open_2021-03-10_basilashvili_n_jaziri_m
tennis_data_uk,atp,2021,11,Qatar Exxon Mobil Open,Doha,2021-03-10,atp_250,outdoor,hard,R16,3,Federer R.,Evans D.,6,28,6630,1794,2,1,7,6,3,6,7,5,,,,,completed,1.5,2.62,1.61,2.48,1.61,2.81,1.51,2.54,2021_11_doha_qatar_exxon_mobil_open,2021_11_doha_qatar_exxon_mobil_open_2021-03-10_federer_r_evans_d
tennis_data_uk,atp,2021,11,Qatar Exxon Mobil Open,Doha,2021-03-10,atp_250,outdoor,hard,R16,3,Fucsovics M.,Harris L.,46,84,1372,873,2,1,4,6,7,6,6,2,,,,,completed,1.66,2.2,1.62,2.45,1.72,2.45,1.65,2.23,2021_11_doha_qatar_exxon_mobil_open,2021_11_doha_qatar_exxon_mobil_open_2021-03-10_fucsovics_m_harris_l
tennis_data_uk,atp,2021,11,Qatar Exxon Mobil Open,Doha,2021-03-11,atp_250,outdoor,hard,QF,3,Fritz T.,Shapovalov D.,33,11,1695,2910,2,1,5,7,6,3,7,5,,,,,completed,2.62,1.5,2.87,1.48,2.95,1.54,2.72,1.46,2021_11_doha_qatar_exxon_mobil_open,2021_11_doha_qatar_exxon_mobil_open_2021-03-11_fritz_t_shapovalov_d
tennis_data_uk,atp,2021,11,Qatar Exxon Mobil Open,Doha,2021-03-11,atp_250,outdoor,hard,QF,3,Rublev A.,Fucsovics M.,8,46,5019,1372,,,,,,,,,,,,,walkover,1.2,4.5,1.2,5.24,1.28,5.75,1.2,4.79,2021_11_doha_qatar_exxon_mobil_open,2021_11_doha_qatar_exxon_mobil_open_2021-03-11_rublev_a_fucsovics_m
tennis_data_uk,atp,2021,11,Qatar Exxon Mobil Open,Doha,2021-03-11,atp_250,outdoor,hard,QF,3,Basilashvili N.,Federer R.,42,6,1405,6630,2,1,3,6,6,1,7,5,,,,,completed,5.5,1.14,4.93,1.22,5.63,1.22,4.85,1.18,2021_11_doha_qatar_exxon_mobil_open,2021_11_doha_qatar_exxon_mobil_open_2021-03-11_basilashvili_n_federer_r
tennis_data_uk,atp,2021,11,Qatar Exxon Mobil Open,Doha,2021-03-11,atp_250,outdoor,hard,QF,3,Bautista Agut R.,Thiem D.,13,4,2770,9125,2,1,7,6,2,6,6,4,,,,,completed,2.75,1.44,2.66,1.54,2.95,1.54,2.74,1.45,2021_11_doha_qatar_exxon_mobil_open,2021_11_doha_qatar_exxon_mobil_open_2021-03-11_bautista_agut_r_thiem_d
tennis_data_uk,atp,2021,11,Qatar Exxon Mobil Open,Doha,2021-03-12,atp_250,outdoor,hard,SF,3,Bautista Agut R.,Rublev A.,13,8,2770,5019,2,0,6,3,6,3,,,,,,,completed,3.2,1.36,3.56,1.34,3.6,1.44,3.24,1.34,2021_11_doha_qatar_exxon_mobil_open,2021_11_doha_qatar_exxon_mobil_open_2021-03-12_bautista_agut_r_rublev_a
tennis_data_uk,atp,2021,11,Qatar Exxon Mobil Open,Doha,2021-03-12,atp_250,outdoor,hard,SF,3,Basilashvili N.,Fritz T.,42,33,1405,1695,2,0,7,6,6,1,,,,,,,completed,3.0,1.4,3.22,1.4,3.22,1.45,2.98,1.39,2021_11_doha_qatar_exxon_mobil_open,2021_11_doha_qatar_exxon_mobil_open_2021-03-12_basilashvili_n_fritz_t
tennis_data_uk,atp,2021,11,Qatar Exxon Mobil Open,Doha,2021-03-13,atp_250,outdoor,hard,F,3,Basilashvili N.,Bautista Agut R.,42,13,1405,2770,2,0,7,6,6,2,,,,,,,completed,4.0,1.25,4.64,1.24,4.64,1.29,4.06,1.24,2021_11_doha_qatar_exxon_mobil_open,2021_11_doha_qatar_exxon_mobil_open_2021-03-13_basilashvili_n_bautista_agut_r
tennis_data_uk,atp,2021,12,Open 13,Marseille,2021-03-08,atp_250,indoor,hard,R32,3,Ruusuvuori E.,Nishioka Y.,87,59,851,1091,1,0,6,2,4,2,,,,,,,retired,1.9,1.9,1.87,2.02,1.91,2.05,1.83,1.96,2021_12_marseille_open_13,2021_12_marseille_open_13_2021-03-08_ruusuvuori_e_nishioka_y
tennis_data_uk,atp,2021,12,Open 13,Marseille,2021-03-08,atp_250,indoor,hard,R32,3,Gaston H.,Novak D.,166,98,425,785,2,1,3,6,6,4,6,1,,,,,completed,2.37,1.57,2.24,1.71,2.45,1.8,2.25,1.63,2021_12_marseille_open_13,2021_12_marseille_open_13_2021-03-08_gaston_h_novak_d
tennis_data_uk,atp,2021,12,Open 13,Marseille,2021-03-08,atp_250,indoor,hard,R32,3,Sinner J.,Barrere G.,34,115,1694,655,2,1,7,6,6,7,7,5,,,,,completed,1.16,5.0,1.14,6.46,1.2,6.46,1.16,5.26,2021_12_marseille_open_13,2021_12_marseille_open_13_2021-03-08_sinner_j_barrere_g
tennis_data_uk,atp,2021,12,Open 13,Marseille,2021-03-09,atp_250,indoor,hard,R32,3,Ebden M.,Bonzi B.,287,127,200,586,2,1,3,6,7,6,6,3,,,,,completed,2.62,1.5,2.6,1.55,2.71,1.58,2.53,1.51,2021_12_marseille_open_13,2021_12_marseille_open_13_2021-03-09_ebden_m_bonzi_b
tennis_data_uk,atp,2021,12,Open 13,Marseille,2021-03-09,atp_250,indoor,hard,R32,3,Mcdonald M.,Travaglia S.,120,65,625,1024,2,0,7,6,7,6,,,,,,,completed,1.5,2.62,1.51,2.73,1.64,2.8,1.49,2.6,2021_12_marseille_open_13,2021_12_marseille_open_13_2021-03-09_mcdonald_m_travaglia_s
tennis_data_uk,atp,2021,12,Open 13,Marseille,2021-03-09,atp_250,indoor,hard,R32,3,Rinderknech A.,Kukushkin M.,138,96,536,796,2,1,1,6,6,3,6,2,,,,,completed,1.53,2.5,1.56,2.59,1.57,2.65,1.53,2.5,2021_12_marseille_open_13,2021_12_marseille_open_13_2021-03-09_rinderknech_a_kukushkin_m
tennis_data_uk,atp,2021,12,Open 13,Marseille,2021-03-09,atp_250,indoor,hard,R32,3,Herbert P.H.,Nishikori K.,93,40,822,1445,2,0,6,1,6,4,,,,,,,completed,3.0,1.4,3.11,1.41,3.52,1.41,3.09,1.37,2021_12_marseille_open_13,2021_12_marseille_open_13_2021-03-09_herbert_p_h_nishikori_k
tennis_data_uk,atp,2021,12,Open 13,Marseille,2021-03-09,atp_250,indoor,hard,R32,3,Tsonga J.W.,Lopez F.,66,61,1015,1078,2,1,3,6,6,4,7,5,,,,,completed,2.0,1.8,2.26,1.7,2.26,1.85,2.08,1.75,2021_12_marseille_open_13,2021_12_marseille_open_13_2021-03-09_tsonga_j_w_lopez_f
tennis_data_uk,atp,2021,12,Open 13,Marseille,2021-03-09,atp_250,indoor,hard,R32,3,Davidovich Fokina A.,Tsitsipas P.,52,970,1144,13,2,0,6,0,6,2,,,,,,,completed,1.01,23.0,1.03,16.79,1.04,26.0,1.02,15.84,2021_12_marseille_open_13,2021_12_marseille_open_13_2021-03-09_davidovich_fokina_a_tsitsipas_p
tennis_data_uk,atp,2021,12,Open 13,Marseille,2021-03-09,atp_250,indoor,hard,R32,3,Pouille L.,Molcan A.,81,286,887,202,2,0,7,5,6,3,,,,,,,completed,1.44,2.75,1.55,2.6,1.58,2.75,1.49,2.6,2021_12_marseille_open_13,2021_12_marseille_open_13_2021-03-09_pouille_l_molcan_a
tennis_data_uk,atp,2021,12,Open 13,Marseille,2021-03-10,atp_250,indoor,hard,R32,3,Gerasimov E.,Hanfmann Y.,76,105,936,750,2,0,6,2,6,0,,,,,,,completed,1.4,3.0,1.43,3.05,1.48,3.2,1.4,2.93,2021_12_marseille_open_13,2021_12_marseille_open_13_2021-03-10_gerasimov_e_hanfmann_y
tennis_data_uk,atp,2021,12,Open 13,Marseille,2021-03-10,atp_250,indoor,hard,R32,3,Norrie C.,Lestienne C.,63,219,1060,296,2,1,6,4,6,7,6,3,,,,,completed,1.3,3.5,1.36,3.42,1.36,3.75,1.31,3.38,2021_12_marseille_open_13,2021_12_marseille_open_13_2021-03-10_norrie_c_lestienne_c
tennis_data_uk,atp,2021,12,Open 13,Marseille,2021-03-10,atp_250,indoor,hard,R16,3,Ebden M.,Ruusuvuori E.,287,87,200,851,2,0,6,2,6,2,,,,,,,completed,3.0,1.4,3.3,1.39,3.35,1.46,3.05,1.37,2021_12_marseille_open_13,2021_12_marseille_open_13_2021-03-10_ebden_m_ruusuvuori_e
tennis_data_uk,atp,2021,12,Open 13,Marseille,2021-03-10,atp_250,indoor,hard,R16,3,Khachanov K.,Mcdonald M.,21,120,2290,625,2,0,7,6,6,4,,,,,,,completed,1.44,2.75,1.4,3.21,1.49,3.21,1.41,2.89,2021_12_marseille_open_13,2021_12_marseille_open_13_2021-03-10_khachanov_k_mcdonald_m
tennis_data_uk,atp,2021,12,Open 13,Marseille,2021-03-10,atp_250,indoor,hard,R16,3,Sinner J.,Gaston H.,34,166,1694,425,2,0,6,4,6,1,,,,,,,completed,1.16,5.0,1.19,5.36,1.21,5.75,1.17,5.02,2021_12_marseille_open_13,2021_12_marseille_open_13_2021-03-10_sinner_j_gaston_h
tennis_data_uk,atp,2021,12,Open 13,Marseille,2021-03-10,atp_250,indoor,hard,R16,3,Humbert U.,Tsonga J.W.,31,66,1726,1015,2,0,6,3,6,4,,,,,,,completed,1.3,3.5,1.28,4.13,1.31,4.4,1.28,3.63,2021_12_marseille_open_13,2021_12_marseille_open_13_2021-03-10_humbert_u_tsonga_j_w
tennis_data_uk,atp,2021,12,Open 13,Marseille,2021-03-11,atp_250,indoor,hard,R16,3,Herbert P.H.,Norrie C.,93,63,822,1060,2,0,6,3,6,4,,,,,,,completed,1.8,2.0,1.74,2.22,1.82,2.25,1.73,2.1,2021_12_marseille_open_13,2021_12_marseille_open_13_2021-03-11_herbert_p_h_norrie_c
tennis_data_uk,atp,2021,12,Open 13,Marseille,2021-03-11,atp_250,indoor,hard,R16,3,Rinderknech A.,Davidovich Fokina A.,138,52,536,1144,2,1,3,6,6,1,6,2,,,,,completed,3.0,1.4,2.8,1.5,3.1,1.5,2.83,1.42,2021_12_marseille_open_13,2021_12_marseille_open_13_2021-03-11_rinderknech_a_davidovich_fokina_a
tennis_data_uk,atp,2021,12,Open 13,Marseille,2021-03-11,atp_250,indoor,hard,R16,3,Medvedev D.,Gerasimov E.,3,76,9735,936,2,0,6,2,6,4,,,,,,,completed,1.14,5.5,1.16,6.24,1.17,6.5,1.14,5.53,2021_12_marseille_open_13,2021_12_marseille_open_13_2021-03-11_medvedev_d_gerasimov_e
tennis_data_uk,atp,2021,12,Open 13,Marseille,2021-03-11,atp_250,indoor,hard,R16,3,Tsitsipas S.,Pouille L.,5,81,6660,887,2,0,6,2,6,3,,,,,,,completed,1.1,7.0,1.12,7.81,1.12,7.81,1.1,6.88,2021_12_marseille_open_13,2021_12_marseille_open_13_2021-03-11_tsitsipas_s_pouille_l
tennis_data_uk,atp,2021,12,Open 13,Marseille,2021-03-12,atp_250,indoor,hard,QF,3,Ebden M.,Khachanov K.,287,21,200,2290,2,1,4,6,6,4,6,2,,,,,completed,5.5,1.14,6.02,1.17,6.85,1.17,5.65,1.14,2021_12_marseille_open_13,2021_12_marseille_open_13_2021-03-12_ebden_m_khachanov_k
tennis_data_uk,atp,2021,12,Open 13,Marseille,2021-03-12,atp_250,indoor,hard,QF,3,Medvedev D.,Sinner J.,3,34,9735,1694,2,0,6,2,6,4,,,,,,,completed,1.33,3.4,1.35,3.5,1.37,3.55,1.33,3.32,2021_12_marseille_open_13,2021_12_marseille_open_13_2021-03-12_medvedev_d_sinner_j
tennis_data_uk,atp,2021,12,Open 13,Marseille,2021-03-12,atp_250,indoor,hard,QF,3,Herbert P.H.,Tsitsipas S.,93,5,822,6660,2,1,6,7,6,4,6,2,,,,,completed,5.0,1.16,5.73,1.18,6.0,1.18,5.32,1.15,2021_12_marseille_open_13,2021_12_marseille_open_13_2021-03-12_herbert_p_h_tsitsipas_s
tennis_data_uk,atp,2021,12,Open 13,Marseille,2021-03-12,atp_250,indoor,hard,QF,3,Humbert U.,Rinderknech A.,31,138,1726,536,2,1,4,6,7,5,7,6,,,,,completed,1.33,3.4,1.41,3.18,1.41,3.82,1.33,3.28,2021_12_marseille_open_13,2021_12_marseille_open_13_2021-03-12_humbert_u_rinderknech_a
tennis_data_uk,atp,2021,12,Open 13,Marseille,2021-03-13,atp_250,indoor,hard,SF,3,Medvedev D.,Ebden M.,3,287,9735,200,1,0,6,4,3,0,,,,,,,retired,1.05,11.0,1.07,10.75,1.07,14.0,1.05,10.25,2021_12_marseille_open_13,2021_12_marseille_open_13_2021-03-13_medvedev_d_ebden_m
tennis_data_uk,atp,2021,12,Open 13,Marseille,2021-03-13,atp_250,indoor,hard,SF,3,Herbert P.H.,Humbert U.,93,31,822,1726,2,0,6,3,6,2,,,,,,,completed,2.3,1.61,2.32,1.68,2.4,1.74,2.27,1.63,2021_12_marseille_open_13,2021_12_marseille_open_13_2021-03-13_herbert_p_h_humbert_u
tennis_data_uk,atp,2021,12,Open 13,Marseille,2021-03-14,atp_250,indoor,hard,F,3,Medvedev D.,Herbert P.H.,3,93,9735,822,2,1,6,4,6,7,6,4,,,,,completed,1.2,4.5,1.19,5.38,1.22,5.5,1.18,4.9,2021_12_marseille_open_13,2021_12_marseille_open_13_2021-03-14_medvedev_d_herbert_p_h
tennis_data_uk,atp,2021,13,Chile Open,Santiago,2021-03-08,atp_250,indoor,clay,R32,3,Sousa P.,Mayer L.,110,146,704,504,2,0,6,2,6,4,,,,,,,completed,1.9,1.9,1.91,1.98,2.1,2.05,1.92,1.87,2021_13_santiago_chile_open,2021_13_santiago_chile_open_2021-03-08_sousa_p_mayer_l
tennis_data_uk,atp,2021,13,Chile Open,Santiago,2021-03-08,atp_250,indoor,clay,R32,3,Bagnis F.,Cecchinato M.,118,89,633,838,2,1,6,7,6,2,6,3,,,,,completed,2.2,1.66,2.19,1.75,2.3,1.76,2.15,1.7,2021_13_santiago_chile_open,2021_13_santiago_chile_open_2021-03-08_bagnis_f_cecchinato_m
tennis_data_uk,atp,2021,13,Chile Open,Santiago,2021-03-08,atp_250,indoor,clay,R32,3,Galan D.E.,Altmaier D.,121,143,619,516,2,1,7,6,3,6,7,5,,,,,completed,2.0,1.8,2.18,1.75,2.25,1.84,2.09,1.73,2021_13_santiago_chile_open,2021_13_santiago_chile_open_2021-03-08_galan_d_e_altmaier_d
tennis_data_uk,atp,2021,13,Chile Open,Santiago,2021-03-08,atp_250,indoor,clay,R32,3,Carballes Baena R.,Caruso S.,97,79,786,898,2,0,6,4,7,6,,,,,,,completed,1.9,1.9,1.88,2.01,2.02,2.01,1.89,1.89,2021_13_santiago_chile_open,2021_13_santiago_chile_open_2021-03-08_carballes_baena_r_caruso_s
tennis_data_uk,atp,2021,13,Chile Open,Santiago,2021-03-08,atp_250,indoor,clay,R32,3,Tiafoe F.,Jarry N.,64,746,1040,27,2,1,7,6,6,7,7,6,,,,,completed,1.57,2.37,1.5,2.75,1.58,2.9,1.49,2.59,2021_13_santiago_chile_open,2021_13_santiago_chile_open_2021-03-08_tiafoe_f_jarry_n
tennis_data_uk,atp,2021,13,Chile Open,Santiago,2021-03-09,atp_250,indoor,clay,R32,3,Coria F.,Mager G.,85,101,870,780,2,1,4,6,7,6,7,6,,,,,completed,2.1,1.72,2.14,1.78,2.25,1.81,2.1,1.73,2021_13_santiago_chile_open,2021_13_santiago_chile_open_2021-03-09_coria_f_mager_g
tennis_data_uk,atp,2021,13,Chile Open,Santiago,2021-03-09,atp_250,indoor,clay,R32,3,Delbonis F.,Munar J.,86,102,851,773,2,1,6,4,6,7,6,4,,,,,completed,2.37,1.57,2.58,1.56,2.6,1.59,2.43,1.55,2021_13_santiago_chile_open,2021_13_santiago_chile_open_2021-03-09_delbonis_f_munar_j
tennis_data_uk,atp,2021,13,Chile Open,Santiago,2021-03-09,atp_250,indoor,clay,R32,3,Tabilo A.,Kovalik J.,168,129,419,583,2,1,6,1,0,6,6,4,,,,,completed,1.72,2.1,1.75,2.18,1.84,2.29,1.74,2.08,2021_13_santiago_chile_open,2021_13_santiago_chile_open_2021-03-09_tabilo_a_kovalik_j
tennis_data_uk,atp,2021,13,Chile Open,Santiago,2021-03-09,atp_250,indoor,clay,R32,3,Varillas J. P.,Sousa J.,171,100,414,782,2,0,6,4,6,1,,,,,,,completed,1.3,3.5,1.41,3.13,1.41,3.5,1.33,3.26,2021_13_santiago_chile_open,2021_13_santiago_chile_open_2021-03-09_varillas_j_p_sousa_j
tennis_data_uk,atp,2021,13,Chile Open,Santiago,2021-03-09,atp_250,indoor,clay,R32,3,Rune H.,Baez S.,410,257,102,229,2,0,6,3,6,2,,,,,,,completed,3.2,1.36,3.17,1.4,3.3,1.41,3.07,1.37,2021_13_santiago_chile_open,2021_13_santiago_chile_open_2021-03-09_rune_h_baez_s
tennis_data_uk,atp,2021,13,Chile Open,Santiago,2021-03-09,atp_250,indoor,clay,R32,3,Martin A.,Cerundolo F.,104,112,753,686,2,0,6,1,6,2,,,,,,,completed,2.0,1.8,2.4,1.63,2.4,1.8,2.11,1.72,2021_13_santiago_chile_open,2021_13_santiago_chile_open_2021-03-09_martin_a_cerundolo_f
tennis_data_uk,atp,2021,13,Chile Open,Santiago,2021-03-09,atp_250,indoor,clay,R32,3,Cerundolo J.M.,Lama G.,182,657,392,37,2,0,7,5,6,2,,,,,,,completed,1.22,4.33,1.23,4.59,1.26,4.6,1.22,4.21,2021_13_santiago_chile_open,2021_13_santiago_chile_open_2021-03-09_cerundolo_j_m_lama_g
tennis_data_uk,atp,2021,13,Chile Open,Santiago,2021-03-10,atp_250,indoor,clay,R16,3,Djere L.,Sousa P.,57,110,1093,704,2,1,5,7,7,5,6,3,,,,,completed,1.36,3.2,1.43,3.07,1.44,3.22,1.38,3.01,2021_13_santiago_chile_open,2021_13_santiago_chile_open_2021-03-10_djere_l_sousa_p
tennis_data_uk,atp,2021,13,Chile Open,Santiago,2021-03-10,atp_250,indoor,clay,R16,3,Bagnis F.,Tiafoe F.,118,64,633,1040,2,0,7,6,7,6,,,,,,,completed,2.62,1.5,2.71,1.53,2.75,1.55,2.59,1.49,2021_13_santiago_chile_open,2021_13_santiago_chile_open_2021-03-10_bagnis_f_tiafoe_f
tennis_data_uk,atp,2021,13,Chile Open,Santiago,2021-03-10,atp_250,indoor,clay,R16,3,Delbonis F.,Martin A.,86,104,851,753,2,0,6,0,6,3,,,,,,,completed,1.57,2.37,1.57,2.58,1.68,2.6,1.56,2.4,2021_13_santiago_chile_open,2021_13_santiago_chile_open_2021-03-10_delbonis_f_martin_a
tennis_data_uk,atp,2021,13,Chile Open,Santiago,2021-03-10,atp_250,indoor,clay,R16,3,Rune H.,Paire B.,410,29,102,1738,2,0,6,2,6,3,,,,,,,completed,1.57,2.37,1.56,2.59,1.63,2.59,1.57,2.4,2021_13_santiago_chile_open,2021_13_santiago_chile_open_2021-03-10_rune_h_paire_b
tennis_data_uk,atp,2021,13,Chile Open,Santiago,2021-03-11,atp_250,indoor,clay,R16,3,Galan D.E.,Andujar P.,121,55,619,1104,2,0,6,1,7,6,,,,,,,completed,2.37,1.57,2.45,1.62,2.59,1.67,2.36,1.58,2021_13_santiago_chile_open,2021_13_santiago_chile_open_2021-03-11_galan_d_e_andujar_p
tennis_data_uk,atp,2021,13,Chile Open,Santiago,2021-03-11,atp_250,indoor,clay,R16,3,Carballes Baena R.,Cerundolo J.M.,97,182,786,392,2,0,6,2,6,0,,,,,,,completed,1.72,2.1,1.7,2.29,1.81,2.35,1.69,2.16,2021_13_santiago_chile_open,2021_13_santiago_chile_open_2021-03-11_carballes_baena_r_cerundolo_j_m
tennis_data_uk,atp,2021,13,Chile Open,Santiago,2021-03-11,atp_250,indoor,clay,R16,3,Varillas J. P.,Coria F.,171,85,414,870,2,0,6,4,7,6,,,,,,,completed,2.2,1.66,2.31,1.69,2.35,1.72,2.24,1.64,2021_13_santiago_chile_open,2021_13_santiago_chile_open_2021-03-11_varillas_j_p_coria_f
tennis_data_uk,atp,2021,13,Chile Open,Santiago,2021-03-11,atp_250,indoor,clay,R16,3,Garin C.,Tabilo A.,22,168,2180,419,2,0,6,2,6,2,,,,,,,completed,1.5,2.62,1.55,2.63,1.57,2.7,1.5,2.56,2021_13_santiago_chile_open,2021_13_santiago_chile_open_2021-03-11_garin_c_tabilo_a
tennis_data_uk,atp,2021,13,Chile Open,Santiago,2021-03-12,atp_250,indoor,clay,QF,3,Bagnis F.,Djere L.,118,57,633,1093,2,1,4,6,6,3,6,3,,,,,completed,2.2,1.66,2.25,1.72,2.31,1.74,2.19,1.67,2021_13_santiago_chile_open,2021_13_santiago_chile_open_2021-03-12_bagnis_f_djere_l
tennis_data_uk,atp,2021,13,Chile Open,Santiago,2021-03-12,atp_250,indoor,clay,QF,3,Delbonis F.,Rune H.,86,410,851,102,2,0,6,3,6,3,,,,,,,completed,1.53,2.5,1.53,2.69,1.59,2.69,1.51,2.54,2021_13_santiago_chile_open,2021_13_santiago_chile_open_2021-03-12_delbonis_f_rune_h
tennis_data_uk,atp,2021,13,Chile Open,Santiago,2021-03-12,atp_250,indoor,clay,QF,3,Garin C.,Varillas J. P.,22,171,2180,414,2,0,6,4,6,4,,,,,,,completed,1.36,3.2,1.35,3.5,1.39,3.75,1.33,3.3,2021_13_santiago_chile_open,2021_13_santiago_chile_open_2021-03-12_garin_c_varillas_j_p
tennis_data_uk,atp,2021,13,Chile Open,Santiago,2021-03-12,atp_250,indoor,clay,QF,3,Galan D.E.,Carballes Baena R.,121,97,619,786,2,0,7,6,6,3,,,,,,,completed,2.1,1.72,2.05,1.86,2.25,1.86,2.09,1.74,2021_13_santiago_chile_open,2021_13_santiago_chile_open_2021-03-12_galan_d_e_carballes_baena_r
tennis_data_uk,atp,2021,13,Chile Open,Santiago,2021-03-13,atp_250,indoor,clay,SF,3,Bagnis F.,Delbonis F.,118,86,633,851,2,0,7,5,6,3,,,,,,,completed,2.1,1.72,2.35,1.67,2.4,1.72,2.24,1.65,2021_13_santiago_chile_open,2021_13_santiago_chile_open_2021-03-13_bagnis_f_delbonis_f
tennis_data_uk,atp,2021,13,Chile Open,Santiago,2021-03-13,atp_250,indoor,clay,SF,3,Garin C.,Galan D.E.,22,121,2180,619,2,0,6,4,6,3,,,,,,,completed,1.53,2.5,1.49,2.85,1.58,2.97,1.47,2.68,2021_13_santiago_chile_open,2021_13_santiago_chile_open_2021-03-13_garin_c_galan_d_e
tennis_data_uk,atp,2021,13,Chile Open,Santiago,2021-03-14,atp_250,indoor,clay,F,3,Garin C.,Bagnis F.,22,118,2180,633,2,1,6,4,6,7,7,5,,,,,completed,1.5,2.62,1.55,2.65,1.55,3.0,1.49,2.62,2021_13_santiago_chile_open,2021_13_santiago_chile_open_2021-03-14_garin_c_bagnis_f
tennis_data_uk,atp,2021,14,Abierto Mexicano,Acapulco,2021-03-16,atp_500,outdoor,hard,R32,3,Koepfer D.,Lopez Villasenor G.,71,563,976,55,2,0,6,4,6,2,,,,,,,completed,1.16,5.0,1.16,5.94,1.18,6.25,1.14,5.51,2021_14_acapulco_abierto_mexicano,2021_14_acapulco_abierto_mexicano_2021-03-16_koepfer_d_lopez_villasenor_g
tennis_data_uk,atp,2021,14,Abierto Mexicano,Acapulco,2021-03-16,atp_500,outdoor,hard,R32,3,Auger-Aliassime F.,Sandgren T.,18,58,2516,1088,2,0,6,3,7,6,,,,,,,completed,1.25,4.0,1.25,4.35,1.27,4.45,1.24,4.03,2021_14_acapulco_abierto_mexicano,2021_14_acapulco_abierto_mexicano_2021-03-16_auger_aliassime_f_sandgren_t
tennis_data_uk,atp,2021,14,Abierto Mexicano,Acapulco,2021-03-16,atp_500,outdoor,hard,R32,3,Isner J.,Caruso S.,27,84,1850,876,2,0,6,4,6,3,,,,,,,completed,1.5,2.62,1.55,2.62,1.58,2.65,1.53,2.48,2021_14_acapulco_abierto_mexicano,2021_14_acapulco_abierto_mexicano_2021-03-16_isner_j_caruso_s
tennis_data_uk,atp,2021,14,Abierto Mexicano,Acapulco,2021-03-16,atp_500,outdoor,hard,R32,3,Zverev A.,Alcaraz C.,7,132,5635,561,2,0,6,3,6,1,,,,,,,completed,1.14,5.5,1.16,6.05,1.2,6.25,1.14,5.54,2021_14_acapulco_abierto_mexicano,2021_14_acapulco_abierto_mexicano_2021-03-16_zverev_a_alcaraz_c
tennis_data_uk,atp,2021,14,Abierto Mexicano,Acapulco,2021-03-16,atp_500,outdoor,hard,R32,3,Djere L.,Johnson S.,54,82,1106,885,2,0,6,2,6,3,,,,,,,completed,1.9,1.9,1.92,1.97,1.99,2.05,1.87,1.93,2021_14_acapulco_abierto_mexicano,2021_14_acapulco_abierto_mexicano_2021-03-16_djere_l_johnson_s
tennis_data_uk,atp,2021,14,Abierto Mexicano,Acapulco,2021-03-16,atp_500,outdoor,hard,R32,3,Korda S.,Cilic M.,92,45,824,1373,2,0,7,5,6,2,,,,,,,completed,1.72,2.1,1.83,2.08,1.83,2.17,1.78,2.03,2021_14_acapulco_abierto_mexicano,2021_14_acapulco_abierto_mexicano_2021-03-16_korda_s_cilic_m
tennis_data_uk,atp,2021,14,Abierto Mexicano,Acapulco,2021-03-17,atp_500,outdoor,hard,R32,3,Raonic M.,Paul T.,19,51,2450,1155,2,0,7,6,6,4,,,,,,,completed,1.3,3.5,1.35,3.48,1.35,3.7,1.32,3.36,2021_14_acapulco_abierto_mexicano,2021_14_acapulco_abierto_mexicano_2021-03-17_raonic_m_paul_t
tennis_data_uk,atp,2021,14,Abierto Mexicano,Acapulco,2021-03-17,atp_500,outdoor,hard,R32,3,Musetti L.,Schwartzman D.,120,9,630,3640,2,1,6,3,2,6,6,4,,,,,completed,4.0,1.25,4.33,1.25,4.33,1.29,3.91,1.25,2021_14_acapulco_abierto_mexicano,2021_14_acapulco_abierto_mexicano_2021-03-17_musetti_l_schwartzman_d
tennis_data_uk,atp,2021,14,Abierto Mexicano,Acapulco,2021-03-17,atp_500,outdoor,hard,R32,3,Tiafoe F.,Nakashima B.,56,145,1095,508,2,1,6,4,6,7,7,6,,,,,completed,1.9,1.9,2.06,1.84,2.06,2.18,1.85,1.95,2021_14_acapulco_abierto_mexicano,2021_14_acapulco_abierto_mexicano_2021-03-17_tiafoe_f_nakashima_b
tennis_data_uk,atp,2021,14,Abierto Mexicano,Acapulco,2021-03-17,atp_500,outdoor,hard,R32,3,Griekspoor T.,Kudla D.,154,123,472,606,2,1,7,6,4,6,6,3,,,,,completed,1.61,2.3,1.64,2.39,1.7,2.45,1.63,2.27,2021_14_acapulco_abierto_mexicano,2021_14_acapulco_abierto_mexicano_2021-03-17_griekspoor_t_kudla_d
tennis_data_uk,atp,2021,14,Abierto Mexicano,Acapulco,2021-03-17,atp_500,outdoor,hard,R32,3,Fognini F.,Travaglia S.,17,68,2530,1024,2,0,7,5,6,2,,,,,,,completed,1.72,2.1,1.69,2.28,1.79,2.4,1.67,2.2,2021_14_acapulco_abierto_mexicano,2021_14_acapulco_abierto_mexicano_2021-03-17_fognini_f_travaglia_s
tennis_data_uk,atp,2021,14,Abierto Mexicano,Acapulco,2021-03-17,atp_500,outdoor,hard,R32,3,Tsitsipas S.,Paire B.,5,31,6765,1773,2,0,6,3,6,1,,,,,,,completed,1.06,10.0,1.06,11.1,1.08,14.5,1.06,9.48,2021_14_acapulco_abierto_mexicano,2021_14_acapulco_abierto_mexicano_2021-03-17_tsitsipas_s_paire_b
tennis_data_uk,atp,2021,14,Abierto Mexicano,Acapulco,2021-03-17,atp_500,outdoor,hard,R32,3,Norrie C.,Kozlov S.,61,389,1070,111,2,0,6,3,6,3,,,,,,,completed,1.16,5.0,1.21,4.87,1.24,5.6,1.18,4.85,2021_14_acapulco_abierto_mexicano,2021_14_acapulco_abierto_mexicano_2021-03-17_norrie_c_kozlov_s
tennis_data_uk,atp,2021,14,Abierto Mexicano,Acapulco,2021-03-17,atp_500,outdoor,hard,R32,3,Kecmanovic M.,Lopez F.,46,62,1364,1066,2,0,6,4,6,4,,,,,,,completed,1.4,3.0,1.46,2.91,1.46,3.1,1.41,2.89,2021_14_acapulco_abierto_mexicano,2021_14_acapulco_abierto_mexicano_2021-03-17_kecmanovic_m_lopez_f
tennis_data_uk,atp,2021,14,Abierto Mexicano,Acapulco,2021-03-17,atp_500,outdoor,hard,R32,3,Dimitrov G.,Mannarino A.,16,34,2620,1661,1,0,6,4,3,0,,,,,,,retired,1.44,2.75,1.46,2.92,1.5,3.0,1.45,2.75,2021_14_acapulco_abierto_mexicano,2021_14_acapulco_abierto_mexicano_2021-03-17_dimitrov_g_mannarino_a
tennis_data_uk,atp,2021,14,Abierto Mexicano,Acapulco,2021-03-17,atp_500,outdoor,hard,R32,3,Ruud C.,Galan D.E.,25,112,1909,702,2,0,6,4,6,1,,,,,,,completed,1.25,4.0,1.29,3.97,1.29,4.4,1.26,3.84,2021_14_acapulco_abierto_mexicano,2021_14_acapulco_abierto_mexicano_2021-03-17_ruud_c_galan_d_e
tennis_data_uk,atp,2021,14,Abierto Mexicano,Acapulco,2021-03-18,atp_500,outdoor,hard,R16,3,Musetti L.,Tiafoe F.,120,56,630,1095,2,1,2,6,6,3,7,6,,,,,completed,2.37,1.57,2.47,1.61,2.5,1.66,2.36,1.59,2021_14_acapulco_abierto_mexicano,2021_14_acapulco_abierto_mexicano_2021-03-18_musetti_l_tiafoe_f
tennis_data_uk,atp,2021,14,Abierto Mexicano,Acapulco,2021-03-18,atp_500,outdoor,hard,R16,3,Koepfer D.,Raonic M.,71,19,976,2450,2,0,6,4,6,2,,,,,,,completed,7.0,1.1,7.04,1.13,7.13,1.15,6.36,1.11,2021_14_acapulco_abierto_mexicano,2021_14_acapulco_abierto_mexicano_2021-03-18_koepfer_d_raonic_m
tennis_data_uk,atp,2021,14,Abierto Mexicano,Acapulco,2021-03-18,atp_500,outdoor,hard,R16,3,Auger-Aliassime F.,Korda S.,18,92,2516,824,2,0,6,3,6,4,,,,,,,completed,1.57,2.37,1.62,2.45,1.71,2.45,1.63,2.27,2021_14_acapulco_abierto_mexicano,2021_14_acapulco_abierto_mexicano_2021-03-18_auger_aliassime_f_korda_s
tennis_data_uk,atp,2021,14,Abierto Mexicano,Acapulco,2021-03-18,atp_500,outdoor,hard,R16,3,Dimitrov G.,Kecmanovic M.,16,46,2620,1364,2,0,6,4,6,2,,,,,,,completed,1.5,2.62,1.59,2.53,1.62,2.71,1.54,2.45,2021_14_acapulco_abierto_mexicano,2021_14_acapulco_abierto_mexicano_2021-03-18_dimitrov_g_kecmanovic_m
tennis_data_uk,atp,2021,14,Abierto Mexicano,Acapulco,2021-03-18,atp_500,outdoor,hard,R16,3,Ruud C.,Griekspoor T.,25,154,1909,472,2,1,4,6,6,3,7,6,,,,,completed,1.36,3.2,1.4,3.22,1.45,3.39,1.4,2.94,2021_14_acapulco_abierto_mexicano,2021_14_acapulco_abierto_mexicano_2021-03-18_ruud_c_griekspoor_t
tennis_data_uk,atp,2021,14,Abierto Mexicano,Acapulco,2021-03-18,atp_500,outdoor,hard,R16,3,Zverev A.,Djere L.,7,54,5635,1106,2,0,6,4,6,3,,,,,,,completed,1.08,8.0,1.08,9.91,1.1,10.25,1.07,8.51,2021_14_acapulco_abierto_mexicano,2021_14_acapulco_abierto_mexicano_2021-03-18_zverev_a_djere_l
tennis_data_uk,atp,2021,14,Abierto Mexicano,Acapulco,2021-03-18,atp_500,outdoor,hard,R16,3,Norrie C.,Fognini F.,61,17,1070,2530,2,0,6,4,6,3,,,,,,,completed,2.2,1.66,2.17,1.78,2.2,1.8,2.11,1.73,2021_14_acapulco_abierto_mexicano,2021_14_acapulco_abierto_mexicano_2021-03-18_norrie_c_fognini_f
tennis_data_uk,atp,2021,14,Abierto Mexicano,Acapulco,2021-03-18,atp_500,outdoor,hard,R16,3,Tsitsipas S.,Isner J.,5,27,6765,1850,2,0,6,3,6,2,,,,,,,completed,1.22,4.33,1.24,4.64,1.28,4.64,1.23,4.16,2021_14_acapulco_abierto_mexicano,2021_14_acapulco_abierto_mexicano_2021-03-18_tsitsipas_s_isner_j
tennis_data_uk,atp,2021,14,Abierto Mexicano,Acapulco,2021-03-19,atp_500,outdoor,hard,QF,3,Zverev A.,Ruud C.,7,25,5635,1909,,,,,,,,,,,,,walkover,1.2,4.5,1.23,4.7,1.24,5.24,1.2,4.51,2021_14_acapulco_abierto_mexicano,2021_14_acapulco_abierto_mexicano_2021-03-19_zverev_a_ruud_c
tennis_data_uk,atp,2021,14,Abierto Mexicano,Acapulco,2021-03-19,atp_500,outdoor,hard,QF,3,Koepfer D.,Norrie C.,71,61,976,1070,2,0,7,5,6,4,,,,,,,completed,2.37,1.57,2.58,1.57,2.58,1.63,2.42,1.56,2021_14_acapulco_abierto_mexicano,2021_14_acapulco_abierto_mexicano_2021-03-19_koepfer_d_norrie_c
tennis_data_uk,atp,2021,14,Abierto Mexicano,Acapulco,2021-03-19,atp_500,outdoor,hard,QF,3,Tsitsipas S.,Auger-Aliassime F.,5,18,6765,2516,2,1,7,5,4,6,6,3,,,,,completed,1.36,3.2,1.35,3.54,1.39,3.63,1.34,3.25,2021_14_acapulco_abierto_mexicano,2021_14_acapulco_abierto_mexicano_2021-03-19_tsitsipas_s_auger_aliassime_f
tennis_data_uk,atp,2021,14,Abierto Mexicano,Acapulco,2021-03-19,atp_500,outdoor,hard,QF,3,Musetti L.,Dimitrov G.,120,16,630,2620,2,0,6,4,7,6,,,,,,,completed,3.75,1.28,4.18,1.27,4.18,1.32,3.69,1.28,2021_14_acapulco_abierto_mexicano,2021_14_acapulco_abierto_mexicano_2021-03-19_musetti_l_dimitrov_g
tennis_data_uk,atp,2021,14,Abierto Mexicano,Acapulco,2021-03-20,atp_500,outdoor,hard,SF,3,Zverev A.,Koepfer D.,7,71,5635,976,2,0,6,4,7,6,,,,,,,completed,1.14,5.5,1.17,6.0,1.18,6.1,1.15,5.43,2021_14_acapulco_abierto_mexicano,2021_14_acapulco_abierto_mexicano_2021-03-20_zverev_a_koepfer_d
tennis_data_uk,atp,2021,14,Abierto Mexicano,Acapulco,2021-03-20,atp_500,outdoor,hard,SF,3,Tsitsipas S.,Musetti L.,5,120,6765,630,2,0,6,1,6,3,,,,,,,completed,1.16,5.0,1.16,6.26,1.2,6.6,1.15,5.52,2021_14_acapulco_abierto_mexicano,2021_14_acapulco_abierto_mexicano_2021-03-20_tsitsipas_s_musetti_l
tennis_data_uk,atp,2021,14,Abierto Mexicano,Acapulco,2021-03-21,atp_500,outdoor,hard,F,3,Zverev A.,Tsitsipas S.,7,5,5635,6765,2,0,6,4,7,6,,,,,,,completed,2.75,1.44,2.52,1.59,2.78,1.61,2.57,1.51,2021_14_acapulco_abierto_mexicano,2021_14_acapulco_abierto_mexicano_2021-03-21_zverev_a_tsitsipas_s
tennis_data_uk,atp,2021,15,Dubai Tennis Championships,Dubai ,2021-03-14,atp_500,outdoor,hard,R64,3,Nishikori K.,Opelka R.,41,38,1423,1457,2,1,3,6,6,3,6,4,,,,,completed,2.1,1.72,2.23,1.72,2.38,1.78,2.18,1.68,2021_15_dubai_dubai_tennis_championships,2021_15_dubai_dubai_tennis_championships_2021-03-14_nishikori_k_opelka_r
tennis_data_uk,atp,2021,15,Dubai Tennis Championships,Dubai ,2021-03-14,atp_500,outdoor,hard,R64,3,Chardy J.,Ramos-Vinolas A.,53,47,1120,1360,2,1,6,3,3,6,6,4,,,,,completed,1.36,3.2,1.36,3.4,1.37,3.75,1.32,3.34,2021_15_dubai_dubai_tennis_championships,2021_15_dubai_dubai_tennis_championships_2021-03-14_chardy_j_ramos_vinolas_a
tennis_data_uk,atp,2021,15,Dubai Tennis Championships,Dubai ,2021-03-14,atp_500,outdoor,hard,R64,3,Karatsev A.,Gerasimov E.,42,77,1395,936,2,0,6,4,6,4,,,,,,,completed,1.4,3.0,1.43,3.03,1.46,3.2,1.4,2.9,2021_15_dubai_dubai_tennis_championships,2021_15_dubai_dubai_tennis_championships_2021-03-14_karatsev_a_gerasimov_e
tennis_data_uk,atp,2021,15,Dubai Tennis Championships,Dubai ,2021-03-14,atp_500,outdoor,hard,R64,3,Bublik A.,Nishioka Y.,43,64,1385,1046,2,0,6,4,7,6,,,,,,,completed,1.44,2.75,1.51,2.72,1.58,3.26,1.47,2.67,2021_15_dubai_dubai_tennis_championships,2021_15_dubai_dubai_tennis_championships_2021-03-14_bublik_a_nishioka_y
tennis_data_uk,atp,2021,15,Dubai Tennis Championships,Dubai ,2021-03-14,atp_500,outdoor,hard,R64,3,Jaziri M.,Tsonga J.W.,258,66,229,1025,0,0,3,3,,,,,,,,,retired,3.75,1.28,3.8,1.3,4.0,1.31,3.61,1.28,2021_15_dubai_dubai_tennis_championships,2021_15_dubai_dubai_tennis_championships_2021-03-14_jaziri_m_tsonga_j_w
tennis_data_uk,atp,2021,15,Dubai Tennis Championships,Dubai ,2021-03-14,atp_500,outdoor,hard,R64,3,Popyrin A.,Novak D.,86,99,863,785,2,0,7,6,7,5,,,,,,,completed,1.44,2.75,1.39,3.23,1.5,3.23,1.43,2.8,2021_15_dubai_dubai_tennis_championships,2021_15_dubai_dubai_tennis_championships_2021-03-14_popyrin_a_novak_d
tennis_data_uk,atp,2021,15,Dubai Tennis Championships,Dubai ,2021-03-15,atp_500,outdoor,hard,R64,3,Struff J.L.,Kukushkin M.,39,104,1450,769,2,0,6,3,6,2,,,,,,,completed,1.5,2.62,1.53,2.67,1.59,2.7,1.5,2.57,2021_15_dubai_dubai_tennis_championships,2021_15_dubai_dubai_tennis_championships_2021-03-15_struff_j_l_kukushkin_m
tennis_data_uk,atp,2021,15,Dubai Tennis Championships,Dubai ,2021-03-15,atp_500,outdoor,hard,R64,3,Davidovich Fokina A.,Albot R.,52,76,1144,936,2,0,6,4,6,4,,,,,,,completed,1.44,2.75,1.47,2.88,1.51,2.91,1.45,2.74,2021_15_dubai_dubai_tennis_championships,2021_15_dubai_dubai_tennis_championships_2021-03-15_davidovich_fokina_a_albot_r
tennis_data_uk,atp,2021,15,Dubai Tennis Championships,Dubai ,2021-03-15,atp_500,outdoor,hard,R64,3,Zapata Miralles B.,Millman J.,150,40,489,1426,2,0,6,4,6,4,,,,,,,completed,2.1,1.72,2.14,1.78,2.3,1.85,2.08,1.75,2021_15_dubai_dubai_tennis_championships,2021_15_dubai_dubai_tennis_championships_2021-03-15_zapata_miralles_b_millman_j
tennis_data_uk,atp,2021,15,Dubai Tennis Championships,Dubai ,2021-03-15,atp_500,outdoor,hard,R64,3,Bedene A.,Bhambri Y.,59,,1085,,2,1,3,6,6,1,6,4,,,,,completed,1.4,3.0,1.4,3.2,1.43,3.25,1.38,3.0,2021_15_dubai_dubai_tennis_championships,2021_15_dubai_dubai_tennis_championships_2021-03-15_bedene_a_bhambri_y
tennis_data_uk,atp,2021,15,Dubai Tennis Championships,Dubai ,2021-03-15,atp_500,outdoor,hard,R64,3,Harris L.,O Connell C.,81,122,885,617,2,1,6,7,6,4,6,1,,,,,completed,1.36,3.2,1.37,3.33,1.38,3.4,1.35,3.15,2021_15_dubai_dubai_tennis_championships,2021_15_dubai_dubai_tennis_championships_2021-03-15_harris_l_o_connell_c
tennis_data_uk,atp,2021,15,Dubai Tennis Championships,Dubai ,2021-03-15,atp_500,outdoor,hard,R64,3,Gasquet R.,Cecchinato M.,49,89,1185,856,2,0,6,4,6,2,,,,,,,completed,1.4,3.0,1.39,3.21,1.43,3.35,1.38,3.02,2021_15_dubai_dubai_tennis_championships,2021_15_dubai_dubai_tennis_championships_2021-03-15_gasquet_r_cecchinato_m
tennis_data_uk,atp,2021,15,Dubai Tennis Championships,Dubai ,2021-03-15,atp_500,outdoor,hard,R64,3,Ruusuvuori E.,Thompson J.,87,55,861,1104,2,0,6,3,7,6,,,,,,,completed,1.4,3.0,1.36,3.39,1.4,3.39,1.37,3.06,2021_15_dubai_dubai_tennis_championships,2021_15_dubai_dubai_tennis_championships_2021-03-15_ruusuvuori_e_thompson_j
tennis_data_uk,atp,2021,15,Dubai Tennis Championships,Dubai ,2021-03-15,atp_500,outdoor,hard,R64,3,Fucsovics M.,Pospisil V.,44,65,1382,1033,2,1,2,6,7,5,6,4,,,,,completed,1.61,2.3,1.57,2.55,1.65,2.6,1.57,2.39,2021_15_dubai_dubai_tennis_championships,2021_15_dubai_dubai_tennis_championships_2021-03-15_fucsovics_m_pospisil_v
tennis_data_uk,atp,2021,15,Dubai Tennis Championships,Dubai ,2021-03-15,atp_500,outdoor,hard,R32,3,Chardy J.,De Minaur A.,53,23,1120,2190,2,1,2,6,6,3,6,4,,,,,completed,3.2,1.36,3.29,1.39,3.33,1.43,3.01,1.38,2021_15_dubai_dubai_tennis_championships,2021_15_dubai_dubai_tennis_championships_2021-03-15_chardy_j_de_minaur_a
tennis_data_uk,atp,2021,15,Dubai Tennis Championships,Dubai ,2021-03-16,atp_500,outdoor,hard,R32,3,Sonego L.,Zapata Miralles B.,37,150,1643,489,2,0,6,2,6,2,,,,,,,completed,1.53,2.5,1.51,2.77,1.58,2.8,1.5,2.58,2021_15_dubai_dubai_tennis_championships,2021_15_dubai_dubai_tennis_championships_2021-03-16_sonego_l_zapata_miralles_b
tennis_data_uk,atp,2021,15,Dubai Tennis Championships,Dubai ,2021-03-16,atp_500,outdoor,hard,R32,3,Hurkacz H.,Gasquet R.,35,49,1645,1185,2,0,6,3,6,4,,,,,,,completed,1.53,2.5,1.56,2.62,1.62,2.62,1.53,2.48,2021_15_dubai_dubai_tennis_championships,2021_15_dubai_dubai_tennis_championships_2021-03-16_hurkacz_h_gasquet_r
tennis_data_uk,atp,2021,15,Dubai Tennis Championships,Dubai ,2021-03-16,atp_500,outdoor,hard,R32,3,Karatsev A.,Evans D.,42,28,1395,1813,2,1,6,4,4,6,6,4,,,,,completed,1.9,1.9,1.93,1.97,2.0,2.06,1.87,1.93,2021_15_dubai_dubai_tennis_championships,2021_15_dubai_dubai_tennis_championships_2021-03-16_karatsev_a_evans_d
tennis_data_uk,atp,2021,15,Dubai Tennis Championships,Dubai ,2021-03-16,atp_500,outdoor,hard,R32,3,Shapovalov D.,Struff J.L.,12,39,2865,1450,2,0,6,1,6,3,,,,,,,completed,1.53,2.5,1.5,2.79,1.57,2.79,1.51,2.55,2021_15_dubai_dubai_tennis_championships,2021_15_dubai_dubai_tennis_championships_2021-03-16_shapovalov_d_struff_j_l
tennis_data_uk,atp,2021,15,Dubai Tennis Championships,Dubai ,2021-03-16,atp_500,outdoor,hard,R32,3,Khachanov K.,Popyrin A.,22,86,2200,863,2,1,6,4,3,6,7,6,,,,,completed,1.57,2.37,1.64,2.42,1.64,2.55,1.57,2.39,2021_15_dubai_dubai_tennis_championships,2021_15_dubai_dubai_tennis_championships_2021-03-16_khachanov_k_popyrin_a
tennis_data_uk,atp,2021,15,Dubai Tennis Championships,Dubai ,2021-03-16,atp_500,outdoor,hard,R32,3,Sinner J.,Bublik A.,32,43,1719,1385,2,1,2,6,7,6,6,4,,,,,completed,1.44,2.75,1.42,3.14,1.49,3.14,1.44,2.78,2021_15_dubai_dubai_tennis_championships,2021_15_dubai_dubai_tennis_championships_2021-03-16_sinner_j_bublik_a
tennis_data_uk,atp,2021,15,Dubai Tennis Championships,Dubai ,2021-03-16,atp_500,outdoor,hard,R32,3,Lajovic D.,Jaziri M.,26,258,1895,229,2,0,7,5,6,2,,,,,,,completed,1.22,4.33,1.22,4.93,1.22,5.2,1.19,4.62,2021_15_dubai_dubai_tennis_championships,2021_15_dubai_dubai_tennis_championships_2021-03-16_lajovic_d_jaziri_m
tennis_data_uk,atp,2021,15,Dubai Tennis Championships,Dubai ,2021-03-16,atp_500,outdoor,hard,R32,3,Rublev A.,Ruusuvuori E.,8,87,5011,861,2,0,6,4,6,4,,,,,,,completed,1.14,5.5,1.2,5.16,1.2,5.8,1.16,5.11,2021_15_dubai_dubai_tennis_championships,2021_15_dubai_dubai_tennis_championships_2021-03-16_rublev_a_ruusuvuori_e
tennis_data_uk,atp,2021,15,Dubai Tennis Championships,Dubai ,2021-03-16,atp_500,outdoor,hard,R32,3,Bedene A.,Giustino L.,59,163,1085,443,2,0,6,4,6,3,,,,,,,completed,1.16,5.0,1.23,4.73,1.24,5.2,1.19,4.7,2021_15_dubai_dubai_tennis_championships,2021_15_dubai_dubai_tennis_championships_2021-03-16_bedene_a_giustino_l
tennis_data_uk,atp,2021,15,Dubai Tennis Championships,Dubai ,2021-03-16,atp_500,outdoor,hard,R32,3,Bautista Agut R.,Ebden M.,11,221,2910,297,0,0,4,1,,,,,,,,,retired,1.14,5.5,1.14,6.83,1.14,7.1,1.12,6.19,2021_15_dubai_dubai_tennis_championships,2021_15_dubai_dubai_tennis_championships_2021-03-16_bautista_agut_r_ebden_m
tennis_data_uk,atp,2021,15,Dubai Tennis Championships,Dubai ,2021-03-16,atp_500,outdoor,hard,R32,3,Fucsovics M.,Carreno Busta P.,44,15,1382,2630,2,1,6,7,6,3,6,2,,,,,completed,1.8,2.0,1.8,2.13,1.86,2.2,1.76,2.05,2021_15_dubai_dubai_tennis_championships,2021_15_dubai_dubai_tennis_championships_2021-03-16_fucsovics_m_carreno_busta_p
tennis_data_uk,atp,2021,15,Dubai Tennis Championships,Dubai ,2021-03-16,atp_500,outdoor,hard,R32,3,Fritz T.,Basilashvili N.,30,36,1775,1645,2,1,4,6,6,3,7,6,,,,,completed,1.61,2.3,1.7,2.29,1.7,2.4,1.63,2.25,2021_15_dubai_dubai_tennis_championships,2021_15_dubai_dubai_tennis_championships_2021-03-16_fritz_t_basilashvili_n
tennis_data_uk,atp,2021,15,Dubai Tennis Championships,Dubai ,2021-03-16,atp_500,outdoor,hard,R32,3,Nishikori K.,Goffin D.,41,13,1423,2795,2,0,6,3,7,6,,,,,,,completed,2.2,1.66,2.24,1.73,2.33,1.78,2.15,1.7,2021_15_dubai_dubai_tennis_championships,2021_15_dubai_dubai_tennis_championships_2021-03-16_nishikori_k_goffin_d
tennis_data_uk,atp,2021,15,Dubai Tennis Championships,Dubai ,2021-03-16,atp_500,outdoor,hard,R32,3,Krajinovic F.,Davidovich Fokina A.,33,52,1665,1144,2,0,7,5,6,4,,,,,,,completed,2.0,1.8,2.02,1.88,2.07,2.05,1.96,1.84,2021_15_dubai_dubai_tennis_championships,2021_15_dubai_dubai_tennis_championships_2021-03-16_krajinovic_f_davidovich_fokina_a
tennis_data_uk,atp,2021,15,Dubai Tennis Championships,Dubai ,2021-03-16,atp_500,outdoor,hard,R32,3,Harris L.,Thiem D.,81,4,885,8625,2,0,6,3,6,4,,,,,,,completed,4.0,1.25,3.83,1.31,4.0,1.31,3.76,1.27,2021_15_dubai_dubai_tennis_championships,2021_15_dubai_dubai_tennis_championships_2021-03-16_harris_l_thiem_d
tennis_data_uk,atp,2021,15,Dubai Tennis Championships,Dubai ,2021-03-17,atp_500,outdoor,hard,R16,3,Shapovalov D.,Hurkacz H.,12,35,2865,1645,2,0,6,4,6,3,,,,,,,completed,1.53,2.5,1.52,2.71,1.58,2.8,1.49,2.61,2021_15_dubai_dubai_tennis_championships,2021_15_dubai_dubai_tennis_championships_2021-03-17_shapovalov_d_hurkacz_h
tennis_data_uk,atp,2021,15,Dubai Tennis Championships,Dubai ,2021-03-17,atp_500,outdoor,hard,R16,3,Chardy J.,Khachanov K.,53,22,1120,2200,2,1,6,7,6,4,6,4,,,,,completed,2.37,1.57,2.51,1.6,2.55,1.7,2.34,1.59,2021_15_dubai_dubai_tennis_championships,2021_15_dubai_dubai_tennis_championships_2021-03-17_chardy_j_khachanov_k
tennis_data_uk,atp,2021,15,Dubai Tennis Championships,Dubai ,2021-03-17,atp_500,outdoor,hard,R16,3,Sinner J.,Bautista Agut R.,32,11,1719,2910,2,1,6,4,3,6,7,5,,,,,completed,2.1,1.72,2.15,1.79,2.21,1.83,2.1,1.73,2021_15_dubai_dubai_tennis_championships,2021_15_dubai_dubai_tennis_championships_2021-03-17_sinner_j_bautista_agut_r
tennis_data_uk,atp,2021,15,Dubai Tennis Championships,Dubai ,2021-03-17,atp_500,outdoor,hard,R16,3,Karatsev A.,Sonego L.,42,37,1395,1643,2,1,3,6,6,3,6,4,,,,,completed,1.57,2.37,1.58,2.54,1.63,2.54,1.58,2.37,2021_15_dubai_dubai_tennis_championships,2021_15_dubai_dubai_tennis_championships_2021-03-17_karatsev_a_sonego_l
tennis_data_uk,atp,2021,15,Dubai Tennis Championships,Dubai ,2021-03-17,atp_500,outdoor,hard,R16,3,Nishikori K.,Bedene A.,41,59,1423,1085,2,0,6,4,6,4,,,,,,,completed,1.44,2.75,1.48,2.86,1.48,3.17,1.42,2.83,2021_15_dubai_dubai_tennis_championships,2021_15_dubai_dubai_tennis_championships_2021-03-17_nishikori_k_bedene_a
tennis_data_uk,atp,2021,15,Dubai Tennis Championships,Dubai ,2021-03-17,atp_500,outdoor,hard,R16,3,Fucsovics M.,Lajovic D.,44,26,1382,1895,2,1,6,1,4,6,6,4,,,,,completed,1.5,2.62,1.51,2.77,1.54,2.91,1.47,2.63,2021_15_dubai_dubai_tennis_championships,2021_15_dubai_dubai_tennis_championships_2021-03-17_fucsovics_m_lajovic_d
tennis_data_uk,atp,2021,15,Dubai Tennis Championships,Dubai ,2021-03-17,atp_500,outdoor,hard,R16,3,Rublev A.,Fritz T.,8,30,5011,1775,2,0,6,3,6,1,,,,,,,completed,1.25,4.0,1.2,5.15,1.25,5.25,1.21,4.42,2021_15_dubai_dubai_tennis_championships,2021_15_dubai_dubai_tennis_championships_2021-03-17_rublev_a_fritz_t
tennis_data_uk,atp,2021,15,Dubai Tennis Championships,Dubai ,2021-03-17,atp_500,outdoor,hard,R16,3,Harris L.,Krajinovic F.,81,33,885,1665,2,0,7,6,6,4,,,,,,,completed,2.0,1.8,1.9,2.01,2.06,2.01,1.95,1.85,2021_15_dubai_dubai_tennis_championships,2021_15_dubai_dubai_tennis_championships_2021-03-17_harris_l_krajinovic_f
tennis_data_uk,atp,2021,15,Dubai Tennis Championships,Dubai ,2021-03-18,atp_500,outdoor,hard,QF,3,Shapovalov D.,Chardy J.,12,53,2865,1120,2,0,7,5,6,4,,,,,,,completed,1.3,3.5,1.33,3.68,1.35,3.68,1.31,3.4,2021_15_dubai_dubai_tennis_championships,2021_15_dubai_dubai_tennis_championships_2021-03-18_shapovalov_d_chardy_j
tennis_data_uk,atp,2021,15,Dubai Tennis Championships,Dubai ,2021-03-18,atp_500,outdoor,hard,QF,3,Karatsev A.,Sinner J.,42,32,1395,1719,2,1,6,7,6,3,6,2,,,,,completed,2.62,1.5,2.55,1.58,2.78,1.58,2.54,1.52,2021_15_dubai_dubai_tennis_championships,2021_15_dubai_dubai_tennis_championships_2021-03-18_karatsev_a_sinner_j
tennis_data_uk,atp,2021,15,Dubai Tennis Championships,Dubai ,2021-03-18,atp_500,outdoor,hard,QF,3,Harris L.,Nishikori K.,81,41,885,1423,2,1,6,1,3,6,6,3,,,,,completed,2.0,1.8,2.05,1.86,2.2,1.86,2.05,1.77,2021_15_dubai_dubai_tennis_championships,2021_15_dubai_dubai_tennis_championships_2021-03-18_harris_l_nishikori_k
tennis_data_uk,atp,2021,15,Dubai Tennis Championships,Dubai ,2021-03-18,atp_500,outdoor,hard,QF,3,Rublev A.,Fucsovics M.,8,44,5011,1382,2,0,7,5,6,2,,,,,,,completed,1.16,5.0,1.18,5.65,1.18,6.5,1.16,5.3,2021_15_dubai_dubai_tennis_championships,2021_15_dubai_dubai_tennis_championships_2021-03-18_rublev_a_fucsovics_m
tennis_data_uk,atp,2021,15,Dubai Tennis Championships,Dubai ,2021-03-19,atp_500,outdoor,hard,SF,3,Harris L.,Shapovalov D.,81,12,885,2865,2,1,6,7,6,4,7,6,,,,,completed,3.0,1.4,3.18,1.41,3.38,1.45,3.07,1.37,2021_15_dubai_dubai_tennis_championships,2021_15_dubai_dubai_tennis_championships_2021-03-19_harris_l_shapovalov_d
tennis_data_uk,atp,2021,15,Dubai Tennis Championships,Dubai ,2021-03-19,atp_500,outdoor,hard,SF,3,Karatsev A.,Rublev A.,42,8,1395,5011,2,1,6,2,4,6,6,4,,,,,completed,4.33,1.22,4.71,1.23,4.78,1.25,4.24,1.22,2021_15_dubai_dubai_tennis_championships,2021_15_dubai_dubai_tennis_championships_2021-03-19_karatsev_a_rublev_a
tennis_data_uk,atp,2021,15,Dubai Tennis Championships,Dubai ,2021-03-20,atp_500,outdoor,hard,F,3,Karatsev A.,Harris L.,42,81,1395,885,2,0,6,3,6,2,,,,,,,completed,1.5,2.62,1.54,2.66,1.57,2.71,1.51,2.57,2021_15_dubai_dubai_tennis_championships,2021_15_dubai_dubai_tennis_championships_2021-03-20_karatsev_a_harris_l
tennis_data_uk,atp,2021,16,Miami Open,Miami,2021-03-24,masters_1000,outdoor,hard,R128,3,Popyrin A.,Lopez F.,86,64,873,1066,2,0,6,4,7,6,,,,,,,completed,1.36,3.2,1.4,3.22,1.4,3.4,1.36,3.13,2021_16_miami_miami_open,2021_16_miami_miami_open_2021-03-24_popyrin_a_lopez_f
tennis_data_uk,atp,2021,16,Miami Open,Miami,2021-03-24,masters_1000,outdoor,hard,R128,3,Herbert P.H.,Sousa P.,74,111,972,716,2,0,6,1,6,3,,,,,,,completed,1.16,5.0,1.26,4.38,1.26,6.7,1.19,4.68,2021_16_miami_miami_open,2021_16_miami_miami_open_2021-03-24_herbert_p_h_sousa_p
tennis_data_uk,atp,2021,16,Miami Open,Miami,2021-03-24,masters_1000,outdoor,hard,R128,3,Norrie C.,Nishioka Y.,56,66,1140,1046,2,1,6,1,3,6,7,5,,,,,completed,1.57,2.37,1.68,2.34,1.71,2.58,1.61,2.31,2021_16_miami_miami_open,2021_16_miami_miami_open_2021-03-24_norrie_c_nishioka_y
tennis_data_uk,atp,2021,16,Miami Open,Miami,2021-03-24,masters_1000,outdoor,hard,R128,3,Ymer M.,Tabilo A.,95,167,820,431,2,0,6,3,6,1,,,,,,,completed,1.66,2.2,1.63,2.43,1.69,2.43,1.63,2.27,2021_16_miami_miami_open,2021_16_miami_miami_open_2021-03-24_ymer_m_tabilo_a
tennis_data_uk,atp,2021,16,Miami Open,Miami,2021-03-24,masters_1000,outdoor,hard,R128,3,Giron M.,Paul T.,88,53,864,1155,2,0,7,6,6,4,,,,,,,completed,2.3,1.61,2.42,1.64,2.43,1.71,2.27,1.63,2021_16_miami_miami_open,2021_16_miami_miami_open_2021-03-24_giron_m_paul_t
tennis_data_uk,atp,2021,16,Miami Open,Miami,2021-03-24,masters_1000,outdoor,hard,R128,3,Lu Y.,Querrey S.,1020,63,10,1073,2,0,6,3,6,4,,,,,,,completed,6.0,1.12,8.28,1.11,8.55,1.12,7.14,1.1,2021_16_miami_miami_open,2021_16_miami_miami_open_2021-03-24_lu_y_querrey_s
tennis_data_uk,atp,2021,16,Miami Open,Miami,2021-03-24,masters_1000,outdoor,hard,R128,3,Gaston H.,Koepfer D.,162,54,445,1146,2,0,6,1,6,4,,,,,,,completed,3.0,1.4,3.05,1.43,3.35,1.46,2.99,1.39,2021_16_miami_miami_open,2021_16_miami_miami_open_2021-03-24_gaston_h_koepfer_d
tennis_data_uk,atp,2021,16,Miami Open,Miami,2021-03-24,masters_1000,outdoor,hard,R128,3,Escobedo E.,Lorenzi P.,205,157,343,457,2,0,6,3,6,2,,,,,,,completed,1.25,4.0,1.26,4.3,1.27,4.35,1.24,4.02,2021_16_miami_miami_open,2021_16_miami_miami_open_2021-03-24_escobedo_e_lorenzi_p
tennis_data_uk,atp,2021,16,Miami Open,Miami,2021-03-24,masters_1000,outdoor,hard,R128,3,Hanfmann Y.,Johnson S.,108,82,750,885,2,0,7,5,6,2,,,,,,,completed,1.66,2.2,1.69,2.3,1.81,2.3,1.71,2.14,2021_16_miami_miami_open,2021_16_miami_miami_open_2021-03-24_hanfmann_y_johnson_s
tennis_data_uk,atp,2021,16,Miami Open,Miami,2021-03-24,masters_1000,outdoor,hard,R128,3,Berankis R.,Gaio F.,89,142,860,526,2,0,7,6,6,2,,,,,,,completed,1.61,2.3,1.63,2.43,1.67,2.47,1.62,2.29,2021_16_miami_miami_open,2021_16_miami_miami_open_2021-03-24_berankis_r_gaio_f
tennis_data_uk,atp,2021,16,Miami Open,Miami,2021-03-24,masters_1000,outdoor,hard,R128,3,Duckworth J.,Zverev M.,104,280,771,209,2,1,6,2,4,6,6,4,,,,,completed,1.57,2.37,1.65,2.39,1.73,2.5,1.62,2.29,2021_16_miami_miami_open,2021_16_miami_miami_open_2021-03-24_duckworth_j_zverev_m
tennis_data_uk,atp,2021,16,Miami Open,Miami,2021-03-24,masters_1000,outdoor,hard,R128,3,Harris L.,Nava E.,52,556,1175,57,2,0,6,4,7,6,,,,,,,completed,1.2,4.5,1.24,4.53,1.25,4.8,1.21,4.35,2021_16_miami_miami_open,2021_16_miami_miami_open_2021-03-24_harris_l_nava_e
tennis_data_uk,atp,2021,16,Miami Open,Miami,2021-03-24,masters_1000,outdoor,hard,R128,3,Mcdonald M.,Pospisil V.,120,67,633,1033,2,1,6,3,4,6,6,3,,,,,completed,1.8,2.0,1.88,2.02,1.95,2.06,1.82,1.99,2021_16_miami_miami_open,2021_16_miami_miami_open_2021-03-24_mcdonald_m_pospisil_v
tennis_data_uk,atp,2021,16,Miami Open,Miami,2021-03-24,masters_1000,outdoor,hard,R128,3,Djere L.,Vesely J.,57,71,1131,993,2,1,6,3,5,7,6,1,,,,,completed,2.37,1.57,2.47,1.61,2.65,1.61,2.44,1.55,2021_16_miami_miami_open,2021_16_miami_miami_open_2021-03-24_djere_l_vesely_j
tennis_data_uk,atp,2021,16,Miami Open,Miami,2021-03-25,masters_1000,outdoor,hard,R128,3,Ruusuvuori E.,Alcaraz C.,83,132,881,561,2,1,6,4,2,6,7,5,,,,,completed,1.57,2.37,1.62,2.46,1.65,2.5,1.58,2.39,2021_16_miami_miami_open,2021_16_miami_miami_open_2021-03-25_ruusuvuori_e_alcaraz_c
tennis_data_uk,atp,2021,16,Miami Open,Miami,2021-03-25,masters_1000,outdoor,hard,R128,3,Tiafoe F.,Travaglia S.,58,70,1120,1024,2,1,5,7,6,4,6,2,,,,,completed,1.3,3.5,1.32,3.71,1.38,3.71,1.33,3.28,2021_16_miami_miami_open,2021_16_miami_miami_open_2021-03-25_tiafoe_f_travaglia_s
tennis_data_uk,atp,2021,16,Miami Open,Miami,2021-03-25,masters_1000,outdoor,hard,R128,3,Kokkinakis T.,Mochizuki S.,243,654,258,39,2,0,6,3,6,3,,,,,,,completed,1.1,7.0,1.14,6.93,1.16,8.0,1.11,6.62,2021_16_miami_miami_open,2021_16_miami_miami_open_2021-03-25_kokkinakis_t_mochizuki_s
tennis_data_uk,atp,2021,16,Miami Open,Miami,2021-03-25,masters_1000,outdoor,hard,R128,3,Kukushkin M.,Draper J.,105,316,769,159,1,0,7,5,,,,,,,,,retired,1.5,2.62,1.5,2.79,1.54,2.8,1.49,2.64,2021_16_miami_miami_open,2021_16_miami_miami_open_2021-03-25_kukushkin_m_draper_j
tennis_data_uk,atp,2021,16,Miami Open,Miami,2021-03-25,masters_1000,outdoor,hard,R128,3,Ivashka I.,Kwon S.W.,116,79,673,910,2,1,7,6,6,7,7,6,,,,,completed,2.5,1.53,2.48,1.61,2.75,1.63,2.46,1.55,2021_16_miami_miami_open,2021_16_miami_miami_open_2021-03-25_ivashka_i_kwon_s_w
tennis_data_uk,atp,2021,16,Miami Open,Miami,2021-03-25,masters_1000,outdoor,hard,R128,3,Fratangelo B.,Verdasco F.,233,72,277,985,2,0,6,4,6,4,,,,,,,completed,1.36,3.2,1.45,2.99,1.45,3.2,1.4,2.96,2021_16_miami_miami_open,2021_16_miami_miami_open_2021-03-25_fratangelo_b_verdasco_f
tennis_data_uk,atp,2021,16,Miami Open,Miami,2021-03-25,masters_1000,outdoor,hard,R128,3,Kudla D.,Chardy J.,123,49,608,1190,2,1,3,6,6,3,6,4,,,,,completed,3.5,1.3,3.47,1.36,3.6,1.39,3.31,1.33,2021_16_miami_miami_open,2021_16_miami_miami_open_2021-03-25_kudla_d_chardy_j
tennis_data_uk,atp,2021,16,Miami Open,Miami,2021-03-25,masters_1000,outdoor,hard,R128,3,Thompson J.,Delbonis F.,60,80,1104,906,2,0,7,6,6,4,,,,,,,completed,1.61,2.3,1.63,2.44,1.71,2.46,1.62,2.29,2021_16_miami_miami_open,2021_16_miami_miami_open_2021-03-25_thompson_j_delbonis_f
tennis_data_uk,atp,2021,16,Miami Open,Miami,2021-03-25,masters_1000,outdoor,hard,R128,3,Uchiyama Y.,Caruso S.,110,85,716,876,2,0,6,3,6,4,,,,,,,completed,3.2,1.36,3.09,1.43,3.2,1.43,3.04,1.39,2021_16_miami_miami_open,2021_16_miami_miami_open_2021-03-25_uchiyama_y_caruso_s
tennis_data_uk,atp,2021,16,Miami Open,Miami,2021-03-25,masters_1000,outdoor,hard,R128,3,Cilic M.,Coria F.,45,84,1373,878,2,1,6,3,2,6,6,4,,,,,completed,1.2,4.5,1.18,5.59,1.23,5.75,1.17,5.07,2021_16_miami_miami_open,2021_16_miami_miami_open_2021-03-25_cilic_m_coria_f
tennis_data_uk,atp,2021,16,Miami Open,Miami,2021-03-25,masters_1000,outdoor,hard,R128,3,Kecmanovic M.,Broady L.,46,158,1364,457,2,1,7,5,6,7,6,1,,,,,completed,1.33,3.4,1.32,3.78,1.35,3.8,1.3,3.52,2021_16_miami_miami_open,2021_16_miami_miami_open_2021-03-25_kecmanovic_m_broady_l
tennis_data_uk,atp,2021,16,Miami Open,Miami,2021-03-25,masters_1000,outdoor,hard,R128,3,Dzumhur D.,Anderson K.,126,91,599,845,2,0,7,6,7,5,,,,,,,completed,3.2,1.36,3.32,1.37,3.32,1.43,3.07,1.37,2021_16_miami_miami_open,2021_16_miami_miami_open_2021-03-25_dzumhur_d_anderson_k
tennis_data_uk,atp,2021,16,Miami Open,Miami,2021-03-25,masters_1000,outdoor,hard,R128,3,Galan D.E.,Seyboth Wild T.,113,125,702,606,2,0,6,3,6,4,,,,,,,completed,1.9,1.9,1.96,1.94,2.05,1.95,1.93,1.88,2021_16_miami_miami_open,2021_16_miami_miami_open_2021-03-25_galan_d_e_seyboth_wild_t
tennis_data_uk,atp,2021,16,Miami Open,Miami,2021-03-25,masters_1000,outdoor,hard,R128,3,Sandgren T.,Martinez P.,62,93,1088,823,1,0,6,4,2,0,,,,,,,retired,1.57,2.37,1.67,2.35,1.69,2.4,1.61,2.31,2021_16_miami_miami_open,2021_16_miami_miami_open_2021-03-25_sandgren_t_martinez_p
tennis_data_uk,atp,2021,16,Miami Open,Miami,2021-03-25,masters_1000,outdoor,hard,R128,3,Korda S.,Albot R.,87,77,865,936,2,0,6,3,6,0,,,,,,,completed,1.4,3.0,1.43,3.07,1.43,3.15,1.4,2.93,2021_16_miami_miami_open,2021_16_miami_miami_open_2021-03-25_korda_s_albot_r
tennis_data_uk,atp,2021,16,Miami Open,Miami,2021-03-25,masters_1000,outdoor,hard,R128,3,Musetti L.,Mmoh M.,94,181,823,393,2,0,6,4,6,4,,,,,,,completed,1.53,2.5,1.59,2.52,1.61,2.8,1.55,2.45,2021_16_miami_miami_open,2021_16_miami_miami_open_2021-03-25_musetti_l_mmoh_m
tennis_data_uk,atp,2021,16,Miami Open,Miami,2021-03-26,masters_1000,outdoor,hard,R128,3,Sousa J.,O Connell C.,103,122,777,619,2,1,7,6,6,7,7,5,,,,,completed,3.4,1.33,3.44,1.36,3.6,1.36,3.37,1.32,2021_16_miami_miami_open,2021_16_miami_miami_open_2021-03-26_sousa_j_o_connell_c
tennis_data_uk,atp,2021,16,Miami Open,Miami,2021-03-26,masters_1000,outdoor,hard,R128,3,Bedene A.,Fabbiano T.,59,178,1110,400,2,1,7,6,1,6,6,3,,,,,completed,1.28,3.75,1.29,4.05,1.41,4.05,1.28,3.73,2021_16_miami_miami_open,2021_16_miami_miami_open_2021-03-26_bedene_a_fabbiano_t
tennis_data_uk,atp,2021,16,Miami Open,Miami,2021-03-26,masters_1000,outdoor,hard,R64,3,Popyrin A.,Opelka R.,86,41,873,1457,2,0,6,4,6,2,,,,,,,completed,2.1,1.72,2.19,1.76,2.25,1.78,2.14,1.71,2021_16_miami_miami_open,2021_16_miami_miami_open_2021-03-26_popyrin_a_opelka_r
tennis_data_uk,atp,2021,16,Miami Open,Miami,2021-03-26,masters_1000,outdoor,hard,R64,3,Duckworth J.,Goffin D.,104,13,771,2795,2,0,6,3,6,1,,,,,,,completed,5.0,1.16,5.82,1.17,6.0,1.18,5.38,1.15,2021_16_miami_miami_open,2021_16_miami_miami_open_2021-03-26_duckworth_j_goffin_d
tennis_data_uk,atp,2021,16,Miami Open,Miami,2021-03-26,masters_1000,outdoor,hard,R64,3,Lajovic D.,Escobedo E.,26,205,1895,343,2,0,6,2,6,3,,,,,,,completed,1.66,2.2,1.6,2.51,1.72,2.51,1.62,2.31,2021_16_miami_miami_open,2021_16_miami_miami_open_2021-03-26_lajovic_d_escobedo_e
tennis_data_uk,atp,2021,16,Miami Open,Miami,2021-03-26,masters_1000,outdoor,hard,R64,3,Fritz T.,Giron M.,32,88,1775,864,2,0,6,2,6,2,,,,,,,completed,1.5,2.62,1.6,2.5,1.6,2.77,1.52,2.52,2021_16_miami_miami_open,2021_16_miami_miami_open_2021-03-26_fritz_t_giron_m
tennis_data_uk,atp,2021,16,Miami Open,Miami,2021-03-26,masters_1000,outdoor,hard,R64,3,Norrie C.,Dimitrov G.,56,16,1140,2620,2,0,7,5,7,5,,,,,,,completed,2.62,1.5,2.75,1.51,2.85,1.57,2.59,1.5,2021_16_miami_miami_open,2021_16_miami_miami_open_2021-03-26_norrie_c_dimitrov_g
tennis_data_uk,atp,2021,16,Miami Open,Miami,2021-03-26,masters_1000,outdoor,hard,R64,3,Struff J.L.,Berankis R.,42,89,1450,860,2,0,6,3,6,4,,,,,,,completed,1.4,3.0,1.42,3.11,1.46,3.35,1.38,3.08,2021_16_miami_miami_open,2021_16_miami_miami_open_2021-03-26_struff_j_l_berankis_r
tennis_data_uk,atp,2021,16,Miami Open,Miami,2021-03-26,masters_1000,outdoor,hard,R64,3,Ymer M.,Basilashvili N.,95,38,820,1645,2,1,6,3,4,6,6,4,,,,,completed,2.37,1.57,2.64,1.55,2.65,1.63,2.42,1.56,2021_16_miami_miami_open,2021_16_miami_miami_open_2021-03-26_ymer_m_basilashvili_n
tennis_data_uk,atp,2021,16,Miami Open,Miami,2021-03-26,masters_1000,outdoor,hard,R64,3,Sinner J.,Gaston H.,31,162,1789,445,2,0,6,2,6,2,,,,,,,completed,1.16,5.0,1.19,5.42,1.23,5.5,1.17,5.0,2021_16_miami_miami_open,2021_16_miami_miami_open_2021-03-26_sinner_j_gaston_h
tennis_data_uk,atp,2021,16,Miami Open,Miami,2021-03-26,masters_1000,outdoor,hard,R64,3,Auger-Aliassime F.,Herbert P.H.,18,74,2561,972,2,0,6,4,6,4,,,,,,,completed,1.5,2.62,1.5,2.8,1.54,2.8,1.49,2.63,2021_16_miami_miami_open,2021_16_miami_miami_open_2021-03-26_auger_aliassime_f_herbert_p_h
tennis_data_uk,atp,2021,16,Miami Open,Miami,2021-03-26,masters_1000,outdoor,hard,R64,3,Medvedev D.,Lu Y.,2,1020,9940,10,2,0,6,2,6,2,,,,,,,completed,1.01,23.0,1.02,20.77,1.03,35.0,1.01,17.77,2021_16_miami_miami_open,2021_16_miami_miami_open_2021-03-26_medvedev_d_lu_y
tennis_data_uk,atp,2021,16,Miami Open,Miami,2021-03-26,masters_1000,outdoor,hard,R64,3,Khachanov K.,Hanfmann Y.,22,108,2200,750,2,0,6,3,6,2,,,,,,,completed,1.2,4.5,1.22,4.81,1.24,4.85,1.21,4.41,2021_16_miami_miami_open,2021_16_miami_miami_open_2021-03-26_khachanov_k_hanfmann_y
tennis_data_uk,atp,2021,16,Miami Open,Miami,2021-03-26,masters_1000,outdoor,hard,R64,3,Bautista Agut R.,Harris L.,12,52,2910,1175,,,,,,,,,,,,,walkover,1.36,3.2,1.32,3.79,1.4,4.0,1.31,3.51,2021_16_miami_miami_open,2021_16_miami_miami_open_2021-03-26_bautista_agut_r_harris_l
tennis_data_uk,atp,2021,16,Miami Open,Miami,2021-03-26,masters_1000,outdoor,hard,R64,3,Ruusuvuori E.,Zverev A.,83,7,881,6070,2,1,1,6,6,3,6,1,,,,,completed,5.0,1.16,6.01,1.17,6.5,1.2,5.39,1.15,2021_16_miami_miami_open,2021_16_miami_miami_open_2021-03-26_ruusuvuori_e_zverev_a
tennis_data_uk,atp,2021,16,Miami Open,Miami,2021-03-26,masters_1000,outdoor,hard,R64,3,Bublik A.,Djere L.,44,57,1385,1131,2,0,6,3,6,4,,,,,,,completed,1.53,2.5,1.58,2.55,1.59,2.64,1.55,2.47,2021_16_miami_miami_open,2021_16_miami_miami_open_2021-03-26_bublik_a_djere_l
tennis_data_uk,atp,2021,16,Miami Open,Miami,2021-03-26,masters_1000,outdoor,hard,R64,3,Tiafoe F.,Evans D.,58,29,1120,1813,2,1,6,7,6,3,6,3,,,,,completed,2.1,1.72,2.3,1.69,2.3,1.81,2.16,1.69,2021_16_miami_miami_open,2021_16_miami_miami_open_2021-03-26_tiafoe_f_evans_d
tennis_data_uk,atp,2021,16,Miami Open,Miami,2021-03-27,masters_1000,outdoor,hard,R64,3,Isner J.,Mcdonald M.,28,120,1850,633,2,1,2,6,6,3,7,5,,,,,completed,2.1,1.72,2.06,1.85,2.14,1.87,2.04,1.78,2021_16_miami_miami_open,2021_16_miami_miami_open_2021-03-27_isner_j_mcdonald_m
tennis_data_uk,atp,2021,16,Miami Open,Miami,2021-03-27,masters_1000,outdoor,hard,R64,3,Sonego L.,Fratangelo B.,34,233,1668,277,2,0,6,4,7,6,,,,,,,completed,1.61,2.3,1.6,2.51,1.66,2.55,1.56,2.42,2021_16_miami_miami_open,2021_16_miami_miami_open_2021-03-27_sonego_l_fratangelo_b
tennis_data_uk,atp,2021,16,Miami Open,Miami,2021-03-27,masters_1000,outdoor,hard,R64,3,Nishikori K.,Bedene A.,39,59,1513,1110,2,1,7,6,5,7,6,4,,,,,completed,1.4,3.0,1.37,3.39,1.41,3.4,1.36,3.14,2021_16_miami_miami_open,2021_16_miami_miami_open_2021-03-27_nishikori_k_bedene_a
tennis_data_uk,atp,2021,16,Miami Open,Miami,2021-03-27,masters_1000,outdoor,hard,R64,3,Raonic M.,Thompson J.,19,60,2450,1104,2,0,6,2,6,1,,,,,,,completed,1.16,5.0,1.23,4.73,1.24,5.16,1.19,4.64,2021_16_miami_miami_open,2021_16_miami_miami_open_2021-03-27_raonic_m_thompson_j
tennis_data_uk,atp,2021,16,Miami Open,Miami,2021-03-27,masters_1000,outdoor,hard,R64,3,Hurkacz H.,Kudla D.,37,123,1645,608,2,0,7,6,6,4,,,,,,,completed,1.4,3.0,1.41,3.15,1.47,3.15,1.41,2.9,2021_16_miami_miami_open,2021_16_miami_miami_open_2021-03-27_hurkacz_h_kudla_d
tennis_data_uk,atp,2021,16,Miami Open,Miami,2021-03-27,masters_1000,outdoor,hard,R64,3,Tsitsipas S.,Dzumhur D.,5,126,6950,599,2,0,6,1,6,4,,,,,,,completed,1.08,8.0,1.1,8.81,1.11,9.0,1.09,7.61,2021_16_miami_miami_open,2021_16_miami_miami_open_2021-03-27_tsitsipas_s_dzumhur_d
tennis_data_uk,atp,2021,16,Miami Open,Miami,2021-03-27,masters_1000,outdoor,hard,R64,3,Musetti L.,Paire B.,94,33,823,1773,2,0,6,3,6,3,,,,,,,completed,1.2,4.5,1.18,5.62,1.22,5.75,1.18,4.84,2021_16_miami_miami_open,2021_16_miami_miami_open_2021-03-27_musetti_l_paire_b
tennis_data_uk,atp,2021,16,Miami Open,Miami,2021-03-27,masters_1000,outdoor,hard,R64,3,Galan D.E.,De Minaur A.,113,23,702,2190,2,1,4,6,6,3,6,4,,,,,completed,6.0,1.12,7.09,1.13,7.25,1.14,6.38,1.12,2021_16_miami_miami_open,2021_16_miami_miami_open_2021-03-27_galan_d_e_de_minaur_a
tennis_data_uk,atp,2021,16,Miami Open,Miami,2021-03-27,masters_1000,outdoor,hard,R64,3,Cilic M.,Garin C.,45,20,1373,2385,2,1,3,6,7,5,7,6,,,,,completed,1.8,2.0,1.78,2.16,1.88,2.16,1.81,1.99,2021_16_miami_miami_open,2021_16_miami_miami_open_2021-03-27_cilic_m_garin_c
tennis_data_uk,atp,2021,16,Miami Open,Miami,2021-03-27,masters_1000,outdoor,hard,R64,3,Karatsev A.,Kukushkin M.,27,105,1888,769,2,0,6,4,6,3,,,,,,,completed,1.14,5.5,1.19,5.38,1.2,5.63,1.17,5.09,2021_16_miami_miami_open,2021_16_miami_miami_open_2021-03-27_karatsev_a_kukushkin_m
tennis_data_uk,atp,2021,16,Miami Open,Miami,2021-03-27,masters_1000,outdoor,hard,R64,3,Humbert U.,Sousa J.,30,103,1790,777,2,0,6,1,6,4,,,,,,,completed,1.16,5.0,1.24,4.61,1.25,5.0,1.21,4.4,2021_16_miami_miami_open,2021_16_miami_miami_open_2021-03-27_humbert_u_sousa_j
tennis_data_uk,atp,2021,16,Miami Open,Miami,2021-03-27,masters_1000,outdoor,hard,R64,3,Mannarino A.,Kecmanovic M.,36,46,1661,1364,2,0,6,3,6,4,,,,,,,completed,2.0,1.8,2.25,1.72,2.25,1.85,2.13,1.72,2021_16_miami_miami_open,2021_16_miami_miami_open_2021-03-27_mannarino_a_kecmanovic_m
tennis_data_uk,atp,2021,16,Miami Open,Miami,2021-03-27,masters_1000,outdoor,hard,R64,3,Shapovalov D.,Ivashka I.,11,116,3000,673,2,1,6,7,6,4,6,4,,,,,completed,1.11,6.5,1.13,7.02,1.14,7.45,1.12,6.32,2021_16_miami_miami_open,2021_16_miami_miami_open_2021-03-27_shapovalov_d_ivashka_i
tennis_data_uk,atp,2021,16,Miami Open,Miami,2021-03-27,masters_1000,outdoor,hard,R64,3,Fucsovics M.,Kokkinakis T.,40,243,1462,258,2,1,7,6,6,7,6,4,,,,,completed,1.66,2.2,1.83,2.1,1.83,2.33,1.75,2.09,2021_16_miami_miami_open,2021_16_miami_miami_open_2021-03-27_fucsovics_m_kokkinakis_t
tennis_data_uk,atp,2021,16,Miami Open,Miami,2021-03-27,masters_1000,outdoor,hard,R64,3,Rublev A.,Sandgren T.,8,62,5101,1088,2,0,6,1,6,2,,,,,,,completed,1.1,7.0,1.09,9.64,1.1,10.2,1.08,8.15,2021_16_miami_miami_open,2021_16_miami_miami_open_2021-03-27_rublev_a_sandgren_t
tennis_data_uk,atp,2021,16,Miami Open,Miami,2021-03-28,masters_1000,outdoor,hard,R64,3,Korda S.,Fognini F.,87,17,865,2570,2,1,1,6,6,4,6,2,,,,,completed,1.53,2.5,1.58,2.55,1.59,2.6,1.53,2.5,2021_16_miami_miami_open,2021_16_miami_miami_open_2021-03-28_korda_s_fognini_f
tennis_data_uk,atp,2021,16,Miami Open,Miami,2021-03-28,masters_1000,outdoor,hard,R64,3,Schwartzman D.,Uchiyama Y.,9,110,3640,716,2,0,6,3,6,3,,,,,,,completed,1.14,5.5,1.11,8.09,1.18,9.0,1.12,6.49,2021_16_miami_miami_open,2021_16_miami_miami_open_2021-03-28_schwartzman_d_uchiyama_y
tennis_data_uk,atp,2021,16,Miami Open,Miami,2021-03-28,masters_1000,outdoor,hard,R32,3,Bautista Agut R.,Struff J.L.,12,42,2910,1450,2,1,4,6,6,3,6,2,,,,,completed,1.28,3.75,1.3,3.92,1.31,4.2,1.27,3.75,2021_16_miami_miami_open,2021_16_miami_miami_open_2021-03-28_bautista_agut_r_struff_j_l
tennis_data_uk,atp,2021,16,Miami Open,Miami,2021-03-28,masters_1000,outdoor,hard,R32,3,Isner J.,Auger-Aliassime F.,28,18,1850,2561,2,0,7,6,7,6,,,,,,,completed,2.75,1.44,2.95,1.46,3.06,1.49,2.89,1.41,2021_16_miami_miami_open,2021_16_miami_miami_open_2021-03-28_isner_j_auger_aliassime_f
tennis_data_uk,atp,2021,16,Miami Open,Miami,2021-03-28,masters_1000,outdoor,hard,R32,3,Sinner J.,Khachanov K.,31,22,1789,2200,2,1,4,6,7,6,6,4,,,,,completed,1.57,2.37,1.66,2.36,1.71,2.47,1.63,2.29,2021_16_miami_miami_open,2021_16_miami_miami_open_2021-03-28_sinner_j_khachanov_k
tennis_data_uk,atp,2021,16,Miami Open,Miami,2021-03-28,masters_1000,outdoor,hard,R32,3,Medvedev D.,Popyrin A.,2,86,9940,873,2,1,7,6,6,7,6,4,,,,,completed,1.11,6.5,1.11,8.27,1.12,8.5,1.1,7.1,2021_16_miami_miami_open,2021_16_miami_miami_open_2021-03-28_medvedev_d_popyrin_a
tennis_data_uk,atp,2021,16,Miami Open,Miami,2021-03-28,masters_1000,outdoor,hard,R32,3,Ruusuvuori E.,Ymer M.,83,95,881,820,2,1,4,6,6,1,7,5,,,,,completed,1.5,2.62,1.51,2.78,1.57,2.78,1.49,2.62,2021_16_miami_miami_open,2021_16_miami_miami_open_2021-03-28_ruusuvuori_e_ymer_m
tennis_data_uk,atp,2021,16,Miami Open,Miami,2021-03-29,masters_1000,outdoor,hard,R32,3,Fritz T.,Norrie C.,32,56,1775,1140,2,1,6,4,3,6,6,1,,,,,completed,1.61,2.3,1.78,2.17,1.78,2.37,1.69,2.16,2021_16_miami_miami_open,2021_16_miami_miami_open_2021-03-29_fritz_t_norrie_c
tennis_data_uk,atp,2021,16,Miami Open,Miami,2021-03-29,masters_1000,outdoor,hard,R32,3,Bublik A.,Duckworth J.,44,104,1385,771,2,0,6,4,6,4,,,,,,,completed,1.4,3.0,1.44,3.02,1.48,3.07,1.42,2.87,2021_16_miami_miami_open,2021_16_miami_miami_open_2021-03-29_bublik_a_duckworth_j
tennis_data_uk,atp,2021,16,Miami Open,Miami,2021-03-29,masters_1000,outdoor,hard,R32,3,Tiafoe F.,Lajovic D.,58,26,1120,1895,2,1,1,6,7,5,6,3,,,,,completed,1.53,2.5,1.55,2.65,2.1,2.72,1.59,2.42,2021_16_miami_miami_open,2021_16_miami_miami_open_2021-03-29_tiafoe_f_lajovic_d
tennis_data_uk,atp,2021,16,Miami Open,Miami,2021-03-29,masters_1000,outdoor,hard,R32,3,Raonic M.,Humbert U.,19,30,2450,1790,2,0,6,4,7,5,,,,,,,completed,1.5,2.62,1.52,2.73,1.56,2.8,1.49,2.63,2021_16_miami_miami_open,2021_16_miami_miami_open_2021-03-29_raonic_m_humbert_u
tennis_data_uk,atp,2021,16,Miami Open,Miami,2021-03-29,masters_1000,outdoor,hard,R32,3,Cilic M.,Musetti L.,45,94,1373,823,2,0,6,3,6,4,,,,,,,completed,2.2,1.66,2.11,1.81,2.43,1.81,2.18,1.68,2021_16_miami_miami_open,2021_16_miami_miami_open_2021-03-29_cilic_m_musetti_l
tennis_data_uk,atp,2021,16,Miami Open,Miami,2021-03-29,masters_1000,outdoor,hard,R32,3,Hurkacz H.,Shapovalov D.,37,11,1645,3000,2,0,6,3,7,6,,,,,,,completed,2.75,1.44,3.06,1.43,3.06,1.49,2.76,1.45,2021_16_miami_miami_open,2021_16_miami_miami_open_2021-03-29_hurkacz_h_shapovalov_d
tennis_data_uk,atp,2021,16,Miami Open,Miami,2021-03-29,masters_1000,outdoor,hard,R32,3,Rublev A.,Fucsovics M.,8,40,5101,1462,2,0,6,2,6,1,,,,,,,completed,1.14,5.5,1.18,5.54,1.2,6.0,1.16,5.26,2021_16_miami_miami_open,2021_16_miami_miami_open_2021-03-29_rublev_a_fucsovics_m
tennis_data_uk,atp,2021,16,Miami Open,Miami,2021-03-29,masters_1000,outdoor,hard,R32,3,Schwartzman D.,Mannarino A.,9,36,3640,1661,2,0,6,1,6,4,,,,,,,completed,1.33,3.4,1.33,3.65,1.35,3.76,1.31,3.46,2021_16_miami_miami_open,2021_16_miami_miami_open_2021-03-29_schwartzman_d_mannarino_a
tennis_data_uk,atp,2021,16,Miami Open,Miami,2021-03-29,masters_1000,outdoor,hard,R32,3,Korda S.,Karatsev A.,87,27,865,1888,2,0,6,3,6,0,,,,,,,completed,3.0,1.4,2.8,1.5,3.11,1.5,2.88,1.42,2021_16_miami_miami_open,2021_16_miami_miami_open_2021-03-29_korda_s_karatsev_a
tennis_data_uk,atp,2021,16,Miami Open,Miami,2021-03-29,masters_1000,outdoor,hard,R32,3,Sonego L.,Galan D.E.,34,113,1668,702,2,0,7,6,6,3,,,,,,,completed,1.33,3.4,1.39,3.28,1.41,3.46,1.35,3.2,2021_16_miami_miami_open,2021_16_miami_miami_open_2021-03-29_sonego_l_galan_d_e
tennis_data_uk,atp,2021,16,Miami Open,Miami,2021-03-30,masters_1000,outdoor,hard,R32,3,Tsitsipas S.,Nishikori K.,5,39,6950,1513,2,1,6,3,3,6,6,1,,,,,completed,1.2,4.5,1.26,4.35,1.28,4.55,1.23,4.12,2021_16_miami_miami_open,2021_16_miami_miami_open_2021-03-30_tsitsipas_s_nishikori_k
tennis_data_uk,atp,2021,16,Miami Open,Miami,2021-03-30,masters_1000,outdoor,hard,R16,3,Bautista Agut R.,Isner J.,12,28,2910,1850,2,1,6,3,4,6,7,6,,,,,completed,1.53,2.5,1.56,2.6,1.62,2.75,1.53,2.49,2021_16_miami_miami_open,2021_16_miami_miami_open_2021-03-30_bautista_agut_r_isner_j
tennis_data_uk,atp,2021,16,Miami Open,Miami,2021-03-30,masters_1000,outdoor,hard,R16,3,Sinner J.,Ruusuvuori E.,31,83,1789,881,2,0,6,3,6,2,,,,,,,completed,1.44,2.75,1.5,2.8,1.5,3.3,1.43,2.82,2021_16_miami_miami_open,2021_16_miami_miami_open_2021-03-30_sinner_j_ruusuvuori_e
tennis_data_uk,atp,2021,16,Miami Open,Miami,2021-03-30,masters_1000,outdoor,hard,R16,3,Bublik A.,Fritz T.,44,32,1385,1775,2,1,6,7,6,3,6,4,,,,,completed,2.3,1.61,2.33,1.68,2.4,1.7,2.28,1.63,2021_16_miami_miami_open,2021_16_miami_miami_open_2021-03-30_bublik_a_fritz_t
tennis_data_uk,atp,2021,16,Miami Open,Miami,2021-03-30,masters_1000,outdoor,hard,R16,3,Hurkacz H.,Raonic M.,37,19,1645,2450,2,1,4,6,6,3,7,6,,,,,completed,3.2,1.36,3.0,1.45,3.25,1.45,2.99,1.39,2021_16_miami_miami_open,2021_16_miami_miami_open_2021-03-30_hurkacz_h_raonic_m
tennis_data_uk,atp,2021,16,Miami Open,Miami,2021-03-30,masters_1000,outdoor,hard,R16,3,Medvedev D.,Tiafoe F.,2,58,9940,1120,2,0,6,4,6,3,,,,,,,completed,1.14,5.5,1.16,6.2,1.18,6.5,1.15,5.49,2021_16_miami_miami_open,2021_16_miami_miami_open_2021-03-30_medvedev_d_tiafoe_f
tennis_data_uk,atp,2021,16,Miami Open,Miami,2021-03-30,masters_1000,outdoor,hard,R16,3,Korda S.,Schwartzman D.,87,9,865,3640,2,1,6,3,4,6,7,5,,,,,completed,2.37,1.57,2.45,1.63,2.45,1.8,2.3,1.62,2021_16_miami_miami_open,2021_16_miami_miami_open_2021-03-30_korda_s_schwartzman_d
tennis_data_uk,atp,2021,16,Miami Open,Miami,2021-03-31,masters_1000,outdoor,hard,R16,3,Rublev A.,Cilic M.,8,45,5101,1373,2,0,6,4,6,4,,,,,,,completed,1.1,7.0,1.1,8.59,1.11,8.75,1.09,7.24,2021_16_miami_miami_open,2021_16_miami_miami_open_2021-03-31_rublev_a_cilic_m
tennis_data_uk,atp,2021,16,Miami Open,Miami,2021-03-31,masters_1000,outdoor,hard,R16,3,Tsitsipas S.,Sonego L.,5,34,6950,1668,2,0,6,2,7,6,,,,,,,completed,1.12,6.0,1.15,6.38,1.15,6.6,1.13,5.86,2021_16_miami_miami_open,2021_16_miami_miami_open_2021-03-31_tsitsipas_s_sonego_l
tennis_data_uk,atp,2021,16,Miami Open,Miami,2021-03-31,masters_1000,outdoor,hard,QF,3,Sinner J.,Bublik A.,31,44,1789,1385,2,0,7,6,6,4,,,,,,,completed,1.36,3.2,1.33,3.64,1.37,3.7,1.33,3.33,2021_16_miami_miami_open,2021_16_miami_miami_open_2021-03-31_sinner_j_bublik_a
tennis_data_uk,atp,2021,16,Miami Open,Miami,2021-04-01,masters_1000,outdoor,hard,QF,3,Bautista Agut R.,Medvedev D.,12,2,2910,9940,2,0,6,4,6,2,,,,,,,completed,3.5,1.3,3.81,1.31,4.0,1.33,3.6,1.29,2021_16_miami_miami_open,2021_16_miami_miami_open_2021-04-01_bautista_agut_r_medvedev_d
tennis_data_uk,atp,2021,16,Miami Open,Miami,2021-04-01,masters_1000,outdoor,hard,QF,3,Hurkacz H.,Tsitsipas S.,37,5,1645,6950,2,1,2,6,6,3,6,4,,,,,completed,4.5,1.2,4.74,1.23,4.89,1.24,4.43,1.21,2021_16_miami_miami_open,2021_16_miami_miami_open_2021-04-01_hurkacz_h_tsitsipas_s
tennis_data_uk,atp,2021,16,Miami Open,Miami,2021-04-02,masters_1000,outdoor,hard,QF,3,Rublev A.,Korda S.,8,87,5101,865,2,0,7,5,7,6,,,,,,,completed,1.2,4.5,1.21,5.09,1.22,5.25,1.19,4.65,2021_16_miami_miami_open,2021_16_miami_miami_open_2021-04-02_rublev_a_korda_s
tennis_data_uk,atp,2021,16,Miami Open,Miami,2021-04-02,masters_1000,outdoor,hard,SF,3,Sinner J.,Bautista Agut R.,31,12,1789,2910,2,1,5,7,6,4,6,4,,,,,completed,2.0,1.8,2.09,1.83,2.28,1.87,2.06,1.77,2021_16_miami_miami_open,2021_16_miami_miami_open_2021-04-02_sinner_j_bautista_agut_r
tennis_data_uk,atp,2021,16,Miami Open,Miami,2021-04-03,masters_1000,outdoor,hard,SF,3,Hurkacz H.,Rublev A.,37,8,1645,5101,2,0,6,3,6,4,,,,,,,completed,4.33,1.22,4.45,1.25,4.65,1.26,4.2,1.22,2021_16_miami_miami_open,2021_16_miami_miami_open_2021-04-03_hurkacz_h_rublev_a
tennis_data_uk,atp,2021,16,Miami Open,Miami,2021-04-04,masters_1000,outdoor,hard,F,3,Hurkacz H.,Sinner J.,37,31,1645,1789,2,0,7,6,6,4,,,,,,,completed,2.37,1.57,2.36,1.66,2.55,1.7,2.38,1.59,2021_16_miami_miami_open,2021_16_miami_miami_open_2021-04-04_hurkacz_h_sinner_j
tennis_data_uk,atp,2021,17,Sardegna Open,Cagliari,2021-04-05,atp_250,outdoor,hard,R32,3,Gerasimov E.,Pella G.,80,48,936,1298,2,0,6,4,6,0,,,,,,,completed,2.5,1.53,2.44,1.61,2.56,1.61,2.44,1.55,2021_17_cagliari_sardegna_open,2021_17_cagliari_sardegna_open_2021-04-05_gerasimov_e_pella_g
tennis_data_uk,atp,2021,17,Sardegna Open,Cagliari,2021-04-05,atp_250,outdoor,hard,R32,3,Djere L.,Gaio F.,57,137,1133,534,2,0,6,4,6,2,,,,,,,completed,1.28,3.75,1.31,3.74,1.32,4.15,1.28,3.67,2021_17_cagliari_sardegna_open,2021_17_cagliari_sardegna_open_2021-04-05_djere_l_gaio_f
tennis_data_uk,atp,2021,17,Sardegna Open,Cagliari,2021-04-05,atp_250,outdoor,hard,R32,3,Hanfmann Y.,Paul T.,105,53,767,1155,2,1,7,6,5,7,6,3,,,,,completed,1.9,1.9,1.94,1.94,2.05,2.05,1.87,1.93,2021_17_cagliari_sardegna_open,2021_17_cagliari_sardegna_open_2021-04-05_hanfmann_y_paul_t
tennis_data_uk,atp,2021,17,Sardegna Open,Cagliari,2021-04-05,atp_250,outdoor,hard,R32,3,Bedene A.,Zeppieri G.,58,313,1125,162,2,1,1,6,7,5,7,6,,,,,completed,1.3,3.5,1.33,3.59,1.35,3.75,1.3,3.49,2021_17_cagliari_sardegna_open,2021_17_cagliari_sardegna_open_2021-04-05_bedene_a_zeppieri_g
tennis_data_uk,atp,2021,17,Sardegna Open,Cagliari,2021-04-06,atp_250,outdoor,hard,R32,3,Struff J.L.,Sousa J.,41,107,1485,757,2,1,1,6,6,1,7,5,,,,,completed,1.25,4.0,1.25,4.36,1.27,4.5,1.24,4.03,2021_17_cagliari_sardegna_open,2021_17_cagliari_sardegna_open_2021-04-06_struff_j_l_sousa_j
tennis_data_uk,atp,2021,17,Sardegna Open,Cagliari,2021-04-06,atp_250,outdoor,hard,R32,3,Millman J.,Coria F.,44,86,1436,878,2,1,7,6,3,6,6,3,,,,,completed,2.5,1.53,2.46,1.61,2.7,1.63,2.46,1.55,2021_17_cagliari_sardegna_open,2021_17_cagliari_sardegna_open_2021-04-06_millman_j_coria_f
tennis_data_uk,atp,2021,17,Sardegna Open,Cagliari,2021-04-06,atp_250,outdoor,hard,R32,3,Broady L.,Huesler M.A.,152,151,476,491,2,0,6,1,6,3,,,,,,,completed,2.1,1.72,2.27,1.7,2.35,1.83,2.13,1.72,2021_17_cagliari_sardegna_open,2021_17_cagliari_sardegna_open_2021-04-06_broady_l_huesler_m_a
tennis_data_uk,atp,2021,17,Sardegna Open,Cagliari,2021-04-06,atp_250,outdoor,hard,R32,3,Musetti L.,Novak D.,90,101,861,785,2,0,6,0,6,1,,,,,,,completed,1.22,4.33,1.25,4.36,1.26,4.5,1.23,4.15,2021_17_cagliari_sardegna_open,2021_17_cagliari_sardegna_open_2021-04-06_musetti_l_novak_d
tennis_data_uk,atp,2021,17,Sardegna Open,Cagliari,2021-04-06,atp_250,outdoor,hard,R32,3,Kovalik J.,Nagal S.,128,136,583,542,2,1,3,6,6,1,6,3,,,,,completed,2.62,1.5,2.67,1.53,2.77,1.57,2.54,1.51,2021_17_cagliari_sardegna_open,2021_17_cagliari_sardegna_open_2021-04-06_kovalik_j_nagal_s
tennis_data_uk,atp,2021,17,Sardegna Open,Cagliari,2021-04-06,atp_250,outdoor,hard,R32,3,Cecchinato M.,Fabbiano T.,93,172,834,416,2,1,6,4,4,6,6,3,,,,,completed,1.25,4.0,1.27,4.1,1.29,4.33,1.24,4.01,2021_17_cagliari_sardegna_open,2021_17_cagliari_sardegna_open_2021-04-06_cecchinato_m_fabbiano_t
tennis_data_uk,atp,2021,17,Sardegna Open,Cagliari,2021-04-06,atp_250,outdoor,hard,R32,3,Martin A.,Vesely J.,106,72,763,993,2,1,6,4,2,6,6,1,,,,,completed,2.62,1.5,2.5,1.59,2.77,1.62,2.47,1.55,2021_17_cagliari_sardegna_open,2021_17_cagliari_sardegna_open_2021-04-06_martin_a_vesely_j
tennis_data_uk,atp,2021,17,Sardegna Open,Cagliari,2021-04-06,atp_250,outdoor,hard,R32,3,Simon G.,Travaglia S.,63,69,1047,1024,2,1,1,6,6,3,6,4,,,,,completed,3.4,1.33,3.16,1.4,3.47,1.42,3.18,1.35,2021_17_cagliari_sardegna_open,2021_17_cagliari_sardegna_open_2021-04-06_simon_g_travaglia_s
tennis_data_uk,atp,2021,17,Sardegna Open,Cagliari,2021-04-07,atp_250,outdoor,hard,R16,3,Struff J.L.,Broady L.,41,152,1485,476,2,0,6,4,6,2,,,,,,,completed,1.57,2.37,1.65,2.38,1.69,2.63,1.58,2.37,2021_17_cagliari_sardegna_open,2021_17_cagliari_sardegna_open_2021-04-07_struff_j_l_broady_l
tennis_data_uk,atp,2021,17,Sardegna Open,Cagliari,2021-04-07,atp_250,outdoor,hard,R16,3,Bedene A.,Gerasimov E.,58,80,1125,936,2,0,6,4,7,6,,,,,,,completed,1.8,2.0,1.79,2.15,2.07,2.2,1.77,2.06,2021_17_cagliari_sardegna_open,2021_17_cagliari_sardegna_open_2021-04-07_bedene_a_gerasimov_e
tennis_data_uk,atp,2021,17,Sardegna Open,Cagliari,2021-04-07,atp_250,outdoor,hard,R16,3,Basilashvili N.,Kovalik J.,37,128,1600,583,2,1,4,6,6,4,7,5,,,,,completed,1.8,2.0,1.76,2.19,1.87,2.22,1.75,2.07,2021_17_cagliari_sardegna_open,2021_17_cagliari_sardegna_open_2021-04-07_basilashvili_n_kovalik_j
tennis_data_uk,atp,2021,17,Sardegna Open,Cagliari,2021-04-07,atp_250,outdoor,hard,R16,3,Fritz T.,Martin A.,30,106,1855,763,2,0,6,2,7,6,,,,,,,completed,1.57,2.37,1.61,2.49,1.66,2.55,1.58,2.37,2021_17_cagliari_sardegna_open,2021_17_cagliari_sardegna_open_2021-04-07_fritz_t_martin_a
tennis_data_uk,atp,2021,17,Sardegna Open,Cagliari,2021-04-08,atp_250,outdoor,hard,R16,3,Hanfmann Y.,Cecchinato M.,105,93,767,834,2,0,7,5,6,1,,,,,,,completed,1.8,2.0,1.88,2.03,1.95,2.07,1.81,1.99,2021_17_cagliari_sardegna_open,2021_17_cagliari_sardegna_open_2021-04-08_hanfmann_y_cecchinato_m
tennis_data_uk,atp,2021,17,Sardegna Open,Cagliari,2021-04-08,atp_250,outdoor,hard,R16,3,Musetti L.,Evans D.,90,32,861,1825,2,1,6,1,1,6,7,6,,,,,completed,1.3,3.5,1.28,4.14,1.37,4.25,1.27,3.72,2021_17_cagliari_sardegna_open,2021_17_cagliari_sardegna_open_2021-04-08_musetti_l_evans_d
tennis_data_uk,atp,2021,17,Sardegna Open,Cagliari,2021-04-08,atp_250,outdoor,hard,R16,3,Sonego L.,Simon G.,34,63,1717,1047,2,0,6,4,6,1,,,,,,,completed,1.36,3.2,1.35,3.53,1.4,3.53,1.35,3.19,2021_17_cagliari_sardegna_open,2021_17_cagliari_sardegna_open_2021-04-08_sonego_l_simon_g
tennis_data_uk,atp,2021,17,Sardegna Open,Cagliari,2021-04-08,atp_250,outdoor,hard,R16,3,Djere L.,Millman J.,57,44,1133,1436,2,0,6,3,6,3,,,,,,,completed,1.3,3.5,1.31,3.87,1.37,3.87,1.31,3.43,2021_17_cagliari_sardegna_open,2021_17_cagliari_sardegna_open_2021-04-08_djere_l_millman_j
tennis_data_uk,atp,2021,17,Sardegna Open,Cagliari,2021-04-09,atp_250,outdoor,hard,QF,3,Fritz T.,Bedene A.,30,58,1855,1125,2,0,6,3,6,4,,,,,,,completed,1.8,2.0,1.93,1.97,1.93,2.1,1.81,2.0,2021_17_cagliari_sardegna_open,2021_17_cagliari_sardegna_open_2021-04-09_fritz_t_bedene_a
tennis_data_uk,atp,2021,17,Sardegna Open,Cagliari,2021-04-09,atp_250,outdoor,hard,QF,3,Sonego L.,Hanfmann Y.,34,105,1717,767,2,1,3,6,7,6,6,3,,,,,completed,1.53,2.5,1.63,2.44,1.63,2.65,1.57,2.4,2021_17_cagliari_sardegna_open,2021_17_cagliari_sardegna_open_2021-04-09_sonego_l_hanfmann_y
tennis_data_uk,atp,2021,17,Sardegna Open,Cagliari,2021-04-09,atp_250,outdoor,hard,QF,3,Djere L.,Musetti L.,57,90,1133,861,2,1,6,4,4,6,6,2,,,,,completed,2.0,1.8,2.02,1.88,2.1,1.95,1.99,1.82,2021_17_cagliari_sardegna_open,2021_17_cagliari_sardegna_open_2021-04-09_djere_l_musetti_l
tennis_data_uk,atp,2021,17,Sardegna Open,Cagliari,2021-04-09,atp_250,outdoor,hard,QF,3,Basilashvili N.,Struff J.L.,37,41,1600,1485,2,1,7,5,4,6,6,3,,,,,completed,2.5,1.53,2.48,1.61,2.6,1.62,2.42,1.56,2021_17_cagliari_sardegna_open,2021_17_cagliari_sardegna_open_2021-04-09_basilashvili_n_struff_j_l
tennis_data_uk,atp,2021,17,Sardegna Open,Cagliari,2021-04-10,atp_250,outdoor,hard,SF,3,Sonego L.,Fritz T.,34,30,1717,1855,2,1,6,4,5,7,6,1,,,,,completed,1.72,2.1,1.69,2.3,1.8,2.4,1.7,2.15,2021_17_cagliari_sardegna_open,2021_17_cagliari_sardegna_open_2021-04-10_sonego_l_fritz_t
tennis_data_uk,atp,2021,17,Sardegna Open,Cagliari,2021-04-10,atp_250,outdoor,hard,SF,3,Djere L.,Basilashvili N.,57,37,1133,1600,2,0,6,2,6,0,,,,,,,completed,1.5,2.62,1.45,2.97,1.57,2.97,1.5,2.6,2021_17_cagliari_sardegna_open,2021_17_cagliari_sardegna_open_2021-04-10_djere_l_basilashvili_n
tennis_data_uk,atp,2021,17,Sardegna Open,Cagliari,2021-04-11,atp_250,outdoor,hard,F,3,Sonego L.,Djere L.,34,57,1717,1133,2,1,2,6,7,6,6,4,,,,,completed,2.2,1.66,2.37,1.66,2.45,1.73,2.28,1.63,2021_17_cagliari_sardegna_open,2021_17_cagliari_sardegna_open_2021-04-11_sonego_l_djere_l
tennis_data_uk,atp,2021,18,AnyTech365 Andalucia Open,Marbella,2021-04-05,atp_250,outdoor,hard,R32,3,Berankis R.,Pouille L.,88,84,871,894,2,1,6,4,6,7,7,5,,,,,completed,2.62,1.5,2.55,1.57,2.65,1.57,2.54,1.51,2021_18_marbella_anytech365_andalucia_open,2021_18_marbella_anytech365_andalucia_open_2021-04-05_berankis_r_pouille_l
tennis_data_uk,atp,2021,18,AnyTech365 Andalucia Open,Marbella,2021-04-05,atp_250,outdoor,hard,R32,3,Kwon S.W.,Rune H.,81,321,910,159,2,1,6,3,3,6,7,6,,,,,completed,3.4,1.33,2.8,1.49,3.55,1.55,3.01,1.39,2021_18_marbella_anytech365_andalucia_open,2021_18_marbella_anytech365_andalucia_open_2021-04-05_kwon_s_w_rune_h
tennis_data_uk,atp,2021,18,AnyTech365 Andalucia Open,Marbella,2021-04-05,atp_250,outdoor,hard,R32,3,Gombos N.,Londero J.I.,99,94,792,832,2,1,6,7,6,1,6,3,,,,,completed,2.1,1.72,2.25,1.71,2.25,1.83,2.12,1.72,2021_18_marbella_anytech365_andalucia_open,2021_18_marbella_anytech365_andalucia_open_2021-04-05_gombos_n_londero_j_i
tennis_data_uk,atp,2021,18,AnyTech365 Andalucia Open,Marbella,2021-04-05,atp_250,outdoor,hard,R32,3,Delbonis F.,Carballes Baena R.,85,98,884,801,2,0,7,5,6,1,,,,,,,completed,1.66,2.2,1.53,2.67,1.68,2.75,1.61,2.31,2021_18_marbella_anytech365_andalucia_open,2021_18_marbella_anytech365_andalucia_open_2021-04-05_delbonis_f_carballes_baena_r
tennis_data_uk,atp,2021,18,AnyTech365 Andalucia Open,Marbella,2021-04-06,atp_250,outdoor,hard,R32,3,Alcaraz C.,Milojevic N.,133,129,560,582,2,0,7,6,6,3,,,,,,,completed,1.4,3.0,1.47,2.88,1.47,3.1,1.42,2.86,2021_18_marbella_anytech365_andalucia_open,2021_18_marbella_anytech365_andalucia_open_2021-04-06_alcaraz_c_milojevic_n
tennis_data_uk,atp,2021,18,AnyTech365 Andalucia Open,Marbella,2021-04-06,atp_250,outdoor,hard,R32,3,Ivashka I.,Martinez P.,115,100,673,787,2,0,6,3,7,6,,,,,,,completed,2.62,1.5,2.58,1.56,2.8,1.56,2.58,1.5,2021_18_marbella_anytech365_andalucia_open,2021_18_marbella_anytech365_andalucia_open_2021-04-06_ivashka_i_martinez_p
tennis_data_uk,atp,2021,18,AnyTech365 Andalucia Open,Marbella,2021-04-06,atp_250,outdoor,hard,R32,3,Bagnis F.,Cerundolo F.,104,114,768,686,2,0,6,3,7,6,,,,,,,completed,2.1,1.72,1.97,1.92,2.12,1.95,2.0,1.81,2021_18_marbella_anytech365_andalucia_open,2021_18_marbella_anytech365_andalucia_open_2021-04-06_bagnis_f_cerundolo_f
tennis_data_uk,atp,2021,18,AnyTech365 Andalucia Open,Marbella,2021-04-06,atp_250,outdoor,hard,R32,3,Vilella Martinez M.,Zapata Miralles B.,188,146,375,512,2,0,6,2,6,3,,,,,,,completed,2.3,1.61,2.61,1.55,2.73,1.63,2.44,1.55,2021_18_marbella_anytech365_andalucia_open,2021_18_marbella_anytech365_andalucia_open_2021-04-06_vilella_martinez_m_zapata_miralles_b
tennis_data_uk,atp,2021,18,AnyTech365 Andalucia Open,Marbella,2021-04-06,atp_250,outdoor,hard,R32,3,Lopez F.,Daniel T.,64,117,1042,652,2,0,6,4,6,4,,,,,,,completed,2.2,1.66,2.16,1.76,2.4,1.76,2.17,1.69,2021_18_marbella_anytech365_andalucia_open,2021_18_marbella_anytech365_andalucia_open_2021-04-06_lopez_f_daniel_t
tennis_data_uk,atp,2021,18,AnyTech365 Andalucia Open,Marbella,2021-04-06,atp_250,outdoor,hard,R32,3,Munar J.,Laaksonen H.,95,135,815,548,2,0,6,4,6,1,,,,,,,completed,1.25,4.0,1.33,3.57,1.35,4.0,1.29,3.61,2021_18_marbella_anytech365_andalucia_open,2021_18_marbella_anytech365_andalucia_open_2021-04-06_munar_j_laaksonen_h
tennis_data_uk,atp,2021,18,AnyTech365 Andalucia Open,Marbella,2021-04-06,atp_250,outdoor,hard,R32,3,Mager G.,Kukushkin M.,91,102,843,784,2,0,7,5,6,3,,,,,,,completed,1.36,3.2,1.41,3.14,1.43,3.45,1.37,3.08,2021_18_marbella_anytech365_andalucia_open,2021_18_marbella_anytech365_andalucia_open_2021-04-06_mager_g_kukushkin_m
tennis_data_uk,atp,2021,18,AnyTech365 Andalucia Open,Marbella,2021-04-06,atp_250,outdoor,hard,R32,3,Davidovich Fokina A.,Dzumhur D.,56,126,1135,607,2,1,6,7,6,2,6,2,,,,,completed,1.28,3.75,1.32,3.66,1.33,3.8,1.3,3.51,2021_18_marbella_anytech365_andalucia_open,2021_18_marbella_anytech365_andalucia_open_2021-04-06_davidovich_fokina_a_dzumhur_d
tennis_data_uk,atp,2021,18,AnyTech365 Andalucia Open,Marbella,2021-04-07,atp_250,outdoor,hard,R16,3,Gombos N.,Delbonis F.,99,85,792,884,2,1,5,7,7,6,7,6,,,,,completed,3.4,1.33,3.06,1.43,3.47,1.44,3.02,1.38,2021_18_marbella_anytech365_andalucia_open,2021_18_marbella_anytech365_andalucia_open_2021-04-07_gombos_n_delbonis_f
tennis_data_uk,atp,2021,18,AnyTech365 Andalucia Open,Marbella,2021-04-07,atp_250,outdoor,hard,R16,3,Kwon S.W.,Bagnis F.,81,104,910,768,2,0,6,1,6,3,,,,,,,completed,3.5,1.3,3.3,1.39,3.5,1.39,3.25,1.34,2021_18_marbella_anytech365_andalucia_open,2021_18_marbella_anytech365_andalucia_open_2021-04-07_kwon_s_w_bagnis_f
tennis_data_uk,atp,2021,18,AnyTech365 Andalucia Open,Marbella,2021-04-07,atp_250,outdoor,hard,R16,3,Ramos-Vinolas A.,Berankis R.,47,88,1360,871,2,1,6,3,4,6,6,3,,,,,completed,1.3,3.5,1.34,3.61,1.35,4.0,1.3,3.53,2021_18_marbella_anytech365_andalucia_open,2021_18_marbella_anytech365_andalucia_open_2021-04-07_ramos_vinolas_a_berankis_r
tennis_data_uk,atp,2021,18,AnyTech365 Andalucia Open,Marbella,2021-04-07,atp_250,outdoor,hard,R16,3,Carreno Busta P.,Vilella Martinez M.,15,188,2630,375,2,0,7,6,6,3,,,,,,,completed,1.4,3.0,1.41,3.17,1.48,3.17,1.42,2.89,2021_18_marbella_anytech365_andalucia_open,2021_18_marbella_anytech365_andalucia_open_2021-04-07_carreno_busta_p_vilella_martinez_m
tennis_data_uk,atp,2021,18,AnyTech365 Andalucia Open,Marbella,2021-04-08,atp_250,outdoor,hard,R16,3,Ivashka I.,Davidovich Fokina A.,115,56,673,1135,2,0,6,1,6,3,,,,,,,completed,4.0,1.25,4.22,1.27,4.38,1.27,3.95,1.25,2021_18_marbella_anytech365_andalucia_open,2021_18_marbella_anytech365_andalucia_open_2021-04-08_ivashka_i_davidovich_fokina_a
tennis_data_uk,atp,2021,18,AnyTech365 Andalucia Open,Marbella,2021-04-08,atp_250,outdoor,hard,R16,3,Munar J.,Fognini F.,95,18,815,2548,2,0,6,2,6,1,,,,,,,completed,1.72,2.1,1.8,2.13,1.91,2.36,1.72,2.12,2021_18_marbella_anytech365_andalucia_open,2021_18_marbella_anytech365_andalucia_open_2021-04-08_munar_j_fognini_f
tennis_data_uk,atp,2021,18,AnyTech365 Andalucia Open,Marbella,2021-04-08,atp_250,outdoor,hard,R16,3,Ruud C.,Mager G.,26,91,1973,843,2,0,6,3,6,2,,,,,,,completed,1.53,2.5,1.54,2.66,1.62,2.7,1.52,2.51,2021_18_marbella_anytech365_andalucia_open,2021_18_marbella_anytech365_andalucia_open_2021-04-08_ruud_c_mager_g
tennis_data_uk,atp,2021,18,AnyTech365 Andalucia Open,Marbella,2021-04-08,atp_250,outdoor,hard,R16,3,Alcaraz C.,Lopez F.,133,64,560,1042,2,1,4,6,6,2,6,4,,,,,completed,1.36,3.2,1.33,3.69,1.4,3.7,1.33,3.32,2021_18_marbella_anytech365_andalucia_open,2021_18_marbella_anytech365_andalucia_open_2021-04-08_alcaraz_c_lopez_f
tennis_data_uk,atp,2021,18,AnyTech365 Andalucia Open,Marbella,2021-04-09,atp_250,outdoor,hard,QF,3,Ramos-Vinolas A.,Gombos N.,47,99,1360,792,2,1,6,7,7,5,6,4,,,,,completed,1.4,3.0,1.4,3.22,1.42,3.26,1.37,3.06,2021_18_marbella_anytech365_andalucia_open,2021_18_marbella_anytech365_andalucia_open_2021-04-09_ramos_vinolas_a_gombos_n
tennis_data_uk,atp,2021,18,AnyTech365 Andalucia Open,Marbella,2021-04-09,atp_250,outdoor,hard,QF,3,Munar J.,Ivashka I.,95,115,815,673,2,1,6,7,6,4,6,4,,,,,completed,1.36,3.2,1.39,3.26,1.41,3.5,1.35,3.23,2021_18_marbella_anytech365_andalucia_open,2021_18_marbella_anytech365_andalucia_open_2021-04-09_munar_j_ivashka_i
tennis_data_uk,atp,2021,18,AnyTech365 Andalucia Open,Marbella,2021-04-09,atp_250,outdoor,hard,QF,3,Carreno Busta P.,Kwon S.W.,15,81,2630,910,2,0,6,4,6,0,,,,,,,completed,1.22,4.33,1.26,4.34,1.26,4.59,1.22,4.24,2021_18_marbella_anytech365_andalucia_open,2021_18_marbella_anytech365_andalucia_open_2021-04-09_carreno_busta_p_kwon_s_w
tennis_data_uk,atp,2021,18,AnyTech365 Andalucia Open,Marbella,2021-04-09,atp_250,outdoor,hard,QF,3,Alcaraz C.,Ruud C.,133,26,560,1973,2,0,6,2,6,4,,,,,,,completed,2.75,1.44,2.93,1.47,3.0,1.49,2.82,1.43,2021_18_marbella_anytech365_andalucia_open,2021_18_marbella_anytech365_andalucia_open_2021-04-09_alcaraz_c_ruud_c
tennis_data_uk,atp,2021,18,AnyTech365 Andalucia Open,Marbella,2021-04-10,atp_250,outdoor,hard,SF,3,Carreno Busta P.,Ramos-Vinolas A.,15,47,2630,1360,2,1,6,1,3,6,7,6,,,,,completed,1.4,3.0,1.48,2.89,1.53,3.04,1.43,2.84,2021_18_marbella_anytech365_andalucia_open,2021_18_marbella_anytech365_andalucia_open_2021-04-10_carreno_busta_p_ramos_vinolas_a
tennis_data_uk,atp,2021,18,AnyTech365 Andalucia Open,Marbella,2021-04-10,atp_250,outdoor,hard,SF,3,Munar J.,Alcaraz C.,95,133,815,560,2,0,7,6,6,4,,,,,,,completed,2.37,1.57,2.48,1.61,2.54,1.63,2.38,1.58,2021_18_marbella_anytech365_andalucia_open,2021_18_marbella_anytech365_andalucia_open_2021-04-10_munar_j_alcaraz_c
tennis_data_uk,atp,2021,18,AnyTech365 Andalucia Open,Marbella,2021-04-11,atp_250,outdoor,hard,F,3,Carreno Busta P.,Munar J.,15,95,2630,815,2,1,6,1,2,6,6,4,,,,,completed,1.57,2.37,1.67,2.36,1.71,2.65,1.58,2.38,2021_18_marbella_anytech365_andalucia_open,2021_18_marbella_anytech365_andalucia_open_2021-04-11_carreno_busta_p_munar_j
tennis_data_uk,atp,2021,19,Monte Carlo Masters,Monte Carlo,2021-04-11,masters_1000,outdoor,clay,R64,3,Goffin D.,Cilic M.,15,43,2750,1453,2,1,6,4,3,6,6,0,,,,,completed,1.72,2.1,1.76,2.19,1.8,2.2,1.74,2.1,2021_19_monte_carlo_monte_carlo_masters,2021_19_monte_carlo_monte_carlo_masters_2021-04-11_goffin_d_cilic_m
tennis_data_uk,atp,2021,19,Monte Carlo Masters,Monte Carlo,2021-04-11,masters_1000,outdoor,clay,R64,3,Thompson J.,Paire B.,63,35,1037,1680,2,1,6,4,6,7,7,6,,,,,completed,1.8,2.0,1.73,2.24,1.81,2.3,1.72,2.13,2021_19_monte_carlo_monte_carlo_masters,2021_19_monte_carlo_monte_carlo_masters_2021-04-11_thompson_j_paire_b
tennis_data_uk,atp,2021,19,Monte Carlo Masters,Monte Carlo,2021-04-12,masters_1000,outdoor,clay,R64,3,Davidovich Fokina A.,De Minaur A.,58,25,1135,2235,2,0,6,4,7,6,,,,,,,completed,1.66,2.2,1.69,2.31,1.77,2.31,1.66,2.22,2021_19_monte_carlo_monte_carlo_masters,2021_19_monte_carlo_monte_carlo_masters_2021-04-12_davidovich_fokina_a_de_minaur_a
tennis_data_uk,atp,2021,19,Monte Carlo Masters,Monte Carlo,2021-04-12,masters_1000,outdoor,clay,R64,3,Karatsev A.,Musetti L.,29,84,1918,899,2,0,6,3,6,4,,,,,,,completed,1.8,2.0,1.91,2.0,1.99,2.17,1.85,1.95,2021_19_monte_carlo_monte_carlo_masters,2021_19_monte_carlo_monte_carlo_masters_2021-04-12_karatsev_a_musetti_l
tennis_data_uk,atp,2021,19,Monte Carlo Masters,Monte Carlo,2021-04-12,masters_1000,outdoor,clay,R64,3,Millman J.,Humbert U.,44,32,1436,1825,2,0,6,3,6,3,,,,,,,completed,2.62,1.5,2.6,1.56,2.75,1.57,2.53,1.52,2021_19_monte_carlo_monte_carlo_masters,2021_19_monte_carlo_monte_carlo_masters_2021-04-12_millman_j_humbert_u
tennis_data_uk,atp,2021,19,Monte Carlo Masters,Monte Carlo,2021-04-12,masters_1000,outdoor,clay,R64,3,Paul T.,Martinez P.,54,100,1155,787,0,0,4,1,,,,,,,,,retired,1.8,2.0,1.91,2.0,1.92,2.1,1.83,1.98,2021_19_monte_carlo_monte_carlo_masters,2021_19_monte_carlo_monte_carlo_masters_2021-04-12_paul_t_martinez_p
tennis_data_uk,atp,2021,19,Monte Carlo Masters,Monte Carlo,2021-04-13,masters_1000,outdoor,clay,R64,3,Cecchinato M.,Koepfer D.,92,56,836,1146,2,0,6,4,6,3,,,,,,,completed,2.0,1.8,1.95,1.95,2.05,2.02,1.94,1.87,2021_19_monte_carlo_monte_carlo_masters,2021_19_monte_carlo_monte_carlo_masters_2021-04-13_cecchinato_m_koepfer_d
tennis_data_uk,atp,2021,19,Monte Carlo Masters,Monte Carlo,2021-04-13,masters_1000,outdoor,clay,R64,3,Sinner J.,Ramos-Vinolas A.,22,46,2369,1405,2,0,6,3,6,4,,,,,,,completed,1.33,3.4,1.41,3.15,1.44,3.47,1.38,3.06,2021_19_monte_carlo_monte_carlo_masters,2021_19_monte_carlo_monte_carlo_masters_2021-04-13_sinner_j_ramos_vinolas_a
tennis_data_uk,atp,2021,19,Monte Carlo Masters,Monte Carlo,2021-04-13,masters_1000,outdoor,clay,R64,3,Delbonis F.,Mannarino A.,87,34,884,1681,2,0,7,5,6,1,,,,,,,completed,1.28,3.75,1.29,4.06,1.31,4.2,1.27,3.8,2021_19_monte_carlo_monte_carlo_masters,2021_19_monte_carlo_monte_carlo_masters_2021-04-13_delbonis_f_mannarino_a
tennis_data_uk,atp,2021,19,Monte Carlo Masters,Monte Carlo,2021-04-13,masters_1000,outdoor,clay,R64,3,Pouille L.,Pella G.,86,48,894,1298,2,0,6,3,6,4,,,,,,,completed,2.0,1.8,2.13,1.8,2.15,1.84,2.06,1.76,2021_19_monte_carlo_monte_carlo_masters,2021_19_monte_carlo_monte_carlo_masters_2021-04-13_pouille_l_pella_g
tennis_data_uk,atp,2021,19,Monte Carlo Masters,Monte Carlo,2021-04-13,masters_1000,outdoor,clay,R64,3,Fognini F.,Kecmanovic M.,18,47,2548,1364,2,0,6,2,7,5,,,,,,,completed,1.57,2.37,1.68,2.34,1.7,2.57,1.61,2.32,2021_19_monte_carlo_monte_carlo_masters,2021_19_monte_carlo_monte_carlo_masters_2021-04-13_fognini_f_kecmanovic_m
tennis_data_uk,atp,2021,19,Monte Carlo Masters,Monte Carlo,2021-04-13,masters_1000,outdoor,clay,R64,3,Hurkacz H.,Fabbiano T.,16,171,2600,416,2,1,6,3,3,6,6,3,,,,,completed,1.25,4.0,1.3,3.9,1.31,4.25,1.28,3.71,2021_19_monte_carlo_monte_carlo_masters,2021_19_monte_carlo_monte_carlo_masters_2021-04-13_hurkacz_h_fabbiano_t
tennis_data_uk,atp,2021,19,Monte Carlo Masters,Monte Carlo,2021-04-13,masters_1000,outdoor,clay,R64,3,Evans D.,Lajovic D.,33,31,1825,1895,2,1,6,3,6,7,6,2,,,,,completed,2.5,1.53,2.54,1.59,2.6,1.61,2.48,1.55,2021_19_monte_carlo_monte_carlo_masters,2021_19_monte_carlo_monte_carlo_masters_2021-04-13_evans_d_lajovic_d
tennis_data_uk,atp,2021,19,Monte Carlo Masters,Monte Carlo,2021-04-13,masters_1000,outdoor,clay,R64,3,Garin C.,Auger-Aliassime F.,24,21,2260,2373,2,0,7,6,6,1,,,,,,,completed,2.1,1.72,2.13,1.8,2.35,1.8,2.11,1.74,2021_19_monte_carlo_monte_carlo_masters,2021_19_monte_carlo_monte_carlo_masters_2021-04-13_garin_c_auger_aliassime_f
tennis_data_uk,atp,2021,19,Monte Carlo Masters,Monte Carlo,2021-04-13,masters_1000,outdoor,clay,R64,3,Chardy J.,Bublik A.,53,42,1168,1462,2,1,6,4,0,6,7,5,,,,,completed,1.66,2.2,1.69,2.31,1.8,2.35,1.66,2.25,2021_19_monte_carlo_monte_carlo_masters,2021_19_monte_carlo_monte_carlo_masters_2021-04-13_chardy_j_bublik_a
tennis_data_uk,atp,2021,19,Monte Carlo Masters,Monte Carlo,2021-04-13,masters_1000,outdoor,clay,R64,3,Caruso S.,Catarina L.,89,388,876,113,2,1,6,7,7,6,6,3,,,,,completed,1.14,5.5,1.13,7.25,1.2,7.25,1.13,6.15,2021_19_monte_carlo_monte_carlo_masters,2021_19_monte_carlo_monte_carlo_masters_2021-04-13_caruso_s_catarina_l
tennis_data_uk,atp,2021,19,Monte Carlo Masters,Monte Carlo,2021-04-13,masters_1000,outdoor,clay,R64,3,Bautista Agut R.,Fritz T.,11,30,3090,1900,2,0,6,2,7,5,,,,,,,completed,1.36,3.2,1.4,3.24,1.45,3.25,1.38,3.05,2021_19_monte_carlo_monte_carlo_masters,2021_19_monte_carlo_monte_carlo_masters_2021-04-13_bautista_agut_r_fritz_t
tennis_data_uk,atp,2021,19,Monte Carlo Masters,Monte Carlo,2021-04-13,masters_1000,outdoor,clay,R64,3,Popyrin A.,Andujar P.,83,80,906,935,2,1,0,6,6,2,7,6,,,,,completed,1.5,2.62,1.47,2.92,1.57,2.95,1.47,2.7,2021_19_monte_carlo_monte_carlo_masters,2021_19_monte_carlo_monte_carlo_masters_2021-04-13_popyrin_a_andujar_p
tennis_data_uk,atp,2021,19,Monte Carlo Masters,Monte Carlo,2021-04-13,masters_1000,outdoor,clay,R64,3,Ruud C.,Rune H.,27,322,1927,159,2,0,6,2,6,1,,,,,,,completed,1.16,5.0,1.17,5.89,1.2,7.0,1.16,5.37,2021_19_monte_carlo_monte_carlo_masters,2021_19_monte_carlo_monte_carlo_masters_2021-04-13_ruud_c_rune_h
tennis_data_uk,atp,2021,19,Monte Carlo Masters,Monte Carlo,2021-04-13,masters_1000,outdoor,clay,R64,3,Dimitrov G.,Struff J.L.,17,41,2598,1485,2,0,6,3,6,4,,,,,,,completed,1.61,2.3,1.61,2.49,1.71,2.66,1.58,2.38,2021_19_monte_carlo_monte_carlo_masters,2021_19_monte_carlo_monte_carlo_masters_2021-04-13_dimitrov_g_struff_j_l
tennis_data_uk,atp,2021,19,Monte Carlo Masters,Monte Carlo,2021-04-13,masters_1000,outdoor,clay,R64,3,Sonego L.,Fucsovics M.,28,40,1919,1497,2,0,6,3,6,4,,,,,,,completed,2.3,1.61,2.24,1.73,2.45,1.73,2.25,1.64,2021_19_monte_carlo_monte_carlo_masters,2021_19_monte_carlo_monte_carlo_masters_2021-04-13_sonego_l_fucsovics_m
tennis_data_uk,atp,2021,19,Monte Carlo Masters,Monte Carlo,2021-04-13,masters_1000,outdoor,clay,R64,3,Khachanov K.,Djere L.,23,49,2280,1258,2,0,6,4,6,1,,,,,,,completed,1.66,2.2,1.79,2.15,1.85,2.28,1.72,2.13,2021_19_monte_carlo_monte_carlo_masters,2021_19_monte_carlo_monte_carlo_masters_2021-04-13_khachanov_k_djere_l
tennis_data_uk,atp,2021,19,Monte Carlo Masters,Monte Carlo,2021-04-13,masters_1000,outdoor,clay,R64,3,Carreno Busta P.,Travaglia S.,12,67,2835,1024,2,0,7,5,7,6,,,,,,,completed,1.44,2.75,1.41,3.15,1.49,3.25,1.41,2.91,2021_19_monte_carlo_monte_carlo_masters,2021_19_monte_carlo_monte_carlo_masters_2021-04-13_carreno_busta_p_travaglia_s
tennis_data_uk,atp,2021,19,Monte Carlo Masters,Monte Carlo,2021-04-13,masters_1000,outdoor,clay,R64,3,Krajinovic F.,Basilashvili N.,37,36,1616,1645,1,0,6,1,2,0,,,,,,,retired,1.36,3.2,1.4,3.2,1.43,3.25,1.38,3.02,2021_19_monte_carlo_monte_carlo_masters,2021_19_monte_carlo_monte_carlo_masters_2021-04-13_krajinovic_f_basilashvili_n
tennis_data_uk,atp,2021,19,Monte Carlo Masters,Monte Carlo,2021-04-13,masters_1000,outdoor,clay,R32,3,Tsitsipas S.,Karatsev A.,5,29,7040,1918,2,0,6,3,6,4,,,,,,,completed,1.53,2.5,1.54,2.66,1.59,2.75,1.52,2.54,2021_19_monte_carlo_monte_carlo_masters,2021_19_monte_carlo_monte_carlo_masters_2021-04-13_tsitsipas_s_karatsev_a
tennis_data_uk,atp,2021,19,Monte Carlo Masters,Monte Carlo,2021-04-13,masters_1000,outdoor,clay,R32,3,Davidovich Fokina A.,Berrettini M.,58,10,1135,3453,2,0,7,5,6,3,,,,,,,completed,2.0,1.8,1.95,1.95,2.1,1.95,1.95,1.86,2021_19_monte_carlo_monte_carlo_masters,2021_19_monte_carlo_monte_carlo_masters_2021-04-13_davidovich_fokina_a_berrettini_m
tennis_data_uk,atp,2021,19,Monte Carlo Masters,Monte Carlo,2021-04-14,masters_1000,outdoor,clay,R32,3,Dimitrov G.,Chardy J.,17,53,2598,1168,2,0,7,6,6,4,,,,,,,completed,1.4,3.0,1.41,3.19,1.43,3.3,1.38,3.01,2021_19_monte_carlo_monte_carlo_masters,2021_19_monte_carlo_monte_carlo_masters_2021-04-14_dimitrov_g_chardy_j
tennis_data_uk,atp,2021,19,Monte Carlo Masters,Monte Carlo,2021-04-14,masters_1000,outdoor,clay,R32,3,Garin C.,Millman J.,24,44,2260,1436,2,0,6,1,6,4,,,,,,,completed,1.28,3.75,1.27,4.21,1.3,4.35,1.25,3.92,2021_19_monte_carlo_monte_carlo_masters,2021_19_monte_carlo_monte_carlo_masters_2021-04-14_garin_c_millman_j
tennis_data_uk,atp,2021,19,Monte Carlo Masters,Monte Carlo,2021-04-14,masters_1000,outdoor,clay,R32,3,Rublev A.,Caruso S.,8,89,5400,876,2,0,6,3,6,2,,,,,,,completed,1.08,8.0,1.07,10.94,1.12,10.94,1.07,8.84,2021_19_monte_carlo_monte_carlo_masters,2021_19_monte_carlo_monte_carlo_masters_2021-04-14_rublev_a_caruso_s
tennis_data_uk,atp,2021,19,Monte Carlo Masters,Monte Carlo,2021-04-14,masters_1000,outdoor,clay,R32,3,Fognini F.,Thompson J.,18,63,2548,1037,2,0,6,3,6,3,,,,,,,completed,1.2,4.5,1.19,5.45,1.22,5.5,1.18,4.83,2021_19_monte_carlo_monte_carlo_masters,2021_19_monte_carlo_monte_carlo_masters_2021-04-14_fognini_f_thompson_j
tennis_data_uk,atp,2021,19,Monte Carlo Masters,Monte Carlo,2021-04-14,masters_1000,outdoor,clay,R32,3,Djokovic N.,Sinner J.,1,22,11963,2369,2,0,6,4,6,2,,,,,,,completed,1.33,3.4,1.34,3.57,1.36,3.57,1.33,3.31,2021_19_monte_carlo_monte_carlo_masters,2021_19_monte_carlo_monte_carlo_masters_2021-04-14_djokovic_n_sinner_j
tennis_data_uk,atp,2021,19,Monte Carlo Masters,Monte Carlo,2021-04-14,masters_1000,outdoor,clay,R32,3,Ruud C.,Schwartzman D.,27,9,1927,3720,2,0,6,3,6,3,,,,,,,completed,2.5,1.53,2.69,1.53,2.71,1.58,2.49,1.53,2021_19_monte_carlo_monte_carlo_masters,2021_19_monte_carlo_monte_carlo_masters_2021-04-14_ruud_c_schwartzman_d
tennis_data_uk,atp,2021,19,Monte Carlo Masters,Monte Carlo,2021-04-14,masters_1000,outdoor,clay,R32,3,Goffin D.,Cecchinato M.,15,92,2750,836,2,0,6,4,6,0,,,,,,,completed,1.57,2.37,1.61,2.49,1.65,2.7,1.56,2.42,2021_19_monte_carlo_monte_carlo_masters,2021_19_monte_carlo_monte_carlo_masters_2021-04-14_goffin_d_cecchinato_m
tennis_data_uk,atp,2021,19,Monte Carlo Masters,Monte Carlo,2021-04-14,masters_1000,outdoor,clay,R32,3,Pouille L.,Popyrin A.,86,83,894,906,2,1,7,5,2,6,6,3,,,,,completed,2.2,1.66,2.44,1.63,2.44,1.67,2.28,1.62,2021_19_monte_carlo_monte_carlo_masters,2021_19_monte_carlo_monte_carlo_masters_2021-04-14_pouille_l_popyrin_a
tennis_data_uk,atp,2021,19,Monte Carlo Masters,Monte Carlo,2021-04-14,masters_1000,outdoor,clay,R32,3,Krajinovic F.,Londero J.I.,37,94,1616,822,2,0,6,0,6,3,,,,,,,completed,1.16,5.0,1.19,5.5,1.22,5.5,1.17,4.98,2021_19_monte_carlo_monte_carlo_masters,2021_19_monte_carlo_monte_carlo_masters_2021-04-14_krajinovic_f_londero_j_i
tennis_data_uk,atp,2021,19,Monte Carlo Masters,Monte Carlo,2021-04-14,masters_1000,outdoor,clay,R32,3,Evans D.,Hurkacz H.,33,16,1825,2600,2,0,6,4,6,1,,,,,,,completed,2.5,1.53,2.62,1.56,2.76,1.59,2.5,1.53,2021_19_monte_carlo_monte_carlo_masters,2021_19_monte_carlo_monte_carlo_masters_2021-04-14_evans_d_hurkacz_h
tennis_data_uk,atp,2021,19,Monte Carlo Masters,Monte Carlo,2021-04-14,masters_1000,outdoor,clay,R32,3,Bautista Agut R.,Paul T.,11,54,3090,1155,2,0,6,3,6,4,,,,,,,completed,1.25,4.0,1.27,4.2,1.27,4.33,1.24,4.0,2021_19_monte_carlo_monte_carlo_masters,2021_19_monte_carlo_monte_carlo_masters_2021-04-14_bautista_agut_r_paul_t
tennis_data_uk,atp,2021,19,Monte Carlo Masters,Monte Carlo,2021-04-14,masters_1000,outdoor,clay,R32,3,Nadal R.,Delbonis F.,3,87,9670,884,2,0,6,1,6,2,,,,,,,completed,1.04,13.0,1.04,15.32,1.05,17.0,1.03,12.74,2021_19_monte_carlo_monte_carlo_masters,2021_19_monte_carlo_monte_carlo_masters_2021-04-14_nadal_r_delbonis_f
tennis_data_uk,atp,2021,19,Monte Carlo Masters,Monte Carlo,2021-04-14,masters_1000,outdoor,clay,R32,3,Carreno Busta P.,Khachanov K.,12,23,2835,2280,2,0,6,2,6,3,,,,,,,completed,2.0,1.8,1.97,1.93,2.06,1.95,1.96,1.83,2021_19_monte_carlo_monte_carlo_masters,2021_19_monte_carlo_monte_carlo_masters_2021-04-14_carreno_busta_p_khachanov_k
tennis_data_uk,atp,2021,19,Monte Carlo Masters,Monte Carlo,2021-04-14,masters_1000,outdoor,clay,R32,3,Zverev A.,Sonego L.,6,28,6125,1919,2,0,6,3,6,3,,,,,,,completed,1.44,2.75,1.43,3.06,1.51,3.06,1.43,2.84,2021_19_monte_carlo_monte_carlo_masters,2021_19_monte_carlo_monte_carlo_masters_2021-04-14_zverev_a_sonego_l
tennis_data_uk,atp,2021,19,Monte Carlo Masters,Monte Carlo,2021-04-15,masters_1000,outdoor,clay,R16,3,Davidovich Fokina A.,Pouille L.,58,86,1135,894,2,0,6,2,7,6,,,,,,,completed,1.28,3.75,1.32,3.77,1.35,4.05,1.29,3.6,2021_19_monte_carlo_monte_carlo_masters,2021_19_monte_carlo_monte_carlo_masters_2021-04-15_davidovich_fokina_a_pouille_l
tennis_data_uk,atp,2021,19,Monte Carlo Masters,Monte Carlo,2021-04-15,masters_1000,outdoor,clay,R16,3,Tsitsipas S.,Garin C.,5,24,7040,2260,2,0,6,3,6,4,,,,,,,completed,1.33,3.4,1.32,3.72,1.39,3.72,1.32,3.36,2021_19_monte_carlo_monte_carlo_masters,2021_19_monte_carlo_monte_carlo_masters_2021-04-15_tsitsipas_s_garin_c
tennis_data_uk,atp,2021,19,Monte Carlo Masters,Monte Carlo,2021-04-15,masters_1000,outdoor,clay,R16,3,Goffin D.,Zverev A.,15,6,2750,6125,2,0,6,4,7,6,,,,,,,completed,2.5,1.53,2.7,1.53,2.75,1.54,2.62,1.49,2021_19_monte_carlo_monte_carlo_masters,2021_19_monte_carlo_monte_carlo_masters_2021-04-15_goffin_d_zverev_a
tennis_data_uk,atp,2021,19,Monte Carlo Masters,Monte Carlo,2021-04-15,masters_1000,outdoor,clay,R16,3,Evans D.,Djokovic N.,33,1,1825,11963,2,0,6,4,7,5,,,,,,,completed,11.0,1.05,12.79,1.06,14.0,1.07,10.9,1.05,2021_19_monte_carlo_monte_carlo_masters,2021_19_monte_carlo_monte_carlo_masters_2021-04-15_evans_d_djokovic_n
tennis_data_uk,atp,2021,19,Monte Carlo Masters,Monte Carlo,2021-04-15,masters_1000,outdoor,clay,R16,3,Fognini F.,Krajinovic F.,18,37,2548,1616,2,0,6,2,7,6,,,,,,,completed,2.0,1.8,2.06,1.85,2.06,1.93,1.98,1.83,2021_19_monte_carlo_monte_carlo_masters,2021_19_monte_carlo_monte_carlo_masters_2021-04-15_fognini_f_krajinovic_f
tennis_data_uk,atp,2021,19,Monte Carlo Masters,Monte Carlo,2021-04-15,masters_1000,outdoor,clay,R16,3,Nadal R.,Dimitrov G.,3,17,9670,2598,2,0,6,1,6,1,,,,,,,completed,1.05,11.0,1.04,15.29,1.07,15.29,1.04,11.61,2021_19_monte_carlo_monte_carlo_masters,2021_19_monte_carlo_monte_carlo_masters_2021-04-15_nadal_r_dimitrov_g
tennis_data_uk,atp,2021,19,Monte Carlo Masters,Monte Carlo,2021-04-15,masters_1000,outdoor,clay,R16,3,Rublev A.,Bautista Agut R.,8,11,5400,3090,2,1,7,6,5,7,6,3,,,,,completed,1.44,2.75,1.46,2.95,1.49,3.1,1.43,2.82,2021_19_monte_carlo_monte_carlo_masters,2021_19_monte_carlo_monte_carlo_masters_2021-04-15_rublev_a_bautista_agut_r
tennis_data_uk,atp,2021,19,Monte Carlo Masters,Monte Carlo,2021-04-15,masters_1000,outdoor,clay,R16,3,Ruud C.,Carreno Busta P.,27,12,1927,2835,2,1,7,6,5,7,7,5,,,,,completed,1.9,1.9,1.8,2.13,2.01,2.13,1.87,1.94,2021_19_monte_carlo_monte_carlo_masters,2021_19_monte_carlo_monte_carlo_masters_2021-04-15_ruud_c_carreno_busta_p
tennis_data_uk,atp,2021,19,Monte Carlo Masters,Monte Carlo,2021-04-16,masters_1000,outdoor,clay,QF,3,Tsitsipas S.,Davidovich Fokina A.,5,58,7040,1135,1,0,7,5,,,,,,,,,retired,1.22,4.33,1.21,5.11,1.27,5.11,1.21,4.37,2021_19_monte_carlo_monte_carlo_masters,2021_19_monte_carlo_monte_carlo_masters_2021-04-16_tsitsipas_s_davidovich_fokina_a
tennis_data_uk,atp,2021,19,Monte Carlo Masters,Monte Carlo,2021-04-16,masters_1000,outdoor,clay,QF,3,Evans D.,Goffin D.,33,15,1825,2750,2,1,5,7,6,3,6,4,,,,,completed,2.5,1.53,2.9,1.47,2.9,1.62,2.6,1.51,2021_19_monte_carlo_monte_carlo_masters,2021_19_monte_carlo_monte_carlo_masters_2021-04-16_evans_d_goffin_d
tennis_data_uk,atp,2021,19,Monte Carlo Masters,Monte Carlo,2021-04-16,masters_1000,outdoor,clay,QF,3,Ruud C.,Fognini F.,27,18,1927,2548,2,0,6,4,6,3,,,,,,,completed,1.72,2.1,1.77,2.18,1.8,2.25,1.73,2.12,2021_19_monte_carlo_monte_carlo_masters,2021_19_monte_carlo_monte_carlo_masters_2021-04-16_ruud_c_fognini_f
tennis_data_uk,atp,2021,19,Monte Carlo Masters,Monte Carlo,2021-04-16,masters_1000,outdoor,clay,QF,3,Rublev A.,Nadal R.,8,3,5400,9670,2,1,6,2,4,6,6,2,,,,,completed,6.5,1.11,5.87,1.17,6.75,1.19,5.83,1.14,2021_19_monte_carlo_monte_carlo_masters,2021_19_monte_carlo_monte_carlo_masters_2021-04-16_rublev_a_nadal_r
tennis_data_uk,atp,2021,19,Monte Carlo Masters,Monte Carlo,2021-04-17,masters_1000,outdoor,clay,SF,3,Tsitsipas S.,Evans D.,5,33,7040,1825,2,0,6,2,6,1,,,,,,,completed,1.16,5.0,1.14,6.63,1.19,6.63,1.16,5.3,2021_19_monte_carlo_monte_carlo_masters,2021_19_monte_carlo_monte_carlo_masters_2021-04-17_tsitsipas_s_evans_d
tennis_data_uk,atp,2021,19,Monte Carlo Masters,Monte Carlo,2021-04-17,masters_1000,outdoor,clay,SF,3,Rublev A.,Ruud C.,8,27,5400,1927,2,0,6,3,7,5,,,,,,,completed,1.33,3.4,1.41,3.18,1.41,3.82,1.34,3.25,2021_19_monte_carlo_monte_carlo_masters,2021_19_monte_carlo_monte_carlo_masters_2021-04-17_rublev_a_ruud_c
tennis_data_uk,atp,2021,19,Monte Carlo Masters,Monte Carlo,2021-04-18,masters_1000,outdoor,clay,F,3,Tsitsipas S.,Rublev A.,5,8,7040,5400,2,0,6,3,6,3,,,,,,,completed,2.0,1.8,2.0,1.91,2.22,1.92,2.0,1.82,2021_19_monte_carlo_monte_carlo_masters,2021_19_monte_carlo_monte_carlo_masters_2021-04-18_tsitsipas_s_rublev_a
tennis_data_uk,atp,2021,20,Barcelona Open,Barcelona,2021-04-19,atp_500,outdoor,clay,R64,3,Chardy J.,Basilashvili N.,51,36,1190,1645,2,1,6,4,3,6,6,3,,,,,completed,1.4,3.0,1.53,2.67,1.55,3.07,1.43,2.83,2021_20_barcelona_barcelona_open,2021_20_barcelona_barcelona_open_2021-04-19_chardy_j_basilashvili_n
tennis_data_uk,atp,2021,20,Barcelona Open,Barcelona,2021-04-19,atp_500,outdoor,clay,R64,3,Andujar P.,Simon G.,80,70,935,982,2,1,6,1,3,6,6,3,,,,,completed,1.53,2.5,1.54,2.63,1.57,2.81,1.52,2.51,2021_20_barcelona_barcelona_open,2021_20_barcelona_barcelona_open_2021-04-19_andujar_p_simon_g
tennis_data_uk,atp,2021,20,Barcelona Open,Barcelona,2021-04-19,atp_500,outdoor,clay,R64,3,Zapata Miralles B.,Kuznetsov An.,147,480,510,78,2,1,6,7,7,5,6,1,,,,,completed,1.57,2.37,1.6,2.49,1.63,2.5,1.58,2.37,2021_20_barcelona_barcelona_open,2021_20_barcelona_barcelona_open_2021-04-19_zapata_miralles_b_kuznetsov_an
tennis_data_uk,atp,2021,20,Barcelona Open,Barcelona,2021-04-19,atp_500,outdoor,clay,R64,3,Herbert P.H.,Nagal S.,78,135,942,548,2,0,7,5,6,0,,,,,,,completed,1.8,2.0,1.81,2.1,1.95,2.1,1.81,1.99,2021_20_barcelona_barcelona_open,2021_20_barcelona_barcelona_open_2021-04-19_herbert_p_h_nagal_s
tennis_data_uk,atp,2021,20,Barcelona Open,Barcelona,2021-04-19,atp_500,outdoor,clay,R64,3,Gerasimov E.,Tsonga J.W.,77,71,946,980,2,0,7,5,6,1,,,,,,,completed,1.36,3.2,1.39,3.24,1.43,3.52,1.37,3.05,2021_20_barcelona_barcelona_open,2021_20_barcelona_barcelona_open_2021-04-19_gerasimov_e_tsonga_j_w
tennis_data_uk,atp,2021,20,Barcelona Open,Barcelona,2021-04-19,atp_500,outdoor,clay,R64,3,Norrie C.,Caruso S.,58,81,1130,928,2,0,6,1,6,2,,,,,,,completed,2.3,1.61,2.34,1.66,2.4,1.74,2.26,1.63,2021_20_barcelona_barcelona_open,2021_20_barcelona_barcelona_open_2021-04-19_norrie_c_caruso_s
tennis_data_uk,atp,2021,20,Barcelona Open,Barcelona,2021-04-19,atp_500,outdoor,clay,R64,3,Nishikori K.,Pella G.,39,50,1543,1208,2,1,4,6,7,6,6,2,,,,,completed,1.3,3.5,1.34,3.55,1.34,4.05,1.29,3.59,2021_20_barcelona_barcelona_open,2021_20_barcelona_barcelona_open_2021-04-19_nishikori_k_pella_g
tennis_data_uk,atp,2021,20,Barcelona Open,Barcelona,2021-04-19,atp_500,outdoor,clay,R64,3,Gaio F.,Paire B.,138,35,534,1680,2,0,7,5,6,3,,,,,,,completed,2.3,1.61,2.27,1.7,2.47,1.74,2.19,1.67,2021_20_barcelona_barcelona_open,2021_20_barcelona_barcelona_open_2021-04-19_gaio_f_paire_b
tennis_data_uk,atp,2021,20,Barcelona Open,Barcelona,2021-04-19,atp_500,outdoor,clay,R64,3,Ivashka I.,Griekspoor T.,111,144,713,518,2,0,6,3,6,1,,,,,,,completed,1.44,2.75,1.56,2.59,1.56,2.95,1.46,2.7,2021_20_barcelona_barcelona_open,2021_20_barcelona_barcelona_open_2021-04-19_ivashka_i_griekspoor_t
tennis_data_uk,atp,2021,20,Barcelona Open,Barcelona,2021-04-19,atp_500,outdoor,clay,R64,3,Munar J.,Monteiro T.,86,76,904,948,2,0,6,3,7,5,,,,,,,completed,1.36,3.2,1.37,3.36,1.38,3.55,1.34,3.26,2021_20_barcelona_barcelona_open,2021_20_barcelona_barcelona_open_2021-04-19_munar_j_monteiro_t
tennis_data_uk,atp,2021,20,Barcelona Open,Barcelona,2021-04-20,atp_500,outdoor,clay,R64,3,Ramos-Vinolas A.,Rune H.,46,323,1405,159,2,1,6,7,6,1,7,6,,,,,completed,1.4,3.0,1.38,3.3,1.43,3.35,1.38,3.05,2021_20_barcelona_barcelona_open,2021_20_barcelona_barcelona_open_2021-04-20_ramos_vinolas_a_rune_h
tennis_data_uk,atp,2021,20,Barcelona Open,Barcelona,2021-04-20,atp_500,outdoor,clay,R64,3,Thompson J.,Gasquet R.,59,52,1066,1185,2,1,7,6,4,6,7,6,,,,,completed,2.1,1.72,2.37,1.65,2.4,1.75,2.15,1.7,2021_20_barcelona_barcelona_open,2021_20_barcelona_barcelona_open_2021-04-20_thompson_j_gasquet_r
tennis_data_uk,atp,2021,20,Barcelona Open,Barcelona,2021-04-20,atp_500,outdoor,clay,R64,3,Moutet C.,Koepfer D.,75,54,949,1169,2,0,7,5,6,2,,,,,,,completed,2.3,1.61,2.17,1.76,2.35,1.76,2.22,1.66,2021_20_barcelona_barcelona_open,2021_20_barcelona_barcelona_open_2021-04-20_moutet_c_koepfer_d
tennis_data_uk,atp,2021,20,Barcelona Open,Barcelona,2021-04-20,atp_500,outdoor,clay,R64,3,Musetti L.,Lopez F.,87,61,899,1062,2,0,6,4,6,3,,,,,,,completed,1.28,3.75,1.31,3.74,1.4,4.0,1.28,3.7,2021_20_barcelona_barcelona_open,2021_20_barcelona_barcelona_open_2021-04-20_musetti_l_lopez_f
tennis_data_uk,atp,2021,20,Barcelona Open,Barcelona,2021-04-20,atp_500,outdoor,clay,R64,3,Bublik A.,Davidovich Fokina A.,42,48,1462,1295,2,1,2,6,7,5,6,2,,,,,completed,2.62,1.5,2.63,1.54,3.03,1.63,2.58,1.51,2021_20_barcelona_barcelona_open,2021_20_barcelona_barcelona_open_2021-04-20_bublik_a_davidovich_fokina_a
tennis_data_uk,atp,2021,20,Barcelona Open,Barcelona,2021-04-20,atp_500,outdoor,clay,R64,3,Tiafoe F.,Alcaraz C.,65,119,1030,645,2,0,6,4,7,6,,,,,,,completed,2.5,1.53,2.55,1.57,2.74,1.6,2.51,1.53,2021_20_barcelona_barcelona_open,2021_20_barcelona_barcelona_open_2021-04-20_tiafoe_f_alcaraz_c
tennis_data_uk,atp,2021,20,Barcelona Open,Barcelona,2021-04-20,atp_500,outdoor,clay,R32,3,Goffin D.,Herbert P.H.,12,78,2885,942,2,0,6,2,6,4,,,,,,,completed,1.4,3.0,1.42,3.13,1.45,3.44,1.39,2.98,2021_20_barcelona_barcelona_open,2021_20_barcelona_barcelona_open_2021-04-20_goffin_d_herbert_p_h
tennis_data_uk,atp,2021,20,Barcelona Open,Barcelona,2021-04-20,atp_500,outdoor,clay,R32,3,Shapovalov D.,Chardy J.,14,51,2820,1190,2,0,6,3,7,5,,,,,,,completed,1.53,2.5,1.54,2.67,1.59,2.67,1.54,2.48,2021_20_barcelona_barcelona_open,2021_20_barcelona_barcelona_open_2021-04-20_shapovalov_d_chardy_j
tennis_data_uk,atp,2021,20,Barcelona Open,Barcelona,2021-04-20,atp_500,outdoor,clay,R32,3,Bautista Agut R.,Andujar P.,11,80,3090,935,2,0,6,4,6,0,,,,,,,completed,1.16,5.0,1.19,5.39,1.21,5.58,1.17,5.0,2021_20_barcelona_barcelona_open,2021_20_barcelona_barcelona_open_2021-04-20_bautista_agut_r_andujar_p
tennis_data_uk,atp,2021,20,Barcelona Open,Barcelona,2021-04-20,atp_500,outdoor,clay,R32,3,Norrie C.,Khachanov K.,58,23,1130,2280,2,1,6,4,3,6,6,3,,,,,completed,3.4,1.33,3.6,1.34,3.72,1.35,3.35,1.32,2021_20_barcelona_barcelona_open,2021_20_barcelona_barcelona_open_2021-04-20_norrie_c_khachanov_k
tennis_data_uk,atp,2021,20,Barcelona Open,Barcelona,2021-04-20,atp_500,outdoor,clay,R32,3,Sinner J.,Gerasimov E.,19,77,2394,946,2,0,6,3,6,2,,,,,,,completed,1.12,6.0,1.14,6.78,1.15,7.0,1.13,5.89,2021_20_barcelona_barcelona_open,2021_20_barcelona_barcelona_open_2021-04-20_sinner_j_gerasimov_e
tennis_data_uk,atp,2021,20,Barcelona Open,Barcelona,2021-04-21,atp_500,outdoor,clay,R32,3,Rublev A.,Gaio F.,7,138,5955,534,2,0,6,4,6,3,,,,,,,completed,1.04,13.0,1.06,12.52,1.08,15.0,1.04,11.28,2021_20_barcelona_barcelona_open,2021_20_barcelona_barcelona_open_2021-04-21_rublev_a_gaio_f
tennis_data_uk,atp,2021,20,Barcelona Open,Barcelona,2021-04-21,atp_500,outdoor,clay,R32,3,Ramos-Vinolas A.,Mannarino A.,46,34,1405,1681,2,0,6,4,6,4,,,,,,,completed,1.25,4.0,1.27,4.24,1.28,4.25,1.25,3.92,2021_20_barcelona_barcelona_open,2021_20_barcelona_barcelona_open_2021-04-21_ramos_vinolas_a_mannarino_a
tennis_data_uk,atp,2021,20,Barcelona Open,Barcelona,2021-04-21,atp_500,outdoor,clay,R32,3,Auger-Aliassime F.,Musetti L.,20,87,2373,899,2,1,4,6,6,3,6,0,,,,,completed,1.8,2.0,1.78,2.16,1.85,2.28,1.75,2.08,2021_20_barcelona_barcelona_open,2021_20_barcelona_barcelona_open_2021-04-21_auger_aliassime_f_musetti_l
tennis_data_uk,atp,2021,20,Barcelona Open,Barcelona,2021-04-21,atp_500,outdoor,clay,R32,3,De Minaur A.,Bublik A.,25,42,2235,1462,2,0,7,6,6,2,,,,,,,completed,1.66,2.2,1.74,2.22,1.74,2.3,1.69,2.18,2021_20_barcelona_barcelona_open,2021_20_barcelona_barcelona_open_2021-04-21_de_minaur_a_bublik_a
tennis_data_uk,atp,2021,20,Barcelona Open,Barcelona,2021-04-21,atp_500,outdoor,clay,R32,3,Tsitsipas S.,Munar J.,5,86,7860,904,2,0,6,0,6,2,,,,,,,completed,1.22,4.33,1.24,4.59,1.28,4.75,1.22,4.28,2021_20_barcelona_barcelona_open,2021_20_barcelona_barcelona_open_2021-04-21_tsitsipas_s_munar_j
tennis_data_uk,atp,2021,20,Barcelona Open,Barcelona,2021-04-21,atp_500,outdoor,clay,R32,3,Carreno Busta P.,Thompson J.,13,59,2880,1066,2,0,6,4,6,0,,,,,,,completed,1.12,6.0,1.1,8.67,1.14,8.67,1.11,6.66,2021_20_barcelona_barcelona_open,2021_20_barcelona_barcelona_open_2021-04-21_carreno_busta_p_thompson_j
tennis_data_uk,atp,2021,20,Barcelona Open,Barcelona,2021-04-21,atp_500,outdoor,clay,R32,3,Moutet C.,Evans D.,75,26,949,2140,2,1,6,4,5,7,6,3,,,,,completed,2.1,1.72,2.13,1.8,2.36,1.87,2.08,1.75,2021_20_barcelona_barcelona_open,2021_20_barcelona_barcelona_open_2021-04-21_moutet_c_evans_d
tennis_data_uk,atp,2021,20,Barcelona Open,Barcelona,2021-04-21,atp_500,outdoor,clay,R32,3,Zapata Miralles B.,Fognini F.,147,27,510,2048,1,0,6,0,4,4,,,,,,,awarded,2.75,1.44,2.8,1.5,2.92,1.5,2.71,1.46,2021_20_barcelona_barcelona_open,2021_20_barcelona_barcelona_open_2021-04-21_zapata_miralles_b_fognini_f
tennis_data_uk,atp,2021,20,Barcelona Open,Barcelona,2021-04-21,atp_500,outdoor,clay,R32,3,Nadal R.,Ivashka I.,3,111,9490,713,2,1,3,6,6,2,6,4,,,,,completed,1.02,19.0,1.02,20.9,1.03,22.0,1.02,15.91,2021_20_barcelona_barcelona_open,2021_20_barcelona_barcelona_open_2021-04-21_nadal_r_ivashka_i
tennis_data_uk,atp,2021,20,Barcelona Open,Barcelona,2021-04-21,atp_500,outdoor,clay,R32,3,Nishikori K.,Garin C.,39,22,1543,2340,2,1,7,6,4,6,6,1,,,,,completed,2.62,1.5,2.56,1.58,2.62,1.6,2.49,1.53,2021_20_barcelona_barcelona_open,2021_20_barcelona_barcelona_open_2021-04-21_nishikori_k_garin_c
tennis_data_uk,atp,2021,20,Barcelona Open,Barcelona,2021-04-21,atp_500,outdoor,clay,R32,3,Schwartzman D.,Tiafoe F.,9,65,3720,1030,2,1,3,6,7,5,6,1,,,,,completed,1.36,3.2,1.32,3.74,1.4,3.74,1.35,3.2,2021_20_barcelona_barcelona_open,2021_20_barcelona_barcelona_open_2021-04-21_schwartzman_d_tiafoe_f
tennis_data_uk,atp,2021,20,Barcelona Open,Barcelona,2021-04-22,atp_500,outdoor,clay,R16,3,Rublev A.,Ramos-Vinolas A.,7,46,5955,1405,2,1,6,4,6,7,6,4,,,,,completed,1.16,5.0,1.18,5.65,1.21,5.76,1.17,5.05,2021_20_barcelona_barcelona_open,2021_20_barcelona_barcelona_open_2021-04-22_rublev_a_ramos_vinolas_a
tennis_data_uk,atp,2021,20,Barcelona Open,Barcelona,2021-04-22,atp_500,outdoor,clay,R16,3,Auger-Aliassime F.,Shapovalov D.,20,14,2373,2820,2,0,6,2,6,3,,,,,,,completed,1.8,2.0,1.93,1.97,1.97,2.05,1.85,1.96,2021_20_barcelona_barcelona_open,2021_20_barcelona_barcelona_open_2021-04-22_auger_aliassime_f_shapovalov_d
tennis_data_uk,atp,2021,20,Barcelona Open,Barcelona,2021-04-22,atp_500,outdoor,clay,R16,3,Sinner J.,Bautista Agut R.,19,11,2394,3090,2,0,7,6,6,2,,,,,,,completed,1.72,2.1,1.77,2.18,1.83,2.2,1.75,2.08,2021_20_barcelona_barcelona_open,2021_20_barcelona_barcelona_open_2021-04-22_sinner_j_bautista_agut_r
tennis_data_uk,atp,2021,20,Barcelona Open,Barcelona,2021-04-22,atp_500,outdoor,clay,R16,3,Tsitsipas S.,De Minaur A.,5,25,7860,2235,2,0,7,5,6,3,,,,,,,completed,1.1,7.0,1.11,7.88,1.15,8.25,1.1,6.92,2021_20_barcelona_barcelona_open,2021_20_barcelona_barcelona_open_2021-04-22_tsitsipas_s_de_minaur_a
tennis_data_uk,atp,2021,20,Barcelona Open,Barcelona,2021-04-22,atp_500,outdoor,clay,R16,3,Norrie C.,Goffin D.,58,12,1130,2885,1,0,6,0,3,5,,,,,,,retired,3.0,1.4,3.02,1.44,3.21,1.45,2.96,1.4,2021_20_barcelona_barcelona_open,2021_20_barcelona_barcelona_open_2021-04-22_norrie_c_goffin_d
tennis_data_uk,atp,2021,20,Barcelona Open,Barcelona,2021-04-22,atp_500,outdoor,clay,R16,3,Nadal R.,Nishikori K.,3,39,9490,1543,2,1,6,0,2,6,6,2,,,,,completed,1.08,8.0,1.11,7.92,1.17,8.5,1.09,7.58,2021_20_barcelona_barcelona_open,2021_20_barcelona_barcelona_open_2021-04-22_nadal_r_nishikori_k
tennis_data_uk,atp,2021,20,Barcelona Open,Barcelona,2021-04-22,atp_500,outdoor,clay,R16,3,Schwartzman D.,Moutet C.,9,75,3720,949,2,0,6,4,6,2,,,,,,,completed,1.22,4.33,1.27,4.21,1.29,4.57,1.24,4.06,2021_20_barcelona_barcelona_open,2021_20_barcelona_barcelona_open_2021-04-22_schwartzman_d_moutet_c
tennis_data_uk,atp,2021,20,Barcelona Open,Barcelona,2021-04-22,atp_500,outdoor,clay,R16,3,Carreno Busta P.,Zapata Miralles B.,13,147,2880,510,2,0,6,3,6,4,,,,,,,completed,1.2,4.5,1.22,4.84,1.24,4.84,1.21,4.5,2021_20_barcelona_barcelona_open,2021_20_barcelona_barcelona_open_2021-04-22_carreno_busta_p_zapata_miralles_b
tennis_data_uk,atp,2021,20,Barcelona Open,Barcelona,2021-04-23,atp_500,outdoor,clay,QF,3,Sinner J.,Rublev A.,19,7,2394,5955,2,0,6,2,7,6,,,,,,,completed,1.72,2.1,1.93,1.98,2.06,2.13,1.83,1.99,2021_20_barcelona_barcelona_open,2021_20_barcelona_barcelona_open_2021-04-23_sinner_j_rublev_a
tennis_data_uk,atp,2021,20,Barcelona Open,Barcelona,2021-04-23,atp_500,outdoor,clay,QF,3,Tsitsipas S.,Auger-Aliassime F.,5,20,7860,2373,2,0,6,3,6,3,,,,,,,completed,1.3,3.5,1.29,4.0,1.3,4.03,1.27,3.78,2021_20_barcelona_barcelona_open,2021_20_barcelona_barcelona_open_2021-04-23_tsitsipas_s_auger_aliassime_f
tennis_data_uk,atp,2021,20,Barcelona Open,Barcelona,2021-04-23,atp_500,outdoor,clay,QF,3,Nadal R.,Norrie C.,3,58,9490,1130,2,0,6,1,6,4,,,,,,,completed,1.05,11.0,1.07,11.51,1.08,15.0,1.05,10.93,2021_20_barcelona_barcelona_open,2021_20_barcelona_barcelona_open_2021-04-23_nadal_r_norrie_c
tennis_data_uk,atp,2021,20,Barcelona Open,Barcelona,2021-04-23,atp_500,outdoor,clay,QF,3,Carreno Busta P.,Schwartzman D.,13,9,2880,3720,2,1,6,4,3,6,7,5,,,,,completed,2.1,1.72,2.14,1.79,2.28,1.83,2.11,1.73,2021_20_barcelona_barcelona_open,2021_20_barcelona_barcelona_open_2021-04-23_carreno_busta_p_schwartzman_d
tennis_data_uk,atp,2021,20,Barcelona Open,Barcelona,2021-04-24,atp_500,outdoor,clay,SF,3,Tsitsipas S.,Sinner J.,5,19,7860,2394,2,0,6,3,6,3,,,,,,,completed,1.44,2.75,1.42,3.14,1.5,3.15,1.42,2.87,2021_20_barcelona_barcelona_open,2021_20_barcelona_barcelona_open_2021-04-24_tsitsipas_s_sinner_j
tennis_data_uk,atp,2021,20,Barcelona Open,Barcelona,2021-04-24,atp_500,outdoor,clay,SF,3,Nadal R.,Carreno Busta P.,3,13,9490,2880,2,0,6,3,6,2,,,,,,,completed,1.14,5.5,1.19,5.49,1.21,6.0,1.15,5.31,2021_20_barcelona_barcelona_open,2021_20_barcelona_barcelona_open_2021-04-24_nadal_r_carreno_busta_p
tennis_data_uk,atp,2021,20,Barcelona Open,Barcelona,2021-04-25,atp_500,outdoor,clay,F,3,Nadal R.,Tsitsipas S.,3,5,9490,7860,2,1,6,4,6,7,7,5,,,,,completed,1.57,2.37,1.54,2.66,1.63,2.66,1.53,2.49,2021_20_barcelona_barcelona_open,2021_20_barcelona_barcelona_open_2021-04-25_nadal_r_tsitsipas_s
tennis_data_uk,atp,2021,21,Serbia Open,Belgrade,2021-04-19,atp_250,outdoor,clay,R32,3,Milojevic N.,Coria F.,134,90,551,875,2,0,6,4,6,0,,,,,,,completed,1.61,2.3,1.71,2.24,1.74,2.33,1.67,2.2,2021_21_belgrade_serbia_open,2021_21_belgrade_serbia_open_2021-04-19_milojevic_n_coria_f
tennis_data_uk,atp,2021,21,Serbia Open,Belgrade,2021-04-19,atp_250,outdoor,clay,R32,3,Cecchinato M.,Troicki V.,94,196,816,354,2,0,6,1,6,4,,,,,,,completed,1.25,4.0,1.28,4.02,1.28,4.4,1.25,3.89,2021_21_belgrade_serbia_open,2021_21_belgrade_serbia_open_2021-04-19_cecchinato_m_troicki_v
tennis_data_uk,atp,2021,21,Serbia Open,Belgrade,2021-04-19,atp_250,outdoor,clay,R32,3,Millman J.,Petrovic D.,43,157,1461,470,2,0,7,5,6,4,,,,,,,completed,1.44,2.75,1.44,3.0,1.45,3.1,1.42,2.86,2021_21_belgrade_serbia_open,2021_21_belgrade_serbia_open_2021-04-19_millman_j_petrovic_d
tennis_data_uk,atp,2021,21,Serbia Open,Belgrade,2021-04-19,atp_250,outdoor,clay,R32,3,Krajinovic F.,Travaglia S.,33,63,1683,1039,2,1,7,5,5,7,6,3,,,,,completed,1.4,3.0,1.34,3.5,1.48,3.5,1.36,3.13,2021_21_belgrade_serbia_open,2021_21_belgrade_serbia_open_2021-04-19_krajinovic_f_travaglia_s
tennis_data_uk,atp,2021,21,Serbia Open,Belgrade,2021-04-20,atp_250,outdoor,clay,R32,3,Rinderknech A.,Londero J.I.,129,97,593,813,2,0,6,1,7,5,,,,,,,completed,1.44,2.75,1.63,2.42,1.63,2.95,1.47,2.68,2021_21_belgrade_serbia_open,2021_21_belgrade_serbia_open_2021-04-20_rinderknech_a_londero_j_i
tennis_data_uk,atp,2021,21,Serbia Open,Belgrade,2021-04-20,atp_250,outdoor,clay,R32,3,Kwon S.W.,Carballes Baena R.,85,91,910,866,2,0,6,3,7,5,,,,,,,completed,2.62,1.5,2.61,1.55,2.71,1.57,2.54,1.51,2021_21_belgrade_serbia_open,2021_21_belgrade_serbia_open_2021-04-20_kwon_s_w_carballes_baena_r
tennis_data_uk,atp,2021,21,Serbia Open,Belgrade,2021-04-20,atp_250,outdoor,clay,R32,3,Delbonis F.,Berankis R.,84,89,919,883,2,1,6,4,3,6,6,1,,,,,completed,1.44,2.75,1.45,2.93,1.47,3.15,1.42,2.84,2021_21_belgrade_serbia_open,2021_21_belgrade_serbia_open_2021-04-20_delbonis_f_berankis_r
tennis_data_uk,atp,2021,21,Serbia Open,Belgrade,2021-04-20,atp_250,outdoor,clay,R32,3,Daniel T.,Sousa J.,126,105,629,763,2,0,7,5,6,3,,,,,,,completed,,,,,3.35,1.73,2.69,1.53,2021_21_belgrade_serbia_open,2021_21_belgrade_serbia_open_2021-04-20_daniel_t_sousa_j
tennis_data_uk,atp,2021,21,Serbia Open,Belgrade,2021-04-20,atp_250,outdoor,clay,R32,3,Kecmanovic M.,Bagnis F.,47,102,1364,783,2,0,7,6,7,6,,,,,,,completed,1.8,2.0,1.83,2.08,2.16,2.2,1.79,2.02,2021_21_belgrade_serbia_open,2021_21_belgrade_serbia_open_2021-04-20_kecmanovic_m_bagnis_f
tennis_data_uk,atp,2021,21,Serbia Open,Belgrade,2021-04-20,atp_250,outdoor,clay,R32,3,Mager G.,Djere L.,98,49,813,1258,2,0,6,4,6,3,,,,,,,completed,3.5,1.3,3.67,1.32,4.15,1.32,3.54,1.29,2021_21_belgrade_serbia_open,2021_21_belgrade_serbia_open_2021-04-20_mager_g_djere_l
tennis_data_uk,atp,2021,21,Serbia Open,Belgrade,2021-04-20,atp_250,outdoor,clay,R32,3,Popyrin A.,Cerundolo F.,79,115,941,686,2,1,4,6,7,6,7,6,,,,,completed,1.72,2.1,1.82,2.08,1.88,2.1,1.81,2.0,2021_21_belgrade_serbia_open,2021_21_belgrade_serbia_open_2021-04-20_popyrin_a_cerundolo_f
tennis_data_uk,atp,2021,21,Serbia Open,Belgrade,2021-04-20,atp_250,outdoor,clay,R32,3,Bedene A.,Korda S.,56,66,1135,1030,2,1,7,5,1,6,7,6,,,,,completed,2.37,1.57,2.36,1.65,2.46,1.69,2.32,1.61,2021_21_belgrade_serbia_open,2021_21_belgrade_serbia_open_2021-04-20_bedene_a_korda_s
tennis_data_uk,atp,2021,21,Serbia Open,Belgrade,2021-04-21,atp_250,outdoor,clay,R16,3,Kecmanovic M.,Rinderknech A.,47,129,1364,593,2,1,6,3,3,6,6,3,,,,,completed,1.53,2.5,1.56,2.62,1.57,2.65,1.53,2.51,2021_21_belgrade_serbia_open,2021_21_belgrade_serbia_open_2021-04-21_kecmanovic_m_rinderknech_a
tennis_data_uk,atp,2021,21,Serbia Open,Belgrade,2021-04-21,atp_250,outdoor,clay,R16,3,Djokovic N.,Kwon S.W.,1,85,11873,910,2,0,6,1,6,3,,,,,,,completed,1.01,21.0,1.02,24.54,1.02,26.0,1.01,17.91,2021_21_belgrade_serbia_open,2021_21_belgrade_serbia_open_2021-04-21_djokovic_n_kwon_s_w
tennis_data_uk,atp,2021,21,Serbia Open,Belgrade,2021-04-21,atp_250,outdoor,clay,R16,3,Berrettini M.,Cecchinato M.,10,94,3453,816,2,0,6,4,6,3,,,,,,,completed,1.53,2.5,1.61,2.49,1.66,2.56,1.56,2.42,2021_21_belgrade_serbia_open,2021_21_belgrade_serbia_open_2021-04-21_berrettini_m_cecchinato_m
tennis_data_uk,atp,2021,21,Serbia Open,Belgrade,2021-04-21,atp_250,outdoor,clay,R16,3,Krajinovic F.,Milojevic N.,33,134,1683,551,2,0,6,1,6,1,,,,,,,completed,1.3,3.5,1.42,3.14,1.42,3.57,1.35,3.2,2021_21_belgrade_serbia_open,2021_21_belgrade_serbia_open_2021-04-21_krajinovic_f_milojevic_n
tennis_data_uk,atp,2021,21,Serbia Open,Belgrade,2021-04-22,atp_250,outdoor,clay,R16,3,Daniel T.,Millman J.,126,43,629,1461,2,1,3,6,6,2,6,3,,,,,completed,2.2,1.66,2.3,1.69,2.37,1.71,2.21,1.66,2021_21_belgrade_serbia_open,2021_21_belgrade_serbia_open_2021-04-22_daniel_t_millman_j
tennis_data_uk,atp,2021,21,Serbia Open,Belgrade,2021-04-22,atp_250,outdoor,clay,R16,3,Delbonis F.,Lajovic D.,84,37,919,1595,2,1,6,3,2,6,6,4,,,,,completed,2.0,1.8,1.95,1.95,2.1,2.0,1.97,1.84,2021_21_belgrade_serbia_open,2021_21_belgrade_serbia_open_2021-04-22_delbonis_f_lajovic_d
tennis_data_uk,atp,2021,21,Serbia Open,Belgrade,2021-04-22,atp_250,outdoor,clay,R16,3,Mager G.,Popyrin A.,98,79,813,941,2,0,7,5,6,2,,,,,,,completed,1.9,1.9,2.1,1.82,2.2,2.0,1.98,1.84,2021_21_belgrade_serbia_open,2021_21_belgrade_serbia_open_2021-04-22_mager_g_popyrin_a
tennis_data_uk,atp,2021,21,Serbia Open,Belgrade,2021-04-22,atp_250,outdoor,clay,R16,3,Karatsev A.,Bedene A.,28,56,1946,1135,2,1,6,3,4,6,7,6,,,,,completed,1.44,2.75,1.46,2.93,1.5,3.0,1.44,2.79,2021_21_belgrade_serbia_open,2021_21_belgrade_serbia_open_2021-04-22_karatsev_a_bedene_a
tennis_data_uk,atp,2021,21,Serbia Open,Belgrade,2021-04-23,atp_250,outdoor,clay,QF,3,Berrettini M.,Krajinovic F.,10,33,3453,1683,2,0,6,4,6,4,,,,,,,completed,1.9,1.9,1.93,1.98,1.96,2.2,1.86,1.94,2021_21_belgrade_serbia_open,2021_21_belgrade_serbia_open_2021-04-23_berrettini_m_krajinovic_f
tennis_data_uk,atp,2021,21,Serbia Open,Belgrade,2021-04-23,atp_250,outdoor,clay,QF,3,Djokovic N.,Kecmanovic M.,1,47,11873,1364,2,0,6,1,6,3,,,,,,,completed,1.05,11.0,1.08,10.44,1.09,12.0,1.05,9.93,2021_21_belgrade_serbia_open,2021_21_belgrade_serbia_open_2021-04-23_djokovic_n_kecmanovic_m
tennis_data_uk,atp,2021,21,Serbia Open,Belgrade,2021-04-23,atp_250,outdoor,clay,QF,3,Daniel T.,Delbonis F.,126,84,629,919,2,1,4,6,6,1,7,5,,,,,completed,2.75,1.44,2.83,1.49,3.2,1.51,2.74,1.45,2021_21_belgrade_serbia_open,2021_21_belgrade_serbia_open_2021-04-23_daniel_t_delbonis_f
tennis_data_uk,atp,2021,21,Serbia Open,Belgrade,2021-04-23,atp_250,outdoor,clay,QF,3,Karatsev A.,Mager G.,28,98,1946,813,2,0,6,3,6,4,,,,,,,completed,1.44,2.75,1.46,2.96,1.49,2.96,1.44,2.76,2021_21_belgrade_serbia_open,2021_21_belgrade_serbia_open_2021-04-23_karatsev_a_mager_g
tennis_data_uk,atp,2021,21,Serbia Open,Belgrade,2021-04-24,atp_250,outdoor,clay,SF,3,Karatsev A.,Djokovic N.,28,1,1946,11873,2,1,7,5,4,6,6,4,,,,,completed,6.0,1.12,6.0,1.17,6.35,1.18,5.73,1.14,2021_21_belgrade_serbia_open,2021_21_belgrade_serbia_open_2021-04-24_karatsev_a_djokovic_n
tennis_data_uk,atp,2021,21,Serbia Open,Belgrade,2021-04-24,atp_250,outdoor,clay,SF,3,Berrettini M.,Daniel T.,10,126,3453,629,2,1,6,1,6,7,6,0,,,,,completed,1.14,5.5,1.19,5.39,1.2,6.5,1.15,5.42,2021_21_belgrade_serbia_open,2021_21_belgrade_serbia_open_2021-04-24_berrettini_m_daniel_t
tennis_data_uk,atp,2021,21,Serbia Open,Belgrade,2021-04-25,atp_250,outdoor,clay,F,3,Berrettini M.,Karatsev A.,10,28,3453,1946,2,1,6,1,3,6,7,6,,,,,completed,2.0,1.8,1.95,1.95,2.09,1.95,1.94,1.87,2021_21_belgrade_serbia_open,2021_21_belgrade_serbia_open_2021-04-25_berrettini_m_karatsev_a
tennis_data_uk,atp,2021,22,Millennium Estoril Open,Estoril,2021-04-26,atp_250,outdoor,clay,R32,3,Davidovich Fokina A.,Andujar P.,48,80,1295,935,2,1,6,3,4,6,6,1,,,,,completed,1.36,3.2,1.36,3.39,1.5,3.39,1.36,3.09,2021_22_estoril_millennium_estoril_open,2021_22_estoril_millennium_estoril_open_2021-04-26_davidovich_fokina_a_andujar_p
tennis_data_uk,atp,2021,22,Millennium Estoril Open,Estoril,2021-04-26,atp_250,outdoor,clay,R32,3,Borges N.,Thompson J.,331,61,150,1042,2,0,7,6,6,3,,,,,,,completed,1.57,2.37,1.53,2.67,1.66,2.67,1.56,2.41,2021_22_estoril_millennium_estoril_open,2021_22_estoril_millennium_estoril_open_2021-04-26_borges_n_thompson_j
tennis_data_uk,atp,2021,22,Millennium Estoril Open,Estoril,2021-04-26,atp_250,outdoor,clay,R32,3,Chardy J.,Munar J.,51,88,1190,884,2,1,3,6,6,3,6,4,,,,,completed,2.5,1.53,2.68,1.53,2.7,1.58,2.52,1.52,2021_22_estoril_millennium_estoril_open,2021_22_estoril_millennium_estoril_open_2021-04-26_chardy_j_munar_j
tennis_data_uk,atp,2021,22,Millennium Estoril Open,Estoril,2021-04-26,atp_250,outdoor,clay,R32,3,Anderson K.,Tiafoe F.,105,64,755,1030,2,1,4,6,7,6,7,6,,,,,completed,3.2,1.36,3.28,1.38,3.3,1.41,3.06,1.37,2021_22_estoril_millennium_estoril_open,2021_22_estoril_millennium_estoril_open_2021-04-26_anderson_k_tiafoe_f
tennis_data_uk,atp,2021,22,Millennium Estoril Open,Estoril,2021-04-27,atp_250,outdoor,clay,R32,3,Gasquet R.,Londero J.I.,52,97,1185,813,2,0,6,3,7,5,,,,,,,completed,1.44,2.75,1.51,2.73,1.51,2.86,1.46,2.69,2021_22_estoril_millennium_estoril_open,2021_22_estoril_millennium_estoril_open_2021-04-27_gasquet_r_londero_j_i
tennis_data_uk,atp,2021,22,Millennium Estoril Open,Estoril,2021-04-27,atp_250,outdoor,clay,R32,3,Cecchinato M.,Harris L.,94,53,816,1182,2,0,6,3,6,4,,,,,,,completed,1.5,2.62,1.52,2.7,1.56,3.22,1.5,2.59,2021_22_estoril_millennium_estoril_open,2021_22_estoril_millennium_estoril_open_2021-04-27_cecchinato_m_harris_l
tennis_data_uk,atp,2021,22,Millennium Estoril Open,Estoril,2021-04-27,atp_250,outdoor,clay,R32,3,Martinez P.,Bublik A.,100,43,803,1453,2,0,6,3,6,0,,,,,,,completed,1.8,2.0,1.9,1.99,1.98,2.1,1.83,1.96,2021_22_estoril_millennium_estoril_open,2021_22_estoril_millennium_estoril_open_2021-04-27_martinez_p_bublik_a
tennis_data_uk,atp,2021,22,Millennium Estoril Open,Estoril,2021-04-27,atp_250,outdoor,clay,R32,3,Norrie C.,Sousa J.,50,103,1200,764,2,0,6,1,6,3,,,,,,,completed,1.33,3.4,1.38,3.27,1.41,3.44,1.35,3.15,2021_22_estoril_millennium_estoril_open,2021_22_estoril_millennium_estoril_open_2021-04-27_norrie_c_sousa_j
tennis_data_uk,atp,2021,22,Millennium Estoril Open,Estoril,2021-04-27,atp_250,outdoor,clay,R32,3,Herbert P.H.,Simon G.,86,69,897,982,2,0,7,5,6,3,,,,,,,completed,1.57,2.37,1.57,2.55,1.67,2.7,1.58,2.37,2021_22_estoril_millennium_estoril_open,2021_22_estoril_millennium_estoril_open_2021-04-27_herbert_p_h_simon_g
tennis_data_uk,atp,2021,22,Millennium Estoril Open,Estoril,2021-04-27,atp_250,outdoor,clay,R32,3,Cilic M.,Alcaraz C.,42,120,1453,645,2,1,6,3,1,6,6,4,,,,,completed,2.37,1.57,2.55,1.57,2.6,1.68,2.42,1.56,2021_22_estoril_millennium_estoril_open,2021_22_estoril_millennium_estoril_open_2021-04-27_cilic_m_alcaraz_c
tennis_data_uk,atp,2021,22,Millennium Estoril Open,Estoril,2021-04-27,atp_250,outdoor,clay,R32,3,Moutet C.,Giron M.,73,92,972,847,2,1,6,4,6,7,6,4,,,,,completed,1.28,3.75,1.26,4.23,1.28,4.35,1.24,3.95,2021_22_estoril_millennium_estoril_open,2021_22_estoril_millennium_estoril_open_2021-04-27_moutet_c_giron_m
tennis_data_uk,atp,2021,22,Millennium Estoril Open,Estoril,2021-04-27,atp_250,outdoor,clay,R32,3,Ramos-Vinolas A.,Verdasco F.,46,71,1405,975,2,0,6,3,6,3,,,,,,,completed,1.2,4.5,1.19,5.33,1.22,5.5,1.19,4.71,2021_22_estoril_millennium_estoril_open,2021_22_estoril_millennium_estoril_open_2021-04-27_ramos_vinolas_a_verdasco_f
tennis_data_uk,atp,2021,22,Millennium Estoril Open,Estoril,2021-04-28,atp_250,outdoor,clay,R16,3,Anderson K.,Carballes Baena R.,105,93,755,819,2,0,6,3,7,6,,,,,,,completed,1.57,2.37,1.63,2.45,1.67,2.6,1.55,2.44,2021_22_estoril_millennium_estoril_open,2021_22_estoril_millennium_estoril_open_2021-04-28_anderson_k_carballes_baena_r
tennis_data_uk,atp,2021,22,Millennium Estoril Open,Estoril,2021-04-28,atp_250,outdoor,clay,R16,3,Cilic M.,Borges N.,42,331,1453,150,2,1,6,7,6,4,6,4,,,,,completed,1.5,2.62,1.44,3.03,1.53,3.03,1.49,2.62,2021_22_estoril_millennium_estoril_open,2021_22_estoril_millennium_estoril_open_2021-04-28_cilic_m_borges_n
tennis_data_uk,atp,2021,22,Millennium Estoril Open,Estoril,2021-04-28,atp_250,outdoor,clay,R16,3,Humbert U.,Cecchinato M.,31,94,1825,816,2,1,6,4,3,6,6,3,,,,,completed,2.3,1.61,2.55,1.58,2.55,1.66,2.41,1.56,2021_22_estoril_millennium_estoril_open,2021_22_estoril_millennium_estoril_open_2021-04-28_humbert_u_cecchinato_m
tennis_data_uk,atp,2021,22,Millennium Estoril Open,Estoril,2021-04-28,atp_250,outdoor,clay,R16,3,Davidovich Fokina A.,Chardy J.,48,51,1295,1190,2,0,6,1,6,2,,,,,,,completed,1.5,2.62,1.49,2.83,1.53,2.98,1.47,2.68,2021_22_estoril_millennium_estoril_open,2021_22_estoril_millennium_estoril_open_2021-04-28_davidovich_fokina_a_chardy_j
tennis_data_uk,atp,2021,22,Millennium Estoril Open,Estoril,2021-04-29,atp_250,outdoor,clay,R16,3,Norrie C.,Martinez P.,50,100,1200,803,2,1,4,6,7,6,7,5,,,,,completed,1.72,2.1,1.78,2.17,1.8,2.3,1.72,2.12,2021_22_estoril_millennium_estoril_open,2021_22_estoril_millennium_estoril_open_2021-04-29_norrie_c_martinez_p
tennis_data_uk,atp,2021,22,Millennium Estoril Open,Estoril,2021-04-29,atp_250,outdoor,clay,R16,3,Garin C.,Gasquet R.,22,52,2318,1185,,,,,,,,,,,,,walkover,1.33,3.4,1.33,3.67,1.35,3.75,1.31,3.41,2021_22_estoril_millennium_estoril_open,2021_22_estoril_millennium_estoril_open_2021-04-29_garin_c_gasquet_r
tennis_data_uk,atp,2021,22,Millennium Estoril Open,Estoril,2021-04-29,atp_250,outdoor,clay,R16,3,Moutet C.,Shapovalov D.,73,14,972,2820,2,1,6,4,2,6,6,4,,,,,completed,2.62,1.5,2.6,1.56,2.72,1.59,2.56,1.51,2021_22_estoril_millennium_estoril_open,2021_22_estoril_millennium_estoril_open_2021-04-29_moutet_c_shapovalov_d
tennis_data_uk,atp,2021,22,Millennium Estoril Open,Estoril,2021-04-29,atp_250,outdoor,clay,R16,3,Ramos-Vinolas A.,Herbert P.H.,46,86,1405,897,2,0,6,2,7,6,,,,,,,completed,1.44,2.75,1.53,2.7,1.56,2.8,1.48,2.65,2021_22_estoril_millennium_estoril_open,2021_22_estoril_millennium_estoril_open_2021-04-29_ramos_vinolas_a_herbert_p_h
tennis_data_uk,atp,2021,22,Millennium Estoril Open,Estoril,2021-04-30,atp_250,outdoor,clay,QF,3,Norrie C.,Garin C.,50,22,1200,2318,2,1,3,6,7,5,6,3,,,,,completed,2.75,1.44,2.95,1.46,3.0,1.48,2.8,1.43,2021_22_estoril_millennium_estoril_open,2021_22_estoril_millennium_estoril_open_2021-04-30_norrie_c_garin_c
tennis_data_uk,atp,2021,22,Millennium Estoril Open,Estoril,2021-04-30,atp_250,outdoor,clay,QF,3,Cilic M.,Anderson K.,42,105,1453,755,1,0,7,6,,,,,,,,,retired,1.8,2.0,1.85,2.06,1.89,2.18,1.77,2.04,2021_22_estoril_millennium_estoril_open,2021_22_estoril_millennium_estoril_open_2021-04-30_cilic_m_anderson_k
tennis_data_uk,atp,2021,22,Millennium Estoril Open,Estoril,2021-04-30,atp_250,outdoor,clay,QF,3,Ramos-Vinolas A.,Moutet C.,46,73,1405,972,2,0,6,4,6,3,,,,,,,completed,1.61,2.3,1.63,2.44,1.63,2.5,1.59,2.35,2021_22_estoril_millennium_estoril_open,2021_22_estoril_millennium_estoril_open_2021-04-30_ramos_vinolas_a_moutet_c
tennis_data_uk,atp,2021,22,Millennium Estoril Open,Estoril,2021-04-30,atp_250,outdoor,clay,QF,3,Davidovich Fokina A.,Humbert U.,48,31,1295,1825,2,0,6,4,6,4,,,,,,,completed,1.4,3.0,1.34,3.59,1.48,3.59,1.37,3.07,2021_22_estoril_millennium_estoril_open,2021_22_estoril_millennium_estoril_open_2021-04-30_davidovich_fokina_a_humbert_u
tennis_data_uk,atp,2021,22,Millennium Estoril Open,Estoril,2021-05-01,atp_250,outdoor,clay,SF,3,Norrie C.,Cilic M.,50,42,1200,1453,2,0,7,6,7,5,,,,,,,completed,1.8,2.0,1.93,1.97,1.94,2.06,1.84,1.96,2021_22_estoril_millennium_estoril_open,2021_22_estoril_millennium_estoril_open_2021-05-01_norrie_c_cilic_m
tennis_data_uk,atp,2021,22,Millennium Estoril Open,Estoril,2021-05-01,atp_250,outdoor,clay,SF,3,Ramos-Vinolas A.,Davidovich Fokina A.,46,48,1405,1295,2,0,6,1,6,4,,,,,,,completed,2.3,1.61,2.45,1.62,2.45,1.71,2.3,1.62,2021_22_estoril_millennium_estoril_open,2021_22_estoril_millennium_estoril_open_2021-05-01_ramos_vinolas_a_davidovich_fokina_a
tennis_data_uk,atp,2021,22,Millennium Estoril Open,Estoril,2021-05-02,atp_250,outdoor,clay,F,3,Ramos-Vinolas A.,Norrie C.,46,50,1405,1200,2,1,4,6,6,3,7,6,,,,,completed,1.57,2.37,1.57,2.58,1.64,2.58,1.57,2.4,2021_22_estoril_millennium_estoril_open,2021_22_estoril_millennium_estoril_open_2021-05-02_ramos_vinolas_a_norrie_c
tennis_data_uk,atp,2021,23,BMW Open,Munich,2021-04-26,atp_250,outdoor,clay,R32,3,Millman J.,Popyrin A.,40,77,1461,949,2,1,7,6,3,6,7,5,,,,,completed,2.3,1.61,2.23,1.72,2.38,1.76,2.18,1.68,2021_23_munich_bmw_open,2021_23_munich_bmw_open_2021-04-26_millman_j_popyrin_a
tennis_data_uk,atp,2021,23,BMW Open,Munich,2021-04-26,atp_250,outdoor,clay,R32,3,Ivashka I.,Ruusuvuori E.,107,75,736,951,2,0,6,1,6,2,,,,,,,completed,1.36,3.2,1.42,3.07,1.47,3.2,1.4,2.91,2021_23_munich_bmw_open,2021_23_munich_bmw_open_2021-04-26_ivashka_i_ruusuvuori_e
tennis_data_uk,atp,2021,23,BMW Open,Munich,2021-04-26,atp_250,outdoor,clay,R32,3,Pella G.,Gerasimov E.,55,76,1163,950,1,0,6,0,2,0,,,,,,,retired,1.44,2.75,1.51,2.72,1.56,2.93,1.48,2.63,2021_23_munich_bmw_open,2021_23_munich_bmw_open_2021-04-26_pella_g_gerasimov_e
tennis_data_uk,atp,2021,23,BMW Open,Munich,2021-04-26,atp_250,outdoor,clay,R32,3,Berankis R.,Marterer M.,89,219,883,315,2,0,7,6,6,3,,,,,,,completed,2.1,1.72,2.2,1.74,2.33,1.83,2.14,1.71,2021_23_munich_bmw_open,2021_23_munich_bmw_open_2021-04-26_berankis_r_marterer_m
tennis_data_uk,atp,2021,23,BMW Open,Munich,2021-04-26,atp_250,outdoor,clay,R32,3,Coria F.,Stebe C.M.,90,134,875,556,2,1,6,3,3,6,6,2,,,,,completed,2.2,1.66,2.4,1.63,2.5,1.71,2.3,1.62,2021_23_munich_bmw_open,2021_23_munich_bmw_open_2021-04-26_coria_f_stebe_c_m
tennis_data_uk,atp,2021,23,BMW Open,Munich,2021-04-27,atp_250,outdoor,clay,R32,3,Cuevas P.,Sandgren T.,85,62,897,1037,2,1,7,6,0,6,6,1,,,,,completed,2.3,1.61,2.29,1.68,2.38,1.83,2.24,1.65,2021_23_munich_bmw_open,2021_23_munich_bmw_open_2021-04-27_cuevas_p_sandgren_t
tennis_data_uk,atp,2021,23,BMW Open,Munich,2021-04-27,atp_250,outdoor,clay,R32,3,Mcdonald M.,Lajovic D.,127,37,619,1595,2,0,6,4,6,4,,,,,,,completed,2.37,1.57,2.5,1.59,2.56,1.62,2.43,1.55,2021_23_munich_bmw_open,2021_23_munich_bmw_open_2021-04-27_mcdonald_m_lajovic_d
tennis_data_uk,atp,2021,23,BMW Open,Munich,2021-04-27,atp_250,outdoor,clay,R32,3,Struff J.L.,Martin A.,44,110,1440,728,2,0,6,4,6,3,,,,,,,completed,1.33,3.4,1.37,3.35,1.4,3.8,1.34,3.22,2021_23_munich_bmw_open,2021_23_munich_bmw_open_2021-04-27_struff_j_l_martin_a
tennis_data_uk,atp,2021,23,BMW Open,Munich,2021-04-27,atp_250,outdoor,clay,R32,3,Basilashvili N.,Monteiro T.,35,78,1645,948,2,0,6,2,6,3,,,,,,,completed,2.2,1.66,2.25,1.71,2.73,1.8,2.17,1.69,2021_23_munich_bmw_open,2021_23_munich_bmw_open_2021-04-27_basilashvili_n_monteiro_t
tennis_data_uk,atp,2021,23,BMW Open,Munich,2021-04-27,atp_250,outdoor,clay,R32,3,Koepfer D.,Kohlschreiber P.,54,114,1169,688,2,1,4,6,6,4,6,3,,,,,completed,1.53,2.5,1.46,2.92,1.59,2.95,1.51,2.57,2021_23_munich_bmw_open,2021_23_munich_bmw_open_2021-04-27_koepfer_d_kohlschreiber_p
tennis_data_uk,atp,2021,23,BMW Open,Munich,2021-04-27,atp_250,outdoor,clay,R32,3,Hanfmann Y.,Daniel T.,98,112,812,710,2,1,6,2,3,6,7,6,,,,,completed,1.4,3.0,1.42,3.09,1.43,3.25,1.38,3.02,2021_23_munich_bmw_open,2021_23_munich_bmw_open_2021-04-27_hanfmann_y_daniel_t
tennis_data_uk,atp,2021,23,BMW Open,Munich,2021-04-27,atp_250,outdoor,clay,R32,3,Galan D.E.,Korda S.,115,65,688,1030,2,0,6,1,7,6,,,,,,,completed,3.2,1.36,3.61,1.33,3.61,1.4,3.17,1.35,2021_23_munich_bmw_open,2021_23_munich_bmw_open_2021-04-27_galan_d_e_korda_s
tennis_data_uk,atp,2021,23,BMW Open,Munich,2021-04-28,atp_250,outdoor,clay,R16,3,Millman J.,Pella G.,40,55,1461,1163,0,1,4,6,2,0,,,,,,,retired,2.2,1.66,2.45,1.63,2.45,1.73,2.29,1.62,2021_23_munich_bmw_open,2021_23_munich_bmw_open_2021-04-28_millman_j_pella_g
tennis_data_uk,atp,2021,23,BMW Open,Munich,2021-04-28,atp_250,outdoor,clay,R16,3,Ruud C.,Cuevas P.,24,85,2270,897,2,0,6,3,6,2,,,,,,,completed,1.16,5.0,1.19,5.44,1.2,5.75,1.17,5.05,2021_23_munich_bmw_open,2021_23_munich_bmw_open_2021-04-28_ruud_c_cuevas_p
tennis_data_uk,atp,2021,23,BMW Open,Munich,2021-04-28,atp_250,outdoor,clay,R16,3,Zverev A.,Berankis R.,6,89,6125,883,2,0,6,2,6,4,,,,,,,completed,1.11,6.5,1.1,8.88,1.12,9.0,1.09,7.42,2021_23_munich_bmw_open,2021_23_munich_bmw_open_2021-04-28_zverev_a_berankis_r
tennis_data_uk,atp,2021,23,BMW Open,Munich,2021-04-28,atp_250,outdoor,clay,R16,3,Ivashka I.,Mcdonald M.,107,127,736,619,2,1,6,7,6,1,6,2,,,,,completed,1.5,2.62,1.48,2.86,1.55,2.92,1.48,2.66,2021_23_munich_bmw_open,2021_23_munich_bmw_open_2021-04-28_ivashka_i_mcdonald_m
tennis_data_uk,atp,2021,23,BMW Open,Munich,2021-04-29,atp_250,outdoor,clay,R16,3,Krajinovic F.,Hanfmann Y.,36,98,1619,812,,,,,,,,,,,,,walkover,1.44,2.75,1.49,2.84,1.5,2.88,1.46,2.71,2021_23_munich_bmw_open,2021_23_munich_bmw_open_2021-04-29_krajinovic_f_hanfmann_y
tennis_data_uk,atp,2021,23,BMW Open,Munich,2021-04-29,atp_250,outdoor,clay,R16,3,Struff J.L.,Koepfer D.,44,54,1440,1169,2,1,7,6,6,7,6,2,,,,,completed,1.61,2.3,1.65,2.38,1.66,2.55,1.59,2.34,2021_23_munich_bmw_open,2021_23_munich_bmw_open_2021-04-29_struff_j_l_koepfer_d
tennis_data_uk,atp,2021,23,BMW Open,Munich,2021-04-29,atp_250,outdoor,clay,R16,3,Gombos N.,Coria F.,95,90,815,875,2,0,6,4,6,1,,,,,,,completed,1.72,2.1,1.84,2.08,1.87,2.2,1.77,2.05,2021_23_munich_bmw_open,2021_23_munich_bmw_open_2021-04-29_gombos_n_coria_f
tennis_data_uk,atp,2021,23,BMW Open,Munich,2021-04-29,atp_250,outdoor,clay,R16,3,Basilashvili N.,Galan D.E.,35,115,1645,688,2,0,6,4,6,2,,,,,,,completed,1.8,2.0,1.88,2.03,1.9,2.3,1.76,2.06,2021_23_munich_bmw_open,2021_23_munich_bmw_open_2021-04-29_basilashvili_n_galan_d_e
tennis_data_uk,atp,2021,23,BMW Open,Munich,2021-04-30,atp_250,outdoor,clay,QF,3,Struff J.L.,Krajinovic F.,44,36,1440,1619,2,1,6,4,4,6,7,6,,,,,completed,2.5,1.53,2.8,1.5,2.8,1.58,2.56,1.51,2021_23_munich_bmw_open,2021_23_munich_bmw_open_2021-04-30_struff_j_l_krajinovic_f
tennis_data_uk,atp,2021,23,BMW Open,Munich,2021-04-30,atp_250,outdoor,clay,QF,3,Ivashka I.,Zverev A.,107,6,736,6125,2,1,6,7,7,5,6,3,,,,,completed,3.75,1.28,4.24,1.27,4.24,1.3,3.78,1.26,2021_23_munich_bmw_open,2021_23_munich_bmw_open_2021-04-30_ivashka_i_zverev_a
tennis_data_uk,atp,2021,23,BMW Open,Munich,2021-05-01,atp_250,outdoor,clay,QF,3,Basilashvili N.,Gombos N.,35,95,1645,815,2,0,6,4,6,4,,,,,,,completed,1.57,2.37,1.56,2.62,1.6,2.62,1.54,2.45,2021_23_munich_bmw_open,2021_23_munich_bmw_open_2021-05-01_basilashvili_n_gombos_n
tennis_data_uk,atp,2021,23,BMW Open,Munich,2021-05-01,atp_250,outdoor,clay,QF,3,Ruud C.,Millman J.,24,40,2270,1461,2,0,6,3,6,4,,,,,,,completed,1.12,6.0,1.17,5.98,1.17,7.0,1.13,5.97,2021_23_munich_bmw_open,2021_23_munich_bmw_open_2021-05-01_ruud_c_millman_j
tennis_data_uk,atp,2021,23,BMW Open,Munich,2021-05-01,atp_250,outdoor,clay,SF,3,Struff J.L.,Ivashka I.,44,107,1440,736,2,0,6,4,6,1,,,,,,,completed,2.37,1.57,2.4,1.65,2.5,1.69,2.3,1.61,2021_23_munich_bmw_open,2021_23_munich_bmw_open_2021-05-01_struff_j_l_ivashka_i
tennis_data_uk,atp,2021,23,BMW Open,Munich,2021-05-01,atp_250,outdoor,clay,SF,3,Basilashvili N.,Ruud C.,35,24,1645,2270,2,0,6,1,6,2,,,,,,,completed,3.75,1.28,3.5,1.34,4.33,1.34,3.65,1.28,2021_23_munich_bmw_open,2021_23_munich_bmw_open_2021-05-01_basilashvili_n_ruud_c
tennis_data_uk,atp,2021,23,BMW Open,Munich,2021-05-02,atp_250,outdoor,clay,F,3,Basilashvili N.,Struff J.L.,35,44,1645,1440,2,0,6,4,7,6,,,,,,,completed,1.72,2.1,1.79,2.15,1.82,2.49,1.68,2.19,2021_23_munich_bmw_open,2021_23_munich_bmw_open_2021-05-02_basilashvili_n_struff_j_l
tennis_data_uk,atp,2021,24,Mutua Madrid Open,Madrid,2021-05-02,masters_1000,outdoor,clay,R64,3,Paul T.,Martinez P.,58,95,1111,825,2,0,6,4,7,5,,,,,,,completed,2.2,1.66,2.37,1.66,2.5,1.68,2.31,1.61,2021_24_madrid_mutua_madrid_open,2021_24_madrid_mutua_madrid_open_2021-05-02_paul_t_martinez_p
tennis_data_uk,atp,2021,24,Mutua Madrid Open,Madrid,2021-05-02,masters_1000,outdoor,clay,R64,3,Shapovalov D.,Lajovic D.,14,38,2820,1595,2,0,6,1,6,3,,,,,,,completed,1.5,2.62,1.48,2.86,1.54,2.9,1.49,2.63,2021_24_madrid_mutua_madrid_open,2021_24_madrid_mutua_madrid_open_2021-05-02_shapovalov_d_lajovic_d
tennis_data_uk,atp,2021,24,Mutua Madrid Open,Madrid,2021-05-02,masters_1000,outdoor,clay,R64,3,Bublik A.,Fucsovics M.,44,45,1453,1443,2,0,7,6,6,3,,,,,,,completed,2.5,1.53,2.55,1.58,2.7,1.67,2.41,1.56,2021_24_madrid_mutua_madrid_open,2021_24_madrid_mutua_madrid_open_2021-05-02_bublik_a_fucsovics_m
tennis_data_uk,atp,2021,24,Mutua Madrid Open,Madrid,2021-05-02,masters_1000,outdoor,clay,R64,3,De Minaur A.,Munar J.,24,87,2235,884,2,1,4,6,7,5,6,1,,,,,completed,1.9,1.9,1.95,1.95,2.01,2.0,1.9,1.89,2021_24_madrid_mutua_madrid_open,2021_24_madrid_mutua_madrid_open_2021-05-02_de_minaur_a_munar_j
tennis_data_uk,atp,2021,24,Mutua Madrid Open,Madrid,2021-05-03,masters_1000,outdoor,clay,R64,3,Harris L.,Dimitrov G.,54,17,1173,2576,2,1,6,3,3,6,7,6,,,,,completed,3.2,1.36,3.22,1.4,3.42,1.43,3.12,1.36,2021_24_madrid_mutua_madrid_open,2021_24_madrid_mutua_madrid_open_2021-05-03_harris_l_dimitrov_g
tennis_data_uk,atp,2021,24,Mutua Madrid Open,Madrid,2021-05-03,masters_1000,outdoor,clay,R64,3,Isner J.,Kecmanovic M.,39,47,1550,1384,2,0,6,4,7,6,,,,,,,completed,2.2,1.66,2.47,1.61,2.5,1.73,2.3,1.61,2021_24_madrid_mutua_madrid_open,2021_24_madrid_mutua_madrid_open_2021-05-03_isner_j_kecmanovic_m
tennis_data_uk,atp,2021,24,Mutua Madrid Open,Madrid,2021-05-03,masters_1000,outdoor,clay,R64,3,Karatsev A.,Humbert U.,27,32,2087,1825,2,0,7,5,6,4,,,,,,,completed,1.3,3.5,1.36,3.48,1.38,3.75,1.31,3.42,2021_24_madrid_mutua_madrid_open,2021_24_madrid_mutua_madrid_open_2021-05-03_karatsev_a_humbert_u
tennis_data_uk,atp,2021,24,Mutua Madrid Open,Madrid,2021-05-03,masters_1000,outdoor,clay,R64,3,Evans D.,Chardy J.,26,51,2140,1190,2,1,7,6,6,7,6,2,,,,,completed,1.66,2.2,1.74,2.23,1.74,2.3,1.67,2.19,2021_24_madrid_mutua_madrid_open,2021_24_madrid_mutua_madrid_open_2021-05-03_evans_d_chardy_j
tennis_data_uk,atp,2021,24,Mutua Madrid Open,Madrid,2021-05-03,masters_1000,outdoor,clay,R64,3,Koepfer D.,Opelka R.,53,46,1177,1417,2,0,6,4,6,4,,,,,,,completed,1.72,2.1,1.74,2.23,1.88,2.23,1.72,2.11,2021_24_madrid_mutua_madrid_open,2021_24_madrid_mutua_madrid_open_2021-05-03_koepfer_d_opelka_r
tennis_data_uk,atp,2021,24,Mutua Madrid Open,Madrid,2021-05-03,masters_1000,outdoor,clay,R64,3,Fognini F.,Taberner C.,28,141,2048,527,2,1,7,6,2,6,6,3,,,,,completed,1.57,2.37,1.57,2.57,1.62,2.6,1.54,2.44,2021_24_madrid_mutua_madrid_open,2021_24_madrid_mutua_madrid_open_2021-05-03_fognini_f_taberner_c
tennis_data_uk,atp,2021,24,Mutua Madrid Open,Madrid,2021-05-03,masters_1000,outdoor,clay,R64,3,Alcaraz C.,Mannarino A.,120,34,654,1681,2,0,6,4,6,0,,,,,,,completed,1.2,4.5,1.26,4.39,1.26,4.8,1.21,4.33,2021_24_madrid_mutua_madrid_open,2021_24_madrid_mutua_madrid_open_2021-05-03_alcaraz_c_mannarino_a
tennis_data_uk,atp,2021,24,Mutua Madrid Open,Madrid,2021-05-03,masters_1000,outdoor,clay,R64,3,Giron M.,Andujar P.,91,79,847,935,2,1,6,7,7,6,7,5,,,,,completed,2.75,1.44,2.82,1.49,2.9,1.5,2.73,1.45,2021_24_madrid_mutua_madrid_open,2021_24_madrid_mutua_madrid_open_2021-05-03_giron_m_andujar_p
tennis_data_uk,atp,2021,24,Mutua Madrid Open,Madrid,2021-05-03,masters_1000,outdoor,clay,R64,3,Garin C.,Verdasco F.,25,71,2215,975,2,0,6,1,6,4,,,,,,,completed,1.16,5.0,1.18,5.61,1.2,5.8,1.16,5.17,2021_24_madrid_mutua_madrid_open,2021_24_madrid_mutua_madrid_open_2021-05-03_garin_c_verdasco_f
tennis_data_uk,atp,2021,24,Mutua Madrid Open,Madrid,2021-05-03,masters_1000,outdoor,clay,R64,3,Delbonis F.,Carreno Busta P.,77,12,944,3015,2,1,3,6,6,4,6,3,,,,,completed,3.5,1.3,4.14,1.28,4.14,1.33,3.61,1.29,2021_24_madrid_mutua_madrid_open,2021_24_madrid_mutua_madrid_open_2021-05-03_delbonis_f_carreno_busta_p
tennis_data_uk,atp,2021,24,Mutua Madrid Open,Madrid,2021-05-04,masters_1000,outdoor,clay,R64,3,Sinner J.,Pella G.,18,55,2524,1141,1,0,6,2,4,4,,,,,,,retired,1.08,8.0,1.07,10.72,1.12,11.0,1.07,8.58,2021_24_madrid_mutua_madrid_open,2021_24_madrid_mutua_madrid_open_2021-05-04_sinner_j_pella_g
tennis_data_uk,atp,2021,24,Mutua Madrid Open,Madrid,2021-05-04,masters_1000,outdoor,clay,R64,3,Millman J.,Hurkacz H.,42,16,1486,2600,2,1,5,7,7,6,6,3,,,,,completed,2.75,1.44,2.98,1.45,3.1,1.5,2.79,1.44,2021_24_madrid_mutua_madrid_open,2021_24_madrid_mutua_madrid_open_2021-05-04_millman_j_hurkacz_h
tennis_data_uk,atp,2021,24,Mutua Madrid Open,Madrid,2021-05-04,masters_1000,outdoor,clay,R64,3,Ruud C.,Auger-Aliassime F.,22,20,2340,2418,2,0,6,1,6,4,,,,,,,completed,2.0,1.8,1.92,1.99,2.06,2.1,1.95,1.85,2021_24_madrid_mutua_madrid_open,2021_24_madrid_mutua_madrid_open_2021-05-04_ruud_c_auger_aliassime_f
tennis_data_uk,atp,2021,24,Mutua Madrid Open,Madrid,2021-05-04,masters_1000,outdoor,clay,R64,3,Nishikori K.,Khachanov K.,43,23,1453,2280,2,1,6,7,6,2,6,2,,,,,completed,1.8,2.0,1.91,2.0,1.91,2.23,1.79,2.02,2021_24_madrid_mutua_madrid_open,2021_24_madrid_mutua_madrid_open_2021-05-04_nishikori_k_khachanov_k
tennis_data_uk,atp,2021,24,Mutua Madrid Open,Madrid,2021-05-04,masters_1000,outdoor,clay,R64,3,Davidovich Fokina A.,Herbert P.H.,49,85,1283,897,2,1,6,7,7,6,7,6,,,,,completed,1.57,2.37,1.64,2.42,1.66,2.47,1.58,2.37,2021_24_madrid_mutua_madrid_open,2021_24_madrid_mutua_madrid_open_2021-05-04_davidovich_fokina_a_herbert_p_h
tennis_data_uk,atp,2021,24,Mutua Madrid Open,Madrid,2021-05-04,masters_1000,outdoor,clay,R64,3,Nishioka Y.,Krajinovic F.,60,36,1052,1619,2,0,6,2,6,4,,,,,,,completed,5.0,1.16,4.19,1.27,5.0,1.5,3.63,1.31,2021_24_madrid_mutua_madrid_open,2021_24_madrid_mutua_madrid_open_2021-05-04_nishioka_y_krajinovic_f
tennis_data_uk,atp,2021,24,Mutua Madrid Open,Madrid,2021-05-04,masters_1000,outdoor,clay,R64,3,Popyrin A.,Struff J.L.,76,40,949,1545,2,0,6,3,7,6,,,,,,,completed,2.0,1.8,2.23,1.74,2.25,1.8,2.11,1.72,2021_24_madrid_mutua_madrid_open,2021_24_madrid_mutua_madrid_open_2021-05-04_popyrin_a_struff_j_l
tennis_data_uk,atp,2021,24,Mutua Madrid Open,Madrid,2021-05-04,masters_1000,outdoor,clay,R64,3,Ramos-Vinolas A.,Fritz T.,37,30,1610,1855,2,1,7,5,5,7,6,4,,,,,completed,2.1,1.72,2.18,1.76,2.24,1.83,2.09,1.74,2021_24_madrid_mutua_madrid_open,2021_24_madrid_mutua_madrid_open_2021-05-04_ramos_vinolas_a_fritz_t
tennis_data_uk,atp,2021,24,Mutua Madrid Open,Madrid,2021-05-04,masters_1000,outdoor,clay,R64,3,Bautista Agut R.,Cecchinato M.,11,104,3090,771,2,1,6,2,6,7,7,5,,,,,completed,1.3,3.5,1.31,3.81,1.32,3.92,1.29,3.6,2021_24_madrid_mutua_madrid_open,2021_24_madrid_mutua_madrid_open_2021-05-04_bautista_agut_r_cecchinato_m
tennis_data_uk,atp,2021,24,Mutua Madrid Open,Madrid,2021-05-04,masters_1000,outdoor,clay,R64,3,Paire B.,Basilashvili N.,35,31,1659,1850,2,0,6,4,7,5,,,,,,,completed,4.33,1.22,4.06,1.28,4.5,1.3,4.12,1.23,2021_24_madrid_mutua_madrid_open,2021_24_madrid_mutua_madrid_open_2021-05-04_paire_b_basilashvili_n
tennis_data_uk,atp,2021,24,Mutua Madrid Open,Madrid,2021-05-04,masters_1000,outdoor,clay,R32,3,Rublev A.,Paul T.,7,58,6000,1111,2,1,6,7,6,3,6,4,,,,,completed,1.11,6.5,1.15,6.48,1.17,6.75,1.13,5.84,2021_24_madrid_mutua_madrid_open,2021_24_madrid_mutua_madrid_open_2021-05-04_rublev_a_paul_t
tennis_data_uk,atp,2021,24,Mutua Madrid Open,Madrid,2021-05-04,masters_1000,outdoor,clay,R32,3,Bublik A.,Shapovalov D.,44,14,1453,2820,2,1,6,4,5,7,6,4,,,,,completed,2.75,1.44,2.85,1.48,2.95,1.49,2.74,1.45,2021_24_madrid_mutua_madrid_open,2021_24_madrid_mutua_madrid_open_2021-05-04_bublik_a_shapovalov_d
tennis_data_uk,atp,2021,24,Mutua Madrid Open,Madrid,2021-05-04,masters_1000,outdoor,clay,R32,3,Berrettini M.,Fognini F.,10,28,3493,2048,2,0,6,3,6,4,,,,,,,completed,1.33,3.4,1.34,3.63,1.36,3.76,1.31,3.4,2021_24_madrid_mutua_madrid_open,2021_24_madrid_mutua_madrid_open_2021-05-04_berrettini_m_fognini_f
tennis_data_uk,atp,2021,24,Mutua Madrid Open,Madrid,2021-05-04,masters_1000,outdoor,clay,R32,3,Thiem D.,Giron M.,4,91,8365,847,2,0,6,1,6,3,,,,,,,completed,1.16,5.0,1.12,7.45,1.2,7.45,1.14,5.75,2021_24_madrid_mutua_madrid_open,2021_24_madrid_mutua_madrid_open_2021-05-04_thiem_d_giron_m
tennis_data_uk,atp,2021,24,Mutua Madrid Open,Madrid,2021-05-04,masters_1000,outdoor,clay,R32,3,De Minaur A.,Harris L.,24,54,2235,1173,1,0,6,2,3,0,,,,,,,retired,1.53,2.5,1.58,2.56,1.58,2.8,1.51,2.56,2021_24_madrid_mutua_madrid_open,2021_24_madrid_mutua_madrid_open_2021-05-04_de_minaur_a_harris_l
tennis_data_uk,atp,2021,24,Mutua Madrid Open,Madrid,2021-05-05,masters_1000,outdoor,clay,R32,3,Garin C.,Koepfer D.,25,53,2215,1177,2,0,6,3,6,4,,,,,,,completed,1.4,3.0,1.41,3.19,1.46,3.25,1.39,2.98,2021_24_madrid_mutua_madrid_open,2021_24_madrid_mutua_madrid_open_2021-05-05_garin_c_koepfer_d
tennis_data_uk,atp,2021,24,Mutua Madrid Open,Madrid,2021-05-05,masters_1000,outdoor,clay,R32,3,Karatsev A.,Schwartzman D.,27,9,2087,3765,2,1,2,6,6,4,6,1,,,,,completed,1.61,2.3,1.7,2.28,1.71,2.4,1.63,2.27,2021_24_madrid_mutua_madrid_open,2021_24_madrid_mutua_madrid_open_2021-05-05_karatsev_a_schwartzman_d
tennis_data_uk,atp,2021,24,Mutua Madrid Open,Madrid,2021-05-05,masters_1000,outdoor,clay,R32,3,Medvedev D.,Davidovich Fokina A.,3,49,9700,1283,2,1,4,6,6,4,6,2,,,,,completed,1.57,2.37,1.76,2.19,1.76,2.6,1.61,2.31,2021_24_madrid_mutua_madrid_open,2021_24_madrid_mutua_madrid_open_2021-05-05_medvedev_d_davidovich_fokina_a
tennis_data_uk,atp,2021,24,Mutua Madrid Open,Madrid,2021-05-05,masters_1000,outdoor,clay,R32,3,Evans D.,Millman J.,26,42,2140,1486,2,1,6,7,6,2,6,3,,,,,completed,1.4,3.0,1.41,3.16,1.45,3.16,1.39,2.98,2021_24_madrid_mutua_madrid_open,2021_24_madrid_mutua_madrid_open_2021-05-05_evans_d_millman_j
tennis_data_uk,atp,2021,24,Mutua Madrid Open,Madrid,2021-05-05,masters_1000,outdoor,clay,R32,3,Zverev A.,Nishikori K.,6,43,6125,1453,2,0,6,3,6,2,,,,,,,completed,1.44,2.75,1.45,2.98,1.5,3.15,1.41,2.88,2021_24_madrid_mutua_madrid_open,2021_24_madrid_mutua_madrid_open_2021-05-05_zverev_a_nishikori_k
tennis_data_uk,atp,2021,24,Mutua Madrid Open,Madrid,2021-05-05,masters_1000,outdoor,clay,R32,3,Delbonis F.,Ramos-Vinolas A.,77,37,944,1610,2,0,7,6,6,3,,,,,,,completed,1.57,2.37,1.72,2.26,1.72,2.55,1.61,2.31,2021_24_madrid_mutua_madrid_open,2021_24_madrid_mutua_madrid_open_2021-05-05_delbonis_f_ramos_vinolas_a
tennis_data_uk,atp,2021,24,Mutua Madrid Open,Madrid,2021-05-05,masters_1000,outdoor,clay,R32,3,Nadal R.,Alcaraz C.,2,120,9810,654,2,0,6,1,6,2,,,,,,,completed,1.08,8.0,1.07,11.14,1.09,13.0,1.06,9.17,2021_24_madrid_mutua_madrid_open,2021_24_madrid_mutua_madrid_open_2021-05-05_nadal_r_alcaraz_c
tennis_data_uk,atp,2021,24,Mutua Madrid Open,Madrid,2021-05-05,masters_1000,outdoor,clay,R32,3,Popyrin A.,Sinner J.,76,18,949,2524,2,0,7,6,6,2,,,,,,,completed,5.5,1.14,5.89,1.17,6.75,1.17,5.69,1.14,2021_24_madrid_mutua_madrid_open,2021_24_madrid_mutua_madrid_open_2021-05-05_popyrin_a_sinner_j
tennis_data_uk,atp,2021,24,Mutua Madrid Open,Madrid,2021-05-05,masters_1000,outdoor,clay,R32,3,Isner J.,Bautista Agut R.,39,11,1550,3090,2,1,6,4,6,7,7,6,,,,,completed,3.75,1.28,4.05,1.29,4.2,1.42,3.6,1.29,2021_24_madrid_mutua_madrid_open,2021_24_madrid_mutua_madrid_open_2021-05-05_isner_j_bautista_agut_r
tennis_data_uk,atp,2021,24,Mutua Madrid Open,Madrid,2021-05-05,masters_1000,outdoor,clay,R32,3,Tsitsipas S.,Paire B.,5,35,7910,1659,2,0,6,1,6,2,,,,,,,completed,1.05,11.0,1.04,16.85,1.07,18.0,1.03,12.53,2021_24_madrid_mutua_madrid_open,2021_24_madrid_mutua_madrid_open_2021-05-05_tsitsipas_s_paire_b
tennis_data_uk,atp,2021,24,Mutua Madrid Open,Madrid,2021-05-05,masters_1000,outdoor,clay,R32,3,Ruud C.,Nishioka Y.,22,60,2340,1052,2,0,6,1,6,2,,,,,,,completed,1.11,6.5,1.14,6.72,1.16,7.0,1.12,6.3,2021_24_madrid_mutua_madrid_open,2021_24_madrid_mutua_madrid_open_2021-05-05_ruud_c_nishioka_y
tennis_data_uk,atp,2021,24,Mutua Madrid Open,Madrid,2021-05-06,masters_1000,outdoor,clay,R16,3,Bublik A.,Karatsev A.,44,27,1453,2087,2,0,6,4,6,3,,,,,,,completed,3.5,1.3,3.96,1.29,4.0,1.33,3.61,1.29,2021_24_madrid_mutua_madrid_open,2021_24_madrid_mutua_madrid_open_2021-05-06_bublik_a_karatsev_a
tennis_data_uk,atp,2021,24,Mutua Madrid Open,Madrid,2021-05-06,masters_1000,outdoor,clay,R16,3,Thiem D.,De Minaur A.,4,24,8365,2235,2,0,7,6,6,4,,,,,,,completed,1.25,4.0,1.25,4.49,1.29,4.9,1.23,4.12,2021_24_madrid_mutua_madrid_open,2021_24_madrid_mutua_madrid_open_2021-05-06_thiem_d_de_minaur_a
tennis_data_uk,atp,2021,24,Mutua Madrid Open,Madrid,2021-05-06,masters_1000,outdoor,clay,R16,3,Garin C.,Medvedev D.,25,3,2215,9700,2,1,6,4,6,7,6,1,,,,,completed,2.3,1.61,2.36,1.67,2.7,1.67,2.34,1.58,2021_24_madrid_mutua_madrid_open,2021_24_madrid_mutua_madrid_open_2021-05-06_garin_c_medvedev_d
tennis_data_uk,atp,2021,24,Mutua Madrid Open,Madrid,2021-05-06,masters_1000,outdoor,clay,R16,3,Nadal R.,Popyrin A.,2,76,9810,949,2,0,6,3,6,3,,,,,,,completed,1.04,13.0,1.04,16.17,1.05,18.0,1.03,12.88,2021_24_madrid_mutua_madrid_open,2021_24_madrid_mutua_madrid_open_2021-05-06_nadal_r_popyrin_a
tennis_data_uk,atp,2021,24,Mutua Madrid Open,Madrid,2021-05-06,masters_1000,outdoor,clay,R16,3,Isner J.,Rublev A.,39,7,1550,6000,2,1,7,6,3,6,7,6,,,,,completed,3.5,1.3,3.81,1.31,4.0,1.36,3.54,1.3,2021_24_madrid_mutua_madrid_open,2021_24_madrid_mutua_madrid_open_2021-05-06_isner_j_rublev_a
tennis_data_uk,atp,2021,24,Mutua Madrid Open,Madrid,2021-05-06,masters_1000,outdoor,clay,R16,3,Ruud C.,Tsitsipas S.,22,5,2340,7910,2,0,7,6,6,4,,,,,,,completed,4.0,1.25,4.73,1.23,4.75,1.26,4.27,1.22,2021_24_madrid_mutua_madrid_open,2021_24_madrid_mutua_madrid_open_2021-05-06_ruud_c_tsitsipas_s
tennis_data_uk,atp,2021,24,Mutua Madrid Open,Madrid,2021-05-06,masters_1000,outdoor,clay,R16,3,Zverev A.,Evans D.,6,26,6125,2140,2,0,6,3,7,6,,,,,,,completed,1.25,4.0,1.22,4.88,1.26,4.88,1.21,4.34,2021_24_madrid_mutua_madrid_open,2021_24_madrid_mutua_madrid_open_2021-05-06_zverev_a_evans_d
tennis_data_uk,atp,2021,24,Mutua Madrid Open,Madrid,2021-05-06,masters_1000,outdoor,clay,R16,3,Berrettini M.,Delbonis F.,10,77,3493,944,2,0,7,6,6,4,,,,,,,completed,1.25,4.0,1.27,4.26,1.29,4.8,1.23,4.13,2021_24_madrid_mutua_madrid_open,2021_24_madrid_mutua_madrid_open_2021-05-06_berrettini_m_delbonis_f
tennis_data_uk,atp,2021,24,Mutua Madrid Open,Madrid,2021-05-07,masters_1000,outdoor,clay,QF,3,Thiem D.,Isner J.,4,39,8365,1550,2,1,3,6,6,3,6,4,,,,,completed,1.28,3.75,1.27,4.23,1.29,4.6,1.24,4.01,2021_24_madrid_mutua_madrid_open,2021_24_madrid_mutua_madrid_open_2021-05-07_thiem_d_isner_j
tennis_data_uk,atp,2021,24,Mutua Madrid Open,Madrid,2021-05-07,masters_1000,outdoor,clay,QF,3,Zverev A.,Nadal R.,6,2,6125,9810,2,0,6,4,6,4,,,,,,,completed,4.33,1.22,4.62,1.24,4.75,1.28,4.36,1.21,2021_24_madrid_mutua_madrid_open,2021_24_madrid_mutua_madrid_open_2021-05-07_zverev_a_nadal_r
tennis_data_uk,atp,2021,24,Mutua Madrid Open,Madrid,2021-05-07,masters_1000,outdoor,clay,QF,3,Ruud C.,Bublik A.,22,44,2340,1453,2,0,7,5,6,1,,,,,,,completed,1.3,3.5,1.32,3.76,1.37,4.0,1.3,3.54,2021_24_madrid_mutua_madrid_open,2021_24_madrid_mutua_madrid_open_2021-05-07_ruud_c_bublik_a
tennis_data_uk,atp,2021,24,Mutua Madrid Open,Madrid,2021-05-07,masters_1000,outdoor,clay,QF,3,Berrettini M.,Garin C.,10,25,3493,2215,2,1,5,7,6,3,6,0,,,,,completed,1.53,2.5,1.54,2.67,1.6,2.7,1.52,2.51,2021_24_madrid_mutua_madrid_open,2021_24_madrid_mutua_madrid_open_2021-05-07_berrettini_m_garin_c
tennis_data_uk,atp,2021,24,Mutua Madrid Open,Madrid,2021-05-08,masters_1000,outdoor,clay,SF,3,Zverev A.,Thiem D.,6,4,6125,8365,2,0,6,3,6,4,,,,,,,completed,1.72,2.1,1.81,2.11,1.84,2.35,1.71,2.14,2021_24_madrid_mutua_madrid_open,2021_24_madrid_mutua_madrid_open_2021-05-08_zverev_a_thiem_d
tennis_data_uk,atp,2021,24,Mutua Madrid Open,Madrid,2021-05-08,masters_1000,outdoor,clay,SF,3,Berrettini M.,Ruud C.,10,22,3493,2340,2,0,6,4,6,4,,,,,,,completed,2.2,1.66,2.18,1.77,2.23,1.81,2.1,1.73,2021_24_madrid_mutua_madrid_open,2021_24_madrid_mutua_madrid_open_2021-05-08_berrettini_m_ruud_c
tennis_data_uk,atp,2021,24,Mutua Madrid Open,Madrid,2021-05-09,masters_1000,outdoor,clay,F,3,Zverev A.,Berrettini M.,6,10,6125,3493,2,1,6,7,6,4,6,3,,,,,completed,1.61,2.3,1.68,2.34,1.69,2.49,1.62,2.31,2021_24_madrid_mutua_madrid_open,2021_24_madrid_mutua_madrid_open_2021-05-09_zverev_a_berrettini_m
tennis_data_uk,atp,2021,25,Internazionali BNL d'Italia,Rome,2021-05-09,masters_1000,outdoor,clay,R64,3,Auger-Aliassime F.,Krajinovic F.,21,39,2418,1619,2,1,6,3,6,7,6,4,,,,,completed,1.72,2.1,1.69,2.31,1.86,2.31,1.69,2.17,2021_25_rome_internazionali_bnl_d_italia,2021_25_rome_internazionali_bnl_d_italia_2021-05-09_auger_aliassime_f_krajinovic_f
tennis_data_uk,atp,2021,25,Internazionali BNL d'Italia,Rome,2021-05-09,masters_1000,outdoor,clay,R64,3,Carreno Busta P.,Djere L.,12,52,3050,1168,2,1,4,6,6,3,6,1,,,,,completed,1.36,3.2,1.36,3.49,1.43,3.52,1.34,3.26,2021_25_rome_internazionali_bnl_d_italia,2021_25_rome_internazionali_bnl_d_italia_2021-05-09_carreno_busta_p_djere_l
tennis_data_uk,atp,2021,25,Internazionali BNL d'Italia,Rome,2021-05-09,masters_1000,outdoor,clay,R64,3,Opelka R.,Gasquet R.,47,53,1382,1163,2,0,6,1,7,5,,,,,,,completed,2.1,1.72,2.2,1.75,2.3,1.77,2.14,1.7,2021_25_rome_internazionali_bnl_d_italia,2021_25_rome_internazionali_bnl_d_italia_2021-05-09_opelka_r_gasquet_r
tennis_data_uk,atp,2021,25,Internazionali BNL d'Italia,Rome,2021-05-09,masters_1000,outdoor,clay,R64,3,Goffin D.,Caruso S.,13,81,2875,928,2,0,6,4,6,1,,,,,,,completed,1.4,3.0,1.45,2.99,1.45,3.11,1.41,2.9,2021_25_rome_internazionali_bnl_d_italia,2021_25_rome_internazionali_bnl_d_italia_2021-05-09_goffin_d_caruso_s
tennis_data_uk,atp,2021,25,Internazionali BNL d'Italia,Rome,2021-05-10,masters_1000,outdoor,clay,R64,3,Fritz T.,Evans D.,31,26,1830,2185,2,0,6,3,6,2,,,,,,,completed,2.3,1.61,2.09,1.83,2.38,1.83,2.21,1.66,2021_25_rome_internazionali_bnl_d_italia,2021_25_rome_internazionali_bnl_d_italia_2021-05-10_fritz_t_evans_d
tennis_data_uk,atp,2021,25,Internazionali BNL d'Italia,Rome,2021-05-10,masters_1000,outdoor,clay,R64,3,Fucsovics M.,Nishioka Y.,44,59,1421,1103,2,0,6,0,6,2,,,,,,,completed,,,,,1.4,3.2,1.39,2.94,2021_25_rome_internazionali_bnl_d_italia,2021_25_rome_internazionali_bnl_d_italia_2021-05-10_fucsovics_m_nishioka_y
tennis_data_uk,atp,2021,25,Internazionali BNL d'Italia,Rome,2021-05-10,masters_1000,outdoor,clay,R64,3,Travaglia S.,Paire B.,69,35,999,1680,2,0,6,4,6,3,,,,,,,completed,1.3,3.5,1.28,4.1,1.33,4.1,1.3,3.49,2021_25_rome_internazionali_bnl_d_italia,2021_25_rome_internazionali_bnl_d_italia_2021-05-10_travaglia_s_paire_b
tennis_data_uk,atp,2021,25,Internazionali BNL d'Italia,Rome,2021-05-10,masters_1000,outdoor,clay,R64,3,Karatsev A.,Kecmanovic M.,27,46,2167,1384,2,0,7,6,6,4,,,,,,,completed,1.3,3.5,1.38,3.36,1.38,3.55,1.33,3.29,2021_25_rome_internazionali_bnl_d_italia,2021_25_rome_internazionali_bnl_d_italia_2021-05-10_karatsev_a_kecmanovic_m
tennis_data_uk,atp,2021,25,Internazionali BNL d'Italia,Rome,2021-05-10,masters_1000,outdoor,clay,R64,3,Nishikori K.,Fognini F.,45,28,1408,2003,2,0,6,3,6,4,,,,,,,completed,1.72,2.1,1.74,2.22,1.74,2.36,1.67,2.2,2021_25_rome_internazionali_bnl_d_italia,2021_25_rome_internazionali_bnl_d_italia_2021-05-10_nishikori_k_fognini_f
tennis_data_uk,atp,2021,25,Internazionali BNL d'Italia,Rome,2021-05-10,masters_1000,outdoor,clay,R64,3,Delbonis F.,Khachanov K.,64,24,1036,2280,2,1,3,6,6,4,6,0,,,,,completed,2.0,1.8,2.14,1.79,2.19,1.83,2.05,1.76,2021_25_rome_internazionali_bnl_d_italia,2021_25_rome_internazionali_bnl_d_italia_2021-05-10_delbonis_f_khachanov_k
tennis_data_uk,atp,2021,25,Internazionali BNL d'Italia,Rome,2021-05-10,masters_1000,outdoor,clay,R64,3,Sinner J.,Humbert U.,18,32,2545,1825,2,0,6,2,6,4,,,,,,,completed,1.16,5.0,1.17,5.79,1.19,6.0,1.16,5.24,2021_25_rome_internazionali_bnl_d_italia,2021_25_rome_internazionali_bnl_d_italia_2021-05-10_sinner_j_humbert_u
tennis_data_uk,atp,2021,25,Internazionali BNL d'Italia,Rome,2021-05-10,masters_1000,outdoor,clay,R64,3,Garin C.,Harris L.,22,51,2350,1198,2,0,7,5,6,2,,,,,,,completed,1.25,4.0,1.25,4.46,1.33,4.65,1.24,4.06,2021_25_rome_internazionali_bnl_d_italia,2021_25_rome_internazionali_bnl_d_italia_2021-05-10_garin_c_harris_l
tennis_data_uk,atp,2021,25,Internazionali BNL d'Italia,Rome,2021-05-10,masters_1000,outdoor,clay,R64,3,Dellien H.,Mannarino A.,128,36,594,1651,2,1,2,6,7,5,6,2,,,,,completed,1.3,3.5,1.36,3.44,1.38,3.76,1.33,3.32,2021_25_rome_internazionali_bnl_d_italia,2021_25_rome_internazionali_bnl_d_italia_2021-05-10_dellien_h_mannarino_a
tennis_data_uk,atp,2021,25,Internazionali BNL d'Italia,Rome,2021-05-10,masters_1000,outdoor,clay,R64,3,Mager G.,De Minaur A.,90,23,844,2315,2,0,6,4,6,3,,,,,,,completed,2.62,1.5,2.71,1.53,2.71,1.58,2.58,1.5,2021_25_rome_internazionali_bnl_d_italia,2021_25_rome_internazionali_bnl_d_italia_2021-05-10_mager_g_de_minaur_a
tennis_data_uk,atp,2021,25,Internazionali BNL d'Italia,Rome,2021-05-10,masters_1000,outdoor,clay,R64,3,Struff J.L.,Bedene A.,41,57,1545,1135,2,0,6,3,6,1,,,,,,,completed,1.53,2.5,1.54,2.65,1.57,2.67,1.51,2.54,2021_25_rome_internazionali_bnl_d_italia,2021_25_rome_internazionali_bnl_d_italia_2021-05-10_struff_j_l_bedene_a
tennis_data_uk,atp,2021,25,Internazionali BNL d'Italia,Rome,2021-05-10,masters_1000,outdoor,clay,R64,3,Cilic M.,Bublik A.,43,40,1433,1613,2,1,4,6,6,2,6,3,,,,,completed,1.72,2.1,1.79,2.15,1.81,2.25,1.74,2.09,2021_25_rome_internazionali_bnl_d_italia,2021_25_rome_internazionali_bnl_d_italia_2021-05-10_cilic_m_bublik_a
tennis_data_uk,atp,2021,25,Internazionali BNL d'Italia,Rome,2021-05-10,masters_1000,outdoor,clay,R64,3,Musetti L.,Hurkacz H.,82,19,917,2543,1,0,6,4,2,0,,,,,,,retired,1.57,2.37,1.63,2.44,1.69,2.55,1.59,2.35,2021_25_rome_internazionali_bnl_d_italia,2021_25_rome_internazionali_bnl_d_italia_2021-05-10_musetti_l_hurkacz_h
tennis_data_uk,atp,2021,25,Internazionali BNL d'Italia,Rome,2021-05-11,masters_1000,outdoor,clay,R64,3,Millman J.,Lajovic D.,42,37,1486,1630,2,0,6,3,6,4,,,,,,,completed,2.2,1.66,2.17,1.78,2.3,1.8,2.15,1.7,2021_25_rome_internazionali_bnl_d_italia,2021_25_rome_internazionali_bnl_d_italia_2021-05-11_millman_j_lajovic_d
tennis_data_uk,atp,2021,25,Internazionali BNL d'Italia,Rome,2021-05-11,masters_1000,outdoor,clay,R64,3,Davidovich Fokina A.,Dimitrov G.,48,17,1328,2586,2,0,6,4,7,6,,,,,,,completed,1.66,2.2,1.79,2.15,1.79,2.31,1.68,2.19,2021_25_rome_internazionali_bnl_d_italia,2021_25_rome_internazionali_bnl_d_italia_2021-05-11_davidovich_fokina_a_dimitrov_g
tennis_data_uk,atp,2021,25,Internazionali BNL d'Italia,Rome,2021-05-11,masters_1000,outdoor,clay,R64,3,Bautista Agut R.,Paul T.,11,55,3170,1140,2,0,6,3,6,4,,,,,,,completed,1.3,3.5,1.32,3.74,1.35,4.0,1.3,3.53,2021_25_rome_internazionali_bnl_d_italia,2021_25_rome_internazionali_bnl_d_italia_2021-05-11_bautista_agut_r_paul_t
tennis_data_uk,atp,2021,25,Internazionali BNL d'Italia,Rome,2021-05-11,masters_1000,outdoor,clay,R64,3,Norrie C.,Carballes Baena R.,49,96,1315,819,2,0,6,4,6,4,,,,,,,completed,1.4,3.0,1.45,3.0,1.47,3.58,1.38,2.99,2021_25_rome_internazionali_bnl_d_italia,2021_25_rome_internazionali_bnl_d_italia_2021-05-11_norrie_c_carballes_baena_r
tennis_data_uk,atp,2021,25,Internazionali BNL d'Italia,Rome,2021-05-11,masters_1000,outdoor,clay,R64,3,Shapovalov D.,Majchrzak K.,14,129,2855,589,2,0,6,1,6,3,,,,,,,completed,1.36,3.2,1.38,3.36,1.4,3.48,1.36,3.13,2021_25_rome_internazionali_bnl_d_italia,2021_25_rome_internazionali_bnl_d_italia_2021-05-11_shapovalov_d_majchrzak_k
tennis_data_uk,atp,2021,25,Internazionali BNL d'Italia,Rome,2021-05-11,masters_1000,outdoor,clay,R64,3,Sonego L.,Monfils G.,33,15,1817,2703,2,1,6,4,5,7,6,4,,,,,completed,1.25,4.0,1.25,4.43,1.32,4.65,1.23,4.13,2021_25_rome_internazionali_bnl_d_italia,2021_25_rome_internazionali_bnl_d_italia_2021-05-11_sonego_l_monfils_g
tennis_data_uk,atp,2021,25,Internazionali BNL d'Italia,Rome,2021-05-11,masters_1000,outdoor,clay,R64,3,Berrettini M.,Basilashvili N.,9,30,4048,1885,2,1,4,6,6,2,6,4,,,,,completed,1.33,3.4,1.31,3.81,1.34,4.05,1.29,3.52,2021_25_rome_internazionali_bnl_d_italia,2021_25_rome_internazionali_bnl_d_italia_2021-05-11_berrettini_m_basilashvili_n
tennis_data_uk,atp,2021,25,Internazionali BNL d'Italia,Rome,2021-05-11,masters_1000,outdoor,clay,R32,3,Opelka R.,Musetti L.,47,82,1382,917,2,0,6,4,6,4,,,,,,,completed,3.4,1.33,3.28,1.39,3.41,1.4,3.19,1.35,2021_25_rome_internazionali_bnl_d_italia,2021_25_rome_internazionali_bnl_d_italia_2021-05-11_opelka_r_musetti_l
tennis_data_uk,atp,2021,25,Internazionali BNL d'Italia,Rome,2021-05-11,masters_1000,outdoor,clay,R32,3,Nishikori K.,Carreno Busta P.,45,12,1408,3050,,,,,,,,,,,,,walkover,1.9,1.9,1.95,1.95,1.96,2.0,1.88,1.9,2021_25_rome_internazionali_bnl_d_italia,2021_25_rome_internazionali_bnl_d_italia_2021-05-11_nishikori_k_carreno_busta_p
tennis_data_uk,atp,2021,25,Internazionali BNL d'Italia,Rome,2021-05-11,masters_1000,outdoor,clay,R32,3,Djokovic N.,Fritz T.,1,31,11463,1830,2,0,6,3,7,6,,,,,,,completed,1.11,6.5,1.12,7.75,1.13,7.75,1.11,6.62,2021_25_rome_internazionali_bnl_d_italia,2021_25_rome_internazionali_bnl_d_italia_2021-05-11_djokovic_n_fritz_t
tennis_data_uk,atp,2021,25,Internazionali BNL d'Italia,Rome,2021-05-11,masters_1000,outdoor,clay,R32,3,Auger-Aliassime F.,Schwartzman D.,21,10,2418,3765,2,0,6,1,6,3,,,,,,,completed,2.5,1.53,2.47,1.61,2.6,1.8,2.46,1.54,2021_25_rome_internazionali_bnl_d_italia,2021_25_rome_internazionali_bnl_d_italia_2021-05-11_auger_aliassime_f_schwartzman_d
tennis_data_uk,atp,2021,25,Internazionali BNL d'Italia,Rome,2021-05-12,masters_1000,outdoor,clay,R32,3,Thiem D.,Fucsovics M.,4,44,8365,1421,2,1,3,6,7,6,6,0,,,,,completed,1.28,3.75,1.23,4.67,1.28,4.67,1.24,4.02,2021_25_rome_internazionali_bnl_d_italia,2021_25_rome_internazionali_bnl_d_italia_2021-05-12_thiem_d_fucsovics_m
tennis_data_uk,atp,2021,25,Internazionali BNL d'Italia,Rome,2021-05-12,masters_1000,outdoor,clay,R32,3,Bautista Agut R.,Garin C.,11,22,3170,2350,2,0,7,6,6,3,,,,,,,completed,1.72,2.1,1.79,2.14,1.87,2.2,1.74,2.09,2021_25_rome_internazionali_bnl_d_italia,2021_25_rome_internazionali_bnl_d_italia_2021-05-12_bautista_agut_r_garin_c
tennis_data_uk,atp,2021,25,Internazionali BNL d'Italia,Rome,2021-05-12,masters_1000,outdoor,clay,R32,3,Davidovich Fokina A.,Norrie C.,48,49,1328,1315,2,0,6,2,6,3,,,,,,,completed,1.53,2.5,1.57,2.59,1.68,2.59,1.56,2.43,2021_25_rome_internazionali_bnl_d_italia,2021_25_rome_internazionali_bnl_d_italia_2021-05-12_davidovich_fokina_a_norrie_c
tennis_data_uk,atp,2021,25,Internazionali BNL d'Italia,Rome,2021-05-12,masters_1000,outdoor,clay,R32,3,Rublev A.,Struff J.L.,7,41,6000,1545,2,1,6,7,6,1,6,4,,,,,completed,1.16,5.0,1.17,5.96,1.18,6.0,1.15,5.24,2021_25_rome_internazionali_bnl_d_italia,2021_25_rome_internazionali_bnl_d_italia_2021-05-12_rublev_a_struff_j_l
tennis_data_uk,atp,2021,25,Internazionali BNL d'Italia,Rome,2021-05-12,masters_1000,outdoor,clay,R32,3,Sonego L.,Mager G.,33,90,1817,844,2,0,6,4,6,4,,,,,,,completed,1.66,2.2,1.76,2.19,1.77,2.34,1.69,2.16,2021_25_rome_internazionali_bnl_d_italia,2021_25_rome_internazionali_bnl_d_italia_2021-05-12_sonego_l_mager_g
tennis_data_uk,atp,2021,25,Internazionali BNL d'Italia,Rome,2021-05-12,masters_1000,outdoor,clay,R32,3,Zverev A.,Dellien H.,6,128,6945,594,2,0,6,2,6,2,,,,,,,completed,1.07,9.0,1.07,10.87,1.08,13.25,1.06,9.34,2021_25_rome_internazionali_bnl_d_italia,2021_25_rome_internazionali_bnl_d_italia_2021-05-12_zverev_a_dellien_h
tennis_data_uk,atp,2021,25,Internazionali BNL d'Italia,Rome,2021-05-12,masters_1000,outdoor,clay,R32,3,Karatsev A.,Medvedev D.,27,2,2167,9780,2,0,6,2,6,4,,,,,,,completed,1.8,2.0,1.85,2.06,1.96,2.1,1.83,1.96,2021_25_rome_internazionali_bnl_d_italia,2021_25_rome_internazionali_bnl_d_italia_2021-05-12_karatsev_a_medvedev_d
tennis_data_uk,atp,2021,25,Internazionali BNL d'Italia,Rome,2021-05-12,masters_1000,outdoor,clay,R32,3,Delbonis F.,Goffin D.,64,13,1036,2875,2,0,6,2,6,1,,,,,,,completed,2.1,1.72,2.14,1.79,2.28,1.83,2.1,1.73,2021_25_rome_internazionali_bnl_d_italia,2021_25_rome_internazionali_bnl_d_italia_2021-05-12_delbonis_f_goffin_d
tennis_data_uk,atp,2021,25,Internazionali BNL d'Italia,Rome,2021-05-12,masters_1000,outdoor,clay,R32,3,Tsitsipas S.,Cilic M.,5,43,7610,1433,2,0,7,5,6,2,,,,,,,completed,1.1,7.0,1.11,8.3,1.11,9.5,1.08,7.51,2021_25_rome_internazionali_bnl_d_italia,2021_25_rome_internazionali_bnl_d_italia_2021-05-12_tsitsipas_s_cilic_m
tennis_data_uk,atp,2021,25,Internazionali BNL d'Italia,Rome,2021-05-12,masters_1000,outdoor,clay,R32,3,Shapovalov D.,Travaglia S.,14,69,2855,999,2,0,7,6,6,3,,,,,,,completed,1.44,2.75,1.49,2.83,1.53,3.12,1.48,2.65,2021_25_rome_internazionali_bnl_d_italia,2021_25_rome_internazionali_bnl_d_italia_2021-05-12_shapovalov_d_travaglia_s
tennis_data_uk,atp,2021,25,Internazionali BNL d'Italia,Rome,2021-05-12,masters_1000,outdoor,clay,R32,3,Berrettini M.,Millman J.,9,42,4048,1486,2,0,6,4,6,2,,,,,,,completed,1.14,5.5,1.15,6.34,1.16,6.5,1.14,5.7,2021_25_rome_internazionali_bnl_d_italia,2021_25_rome_internazionali_bnl_d_italia_2021-05-12_berrettini_m_millman_j
tennis_data_uk,atp,2021,25,Internazionali BNL d'Italia,Rome,2021-05-12,masters_1000,outdoor,clay,R32,3,Nadal R.,Sinner J.,3,18,9630,2545,2,0,7,5,6,4,,,,,,,completed,1.22,4.33,1.23,4.75,1.25,4.75,1.22,4.22,2021_25_rome_internazionali_bnl_d_italia,2021_25_rome_internazionali_bnl_d_italia_2021-05-12_nadal_r_sinner_j
tennis_data_uk,atp,2021,25,Internazionali BNL d'Italia,Rome,2021-05-13,masters_1000,outdoor,clay,R16,3,Opelka R.,Karatsev A.,47,27,1382,2167,2,0,7,6,6,4,,,,,,,completed,3.4,1.33,3.92,1.3,4.33,1.33,3.74,1.27,2021_25_rome_internazionali_bnl_d_italia,2021_25_rome_internazionali_bnl_d_italia_2021-05-13_opelka_r_karatsev_a
tennis_data_uk,atp,2021,25,Internazionali BNL d'Italia,Rome,2021-05-13,masters_1000,outdoor,clay,R16,3,Djokovic N.,Davidovich Fokina A.,1,48,11463,1328,2,0,6,2,6,1,,,,,,,completed,1.16,5.0,1.18,5.66,1.2,6.3,1.16,5.11,2021_25_rome_internazionali_bnl_d_italia,2021_25_rome_internazionali_bnl_d_italia_2021-05-13_djokovic_n_davidovich_fokina_a
tennis_data_uk,atp,2021,25,Internazionali BNL d'Italia,Rome,2021-05-13,masters_1000,outdoor,clay,R16,3,Tsitsipas S.,Berrettini M.,5,9,7610,4048,2,0,7,6,6,2,,,,,,,completed,1.4,3.0,1.38,3.35,1.41,3.35,1.37,3.05,2021_25_rome_internazionali_bnl_d_italia,2021_25_rome_internazionali_bnl_d_italia_2021-05-13_tsitsipas_s_berrettini_m
tennis_data_uk,atp,2021,25,Internazionali BNL d'Italia,Rome,2021-05-13,masters_1000,outdoor,clay,R16,3,Nadal R.,Shapovalov D.,3,14,9630,2855,2,1,3,6,6,4,7,6,,,,,completed,1.07,9.0,1.08,10.04,1.08,11.0,1.06,8.73,2021_25_rome_internazionali_bnl_d_italia,2021_25_rome_internazionali_bnl_d_italia_2021-05-13_nadal_r_shapovalov_d
tennis_data_uk,atp,2021,25,Internazionali BNL d'Italia,Rome,2021-05-13,masters_1000,outdoor,clay,R16,3,Delbonis F.,Auger-Aliassime F.,64,21,1036,2418,2,0,7,6,6,1,,,,,,,completed,2.37,1.57,2.5,1.6,2.6,1.62,2.39,1.57,2021_25_rome_internazionali_bnl_d_italia,2021_25_rome_internazionali_bnl_d_italia_2021-05-13_delbonis_f_auger_aliassime_f
tennis_data_uk,atp,2021,25,Internazionali BNL d'Italia,Rome,2021-05-13,masters_1000,outdoor,clay,R16,3,Zverev A.,Nishikori K.,6,45,6945,1408,2,1,4,6,6,3,6,4,,,,,completed,1.25,4.0,1.28,4.12,1.29,4.2,1.26,3.83,2021_25_rome_internazionali_bnl_d_italia,2021_25_rome_internazionali_bnl_d_italia_2021-05-13_zverev_a_nishikori_k
tennis_data_uk,atp,2021,25,Internazionali BNL d'Italia,Rome,2021-05-13,masters_1000,outdoor,clay,R16,3,Sonego L.,Thiem D.,33,4,1817,8365,2,1,6,4,6,7,7,6,,,,,completed,3.75,1.28,4.12,1.28,4.12,1.32,3.68,1.28,2021_25_rome_internazionali_bnl_d_italia,2021_25_rome_internazionali_bnl_d_italia_2021-05-13_sonego_l_thiem_d
tennis_data_uk,atp,2021,25,Internazionali BNL d'Italia,Rome,2021-05-13,masters_1000,outdoor,clay,R16,3,Rublev A.,Bautista Agut R.,7,11,6000,3170,2,0,6,4,6,4,,,,,,,completed,1.57,2.37,1.58,2.56,1.6,2.65,1.54,2.46,2021_25_rome_internazionali_bnl_d_italia,2021_25_rome_internazionali_bnl_d_italia_2021-05-13_rublev_a_bautista_agut_r
tennis_data_uk,atp,2021,25,Internazionali BNL d'Italia,Rome,2021-05-14,masters_1000,outdoor,clay,QF,3,Opelka R.,Delbonis F.,47,64,1382,1036,2,0,7,5,7,6,,,,,,,completed,2.3,1.61,2.52,1.59,2.55,1.65,2.39,1.58,2021_25_rome_internazionali_bnl_d_italia,2021_25_rome_internazionali_bnl_d_italia_2021-05-14_opelka_r_delbonis_f
tennis_data_uk,atp,2021,25,Internazionali BNL d'Italia,Rome,2021-05-14,masters_1000,outdoor,clay,QF,3,Nadal R.,Zverev A.,3,6,9630,6945,2,0,6,3,6,4,,,,,,,completed,1.4,3.0,1.42,3.11,1.45,3.25,1.39,2.99,2021_25_rome_internazionali_bnl_d_italia,2021_25_rome_internazionali_bnl_d_italia_2021-05-14_nadal_r_zverev_a
tennis_data_uk,atp,2021,25,Internazionali BNL d'Italia,Rome,2021-05-15,masters_1000,outdoor,clay,QF,3,Djokovic N.,Tsitsipas S.,1,5,11463,7610,2,1,4,6,7,5,7,5,,,,,completed,1.57,2.37,1.66,2.37,1.69,2.4,1.63,2.28,2021_25_rome_internazionali_bnl_d_italia,2021_25_rome_internazionali_bnl_d_italia_2021-05-15_djokovic_n_tsitsipas_s
tennis_data_uk,atp,2021,25,Internazionali BNL d'Italia,Rome,2021-05-15,masters_1000,outdoor,clay,QF,3,Sonego L.,Rublev A.,33,7,1817,6000,2,1,3,6,6,4,6,3,,,,,completed,3.75,1.28,3.9,1.3,3.95,1.33,3.6,1.29,2021_25_rome_internazionali_bnl_d_italia,2021_25_rome_internazionali_bnl_d_italia_2021-05-15_sonego_l_rublev_a
tennis_data_uk,atp,2021,25,Internazionali BNL d'Italia,Rome,2021-05-15,masters_1000,outdoor,clay,SF,3,Nadal R.,Opelka R.,3,47,9630,1382,2,0,6,4,6,4,,,,,,,completed,1.08,8.0,1.08,9.92,1.12,10.0,1.08,7.92,2021_25_rome_internazionali_bnl_d_italia,2021_25_rome_internazionali_bnl_d_italia_2021-05-15_nadal_r_opelka_r
tennis_data_uk,atp,2021,25,Internazionali BNL d'Italia,Rome,2021-05-15,masters_1000,outdoor,clay,SF,3,Djokovic N.,Sonego L.,1,33,11463,1817,2,1,6,3,6,7,6,2,,,,,completed,1.16,5.0,1.15,6.43,1.2,6.43,1.15,5.48,2021_25_rome_internazionali_bnl_d_italia,2021_25_rome_internazionali_bnl_d_italia_2021-05-15_djokovic_n_sonego_l
tennis_data_uk,atp,2021,25,Internazionali BNL d'Italia,Rome,2021-05-16,masters_1000,outdoor,clay,F,3,Nadal R.,Djokovic N.,3,1,9630,11463,2,1,7,5,1,6,6,3,,,,,completed,1.5,2.62,1.58,2.55,1.58,2.88,1.51,2.58,2021_25_rome_internazionali_bnl_d_italia,2021_25_rome_internazionali_bnl_d_italia_2021-05-16_nadal_r_djokovic_n
tennis_data_uk,atp,2021,26,Geneva Open,Geneva,2021-05-17,atp_250,outdoor,clay,R32,3,Cazaux A.,Mannarino A.,517,37,67,1651,2,1,6,3,6,7,6,3,,,,,completed,2.2,1.66,2.06,1.83,2.2,1.87,2.03,1.78,2021_26_geneva_geneva_open,2021_26_geneva_geneva_open_2021-05-17_cazaux_a_mannarino_a
tennis_data_uk,atp,2021,26,Geneva Open,Geneva,2021-05-17,atp_250,outdoor,clay,R32,3,Sandgren T.,Caruso S.,67,81,1018,906,2,0,6,3,6,4,,,,,,,completed,2.37,1.57,2.45,1.61,2.7,1.65,2.37,1.58,2021_26_geneva_geneva_open,2021_26_geneva_geneva_open_2021-05-17_sandgren_t_caruso_s
tennis_data_uk,atp,2021,26,Geneva Open,Geneva,2021-05-17,atp_250,outdoor,clay,R32,3,Andujar P.,Thompson J.,75,63,950,1042,2,0,6,0,6,4,,,,,,,completed,1.4,3.0,1.41,3.1,1.51,3.2,1.39,2.96,2021_26_geneva_geneva_open,2021_26_geneva_geneva_open_2021-05-17_andujar_p_thompson_j
tennis_data_uk,atp,2021,26,Geneva Open,Geneva,2021-05-17,atp_250,outdoor,clay,R32,3,Koepfer D.,Paire B.,59,36,1105,1669,2,1,6,7,7,6,6,4,,,,,completed,1.4,3.0,1.46,2.92,1.48,3.15,1.42,2.85,2021_26_geneva_geneva_open,2021_26_geneva_geneva_open_2021-05-17_koepfer_d_paire_b
tennis_data_uk,atp,2021,26,Geneva Open,Geneva,2021-05-18,atp_250,outdoor,clay,R32,3,Lopez F.,Altmaier D.,61,144,1062,516,2,0,7,6,6,4,,,,,,,completed,2.3,1.61,2.44,1.62,2.44,1.69,2.26,1.63,2021_26_geneva_geneva_open,2021_26_geneva_geneva_open_2021-05-18_lopez_f_altmaier_d
tennis_data_uk,atp,2021,26,Geneva Open,Geneva,2021-05-18,atp_250,outdoor,clay,R32,3,Cecchinato M.,Travaglia S.,104,76,761,939,1,0,6,3,3,0,,,,,,,retired,1.72,2.1,1.85,2.04,1.89,2.3,1.75,2.07,2021_26_geneva_geneva_open,2021_26_geneva_geneva_open_2021-05-18_cecchinato_m_travaglia_s
tennis_data_uk,atp,2021,26,Geneva Open,Geneva,2021-05-18,atp_250,outdoor,clay,R32,3,Fucsovics M.,Laaksonen H.,44,150,1456,493,2,0,7,5,7,5,,,,,,,completed,1.22,4.33,1.25,4.36,1.27,4.75,1.22,4.25,2021_26_geneva_geneva_open,2021_26_geneva_geneva_open_2021-05-18_fucsovics_m_laaksonen_h
tennis_data_uk,atp,2021,26,Geneva Open,Geneva,2021-05-18,atp_250,outdoor,clay,R32,3,Ivashka I.,Verdasco F.,91,105,830,755,2,0,7,6,6,4,,,,,,,completed,1.14,5.5,1.2,5.2,1.2,6.0,1.15,5.29,2021_26_geneva_geneva_open,2021_26_geneva_geneva_open_2021-05-18_ivashka_i_verdasco_f
tennis_data_uk,atp,2021,26,Geneva Open,Geneva,2021-05-18,atp_250,outdoor,clay,R32,3,Cuevas P.,Opelka R.,102,35,764,1726,2,0,7,6,6,2,,,,,,,completed,2.62,1.5,2.82,1.48,3.05,1.55,2.75,1.45,2021_26_geneva_geneva_open,2021_26_geneva_geneva_open_2021-05-18_cuevas_p_opelka_r
tennis_data_uk,atp,2021,26,Geneva Open,Geneva,2021-05-18,atp_250,outdoor,clay,R32,3,Stricker D.,Cilic M.,419,46,97,1388,2,0,7,6,6,1,,,,,,,completed,4.0,1.25,5.19,1.2,5.19,1.29,4.3,1.21,2021_26_geneva_geneva_open,2021_26_geneva_geneva_open_2021-05-18_stricker_d_cilic_m
tennis_data_uk,atp,2021,26,Geneva Open,Geneva,2021-05-18,atp_250,outdoor,clay,R32,3,Djere L.,Monteiro T.,54,78,1148,936,2,1,6,7,6,3,7,5,,,,,completed,1.57,2.37,1.6,2.48,1.65,2.5,1.58,2.35,2021_26_geneva_geneva_open,2021_26_geneva_geneva_open_2021-05-18_djere_l_monteiro_t
tennis_data_uk,atp,2021,26,Geneva Open,Geneva,2021-05-18,atp_250,outdoor,clay,R32,3,Fognini F.,Pella G.,29,58,1923,1114,2,0,6,2,6,2,,,,,,,completed,1.44,2.75,1.5,2.78,1.53,3.01,1.46,2.69,2021_26_geneva_geneva_open,2021_26_geneva_geneva_open_2021-05-18_fognini_f_pella_g
tennis_data_uk,atp,2021,26,Geneva Open,Geneva,2021-05-18,atp_250,outdoor,clay,R16,3,Andujar P.,Federer R.,75,8,950,5605,2,1,6,4,4,6,6,4,,,,,completed,3.5,1.3,3.55,1.35,3.58,1.36,3.33,1.32,2021_26_geneva_geneva_open,2021_26_geneva_geneva_open_2021-05-18_andujar_p_federer_r
tennis_data_uk,atp,2021,26,Geneva Open,Geneva,2021-05-19,atp_250,outdoor,clay,R16,3,Ruud C.,Sandgren T.,21,67,2485,1018,2,0,7,5,6,2,,,,,,,completed,1.11,6.5,1.17,5.93,1.17,6.65,1.14,5.58,2021_26_geneva_geneva_open,2021_26_geneva_geneva_open_2021-05-19_ruud_c_sandgren_t
tennis_data_uk,atp,2021,26,Geneva Open,Geneva,2021-05-19,atp_250,outdoor,clay,R16,3,Koepfer D.,Lopez F.,59,61,1105,1062,2,1,7,5,6,7,6,3,,,,,completed,1.53,2.5,1.59,2.53,1.61,2.66,1.53,2.49,2021_26_geneva_geneva_open,2021_26_geneva_geneva_open_2021-05-19_koepfer_d_lopez_f
tennis_data_uk,atp,2021,26,Geneva Open,Geneva,2021-05-19,atp_250,outdoor,clay,R16,3,Stricker D.,Fucsovics M.,419,44,97,1456,2,0,7,5,6,4,,,,,,,completed,3.4,1.33,3.47,1.36,3.65,1.37,3.32,1.32,2021_26_geneva_geneva_open,2021_26_geneva_geneva_open_2021-05-19_stricker_d_fucsovics_m
tennis_data_uk,atp,2021,26,Geneva Open,Geneva,2021-05-19,atp_250,outdoor,clay,R16,3,Dimitrov G.,Ivashka I.,20,91,2496,830,2,0,6,4,6,4,,,,,,,completed,2.0,1.8,2.06,1.85,2.1,1.89,1.99,1.81,2021_26_geneva_geneva_open,2021_26_geneva_geneva_open_2021-05-19_dimitrov_g_ivashka_i
tennis_data_uk,atp,2021,26,Geneva Open,Geneva,2021-05-20,atp_250,outdoor,clay,R16,3,Shapovalov D.,Cecchinato M.,15,104,2675,761,2,1,6,7,7,5,6,1,,,,,completed,1.44,2.75,1.48,2.86,1.49,3.15,1.43,2.8,2021_26_geneva_geneva_open,2021_26_geneva_geneva_open_2021-05-20_shapovalov_d_cecchinato_m
tennis_data_uk,atp,2021,26,Geneva Open,Geneva,2021-05-20,atp_250,outdoor,clay,R16,3,Cuevas P.,Cazaux A.,102,517,764,67,2,0,6,2,6,4,,,,,,,completed,1.5,2.62,1.59,2.52,1.59,2.7,1.5,2.55,2021_26_geneva_geneva_open,2021_26_geneva_geneva_open_2021-05-20_cuevas_p_cazaux_a
tennis_data_uk,atp,2021,26,Geneva Open,Geneva,2021-05-20,atp_250,outdoor,clay,R16,3,Djere L.,Fognini F.,54,29,1148,1923,2,1,6,3,6,7,6,1,,,,,completed,2.1,1.72,2.12,1.81,2.2,1.81,2.08,1.75,2021_26_geneva_geneva_open,2021_26_geneva_geneva_open_2021-05-20_djere_l_fognini_f
tennis_data_uk,atp,2021,26,Geneva Open,Geneva,2021-05-20,atp_250,outdoor,clay,QF,3,Andujar P.,Stricker D.,75,419,950,97,2,1,4,6,6,4,6,4,,,,,completed,1.53,2.5,1.62,2.46,1.63,2.6,1.55,2.43,2021_26_geneva_geneva_open,2021_26_geneva_geneva_open_2021-05-20_andujar_p_stricker_d
tennis_data_uk,atp,2021,26,Geneva Open,Geneva,2021-05-20,atp_250,outdoor,clay,QF,3,Ruud C.,Koepfer D.,21,59,2485,1105,2,1,2,6,6,1,6,4,,,,,completed,1.16,5.0,1.19,5.38,1.21,5.8,1.17,4.95,2021_26_geneva_geneva_open,2021_26_geneva_geneva_open_2021-05-20_ruud_c_koepfer_d
tennis_data_uk,atp,2021,26,Geneva Open,Geneva,2021-05-20,atp_250,outdoor,clay,QF,3,Cuevas P.,Dimitrov G.,102,20,764,2496,2,0,7,6,6,3,,,,,,,completed,2.62,1.5,2.58,1.57,2.78,1.57,2.55,1.51,2021_26_geneva_geneva_open,2021_26_geneva_geneva_open_2021-05-20_cuevas_p_dimitrov_g
tennis_data_uk,atp,2021,26,Geneva Open,Geneva,2021-05-20,atp_250,outdoor,clay,QF,3,Shapovalov D.,Djere L.,15,54,2675,1148,2,0,6,4,6,4,,,,,,,completed,1.57,2.37,1.56,2.59,1.63,2.59,1.57,2.41,2021_26_geneva_geneva_open,2021_26_geneva_geneva_open_2021-05-20_shapovalov_d_djere_l
tennis_data_uk,atp,2021,26,Geneva Open,Geneva,2021-05-21,atp_250,outdoor,clay,SF,3,Ruud C.,Andujar P.,21,75,2485,950,2,0,6,3,6,2,,,,,,,completed,1.2,4.5,1.24,4.54,1.24,4.84,1.2,4.5,2021_26_geneva_geneva_open,2021_26_geneva_geneva_open_2021-05-21_ruud_c_andujar_p
tennis_data_uk,atp,2021,26,Geneva Open,Geneva,2021-05-21,atp_250,outdoor,clay,SF,3,Shapovalov D.,Cuevas P.,15,102,2675,764,2,0,6,4,7,5,,,,,,,completed,1.53,2.5,1.5,2.79,1.58,2.8,1.5,2.6,2021_26_geneva_geneva_open,2021_26_geneva_geneva_open_2021-05-21_shapovalov_d_cuevas_p
tennis_data_uk,atp,2021,26,Geneva Open,Geneva,2021-05-22,atp_250,outdoor,clay,F,3,Ruud C.,Shapovalov D.,21,15,2485,2675,2,0,7,6,6,4,,,,,,,completed,1.61,2.3,1.69,2.31,1.71,2.35,1.65,2.24,2021_26_geneva_geneva_open,2021_26_geneva_geneva_open_2021-05-22_ruud_c_shapovalov_d
tennis_data_uk,atp,2021,27,Lyon Open,Lyon,2021-05-17,atp_250,outdoor,clay,R32,3,Bedene A.,Simon G.,55,68,1141,995,2,0,6,2,6,3,,,,,,,completed,1.66,2.2,1.6,2.47,1.67,2.5,1.61,2.3,2021_27_lyon_lyon_open,2021_27_lyon_lyon_open_2021-05-17_bedene_a_simon_g
tennis_data_uk,atp,2021,27,Lyon Open,Lyon,2021-05-17,atp_250,outdoor,clay,R32,3,Norrie C.,Moutet C.,49,70,1315,978,2,0,7,5,6,3,,,,,,,completed,1.72,2.1,1.76,2.17,1.8,2.25,1.73,2.09,2021_27_lyon_lyon_open,2021_27_lyon_lyon_open_2021-05-17_norrie_c_moutet_c
tennis_data_uk,atp,2021,27,Lyon Open,Lyon,2021-05-17,atp_250,outdoor,clay,R32,3,Nishioka Y.,Humbert U.,60,33,1084,1780,2,1,3,6,6,3,6,4,,,,,completed,2.75,1.44,2.67,1.53,3.02,1.53,2.7,1.45,2021_27_lyon_lyon_open,2021_27_lyon_lyon_open_2021-05-17_nishioka_y_humbert_u
tennis_data_uk,atp,2021,27,Lyon Open,Lyon,2021-05-17,atp_250,outdoor,clay,R32,3,Korda S.,Herbert P.H.,65,84,1027,897,2,0,7,6,6,4,,,,,,,completed,1.72,2.1,1.7,2.26,1.85,2.26,1.71,2.12,2021_27_lyon_lyon_open,2021_27_lyon_lyon_open_2021-05-17_korda_s_herbert_p_h
tennis_data_uk,atp,2021,27,Lyon Open,Lyon,2021-05-18,atp_250,outdoor,clay,R32,3,Musetti L.,Auger-Aliassime F.,88,19,860,2498,2,1,7,6,3,6,7,5,,,,,completed,2.5,1.53,2.53,1.58,2.75,1.6,2.5,1.52,2021_27_lyon_lyon_open,2021_27_lyon_lyon_open_2021-05-18_musetti_l_auger_aliassime_f
tennis_data_uk,atp,2021,27,Lyon Open,Lyon,2021-05-18,atp_250,outdoor,clay,R32,3,Majchrzak K.,Sousa J.,129,110,614,717,2,0,6,3,7,6,,,,,,,completed,1.5,2.62,1.53,2.68,1.59,2.68,1.52,2.52,2021_27_lyon_lyon_open,2021_27_lyon_lyon_open_2021-05-18_majchrzak_k_sousa_j
tennis_data_uk,atp,2021,27,Lyon Open,Lyon,2021-05-18,atp_250,outdoor,clay,R32,3,Khachanov K.,Bonzi B.,26,115,2235,693,2,1,6,1,4,6,7,6,,,,,completed,1.33,3.4,1.38,3.31,1.4,3.52,1.34,3.2,2021_27_lyon_lyon_open,2021_27_lyon_lyon_open_2021-05-18_khachanov_k_bonzi_b
tennis_data_uk,atp,2021,27,Lyon Open,Lyon,2021-05-18,atp_250,outdoor,clay,R32,3,Monfils G.,Seyboth Wild T.,14,122,2703,644,2,0,7,5,6,4,,,,,,,completed,1.5,2.62,1.47,2.83,1.62,3.1,1.48,2.67,2021_27_lyon_lyon_open,2021_27_lyon_lyon_open_2021-05-18_monfils_g_seyboth_wild_t
tennis_data_uk,atp,2021,27,Lyon Open,Lyon,2021-05-18,atp_250,outdoor,clay,R32,3,Gasquet R.,Barrere G.,52,123,1163,642,2,1,5,7,6,4,6,3,,,,,completed,1.57,2.37,1.75,2.19,1.75,2.5,1.61,2.3,2021_27_lyon_lyon_open,2021_27_lyon_lyon_open_2021-05-18_gasquet_r_barrere_g
tennis_data_uk,atp,2021,27,Lyon Open,Lyon,2021-05-18,atp_250,outdoor,clay,R32,3,Paul T.,Tsonga J.W.,53,72,1155,969,2,0,6,3,6,3,,,,,,,completed,1.28,3.75,1.28,4.04,1.3,4.1,1.26,3.77,2021_27_lyon_lyon_open,2021_27_lyon_lyon_open_2021-05-18_paul_t_tsonga_j_w
tennis_data_uk,atp,2021,27,Lyon Open,Lyon,2021-05-19,atp_250,outdoor,clay,R32,3,Sinner J.,Karatsev A.,17,25,2500,2245,2,1,0,6,6,3,6,4,,,,,completed,1.61,2.3,1.69,2.28,1.74,2.3,1.65,2.23,2021_27_lyon_lyon_open,2021_27_lyon_lyon_open_2021-05-19_sinner_j_karatsev_a
tennis_data_uk,atp,2021,27,Lyon Open,Lyon,2021-05-19,atp_250,outdoor,clay,R32,3,Rinderknech A.,Ymer M.,125,101,640,772,2,1,6,3,6,7,6,2,,,,,completed,2.0,1.8,1.96,1.93,2.11,1.95,1.99,1.81,2021_27_lyon_lyon_open,2021_27_lyon_lyon_open_2021-05-19_rinderknech_a_ymer_m
tennis_data_uk,atp,2021,27,Lyon Open,Lyon,2021-05-19,atp_250,outdoor,clay,R16,3,Musetti L.,Korda S.,88,65,860,1027,2,1,6,3,1,6,6,4,,,,,completed,1.66,2.2,1.76,2.19,1.76,2.45,1.65,2.24,2021_27_lyon_lyon_open,2021_27_lyon_lyon_open_2021-05-19_musetti_l_korda_s
tennis_data_uk,atp,2021,27,Lyon Open,Lyon,2021-05-19,atp_250,outdoor,clay,R16,3,Bedene A.,Goffin D.,55,13,1141,2875,2,0,7,6,6,3,,,,,,,completed,2.5,1.53,2.46,1.62,2.9,1.62,2.43,1.56,2021_27_lyon_lyon_open,2021_27_lyon_lyon_open_2021-05-19_bedene_a_goffin_d
tennis_data_uk,atp,2021,27,Lyon Open,Lyon,2021-05-19,atp_250,outdoor,clay,R16,3,Khachanov K.,Majchrzak K.,26,129,2235,614,2,0,7,6,6,3,,,,,,,completed,1.44,2.75,1.52,2.75,1.54,2.85,1.46,2.69,2021_27_lyon_lyon_open,2021_27_lyon_lyon_open_2021-05-19_khachanov_k_majchrzak_k
tennis_data_uk,atp,2021,27,Lyon Open,Lyon,2021-05-20,atp_250,outdoor,clay,R16,3,Nishioka Y.,Monfils G.,60,14,1084,2703,2,1,4,6,6,3,7,6,,,,,completed,2.75,1.44,2.83,1.49,2.9,1.53,2.73,1.45,2021_27_lyon_lyon_open,2021_27_lyon_lyon_open_2021-05-20_nishioka_y_monfils_g
tennis_data_uk,atp,2021,27,Lyon Open,Lyon,2021-05-20,atp_250,outdoor,clay,R16,3,Gasquet R.,Schwartzman D.,52,10,1163,3465,2,0,6,3,7,5,,,,,,,completed,3.75,1.28,3.83,1.31,4.05,1.36,3.7,1.27,2021_27_lyon_lyon_open,2021_27_lyon_lyon_open_2021-05-20_gasquet_r_schwartzman_d
tennis_data_uk,atp,2021,27,Lyon Open,Lyon,2021-05-20,atp_250,outdoor,clay,R16,3,Tsitsipas S.,Paul T.,5,53,7430,1155,2,0,6,1,6,4,,,,,,,completed,1.2,4.5,1.18,5.65,1.23,6.0,1.17,4.99,2021_27_lyon_lyon_open,2021_27_lyon_lyon_open_2021-05-20_tsitsipas_s_paul_t
tennis_data_uk,atp,2021,27,Lyon Open,Lyon,2021-05-20,atp_250,outdoor,clay,R16,3,Norrie C.,Thiem D.,49,4,1315,8445,2,0,6,3,6,2,,,,,,,completed,4.0,1.25,4.02,1.29,4.25,1.32,3.87,1.25,2021_27_lyon_lyon_open,2021_27_lyon_lyon_open_2021-05-20_norrie_c_thiem_d
tennis_data_uk,atp,2021,27,Lyon Open,Lyon,2021-05-20,atp_250,outdoor,clay,R16,3,Rinderknech A.,Sinner J.,125,17,640,2500,2,1,6,7,6,2,7,5,,,,,completed,6.0,1.12,6.17,1.16,6.55,1.17,5.78,1.13,2021_27_lyon_lyon_open,2021_27_lyon_lyon_open_2021-05-20_rinderknech_a_sinner_j
tennis_data_uk,atp,2021,27,Lyon Open,Lyon,2021-05-21,atp_250,outdoor,clay,QF,3,Musetti L.,Bedene A.,88,55,860,1141,2,0,6,3,7,6,,,,,,,completed,1.57,2.37,1.61,2.47,1.68,2.5,1.58,2.37,2021_27_lyon_lyon_open,2021_27_lyon_lyon_open_2021-05-21_musetti_l_bedene_a
tennis_data_uk,atp,2021,27,Lyon Open,Lyon,2021-05-21,atp_250,outdoor,clay,QF,3,Tsitsipas S.,Nishioka Y.,5,60,7430,1084,2,0,6,3,6,4,,,,,,,completed,1.04,13.0,1.03,17.39,1.06,17.39,1.03,12.07,2021_27_lyon_lyon_open,2021_27_lyon_lyon_open_2021-05-21_tsitsipas_s_nishioka_y
tennis_data_uk,atp,2021,27,Lyon Open,Lyon,2021-05-21,atp_250,outdoor,clay,QF,3,Khachanov K.,Gasquet R.,26,52,2235,1163,2,0,6,1,7,6,,,,,,,completed,1.57,2.37,1.55,2.65,1.59,2.68,1.55,2.46,2021_27_lyon_lyon_open,2021_27_lyon_lyon_open_2021-05-21_khachanov_k_gasquet_r
tennis_data_uk,atp,2021,27,Lyon Open,Lyon,2021-05-22,atp_250,outdoor,clay,QF,3,Norrie C.,Rinderknech A.,49,125,1315,640,2,1,6,3,3,6,6,3,,,,,completed,1.4,3.0,1.38,3.36,1.59,3.15,1.52,2.51,2021_27_lyon_lyon_open,2021_27_lyon_lyon_open_2021-05-22_norrie_c_rinderknech_a
tennis_data_uk,atp,2021,27,Lyon Open,Lyon,2021-05-22,atp_250,outdoor,clay,SF,3,Tsitsipas S.,Musetti L.,5,88,7430,860,2,1,4,6,6,3,6,0,,,,,completed,1.14,5.5,1.15,6.57,1.16,6.75,1.13,5.98,2021_27_lyon_lyon_open,2021_27_lyon_lyon_open_2021-05-22_tsitsipas_s_musetti_l
tennis_data_uk,atp,2021,27,Lyon Open,Lyon,2021-05-22,atp_250,outdoor,clay,SF,3,Norrie C.,Khachanov K.,49,26,1315,2235,2,0,6,1,6,1,,,,,,,completed,1.9,1.9,1.89,2.0,1.96,2.03,1.86,1.93,2021_27_lyon_lyon_open,2021_27_lyon_lyon_open_2021-05-22_norrie_c_khachanov_k
tennis_data_uk,atp,2021,27,Lyon Open,Lyon,2021-05-23,atp_250,outdoor,clay,F,3,Tsitsipas S.,Norrie C.,5,49,7430,1315,2,0,6,3,6,3,,,,,,,completed,1.16,5.0,1.16,6.1,1.25,6.1,1.16,5.13,2021_27_lyon_lyon_open,2021_27_lyon_lyon_open_2021-05-23_tsitsipas_s_norrie_c
tennis_data_uk,atp,2021,28,Belgrade Open,Belgrade,2021-05-23,atp_250,outdoor,clay,R32,3,Chardy J.,Sandgren T.,58,66,1123,1033,2,0,6,4,6,2,,,,,,,completed,1.66,2.2,1.68,2.3,1.71,2.55,1.63,2.26,2021_28_belgrade_belgrade_open,2021_28_belgrade_belgrade_open_2021-05-23_chardy_j_sandgren_t
tennis_data_uk,atp,2021,28,Belgrade Open,Belgrade,2021-05-23,atp_250,outdoor,clay,R32,3,Krstin P.,Kwon S.W.,285,90,198,854,2,1,6,2,3,6,6,1,,,,,completed,6.0,1.12,5.86,1.17,6.5,1.18,5.74,1.14,2021_28_belgrade_belgrade_open,2021_28_belgrade_belgrade_open_2021-05-23_krstin_p_kwon_s_w
tennis_data_uk,atp,2021,28,Belgrade Open,Belgrade,2021-05-23,atp_250,outdoor,clay,R32,3,Coria F.,Topo M.,96,1512,808,2,2,1,4,6,6,2,6,0,,,,,completed,1.1,7.0,1.14,6.49,1.15,7.55,1.12,6.36,2021_28_belgrade_belgrade_open,2021_28_belgrade_belgrade_open_2021-05-23_coria_f_topo_m
tennis_data_uk,atp,2021,28,Belgrade Open,Belgrade,2021-05-24,atp_250,outdoor,clay,R32,3,Moraing M.,Gerasimov E.,253,78,241,937,2,1,4,6,7,6,7,5,,,,,completed,2.62,1.5,2.73,1.51,2.73,1.56,2.58,1.5,2021_28_belgrade_belgrade_open,2021_28_belgrade_belgrade_open_2021-05-24_moraing_m_gerasimov_e
tennis_data_uk,atp,2021,28,Belgrade Open,Belgrade,2021-05-24,atp_250,outdoor,clay,R32,3,Molcan A.,Medjedovic H.,255,672,237,36,2,0,6,4,6,3,,,,,,,completed,1.3,3.5,1.35,3.47,1.41,3.6,1.31,3.37,2021_28_belgrade_belgrade_open,2021_28_belgrade_belgrade_open_2021-05-24_molcan_a_medjedovic_h
tennis_data_uk,atp,2021,28,Belgrade Open,Belgrade,2021-05-24,atp_250,outdoor,clay,R32,3,Cuevas P.,Kecmanovic M.,91,48,846,1384,2,0,6,3,6,2,,,,,,,completed,2.2,1.66,2.23,1.72,2.35,1.73,2.19,1.67,2021_28_belgrade_belgrade_open,2021_28_belgrade_belgrade_open_2021-05-24_cuevas_p_kecmanovic_m
tennis_data_uk,atp,2021,28,Belgrade Open,Belgrade,2021-05-24,atp_250,outdoor,clay,R32,3,Delbonis F.,Klein L.,52,254,1170,239,2,1,3,6,6,3,6,4,,,,,completed,1.28,3.75,1.31,3.78,1.34,3.9,1.29,3.58,2021_28_belgrade_belgrade_open,2021_28_belgrade_belgrade_open_2021-05-24_delbonis_f_klein_l
tennis_data_uk,atp,2021,28,Belgrade Open,Belgrade,2021-05-24,atp_250,outdoor,clay,R32,3,Lajovic D.,Berankis R.,39,92,1585,839,2,0,6,3,6,3,,,,,,,completed,1.44,2.75,1.43,3.05,1.5,3.05,1.44,2.77,2021_28_belgrade_belgrade_open,2021_28_belgrade_belgrade_open_2021-05-24_lajovic_d_berankis_r
tennis_data_uk,atp,2021,28,Belgrade Open,Belgrade,2021-05-24,atp_250,outdoor,clay,R32,3,Verdasco F.,Pouille L.,107,84,755,892,2,0,7,5,6,2,,,,,,,completed,2.1,1.72,2.16,1.76,2.2,1.8,2.09,1.73,2021_28_belgrade_belgrade_open,2021_28_belgrade_belgrade_open_2021-05-24_verdasco_f_pouille_l
tennis_data_uk,atp,2021,28,Belgrade Open,Belgrade,2021-05-24,atp_250,outdoor,clay,R32,3,Martin A.,O Connell C.,119,129,673,609,2,1,3,6,7,6,7,5,,,,,completed,1.8,2.0,1.85,2.05,1.9,2.11,1.8,1.99,2021_28_belgrade_belgrade_open,2021_28_belgrade_belgrade_open_2021-05-24_martin_a_o_connell_c
tennis_data_uk,atp,2021,28,Belgrade Open,Belgrade,2021-05-24,atp_250,outdoor,clay,R32,3,Monteiro T.,Albot R.,79,88,936,870,2,0,6,2,6,2,,,,,,,completed,1.33,3.4,1.43,3.02,1.47,4.2,1.36,3.12,2021_28_belgrade_belgrade_open,2021_28_belgrade_belgrade_open_2021-05-24_monteiro_t_albot_r
tennis_data_uk,atp,2021,28,Belgrade Open,Belgrade,2021-05-24,atp_250,outdoor,clay,R32,3,Carballes Baena R.,Rinderknech A.,98,117,794,677,2,0,6,0,6,4,,,,,,,completed,1.66,2.2,1.72,2.24,1.75,2.3,1.67,2.16,2021_28_belgrade_belgrade_open,2021_28_belgrade_belgrade_open_2021-05-24_carballes_baena_r_rinderknech_a
tennis_data_uk,atp,2021,28,Belgrade Open,Belgrade,2021-05-25,atp_250,outdoor,clay,R16,3,Coria F.,Cuevas P.,96,91,808,846,2,0,6,3,6,2,,,,,,,completed,3.5,1.3,3.53,1.35,3.85,1.35,3.51,1.3,2021_28_belgrade_belgrade_open,2021_28_belgrade_belgrade_open_2021-05-25_coria_f_cuevas_p
tennis_data_uk,atp,2021,28,Belgrade Open,Belgrade,2021-05-25,atp_250,outdoor,clay,R16,3,Djokovic N.,Moraing M.,1,253,11063,241,2,0,6,2,7,6,,,,,,,completed,1.01,26.0,1.01,26.14,1.02,30.0,1.01,20.21,2021_28_belgrade_belgrade_open,2021_28_belgrade_belgrade_open_2021-05-25_djokovic_n_moraing_m
tennis_data_uk,atp,2021,28,Belgrade Open,Belgrade,2021-05-25,atp_250,outdoor,clay,R16,3,Molcan A.,Krstin P.,255,285,237,198,2,0,6,0,6,0,,,,,,,completed,1.25,4.0,1.26,4.32,1.3,4.4,1.24,4.03,2021_28_belgrade_belgrade_open,2021_28_belgrade_belgrade_open_2021-05-25_molcan_a_krstin_p
tennis_data_uk,atp,2021,28,Belgrade Open,Belgrade,2021-05-25,atp_250,outdoor,clay,R16,3,Verdasco F.,Mannarino A.,107,36,755,1651,2,0,7,6,6,0,,,,,,,completed,1.44,2.75,1.43,3.07,1.5,3.57,1.42,2.85,2021_28_belgrade_belgrade_open,2021_28_belgrade_belgrade_open_2021-05-25_verdasco_f_mannarino_a
tennis_data_uk,atp,2021,28,Belgrade Open,Belgrade,2021-05-26,atp_250,outdoor,clay,R16,3,Delbonis F.,Monteiro T.,52,79,1170,936,2,1,7,6,3,6,6,4,,,,,completed,1.66,2.2,1.65,2.39,1.69,2.63,1.62,2.27,2021_28_belgrade_belgrade_open,2021_28_belgrade_belgrade_open_2021-05-26_delbonis_f_monteiro_t
tennis_data_uk,atp,2021,28,Belgrade Open,Belgrade,2021-05-26,atp_250,outdoor,clay,R16,3,Martin A.,Basilashvili N.,119,31,673,1785,2,1,6,1,4,6,7,6,,,,,completed,2.75,1.44,2.86,1.48,2.9,1.49,2.75,1.44,2021_28_belgrade_belgrade_open,2021_28_belgrade_belgrade_open_2021-05-26_martin_a_basilashvili_n
tennis_data_uk,atp,2021,28,Belgrade Open,Belgrade,2021-05-26,atp_250,outdoor,clay,R16,3,Lajovic D.,Chardy J.,39,58,1585,1123,2,0,6,3,6,4,,,,,,,completed,1.8,2.0,1.83,2.09,2.0,2.15,1.8,2.0,2021_28_belgrade_belgrade_open,2021_28_belgrade_belgrade_open_2021-05-26_lajovic_d_chardy_j
tennis_data_uk,atp,2021,28,Belgrade Open,Belgrade,2021-05-26,atp_250,outdoor,clay,R16,3,Carballes Baena R.,Monfils G.,98,15,794,2713,2,1,6,1,3,6,7,6,,,,,completed,1.9,1.9,1.92,1.99,1.92,2.05,1.84,1.96,2021_28_belgrade_belgrade_open,2021_28_belgrade_belgrade_open_2021-05-26_carballes_baena_r_monfils_g
tennis_data_uk,atp,2021,28,Belgrade Open,Belgrade,2021-05-27,atp_250,outdoor,clay,QF,3,Molcan A.,Verdasco F.,255,107,237,755,2,0,6,2,6,0,,,,,,,completed,2.0,1.8,2.05,1.86,2.2,1.89,2.02,1.79,2021_28_belgrade_belgrade_open,2021_28_belgrade_belgrade_open_2021-05-27_molcan_a_verdasco_f
tennis_data_uk,atp,2021,28,Belgrade Open,Belgrade,2021-05-27,atp_250,outdoor,clay,QF,3,Djokovic N.,Coria F.,1,96,11063,808,2,0,6,1,6,0,,,,,,,completed,1.02,19.0,1.03,19.09,1.04,21.0,1.02,14.76,2021_28_belgrade_belgrade_open,2021_28_belgrade_belgrade_open_2021-05-27_djokovic_n_coria_f
tennis_data_uk,atp,2021,28,Belgrade Open,Belgrade,2021-05-27,atp_250,outdoor,clay,QF,3,Martin A.,Lajovic D.,119,39,673,1585,2,1,3,6,6,3,6,4,,,,,completed,3.4,1.33,3.56,1.34,3.6,1.36,3.35,1.32,2021_28_belgrade_belgrade_open,2021_28_belgrade_belgrade_open_2021-05-27_martin_a_lajovic_d
tennis_data_uk,atp,2021,28,Belgrade Open,Belgrade,2021-05-27,atp_250,outdoor,clay,QF,3,Delbonis F.,Carballes Baena R.,52,98,1170,794,,,,,,,,,,,,,walkover,1.44,2.75,1.48,2.86,1.5,2.89,1.44,2.77,2021_28_belgrade_belgrade_open,2021_28_belgrade_belgrade_open_2021-05-27_delbonis_f_carballes_baena_r
tennis_data_uk,atp,2021,28,Belgrade Open,Belgrade,2021-05-28,atp_250,outdoor,clay,SF,3,Djokovic N.,Martin A.,1,119,11063,673,2,1,6,1,4,6,6,0,,,,,completed,1.02,19.0,1.02,25.06,1.03,25.06,1.01,16.91,2021_28_belgrade_belgrade_open,2021_28_belgrade_belgrade_open_2021-05-28_djokovic_n_martin_a
tennis_data_uk,atp,2021,28,Belgrade Open,Belgrade,2021-05-28,atp_250,outdoor,clay,SF,3,Molcan A.,Delbonis F.,255,52,237,1170,2,1,4,6,6,4,6,4,,,,,completed,2.5,1.53,2.71,1.53,2.85,1.62,2.51,1.52,2021_28_belgrade_belgrade_open,2021_28_belgrade_belgrade_open_2021-05-28_molcan_a_delbonis_f
tennis_data_uk,atp,2021,28,Belgrade Open,Belgrade,2021-05-29,atp_250,outdoor,clay,F,3,Djokovic N.,Molcan A.,1,255,11063,237,2,0,6,4,6,3,,,,,,,completed,1.02,19.0,1.04,16.89,1.05,26.0,1.02,14.21,2021_28_belgrade_belgrade_open,2021_28_belgrade_belgrade_open_2021-05-29_djokovic_n_molcan_a
tennis_data_uk,atp,2021,29,Emilia-Romagna Open,Parma,2021-05-23,atp_250,outdoor,clay,R32,3,Paul T.,Travaglia S.,55,77,1155,939,2,0,7,5,6,4,,,,,,,completed,1.57,2.37,1.56,2.57,1.65,2.6,1.57,2.38,2021_29_parma_emilia_romagna_open,2021_29_parma_emilia_romagna_open_2021-05-23_paul_t_travaglia_s
tennis_data_uk,atp,2021,29,Emilia-Romagna Open,Parma,2021-05-23,atp_250,outdoor,clay,R32,3,Cobolli F.,Giron M.,429,82,93,900,2,1,3,6,7,6,7,6,,,,,completed,2.2,1.66,2.36,1.65,2.45,1.76,2.26,1.63,2021_29_parma_emilia_romagna_open,2021_29_parma_emilia_romagna_open_2021-05-23_cobolli_f_giron_m
tennis_data_uk,atp,2021,29,Emilia-Romagna Open,Parma,2021-05-25,atp_250,outdoor,clay,R32,3,Cecchinato M.,Brancaccio R.,104,336,773,142,2,0,6,3,7,6,,,,,,,completed,1.16,5.0,1.16,6.0,1.18,6.5,1.15,5.35,2021_29_parma_emilia_romagna_open,2021_29_parma_emilia_romagna_open_2021-05-25_cecchinato_m_brancaccio_r
tennis_data_uk,atp,2021,29,Emilia-Romagna Open,Parma,2021-05-25,atp_250,outdoor,clay,R32,3,Korda S.,Seppi A.,63,95,1043,811,2,0,6,3,6,4,,,,,,,completed,1.16,5.0,1.15,6.2,1.21,6.5,1.15,5.35,2021_29_parma_emilia_romagna_open,2021_29_parma_emilia_romagna_open_2021-05-25_korda_s_seppi_a
tennis_data_uk,atp,2021,29,Emilia-Romagna Open,Parma,2021-05-25,atp_250,outdoor,clay,R32,3,Musetti L.,Mager G.,76,85,940,879,2,1,4,6,6,1,6,2,,,,,completed,1.5,2.62,1.49,2.81,1.53,2.85,1.49,2.61,2021_29_parma_emilia_romagna_open,2021_29_parma_emilia_romagna_open_2021-05-25_musetti_l_mager_g
tennis_data_uk,atp,2021,29,Emilia-Romagna Open,Parma,2021-05-25,atp_250,outdoor,clay,R32,3,Gombos N.,Ruusuvuori E.,87,74,871,951,2,1,7,6,5,7,6,3,,,,,completed,1.44,2.75,1.45,2.94,1.47,3.0,1.43,2.77,2021_29_parma_emilia_romagna_open,2021_29_parma_emilia_romagna_open_2021-05-25_gombos_n_ruusuvuori_e
tennis_data_uk,atp,2021,29,Emilia-Romagna Open,Parma,2021-05-25,atp_250,outdoor,clay,R32,3,Nishioka Y.,Querrey S.,60,67,1113,1023,2,1,3,6,6,3,7,6,,,,,completed,1.28,3.75,1.28,4.05,1.3,4.2,1.26,3.8,2021_29_parma_emilia_romagna_open,2021_29_parma_emilia_romagna_open_2021-05-25_nishioka_y_querrey_s
tennis_data_uk,atp,2021,29,Emilia-Romagna Open,Parma,2021-05-25,atp_250,outdoor,clay,R32,3,Gasquet R.,Altmaier D.,51,145,1188,516,2,0,6,3,6,3,,,,,,,completed,1.61,2.3,1.73,2.21,1.74,2.4,1.65,2.22,2021_29_parma_emilia_romagna_open,2021_29_parma_emilia_romagna_open_2021-05-25_gasquet_r_altmaier_d
tennis_data_uk,atp,2021,29,Emilia-Romagna Open,Parma,2021-05-25,atp_250,outdoor,clay,R32,3,Vesely J.,Johnson S.,71,86,971,878,2,0,7,6,6,2,,,,,,,completed,1.36,3.2,1.37,3.35,1.41,3.4,1.35,3.15,2021_29_parma_emilia_romagna_open,2021_29_parma_emilia_romagna_open_2021-05-25_vesely_j_johnson_s
tennis_data_uk,atp,2021,29,Emilia-Romagna Open,Parma,2021-05-25,atp_250,outdoor,clay,R32,3,Martinez P.,Simon G.,102,69,776,995,2,0,6,0,6,4,,,,,,,completed,1.33,3.4,1.31,3.75,1.35,3.8,1.3,3.46,2021_29_parma_emilia_romagna_open,2021_29_parma_emilia_romagna_open_2021-05-25_martinez_p_simon_g
tennis_data_uk,atp,2021,29,Emilia-Romagna Open,Parma,2021-05-25,atp_250,outdoor,clay,R32,3,Bedene A.,Caruso S.,54,81,1166,906,2,0,6,4,7,6,,,,,,,completed,1.36,3.2,1.45,2.95,1.45,3.25,1.39,2.99,2021_29_parma_emilia_romagna_open,2021_29_parma_emilia_romagna_open_2021-05-25_bedene_a_caruso_s
tennis_data_uk,atp,2021,29,Emilia-Romagna Open,Parma,2021-05-25,atp_250,outdoor,clay,R32,3,Munar J.,Ymer M.,80,103,907,774,2,0,6,3,7,6,,,,,,,completed,1.53,2.5,1.59,2.5,1.73,2.6,1.56,2.42,2021_29_parma_emilia_romagna_open,2021_29_parma_emilia_romagna_open_2021-05-25_munar_j_ymer_m
tennis_data_uk,atp,2021,29,Emilia-Romagna Open,Parma,2021-05-26,atp_250,outdoor,clay,R16,3,Struff J.L.,Cobolli F.,42,429,1500,93,2,1,6,4,4,6,7,6,,,,,completed,1.25,4.0,1.27,4.21,1.3,4.45,1.25,3.91,2021_29_parma_emilia_romagna_open,2021_29_parma_emilia_romagna_open_2021-05-26_struff_j_l_cobolli_f
tennis_data_uk,atp,2021,29,Emilia-Romagna Open,Parma,2021-05-26,atp_250,outdoor,clay,R16,3,Gombos N.,Ramos-Vinolas A.,87,38,871,1595,2,1,6,3,6,7,6,2,,,,,completed,2.5,1.53,2.62,1.56,2.69,1.6,2.52,1.52,2021_29_parma_emilia_romagna_open,2021_29_parma_emilia_romagna_open_2021-05-26_gombos_n_ramos_vinolas_a
tennis_data_uk,atp,2021,29,Emilia-Romagna Open,Parma,2021-05-26,atp_250,outdoor,clay,R16,3,Gasquet R.,Martinez P.,51,102,1188,776,2,1,6,3,3,6,6,3,,,,,completed,2.5,1.53,2.25,1.72,2.5,1.74,2.22,1.65,2021_29_parma_emilia_romagna_open,2021_29_parma_emilia_romagna_open_2021-05-26_gasquet_r_martinez_p
tennis_data_uk,atp,2021,29,Emilia-Romagna Open,Parma,2021-05-26,atp_250,outdoor,clay,R16,3,Munar J.,Paire B.,80,40,907,1544,1,0,7,5,3,1,,,,,,,retired,1.4,3.0,1.43,3.1,1.43,3.33,1.37,3.04,2021_29_parma_emilia_romagna_open,2021_29_parma_emilia_romagna_open_2021-05-26_munar_j_paire_b
tennis_data_uk,atp,2021,29,Emilia-Romagna Open,Parma,2021-05-26,atp_250,outdoor,clay,R16,3,Cecchinato M.,Bedene A.,104,54,773,1166,2,0,7,5,6,2,,,,,,,completed,1.8,2.0,1.85,2.06,2.0,2.15,1.81,1.99,2021_29_parma_emilia_romagna_open,2021_29_parma_emilia_romagna_open_2021-05-26_cecchinato_m_bedene_a
tennis_data_uk,atp,2021,29,Emilia-Romagna Open,Parma,2021-05-26,atp_250,outdoor,clay,R16,3,Paul T.,Vesely J.,55,71,1155,971,2,1,6,7,7,6,6,3,,,,,completed,1.33,3.4,1.4,3.2,1.41,3.6,1.34,3.23,2021_29_parma_emilia_romagna_open,2021_29_parma_emilia_romagna_open_2021-05-26_paul_t_vesely_j
tennis_data_uk,atp,2021,29,Emilia-Romagna Open,Parma,2021-05-26,atp_250,outdoor,clay,R16,3,Nishioka Y.,Musetti L.,60,76,1113,940,2,0,6,3,6,2,,,,,,,completed,3.4,1.33,3.08,1.43,3.45,1.43,3.13,1.36,2021_29_parma_emilia_romagna_open,2021_29_parma_emilia_romagna_open_2021-05-26_nishioka_y_musetti_l
tennis_data_uk,atp,2021,29,Emilia-Romagna Open,Parma,2021-05-26,atp_250,outdoor,clay,R16,3,Korda S.,Sonego L.,63,28,1043,2132,2,0,6,1,7,5,,,,,,,completed,2.62,1.5,2.69,1.53,2.93,1.56,2.58,1.5,2021_29_parma_emilia_romagna_open,2021_29_parma_emilia_romagna_open_2021-05-26_korda_s_sonego_l
tennis_data_uk,atp,2021,29,Emilia-Romagna Open,Parma,2021-05-27,atp_250,outdoor,clay,QF,3,Munar J.,Gasquet R.,80,51,907,1188,2,0,6,1,6,1,,,,,,,completed,1.61,2.3,1.71,2.27,1.71,2.41,1.63,2.25,2021_29_parma_emilia_romagna_open,2021_29_parma_emilia_romagna_open_2021-05-27_munar_j_gasquet_r
tennis_data_uk,atp,2021,29,Emilia-Romagna Open,Parma,2021-05-27,atp_250,outdoor,clay,QF,3,Cecchinato M.,Gombos N.,104,87,773,871,2,0,6,3,6,1,,,,,,,completed,1.44,2.75,1.41,3.16,1.5,3.16,1.41,2.89,2021_29_parma_emilia_romagna_open,2021_29_parma_emilia_romagna_open_2021-05-27_cecchinato_m_gombos_n
tennis_data_uk,atp,2021,29,Emilia-Romagna Open,Parma,2021-05-27,atp_250,outdoor,clay,QF,3,Paul T.,Struff J.L.,55,42,1155,1500,2,0,6,2,6,4,,,,,,,completed,1.9,1.9,1.98,1.92,2.05,2.0,1.92,1.88,2021_29_parma_emilia_romagna_open,2021_29_parma_emilia_romagna_open_2021-05-27_paul_t_struff_j_l
tennis_data_uk,atp,2021,29,Emilia-Romagna Open,Parma,2021-05-27,atp_250,outdoor,clay,QF,3,Korda S.,Nishioka Y.,63,60,1043,1113,2,0,6,3,6,3,,,,,,,completed,1.44,2.75,1.45,2.97,1.49,3.08,1.43,2.8,2021_29_parma_emilia_romagna_open,2021_29_parma_emilia_romagna_open_2021-05-27_korda_s_nishioka_y
tennis_data_uk,atp,2021,29,Emilia-Romagna Open,Parma,2021-05-28,atp_250,outdoor,clay,SF,3,Cecchinato M.,Munar J.,104,80,773,907,2,1,7,6,1,6,6,1,,,,,completed,1.72,2.1,1.78,2.16,2.0,2.2,1.75,2.08,2021_29_parma_emilia_romagna_open,2021_29_parma_emilia_romagna_open_2021-05-28_cecchinato_m_munar_j
tennis_data_uk,atp,2021,29,Emilia-Romagna Open,Parma,2021-05-28,atp_250,outdoor,clay,SF,3,Korda S.,Paul T.,63,55,1043,1155,2,0,6,3,6,3,,,,,,,completed,1.66,2.2,1.67,2.36,1.7,2.4,1.64,2.25,2021_29_parma_emilia_romagna_open,2021_29_parma_emilia_romagna_open_2021-05-28_korda_s_paul_t
tennis_data_uk,atp,2021,29,Emilia-Romagna Open,Parma,2021-05-29,atp_250,outdoor,clay,F,3,Korda S.,Cecchinato M.,63,104,1043,773,2,0,6,2,6,4,,,,,,,completed,1.61,2.3,1.62,2.46,1.67,2.49,1.59,2.35,2021_29_parma_emilia_romagna_open,2021_29_parma_emilia_romagna_open_2021-05-29_korda_s_cecchinato_m
tennis_data_uk,atp,2021,30,French Open,Paris,2021-05-30,grand_slam,outdoor,clay,R128,5,Fognini F.,Barrere G.,29,122,1933,644,3,0,6,4,6,1,6,4,,,,,completed,1.25,4.0,1.27,4.26,1.32,4.26,1.27,3.8,2021_30_paris_french_open,2021_30_paris_french_open_2021-05-30_fognini_f_barrere_g
tennis_data_uk,atp,2021,30,French Open,Paris,2021-05-30,grand_slam,outdoor,clay,R128,5,Carreno Busta P.,Gombos N.,12,81,3085,912,3,0,6,3,6,4,6,3,,,,,completed,1.12,6.0,1.13,7.01,1.19,7.01,1.13,6.09,2021_30_paris_french_open,2021_30_paris_french_open_2021-05-30_carreno_busta_p_gombos_n
tennis_data_uk,atp,2021,30,French Open,Paris,2021-05-30,grand_slam,outdoor,clay,R128,5,Couacaud E.,Gerasimov E.,177,79,400,937,3,0,7,6,6,4,6,3,,,,,completed,1.66,2.2,1.71,2.27,1.71,2.52,1.61,2.33,2021_30_paris_french_open,2021_30_paris_french_open_2021-05-30_couacaud_e_gerasimov_e
tennis_data_uk,atp,2021,30,French Open,Paris,2021-05-30,grand_slam,outdoor,clay,R128,5,Laaksonen H.,Hanfmann Y.,150,96,498,822,3,1,6,1,6,3,4,6,6,2,,,completed,2.1,1.72,2.41,1.64,2.45,1.94,2.21,1.68,2021_30_paris_french_open,2021_30_paris_french_open_2021-05-30_laaksonen_h_hanfmann_y
tennis_data_uk,atp,2021,30,French Open,Paris,2021-05-30,grand_slam,outdoor,clay,R128,5,Bautista Agut R.,Vilella Martinez M.,11,183,3215,393,3,0,6,4,6,4,6,2,,,,,completed,1.12,6.0,1.11,8.04,1.14,10.75,1.09,7.67,2021_30_paris_french_open,2021_30_paris_french_open_2021-05-30_bautista_agut_r_vilella_martinez_m
tennis_data_uk,atp,2021,30,French Open,Paris,2021-05-30,grand_slam,outdoor,clay,R128,5,Pella G.,Galan D.E.,61,107,1114,764,3,0,6,3,7,6,7,5,,,,,completed,3.2,1.36,3.4,1.37,3.4,1.44,3.15,1.36,2021_30_paris_french_open,2021_30_paris_french_open_2021-05-30_pella_g_galan_d_e
tennis_data_uk,atp,2021,30,French Open,Paris,2021-05-30,grand_slam,outdoor,clay,R128,5,Kecmanovic M.,Evans D.,48,27,1384,2195,3,1,1,6,6,3,6,3,6,4,,,completed,2.5,1.53,2.37,1.66,2.88,1.66,2.46,1.55,2021_30_paris_french_open,2021_30_paris_french_open_2021-05-30_kecmanovic_m_evans_d
tennis_data_uk,atp,2021,30,French Open,Paris,2021-05-30,grand_slam,outdoor,clay,R128,5,Andujar P.,Thiem D.,68,4,1020,8445,3,2,4,6,5,7,6,3,6,4,6,4,completed,7.0,1.1,9.48,1.09,10.0,1.11,7.73,1.09,2021_30_paris_french_open,2021_30_paris_french_open_2021-05-30_andujar_p_thiem_d
tennis_data_uk,atp,2021,30,French Open,Paris,2021-05-30,grand_slam,outdoor,clay,R128,5,Khachanov K.,Vesely J.,25,71,2280,976,3,0,6,1,6,2,6,3,,,,,completed,1.3,3.5,1.24,4.6,1.32,4.6,1.23,4.17,2021_30_paris_french_open,2021_30_paris_french_open_2021-05-30_khachanov_k_vesely_j
tennis_data_uk,atp,2021,30,French Open,Paris,2021-05-30,grand_slam,outdoor,clay,R128,5,Fucsovics M.,Simon G.,44,69,1456,995,3,0,6,4,6,1,7,6,,,,,completed,1.1,7.0,1.13,7.35,1.13,7.5,1.11,6.79,2021_30_paris_french_open,2021_30_paris_french_open_2021-05-30_fucsovics_m_simon_g
tennis_data_uk,atp,2021,30,French Open,Paris,2021-05-30,grand_slam,outdoor,clay,R128,5,Nishikori K.,Giannessi A.,49,159,1318,458,3,2,6,4,6,7,6,3,4,6,6,4,completed,1.12,6.0,1.15,6.34,1.16,8.0,1.12,6.29,2021_30_paris_french_open,2021_30_paris_french_open_2021-05-30_nishikori_k_giannessi_a
tennis_data_uk,atp,2021,30,French Open,Paris,2021-05-30,grand_slam,outdoor,clay,R128,5,Garin C.,Londero J.I.,23,102,2350,793,3,1,3,6,6,4,7,6,6,2,,,completed,1.06,10.0,1.08,10.16,1.09,13.0,1.06,9.57,2021_30_paris_french_open,2021_30_paris_french_open_2021-05-30_garin_c_londero_j_i
tennis_data_uk,atp,2021,30,French Open,Paris,2021-05-30,grand_slam,outdoor,clay,R128,5,Mcdonald M.,Ruusuvuori E.,119,75,675,951,3,1,4,6,6,3,7,6,6,3,,,completed,1.3,3.5,1.31,3.83,1.41,4.0,1.3,3.59,2021_30_paris_french_open,2021_30_paris_french_open_2021-05-30_mcdonald_m_ruusuvuori_e
tennis_data_uk,atp,2021,30,French Open,Paris,2021-05-30,grand_slam,outdoor,clay,R128,5,Giron M.,Dimitrov G.,84,17,900,2521,1,2,2,6,4,6,7,5,3,0,,,retired,4.0,1.25,5.07,1.21,5.07,1.26,4.52,1.21,2021_30_paris_french_open,2021_30_paris_french_open_2021-05-30_giron_m_dimitrov_g
tennis_data_uk,atp,2021,30,French Open,Paris,2021-05-30,grand_slam,outdoor,clay,R128,5,Djere L.,Moutet C.,55,73,1168,968,3,1,6,3,6,7,7,6,7,5,,,completed,1.8,2.0,1.81,2.11,1.87,2.25,1.77,2.05,2021_30_paris_french_open,2021_30_paris_french_open_2021-05-30_djere_l_moutet_c
tennis_data_uk,atp,2021,30,French Open,Paris,2021-05-30,grand_slam,outdoor,clay,R128,5,Zverev A.,Otte O.,6,152,6990,485,3,2,3,6,3,6,6,2,6,2,6,0,completed,1.04,13.0,1.05,14.47,1.05,18.0,1.03,12.73,2021_30_paris_french_open,2021_30_paris_french_open_2021-05-30_zverev_a_otte_o
tennis_data_uk,atp,2021,30,French Open,Paris,2021-05-30,grand_slam,outdoor,clay,R128,5,Davidovich Fokina A.,Kukushkin M.,46,106,1408,772,3,0,6,4,6,4,6,3,,,,,completed,1.03,15.0,1.04,14.9,1.05,17.75,1.03,12.7,2021_30_paris_french_open,2021_30_paris_french_open_2021-05-30_davidovich_fokina_a_kukushkin_m
tennis_data_uk,atp,2021,30,French Open,Paris,2021-05-30,grand_slam,outdoor,clay,R128,5,Safiullin R.,Taberner C.,182,137,393,555,3,1,7,6,1,6,6,0,6,2,,,completed,3.75,1.28,3.88,1.3,4.9,1.32,3.79,1.27,2021_30_paris_french_open,2021_30_paris_french_open_2021-05-30_safiullin_r_taberner_c
tennis_data_uk,atp,2021,30,French Open,Paris,2021-05-30,grand_slam,outdoor,clay,R128,5,Van De Zandschulp B.,Hurkacz H.,154,20,478,2498,3,2,6,7,6,7,6,2,6,2,6,4,completed,2.37,1.57,2.65,1.55,2.66,1.61,2.48,1.55,2021_30_paris_french_open,2021_30_paris_french_open_2021-05-30_van_de_zandschulp_b_hurkacz_h
tennis_data_uk,atp,2021,30,French Open,Paris,2021-05-30,grand_slam,outdoor,clay,R128,5,Tsitsipas S.,Chardy J.,5,60,7500,1123,3,0,7,6,6,3,6,1,,,,,completed,1.02,17.0,1.02,21.59,1.04,25.0,1.01,16.8,2021_30_paris_french_open,2021_30_paris_french_open_2021-05-30_tsitsipas_s_chardy_j
tennis_data_uk,atp,2021,30,French Open,Paris,2021-05-31,grand_slam,outdoor,clay,R128,5,Sinner J.,Herbert P.H.,19,85,2500,897,3,2,6,1,4,6,6,7,7,5,6,4,completed,1.11,6.5,1.14,6.77,1.18,7.0,1.12,6.3,2021_30_paris_french_open,2021_30_paris_french_open_2021-05-31_sinner_j_herbert_p_h
tennis_data_uk,atp,2021,30,French Open,Paris,2021-05-31,grand_slam,outdoor,clay,R128,5,Johnson S.,Tiafoe F.,88,74,878,963,3,2,6,7,3,6,6,4,6,2,6,1,completed,5.0,1.16,5.34,1.19,5.75,1.2,5.04,1.17,2021_30_paris_french_open,2021_30_paris_french_open_2021-05-31_johnson_s_tiafoe_f
tennis_data_uk,atp,2021,30,French Open,Paris,2021-05-31,grand_slam,outdoor,clay,R128,5,Krajinovic F.,Marterer M.,41,215,1524,322,3,0,6,4,6,1,7,6,,,,,completed,1.5,2.62,1.48,2.86,1.52,2.86,1.48,2.66,2021_30_paris_french_open,2021_30_paris_french_open_2021-05-31_krajinovic_f_marterer_m
tennis_data_uk,atp,2021,30,French Open,Paris,2021-05-31,grand_slam,outdoor,clay,R128,5,Monteiro T.,Cerundolo F.,80,117,936,688,3,0,6,3,6,4,6,3,,,,,completed,1.66,2.2,1.63,2.44,1.73,2.47,1.62,2.31,2021_30_paris_french_open,2021_30_paris_french_open_2021-05-31_monteiro_t_cerundolo_f
tennis_data_uk,atp,2021,30,French Open,Paris,2021-05-31,grand_slam,outdoor,clay,R128,5,Mager G.,Gojowczyk P.,87,134,879,566,3,1,6,2,3,6,6,4,7,5,,,completed,2.62,1.5,,,1.48,8.0,1.28,5.34,2021_30_paris_french_open,2021_30_paris_french_open_2021-05-31_mager_g_gojowczyk_p
tennis_data_uk,atp,2021,30,French Open,Paris,2021-05-31,grand_slam,outdoor,clay,R128,5,Isner J.,Querrey S.,34,67,1730,1023,3,0,7,6,6,3,6,4,,,,,completed,1.28,3.75,1.26,4.39,1.29,4.39,1.25,3.95,2021_30_paris_french_open,2021_30_paris_french_open_2021-05-31_isner_j_querrey_s
tennis_data_uk,atp,2021,30,French Open,Paris,2021-05-31,grand_slam,outdoor,clay,R128,5,Delbonis F.,Albot R.,51,89,1225,870,3,1,6,1,2,6,6,0,6,1,,,completed,1.14,5.5,1.2,5.32,1.2,5.8,1.17,5.13,2021_30_paris_french_open,2021_30_paris_french_open_2021-05-31_delbonis_f_albot_r
tennis_data_uk,atp,2021,30,French Open,Paris,2021-05-31,grand_slam,outdoor,clay,R128,5,Ruud C.,Paire B.,16,40,2690,1544,3,1,5,7,6,2,6,1,7,6,,,completed,1.05,11.0,1.06,12.51,1.06,15.0,1.05,11.37,2021_30_paris_french_open,2021_30_paris_french_open_2021-05-31_ruud_c_paire_b
tennis_data_uk,atp,2021,30,French Open,Paris,2021-05-31,grand_slam,outdoor,clay,R128,5,Norrie C.,Fratangelo B.,45,198,1430,354,3,0,7,5,7,6,6,2,,,,,completed,1.2,4.5,1.24,4.56,1.25,5.1,1.21,4.43,2021_30_paris_french_open,2021_30_paris_french_open_2021-05-31_norrie_c_fratangelo_b
tennis_data_uk,atp,2021,30,French Open,Paris,2021-05-31,grand_slam,outdoor,clay,R128,5,Paul T.,O Connell C.,52,129,1225,611,3,2,6,2,6,4,4,6,4,6,10,8,completed,1.3,3.5,1.24,4.55,1.33,4.55,1.25,3.96,2021_30_paris_french_open,2021_30_paris_french_open_2021-05-31_paul_t_o_connell_c
tennis_data_uk,atp,2021,30,French Open,Paris,2021-05-31,grand_slam,outdoor,clay,R128,5,Medvedev D.,Bublik A.,2,37,9793,1613,3,0,6,3,6,3,7,5,,,,,completed,1.4,3.0,1.43,3.05,1.46,3.06,1.41,2.92,2021_30_paris_french_open,2021_30_paris_french_open_2021-05-31_medvedev_d_bublik_a
tennis_data_uk,atp,2021,30,French Open,Paris,2021-05-31,grand_slam,outdoor,clay,R128,5,Munar J.,Thompson J.,72,64,974,1042,3,1,6,7,6,1,7,6,6,4,,,completed,1.08,8.0,1.14,6.73,1.14,8.5,1.1,7.24,2021_30_paris_french_open,2021_30_paris_french_open_2021-05-31_munar_j_thompson_j
tennis_data_uk,atp,2021,30,French Open,Paris,2021-05-31,grand_slam,outdoor,clay,R128,5,Opelka R.,Martin A.,35,108,1726,760,3,0,6,3,6,2,6,4,,,,,completed,1.4,3.0,1.45,3.0,1.51,3.0,1.42,2.87,2021_30_paris_french_open,2021_30_paris_french_open_2021-05-31_opelka_r_martin_a
tennis_data_uk,atp,2021,30,French Open,Paris,2021-05-31,grand_slam,outdoor,clay,R128,5,Basilashvili N.,Lajovic D.,31,39,1785,1585,3,1,6,4,6,3,0,6,6,2,,,completed,1.66,2.2,1.7,2.28,1.74,2.29,1.68,2.2,2021_30_paris_french_open,2021_30_paris_french_open_2021-05-31_basilashvili_n_lajovic_d
tennis_data_uk,atp,2021,30,French Open,Paris,2021-05-31,grand_slam,outdoor,clay,R128,5,Martinez P.,Korda S.,103,50,793,1289,3,0,6,4,6,2,6,2,,,,,completed,3.4,1.33,3.42,1.37,3.84,1.38,3.33,1.33,2021_30_paris_french_open,2021_30_paris_french_open_2021-05-31_martinez_p_korda_s
tennis_data_uk,atp,2021,30,French Open,Paris,2021-05-31,grand_slam,outdoor,clay,R128,5,Alcaraz C.,Zapata Miralles B.,97,128,815,631,3,1,6,3,2,6,6,1,7,6,,,completed,1.28,3.75,1.32,3.74,1.32,3.95,1.29,3.63,2021_30_paris_french_open,2021_30_paris_french_open_2021-05-31_alcaraz_c_zapata_miralles_b
tennis_data_uk,atp,2021,30,French Open,Paris,2021-05-31,grand_slam,outdoor,clay,R128,5,Majchrzak K.,Cazaux A.,126,452,636,87,3,1,6,4,2,6,6,4,6,4,,,completed,1.53,2.5,1.64,2.42,1.64,2.61,1.57,2.41,2021_30_paris_french_open,2021_30_paris_french_open_2021-05-31_majchrzak_k_cazaux_a
tennis_data_uk,atp,2021,30,French Open,Paris,2021-05-31,grand_slam,outdoor,clay,R128,5,Federer R.,Istomin D.,8,204,5605,343,3,0,6,2,6,4,6,3,,,,,completed,1.12,6.0,1.12,7.76,1.13,7.76,1.11,6.64,2021_30_paris_french_open,2021_30_paris_french_open_2021-05-31_federer_r_istomin_d
tennis_data_uk,atp,2021,30,French Open,Paris,2021-05-31,grand_slam,outdoor,clay,R128,5,Harris L.,Sonego L.,54,28,1198,2132,3,0,7,5,6,4,6,4,,,,,completed,5.5,1.14,6.75,1.14,6.75,1.17,5.8,1.14,2021_30_paris_french_open,2021_30_paris_french_open_2021-05-31_harris_l_sonego_l
tennis_data_uk,atp,2021,30,French Open,Paris,2021-05-31,grand_slam,outdoor,clay,R128,5,Cilic M.,Rinderknech A.,47,118,1388,677,3,0,7,6,6,1,6,2,,,,,completed,1.72,2.1,1.77,2.18,1.8,2.2,1.73,2.12,2021_30_paris_french_open,2021_30_paris_french_open_2021-05-31_cilic_m_rinderknech_a
tennis_data_uk,atp,2021,30,French Open,Paris,2021-05-31,grand_slam,outdoor,clay,R128,5,Fritz T.,Sousa J.,33,114,1760,714,3,0,6,4,6,2,6,4,,,,,completed,1.12,6.0,1.18,5.59,1.18,6.75,1.14,5.89,2021_30_paris_french_open,2021_30_paris_french_open_2021-05-31_fritz_t_sousa_j
tennis_data_uk,atp,2021,30,French Open,Paris,2021-05-31,grand_slam,outdoor,clay,R128,5,Koepfer D.,Bourgue M.,59,197,1134,359,3,0,6,3,6,3,6,4,,,,,completed,1.25,4.0,1.26,4.29,1.28,4.4,1.24,4.08,2021_30_paris_french_open,2021_30_paris_french_open_2021-05-31_koepfer_d_bourgue_m
tennis_data_uk,atp,2021,30,French Open,Paris,2021-05-31,grand_slam,outdoor,clay,R128,5,Musetti L.,Goffin D.,76,13,950,2875,3,0,6,0,7,5,7,6,,,,,completed,1.66,2.2,1.75,2.2,1.76,2.3,1.71,2.16,2021_30_paris_french_open,2021_30_paris_french_open_2021-05-31_musetti_l_goffin_d
tennis_data_uk,atp,2021,30,French Open,Paris,2021-05-31,grand_slam,outdoor,clay,R128,5,Nishioka Y.,Tsonga J.W.,57,77,1142,947,3,1,6,4,6,2,3,6,7,6,,,completed,1.22,4.33,1.26,4.36,1.26,4.8,1.22,4.3,2021_30_paris_french_open,2021_30_paris_french_open_2021-05-31_nishioka_y_tsonga_j_w
tennis_data_uk,atp,2021,30,French Open,Paris,2021-06-01,grand_slam,outdoor,clay,R128,5,Cecchinato M.,Uchiyama Y.,83,115,903,704,3,1,3,6,6,1,6,2,6,4,,,completed,1.04,13.0,1.06,12.44,1.06,21.0,1.05,11.27,2021_30_paris_french_open,2021_30_paris_french_open_2021-06-01_cecchinato_m_uchiyama_y
tennis_data_uk,atp,2021,30,French Open,Paris,2021-06-01,grand_slam,outdoor,clay,R128,5,Ymer M.,Carballes Baena R.,105,95,776,831,3,2,6,4,0,6,4,6,6,2,6,2,completed,2.2,1.66,2.24,1.73,2.29,1.76,2.15,1.71,2021_30_paris_french_open,2021_30_paris_french_open_2021-06-01_ymer_m_carballes_baena_r
tennis_data_uk,atp,2021,30,French Open,Paris,2021-06-01,grand_slam,outdoor,clay,R128,5,De Minaur A.,Travaglia S.,22,78,2350,939,3,0,6,2,6,4,7,6,,,,,completed,1.61,2.3,1.65,2.4,1.65,2.52,1.6,2.34,2021_30_paris_french_open,2021_30_paris_french_open_2021-06-01_de_minaur_a_travaglia_s
tennis_data_uk,atp,2021,30,French Open,Paris,2021-06-01,grand_slam,outdoor,clay,R128,5,Berankis R.,Humbert U.,93,32,839,1780,3,1,6,4,6,4,2,6,6,4,,,completed,3.75,1.28,3.28,1.39,3.76,1.39,3.36,1.33,2021_30_paris_french_open,2021_30_paris_french_open_2021-06-01_berankis_r_humbert_u
tennis_data_uk,atp,2021,30,French Open,Paris,2021-06-01,grand_slam,outdoor,clay,R128,5,Karatsev A.,Brooksby J.,26,163,2245,437,3,0,6,3,6,4,6,4,,,,,completed,1.14,5.5,1.14,6.63,1.17,7.0,1.12,6.26,2021_30_paris_french_open,2021_30_paris_french_open_2021-06-01_karatsev_a_brooksby_j
tennis_data_uk,atp,2021,30,French Open,Paris,2021-06-01,grand_slam,outdoor,clay,R128,5,Bedene A.,Mannarino A.,56,36,1166,1651,3,1,7,5,3,6,7,5,6,2,,,completed,1.25,4.0,1.28,4.08,1.31,4.08,1.27,3.79,2021_30_paris_french_open,2021_30_paris_french_open_2021-06-01_bedene_a_mannarino_a
tennis_data_uk,atp,2021,30,French Open,Paris,2021-06-01,grand_slam,outdoor,clay,R128,5,Duckworth J.,Caruso S.,101,82,794,906,3,1,6,4,3,6,7,6,6,2,,,completed,4.0,1.25,4.66,1.24,4.75,1.27,4.24,1.23,2021_30_paris_french_open,2021_30_paris_french_open_2021-06-01_duckworth_j_caruso_s
tennis_data_uk,atp,2021,30,French Open,Paris,2021-06-01,grand_slam,outdoor,clay,R128,5,Struff J.L.,Rublev A.,42,7,1500,6090,3,2,6,3,7,6,4,6,3,6,6,4,completed,6.5,1.11,7.38,1.13,8.5,1.13,7.14,1.1,2021_30_paris_french_open,2021_30_paris_french_open_2021-06-01_struff_j_l_rublev_a
tennis_data_uk,atp,2021,30,French Open,Paris,2021-06-01,grand_slam,outdoor,clay,R128,5,Monfils G.,Ramos-Vinolas A.,15,38,2713,1595,3,1,1,6,7,6,6,4,6,4,,,completed,2.3,1.61,2.22,1.74,2.59,1.77,2.21,1.67,2021_30_paris_french_open,2021_30_paris_french_open_2021-06-01_monfils_g_ramos_vinolas_a
tennis_data_uk,atp,2021,30,French Open,Paris,2021-06-01,grand_slam,outdoor,clay,R128,5,Seppi A.,Auger-Aliassime F.,98,21,811,2423,3,1,6,3,7,6,4,6,6,4,,,completed,10.0,1.06,11.2,1.07,12.75,1.07,10.21,1.05,2021_30_paris_french_open,2021_30_paris_french_open_2021-06-01_seppi_a_auger_aliassime_f
tennis_data_uk,atp,2021,30,French Open,Paris,2021-06-01,grand_slam,outdoor,clay,R128,5,Bagnis F.,Bonzi B.,104,116,778,693,3,0,7,5,6,3,6,4,,,,,completed,1.72,2.1,1.83,2.09,1.87,2.19,1.78,2.04,2021_30_paris_french_open,2021_30_paris_french_open_2021-06-01_bagnis_f_bonzi_b
tennis_data_uk,atp,2021,30,French Open,Paris,2021-06-01,grand_slam,outdoor,clay,R128,5,Kohlschreiber P.,Verdasco F.,132,99,572,795,3,1,7,6,6,2,2,6,6,4,,,completed,1.72,2.1,1.74,2.22,1.78,2.28,1.7,2.16,2021_30_paris_french_open,2021_30_paris_french_open_2021-06-01_kohlschreiber_p_verdasco_f
tennis_data_uk,atp,2021,30,French Open,Paris,2021-06-01,grand_slam,outdoor,clay,R128,5,Nadal R.,Popyrin A.,3,63,9630,1052,3,0,6,3,6,2,7,6,,,,,completed,1.01,23.0,1.01,29.38,1.02,34.0,1.01,21.96,2021_30_paris_french_open,2021_30_paris_french_open_2021-06-01_nadal_r_popyrin_a
tennis_data_uk,atp,2021,30,French Open,Paris,2021-06-01,grand_slam,outdoor,clay,R128,5,Coria F.,Lopez F.,94,62,838,1072,3,0,6,3,7,6,6,2,,,,,completed,1.57,2.37,1.65,2.38,1.67,2.53,1.6,2.35,2021_30_paris_french_open,2021_30_paris_french_open_2021-06-01_coria_f_lopez_f
tennis_data_uk,atp,2021,30,French Open,Paris,2021-06-01,grand_slam,outdoor,clay,R128,5,Schwartzman D.,Lu Y.,10,680,3465,35,3,0,6,2,6,2,6,3,,,,,completed,1.01,23.0,1.01,29.16,1.02,34.0,1.01,21.2,2021_30_paris_french_open,2021_30_paris_french_open_2021-06-01_schwartzman_d_lu_y
tennis_data_uk,atp,2021,30,French Open,Paris,2021-06-01,grand_slam,outdoor,clay,R128,5,Gasquet R.,Gaston H.,53,141,1213,531,3,0,6,1,6,4,6,2,,,,,completed,1.72,2.1,1.75,2.2,1.82,2.29,1.72,2.14,2021_30_paris_french_open,2021_30_paris_french_open_2021-06-01_gasquet_r_gaston_h
tennis_data_uk,atp,2021,30,French Open,Paris,2021-06-01,grand_slam,outdoor,clay,R128,5,Berrettini M.,Daniel T.,9,113,3958,716,3,1,6,0,6,4,4,6,6,4,,,completed,1.07,9.0,1.08,9.87,1.08,21.0,1.06,10.64,2021_30_paris_french_open,2021_30_paris_french_open_2021-06-01_berrettini_m_daniel_t
tennis_data_uk,atp,2021,30,French Open,Paris,2021-06-01,grand_slam,outdoor,clay,R128,5,Kwon S.W.,Anderson K.,91,100,854,795,3,1,7,5,6,4,2,6,7,6,,,completed,2.75,1.44,2.95,1.46,3.2,1.46,2.91,1.41,2021_30_paris_french_open,2021_30_paris_french_open_2021-06-01_kwon_s_w_anderson_k
tennis_data_uk,atp,2021,30,French Open,Paris,2021-06-01,grand_slam,outdoor,clay,R128,5,Cuevas P.,Pouille L.,92,86,846,892,3,0,6,3,6,1,6,3,,,,,completed,1.4,3.0,1.47,2.93,1.53,3.06,1.43,2.85,2021_30_paris_french_open,2021_30_paris_french_open_2021-06-01_cuevas_p_pouille_l
tennis_data_uk,atp,2021,30,French Open,Paris,2021-06-01,grand_slam,outdoor,clay,R128,5,Djokovic N.,Sandgren T.,1,66,11313,1033,3,0,6,2,6,4,6,2,,,,,completed,29.0,,1.01,31.38,1.02,35.0,1.01,23.01,2021_30_paris_french_open,2021_30_paris_french_open_2021-06-01_djokovic_n_sandgren_t
tennis_data_uk,atp,2021,30,French Open,Paris,2021-06-02,grand_slam,outdoor,clay,R64,5,Delbonis F.,Andujar P.,51,68,1225,1020,3,2,4,6,6,1,3,6,6,3,6,2,completed,1.66,2.2,1.77,2.18,1.82,2.3,1.73,2.13,2021_30_paris_french_open,2021_30_paris_french_open_2021-06-02_delbonis_f_andujar_p
tennis_data_uk,atp,2021,30,French Open,Paris,2021-06-02,grand_slam,outdoor,clay,R64,5,Djere L.,Kecmanovic M.,55,48,1168,1384,3,2,4,6,4,6,6,3,6,2,6,3,completed,1.66,2.2,1.72,2.25,1.81,2.32,1.69,2.18,2021_30_paris_french_open,2021_30_paris_french_open_2021-06-02_djere_l_kecmanovic_m
tennis_data_uk,atp,2021,30,French Open,Paris,2021-06-02,grand_slam,outdoor,clay,R64,5,Zverev A.,Safiullin R.,6,182,6990,393,3,0,7,6,6,3,7,6,,,,,completed,1.03,15.0,1.03,18.81,1.07,21.0,1.03,13.58,2021_30_paris_french_open,2021_30_paris_french_open_2021-06-02_zverev_a_safiullin_r
tennis_data_uk,atp,2021,30,French Open,Paris,2021-06-02,grand_slam,outdoor,clay,R64,5,Ruud C.,Majchrzak K.,16,126,2690,636,3,0,6,3,6,2,6,4,,,,,completed,1.06,10.0,1.04,14.89,1.07,15.0,1.04,11.8,2021_30_paris_french_open,2021_30_paris_french_open_2021-06-02_ruud_c_majchrzak_k
tennis_data_uk,atp,2021,30,French Open,Paris,2021-06-02,grand_slam,outdoor,clay,R64,5,Laaksonen H.,Bautista Agut R.,150,11,498,3215,3,1,6,3,2,6,6,3,6,2,,,completed,8.0,1.08,10.28,1.08,11.0,1.11,8.93,1.07,2021_30_paris_french_open,2021_30_paris_french_open_2021-06-02_laaksonen_h_bautista_agut_r
tennis_data_uk,atp,2021,30,French Open,Paris,2021-06-02,grand_slam,outdoor,clay,R64,5,Davidovich Fokina A.,Van De Zandschulp B.,46,154,1408,478,3,2,6,4,6,4,5,7,2,6,6,4,completed,1.2,4.5,1.19,5.43,1.23,5.5,1.18,4.93,2021_30_paris_french_open,2021_30_paris_french_open_2021-06-02_davidovich_fokina_a_van_de_zandschulp_b
tennis_data_uk,atp,2021,30,French Open,Paris,2021-06-02,grand_slam,outdoor,clay,R64,5,Nishikori K.,Khachanov K.,49,25,1318,2280,3,2,4,6,6,2,2,6,6,4,6,4,completed,1.9,1.9,1.99,1.91,2.22,2.0,1.95,1.87,2021_30_paris_french_open,2021_30_paris_french_open_2021-06-02_nishikori_k_khachanov_k
tennis_data_uk,atp,2021,30,French Open,Paris,2021-06-02,grand_slam,outdoor,clay,R64,5,Fognini F.,Fucsovics M.,29,44,1933,1456,3,0,7,6,6,1,6,2,,,,,completed,1.72,2.1,1.83,2.09,1.87,2.37,1.78,2.06,2021_30_paris_french_open,2021_30_paris_french_open_2021-06-02_fognini_f_fucsovics_m
tennis_data_uk,atp,2021,30,French Open,Paris,2021-06-02,grand_slam,outdoor,clay,R64,5,Isner J.,Krajinovic F.,34,41,1730,1524,3,0,7,6,6,1,7,6,,,,,completed,2.0,1.8,2.15,1.79,2.25,1.83,2.12,1.73,2021_30_paris_french_open,2021_30_paris_french_open_2021-06-02_isner_j_krajinovic_f
tennis_data_uk,atp,2021,30,French Open,Paris,2021-06-02,grand_slam,outdoor,clay,R64,5,Opelka R.,Munar J.,35,72,1726,974,3,1,6,3,6,2,3,6,7,5,,,completed,1.8,2.0,1.81,2.12,1.87,2.41,1.77,2.08,2021_30_paris_french_open,2021_30_paris_french_open_2021-06-02_opelka_r_munar_j
tennis_data_uk,atp,2021,30,French Open,Paris,2021-06-02,grand_slam,outdoor,clay,R64,5,Giron M.,Pella G.,84,61,900,1114,3,1,7,6,6,1,6,7,6,4,,,completed,2.75,1.44,2.76,1.51,2.98,1.52,2.66,1.48,2021_30_paris_french_open,2021_30_paris_french_open_2021-06-02_giron_m_pella_g
tennis_data_uk,atp,2021,30,French Open,Paris,2021-06-02,grand_slam,outdoor,clay,R64,5,Tsitsipas S.,Martinez P.,5,103,7500,793,3,0,6,3,6,4,6,3,,,,,completed,1.05,11.0,1.03,19.82,1.05,22.04,1.02,14.76,2021_30_paris_french_open,2021_30_paris_french_open_2021-06-02_tsitsipas_s_martinez_p
tennis_data_uk,atp,2021,30,French Open,Paris,2021-06-02,grand_slam,outdoor,clay,R64,5,Garin C.,Mcdonald M.,23,119,2350,675,3,2,4,6,4,6,7,6,6,3,8,6,completed,1.28,3.75,1.28,4.08,1.3,4.45,1.25,3.94,2021_30_paris_french_open,2021_30_paris_french_open_2021-06-02_garin_c_mcdonald_m
tennis_data_uk,atp,2021,30,French Open,Paris,2021-06-02,grand_slam,outdoor,clay,R64,5,Carreno Busta P.,Couacaud E.,12,177,3085,400,3,1,2,6,6,3,6,4,6,4,,,completed,1.04,13.0,1.04,15.91,1.06,16.0,1.04,12.11,2021_30_paris_french_open,2021_30_paris_french_open_2021-06-02_carreno_busta_p_couacaud_e
tennis_data_uk,atp,2021,30,French Open,Paris,2021-06-02,grand_slam,outdoor,clay,R64,5,Johnson S.,Monteiro T.,88,80,878,936,3,2,6,3,6,7,7,6,3,6,6,3,completed,5.0,1.16,4.73,1.23,6.0,1.23,4.85,1.18,2021_30_paris_french_open,2021_30_paris_french_open_2021-06-02_johnson_s_monteiro_t
tennis_data_uk,atp,2021,30,French Open,Paris,2021-06-02,grand_slam,outdoor,clay,R64,5,Medvedev D.,Paul T.,2,52,9793,1225,3,1,3,6,6,1,6,4,6,3,,,completed,1.28,3.75,1.35,3.53,1.38,3.84,1.31,3.46,2021_30_paris_french_open,2021_30_paris_french_open_2021-06-02_medvedev_d_paul_t
tennis_data_uk,atp,2021,30,French Open,Paris,2021-06-03,grand_slam,outdoor,clay,R64,5,Kwon S.W.,Seppi A.,91,98,854,811,3,0,6,4,7,5,7,5,,,,,completed,1.8,2.0,1.83,2.09,1.91,2.32,1.78,2.06,2021_30_paris_french_open,2021_30_paris_french_open_2021-06-03_kwon_s_w_seppi_a
tennis_data_uk,atp,2021,30,French Open,Paris,2021-06-03,grand_slam,outdoor,clay,R64,5,Berrettini M.,Coria F.,9,94,3958,838,3,0,6,3,6,3,6,2,,,,,completed,1.06,10.0,1.07,11.66,1.07,13.26,1.06,10.2,2021_30_paris_french_open,2021_30_paris_french_open_2021-06-03_berrettini_m_coria_f
tennis_data_uk,atp,2021,30,French Open,Paris,2021-06-03,grand_slam,outdoor,clay,R64,5,Kohlschreiber P.,Karatsev A.,132,26,572,2245,3,1,6,3,7,6,4,6,6,1,,,completed,8.0,1.08,6.52,1.15,9.0,1.15,7.05,1.1,2021_30_paris_french_open,2021_30_paris_french_open_2021-06-03_kohlschreiber_p_karatsev_a
tennis_data_uk,atp,2021,30,French Open,Paris,2021-06-03,grand_slam,outdoor,clay,R64,5,Schwartzman D.,Bedene A.,10,56,3465,1166,3,0,6,4,6,2,6,4,,,,,completed,1.33,3.4,1.32,3.74,1.36,3.74,1.32,3.4,2021_30_paris_french_open,2021_30_paris_french_open_2021-06-03_schwartzman_d_bedene_a
tennis_data_uk,atp,2021,30,French Open,Paris,2021-06-03,grand_slam,outdoor,clay,R64,5,Ymer M.,Monfils G.,105,15,776,2713,3,1,6,0,2,6,6,4,6,3,,,completed,2.75,1.44,2.99,1.45,3.52,1.48,2.97,1.4,2021_30_paris_french_open,2021_30_paris_french_open_2021-06-03_ymer_m_monfils_g
tennis_data_uk,atp,2021,30,French Open,Paris,2021-06-03,grand_slam,outdoor,clay,R64,5,Koepfer D.,Fritz T.,59,33,1134,1760,3,1,6,3,6,2,3,6,6,4,,,completed,2.75,1.44,3.0,1.45,3.05,1.48,2.86,1.43,2021_30_paris_french_open,2021_30_paris_french_open_2021-06-03_koepfer_d_fritz_t
tennis_data_uk,atp,2021,30,French Open,Paris,2021-06-03,grand_slam,outdoor,clay,R64,5,Musetti L.,Nishioka Y.,76,57,950,1142,3,0,7,5,6,3,6,2,,,,,completed,1.44,2.75,1.51,2.76,1.61,2.93,1.47,2.68,2021_30_paris_french_open,2021_30_paris_french_open_2021-06-03_musetti_l_nishioka_y
tennis_data_uk,atp,2021,30,French Open,Paris,2021-06-03,grand_slam,outdoor,clay,R64,5,Sinner J.,Mager G.,19,87,2500,879,3,1,6,1,7,5,3,6,6,3,,,completed,1.12,6.0,1.16,6.17,1.16,8.0,1.14,5.8,2021_30_paris_french_open,2021_30_paris_french_open_2021-06-03_sinner_j_mager_g
tennis_data_uk,atp,2021,30,French Open,Paris,2021-06-03,grand_slam,outdoor,clay,R64,5,Norrie C.,Harris L.,45,54,1430,1198,3,1,4,6,6,3,6,3,6,2,,,completed,1.4,3.0,1.43,3.06,1.5,3.17,1.43,2.84,2021_30_paris_french_open,2021_30_paris_french_open_2021-06-03_norrie_c_harris_l
tennis_data_uk,atp,2021,30,French Open,Paris,2021-06-03,grand_slam,outdoor,clay,R64,5,Berankis R.,Duckworth J.,93,101,839,794,3,1,7,5,2,6,7,6,6,0,,,completed,1.44,2.75,1.47,2.9,1.5,3.18,1.45,2.76,2021_30_paris_french_open,2021_30_paris_french_open_2021-06-03_berankis_r_duckworth_j
tennis_data_uk,atp,2021,30,French Open,Paris,2021-06-03,grand_slam,outdoor,clay,R64,5,Djokovic N.,Cuevas P.,1,92,11313,846,3,0,6,3,6,2,6,4,,,,,completed,1.02,19.0,1.01,26.31,1.03,34.0,1.01,18.38,2021_30_paris_french_open,2021_30_paris_french_open_2021-06-03_djokovic_n_cuevas_p
tennis_data_uk,atp,2021,30,French Open,Paris,2021-06-03,grand_slam,outdoor,clay,R64,5,Cecchinato M.,De Minaur A.,83,22,903,2350,3,1,6,4,6,1,3,6,6,1,,,completed,1.9,1.9,2.0,1.91,2.19,1.95,1.96,1.86,2021_30_paris_french_open,2021_30_paris_french_open_2021-06-03_cecchinato_m_de_minaur_a
tennis_data_uk,atp,2021,30,French Open,Paris,2021-06-03,grand_slam,outdoor,clay,R64,5,Federer R.,Cilic M.,8,47,5605,1388,3,1,6,2,2,6,7,6,6,2,,,completed,1.53,2.5,1.48,2.86,1.53,3.3,1.43,2.84,2021_30_paris_french_open,2021_30_paris_french_open_2021-06-03_federer_r_cilic_m
tennis_data_uk,atp,2021,30,French Open,Paris,2021-06-03,grand_slam,outdoor,clay,R64,5,Struff J.L.,Bagnis F.,42,104,1500,778,3,0,7,5,7,6,6,4,,,,,completed,1.5,2.62,1.53,2.7,1.55,2.92,1.47,2.72,2021_30_paris_french_open,2021_30_paris_french_open_2021-06-03_struff_j_l_bagnis_f
tennis_data_uk,atp,2021,30,French Open,Paris,2021-06-03,grand_slam,outdoor,clay,R64,5,Alcaraz C.,Basilashvili N.,97,31,815,1785,3,0,6,4,6,2,6,4,,,,,completed,1.72,2.1,1.65,2.4,1.75,2.4,1.68,2.21,2021_30_paris_french_open,2021_30_paris_french_open_2021-06-03_alcaraz_c_basilashvili_n
tennis_data_uk,atp,2021,30,French Open,Paris,2021-06-03,grand_slam,outdoor,clay,R64,5,Nadal R.,Gasquet R.,3,53,9630,1213,3,0,6,0,7,5,6,2,,,,,completed,1.01,26.0,1.01,31.79,1.02,34.0,1.01,21.15,2021_30_paris_french_open,2021_30_paris_french_open_2021-06-03_nadal_r_gasquet_r
tennis_data_uk,atp,2021,30,French Open,Paris,2021-06-04,grand_slam,outdoor,clay,R32,5,Davidovich Fokina A.,Ruud C.,46,16,1408,2690,3,2,7,6,2,6,7,6,0,6,7,5,completed,4.0,1.25,4.01,1.29,4.2,1.32,3.79,1.27,2021_30_paris_french_open,2021_30_paris_french_open_2021-06-04_davidovich_fokina_a_ruud_c
tennis_data_uk,atp,2021,30,French Open,Paris,2021-06-04,grand_slam,outdoor,clay,R32,5,Delbonis F.,Fognini F.,51,29,1225,1933,3,0,6,4,6,1,6,3,,,,,completed,2.5,1.53,2.4,1.65,2.56,1.65,2.43,1.57,2021_30_paris_french_open,2021_30_paris_french_open_2021-06-04_delbonis_f_fognini_f
tennis_data_uk,atp,2021,30,French Open,Paris,2021-06-04,grand_slam,outdoor,clay,R32,5,Nishikori K.,Laaksonen H.,49,150,1318,498,1,0,7,5,,,,,,,,,retired,1.36,3.2,1.34,3.58,1.39,3.7,1.32,3.39,2021_30_paris_french_open,2021_30_paris_french_open_2021-06-04_nishikori_k_laaksonen_h
tennis_data_uk,atp,2021,30,French Open,Paris,2021-06-04,grand_slam,outdoor,clay,R32,5,Zverev A.,Djere L.,6,55,6990,1168,3,0,6,2,7,5,6,2,,,,,completed,1.16,5.0,1.17,5.85,1.21,6.44,1.16,5.4,2021_30_paris_french_open,2021_30_paris_french_open_2021-06-04_zverev_a_djere_l
tennis_data_uk,atp,2021,30,French Open,Paris,2021-06-04,grand_slam,outdoor,clay,R32,5,Garin C.,Giron M.,23,84,2350,900,3,1,6,1,5,7,6,2,6,2,,,completed,1.3,3.5,1.29,4.02,1.32,4.2,1.28,3.74,2021_30_paris_french_open,2021_30_paris_french_open_2021-06-04_garin_c_giron_m
tennis_data_uk,atp,2021,30,French Open,Paris,2021-06-04,grand_slam,outdoor,clay,R32,5,Carreno Busta P.,Johnson S.,12,88,3085,878,3,0,6,4,6,4,6,2,,,,,completed,1.11,6.5,1.12,7.5,1.12,8.0,1.11,6.94,2021_30_paris_french_open,2021_30_paris_french_open_2021-06-04_carreno_busta_p_johnson_s
tennis_data_uk,atp,2021,30,French Open,Paris,2021-06-04,grand_slam,outdoor,clay,R32,5,Medvedev D.,Opelka R.,2,35,9793,1726,3,0,6,4,6,2,6,4,,,,,completed,1.3,3.5,1.29,4.06,1.33,4.2,1.27,3.86,2021_30_paris_french_open,2021_30_paris_french_open_2021-06-04_medvedev_d_opelka_r
tennis_data_uk,atp,2021,30,French Open,Paris,2021-06-04,grand_slam,outdoor,clay,R32,5,Tsitsipas S.,Isner J.,5,34,7500,1730,3,1,5,7,6,3,7,6,6,1,,,completed,1.14,5.5,1.13,7.18,1.16,7.18,1.13,6.13,2021_30_paris_french_open,2021_30_paris_french_open_2021-06-04_tsitsipas_s_isner_j
tennis_data_uk,atp,2021,30,French Open,Paris,2021-06-05,grand_slam,outdoor,clay,R32,5,Musetti L.,Cecchinato M.,76,83,950,903,3,2,3,6,6,4,6,3,3,6,6,3,completed,1.61,2.3,1.71,2.27,1.71,2.47,1.65,2.25,2021_30_paris_french_open,2021_30_paris_french_open_2021-06-05_musetti_l_cecchinato_m
tennis_data_uk,atp,2021,30,French Open,Paris,2021-06-05,grand_slam,outdoor,clay,R32,5,Schwartzman D.,Kohlschreiber P.,10,132,3465,572,3,0,6,4,6,2,6,1,,,,,completed,1.16,5.0,1.17,6.01,1.23,6.01,1.17,5.11,2021_30_paris_french_open,2021_30_paris_french_open_2021-06-05_schwartzman_d_kohlschreiber_p
tennis_data_uk,atp,2021,30,French Open,Paris,2021-06-05,grand_slam,outdoor,clay,R32,5,Struff J.L.,Alcaraz C.,42,97,1500,815,3,0,6,4,7,6,6,2,,,,,completed,2.5,1.53,2.48,1.61,2.6,1.64,2.42,1.57,2021_30_paris_french_open,2021_30_paris_french_open_2021-06-05_struff_j_l_alcaraz_c
tennis_data_uk,atp,2021,30,French Open,Paris,2021-06-05,grand_slam,outdoor,clay,R32,5,Sinner J.,Ymer M.,19,105,2500,776,3,0,6,1,7,5,6,3,,,,,completed,1.12,6.0,1.14,6.67,1.17,6.85,1.13,6.16,2021_30_paris_french_open,2021_30_paris_french_open_2021-06-05_sinner_j_ymer_m
tennis_data_uk,atp,2021,30,French Open,Paris,2021-06-05,grand_slam,outdoor,clay,R32,5,Djokovic N.,Berankis R.,1,93,11313,839,3,0,6,1,6,4,6,1,,,,,completed,29.0,,1.01,32.24,1.01,34.0,1.01,21.85,2021_30_paris_french_open,2021_30_paris_french_open_2021-06-05_djokovic_n_berankis_r
tennis_data_uk,atp,2021,30,French Open,Paris,2021-06-05,grand_slam,outdoor,clay,R32,5,Nadal R.,Norrie C.,3,45,9630,1430,3,0,6,3,6,3,6,3,,,,,completed,1.02,19.0,1.02,22.35,1.03,22.35,1.02,15.87,2021_30_paris_french_open,2021_30_paris_french_open_2021-06-05_nadal_r_norrie_c
tennis_data_uk,atp,2021,30,French Open,Paris,2021-06-05,grand_slam,outdoor,clay,R32,5,Berrettini M.,Kwon S.W.,9,91,3958,854,3,0,7,6,6,3,6,4,,,,,completed,1.07,9.0,1.07,10.78,1.09,11.0,1.07,9.06,2021_30_paris_french_open,2021_30_paris_french_open_2021-06-05_berrettini_m_kwon_s_w
tennis_data_uk,atp,2021,30,French Open,Paris,2021-06-05,grand_slam,outdoor,clay,R32,5,Federer R.,Koepfer D.,8,59,5605,1134,3,1,7,6,6,7,7,6,7,5,,,completed,1.3,3.5,1.32,3.71,1.36,4.0,1.31,3.52,2021_30_paris_french_open,2021_30_paris_french_open_2021-06-05_federer_r_koepfer_d
tennis_data_uk,atp,2021,30,French Open,Paris,2021-06-06,grand_slam,outdoor,clay,R16,5,Tsitsipas S.,Carreno Busta P.,5,12,7500,3085,3,0,6,3,6,2,7,5,,,,,completed,1.14,5.5,1.16,6.22,1.17,6.5,1.14,5.79,2021_30_paris_french_open,2021_30_paris_french_open_2021-06-06_tsitsipas_s_carreno_busta_p
tennis_data_uk,atp,2021,30,French Open,Paris,2021-06-06,grand_slam,outdoor,clay,R16,5,Medvedev D.,Garin C.,2,23,9793,2350,3,0,6,2,6,1,7,5,,,,,completed,1.36,3.2,1.36,3.44,1.4,3.44,1.36,3.18,2021_30_paris_french_open,2021_30_paris_french_open_2021-06-06_medvedev_d_garin_c
tennis_data_uk,atp,2021,30,French Open,Paris,2021-06-06,grand_slam,outdoor,clay,R16,5,Davidovich Fokina A.,Delbonis F.,46,51,1408,1225,3,1,6,4,6,4,4,6,6,4,,,completed,1.8,2.0,1.75,2.2,1.86,2.21,1.74,2.11,2021_30_paris_french_open,2021_30_paris_french_open_2021-06-06_davidovich_fokina_a_delbonis_f
tennis_data_uk,atp,2021,30,French Open,Paris,2021-06-06,grand_slam,outdoor,clay,R16,5,Zverev A.,Nishikori K.,6,49,6990,1318,3,0,6,4,6,1,6,1,,,,,completed,1.2,4.5,1.23,4.77,1.24,5.1,1.19,4.76,2021_30_paris_french_open,2021_30_paris_french_open_2021-06-06_zverev_a_nishikori_k
tennis_data_uk,atp,2021,30,French Open,Paris,2021-06-07,grand_slam,outdoor,clay,R16,5,Berrettini M.,Federer R.,9,8,3958,5605,,,,,,,,,,,,,walkover,,,,,,,,,2021_30_paris_french_open,2021_30_paris_french_open_2021-06-07_berrettini_m_federer_r
tennis_data_uk,atp,2021,30,French Open,Paris,2021-06-07,grand_slam,outdoor,clay,R16,5,Schwartzman D.,Struff J.L.,10,42,3465,1500,3,0,7,6,6,4,7,5,,,,,completed,1.44,2.75,1.46,2.93,1.52,2.97,1.45,2.77,2021_30_paris_french_open,2021_30_paris_french_open_2021-06-07_schwartzman_d_struff_j_l
tennis_data_uk,atp,2021,30,French Open,Paris,2021-06-07,grand_slam,outdoor,clay,R16,5,Djokovic N.,Musetti L.,1,76,11313,950,2,2,6,7,6,7,6,1,6,0,4,0,retired,1.05,11.0,1.04,17.0,1.05,19.0,1.03,13.59,2021_30_paris_french_open,2021_30_paris_french_open_2021-06-07_djokovic_n_musetti_l
tennis_data_uk,atp,2021,30,French Open,Paris,2021-06-07,grand_slam,outdoor,clay,R16,5,Nadal R.,Sinner J.,3,19,9630,2500,3,0,7,5,6,3,6,0,,,,,completed,1.1,7.0,1.09,9.52,1.11,10.25,1.08,8.19,2021_30_paris_french_open,2021_30_paris_french_open_2021-06-07_nadal_r_sinner_j
tennis_data_uk,atp,2021,30,French Open,Paris,2021-06-08,grand_slam,outdoor,clay,QF,5,Zverev A.,Davidovich Fokina A.,6,46,6990,1408,3,0,6,4,6,1,6,1,,,,,completed,1.12,6.0,1.14,6.9,1.16,7.25,1.12,6.37,2021_30_paris_french_open,2021_30_paris_french_open_2021-06-08_zverev_a_davidovich_fokina_a
tennis_data_uk,atp,2021,30,French Open,Paris,2021-06-08,grand_slam,outdoor,clay,QF,5,Tsitsipas S.,Medvedev D.,5,2,7500,9793,3,0,6,3,7,6,7,5,,,,,completed,1.44,2.75,1.4,3.22,1.54,3.22,1.41,2.94,2021_30_paris_french_open,2021_30_paris_french_open_2021-06-08_tsitsipas_s_medvedev_d
tennis_data_uk,atp,2021,30,French Open,Paris,2021-06-09,grand_slam,outdoor,clay,QF,5,Nadal R.,Schwartzman D.,3,10,9630,3465,3,1,6,3,4,6,6,4,6,0,,,completed,1.06,10.0,1.06,12.13,1.08,16.5,1.05,10.82,2021_30_paris_french_open,2021_30_paris_french_open_2021-06-09_nadal_r_schwartzman_d
tennis_data_uk,atp,2021,30,French Open,Paris,2021-06-09,grand_slam,outdoor,clay,QF,5,Djokovic N.,Berrettini M.,1,9,11313,3958,3,1,6,3,6,2,6,7,7,5,,,completed,1.16,5.0,1.17,5.87,1.2,6.0,1.17,5.2,2021_30_paris_french_open,2021_30_paris_french_open_2021-06-09_djokovic_n_berrettini_m
tennis_data_uk,atp,2021,30,French Open,Paris,2021-06-11,grand_slam,outdoor,clay,SF,5,Tsitsipas S.,Zverev A.,5,6,7500,6990,3,2,6,3,6,3,4,6,4,6,6,3,completed,1.44,2.75,1.45,3.0,1.49,3.06,1.43,2.88,2021_30_paris_french_open,2021_30_paris_french_open_2021-06-11_tsitsipas_s_zverev_a
tennis_data_uk,atp,2021,30,French Open,Paris,2021-06-11,grand_slam,outdoor,clay,SF,5,Djokovic N.,Nadal R.,1,3,11313,9630,3,1,3,6,6,3,7,6,6,2,,,completed,3.0,1.4,2.8,1.5,3.16,1.5,2.95,1.41,2021_30_paris_french_open,2021_30_paris_french_open_2021-06-11_djokovic_n_nadal_r
tennis_data_uk,atp,2021,30,French Open,Paris,2021-06-13,grand_slam,outdoor,clay,F,5,Djokovic N.,Tsitsipas S.,1,5,11313,7500,3,2,6,7,2,6,6,3,6,2,6,4,completed,1.4,3.0,1.45,2.97,1.45,3.5,1.38,3.11,2021_30_paris_french_open,2021_30_paris_french_open_2021-06-13_djokovic_n_tsitsipas_s
tennis_data_uk,atp,2021,31,Mercedes Cup,Stuttgart,2021-06-08,atp_250,outdoor,grass,R32,3,Basilashvili N.,Brown D.,31,303,1785,181,2,0,6,3,7,6,,,,,,,completed,1.72,2.1,1.72,2.23,1.83,2.3,1.7,2.13,2021_31_stuttgart_mercedes_cup,2021_31_stuttgart_mercedes_cup_2021-06-08_basilashvili_n_brown_d
tennis_data_uk,atp,2021,31,Mercedes Cup,Stuttgart,2021-06-08,atp_250,outdoor,grass,R32,3,Cilic M.,Molleker R.,47,262,1388,232,2,0,7,5,6,3,,,,,,,completed,1.07,9.0,1.11,7.67,1.11,9.5,1.08,8.0,2021_31_stuttgart_mercedes_cup,2021_31_stuttgart_mercedes_cup_2021-06-08_cilic_m_molleker_r
tennis_data_uk,atp,2021,31,Mercedes Cup,Stuttgart,2021-06-08,atp_250,outdoor,grass,R32,3,Humbert U.,Fucsovics M.,32,44,1780,1456,2,0,6,3,6,1,,,,,,,completed,1.72,2.1,1.78,2.15,1.78,2.26,1.7,2.14,2021_31_stuttgart_mercedes_cup,2021_31_stuttgart_mercedes_cup_2021-06-08_humbert_u_fucsovics_m
tennis_data_uk,atp,2021,31,Mercedes Cup,Stuttgart,2021-06-08,atp_250,outdoor,grass,R32,3,Harris L.,Simon G.,54,69,1198,995,2,0,6,4,7,5,,,,,,,completed,1.36,3.2,1.34,3.55,1.46,3.6,1.32,3.37,2021_31_stuttgart_mercedes_cup,2021_31_stuttgart_mercedes_cup_2021-06-08_harris_l_simon_g
tennis_data_uk,atp,2021,31,Mercedes Cup,Stuttgart,2021-06-09,atp_250,outdoor,grass,R32,3,Querrey S.,Celikbilek A.,67,239,1023,274,2,0,6,4,6,1,,,,,,,completed,1.25,4.0,1.29,3.94,1.37,4.2,1.26,3.79,2021_31_stuttgart_mercedes_cup,2021_31_stuttgart_mercedes_cup_2021-06-09_querrey_s_celikbilek_a
tennis_data_uk,atp,2021,31,Mercedes Cup,Stuttgart,2021-06-09,atp_250,outdoor,grass,R32,3,Thompson J.,Pella G.,64,61,1042,1114,2,0,6,3,6,4,,,,,,,completed,1.53,2.5,1.51,2.73,1.76,2.73,1.56,2.41,2021_31_stuttgart_mercedes_cup,2021_31_stuttgart_mercedes_cup_2021-06-09_thompson_j_pella_g
tennis_data_uk,atp,2021,31,Mercedes Cup,Stuttgart,2021-06-09,atp_250,outdoor,grass,R32,3,Hanfmann Y.,Chardy J.,96,60,822,1123,2,0,6,4,6,4,,,,,,,completed,2.75,1.44,3.06,1.42,3.22,1.46,2.83,1.42,2021_31_stuttgart_mercedes_cup,2021_31_stuttgart_mercedes_cup_2021-06-09_hanfmann_y_chardy_j
tennis_data_uk,atp,2021,31,Mercedes Cup,Stuttgart,2021-06-09,atp_250,outdoor,grass,R32,3,Stricker D.,Albot R.,335,89,142,870,2,0,7,6,7,6,,,,,,,completed,2.0,1.8,1.96,1.93,2.13,2.47,2.0,1.81,2021_31_stuttgart_mercedes_cup,2021_31_stuttgart_mercedes_cup_2021-06-09_stricker_d_albot_r
tennis_data_uk,atp,2021,31,Mercedes Cup,Stuttgart,2021-06-09,atp_250,outdoor,grass,R32,3,Gojowczyk P.,Ivashka I.,134,90,566,855,2,1,5,7,6,4,6,2,,,,,completed,,,,,1.39,3.03,1.39,3.03,2021_31_stuttgart_mercedes_cup,2021_31_stuttgart_mercedes_cup_2021-06-09_gojowczyk_p_ivashka_i
tennis_data_uk,atp,2021,31,Mercedes Cup,Stuttgart,2021-06-09,atp_250,outdoor,grass,R32,3,Duckworth J.,Mannarino A.,101,36,794,1651,2,0,6,3,6,2,,,,,,,completed,2.62,1.5,2.72,1.51,3.22,1.56,2.66,1.47,2021_31_stuttgart_mercedes_cup,2021_31_stuttgart_mercedes_cup_2021-06-09_duckworth_j_mannarino_a
tennis_data_uk,atp,2021,31,Mercedes Cup,Stuttgart,2021-06-09,atp_250,outdoor,grass,R32,3,Rodionov J.,Koepfer D.,142,59,530,1134,2,1,2,6,6,3,6,2,,,,,completed,4.5,1.2,4.63,1.23,4.85,1.24,4.45,1.2,2021_31_stuttgart_mercedes_cup,2021_31_stuttgart_mercedes_cup_2021-06-09_rodionov_j_koepfer_d
tennis_data_uk,atp,2021,31,Mercedes Cup,Stuttgart,2021-06-09,atp_250,outdoor,grass,R32,3,Lopez F.,Popyrin A.,62,63,1072,1052,2,0,6,4,6,4,,,,,,,completed,2.2,1.66,2.17,1.76,2.3,1.8,2.17,1.67,2021_31_stuttgart_mercedes_cup,2021_31_stuttgart_mercedes_cup_2021-06-09_lopez_f_popyrin_a
tennis_data_uk,atp,2021,31,Mercedes Cup,Stuttgart,2021-06-10,atp_250,outdoor,grass,R16,3,Querrey S.,Duckworth J.,67,101,1023,794,2,0,6,4,7,6,,,,,,,completed,1.5,2.62,1.52,2.73,1.56,2.79,1.48,2.62,2021_31_stuttgart_mercedes_cup,2021_31_stuttgart_mercedes_cup_2021-06-10_querrey_s_duckworth_j
tennis_data_uk,atp,2021,31,Mercedes Cup,Stuttgart,2021-06-10,atp_250,outdoor,grass,R16,3,Stricker D.,Hurkacz H.,335,20,142,2498,2,0,7,6,7,6,,,,,,,completed,2.75,1.44,3.0,1.45,3.0,1.53,2.71,1.45,2021_31_stuttgart_mercedes_cup,2021_31_stuttgart_mercedes_cup_2021-06-10_stricker_d_hurkacz_h
tennis_data_uk,atp,2021,31,Mercedes Cup,Stuttgart,2021-06-10,atp_250,outdoor,grass,R16,3,Cilic M.,Basilashvili N.,47,31,1388,1785,2,0,6,3,6,2,,,,,,,completed,1.36,3.2,1.37,3.4,1.4,3.64,1.35,3.19,2021_31_stuttgart_mercedes_cup,2021_31_stuttgart_mercedes_cup_2021-06-10_cilic_m_basilashvili_n
tennis_data_uk,atp,2021,31,Mercedes Cup,Stuttgart,2021-06-10,atp_250,outdoor,grass,R16,3,Humbert U.,Hanfmann Y.,32,96,1780,822,2,0,7,6,6,2,,,,,,,completed,1.36,3.2,1.36,3.44,1.39,3.5,1.33,3.24,2021_31_stuttgart_mercedes_cup,2021_31_stuttgart_mercedes_cup_2021-06-10_humbert_u_hanfmann_y
tennis_data_uk,atp,2021,31,Mercedes Cup,Stuttgart,2021-06-10,atp_250,outdoor,grass,R16,3,De Minaur A.,Thompson J.,22,64,2350,1042,2,1,6,7,6,3,6,4,,,,,completed,1.33,3.4,1.38,3.36,1.38,3.65,1.33,3.32,2021_31_stuttgart_mercedes_cup,2021_31_stuttgart_mercedes_cup_2021-06-10_de_minaur_a_thompson_j
tennis_data_uk,atp,2021,31,Mercedes Cup,Stuttgart,2021-06-10,atp_250,outdoor,grass,R16,3,Auger-Aliassime F.,Harris L.,21,54,2423,1198,2,0,6,3,7,6,,,,,,,completed,1.61,2.3,1.57,2.57,1.67,2.57,1.59,2.35,2021_31_stuttgart_mercedes_cup,2021_31_stuttgart_mercedes_cup_2021-06-10_auger_aliassime_f_harris_l
tennis_data_uk,atp,2021,31,Mercedes Cup,Stuttgart,2021-06-10,atp_250,outdoor,grass,R16,3,Rodionov J.,Gojowczyk P.,142,134,530,566,0,0,5,3,,,,,,,,,retired,3.4,1.33,3.18,1.41,3.6,1.41,3.21,1.34,2021_31_stuttgart_mercedes_cup,2021_31_stuttgart_mercedes_cup_2021-06-10_rodionov_j_gojowczyk_p
tennis_data_uk,atp,2021,31,Mercedes Cup,Stuttgart,2021-06-11,atp_250,outdoor,grass,R16,3,Shapovalov D.,Lopez F.,14,62,2780,1072,2,1,6,2,6,7,6,3,,,,,completed,1.72,2.1,1.68,2.33,1.75,2.47,1.66,2.2,2021_31_stuttgart_mercedes_cup,2021_31_stuttgart_mercedes_cup_2021-06-11_shapovalov_d_lopez_f
tennis_data_uk,atp,2021,31,Mercedes Cup,Stuttgart,2021-06-11,atp_250,outdoor,grass,QF,3,Querrey S.,Stricker D.,67,335,1023,142,2,1,6,7,7,6,6,3,,,,,completed,1.57,2.37,1.55,2.63,1.63,2.63,1.59,2.35,2021_31_stuttgart_mercedes_cup,2021_31_stuttgart_mercedes_cup_2021-06-11_querrey_s_stricker_d
tennis_data_uk,atp,2021,31,Mercedes Cup,Stuttgart,2021-06-11,atp_250,outdoor,grass,QF,3,Auger-Aliassime F.,Humbert U.,21,32,2423,1780,2,0,7,6,7,6,,,,,,,completed,1.8,2.0,1.78,2.16,2.01,2.2,1.78,2.02,2021_31_stuttgart_mercedes_cup,2021_31_stuttgart_mercedes_cup_2021-06-11_auger_aliassime_f_humbert_u
tennis_data_uk,atp,2021,31,Mercedes Cup,Stuttgart,2021-06-11,atp_250,outdoor,grass,QF,3,Cilic M.,Shapovalov D.,47,14,1388,2780,2,0,7,5,7,6,,,,,,,completed,2.37,1.57,2.61,1.55,2.61,1.67,2.43,1.55,2021_31_stuttgart_mercedes_cup,2021_31_stuttgart_mercedes_cup_2021-06-11_cilic_m_shapovalov_d
tennis_data_uk,atp,2021,31,Mercedes Cup,Stuttgart,2021-06-11,atp_250,outdoor,grass,QF,3,Rodionov J.,De Minaur A.,142,22,530,2350,2,1,3,6,6,3,7,6,,,,,completed,4.5,1.2,6.24,1.16,6.24,1.22,4.91,1.17,2021_31_stuttgart_mercedes_cup,2021_31_stuttgart_mercedes_cup_2021-06-11_rodionov_j_de_minaur_a
tennis_data_uk,atp,2021,31,Mercedes Cup,Stuttgart,2021-06-12,atp_250,outdoor,grass,SF,3,Auger-Aliassime F.,Querrey S.,21,67,2423,1023,2,0,6,4,7,5,,,,,,,completed,1.5,2.62,1.47,2.91,1.51,2.95,1.46,2.7,2021_31_stuttgart_mercedes_cup,2021_31_stuttgart_mercedes_cup_2021-06-12_auger_aliassime_f_querrey_s
tennis_data_uk,atp,2021,31,Mercedes Cup,Stuttgart,2021-06-12,atp_250,outdoor,grass,SF,3,Cilic M.,Rodionov J.,47,142,1388,530,1,0,6,3,1,0,,,,,,,retired,1.22,4.33,1.2,5.22,1.22,5.89,1.18,4.79,2021_31_stuttgart_mercedes_cup,2021_31_stuttgart_mercedes_cup_2021-06-12_cilic_m_rodionov_j
tennis_data_uk,atp,2021,31,Mercedes Cup,Stuttgart,2021-06-13,atp_250,outdoor,grass,F,3,Cilic M.,Auger-Aliassime F.,47,21,1388,2423,2,0,7,6,6,3,,,,,,,completed,1.8,2.0,1.81,2.11,1.83,2.32,1.77,2.05,2021_31_stuttgart_mercedes_cup,2021_31_stuttgart_mercedes_cup_2021-06-13_cilic_m_auger_aliassime_f
tennis_data_uk,atp,2021,32,Halle Open,Halle,2021-06-14,atp_500,outdoor,grass,R32,3,Moutet C.,Goffin D.,94,13,838,2830,1,1,1,6,7,5,,,,,,,retired,3.2,1.36,3.11,1.41,3.55,1.47,3.04,1.37,2021_32_halle_halle_open,2021_32_halle_halle_open_2021-06-14_moutet_c_goffin_d
tennis_data_uk,atp,2021,32,Halle Open,Halle,2021-06-14,atp_500,outdoor,grass,R32,3,Thompson J.,Altmaier D.,81,166,897,429,2,0,6,2,7,6,,,,,,,completed,1.36,3.2,1.37,3.35,1.38,3.64,1.34,3.22,2021_32_halle_halle_open,2021_32_halle_halle_open_2021-06-14_thompson_j_altmaier_d
tennis_data_uk,atp,2021,32,Halle Open,Halle,2021-06-14,atp_500,outdoor,grass,R32,3,Giron M.,Pospisil V.,75,66,945,1033,2,0,7,6,7,6,,,,,,,completed,2.0,1.8,2.08,1.82,2.15,1.92,2.01,1.79,2021_32_halle_halle_open,2021_32_halle_halle_open_2021-06-14_giron_m_pospisil_v
tennis_data_uk,atp,2021,32,Halle Open,Halle,2021-06-14,atp_500,outdoor,grass,R32,3,Federer R.,Ivashka I.,8,90,5065,855,2,0,7,6,7,5,,,,,,,completed,1.14,5.5,1.17,5.7,1.18,6.55,1.14,5.69,2021_32_halle_halle_open,2021_32_halle_halle_open_2021-06-14_federer_r_ivashka_i
tennis_data_uk,atp,2021,32,Halle Open,Halle,2021-06-14,atp_500,outdoor,grass,R32,3,Korda S.,Bautista Agut R.,52,10,1187,3170,2,0,6,3,7,6,,,,,,,completed,2.75,1.44,2.82,1.48,3.05,1.54,2.78,1.43,2021_32_halle_halle_open,2021_32_halle_halle_open_2021-06-14_korda_s_bautista_agut_r
tennis_data_uk,atp,2021,32,Halle Open,Halle,2021-06-15,atp_500,outdoor,grass,R32,3,Harris L.,Monfils G.,51,16,1198,2568,2,0,6,4,6,4,,,,,,,completed,1.66,2.2,1.58,2.51,1.78,2.55,1.6,2.33,2021_32_halle_halle_open,2021_32_halle_halle_open_2021-06-15_harris_l_monfils_g
tennis_data_uk,atp,2021,32,Halle Open,Halle,2021-06-15,atp_500,outdoor,grass,R32,3,Nishikori K.,Berankis R.,57,84,1138,884,2,1,6,3,2,6,6,2,,,,,completed,1.36,3.2,1.41,3.1,1.41,3.4,1.37,3.08,2021_32_halle_halle_open,2021_32_halle_halle_open_2021-06-15_nishikori_k_berankis_r
tennis_data_uk,atp,2021,32,Halle Open,Halle,2021-06-15,atp_500,outdoor,grass,R32,3,Lacko L.,Pella G.,214,62,319,1114,2,1,6,7,7,5,6,1,,,,,completed,1.9,1.9,1.89,1.99,2.05,2.0,1.89,1.9,2021_32_halle_halle_open,2021_32_halle_halle_open_2021-06-15_lacko_l_pella_g
tennis_data_uk,atp,2021,32,Halle Open,Halle,2021-06-15,atp_500,outdoor,grass,R32,3,Struff J.L.,Medvedev D.,45,2,1455,10143,2,0,7,6,6,3,,,,,,,completed,3.75,1.28,4.59,1.23,4.62,1.28,3.96,1.24,2021_32_halle_halle_open,2021_32_halle_halle_open_2021-06-15_struff_j_l_medvedev_d
tennis_data_uk,atp,2021,32,Halle Open,Halle,2021-06-15,atp_500,outdoor,grass,R32,3,Kohlschreiber P.,Rodionov J.,128,135,617,579,2,0,6,4,6,3,,,,,,,completed,1.4,3.0,1.49,2.8,1.52,3.17,1.41,2.87,2021_32_halle_halle_open,2021_32_halle_halle_open_2021-06-15_kohlschreiber_p_rodionov_j
tennis_data_uk,atp,2021,32,Halle Open,Halle,2021-06-15,atp_500,outdoor,grass,R32,3,Basilashvili N.,Simon G.,30,71,1820,973,2,1,6,1,3,6,6,4,,,,,completed,1.53,2.5,1.65,2.35,1.65,2.81,1.58,2.37,2021_32_halle_halle_open,2021_32_halle_halle_open_2021-06-15_basilashvili_n_simon_g
tennis_data_uk,atp,2021,32,Halle Open,Halle,2021-06-15,atp_500,outdoor,grass,R32,3,Rublev A.,Khachanov K.,7,27,5910,2010,2,0,6,3,7,6,,,,,,,completed,1.53,2.5,1.55,2.62,1.57,2.66,1.53,2.5,2021_32_halle_halle_open,2021_32_halle_halle_open_2021-06-15_rublev_a_khachanov_k
tennis_data_uk,atp,2021,32,Halle Open,Halle,2021-06-15,atp_500,outdoor,grass,R32,3,Auger-Aliassime F.,Hurkacz H.,21,17,2423,2533,2,0,6,3,7,5,,,,,,,completed,1.57,2.37,1.63,2.41,1.67,2.75,1.55,2.45,2021_32_halle_halle_open,2021_32_halle_halle_open_2021-06-15_auger_aliassime_f_hurkacz_h
tennis_data_uk,atp,2021,32,Halle Open,Halle,2021-06-15,atp_500,outdoor,grass,R32,3,Zverev A.,Koepfer D.,6,53,7350,1170,2,1,6,4,3,6,6,3,,,,,completed,1.2,4.5,1.21,4.93,1.23,4.98,1.21,4.33,2021_32_halle_halle_open,2021_32_halle_halle_open_2021-06-15_zverev_a_koepfer_d
tennis_data_uk,atp,2021,32,Halle Open,Halle,2021-06-15,atp_500,outdoor,grass,R32,3,Humbert U.,Querrey S.,31,63,1815,1113,2,1,4,6,7,6,7,6,,,,,completed,1.57,2.37,1.68,2.32,1.68,2.57,1.57,2.36,2021_32_halle_halle_open,2021_32_halle_halle_open_2021-06-15_humbert_u_querrey_s
tennis_data_uk,atp,2021,32,Halle Open,Halle,2021-06-15,atp_500,outdoor,grass,R32,3,Rinderknech A.,Hanfmann Y.,119,99,677,793,2,0,7,5,6,3,,,,,,,completed,1.8,2.0,1.76,2.17,1.83,2.19,1.77,2.05,2021_32_halle_halle_open,2021_32_halle_halle_open_2021-06-15_rinderknech_a_hanfmann_y
tennis_data_uk,atp,2021,32,Halle Open,Halle,2021-06-16,atp_500,outdoor,grass,R16,3,Kohlschreiber P.,Moutet C.,128,94,617,838,2,0,6,4,7,6,,,,,,,completed,1.5,2.62,1.5,2.8,1.58,2.86,1.47,2.66,2021_32_halle_halle_open,2021_32_halle_halle_open_2021-06-16_kohlschreiber_p_moutet_c
tennis_data_uk,atp,2021,32,Halle Open,Halle,2021-06-16,atp_500,outdoor,grass,R16,3,Rublev A.,Thompson J.,7,81,5910,897,2,0,6,4,6,4,,,,,,,completed,1.22,4.33,1.25,4.46,1.27,4.84,1.22,4.25,2021_32_halle_halle_open,2021_32_halle_halle_open_2021-06-16_rublev_a_thompson_j
tennis_data_uk,atp,2021,32,Halle Open,Halle,2021-06-16,atp_500,outdoor,grass,R16,3,Auger-Aliassime F.,Federer R.,21,8,2423,5065,2,1,4,6,6,3,6,2,,,,,completed,2.62,1.5,2.96,1.46,2.96,1.71,2.65,1.47,2021_32_halle_halle_open,2021_32_halle_halle_open_2021-06-16_auger_aliassime_f_federer_r
tennis_data_uk,atp,2021,32,Halle Open,Halle,2021-06-16,atp_500,outdoor,grass,R16,3,Giron M.,Struff J.L.,75,45,945,1455,2,1,6,7,6,3,6,4,,,,,completed,3.2,1.36,3.22,1.4,3.46,1.4,3.12,1.35,2021_32_halle_halle_open,2021_32_halle_halle_open_2021-06-16_giron_m_struff_j_l
tennis_data_uk,atp,2021,32,Halle Open,Halle,2021-06-17,atp_500,outdoor,grass,R16,3,Korda S.,Nishikori K.,52,57,1187,1138,2,1,2,6,6,3,7,5,,,,,completed,1.72,2.1,1.81,2.12,1.83,2.25,1.74,2.09,2021_32_halle_halle_open,2021_32_halle_halle_open_2021-06-17_korda_s_nishikori_k
tennis_data_uk,atp,2021,32,Halle Open,Halle,2021-06-17,atp_500,outdoor,grass,R16,3,Harris L.,Lacko L.,51,214,1198,319,2,0,6,3,7,6,,,,,,,completed,1.28,3.75,1.24,4.6,1.32,4.6,1.26,3.84,2021_32_halle_halle_open,2021_32_halle_halle_open_2021-06-17_harris_l_lacko_l
tennis_data_uk,atp,2021,32,Halle Open,Halle,2021-06-17,atp_500,outdoor,grass,R16,3,Humbert U.,Zverev A.,31,6,1815,7350,2,1,7,6,3,6,6,3,,,,,completed,3.0,1.4,3.06,1.43,3.1,1.5,2.89,1.41,2021_32_halle_halle_open,2021_32_halle_halle_open_2021-06-17_humbert_u_zverev_a
tennis_data_uk,atp,2021,32,Halle Open,Halle,2021-06-17,atp_500,outdoor,grass,R16,3,Basilashvili N.,Rinderknech A.,30,119,1820,677,2,0,6,2,7,5,,,,,,,completed,2.1,1.72,2.23,1.74,2.25,1.8,2.13,1.7,2021_32_halle_halle_open,2021_32_halle_halle_open_2021-06-17_basilashvili_n_rinderknech_a
tennis_data_uk,atp,2021,32,Halle Open,Halle,2021-06-18,atp_500,outdoor,grass,QF,3,Rublev A.,Kohlschreiber P.,7,128,5910,617,2,0,7,6,6,2,,,,,,,completed,1.28,3.75,1.29,3.98,1.3,4.12,1.27,3.67,2021_32_halle_halle_open,2021_32_halle_halle_open_2021-06-18_rublev_a_kohlschreiber_p
tennis_data_uk,atp,2021,32,Halle Open,Halle,2021-06-18,atp_500,outdoor,grass,QF,3,Basilashvili N.,Harris L.,30,51,1820,1198,2,0,6,4,7,6,,,,,,,completed,2.3,1.61,2.31,1.69,2.4,1.69,2.27,1.63,2021_32_halle_halle_open,2021_32_halle_halle_open_2021-06-18_basilashvili_n_harris_l
tennis_data_uk,atp,2021,32,Halle Open,Halle,2021-06-18,atp_500,outdoor,grass,QF,3,Auger-Aliassime F.,Giron M.,21,75,2423,945,2,0,6,3,6,2,,,,,,,completed,1.28,3.75,1.29,4.06,1.34,4.2,1.26,3.82,2021_32_halle_halle_open,2021_32_halle_halle_open_2021-06-18_auger_aliassime_f_giron_m
tennis_data_uk,atp,2021,32,Halle Open,Halle,2021-06-18,atp_500,outdoor,grass,QF,3,Humbert U.,Korda S.,31,52,1815,1187,2,1,6,2,6,7,6,4,,,,,completed,1.66,2.2,1.76,2.19,1.77,2.38,1.67,2.19,2021_32_halle_halle_open,2021_32_halle_halle_open_2021-06-18_humbert_u_korda_s
tennis_data_uk,atp,2021,32,Halle Open,Halle,2021-06-19,atp_500,outdoor,grass,SF,3,Rublev A.,Basilashvili N.,7,30,5910,1820,2,1,6,1,3,6,6,3,,,,,completed,1.22,4.33,1.25,4.46,1.29,4.46,1.24,4.01,2021_32_halle_halle_open,2021_32_halle_halle_open_2021-06-19_rublev_a_basilashvili_n
tennis_data_uk,atp,2021,32,Halle Open,Halle,2021-06-19,atp_500,outdoor,grass,SF,3,Humbert U.,Auger-Aliassime F.,31,21,1815,2423,2,1,6,4,3,6,7,6,,,,,completed,2.3,1.61,2.41,1.64,2.57,1.68,2.32,1.61,2021_32_halle_halle_open,2021_32_halle_halle_open_2021-06-19_humbert_u_auger_aliassime_f
tennis_data_uk,atp,2021,32,Halle Open,Halle,2021-06-20,atp_500,outdoor,grass,F,3,Humbert U.,Rublev A.,31,7,1815,5910,2,0,6,3,7,6,,,,,,,completed,3.0,1.4,3.09,1.43,3.15,1.51,2.92,1.4,2021_32_halle_halle_open,2021_32_halle_halle_open_2021-06-20_humbert_u_rublev_a
tennis_data_uk,atp,2021,33,Queen's Club Championships,Queens Club,2021-06-14,atp_500,outdoor,grass,R32,3,Draper J.,Sinner J.,309,23,168,2320,2,0,7,6,7,6,,,,,,,completed,6.0,1.12,7.8,1.11,8.26,1.16,6.88,1.1,2021_33_queens_club_queen_s_club_championships,2021_33_queens_club_queen_s_club_championships_2021-06-14_draper_j_sinner_j
tennis_data_uk,atp,2021,33,Queen's Club Championships,Queens Club,2021-06-14,atp_500,outdoor,grass,R32,3,Millman J.,Opelka R.,43,32,1496,1806,2,1,7,6,5,7,7,6,,,,,completed,3.2,1.36,3.05,1.43,3.45,1.43,3.11,1.36,2021_33_queens_club_queen_s_club_championships,2021_33_queens_club_queen_s_club_championships_2021-06-14_millman_j_opelka_r
tennis_data_uk,atp,2021,33,Queen's Club Championships,Queens Club,2021-06-14,atp_500,outdoor,grass,R32,3,Norrie C.,Ramos-Vinolas A.,41,38,1510,1595,2,1,4,6,6,3,6,4,,,,,completed,1.3,3.5,1.36,3.41,1.38,4.04,1.31,3.41,2021_33_queens_club_queen_s_club_championships,2021_33_queens_club_queen_s_club_championships_2021-06-14_norrie_c_ramos_vinolas_a
tennis_data_uk,atp,2021,33,Queen's Club Championships,Queens Club,2021-06-14,atp_500,outdoor,grass,R32,3,Mannarino A.,Broady L.,42,146,1501,499,2,0,6,4,6,4,,,,,,,completed,1.57,2.37,1.67,2.33,1.72,2.6,1.59,2.33,2021_33_queens_club_queen_s_club_championships,2021_33_queens_club_queen_s_club_championships_2021-06-14_mannarino_a_broady_l
tennis_data_uk,atp,2021,33,Queen's Club Championships,Queens Club,2021-06-14,atp_500,outdoor,grass,R32,3,Lopez F.,Marchenko I.,64,155,1080,457,2,0,6,1,7,6,,,,,,,completed,1.4,3.0,1.38,3.26,1.44,3.4,1.37,3.07,2021_33_queens_club_queen_s_club_championships,2021_33_queens_club_queen_s_club_championships_2021-06-14_lopez_f_marchenko_i
tennis_data_uk,atp,2021,33,Queen's Club Championships,Queens Club,2021-06-14,atp_500,outdoor,grass,R32,3,Troicki V.,Sonego L.,230,26,294,2042,2,0,6,4,6,4,,,,,,,completed,2.37,1.57,2.41,1.63,2.7,1.63,2.41,1.57,2021_33_queens_club_queen_s_club_championships,2021_33_queens_club_queen_s_club_championships_2021-06-14_troicki_v_sonego_l
tennis_data_uk,atp,2021,33,Queen's Club Championships,Queens Club,2021-06-14,atp_500,outdoor,grass,R32,3,Karatsev A.,Tabilo A.,24,171,2274,418,2,1,3,6,6,4,6,2,,,,,completed,1.2,4.5,1.23,4.69,1.25,5.25,1.2,4.44,2021_33_queens_club_queen_s_club_championships,2021_33_queens_club_queen_s_club_championships_2021-06-14_karatsev_a_tabilo_a
tennis_data_uk,atp,2021,33,Queen's Club Championships,Queens Club,2021-06-15,atp_500,outdoor,grass,R32,3,Berrettini M.,Travaglia S.,9,88,4103,870,2,0,7,6,7,6,,,,,,,completed,1.2,4.5,1.2,5.11,1.22,5.45,1.2,4.5,2021_33_queens_club_queen_s_club_championships,2021_33_queens_club_queen_s_club_championships_2021-06-15_berrettini_m_travaglia_s
tennis_data_uk,atp,2021,33,Queen's Club Championships,Queens Club,2021-06-15,atp_500,outdoor,grass,R32,3,Bublik A.,Chardy J.,39,59,1591,1133,2,1,6,4,3,6,6,3,,,,,completed,2.1,1.72,2.15,1.77,2.2,1.89,2.09,1.73,2021_33_queens_club_queen_s_club_championships,2021_33_queens_club_queen_s_club_championships_2021-06-15_bublik_a_chardy_j
tennis_data_uk,atp,2021,33,Queen's Club Championships,Queens Club,2021-06-15,atp_500,outdoor,grass,R32,3,De Minaur A.,Djere L.,22,55,2350,1168,2,1,3,6,6,3,6,4,,,,,completed,1.1,7.0,1.1,8.27,1.12,9.17,1.09,7.19,2021_33_queens_club_queen_s_club_championships,2021_33_queens_club_queen_s_club_championships_2021-06-15_de_minaur_a_djere_l
tennis_data_uk,atp,2021,33,Queen's Club Championships,Queens Club,2021-06-15,atp_500,outdoor,grass,R32,3,Evans D.,Popyrin A.,25,67,2106,1019,2,0,6,4,6,4,,,,,,,completed,1.5,2.62,1.56,2.59,1.62,2.64,1.53,2.49,2021_33_queens_club_queen_s_club_championships,2021_33_queens_club_queen_s_club_championships_2021-06-15_evans_d_popyrin_a
tennis_data_uk,atp,2021,33,Queen's Club Championships,Queens Club,2021-06-15,atp_500,outdoor,grass,R32,3,Tiafoe F.,Bedene A.,65,60,1078,1121,2,1,4,6,6,3,6,4,,,,,completed,1.53,2.5,1.62,2.43,1.67,2.63,1.56,2.41,2021_33_queens_club_queen_s_club_championships,2021_33_queens_club_queen_s_club_championships_2021-06-15_tiafoe_f_bedene_a
tennis_data_uk,atp,2021,33,Queen's Club Championships,Queens Club,2021-06-15,atp_500,outdoor,grass,R32,3,Murray A.,Paire B.,124,46,640,1387,2,0,6,3,6,2,,,,,,,completed,1.53,2.5,1.54,2.63,1.66,2.7,1.52,2.5,2021_33_queens_club_queen_s_club_championships,2021_33_queens_club_queen_s_club_championships_2021-06-15_murray_a_paire_b
tennis_data_uk,atp,2021,33,Queen's Club Championships,Queens Club,2021-06-15,atp_500,outdoor,grass,R32,3,Fognini F.,Lu Y.,29,624,1843,45,2,0,6,4,7,6,,,,,,,completed,1.3,3.5,1.33,3.62,1.34,3.7,1.31,3.41,2021_33_queens_club_queen_s_club_championships,2021_33_queens_club_queen_s_club_championships_2021-06-15_fognini_f_lu_y
tennis_data_uk,atp,2021,33,Queen's Club Championships,Queens Club,2021-06-15,atp_500,outdoor,grass,R32,3,Shapovalov D.,Vukic A.,14,207,2780,327,2,0,7,6,7,6,,,,,,,completed,1.14,5.5,1.15,6.16,1.18,6.16,1.15,5.24,2021_33_queens_club_queen_s_club_championships,2021_33_queens_club_queen_s_club_championships_2021-06-15_shapovalov_d_vukic_a
tennis_data_uk,atp,2021,33,Queen's Club Championships,Queens Club,2021-06-15,atp_500,outdoor,grass,R32,3,Cilic M.,Ofner S.,37,174,1615,409,2,1,6,2,6,7,7,6,,,,,completed,1.12,6.0,1.13,7.06,1.14,7.5,1.11,6.3,2021_33_queens_club_queen_s_club_championships,2021_33_queens_club_queen_s_club_championships_2021-06-15_cilic_m_ofner_s
tennis_data_uk,atp,2021,33,Queen's Club Championships,Queens Club,2021-06-16,atp_500,outdoor,grass,R16,3,De Minaur A.,Millman J.,22,43,2350,1496,2,0,6,1,6,3,,,,,,,completed,1.33,3.4,1.35,3.53,1.38,3.7,1.32,3.34,2021_33_queens_club_queen_s_club_championships,2021_33_queens_club_queen_s_club_championships_2021-06-16_de_minaur_a_millman_j
tennis_data_uk,atp,2021,33,Queen's Club Championships,Queens Club,2021-06-16,atp_500,outdoor,grass,R16,3,Norrie C.,Karatsev A.,41,24,1510,2274,2,0,7,5,6,2,,,,,,,completed,2.0,1.8,2.15,1.79,2.2,1.81,2.07,1.74,2021_33_queens_club_queen_s_club_championships,2021_33_queens_club_queen_s_club_championships_2021-06-16_norrie_c_karatsev_a
tennis_data_uk,atp,2021,33,Queen's Club Championships,Queens Club,2021-06-16,atp_500,outdoor,grass,R16,3,Draper J.,Bublik A.,309,39,168,1591,2,0,7,6,7,6,,,,,,,completed,2.62,1.5,2.67,1.54,2.91,1.55,2.58,1.5,2021_33_queens_club_queen_s_club_championships,2021_33_queens_club_queen_s_club_championships_2021-06-16_draper_j_bublik_a
tennis_data_uk,atp,2021,33,Queen's Club Championships,Queens Club,2021-06-16,atp_500,outdoor,grass,R16,3,Cilic M.,Fognini F.,37,29,1615,1843,2,0,6,3,7,6,,,,,,,completed,1.25,4.0,1.3,3.9,1.3,4.51,1.25,3.83,2021_33_queens_club_queen_s_club_championships,2021_33_queens_club_queen_s_club_championships_2021-06-16_cilic_m_fognini_f
tennis_data_uk,atp,2021,33,Queen's Club Championships,Queens Club,2021-06-17,atp_500,outdoor,grass,R16,3,Evans D.,Mannarino A.,25,42,2106,1501,2,0,6,4,7,6,,,,,,,completed,1.53,2.5,1.62,2.46,1.62,2.6,1.55,2.42,2021_33_queens_club_queen_s_club_championships,2021_33_queens_club_queen_s_club_championships_2021-06-17_evans_d_mannarino_a
tennis_data_uk,atp,2021,33,Queen's Club Championships,Queens Club,2021-06-17,atp_500,outdoor,grass,R16,3,Berrettini M.,Murray A.,9,124,4103,640,2,0,6,3,6,3,,,,,,,completed,1.33,3.4,1.38,3.35,1.38,3.53,1.33,3.23,2021_33_queens_club_queen_s_club_championships,2021_33_queens_club_queen_s_club_championships_2021-06-17_berrettini_m_murray_a
tennis_data_uk,atp,2021,33,Queen's Club Championships,Queens Club,2021-06-17,atp_500,outdoor,grass,R16,3,Shapovalov D.,Lopez F.,14,64,2780,1080,2,0,6,2,6,3,,,,,,,completed,1.44,2.75,1.43,3.05,1.85,3.05,1.46,2.69,2021_33_queens_club_queen_s_club_championships,2021_33_queens_club_queen_s_club_championships_2021-06-17_shapovalov_d_lopez_f
tennis_data_uk,atp,2021,33,Queen's Club Championships,Queens Club,2021-06-17,atp_500,outdoor,grass,R16,3,Tiafoe F.,Troicki V.,65,230,1078,294,2,0,6,3,7,6,,,,,,,completed,1.44,2.75,1.45,2.98,1.5,3.0,1.44,2.74,2021_33_queens_club_queen_s_club_championships,2021_33_queens_club_queen_s_club_championships_2021-06-17_tiafoe_f_troicki_v
tennis_data_uk,atp,2021,33,Queen's Club Championships,Queens Club,2021-06-18,atp_500,outdoor,grass,QF,3,Berrettini M.,Evans D.,9,25,4103,2106,2,0,7,6,6,3,,,,,,,completed,1.4,3.0,1.46,2.95,1.48,3.12,1.4,2.89,2021_33_queens_club_queen_s_club_championships,2021_33_queens_club_queen_s_club_championships_2021-06-18_berrettini_m_evans_d
tennis_data_uk,atp,2021,33,Queen's Club Championships,Queens Club,2021-06-18,atp_500,outdoor,grass,QF,3,De Minaur A.,Cilic M.,22,37,2350,1615,2,1,3,6,6,3,6,4,,,,,completed,2.0,1.8,2.03,1.88,2.1,1.95,1.96,1.84,2021_33_queens_club_queen_s_club_championships,2021_33_queens_club_queen_s_club_championships_2021-06-18_de_minaur_a_cilic_m
tennis_data_uk,atp,2021,33,Queen's Club Championships,Queens Club,2021-06-18,atp_500,outdoor,grass,QF,3,Norrie C.,Draper J.,41,309,1510,168,2,0,6,3,6,3,,,,,,,completed,1.44,2.75,1.52,2.73,1.53,3.02,1.45,2.71,2021_33_queens_club_queen_s_club_championships,2021_33_queens_club_queen_s_club_championships_2021-06-18_norrie_c_draper_j
tennis_data_uk,atp,2021,33,Queen's Club Championships,Queens Club,2021-06-19,atp_500,outdoor,grass,QF,3,Shapovalov D.,Tiafoe F.,14,65,2780,1078,2,0,6,3,6,4,,,,,,,completed,1.4,3.0,1.38,3.34,1.44,3.45,1.38,3.0,2021_33_queens_club_queen_s_club_championships,2021_33_queens_club_queen_s_club_championships_2021-06-19_shapovalov_d_tiafoe_f
tennis_data_uk,atp,2021,33,Queen's Club Championships,Queens Club,2021-06-19,atp_500,outdoor,grass,SF,3,Berrettini M.,De Minaur A.,9,22,4103,2350,2,0,6,4,6,4,,,,,,,completed,1.4,3.0,1.42,3.11,1.44,3.32,1.37,3.03,2021_33_queens_club_queen_s_club_championships,2021_33_queens_club_queen_s_club_championships_2021-06-19_berrettini_m_de_minaur_a
tennis_data_uk,atp,2021,33,Queen's Club Championships,Queens Club,2021-06-19,atp_500,outdoor,grass,SF,3,Norrie C.,Shapovalov D.,41,14,1510,2780,2,0,7,5,6,3,,,,,,,completed,2.62,1.5,2.77,1.5,2.8,1.53,2.64,1.47,2021_33_queens_club_queen_s_club_championships,2021_33_queens_club_queen_s_club_championships_2021-06-19_norrie_c_shapovalov_d
tennis_data_uk,atp,2021,33,Queen's Club Championships,Queens Club,2021-06-20,atp_500,outdoor,grass,F,3,Berrettini M.,Norrie C.,9,41,4103,1510,2,1,6,4,6,7,6,3,,,,,completed,1.28,3.75,1.3,3.89,1.34,4.0,1.28,3.65,2021_33_queens_club_queen_s_club_championships,2021_33_queens_club_queen_s_club_championships_2021-06-20_berrettini_m_norrie_c
tennis_data_uk,atp,2021,34,Viking International,Eastbourne,2021-06-22,atp_250,outdoor,grass,R32,3,Gerasimov E.,Tsonga J.W.,72,83,937,880,2,0,6,3,6,4,,,,,,,completed,2.37,1.57,2.33,1.67,2.4,1.71,2.27,1.62,2021_34_eastbourne_viking_international,2021_34_eastbourne_viking_international_2021-06-22_gerasimov_e_tsonga_j_w
tennis_data_uk,atp,2021,34,Viking International,Eastbourne,2021-06-22,atp_250,outdoor,grass,R32,3,Popyrin A.,Gombos N.,67,94,1019,822,2,1,4,6,6,4,6,1,,,,,completed,1.36,3.2,1.32,3.64,1.4,3.85,1.34,3.19,2021_34_eastbourne_viking_international,2021_34_eastbourne_viking_international_2021-06-22_popyrin_a_gombos_n
tennis_data_uk,atp,2021,34,Viking International,Eastbourne,2021-06-22,atp_250,outdoor,grass,R32,3,Ivashka I.,Gray A.,87,1133,863,7,2,0,6,2,7,6,,,,,,,completed,1.11,6.5,1.09,9.23,1.11,12.0,1.07,8.4,2021_34_eastbourne_viking_international,2021_34_eastbourne_viking_international_2021-06-22_ivashka_i_gray_a
tennis_data_uk,atp,2021,34,Viking International,Eastbourne,2021-06-22,atp_250,outdoor,grass,R32,3,Millman J.,Clarke J.,43,230,1521,301,2,0,6,3,6,2,,,,,,,completed,1.28,3.75,1.29,3.95,1.3,3.95,1.27,3.65,2021_34_eastbourne_viking_international,2021_34_eastbourne_viking_international_2021-06-22_millman_j_clarke_j
tennis_data_uk,atp,2021,34,Viking International,Eastbourne,2021-06-22,atp_250,outdoor,grass,R32,3,Bublik A.,Kukushkin M.,39,106,1616,740,2,0,6,1,6,4,,,,,,,completed,1.44,2.75,1.5,2.77,1.5,3.0,1.44,2.75,2021_34_eastbourne_viking_international,2021_34_eastbourne_viking_international_2021-06-22_bublik_a_kukushkin_m
tennis_data_uk,atp,2021,34,Viking International,Eastbourne,2021-06-22,atp_250,outdoor,grass,R32,3,Purcell M.,Duckworth J.,283,88,197,851,2,1,6,2,3,6,7,6,,,,,completed,3.0,1.4,3.08,1.42,3.4,1.42,3.14,1.35,2021_34_eastbourne_viking_international,2021_34_eastbourne_viking_international_2021-06-22_purcell_m_duckworth_j
tennis_data_uk,atp,2021,34,Viking International,Eastbourne,2021-06-22,atp_250,outdoor,grass,R32,3,Ruusuvuori E.,Ramos-Vinolas A.,79,40,911,1595,2,0,6,4,6,3,,,,,,,completed,1.61,2.3,1.64,2.39,1.65,2.5,1.57,2.38,2021_34_eastbourne_viking_international,2021_34_eastbourne_viking_international_2021-06-22_ruusuvuori_e_ramos_vinolas_a
tennis_data_uk,atp,2021,34,Viking International,Eastbourne,2021-06-22,atp_250,outdoor,grass,R32,3,Seppi A.,Nishioka Y.,95,57,822,1142,2,0,7,6,6,1,,,,,,,completed,1.57,2.37,1.53,2.65,1.68,2.65,1.53,2.47,2021_34_eastbourne_viking_international,2021_34_eastbourne_viking_international_2021-06-22_seppi_a_nishioka_y
tennis_data_uk,atp,2021,34,Viking International,Eastbourne,2021-06-22,atp_250,outdoor,grass,R32,3,Davidovich Fokina A.,Ymer M.,35,98,1723,796,2,0,7,5,6,1,,,,,,,completed,1.72,2.1,1.72,2.22,1.75,2.25,1.7,2.12,2021_34_eastbourne_viking_international,2021_34_eastbourne_viking_international_2021-06-22_davidovich_fokina_a_ymer_m
tennis_data_uk,atp,2021,34,Viking International,Eastbourne,2021-06-22,atp_250,outdoor,grass,R32,3,Fucsovics M.,Bedene A.,49,64,1344,1089,2,1,7,6,3,6,7,6,,,,,completed,2.0,1.8,1.89,2.0,2.0,2.26,1.86,1.94,2021_34_eastbourne_viking_international,2021_34_eastbourne_viking_international_2021-06-22_fucsovics_m_bedene_a
tennis_data_uk,atp,2021,34,Viking International,Eastbourne,2021-06-22,atp_250,outdoor,grass,R32,3,Pospisil V.,Ward J.,66,340,1033,135,2,0,6,4,6,4,,,,,,,completed,1.28,3.75,1.3,3.82,1.31,3.9,1.28,3.6,2021_34_eastbourne_viking_international,2021_34_eastbourne_viking_international_2021-06-22_pospisil_v_ward_j
tennis_data_uk,atp,2021,34,Viking International,Eastbourne,2021-06-22,atp_250,outdoor,grass,R32,3,Broady L.,Tiafoe F.,144,56,499,1148,2,0,6,3,7,6,,,,,,,completed,4.0,1.25,4.14,1.27,4.15,1.3,3.8,1.26,2021_34_eastbourne_viking_international,2021_34_eastbourne_viking_international_2021-06-22_broady_l_tiafoe_f
tennis_data_uk,atp,2021,34,Viking International,Eastbourne,2021-06-23,atp_250,outdoor,grass,R16,3,Purcell M.,Monfils G.,283,16,197,2568,2,1,6,4,5,7,6,4,,,,,completed,2.75,1.44,3.15,1.41,3.2,1.46,2.92,1.4,2021_34_eastbourne_viking_international,2021_34_eastbourne_viking_international_2021-06-23_purcell_m_monfils_g
tennis_data_uk,atp,2021,34,Viking International,Eastbourne,2021-06-23,atp_250,outdoor,grass,R16,3,Bublik A.,Gerasimov E.,39,72,1616,937,2,0,6,2,6,2,,,,,,,completed,1.4,3.0,1.46,2.96,1.46,3.12,1.41,2.88,2021_34_eastbourne_viking_international,2021_34_eastbourne_viking_international_2021-06-23_bublik_a_gerasimov_e
tennis_data_uk,atp,2021,34,Viking International,Eastbourne,2021-06-23,atp_250,outdoor,grass,R16,3,Seppi A.,Ruusuvuori E.,95,79,822,911,2,0,6,2,6,3,,,,,,,completed,2.1,1.72,2.19,1.76,2.3,1.81,2.16,1.68,2021_34_eastbourne_viking_international,2021_34_eastbourne_viking_international_2021-06-23_seppi_a_ruusuvuori_e
tennis_data_uk,atp,2021,34,Viking International,Eastbourne,2021-06-23,atp_250,outdoor,grass,R16,3,Sonego L.,Millman J.,27,43,2042,1521,2,0,6,4,6,2,,,,,,,completed,1.8,2.0,1.92,1.99,1.92,2.05,1.83,1.96,2021_34_eastbourne_viking_international,2021_34_eastbourne_viking_international_2021-06-23_sonego_l_millman_j
tennis_data_uk,atp,2021,34,Viking International,Eastbourne,2021-06-23,atp_250,outdoor,grass,R16,3,Ivashka I.,Popyrin A.,87,67,863,1019,2,1,6,7,7,5,6,3,,,,,completed,1.8,2.0,1.93,1.98,2.04,2.05,1.86,1.93,2021_34_eastbourne_viking_international,2021_34_eastbourne_viking_international_2021-06-23_ivashka_i_popyrin_a
tennis_data_uk,atp,2021,34,Viking International,Eastbourne,2021-06-23,atp_250,outdoor,grass,R16,3,Pospisil V.,Davidovich Fokina A.,66,35,1033,1723,1,0,7,6,,,,,,,,,retired,1.9,1.9,2.06,1.85,2.1,1.92,1.97,1.82,2021_34_eastbourne_viking_international,2021_34_eastbourne_viking_international_2021-06-23_pospisil_v_davidovich_fokina_a
tennis_data_uk,atp,2021,34,Viking International,Eastbourne,2021-06-23,atp_250,outdoor,grass,R16,3,Kwon S.W.,Fucsovics M.,77,49,921,1344,2,1,7,6,6,7,6,3,,,,,completed,2.37,1.57,2.44,1.63,2.85,1.65,2.38,1.57,2021_34_eastbourne_viking_international,2021_34_eastbourne_viking_international_2021-06-23_kwon_s_w_fucsovics_m
tennis_data_uk,atp,2021,34,Viking International,Eastbourne,2021-06-23,atp_250,outdoor,grass,R16,3,De Minaur A.,Broady L.,18,144,2485,499,2,0,6,3,6,4,,,,,,,completed,1.16,5.0,1.18,5.61,1.19,6.0,1.16,5.2,2021_34_eastbourne_viking_international,2021_34_eastbourne_viking_international_2021-06-23_de_minaur_a_broady_l
tennis_data_uk,atp,2021,34,Viking International,Eastbourne,2021-06-24,atp_250,outdoor,grass,QF,3,Sonego L.,Bublik A.,27,39,2042,1616,2,0,6,1,7,5,,,,,,,completed,2.0,1.8,2.15,1.79,2.21,1.86,2.05,1.76,2021_34_eastbourne_viking_international,2021_34_eastbourne_viking_international_2021-06-24_sonego_l_bublik_a
tennis_data_uk,atp,2021,34,Viking International,Eastbourne,2021-06-24,atp_250,outdoor,grass,QF,3,Purcell M.,Seppi A.,283,95,197,822,2,1,6,4,1,6,6,4,,,,,completed,2.75,1.44,3.08,1.43,3.1,1.47,2.85,1.41,2021_34_eastbourne_viking_international,2021_34_eastbourne_viking_international_2021-06-24_purcell_m_seppi_a
tennis_data_uk,atp,2021,34,Viking International,Eastbourne,2021-06-24,atp_250,outdoor,grass,QF,3,Kwon S.W.,Ivashka I.,77,87,921,863,2,0,6,4,7,5,,,,,,,completed,2.37,1.57,2.51,1.6,2.51,1.63,2.4,1.57,2021_34_eastbourne_viking_international,2021_34_eastbourne_viking_international_2021-06-24_kwon_s_w_ivashka_i
tennis_data_uk,atp,2021,34,Viking International,Eastbourne,2021-06-24,atp_250,outdoor,grass,QF,3,De Minaur A.,Pospisil V.,18,66,2485,1033,2,0,6,4,6,4,,,,,,,completed,1.44,2.75,1.43,3.06,1.52,3.06,1.44,2.75,2021_34_eastbourne_viking_international,2021_34_eastbourne_viking_international_2021-06-24_de_minaur_a_pospisil_v
tennis_data_uk,atp,2021,34,Viking International,Eastbourne,2021-06-25,atp_250,outdoor,grass,SF,3,Sonego L.,Purcell M.,27,283,2042,197,2,1,6,1,3,6,6,1,,,,,completed,1.22,4.33,1.23,4.69,1.3,4.75,1.22,4.28,2021_34_eastbourne_viking_international,2021_34_eastbourne_viking_international_2021-06-25_sonego_l_purcell_m
tennis_data_uk,atp,2021,34,Viking International,Eastbourne,2021-06-25,atp_250,outdoor,grass,SF,3,De Minaur A.,Kwon S.W.,18,77,2485,921,2,0,6,3,7,6,,,,,,,completed,1.22,4.33,1.2,5.26,1.27,5.26,1.21,4.38,2021_34_eastbourne_viking_international,2021_34_eastbourne_viking_international_2021-06-25_de_minaur_a_kwon_s_w
tennis_data_uk,atp,2021,34,Viking International,Eastbourne,2021-06-26,atp_250,outdoor,grass,F,3,De Minaur A.,Sonego L.,18,27,2485,2042,2,1,4,6,6,4,7,6,,,,,completed,1.44,2.75,1.43,3.08,1.52,3.08,1.42,2.86,2021_34_eastbourne_viking_international,2021_34_eastbourne_viking_international_2021-06-26_de_minaur_a_sonego_l
tennis_data_uk,atp,2021,35,Mallorca Championships,Mallorca,2021-06-20,atp_250,outdoor,grass,R32,3,Thompson J.,Andujar P.,76,70,922,1005,2,1,2,6,7,6,6,2,,,,,completed,1.2,4.5,1.23,4.64,1.29,4.8,1.22,4.2,2021_35_mallorca_mallorca_championships,2021_35_mallorca_mallorca_championships_2021-06-20_thompson_j_andujar_p
tennis_data_uk,atp,2021,35,Mallorca Championships,Mallorca,2021-06-20,atp_250,outdoor,grass,R32,3,Mannarino A.,Struff J.L.,42,45,1526,1455,2,0,7,6,6,3,,,,,,,completed,2.37,1.57,2.45,1.61,2.58,1.77,2.33,1.59,2021_35_mallorca_mallorca_championships,2021_35_mallorca_mallorca_championships_2021-06-20_mannarino_a_struff_j_l
tennis_data_uk,atp,2021,35,Mallorca Championships,Mallorca,2021-06-21,atp_250,outdoor,grass,R32,3,Ruud C.,Simon G.,14,93,2690,823,2,0,6,4,7,6,,,,,,,completed,1.53,2.5,1.59,2.5,1.66,2.55,1.56,2.39,2021_35_mallorca_mallorca_championships,2021_35_mallorca_mallorca_championships_2021-06-21_ruud_c_simon_g
tennis_data_uk,atp,2021,35,Mallorca Championships,Mallorca,2021-06-21,atp_250,outdoor,grass,R32,3,Moutet C.,Harris L.,85,51,873,1268,2,0,6,4,6,2,,,,,,,completed,2.62,1.5,2.72,1.51,2.78,1.62,2.52,1.51,2021_35_mallorca_mallorca_championships,2021_35_mallorca_mallorca_championships_2021-06-21_moutet_c_harris_l
tennis_data_uk,atp,2021,35,Mallorca Championships,Mallorca,2021-06-21,atp_250,outdoor,grass,R32,3,Travaglia S.,Pella G.,86,59,870,1114,2,0,7,5,7,6,,,,,,,completed,1.61,2.3,1.6,2.48,1.67,2.5,1.6,2.32,2021_35_mallorca_mallorca_championships,2021_35_mallorca_mallorca_championships_2021-06-21_travaglia_s_pella_g
tennis_data_uk,atp,2021,35,Mallorca Championships,Mallorca,2021-06-21,atp_250,outdoor,grass,R32,3,Klein L.,Lajovic D.,256,41,244,1540,2,0,6,4,7,6,,,,,,,completed,2.0,1.8,1.94,1.94,2.15,2.05,1.9,1.89,2021_35_mallorca_mallorca_championships,2021_35_mallorca_mallorca_championships_2021-06-21_klein_l_lajovic_d
tennis_data_uk,atp,2021,35,Mallorca Championships,Mallorca,2021-06-21,atp_250,outdoor,grass,R32,3,Sandgren T.,Munar J.,68,69,1011,1009,2,0,7,6,7,5,,,,,,,completed,1.57,2.37,1.68,2.31,1.68,2.5,1.6,2.32,2021_35_mallorca_mallorca_championships,2021_35_mallorca_mallorca_championships_2021-06-21_sandgren_t_munar_j
tennis_data_uk,atp,2021,35,Mallorca Championships,Mallorca,2021-06-21,atp_250,outdoor,grass,R32,3,Khachanov K.,Pouille L.,29,96,1965,813,2,1,7,6,3,6,6,4,,,,,completed,1.36,3.2,1.46,2.9,1.46,3.87,1.35,3.15,2021_35_mallorca_mallorca_championships,2021_35_mallorca_mallorca_championships_2021-06-21_khachanov_k_pouille_l
tennis_data_uk,atp,2021,35,Mallorca Championships,Mallorca,2021-06-21,atp_250,outdoor,grass,R32,3,Vesely J.,Caruso S.,71,97,954,809,2,0,7,6,6,2,,,,,,,completed,1.44,2.75,1.39,3.22,1.45,3.22,1.41,2.86,2021_35_mallorca_mallorca_championships,2021_35_mallorca_mallorca_championships_2021-06-21_vesely_j_caruso_s
tennis_data_uk,atp,2021,35,Mallorca Championships,Mallorca,2021-06-21,atp_250,outdoor,grass,R32,3,Lopez F.,Kuhn N.,90,259,830,242,2,0,6,1,7,6,,,,,,,completed,1.22,4.33,1.24,4.55,1.28,4.55,1.24,3.98,2021_35_mallorca_mallorca_championships,2021_35_mallorca_mallorca_championships_2021-06-21_lopez_f_kuhn_n
tennis_data_uk,atp,2021,35,Mallorca Championships,Mallorca,2021-06-22,atp_250,outdoor,grass,R32,3,Querrey S.,Carballes Baena R.,60,100,1113,786,2,1,5,7,6,4,7,6,,,,,completed,1.28,3.75,1.32,3.69,1.33,4.0,1.27,3.64,2021_35_mallorca_mallorca_championships,2021_35_mallorca_mallorca_championships_2021-06-22_querrey_s_carballes_baena_r
tennis_data_uk,atp,2021,35,Mallorca Championships,Mallorca,2021-06-22,atp_250,outdoor,grass,R32,3,Humbert U.,Kecmanovic M.,25,47,2270,1384,2,1,4,6,7,6,6,2,,,,,completed,1.57,2.37,1.59,2.5,1.63,2.71,1.55,2.41,2021_35_mallorca_mallorca_championships,2021_35_mallorca_mallorca_championships_2021-06-22_humbert_u_kecmanovic_m
tennis_data_uk,atp,2021,35,Mallorca Championships,Mallorca,2021-06-22,atp_250,outdoor,grass,R16,3,Ruud C.,Sandgren T.,14,68,2690,1011,2,0,6,3,6,4,,,,,,,completed,1.5,2.62,1.56,2.6,1.56,2.96,1.47,2.63,2021_35_mallorca_mallorca_championships,2021_35_mallorca_mallorca_championships_2021-06-22_ruud_c_sandgren_t
tennis_data_uk,atp,2021,35,Mallorca Championships,Mallorca,2021-06-22,atp_250,outdoor,grass,R16,3,Medvedev D.,Moutet C.,2,85,10053,873,2,0,6,4,6,2,,,,,,,completed,1.14,5.5,1.18,5.62,1.2,5.82,1.16,5.09,2021_35_mallorca_mallorca_championships,2021_35_mallorca_mallorca_championships_2021-06-22_medvedev_d_moutet_c
tennis_data_uk,atp,2021,35,Mallorca Championships,Mallorca,2021-06-22,atp_250,outdoor,grass,R16,3,Mannarino A.,Thiem D.,42,5,1526,7425,0,0,2,5,,,,,,,,,retired,2.3,1.61,2.3,1.69,2.61,1.72,2.33,1.59,2021_35_mallorca_mallorca_championships,2021_35_mallorca_mallorca_championships_2021-06-22_mannarino_a_thiem_d
tennis_data_uk,atp,2021,35,Mallorca Championships,Mallorca,2021-06-22,atp_250,outdoor,grass,R16,3,Lopez F.,Khachanov K.,90,29,830,1965,2,1,4,6,6,2,6,4,,,,,completed,2.37,1.57,2.4,1.65,2.55,1.69,2.34,1.58,2021_35_mallorca_mallorca_championships,2021_35_mallorca_mallorca_championships_2021-06-22_lopez_f_khachanov_k
tennis_data_uk,atp,2021,35,Mallorca Championships,Mallorca,2021-06-23,atp_250,outdoor,grass,R16,3,Querrey S.,Humbert U.,60,25,1113,2270,,,,,,,,,,,,,walkover,2.3,1.61,2.24,1.73,2.5,1.8,2.21,1.66,2021_35_mallorca_mallorca_championships,2021_35_mallorca_mallorca_championships_2021-06-23_querrey_s_humbert_u
tennis_data_uk,atp,2021,35,Mallorca Championships,Mallorca,2021-06-23,atp_250,outdoor,grass,R16,3,Carreno Busta P.,Vesely J.,13,71,2905,954,2,0,6,4,6,4,,,,,,,completed,1.66,2.2,1.75,2.2,1.77,2.42,1.68,2.17,2021_35_mallorca_mallorca_championships,2021_35_mallorca_mallorca_championships_2021-06-23_carreno_busta_p_vesely_j
tennis_data_uk,atp,2021,35,Mallorca Championships,Mallorca,2021-06-23,atp_250,outdoor,grass,R16,3,Thompson J.,Klein L.,76,256,922,244,2,0,6,4,6,4,,,,,,,completed,1.5,2.62,1.48,2.86,1.53,2.9,1.46,2.67,2021_35_mallorca_mallorca_championships,2021_35_mallorca_mallorca_championships_2021-06-23_thompson_j_klein_l
tennis_data_uk,atp,2021,35,Mallorca Championships,Mallorca,2021-06-23,atp_250,outdoor,grass,R16,3,Bautista Agut R.,Travaglia S.,10,86,3125,870,2,0,6,3,7,5,,,,,,,completed,1.28,3.75,1.28,4.14,1.29,4.25,1.25,3.85,2021_35_mallorca_mallorca_championships,2021_35_mallorca_mallorca_championships_2021-06-23_bautista_agut_r_travaglia_s
tennis_data_uk,atp,2021,35,Mallorca Championships,Mallorca,2021-06-24,atp_250,outdoor,grass,QF,3,Carreno Busta P.,Thompson J.,13,76,2905,922,2,0,6,4,6,4,,,,,,,completed,1.53,2.5,1.62,2.46,1.62,2.55,1.55,2.42,2021_35_mallorca_mallorca_championships,2021_35_mallorca_mallorca_championships_2021-06-24_carreno_busta_p_thompson_j
tennis_data_uk,atp,2021,35,Mallorca Championships,Mallorca,2021-06-24,atp_250,outdoor,grass,QF,3,Medvedev D.,Ruud C.,2,14,10053,2690,2,0,7,5,6,1,,,,,,,completed,1.2,4.5,1.21,5.08,1.25,5.08,1.2,4.49,2021_35_mallorca_mallorca_championships,2021_35_mallorca_mallorca_championships_2021-06-24_medvedev_d_ruud_c
tennis_data_uk,atp,2021,35,Mallorca Championships,Mallorca,2021-06-24,atp_250,outdoor,grass,QF,3,Querrey S.,Bautista Agut R.,60,10,1113,3125,2,0,6,3,7,6,,,,,,,completed,3.2,1.36,3.43,1.36,3.45,1.44,3.18,1.35,2021_35_mallorca_mallorca_championships,2021_35_mallorca_mallorca_championships_2021-06-24_querrey_s_bautista_agut_r
tennis_data_uk,atp,2021,35,Mallorca Championships,Mallorca,2021-06-24,atp_250,outdoor,grass,QF,3,Mannarino A.,Lopez F.,42,90,1526,830,2,1,6,4,3,6,6,3,,,,,completed,2.1,1.72,2.08,1.84,2.45,1.84,2.06,1.75,2021_35_mallorca_mallorca_championships,2021_35_mallorca_mallorca_championships_2021-06-24_mannarino_a_lopez_f
tennis_data_uk,atp,2021,35,Mallorca Championships,Mallorca,2021-06-25,atp_250,outdoor,grass,SF,3,Medvedev D.,Carreno Busta P.,2,13,10053,2905,2,1,3,6,6,3,6,2,,,,,completed,1.2,4.5,1.2,5.3,1.25,5.5,1.19,4.55,2021_35_mallorca_mallorca_championships,2021_35_mallorca_mallorca_championships_2021-06-25_medvedev_d_carreno_busta_p
tennis_data_uk,atp,2021,35,Mallorca Championships,Mallorca,2021-06-25,atp_250,outdoor,grass,SF,3,Querrey S.,Mannarino A.,60,42,1113,1526,2,0,6,4,6,3,,,,,,,completed,1.57,2.37,1.65,2.4,1.67,2.57,1.61,2.31,2021_35_mallorca_mallorca_championships,2021_35_mallorca_mallorca_championships_2021-06-25_querrey_s_mannarino_a
tennis_data_uk,atp,2021,35,Mallorca Championships,Mallorca,2021-06-26,atp_250,outdoor,grass,F,3,Medvedev D.,Querrey S.,2,60,10053,1113,2,0,6,4,6,2,,,,,,,completed,1.28,3.75,1.26,4.28,1.29,4.28,1.25,3.89,2021_35_mallorca_mallorca_championships,2021_35_mallorca_mallorca_championships_2021-06-26_medvedev_d_querrey_s
tennis_data_uk,atp,2021,36,Wimbledon,London,2021-06-28,grand_slam,outdoor,grass,R128,5,Djokovic N.,Draper J.,1,253,12113,255,3,1,4,6,6,1,6,2,6,2,,,completed,1.01,26.0,1.01,33.67,1.01,51.0,1.01,24.52,2021_36_london_wimbledon,2021_36_london_wimbledon_2021-06-28_djokovic_n_draper_j
tennis_data_uk,atp,2021,36,Wimbledon,London,2021-06-28,grand_slam,outdoor,grass,R128,5,Tiafoe F.,Tsitsipas S.,57,4,1148,7980,3,0,6,4,6,4,6,3,,,,,completed,5.5,1.14,5.65,1.18,6.5,1.2,5.5,1.15,2021_36_london_wimbledon,2021_36_london_wimbledon_2021-06-28_tiafoe_f_tsitsipas_s
tennis_data_uk,atp,2021,36,Wimbledon,London,2021-06-28,grand_slam,outdoor,grass,R128,5,Kecmanovic M.,Bagnis F.,49,92,1309,828,3,1,6,4,3,6,6,3,7,6,,,completed,1.1,7.0,1.1,8.81,1.11,9.0,1.09,7.56,2021_36_london_wimbledon,2021_36_london_wimbledon_2021-06-28_kecmanovic_m_bagnis_f
tennis_data_uk,atp,2021,36,Wimbledon,London,2021-06-28,grand_slam,outdoor,grass,R128,5,Anderson K.,Barrios M.,102,209,753,334,3,1,6,7,6,4,6,4,7,6,,,completed,1.25,4.0,1.29,4.01,1.29,4.15,1.26,3.86,2021_36_london_wimbledon,2021_36_london_wimbledon_2021-06-28_anderson_k_barrios_m
tennis_data_uk,atp,2021,36,Wimbledon,London,2021-06-28,grand_slam,outdoor,grass,R128,5,Kudla D.,Davidovich Fokina A.,114,35,698,1723,3,2,5,7,4,6,7,6,6,3,6,3,completed,1.9,1.9,2.02,1.88,2.05,1.91,1.96,1.84,2021_36_london_wimbledon,2021_36_london_wimbledon_2021-06-28_kudla_d_davidovich_fokina_a
tennis_data_uk,atp,2021,36,Wimbledon,London,2021-06-28,grand_slam,outdoor,grass,R128,5,Seppi A.,Sousa J.,90,120,863,682,3,1,4,6,6,4,7,5,6,2,,,completed,1.44,2.75,1.47,2.9,1.48,2.97,1.45,2.75,2021_36_london_wimbledon,2021_36_london_wimbledon_2021-06-28_seppi_a_sousa_j
tennis_data_uk,atp,2021,36,Wimbledon,London,2021-06-28,grand_slam,outdoor,grass,R128,5,Fucsovics M.,Sinner J.,48,23,1344,2320,3,1,5,7,6,3,7,5,6,3,,,completed,2.62,1.5,2.95,1.46,2.95,1.5,2.77,1.45,2021_36_london_wimbledon,2021_36_london_wimbledon_2021-06-28_fucsovics_m_sinner_j
tennis_data_uk,atp,2021,36,Wimbledon,London,2021-06-28,grand_slam,outdoor,grass,R128,5,Bautista Agut R.,Millman J.,10,43,3125,1521,3,1,6,2,3,6,6,3,7,6,,,completed,1.22,4.33,1.2,5.18,1.22,5.5,1.19,4.79,2021_36_london_wimbledon,2021_36_london_wimbledon_2021-06-28_bautista_agut_r_millman_j
tennis_data_uk,atp,2021,36,Wimbledon,London,2021-06-28,grand_slam,outdoor,grass,R128,5,Vesely J.,Hanfmann Y.,72,99,954,793,3,0,6,1,7,5,7,6,,,,,completed,1.53,2.5,1.55,2.65,1.57,2.75,1.53,2.52,2021_36_london_wimbledon,2021_36_london_wimbledon_2021-06-28_vesely_j_hanfmann_y
tennis_data_uk,atp,2021,36,Wimbledon,London,2021-06-28,grand_slam,outdoor,grass,R128,5,Rublev A.,Delbonis F.,7,47,6120,1360,3,1,4,6,6,4,6,1,6,2,,,completed,1.03,15.0,1.03,18.18,1.05,18.18,1.03,13.45,2021_36_london_wimbledon,2021_36_london_wimbledon_2021-06-28_rublev_a_delbonis_f
tennis_data_uk,atp,2021,36,Wimbledon,London,2021-06-28,grand_slam,outdoor,grass,R128,5,Khachanov K.,Mcdonald M.,29,108,1965,735,3,1,3,6,6,3,6,4,7,6,,,completed,1.61,2.3,1.67,2.36,1.67,2.55,1.59,2.38,2021_36_london_wimbledon,2021_36_london_wimbledon_2021-06-28_khachanov_k_mcdonald_m
tennis_data_uk,atp,2021,36,Wimbledon,London,2021-06-28,grand_slam,outdoor,grass,R128,5,Koepfer D.,Opelka R.,62,32,1108,1806,3,0,6,4,7,6,6,2,,,,,completed,2.3,1.61,2.5,1.6,2.5,1.67,2.33,1.61,2021_36_london_wimbledon,2021_36_london_wimbledon_2021-06-28_koepfer_d_opelka_r
tennis_data_uk,atp,2021,36,Wimbledon,London,2021-06-28,grand_slam,outdoor,grass,R128,5,Martinez P.,Travaglia S.,107,88,736,870,3,1,6,3,2,6,6,4,6,4,,,completed,3.75,1.28,4.06,1.28,4.1,1.36,3.85,1.26,2021_36_london_wimbledon,2021_36_london_wimbledon_2021-06-28_martinez_p_travaglia_s
tennis_data_uk,atp,2021,36,Wimbledon,London,2021-06-28,grand_slam,outdoor,grass,R128,5,Murray A.,Basilashvili N.,118,28,685,1985,3,1,6,4,6,3,5,7,6,3,,,completed,1.9,1.9,2.06,1.85,2.06,2.06,1.96,1.85,2021_36_london_wimbledon,2021_36_london_wimbledon_2021-06-28_murray_a_basilashvili_n
tennis_data_uk,atp,2021,36,Wimbledon,London,2021-06-28,grand_slam,outdoor,grass,R128,5,Pospisil V.,Carballes Baena R.,65,100,1071,786,3,0,6,3,6,3,6,3,,,,,completed,1.25,4.0,1.27,4.18,1.27,4.33,1.25,3.98,2021_36_london_wimbledon,2021_36_london_wimbledon_2021-06-28_pospisil_v_carballes_baena_r
tennis_data_uk,atp,2021,36,Wimbledon,London,2021-06-28,grand_slam,outdoor,grass,R128,5,Broady L.,Cecchinato M.,143,86,509,878,3,0,6,3,6,4,6,0,,,,,completed,1.4,3.0,1.42,3.12,1.44,3.35,1.37,3.1,2021_36_london_wimbledon,2021_36_london_wimbledon_2021-06-28_broady_l_cecchinato_m
tennis_data_uk,atp,2021,36,Wimbledon,London,2021-06-29,grand_slam,outdoor,grass,R128,5,Korda S.,De Minaur A.,50,15,1272,2690,3,1,6,3,6,4,6,7,7,6,,,completed,2.37,1.57,2.52,1.59,2.66,1.62,2.4,1.57,2021_36_london_wimbledon,2021_36_london_wimbledon_2021-06-29_korda_s_de_minaur_a
tennis_data_uk,atp,2021,36,Wimbledon,London,2021-06-29,grand_slam,outdoor,grass,R128,5,Evans D.,Lopez F.,26,89,2151,865,3,0,7,6,6,2,7,5,,,,,completed,1.44,2.75,1.44,3.03,1.45,3.15,1.42,2.86,2021_36_london_wimbledon,2021_36_london_wimbledon_2021-06-29_evans_d_lopez_f
tennis_data_uk,atp,2021,36,Wimbledon,London,2021-06-29,grand_slam,outdoor,grass,R128,5,Fognini F.,Ramos-Vinolas A.,31,39,1868,1595,3,0,7,6,6,2,6,4,,,,,completed,1.36,3.2,1.37,3.4,1.43,3.45,1.35,3.2,2021_36_london_wimbledon,2021_36_london_wimbledon_2021-06-29_fognini_f_ramos_vinolas_a
tennis_data_uk,atp,2021,36,Wimbledon,London,2021-06-29,grand_slam,outdoor,grass,R128,5,Zverev A.,Griekspoor T.,6,124,7305,673,3,0,6,3,6,4,6,1,,,,,completed,1.05,11.0,1.07,11.22,1.08,15.0,1.05,10.6,2021_36_london_wimbledon,2021_36_london_wimbledon_2021-06-29_zverev_a_griekspoor_t
tennis_data_uk,atp,2021,36,Wimbledon,London,2021-06-29,grand_slam,outdoor,grass,R128,5,Schwartzman D.,Paire B.,11,46,3060,1387,3,0,6,3,6,4,6,0,,,,,completed,1.14,5.5,1.18,5.56,1.2,5.75,1.16,5.28,2021_36_london_wimbledon,2021_36_london_wimbledon_2021-06-29_schwartzman_d_paire_b
tennis_data_uk,atp,2021,36,Wimbledon,London,2021-06-29,grand_slam,outdoor,grass,R128,5,Federer R.,Mannarino A.,8,41,4815,1571,2,2,6,4,6,7,3,6,6,2,,,retired,1.14,5.5,1.16,6.05,1.2,6.05,1.16,5.31,2021_36_london_wimbledon,2021_36_london_wimbledon_2021-06-29_federer_r_mannarino_a
tennis_data_uk,atp,2021,36,Wimbledon,London,2021-06-29,grand_slam,outdoor,grass,R128,5,Medvedev D.,Struff J.L.,2,45,10280,1455,3,1,6,4,6,1,4,6,7,6,,,completed,1.14,5.5,1.14,6.49,1.17,6.75,1.14,5.85,2021_36_london_wimbledon,2021_36_london_wimbledon_2021-06-29_medvedev_d_struff_j_l
tennis_data_uk,atp,2021,36,Wimbledon,London,2021-06-29,grand_slam,outdoor,grass,R128,5,Hoang A.,Zhang Zh.,156,175,456,412,3,2,4,6,7,6,6,7,6,3,6,2,completed,1.8,2.0,1.9,2.01,1.91,2.08,1.85,1.96,2021_36_london_wimbledon,2021_36_london_wimbledon_2021-06-29_hoang_a_zhang_zh
tennis_data_uk,atp,2021,36,Wimbledon,London,2021-06-29,grand_slam,outdoor,grass,R128,5,Gasquet R.,Sugita Y.,56,110,1148,730,3,1,7,6,4,6,6,2,6,1,,,completed,1.22,4.33,1.24,4.58,1.24,5.08,1.22,4.29,2021_36_london_wimbledon,2021_36_london_wimbledon_2021-06-29_gasquet_r_sugita_y
tennis_data_uk,atp,2021,36,Wimbledon,London,2021-06-29,grand_slam,outdoor,grass,R128,5,Hurkacz H.,Musetti L.,18,63,2533,1106,3,0,6,4,7,6,6,1,,,,,completed,1.44,2.75,1.48,2.88,1.5,3.0,1.45,2.76,2021_36_london_wimbledon,2021_36_london_wimbledon_2021-06-29_hurkacz_h_musetti_l
tennis_data_uk,atp,2021,36,Wimbledon,London,2021-06-29,grand_slam,outdoor,grass,R128,5,Gerasimov E.,Clarke J.,73,230,941,301,3,1,6,3,3,6,7,6,6,2,,,completed,1.4,3.0,1.4,3.2,1.44,3.2,1.39,3.02,2021_36_london_wimbledon,2021_36_london_wimbledon_2021-06-29_gerasimov_e_clarke_j
tennis_data_uk,atp,2021,36,Wimbledon,London,2021-06-29,grand_slam,outdoor,grass,R128,5,Lajovic D.,Simon G.,42,97,1540,801,3,2,6,4,7,5,3,6,4,6,6,3,completed,2.37,1.57,2.5,1.6,2.51,1.65,2.38,1.58,2021_36_london_wimbledon,2021_36_london_wimbledon_2021-06-29_lajovic_d_simon_g
tennis_data_uk,atp,2021,36,Wimbledon,London,2021-06-29,grand_slam,outdoor,grass,R128,5,Shapovalov D.,Kohlschreiber P.,12,115,2915,697,3,2,6,4,4,6,6,3,5,7,6,4,completed,1.22,4.33,1.24,4.61,1.3,4.75,1.22,4.26,2021_36_london_wimbledon,2021_36_london_wimbledon_2021-06-29_shapovalov_d_kohlschreiber_p
tennis_data_uk,atp,2021,36,Wimbledon,London,2021-06-29,grand_slam,outdoor,grass,R128,5,Harris L.,Berankis R.,51,80,1268,895,3,0,6,3,6,4,7,6,,,,,completed,1.53,2.5,1.55,2.64,1.59,2.99,1.53,2.51,2021_36_london_wimbledon,2021_36_london_wimbledon_2021-06-29_harris_l_berankis_r
tennis_data_uk,atp,2021,36,Wimbledon,London,2021-06-29,grand_slam,outdoor,grass,R128,5,Djere L.,Cuevas P.,55,84,1168,881,3,1,5,7,6,4,6,4,6,4,,,completed,2.5,1.53,2.42,1.64,2.6,1.7,2.4,1.58,2021_36_london_wimbledon,2021_36_london_wimbledon_2021-06-29_djere_l_cuevas_p
tennis_data_uk,atp,2021,36,Wimbledon,London,2021-06-29,grand_slam,outdoor,grass,R128,5,Kwon S.W.,Masur D.,71,222,986,316,3,1,6,7,6,3,6,4,6,4,,,completed,1.28,3.75,1.33,3.69,1.33,4.62,1.28,3.72,2021_36_london_wimbledon,2021_36_london_wimbledon_2021-06-29_kwon_s_w_masur_d
tennis_data_uk,atp,2021,36,Wimbledon,London,2021-06-29,grand_slam,outdoor,grass,R128,5,Sandgren T.,Gombos N.,68,94,1019,822,3,1,6,4,6,7,6,1,6,3,,,completed,1.57,2.37,1.59,2.53,1.63,2.53,1.58,2.39,2021_36_london_wimbledon,2021_36_london_wimbledon_2021-06-29_sandgren_t_gombos_n
tennis_data_uk,atp,2021,36,Wimbledon,London,2021-06-29,grand_slam,outdoor,grass,R128,5,Andujar P.,Herbert P.H.,70,101,1005,785,3,2,7,6,4,6,7,6,5,7,8,6,completed,4.5,1.2,5.57,1.18,5.92,1.21,5.24,1.16,2021_36_london_wimbledon,2021_36_london_wimbledon_2021-06-29_andujar_p_herbert_p_h
tennis_data_uk,atp,2021,36,Wimbledon,London,2021-06-29,grand_slam,outdoor,grass,R128,5,Polmans M.,Lu Y.,154,625,467,45,3,1,6,2,7,5,4,6,6,1,,,completed,1.36,3.2,1.32,3.77,1.36,4.0,1.3,3.5,2021_36_london_wimbledon,2021_36_london_wimbledon_2021-06-29_polmans_m_lu_y
tennis_data_uk,atp,2021,36,Wimbledon,London,2021-06-29,grand_slam,outdoor,grass,R128,5,Bolt A.,Krajinovic F.,149,44,482,1479,3,0,7,6,6,4,7,5,,,,,completed,1.57,2.37,1.8,2.14,1.8,2.42,1.72,2.14,2021_36_london_wimbledon,2021_36_london_wimbledon_2021-06-29_bolt_a_krajinovic_f
tennis_data_uk,atp,2021,36,Wimbledon,London,2021-06-29,grand_slam,outdoor,grass,R128,5,Otte O.,Rinderknech A.,151,109,479,734,3,2,4,6,6,3,6,2,6,7,13,12,completed,2.3,1.61,2.22,1.74,2.53,1.74,2.34,1.6,2021_36_london_wimbledon,2021_36_london_wimbledon_2021-06-29_otte_o_rinderknech_a
tennis_data_uk,atp,2021,36,Wimbledon,London,2021-06-30,grand_slam,outdoor,grass,R128,5,Thompson J.,Ruud C.,78,14,902,2690,3,2,7,6,7,6,2,6,2,6,6,2,completed,2.62,1.5,2.8,1.5,2.8,1.58,2.58,1.5,2021_36_london_wimbledon,2021_36_london_wimbledon_2021-06-30_thompson_j_ruud_c
tennis_data_uk,atp,2021,36,Wimbledon,London,2021-06-30,grand_slam,outdoor,grass,R128,5,Nishikori K.,Popyrin A.,53,67,1183,1027,3,0,6,4,6,4,6,4,,,,,completed,1.4,3.0,1.45,2.99,1.47,3.11,1.42,2.85,2021_36_london_wimbledon,2021_36_london_wimbledon_2021-06-30_nishikori_k_popyrin_a
tennis_data_uk,atp,2021,36,Wimbledon,London,2021-06-30,grand_slam,outdoor,grass,R128,5,Ivashka I.,Munar J.,79,69,900,1009,3,0,6,1,7,5,7,6,,,,,completed,1.36,3.2,1.39,3.27,1.39,3.44,1.36,3.15,2021_36_london_wimbledon,2021_36_london_wimbledon_2021-06-30_ivashka_i_munar_j
tennis_data_uk,atp,2021,36,Wimbledon,London,2021-06-30,grand_slam,outdoor,grass,R128,5,Bedene A.,Moutet C.,64,83,1089,883,3,0,6,4,6,4,6,0,,,,,completed,1.8,2.0,1.81,2.11,1.84,2.11,1.8,2.02,2021_36_london_wimbledon,2021_36_london_wimbledon_2021-06-30_bedene_a_moutet_c
tennis_data_uk,atp,2021,36,Wimbledon,London,2021-06-30,grand_slam,outdoor,grass,R128,5,Van De Zandschulp B.,Barrere G.,139,131,540,607,3,1,6,2,6,7,6,1,7,6,,,completed,2.37,1.57,2.57,1.57,2.7,1.68,2.45,1.55,2021_36_london_wimbledon,2021_36_london_wimbledon_2021-06-30_van_de_zandschulp_b_barrere_g
tennis_data_uk,atp,2021,36,Wimbledon,London,2021-06-30,grand_slam,outdoor,grass,R128,5,Berrettini M.,Pella G.,9,59,4468,1114,3,1,6,4,3,6,6,4,6,0,,,completed,1.02,17.0,1.03,19.2,1.04,26.0,1.02,14.9,2021_36_london_wimbledon,2021_36_london_wimbledon_2021-06-30_berrettini_m_pella_g
tennis_data_uk,atp,2021,36,Wimbledon,London,2021-06-30,grand_slam,outdoor,grass,R128,5,Chardy J.,Karatsev A.,61,24,1111,2304,3,0,7,6,7,6,6,3,,,,,completed,2.2,1.66,2.11,1.81,2.31,1.81,2.19,1.68,2021_36_london_wimbledon,2021_36_london_wimbledon_2021-06-30_chardy_j_karatsev_a
tennis_data_uk,atp,2021,36,Wimbledon,London,2021-06-30,grand_slam,outdoor,grass,R128,5,Nishioka Y.,Isner J.,58,33,1142,1775,3,2,7,6,2,6,6,3,6,7,6,4,completed,5.5,1.14,6.51,1.15,7.24,1.16,5.95,1.13,2021_36_london_wimbledon,2021_36_london_wimbledon_2021-06-30_nishioka_y_isner_j
tennis_data_uk,atp,2021,36,Wimbledon,London,2021-06-30,grand_slam,outdoor,grass,R128,5,Alcaraz C.,Uchiyama Y.,75,116,924,697,3,2,6,3,6,7,6,2,3,6,6,3,completed,1.44,2.75,1.35,3.52,1.46,3.52,1.37,3.07,2021_36_london_wimbledon,2021_36_london_wimbledon_2021-06-30_alcaraz_c_uchiyama_y
tennis_data_uk,atp,2021,36,Wimbledon,London,2021-06-30,grand_slam,outdoor,grass,R128,5,Ymer M.,Tsonga J.W.,98,85,796,880,3,2,7,5,6,7,5,7,6,4,6,3,completed,1.9,1.9,1.94,1.96,2.03,2.0,1.89,1.92,2021_36_london_wimbledon,2021_36_london_wimbledon_2021-06-30_ymer_m_tsonga_j_w
tennis_data_uk,atp,2021,36,Wimbledon,London,2021-06-30,grand_slam,outdoor,grass,R128,5,Giron M.,Ruusuvuori E.,66,76,1037,919,3,2,6,4,2,6,6,2,0,6,6,4,completed,1.66,2.2,1.68,2.33,1.69,2.47,1.61,2.31,2021_36_london_wimbledon,2021_36_london_wimbledon_2021-06-30_giron_m_ruusuvuori_e
tennis_data_uk,atp,2021,36,Wimbledon,London,2021-06-30,grand_slam,outdoor,grass,R128,5,Querrey S.,Carreno Busta P.,54,13,1183,2905,3,0,7,6,6,4,7,5,,,,,completed,1.72,2.1,1.74,2.23,1.77,2.48,1.71,2.14,2021_36_london_wimbledon,2021_36_london_wimbledon_2021-06-30_querrey_s_carreno_busta_p
tennis_data_uk,atp,2021,36,Wimbledon,London,2021-06-30,grand_slam,outdoor,grass,R128,5,Norrie C.,Pouille L.,34,95,1770,820,3,1,6,7,7,5,6,2,7,5,,,completed,1.22,4.33,1.24,4.53,1.33,4.6,1.24,4.11,2021_36_london_wimbledon,2021_36_london_wimbledon_2021-06-30_norrie_c_pouille_l
tennis_data_uk,atp,2021,36,Wimbledon,London,2021-06-30,grand_slam,outdoor,grass,R128,5,Galan D.E.,Coria F.,112,87,706,873,3,1,6,4,4,6,7,5,7,5,,,completed,1.22,4.33,1.24,4.61,1.26,4.8,1.22,4.34,2021_36_london_wimbledon,2021_36_london_wimbledon_2021-06-30_galan_d_e_coria_f
tennis_data_uk,atp,2021,36,Wimbledon,London,2021-06-30,grand_slam,outdoor,grass,R128,5,Duckworth J.,Albot R.,91,93,853,826,3,0,6,4,6,4,6,1,,,,,completed,1.57,2.37,1.54,2.66,1.6,2.68,1.54,2.47,2021_36_london_wimbledon,2021_36_london_wimbledon_2021-06-30_duckworth_j_albot_r
tennis_data_uk,atp,2021,36,Wimbledon,London,2021-06-30,grand_slam,outdoor,grass,R128,5,Garin C.,Zapata Miralles B.,20,125,2440,650,3,2,6,7,6,3,3,6,6,3,6,2,completed,1.53,2.5,1.5,2.81,1.56,2.81,1.49,2.62,2021_36_london_wimbledon,2021_36_london_wimbledon_2021-06-30_garin_c_zapata_miralles_b
tennis_data_uk,atp,2021,36,Wimbledon,London,2021-06-30,grand_slam,outdoor,grass,R128,5,Mager G.,Londero J.I.,77,129,918,623,3,1,7,6,6,0,4,6,6,3,,,completed,1.5,2.62,1.54,2.67,1.57,2.8,1.51,2.58,2021_36_london_wimbledon,2021_36_london_wimbledon_2021-06-30_mager_g_londero_j_i
tennis_data_uk,atp,2021,36,Wimbledon,London,2021-06-30,grand_slam,outdoor,grass,R128,5,Dimitrov G.,Verdasco F.,21,106,2431,738,3,1,3,6,6,3,6,4,6,4,,,completed,1.25,4.0,1.29,4.06,1.35,4.2,1.26,3.87,2021_36_london_wimbledon,2021_36_london_wimbledon_2021-06-30_dimitrov_g_verdasco_f
tennis_data_uk,atp,2021,36,Wimbledon,London,2021-06-30,grand_slam,outdoor,grass,R128,5,Sonego L.,Sousa P.,27,121,2038,678,3,0,6,2,7,5,6,0,,,,,completed,1.03,15.0,1.03,19.73,1.06,24.0,1.03,14.59,2021_36_london_wimbledon,2021_36_london_wimbledon_2021-06-30_sonego_l_sousa_p
tennis_data_uk,atp,2021,36,Wimbledon,London,2021-06-30,grand_slam,outdoor,grass,R128,5,Cilic M.,Caruso S.,37,96,1660,809,3,0,7,6,7,6,6,1,,,,,completed,1.06,10.0,1.05,13.95,1.06,14.0,1.04,11.1,2021_36_london_wimbledon,2021_36_london_wimbledon_2021-06-30_cilic_m_caruso_s
tennis_data_uk,atp,2021,36,Wimbledon,London,2021-06-30,grand_slam,outdoor,grass,R128,5,Fritz T.,Nakashima B.,40,138,1590,549,3,1,7,5,3,6,6,4,7,5,,,completed,2.75,1.44,3.05,1.43,3.1,1.53,2.91,1.41,2021_36_london_wimbledon,2021_36_london_wimbledon_2021-06-30_fritz_t_nakashima_b
tennis_data_uk,atp,2021,36,Wimbledon,London,2021-06-30,grand_slam,outdoor,grass,R128,5,Auger-Aliassime F.,Monteiro T.,19,81,2468,891,3,0,6,3,6,3,6,3,,,,,completed,1.08,8.0,1.09,9.62,1.11,10.8,1.08,8.31,2021_36_london_wimbledon,2021_36_london_wimbledon_2021-06-30_auger_aliassime_f_monteiro_t
tennis_data_uk,atp,2021,36,Wimbledon,London,2021-06-30,grand_slam,outdoor,grass,R128,5,Kyrgios N.,Humbert U.,60,25,1113,2270,3,2,6,4,4,6,3,6,6,1,9,7,completed,2.5,1.53,2.48,1.61,2.63,1.63,2.47,1.55,2021_36_london_wimbledon,2021_36_london_wimbledon_2021-06-30_kyrgios_n_humbert_u
tennis_data_uk,atp,2021,36,Wimbledon,London,2021-06-30,grand_slam,outdoor,grass,R128,5,Bonzi B.,Trungelliti M.,119,205,683,341,3,2,6,1,1,6,4,6,6,3,6,4,completed,1.25,4.0,1.22,4.91,1.32,4.91,1.24,4.12,2021_36_london_wimbledon,2021_36_london_wimbledon_2021-06-30_bonzi_b_trungelliti_m
tennis_data_uk,atp,2021,36,Wimbledon,London,2021-06-30,grand_slam,outdoor,grass,R128,5,Monfils G.,O Connell C.,17,130,2568,609,3,2,4,6,6,2,7,6,4,6,6,4,completed,1.9,1.9,1.8,2.13,2.01,2.13,1.81,2.02,2021_36_london_wimbledon,2021_36_london_wimbledon_2021-06-30_monfils_g_o_connell_c
tennis_data_uk,atp,2021,36,Wimbledon,London,2021-06-30,grand_slam,outdoor,grass,R128,5,Bublik A.,Kukushkin M.,38,105,1641,742,3,0,6,4,6,2,6,1,,,,,completed,1.22,4.33,1.22,4.83,1.28,4.83,1.21,4.42,2021_36_london_wimbledon,2021_36_london_wimbledon_2021-06-30_bublik_a_kukushkin_m
tennis_data_uk,atp,2021,36,Wimbledon,London,2021-06-30,grand_slam,outdoor,grass,R128,5,Johnson S.,Novak D.,74,122,929,677,3,0,7,6,6,2,7,5,,,,,completed,1.8,2.0,1.71,2.28,1.8,2.28,1.7,2.17,2021_36_london_wimbledon,2021_36_london_wimbledon_2021-06-30_johnson_s_novak_d
tennis_data_uk,atp,2021,36,Wimbledon,London,2021-06-30,grand_slam,outdoor,grass,R64,5,Djokovic N.,Anderson K.,1,102,12113,753,3,0,6,3,6,3,6,3,,,,,completed,1.02,19.0,1.03,18.8,1.04,26.0,1.02,15.29,2021_36_london_wimbledon,2021_36_london_wimbledon_2021-06-30_djokovic_n_anderson_k
tennis_data_uk,atp,2021,36,Wimbledon,London,2021-06-30,grand_slam,outdoor,grass,R64,5,Kudla D.,Seppi A.,114,90,698,863,3,0,6,2,6,4,6,2,,,,,completed,1.66,2.2,1.69,2.3,1.69,2.3,1.65,2.24,2021_36_london_wimbledon,2021_36_london_wimbledon_2021-06-30_kudla_d_seppi_a
tennis_data_uk,atp,2021,36,Wimbledon,London,2021-06-30,grand_slam,outdoor,grass,R64,5,Evans D.,Lajovic D.,26,42,2151,1540,3,0,6,3,6,3,6,4,,,,,completed,1.1,7.0,1.1,8.46,1.13,9.0,1.09,7.28,2021_36_london_wimbledon,2021_36_london_wimbledon_2021-06-30_evans_d_lajovic_d
tennis_data_uk,atp,2021,36,Wimbledon,London,2021-06-30,grand_slam,outdoor,grass,R64,5,Fucsovics M.,Vesely J.,48,72,1344,954,1,0,6,3,5,4,,,,,,,retired,1.53,2.5,1.6,2.5,1.65,2.62,1.57,2.41,2021_36_london_wimbledon,2021_36_london_wimbledon_2021-06-30_fucsovics_m_vesely_j
tennis_data_uk,atp,2021,36,Wimbledon,London,2021-06-30,grand_slam,outdoor,grass,R64,5,Khachanov K.,Gerasimov E.,29,73,1965,941,3,0,6,1,7,6,6,3,,,,,completed,1.2,4.5,1.21,5.08,1.22,5.5,1.19,4.81,2021_36_london_wimbledon,2021_36_london_wimbledon_2021-06-30_khachanov_k_gerasimov_e
tennis_data_uk,atp,2021,36,Wimbledon,London,2021-06-30,grand_slam,outdoor,grass,R64,5,Shapovalov D.,Andujar P.,12,70,2915,1005,,,,,,,,,,,,,walkover,1.07,9.0,1.07,11.29,1.07,13.0,1.06,9.87,2021_36_london_wimbledon,2021_36_london_wimbledon_2021-06-30_shapovalov_d_andujar_p
tennis_data_uk,atp,2021,36,Wimbledon,London,2021-06-30,grand_slam,outdoor,grass,R64,5,Fognini F.,Djere L.,31,55,1868,1168,3,1,6,3,6,4,0,6,6,4,,,completed,1.33,3.4,1.4,3.25,1.4,3.52,1.35,3.2,2021_36_london_wimbledon,2021_36_london_wimbledon_2021-06-30_fognini_f_djere_l
tennis_data_uk,atp,2021,36,Wimbledon,London,2021-06-30,grand_slam,outdoor,grass,R64,5,Koepfer D.,Kwon S.W.,62,71,1108,986,3,2,6,3,6,7,7,6,5,7,6,3,completed,1.57,2.37,1.6,2.51,1.65,2.51,1.58,2.39,2021_36_london_wimbledon,2021_36_london_wimbledon_2021-06-30_koepfer_d_kwon_s_w
tennis_data_uk,atp,2021,36,Wimbledon,London,2021-06-30,grand_slam,outdoor,grass,R64,5,Tiafoe F.,Pospisil V.,57,65,1148,1071,3,0,6,4,6,4,6,4,,,,,completed,1.8,2.0,1.85,2.07,1.91,2.37,1.75,2.1,2021_36_london_wimbledon,2021_36_london_wimbledon_2021-06-30_tiafoe_f_pospisil_v
tennis_data_uk,atp,2021,36,Wimbledon,London,2021-06-30,grand_slam,outdoor,grass,R64,5,Schwartzman D.,Broady L.,11,143,3060,509,3,1,4,6,6,2,6,1,6,4,,,completed,1.22,4.33,1.24,4.58,1.25,5.5,1.22,4.36,2021_36_london_wimbledon,2021_36_london_wimbledon_2021-06-30_schwartzman_d_broady_l
tennis_data_uk,atp,2021,36,Wimbledon,London,2021-06-30,grand_slam,outdoor,grass,R64,5,Korda S.,Hoang A.,50,156,1272,456,3,0,7,5,6,4,6,4,,,,,completed,1.08,8.0,1.11,7.87,1.13,8.0,1.1,7.09,2021_36_london_wimbledon,2021_36_london_wimbledon_2021-06-30_korda_s_hoang_a
tennis_data_uk,atp,2021,36,Wimbledon,London,2021-06-30,grand_slam,outdoor,grass,R64,5,Murray A.,Otte O.,118,151,685,479,3,2,6,3,4,6,4,6,6,4,6,2,completed,1.33,3.4,1.34,3.6,1.44,3.6,1.34,3.24,2021_36_london_wimbledon,2021_36_london_wimbledon_2021-06-30_murray_a_otte_o
tennis_data_uk,atp,2021,36,Wimbledon,London,2021-06-30,grand_slam,outdoor,grass,R64,5,Rublev A.,Harris L.,7,51,6120,1268,3,0,6,1,6,2,7,5,,,,,completed,1.16,5.0,1.17,5.84,1.2,6.0,1.16,5.31,2021_36_london_wimbledon,2021_36_london_wimbledon_2021-06-30_rublev_a_harris_l
tennis_data_uk,atp,2021,36,Wimbledon,London,2021-07-01,grand_slam,outdoor,grass,R64,5,Zverev A.,Sandgren T.,6,68,7305,1019,3,0,7,5,6,2,6,3,,,,,completed,1.08,8.0,1.06,12.08,1.09,12.08,1.06,9.38,2021_36_london_wimbledon,2021_36_london_wimbledon_2021-07-01_zverev_a_sandgren_t
tennis_data_uk,atp,2021,36,Wimbledon,London,2021-07-01,grand_slam,outdoor,grass,R64,5,Bedene A.,Nishioka Y.,64,58,1089,1142,3,0,6,1,6,0,6,2,,,,,completed,1.44,2.75,1.45,3.0,1.5,3.04,1.45,2.77,2021_36_london_wimbledon,2021_36_london_wimbledon_2021-07-01_bedene_a_nishioka_y
tennis_data_uk,atp,2021,36,Wimbledon,London,2021-07-01,grand_slam,outdoor,grass,R64,5,Garin C.,Polmans M.,20,154,2440,467,3,1,7,6,6,2,2,6,7,6,,,completed,1.33,3.4,1.38,3.36,1.42,3.44,1.35,3.19,2021_36_london_wimbledon,2021_36_london_wimbledon_2021-07-01_garin_c_polmans_m
tennis_data_uk,atp,2021,36,Wimbledon,London,2021-07-01,grand_slam,outdoor,grass,R64,5,Duckworth J.,Querrey S.,91,54,853,1183,3,1,7,5,6,7,6,3,6,2,,,completed,3.75,1.28,4.01,1.29,4.33,1.32,3.83,1.26,2021_36_london_wimbledon,2021_36_london_wimbledon_2021-07-01_duckworth_j_querrey_s
tennis_data_uk,atp,2021,36,Wimbledon,London,2021-07-01,grand_slam,outdoor,grass,R64,5,Bautista Agut R.,Kecmanovic M.,10,49,3125,1309,3,2,6,3,6,3,6,7,3,6,6,3,completed,1.28,3.75,1.3,3.89,1.34,4.0,1.29,3.59,2021_36_london_wimbledon,2021_36_london_wimbledon_2021-07-01_bautista_agut_r_kecmanovic_m
tennis_data_uk,atp,2021,36,Wimbledon,London,2021-07-01,grand_slam,outdoor,grass,R64,5,Berrettini M.,Van De Zandschulp B.,9,139,4468,540,3,0,6,3,6,4,7,6,,,,,completed,1.05,11.0,1.05,13.53,1.07,17.75,1.05,11.01,2021_36_london_wimbledon,2021_36_london_wimbledon_2021-07-01_berrettini_m_van_de_zandschulp_b
tennis_data_uk,atp,2021,36,Wimbledon,London,2021-07-01,grand_slam,outdoor,grass,R64,5,Martinez P.,Monfils G.,107,17,736,2568,3,1,6,3,6,4,4,6,7,6,,,completed,2.75,1.44,2.71,1.53,2.9,1.53,2.71,1.46,2021_36_london_wimbledon,2021_36_london_wimbledon_2021-07-01_martinez_p_monfils_g
tennis_data_uk,atp,2021,36,Wimbledon,London,2021-07-01,grand_slam,outdoor,grass,R64,5,Norrie C.,Bolt A.,34,149,1770,482,3,0,6,3,6,1,6,2,,,,,completed,1.3,3.5,1.31,3.87,1.36,3.87,1.3,3.54,2021_36_london_wimbledon,2021_36_london_wimbledon_2021-07-01_norrie_c_bolt_a
tennis_data_uk,atp,2021,36,Wimbledon,London,2021-07-01,grand_slam,outdoor,grass,R64,5,Thompson J.,Nishikori K.,78,53,902,1183,3,1,7,5,6,4,5,7,6,3,,,completed,4.33,1.22,4.46,1.25,4.8,1.28,4.21,1.23,2021_36_london_wimbledon,2021_36_london_wimbledon_2021-07-01_thompson_j_nishikori_k
tennis_data_uk,atp,2021,36,Wimbledon,London,2021-07-01,grand_slam,outdoor,grass,R64,5,Ivashka I.,Chardy J.,79,61,900,1111,3,1,4,6,6,3,6,2,6,4,,,completed,1.66,2.2,1.74,2.23,1.74,2.36,1.65,2.24,2021_36_london_wimbledon,2021_36_london_wimbledon_2021-07-01_ivashka_i_chardy_j
tennis_data_uk,atp,2021,36,Wimbledon,London,2021-07-01,grand_slam,outdoor,grass,R64,5,Sonego L.,Galan D.E.,27,112,2038,706,3,1,4,6,6,3,7,6,6,1,,,completed,1.1,7.0,1.1,8.61,1.11,11.89,1.09,7.56,2021_36_london_wimbledon,2021_36_london_wimbledon_2021-07-01_sonego_l_galan_d_e
tennis_data_uk,atp,2021,36,Wimbledon,London,2021-07-01,grand_slam,outdoor,grass,R64,5,Fritz T.,Johnson S.,40,74,1590,929,3,2,6,4,7,6,4,6,6,7,6,4,completed,1.61,2.3,1.69,2.3,1.77,2.31,1.69,2.19,2021_36_london_wimbledon,2021_36_london_wimbledon_2021-07-01_fritz_t_johnson_s
tennis_data_uk,atp,2021,36,Wimbledon,London,2021-07-01,grand_slam,outdoor,grass,R64,5,Bublik A.,Dimitrov G.,38,21,1641,2431,3,0,6,4,7,6,7,6,,,,,completed,1.8,2.0,1.95,1.95,1.95,2.04,1.85,1.95,2021_36_london_wimbledon,2021_36_london_wimbledon_2021-07-01_bublik_a_dimitrov_g
tennis_data_uk,atp,2021,36,Wimbledon,London,2021-07-01,grand_slam,outdoor,grass,R64,5,Medvedev D.,Alcaraz C.,2,75,10280,924,3,0,6,4,6,1,6,2,,,,,completed,1.05,11.0,1.05,14.2,1.09,14.5,1.04,11.69,2021_36_london_wimbledon,2021_36_london_wimbledon_2021-07-01_medvedev_d_alcaraz_c
tennis_data_uk,atp,2021,36,Wimbledon,London,2021-07-01,grand_slam,outdoor,grass,R64,5,Hurkacz H.,Giron M.,18,66,2533,1037,3,0,6,3,6,2,6,4,,,,,completed,1.4,3.0,1.41,3.18,1.45,3.18,1.4,2.95,2021_36_london_wimbledon,2021_36_london_wimbledon_2021-07-01_hurkacz_h_giron_m
tennis_data_uk,atp,2021,36,Wimbledon,London,2021-07-01,grand_slam,outdoor,grass,R64,5,Cilic M.,Bonzi B.,37,119,1660,683,3,1,6,4,3,6,6,3,7,6,,,completed,1.2,4.5,1.27,4.17,1.27,4.5,1.23,4.19,2021_36_london_wimbledon,2021_36_london_wimbledon_2021-07-01_cilic_m_bonzi_b
tennis_data_uk,atp,2021,36,Wimbledon,London,2021-07-01,grand_slam,outdoor,grass,R64,5,Federer R.,Gasquet R.,8,56,4815,1148,3,0,7,6,6,1,6,4,,,,,completed,1.2,4.5,1.22,4.84,1.25,5.5,1.19,4.63,2021_36_london_wimbledon,2021_36_london_wimbledon_2021-07-01_federer_r_gasquet_r
tennis_data_uk,atp,2021,36,Wimbledon,London,2021-07-01,grand_slam,outdoor,grass,R64,5,Kyrgios N.,Mager G.,60,77,1113,918,3,0,7,6,6,4,6,4,,,,,completed,1.12,6.0,1.16,6.2,1.17,6.75,1.14,5.81,2021_36_london_wimbledon,2021_36_london_wimbledon_2021-07-01_kyrgios_n_mager_g
tennis_data_uk,atp,2021,36,Wimbledon,London,2021-07-01,grand_slam,outdoor,grass,R64,5,Auger-Aliassime F.,Ymer M.,19,98,2468,796,3,1,6,4,4,6,7,6,6,1,,,completed,1.08,8.0,1.12,7.77,1.13,9.91,1.09,7.31,2021_36_london_wimbledon,2021_36_london_wimbledon_2021-07-01_auger_aliassime_f_ymer_m
tennis_data_uk,atp,2021,36,Wimbledon,London,2021-07-02,grand_slam,outdoor,grass,R32,5,Rublev A.,Fognini F.,7,31,6120,1868,3,1,6,3,5,7,6,4,6,2,,,completed,1.12,6.0,1.13,7.38,1.19,8.0,1.13,5.88,2021_36_london_wimbledon,2021_36_london_wimbledon_2021-07-02_rublev_a_fognini_f
tennis_data_uk,atp,2021,36,Wimbledon,London,2021-07-02,grand_slam,outdoor,grass,R32,5,Khachanov K.,Tiafoe F.,29,57,1965,1148,3,0,6,3,6,4,6,4,,,,,completed,2.2,1.66,2.16,1.78,2.3,1.78,2.21,1.67,2021_36_london_wimbledon,2021_36_london_wimbledon_2021-07-02_khachanov_k_tiafoe_f
tennis_data_uk,atp,2021,36,Wimbledon,London,2021-07-02,grand_slam,outdoor,grass,R32,5,Garin C.,Martinez P.,20,107,2440,736,3,1,6,4,6,3,4,6,6,4,,,completed,1.4,3.0,1.43,3.08,1.43,3.38,1.39,3.0,2021_36_london_wimbledon,2021_36_london_wimbledon_2021-07-02_garin_c_martinez_p
tennis_data_uk,atp,2021,36,Wimbledon,London,2021-07-02,grand_slam,outdoor,grass,R32,5,Fucsovics M.,Schwartzman D.,48,11,1344,3060,3,1,6,3,6,3,6,7,6,4,,,completed,1.9,1.9,2.0,1.9,2.12,1.97,1.97,1.85,2021_36_london_wimbledon,2021_36_london_wimbledon_2021-07-02_fucsovics_m_schwartzman_d
tennis_data_uk,atp,2021,36,Wimbledon,London,2021-07-02,grand_slam,outdoor,grass,R32,5,Bautista Agut R.,Koepfer D.,10,62,3125,1108,3,0,7,5,6,1,7,6,,,,,completed,1.36,3.2,1.38,3.35,1.4,3.4,1.36,3.15,2021_36_london_wimbledon,2021_36_london_wimbledon_2021-07-02_bautista_agut_r_koepfer_d
tennis_data_uk,atp,2021,36,Wimbledon,London,2021-07-02,grand_slam,outdoor,grass,R32,5,Djokovic N.,Kudla D.,1,114,12113,698,3,0,6,4,6,3,7,6,,,,,completed,1.02,19.0,1.02,25.13,1.03,26.0,1.02,16.74,2021_36_london_wimbledon,2021_36_london_wimbledon_2021-07-02_djokovic_n_kudla_d
tennis_data_uk,atp,2021,36,Wimbledon,London,2021-07-02,grand_slam,outdoor,grass,R32,5,Korda S.,Evans D.,50,26,1272,2151,3,1,6,3,3,6,6,3,6,4,,,completed,2.1,1.72,2.3,1.69,2.42,1.83,2.2,1.68,2021_36_london_wimbledon,2021_36_london_wimbledon_2021-07-02_korda_s_evans_d
tennis_data_uk,atp,2021,36,Wimbledon,London,2021-07-02,grand_slam,outdoor,grass,R32,5,Shapovalov D.,Murray A.,12,118,2915,685,3,0,6,4,6,2,6,2,,,,,completed,1.28,3.75,1.26,4.35,1.3,4.4,1.25,3.94,2021_36_london_wimbledon,2021_36_london_wimbledon_2021-07-02_shapovalov_d_murray_a
tennis_data_uk,atp,2021,36,Wimbledon,London,2021-07-03,grand_slam,outdoor,grass,R32,5,Berrettini M.,Bedene A.,9,64,4468,1089,3,0,6,4,6,4,6,4,,,,,completed,1.16,5.0,1.13,7.16,1.19,7.5,1.12,6.37,2021_36_london_wimbledon,2021_36_london_wimbledon_2021-07-03_berrettini_m_bedene_a
tennis_data_uk,atp,2021,36,Wimbledon,London,2021-07-03,grand_slam,outdoor,grass,R32,5,Ivashka I.,Thompson J.,79,78,900,902,3,0,6,4,6,4,6,4,,,,,completed,1.61,2.3,1.68,2.34,1.72,2.35,1.64,2.26,2021_36_london_wimbledon,2021_36_london_wimbledon_2021-07-03_ivashka_i_thompson_j
tennis_data_uk,atp,2021,36,Wimbledon,London,2021-07-03,grand_slam,outdoor,grass,R32,5,Sonego L.,Duckworth J.,27,91,2038,853,3,0,6,3,6,4,6,4,,,,,completed,1.4,3.0,1.42,3.11,1.48,3.11,1.41,2.91,2021_36_london_wimbledon,2021_36_london_wimbledon_2021-07-03_sonego_l_duckworth_j
tennis_data_uk,atp,2021,36,Wimbledon,London,2021-07-03,grand_slam,outdoor,grass,R32,5,Hurkacz H.,Bublik A.,18,38,2533,1641,3,0,6,3,6,4,6,2,,,,,completed,1.66,2.2,1.67,2.35,1.71,2.4,1.65,2.26,2021_36_london_wimbledon,2021_36_london_wimbledon_2021-07-03_hurkacz_h_bublik_a
tennis_data_uk,atp,2021,36,Wimbledon,London,2021-07-03,grand_slam,outdoor,grass,R32,5,Zverev A.,Fritz T.,6,40,7305,1590,3,1,6,7,6,4,6,3,7,6,,,completed,1.08,8.0,1.11,8.15,1.13,8.25,1.1,7.24,2021_36_london_wimbledon,2021_36_london_wimbledon_2021-07-03_zverev_a_fritz_t
tennis_data_uk,atp,2021,36,Wimbledon,London,2021-07-03,grand_slam,outdoor,grass,R32,5,Auger-Aliassime F.,Kyrgios N.,19,60,2468,1113,1,1,2,6,6,1,,,,,,,retired,1.72,2.1,1.8,2.13,1.83,2.16,1.77,2.05,2021_36_london_wimbledon,2021_36_london_wimbledon_2021-07-03_auger_aliassime_f_kyrgios_n
tennis_data_uk,atp,2021,36,Wimbledon,London,2021-07-03,grand_slam,outdoor,grass,R32,5,Federer R.,Norrie C.,8,34,4815,1770,3,1,6,4,6,4,5,7,6,4,,,completed,1.44,2.75,1.5,2.81,1.52,2.95,1.47,2.71,2021_36_london_wimbledon,2021_36_london_wimbledon_2021-07-03_federer_r_norrie_c
tennis_data_uk,atp,2021,36,Wimbledon,London,2021-07-03,grand_slam,outdoor,grass,R32,5,Medvedev D.,Cilic M.,2,37,10280,1660,3,2,6,7,3,6,6,3,6,3,6,2,completed,1.16,5.0,1.18,5.72,1.25,5.75,1.17,5.18,2021_36_london_wimbledon,2021_36_london_wimbledon_2021-07-03_medvedev_d_cilic_m
tennis_data_uk,atp,2021,36,Wimbledon,London,2021-07-05,grand_slam,outdoor,grass,R16,5,Berrettini M.,Ivashka I.,9,79,4468,900,3,0,6,4,6,3,6,1,,,,,completed,1.12,6.0,1.14,6.77,1.15,6.77,1.13,6.14,2021_36_london_wimbledon,2021_36_london_wimbledon_2021-07-05_berrettini_m_ivashka_i
tennis_data_uk,atp,2021,36,Wimbledon,London,2021-07-05,grand_slam,outdoor,grass,R16,5,Khachanov K.,Korda S.,29,50,1965,1272,3,2,3,6,6,4,6,3,5,7,10,8,completed,1.9,1.9,1.88,2.02,1.92,2.06,1.85,1.95,2021_36_london_wimbledon,2021_36_london_wimbledon_2021-07-05_khachanov_k_korda_s
tennis_data_uk,atp,2021,36,Wimbledon,London,2021-07-05,grand_slam,outdoor,grass,R16,5,Shapovalov D.,Bautista Agut R.,12,10,2915,3125,3,0,6,1,6,3,7,5,,,,,completed,1.66,2.2,1.68,2.34,1.73,2.36,1.66,2.23,2021_36_london_wimbledon,2021_36_london_wimbledon_2021-07-05_shapovalov_d_bautista_agut_r
tennis_data_uk,atp,2021,36,Wimbledon,London,2021-07-05,grand_slam,outdoor,grass,R16,5,Fucsovics M.,Rublev A.,48,7,1344,6120,3,2,6,3,4,6,4,6,6,0,6,3,completed,5.5,1.14,5.94,1.17,6.0,1.22,5.27,1.16,2021_36_london_wimbledon,2021_36_london_wimbledon_2021-07-05_fucsovics_m_rublev_a
tennis_data_uk,atp,2021,36,Wimbledon,London,2021-07-05,grand_slam,outdoor,grass,R16,5,Djokovic N.,Garin C.,1,20,12113,2440,3,0,6,2,6,4,6,2,,,,,completed,1.01,21.0,1.01,30.18,1.02,34.0,1.01,19.68,2021_36_london_wimbledon,2021_36_london_wimbledon_2021-07-05_djokovic_n_garin_c
tennis_data_uk,atp,2021,36,Wimbledon,London,2021-07-05,grand_slam,outdoor,grass,R16,5,Auger-Aliassime F.,Zverev A.,19,6,2468,7305,3,2,6,4,7,6,3,6,3,6,6,4,completed,3.5,1.3,4.05,1.29,4.05,1.32,3.67,1.29,2021_36_london_wimbledon,2021_36_london_wimbledon_2021-07-05_auger_aliassime_f_zverev_a
tennis_data_uk,atp,2021,36,Wimbledon,London,2021-07-05,grand_slam,outdoor,grass,R16,5,Federer R.,Sonego L.,8,27,4815,2038,3,0,7,5,6,4,6,2,,,,,completed,1.3,3.5,1.32,3.74,1.36,3.84,1.3,3.51,2021_36_london_wimbledon,2021_36_london_wimbledon_2021-07-05_federer_r_sonego_l
tennis_data_uk,atp,2021,36,Wimbledon,London,2021-07-06,grand_slam,outdoor,grass,R16,5,Hurkacz H.,Medvedev D.,18,2,2533,10280,3,2,2,6,7,6,3,6,6,3,6,3,completed,5.0,1.16,5.42,1.19,6.13,1.19,5.16,1.16,2021_36_london_wimbledon,2021_36_london_wimbledon_2021-07-06_hurkacz_h_medvedev_d
tennis_data_uk,atp,2021,36,Wimbledon,London,2021-07-07,grand_slam,outdoor,grass,QF,5,Shapovalov D.,Khachanov K.,12,29,2915,1965,3,2,6,4,3,6,5,7,6,1,6,4,completed,1.3,3.5,1.34,3.6,1.4,3.82,1.31,3.5,2021_36_london_wimbledon,2021_36_london_wimbledon_2021-07-07_shapovalov_d_khachanov_k
tennis_data_uk,atp,2021,36,Wimbledon,London,2021-07-07,grand_slam,outdoor,grass,QF,5,Djokovic N.,Fucsovics M.,1,48,12113,1344,3,0,6,3,6,4,6,4,,,,,completed,1.03,15.0,1.04,16.96,1.05,17.0,1.03,13.22,2021_36_london_wimbledon,2021_36_london_wimbledon_2021-07-07_djokovic_n_fucsovics_m
tennis_data_uk,atp,2021,36,Wimbledon,London,2021-07-07,grand_slam,outdoor,grass,QF,5,Hurkacz H.,Federer R.,18,8,2533,4815,3,0,6,3,7,6,6,0,,,,,completed,3.0,1.4,2.96,1.46,3.1,1.47,2.9,1.42,2021_36_london_wimbledon,2021_36_london_wimbledon_2021-07-07_hurkacz_h_federer_r
tennis_data_uk,atp,2021,36,Wimbledon,London,2021-07-07,grand_slam,outdoor,grass,QF,5,Berrettini M.,Auger-Aliassime F.,9,19,4468,2468,3,1,6,3,5,7,7,5,6,3,,,completed,1.25,4.0,1.31,3.81,1.34,4.03,1.28,3.7,2021_36_london_wimbledon,2021_36_london_wimbledon_2021-07-07_berrettini_m_auger_aliassime_f
tennis_data_uk,atp,2021,36,Wimbledon,London,2021-07-09,grand_slam,outdoor,grass,SF,5,Berrettini M.,Hurkacz H.,9,18,4468,2533,3,1,6,3,6,0,6,7,6,4,,,completed,1.44,2.75,1.42,3.11,1.47,3.11,1.43,2.88,2021_36_london_wimbledon,2021_36_london_wimbledon_2021-07-09_berrettini_m_hurkacz_h
tennis_data_uk,atp,2021,36,Wimbledon,London,2021-07-09,grand_slam,outdoor,grass,SF,5,Djokovic N.,Shapovalov D.,1,12,12113,2915,3,0,7,6,7,5,7,5,,,,,completed,1.08,8.0,1.11,8.1,1.13,8.5,1.1,7.4,2021_36_london_wimbledon,2021_36_london_wimbledon_2021-07-09_djokovic_n_shapovalov_d
tennis_data_uk,atp,2021,36,Wimbledon,London,2021-07-11,grand_slam,outdoor,grass,F,5,Djokovic N.,Berrettini M.,1,9,12113,4468,3,1,6,7,6,4,6,4,6,3,,,completed,1.22,4.5,1.23,4.69,1.27,5.06,1.21,4.59,2021_36_london_wimbledon,2021_36_london_wimbledon_2021-07-11_djokovic_n_berrettini_m
tennis_data_uk,atp,2021,37,Nordea Open,Bastad,2021-07-12,atp_250,outdoor,clay,R32,3,Hanfmann Y.,Monteiro T.,107,93,747,831,2,0,6,2,7,5,,,,,,,completed,2.0,1.8,2.16,1.77,2.16,1.92,2.05,1.77,2021_37_bastad_nordea_open,2021_37_bastad_nordea_open_2021-07-12_hanfmann_y_monteiro_t
tennis_data_uk,atp,2021,37,Nordea Open,Bastad,2021-07-12,atp_250,outdoor,clay,R32,3,Cecchinato M.,Gasquet R.,82,54,888,1183,2,1,6,2,5,7,6,3,,,,,completed,1.8,2.0,1.75,2.18,2.01,2.27,1.77,2.05,2021_37_bastad_nordea_open,2021_37_bastad_nordea_open_2021-07-12_cecchinato_m_gasquet_r
tennis_data_uk,atp,2021,37,Nordea Open,Bastad,2021-07-12,atp_250,outdoor,clay,R32,3,Ymer E.,Daniel T.,169,106,428,751,2,1,6,2,6,7,6,4,,,,,completed,1.72,2.1,1.75,2.19,2.08,2.19,1.76,2.06,2021_37_bastad_nordea_open,2021_37_bastad_nordea_open_2021-07-12_ymer_e_daniel_t
tennis_data_uk,atp,2021,37,Nordea Open,Bastad,2021-07-13,atp_250,outdoor,clay,R32,3,Rinderknech A.,Sousa P.,105,119,757,679,2,0,6,1,6,1,,,,,,,completed,1.25,4.0,1.24,4.45,1.37,4.5,1.28,3.66,2021_37_bastad_nordea_open,2021_37_bastad_nordea_open_2021-07-13_rinderknech_a_sousa_p
tennis_data_uk,atp,2021,37,Nordea Open,Bastad,2021-07-13,atp_250,outdoor,clay,R32,3,Martinez P.,Novak D.,95,122,811,660,2,0,7,5,6,1,,,,,,,completed,1.44,2.75,1.47,2.87,1.53,2.9,1.45,2.72,2021_37_bastad_nordea_open,2021_37_bastad_nordea_open_2021-07-13_martinez_p_novak_d
tennis_data_uk,atp,2021,37,Nordea Open,Bastad,2021-07-13,atp_250,outdoor,clay,R32,3,Gombos N.,Cuevas P.,99,86,782,864,2,1,1,6,7,6,6,2,,,,,completed,2.75,1.44,3.06,1.42,3.15,1.45,2.91,1.4,2021_37_bastad_nordea_open,2021_37_bastad_nordea_open_2021-07-13_gombos_n_cuevas_p
tennis_data_uk,atp,2021,37,Nordea Open,Bastad,2021-07-13,atp_250,outdoor,clay,R32,3,Vesely J.,Caruso S.,81,96,897,803,2,0,6,3,6,2,,,,,,,completed,1.9,1.9,1.93,1.96,2.05,1.96,1.92,1.87,2021_37_bastad_nordea_open,2021_37_bastad_nordea_open_2021-07-13_vesely_j_caruso_s
tennis_data_uk,atp,2021,37,Nordea Open,Bastad,2021-07-13,atp_250,outdoor,clay,R32,3,Carballes Baena R.,Bagnis F.,97,74,796,938,2,0,6,2,6,4,,,,,,,completed,2.0,1.8,2.23,1.72,2.23,1.82,2.09,1.72,2021_37_bastad_nordea_open,2021_37_bastad_nordea_open_2021-07-13_carballes_baena_r_bagnis_f
tennis_data_uk,atp,2021,37,Nordea Open,Bastad,2021-07-13,atp_250,outdoor,clay,R32,3,Coria F.,Cerundolo F.,77,116,933,698,2,0,6,4,6,4,,,,,,,completed,1.66,2.2,1.66,2.34,1.86,2.34,1.67,2.19,2021_37_bastad_nordea_open,2021_37_bastad_nordea_open_2021-07-13_coria_f_cerundolo_f
tennis_data_uk,atp,2021,37,Nordea Open,Bastad,2021-07-13,atp_250,outdoor,clay,R32,3,Rune H.,Albot R.,211,91,332,836,2,1,4,6,6,3,6,0,,,,,completed,1.44,2.75,1.49,2.81,1.57,3.1,1.47,2.65,2021_37_bastad_nordea_open,2021_37_bastad_nordea_open_2021-07-13_rune_h_albot_r
tennis_data_uk,atp,2021,37,Nordea Open,Bastad,2021-07-13,atp_250,outdoor,clay,R32,3,Ruusuvuori E.,Ymer M.,80,94,919,825,2,1,1,6,6,4,6,3,,,,,completed,2.5,1.53,2.69,1.52,2.7,1.55,2.54,1.5,2021_37_bastad_nordea_open,2021_37_bastad_nordea_open_2021-07-13_ruusuvuori_e_ymer_m
tennis_data_uk,atp,2021,37,Nordea Open,Bastad,2021-07-13,atp_250,outdoor,clay,R32,3,Laaksonen H.,Musetti L.,134,62,581,1106,2,1,6,2,3,6,6,4,,,,,completed,3.0,1.4,3.05,1.43,3.32,1.43,2.96,1.39,2021_37_bastad_nordea_open,2021_37_bastad_nordea_open_2021-07-13_laaksonen_h_musetti_l
tennis_data_uk,atp,2021,37,Nordea Open,Bastad,2021-07-14,atp_250,outdoor,clay,R16,3,Coria F.,Cecchinato M.,77,82,933,888,2,1,4,6,6,4,6,3,,,,,completed,2.37,1.57,2.53,1.59,2.66,1.61,2.44,1.54,2021_37_bastad_nordea_open,2021_37_bastad_nordea_open_2021-07-14_coria_f_cecchinato_m
tennis_data_uk,atp,2021,37,Nordea Open,Bastad,2021-07-14,atp_250,outdoor,clay,R16,3,Garin C.,Martinez P.,18,95,2610,811,2,0,6,3,6,3,,,,,,,completed,1.57,2.37,1.72,2.25,1.72,2.5,1.62,2.27,2021_37_bastad_nordea_open,2021_37_bastad_nordea_open_2021-07-14_garin_c_martinez_p
tennis_data_uk,atp,2021,37,Nordea Open,Bastad,2021-07-14,atp_250,outdoor,clay,R16,3,Rinderknech A.,Millman J.,105,45,757,1476,2,1,6,3,3,6,6,3,,,,,completed,1.44,2.75,1.55,2.65,1.58,2.8,1.5,2.57,2021_37_bastad_nordea_open,2021_37_bastad_nordea_open_2021-07-14_rinderknech_a_millman_j
tennis_data_uk,atp,2021,37,Nordea Open,Bastad,2021-07-14,atp_250,outdoor,clay,R16,3,Hanfmann Y.,Vesely J.,107,81,747,897,2,0,6,4,6,3,,,,,,,completed,1.53,2.5,1.61,2.48,1.63,2.6,1.55,2.41,2021_37_bastad_nordea_open,2021_37_bastad_nordea_open_2021-07-14_hanfmann_y_vesely_j
tennis_data_uk,atp,2021,37,Nordea Open,Bastad,2021-07-15,atp_250,outdoor,clay,R16,3,Gombos N.,Ruusuvuori E.,99,80,782,919,2,0,6,2,6,4,,,,,,,completed,1.72,2.1,1.87,2.04,1.95,2.13,1.8,1.99,2021_37_bastad_nordea_open,2021_37_bastad_nordea_open_2021-07-15_gombos_n_ruusuvuori_e
tennis_data_uk,atp,2021,37,Nordea Open,Bastad,2021-07-15,atp_250,outdoor,clay,R16,3,Carballes Baena R.,Fognini F.,97,31,796,1868,2,1,6,3,1,6,6,4,,,,,completed,2.62,1.5,2.72,1.52,3.27,1.55,2.65,1.47,2021_37_bastad_nordea_open,2021_37_bastad_nordea_open_2021-07-15_carballes_baena_r_fognini_f
tennis_data_uk,atp,2021,37,Nordea Open,Bastad,2021-07-15,atp_250,outdoor,clay,R16,3,Ruud C.,Rune H.,16,211,2725,332,2,0,6,0,6,2,,,,,,,completed,1.12,6.0,1.15,6.36,1.18,6.5,1.14,5.59,2021_37_bastad_nordea_open,2021_37_bastad_nordea_open_2021-07-15_ruud_c_rune_h
tennis_data_uk,atp,2021,37,Nordea Open,Bastad,2021-07-15,atp_250,outdoor,clay,R16,3,Laaksonen H.,Ymer E.,134,169,581,428,2,0,6,2,7,5,,,,,,,completed,1.66,2.2,1.79,2.15,1.79,2.4,1.63,2.25,2021_37_bastad_nordea_open,2021_37_bastad_nordea_open_2021-07-15_laaksonen_h_ymer_e
tennis_data_uk,atp,2021,37,Nordea Open,Bastad,2021-07-16,atp_250,outdoor,clay,QF,3,Hanfmann Y.,Rinderknech A.,107,105,747,757,2,0,6,4,6,3,,,,,,,completed,1.8,2.0,1.86,2.05,1.87,2.16,1.79,2.01,2021_37_bastad_nordea_open,2021_37_bastad_nordea_open_2021-07-16_hanfmann_y_rinderknech_a
tennis_data_uk,atp,2021,37,Nordea Open,Bastad,2021-07-16,atp_250,outdoor,clay,QF,3,Coria F.,Garin C.,77,18,933,2610,2,1,6,4,4,6,6,2,,,,,completed,3.4,1.33,3.43,1.36,3.58,1.39,3.22,1.34,2021_37_bastad_nordea_open,2021_37_bastad_nordea_open_2021-07-16_coria_f_garin_c
tennis_data_uk,atp,2021,37,Nordea Open,Bastad,2021-07-16,atp_250,outdoor,clay,QF,3,Ruud C.,Laaksonen H.,16,134,2725,581,,,,,,,,,,,,,retired,1.14,5.5,1.15,6.52,1.16,6.52,1.12,5.98,2021_37_bastad_nordea_open,2021_37_bastad_nordea_open_2021-07-16_ruud_c_laaksonen_h
tennis_data_uk,atp,2021,37,Nordea Open,Bastad,2021-07-16,atp_250,outdoor,clay,QF,3,Carballes Baena R.,Gombos N.,97,99,796,782,2,0,6,4,6,2,,,,,,,completed,2.0,1.8,2.01,1.9,2.09,2.04,1.98,1.82,2021_37_bastad_nordea_open,2021_37_bastad_nordea_open_2021-07-16_carballes_baena_r_gombos_n
tennis_data_uk,atp,2021,37,Nordea Open,Bastad,2021-07-17,atp_250,outdoor,clay,SF,3,Coria F.,Hanfmann Y.,77,107,933,747,2,0,6,2,6,1,,,,,,,completed,2.0,1.8,2.04,1.87,2.12,1.96,2.0,1.8,2021_37_bastad_nordea_open,2021_37_bastad_nordea_open_2021-07-17_coria_f_hanfmann_y
tennis_data_uk,atp,2021,37,Nordea Open,Bastad,2021-07-17,atp_250,outdoor,clay,SF,3,Ruud C.,Carballes Baena R.,16,97,2725,796,2,0,6,1,6,4,,,,,,,completed,1.14,5.5,1.14,6.84,1.16,6.84,1.14,5.69,2021_37_bastad_nordea_open,2021_37_bastad_nordea_open_2021-07-17_ruud_c_carballes_baena_r
tennis_data_uk,atp,2021,37,Nordea Open,Bastad,2021-07-18,atp_250,outdoor,clay,F,3,Ruud C.,Coria F.,16,77,2725,933,2,0,6,3,6,3,,,,,,,completed,1.14,5.5,1.2,5.22,1.22,5.5,1.17,5.0,2021_37_bastad_nordea_open,2021_37_bastad_nordea_open_2021-07-18_ruud_c_coria_f
tennis_data_uk,atp,2021,38,European Open,Hamburg,2021-07-12,atp_250,outdoor,clay,R32,3,Seyboth Wild T.,Kuhn N.,127,250,637,261,2,1,1,6,6,1,6,2,,,,,completed,1.28,3.75,1.34,3.5,1.34,4.36,1.29,3.54,2021_38_hamburg_european_open,2021_38_hamburg_european_open_2021-07-12_seyboth_wild_t_kuhn_n
tennis_data_uk,atp,2021,38,European Open,Hamburg,2021-07-12,atp_250,outdoor,clay,R32,3,Baez S.,Moutet C.,164,89,440,848,2,0,6,1,6,2,,,,,,,completed,1.9,1.9,2.02,1.87,2.23,1.97,1.93,1.87,2021_38_hamburg_european_open,2021_38_hamburg_european_open_2021-07-12_baez_s_moutet_c
tennis_data_uk,atp,2021,38,European Open,Hamburg,2021-07-12,atp_250,outdoor,clay,R32,3,Kohlschreiber P.,Munar J.,117,66,697,1022,2,0,7,6,6,4,,,,,,,completed,2.1,1.72,2.22,1.72,2.5,1.8,2.19,1.67,2021_38_hamburg_european_open,2021_38_hamburg_european_open_2021-07-12_kohlschreiber_p_munar_j
tennis_data_uk,atp,2021,38,European Open,Hamburg,2021-07-12,atp_250,outdoor,clay,R32,3,Paire B.,Berankis R.,51,84,1297,873,0,0,6,6,,,,,,,,,retired,2.2,1.66,2.37,1.65,2.52,1.81,2.2,1.67,2021_38_hamburg_european_open,2021_38_hamburg_european_open_2021-07-12_paire_b_berankis_r
tennis_data_uk,atp,2021,38,European Open,Hamburg,2021-07-13,atp_250,outdoor,clay,R32,3,Varillas J. P.,Nagal S.,130,154,597,481,2,0,6,0,6,4,,,,,,,completed,1.57,2.37,1.56,2.57,1.6,2.6,1.56,2.4,2021_38_hamburg_european_open,2021_38_hamburg_european_open_2021-07-13_varillas_j_p_nagal_s
tennis_data_uk,atp,2021,38,European Open,Hamburg,2021-07-13,atp_250,outdoor,clay,R32,3,Taberner C.,Lopez F.,114,90,703,843,2,1,6,4,3,6,6,3,,,,,completed,1.3,3.5,1.32,3.7,1.38,3.7,1.3,3.41,2021_38_hamburg_european_open,2021_38_hamburg_european_open_2021-07-13_taberner_c_lopez_f
tennis_data_uk,atp,2021,38,European Open,Hamburg,2021-07-13,atp_250,outdoor,clay,R32,3,Delbonis F.,Zhang Zh.,48,161,1345,449,2,1,6,1,5,7,6,4,,,,,completed,1.3,3.5,1.32,3.66,1.35,4.0,1.31,3.41,2021_38_hamburg_european_open,2021_38_hamburg_european_open_2021-07-13_delbonis_f_zhang_zh
tennis_data_uk,atp,2021,38,European Open,Hamburg,2021-07-13,atp_250,outdoor,clay,R32,3,Krajinovic F.,Altmaier D.,44,149,1514,509,2,1,6,3,6,7,6,1,,,,,completed,2.0,1.8,2.01,1.88,2.1,2.05,1.96,1.83,2021_38_hamburg_european_open,2021_38_hamburg_european_open_2021-07-13_krajinovic_f_altmaier_d
tennis_data_uk,atp,2021,38,European Open,Hamburg,2021-07-13,atp_250,outdoor,clay,R32,3,Molcan A.,Mager G.,160,73,451,953,2,1,4,6,6,4,7,6,,,,,completed,1.61,2.3,1.69,2.28,1.74,2.45,1.65,2.21,2021_38_hamburg_european_open,2021_38_hamburg_european_open_2021-07-13_molcan_a_mager_g
tennis_data_uk,atp,2021,38,European Open,Hamburg,2021-07-13,atp_250,outdoor,clay,R32,3,Djere L.,Struff J.L.,57,47,1168,1410,2,0,6,4,7,5,,,,,,,completed,2.1,1.72,2.12,1.8,2.44,1.8,2.1,1.72,2021_38_hamburg_european_open,2021_38_hamburg_european_open_2021-07-13_djere_l_struff_j_l
tennis_data_uk,atp,2021,38,European Open,Hamburg,2021-07-13,atp_250,outdoor,clay,R32,3,Koepfer D.,Marterer M.,59,200,1153,347,2,1,7,6,2,6,7,6,,,,,completed,1.5,2.62,1.54,2.64,1.64,2.8,1.49,2.59,2021_38_hamburg_european_open,2021_38_hamburg_european_open_2021-07-13_koepfer_d_marterer_m
tennis_data_uk,atp,2021,38,European Open,Hamburg,2021-07-13,atp_250,outdoor,clay,R32,3,Lajovic D.,Pouille L.,43,101,1575,775,2,0,6,4,6,4,,,,,,,completed,1.57,2.37,1.51,2.72,1.62,2.72,1.55,2.42,2021_38_hamburg_european_open,2021_38_hamburg_european_open_2021-07-13_lajovic_d_pouille_l
tennis_data_uk,atp,2021,38,European Open,Hamburg,2021-07-14,atp_250,outdoor,clay,R16,3,Krajinovic F.,Kohlschreiber P.,44,117,1514,697,2,1,7,5,4,6,6,3,,,,,completed,1.8,2.0,1.81,2.12,1.87,2.12,1.77,2.03,2021_38_hamburg_european_open,2021_38_hamburg_european_open_2021-07-14_krajinovic_f_kohlschreiber_p
tennis_data_uk,atp,2021,38,European Open,Hamburg,2021-07-14,atp_250,outdoor,clay,R16,3,Djere L.,Seyboth Wild T.,57,127,1168,637,2,0,7,6,6,1,,,,,,,completed,1.25,4.0,1.33,3.7,1.33,4.5,1.24,4.0,2021_38_hamburg_european_open,2021_38_hamburg_european_open_2021-07-14_djere_l_seyboth_wild_t
tennis_data_uk,atp,2021,38,European Open,Hamburg,2021-07-14,atp_250,outdoor,clay,R16,3,Tsitsipas S.,Koepfer D.,4,59,8150,1153,2,0,7,6,6,3,,,,,,,completed,1.12,6.0,1.11,8.33,1.14,8.33,1.11,6.42,2021_38_hamburg_european_open,2021_38_hamburg_european_open_2021-07-14_tsitsipas_s_koepfer_d
tennis_data_uk,atp,2021,38,European Open,Hamburg,2021-07-15,atp_250,outdoor,clay,R16,3,Basilashvili N.,Baez S.,29,164,1975,440,,,,,,,,,,,,,retired,1.57,2.37,1.61,2.46,1.66,2.59,1.58,2.36,2021_38_hamburg_european_open,2021_38_hamburg_european_open_2021-07-15_basilashvili_n_baez_s
tennis_data_uk,atp,2021,38,European Open,Hamburg,2021-07-15,atp_250,outdoor,clay,R16,3,Lajovic D.,Molcan A.,43,160,1575,451,2,1,6,4,6,7,6,3,,,,,completed,1.8,2.0,1.9,2.0,1.95,2.05,1.83,1.96,2021_38_hamburg_european_open,2021_38_hamburg_european_open_2021-07-15_lajovic_d_molcan_a
tennis_data_uk,atp,2021,38,European Open,Hamburg,2021-07-15,atp_250,outdoor,clay,R16,3,Carreno Busta P.,Taberner C.,13,114,2940,703,2,0,7,5,6,3,,,,,,,completed,1.28,3.75,1.27,4.23,1.32,4.3,1.28,3.67,2021_38_hamburg_european_open,2021_38_hamburg_european_open_2021-07-15_carreno_busta_p_taberner_c
tennis_data_uk,atp,2021,38,European Open,Hamburg,2021-07-15,atp_250,outdoor,clay,R16,3,Delbonis F.,Ramos-Vinolas A.,48,41,1345,1608,2,0,6,3,7,6,,,,,,,completed,1.61,2.3,1.66,2.38,1.71,2.47,1.63,2.25,2021_38_hamburg_european_open,2021_38_hamburg_european_open_2021-07-15_delbonis_f_ramos_vinolas_a
tennis_data_uk,atp,2021,38,European Open,Hamburg,2021-07-15,atp_250,outdoor,clay,R16,3,Paire B.,Varillas J. P.,51,130,1297,597,2,0,7,5,7,6,,,,,,,completed,2.75,1.44,3.08,1.43,3.08,1.51,2.76,1.44,2021_38_hamburg_european_open,2021_38_hamburg_european_open_2021-07-15_paire_b_varillas_j_p
tennis_data_uk,atp,2021,38,European Open,Hamburg,2021-07-16,atp_250,outdoor,clay,QF,3,Djere L.,Basilashvili N.,57,29,1168,1975,2,0,6,2,6,2,,,,,,,completed,1.53,2.5,1.57,2.58,1.65,2.58,1.55,2.43,2021_38_hamburg_european_open,2021_38_hamburg_european_open_2021-07-16_djere_l_basilashvili_n
tennis_data_uk,atp,2021,38,European Open,Hamburg,2021-07-16,atp_250,outdoor,clay,QF,3,Krajinovic F.,Tsitsipas S.,44,4,1514,8150,2,1,3,6,6,1,6,3,,,,,completed,5.5,1.14,7.75,1.12,8.25,1.16,6.65,1.11,2021_38_hamburg_european_open,2021_38_hamburg_european_open_2021-07-16_krajinovic_f_tsitsipas_s
tennis_data_uk,atp,2021,38,European Open,Hamburg,2021-07-16,atp_250,outdoor,clay,QF,3,Carreno Busta P.,Lajovic D.,13,43,2940,1575,2,0,7,6,6,3,,,,,,,completed,1.3,3.5,1.3,3.91,1.39,4.8,1.28,3.62,2021_38_hamburg_european_open,2021_38_hamburg_european_open_2021-07-16_carreno_busta_p_lajovic_d
tennis_data_uk,atp,2021,38,European Open,Hamburg,2021-07-16,atp_250,outdoor,clay,QF,3,Delbonis F.,Paire B.,48,51,1345,1297,2,1,4,6,7,6,6,4,,,,,completed,1.22,4.33,1.23,4.66,1.28,5.0,1.21,4.4,2021_38_hamburg_european_open,2021_38_hamburg_european_open_2021-07-16_delbonis_f_paire_b
tennis_data_uk,atp,2021,38,European Open,Hamburg,2021-07-17,atp_250,outdoor,clay,SF,3,Krajinovic F.,Djere L.,44,57,1514,1168,2,0,6,4,6,2,,,,,,,completed,1.66,2.2,1.71,2.27,1.74,2.45,1.66,2.21,2021_38_hamburg_european_open,2021_38_hamburg_european_open_2021-07-17_krajinovic_f_djere_l
tennis_data_uk,atp,2021,38,European Open,Hamburg,2021-07-17,atp_250,outdoor,clay,SF,3,Carreno Busta P.,Delbonis F.,13,48,2940,1345,2,0,7,6,6,3,,,,,,,completed,1.5,2.62,1.51,2.78,1.6,2.88,1.48,2.61,2021_38_hamburg_european_open,2021_38_hamburg_european_open_2021-07-17_carreno_busta_p_delbonis_f
tennis_data_uk,atp,2021,38,European Open,Hamburg,2021-07-18,atp_250,outdoor,clay,F,3,Carreno Busta P.,Krajinovic F.,13,44,2940,1514,2,0,6,2,6,4,,,,,,,completed,1.66,2.2,1.74,2.23,1.78,2.29,1.68,2.16,2021_38_hamburg_european_open,2021_38_hamburg_european_open_2021-07-18_carreno_busta_p_krajinovic_f
tennis_data_uk,atp,2021,39,Hall of Fame Championships,Newport,2021-07-12,atp_250,outdoor,grass,R32,3,Brooksby J.,Donskoy E.,152,142,487,537,2,0,7,5,6,3,,,,,,,completed,1.57,2.37,1.53,2.67,1.63,2.67,1.54,2.44,2021_39_newport_hall_of_fame_championships,2021_39_newport_hall_of_fame_championships_2021-07-12_brooksby_j_donskoy_e
tennis_data_uk,atp,2021,39,Hall of Fame Championships,Newport,2021-07-12,atp_250,outdoor,grass,R32,3,Kudla D.,Johnson S.,104,83,768,884,2,1,7,6,3,6,6,4,,,,,completed,1.66,2.2,1.68,2.3,1.81,2.3,1.67,2.18,2021_39_newport_hall_of_fame_championships,2021_39_newport_hall_of_fame_championships_2021-07-12_kudla_d_johnson_s
tennis_data_uk,atp,2021,39,Hall of Fame Championships,Newport,2021-07-12,atp_250,outdoor,grass,R32,3,Sugita Y.,Rodionov J.,111,138,713,572,2,0,7,5,6,3,,,,,,,completed,2.3,1.61,2.44,1.61,2.44,1.78,2.25,1.63,2021_39_newport_hall_of_fame_championships,2021_39_newport_hall_of_fame_championships_2021-07-12_sugita_y_rodionov_j
tennis_data_uk,atp,2021,39,Hall of Fame Championships,Newport,2021-07-12,atp_250,outdoor,grass,R32,3,Anderson K.,Marchenko I.,113,156,708,470,2,0,7,5,6,3,,,,,,,completed,1.33,3.4,1.31,3.78,1.33,3.9,1.3,3.5,2021_39_newport_hall_of_fame_championships,2021_39_newport_hall_of_fame_championships_2021-07-12_anderson_k_marchenko_i
tennis_data_uk,atp,2021,39,Hall of Fame Championships,Newport,2021-07-12,atp_250,outdoor,grass,R32,3,Thompson J.,Stebe C.M.,71,139,982,566,0,0,5,4,,,,,,,,,retired,1.25,4.0,1.24,4.55,1.27,4.55,1.23,4.1,2021_39_newport_hall_of_fame_championships,2021_39_newport_hall_of_fame_championships_2021-07-12_thompson_j_stebe_c_m
tennis_data_uk,atp,2021,39,Hall of Fame Championships,Newport,2021-07-13,atp_250,outdoor,grass,R32,3,Ofner S.,Uchiyama Y.,167,118,431,688,2,0,6,4,6,4,,,,,,,completed,1.44,2.75,1.47,2.87,1.62,3.1,1.44,2.75,2021_39_newport_hall_of_fame_championships,2021_39_newport_hall_of_fame_championships_2021-07-13_ofner_s_uchiyama_y
tennis_data_uk,atp,2021,39,Hall of Fame Championships,Newport,2021-07-13,atp_250,outdoor,grass,R32,3,Karlovic I.,Zapata Miralles B.,210,120,332,670,2,1,6,7,6,1,6,4,,,,,completed,2.37,1.57,2.45,1.61,2.7,1.66,2.47,1.53,2021_39_newport_hall_of_fame_championships,2021_39_newport_hall_of_fame_championships_2021-07-13_karlovic_i_zapata_miralles_b
tennis_data_uk,atp,2021,39,Hall of Fame Championships,Newport,2021-07-13,atp_250,outdoor,grass,R32,3,Jung J.,Schnur B.,163,248,441,263,2,1,7,5,6,7,7,6,,,,,completed,2.0,1.8,2.37,1.65,2.37,1.82,2.12,1.71,2021_39_newport_hall_of_fame_championships,2021_39_newport_hall_of_fame_championships_2021-07-13_jung_j_schnur_b
tennis_data_uk,atp,2021,39,Hall of Fame Championships,Newport,2021-07-13,atp_250,outdoor,grass,R32,3,Sandgren T.,Sousa J.,78,133,929,592,2,0,6,4,7,6,,,,,,,completed,1.53,2.5,1.48,2.82,1.59,2.88,1.49,2.6,2021_39_newport_hall_of_fame_championships,2021_39_newport_hall_of_fame_championships_2021-07-13_sandgren_t_sousa_j
tennis_data_uk,atp,2021,39,Hall of Fame Championships,Newport,2021-07-13,atp_250,outdoor,grass,R32,3,Sock J.,Bolt A.,231,146,301,519,2,1,3,6,6,4,6,3,,,,,completed,2.2,1.66,2.5,1.59,2.52,1.79,2.35,1.59,2021_39_newport_hall_of_fame_championships,2021_39_newport_hall_of_fame_championships_2021-07-13_sock_j_bolt_a
tennis_data_uk,atp,2021,39,Hall of Fame Championships,Newport,2021-07-13,atp_250,outdoor,grass,R32,3,Gojowczyk P.,Krueger M.,131,195,594,356,2,0,6,2,6,2,,,,,,,completed,1.57,2.37,1.62,2.43,1.64,2.6,1.57,2.36,2021_39_newport_hall_of_fame_championships,2021_39_newport_hall_of_fame_championships_2021-07-13_gojowczyk_p_krueger_m
tennis_data_uk,atp,2021,39,Hall of Fame Championships,Newport,2021-07-13,atp_250,outdoor,grass,R32,3,Cressy M.,Lorenzi P.,155,171,473,425,2,0,6,1,6,2,,,,,,,completed,1.22,4.33,1.22,4.85,1.29,4.85,1.22,4.18,2021_39_newport_hall_of_fame_championships,2021_39_newport_hall_of_fame_championships_2021-07-13_cressy_m_lorenzi_p
tennis_data_uk,atp,2021,39,Hall of Fame Championships,Newport,2021-07-14,atp_250,outdoor,grass,R16,3,Thompson J.,Sugita Y.,71,111,982,713,2,0,6,0,6,2,,,,,,,completed,1.28,3.75,1.26,4.3,1.29,4.35,1.25,3.9,2021_39_newport_hall_of_fame_championships,2021_39_newport_hall_of_fame_championships_2021-07-14_thompson_j_sugita_y
tennis_data_uk,atp,2021,39,Hall of Fame Championships,Newport,2021-07-14,atp_250,outdoor,grass,R16,3,Brooksby J.,Kudla D.,152,104,487,768,2,1,6,3,4,6,7,5,,,,,completed,2.5,1.53,2.42,1.64,2.5,1.67,2.39,1.57,2021_39_newport_hall_of_fame_championships,2021_39_newport_hall_of_fame_championships_2021-07-14_brooksby_j_kudla_d
tennis_data_uk,atp,2021,39,Hall of Fame Championships,Newport,2021-07-14,atp_250,outdoor,grass,R16,3,Anderson K.,Ofner S.,113,167,708,431,2,0,7,5,7,6,,,,,,,completed,1.44,2.75,1.43,3.05,1.48,3.05,1.44,2.77,2021_39_newport_hall_of_fame_championships,2021_39_newport_hall_of_fame_championships_2021-07-14_anderson_k_ofner_s
tennis_data_uk,atp,2021,39,Hall of Fame Championships,Newport,2021-07-14,atp_250,outdoor,grass,R16,3,Bublik A.,Karlovic I.,37,210,1721,332,2,1,7,6,4,6,6,1,,,,,completed,1.3,3.5,1.38,3.35,1.38,4.49,1.33,3.3,2021_39_newport_hall_of_fame_championships,2021_39_newport_hall_of_fame_championships_2021-07-14_bublik_a_karlovic_i
tennis_data_uk,atp,2021,39,Hall of Fame Championships,Newport,2021-07-14,atp_250,outdoor,grass,R16,3,Jung J.,Sandgren T.,163,78,441,929,2,0,6,2,6,2,,,,,,,completed,2.75,1.44,3.16,1.41,3.22,1.48,2.92,1.4,2021_39_newport_hall_of_fame_championships,2021_39_newport_hall_of_fame_championships_2021-07-14_jung_j_sandgren_t
tennis_data_uk,atp,2021,39,Hall of Fame Championships,Newport,2021-07-14,atp_250,outdoor,grass,R16,3,Gojowczyk P.,Pospisil V.,131,61,594,1106,2,0,6,3,6,3,,,,,,,completed,2.75,1.44,2.68,1.53,2.78,1.56,2.56,1.5,2021_39_newport_hall_of_fame_championships,2021_39_newport_hall_of_fame_championships_2021-07-14_gojowczyk_p_pospisil_v
tennis_data_uk,atp,2021,39,Hall of Fame Championships,Newport,2021-07-14,atp_250,outdoor,grass,R16,3,Sock J.,Nishioka Y.,231,55,301,1177,2,0,6,2,6,3,,,,,,,completed,1.72,2.1,1.85,2.07,1.85,2.21,1.74,2.08,2021_39_newport_hall_of_fame_championships,2021_39_newport_hall_of_fame_championships_2021-07-14_sock_j_nishioka_y
tennis_data_uk,atp,2021,39,Hall of Fame Championships,Newport,2021-07-14,atp_250,outdoor,grass,R16,3,Cressy M.,Querrey S.,155,68,473,1003,2,1,6,4,2,6,6,2,,,,,completed,3.0,1.4,2.9,1.47,3.0,1.48,2.77,1.43,2021_39_newport_hall_of_fame_championships,2021_39_newport_hall_of_fame_championships_2021-07-14_cressy_m_querrey_s
tennis_data_uk,atp,2021,39,Hall of Fame Championships,Newport,2021-07-15,atp_250,outdoor,grass,QF,3,Bublik A.,Jung J.,37,163,1721,441,2,0,6,2,6,4,,,,,,,completed,1.3,3.5,1.35,3.49,1.36,3.63,1.31,3.37,2021_39_newport_hall_of_fame_championships,2021_39_newport_hall_of_fame_championships_2021-07-15_bublik_a_jung_j
tennis_data_uk,atp,2021,39,Hall of Fame Championships,Newport,2021-07-15,atp_250,outdoor,grass,QF,3,Anderson K.,Sock J.,113,231,708,301,2,1,6,7,6,2,6,4,,,,,completed,1.53,2.5,1.47,2.9,1.58,2.9,1.48,2.63,2021_39_newport_hall_of_fame_championships,2021_39_newport_hall_of_fame_championships_2021-07-15_anderson_k_sock_j
tennis_data_uk,atp,2021,39,Hall of Fame Championships,Newport,2021-07-16,atp_250,outdoor,grass,QF,3,Brooksby J.,Gojowczyk P.,152,131,487,594,2,0,6,0,6,3,,,,,,,completed,1.72,2.1,1.75,2.21,1.81,2.21,1.74,2.08,2021_39_newport_hall_of_fame_championships,2021_39_newport_hall_of_fame_championships_2021-07-16_brooksby_j_gojowczyk_p
tennis_data_uk,atp,2021,39,Hall of Fame Championships,Newport,2021-07-16,atp_250,outdoor,grass,QF,3,Thompson J.,Cressy M.,71,155,982,473,2,0,6,3,7,6,,,,,,,completed,1.44,2.75,1.5,2.81,1.53,2.81,1.47,2.65,2021_39_newport_hall_of_fame_championships,2021_39_newport_hall_of_fame_championships_2021-07-16_thompson_j_cressy_m
tennis_data_uk,atp,2021,39,Hall of Fame Championships,Newport,2021-07-17,atp_250,outdoor,grass,SF,3,Anderson K.,Bublik A.,113,37,708,1721,2,1,4,6,7,6,7,5,,,,,completed,2.0,1.8,1.91,2.0,2.13,2.0,1.97,1.83,2021_39_newport_hall_of_fame_championships,2021_39_newport_hall_of_fame_championships_2021-07-17_anderson_k_bublik_a
tennis_data_uk,atp,2021,39,Hall of Fame Championships,Newport,2021-07-17,atp_250,outdoor,grass,SF,3,Brooksby J.,Thompson J.,152,71,487,982,2,0,6,3,7,6,,,,,,,completed,2.0,1.8,1.9,2.01,2.1,2.05,1.93,1.87,2021_39_newport_hall_of_fame_championships,2021_39_newport_hall_of_fame_championships_2021-07-17_brooksby_j_thompson_j
tennis_data_uk,atp,2021,39,Hall of Fame Championships,Newport,2021-07-18,atp_250,outdoor,grass,F,3,Anderson K.,Brooksby J.,113,152,708,487,2,0,7,6,6,4,,,,,,,completed,1.61,2.3,1.61,2.48,1.67,2.59,1.56,2.41,2021_39_newport_hall_of_fame_championships,2021_39_newport_hall_of_fame_championships_2021-07-18_anderson_k_brooksby_j
tennis_data_uk,atp,2021,40,Suisse Open Gstaad,Gstaad,2021-07-19,atp_250,outdoor,clay,R32,3,Polmans M.,Ehrat S.,147,408,522,101,2,0,7,5,6,3,,,,,,,completed,1.8,2.0,1.89,2.0,1.89,2.2,1.76,2.04,2021_40_gstaad_suisse_open_gstaad,2021_40_gstaad_suisse_open_gstaad_2021-07-19_polmans_m_ehrat_s
tennis_data_uk,atp,2021,40,Suisse Open Gstaad,Gstaad,2021-07-19,atp_250,outdoor,clay,R32,3,Kopriva V.,Nikles J.,249,409,262,101,2,0,6,2,6,1,,,,,,,completed,1.36,3.2,1.44,2.99,1.44,3.21,1.39,2.95,2021_40_gstaad_suisse_open_gstaad,2021_40_gstaad_suisse_open_gstaad_2021-07-19_kopriva_v_nikles_j
tennis_data_uk,atp,2021,40,Suisse Open Gstaad,Gstaad,2021-07-19,atp_250,outdoor,clay,R32,3,Bergs Z.,Otte O.,212,141,331,539,2,0,7,6,6,1,,,,,,,completed,2.75,1.44,2.86,1.47,3.22,1.57,2.68,1.47,2021_40_gstaad_suisse_open_gstaad,2021_40_gstaad_suisse_open_gstaad_2021-07-19_bergs_z_otte_o
tennis_data_uk,atp,2021,40,Suisse Open Gstaad,Gstaad,2021-07-19,atp_250,outdoor,clay,R32,3,Paire B.,Kovalik J.,49,130,1364,633,2,0,6,3,7,6,,,,,,,completed,1.57,2.37,1.71,2.25,1.71,2.58,1.63,2.26,2021_40_gstaad_suisse_open_gstaad,2021_40_gstaad_suisse_open_gstaad_2021-07-19_paire_b_kovalik_j
tennis_data_uk,atp,2021,40,Suisse Open Gstaad,Gstaad,2021-07-19,atp_250,outdoor,clay,R32,3,Ymer M.,Couacaud E.,96,180,817,397,2,1,4,6,6,3,6,3,,,,,completed,1.4,3.0,1.43,3.0,1.43,3.25,1.37,3.01,2021_40_gstaad_suisse_open_gstaad,2021_40_gstaad_suisse_open_gstaad_2021-07-19_ymer_m_couacaud_e
tennis_data_uk,atp,2021,40,Suisse Open Gstaad,Gstaad,2021-07-19,atp_250,outdoor,clay,R32,3,Lopez F.,Huesler M.A.,89,162,843,467,1,1,6,4,4,6,6,5,,,,,retired,2.0,1.8,1.91,1.98,2.07,2.0,1.89,1.9,2021_40_gstaad_suisse_open_gstaad,2021_40_gstaad_suisse_open_gstaad_2021-07-19_lopez_f_huesler_m_a
tennis_data_uk,atp,2021,40,Suisse Open Gstaad,Gstaad,2021-07-20,atp_250,outdoor,clay,R32,3,Novak D.,Zuk K.,124,170,652,428,2,0,6,4,6,4,,,,,,,completed,2.1,1.72,2.33,1.67,2.33,1.83,2.16,1.69,2021_40_gstaad_suisse_open_gstaad,2021_40_gstaad_suisse_open_gstaad_2021-07-20_novak_d_zuk_k
tennis_data_uk,atp,2021,40,Suisse Open Gstaad,Gstaad,2021-07-20,atp_250,outdoor,clay,R32,3,Djere L.,Seyboth Wild T.,52,118,1278,695,2,0,6,4,6,3,,,,,,,completed,1.25,4.0,1.35,3.44,1.35,4.25,1.26,3.75,2021_40_gstaad_suisse_open_gstaad,2021_40_gstaad_suisse_open_gstaad_2021-07-20_djere_l_seyboth_wild_t
tennis_data_uk,atp,2021,40,Suisse Open Gstaad,Gstaad,2021-07-20,atp_250,outdoor,clay,R32,3,Delbonis F.,Riedi L.,46,748,1435,28,2,0,6,3,6,3,,,,,,,completed,1.06,10.0,1.08,10.06,1.08,15.0,1.05,10.22,2021_40_gstaad_suisse_open_gstaad,2021_40_gstaad_suisse_open_gstaad_2021-07-20_delbonis_f_riedi_l
tennis_data_uk,atp,2021,40,Suisse Open Gstaad,Gstaad,2021-07-20,atp_250,outdoor,clay,R32,3,Gaston H.,Cerundolo J.M.,155,144,489,527,2,0,6,4,6,2,,,,,,,completed,1.72,2.1,1.67,2.32,1.86,2.32,1.71,2.11,2021_40_gstaad_suisse_open_gstaad,2021_40_gstaad_suisse_open_gstaad_2021-07-20_gaston_h_cerundolo_j_m
tennis_data_uk,atp,2021,40,Suisse Open Gstaad,Gstaad,2021-07-20,atp_250,outdoor,clay,R32,3,Griekspoor T.,Londero J.I.,105,140,772,548,2,1,7,5,4,6,7,6,,,,,completed,1.72,2.1,1.68,2.31,1.88,2.4,1.71,2.11,2021_40_gstaad_suisse_open_gstaad,2021_40_gstaad_suisse_open_gstaad_2021-07-20_griekspoor_t_londero_j_i
tennis_data_uk,atp,2021,40,Suisse Open Gstaad,Gstaad,2021-07-20,atp_250,outdoor,clay,R32,3,Rinderknech A.,Stricker D.,100,281,805,200,2,0,6,4,6,4,,,,,,,completed,1.8,2.0,1.8,2.11,1.82,2.25,1.73,2.09,2021_40_gstaad_suisse_open_gstaad,2021_40_gstaad_suisse_open_gstaad_2021-07-20_rinderknech_a_stricker_d
tennis_data_uk,atp,2021,40,Suisse Open Gstaad,Gstaad,2021-07-21,atp_250,outdoor,clay,R16,3,Djere L.,Bergs Z.,52,212,1278,331,2,1,6,2,4,6,6,2,,,,,completed,1.25,4.0,1.29,4.04,1.3,4.15,1.25,3.87,2021_40_gstaad_suisse_open_gstaad,2021_40_gstaad_suisse_open_gstaad_2021-07-21_djere_l_bergs_z
tennis_data_uk,atp,2021,40,Suisse Open Gstaad,Gstaad,2021-07-21,atp_250,outdoor,clay,R16,3,Gaston H.,Delbonis F.,155,46,489,1435,2,1,6,0,6,7,7,6,,,,,completed,3.75,1.28,4.54,1.24,4.65,1.3,3.92,1.25,2021_40_gstaad_suisse_open_gstaad,2021_40_gstaad_suisse_open_gstaad_2021-07-21_gaston_h_delbonis_f
tennis_data_uk,atp,2021,40,Suisse Open Gstaad,Gstaad,2021-07-21,atp_250,outdoor,clay,R16,3,Rinderknech A.,Bautista Agut R.,100,16,805,2720,2,0,6,2,6,4,,,,,,,completed,2.75,1.44,2.92,1.47,3.14,1.49,2.78,1.43,2021_40_gstaad_suisse_open_gstaad,2021_40_gstaad_suisse_open_gstaad_2021-07-21_rinderknech_a_bautista_agut_r
tennis_data_uk,atp,2021,40,Suisse Open Gstaad,Gstaad,2021-07-21,atp_250,outdoor,clay,R16,3,Garin C.,Polmans M.,19,147,2520,522,2,0,6,3,6,0,,,,,,,completed,1.16,5.0,1.17,5.84,1.18,6.5,1.15,5.38,2021_40_gstaad_suisse_open_gstaad,2021_40_gstaad_suisse_open_gstaad_2021-07-21_garin_c_polmans_m
tennis_data_uk,atp,2021,40,Suisse Open Gstaad,Gstaad,2021-07-22,atp_250,outdoor,clay,R16,3,Ruud C.,Novak D.,14,124,2840,652,2,0,6,4,7,6,,,,,,,completed,1.08,8.0,1.09,9.36,1.11,11.89,1.08,7.76,2021_40_gstaad_suisse_open_gstaad,2021_40_gstaad_suisse_open_gstaad_2021-07-22_ruud_c_novak_d
tennis_data_uk,atp,2021,40,Suisse Open Gstaad,Gstaad,2021-07-22,atp_250,outdoor,clay,R16,3,Ymer M.,Lopez F.,96,89,817,843,2,1,6,7,7,6,6,4,,,,,completed,1.61,2.3,1.58,2.54,1.66,2.54,1.59,2.35,2021_40_gstaad_suisse_open_gstaad,2021_40_gstaad_suisse_open_gstaad_2021-07-22_ymer_m_lopez_f
tennis_data_uk,atp,2021,40,Suisse Open Gstaad,Gstaad,2021-07-22,atp_250,outdoor,clay,R16,3,Paire B.,Griekspoor T.,49,105,1364,772,1,0,6,4,,,,,,,,,retired,1.9,1.9,1.96,1.94,1.99,2.03,1.87,1.91,2021_40_gstaad_suisse_open_gstaad,2021_40_gstaad_suisse_open_gstaad_2021-07-22_paire_b_griekspoor_t
tennis_data_uk,atp,2021,40,Suisse Open Gstaad,Gstaad,2021-07-22,atp_250,outdoor,clay,R16,3,Kopriva V.,Shapovalov D.,249,10,262,3625,2,1,2,6,6,3,6,2,,,,,completed,5.0,1.16,6.03,1.16,6.25,1.24,5.21,1.16,2021_40_gstaad_suisse_open_gstaad,2021_40_gstaad_suisse_open_gstaad_2021-07-22_kopriva_v_shapovalov_d
tennis_data_uk,atp,2021,40,Suisse Open Gstaad,Gstaad,2021-07-23,atp_250,outdoor,clay,QF,3,Gaston H.,Garin C.,155,19,489,2520,2,1,6,4,1,6,7,6,,,,,completed,3.75,1.28,4.46,1.25,4.6,1.29,4.04,1.24,2021_40_gstaad_suisse_open_gstaad,2021_40_gstaad_suisse_open_gstaad_2021-07-23_gaston_h_garin_c
tennis_data_uk,atp,2021,40,Suisse Open Gstaad,Gstaad,2021-07-23,atp_250,outdoor,clay,QF,3,Djere L.,Rinderknech A.,52,100,1278,805,2,1,6,4,6,7,6,4,,,,,completed,1.66,2.2,1.63,2.43,1.8,2.44,1.64,2.24,2021_40_gstaad_suisse_open_gstaad,2021_40_gstaad_suisse_open_gstaad_2021-07-23_djere_l_rinderknech_a
tennis_data_uk,atp,2021,40,Suisse Open Gstaad,Gstaad,2021-07-23,atp_250,outdoor,clay,QF,3,Kopriva V.,Ymer M.,249,96,262,817,2,0,6,1,6,0,,,,,,,completed,2.37,1.57,2.45,1.63,2.51,1.66,2.34,1.59,2021_40_gstaad_suisse_open_gstaad,2021_40_gstaad_suisse_open_gstaad_2021-07-23_kopriva_v_ymer_m
tennis_data_uk,atp,2021,40,Suisse Open Gstaad,Gstaad,2021-07-23,atp_250,outdoor,clay,QF,3,Ruud C.,Paire B.,14,49,2840,1364,2,1,6,2,5,7,6,3,,,,,completed,1.2,4.5,1.2,5.31,1.22,6.25,1.17,5.01,2021_40_gstaad_suisse_open_gstaad,2021_40_gstaad_suisse_open_gstaad_2021-07-23_ruud_c_paire_b
tennis_data_uk,atp,2021,40,Suisse Open Gstaad,Gstaad,2021-07-24,atp_250,outdoor,clay,SF,3,Gaston H.,Djere L.,155,52,489,1278,2,1,3,6,6,3,6,3,,,,,completed,3.0,1.4,3.08,1.43,3.2,1.45,2.93,1.4,2021_40_gstaad_suisse_open_gstaad,2021_40_gstaad_suisse_open_gstaad_2021-07-24_gaston_h_djere_l
tennis_data_uk,atp,2021,40,Suisse Open Gstaad,Gstaad,2021-07-24,atp_250,outdoor,clay,SF,3,Ruud C.,Kopriva V.,14,249,2840,262,2,0,6,3,6,0,,,,,,,completed,1.11,6.5,1.1,8.77,1.15,8.77,1.1,6.97,2021_40_gstaad_suisse_open_gstaad,2021_40_gstaad_suisse_open_gstaad_2021-07-24_ruud_c_kopriva_v
tennis_data_uk,atp,2021,40,Suisse Open Gstaad,Gstaad,2021-07-25,atp_250,outdoor,clay,F,3,Ruud C.,Gaston H.,14,155,2840,489,2,0,6,3,6,2,,,,,,,completed,1.14,5.5,1.16,6.04,1.23,7.0,1.14,5.71,2021_40_gstaad_suisse_open_gstaad,2021_40_gstaad_suisse_open_gstaad_2021-07-25_ruud_c_gaston_h
tennis_data_uk,atp,2021,41,Mifel Open,Los Cabos,2021-07-20,atp_250,outdoor,hard,R32,3,Donskoy E.,Jung J.,157,159,482,476,2,0,6,1,6,4,,,,,,,completed,2.75,1.44,2.57,1.56,2.79,1.56,2.56,1.5,2021_41_los_cabos_mifel_open,2021_41_los_cabos_mifel_open_2021-07-20_donskoy_e_jung_j
tennis_data_uk,atp,2021,41,Mifel Open,Los Cabos,2021-07-20,atp_250,outdoor,hard,R32,3,Ofner S.,Rodionov J.,165,136,454,572,1,0,6,3,3,1,,,,,,,retired,1.61,2.3,1.65,2.36,1.67,2.55,1.6,2.31,2021_41_los_cabos_mifel_open,2021_41_los_cabos_mifel_open_2021-07-20_ofner_s_rodionov_j
tennis_data_uk,atp,2021,41,Mifel Open,Los Cabos,2021-07-20,atp_250,outdoor,hard,R32,3,Bolt A.,Seppi A.,148,87,519,863,2,1,0,6,6,2,6,3,,,,,completed,2.1,1.72,2.12,1.79,2.2,1.83,2.07,1.73,2021_41_los_cabos_mifel_open,2021_41_los_cabos_mifel_open_2021-07-20_bolt_a_seppi_a
tennis_data_uk,atp,2021,41,Mifel Open,Los Cabos,2021-07-20,atp_250,outdoor,hard,R32,3,Nakashima B.,Wolf J.J.,134,151,576,510,2,1,6,3,6,7,6,2,,,,,completed,1.2,4.5,1.25,4.42,1.25,4.8,1.22,4.25,2021_41_los_cabos_mifel_open,2021_41_los_cabos_mifel_open_2021-07-20_nakashima_b_wolf_j_j
tennis_data_uk,atp,2021,41,Mifel Open,Los Cabos,2021-07-20,atp_250,outdoor,hard,R32,3,Johnson S.,Lopez Villasenor G.,83,654,884,41,2,0,7,6,6,2,,,,,,,completed,1.11,6.5,1.12,7.33,1.15,8.1,1.11,6.58,2021_41_los_cabos_mifel_open,2021_41_los_cabos_mifel_open_2021-07-20_johnson_s_lopez_villasenor_g
tennis_data_uk,atp,2021,41,Mifel Open,Los Cabos,2021-07-20,atp_250,outdoor,hard,R32,3,Kudla D.,Kokkinakis T.,107,183,768,391,2,1,4,6,7,6,7,6,,,,,completed,2.62,1.5,2.45,1.61,2.64,1.65,2.41,1.55,2021_41_los_cabos_mifel_open,2021_41_los_cabos_mifel_open_2021-07-20_kudla_d_kokkinakis_t
tennis_data_uk,atp,2021,41,Mifel Open,Los Cabos,2021-07-21,atp_250,outdoor,hard,R32,3,Marchenko I.,Gojowczyk P.,161,129,470,633,2,0,6,3,6,2,,,,,,,completed,2.2,1.66,2.26,1.7,2.3,1.71,2.18,1.67,2021_41_los_cabos_mifel_open,2021_41_los_cabos_mifel_open_2021-07-21_marchenko_i_gojowczyk_p
tennis_data_uk,atp,2021,41,Mifel Open,Los Cabos,2021-07-21,atp_250,outdoor,hard,R32,3,Uchiyama Y.,Sarkissian A.,119,478,688,80,2,1,5,7,6,0,6,4,,,,,completed,1.5,2.62,1.51,2.74,1.51,2.9,1.47,2.66,2021_41_los_cabos_mifel_open,2021_41_los_cabos_mifel_open_2021-07-21_uchiyama_y_sarkissian_a
tennis_data_uk,atp,2021,41,Mifel Open,Los Cabos,2021-07-21,atp_250,outdoor,hard,R32,3,Escobedo E.,Mcdonald M.,182,106,393,770,2,0,6,3,6,4,,,,,,,completed,2.5,1.53,2.6,1.55,2.65,1.58,2.48,1.53,2021_41_los_cabos_mifel_open,2021_41_los_cabos_mifel_open_2021-07-21_escobedo_e_mcdonald_m
tennis_data_uk,atp,2021,41,Mifel Open,Los Cabos,2021-07-21,atp_250,outdoor,hard,R32,3,Ymer E.,Ebden M.,169,247,428,263,2,0,7,5,6,1,,,,,,,completed,2.3,1.61,2.47,1.6,2.52,1.63,2.35,1.58,2021_41_los_cabos_mifel_open,2021_41_los_cabos_mifel_open_2021-07-21_ymer_e_ebden_m
tennis_data_uk,atp,2021,41,Mifel Open,Los Cabos,2021-07-21,atp_250,outdoor,hard,R32,3,Thompson J.,Karlovic I.,63,200,1052,352,2,0,6,4,7,5,,,,,,,completed,1.3,3.5,1.35,3.49,1.36,3.56,1.32,3.31,2021_41_los_cabos_mifel_open,2021_41_los_cabos_mifel_open_2021-07-21_thompson_j_karlovic_i
tennis_data_uk,atp,2021,41,Mifel Open,Los Cabos,2021-07-21,atp_250,outdoor,hard,R32,3,Gomez E.,Mejia N.,168,301,445,176,2,0,6,4,6,1,,,,,,,completed,1.53,2.5,1.6,2.48,1.62,2.6,1.56,2.42,2021_41_los_cabos_mifel_open,2021_41_los_cabos_mifel_open_2021-07-21_gomez_e_mejia_n
tennis_data_uk,atp,2021,41,Mifel Open,Los Cabos,2021-07-22,atp_250,outdoor,hard,R16,3,Bolt A.,Gomez E.,148,168,519,445,2,0,6,3,6,1,,,,,,,completed,1.72,2.1,1.93,1.97,1.93,2.25,1.79,2.02,2021_41_los_cabos_mifel_open,2021_41_los_cabos_mifel_open_2021-07-22_bolt_a_gomez_e
tennis_data_uk,atp,2021,41,Mifel Open,Los Cabos,2021-07-22,atp_250,outdoor,hard,R16,3,Thompson J.,Ofner S.,63,165,1052,454,2,1,3,6,6,4,7,5,,,,,completed,1.61,2.3,1.64,2.41,1.65,2.65,1.59,2.32,2021_41_los_cabos_mifel_open,2021_41_los_cabos_mifel_open_2021-07-22_thompson_j_ofner_s
tennis_data_uk,atp,2021,41,Mifel Open,Los Cabos,2021-07-22,atp_250,outdoor,hard,R16,3,Escobedo E.,Kudla D.,182,107,393,768,2,0,6,4,7,6,,,,,,,completed,2.2,1.66,2.3,1.69,2.35,1.75,2.2,1.66,2021_41_los_cabos_mifel_open,2021_41_los_cabos_mifel_open_2021-07-22_escobedo_e_kudla_d
tennis_data_uk,atp,2021,41,Mifel Open,Los Cabos,2021-07-22,atp_250,outdoor,hard,R16,3,Norrie C.,Ymer E.,30,169,1815,428,2,0,7,6,6,3,,,,,,,completed,1.2,4.5,1.24,4.56,1.24,5.0,1.2,4.4,2021_41_los_cabos_mifel_open,2021_41_los_cabos_mifel_open_2021-07-22_norrie_c_ymer_e
tennis_data_uk,atp,2021,41,Mifel Open,Los Cabos,2021-07-22,atp_250,outdoor,hard,R16,3,Johnson S.,Uchiyama Y.,83,119,884,688,2,0,7,6,6,3,,,,,,,completed,1.44,2.75,1.48,2.88,1.5,3.06,1.43,2.78,2021_41_los_cabos_mifel_open,2021_41_los_cabos_mifel_open_2021-07-22_johnson_s_uchiyama_y
tennis_data_uk,atp,2021,41,Mifel Open,Los Cabos,2021-07-22,atp_250,outdoor,hard,R16,3,Isner J.,Donskoy E.,39,157,1628,482,2,1,7,5,3,6,7,6,,,,,completed,1.16,5.0,1.16,6.16,1.19,6.5,1.14,5.52,2021_41_los_cabos_mifel_open,2021_41_los_cabos_mifel_open_2021-07-22_isner_j_donskoy_e
tennis_data_uk,atp,2021,41,Mifel Open,Los Cabos,2021-07-22,atp_250,outdoor,hard,R16,3,Nakashima B.,Querrey S.,134,70,576,1003,2,0,6,3,6,4,,,,,,,completed,1.57,2.37,1.53,2.68,1.65,2.75,1.56,2.41,2021_41_los_cabos_mifel_open,2021_41_los_cabos_mifel_open_2021-07-22_nakashima_b_querrey_s
tennis_data_uk,atp,2021,41,Mifel Open,Los Cabos,2021-07-22,atp_250,outdoor,hard,R16,3,Fritz T.,Marchenko I.,37,161,1635,470,2,1,6,1,6,7,7,5,,,,,completed,1.2,4.5,1.25,4.44,1.25,5.75,1.2,4.5,2021_41_los_cabos_mifel_open,2021_41_los_cabos_mifel_open_2021-07-22_fritz_t_marchenko_i
tennis_data_uk,atp,2021,41,Mifel Open,Los Cabos,2021-07-23,atp_250,outdoor,hard,QF,3,Norrie C.,Escobedo E.,30,182,1815,393,2,0,6,1,6,1,,,,,,,completed,1.25,4.0,1.31,3.8,1.36,4.03,1.28,3.64,2021_41_los_cabos_mifel_open,2021_41_los_cabos_mifel_open_2021-07-23_norrie_c_escobedo_e
tennis_data_uk,atp,2021,41,Mifel Open,Los Cabos,2021-07-23,atp_250,outdoor,hard,QF,3,Fritz T.,Johnson S.,37,83,1635,884,2,0,6,4,6,4,,,,,,,completed,1.44,2.75,1.55,2.63,1.61,2.8,1.49,2.59,2021_41_los_cabos_mifel_open,2021_41_los_cabos_mifel_open_2021-07-23_fritz_t_johnson_s
tennis_data_uk,atp,2021,41,Mifel Open,Los Cabos,2021-07-23,atp_250,outdoor,hard,QF,3,Isner J.,Bolt A.,39,148,1628,519,2,0,6,3,6,4,,,,,,,completed,1.33,3.4,1.32,3.77,1.35,3.8,1.31,3.43,2021_41_los_cabos_mifel_open,2021_41_los_cabos_mifel_open_2021-07-23_isner_j_bolt_a
tennis_data_uk,atp,2021,41,Mifel Open,Los Cabos,2021-07-23,atp_250,outdoor,hard,QF,3,Nakashima B.,Thompson J.,134,63,576,1052,2,1,6,3,4,6,7,6,,,,,completed,1.53,2.5,1.62,2.45,1.62,2.6,1.55,2.44,2021_41_los_cabos_mifel_open,2021_41_los_cabos_mifel_open_2021-07-23_nakashima_b_thompson_j
tennis_data_uk,atp,2021,41,Mifel Open,Los Cabos,2021-07-24,atp_250,outdoor,hard,SF,3,Norrie C.,Fritz T.,30,37,1815,1635,2,0,6,3,6,1,,,,,,,completed,1.53,2.5,1.59,2.52,1.67,2.59,1.56,2.41,2021_41_los_cabos_mifel_open,2021_41_los_cabos_mifel_open_2021-07-24_norrie_c_fritz_t
tennis_data_uk,atp,2021,41,Mifel Open,Los Cabos,2021-07-24,atp_250,outdoor,hard,SF,3,Nakashima B.,Isner J.,134,39,576,1628,2,0,7,5,6,4,,,,,,,completed,2.62,1.5,2.75,1.51,2.75,1.6,2.61,1.49,2021_41_los_cabos_mifel_open,2021_41_los_cabos_mifel_open_2021-07-24_nakashima_b_isner_j
tennis_data_uk,atp,2021,41,Mifel Open,Los Cabos,2021-07-25,atp_250,outdoor,hard,F,3,Norrie C.,Nakashima B.,30,134,1815,576,2,0,6,2,6,2,,,,,,,completed,1.4,3.0,1.42,3.14,1.44,3.5,1.39,2.98,2021_41_los_cabos_mifel_open,2021_41_los_cabos_mifel_open_2021-07-25_norrie_c_nakashima_b
tennis_data_uk,atp,2021,42,Croatia Open,Umag,2021-07-19,atp_250,outdoor,clay,R32,3,Albot R.,Rune H.,92,204,836,349,2,1,1,6,6,3,6,2,,,,,completed,3.4,1.33,3.37,1.36,3.41,1.43,3.01,1.38,2021_42_umag_croatia_open,2021_42_umag_croatia_open_2021-07-19_albot_r_rune_h
tennis_data_uk,atp,2021,42,Croatia Open,Umag,2021-07-19,atp_250,outdoor,clay,R32,3,Taberner C.,Serdarusic N.,108,288,760,191,2,0,6,2,6,2,,,,,,,completed,1.22,4.33,1.23,4.67,1.23,6.0,1.2,4.55,2021_42_umag_croatia_open,2021_42_umag_croatia_open_2021-07-19_taberner_c_serdarusic_n
tennis_data_uk,atp,2021,42,Croatia Open,Umag,2021-07-19,atp_250,outdoor,clay,R32,3,Travaglia S.,Munar J.,91,67,839,1022,2,0,6,3,7,6,,,,,,,completed,2.62,1.5,2.72,1.51,2.8,1.56,2.58,1.49,2021_42_umag_croatia_open,2021_42_umag_croatia_open_2021-07-19_travaglia_s_munar_j
tennis_data_uk,atp,2021,42,Croatia Open,Umag,2021-07-20,atp_250,outdoor,clay,R32,3,Zapata Miralles B.,Cuevas P.,121,94,667,832,2,1,4,6,6,2,6,4,,,,,completed,2.1,1.72,2.31,1.68,2.4,1.87,2.17,1.68,2021_42_umag_croatia_open,2021_42_umag_croatia_open_2021-07-20_zapata_miralles_b_cuevas_p
tennis_data_uk,atp,2021,42,Croatia Open,Umag,2021-07-20,atp_250,outdoor,clay,R32,3,Giannessi A.,Vesely J.,177,86,408,865,2,0,7,6,7,5,,,,,,,completed,2.1,1.72,1.95,1.93,2.2,1.93,2.02,1.78,2021_42_umag_croatia_open,2021_42_umag_croatia_open_2021-07-20_giannessi_a_vesely_j
tennis_data_uk,atp,2021,42,Croatia Open,Umag,2021-07-20,atp_250,outdoor,clay,R32,3,Altmaier D.,Moutet C.,152,88,509,848,1,1,5,7,6,1,,,,,,,retired,1.72,2.1,1.85,2.05,1.85,2.2,1.76,2.06,2021_42_umag_croatia_open,2021_42_umag_croatia_open_2021-07-20_altmaier_d_moutet_c
tennis_data_uk,atp,2021,42,Croatia Open,Umag,2021-07-20,atp_250,outdoor,clay,R32,3,Ajdukovic D.,Collarini A.,275,210,216,339,2,0,6,3,6,2,,,,,,,completed,1.8,2.0,1.77,2.16,1.91,2.16,1.82,1.99,2021_42_umag_croatia_open,2021_42_umag_croatia_open_2021-07-20_ajdukovic_d_collarini_a
tennis_data_uk,atp,2021,42,Croatia Open,Umag,2021-07-20,atp_250,outdoor,clay,R32,3,Dzumhur D.,Horansky F.,127,185,636,381,2,0,6,4,6,3,,,,,,,completed,1.61,2.3,1.59,2.5,1.8,2.6,1.61,2.32,2021_42_umag_croatia_open,2021_42_umag_croatia_open_2021-07-20_dzumhur_d_horansky_f
tennis_data_uk,atp,2021,42,Croatia Open,Umag,2021-07-20,atp_250,outdoor,clay,R32,3,Martin A.,Olivo R.,117,215,696,323,2,1,1,6,6,2,7,6,,,,,completed,1.72,2.1,1.77,2.14,2.4,2.34,1.75,2.08,2021_42_umag_croatia_open,2021_42_umag_croatia_open_2021-07-20_martin_a_olivo_r
tennis_data_uk,atp,2021,42,Croatia Open,Umag,2021-07-20,atp_250,outdoor,clay,R32,3,Cecchinato M.,Bedene A.,82,58,888,1147,2,0,6,1,6,4,,,,,,,completed,1.66,2.2,1.74,2.2,1.85,2.23,1.7,2.13,2021_42_umag_croatia_open,2021_42_umag_croatia_open_2021-07-20_cecchinato_m_bedene_a
tennis_data_uk,atp,2021,42,Croatia Open,Umag,2021-07-20,atp_250,outdoor,clay,R32,3,Alcaraz C.,Pouille L.,73,103,963,775,2,1,3,6,6,2,6,2,,,,,completed,1.22,4.33,1.25,4.39,1.26,4.45,1.22,4.13,2021_42_umag_croatia_open,2021_42_umag_croatia_open_2021-07-20_alcaraz_c_pouille_l
tennis_data_uk,atp,2021,42,Croatia Open,Umag,2021-07-20,atp_250,outdoor,clay,R32,3,Mager G.,Martinez P.,75,97,953,816,2,1,0,6,6,3,6,3,,,,,completed,2.37,1.57,2.37,1.65,2.5,1.65,2.36,1.58,2021_42_umag_croatia_open,2021_42_umag_croatia_open_2021-07-20_mager_g_martinez_p
tennis_data_uk,atp,2021,42,Croatia Open,Umag,2021-07-21,atp_250,outdoor,clay,R16,3,Gasquet R.,Giannessi A.,59,177,1139,408,2,0,7,6,6,4,,,,,,,completed,1.5,2.62,1.46,2.94,1.64,2.94,1.51,2.55,2021_42_umag_croatia_open,2021_42_umag_croatia_open_2021-07-21_gasquet_r_giannessi_a
tennis_data_uk,atp,2021,42,Croatia Open,Umag,2021-07-21,atp_250,outdoor,clay,R16,3,Travaglia S.,Taberner C.,91,108,839,760,2,0,6,4,6,3,,,,,,,completed,2.2,1.66,2.33,1.68,2.38,1.73,2.24,1.64,2021_42_umag_croatia_open,2021_42_umag_croatia_open_2021-07-21_travaglia_s_taberner_c
tennis_data_uk,atp,2021,42,Croatia Open,Umag,2021-07-21,atp_250,outdoor,clay,R16,3,Ramos-Vinolas A.,Ajdukovic D.,43,275,1563,216,2,0,7,5,6,4,,,,,,,completed,1.33,3.4,1.33,3.67,1.36,3.8,1.31,3.4,2021_42_umag_croatia_open,2021_42_umag_croatia_open_2021-07-21_ramos_vinolas_a_ajdukovic_d
tennis_data_uk,atp,2021,42,Croatia Open,Umag,2021-07-21,atp_250,outdoor,clay,R16,3,Dzumhur D.,Cecchinato M.,127,82,636,888,2,0,6,3,6,1,,,,,,,completed,3.2,1.36,3.54,1.35,3.8,1.36,3.33,1.33,2021_42_umag_croatia_open,2021_42_umag_croatia_open_2021-07-21_dzumhur_d_cecchinato_m
tennis_data_uk,atp,2021,42,Croatia Open,Umag,2021-07-22,atp_250,outdoor,clay,R16,3,Krajinovic F.,Albot R.,34,92,1724,836,2,0,6,4,6,2,,,,,,,completed,1.16,5.0,1.17,5.83,1.21,5.83,1.16,5.03,2021_42_umag_croatia_open,2021_42_umag_croatia_open_2021-07-22_krajinovic_f_albot_r
tennis_data_uk,atp,2021,42,Croatia Open,Umag,2021-07-22,atp_250,outdoor,clay,R16,3,Altmaier D.,Mager G.,152,75,509,953,2,1,4,6,6,1,7,5,,,,,completed,2.1,1.72,2.04,1.87,2.26,1.88,2.09,1.73,2021_42_umag_croatia_open,2021_42_umag_croatia_open_2021-07-22_altmaier_d_mager_g
tennis_data_uk,atp,2021,42,Croatia Open,Umag,2021-07-22,atp_250,outdoor,clay,R16,3,Lajovic D.,Zapata Miralles B.,45,121,1450,667,2,0,7,5,6,4,,,,,,,completed,1.66,2.2,1.83,2.1,1.83,2.25,1.68,2.16,2021_42_umag_croatia_open,2021_42_umag_croatia_open_2021-07-22_lajovic_d_zapata_miralles_b
tennis_data_uk,atp,2021,42,Croatia Open,Umag,2021-07-22,atp_250,outdoor,clay,R16,3,Alcaraz C.,Martin A.,73,117,963,696,2,0,6,3,6,1,,,,,,,completed,1.16,5.0,1.13,7.11,1.18,7.11,1.14,5.54,2021_42_umag_croatia_open,2021_42_umag_croatia_open_2021-07-22_alcaraz_c_martin_a
tennis_data_uk,atp,2021,42,Croatia Open,Umag,2021-07-23,atp_250,outdoor,clay,QF,3,Gasquet R.,Dzumhur D.,59,127,1139,636,2,0,6,3,7,6,,,,,,,completed,1.61,2.3,1.68,2.34,1.71,2.5,1.6,2.31,2021_42_umag_croatia_open,2021_42_umag_croatia_open_2021-07-23_gasquet_r_dzumhur_d
tennis_data_uk,atp,2021,42,Croatia Open,Umag,2021-07-23,atp_250,outdoor,clay,QF,3,Altmaier D.,Lajovic D.,152,45,509,1450,2,0,6,2,6,4,,,,,,,completed,2.5,1.53,2.35,1.67,3.08,1.67,2.41,1.56,2021_42_umag_croatia_open,2021_42_umag_croatia_open_2021-07-23_altmaier_d_lajovic_d
tennis_data_uk,atp,2021,42,Croatia Open,Umag,2021-07-23,atp_250,outdoor,clay,QF,3,Ramos-Vinolas A.,Travaglia S.,43,91,1563,839,2,0,6,2,6,1,,,,,,,completed,1.66,2.2,1.76,2.19,1.76,2.4,1.66,2.19,2021_42_umag_croatia_open,2021_42_umag_croatia_open_2021-07-23_ramos_vinolas_a_travaglia_s
tennis_data_uk,atp,2021,42,Croatia Open,Umag,2021-07-23,atp_250,outdoor,clay,QF,3,Alcaraz C.,Krajinovic F.,73,34,963,1724,2,1,7,6,2,6,6,1,,,,,completed,1.72,2.1,1.98,1.93,2.05,2.13,1.85,1.94,2021_42_umag_croatia_open,2021_42_umag_croatia_open_2021-07-23_alcaraz_c_krajinovic_f
tennis_data_uk,atp,2021,42,Croatia Open,Umag,2021-07-24,atp_250,outdoor,clay,SF,3,Gasquet R.,Altmaier D.,59,152,1139,509,2,1,7,6,3,6,6,3,,,,,completed,1.72,2.1,1.88,2.03,1.88,2.3,1.71,2.12,2021_42_umag_croatia_open,2021_42_umag_croatia_open_2021-07-24_gasquet_r_altmaier_d
tennis_data_uk,atp,2021,42,Croatia Open,Umag,2021-07-24,atp_250,outdoor,clay,SF,3,Alcaraz C.,Ramos-Vinolas A.,73,43,963,1563,2,0,6,2,7,6,,,,,,,completed,1.44,2.75,1.5,2.79,1.51,2.8,1.46,2.69,2021_42_umag_croatia_open,2021_42_umag_croatia_open_2021-07-24_alcaraz_c_ramos_vinolas_a
tennis_data_uk,atp,2021,42,Croatia Open,Umag,2021-07-25,atp_250,outdoor,clay,F,3,Alcaraz C.,Gasquet R.,73,59,963,1139,2,0,6,2,6,2,,,,,,,completed,1.25,4.0,1.27,4.21,1.29,4.9,1.23,4.12,2021_42_umag_croatia_open,2021_42_umag_croatia_open_2021-07-25_alcaraz_c_gasquet_r
tennis_data_uk,atp,2021,43,BB&T Atlanta Open,Atlanta,2021-07-26,atp_250,outdoor,hard,R32,3,Fratangelo B.,Seppi A.,190,87,373,863,2,0,7,5,7,6,,,,,,,completed,1.57,2.37,1.54,2.63,1.68,2.63,1.57,2.38,2021_43_atlanta_bb_t_atlanta_open,2021_43_atlanta_bb_t_atlanta_open_2021-07-26_fratangelo_b_seppi_a
tennis_data_uk,atp,2021,43,BB&T Atlanta Open,Atlanta,2021-07-26,atp_250,outdoor,hard,R32,3,Thompson J.,Harris L.,63,51,1077,1303,2,1,7,6,1,6,6,2,,,,,completed,2.2,1.66,2.33,1.67,2.4,1.69,2.24,1.63,2021_43_atlanta_bb_t_atlanta_open,2021_43_atlanta_bb_t_atlanta_open_2021-07-26_thompson_j_harris_l
tennis_data_uk,atp,2021,43,BB&T Atlanta Open,Atlanta,2021-07-26,atp_250,outdoor,hard,R32,3,Johnson S.,Popyrin A.,80,73,916,970,2,0,7,6,6,3,,,,,,,completed,2.3,1.61,2.13,1.79,2.39,1.8,2.19,1.67,2021_43_atlanta_bb_t_atlanta_open,2021_43_atlanta_bb_t_atlanta_open_2021-07-26_johnson_s_popyrin_a
tennis_data_uk,atp,2021,43,BB&T Atlanta Open,Atlanta,2021-07-27,atp_250,outdoor,hard,R32,3,Gojowczyk P.,Querrey S.,130,70,633,1003,2,1,4,6,7,6,7,6,,,,,completed,1.9,1.9,1.91,1.98,2.17,2.0,1.94,1.86,2021_43_atlanta_bb_t_atlanta_open,2021_43_atlanta_bb_t_atlanta_open_2021-07-27_gojowczyk_p_querrey_s
tennis_data_uk,atp,2021,43,BB&T Atlanta Open,Atlanta,2021-07-27,atp_250,outdoor,hard,R32,3,O Connell C.,Kudla D.,132,103,632,778,2,1,4,6,6,3,6,3,,,,,completed,1.8,2.0,1.92,1.97,1.95,2.04,1.84,1.95,2021_43_atlanta_bb_t_atlanta_open,2021_43_atlanta_bb_t_atlanta_open_2021-07-27_o_connell_c_kudla_d
tennis_data_uk,atp,2021,43,BB&T Atlanta Open,Atlanta,2021-07-27,atp_250,outdoor,hard,R32,3,Ruusuvuori E.,Mcdonald M.,78,106,927,770,2,0,7,6,7,5,,,,,,,completed,2.0,1.8,2.08,1.83,2.09,1.94,1.95,1.85,2021_43_atlanta_bb_t_atlanta_open,2021_43_atlanta_bb_t_atlanta_open_2021-07-27_ruusuvuori_e_mcdonald_m
tennis_data_uk,atp,2021,43,BB&T Atlanta Open,Atlanta,2021-07-27,atp_250,outdoor,hard,R32,3,Fritz T.,Donskoy E.,42,154,1560,494,2,0,6,3,6,4,,,,,,,completed,1.2,4.5,1.24,4.52,1.27,5.0,1.22,4.21,2021_43_atlanta_bb_t_atlanta_open,2021_43_atlanta_bb_t_atlanta_open_2021-07-27_fritz_t_donskoy_e
tennis_data_uk,atp,2021,43,BB&T Atlanta Open,Atlanta,2021-07-27,atp_250,outdoor,hard,R32,3,Paire B.,Uchiyama Y.,49,120,1385,674,2,1,7,5,6,7,6,4,,,,,completed,1.57,2.37,1.67,2.33,1.67,2.45,1.6,2.32,2021_43_atlanta_bb_t_atlanta_open,2021_43_atlanta_bb_t_atlanta_open_2021-07-27_paire_b_uchiyama_y
tennis_data_uk,atp,2021,43,BB&T Atlanta Open,Atlanta,2021-07-27,atp_250,outdoor,hard,R32,3,Isner J.,Wolf J.J.,35,151,1718,510,2,1,6,4,6,7,6,4,,,,,completed,1.25,4.0,1.25,4.4,1.26,4.85,1.23,4.15,2021_43_atlanta_bb_t_atlanta_open,2021_43_atlanta_bb_t_atlanta_open_2021-07-27_isner_j_wolf_j_j
tennis_data_uk,atp,2021,43,BB&T Atlanta Open,Atlanta,2021-07-28,atp_250,outdoor,hard,R32,3,Nakashima B.,Bryde T.,115,1164,718,7,2,1,6,1,6,7,6,4,,,,,completed,1.04,13.0,1.05,13.37,1.06,21.0,1.03,12.22,2021_43_atlanta_bb_t_atlanta_open,2021_43_atlanta_bb_t_atlanta_open_2021-07-28_nakashima_b_bryde_t
tennis_data_uk,atp,2021,43,BB&T Atlanta Open,Atlanta,2021-07-28,atp_250,outdoor,hard,R32,3,Sock J.,Berankis R.,201,84,353,873,2,1,6,7,6,4,7,5,,,,,completed,1.57,2.37,1.66,2.35,1.77,2.5,1.61,2.3,2021_43_atlanta_bb_t_atlanta_open,2021_43_atlanta_bb_t_atlanta_open_2021-07-28_sock_j_berankis_r
tennis_data_uk,atp,2021,43,BB&T Atlanta Open,Atlanta,2021-07-28,atp_250,outdoor,hard,R32,3,Kyrgios N.,Anderson K.,58,75,1158,958,2,0,7,6,6,3,,,,,,,completed,1.66,2.2,1.63,2.4,1.69,2.4,1.64,2.24,2021_43_atlanta_bb_t_atlanta_open,2021_43_atlanta_bb_t_atlanta_open_2021-07-28_kyrgios_n_anderson_k
tennis_data_uk,atp,2021,43,BB&T Atlanta Open,Atlanta,2021-07-28,atp_250,outdoor,hard,R16,3,Fritz T.,Johnson S.,42,80,1560,916,2,1,6,7,6,4,6,1,,,,,completed,1.44,2.75,1.48,2.87,1.48,3.15,1.43,2.79,2021_43_atlanta_bb_t_atlanta_open,2021_43_atlanta_bb_t_atlanta_open_2021-07-28_fritz_t_johnson_s
tennis_data_uk,atp,2021,43,BB&T Atlanta Open,Atlanta,2021-07-28,atp_250,outdoor,hard,R16,3,Thompson J.,Gojowczyk P.,63,130,1077,633,2,0,7,6,6,4,,,,,,,completed,1.66,2.2,1.62,2.45,1.74,2.45,1.63,2.26,2021_43_atlanta_bb_t_atlanta_open,2021_43_atlanta_bb_t_atlanta_open_2021-07-28_thompson_j_gojowczyk_p
tennis_data_uk,atp,2021,43,BB&T Atlanta Open,Atlanta,2021-07-29,atp_250,outdoor,hard,R16,3,Nakashima B.,Raonic M.,115,22,718,2338,2,1,5,7,6,3,7,6,,,,,completed,2.75,1.44,2.93,1.47,2.95,1.57,2.72,1.45,2021_43_atlanta_bb_t_atlanta_open,2021_43_atlanta_bb_t_atlanta_open_2021-07-29_nakashima_b_raonic_m
tennis_data_uk,atp,2021,43,BB&T Atlanta Open,Atlanta,2021-07-29,atp_250,outdoor,hard,R16,3,Opelka R.,Fratangelo B.,36,190,1716,373,2,0,7,6,7,6,,,,,,,completed,1.66,2.2,1.55,2.65,1.71,2.65,1.55,2.42,2021_43_atlanta_bb_t_atlanta_open,2021_43_atlanta_bb_t_atlanta_open_2021-07-29_opelka_r_fratangelo_b
tennis_data_uk,atp,2021,43,BB&T Atlanta Open,Atlanta,2021-07-29,atp_250,outdoor,hard,R16,3,O Connell C.,Sinner J.,132,23,632,2320,2,0,7,6,6,4,,,,,,,completed,3.4,1.33,3.42,1.36,3.65,1.4,3.32,1.32,2021_43_atlanta_bb_t_atlanta_open,2021_43_atlanta_bb_t_atlanta_open_2021-07-29_o_connell_c_sinner_j
tennis_data_uk,atp,2021,43,BB&T Atlanta Open,Atlanta,2021-07-29,atp_250,outdoor,hard,R16,3,Ruusuvuori E.,Paire B.,78,49,927,1385,1,1,4,6,6,4,3,0,,,,,retired,1.53,2.5,1.53,2.7,1.65,2.7,1.54,2.46,2021_43_atlanta_bb_t_atlanta_open,2021_43_atlanta_bb_t_atlanta_open_2021-07-29_ruusuvuori_e_paire_b
tennis_data_uk,atp,2021,43,BB&T Atlanta Open,Atlanta,2021-07-30,atp_250,outdoor,hard,R16,3,Isner J.,Sock J.,35,201,1718,353,2,0,7,6,6,4,,,,,,,completed,1.4,3.0,1.4,3.2,1.44,3.2,1.38,3.0,2021_43_atlanta_bb_t_atlanta_open,2021_43_atlanta_bb_t_atlanta_open_2021-07-30_isner_j_sock_j
tennis_data_uk,atp,2021,43,BB&T Atlanta Open,Atlanta,2021-07-30,atp_250,outdoor,hard,R16,3,Norrie C.,Kyrgios N.,29,58,1975,1158,2,0,6,1,6,4,,,,,,,completed,2.2,1.66,2.13,1.81,2.39,1.83,2.16,1.69,2021_43_atlanta_bb_t_atlanta_open,2021_43_atlanta_bb_t_atlanta_open_2021-07-30_norrie_c_kyrgios_n
tennis_data_uk,atp,2021,43,BB&T Atlanta Open,Atlanta,2021-07-30,atp_250,outdoor,hard,QF,3,Nakashima B.,Thompson J.,115,63,718,1077,2,0,7,6,7,5,,,,,,,completed,1.66,2.2,1.68,2.33,1.78,2.4,1.65,2.23,2021_43_atlanta_bb_t_atlanta_open,2021_43_atlanta_bb_t_atlanta_open_2021-07-30_nakashima_b_thompson_j
tennis_data_uk,atp,2021,43,BB&T Atlanta Open,Atlanta,2021-07-30,atp_250,outdoor,hard,QF,3,Fritz T.,Opelka R.,42,36,1560,1716,2,1,7,6,6,7,7,6,,,,,completed,1.61,2.3,1.64,2.41,1.67,2.5,1.6,2.33,2021_43_atlanta_bb_t_atlanta_open,2021_43_atlanta_bb_t_atlanta_open_2021-07-30_fritz_t_opelka_r
tennis_data_uk,atp,2021,43,BB&T Atlanta Open,Atlanta,2021-07-30,atp_250,outdoor,hard,QF,3,Ruusuvuori E.,Norrie C.,78,29,927,1975,2,0,7,6,6,3,,,,,,,completed,4.0,1.25,4.54,1.24,4.55,1.28,4.02,1.24,2021_43_atlanta_bb_t_atlanta_open,2021_43_atlanta_bb_t_atlanta_open_2021-07-30_ruusuvuori_e_norrie_c
tennis_data_uk,atp,2021,43,BB&T Atlanta Open,Atlanta,2021-07-31,atp_250,outdoor,hard,QF,3,Isner J.,O Connell C.,35,132,1718,632,2,1,7,6,6,7,6,4,,,,,completed,1.5,2.62,1.45,3.0,1.5,3.0,1.44,2.78,2021_43_atlanta_bb_t_atlanta_open,2021_43_atlanta_bb_t_atlanta_open_2021-07-31_isner_j_o_connell_c
tennis_data_uk,atp,2021,43,BB&T Atlanta Open,Atlanta,2021-07-31,atp_250,outdoor,hard,SF,3,Nakashima B.,Ruusuvuori E.,115,78,718,927,2,1,3,6,6,4,6,3,,,,,completed,2.1,1.72,2.04,1.87,2.3,1.91,2.1,1.73,2021_43_atlanta_bb_t_atlanta_open,2021_43_atlanta_bb_t_atlanta_open_2021-07-31_nakashima_b_ruusuvuori_e
tennis_data_uk,atp,2021,43,BB&T Atlanta Open,Atlanta,2021-08-01,atp_250,outdoor,hard,SF,3,Isner J.,Fritz T.,35,42,1718,1560,2,1,7,6,5,7,6,3,,,,,completed,2.0,1.8,2.03,1.88,2.03,1.95,1.97,1.83,2021_43_atlanta_bb_t_atlanta_open,2021_43_atlanta_bb_t_atlanta_open_2021-08-01_isner_j_fritz_t
tennis_data_uk,atp,2021,43,BB&T Atlanta Open,Atlanta,2021-08-01,atp_250,outdoor,hard,F,3,Isner J.,Nakashima B.,35,115,1718,718,2,0,7,6,7,5,,,,,,,completed,1.8,2.0,1.82,2.11,1.82,2.2,1.74,2.09,2021_43_atlanta_bb_t_atlanta_open,2021_43_atlanta_bb_t_atlanta_open_2021-08-01_isner_j_nakashima_b
tennis_data_uk,atp,2021,44,Generali Open,Kitzbuhel,2021-07-26,atp_250,outdoor,clay,R32,3,Kovalik J.,Munar J.,131,67,633,1022,2,0,6,4,6,4,,,,,,,completed,3.0,1.4,3.35,1.37,3.35,1.47,2.89,1.41,2021_44_kitzbuhel_generali_open,2021_44_kitzbuhel_generali_open_2021-07-26_kovalik_j_munar_j
tennis_data_uk,atp,2021,44,Generali Open,Kitzbuhel,2021-07-26,atp_250,outdoor,clay,R32,3,Taberner C.,Seyboth Wild T.,108,117,756,695,2,1,3,6,6,3,6,2,,,,,completed,1.5,2.62,1.56,2.59,1.56,2.8,1.5,2.57,2021_44_kitzbuhel_generali_open,2021_44_kitzbuhel_generali_open_2021-07-26_taberner_c_seyboth_wild_t
tennis_data_uk,atp,2021,44,Generali Open,Kitzbuhel,2021-07-26,atp_250,outdoor,clay,R32,3,Ymer M.,Cuevas P.,99,94,810,832,2,0,6,3,7,5,,,,,,,completed,2.62,1.5,3.09,1.42,3.1,1.51,2.73,1.45,2021_44_kitzbuhel_generali_open,2021_44_kitzbuhel_generali_open_2021-07-26_ymer_m_cuevas_p
tennis_data_uk,atp,2021,44,Generali Open,Kitzbuhel,2021-07-26,atp_250,outdoor,clay,R32,3,Martinez P.,Pouille L.,97,104,816,775,2,1,6,3,6,7,6,4,,,,,completed,1.57,2.37,1.63,2.41,1.71,2.58,1.61,2.3,2021_44_kitzbuhel_generali_open,2021_44_kitzbuhel_generali_open_2021-07-26_martinez_p_pouille_l
tennis_data_uk,atp,2021,44,Generali Open,Kitzbuhel,2021-07-26,atp_250,outdoor,clay,R32,3,Vesely J.,Gulbis E.,86,191,865,371,2,0,6,4,6,1,,,,,,,completed,1.53,2.5,1.51,2.72,1.59,2.72,1.5,2.55,2021_44_kitzbuhel_generali_open,2021_44_kitzbuhel_generali_open_2021-07-26_vesely_j_gulbis_e
tennis_data_uk,atp,2021,44,Generali Open,Kitzbuhel,2021-07-27,atp_250,outdoor,clay,R32,3,Rinderknech A.,Delbonis F.,91,46,842,1435,2,0,6,2,6,4,,,,,,,completed,2.3,1.61,2.35,1.66,2.35,1.71,2.25,1.63,2021_44_kitzbuhel_generali_open,2021_44_kitzbuhel_generali_open_2021-07-27_rinderknech_a_delbonis_f
tennis_data_uk,atp,2021,44,Generali Open,Kitzbuhel,2021-07-27,atp_250,outdoor,clay,R32,3,Rune H.,Travaglia S.,206,88,349,861,2,0,6,3,6,4,,,,,,,completed,2.1,1.72,2.22,1.73,2.3,1.81,2.13,1.71,2021_44_kitzbuhel_generali_open,2021_44_kitzbuhel_generali_open_2021-07-27_rune_h_travaglia_s
tennis_data_uk,atp,2021,44,Generali Open,Kitzbuhel,2021-07-27,atp_250,outdoor,clay,R32,3,Vilella Martinez M.,Neumayer L.,167,980,446,13,2,1,6,7,7,5,6,4,,,,,completed,1.16,5.0,1.22,4.85,1.23,5.25,1.18,4.77,2021_44_kitzbuhel_generali_open,2021_44_kitzbuhel_generali_open_2021-07-27_vilella_martinez_m_neumayer_l
tennis_data_uk,atp,2021,44,Generali Open,Kitzbuhel,2021-07-27,atp_250,outdoor,clay,R32,3,Cecchinato M.,Albot R.,83,92,888,836,2,0,6,3,7,6,,,,,,,completed,1.44,2.75,1.46,2.92,1.48,3.0,1.43,2.78,2021_44_kitzbuhel_generali_open,2021_44_kitzbuhel_generali_open_2021-07-27_cecchinato_m_albot_r
tennis_data_uk,atp,2021,44,Generali Open,Kitzbuhel,2021-07-27,atp_250,outdoor,clay,R32,3,Altmaier D.,Djere L.,135,50,603,1342,2,1,4,6,6,3,6,3,,,,,completed,2.62,1.5,2.43,1.62,2.65,1.62,2.48,1.53,2021_44_kitzbuhel_generali_open,2021_44_kitzbuhel_generali_open_2021-07-27_altmaier_d_djere_l
tennis_data_uk,atp,2021,44,Generali Open,Kitzbuhel,2021-07-27,atp_250,outdoor,clay,R32,3,Mager G.,Novak D.,74,124,960,660,2,0,6,4,6,0,,,,,,,completed,1.61,2.3,1.74,2.21,1.74,2.4,1.67,2.18,2021_44_kitzbuhel_generali_open,2021_44_kitzbuhel_generali_open_2021-07-27_mager_g_novak_d
tennis_data_uk,atp,2021,44,Generali Open,Kitzbuhel,2021-07-27,atp_250,outdoor,clay,R32,3,Erler A.,Alcaraz C.,337,55,146,1206,2,1,7,5,1,6,6,2,,,,,completed,11.0,1.05,10.38,1.07,13.0,1.1,8.85,1.06,2021_44_kitzbuhel_generali_open,2021_44_kitzbuhel_generali_open_2021-07-27_erler_a_alcaraz_c
tennis_data_uk,atp,2021,44,Generali Open,Kitzbuhel,2021-07-28,atp_250,outdoor,clay,R16,3,Rinderknech A.,Rune H.,91,206,842,349,2,1,6,4,3,6,7,6,,,,,completed,1.5,2.62,1.51,2.75,1.57,2.85,1.49,2.61,2021_44_kitzbuhel_generali_open,2021_44_kitzbuhel_generali_open_2021-07-28_rinderknech_a_rune_h
tennis_data_uk,atp,2021,44,Generali Open,Kitzbuhel,2021-07-28,atp_250,outdoor,clay,R16,3,Kovalik J.,Vesely J.,131,86,633,865,2,1,2,6,6,2,6,4,,,,,completed,2.2,1.66,2.17,1.78,2.4,1.78,2.19,1.66,2021_44_kitzbuhel_generali_open,2021_44_kitzbuhel_generali_open_2021-07-28_kovalik_j_vesely_j
tennis_data_uk,atp,2021,44,Generali Open,Kitzbuhel,2021-07-28,atp_250,outdoor,clay,R16,3,Krajinovic F.,Taberner C.,33,108,1724,756,2,1,6,3,2,6,6,4,,,,,completed,1.36,3.2,1.38,3.31,1.4,3.4,1.33,3.21,2021_44_kitzbuhel_generali_open,2021_44_kitzbuhel_generali_open_2021-07-28_krajinovic_f_taberner_c
tennis_data_uk,atp,2021,44,Generali Open,Kitzbuhel,2021-07-28,atp_250,outdoor,clay,R16,3,Martinez P.,Bautista Agut R.,97,16,816,2720,2,1,6,4,6,7,7,5,,,,,completed,2.75,1.44,2.79,1.5,3.0,1.53,2.68,1.46,2021_44_kitzbuhel_generali_open,2021_44_kitzbuhel_generali_open_2021-07-28_martinez_p_bautista_agut_r
tennis_data_uk,atp,2021,44,Generali Open,Kitzbuhel,2021-07-28,atp_250,outdoor,clay,R16,3,Mager G.,Ramos-Vinolas A.,74,43,960,1505,2,1,7,6,1,6,7,5,,,,,completed,2.1,1.72,2.4,1.65,2.45,1.73,2.3,1.61,2021_44_kitzbuhel_generali_open,2021_44_kitzbuhel_generali_open_2021-07-28_mager_g_ramos_vinolas_a
tennis_data_uk,atp,2021,44,Generali Open,Kitzbuhel,2021-07-28,atp_250,outdoor,clay,R16,3,Altmaier D.,Cecchinato M.,135,83,603,888,2,0,6,4,6,4,,,,,,,completed,1.72,2.1,1.76,2.19,2.1,2.2,1.75,2.07,2021_44_kitzbuhel_generali_open,2021_44_kitzbuhel_generali_open_2021-07-28_altmaier_d_cecchinato_m
tennis_data_uk,atp,2021,44,Generali Open,Kitzbuhel,2021-07-28,atp_250,outdoor,clay,R16,3,Ymer M.,Erler A.,99,337,810,146,2,0,6,2,6,3,,,,,,,completed,1.36,3.2,1.34,3.63,1.4,4.15,1.34,3.21,2021_44_kitzbuhel_generali_open,2021_44_kitzbuhel_generali_open_2021-07-28_ymer_m_erler_a
tennis_data_uk,atp,2021,44,Generali Open,Kitzbuhel,2021-07-28,atp_250,outdoor,clay,R16,3,Ruud C.,Vilella Martinez M.,14,167,3045,446,2,1,7,5,5,7,6,4,,,,,completed,1.11,6.5,1.08,10.03,1.11,10.25,1.07,8.18,2021_44_kitzbuhel_generali_open,2021_44_kitzbuhel_generali_open_2021-07-28_ruud_c_vilella_martinez_m
tennis_data_uk,atp,2021,44,Generali Open,Kitzbuhel,2021-07-29,atp_250,outdoor,clay,QF,3,Martinez P.,Kovalik J.,97,131,816,633,2,0,6,2,6,2,,,,,,,completed,1.4,3.0,1.4,3.22,1.43,3.22,1.39,2.95,2021_44_kitzbuhel_generali_open,2021_44_kitzbuhel_generali_open_2021-07-29_martinez_p_kovalik_j
tennis_data_uk,atp,2021,44,Generali Open,Kitzbuhel,2021-07-29,atp_250,outdoor,clay,QF,3,Altmaier D.,Mager G.,135,74,603,960,2,1,6,1,6,7,6,3,,,,,completed,1.57,2.37,1.66,2.37,1.67,2.5,1.6,2.31,2021_44_kitzbuhel_generali_open,2021_44_kitzbuhel_generali_open_2021-07-29_altmaier_d_mager_g
tennis_data_uk,atp,2021,44,Generali Open,Kitzbuhel,2021-07-29,atp_250,outdoor,clay,QF,3,Rinderknech A.,Krajinovic F.,91,33,842,1724,2,0,6,4,6,1,,,,,,,completed,2.62,1.5,2.69,1.53,2.96,1.53,2.63,1.48,2021_44_kitzbuhel_generali_open,2021_44_kitzbuhel_generali_open_2021-07-29_rinderknech_a_krajinovic_f
tennis_data_uk,atp,2021,44,Generali Open,Kitzbuhel,2021-07-29,atp_250,outdoor,clay,QF,3,Ruud C.,Ymer M.,14,99,3045,810,2,1,3,6,7,6,6,1,,,,,completed,1.2,4.5,1.23,4.66,1.25,4.7,1.21,4.3,2021_44_kitzbuhel_generali_open,2021_44_kitzbuhel_generali_open_2021-07-29_ruud_c_ymer_m
tennis_data_uk,atp,2021,44,Generali Open,Kitzbuhel,2021-07-30,atp_250,outdoor,clay,SF,3,Martinez P.,Altmaier D.,97,135,816,603,2,1,4,6,6,3,6,3,,,,,completed,1.72,2.1,1.79,2.14,1.79,2.22,1.72,2.11,2021_44_kitzbuhel_generali_open,2021_44_kitzbuhel_generali_open_2021-07-30_martinez_p_altmaier_d
tennis_data_uk,atp,2021,44,Generali Open,Kitzbuhel,2021-07-30,atp_250,outdoor,clay,SF,3,Ruud C.,Rinderknech A.,14,91,3045,842,2,0,6,3,7,6,,,,,,,completed,1.57,2.37,1.65,2.39,1.67,2.51,1.6,2.32,2021_44_kitzbuhel_generali_open,2021_44_kitzbuhel_generali_open_2021-07-30_ruud_c_rinderknech_a
tennis_data_uk,atp,2021,44,Generali Open,Kitzbuhel,2021-07-31,atp_250,outdoor,clay,F,3,Ruud C.,Martinez P.,14,97,3045,816,2,1,6,1,4,6,6,3,,,,,completed,1.33,3.4,1.3,3.93,1.35,3.93,1.3,3.5,2021_44_kitzbuhel_generali_open,2021_44_kitzbuhel_generali_open_2021-07-31_ruud_c_martinez_p
tennis_data_uk,atp,2021,45,Citi Open,Washington,2021-08-02,atp_500,outdoor,hard,R64,3,Berankis R.,Krueger M.,86,174,873,422,2,0,7,6,6,2,,,,,,,completed,1.66,2.2,1.85,2.05,1.85,2.3,1.72,2.1,2021_45_washington_citi_open,2021_45_washington_citi_open_2021-08-02_berankis_r_krueger_m
tennis_data_uk,atp,2021,45,Citi Open,Washington,2021-08-02,atp_500,outdoor,hard,R64,3,Galan D.E.,Paul T.,113,55,725,1193,2,0,6,4,6,3,,,,,,,completed,3.0,1.4,3.61,1.33,3.61,1.4,3.13,1.35,2021_45_washington_citi_open,2021_45_washington_citi_open_2021-08-02_galan_d_e_paul_t
tennis_data_uk,atp,2021,45,Citi Open,Washington,2021-08-02,atp_500,outdoor,hard,R64,3,Seppi A.,Uchiyama Y.,88,123,863,674,2,1,3,6,7,5,6,3,,,,,completed,1.61,2.3,1.62,2.43,1.71,2.43,1.61,2.29,2021_45_washington_citi_open,2021_45_washington_citi_open_2021-08-02_seppi_a_uchiyama_y
tennis_data_uk,atp,2021,45,Citi Open,Washington,2021-08-02,atp_500,outdoor,hard,R64,3,Brooksby J.,Anderson K.,130,75,642,958,2,0,7,6,6,3,,,,,,,completed,2.3,1.61,2.38,1.65,2.43,1.68,2.27,1.61,2021_45_washington_citi_open,2021_45_washington_citi_open_2021-08-02_brooksby_j_anderson_k
tennis_data_uk,atp,2021,45,Citi Open,Washington,2021-08-02,atp_500,outdoor,hard,R64,3,Giron M.,Marchenko I.,64,157,1047,482,2,1,4,6,6,4,7,6,,,,,completed,1.4,3.0,1.44,2.97,1.55,3.0,1.45,2.71,2021_45_washington_citi_open,2021_45_washington_citi_open_2021-08-02_giron_m_marchenko_i
tennis_data_uk,atp,2021,45,Citi Open,Washington,2021-08-02,atp_500,outdoor,hard,R64,3,Ivashka I.,Gerasimov E.,65,78,1038,926,2,0,7,5,6,4,,,,,,,completed,1.44,2.75,1.43,3.01,1.5,3.15,1.43,2.8,2021_45_washington_citi_open,2021_45_washington_citi_open_2021-08-02_ivashka_i_gerasimov_e
tennis_data_uk,atp,2021,45,Citi Open,Washington,2021-08-03,atp_500,outdoor,hard,R64,3,Nishikori K.,Querrey S.,67,68,1003,1003,2,0,6,4,6,3,,,,,,,completed,1.53,2.5,1.58,2.52,1.61,2.55,1.55,2.41,2021_45_washington_citi_open,2021_45_washington_citi_open_2021-08-03_nishikori_k_querrey_s
tennis_data_uk,atp,2021,45,Citi Open,Washington,2021-08-03,atp_500,outdoor,hard,R64,3,Pospisil V.,Gomez E.,61,165,1105,457,2,1,4,6,6,3,6,3,,,,,completed,1.53,2.5,1.6,2.47,1.63,2.55,1.56,2.4,2021_45_washington_citi_open,2021_45_washington_citi_open_2021-08-03_pospisil_v_gomez_e
tennis_data_uk,atp,2021,45,Citi Open,Washington,2021-08-03,atp_500,outdoor,hard,R64,3,Sock J.,Nishioka Y.,192,56,373,1155,0,1,6,7,4,0,,,,,,,retired,1.72,2.1,1.74,2.21,1.8,2.31,1.71,2.12,2021_45_washington_citi_open,2021_45_washington_citi_open_2021-08-03_sock_j_nishioka_y
tennis_data_uk,atp,2021,45,Citi Open,Washington,2021-08-03,atp_500,outdoor,hard,R64,3,Ruusuvuori E.,Gunneswaran P.,69,158,1002,481,2,1,2,6,6,1,6,1,,,,,completed,1.28,3.75,1.29,3.98,1.3,4.1,1.27,3.72,2021_45_washington_citi_open,2021_45_washington_citi_open_2021-08-03_ruusuvuori_e_gunneswaran_p
tennis_data_uk,atp,2021,45,Citi Open,Washington,2021-08-03,atp_500,outdoor,hard,R64,3,Kudla D.,Lopez F.,103,92,778,832,2,1,6,3,6,7,6,3,,,,,completed,1.57,2.37,1.53,2.67,1.57,2.73,1.52,2.51,2021_45_washington_citi_open,2021_45_washington_citi_open_2021-08-03_kudla_d_lopez_f
tennis_data_uk,atp,2021,45,Citi Open,Washington,2021-08-03,atp_500,outdoor,hard,R64,3,Nakashima B.,Popyrin A.,89,72,858,970,2,0,6,3,6,3,,,,,,,completed,1.8,2.0,1.8,2.11,1.87,2.23,1.78,2.02,2021_45_washington_citi_open,2021_45_washington_citi_open_2021-08-03_nakashima_b_popyrin_a
tennis_data_uk,atp,2021,45,Citi Open,Washington,2021-08-03,atp_500,outdoor,hard,R64,3,Sandgren T.,Duckworth J.,83,80,897,923,2,1,6,3,2,6,6,2,,,,,completed,2.1,1.72,2.21,1.73,2.38,1.77,2.17,1.69,2021_45_washington_citi_open,2021_45_washington_citi_open_2021-08-03_sandgren_t_duckworth_j
tennis_data_uk,atp,2021,45,Citi Open,Washington,2021-08-03,atp_500,outdoor,hard,R64,3,Johnson S.,Ramanathan R.,81,204,921,355,2,0,6,3,7,6,,,,,,,completed,1.4,3.0,1.35,3.46,1.5,3.46,1.35,3.15,2021_45_washington_citi_open,2021_45_washington_citi_open_2021-08-03_johnson_s_ramanathan_r
tennis_data_uk,atp,2021,45,Citi Open,Washington,2021-08-03,atp_500,outdoor,hard,R64,3,Ymer E.,Thompson J.,168,62,434,1077,2,1,3,6,7,5,6,3,,,,,completed,2.5,1.53,2.47,1.6,2.65,1.6,2.46,1.53,2021_45_washington_citi_open,2021_45_washington_citi_open_2021-08-03_ymer_e_thompson_j
tennis_data_uk,atp,2021,45,Citi Open,Washington,2021-08-04,atp_500,outdoor,hard,R64,3,Mcdonald M.,Kyrgios N.,107,77,770,928,2,0,6,4,6,4,,,,,,,completed,2.75,1.44,3.01,1.43,3.01,1.51,2.74,1.44,2021_45_washington_citi_open,2021_45_washington_citi_open_2021-08-04_mcdonald_m_kyrgios_n
tennis_data_uk,atp,2021,45,Citi Open,Washington,2021-08-03,atp_500,outdoor,hard,R32,3,Korda S.,Pospisil V.,45,61,1413,1105,2,0,7,5,6,4,,,,,,,completed,1.44,2.75,1.49,2.84,1.53,2.92,1.45,2.73,2021_45_washington_citi_open,2021_45_washington_citi_open_2021-08-03_korda_s_pospisil_v
tennis_data_uk,atp,2021,45,Citi Open,Washington,2021-08-03,atp_500,outdoor,hard,R32,3,Auger-Aliassime F.,Seppi A.,15,88,2738,863,2,1,2,6,6,2,6,2,,,,,completed,1.2,4.5,1.22,4.91,1.23,5.25,1.2,4.51,2021_45_washington_citi_open,2021_45_washington_citi_open_2021-08-03_auger_aliassime_f_seppi_a
tennis_data_uk,atp,2021,45,Citi Open,Washington,2021-08-03,atp_500,outdoor,hard,R32,3,Norrie C.,Giron M.,29,64,1975,1047,2,0,6,4,6,3,,,,,,,completed,1.3,3.5,1.32,3.77,1.34,3.84,1.29,3.5,2021_45_washington_citi_open,2021_45_washington_citi_open_2021-08-03_norrie_c_giron_m
tennis_data_uk,atp,2021,45,Citi Open,Washington,2021-08-04,atp_500,outdoor,hard,R32,3,Berankis R.,Kecmanovic M.,86,59,873,1142,2,0,6,3,6,2,,,,,,,completed,2.37,1.57,2.78,1.51,2.78,1.59,2.44,1.55,2021_45_washington_citi_open,2021_45_washington_citi_open_2021-08-04_berankis_r_kecmanovic_m
tennis_data_uk,atp,2021,45,Citi Open,Washington,2021-08-04,atp_500,outdoor,hard,R32,3,Brooksby J.,Tiafoe F.,130,53,642,1206,2,0,7,6,7,5,,,,,,,completed,2.0,1.8,2.31,1.69,2.31,1.95,2.04,1.78,2021_45_washington_citi_open,2021_45_washington_citi_open_2021-08-04_brooksby_j_tiafoe_f
tennis_data_uk,atp,2021,45,Citi Open,Washington,2021-08-04,atp_500,outdoor,hard,R32,3,Johnson S.,De Minaur A.,81,18,921,2565,2,1,6,7,6,4,6,2,,,,,completed,3.0,1.4,2.7,1.53,3.1,1.53,2.77,1.44,2021_45_washington_citi_open,2021_45_washington_citi_open_2021-08-04_johnson_s_de_minaur_a
tennis_data_uk,atp,2021,45,Citi Open,Washington,2021-08-04,atp_500,outdoor,hard,R32,3,Nakashima B.,Evans D.,89,27,858,2131,2,0,7,6,6,0,,,,,,,completed,1.72,2.1,1.66,2.37,1.75,2.45,1.64,2.25,2021_45_washington_citi_open,2021_45_washington_citi_open_2021-08-04_nakashima_b_evans_d
tennis_data_uk,atp,2021,45,Citi Open,Washington,2021-08-04,atp_500,outdoor,hard,R32,3,Millman J.,Ymer E.,43,168,1476,434,2,0,6,2,7,6,,,,,,,completed,1.66,2.2,1.73,2.24,1.74,2.4,1.67,2.19,2021_45_washington_citi_open,2021_45_washington_citi_open_2021-08-04_millman_j_ymer_e
tennis_data_uk,atp,2021,45,Citi Open,Washington,2021-08-04,atp_500,outdoor,hard,R32,3,Kudla D.,Fritz T.,103,42,778,1515,2,0,6,4,6,2,,,,,,,completed,3.0,1.4,3.48,1.36,3.48,1.41,3.13,1.36,2021_45_washington_citi_open,2021_45_washington_citi_open_2021-08-04_kudla_d_fritz_t
tennis_data_uk,atp,2021,45,Citi Open,Washington,2021-08-04,atp_500,outdoor,hard,R32,3,Opelka R.,Galan D.E.,36,113,1706,725,2,0,7,6,6,3,,,,,,,completed,1.33,3.4,1.36,3.44,1.39,3.44,1.34,3.18,2021_45_washington_citi_open,2021_45_washington_citi_open_2021-08-04_opelka_r_galan_d_e
tennis_data_uk,atp,2021,45,Citi Open,Washington,2021-08-04,atp_500,outdoor,hard,R32,3,Harris L.,Sandgren T.,50,83,1303,897,1,0,6,4,1,0,,,,,,,retired,1.44,2.75,1.48,2.86,1.48,3.0,1.43,2.76,2021_45_washington_citi_open,2021_45_washington_citi_open_2021-08-04_harris_l_sandgren_t
tennis_data_uk,atp,2021,45,Citi Open,Washington,2021-08-04,atp_500,outdoor,hard,R32,3,Sinner J.,Ruusuvuori E.,24,69,2280,1002,2,0,6,2,6,4,,,,,,,completed,1.57,2.37,1.65,2.38,1.71,2.45,1.62,2.28,2021_45_washington_citi_open,2021_45_washington_citi_open_2021-08-04_sinner_j_ruusuvuori_e
tennis_data_uk,atp,2021,45,Citi Open,Washington,2021-08-04,atp_500,outdoor,hard,R32,3,Ivashka I.,Dimitrov G.,65,21,1038,2466,2,0,6,2,7,6,,,,,,,completed,1.66,2.2,1.65,2.38,1.71,2.4,1.63,2.26,2021_45_washington_citi_open,2021_45_washington_citi_open_2021-08-04_ivashka_i_dimitrov_g
tennis_data_uk,atp,2021,45,Citi Open,Washington,2021-08-04,atp_500,outdoor,hard,R32,3,Nishikori K.,Bublik A.,67,39,1003,1611,2,0,6,2,7,5,,,,,,,completed,1.5,2.62,1.52,2.72,1.58,2.76,1.49,2.59,2021_45_washington_citi_open,2021_45_washington_citi_open_2021-08-04_nishikori_k_bublik_a
tennis_data_uk,atp,2021,45,Citi Open,Washington,2021-08-04,atp_500,outdoor,hard,R32,3,Mcdonald M.,Paire B.,107,49,770,1340,2,1,6,7,6,4,6,4,,,,,completed,1.44,2.75,1.47,2.93,1.5,3.0,1.45,2.72,2021_45_washington_citi_open,2021_45_washington_citi_open_2021-08-04_mcdonald_m_paire_b
tennis_data_uk,atp,2021,45,Citi Open,Washington,2021-08-05,atp_500,outdoor,hard,R32,3,Nadal R.,Sock J.,3,192,8270,373,2,1,6,2,4,6,7,6,,,,,completed,1.1,7.0,1.13,7.01,1.13,8.3,1.11,6.58,2021_45_washington_citi_open,2021_45_washington_citi_open_2021-08-05_nadal_r_sock_j
tennis_data_uk,atp,2021,45,Citi Open,Washington,2021-08-05,atp_500,outdoor,hard,R16,3,Kudla D.,Nakashima B.,103,89,778,858,2,1,3,6,7,6,6,4,,,,,completed,3.0,1.4,3.15,1.41,3.5,1.44,2.99,1.38,2021_45_washington_citi_open,2021_45_washington_citi_open_2021-08-05_kudla_d_nakashima_b
tennis_data_uk,atp,2021,45,Citi Open,Washington,2021-08-05,atp_500,outdoor,hard,R16,3,Johnson S.,Berankis R.,81,86,921,873,2,0,6,2,6,1,,,,,,,completed,1.66,2.2,1.71,2.27,1.8,2.27,1.69,2.15,2021_45_washington_citi_open,2021_45_washington_citi_open_2021-08-05_johnson_s_berankis_r
tennis_data_uk,atp,2021,45,Citi Open,Washington,2021-08-05,atp_500,outdoor,hard,R16,3,Sinner J.,Korda S.,24,45,2280,1413,2,0,7,6,7,6,,,,,,,completed,1.72,2.1,1.83,2.09,1.84,2.25,1.75,2.04,2021_45_washington_citi_open,2021_45_washington_citi_open_2021-08-05_sinner_j_korda_s
tennis_data_uk,atp,2021,45,Citi Open,Washington,2021-08-05,atp_500,outdoor,hard,R16,3,Millman J.,Opelka R.,43,36,1476,1706,2,0,6,3,7,6,,,,,,,completed,2.3,1.61,2.42,1.64,2.5,1.65,2.31,1.6,2021_45_washington_citi_open,2021_45_washington_citi_open_2021-08-05_millman_j_opelka_r
tennis_data_uk,atp,2021,45,Citi Open,Washington,2021-08-05,atp_500,outdoor,hard,R16,3,Brooksby J.,Auger-Aliassime F.,130,15,642,2738,2,0,6,3,6,4,,,,,,,completed,2.37,1.57,2.38,1.66,2.55,1.66,2.36,1.57,2021_45_washington_citi_open,2021_45_washington_citi_open_2021-08-05_brooksby_j_auger_aliassime_f
tennis_data_uk,atp,2021,45,Citi Open,Washington,2021-08-05,atp_500,outdoor,hard,R16,3,Nishikori K.,Norrie C.,67,29,1003,1975,2,1,3,6,6,3,6,3,,,,,completed,2.0,1.8,2.01,1.89,2.1,2.0,1.95,1.84,2021_45_washington_citi_open,2021_45_washington_citi_open_2021-08-05_nishikori_k_norrie_c
tennis_data_uk,atp,2021,45,Citi Open,Washington,2021-08-06,atp_500,outdoor,hard,R16,3,Harris L.,Nadal R.,50,3,1303,8270,2,1,6,4,1,6,6,4,,,,,completed,4.0,1.25,4.52,1.25,4.75,1.25,4.11,1.22,2021_45_washington_citi_open,2021_45_washington_citi_open_2021-08-06_harris_l_nadal_r
tennis_data_uk,atp,2021,45,Citi Open,Washington,2021-08-06,atp_500,outdoor,hard,R16,3,Mcdonald M.,Ivashka I.,107,65,770,1038,2,0,6,4,6,4,,,,,,,completed,2.37,1.57,2.25,1.72,2.4,1.8,2.24,1.64,2021_45_washington_citi_open,2021_45_washington_citi_open_2021-08-06_mcdonald_m_ivashka_i
tennis_data_uk,atp,2021,45,Citi Open,Washington,2021-08-06,atp_500,outdoor,hard,QF,3,Brooksby J.,Millman J.,130,43,642,1476,2,0,6,1,6,2,,,,,,,completed,1.4,3.0,1.43,3.09,1.5,3.09,1.4,2.91,2021_45_washington_citi_open,2021_45_washington_citi_open_2021-08-06_brooksby_j_millman_j
tennis_data_uk,atp,2021,45,Citi Open,Washington,2021-08-06,atp_500,outdoor,hard,QF,3,Sinner J.,Johnson S.,24,81,2280,921,2,0,6,4,6,2,,,,,,,completed,1.33,3.4,1.33,3.66,1.38,3.66,1.31,3.41,2021_45_washington_citi_open,2021_45_washington_citi_open_2021-08-06_sinner_j_johnson_s
tennis_data_uk,atp,2021,45,Citi Open,Washington,2021-08-07,atp_500,outdoor,hard,QF,3,Nishikori K.,Harris L.,67,50,1003,1303,2,0,6,3,7,5,,,,,,,completed,1.57,2.37,1.64,2.42,1.65,2.49,1.59,2.33,2021_45_washington_citi_open,2021_45_washington_citi_open_2021-08-07_nishikori_k_harris_l
tennis_data_uk,atp,2021,45,Citi Open,Washington,2021-08-07,atp_500,outdoor,hard,QF,3,Mcdonald M.,Kudla D.,107,103,770,778,2,0,6,3,6,2,,,,,,,completed,1.53,2.5,1.48,2.86,1.58,2.9,1.51,2.54,2021_45_washington_citi_open,2021_45_washington_citi_open_2021-08-07_mcdonald_m_kudla_d
tennis_data_uk,atp,2021,45,Citi Open,Washington,2021-08-07,atp_500,outdoor,hard,SF,3,Sinner J.,Brooksby J.,24,130,2280,642,2,0,7,6,6,1,,,,,,,completed,1.57,2.37,1.58,2.55,1.67,2.55,1.59,2.35,2021_45_washington_citi_open,2021_45_washington_citi_open_2021-08-07_sinner_j_brooksby_j
tennis_data_uk,atp,2021,45,Citi Open,Washington,2021-08-07,atp_500,outdoor,hard,SF,3,Mcdonald M.,Nishikori K.,107,67,770,1003,2,1,6,4,3,6,7,5,,,,,completed,2.75,1.44,3.08,1.43,3.08,1.48,2.79,1.43,2021_45_washington_citi_open,2021_45_washington_citi_open_2021-08-07_mcdonald_m_nishikori_k
tennis_data_uk,atp,2021,45,Citi Open,Washington,2021-08-08,atp_500,outdoor,hard,F,3,Sinner J.,Mcdonald M.,24,107,2280,770,2,1,7,5,6,4,7,5,,,,,completed,1.25,4.0,1.3,3.95,1.31,4.3,1.26,3.77,2021_45_washington_citi_open,2021_45_washington_citi_open_2021-08-08_sinner_j_mcdonald_m
tennis_data_uk,atp,2021,46,Canadian Open,Toronto,2021-08-09,masters_1000,outdoor,hard,R64,3,Cilic M.,Ramos-Vinolas A.,39,48,1593,1378,2,1,6,2,4,6,6,3,,,,,completed,1.33,3.4,1.35,3.53,1.35,3.6,1.32,3.35,2021_46_toronto_canadian_open,2021_46_toronto_canadian_open_2021-08-09_cilic_m_ramos_vinolas_a
tennis_data_uk,atp,2021,46,Canadian Open,Toronto,2021-08-09,masters_1000,outdoor,hard,R64,3,Humbert U.,Sonego L.,26,25,2090,2147,2,0,6,3,6,4,,,,,,,completed,1.5,2.62,1.56,2.6,1.59,2.66,1.51,2.53,2021_46_toronto_canadian_open,2021_46_toronto_canadian_open_2021-08-09_humbert_u_sonego_l
tennis_data_uk,atp,2021,46,Canadian Open,Toronto,2021-08-09,masters_1000,outdoor,hard,R64,3,Fognini F.,Struff J.L.,37,46,1619,1410,2,1,6,7,6,2,6,4,,,,,completed,1.9,1.9,2.06,1.85,2.1,1.95,1.95,1.84,2021_46_toronto_canadian_open,2021_46_toronto_canadian_open_2021-08-09_fognini_f_struff_j_l
tennis_data_uk,atp,2021,46,Canadian Open,Toronto,2021-08-09,masters_1000,outdoor,hard,R64,3,Duckworth J.,Fritz T.,85,40,899,1550,2,0,7,6,6,3,,,,,,,completed,3.2,1.36,3.43,1.36,3.46,1.41,3.22,1.34,2021_46_toronto_canadian_open,2021_46_toronto_canadian_open_2021-08-09_duckworth_j_fritz_t
tennis_data_uk,atp,2021,46,Canadian Open,Toronto,2021-08-09,masters_1000,outdoor,hard,R64,3,Bublik A.,Evans D.,38,27,1611,2084,2,0,6,4,6,4,,,,,,,completed,1.8,2.0,1.91,2.0,1.91,2.05,1.82,1.99,2021_46_toronto_canadian_open,2021_46_toronto_canadian_open_2021-08-09_bublik_a_evans_d
tennis_data_uk,atp,2021,46,Canadian Open,Toronto,2021-08-09,masters_1000,outdoor,hard,R64,3,Harris L.,Schnur B.,49,247,1368,272,2,0,6,3,6,2,,,,,,,completed,1.28,3.75,1.31,3.85,1.31,4.4,1.25,3.85,2021_46_toronto_canadian_open,2021_46_toronto_canadian_open_2021-08-09_harris_l_schnur_b
tennis_data_uk,atp,2021,46,Canadian Open,Toronto,2021-08-09,masters_1000,outdoor,hard,R64,3,Millman J.,Berankis R.,42,84,1505,902,2,0,6,3,7,6,,,,,,,completed,1.9,1.9,2.04,1.87,2.04,2.0,1.94,1.86,2021_46_toronto_canadian_open,2021_46_toronto_canadian_open_2021-08-09_millman_j_berankis_r
tennis_data_uk,atp,2021,46,Canadian Open,Toronto,2021-08-10,masters_1000,outdoor,hard,R64,3,Paul T.,Pospisil V.,58,61,1143,1125,2,1,6,7,6,2,6,3,,,,,completed,2.0,1.8,2.15,1.79,2.15,1.9,2.05,1.77,2021_46_toronto_canadian_open,2021_46_toronto_canadian_open_2021-08-10_paul_t_pospisil_v
tennis_data_uk,atp,2021,46,Canadian Open,Toronto,2021-08-10,masters_1000,outdoor,hard,R64,3,Opelka R.,Kyrgios N.,32,80,1741,918,2,1,4,6,7,6,6,4,,,,,completed,2.1,1.72,2.44,1.63,2.44,1.75,2.18,1.68,2021_46_toronto_canadian_open,2021_46_toronto_canadian_open_2021-08-10_opelka_r_kyrgios_n
tennis_data_uk,atp,2021,46,Canadian Open,Toronto,2021-08-10,masters_1000,outdoor,hard,R64,3,Lajovic D.,Ruusuvuori E.,44,72,1485,983,2,1,3,6,6,3,6,3,,,,,completed,3.4,1.33,3.69,1.33,3.69,1.4,3.34,1.32,2021_46_toronto_canadian_open,2021_46_toronto_canadian_open_2021-08-10_lajovic_d_ruusuvuori_e
tennis_data_uk,atp,2021,46,Canadian Open,Toronto,2021-08-10,masters_1000,outdoor,hard,R64,3,Nishikori K.,Kecmanovic M.,55,59,1173,1142,2,1,6,4,6,7,6,2,,,,,completed,1.4,3.0,1.46,2.96,1.49,3.3,1.39,2.99,2021_46_toronto_canadian_open,2021_46_toronto_canadian_open_2021-08-10_nishikori_k_kecmanovic_m
tennis_data_uk,atp,2021,46,Canadian Open,Toronto,2021-08-10,masters_1000,outdoor,hard,R64,3,Basilashvili N.,Brooksby J.,43,97,1498,812,2,1,2,6,6,0,6,4,,,,,completed,2.75,1.44,2.9,1.47,2.9,1.57,2.61,1.49,2021_46_toronto_canadian_open,2021_46_toronto_canadian_open_2021-08-10_basilashvili_n_brooksby_j
tennis_data_uk,atp,2021,46,Canadian Open,Toronto,2021-08-10,masters_1000,outdoor,hard,R64,3,Khachanov K.,Norrie C.,29,28,1920,1975,2,1,6,4,5,7,6,4,,,,,completed,1.8,2.0,1.85,2.07,1.9,2.14,1.81,1.99,2021_46_toronto_canadian_open,2021_46_toronto_canadian_open_2021-08-10_khachanov_k_norrie_c
tennis_data_uk,atp,2021,46,Canadian Open,Toronto,2021-08-10,masters_1000,outdoor,hard,R64,3,Isner J.,Davidovich Fokina A.,30,34,1901,1723,2,0,6,4,6,1,,,,,,,completed,1.61,2.3,1.6,2.49,1.69,2.53,1.61,2.31,2021_46_toronto_canadian_open,2021_46_toronto_canadian_open_2021-08-10_isner_j_davidovich_fokina_a
tennis_data_uk,atp,2021,46,Canadian Open,Toronto,2021-08-10,masters_1000,outdoor,hard,R64,3,Tiafoe F.,Nishioka Y.,52,56,1226,1155,2,0,6,4,6,3,,,,,,,completed,1.53,2.5,1.69,2.3,1.69,2.5,1.6,2.33,2021_46_toronto_canadian_open,2021_46_toronto_canadian_open_2021-08-10_tiafoe_f_nishioka_y
tennis_data_uk,atp,2021,46,Canadian Open,Toronto,2021-08-10,masters_1000,outdoor,hard,R64,3,Paire B.,Mcdonald M.,50,64,1354,1060,2,0,6,3,6,4,,,,,,,completed,2.37,1.57,2.64,1.55,2.7,1.6,2.49,1.53,2021_46_toronto_canadian_open,2021_46_toronto_canadian_open_2021-08-10_paire_b_mcdonald_m
tennis_data_uk,atp,2021,46,Canadian Open,Toronto,2021-08-10,masters_1000,outdoor,hard,R32,3,Medvedev D.,Bublik A.,2,38,9643,1611,2,1,4,6,6,3,6,4,,,,,completed,1.2,4.5,1.21,5.11,1.22,5.45,1.19,4.63,2021_46_toronto_canadian_open,2021_46_toronto_canadian_open_2021-08-10_medvedev_d_bublik_a
tennis_data_uk,atp,2021,46,Canadian Open,Toronto,2021-08-10,masters_1000,outdoor,hard,R32,3,Ruud C.,Cilic M.,12,39,3205,1593,2,1,6,3,3,6,6,3,,,,,completed,1.72,2.1,1.72,2.26,1.8,2.29,1.69,2.17,2021_46_toronto_canadian_open,2021_46_toronto_canadian_open_2021-08-10_ruud_c_cilic_m
tennis_data_uk,atp,2021,46,Canadian Open,Toronto,2021-08-11,masters_1000,outdoor,hard,R32,3,Tsitsipas S.,Humbert U.,3,26,8115,2090,2,1,6,3,6,7,6,1,,,,,completed,1.36,2.5,1.35,3.55,1.36,3.55,1.33,3.24,2021_46_toronto_canadian_open,2021_46_toronto_canadian_open_2021-08-11_tsitsipas_s_humbert_u
tennis_data_uk,atp,2021,46,Canadian Open,Toronto,2021-08-11,masters_1000,outdoor,hard,R32,3,Opelka R.,Dimitrov G.,32,21,1741,2466,2,0,6,3,6,4,,,,,,,completed,1.53,2.5,1.58,2.56,1.67,2.6,1.56,2.42,2021_46_toronto_canadian_open,2021_46_toronto_canadian_open_2021-08-11_opelka_r_dimitrov_g
tennis_data_uk,atp,2021,46,Canadian Open,Toronto,2021-08-11,masters_1000,outdoor,hard,R32,3,Duckworth J.,Sinner J.,85,15,899,2745,2,0,6,3,6,4,,,,,,,completed,4.5,1.2,5.47,1.19,5.75,1.2,5.0,1.17,2021_46_toronto_canadian_open,2021_46_toronto_canadian_open_2021-08-11_duckworth_j_sinner_j
tennis_data_uk,atp,2021,46,Canadian Open,Toronto,2021-08-11,masters_1000,outdoor,hard,R32,3,Isner J.,Garin C.,30,20,1901,2475,2,1,4,6,6,3,6,4,,,,,completed,1.44,2.75,1.45,3.0,1.47,3.1,1.42,2.82,2021_46_toronto_canadian_open,2021_46_toronto_canadian_open_2021-08-11_isner_j_garin_c
tennis_data_uk,atp,2021,46,Canadian Open,Toronto,2021-08-11,masters_1000,outdoor,hard,R32,3,Harris L.,Lopez F.,49,99,1368,810,2,0,6,2,6,3,,,,,,,completed,1.25,4.0,1.28,4.14,1.28,4.55,1.24,4.0,2021_46_toronto_canadian_open,2021_46_toronto_canadian_open_2021-08-11_harris_l_lopez_f
tennis_data_uk,atp,2021,46,Canadian Open,Toronto,2021-08-11,masters_1000,outdoor,hard,R32,3,Lajovic D.,Auger-Aliassime F.,44,16,1485,2693,2,0,7,5,6,4,,,,,,,completed,4.0,1.25,4.74,1.23,4.75,1.3,3.95,1.24,2021_46_toronto_canadian_open,2021_46_toronto_canadian_open_2021-08-11_lajovic_d_auger_aliassime_f
tennis_data_uk,atp,2021,46,Canadian Open,Toronto,2021-08-11,masters_1000,outdoor,hard,R32,3,Rublev A.,Fognini F.,7,37,6005,1619,2,0,7,6,6,3,,,,,,,completed,1.25,4.0,1.29,4.01,1.31,4.15,1.26,3.78,2021_46_toronto_canadian_open,2021_46_toronto_canadian_open_2021-08-11_rublev_a_fognini_f
tennis_data_uk,atp,2021,46,Canadian Open,Toronto,2021-08-11,masters_1000,outdoor,hard,R32,3,Khachanov K.,Karatsev A.,29,22,1920,2287,2,0,7,6,6,4,,,,,,,completed,1.57,2.37,1.46,2.95,1.57,2.95,1.51,2.56,2021_46_toronto_canadian_open,2021_46_toronto_canadian_open_2021-08-11_khachanov_k_karatsev_a
tennis_data_uk,atp,2021,46,Canadian Open,Toronto,2021-08-11,masters_1000,outdoor,hard,R32,3,Basilashvili N.,De Minaur A.,43,17,1498,2600,2,0,6,1,6,1,,,,,,,completed,2.5,1.53,2.52,1.6,2.58,1.61,2.45,1.55,2021_46_toronto_canadian_open,2021_46_toronto_canadian_open_2021-08-11_basilashvili_n_de_minaur_a
tennis_data_uk,atp,2021,46,Canadian Open,Toronto,2021-08-11,masters_1000,outdoor,hard,R32,3,Schwartzman D.,Paire B.,14,50,2913,1354,2,0,7,5,6,1,,,,,,,completed,1.36,3.2,1.33,3.64,1.39,3.81,1.34,3.23,2021_46_toronto_canadian_open,2021_46_toronto_canadian_open_2021-08-11_schwartzman_d_paire_b
tennis_data_uk,atp,2021,46,Canadian Open,Toronto,2021-08-11,masters_1000,outdoor,hard,R32,3,Bautista Agut R.,Paul T.,18,58,2585,1143,2,0,6,3,6,4,,,,,,,completed,1.44,2.75,1.48,2.88,1.55,2.9,1.46,2.7,2021_46_toronto_canadian_open,2021_46_toronto_canadian_open_2021-08-11_bautista_agut_r_paul_t
tennis_data_uk,atp,2021,46,Canadian Open,Toronto,2021-08-11,masters_1000,outdoor,hard,R32,3,Hurkacz H.,Nishikori K.,13,55,3118,1173,,,,,,,,,,,,,walkover,1.9,1.9,1.93,1.98,2.0,1.98,1.89,1.91,2021_46_toronto_canadian_open,2021_46_toronto_canadian_open_2021-08-11_hurkacz_h_nishikori_k
tennis_data_uk,atp,2021,46,Canadian Open,Toronto,2021-08-12,masters_1000,outdoor,hard,R32,3,Tiafoe F.,Shapovalov D.,52,10,1226,3625,2,0,6,1,6,4,,,,,,,completed,3.2,2.5,3.51,1.35,3.56,1.4,3.25,1.33,2021_46_toronto_canadian_open,2021_46_toronto_canadian_open_2021-08-12_tiafoe_f_shapovalov_d
tennis_data_uk,atp,2021,46,Canadian Open,Toronto,2021-08-12,masters_1000,outdoor,hard,R32,3,Monfils G.,Millman J.,24,42,2253,1505,2,1,3,6,6,3,6,4,,,,,completed,2.3,1.61,2.32,1.68,2.32,1.8,2.15,1.69,2021_46_toronto_canadian_open,2021_46_toronto_canadian_open_2021-08-12_monfils_g_millman_j
tennis_data_uk,atp,2021,46,Canadian Open,Toronto,2021-08-12,masters_1000,outdoor,hard,R16,3,Tsitsipas S.,Khachanov K.,3,29,8115,1920,2,0,6,3,6,2,,,,,,,completed,1.36,2.5,1.41,3.17,1.44,3.4,1.36,3.1,2021_46_toronto_canadian_open,2021_46_toronto_canadian_open_2021-08-12_tsitsipas_s_khachanov_k
tennis_data_uk,atp,2021,46,Canadian Open,Toronto,2021-08-12,masters_1000,outdoor,hard,R16,3,Ruud C.,Lajovic D.,12,44,3205,1485,2,0,6,4,6,3,,,,,,,completed,1.36,3.2,1.33,3.7,1.41,3.7,1.35,3.18,2021_46_toronto_canadian_open,2021_46_toronto_canadian_open_2021-08-12_ruud_c_lajovic_d
tennis_data_uk,atp,2021,46,Canadian Open,Toronto,2021-08-12,masters_1000,outdoor,hard,R16,3,Isner J.,Rublev A.,30,7,1901,6005,2,0,7,5,7,6,,,,,,,completed,2.75,1.44,3.0,1.45,3.0,1.53,2.71,1.46,2021_46_toronto_canadian_open,2021_46_toronto_canadian_open_2021-08-12_isner_j_rublev_a
tennis_data_uk,atp,2021,46,Canadian Open,Toronto,2021-08-12,masters_1000,outdoor,hard,R16,3,Opelka R.,Harris L.,32,49,1741,1368,2,1,4,6,7,6,7,6,,,,,completed,1.9,1.9,1.97,1.93,2.0,1.95,1.91,1.89,2021_46_toronto_canadian_open,2021_46_toronto_canadian_open_2021-08-12_opelka_r_harris_l
tennis_data_uk,atp,2021,46,Canadian Open,Toronto,2021-08-12,masters_1000,outdoor,hard,R16,3,Bautista Agut R.,Schwartzman D.,18,14,2585,2913,2,1,6,3,3,6,7,5,,,,,completed,1.8,2.0,1.81,2.12,1.83,2.15,1.76,2.04,2021_46_toronto_canadian_open,2021_46_toronto_canadian_open_2021-08-12_bautista_agut_r_schwartzman_d
tennis_data_uk,atp,2021,46,Canadian Open,Toronto,2021-08-12,masters_1000,outdoor,hard,R16,3,Monfils G.,Tiafoe F.,24,52,2253,1226,2,0,6,1,7,6,,,,,,,completed,3.0,1.4,3.18,1.41,3.25,1.43,2.97,1.39,2021_46_toronto_canadian_open,2021_46_toronto_canadian_open_2021-08-12_monfils_g_tiafoe_f
tennis_data_uk,atp,2021,46,Canadian Open,Toronto,2021-08-13,masters_1000,outdoor,hard,R16,3,Medvedev D.,Duckworth J.,2,85,9643,899,2,0,6,2,6,4,,,,,,,completed,1.08,8.0,1.08,9.76,1.13,10.25,1.07,8.36,2021_46_toronto_canadian_open,2021_46_toronto_canadian_open_2021-08-13_medvedev_d_duckworth_j
tennis_data_uk,atp,2021,46,Canadian Open,Toronto,2021-08-13,masters_1000,outdoor,hard,R16,3,Hurkacz H.,Basilashvili N.,13,43,3118,1498,2,1,6,7,6,4,6,4,,,,,completed,1.66,2.2,1.78,2.17,1.81,2.2,1.73,2.1,2021_46_toronto_canadian_open,2021_46_toronto_canadian_open_2021-08-13_hurkacz_h_basilashvili_n
tennis_data_uk,atp,2021,46,Canadian Open,Toronto,2021-08-13,masters_1000,outdoor,hard,QF,3,Tsitsipas S.,Ruud C.,3,12,8115,3205,2,0,6,1,6,4,,,,,,,completed,1.25,2.5,1.28,4.11,1.29,4.2,1.25,3.91,2021_46_toronto_canadian_open,2021_46_toronto_canadian_open_2021-08-13_tsitsipas_s_ruud_c
tennis_data_uk,atp,2021,46,Canadian Open,Toronto,2021-08-13,masters_1000,outdoor,hard,QF,3,Opelka R.,Bautista Agut R.,32,18,1741,2585,2,0,6,3,7,6,,,,,,,completed,2.2,1.66,2.19,1.76,2.35,1.76,2.2,1.67,2021_46_toronto_canadian_open,2021_46_toronto_canadian_open_2021-08-13_opelka_r_bautista_agut_r
tennis_data_uk,atp,2021,46,Canadian Open,Toronto,2021-08-14,masters_1000,outdoor,hard,QF,3,Medvedev D.,Hurkacz H.,2,13,9643,3118,2,1,2,6,7,6,7,6,,,,,completed,1.22,4.33,1.23,4.77,1.26,4.8,1.22,4.34,2021_46_toronto_canadian_open,2021_46_toronto_canadian_open_2021-08-14_medvedev_d_hurkacz_h
tennis_data_uk,atp,2021,46,Canadian Open,Toronto,2021-08-14,masters_1000,outdoor,hard,QF,3,Isner J.,Monfils G.,30,24,1901,2253,2,0,7,6,6,4,,,,,,,completed,1.5,2.62,1.53,2.69,1.56,2.75,1.5,2.61,2021_46_toronto_canadian_open,2021_46_toronto_canadian_open_2021-08-14_isner_j_monfils_g
tennis_data_uk,atp,2021,46,Canadian Open,Toronto,2021-08-14,masters_1000,outdoor,hard,SF,3,Opelka R.,Tsitsipas S.,32,3,1741,8115,2,1,6,7,7,6,6,4,,,,,completed,4.33,1.22,4.73,1.23,5.5,1.23,4.81,1.19,2021_46_toronto_canadian_open,2021_46_toronto_canadian_open_2021-08-14_opelka_r_tsitsipas_s
tennis_data_uk,atp,2021,46,Canadian Open,Toronto,2021-08-15,masters_1000,outdoor,hard,SF,3,Medvedev D.,Isner J.,2,30,9643,1901,2,0,6,2,6,2,,,,,,,completed,1.3,3.5,1.37,3.39,1.42,3.6,1.33,3.34,2021_46_toronto_canadian_open,2021_46_toronto_canadian_open_2021-08-15_medvedev_d_isner_j
tennis_data_uk,atp,2021,46,Canadian Open,Toronto,2021-08-15,masters_1000,outdoor,hard,F,3,Medvedev D.,Opelka R.,2,32,9643,1741,2,0,6,4,6,3,,,,,,,completed,1.16,5.0,1.22,4.9,1.23,5.6,1.19,4.74,2021_46_toronto_canadian_open,2021_46_toronto_canadian_open_2021-08-15_medvedev_d_opelka_r
tennis_data_uk,atp,2021,47,Western & Southern Financial Group Masters,Cincinnati,2021-08-15,masters_1000,outdoor,hard,R64,3,Paire B.,Kecmanovic M.,50,58,1375,1142,2,1,5,7,6,3,6,2,,,,,completed,2.37,1.57,2.36,1.67,2.5,1.67,2.34,1.59,2021_47_cincinnati_western_southern_financial_group_masters,2021_47_cincinnati_western_southern_financial_group_masters_2021-08-15_paire_b_kecmanovic_m
tennis_data_uk,atp,2021,47,Western & Southern Financial Group Masters,Cincinnati,2021-08-16,masters_1000,outdoor,hard,R64,3,Pella G.,Goffin D.,93,19,834,2513,2,0,6,3,6,3,,,,,,,completed,3.5,1.3,3.69,1.33,3.9,1.36,3.46,1.31,2021_47_cincinnati_western_southern_financial_group_masters,2021_47_cincinnati_western_southern_financial_group_masters_2021-08-16_pella_g_goffin_d
tennis_data_uk,atp,2021,47,Western & Southern Financial Group Masters,Cincinnati,2021-08-16,masters_1000,outdoor,hard,R64,3,Sinner J.,Delbonis F.,15,48,2745,1407,2,0,6,2,7,5,,,,,,,completed,1.14,5.5,1.13,7.33,1.24,7.5,1.13,6.29,2021_47_cincinnati_western_southern_financial_group_masters,2021_47_cincinnati_western_southern_financial_group_masters_2021-08-16_sinner_j_delbonis_f
tennis_data_uk,atp,2021,47,Western & Southern Financial Group Masters,Cincinnati,2021-08-16,masters_1000,outdoor,hard,R64,3,Fognini F.,Basilashvili N.,36,40,1689,1578,2,0,7,6,6,3,,,,,,,completed,2.1,1.72,2.24,1.73,2.27,1.78,2.17,1.7,2021_47_cincinnati_western_southern_financial_group_masters,2021_47_cincinnati_western_southern_financial_group_masters_2021-08-16_fognini_f_basilashvili_n
tennis_data_uk,atp,2021,47,Western & Southern Financial Group Masters,Cincinnati,2021-08-16,masters_1000,outdoor,hard,R64,3,Koepfer D.,Struff J.L.,59,47,1126,1410,2,1,7,6,5,7,6,3,,,,,completed,2.2,1.66,2.47,1.6,2.47,1.73,2.28,1.65,2021_47_cincinnati_western_southern_financial_group_masters,2021_47_cincinnati_western_southern_financial_group_masters_2021-08-16_koepfer_d_struff_j_l
tennis_data_uk,atp,2021,47,Western & Southern Financial Group Masters,Cincinnati,2021-08-16,masters_1000,outdoor,hard,R64,3,Ramos-Vinolas A.,Fritz T.,49,42,1378,1550,2,1,4,6,6,4,6,4,,,,,completed,3.2,1.36,3.69,1.33,3.69,1.4,3.24,1.34,2021_47_cincinnati_western_southern_financial_group_masters,2021_47_cincinnati_western_southern_financial_group_masters_2021-08-16_ramos_vinolas_a_fritz_t
tennis_data_uk,atp,2021,47,Western & Southern Financial Group Masters,Cincinnati,2021-08-16,masters_1000,outdoor,hard,R64,3,Auger-Aliassime F.,Fucsovics M.,17,37,2693,1644,2,0,7,6,6,3,,,,,,,completed,1.44,2.75,1.55,2.64,1.56,2.9,1.47,2.71,2021_47_cincinnati_western_southern_financial_group_masters,2021_47_cincinnati_western_southern_financial_group_masters_2021-08-16_auger_aliassime_f_fucsovics_m
tennis_data_uk,atp,2021,47,Western & Southern Financial Group Masters,Cincinnati,2021-08-16,masters_1000,outdoor,hard,R64,3,Harris L.,Nishioka Y.,46,57,1433,1170,2,0,6,3,6,4,,,,,,,completed,1.4,3.0,1.39,3.26,1.44,3.26,1.37,3.1,2021_47_cincinnati_western_southern_financial_group_masters,2021_47_cincinnati_western_southern_financial_group_masters_2021-08-16_harris_l_nishioka_y
tennis_data_uk,atp,2021,47,Western & Southern Financial Group Masters,Cincinnati,2021-08-16,masters_1000,outdoor,hard,R64,3,Schwartzman D.,Evans D.,14,28,2980,2096,2,1,6,2,4,6,6,3,,,,,completed,1.44,2.75,1.51,2.75,1.52,3.02,1.44,2.78,2021_47_cincinnati_western_southern_financial_group_masters,2021_47_cincinnati_western_southern_financial_group_masters_2021-08-16_schwartzman_d_evans_d
tennis_data_uk,atp,2021,47,Western & Southern Financial Group Masters,Cincinnati,2021-08-17,masters_1000,outdoor,hard,R64,3,De Minaur A.,Krajinovic F.,18,33,2600,1724,2,1,0,6,6,4,6,4,,,,,completed,1.66,2.2,1.68,2.32,1.73,2.38,1.66,2.23,2021_47_cincinnati_western_southern_financial_group_masters,2021_47_cincinnati_western_southern_financial_group_masters_2021-08-17_de_minaur_a_krajinovic_f
tennis_data_uk,atp,2021,47,Western & Southern Financial Group Masters,Cincinnati,2021-08-17,masters_1000,outdoor,hard,R64,3,Murray A.,Gasquet R.,105,53,775,1221,2,0,6,4,6,4,,,,,,,completed,2.1,1.72,2.28,1.71,2.28,1.77,2.14,1.71,2021_47_cincinnati_western_southern_financial_group_masters,2021_47_cincinnati_western_southern_financial_group_masters_2021-08-17_murray_a_gasquet_r
tennis_data_uk,atp,2021,47,Western & Southern Financial Group Masters,Cincinnati,2021-08-17,masters_1000,outdoor,hard,R64,3,Khachanov K.,Anderson K.,30,76,2055,958,2,0,6,2,6,4,,,,,,,completed,1.61,2.3,1.62,2.46,1.63,2.5,1.58,2.38,2021_47_cincinnati_western_southern_financial_group_masters,2021_47_cincinnati_western_southern_financial_group_masters_2021-08-17_khachanov_k_anderson_k
tennis_data_uk,atp,2021,47,Western & Southern Financial Group Masters,Cincinnati,2021-08-17,masters_1000,outdoor,hard,R64,3,Mcdonald M.,Nakashima B.,64,86,1060,893,2,0,7,5,6,2,,,,,,,completed,2.2,1.66,2.34,1.68,2.36,1.78,2.25,1.64,2021_47_cincinnati_western_southern_financial_group_masters,2021_47_cincinnati_western_southern_financial_group_masters_2021-08-17_mcdonald_m_nakashima_b
tennis_data_uk,atp,2021,47,Western & Southern Financial Group Masters,Cincinnati,2021-08-17,masters_1000,outdoor,hard,R64,3,Hurkacz H.,Davidovich Fokina A.,12,34,3288,1723,2,1,6,1,6,7,6,1,,,,,completed,1.36,3.2,1.49,2.83,1.49,3.2,1.41,2.94,2021_47_cincinnati_western_southern_financial_group_masters,2021_47_cincinnati_western_southern_financial_group_masters_2021-08-17_hurkacz_h_davidovich_fokina_a
tennis_data_uk,atp,2021,47,Western & Southern Financial Group Masters,Cincinnati,2021-08-17,masters_1000,outdoor,hard,R64,3,Korda S.,Djere L.,45,52,1449,1307,2,0,6,4,6,4,,,,,,,completed,1.2,4.5,1.21,5.02,1.23,5.25,1.19,4.69,2021_47_cincinnati_western_southern_financial_group_masters,2021_47_cincinnati_western_southern_financial_group_masters_2021-08-17_korda_s_djere_l
tennis_data_uk,atp,2021,47,Western & Southern Financial Group Masters,Cincinnati,2021-08-17,masters_1000,outdoor,hard,R64,3,Dimitrov G.,Bautista Agut R.,21,16,2466,2720,2,0,6,3,6,4,,,,,,,completed,2.62,1.5,2.77,1.51,2.77,1.56,2.61,1.5,2021_47_cincinnati_western_southern_financial_group_masters,2021_47_cincinnati_western_southern_financial_group_masters_2021-08-17_dimitrov_g_bautista_agut_r
tennis_data_uk,atp,2021,47,Western & Southern Financial Group Masters,Cincinnati,2021-08-17,masters_1000,outdoor,hard,R64,3,Bublik A.,Giron M.,38,66,1633,1047,2,1,3,6,6,3,7,6,,,,,completed,1.57,2.37,1.61,2.48,1.67,2.6,1.58,2.4,2021_47_cincinnati_western_southern_financial_group_masters,2021_47_cincinnati_western_southern_financial_group_masters_2021-08-17_bublik_a_giron_m
tennis_data_uk,atp,2021,47,Western & Southern Financial Group Masters,Cincinnati,2021-08-17,masters_1000,outdoor,hard,R64,3,Cilic M.,Karatsev A.,39,25,1628,2287,2,0,7,5,6,3,,,,,,,completed,2.0,1.8,2.13,1.8,2.25,1.87,2.08,1.76,2021_47_cincinnati_western_southern_financial_group_masters,2021_47_cincinnati_western_southern_financial_group_masters_2021-08-17_cilic_m_karatsev_a
tennis_data_uk,atp,2021,47,Western & Southern Financial Group Masters,Cincinnati,2021-08-17,masters_1000,outdoor,hard,R64,3,Isner J.,Norrie C.,26,31,2238,1975,2,1,4,6,7,6,6,4,,,,,completed,1.9,1.9,1.84,2.08,1.95,2.08,1.85,1.96,2021_47_cincinnati_western_southern_financial_group_masters,2021_47_cincinnati_western_southern_financial_group_masters_2021-08-17_isner_j_norrie_c
tennis_data_uk,atp,2021,47,Western & Southern Financial Group Masters,Cincinnati,2021-08-17,masters_1000,outdoor,hard,R64,3,Sonego L.,Alcaraz C.,27,55,2157,1196,2,0,6,3,7,6,,,,,,,completed,2.2,1.66,2.1,1.83,2.3,1.83,2.2,1.68,2021_47_cincinnati_western_southern_financial_group_masters,2021_47_cincinnati_western_southern_financial_group_masters_2021-08-17_sonego_l_alcaraz_c
tennis_data_uk,atp,2021,47,Western & Southern Financial Group Masters,Cincinnati,2021-08-17,masters_1000,outdoor,hard,R64,3,Opelka R.,Moutet C.,23,90,2341,848,2,1,7,6,4,6,6,4,,,,,completed,1.44,2.75,1.44,3.04,1.49,3.05,1.45,2.78,2021_47_cincinnati_western_southern_financial_group_masters,2021_47_cincinnati_western_southern_financial_group_masters_2021-08-17_opelka_r_moutet_c
tennis_data_uk,atp,2021,47,Western & Southern Financial Group Masters,Cincinnati,2021-08-18,masters_1000,outdoor,hard,R64,3,Monfils G.,Lajovic D.,22,41,2423,1565,2,0,7,6,6,2,,,,,,,completed,1.61,2.3,1.68,2.32,1.71,2.41,1.66,2.24,2021_47_cincinnati_western_southern_financial_group_masters,2021_47_cincinnati_western_southern_financial_group_masters_2021-08-18_monfils_g_lajovic_d
tennis_data_uk,atp,2021,47,Western & Southern Financial Group Masters,Cincinnati,2021-08-18,masters_1000,outdoor,hard,R64,3,Tiafoe F.,Humbert U.,51,29,1312,2090,2,0,7,5,7,6,,,,,,,completed,2.5,1.53,2.53,1.59,2.55,1.69,2.41,1.58,2021_47_cincinnati_western_southern_financial_group_masters,2021_47_cincinnati_western_southern_financial_group_masters_2021-08-18_tiafoe_f_humbert_u
tennis_data_uk,atp,2021,47,Western & Southern Financial Group Masters,Cincinnati,2021-08-18,masters_1000,outdoor,hard,R64,3,Paul T.,Garin C.,56,20,1193,2510,2,1,4,6,6,3,6,4,,,,,completed,1.72,2.1,1.74,2.22,1.76,2.25,1.7,2.16,2021_47_cincinnati_western_southern_financial_group_masters,2021_47_cincinnati_western_southern_financial_group_masters_2021-08-18_paul_t_garin_c
tennis_data_uk,atp,2021,47,Western & Southern Financial Group Masters,Cincinnati,2021-08-18,masters_1000,outdoor,hard,R32,3,Berrettini M.,Ramos-Vinolas A.,8,49,5533,1378,2,1,6,7,6,3,7,5,,,,,completed,1.14,5.5,1.18,5.76,1.18,6.26,1.15,5.46,2021_47_cincinnati_western_southern_financial_group_masters,2021_47_cincinnati_western_southern_financial_group_masters_2021-08-18_berrettini_m_ramos_vinolas_a
tennis_data_uk,atp,2021,47,Western & Southern Financial Group Masters,Cincinnati,2021-08-18,masters_1000,outdoor,hard,R32,3,Paire B.,Shapovalov D.,50,10,1375,3625,2,1,6,3,4,6,7,5,,,,,completed,3.75,1.28,4.55,1.24,4.55,1.29,4.06,1.24,2021_47_cincinnati_western_southern_financial_group_masters,2021_47_cincinnati_western_southern_financial_group_masters_2021-08-18_paire_b_shapovalov_d
tennis_data_uk,atp,2021,47,Western & Southern Financial Group Masters,Cincinnati,2021-08-18,masters_1000,outdoor,hard,R32,3,Dimitrov G.,Bublik A.,21,38,2466,1633,2,0,6,3,7,5,,,,,,,completed,1.72,2.1,1.79,2.15,1.8,2.2,1.74,2.1,2021_47_cincinnati_western_southern_financial_group_masters,2021_47_cincinnati_western_southern_financial_group_masters_2021-08-18_dimitrov_g_bublik_a
tennis_data_uk,atp,2021,47,Western & Southern Financial Group Masters,Cincinnati,2021-08-18,masters_1000,outdoor,hard,R32,3,Carreno Busta P.,Koepfer D.,13,59,3260,1126,2,0,6,4,6,2,,,,,,,completed,1.3,3.5,1.29,3.99,1.35,4.15,1.29,3.64,2021_47_cincinnati_western_southern_financial_group_masters,2021_47_cincinnati_western_southern_financial_group_masters_2021-08-18_carreno_busta_p_koepfer_d
tennis_data_uk,atp,2021,47,Western & Southern Financial Group Masters,Cincinnati,2021-08-18,masters_1000,outdoor,hard,R32,3,Auger-Aliassime F.,Khachanov K.,17,30,2693,2055,2,1,6,7,6,3,6,4,,,,,completed,2.37,1.57,2.36,1.67,2.45,1.69,2.33,1.6,2021_47_cincinnati_western_southern_financial_group_masters,2021_47_cincinnati_western_southern_financial_group_masters_2021-08-18_auger_aliassime_f_khachanov_k
tennis_data_uk,atp,2021,47,Western & Southern Financial Group Masters,Cincinnati,2021-08-18,masters_1000,outdoor,hard,R32,3,Pella G.,Fognini F.,93,36,834,1689,2,0,6,1,7,5,,,,,,,completed,3.5,1.3,3.77,1.32,4.34,1.34,3.62,1.29,2021_47_cincinnati_western_southern_financial_group_masters,2021_47_cincinnati_western_southern_financial_group_masters_2021-08-18_pella_g_fognini_f
tennis_data_uk,atp,2021,47,Western & Southern Financial Group Masters,Cincinnati,2021-08-18,masters_1000,outdoor,hard,R32,3,Hurkacz H.,Murray A.,12,105,3288,775,2,0,7,6,6,3,,,,,,,completed,1.33,3.4,1.37,3.39,1.37,3.7,1.31,3.5,2021_47_cincinnati_western_southern_financial_group_masters,2021_47_cincinnati_western_southern_financial_group_masters_2021-08-18_hurkacz_h_murray_a
tennis_data_uk,atp,2021,47,Western & Southern Financial Group Masters,Cincinnati,2021-08-18,masters_1000,outdoor,hard,R32,3,Rublev A.,Cilic M.,7,39,6005,1628,2,1,5,7,6,3,6,1,,,,,completed,1.3,3.5,1.32,3.73,1.34,4.15,1.28,3.66,2021_47_cincinnati_western_southern_financial_group_masters,2021_47_cincinnati_western_southern_financial_group_masters_2021-08-18_rublev_a_cilic_m
tennis_data_uk,atp,2021,47,Western & Southern Financial Group Masters,Cincinnati,2021-08-18,masters_1000,outdoor,hard,R32,3,Ruud C.,Opelka R.,11,23,3350,2341,2,1,6,7,6,0,7,6,,,,,completed,1.72,2.1,1.7,2.29,1.75,2.4,1.66,2.23,2021_47_cincinnati_western_southern_financial_group_masters,2021_47_cincinnati_western_southern_financial_group_masters_2021-08-18_ruud_c_opelka_r
tennis_data_uk,atp,2021,47,Western & Southern Financial Group Masters,Cincinnati,2021-08-18,masters_1000,outdoor,hard,R32,3,Medvedev D.,Mcdonald M.,2,64,10620,1060,2,0,6,2,6,2,,,,,,,completed,1.16,5.0,1.16,6.16,1.18,7.0,1.14,5.73,2021_47_cincinnati_western_southern_financial_group_masters,2021_47_cincinnati_western_southern_financial_group_masters_2021-08-18_medvedev_d_mcdonald_m
tennis_data_uk,atp,2021,47,Western & Southern Financial Group Masters,Cincinnati,2021-08-18,masters_1000,outdoor,hard,R32,3,Isner J.,Sinner J.,26,15,2238,2745,2,1,5,7,7,6,6,4,,,,,completed,2.2,1.66,2.22,1.74,2.45,1.8,2.24,1.65,2021_47_cincinnati_western_southern_financial_group_masters,2021_47_cincinnati_western_southern_financial_group_masters_2021-08-18_isner_j_sinner_j
tennis_data_uk,atp,2021,47,Western & Southern Financial Group Masters,Cincinnati,2021-08-18,masters_1000,outdoor,hard,R32,3,Zverev A.,Harris L.,5,46,7263,1433,2,0,7,6,6,2,,,,,,,completed,1.3,3.5,1.31,3.82,1.33,3.92,1.29,3.59,2021_47_cincinnati_western_southern_financial_group_masters,2021_47_cincinnati_western_southern_financial_group_masters_2021-08-18_zverev_a_harris_l
tennis_data_uk,atp,2021,47,Western & Southern Financial Group Masters,Cincinnati,2021-08-18,masters_1000,outdoor,hard,R32,3,Sonego L.,Paul T.,27,56,2157,1193,2,0,7,6,6,2,,,,,,,completed,1.72,2.1,1.84,2.08,1.95,2.13,1.79,2.03,2021_47_cincinnati_western_southern_financial_group_masters,2021_47_cincinnati_western_southern_financial_group_masters_2021-08-18_sonego_l_paul_t
tennis_data_uk,atp,2021,47,Western & Southern Financial Group Masters,Cincinnati,2021-08-18,masters_1000,outdoor,hard,R32,3,Monfils G.,De Minaur A.,22,18,2423,2600,2,0,6,3,7,5,,,,,,,completed,2.1,1.72,2.3,1.69,2.3,1.83,2.13,1.72,2021_47_cincinnati_western_southern_financial_group_masters,2021_47_cincinnati_western_southern_financial_group_masters_2021-08-18_monfils_g_de_minaur_a
tennis_data_uk,atp,2021,47,Western & Southern Financial Group Masters,Cincinnati,2021-08-19,masters_1000,outdoor,hard,R32,3,Schwartzman D.,Tiafoe F.,14,51,2980,1312,2,1,6,1,4,6,6,4,,,,,completed,1.72,2.1,1.77,2.18,1.77,2.3,1.7,2.16,2021_47_cincinnati_western_southern_financial_group_masters,2021_47_cincinnati_western_southern_financial_group_masters_2021-08-19_schwartzman_d_tiafoe_f
tennis_data_uk,atp,2021,47,Western & Southern Financial Group Masters,Cincinnati,2021-08-19,masters_1000,outdoor,hard,R32,3,Tsitsipas S.,Korda S.,3,45,8350,1449,2,0,7,6,6,3,,,,,,,completed,1.3,3.5,1.31,3.87,1.33,4.25,1.3,3.56,2021_47_cincinnati_western_southern_financial_group_masters,2021_47_cincinnati_western_southern_financial_group_masters_2021-08-19_tsitsipas_s_korda_s
tennis_data_uk,atp,2021,47,Western & Southern Financial Group Masters,Cincinnati,2021-08-19,masters_1000,outdoor,hard,R16,3,Medvedev D.,Dimitrov G.,2,21,10620,2466,2,0,6,3,6,3,,,,,,,completed,1.16,5.0,1.19,5.33,1.2,6.1,1.16,5.15,2021_47_cincinnati_western_southern_financial_group_masters,2021_47_cincinnati_western_southern_financial_group_masters_2021-08-19_medvedev_d_dimitrov_g
tennis_data_uk,atp,2021,47,Western & Southern Financial Group Masters,Cincinnati,2021-08-19,masters_1000,outdoor,hard,R16,3,Paire B.,Isner J.,50,26,1375,2238,2,1,7,6,6,7,6,1,,,,,completed,3.2,1.36,3.38,1.37,3.65,1.4,3.27,1.34,2021_47_cincinnati_western_southern_financial_group_masters,2021_47_cincinnati_western_southern_financial_group_masters_2021-08-19_paire_b_isner_j
tennis_data_uk,atp,2021,47,Western & Southern Financial Group Masters,Cincinnati,2021-08-19,masters_1000,outdoor,hard,R16,3,Rublev A.,Monfils G.,7,22,6005,2423,2,0,7,6,7,6,,,,,,,completed,1.3,3.5,1.35,3.53,1.38,3.74,1.32,3.38,2021_47_cincinnati_western_southern_financial_group_masters,2021_47_cincinnati_western_southern_financial_group_masters_2021-08-19_rublev_a_monfils_g
tennis_data_uk,atp,2021,47,Western & Southern Financial Group Masters,Cincinnati,2021-08-19,masters_1000,outdoor,hard,R16,3,Carreno Busta P.,Hurkacz H.,13,12,3260,3288,2,0,7,6,7,6,,,,,,,completed,2.0,1.8,1.91,2.0,2.03,2.05,1.9,1.91,2021_47_cincinnati_western_southern_financial_group_masters,2021_47_cincinnati_western_southern_financial_group_masters_2021-08-19_carreno_busta_p_hurkacz_h
tennis_data_uk,atp,2021,47,Western & Southern Financial Group Masters,Cincinnati,2021-08-19,masters_1000,outdoor,hard,R16,3,Zverev A.,Pella G.,5,93,7263,834,2,0,6,2,6,3,,,,,,,completed,1.08,8.0,1.07,10.67,1.09,11.0,1.07,9.22,2021_47_cincinnati_western_southern_financial_group_masters,2021_47_cincinnati_western_southern_financial_group_masters_2021-08-19_zverev_a_pella_g
tennis_data_uk,atp,2021,47,Western & Southern Financial Group Masters,Cincinnati,2021-08-19,masters_1000,outdoor,hard,R16,3,Ruud C.,Schwartzman D.,11,14,3350,2980,2,0,6,4,6,3,,,,,,,completed,1.8,2.0,1.88,2.02,1.89,2.15,1.81,2.01,2021_47_cincinnati_western_southern_financial_group_masters,2021_47_cincinnati_western_southern_financial_group_masters_2021-08-19_ruud_c_schwartzman_d
tennis_data_uk,atp,2021,47,Western & Southern Financial Group Masters,Cincinnati,2021-08-20,masters_1000,outdoor,hard,R16,3,Tsitsipas S.,Sonego L.,3,27,8350,2157,2,1,5,7,6,3,6,4,,,,,completed,1.16,5.0,1.14,6.94,1.18,6.94,1.15,5.45,2021_47_cincinnati_western_southern_financial_group_masters,2021_47_cincinnati_western_southern_financial_group_masters_2021-08-20_tsitsipas_s_sonego_l
tennis_data_uk,atp,2021,47,Western & Southern Financial Group Masters,Cincinnati,2021-08-20,masters_1000,outdoor,hard,R16,3,Auger-Aliassime F.,Berrettini M.,17,8,2693,5533,2,0,6,4,6,3,,,,,,,completed,2.5,1.53,2.32,1.68,2.53,1.68,2.39,1.59,2021_47_cincinnati_western_southern_financial_group_masters,2021_47_cincinnati_western_southern_financial_group_masters_2021-08-20_auger_aliassime_f_berrettini_m
tennis_data_uk,atp,2021,47,Western & Southern Financial Group Masters,Cincinnati,2021-08-20,masters_1000,outdoor,hard,QF,3,Rublev A.,Paire B.,7,50,6005,1375,2,1,6,2,3,6,6,3,,,,,completed,1.2,4.5,1.2,5.26,1.22,5.5,1.19,4.75,2021_47_cincinnati_western_southern_financial_group_masters,2021_47_cincinnati_western_southern_financial_group_masters_2021-08-20_rublev_a_paire_b
tennis_data_uk,atp,2021,47,Western & Southern Financial Group Masters,Cincinnati,2021-08-20,masters_1000,outdoor,hard,QF,3,Medvedev D.,Carreno Busta P.,2,13,10620,3260,2,0,6,1,6,1,,,,,,,completed,1.28,3.75,1.3,3.89,1.33,4.21,1.28,3.7,2021_47_cincinnati_western_southern_financial_group_masters,2021_47_cincinnati_western_southern_financial_group_masters_2021-08-20_medvedev_d_carreno_busta_p
tennis_data_uk,atp,2021,47,Western & Southern Financial Group Masters,Cincinnati,2021-08-21,masters_1000,outdoor,hard,QF,3,Tsitsipas S.,Auger-Aliassime F.,3,17,8350,2693,2,1,6,2,5,7,6,1,,,,,completed,1.36,3.2,1.43,3.07,1.44,3.58,1.38,3.07,2021_47_cincinnati_western_southern_financial_group_masters,2021_47_cincinnati_western_southern_financial_group_masters_2021-08-21_tsitsipas_s_auger_aliassime_f
tennis_data_uk,atp,2021,47,Western & Southern Financial Group Masters,Cincinnati,2021-08-21,masters_1000,outdoor,hard,QF,3,Zverev A.,Ruud C.,5,11,7263,3350,2,0,6,1,6,3,,,,,,,completed,1.25,4.0,1.27,4.26,1.3,4.33,1.25,3.94,2021_47_cincinnati_western_southern_financial_group_masters,2021_47_cincinnati_western_southern_financial_group_masters_2021-08-21_zverev_a_ruud_c
tennis_data_uk,atp,2021,47,Western & Southern Financial Group Masters,Cincinnati,2021-08-21,masters_1000,outdoor,hard,SF,3,Rublev A.,Medvedev D.,7,2,6005,10620,2,1,2,6,6,3,6,3,,,,,completed,4.33,1.22,4.46,1.25,4.9,1.27,4.26,1.22,2021_47_cincinnati_western_southern_financial_group_masters,2021_47_cincinnati_western_southern_financial_group_masters_2021-08-21_rublev_a_medvedev_d
tennis_data_uk,atp,2021,47,Western & Southern Financial Group Masters,Cincinnati,2021-08-21,masters_1000,outdoor,hard,SF,3,Zverev A.,Tsitsipas S.,5,3,7263,8350,2,1,6,4,3,6,7,6,,,,,completed,1.66,2.2,1.74,2.23,1.74,2.4,1.65,2.23,2021_47_cincinnati_western_southern_financial_group_masters,2021_47_cincinnati_western_southern_financial_group_masters_2021-08-21_zverev_a_tsitsipas_s
tennis_data_uk,atp,2021,47,Western & Southern Financial Group Masters,Cincinnati,2021-08-22,masters_1000,outdoor,hard,F,3,Zverev A.,Rublev A.,5,7,7263,6005,2,0,6,2,6,3,,,,,,,completed,1.4,3.0,1.4,3.22,1.44,3.25,1.4,2.95,2021_47_cincinnati_western_southern_financial_group_masters,2021_47_cincinnati_western_southern_financial_group_masters_2021-08-22_zverev_a_rublev_a
tennis_data_uk,atp,2021,48,Winston-Salem Open at Wake Forest University,Winston-Salem,2021-08-22,atp_250,outdoor,hard,R64,3,Cecchinato M.,Sandgren T.,80,91,911,833,2,0,6,4,6,4,,,,,,,completed,3.2,1.36,3.35,1.37,3.35,1.42,3.13,1.35,2021_48_winston_salem_winston_salem_open_at_wake_forest_university,2021_48_winston_salem_winston_salem_open_at_wake_forest_university_2021-08-22_cecchinato_m_sandgren_t
tennis_data_uk,atp,2021,48,Winston-Salem Open at Wake Forest University,Winston-Salem,2021-08-22,atp_250,outdoor,hard,R64,3,Gerasimov E.,Gombos N.,81,112,910,740,2,1,7,6,3,6,6,2,,,,,completed,1.53,2.5,1.61,2.44,1.61,2.65,1.55,2.42,2021_48_winston_salem_winston_salem_open_at_wake_forest_university,2021_48_winston_salem_winston_salem_open_at_wake_forest_university_2021-08-22_gerasimov_e_gombos_n
tennis_data_uk,atp,2021,48,Winston-Salem Open at Wake Forest University,Winston-Salem,2021-08-22,atp_250,outdoor,hard,R64,3,Monteiro T.,Duckworth J.,93,67,829,1004,2,1,6,4,4,6,7,6,,,,,completed,3.75,1.28,3.81,1.3,3.9,1.34,3.54,1.29,2021_48_winston_salem_winston_salem_open_at_wake_forest_university,2021_48_winston_salem_winston_salem_open_at_wake_forest_university_2021-08-22_monteiro_t_duckworth_j
tennis_data_uk,atp,2021,48,Winston-Salem Open at Wake Forest University,Winston-Salem,2021-08-23,atp_250,outdoor,hard,R64,3,Kwon S.W.,Albot R.,74,108,949,744,2,0,6,2,7,5,,,,,,,completed,1.36,3.2,1.4,3.17,1.4,3.25,1.37,3.04,2021_48_winston_salem_winston_salem_open_at_wake_forest_university,2021_48_winston_salem_winston_salem_open_at_wake_forest_university_2021-08-23_kwon_s_w_albot_r
tennis_data_uk,atp,2021,48,Winston-Salem Open at Wake Forest University,Winston-Salem,2021-08-23,atp_250,outdoor,hard,R64,3,Ymer M.,Travaglia S.,90,100,843,811,2,1,6,2,1,6,6,2,,,,,completed,1.72,2.1,1.75,2.19,1.8,2.2,1.72,2.11,2021_48_winston_salem_winston_salem_open_at_wake_forest_university,2021_48_winston_salem_winston_salem_open_at_wake_forest_university_2021-08-23_ymer_m_travaglia_s
tennis_data_uk,atp,2021,48,Winston-Salem Open at Wake Forest University,Winston-Salem,2021-08-23,atp_250,outdoor,hard,R64,3,Murray A.,Rubin N.,114,306,730,176,2,0,6,2,6,0,,,,,,,completed,,,1.13,6.75,1.13,7.0,1.12,6.83,2021_48_winston_salem_winston_salem_open_at_wake_forest_university,2021_48_winston_salem_winston_salem_open_at_wake_forest_university_2021-08-23_murray_a_rubin_n
tennis_data_uk,atp,2021,48,Winston-Salem Open at Wake Forest University,Winston-Salem,2021-08-23,atp_250,outdoor,hard,R64,3,Giron M.,Bagnis F.,65,79,1012,913,2,0,7,5,6,4,,,,,,,completed,1.25,4.0,1.22,4.77,1.28,4.9,1.21,4.33,2021_48_winston_salem_winston_salem_open_at_wake_forest_university,2021_48_winston_salem_winston_salem_open_at_wake_forest_university_2021-08-23_giron_m_bagnis_f
tennis_data_uk,atp,2021,48,Winston-Salem Open at Wake Forest University,Winston-Salem,2021-08-23,atp_250,outdoor,hard,R64,3,Simon G.,Rinderknech A.,103,78,789,924,2,0,7,5,6,3,,,,,,,completed,3.4,1.33,3.66,1.32,3.7,1.36,3.33,1.32,2021_48_winston_salem_winston_salem_open_at_wake_forest_university,2021_48_winston_salem_winston_salem_open_at_wake_forest_university_2021-08-23_simon_g_rinderknech_a
tennis_data_uk,atp,2021,48,Winston-Salem Open at Wake Forest University,Winston-Salem,2021-08-23,atp_250,outdoor,hard,R64,3,Coria F.,Musetti L.,61,58,1054,1106,2,1,6,4,4,6,6,4,,,,,completed,3.4,1.33,3.77,1.31,3.77,1.38,3.36,1.32,2021_48_winston_salem_winston_salem_open_at_wake_forest_university,2021_48_winston_salem_winston_salem_open_at_wake_forest_university_2021-08-23_coria_f_musetti_l
tennis_data_uk,atp,2021,48,Winston-Salem Open at Wake Forest University,Winston-Salem,2021-08-23,atp_250,outdoor,hard,R64,3,Thompson J.,Pella G.,59,84,1090,879,2,1,6,1,1,6,6,3,,,,,completed,1.72,2.1,1.79,2.12,1.8,2.25,1.74,2.08,2021_48_winston_salem_winston_salem_open_at_wake_forest_university,2021_48_winston_salem_winston_salem_open_at_wake_forest_university_2021-08-23_thompson_j_pella_g
tennis_data_uk,atp,2021,48,Winston-Salem Open at Wake Forest University,Winston-Salem,2021-08-23,atp_250,outdoor,hard,R64,3,Ivashka I.,Seppi A.,63,88,1025,873,2,0,6,4,6,4,,,,,,,completed,1.33,3.4,1.31,3.75,1.35,3.84,1.31,3.41,2021_48_winston_salem_winston_salem_open_at_wake_forest_university,2021_48_winston_salem_winston_salem_open_at_wake_forest_university_2021-08-23_ivashka_i_seppi_a
tennis_data_uk,atp,2021,48,Winston-Salem Open at Wake Forest University,Winston-Salem,2021-08-23,atp_250,outdoor,hard,R64,3,Ruusuvuori E.,Kudla D.,76,92,948,833,2,0,6,3,6,4,,,,,,,completed,1.57,2.37,1.54,2.62,1.6,2.63,1.53,2.49,2021_48_winston_salem_winston_salem_open_at_wake_forest_university,2021_48_winston_salem_winston_salem_open_at_wake_forest_university_2021-08-23_ruusuvuori_e_kudla_d
tennis_data_uk,atp,2021,48,Winston-Salem Open at Wake Forest University,Winston-Salem,2021-08-23,atp_250,outdoor,hard,R64,3,Mager G.,Wu T.L.,70,276,990,220,2,0,7,6,6,3,,,,,,,completed,1.66,2.2,1.69,2.29,1.7,2.45,1.61,2.28,2021_48_winston_salem_winston_salem_open_at_wake_forest_university,2021_48_winston_salem_winston_salem_open_at_wake_forest_university_2021-08-23_mager_g_wu_t_l
tennis_data_uk,atp,2021,48,Winston-Salem Open at Wake Forest University,Winston-Salem,2021-08-23,atp_250,outdoor,hard,R64,3,Watanuki Y.,Munar J.,255,64,250,1022,2,1,3,6,6,3,6,0,,,,,completed,3.2,1.36,3.52,1.34,3.57,1.4,3.25,1.33,2021_48_winston_salem_winston_salem_open_at_wake_forest_university,2021_48_winston_salem_winston_salem_open_at_wake_forest_university_2021-08-23_watanuki_y_munar_j
tennis_data_uk,atp,2021,48,Winston-Salem Open at Wake Forest University,Winston-Salem,2021-08-23,atp_250,outdoor,hard,R64,3,Pouille L.,Lopez F.,133,97,595,813,2,0,6,1,6,4,,,,,,,completed,1.66,2.2,1.67,2.32,1.83,2.32,1.69,2.16,2021_48_winston_salem_winston_salem_open_at_wake_forest_university,2021_48_winston_salem_winston_salem_open_at_wake_forest_university_2021-08-23_pouille_l_lopez_f
tennis_data_uk,atp,2021,48,Winston-Salem Open at Wake Forest University,Winston-Salem,2021-08-24,atp_250,outdoor,hard,R64,3,Popyrin A.,Johnson S.,71,86,970,876,2,0,7,5,6,4,,,,,,,completed,3.2,1.36,2.97,1.43,3.41,1.51,2.93,1.4,2021_48_winston_salem_winston_salem_open_at_wake_forest_university,2021_48_winston_salem_winston_salem_open_at_wake_forest_university_2021-08-24_popyrin_a_johnson_s
tennis_data_uk,atp,2021,48,Winston-Salem Open at Wake Forest University,Winston-Salem,2021-08-24,atp_250,outdoor,hard,R32,3,Koepfer D.,Cecchinato M.,56,80,1171,911,2,1,5,7,6,4,6,4,,,,,completed,1.4,3.0,1.43,3.1,1.43,3.3,1.39,2.96,2021_48_winston_salem_winston_salem_open_at_wake_forest_university,2021_48_winston_salem_winston_salem_open_at_wake_forest_university_2021-08-24_koepfer_d_cecchinato_m
tennis_data_uk,atp,2021,48,Winston-Salem Open at Wake Forest University,Winston-Salem,2021-08-24,atp_250,outdoor,hard,R32,3,Gasquet R.,Gerasimov E.,82,81,896,910,2,0,7,6,7,6,,,,,,,completed,1.5,2.62,1.51,2.75,1.57,2.8,1.49,2.58,2021_48_winston_salem_winston_salem_open_at_wake_forest_university,2021_48_winston_salem_winston_salem_open_at_wake_forest_university_2021-08-24_gasquet_r_gerasimov_e
tennis_data_uk,atp,2021,48,Winston-Salem Open at Wake Forest University,Winston-Salem,2021-08-24,atp_250,outdoor,hard,R32,3,Carreno Busta P.,Kwon S.W.,12,74,3325,949,2,1,6,3,3,6,6,4,,,,,completed,1.22,4.33,1.2,5.23,1.27,5.23,1.21,4.28,2021_48_winston_salem_winston_salem_open_at_wake_forest_university,2021_48_winston_salem_winston_salem_open_at_wake_forest_university_2021-08-24_carreno_busta_p_kwon_s_w
tennis_data_uk,atp,2021,48,Winston-Salem Open at Wake Forest University,Winston-Salem,2021-08-24,atp_250,outdoor,hard,R32,3,Paire B.,Simon G.,49,103,1384,789,2,0,6,3,6,3,,,,,,,completed,1.72,2.1,1.68,2.34,1.77,2.36,1.66,2.21,2021_48_winston_salem_winston_salem_open_at_wake_forest_university,2021_48_winston_salem_winston_salem_open_at_wake_forest_university_2021-08-24_paire_b_simon_g
tennis_data_uk,atp,2021,48,Winston-Salem Open at Wake Forest University,Winston-Salem,2021-08-24,atp_250,outdoor,hard,R32,3,Herbert P.H.,Coria F.,104,61,760,1054,2,0,6,4,6,2,,,,,,,completed,1.44,2.75,1.43,3.05,1.51,3.05,1.44,2.78,2021_48_winston_salem_winston_salem_open_at_wake_forest_university,2021_48_winston_salem_winston_salem_open_at_wake_forest_university_2021-08-24_herbert_p_h_coria_f
tennis_data_uk,atp,2021,48,Winston-Salem Open at Wake Forest University,Winston-Salem,2021-08-24,atp_250,outdoor,hard,R32,3,Struff J.L.,Mager G.,52,70,1275,990,2,0,6,2,6,2,,,,,,,completed,1.44,2.75,1.4,3.22,1.52,3.22,1.42,2.83,2021_48_winston_salem_winston_salem_open_at_wake_forest_university,2021_48_winston_salem_winston_salem_open_at_wake_forest_university_2021-08-24_struff_j_l_mager_g
tennis_data_uk,atp,2021,48,Winston-Salem Open at Wake Forest University,Winston-Salem,2021-08-24,atp_250,outdoor,hard,R32,3,Ivashka I.,Cilic M.,63,36,1025,1650,2,1,4,6,7,5,6,4,,,,,completed,2.1,1.72,2.06,1.85,2.13,2.0,1.99,1.81,2021_48_winston_salem_winston_salem_open_at_wake_forest_university,2021_48_winston_salem_winston_salem_open_at_wake_forest_university_2021-08-24_ivashka_i_cilic_m
tennis_data_uk,atp,2021,48,Winston-Salem Open at Wake Forest University,Winston-Salem,2021-08-24,atp_250,outdoor,hard,R32,3,Ruusuvuori E.,Bublik A.,76,37,948,1633,2,0,6,2,7,6,,,,,,,completed,1.8,2.0,1.89,2.02,1.99,2.1,1.85,1.94,2021_48_winston_salem_winston_salem_open_at_wake_forest_university,2021_48_winston_salem_winston_salem_open_at_wake_forest_university_2021-08-24_ruusuvuori_e_bublik_a
tennis_data_uk,atp,2021,48,Winston-Salem Open at Wake Forest University,Winston-Salem,2021-08-24,atp_250,outdoor,hard,R32,3,Evans D.,Pouille L.,27,133,2074,595,2,1,3,6,6,4,6,1,,,,,completed,1.4,3.0,1.44,3.01,1.5,3.35,1.39,2.94,2021_48_winston_salem_winston_salem_open_at_wake_forest_university,2021_48_winston_salem_winston_salem_open_at_wake_forest_university_2021-08-24_evans_d_pouille_l
tennis_data_uk,atp,2021,48,Winston-Salem Open at Wake Forest University,Winston-Salem,2021-08-24,atp_250,outdoor,hard,R32,3,Fucsovics M.,Watanuki Y.,42,255,1539,250,2,0,7,5,6,1,,,,,,,completed,1.25,4.0,1.25,4.46,1.28,4.46,1.23,4.07,2021_48_winston_salem_winston_salem_open_at_wake_forest_university,2021_48_winston_salem_winston_salem_open_at_wake_forest_university_2021-08-24_fucsovics_m_watanuki_y
tennis_data_uk,atp,2021,48,Winston-Salem Open at Wake Forest University,Winston-Salem,2021-08-24,atp_250,outdoor,hard,R32,3,Ymer M.,Ramos-Vinolas A.,90,48,843,1400,2,0,6,3,6,1,,,,,,,completed,1.8,2.0,1.71,2.27,1.91,2.27,1.77,2.04,2021_48_winston_salem_winston_salem_open_at_wake_forest_university,2021_48_winston_salem_winston_salem_open_at_wake_forest_university_2021-08-24_ymer_m_ramos_vinolas_a
tennis_data_uk,atp,2021,48,Winston-Salem Open at Wake Forest University,Winston-Salem,2021-08-25,atp_250,outdoor,hard,R32,3,Purcell M.,Thompson J.,205,59,356,1090,2,0,7,5,6,4,,,,,,,completed,3.2,1.36,3.03,1.44,3.35,1.5,2.96,1.39,2021_48_winston_salem_winston_salem_open_at_wake_forest_university,2021_48_winston_salem_winston_salem_open_at_wake_forest_university_2021-08-25_purcell_m_thompson_j
tennis_data_uk,atp,2021,48,Winston-Salem Open at Wake Forest University,Winston-Salem,2021-08-25,atp_250,outdoor,hard,R32,3,Giron M.,Delbonis F.,65,47,1012,1407,2,0,6,3,6,4,,,,,,,completed,1.36,3.2,1.41,3.18,1.41,3.35,1.37,3.06,2021_48_winston_salem_winston_salem_open_at_wake_forest_university,2021_48_winston_salem_winston_salem_open_at_wake_forest_university_2021-08-25_giron_m_delbonis_f
tennis_data_uk,atp,2021,48,Winston-Salem Open at Wake Forest University,Winston-Salem,2021-08-25,atp_250,outdoor,hard,R32,3,Tiafoe F.,Murray A.,51,114,1287,730,2,0,7,6,6,3,,,,,,,completed,1.72,2.1,1.76,2.18,1.91,2.2,1.74,2.07,2021_48_winston_salem_winston_salem_open_at_wake_forest_university,2021_48_winston_salem_winston_salem_open_at_wake_forest_university_2021-08-25_tiafoe_f_murray_a
tennis_data_uk,atp,2021,48,Winston-Salem Open at Wake Forest University,Winston-Salem,2021-08-25,atp_250,outdoor,hard,R32,3,Alcaraz C.,Popyrin A.,54,71,1224,970,2,1,6,7,6,1,7,6,,,,,completed,1.72,2.1,1.8,2.13,1.83,2.2,1.76,2.06,2021_48_winston_salem_winston_salem_open_at_wake_forest_university,2021_48_winston_salem_winston_salem_open_at_wake_forest_university_2021-08-25_alcaraz_c_popyrin_a
tennis_data_uk,atp,2021,48,Winston-Salem Open at Wake Forest University,Winston-Salem,2021-08-25,atp_250,outdoor,hard,R32,3,Monteiro T.,Nava E.,93,1761,829,1,2,0,7,5,6,1,,,,,,,completed,1.12,6.0,1.09,8.88,1.14,8.98,1.11,6.39,2021_48_winston_salem_winston_salem_open_at_wake_forest_university,2021_48_winston_salem_winston_salem_open_at_wake_forest_university_2021-08-25_monteiro_t_nava_e
tennis_data_uk,atp,2021,48,Winston-Salem Open at Wake Forest University,Winston-Salem,2021-08-25,atp_250,outdoor,hard,R16,3,Carreno Busta P.,Koepfer D.,12,56,3325,1171,2,0,6,2,6,3,,,,,,,completed,1.25,4.0,1.28,4.08,1.29,4.1,1.25,3.84,2021_48_winston_salem_winston_salem_open_at_wake_forest_university,2021_48_winston_salem_winston_salem_open_at_wake_forest_university_2021-08-25_carreno_busta_p_koepfer_d
tennis_data_uk,atp,2021,48,Winston-Salem Open at Wake Forest University,Winston-Salem,2021-08-25,atp_250,outdoor,hard,R16,3,Ivashka I.,Struff J.L.,63,52,1025,1275,2,0,6,2,6,1,,,,,,,completed,1.8,2.0,1.79,2.15,1.84,2.16,1.76,2.06,2021_48_winston_salem_winston_salem_open_at_wake_forest_university,2021_48_winston_salem_winston_salem_open_at_wake_forest_university_2021-08-25_ivashka_i_struff_j_l
tennis_data_uk,atp,2021,48,Winston-Salem Open at Wake Forest University,Winston-Salem,2021-08-25,atp_250,outdoor,hard,R16,3,Ruusuvuori E.,Paire B.,76,49,948,1384,2,1,6,4,4,6,6,1,,,,,completed,1.66,2.2,1.78,2.16,1.81,2.3,1.7,2.15,2021_48_winston_salem_winston_salem_open_at_wake_forest_university,2021_48_winston_salem_winston_salem_open_at_wake_forest_university_2021-08-25_ruusuvuori_e_paire_b
tennis_data_uk,atp,2021,48,Winston-Salem Open at Wake Forest University,Winston-Salem,2021-08-25,atp_250,outdoor,hard,R16,3,Gasquet R.,Evans D.,82,27,896,2074,2,0,6,4,7,6,,,,,,,completed,2.1,1.72,2.21,1.75,2.25,1.82,2.12,1.71,2021_48_winston_salem_winston_salem_open_at_wake_forest_university,2021_48_winston_salem_winston_salem_open_at_wake_forest_university_2021-08-25_gasquet_r_evans_d
tennis_data_uk,atp,2021,48,Winston-Salem Open at Wake Forest University,Winston-Salem,2021-08-25,atp_250,outdoor,hard,R16,3,Ymer M.,Purcell M.,90,205,843,356,2,0,7,5,6,2,,,,,,,completed,1.44,2.75,1.43,3.06,1.55,3.06,1.46,2.69,2021_48_winston_salem_winston_salem_open_at_wake_forest_university,2021_48_winston_salem_winston_salem_open_at_wake_forest_university_2021-08-25_ymer_m_purcell_m
tennis_data_uk,atp,2021,48,Winston-Salem Open at Wake Forest University,Winston-Salem,2021-08-26,atp_250,outdoor,hard,R16,3,Tiafoe F.,Monteiro T.,51,93,1287,829,2,0,7,5,7,6,,,,,,,completed,1.22,4.33,1.18,5.61,1.23,6.01,1.19,4.65,2021_48_winston_salem_winston_salem_open_at_wake_forest_university,2021_48_winston_salem_winston_salem_open_at_wake_forest_university_2021-08-26_tiafoe_f_monteiro_t
tennis_data_uk,atp,2021,48,Winston-Salem Open at Wake Forest University,Winston-Salem,2021-08-26,atp_250,outdoor,hard,R16,3,Giron M.,Herbert P.H.,65,104,1012,760,2,1,4,6,6,3,6,3,,,,,completed,1.44,2.75,1.53,2.7,1.59,2.81,1.48,2.62,2021_48_winston_salem_winston_salem_open_at_wake_forest_university,2021_48_winston_salem_winston_salem_open_at_wake_forest_university_2021-08-26_giron_m_herbert_p_h
tennis_data_uk,atp,2021,48,Winston-Salem Open at Wake Forest University,Winston-Salem,2021-08-26,atp_250,outdoor,hard,R16,3,Alcaraz C.,Fucsovics M.,54,42,1224,1539,2,1,6,3,0,6,6,2,,,,,completed,1.8,2.0,1.87,2.04,1.95,2.08,1.86,1.94,2021_48_winston_salem_winston_salem_open_at_wake_forest_university,2021_48_winston_salem_winston_salem_open_at_wake_forest_university_2021-08-26_alcaraz_c_fucsovics_m
tennis_data_uk,atp,2021,48,Winston-Salem Open at Wake Forest University,Winston-Salem,2021-08-26,atp_250,outdoor,hard,QF,3,Ivashka I.,Carreno Busta P.,63,12,1025,3325,2,0,7,6,6,3,,,,,,,completed,2.62,1.5,2.75,1.51,2.95,1.53,2.63,1.48,2021_48_winston_salem_winston_salem_open_at_wake_forest_university,2021_48_winston_salem_winston_salem_open_at_wake_forest_university_2021-08-26_ivashka_i_carreno_busta_p
tennis_data_uk,atp,2021,48,Winston-Salem Open at Wake Forest University,Winston-Salem,2021-08-26,atp_250,outdoor,hard,QF,3,Ruusuvuori E.,Gasquet R.,76,82,948,896,2,0,7,6,6,1,,,,,,,completed,1.57,2.37,1.56,2.61,1.67,2.65,1.53,2.46,2021_48_winston_salem_winston_salem_open_at_wake_forest_university,2021_48_winston_salem_winston_salem_open_at_wake_forest_university_2021-08-26_ruusuvuori_e_gasquet_r
tennis_data_uk,atp,2021,48,Winston-Salem Open at Wake Forest University,Winston-Salem,2021-08-27,atp_250,outdoor,hard,QF,3,Ymer M.,Tiafoe F.,90,51,843,1287,2,1,6,7,6,2,6,3,,,,,completed,2.75,1.44,2.89,1.47,3.01,1.5,2.74,1.45,2021_48_winston_salem_winston_salem_open_at_wake_forest_university,2021_48_winston_salem_winston_salem_open_at_wake_forest_university_2021-08-27_ymer_m_tiafoe_f
tennis_data_uk,atp,2021,48,Winston-Salem Open at Wake Forest University,Winston-Salem,2021-08-27,atp_250,outdoor,hard,QF,3,Alcaraz C.,Giron M.,54,65,1224,1012,2,0,7,6,6,2,,,,,,,completed,1.57,2.37,1.56,2.59,1.7,2.77,1.56,2.43,2021_48_winston_salem_winston_salem_open_at_wake_forest_university,2021_48_winston_salem_winston_salem_open_at_wake_forest_university_2021-08-27_alcaraz_c_giron_m
tennis_data_uk,atp,2021,48,Winston-Salem Open at Wake Forest University,Winston-Salem,2021-08-28,atp_250,outdoor,hard,SF,3,Ivashka I.,Ruusuvuori E.,63,76,1025,948,2,0,6,2,6,1,,,,,,,completed,1.57,2.37,1.59,2.54,1.68,2.56,1.56,2.41,2021_48_winston_salem_winston_salem_open_at_wake_forest_university,2021_48_winston_salem_winston_salem_open_at_wake_forest_university_2021-08-28_ivashka_i_ruusuvuori_e
tennis_data_uk,atp,2021,48,Winston-Salem Open at Wake Forest University,Winston-Salem,2021-08-28,atp_250,outdoor,hard,SF,3,Ymer M.,Alcaraz C.,90,54,843,1224,2,0,7,5,6,3,,,,,,,completed,2.75,1.44,2.84,1.49,2.92,1.53,2.73,1.45,2021_48_winston_salem_winston_salem_open_at_wake_forest_university,2021_48_winston_salem_winston_salem_open_at_wake_forest_university_2021-08-28_ymer_m_alcaraz_c
tennis_data_uk,atp,2021,48,Winston-Salem Open at Wake Forest University,Winston-Salem,2021-08-28,atp_250,outdoor,hard,F,3,Ivashka I.,Ymer M.,63,90,1025,843,2,0,6,0,6,2,,,,,,,completed,1.44,2.75,1.5,2.8,1.5,3.17,1.43,2.81,2021_48_winston_salem_winston_salem_open_at_wake_forest_university,2021_48_winston_salem_winston_salem_open_at_wake_forest_university_2021-08-28_ivashka_i_ymer_m
tennis_data_uk,atp,2021,49,US Open,New York,2021-08-30,grand_slam,outdoor,hard,R128,5,Lajovic D.,Paire B.,40,49,1565,1384,3,1,6,3,7,5,2,6,6,4,,,completed,2.5,1.53,2.44,1.63,2.55,1.63,2.38,1.59,2021_49_new_york_us_open,2021_49_new_york_us_open_2021-08-30_lajovic_d_paire_b
tennis_data_uk,atp,2021,49,US Open,New York,2021-08-30,grand_slam,outdoor,hard,R128,5,Bagnis F.,Daniel T.,80,109,913,744,3,0,6,3,6,3,6,3,,,,,completed,2.37,1.57,2.51,1.6,2.51,1.63,2.36,1.59,2021_49_new_york_us_open,2021_49_new_york_us_open_2021-08-30_bagnis_f_daniel_t
tennis_data_uk,atp,2021,49,US Open,New York,2021-08-30,grand_slam,outdoor,hard,R128,5,Schwartzman D.,Berankis R.,14,96,2980,818,3,0,7,5,6,3,6,3,,,,,completed,1.14,5.5,1.14,6.93,1.18,6.93,1.14,5.77,2021_49_new_york_us_open,2021_49_new_york_us_open_2021-08-30_schwartzman_d_berankis_r
tennis_data_uk,atp,2021,49,US Open,New York,2021-08-30,grand_slam,outdoor,hard,R128,5,Anderson K.,Vesely J.,77,90,948,865,3,2,7,6,4,6,3,6,7,6,7,6,completed,1.3,3.5,1.27,4.2,1.32,4.23,1.26,3.91,2021_49_new_york_us_open,2021_49_new_york_us_open_2021-08-30_anderson_k_vesely_j
tennis_data_uk,atp,2021,49,US Open,New York,2021-08-30,grand_slam,outdoor,hard,R128,5,Evans D.,Monteiro T.,27,93,2074,831,3,1,6,3,6,7,6,4,6,1,,,completed,1.28,3.75,1.29,3.98,1.34,3.98,1.29,3.62,2021_49_new_york_us_open,2021_49_new_york_us_open_2021-08-30_evans_d_monteiro_t
tennis_data_uk,atp,2021,49,US Open,New York,2021-08-30,grand_slam,outdoor,hard,R128,5,Zapata Miralles B.,Lopez F.,116,97,702,813,3,2,5,7,7,6,4,6,6,3,6,3,completed,1.66,2.2,1.65,2.4,1.71,2.5,1.62,2.31,2021_49_new_york_us_open,2021_49_new_york_us_open_2021-08-30_zapata_miralles_b_lopez_f
tennis_data_uk,atp,2021,49,US Open,New York,2021-08-30,grand_slam,outdoor,hard,R128,5,Laaksonen H.,Millman J.,130,43,613,1480,3,0,7,6,7,6,6,1,,,,,completed,2.5,1.53,2.54,1.59,2.7,1.59,2.48,1.54,2021_49_new_york_us_open,2021_49_new_york_us_open_2021-08-30_laaksonen_h_millman_j
tennis_data_uk,atp,2021,49,US Open,New York,2021-08-30,grand_slam,outdoor,hard,R128,5,Gojowczyk P.,Humbert U.,141,26,563,2090,3,2,1,6,6,1,6,2,5,7,6,4,completed,4.5,1.2,4.9,1.22,4.9,1.24,4.46,1.21,2021_49_new_york_us_open,2021_49_new_york_us_open_2021-08-30_gojowczyk_p_humbert_u
tennis_data_uk,atp,2021,49,US Open,New York,2021-08-30,grand_slam,outdoor,hard,R128,5,Auger-Aliassime F.,Donskoy E.,15,152,2828,498,3,1,7,6,3,6,7,6,7,6,,,completed,1.07,9.0,1.06,12.24,1.09,12.24,1.06,9.85,2021_49_new_york_us_open,2021_49_new_york_us_open_2021-08-30_auger_aliassime_f_donskoy_e
tennis_data_uk,atp,2021,49,US Open,New York,2021-08-30,grand_slam,outdoor,hard,R128,5,Kohlschreiber P.,Cilic M.,115,36,716,1650,2,2,6,7,6,7,6,2,6,1,2,0,retired,3.0,1.4,3.01,1.44,3.38,1.44,2.98,1.4,2021_49_new_york_us_open,2021_49_new_york_us_open_2021-08-30_kohlschreiber_p_cilic_m
tennis_data_uk,atp,2021,49,US Open,New York,2021-08-30,grand_slam,outdoor,hard,R128,5,Rublev A.,Karlovic I.,7,221,6400,309,3,0,6,3,7,6,6,3,,,,,completed,1.05,11.0,1.04,15.55,1.05,18.0,1.03,13.2,2021_49_new_york_us_open,2021_49_new_york_us_open_2021-08-30_rublev_a_karlovic_i
tennis_data_uk,atp,2021,49,US Open,New York,2021-08-30,grand_slam,outdoor,hard,R128,5,Martinez P.,Duckworth J.,75,68,950,1004,3,2,4,6,4,6,7,6,6,2,6,2,completed,2.75,1.44,2.81,1.5,3.2,1.54,2.73,1.46,2021_49_new_york_us_open,2021_49_new_york_us_open_2021-08-30_martinez_p_duckworth_j
tennis_data_uk,atp,2021,49,US Open,New York,2021-08-30,grand_slam,outdoor,hard,R128,5,Garin C.,Gombos N.,19,111,2510,740,3,1,6,3,4,6,6,4,7,6,,,completed,1.3,3.5,1.38,3.35,1.4,3.66,1.33,3.3,2021_49_new_york_us_open,2021_49_new_york_us_open_2021-08-30_garin_c_gombos_n
tennis_data_uk,atp,2021,49,US Open,New York,2021-08-30,grand_slam,outdoor,hard,R128,5,Andujar P.,Kukushkin M.,74,129,970,614,3,2,3,6,4,6,6,4,6,4,6,2,completed,2.62,1.5,2.81,1.5,2.85,1.52,2.68,1.47,2021_49_new_york_us_open,2021_49_new_york_us_open_2021-08-30_andujar_p_kukushkin_m
tennis_data_uk,atp,2021,49,US Open,New York,2021-08-30,grand_slam,outdoor,hard,R128,5,Nakashima B.,Isner J.,84,22,893,2238,3,0,7,6,7,6,6,3,,,,,completed,2.5,1.53,2.73,1.52,2.74,1.59,2.55,1.51,2021_49_new_york_us_open,2021_49_new_york_us_open_2021-08-30_nakashima_b_isner_j
tennis_data_uk,atp,2021,49,US Open,New York,2021-08-30,grand_slam,outdoor,hard,R128,5,Giron M.,Hoang A.,64,150,1037,505,3,0,6,3,6,4,7,5,,,,,completed,1.22,4.33,1.23,4.79,1.25,4.9,1.21,4.37,2021_49_new_york_us_open,2021_49_new_york_us_open_2021-08-30_giron_m_hoang_a
tennis_data_uk,atp,2021,49,US Open,New York,2021-08-30,grand_slam,outdoor,hard,R128,5,Mannarino A.,Herbert P.H.,44,104,1469,773,3,2,3,6,4,6,6,4,6,3,6,3,completed,2.75,1.44,3.18,1.41,3.4,1.46,3.06,1.38,2021_49_new_york_us_open,2021_49_new_york_us_open_2021-08-30_mannarino_a_herbert_p_h
tennis_data_uk,atp,2021,49,US Open,New York,2021-08-30,grand_slam,outdoor,hard,R128,5,Tsitsipas S.,Murray A.,3,112,8350,740,3,2,2,6,7,6,3,6,6,3,6,4,completed,1.07,9.0,1.05,13.49,1.1,13.49,1.06,9.79,2021_49_new_york_us_open,2021_49_new_york_us_open_2021-08-30_tsitsipas_s_murray_a
tennis_data_uk,atp,2021,49,US Open,New York,2021-08-30,grand_slam,outdoor,hard,R128,5,Ruud C.,Sugita Y.,11,131,3455,612,3,0,6,3,6,2,6,2,,,,,completed,1.06,10.0,1.05,13.83,1.06,14.99,1.05,11.41,2021_49_new_york_us_open,2021_49_new_york_us_open_2021-08-30_ruud_c_sugita_y
tennis_data_uk,atp,2021,49,US Open,New York,2021-08-30,grand_slam,outdoor,hard,R128,5,Dimitrov G.,Riffice S.,18,542,2511,63,3,0,6,1,7,6,6,3,,,,,completed,1.05,11.0,1.05,14.35,1.07,20.0,1.04,12.33,2021_49_new_york_us_open,2021_49_new_york_us_open_2021-08-30_dimitrov_g_riffice_s
tennis_data_uk,atp,2021,49,US Open,New York,2021-08-30,grand_slam,outdoor,hard,R128,5,Trungelliti M.,Davidovich Fokina A.,198,32,361,1723,3,2,5,7,6,3,7,5,6,7,6,4,completed,5.5,1.14,7.04,1.13,7.04,1.17,6.16,1.13,2021_49_new_york_us_open,2021_49_new_york_us_open_2021-08-30_trungelliti_m_davidovich_fokina_a
tennis_data_uk,atp,2021,49,US Open,New York,2021-08-30,grand_slam,outdoor,hard,R128,5,Molcan A.,Ilkel C.,138,188,579,381,3,1,4,6,6,3,6,1,6,1,,,completed,1.3,3.5,1.38,3.35,1.42,3.5,1.35,3.22,2021_49_new_york_us_open,2021_49_new_york_us_open_2021-08-30_molcan_a_ilkel_c
tennis_data_uk,atp,2021,49,US Open,New York,2021-08-30,grand_slam,outdoor,hard,R128,5,Van De Zandschulp B.,Taberner C.,117,105,698,758,3,2,2,6,3,6,6,4,7,5,6,3,completed,1.36,3.2,1.32,3.77,1.37,3.77,1.33,3.31,2021_49_new_york_us_open,2021_49_new_york_us_open_2021-08-30_van_de_zandschulp_b_taberner_c
tennis_data_uk,atp,2021,49,US Open,New York,2021-08-30,grand_slam,outdoor,hard,R128,5,Ruusuvuori E.,Majchrzak K.,66,114,1018,719,3,1,6,4,6,2,3,6,6,1,,,completed,1.44,2.75,1.49,2.84,1.49,3.16,1.41,2.91,2021_49_new_york_us_open,2021_49_new_york_us_open_2021-08-30_ruusuvuori_e_majchrzak_k
tennis_data_uk,atp,2021,49,US Open,New York,2021-08-30,grand_slam,outdoor,hard,R128,5,Rinderknech A.,Kecmanovic M.,83,63,907,1050,3,2,6,7,3,6,7,5,6,3,6,4,completed,2.0,1.8,2.11,1.82,2.21,1.82,2.07,1.76,2021_49_new_york_us_open,2021_49_new_york_us_open_2021-08-30_rinderknech_a_kecmanovic_m
tennis_data_uk,atp,2021,49,US Open,New York,2021-08-30,grand_slam,outdoor,hard,R128,5,Popyrin A.,Albot R.,73,108,970,744,3,1,6,3,6,7,6,3,6,3,,,completed,1.22,4.33,1.25,4.51,1.28,4.73,1.23,4.25,2021_49_new_york_us_open,2021_49_new_york_us_open_2021-08-30_popyrin_a_albot_r
tennis_data_uk,atp,2021,49,US Open,New York,2021-08-30,grand_slam,outdoor,hard,R128,5,Koepfer D.,Halys Q.,57,183,1175,394,3,2,6,4,3,6,4,6,6,3,6,4,completed,1.4,3.0,1.44,3.03,1.47,3.05,1.41,2.92,2021_49_new_york_us_open,2021_49_new_york_us_open_2021-08-30_koepfer_d_halys_q
tennis_data_uk,atp,2021,49,US Open,New York,2021-08-30,grand_slam,outdoor,hard,R128,5,Alcaraz C.,Norrie C.,55,29,1209,1975,3,0,6,4,6,4,6,3,,,,,completed,2.75,1.44,2.88,1.48,2.9,1.54,2.74,1.46,2021_49_new_york_us_open,2021_49_new_york_us_open_2021-08-30_alcaraz_c_norrie_c
tennis_data_uk,atp,2021,49,US Open,New York,2021-08-31,grand_slam,outdoor,hard,R128,5,Tiafoe F.,Eubanks C.,50,214,1312,325,3,1,7,6,5,7,6,3,6,4,,,completed,1.2,4.5,1.2,5.2,1.22,5.25,1.19,4.71,2021_49_new_york_us_open,2021_49_new_york_us_open_2021-08-31_tiafoe_f_eubanks_c
tennis_data_uk,atp,2021,49,US Open,New York,2021-08-31,grand_slam,outdoor,hard,R128,5,Pella G.,Krajinovic F.,85,38,879,1589,3,1,6,7,6,3,6,2,6,2,,,completed,3.5,1.3,3.64,1.33,3.65,1.38,3.46,1.31,2021_49_new_york_us_open,2021_49_new_york_us_open_2021-08-31_pella_g_krajinovic_f
tennis_data_uk,atp,2021,49,US Open,New York,2021-08-31,grand_slam,outdoor,hard,R128,5,Bautista Agut R.,Kyrgios N.,21,86,2405,878,3,0,6,3,6,4,6,0,,,,,completed,1.57,2.37,1.56,2.6,1.72,2.6,1.56,2.43,2021_49_new_york_us_open,2021_49_new_york_us_open_2021-08-31_bautista_agut_r_kyrgios_n
tennis_data_uk,atp,2021,49,US Open,New York,2021-08-31,grand_slam,outdoor,hard,R128,5,Medvedev D.,Gasquet R.,2,79,9980,918,3,0,6,4,6,3,6,1,,,,,completed,1.04,13.0,1.02,21.39,1.04,22.0,1.02,15.82,2021_49_new_york_us_open,2021_49_new_york_us_open_2021-08-31_medvedev_d_gasquet_r
tennis_data_uk,atp,2021,49,US Open,New York,2021-08-31,grand_slam,outdoor,hard,R128,5,Opelka R.,Kwon S.W.,24,76,2206,949,3,0,7,6,6,4,6,4,,,,,completed,1.3,3.5,1.32,3.75,1.33,3.77,1.3,3.53,2021_49_new_york_us_open,2021_49_new_york_us_open_2021-08-31_opelka_r_kwon_s_w
tennis_data_uk,atp,2021,49,US Open,New York,2021-08-31,grand_slam,outdoor,hard,R128,5,Musetti L.,Nava E.,60,385,1081,115,3,1,6,7,6,4,6,1,6,3,,,completed,1.4,3.0,1.46,2.94,1.46,3.02,1.42,2.88,2021_49_new_york_us_open,2021_49_new_york_us_open_2021-08-31_musetti_l_nava_e
tennis_data_uk,atp,2021,49,US Open,New York,2021-08-31,grand_slam,outdoor,hard,R128,5,Mcdonald M.,Goffin D.,61,30,1070,1933,3,0,6,2,7,5,6,3,,,,,completed,1.4,3.0,1.39,3.29,1.44,3.29,1.37,3.08,2021_49_new_york_us_open,2021_49_new_york_us_open_2021-08-31_mcdonald_m_goffin_d
tennis_data_uk,atp,2021,49,US Open,New York,2021-08-31,grand_slam,outdoor,hard,R128,5,Karatsev A.,Munar J.,25,65,2109,1022,3,1,7,5,1,6,6,3,6,2,,,completed,1.25,4.0,1.33,3.64,1.33,4.59,1.27,3.77,2021_49_new_york_us_open,2021_49_new_york_us_open_2021-08-31_karatsev_a_munar_j
tennis_data_uk,atp,2021,49,US Open,New York,2021-08-31,grand_slam,outdoor,hard,R128,5,Kudla D.,Djere L.,92,51,833,1307,3,1,4,6,6,3,7,5,7,6,,,completed,1.53,2.5,1.57,2.58,1.57,2.68,1.52,2.52,2021_49_new_york_us_open,2021_49_new_york_us_open_2021-08-31_kudla_d_djere_l
tennis_data_uk,atp,2021,49,US Open,New York,2021-08-31,grand_slam,outdoor,hard,R128,5,Ramos-Vinolas A.,Pouille L.,48,133,1400,605,3,2,6,1,5,7,5,7,7,5,6,4,completed,1.61,2.3,1.83,2.1,1.83,2.33,1.67,2.22,2021_49_new_york_us_open,2021_49_new_york_us_open_2021-08-31_ramos_vinolas_a_pouille_l
tennis_data_uk,atp,2021,49,US Open,New York,2021-08-31,grand_slam,outdoor,hard,R128,5,Harris L.,Khachanov K.,46,28,1443,2010,3,2,6,4,1,6,4,6,6,3,6,2,completed,2.75,1.44,2.6,1.56,3.0,1.56,2.68,1.48,2021_49_new_york_us_open,2021_49_new_york_us_open_2021-08-31_harris_l_khachanov_k
tennis_data_uk,atp,2021,49,US Open,New York,2021-08-31,grand_slam,outdoor,hard,R128,5,Nishikori K.,Caruso S.,56,113,1208,735,3,1,6,1,6,1,5,7,6,3,,,completed,1.11,6.5,1.11,7.99,1.14,7.99,1.1,6.91,2021_49_new_york_us_open,2021_49_new_york_us_open_2021-08-31_nishikori_k_caruso_s
tennis_data_uk,atp,2021,49,US Open,New York,2021-08-31,grand_slam,outdoor,hard,R128,5,Escobedo E.,Cuevas P.,178,101,410,807,3,0,6,1,6,3,6,1,,,,,completed,1.57,2.37,1.58,2.55,1.6,2.66,1.53,2.51,2021_49_new_york_us_open,2021_49_new_york_us_open_2021-08-31_escobedo_e_cuevas_p
tennis_data_uk,atp,2021,49,US Open,New York,2021-08-31,grand_slam,outdoor,hard,R128,5,Zverev A.,Querrey S.,4,78,8240,943,3,0,6,4,7,5,6,2,,,,,completed,1.04,13.0,1.04,15.29,1.06,15.29,1.04,11.71,2021_49_new_york_us_open,2021_49_new_york_us_open_2021-08-31_zverev_a_querrey_s
tennis_data_uk,atp,2021,49,US Open,New York,2021-08-31,grand_slam,outdoor,hard,R128,5,Hurkacz H.,Gerasimov E.,13,82,3128,910,3,0,6,3,6,4,6,3,,,,,completed,1.12,6.0,1.14,6.84,1.16,7.0,1.13,6.15,2021_49_new_york_us_open,2021_49_new_york_us_open_2021-08-31_hurkacz_h_gerasimov_e
tennis_data_uk,atp,2021,49,US Open,New York,2021-08-31,grand_slam,outdoor,hard,R128,5,Bublik A.,Hanfmann Y.,37,134,1633,594,3,1,6,0,4,6,6,2,6,1,,,completed,1.16,5.0,1.16,6.16,1.21,6.2,1.17,5.17,2021_49_new_york_us_open,2021_49_new_york_us_open_2021-08-31_bublik_a_hanfmann_y
tennis_data_uk,atp,2021,49,US Open,New York,2021-08-31,grand_slam,outdoor,hard,R128,5,Seppi A.,Fucsovics M.,89,41,873,1549,3,2,2,6,7,5,6,4,2,6,7,6,completed,5.0,1.16,5.84,1.17,6.0,1.2,5.28,1.16,2021_49_new_york_us_open,2021_49_new_york_us_open_2021-08-31_seppi_a_fucsovics_m
tennis_data_uk,atp,2021,49,US Open,New York,2021-08-31,grand_slam,outdoor,hard,R128,5,Otte O.,Sonego L.,144,23,543,2227,3,1,6,7,7,5,7,6,7,6,,,completed,3.4,1.33,3.64,1.33,3.65,1.35,3.43,1.31,2021_49_new_york_us_open,2021_49_new_york_us_open_2021-08-31_otte_o_sonego_l
tennis_data_uk,atp,2021,49,US Open,New York,2021-08-31,grand_slam,outdoor,hard,R128,5,Berrettini M.,Chardy J.,8,70,5533,994,3,0,7,6,7,6,6,3,,,,,completed,1.1,7.0,1.12,7.69,1.13,7.69,1.1,6.99,2021_49_new_york_us_open,2021_49_new_york_us_open_2021-08-31_berrettini_m_chardy_j
tennis_data_uk,atp,2021,49,US Open,New York,2021-08-31,grand_slam,outdoor,hard,R128,5,Cressy M.,Carreno Busta P.,151,12,504,3325,3,2,5,7,4,6,6,1,6,4,7,6,completed,7.0,1.1,8.19,1.11,8.25,1.14,7.24,1.09,2021_49_new_york_us_open,2021_49_new_york_us_open_2021-08-31_cressy_m_carreno_busta_p
tennis_data_uk,atp,2021,49,US Open,New York,2021-08-31,grand_slam,outdoor,hard,R128,5,Sinner J.,Purcell M.,16,191,2750,375,3,1,6,4,6,2,4,6,6,2,,,completed,1.08,8.0,1.08,9.99,1.11,10.0,1.07,8.62,2021_49_new_york_us_open,2021_49_new_york_us_open_2021-08-31_sinner_j_purcell_m
tennis_data_uk,atp,2021,49,US Open,New York,2021-08-31,grand_slam,outdoor,hard,R128,5,Shapovalov D.,Delbonis F.,10,47,3580,1407,3,0,6,2,6,2,6,3,,,,,completed,1.1,7.0,1.07,10.7,1.11,10.7,1.08,7.94,2021_49_new_york_us_open,2021_49_new_york_us_open_2021-08-31_shapovalov_d_delbonis_f
tennis_data_uk,atp,2021,49,US Open,New York,2021-08-31,grand_slam,outdoor,hard,R128,5,Basilashvili N.,Korda S.,39,45,1578,1459,1,0,6,2,2,1,,,,,,,retired,3.0,1.4,2.91,1.47,3.21,1.47,2.9,1.41,2021_49_new_york_us_open,2021_49_new_york_us_open_2021-08-31_basilashvili_n_korda_s
tennis_data_uk,atp,2021,49,US Open,New York,2021-08-31,grand_slam,outdoor,hard,R128,5,Thompson J.,Mager G.,59,71,1090,990,3,2,4,6,6,3,7,5,2,6,7,6,completed,1.33,3.4,1.33,3.64,1.38,3.64,1.34,3.28,2021_49_new_york_us_open,2021_49_new_york_us_open_2021-08-31_thompson_j_mager_g
tennis_data_uk,atp,2021,49,US Open,New York,2021-08-31,grand_slam,outdoor,hard,R128,5,Carballes Baena R.,Paul T.,95,54,819,1243,3,1,7,6,6,2,1,6,6,3,,,completed,5.0,1.16,6.9,1.14,6.9,1.18,5.77,1.14,2021_49_new_york_us_open,2021_49_new_york_us_open_2021-08-31_carballes_baena_r_paul_t
tennis_data_uk,atp,2021,49,US Open,New York,2021-08-31,grand_slam,outdoor,hard,R128,5,Moutet C.,Travaglia S.,88,100,873,811,3,0,6,4,7,5,7,6,,,,,completed,1.61,2.3,1.68,2.33,1.68,2.45,1.6,2.34,2021_49_new_york_us_open,2021_49_new_york_us_open_2021-08-31_moutet_c_travaglia_s
tennis_data_uk,atp,2021,49,US Open,New York,2021-08-31,grand_slam,outdoor,hard,R128,5,Monfils G.,Coria F.,20,62,2503,1054,3,0,6,3,6,2,6,2,,,,,completed,1.12,6.0,1.11,7.87,1.14,7.87,1.11,6.62,2021_49_new_york_us_open,2021_49_new_york_us_open_2021-08-31_monfils_g_coria_f
tennis_data_uk,atp,2021,49,US Open,New York,2021-08-31,grand_slam,outdoor,hard,R128,5,Griekspoor T.,Struff J.L.,121,52,675,1275,3,2,2,6,7,6,4,6,6,4,7,5,completed,3.5,1.3,3.49,1.35,3.84,1.35,3.52,1.3,2021_49_new_york_us_open,2021_49_new_york_us_open_2021-08-31_griekspoor_t_struff_j_l
tennis_data_uk,atp,2021,49,US Open,New York,2021-08-31,grand_slam,outdoor,hard,R128,5,Sock J.,Nishioka Y.,184,69,393,1000,3,1,6,7,6,2,6,4,6,2,,,completed,2.0,1.8,2.17,1.78,2.24,1.82,2.09,1.75,2021_49_new_york_us_open,2021_49_new_york_us_open_2021-08-31_sock_j_nishioka_y
tennis_data_uk,atp,2021,49,US Open,New York,2021-08-31,grand_slam,outdoor,hard,R128,5,Johnson S.,Marterer M.,87,212,876,329,3,1,5,7,7,6,7,6,6,3,,,completed,1.5,2.62,1.56,2.6,1.62,2.8,1.5,2.59,2021_49_new_york_us_open,2021_49_new_york_us_open_2021-08-31_johnson_s_marterer_m
tennis_data_uk,atp,2021,49,US Open,New York,2021-08-31,grand_slam,outdoor,hard,R128,5,Ivashka I.,Sandgren T.,53,91,1250,833,3,0,7,6,6,3,6,4,,,,,completed,1.25,4.0,1.21,5.0,1.25,5.08,1.2,4.53,2021_49_new_york_us_open,2021_49_new_york_us_open_2021-08-31_ivashka_i_sandgren_t
tennis_data_uk,atp,2021,49,US Open,New York,2021-08-31,grand_slam,outdoor,hard,R128,5,Pospisil V.,Fognini F.,58,31,1125,1734,3,2,2,6,3,6,6,1,6,3,7,6,completed,2.37,1.57,2.68,1.53,2.75,1.57,2.59,1.5,2021_49_new_york_us_open,2021_49_new_york_us_open_2021-08-31_pospisil_v_fognini_f
tennis_data_uk,atp,2021,49,US Open,New York,2021-08-31,grand_slam,outdoor,hard,R128,5,Svajda Z.,Cecchinato M.,716,81,32,911,3,1,7,6,5,7,6,4,6,4,,,completed,2.75,1.44,2.93,1.46,3.11,1.47,2.85,1.43,2021_49_new_york_us_open,2021_49_new_york_us_open_2021-08-31_svajda_z_cecchinato_m
tennis_data_uk,atp,2021,49,US Open,New York,2021-08-31,grand_slam,outdoor,hard,R128,5,Brooksby J.,Ymer M.,99,72,812,981,3,1,7,5,6,2,5,7,6,3,,,completed,1.4,3.0,1.4,3.24,1.42,3.3,1.37,3.11,2021_49_new_york_us_open,2021_49_new_york_us_open_2021-08-31_brooksby_j_ymer_m
tennis_data_uk,atp,2021,49,US Open,New York,2021-09-01,grand_slam,outdoor,hard,R128,5,Djokovic N.,Rune H.,1,145,11113,541,3,1,6,1,6,7,6,2,6,1,,,completed,1.01,23.0,1.01,25.75,1.03,34.0,1.01,19.24,2021_49_new_york_us_open,2021_49_new_york_us_open_2021-09-01_djokovic_n_rune_h
tennis_data_uk,atp,2021,49,US Open,New York,2021-09-01,grand_slam,outdoor,hard,R128,5,Fritz T.,De Minaur A.,42,17,1540,2555,3,1,7,6,6,2,1,6,6,4,,,completed,2.37,1.57,2.19,1.76,2.44,1.76,2.27,1.64,2021_49_new_york_us_open,2021_49_new_york_us_open_2021-09-01_fritz_t_de_minaur_a
tennis_data_uk,atp,2021,49,US Open,New York,2021-09-01,grand_slam,outdoor,hard,R64,5,Rublev A.,Martinez P.,7,75,6400,950,3,1,7,6,6,7,6,1,6,1,,,completed,1.04,13.0,1.03,17.21,1.05,18.0,1.03,13.53,2021_49_new_york_us_open,2021_49_new_york_us_open_2021-09-01_rublev_a_martinez_p
tennis_data_uk,atp,2021,49,US Open,New York,2021-09-01,grand_slam,outdoor,hard,R64,5,Popyrin A.,Dimitrov G.,73,18,970,2511,2,0,7,6,7,6,4,0,,,,,retired,2.62,1.5,2.75,1.51,2.8,1.54,2.67,1.48,2021_49_new_york_us_open,2021_49_new_york_us_open_2021-09-01_popyrin_a_dimitrov_g
tennis_data_uk,atp,2021,49,US Open,New York,2021-09-01,grand_slam,outdoor,hard,R64,5,Alcaraz C.,Rinderknech A.,55,83,1209,907,3,1,7,6,4,6,6,1,6,4,,,completed,1.33,3.4,1.35,3.5,1.38,3.66,1.33,3.33,2021_49_new_york_us_open,2021_49_new_york_us_open_2021-09-01_alcaraz_c_rinderknech_a
tennis_data_uk,atp,2021,49,US Open,New York,2021-09-01,grand_slam,outdoor,hard,R64,5,Molcan A.,Nakashima B.,138,84,579,893,3,2,6,3,3,6,1,6,6,2,6,4,completed,3.5,1.3,3.55,1.35,4.03,1.36,3.58,1.29,2021_49_new_york_us_open,2021_49_new_york_us_open_2021-09-01_molcan_a_nakashima_b
tennis_data_uk,atp,2021,49,US Open,New York,2021-09-01,grand_slam,outdoor,hard,R64,5,Evans D.,Giron M.,27,64,2074,1037,3,1,6,4,7,6,2,6,6,3,,,completed,1.8,2.0,1.76,2.19,1.85,2.19,1.76,2.08,2021_49_new_york_us_open,2021_49_new_york_us_open_2021-09-01_evans_d_giron_m
tennis_data_uk,atp,2021,49,US Open,New York,2021-09-01,grand_slam,outdoor,hard,R64,5,Van De Zandschulp B.,Ruud C.,117,11,698,3455,3,1,3,6,6,4,6,3,6,4,,,completed,8.0,1.08,7.85,1.11,8.9,1.11,7.5,1.09,2021_49_new_york_us_open,2021_49_new_york_us_open_2021-09-01_van_de_zandschulp_b_ruud_c
tennis_data_uk,atp,2021,49,US Open,New York,2021-09-01,grand_slam,outdoor,hard,R64,5,Gojowczyk P.,Lajovic D.,141,40,563,1565,3,2,2,6,6,4,2,6,7,5,6,4,completed,2.2,1.66,2.13,1.8,2.25,1.81,2.12,1.73,2021_49_new_york_us_open,2021_49_new_york_us_open_2021-09-01_gojowczyk_p_lajovic_d
tennis_data_uk,atp,2021,49,US Open,New York,2021-09-01,grand_slam,outdoor,hard,R64,5,Laaksonen H.,Garin C.,130,19,613,2510,3,1,3,6,7,6,6,2,6,4,,,completed,2.37,1.57,2.4,1.65,2.66,1.65,2.38,1.58,2021_49_new_york_us_open,2021_49_new_york_us_open_2021-09-01_laaksonen_h_garin_c
tennis_data_uk,atp,2021,49,US Open,New York,2021-09-01,grand_slam,outdoor,hard,R64,5,Andujar P.,Kohlschreiber P.,74,115,970,716,3,0,6,4,6,3,6,1,,,,,completed,3.5,1.3,3.34,1.38,3.65,1.39,3.33,1.33,2021_49_new_york_us_open,2021_49_new_york_us_open_2021-09-01_andujar_p_kohlschreiber_p
tennis_data_uk,atp,2021,49,US Open,New York,2021-09-01,grand_slam,outdoor,hard,R64,5,Bagnis F.,Trungelliti M.,80,198,913,361,3,1,7,6,4,6,6,3,6,3,,,completed,1.72,2.1,1.79,2.15,1.82,2.15,1.76,2.08,2021_49_new_york_us_open,2021_49_new_york_us_open_2021-09-01_bagnis_f_trungelliti_m
tennis_data_uk,atp,2021,49,US Open,New York,2021-09-01,grand_slam,outdoor,hard,R64,5,Medvedev D.,Koepfer D.,2,57,9980,1175,3,0,6,4,6,1,6,2,,,,,completed,1.02,17.0,1.02,23.25,1.03,25.0,1.02,17.96,2021_49_new_york_us_open,2021_49_new_york_us_open_2021-09-01_medvedev_d_koepfer_d
tennis_data_uk,atp,2021,49,US Open,New York,2021-09-01,grand_slam,outdoor,hard,R64,5,Auger-Aliassime F.,Zapata Miralles B.,15,116,2828,702,3,0,7,6,6,3,6,2,,,,,completed,1.11,6.5,1.12,7.48,1.14,7.5,1.11,6.69,2021_49_new_york_us_open,2021_49_new_york_us_open_2021-09-01_auger_aliassime_f_zapata_miralles_b
tennis_data_uk,atp,2021,49,US Open,New York,2021-09-01,grand_slam,outdoor,hard,R64,5,Bautista Agut R.,Ruusuvuori E.,21,66,2405,1018,3,0,6,1,6,3,6,2,,,,,completed,1.5,2.62,1.52,2.71,1.52,2.85,1.47,2.7,2021_49_new_york_us_open,2021_49_new_york_us_open_2021-09-01_bautista_agut_r_ruusuvuori_e
tennis_data_uk,atp,2021,49,US Open,New York,2021-09-01,grand_slam,outdoor,hard,R64,5,Tiafoe F.,Pella G.,50,85,1312,879,3,0,6,1,6,2,7,5,,,,,completed,1.36,3.2,1.36,3.47,1.42,3.6,1.35,3.22,2021_49_new_york_us_open,2021_49_new_york_us_open_2021-09-01_tiafoe_f_pella_g
tennis_data_uk,atp,2021,49,US Open,New York,2021-09-02,grand_slam,outdoor,hard,R64,5,Schwartzman D.,Anderson K.,14,77,2980,948,3,0,7,6,6,3,6,4,,,,,completed,1.44,2.75,1.5,2.79,1.53,2.85,1.47,2.69,2021_49_new_york_us_open,2021_49_new_york_us_open_2021-09-02_schwartzman_d_anderson_k
tennis_data_uk,atp,2021,49,US Open,New York,2021-09-02,grand_slam,outdoor,hard,R64,5,Tsitsipas S.,Mannarino A.,3,44,8350,1469,3,1,6,3,6,4,6,7,6,0,,,completed,1.05,11.0,1.03,17.57,1.05,18.07,1.03,13.15,2021_49_new_york_us_open,2021_49_new_york_us_open_2021-09-02_tsitsipas_s_mannarino_a
tennis_data_uk,atp,2021,49,US Open,New York,2021-09-02,grand_slam,outdoor,hard,R64,5,Opelka R.,Musetti L.,24,60,2206,1081,3,0,7,6,7,5,6,4,,,,,completed,1.22,4.33,1.24,4.61,1.29,4.61,1.25,4.01,2021_49_new_york_us_open,2021_49_new_york_us_open_2021-09-02_opelka_r_musetti_l
tennis_data_uk,atp,2021,49,US Open,New York,2021-09-02,grand_slam,outdoor,hard,R64,5,Karatsev A.,Thompson J.,25,59,2109,1090,3,2,3,6,3,6,7,5,7,6,6,1,completed,1.4,3.0,1.5,2.8,1.5,3.25,1.41,2.9,2021_49_new_york_us_open,2021_49_new_york_us_open_2021-09-02_karatsev_a_thompson_j
tennis_data_uk,atp,2021,49,US Open,New York,2021-09-02,grand_slam,outdoor,hard,R64,5,Basilashvili N.,Cressy M.,39,151,1578,504,3,0,7,6,6,3,7,5,,,,,completed,1.44,2.75,1.51,2.75,1.51,2.89,1.47,2.71,2021_49_new_york_us_open,2021_49_new_york_us_open_2021-09-02_basilashvili_n_cressy_m
tennis_data_uk,atp,2021,49,US Open,New York,2021-09-02,grand_slam,outdoor,hard,R64,5,Berrettini M.,Moutet C.,8,88,5533,873,3,1,7,6,4,6,6,4,6,3,,,completed,1.12,6.0,1.16,6.26,1.16,7.0,1.13,6.0,2021_49_new_york_us_open,2021_49_new_york_us_open_2021-09-02_berrettini_m_moutet_c
tennis_data_uk,atp,2021,49,US Open,New York,2021-09-02,grand_slam,outdoor,hard,R64,5,Ivashka I.,Pospisil V.,53,58,1250,1125,3,0,6,3,6,4,7,6,,,,,completed,1.22,4.33,1.24,4.54,1.31,4.65,1.26,3.94,2021_49_new_york_us_open,2021_49_new_york_us_open_2021-09-02_ivashka_i_pospisil_v
tennis_data_uk,atp,2021,49,US Open,New York,2021-09-02,grand_slam,outdoor,hard,R64,5,Zverev A.,Ramos-Vinolas A.,4,48,8240,1400,3,0,6,1,6,0,6,3,,,,,completed,1.02,17.0,1.01,25.53,1.03,25.53,1.01,17.32,2021_49_new_york_us_open,2021_49_new_york_us_open_2021-09-02_zverev_a_ramos_vinolas_a
tennis_data_uk,atp,2021,49,US Open,New York,2021-09-02,grand_slam,outdoor,hard,R64,5,Seppi A.,Hurkacz H.,89,13,873,3128,3,1,2,6,6,4,6,4,7,6,,,completed,6.5,1.11,8.89,1.1,9.9,1.12,7.57,1.09,2021_49_new_york_us_open,2021_49_new_york_us_open_2021-09-02_seppi_a_hurkacz_h
tennis_data_uk,atp,2021,49,US Open,New York,2021-09-02,grand_slam,outdoor,hard,R64,5,Otte O.,Kudla D.,144,92,543,833,3,0,6,4,6,4,6,2,,,,,completed,2.37,1.57,2.53,1.59,2.54,1.65,2.4,1.57,2021_49_new_york_us_open,2021_49_new_york_us_open_2021-09-02_otte_o_kudla_d
tennis_data_uk,atp,2021,49,US Open,New York,2021-09-02,grand_slam,outdoor,hard,R64,5,Monfils G.,Johnson S.,20,87,2503,876,3,1,7,5,4,6,6,4,6,4,,,completed,1.36,3.2,1.46,2.96,1.46,3.41,1.37,3.1,2021_49_new_york_us_open,2021_49_new_york_us_open_2021-09-02_monfils_g_johnson_s
tennis_data_uk,atp,2021,49,US Open,New York,2021-09-02,grand_slam,outdoor,hard,R64,5,Harris L.,Escobedo E.,46,178,1443,410,3,0,6,4,6,4,6,2,,,,,completed,1.25,4.0,1.28,4.14,1.3,4.25,1.25,3.91,2021_49_new_york_us_open,2021_49_new_york_us_open_2021-09-02_harris_l_escobedo_e
tennis_data_uk,atp,2021,49,US Open,New York,2021-09-02,grand_slam,outdoor,hard,R64,5,Nishikori K.,Mcdonald M.,56,61,1208,1070,3,2,7,6,6,3,6,7,2,6,6,3,completed,1.57,2.37,1.59,2.53,1.63,2.55,1.57,2.4,2021_49_new_york_us_open,2021_49_new_york_us_open_2021-09-02_nishikori_k_mcdonald_m
tennis_data_uk,atp,2021,49,US Open,New York,2021-09-02,grand_slam,outdoor,hard,R64,5,Sinner J.,Svajda Z.,16,716,2750,32,3,1,6,3,7,6,6,7,6,4,,,completed,1.05,11.0,1.06,12.92,1.06,16.0,1.05,11.29,2021_49_new_york_us_open,2021_49_new_york_us_open_2021-09-02_sinner_j_svajda_z
tennis_data_uk,atp,2021,49,US Open,New York,2021-09-02,grand_slam,outdoor,hard,R64,5,Sock J.,Bublik A.,184,37,393,1633,3,2,7,6,6,7,6,4,4,6,6,3,completed,2.1,1.72,2.23,1.74,2.65,1.79,2.15,1.71,2021_49_new_york_us_open,2021_49_new_york_us_open_2021-09-02_sock_j_bublik_a
tennis_data_uk,atp,2021,49,US Open,New York,2021-09-02,grand_slam,outdoor,hard,R64,5,Brooksby J.,Fritz T.,99,42,812,1540,3,1,6,7,7,6,7,5,6,2,,,completed,1.9,1.9,1.86,2.05,2.0,2.05,1.88,1.93,2021_49_new_york_us_open,2021_49_new_york_us_open_2021-09-02_brooksby_j_fritz_t
tennis_data_uk,atp,2021,49,US Open,New York,2021-09-03,grand_slam,outdoor,hard,R64,5,Djokovic N.,Griekspoor T.,1,121,11113,675,3,0,6,2,6,3,6,2,,,,,completed,1.01,26.0,1.01,32.35,1.02,34.0,1.01,21.07,2021_49_new_york_us_open,2021_49_new_york_us_open_2021-09-03_djokovic_n_griekspoor_t
tennis_data_uk,atp,2021,49,US Open,New York,2021-09-03,grand_slam,outdoor,hard,R64,5,Shapovalov D.,Carballes Baena R.,10,95,3580,819,3,0,7,6,6,3,6,0,,,,,completed,1.08,8.0,1.07,10.79,1.09,11.9,1.06,9.16,2021_49_new_york_us_open,2021_49_new_york_us_open_2021-09-03_shapovalov_d_carballes_baena_r
tennis_data_uk,atp,2021,49,US Open,New York,2021-09-03,grand_slam,outdoor,hard,R32,5,Gojowczyk P.,Laaksonen H.,141,130,563,613,3,1,3,6,6,3,6,1,6,4,,,completed,2.3,1.61,2.26,1.72,2.33,1.79,2.21,1.68,2021_49_new_york_us_open,2021_49_new_york_us_open_2021-09-03_gojowczyk_p_laaksonen_h
tennis_data_uk,atp,2021,49,US Open,New York,2021-09-03,grand_slam,outdoor,hard,R32,5,Evans D.,Popyrin A.,27,73,2074,970,3,2,4,6,3,6,6,3,6,4,7,6,completed,1.72,2.1,1.79,2.14,1.82,2.2,1.74,2.1,2021_49_new_york_us_open,2021_49_new_york_us_open_2021-09-03_evans_d_popyrin_a
tennis_data_uk,atp,2021,49,US Open,New York,2021-09-03,grand_slam,outdoor,hard,R32,5,Medvedev D.,Andujar P.,2,74,9980,970,3,0,6,0,6,4,6,3,,,,,completed,1.01,23.0,1.01,26.17,1.02,34.0,1.01,20.07,2021_49_new_york_us_open,2021_49_new_york_us_open_2021-09-03_medvedev_d_andujar_p
tennis_data_uk,atp,2021,49,US Open,New York,2021-09-03,grand_slam,outdoor,hard,R32,5,Alcaraz C.,Tsitsipas S.,55,3,1209,8350,3,2,6,3,4,6,7,6,0,6,7,6,completed,4.5,1.2,5.23,1.2,5.25,1.23,4.63,1.2,2021_49_new_york_us_open,2021_49_new_york_us_open_2021-09-03_alcaraz_c_tsitsipas_s
tennis_data_uk,atp,2021,49,US Open,New York,2021-09-03,grand_slam,outdoor,hard,R32,5,Schwartzman D.,Molcan A.,14,138,2980,579,3,0,6,4,6,3,6,3,,,,,completed,1.2,4.5,1.2,5.22,1.22,5.3,1.19,4.84,2021_49_new_york_us_open,2021_49_new_york_us_open_2021-09-03_schwartzman_d_molcan_a
tennis_data_uk,atp,2021,49,US Open,New York,2021-09-03,grand_slam,outdoor,hard,R32,5,Van De Zandschulp B.,Bagnis F.,117,80,698,913,3,1,3,6,6,0,6,2,6,2,,,completed,1.36,3.2,1.43,3.08,1.44,3.32,1.38,3.06,2021_49_new_york_us_open,2021_49_new_york_us_open_2021-09-03_van_de_zandschulp_b_bagnis_f
tennis_data_uk,atp,2021,49,US Open,New York,2021-09-04,grand_slam,outdoor,hard,R32,5,Auger-Aliassime F.,Bautista Agut R.,15,21,2828,2405,3,2,6,3,6,4,4,6,3,6,6,3,completed,2.0,1.8,2.04,1.87,2.08,1.91,1.99,1.83,2021_49_new_york_us_open,2021_49_new_york_us_open_2021-09-04_auger_aliassime_f_bautista_agut_r
tennis_data_uk,atp,2021,49,US Open,New York,2021-09-04,grand_slam,outdoor,hard,R32,5,Tiafoe F.,Rublev A.,50,7,1312,6400,3,2,4,6,6,3,7,6,4,6,6,1,completed,4.0,1.25,3.51,1.35,4.11,1.35,3.72,1.28,2021_49_new_york_us_open,2021_49_new_york_us_open_2021-09-04_tiafoe_f_rublev_a
tennis_data_uk,atp,2021,49,US Open,New York,2021-09-04,grand_slam,outdoor,hard,R32,5,Berrettini M.,Ivashka I.,8,53,5533,1250,3,2,6,7,6,2,6,4,2,6,6,3,completed,1.44,2.75,1.5,2.8,1.53,2.85,1.48,2.68,2021_49_new_york_us_open,2021_49_new_york_us_open_2021-09-04_berrettini_m_ivashka_i
tennis_data_uk,atp,2021,49,US Open,New York,2021-09-04,grand_slam,outdoor,hard,R32,5,Otte O.,Seppi A.,144,89,543,873,3,1,6,3,6,4,2,6,7,5,,,completed,1.72,2.1,1.74,2.23,1.87,2.23,1.72,2.15,2021_49_new_york_us_open,2021_49_new_york_us_open_2021-09-04_otte_o_seppi_a
tennis_data_uk,atp,2021,49,US Open,New York,2021-09-04,grand_slam,outdoor,hard,R32,5,Djokovic N.,Nishikori K.,1,56,11113,1208,3,1,6,7,6,3,6,3,6,2,,,completed,1.03,15.0,1.02,20.99,1.06,21.0,1.03,14.08,2021_49_new_york_us_open,2021_49_new_york_us_open_2021-09-04_djokovic_n_nishikori_k
tennis_data_uk,atp,2021,49,US Open,New York,2021-09-04,grand_slam,outdoor,hard,R32,5,Sinner J.,Monfils G.,16,20,2750,2503,3,2,7,6,6,2,4,6,4,6,6,4,completed,1.57,2.37,1.65,2.4,1.65,2.46,1.6,2.36,2021_49_new_york_us_open,2021_49_new_york_us_open_2021-09-04_sinner_j_monfils_g
tennis_data_uk,atp,2021,49,US Open,New York,2021-09-04,grand_slam,outdoor,hard,R32,5,Brooksby J.,Karatsev A.,99,25,812,2109,3,2,6,2,3,6,2,6,6,3,6,3,completed,1.72,2.1,1.78,2.17,1.78,2.25,1.73,2.13,2021_49_new_york_us_open,2021_49_new_york_us_open_2021-09-04_brooksby_j_karatsev_a
tennis_data_uk,atp,2021,49,US Open,New York,2021-09-05,grand_slam,outdoor,hard,R32,5,Harris L.,Shapovalov D.,46,10,1443,3580,3,0,6,4,6,4,6,4,,,,,completed,2.5,1.53,2.63,1.55,2.63,1.59,2.48,1.55,2021_49_new_york_us_open,2021_49_new_york_us_open_2021-09-05_harris_l_shapovalov_d
tennis_data_uk,atp,2021,49,US Open,New York,2021-09-05,grand_slam,outdoor,hard,R32,5,Opelka R.,Basilashvili N.,24,39,2206,1578,3,0,7,6,6,3,6,4,,,,,completed,1.53,2.5,1.54,2.66,1.6,2.78,1.53,2.52,2021_49_new_york_us_open,2021_49_new_york_us_open_2021-09-05_opelka_r_basilashvili_n
tennis_data_uk,atp,2021,49,US Open,New York,2021-09-05,grand_slam,outdoor,hard,R32,5,Zverev A.,Sock J.,4,184,8240,393,2,1,3,6,6,2,6,3,2,1,,,retired,1.03,15.0,1.04,15.57,1.05,17.0,1.03,13.02,2021_49_new_york_us_open,2021_49_new_york_us_open_2021-09-05_zverev_a_sock_j
tennis_data_uk,atp,2021,49,US Open,New York,2021-09-05,grand_slam,outdoor,hard,R16,5,Van De Zandschulp B.,Schwartzman D.,117,14,698,2980,3,2,6,3,6,4,5,7,5,7,6,1,completed,4.0,1.25,4.69,1.23,4.69,1.31,4.25,1.23,2021_49_new_york_us_open,2021_49_new_york_us_open_2021-09-05_van_de_zandschulp_b_schwartzman_d
tennis_data_uk,atp,2021,49,US Open,New York,2021-09-05,grand_slam,outdoor,hard,R16,5,Medvedev D.,Evans D.,2,27,9980,2074,3,0,6,3,6,4,6,3,,,,,completed,1.03,15.0,1.03,17.6,1.05,19.0,1.03,13.21,2021_49_new_york_us_open,2021_49_new_york_us_open_2021-09-05_medvedev_d_evans_d
tennis_data_uk,atp,2021,49,US Open,New York,2021-09-05,grand_slam,outdoor,hard,R16,5,Alcaraz C.,Gojowczyk P.,55,141,1209,563,3,2,5,7,6,1,5,7,6,2,6,0,completed,1.22,4.33,1.28,4.16,1.28,4.5,1.23,4.19,2021_49_new_york_us_open,2021_49_new_york_us_open_2021-09-05_alcaraz_c_gojowczyk_p
tennis_data_uk,atp,2021,49,US Open,New York,2021-09-06,grand_slam,outdoor,hard,R16,5,Auger-Aliassime F.,Tiafoe F.,15,50,2828,1312,3,1,4,6,6,2,7,6,6,4,,,completed,1.57,2.37,1.61,2.49,1.64,2.62,1.55,2.47,2021_49_new_york_us_open,2021_49_new_york_us_open_2021-09-06_auger_aliassime_f_tiafoe_f
tennis_data_uk,atp,2021,49,US Open,New York,2021-09-06,grand_slam,outdoor,hard,R16,5,Zverev A.,Sinner J.,4,16,8240,2750,3,0,6,4,6,4,7,6,,,,,completed,1.16,5.0,1.19,5.37,1.21,5.7,1.18,4.95,2021_49_new_york_us_open,2021_49_new_york_us_open_2021-09-06_zverev_a_sinner_j
tennis_data_uk,atp,2021,49,US Open,New York,2021-09-06,grand_slam,outdoor,hard,R16,5,Harris L.,Opelka R.,46,24,1443,2206,3,1,6,7,6,4,6,1,6,3,,,completed,1.8,2.0,1.77,2.18,1.93,2.18,1.8,2.04,2021_49_new_york_us_open,2021_49_new_york_us_open_2021-09-06_harris_l_opelka_r
tennis_data_uk,atp,2021,49,US Open,New York,2021-09-06,grand_slam,outdoor,hard,R16,5,Berrettini M.,Otte O.,8,144,5533,543,3,1,6,4,3,6,6,3,6,2,,,completed,1.11,6.5,1.13,7.17,1.13,7.8,1.11,6.64,2021_49_new_york_us_open,2021_49_new_york_us_open_2021-09-06_berrettini_m_otte_o
tennis_data_uk,atp,2021,49,US Open,New York,2021-09-07,grand_slam,outdoor,hard,R16,5,Djokovic N.,Brooksby J.,1,99,11113,812,3,1,1,6,6,3,6,2,6,2,,,completed,1.03,15.0,1.03,19.85,1.03,26.0,1.02,16.37,2021_49_new_york_us_open,2021_49_new_york_us_open_2021-09-07_djokovic_n_brooksby_j
tennis_data_uk,atp,2021,49,US Open,New York,2021-09-07,grand_slam,outdoor,hard,QF,5,Medvedev D.,Van De Zandschulp B.,2,117,9980,698,3,1,6,3,6,0,4,6,7,5,,,completed,1.02,19.0,1.02,20.91,1.03,21.0,1.02,16.68,2021_49_new_york_us_open,2021_49_new_york_us_open_2021-09-07_medvedev_d_van_de_zandschulp_b
tennis_data_uk,atp,2021,49,US Open,New York,2021-09-08,grand_slam,outdoor,hard,QF,5,Auger-Aliassime F.,Alcaraz C.,15,55,2828,1209,1,0,6,3,3,1,,,,,,,retired,1.44,2.75,1.5,2.81,1.52,2.97,1.46,2.75,2021_49_new_york_us_open,2021_49_new_york_us_open_2021-09-08_auger_aliassime_f_alcaraz_c
tennis_data_uk,atp,2021,49,US Open,New York,2021-09-08,grand_slam,outdoor,hard,QF,5,Zverev A.,Harris L.,4,46,8240,1443,3,0,7,6,6,3,6,4,,,,,completed,1.12,6.0,1.14,6.9,1.17,7.0,1.14,5.95,2021_49_new_york_us_open,2021_49_new_york_us_open_2021-09-08_zverev_a_harris_l
tennis_data_uk,atp,2021,49,US Open,New York,2021-09-09,grand_slam,outdoor,hard,QF,5,Djokovic N.,Berrettini M.,1,8,11113,5533,3,1,5,7,6,2,6,2,6,3,,,completed,1.1,7.0,1.12,7.81,1.14,8.2,1.11,6.99,2021_49_new_york_us_open,2021_49_new_york_us_open_2021-09-09_djokovic_n_berrettini_m
tennis_data_uk,atp,2021,49,US Open,New York,2021-09-10,grand_slam,outdoor,hard,SF,5,Medvedev D.,Auger-Aliassime F.,2,15,9980,2828,3,0,6,4,7,5,6,2,,,,,completed,1.16,5.0,1.17,5.95,1.21,6.0,1.17,5.31,2021_49_new_york_us_open,2021_49_new_york_us_open_2021-09-10_medvedev_d_auger_aliassime_f
tennis_data_uk,atp,2021,49,US Open,New York,2021-09-11,grand_slam,outdoor,hard,SF,5,Djokovic N.,Zverev A.,1,4,11113,8240,3,2,4,6,6,2,6,4,4,6,6,2,completed,1.4,3.0,1.42,3.14,1.45,3.25,1.39,3.05,2021_49_new_york_us_open,2021_49_new_york_us_open_2021-09-11_djokovic_n_zverev_a
tennis_data_uk,atp,2021,49,US Open,New York,2021-09-12,grand_slam,outdoor,hard,F,5,Medvedev D.,Djokovic N.,2,1,9980,11113,3,0,6,4,6,4,6,4,,,,,completed,3.0,1.4,3.14,1.42,3.36,1.45,3.04,1.39,2021_49_new_york_us_open,2021_49_new_york_us_open_2021-09-12_medvedev_d_djokovic_n
tennis_data_uk,atp,2021,50,Open de Moselle,Metz,2021-09-20,atp_250,indoor,hard,R32,3,Sonego L.,Fucsovics M.,24,41,2090,1459,2,0,6,3,6,2,,,,,,,completed,2.1,1.72,2.24,1.71,2.3,1.76,2.14,1.7,2021_50_metz_open_de_moselle,2021_50_metz_open_de_moselle_2021-09-20_sonego_l_fucsovics_m
tennis_data_uk,atp,2021,50,Open de Moselle,Metz,2021-09-20,atp_250,indoor,hard,R32,3,Pospisil V.,Barrere G.,66,151,990,493,2,0,6,3,6,4,,,,,,,completed,1.61,2.3,1.64,2.39,1.67,2.5,1.6,2.31,2021_50_metz_open_de_moselle,2021_50_metz_open_de_moselle_2021-09-20_pospisil_v_barrere_g
tennis_data_uk,atp,2021,50,Open de Moselle,Metz,2021-09-20,atp_250,indoor,hard,R32,3,Basilashvili N.,Mager G.,36,78,1556,925,2,0,6,3,7,6,,,,,,,completed,1.36,3.2,1.35,3.47,1.38,3.65,1.33,3.3,2021_50_metz_open_de_moselle,2021_50_metz_open_de_moselle_2021-09-20_basilashvili_n_mager_g
tennis_data_uk,atp,2021,50,Open de Moselle,Metz,2021-09-21,atp_250,indoor,hard,R32,3,Ymer M.,Struff J.L.,75,55,960,1208,2,0,7,5,6,3,,,,,,,completed,2.2,1.66,2.1,1.81,2.23,1.83,2.1,1.72,2021_50_metz_open_de_moselle,2021_50_metz_open_de_moselle_2021-09-21_ymer_m_struff_j_l
tennis_data_uk,atp,2021,50,Open de Moselle,Metz,2021-09-21,atp_250,indoor,hard,R32,3,Giron M.,Rinderknech A.,69,74,982,965,2,1,3,6,7,6,6,4,,,,,completed,2.37,1.57,2.4,1.63,2.5,1.63,2.36,1.58,2021_50_metz_open_de_moselle,2021_50_metz_open_de_moselle_2021-09-21_giron_m_rinderknech_a
tennis_data_uk,atp,2021,50,Open de Moselle,Metz,2021-09-21,atp_250,indoor,hard,R32,3,Kohlschreiber P.,Cecchinato M.,107,83,736,896,2,0,7,6,6,3,,,,,,,completed,1.3,3.5,1.34,3.56,1.35,3.76,1.3,3.45,2021_50_metz_open_de_moselle,2021_50_metz_open_de_moselle_2021-09-21_kohlschreiber_p_cecchinato_m
tennis_data_uk,atp,2021,50,Open de Moselle,Metz,2021-09-21,atp_250,indoor,hard,R32,3,Khachanov K.,Muller A.,27,203,1965,324,2,1,4,6,6,1,6,3,,,,,completed,1.16,5.0,1.19,5.27,1.21,5.75,1.17,4.93,2021_50_metz_open_de_moselle,2021_50_metz_open_de_moselle_2021-09-21_khachanov_k_muller_a
tennis_data_uk,atp,2021,50,Open de Moselle,Metz,2021-09-21,atp_250,indoor,hard,R32,3,Rune H.,Zapata Miralles B.,133,119,589,661,2,0,6,0,6,0,,,,,,,completed,1.57,2.37,1.51,2.69,1.58,2.69,1.54,2.46,2021_50_metz_open_de_moselle,2021_50_metz_open_de_moselle_2021-09-21_rune_h_zapata_miralles_b
tennis_data_uk,atp,2021,50,Open de Moselle,Metz,2021-09-21,atp_250,indoor,hard,R32,3,Davidovich Fokina A.,Simon G.,45,99,1415,764,2,1,6,7,7,6,6,2,,,,,completed,1.33,3.4,1.39,3.25,1.39,3.54,1.34,3.23,2021_50_metz_open_de_moselle,2021_50_metz_open_de_moselle_2021-09-21_davidovich_fokina_a_simon_g
tennis_data_uk,atp,2021,50,Open de Moselle,Metz,2021-09-21,atp_250,indoor,hard,R32,3,Murray A.,Humbert U.,113,26,706,2045,2,1,4,6,6,3,6,2,,,,,completed,2.3,1.61,2.34,1.66,2.45,1.66,2.33,1.59,2021_50_metz_open_de_moselle,2021_50_metz_open_de_moselle_2021-09-21_murray_a_humbert_u
tennis_data_uk,atp,2021,50,Open de Moselle,Metz,2021-09-22,atp_250,indoor,hard,R32,3,Gojowczyk P.,Hoang A.,101,155,758,466,2,1,6,2,3,6,6,4,,,,,completed,1.44,2.75,1.43,3.05,1.5,3.05,1.43,2.8,2021_50_metz_open_de_moselle,2021_50_metz_open_de_moselle_2021-09-22_gojowczyk_p_hoang_a
tennis_data_uk,atp,2021,50,Open de Moselle,Metz,2021-09-22,atp_250,indoor,hard,R32,3,Pouille L.,Schnur B.,142,233,540,278,2,1,3,6,6,4,6,4,,,,,completed,1.36,3.2,1.38,3.31,1.4,3.44,1.36,3.12,2021_50_metz_open_de_moselle,2021_50_metz_open_de_moselle_2021-09-22_pouille_l_schnur_b
tennis_data_uk,atp,2021,50,Open de Moselle,Metz,2021-09-22,atp_250,indoor,hard,R16,3,Rune H.,Sonego L.,133,24,589,2090,2,1,6,7,6,4,6,4,,,,,completed,2.5,1.53,2.45,1.63,2.55,1.63,2.39,1.57,2021_50_metz_open_de_moselle,2021_50_metz_open_de_moselle_2021-09-22_rune_h_sonego_l
tennis_data_uk,atp,2021,50,Open de Moselle,Metz,2021-09-22,atp_250,indoor,hard,R16,3,Murray A.,Pospisil V.,113,66,706,990,2,0,6,3,6,3,,,,,,,completed,1.61,2.3,1.65,2.4,1.67,2.49,1.58,2.35,2021_50_metz_open_de_moselle,2021_50_metz_open_de_moselle_2021-09-22_murray_a_pospisil_v
tennis_data_uk,atp,2021,50,Open de Moselle,Metz,2021-09-22,atp_250,indoor,hard,R16,3,Carreno Busta P.,Ymer M.,16,75,2650,960,2,0,7,5,6,2,,,,,,,completed,1.44,2.75,1.5,2.78,1.5,2.92,1.44,2.74,2021_50_metz_open_de_moselle,2021_50_metz_open_de_moselle_2021-09-22_carreno_busta_p_ymer_m
tennis_data_uk,atp,2021,50,Open de Moselle,Metz,2021-09-23,atp_250,indoor,hard,R16,3,Giron M.,De Minaur A.,69,21,982,2218,2,0,7,5,7,6,,,,,,,completed,2.37,1.57,2.6,1.56,2.7,1.62,2.46,1.54,2021_50_metz_open_de_moselle,2021_50_metz_open_de_moselle_2021-09-23_giron_m_de_minaur_a
tennis_data_uk,atp,2021,50,Open de Moselle,Metz,2021-09-23,atp_250,indoor,hard,R16,3,Gojowczyk P.,Khachanov K.,101,27,758,1965,2,0,6,3,7,6,,,,,,,completed,3.2,1.36,3.22,1.4,3.53,1.4,3.22,1.34,2021_50_metz_open_de_moselle,2021_50_metz_open_de_moselle_2021-09-23_gojowczyk_p_khachanov_k
tennis_data_uk,atp,2021,50,Open de Moselle,Metz,2021-09-23,atp_250,indoor,hard,R16,3,Hurkacz H.,Pouille L.,13,142,3128,540,2,0,6,2,6,3,,,,,,,completed,1.36,3.2,1.41,3.14,1.41,3.46,1.35,3.13,2021_50_metz_open_de_moselle,2021_50_metz_open_de_moselle_2021-09-23_hurkacz_h_pouille_l
tennis_data_uk,atp,2021,50,Open de Moselle,Metz,2021-09-23,atp_250,indoor,hard,R16,3,Monfils G.,Kohlschreiber P.,20,107,2233,736,2,0,7,6,6,4,,,,,,,completed,1.36,3.2,1.36,3.44,1.41,3.5,1.34,3.19,2021_50_metz_open_de_moselle,2021_50_metz_open_de_moselle_2021-09-23_monfils_g_kohlschreiber_p
tennis_data_uk,atp,2021,50,Open de Moselle,Metz,2021-09-23,atp_250,indoor,hard,R16,3,Basilashvili N.,Davidovich Fokina A.,36,45,1556,1415,2,1,0,6,6,4,7,6,,,,,completed,1.61,2.3,1.66,2.36,1.77,2.6,1.63,2.26,2021_50_metz_open_de_moselle,2021_50_metz_open_de_moselle_2021-09-23_basilashvili_n_davidovich_fokina_a
tennis_data_uk,atp,2021,50,Open de Moselle,Metz,2021-09-24,atp_250,indoor,hard,QF,3,Gojowczyk P.,Giron M.,101,69,758,982,2,1,3,6,6,1,6,3,,,,,completed,1.8,2.0,1.82,2.11,1.83,2.12,1.78,2.02,2021_50_metz_open_de_moselle,2021_50_metz_open_de_moselle_2021-09-24_gojowczyk_p_giron_m
tennis_data_uk,atp,2021,50,Open de Moselle,Metz,2021-09-24,atp_250,indoor,hard,QF,3,Hurkacz H.,Murray A.,13,113,3128,706,2,0,7,6,6,3,,,,,,,completed,1.66,2.2,1.65,2.4,1.71,2.41,1.63,2.25,2021_50_metz_open_de_moselle,2021_50_metz_open_de_moselle_2021-09-24_hurkacz_h_murray_a
tennis_data_uk,atp,2021,50,Open de Moselle,Metz,2021-09-24,atp_250,indoor,hard,QF,3,Monfils G.,Basilashvili N.,20,36,2233,1556,2,0,6,3,6,3,,,,,,,completed,1.5,2.62,1.49,2.84,1.58,2.88,1.52,2.5,2021_50_metz_open_de_moselle,2021_50_metz_open_de_moselle_2021-09-24_monfils_g_basilashvili_n
tennis_data_uk,atp,2021,50,Open de Moselle,Metz,2021-09-24,atp_250,indoor,hard,QF,3,Carreno Busta P.,Rune H.,16,133,2650,589,2,1,6,4,3,6,6,4,,,,,completed,1.5,2.62,1.46,2.93,1.56,3.0,1.45,2.73,2021_50_metz_open_de_moselle,2021_50_metz_open_de_moselle_2021-09-24_carreno_busta_p_rune_h
tennis_data_uk,atp,2021,50,Open de Moselle,Metz,2021-09-25,atp_250,indoor,hard,SF,3,Hurkacz H.,Gojowczyk P.,13,101,3128,758,2,0,6,4,7,6,,,,,,,completed,1.36,3.2,1.4,3.2,1.42,3.6,1.36,3.11,2021_50_metz_open_de_moselle,2021_50_metz_open_de_moselle_2021-09-25_hurkacz_h_gojowczyk_p
tennis_data_uk,atp,2021,50,Open de Moselle,Metz,2021-09-25,atp_250,indoor,hard,SF,3,Carreno Busta P.,Monfils G.,16,20,2650,2233,2,0,7,5,7,6,,,,,,,completed,1.8,2.0,2.13,1.8,2.13,2.0,1.95,1.85,2021_50_metz_open_de_moselle,2021_50_metz_open_de_moselle_2021-09-25_carreno_busta_p_monfils_g
tennis_data_uk,atp,2021,50,Open de Moselle,Metz,2021-09-26,atp_250,indoor,hard,F,3,Hurkacz H.,Carreno Busta P.,13,16,3128,2650,2,0,7,6,6,3,,,,,,,completed,1.9,1.9,1.87,2.05,1.94,2.15,1.87,1.93,2021_50_metz_open_de_moselle,2021_50_metz_open_de_moselle_2021-09-26_hurkacz_h_carreno_busta_p
tennis_data_uk,atp,2021,51,Astana Open,Nur-Sultan,2021-09-20,atp_250,indoor,hard,R32,3,Skatov T.,Seppi A.,280,87,211,868,2,1,7,6,4,6,6,1,,,,,completed,3.5,1.3,3.6,1.33,3.9,1.4,3.38,1.31,2021_51_nur_sultan_astana_open,2021_51_nur_sultan_astana_open_2021-09-20_skatov_t_seppi_a
tennis_data_uk,atp,2021,51,Astana Open,Nur-Sultan,2021-09-20,atp_250,indoor,hard,R32,3,Munar J.,Vesely J.,71,88,975,860,2,0,6,3,7,6,,,,,,,completed,2.5,1.53,2.41,1.63,2.6,1.63,2.4,1.56,2021_51_nur_sultan_astana_open,2021_51_nur_sultan_astana_open_2021-09-20_munar_j_vesely_j
tennis_data_uk,atp,2021,51,Astana Open,Nur-Sultan,2021-09-20,atp_250,indoor,hard,R32,3,Kecmanovic M.,Verdasco F.,60,134,1025,564,2,0,6,4,6,2,,,,,,,completed,1.4,3.0,1.46,2.91,1.46,3.1,1.41,2.89,2021_51_nur_sultan_astana_open,2021_51_nur_sultan_astana_open_2021-09-20_kecmanovic_m_verdasco_f
tennis_data_uk,atp,2021,51,Astana Open,Nur-Sultan,2021-09-20,atp_250,indoor,hard,R32,3,Djere L.,Galan D.E.,49,108,1322,735,2,1,6,4,3,6,6,4,,,,,completed,1.61,2.3,1.7,2.27,1.74,2.44,1.63,2.27,2021_51_nur_sultan_astana_open,2021_51_nur_sultan_astana_open_2021-09-20_djere_l_galan_d_e
tennis_data_uk,atp,2021,51,Astana Open,Nur-Sultan,2021-09-21,atp_250,indoor,hard,R32,3,Ivashka I.,Ymer E.,52,169,1305,431,2,0,6,2,6,4,,,,,,,completed,1.2,4.5,1.2,5.1,1.22,5.25,1.18,4.74,2021_51_nur_sultan_astana_open,2021_51_nur_sultan_astana_open_2021-09-21_ivashka_i_ymer_e
tennis_data_uk,atp,2021,51,Astana Open,Nur-Sultan,2021-09-21,atp_250,indoor,hard,R32,3,Musetti L.,Polmans M.,57,165,1108,437,2,1,6,4,2,6,6,4,,,,,completed,1.36,3.2,1.34,3.5,1.42,3.75,1.33,3.28,2021_51_nur_sultan_astana_open,2021_51_nur_sultan_astana_open_2021-09-21_musetti_l_polmans_m
tennis_data_uk,atp,2021,51,Astana Open,Nur-Sultan,2021-09-21,atp_250,indoor,hard,R32,3,Millman J.,Popko D.,48,188,1350,363,2,1,3,6,6,1,6,4,,,,,completed,1.44,2.75,1.5,2.78,1.57,2.8,1.47,2.65,2021_51_nur_sultan_astana_open,2021_51_nur_sultan_astana_open_2021-09-21_millman_j_popko_d
tennis_data_uk,atp,2021,51,Astana Open,Nur-Sultan,2021-09-21,atp_250,indoor,hard,R32,3,Gerasimov E.,Paire B.,97,53,769,1295,2,0,7,5,6,4,,,,,,,completed,1.8,2.0,1.9,1.99,1.98,2.0,1.88,1.91,2021_51_nur_sultan_astana_open,2021_51_nur_sultan_astana_open_2021-09-21_gerasimov_e_paire_b
tennis_data_uk,atp,2021,51,Astana Open,Nur-Sultan,2021-09-22,atp_250,indoor,hard,R32,3,Kwon S.W.,Donskoy E.,82,150,899,498,2,0,6,4,6,3,,,,,,,completed,1.61,2.3,1.65,2.37,1.68,2.45,1.62,2.28,2021_51_nur_sultan_astana_open,2021_51_nur_sultan_astana_open_2021-09-22_kwon_s_w_donskoy_e
tennis_data_uk,atp,2021,51,Astana Open,Nur-Sultan,2021-09-22,atp_250,indoor,hard,R32,3,Ruusuvuori E.,Bonzi B.,84,61,893,1024,1,0,6,2,,,,,,,,,Rrtired,1.66,2.2,1.71,2.25,1.71,2.38,1.65,2.22,2021_51_nur_sultan_astana_open,2021_51_nur_sultan_astana_open_2021-09-22_ruusuvuori_e_bonzi_b
tennis_data_uk,atp,2021,51,Astana Open,Nur-Sultan,2021-09-22,atp_250,indoor,hard,R32,3,Taberner C.,Berankis R.,117,109,668,733,2,0,7,5,6,4,,,,,,,completed,2.37,1.57,2.57,1.56,2.58,1.69,2.37,1.57,2021_51_nur_sultan_astana_open,2021_51_nur_sultan_astana_open_2021-09-22_taberner_c_berankis_r
tennis_data_uk,atp,2021,51,Astana Open,Nur-Sultan,2021-09-22,atp_250,indoor,hard,R32,3,Duckworth J.,Kukushkin M.,65,146,1004,515,2,0,7,6,6,1,,,,,,,completed,1.4,3.0,1.49,2.8,1.49,3.2,1.43,2.8,2021_51_nur_sultan_astana_open,2021_51_nur_sultan_astana_open_2021-09-22_duckworth_j_kukushkin_m
tennis_data_uk,atp,2021,51,Astana Open,Nur-Sultan,2021-09-22,atp_250,indoor,hard,R16,3,Ivashka I.,Skatov T.,52,280,1305,211,2,0,6,2,6,3,,,,,,,completed,1.08,8.0,1.1,8.73,1.11,8.73,1.08,7.53,2021_51_nur_sultan_astana_open,2021_51_nur_sultan_astana_open_2021-09-22_ivashka_i_skatov_t
tennis_data_uk,atp,2021,51,Astana Open,Nur-Sultan,2021-09-22,atp_250,indoor,hard,R16,3,Djere L.,Musetti L.,49,57,1322,1108,2,1,6,4,6,7,6,4,,,,,completed,2.1,1.72,2.31,1.69,2.31,1.78,2.17,1.68,2021_51_nur_sultan_astana_open,2021_51_nur_sultan_astana_open_2021-09-22_djere_l_musetti_l
tennis_data_uk,atp,2021,51,Astana Open,Nur-Sultan,2021-09-22,atp_250,indoor,hard,R16,3,Millman J.,Munar J.,48,71,1350,975,2,1,6,4,6,7,7,5,,,,,completed,1.72,2.1,1.78,2.16,1.8,2.28,1.72,2.11,2021_51_nur_sultan_astana_open,2021_51_nur_sultan_astana_open_2021-09-22_millman_j_munar_j
tennis_data_uk,atp,2021,51,Astana Open,Nur-Sultan,2021-09-23,atp_250,indoor,hard,R16,3,Kwon S.W.,Lajovic D.,82,35,899,1565,2,0,7,5,6,4,,,,,,,completed,1.5,2.62,1.57,2.59,1.64,2.65,1.54,2.46,2021_51_nur_sultan_astana_open,2021_51_nur_sultan_astana_open_2021-09-23_kwon_s_w_lajovic_d
tennis_data_uk,atp,2021,51,Astana Open,Nur-Sultan,2021-09-23,atp_250,indoor,hard,R16,3,Ruusuvuori E.,Karatsev A.,84,25,893,2074,2,0,7,6,6,4,,,,,,,completed,1.9,1.9,1.93,1.97,2.05,1.97,1.92,1.87,2021_51_nur_sultan_astana_open,2021_51_nur_sultan_astana_open_2021-09-23_ruusuvuori_e_karatsev_a
tennis_data_uk,atp,2021,51,Astana Open,Nur-Sultan,2021-09-23,atp_250,indoor,hard,R16,3,Duckworth J.,Krajinovic F.,65,37,1004,1527,2,0,7,6,6,3,,,,,,,completed,2.2,1.66,2.13,1.8,2.38,1.8,2.26,1.63,2021_51_nur_sultan_astana_open,2021_51_nur_sultan_astana_open_2021-09-23_duckworth_j_krajinovic_f
tennis_data_uk,atp,2021,51,Astana Open,Nur-Sultan,2021-09-23,atp_250,indoor,hard,R16,3,Taberner C.,Gerasimov E.,117,97,668,769,2,1,5,7,7,6,7,5,,,,,completed,2.3,1.61,2.65,1.55,2.75,1.63,2.47,1.53,2021_51_nur_sultan_astana_open,2021_51_nur_sultan_astana_open_2021-09-23_taberner_c_gerasimov_e
tennis_data_uk,atp,2021,51,Astana Open,Nur-Sultan,2021-09-23,atp_250,indoor,hard,R16,3,Bublik A.,Kecmanovic M.,34,60,1588,1025,2,1,2,6,6,3,7,5,,,,,completed,1.66,2.2,1.72,2.25,1.81,2.53,1.68,2.18,2021_51_nur_sultan_astana_open,2021_51_nur_sultan_astana_open_2021-09-23_bublik_a_kecmanovic_m
tennis_data_uk,atp,2021,51,Astana Open,Nur-Sultan,2021-09-24,atp_250,indoor,hard,QF,3,Ivashka I.,Ruusuvuori E.,52,84,1305,893,2,1,4,6,6,4,6,1,,,,,completed,1.44,2.75,1.52,2.73,1.52,2.85,1.46,2.67,2021_51_nur_sultan_astana_open,2021_51_nur_sultan_astana_open_2021-09-24_ivashka_i_ruusuvuori_e
tennis_data_uk,atp,2021,51,Astana Open,Nur-Sultan,2021-09-24,atp_250,indoor,hard,QF,3,Duckworth J.,Millman J.,65,48,1004,1350,2,0,6,4,6,4,,,,,,,completed,1.72,2.1,1.74,2.23,1.75,2.25,1.7,2.14,2021_51_nur_sultan_astana_open,2021_51_nur_sultan_astana_open_2021-09-24_duckworth_j_millman_j
tennis_data_uk,atp,2021,51,Astana Open,Nur-Sultan,2021-09-24,atp_250,indoor,hard,QF,3,Kwon S.W.,Djere L.,82,49,899,1322,2,1,7,6,2,6,6,0,,,,,completed,1.44,2.75,1.54,2.67,1.54,3.0,1.46,2.67,2021_51_nur_sultan_astana_open,2021_51_nur_sultan_astana_open_2021-09-24_kwon_s_w_djere_l
tennis_data_uk,atp,2021,51,Astana Open,Nur-Sultan,2021-09-24,atp_250,indoor,hard,QF,3,Bublik A.,Taberner C.,34,117,1588,668,2,0,6,3,6,4,,,,,,,completed,1.28,3.75,1.28,4.14,1.31,4.14,1.26,3.73,2021_51_nur_sultan_astana_open,2021_51_nur_sultan_astana_open_2021-09-24_bublik_a_taberner_c
tennis_data_uk,atp,2021,51,Astana Open,Nur-Sultan,2021-09-25,atp_250,indoor,hard,SF,3,Duckworth J.,Ivashka I.,65,52,1004,1305,2,0,6,3,7,6,,,,,,,completed,3.5,1.3,3.69,1.33,4.25,1.35,3.52,1.3,2021_51_nur_sultan_astana_open,2021_51_nur_sultan_astana_open_2021-09-25_duckworth_j_ivashka_i
tennis_data_uk,atp,2021,51,Astana Open,Nur-Sultan,2021-09-25,atp_250,indoor,hard,SF,3,Kwon S.W.,Bublik A.,82,34,899,1588,2,1,3,6,7,5,6,3,,,,,completed,2.75,1.44,2.77,1.51,2.9,1.54,2.66,1.47,2021_51_nur_sultan_astana_open,2021_51_nur_sultan_astana_open_2021-09-25_kwon_s_w_bublik_a
tennis_data_uk,atp,2021,51,Astana Open,Nur-Sultan,2021-09-26,atp_250,indoor,hard,F,3,Kwon S.W.,Duckworth J.,82,65,899,1004,2,0,7,6,6,3,,,,,,,completed,2.0,1.8,2.11,1.81,2.16,1.88,2.02,1.79,2021_51_nur_sultan_astana_open,2021_51_nur_sultan_astana_open_2021-09-26_kwon_s_w_duckworth_j
tennis_data_uk,atp,2021,52,San Diego Open,San Diego,2021-09-27,atp_250,outdoor,hard,R32,3,Karatsev A.,Delbonis F.,24,44,2072,1420,2,0,6,1,7,5,,,,,,,completed,1.25,4.0,1.31,3.73,1.31,4.33,1.24,3.93,2021_52_san_diego_san_diego_open,2021_52_san_diego_san_diego_open_2021-09-27_karatsev_a_delbonis_f
tennis_data_uk,atp,2021,52,San Diego Open,San Diego,2021-09-28,atp_250,outdoor,hard,R32,3,Nakashima B.,Fognini F.,83,31,885,1744,2,1,6,7,6,1,7,5,,,,,completed,1.53,2.5,1.56,2.59,1.64,2.66,1.54,2.45,2021_52_san_diego_san_diego_open,2021_52_san_diego_san_diego_open_2021-09-28_nakashima_b_fognini_f
tennis_data_uk,atp,2021,52,San Diego Open,San Diego,2021-09-28,atp_250,outdoor,hard,R32,3,Fritz T.,Caruso S.,39,128,1495,616,2,0,6,4,7,6,,,,,,,completed,1.14,5.5,1.17,5.76,1.19,6.25,1.16,5.1,2021_52_san_diego_san_diego_open,2021_52_san_diego_san_diego_open_2021-09-28_fritz_t_caruso_s
tennis_data_uk,atp,2021,52,San Diego Open,San Diego,2021-09-28,atp_250,outdoor,hard,R32,3,Sonego L.,Basilashvili N.,23,34,2097,1578,2,0,6,3,6,4,,,,,,,completed,1.8,2.0,1.74,2.21,1.82,2.25,1.74,2.07,2021_52_san_diego_san_diego_open,2021_52_san_diego_san_diego_open_2021-09-28_sonego_l_basilashvili_n
tennis_data_uk,atp,2021,52,San Diego Open,San Diego,2021-09-28,atp_250,outdoor,hard,R32,3,Korda S.,Paul T.,42,60,1459,1033,2,1,6,3,5,7,6,1,,,,,completed,1.53,2.5,1.48,2.84,1.55,2.84,1.48,2.63,2021_52_san_diego_san_diego_open,2021_52_san_diego_san_diego_open_2021-09-28_korda_s_paul_t
tennis_data_uk,atp,2021,52,San Diego Open,San Diego,2021-09-28,atp_250,outdoor,hard,R32,3,Norrie C.,Koepfer D.,28,66,1930,1015,2,0,6,2,7,5,,,,,,,completed,1.53,2.5,1.51,2.73,1.55,2.81,1.51,2.54,2021_52_san_diego_san_diego_open,2021_52_san_diego_san_diego_open_2021-09-28_norrie_c_koepfer_d
tennis_data_uk,atp,2021,52,San Diego Open,San Diego,2021-09-28,atp_250,outdoor,hard,R32,3,Dimitrov G.,Fucsovics M.,29,41,1801,1459,2,1,6,3,1,6,7,5,,,,,completed,2.0,1.8,2.05,1.85,2.15,1.85,2.01,1.78,2021_52_san_diego_san_diego_open,2021_52_san_diego_san_diego_open_2021-09-28_dimitrov_g_fucsovics_m
tennis_data_uk,atp,2021,52,San Diego Open,San Diego,2021-09-29,atp_250,outdoor,hard,R32,3,Harris L.,Eubanks C.,32,195,1677,349,2,1,3,6,6,1,6,4,,,,,completed,1.22,4.33,1.26,4.31,1.26,4.5,1.23,4.08,2021_52_san_diego_san_diego_open,2021_52_san_diego_san_diego_open_2021-09-29_harris_l_eubanks_c
tennis_data_uk,atp,2021,52,San Diego Open,San Diego,2021-09-29,atp_250,outdoor,hard,R32,3,Murray A.,Kudla D.,109,94,731,807,2,0,6,3,6,2,,,,,,,completed,1.36,3.2,1.41,3.05,1.5,3.21,1.4,2.91,2021_52_san_diego_san_diego_open,2021_52_san_diego_san_diego_open_2021-09-29_murray_a_kudla_d
tennis_data_uk,atp,2021,52,San Diego Open,San Diego,2021-09-29,atp_250,outdoor,hard,R32,3,Schwartzman D.,Gaio F.,15,154,2800,461,2,0,6,2,6,3,,,,,,,completed,1.16,5.0,1.24,4.51,1.24,5.75,1.18,4.77,2021_52_san_diego_san_diego_open,2021_52_san_diego_san_diego_open_2021-09-29_schwartzman_d_gaio_f
tennis_data_uk,atp,2021,52,San Diego Open,San Diego,2021-09-29,atp_250,outdoor,hard,R32,3,Evans D.,Anderson K.,22,69,2164,983,2,0,7,6,7,5,,,,,,,completed,1.9,1.9,2.12,1.8,2.25,1.94,2.01,1.79,2021_52_san_diego_san_diego_open,2021_52_san_diego_san_diego_open_2021-09-29_evans_d_anderson_k
tennis_data_uk,atp,2021,52,San Diego Open,San Diego,2021-09-29,atp_250,outdoor,hard,R32,3,Hurkacz H.,Bolt A.,12,144,3333,530,2,0,7,6,6,1,,,,,,,completed,1.22,4.33,1.19,5.22,1.27,5.22,1.2,4.4,2021_52_san_diego_san_diego_open,2021_52_san_diego_san_diego_open_2021-09-29_hurkacz_h_bolt_a
tennis_data_uk,atp,2021,52,San Diego Open,San Diego,2021-09-30,atp_250,outdoor,hard,R16,3,Rublev A.,Nakashima B.,5,83,6130,885,2,0,6,2,6,1,,,,,,,completed,1.3,3.5,1.33,3.64,1.35,4.05,1.31,3.38,2021_52_san_diego_san_diego_open,2021_52_san_diego_san_diego_open_2021-09-30_rublev_a_nakashima_b
tennis_data_uk,atp,2021,52,San Diego Open,San Diego,2021-09-30,atp_250,outdoor,hard,R16,3,Schwartzman D.,Harris L.,15,32,2800,1677,2,1,4,6,6,3,6,2,,,,,completed,1.9,1.9,1.89,2.02,1.96,2.15,1.87,1.92,2021_52_san_diego_san_diego_open,2021_52_san_diego_san_diego_open_2021-09-30_schwartzman_d_harris_l
tennis_data_uk,atp,2021,52,San Diego Open,San Diego,2021-09-30,atp_250,outdoor,hard,R16,3,Norrie C.,Evans D.,28,22,1930,2164,2,0,7,6,6,3,,,,,,,completed,1.57,2.37,1.56,2.6,1.64,2.62,1.55,2.42,2021_52_san_diego_san_diego_open,2021_52_san_diego_san_diego_open_2021-09-30_norrie_c_evans_d
tennis_data_uk,atp,2021,52,San Diego Open,San Diego,2021-09-30,atp_250,outdoor,hard,R16,3,Karatsev A.,Hurkacz H.,24,12,2072,3333,2,1,5,7,6,4,6,2,,,,,completed,2.75,1.44,2.98,1.45,2.98,1.53,2.69,1.46,2021_52_san_diego_san_diego_open,2021_52_san_diego_san_diego_open_2021-09-30_karatsev_a_hurkacz_h
tennis_data_uk,atp,2021,52,San Diego Open,San Diego,2021-09-30,atp_250,outdoor,hard,R16,3,Shapovalov D.,Fritz T.,13,39,3265,1495,2,0,7,6,6,2,,,,,,,completed,1.61,2.3,1.71,2.28,1.74,2.38,1.63,2.26,2021_52_san_diego_san_diego_open,2021_52_san_diego_san_diego_open_2021-09-30_shapovalov_d_fritz_t
tennis_data_uk,atp,2021,52,San Diego Open,San Diego,2021-09-30,atp_250,outdoor,hard,R16,3,Sonego L.,Korda S.,23,42,2097,1459,2,0,6,4,6,3,,,,,,,completed,2.3,1.61,2.19,1.76,2.35,1.8,2.15,1.69,2021_52_san_diego_san_diego_open,2021_52_san_diego_san_diego_open_2021-09-30_sonego_l_korda_s
tennis_data_uk,atp,2021,52,San Diego Open,San Diego,2021-10-01,atp_250,outdoor,hard,R16,3,Ruud C.,Murray A.,10,109,3440,731,2,0,7,5,6,4,,,,,,,completed,1.72,2.1,1.71,2.26,1.78,2.35,1.69,2.14,2021_52_san_diego_san_diego_open,2021_52_san_diego_san_diego_open_2021-10-01_ruud_c_murray_a
tennis_data_uk,atp,2021,52,San Diego Open,San Diego,2021-10-01,atp_250,outdoor,hard,R16,3,Dimitrov G.,Holmgren A.,29,901,1801,16,2,0,6,1,6,1,,,,,,,completed,1.1,7.0,1.06,12.01,1.11,12.01,1.07,8.92,2021_52_san_diego_san_diego_open,2021_52_san_diego_san_diego_open_2021-10-01_dimitrov_g_holmgren_a
tennis_data_uk,atp,2021,52,San Diego Open,San Diego,2021-10-01,atp_250,outdoor,hard,QF,3,Norrie C.,Shapovalov D.,28,13,1930,3265,2,0,6,3,6,1,,,,,,,completed,2.0,1.8,2.29,1.7,2.29,1.9,2.06,1.76,2021_52_san_diego_san_diego_open,2021_52_san_diego_san_diego_open_2021-10-01_norrie_c_shapovalov_d
tennis_data_uk,atp,2021,52,San Diego Open,San Diego,2021-10-01,atp_250,outdoor,hard,QF,3,Rublev A.,Schwartzman D.,5,15,6130,2800,2,0,6,1,7,5,,,,,,,completed,1.3,3.5,1.33,3.69,1.34,4.03,1.3,3.52,2021_52_san_diego_san_diego_open,2021_52_san_diego_san_diego_open_2021-10-01_rublev_a_schwartzman_d
tennis_data_uk,atp,2021,52,San Diego Open,San Diego,2021-10-02,atp_250,outdoor,hard,QF,3,Ruud C.,Sonego L.,10,23,3440,2097,2,0,6,1,6,4,,,,,,,completed,1.53,2.5,1.51,2.75,1.55,2.92,1.5,2.6,2021_52_san_diego_san_diego_open,2021_52_san_diego_san_diego_open_2021-10-02_ruud_c_sonego_l
tennis_data_uk,atp,2021,52,San Diego Open,San Diego,2021-10-02,atp_250,outdoor,hard,QF,3,Dimitrov G.,Karatsev A.,29,24,1801,2072,2,1,6,1,1,6,6,2,,,,,completed,2.2,1.66,2.22,1.74,2.3,1.74,2.16,1.69,2021_52_san_diego_san_diego_open,2021_52_san_diego_san_diego_open_2021-10-02_dimitrov_g_karatsev_a
tennis_data_uk,atp,2021,52,San Diego Open,San Diego,2021-10-02,atp_250,outdoor,hard,SF,3,Norrie C.,Rublev A.,28,5,1930,6130,2,1,3,6,6,3,6,4,,,,,completed,3.4,1.33,3.5,1.35,3.66,1.35,3.33,1.32,2021_52_san_diego_san_diego_open,2021_52_san_diego_san_diego_open_2021-10-02_norrie_c_rublev_a
tennis_data_uk,atp,2021,52,San Diego Open,San Diego,2021-10-03,atp_250,outdoor,hard,SF,3,Ruud C.,Dimitrov G.,10,29,3440,1801,2,1,6,4,4,6,6,4,,,,,completed,1.44,2.75,1.45,2.97,1.53,3.1,1.43,2.82,2021_52_san_diego_san_diego_open,2021_52_san_diego_san_diego_open_2021-10-03_ruud_c_dimitrov_g
tennis_data_uk,atp,2021,52,San Diego Open,San Diego,2021-10-04,atp_250,outdoor,hard,F,3,Ruud C.,Norrie C.,10,28,3440,1930,2,0,6,0,6,2,,,,,,,completed,1.9,1.9,1.99,1.97,2.04,2.0,1.91,1.88,2021_52_san_diego_san_diego_open,2021_52_san_diego_san_diego_open_2021-10-04_ruud_c_norrie_c
tennis_data_uk,atp,2021,53,Sofia Open,Sofia,2021-09-27,atp_250,indoor,hard,R32,3,Paire B.,Davidovich Fokina A.,49,43,1295,1420,2,0,6,4,7,5,,,,,,,completed,2.75,1.44,2.73,1.51,2.95,1.53,2.72,1.45,2021_53_sofia_sofia_open,2021_53_sofia_sofia_open_2021-09-27_paire_b_davidovich_fokina_a
tennis_data_uk,atp,2021,53,Sofia Open,Sofia,2021-09-27,atp_250,indoor,hard,R32,3,Kecmanovic M.,Andreev A.,62,319,1025,158,2,0,7,6,6,4,,,,,,,completed,1.12,6.0,1.19,5.37,1.19,6.15,1.13,5.57,2021_53_sofia_sofia_open,2021_53_sofia_sofia_open_2021-09-27_kecmanovic_m_andreev_a
tennis_data_uk,atp,2021,53,Sofia Open,Sofia,2021-09-27,atp_250,indoor,hard,R32,3,Mager G.,Mannarino A.,78,54,925,1147,2,0,6,3,6,2,,,,,,,completed,2.62,1.5,2.65,1.53,2.75,1.53,2.62,1.48,2021_53_sofia_sofia_open,2021_53_sofia_sofia_open_2021-09-27_mager_g_mannarino_a
tennis_data_uk,atp,2021,53,Sofia Open,Sofia,2021-09-28,atp_250,indoor,hard,R32,3,Millman J.,Ymer M.,55,85,1145,855,2,0,6,2,6,4,,,,,,,completed,2.3,1.61,2.56,1.57,2.56,1.66,2.34,1.58,2021_53_sofia_sofia_open,2021_53_sofia_sofia_open_2021-09-28_millman_j_ymer_m
tennis_data_uk,atp,2021,53,Sofia Open,Sofia,2021-09-28,atp_250,indoor,hard,R32,3,Giron M.,Munar J.,67,70,1007,979,2,1,6,7,6,1,6,4,,,,,completed,1.4,3.0,1.49,2.81,1.49,3.1,1.41,2.84,2021_53_sofia_sofia_open,2021_53_sofia_sofia_open_2021-09-28_giron_m_munar_j
tennis_data_uk,atp,2021,53,Sofia Open,Sofia,2021-09-28,atp_250,indoor,hard,R32,3,Djere L.,Martinez P.,47,59,1342,1054,2,0,7,6,6,3,,,,,,,completed,2.3,1.61,2.26,1.7,2.41,1.7,2.3,1.61,2021_53_sofia_sofia_open,2021_53_sofia_sofia_open_2021-09-28_djere_l_martinez_p
tennis_data_uk,atp,2021,53,Sofia Open,Sofia,2021-09-28,atp_250,indoor,hard,R32,3,Kuzmanov D.,Musetti L.,226,61,290,1028,2,1,6,7,7,6,6,3,,,,,completed,3.75,1.28,3.79,1.31,4.05,1.32,3.61,1.28,2021_53_sofia_sofia_open,2021_53_sofia_sofia_open_2021-09-28_kuzmanov_d_musetti_l
tennis_data_uk,atp,2021,53,Sofia Open,Sofia,2021-09-28,atp_250,indoor,hard,R32,3,Gerasimov E.,Pospisil V.,112,68,709,1003,2,1,5,7,7,6,6,3,,,,,completed,2.1,1.72,2.21,1.74,2.25,1.8,2.13,1.7,2021_53_sofia_sofia_open,2021_53_sofia_sofia_open_2021-09-28_gerasimov_e_pospisil_v
tennis_data_uk,atp,2021,53,Sofia Open,Sofia,2021-09-29,atp_250,indoor,hard,R32,3,Marchenko I.,Seppi A.,151,95,477,802,2,0,6,4,6,2,,,,,,,completed,2.1,1.72,2.23,1.72,2.35,1.75,2.16,1.68,2021_53_sofia_sofia_open,2021_53_sofia_sofia_open_2021-09-29_marchenko_i_seppi_a
tennis_data_uk,atp,2021,53,Sofia Open,Sofia,2021-09-29,atp_250,indoor,hard,R32,3,Duckworth J.,Ruusuvuori E.,56,89,1142,836,2,1,3,6,6,4,6,4,,,,,completed,2.5,1.53,2.71,1.51,3.08,1.64,2.48,1.53,2021_53_sofia_sofia_open,2021_53_sofia_sofia_open_2021-09-29_duckworth_j_ruusuvuori_e
tennis_data_uk,atp,2021,53,Sofia Open,Sofia,2021-09-29,atp_250,indoor,hard,R32,3,Ivashka I.,Andujar P.,45,92,1370,808,2,0,6,4,6,3,,,,,,,completed,1.14,5.5,1.13,6.89,1.17,6.89,1.13,5.72,2021_53_sofia_sofia_open,2021_53_sofia_sofia_open_2021-09-29_ivashka_i_andujar_p
tennis_data_uk,atp,2021,53,Sofia Open,Sofia,2021-09-29,atp_250,indoor,hard,R32,3,Krajinovic F.,Lazarov A.,37,462,1527,82,2,0,6,0,6,3,,,,,,,completed,1.08,8.0,1.12,7.48,1.12,9.37,1.08,7.66,2021_53_sofia_sofia_open,2021_53_sofia_sofia_open_2021-09-29_krajinovic_f_lazarov_a
tennis_data_uk,atp,2021,53,Sofia Open,Sofia,2021-09-29,atp_250,indoor,hard,R16,3,Mager G.,Kecmanovic M.,78,62,925,1025,2,0,7,6,6,3,,,,,,,completed,2.75,1.44,2.76,1.51,2.8,1.55,2.64,1.47,2021_53_sofia_sofia_open,2021_53_sofia_sofia_open_2021-09-29_mager_g_kecmanovic_m
tennis_data_uk,atp,2021,53,Sofia Open,Sofia,2021-09-29,atp_250,indoor,hard,R16,3,Majchrzak K.,Kuzmanov D.,125,226,621,290,2,0,7,5,6,1,,,,,,,completed,1.3,3.5,1.23,4.79,1.34,4.79,1.26,3.8,2021_53_sofia_sofia_open,2021_53_sofia_sofia_open_2021-09-29_majchrzak_k_kuzmanov_d
tennis_data_uk,atp,2021,53,Sofia Open,Sofia,2021-09-30,atp_250,indoor,hard,R16,3,Millman J.,Marchenko I.,55,151,1145,477,2,1,5,7,7,6,6,3,,,,,completed,1.57,2.37,1.56,2.61,1.57,2.65,1.53,2.48,2021_53_sofia_sofia_open,2021_53_sofia_sofia_open_2021-09-30_millman_j_marchenko_i
tennis_data_uk,atp,2021,53,Sofia Open,Sofia,2021-09-30,atp_250,indoor,hard,R16,3,Giron M.,De Minaur A.,67,26,1007,1991,2,0,7,6,7,6,,,,,,,completed,2.37,1.57,2.52,1.6,2.52,1.64,2.33,1.59,2021_53_sofia_sofia_open,2021_53_sofia_sofia_open_2021-09-30_giron_m_de_minaur_a
tennis_data_uk,atp,2021,53,Sofia Open,Sofia,2021-09-30,atp_250,indoor,hard,R16,3,Duckworth J.,Paire B.,56,49,1142,1295,2,0,6,4,6,4,,,,,,,completed,1.8,2.0,1.81,2.12,1.84,2.15,1.76,2.05,2021_53_sofia_sofia_open,2021_53_sofia_sofia_open_2021-09-30_duckworth_j_paire_b
tennis_data_uk,atp,2021,53,Sofia Open,Sofia,2021-09-30,atp_250,indoor,hard,R16,3,Krajinovic F.,Djere L.,37,47,1527,1342,2,0,6,3,6,0,,,,,,,completed,1.5,2.62,1.53,2.68,1.53,2.8,1.47,2.64,2021_53_sofia_sofia_open,2021_53_sofia_sofia_open_2021-09-30_krajinovic_f_djere_l
tennis_data_uk,atp,2021,53,Sofia Open,Sofia,2021-09-30,atp_250,indoor,hard,R16,3,Monfils G.,Ivashka I.,20,45,2278,1370,,,,,,,,,,,,,walkover,2.1,1.72,2.02,1.88,2.1,1.88,1.96,1.82,2021_53_sofia_sofia_open,2021_53_sofia_sofia_open_2021-09-30_monfils_g_ivashka_i
tennis_data_uk,atp,2021,53,Sofia Open,Sofia,2021-09-30,atp_250,indoor,hard,R16,3,Sinner J.,Gerasimov E.,14,112,2895,709,2,0,6,2,7,6,,,,,,,completed,1.2,4.5,1.24,4.57,1.24,5.0,1.2,4.39,2021_53_sofia_sofia_open,2021_53_sofia_sofia_open_2021-09-30_sinner_j_gerasimov_e
tennis_data_uk,atp,2021,53,Sofia Open,Sofia,2021-10-01,atp_250,indoor,hard,QF,3,Giron M.,Millman J.,67,55,1007,1145,2,0,6,4,6,2,,,,,,,completed,1.57,2.37,1.68,2.34,1.68,2.65,1.57,2.39,2021_53_sofia_sofia_open,2021_53_sofia_sofia_open_2021-10-01_giron_m_millman_j
tennis_data_uk,atp,2021,53,Sofia Open,Sofia,2021-10-01,atp_250,indoor,hard,QF,3,Monfils G.,Mager G.,20,78,2278,925,2,0,6,2,6,2,,,,,,,completed,1.33,3.4,1.27,4.26,1.36,4.26,1.3,3.55,2021_53_sofia_sofia_open,2021_53_sofia_sofia_open_2021-10-01_monfils_g_mager_g
tennis_data_uk,atp,2021,53,Sofia Open,Sofia,2021-10-01,atp_250,indoor,hard,QF,3,Sinner J.,Duckworth J.,14,56,2895,1142,2,0,7,6,6,4,,,,,,,completed,1.3,3.5,1.28,4.07,1.32,4.15,1.29,3.63,2021_53_sofia_sofia_open,2021_53_sofia_sofia_open_2021-10-01_sinner_j_duckworth_j
tennis_data_uk,atp,2021,53,Sofia Open,Sofia,2021-10-01,atp_250,indoor,hard,QF,3,Krajinovic F.,Majchrzak K.,37,125,1527,621,2,1,6,3,4,6,6,3,,,,,completed,1.5,2.62,1.61,2.48,1.61,2.8,1.52,2.53,2021_53_sofia_sofia_open,2021_53_sofia_sofia_open_2021-10-01_krajinovic_f_majchrzak_k
tennis_data_uk,atp,2021,53,Sofia Open,Sofia,2021-10-02,atp_250,indoor,hard,SF,3,Monfils G.,Giron M.,20,67,2278,1007,2,0,7,5,6,0,,,,,,,completed,1.44,2.75,1.43,3.07,1.47,3.08,1.43,2.82,2021_53_sofia_sofia_open,2021_53_sofia_sofia_open_2021-10-02_monfils_g_giron_m
tennis_data_uk,atp,2021,53,Sofia Open,Sofia,2021-10-02,atp_250,indoor,hard,SF,3,Sinner J.,Krajinovic F.,14,37,2895,1527,2,0,6,3,7,5,,,,,,,completed,1.4,3.0,1.43,3.07,1.5,3.21,1.41,2.9,2021_53_sofia_sofia_open,2021_53_sofia_sofia_open_2021-10-02_sinner_j_krajinovic_f
tennis_data_uk,atp,2021,53,Sofia Open,Sofia,2021-10-03,atp_250,indoor,hard,F,3,Sinner J.,Monfils G.,14,20,2895,2278,2,0,6,3,6,4,,,,,,,completed,1.57,2.37,1.69,2.31,1.69,2.53,1.59,2.33,2021_53_sofia_sofia_open,2021_53_sofia_sofia_open_2021-10-03_sinner_j_monfils_g
tennis_data_uk,atp,2021,54,BNP Paribas Open,Indian Wells,2021-10-07,masters_1000,outdoor,hard,R128,3,Popyrin A.,Kecmanovic M.,71,63,965,1025,2,0,6,3,7,6,,,,,,,completed,1.8,2.0,2.01,1.9,2.01,2.1,1.87,1.94,2021_54_indian_wells_bnp_paribas_open,2021_54_indian_wells_bnp_paribas_open_2021-10-07_popyrin_a_kecmanovic_m
tennis_data_uk,atp,2021,54,BNP Paribas Open,Indian Wells,2021-10-07,masters_1000,outdoor,hard,R128,3,Altmaier D.,Querrey S.,114,89,707,853,2,0,6,2,6,4,,,,,,,completed,2.2,1.66,2.17,1.78,2.25,1.78,2.13,1.71,2021_54_indian_wells_bnp_paribas_open,2021_54_indian_wells_bnp_paribas_open_2021-10-07_altmaier_d_querrey_s
tennis_data_uk,atp,2021,54,BNP Paribas Open,Indian Wells,2021-10-07,masters_1000,outdoor,hard,R128,3,Taberner C.,Munar J.,116,70,698,966,2,0,6,3,6,3,,,,,,,completed,2.2,1.66,2.33,1.68,2.33,1.73,2.19,1.67,2021_54_indian_wells_bnp_paribas_open,2021_54_indian_wells_bnp_paribas_open_2021-10-07_taberner_c_munar_j
tennis_data_uk,atp,2021,54,BNP Paribas Open,Indian Wells,2021-10-07,masters_1000,outdoor,hard,R128,3,Daniel T.,Kohlschreiber P.,123,107,649,733,2,0,6,2,6,4,,,,,,,completed,3.2,1.36,2.75,1.52,3.21,1.52,2.89,1.41,2021_54_indian_wells_bnp_paribas_open,2021_54_indian_wells_bnp_paribas_open_2021-10-07_daniel_t_kohlschreiber_p
tennis_data_uk,atp,2021,54,BNP Paribas Open,Indian Wells,2021-10-07,masters_1000,outdoor,hard,R128,3,Paul T.,Lopez F.,60,108,1058,733,2,0,6,3,7,6,,,,,,,completed,1.25,4.0,1.25,4.5,1.28,4.5,1.23,4.08,2021_54_indian_wells_bnp_paribas_open,2021_54_indian_wells_bnp_paribas_open_2021-10-07_paul_t_lopez_f
tennis_data_uk,atp,2021,54,BNP Paribas Open,Indian Wells,2021-10-07,masters_1000,outdoor,hard,R128,3,Mcdonald M.,Duckworth J.,57,55,1105,1174,2,0,6,3,6,3,,,,,,,completed,1.9,1.9,1.87,2.04,1.95,2.12,1.84,1.96,2021_54_indian_wells_bnp_paribas_open,2021_54_indian_wells_bnp_paribas_open_2021-10-07_mcdonald_m_duckworth_j
tennis_data_uk,atp,2021,54,BNP Paribas Open,Indian Wells,2021-10-07,masters_1000,outdoor,hard,R128,3,Pella G.,Kwon S.W.,80,56,914,1117,2,1,1,6,6,3,6,4,,,,,completed,2.62,1.5,2.6,1.56,2.75,1.57,2.53,1.52,2021_54_indian_wells_bnp_paribas_open,2021_54_indian_wells_bnp_paribas_open_2021-10-07_pella_g_kwon_s_w
tennis_data_uk,atp,2021,54,BNP Paribas Open,Indian Wells,2021-10-07,masters_1000,outdoor,hard,R128,3,Sandgren T.,Monteiro T.,102,92,758,834,2,0,6,4,6,3,,,,,,,completed,1.8,2.0,1.92,1.99,2.1,2.07,1.84,1.96,2021_54_indian_wells_bnp_paribas_open,2021_54_indian_wells_bnp_paribas_open_2021-10-07_sandgren_t_monteiro_t
tennis_data_uk,atp,2021,54,BNP Paribas Open,Indian Wells,2021-10-07,masters_1000,outdoor,hard,R128,3,Giron M.,Van De Zandschulp B.,59,66,1077,1013,2,1,6,7,6,2,6,4,,,,,completed,2.0,1.8,1.95,1.95,2.03,1.95,1.94,1.87,2021_54_indian_wells_bnp_paribas_open,2021_54_indian_wells_bnp_paribas_open_2021-10-07_giron_m_van_de_zandschulp_b
tennis_data_uk,atp,2021,54,BNP Paribas Open,Indian Wells,2021-10-07,masters_1000,outdoor,hard,R128,3,Cressy M.,Djere L.,145,47,518,1342,2,1,6,7,6,1,7,5,,,,,completed,1.9,1.9,2.02,1.89,2.06,2.0,1.91,1.89,2021_54_indian_wells_bnp_paribas_open,2021_54_indian_wells_bnp_paribas_open_2021-10-07_cressy_m_djere_l
tennis_data_uk,atp,2021,54,BNP Paribas Open,Indian Wells,2021-10-07,masters_1000,outdoor,hard,R128,3,Nishikori K.,Sousa J.,53,182,1208,395,2,1,6,7,6,3,6,2,,,,,completed,1.14,5.5,1.18,5.55,1.19,7.5,1.16,5.33,2021_54_indian_wells_bnp_paribas_open,2021_54_indian_wells_bnp_paribas_open_2021-10-07_nishikori_k_sousa_j
tennis_data_uk,atp,2021,54,BNP Paribas Open,Indian Wells,2021-10-08,masters_1000,outdoor,hard,R128,3,Caruso S.,Svajda Z.,135,434,548,90,2,0,6,3,6,1,,,,,,,completed,1.8,2.0,1.85,2.06,1.86,2.17,1.8,2.02,2021_54_indian_wells_bnp_paribas_open,2021_54_indian_wells_bnp_paribas_open_2021-10-08_caruso_s_svajda_z
tennis_data_uk,atp,2021,54,BNP Paribas Open,Indian Wells,2021-10-08,masters_1000,outdoor,hard,R128,3,Carballes Baena R.,Olivo R.,85,199,877,336,2,0,7,5,7,5,,,,,,,completed,1.36,3.2,1.42,3.11,1.42,3.4,1.36,3.12,2021_54_indian_wells_bnp_paribas_open,2021_54_indian_wells_bnp_paribas_open_2021-10-08_carballes_baena_r_olivo_r
tennis_data_uk,atp,2021,54,BNP Paribas Open,Indian Wells,2021-10-08,masters_1000,outdoor,hard,R128,3,Tiafoe F.,Paire B.,49,50,1312,1295,2,0,6,4,6,4,,,,,,,completed,1.33,3.4,1.37,3.4,1.4,3.41,1.35,3.22,2021_54_indian_wells_bnp_paribas_open,2021_54_indian_wells_bnp_paribas_open_2021-10-08_tiafoe_f_paire_b
tennis_data_uk,atp,2021,54,BNP Paribas Open,Indian Wells,2021-10-08,masters_1000,outdoor,hard,R128,3,Davidovich Fokina A.,Johnson S.,43,86,1420,876,2,1,6,7,6,3,7,5,,,,,completed,1.66,2.2,1.73,2.24,1.75,2.3,1.67,2.2,2021_54_indian_wells_bnp_paribas_open,2021_54_indian_wells_bnp_paribas_open_2021-10-08_davidovich_fokina_a_johnson_s
tennis_data_uk,atp,2021,54,BNP Paribas Open,Indian Wells,2021-10-08,masters_1000,outdoor,hard,R128,3,Pospisil V.,Wolf J.J.,68,187,1000,373,2,1,6,4,4,6,6,4,,,,,completed,1.72,2.1,1.87,2.04,1.93,2.11,1.8,2.01,2021_54_indian_wells_bnp_paribas_open,2021_54_indian_wells_bnp_paribas_open_2021-10-08_pospisil_v_wolf_j_j
tennis_data_uk,atp,2021,54,BNP Paribas Open,Indian Wells,2021-10-08,masters_1000,outdoor,hard,R128,3,Ruusuvuori E.,Koepfer D.,78,65,923,1015,2,1,6,7,6,2,6,0,,,,,completed,1.44,2.75,1.5,2.79,1.5,2.97,1.45,2.76,2021_54_indian_wells_bnp_paribas_open,2021_54_indian_wells_bnp_paribas_open_2021-10-08_ruusuvuori_e_koepfer_d
tennis_data_uk,atp,2021,54,BNP Paribas Open,Indian Wells,2021-10-08,masters_1000,outdoor,hard,R128,3,Nishioka Y.,Delbonis F.,75,44,946,1420,2,1,6,3,3,6,7,6,,,,,completed,1.61,2.3,1.78,2.16,1.78,2.52,1.68,2.19,2021_54_indian_wells_bnp_paribas_open,2021_54_indian_wells_bnp_paribas_open_2021-10-08_nishioka_y_delbonis_f
tennis_data_uk,atp,2021,54,BNP Paribas Open,Indian Wells,2021-10-08,masters_1000,outdoor,hard,R128,3,Tabilo A.,Kudla D.,184,95,391,807,2,0,6,1,7,6,,,,,,,completed,2.3,1.61,2.24,1.73,2.38,1.73,2.21,1.67,2021_54_indian_wells_bnp_paribas_open,2021_54_indian_wells_bnp_paribas_open_2021-10-08_tabilo_a_kudla_d
tennis_data_uk,atp,2021,54,BNP Paribas Open,Indian Wells,2021-10-08,masters_1000,outdoor,hard,R128,3,Escobedo E.,Rune H.,178,124,410,645,2,0,6,4,6,1,,,,,,,completed,2.75,1.44,2.93,1.47,3.24,1.47,2.95,1.4,2021_54_indian_wells_bnp_paribas_open,2021_54_indian_wells_bnp_paribas_open_2021-10-08_escobedo_e_rune_h
tennis_data_uk,atp,2021,54,BNP Paribas Open,Indian Wells,2021-10-08,masters_1000,outdoor,hard,R128,3,Anderson K.,Thompson J.,69,76,989,930,2,0,7,5,6,2,,,,,,,completed,1.57,2.37,1.56,2.59,1.62,3.03,1.49,2.6,2021_54_indian_wells_bnp_paribas_open,2021_54_indian_wells_bnp_paribas_open_2021-10-08_anderson_k_thompson_j
tennis_data_uk,atp,2021,54,BNP Paribas Open,Indian Wells,2021-10-08,masters_1000,outdoor,hard,R128,3,Struff J.L.,Galan D.E.,54,105,1208,735,2,0,7,6,6,3,,,,,,,completed,1.4,3.0,1.44,3.04,1.44,3.04,1.41,2.89,2021_54_indian_wells_bnp_paribas_open,2021_54_indian_wells_bnp_paribas_open_2021-10-08_struff_j_l_galan_d_e
tennis_data_uk,atp,2021,54,BNP Paribas Open,Indian Wells,2021-10-08,masters_1000,outdoor,hard,R128,3,Ramos-Vinolas A.,Musetti L.,48,62,1324,1028,2,0,6,1,6,3,,,,,,,completed,2.0,1.8,2.08,1.84,2.38,1.84,2.07,1.76,2021_54_indian_wells_bnp_paribas_open,2021_54_indian_wells_bnp_paribas_open_2021-10-08_ramos_vinolas_a_musetti_l
tennis_data_uk,atp,2021,54,BNP Paribas Open,Indian Wells,2021-10-08,masters_1000,outdoor,hard,R128,3,Brooksby J.,Ilkel C.,79,179,922,408,2,0,7,6,6,4,,,,,,,completed,1.14,5.5,1.15,6.48,1.17,6.65,1.14,5.65,2021_54_indian_wells_bnp_paribas_open,2021_54_indian_wells_bnp_paribas_open_2021-10-08_brooksby_j_ilkel_c
tennis_data_uk,atp,2021,54,BNP Paribas Open,Indian Wells,2021-10-08,masters_1000,outdoor,hard,R128,3,Gomez E.,Bagnis F.,174,74,417,952,2,0,6,3,6,1,,,,,,,completed,1.61,2.3,1.75,2.21,1.75,2.83,1.61,2.32,2021_54_indian_wells_bnp_paribas_open,2021_54_indian_wells_bnp_paribas_open_2021-10-08_gomez_e_bagnis_f
tennis_data_uk,atp,2021,54,BNP Paribas Open,Indian Wells,2021-10-09,masters_1000,outdoor,hard,R128,3,Vukic A.,Andujar P.,202,96,331,805,2,0,7,5,6,4,,,,,,,completed,1.61,2.3,1.58,2.56,1.62,2.65,1.56,2.43,2021_54_indian_wells_bnp_paribas_open,2021_54_indian_wells_bnp_paribas_open_2021-10-09_vukic_a_andujar_p
tennis_data_uk,atp,2021,54,BNP Paribas Open,Indian Wells,2021-10-09,masters_1000,outdoor,hard,R128,3,Nakashima B.,Coria F.,83,67,895,1010,2,0,6,3,6,2,,,,,,,completed,1.14,5.5,1.14,6.78,1.18,6.78,1.14,5.59,2021_54_indian_wells_bnp_paribas_open,2021_54_indian_wells_bnp_paribas_open_2021-10-09_nakashima_b_coria_f
tennis_data_uk,atp,2021,54,BNP Paribas Open,Indian Wells,2021-10-09,masters_1000,outdoor,hard,R128,3,Martinez P.,Marcora R.,61,208,1054,320,2,0,6,4,6,0,,,,,,,completed,1.28,3.75,1.32,3.76,1.32,4.1,1.28,3.69,2021_54_indian_wells_bnp_paribas_open,2021_54_indian_wells_bnp_paribas_open_2021-10-09_martinez_p_marcora_r
tennis_data_uk,atp,2021,54,BNP Paribas Open,Indian Wells,2021-10-09,masters_1000,outdoor,hard,R128,3,Millman J.,Sock J.,58,162,1100,438,2,1,7,5,4,6,6,3,,,,,completed,1.8,2.0,1.94,1.96,1.95,2.05,1.86,1.94,2021_54_indian_wells_bnp_paribas_open,2021_54_indian_wells_bnp_paribas_open_2021-10-09_millman_j_sock_j
tennis_data_uk,atp,2021,54,BNP Paribas Open,Indian Wells,2021-10-09,masters_1000,outdoor,hard,R128,3,Mager G.,Fucsovics M.,73,42,955,1459,2,1,1,6,6,3,6,2,,,,,completed,3.2,1.36,3.58,1.34,3.58,1.38,3.23,1.34,2021_54_indian_wells_bnp_paribas_open,2021_54_indian_wells_bnp_paribas_open_2021-10-09_mager_g_fucsovics_m
tennis_data_uk,atp,2021,54,BNP Paribas Open,Indian Wells,2021-10-09,masters_1000,outdoor,hard,R128,3,Murray A.,Mannarino A.,121,51,661,1287,2,0,6,3,6,2,,,,,,,completed,1.2,4.5,1.22,4.87,1.23,5.0,1.2,4.43,2021_54_indian_wells_bnp_paribas_open,2021_54_indian_wells_bnp_paribas_open_2021-10-09_murray_a_mannarino_a
tennis_data_uk,atp,2021,54,BNP Paribas Open,Indian Wells,2021-10-09,masters_1000,outdoor,hard,R128,3,Eubanks C.,Gerasimov E.,194,101,354,761,2,0,6,3,6,3,,,,,,,completed,1.8,2.0,1.83,2.1,1.91,2.1,1.83,1.97,2021_54_indian_wells_bnp_paribas_open,2021_54_indian_wells_bnp_paribas_open_2021-10-09_eubanks_c_gerasimov_e
tennis_data_uk,atp,2021,54,BNP Paribas Open,Indian Wells,2021-10-09,masters_1000,outdoor,hard,R64,3,Opelka R.,Daniel T.,20,123,2161,649,2,0,7,5,6,3,,,,,,,completed,1.28,3.75,1.34,3.63,1.36,3.92,1.29,3.59,2021_54_indian_wells_bnp_paribas_open,2021_54_indian_wells_bnp_paribas_open_2021-10-09_opelka_r_daniel_t
tennis_data_uk,atp,2021,54,BNP Paribas Open,Indian Wells,2021-10-09,masters_1000,outdoor,hard,R64,3,Hurkacz H.,Popyrin A.,12,71,3333,965,2,0,6,1,7,5,,,,,,,completed,1.36,3.2,1.34,3.57,1.37,3.75,1.33,3.34,2021_54_indian_wells_bnp_paribas_open,2021_54_indian_wells_bnp_paribas_open_2021-10-09_hurkacz_h_popyrin_a
tennis_data_uk,atp,2021,54,BNP Paribas Open,Indian Wells,2021-10-09,masters_1000,outdoor,hard,R64,3,Schwartzman D.,Cressy M.,15,145,2800,518,2,1,6,2,3,6,7,5,,,,,completed,1.3,3.5,1.26,4.28,1.32,4.28,1.27,3.72,2021_54_indian_wells_bnp_paribas_open,2021_54_indian_wells_bnp_paribas_open_2021-10-09_schwartzman_d_cressy_m
tennis_data_uk,atp,2021,54,BNP Paribas Open,Indian Wells,2021-10-09,masters_1000,outdoor,hard,R64,3,Evans D.,Nishikori K.,22,53,2122,1208,2,1,4,6,6,3,6,4,,,,,completed,2.2,1.66,2.45,1.62,2.5,1.66,2.34,1.6,2021_54_indian_wells_bnp_paribas_open,2021_54_indian_wells_bnp_paribas_open_2021-10-09_evans_d_nishikori_k
tennis_data_uk,atp,2021,54,BNP Paribas Open,Indian Wells,2021-10-09,masters_1000,outdoor,hard,R64,3,Bautista Agut R.,Pella G.,19,80,2360,914,2,0,7,5,6,3,,,,,,,completed,1.25,4.0,1.29,4.0,1.4,4.33,1.26,3.82,2021_54_indian_wells_bnp_paribas_open,2021_54_indian_wells_bnp_paribas_open_2021-10-09_bautista_agut_r_pella_g
tennis_data_uk,atp,2021,54,BNP Paribas Open,Indian Wells,2021-10-09,masters_1000,outdoor,hard,R64,3,Tiafoe F.,Korda S.,49,40,1312,1469,2,0,6,0,6,4,,,,,,,completed,2.1,1.72,2.15,1.79,2.25,1.83,2.09,1.74,2021_54_indian_wells_bnp_paribas_open,2021_54_indian_wells_bnp_paribas_open_2021-10-09_tiafoe_f_korda_s
tennis_data_uk,atp,2021,54,BNP Paribas Open,Indian Wells,2021-10-09,masters_1000,outdoor,hard,R64,3,Ruud C.,Carballes Baena R.,10,85,3615,877,2,0,6,1,6,2,,,,,,,completed,1.08,8.0,1.12,7.52,1.12,9.5,1.08,7.71,2021_54_indian_wells_bnp_paribas_open,2021_54_indian_wells_bnp_paribas_open_2021-10-09_ruud_c_carballes_baena_r
tennis_data_uk,atp,2021,54,BNP Paribas Open,Indian Wells,2021-10-09,masters_1000,outdoor,hard,R64,3,Norrie C.,Sandgren T.,26,102,2015,758,2,1,6,4,5,7,6,0,,,,,completed,1.16,5.0,1.23,4.73,1.23,5.25,1.2,4.57,2021_54_indian_wells_bnp_paribas_open,2021_54_indian_wells_bnp_paribas_open_2021-10-09_norrie_c_sandgren_t
tennis_data_uk,atp,2021,54,BNP Paribas Open,Indian Wells,2021-10-09,masters_1000,outdoor,hard,R64,3,Shapovalov D.,Pospisil V.,13,68,3265,1000,0,0,3,0,,,,,,,,,retired,1.33,3.4,1.26,4.34,1.34,4.34,1.29,3.59,2021_54_indian_wells_bnp_paribas_open,2021_54_indian_wells_bnp_paribas_open_2021-10-09_shapovalov_d_pospisil_v
tennis_data_uk,atp,2021,54,BNP Paribas Open,Indian Wells,2021-10-09,masters_1000,outdoor,hard,R64,3,Dimitrov G.,Altmaier D.,28,114,1881,707,2,0,6,4,6,2,,,,,,,completed,1.33,3.4,1.33,3.66,1.34,3.66,1.31,3.44,2021_54_indian_wells_bnp_paribas_open,2021_54_indian_wells_bnp_paribas_open_2021-10-09_dimitrov_g_altmaier_d
tennis_data_uk,atp,2021,54,BNP Paribas Open,Indian Wells,2021-10-10,masters_1000,outdoor,hard,R64,3,Medvedev D.,Mcdonald M.,2,57,10575,1105,2,0,6,4,6,2,,,,,,,completed,1.06,10.0,1.09,9.5,1.09,12.0,1.06,8.81,2021_54_indian_wells_bnp_paribas_open,2021_54_indian_wells_bnp_paribas_open_2021-10-10_medvedev_d_mcdonald_m
tennis_data_uk,atp,2021,54,BNP Paribas Open,Indian Wells,2021-10-10,masters_1000,outdoor,hard,R64,3,Paul T.,Lajovic D.,60,35,1058,1565,2,0,6,2,6,3,,,,,,,completed,1.57,2.37,1.66,2.37,1.67,2.45,1.6,2.33,2021_54_indian_wells_bnp_paribas_open,2021_54_indian_wells_bnp_paribas_open_2021-10-10_paul_t_lajovic_d
tennis_data_uk,atp,2021,54,BNP Paribas Open,Indian Wells,2021-10-10,masters_1000,outdoor,hard,R64,3,Karatsev A.,Caruso S.,23,135,2109,548,2,0,6,0,6,2,,,,,,,completed,1.28,3.75,1.29,3.99,1.3,4.25,1.25,3.9,2021_54_indian_wells_bnp_paribas_open,2021_54_indian_wells_bnp_paribas_open_2021-10-10_karatsev_a_caruso_s
tennis_data_uk,atp,2021,54,BNP Paribas Open,Indian Wells,2021-10-10,masters_1000,outdoor,hard,R64,3,Harris L.,Davidovich Fokina A.,31,43,1652,1420,2,0,6,3,6,3,,,,,,,completed,1.44,2.75,1.54,2.66,1.54,2.95,1.47,2.66,2021_54_indian_wells_bnp_paribas_open,2021_54_indian_wells_bnp_paribas_open_2021-10-10_harris_l_davidovich_fokina_a
tennis_data_uk,atp,2021,54,BNP Paribas Open,Indian Wells,2021-10-10,masters_1000,outdoor,hard,R64,3,Krajinovic F.,Giron M.,34,59,1589,1077,2,0,7,6,7,5,,,,,,,completed,1.9,1.9,1.85,2.07,1.95,2.07,1.87,1.93,2021_54_indian_wells_bnp_paribas_open,2021_54_indian_wells_bnp_paribas_open_2021-10-10_krajinovic_f_giron_m
tennis_data_uk,atp,2021,54,BNP Paribas Open,Indian Wells,2021-10-10,masters_1000,outdoor,hard,R64,3,Rublev A.,Taberner C.,5,116,6130,698,2,0,6,3,6,4,,,,,,,completed,1.07,9.0,1.08,10.14,1.08,10.75,1.07,8.56,2021_54_indian_wells_bnp_paribas_open,2021_54_indian_wells_bnp_paribas_open_2021-10-10_rublev_a_taberner_c
tennis_data_uk,atp,2021,54,BNP Paribas Open,Indian Wells,2021-10-10,masters_1000,outdoor,hard,R64,3,Berrettini M.,Tabilo A.,7,184,5173,391,2,0,6,4,7,5,,,,,,,completed,1.1,7.0,1.11,8.04,1.11,10.75,1.08,8.18,2021_54_indian_wells_bnp_paribas_open,2021_54_indian_wells_bnp_paribas_open_2021-10-10_berrettini_m_tabilo_a
tennis_data_uk,atp,2021,54,BNP Paribas Open,Indian Wells,2021-10-10,masters_1000,outdoor,hard,R64,3,Monfils G.,Mager G.,18,73,2418,955,2,0,6,4,6,2,,,,,,,completed,1.22,4.33,1.22,4.85,1.25,4.84,1.21,4.43,2021_54_indian_wells_bnp_paribas_open,2021_54_indian_wells_bnp_paribas_open_2021-10-10_monfils_g_mager_g
tennis_data_uk,atp,2021,54,BNP Paribas Open,Indian Wells,2021-10-10,masters_1000,outdoor,hard,R64,3,Sinner J.,Millman J.,14,58,3100,1100,2,0,6,2,6,2,,,,,,,completed,1.2,4.5,1.22,4.93,1.22,6.0,1.17,4.93,2021_54_indian_wells_bnp_paribas_open,2021_54_indian_wells_bnp_paribas_open_2021-10-10_sinner_j_millman_j
tennis_data_uk,atp,2021,54,BNP Paribas Open,Indian Wells,2021-10-10,masters_1000,outdoor,hard,R64,3,Anderson K.,Sonego L.,69,21,989,2122,2,0,7,6,7,6,,,,,,,completed,2.0,1.8,2.05,1.86,2.07,1.95,1.96,1.84,2021_54_indian_wells_bnp_paribas_open,2021_54_indian_wells_bnp_paribas_open_2021-10-10_anderson_k_sonego_l
tennis_data_uk,atp,2021,54,BNP Paribas Open,Indian Wells,2021-10-10,masters_1000,outdoor,hard,R64,3,Fognini F.,Struff J.L.,30,54,1664,1208,2,1,6,4,4,6,6,3,,,,,completed,1.8,2.0,1.83,2.09,1.9,2.09,1.82,1.99,2021_54_indian_wells_bnp_paribas_open,2021_54_indian_wells_bnp_paribas_open_2021-10-10_fognini_f_struff_j_l
tennis_data_uk,atp,2021,54,BNP Paribas Open,Indian Wells,2021-10-10,masters_1000,outdoor,hard,R64,3,Fritz T.,Nakashima B.,39,83,1495,895,2,0,6,3,6,4,,,,,,,completed,2.3,1.61,2.15,1.79,2.35,1.79,2.21,1.67,2021_54_indian_wells_bnp_paribas_open,2021_54_indian_wells_bnp_paribas_open_2021-10-10_fritz_t_nakashima_b
tennis_data_uk,atp,2021,54,BNP Paribas Open,Indian Wells,2021-10-10,masters_1000,outdoor,hard,R64,3,Murray A.,Alcaraz C.,121,38,661,1499,2,1,5,7,6,3,6,2,,,,,completed,2.0,1.8,2.14,1.79,2.17,1.87,2.04,1.78,2021_54_indian_wells_bnp_paribas_open,2021_54_indian_wells_bnp_paribas_open_2021-10-10_murray_a_alcaraz_c
tennis_data_uk,atp,2021,54,BNP Paribas Open,Indian Wells,2021-10-10,masters_1000,outdoor,hard,R64,3,Garin C.,Escobedo E.,17,178,2510,410,2,0,7,5,6,2,,,,,,,completed,1.8,2.0,1.78,2.16,1.91,2.16,1.79,2.02,2021_54_indian_wells_bnp_paribas_open,2021_54_indian_wells_bnp_paribas_open_2021-10-10_garin_c_escobedo_e
tennis_data_uk,atp,2021,54,BNP Paribas Open,Indian Wells,2021-10-10,masters_1000,outdoor,hard,R64,3,Ramos-Vinolas A.,Auger-Aliassime F.,48,11,1324,3368,2,0,6,4,6,2,,,,,,,completed,4.5,1.2,4.99,1.21,5.25,1.22,4.7,1.18,2021_54_indian_wells_bnp_paribas_open,2021_54_indian_wells_bnp_paribas_open_2021-10-10_ramos_vinolas_a_auger_aliassime_f
tennis_data_uk,atp,2021,54,BNP Paribas Open,Indian Wells,2021-10-10,masters_1000,outdoor,hard,R64,3,Carreno Busta P.,Gomez E.,16,174,2550,417,2,0,6,1,6,4,,,,,,,completed,1.12,6.0,1.12,7.6,1.13,8.0,1.1,6.92,2021_54_indian_wells_bnp_paribas_open,2021_54_indian_wells_bnp_paribas_open_2021-10-10_carreno_busta_p_gomez_e
tennis_data_uk,atp,2021,54,BNP Paribas Open,Indian Wells,2021-10-10,masters_1000,outdoor,hard,R64,3,Zverev A.,Brooksby J.,4,79,7603,922,2,1,6,4,3,6,6,1,,,,,completed,1.2,4.5,1.21,5.13,1.23,5.13,1.19,4.74,2021_54_indian_wells_bnp_paribas_open,2021_54_indian_wells_bnp_paribas_open_2021-10-10_zverev_a_brooksby_j
tennis_data_uk,atp,2021,54,BNP Paribas Open,Indian Wells,2021-10-10,masters_1000,outdoor,hard,R64,3,De Minaur A.,Vukic A.,27,202,1991,331,2,0,6,4,7,5,,,,,,,completed,1.44,2.75,1.52,2.72,1.52,3.0,1.46,2.71,2021_54_indian_wells_bnp_paribas_open,2021_54_indian_wells_bnp_paribas_open_2021-10-10_de_minaur_a_vukic_a
tennis_data_uk,atp,2021,54,BNP Paribas Open,Indian Wells,2021-10-11,masters_1000,outdoor,hard,R64,3,Khachanov K.,Ruusuvuori E.,29,78,1830,923,2,0,6,2,7,5,,,,,,,completed,1.61,2.3,1.63,2.43,1.66,2.55,1.6,2.32,2021_54_indian_wells_bnp_paribas_open,2021_54_indian_wells_bnp_paribas_open_2021-10-11_khachanov_k_ruusuvuori_e
tennis_data_uk,atp,2021,54,BNP Paribas Open,Indian Wells,2021-10-11,masters_1000,outdoor,hard,R64,3,Tsitsipas S.,Martinez P.,3,61,8175,1054,2,0,6,2,6,4,,,,,,,completed,1.08,8.0,1.1,8.77,1.1,9.0,1.08,7.81,2021_54_indian_wells_bnp_paribas_open,2021_54_indian_wells_bnp_paribas_open_2021-10-11_tsitsipas_s_martinez_p
tennis_data_uk,atp,2021,54,BNP Paribas Open,Indian Wells,2021-10-11,masters_1000,outdoor,hard,R64,3,Basilashvili N.,Eubanks C.,36,194,1556,354,2,0,6,4,6,3,,,,,,,completed,1.57,2.37,1.62,2.46,1.68,2.46,1.6,2.32,2021_54_indian_wells_bnp_paribas_open,2021_54_indian_wells_bnp_paribas_open_2021-10-11_basilashvili_n_eubanks_c
tennis_data_uk,atp,2021,54,BNP Paribas Open,Indian Wells,2021-10-11,masters_1000,outdoor,hard,R64,3,Isner J.,Nishioka Y.,24,75,2091,946,2,0,6,3,6,4,,,,,,,completed,1.3,3.5,1.38,3.34,1.38,3.65,1.33,3.32,2021_54_indian_wells_bnp_paribas_open,2021_54_indian_wells_bnp_paribas_open_2021-10-11_isner_j_nishioka_y
tennis_data_uk,atp,2021,54,BNP Paribas Open,Indian Wells,2021-10-11,masters_1000,outdoor,hard,R32,3,Schwartzman D.,Evans D.,15,22,2800,2122,2,1,5,7,6,4,6,0,,,,,completed,1.57,2.37,1.68,2.33,1.74,2.41,1.64,2.26,2021_54_indian_wells_bnp_paribas_open,2021_54_indian_wells_bnp_paribas_open_2021-10-11_schwartzman_d_evans_d
tennis_data_uk,atp,2021,54,BNP Paribas Open,Indian Wells,2021-10-11,masters_1000,outdoor,hard,R32,3,Ruud C.,Harris L.,10,31,3615,1652,2,1,6,7,6,4,6,4,,,,,completed,1.36,3.2,1.37,3.39,1.41,3.39,1.35,3.16,2021_54_indian_wells_bnp_paribas_open,2021_54_indian_wells_bnp_paribas_open_2021-10-11_ruud_c_harris_l
tennis_data_uk,atp,2021,54,BNP Paribas Open,Indian Wells,2021-10-11,masters_1000,outdoor,hard,R32,3,Dimitrov G.,Opelka R.,28,20,1881,2161,2,0,6,3,6,4,,,,,,,completed,2.0,1.8,1.86,2.05,2.03,2.06,1.87,1.93,2021_54_indian_wells_bnp_paribas_open,2021_54_indian_wells_bnp_paribas_open_2021-10-11_dimitrov_g_opelka_r
tennis_data_uk,atp,2021,54,BNP Paribas Open,Indian Wells,2021-10-11,masters_1000,outdoor,hard,R32,3,Karatsev A.,Shapovalov D.,23,13,2109,3265,2,0,7,5,6,2,,,,,,,completed,2.2,1.66,2.27,1.71,2.27,1.83,2.11,1.73,2021_54_indian_wells_bnp_paribas_open,2021_54_indian_wells_bnp_paribas_open_2021-10-11_karatsev_a_shapovalov_d
tennis_data_uk,atp,2021,54,BNP Paribas Open,Indian Wells,2021-10-12,masters_1000,outdoor,hard,R32,3,Hurkacz H.,Tiafoe F.,12,49,3333,1312,2,0,6,3,6,2,,,,,,,completed,1.53,2.5,1.6,2.51,1.62,2.65,1.57,2.41,2021_54_indian_wells_bnp_paribas_open,2021_54_indian_wells_bnp_paribas_open_2021-10-12_hurkacz_h_tiafoe_f
tennis_data_uk,atp,2021,54,BNP Paribas Open,Indian Wells,2021-10-12,masters_1000,outdoor,hard,R32,3,Paul T.,Rublev A.,60,5,1058,6130,2,1,6,4,3,6,7,5,,,,,completed,4.5,1.2,5.45,1.19,5.5,1.2,5.04,1.17,2021_54_indian_wells_bnp_paribas_open,2021_54_indian_wells_bnp_paribas_open_2021-10-12_paul_t_rublev_a
tennis_data_uk,atp,2021,54,BNP Paribas Open,Indian Wells,2021-10-12,masters_1000,outdoor,hard,R32,3,Norrie C.,Bautista Agut R.,26,19,2015,2360,2,1,6,4,5,7,6,3,,,,,completed,1.8,2.0,1.75,2.21,1.8,2.1,1.75,2.06,2021_54_indian_wells_bnp_paribas_open,2021_54_indian_wells_bnp_paribas_open_2021-10-12_norrie_c_bautista_agut_r
tennis_data_uk,atp,2021,54,BNP Paribas Open,Indian Wells,2021-10-12,masters_1000,outdoor,hard,R32,3,Medvedev D.,Krajinovic F.,2,34,10575,1589,2,0,6,2,7,6,,,,,,,completed,1.08,8.0,1.11,8.07,1.11,9.5,1.09,7.64,2021_54_indian_wells_bnp_paribas_open,2021_54_indian_wells_bnp_paribas_open_2021-10-12_medvedev_d_krajinovic_f
tennis_data_uk,atp,2021,54,BNP Paribas Open,Indian Wells,2021-10-12,masters_1000,outdoor,hard,R32,3,Sinner J.,Isner J.,14,24,3100,2091,,,,,,,,,,,,,walkover,1.5,2.62,1.49,2.8,1.55,2.85,1.47,2.67,2021_54_indian_wells_bnp_paribas_open,2021_54_indian_wells_bnp_paribas_open_2021-10-12_sinner_j_isner_j
tennis_data_uk,atp,2021,54,BNP Paribas Open,Indian Wells,2021-10-12,masters_1000,outdoor,hard,R32,3,Fritz T.,Berrettini M.,39,7,1495,5173,2,0,6,4,6,3,,,,,,,completed,3.0,1.4,2.98,1.45,3.25,1.45,2.95,1.4,2021_54_indian_wells_bnp_paribas_open,2021_54_indian_wells_bnp_paribas_open_2021-10-12_fritz_t_berrettini_m
tennis_data_uk,atp,2021,54,BNP Paribas Open,Indian Wells,2021-10-12,masters_1000,outdoor,hard,R32,3,Khachanov K.,Carreno Busta P.,29,16,1830,2550,2,0,6,0,6,4,,,,,,,completed,2.1,1.72,2.14,1.79,2.3,1.8,2.11,1.73,2021_54_indian_wells_bnp_paribas_open,2021_54_indian_wells_bnp_paribas_open_2021-10-12_khachanov_k_carreno_busta_p
tennis_data_uk,atp,2021,54,BNP Paribas Open,Indian Wells,2021-10-12,masters_1000,outdoor,hard,R32,3,Basilashvili N.,Ramos-Vinolas A.,36,48,1556,1324,2,1,4,6,7,6,6,2,,,,,completed,1.66,2.2,1.67,2.35,1.7,2.45,1.63,2.27,2021_54_indian_wells_bnp_paribas_open,2021_54_indian_wells_bnp_paribas_open_2021-10-12_basilashvili_n_ramos_vinolas_a
tennis_data_uk,atp,2021,54,BNP Paribas Open,Indian Wells,2021-10-12,masters_1000,outdoor,hard,R32,3,Zverev A.,Murray A.,4,121,7603,661,2,0,6,4,7,6,,,,,,,completed,1.16,5.0,1.18,5.58,1.22,5.58,1.18,4.81,2021_54_indian_wells_bnp_paribas_open,2021_54_indian_wells_bnp_paribas_open_2021-10-12_zverev_a_murray_a
tennis_data_uk,atp,2021,54,BNP Paribas Open,Indian Wells,2021-10-13,masters_1000,outdoor,hard,R32,3,Monfils G.,Anderson K.,18,69,2418,989,2,0,7,5,6,2,,,,,,,completed,1.4,3.0,1.51,2.78,1.51,3.02,1.44,2.78,2021_54_indian_wells_bnp_paribas_open,2021_54_indian_wells_bnp_paribas_open_2021-10-13_monfils_g_anderson_k
tennis_data_uk,atp,2021,54,BNP Paribas Open,Indian Wells,2021-10-13,masters_1000,outdoor,hard,R32,3,Tsitsipas S.,Fognini F.,3,30,8175,1664,2,1,2,6,6,3,6,4,,,,,completed,1.14,5.5,1.16,6.19,1.17,6.55,1.14,5.67,2021_54_indian_wells_bnp_paribas_open,2021_54_indian_wells_bnp_paribas_open_2021-10-13_tsitsipas_s_fognini_f
tennis_data_uk,atp,2021,54,BNP Paribas Open,Indian Wells,2021-10-13,masters_1000,outdoor,hard,R32,3,De Minaur A.,Garin C.,27,17,1991,2510,2,0,6,4,6,2,,,,,,,completed,1.66,2.2,1.69,2.3,1.7,2.38,1.65,2.25,2021_54_indian_wells_bnp_paribas_open,2021_54_indian_wells_bnp_paribas_open_2021-10-13_de_minaur_a_garin_c
tennis_data_uk,atp,2021,54,BNP Paribas Open,Indian Wells,2021-10-13,masters_1000,outdoor,hard,R16,3,Schwartzman D.,Ruud C.,15,10,2800,3615,2,0,6,3,6,3,,,,,,,completed,3.0,1.4,2.86,1.48,3.11,1.48,2.85,1.42,2021_54_indian_wells_bnp_paribas_open,2021_54_indian_wells_bnp_paribas_open_2021-10-13_schwartzman_d_ruud_c
tennis_data_uk,atp,2021,54,BNP Paribas Open,Indian Wells,2021-10-13,masters_1000,outdoor,hard,R16,3,Hurkacz H.,Karatsev A.,12,23,3333,2109,2,0,6,1,6,3,,,,,,,completed,1.57,2.37,1.58,2.54,1.62,2.6,1.56,2.43,2021_54_indian_wells_bnp_paribas_open,2021_54_indian_wells_bnp_paribas_open_2021-10-13_hurkacz_h_karatsev_a
tennis_data_uk,atp,2021,54,BNP Paribas Open,Indian Wells,2021-10-13,masters_1000,outdoor,hard,R16,3,Norrie C.,Paul T.,26,60,2015,1058,2,1,6,4,4,6,6,2,,,,,completed,1.5,2.62,1.53,2.69,1.6,2.7,1.51,2.59,2021_54_indian_wells_bnp_paribas_open,2021_54_indian_wells_bnp_paribas_open_2021-10-13_norrie_c_paul_t
tennis_data_uk,atp,2021,54,BNP Paribas Open,Indian Wells,2021-10-13,masters_1000,outdoor,hard,R16,3,Dimitrov G.,Medvedev D.,28,2,1881,10575,2,1,4,6,6,4,6,3,,,,,completed,6.0,1.12,5.93,1.17,7.0,1.17,6.16,1.12,2021_54_indian_wells_bnp_paribas_open,2021_54_indian_wells_bnp_paribas_open_2021-10-13_dimitrov_g_medvedev_d
tennis_data_uk,atp,2021,54,BNP Paribas Open,Indian Wells,2021-10-13,masters_1000,outdoor,hard,R16,3,Basilashvili N.,Khachanov K.,36,29,1556,1830,2,0,6,4,7,6,,,,,,,completed,3.4,1.33,3.22,1.4,3.55,1.4,3.18,1.35,2021_54_indian_wells_bnp_paribas_open,2021_54_indian_wells_bnp_paribas_open_2021-10-13_basilashvili_n_khachanov_k
tennis_data_uk,atp,2021,54,BNP Paribas Open,Indian Wells,2021-10-13,masters_1000,outdoor,hard,R16,3,Fritz T.,Sinner J.,39,14,1495,3100,2,0,6,4,6,3,,,,,,,completed,2.75,1.44,3.13,1.42,3.22,1.5,2.95,1.4,2021_54_indian_wells_bnp_paribas_open,2021_54_indian_wells_bnp_paribas_open_2021-10-13_fritz_t_sinner_j
tennis_data_uk,atp,2021,54,BNP Paribas Open,Indian Wells,2021-10-14,masters_1000,outdoor,hard,R16,3,Tsitsipas S.,De Minaur A.,3,27,8175,1991,2,1,6,7,7,6,6,2,,,,,completed,1.2,4.5,1.25,4.5,1.25,4.89,1.21,4.41,2021_54_indian_wells_bnp_paribas_open,2021_54_indian_wells_bnp_paribas_open_2021-10-14_tsitsipas_s_de_minaur_a
tennis_data_uk,atp,2021,54,BNP Paribas Open,Indian Wells,2021-10-14,masters_1000,outdoor,hard,R16,3,Zverev A.,Monfils G.,4,18,7603,2418,2,0,6,1,6,3,,,,,,,completed,1.2,4.5,1.22,4.95,1.26,5.25,1.2,4.62,2021_54_indian_wells_bnp_paribas_open,2021_54_indian_wells_bnp_paribas_open_2021-10-14_zverev_a_monfils_g
tennis_data_uk,atp,2021,54,BNP Paribas Open,Indian Wells,2021-10-14,masters_1000,outdoor,hard,QF,3,Norrie C.,Schwartzman D.,26,15,2015,2800,2,0,6,0,6,2,,,,,,,completed,2.1,1.72,2.23,1.74,2.23,1.83,2.11,1.74,2021_54_indian_wells_bnp_paribas_open,2021_54_indian_wells_bnp_paribas_open_2021-10-14_norrie_c_schwartzman_d
tennis_data_uk,atp,2021,54,BNP Paribas Open,Indian Wells,2021-10-14,masters_1000,outdoor,hard,QF,3,Dimitrov G.,Hurkacz H.,28,12,1881,3333,2,1,3,6,6,4,7,6,,,,,completed,2.37,1.57,2.48,1.61,2.56,1.63,2.43,1.57,2021_54_indian_wells_bnp_paribas_open,2021_54_indian_wells_bnp_paribas_open_2021-10-14_dimitrov_g_hurkacz_h
tennis_data_uk,atp,2021,54,BNP Paribas Open,Indian Wells,2021-10-15,masters_1000,outdoor,hard,QF,3,Basilashvili N.,Tsitsipas S.,36,3,1556,8175,2,1,6,4,2,6,6,4,,,,,completed,3.75,1.28,4.59,1.24,4.59,1.29,3.9,1.25,2021_54_indian_wells_bnp_paribas_open,2021_54_indian_wells_bnp_paribas_open_2021-10-15_basilashvili_n_tsitsipas_s
tennis_data_uk,atp,2021,54,BNP Paribas Open,Indian Wells,2021-10-15,masters_1000,outdoor,hard,QF,3,Fritz T.,Zverev A.,39,4,1495,7603,2,1,4,6,6,3,7,6,,,,,completed,5.0,1.16,5.68,1.18,7.0,1.21,5.25,1.16,2021_54_indian_wells_bnp_paribas_open,2021_54_indian_wells_bnp_paribas_open_2021-10-15_fritz_t_zverev_a
tennis_data_uk,atp,2021,54,BNP Paribas Open,Indian Wells,2021-10-16,masters_1000,outdoor,hard,SF,3,Norrie C.,Dimitrov G.,26,28,2015,1881,2,0,6,2,6,4,,,,,,,completed,1.9,1.9,1.87,2.04,1.97,2.08,1.87,1.94,2021_54_indian_wells_bnp_paribas_open,2021_54_indian_wells_bnp_paribas_open_2021-10-16_norrie_c_dimitrov_g
tennis_data_uk,atp,2021,54,BNP Paribas Open,Indian Wells,2021-10-16,masters_1000,outdoor,hard,SF,3,Basilashvili N.,Fritz T.,36,39,1556,1495,2,0,7,6,6,3,,,,,,,completed,2.3,1.61,2.53,1.59,2.53,1.68,2.35,1.6,2021_54_indian_wells_bnp_paribas_open,2021_54_indian_wells_bnp_paribas_open_2021-10-16_basilashvili_n_fritz_t
tennis_data_uk,atp,2021,54,BNP Paribas Open,Indian Wells,2021-10-18,masters_1000,outdoor,hard,F,3,Norrie C.,Basilashvili N.,26,36,2015,1556,2,1,3,6,6,4,6,1,,,,,completed,1.57,2.37,1.56,2.61,1.67,2.61,1.57,2.44,2021_54_indian_wells_bnp_paribas_open,2021_54_indian_wells_bnp_paribas_open_2021-10-18_norrie_c_basilashvili_n
tennis_data_uk,atp,2021,55,European Open,Antwerp,2021-10-18,atp_250,indoor,hard,R32,3,Rinderknech A.,Delbonis F.,65,40,965,1370,2,0,6,4,6,4,,,,,,,completed,1.33,3.4,1.32,3.69,1.39,3.75,1.3,3.48,2021_55_antwerp_european_open,2021_55_antwerp_european_open_2021-10-18_rinderknech_a_delbonis_f
tennis_data_uk,atp,2021,55,European Open,Antwerp,2021-10-18,atp_250,indoor,hard,R32,3,Lajovic D.,Gasquet R.,33,73,1556,921,2,0,7,6,6,1,,,,,,,completed,2.5,1.53,2.85,1.47,3.05,1.56,2.68,1.47,2021_55_antwerp_european_open,2021_55_antwerp_european_open_2021-10-18_lajovic_d_gasquet_r
tennis_data_uk,atp,2021,55,European Open,Antwerp,2021-10-18,atp_250,indoor,hard,R32,3,Van De Zandschulp B.,Popyrin A.,61,74,1029,912,2,1,6,4,3,6,6,0,,,,,completed,1.72,2.1,1.85,2.05,1.85,2.2,1.76,2.06,2021_55_antwerp_european_open,2021_55_antwerp_european_open_2021-10-18_van_de_zandschulp_b_popyrin_a
tennis_data_uk,atp,2021,55,European Open,Antwerp,2021-10-19,atp_250,indoor,hard,R32,3,Davidovich Fokina A.,Thompson J.,44,72,1325,930,2,0,6,3,6,3,,,,,,,completed,1.66,2.2,1.6,2.48,1.69,2.48,1.59,2.34,2021_55_antwerp_european_open,2021_55_antwerp_european_open_2021-10-19_davidovich_fokina_a_thompson_j
tennis_data_uk,atp,2021,55,European Open,Antwerp,2021-10-19,atp_250,indoor,hard,R32,3,Laaksonen H.,Paire B.,99,47,762,1270,2,1,4,6,6,0,6,3,,,,,completed,1.61,2.3,1.62,2.42,1.66,2.55,1.59,2.36,2021_55_antwerp_european_open,2021_55_antwerp_european_open_2021-10-19_laaksonen_h_paire_b
tennis_data_uk,atp,2021,55,European Open,Antwerp,2021-10-19,atp_250,indoor,hard,R32,3,Nakashima B.,De Minaur A.,79,26,884,2071,2,0,6,4,6,0,,,,,,,completed,2.1,1.72,2.15,1.78,2.22,1.8,2.11,1.72,2021_55_antwerp_european_open,2021_55_antwerp_european_open_2021-10-19_nakashima_b_de_minaur_a
tennis_data_uk,atp,2021,55,European Open,Antwerp,2021-10-19,atp_250,indoor,hard,R32,3,Brooksby J.,Opelka R.,70,25,947,2071,2,0,6,4,6,4,,,,,,,completed,1.72,2.1,1.68,2.31,1.8,2.31,1.72,2.12,2021_55_antwerp_european_open,2021_55_antwerp_european_open_2021-10-19_brooksby_j_opelka_r
tennis_data_uk,atp,2021,55,European Open,Antwerp,2021-10-19,atp_250,indoor,hard,R32,3,Musetti L.,Mager G.,69,67,948,954,2,0,7,6,7,6,,,,,,,completed,2.0,1.8,2.05,1.85,2.13,1.87,2.0,1.8,2021_55_antwerp_european_open,2021_55_antwerp_european_open_2021-10-19_musetti_l_mager_g
tennis_data_uk,atp,2021,55,European Open,Antwerp,2021-10-19,atp_250,indoor,hard,R32,3,Murray A.,Tiafoe F.,172,48,411,1217,2,1,7,6,6,7,7,6,,,,,completed,1.72,2.1,1.77,2.16,1.8,2.25,1.73,2.1,2021_55_antwerp_european_open,2021_55_antwerp_european_open_2021-10-19_murray_a_tiafoe_f
tennis_data_uk,atp,2021,55,European Open,Antwerp,2021-10-19,atp_250,indoor,hard,R32,3,Struff J.L.,Ramos-Vinolas A.,50,45,1201,1294,2,1,6,3,3,6,6,3,,,,,completed,1.57,2.37,1.52,2.7,1.6,2.73,1.5,2.57,2021_55_antwerp_european_open,2021_55_antwerp_european_open_2021-10-19_struff_j_l_ramos_vinolas_a
tennis_data_uk,atp,2021,55,European Open,Antwerp,2021-10-19,atp_250,indoor,hard,R32,3,Fucsovics M.,Novak D.,39,114,1459,681,2,0,7,6,6,2,,,,,,,completed,1.57,2.37,1.61,2.44,1.68,2.64,1.59,2.36,2021_55_antwerp_european_open,2021_55_antwerp_european_open_2021-10-19_fucsovics_m_novak_d
tennis_data_uk,atp,2021,55,European Open,Antwerp,2021-10-19,atp_250,indoor,hard,R32,3,Harris L.,Bergs Z.,32,186,1640,378,2,0,7,6,6,3,,,,,,,completed,1.22,4.33,1.27,4.13,1.28,4.75,1.23,4.13,2021_55_antwerp_european_open,2021_55_antwerp_european_open_2021-10-19_harris_l_bergs_z
tennis_data_uk,atp,2021,55,European Open,Antwerp,2021-10-20,atp_250,indoor,hard,R16,3,Rinderknech A.,Lajovic D.,65,33,965,1556,2,1,6,3,4,6,6,2,,,,,completed,1.57,2.37,1.55,2.63,1.64,2.63,1.55,2.45,2021_55_antwerp_european_open,2021_55_antwerp_european_open_2021-10-20_rinderknech_a_lajovic_d
tennis_data_uk,atp,2021,55,European Open,Antwerp,2021-10-20,atp_250,indoor,hard,R16,3,Brooksby J.,Van De Zandschulp B.,70,61,947,1029,2,0,6,2,6,0,,,,,,,completed,1.44,2.75,1.5,2.79,1.53,2.9,1.47,2.68,2021_55_antwerp_european_open,2021_55_antwerp_european_open_2021-10-20_brooksby_j_van_de_zandschulp_b
tennis_data_uk,atp,2021,55,European Open,Antwerp,2021-10-20,atp_250,indoor,hard,R16,3,Sinner J.,Musetti L.,16,69,2895,948,2,0,7,5,6,2,,,,,,,completed,1.16,5.0,1.14,6.76,1.18,7.25,1.13,5.93,2021_55_antwerp_european_open,2021_55_antwerp_european_open_2021-10-20_sinner_j_musetti_l
tennis_data_uk,atp,2021,55,European Open,Antwerp,2021-10-20,atp_250,indoor,hard,R16,3,Davidovich Fokina A.,Garin C.,44,17,1325,2510,2,1,4,6,6,3,6,3,,,,,completed,1.5,2.62,1.65,2.39,1.91,2.67,1.54,2.49,2021_55_antwerp_european_open,2021_55_antwerp_european_open_2021-10-20_davidovich_fokina_a_garin_c
tennis_data_uk,atp,2021,55,European Open,Antwerp,2021-10-21,atp_250,indoor,hard,R16,3,Harris L.,Struff J.L.,32,50,1640,1201,2,0,6,2,6,3,,,,,,,completed,1.4,3.0,1.44,3.04,1.49,3.24,1.41,2.91,2021_55_antwerp_european_open,2021_55_antwerp_european_open_2021-10-21_harris_l_struff_j_l
tennis_data_uk,atp,2021,55,European Open,Antwerp,2021-10-21,atp_250,indoor,hard,R16,3,Fucsovics M.,Bautista Agut R.,39,20,1459,2270,2,1,6,7,6,3,6,1,,,,,completed,2.37,1.57,2.38,1.65,2.55,1.65,2.36,1.59,2021_55_antwerp_european_open,2021_55_antwerp_european_open_2021-10-21_fucsovics_m_bautista_agut_r
tennis_data_uk,atp,2021,55,European Open,Antwerp,2021-10-21,atp_250,indoor,hard,R16,3,Schwartzman D.,Murray A.,13,172,2970,411,2,0,6,4,7,6,,,,,,,completed,2.1,1.72,2.11,1.81,2.2,1.88,2.08,1.75,2021_55_antwerp_european_open,2021_55_antwerp_european_open_2021-10-21_schwartzman_d_murray_a
tennis_data_uk,atp,2021,55,European Open,Antwerp,2021-10-21,atp_250,indoor,hard,R16,3,Nakashima B.,Laaksonen H.,79,99,884,762,2,1,7,6,6,7,6,3,,,,,completed,1.53,2.5,1.51,2.75,1.55,2.75,1.51,2.56,2021_55_antwerp_european_open,2021_55_antwerp_european_open_2021-10-21_nakashima_b_laaksonen_h
tennis_data_uk,atp,2021,55,European Open,Antwerp,2021-10-22,atp_250,indoor,hard,QF,3,Harris L.,Fucsovics M.,32,39,1640,1459,2,0,6,2,7,5,,,,,,,completed,1.57,2.37,1.53,2.68,1.6,2.8,1.52,2.52,2021_55_antwerp_european_open,2021_55_antwerp_european_open_2021-10-22_harris_l_fucsovics_m
tennis_data_uk,atp,2021,55,European Open,Antwerp,2021-10-22,atp_250,indoor,hard,QF,3,Sinner J.,Rinderknech A.,16,65,2895,965,2,0,6,4,6,2,,,,,,,completed,1.22,4.33,1.22,4.85,1.25,4.85,1.22,4.28,2021_55_antwerp_european_open,2021_55_antwerp_european_open_2021-10-22_sinner_j_rinderknech_a
tennis_data_uk,atp,2021,55,European Open,Antwerp,2021-10-22,atp_250,indoor,hard,QF,3,Schwartzman D.,Nakashima B.,13,79,2970,884,2,0,6,4,6,2,,,,,,,completed,1.66,2.2,1.77,2.18,1.77,2.28,1.69,2.17,2021_55_antwerp_european_open,2021_55_antwerp_european_open_2021-10-22_schwartzman_d_nakashima_b
tennis_data_uk,atp,2021,55,European Open,Antwerp,2021-10-22,atp_250,indoor,hard,QF,3,Brooksby J.,Davidovich Fokina A.,70,44,947,1325,2,0,7,5,6,0,,,,,,,completed,1.33,3.4,1.34,3.58,1.34,3.7,1.31,3.44,2021_55_antwerp_european_open,2021_55_antwerp_european_open_2021-10-22_brooksby_j_davidovich_fokina_a
tennis_data_uk,atp,2021,55,European Open,Antwerp,2021-10-23,atp_250,indoor,hard,SF,3,Sinner J.,Harris L.,16,32,2895,1640,2,0,6,2,6,2,,,,,,,completed,1.5,2.62,1.56,2.6,1.56,2.85,1.52,2.53,2021_55_antwerp_european_open,2021_55_antwerp_european_open_2021-10-23_sinner_j_harris_l
tennis_data_uk,atp,2021,55,European Open,Antwerp,2021-10-23,atp_250,indoor,hard,SF,3,Schwartzman D.,Brooksby J.,13,70,2970,947,2,0,6,4,6,0,,,,,,,completed,2.2,1.66,2.27,1.71,2.35,1.74,2.19,1.68,2021_55_antwerp_european_open,2021_55_antwerp_european_open_2021-10-23_schwartzman_d_brooksby_j
tennis_data_uk,atp,2021,55,European Open,Antwerp,2021-10-24,atp_250,indoor,hard,F,3,Sinner J.,Schwartzman D.,16,13,2895,2970,2,0,6,2,6,2,,,,,,,completed,1.44,2.75,1.49,2.84,1.52,2.95,1.44,2.78,2021_55_antwerp_european_open,2021_55_antwerp_european_open_2021-10-24_sinner_j_schwartzman_d
tennis_data_uk,atp,2021,56,Kremlin Cup,Moscow,2021-10-18,atp_250,indoor,hard,R32,3,Millman J.,Bonzi B.,62,63,1023,1022,2,1,6,7,6,4,6,3,,,,,completed,2.0,1.8,2.09,1.81,2.15,1.96,2.02,1.79,2021_56_moscow_kremlin_cup,2021_56_moscow_kremlin_cup_2021-10-18_millman_j_bonzi_b
tennis_data_uk,atp,2021,56,Kremlin Cup,Moscow,2021-10-18,atp_250,indoor,hard,R32,3,Cilic M.,Dzumhur D.,41,137,1365,511,2,1,6,7,6,1,6,1,,,,,completed,1.44,2.75,1.53,2.66,1.53,3.0,1.48,2.66,2021_56_moscow_kremlin_cup,2021_56_moscow_kremlin_cup_2021-10-18_cilic_m_dzumhur_d
tennis_data_uk,atp,2021,56,Kremlin Cup,Moscow,2021-10-18,atp_250,indoor,hard,R32,3,Duckworth J.,Gojo B.,52,245,1139,253,2,1,3,6,7,5,6,2,,,,,completed,1.36,3.2,1.41,3.11,1.41,3.42,1.37,3.07,2021_56_moscow_kremlin_cup,2021_56_moscow_kremlin_cup_2021-10-18_duckworth_j_gojo_b
tennis_data_uk,atp,2021,56,Kremlin Cup,Moscow,2021-10-19,atp_250,indoor,hard,R32,3,Mannarino A.,Safiullin R.,51,160,1144,432,2,1,1,6,7,6,6,4,,,,,completed,1.9,1.9,2.05,1.85,2.06,1.95,1.95,1.85,2021_56_moscow_kremlin_cup,2021_56_moscow_kremlin_cup_2021-10-19_mannarino_a_safiullin_r
tennis_data_uk,atp,2021,56,Kremlin Cup,Moscow,2021-10-19,atp_250,indoor,hard,R32,3,Paul T.,Ymer M.,54,101,1128,757,2,0,7,6,7,5,,,,,,,completed,1.57,2.37,1.67,2.33,1.67,2.55,1.61,2.3,2021_56_moscow_kremlin_cup,2021_56_moscow_kremlin_cup_2021-10-19_paul_t_ymer_m
tennis_data_uk,atp,2021,56,Kremlin Cup,Moscow,2021-10-19,atp_250,indoor,hard,R32,3,Martinez P.,Pella G.,60,82,1031,866,1,0,6,2,,,,,,,,,retired,1.66,2.2,1.78,2.14,1.86,2.31,1.69,2.15,2021_56_moscow_kremlin_cup,2021_56_moscow_kremlin_cup_2021-10-19_martinez_p_pella_g
tennis_data_uk,atp,2021,56,Kremlin Cup,Moscow,2021-10-19,atp_250,indoor,hard,R32,3,Marchenko I.,Bublik A.,164,35,429,1516,2,0,6,4,6,3,,,,,,,completed,2.75,1.44,2.68,1.52,3.16,1.52,2.74,1.44,2021_56_moscow_kremlin_cup,2021_56_moscow_kremlin_cup_2021-10-19_marchenko_i_bublik_a
tennis_data_uk,atp,2021,56,Kremlin Cup,Moscow,2021-10-19,atp_250,indoor,hard,R32,3,Gerasimov E.,Kecmanovic M.,109,71,724,936,2,1,6,3,1,6,6,4,,,,,completed,2.0,1.8,2.1,1.81,2.1,1.88,2.0,1.8,2021_56_moscow_kremlin_cup,2021_56_moscow_kremlin_cup_2021-10-19_gerasimov_e_kecmanovic_m
tennis_data_uk,atp,2021,56,Kremlin Cup,Moscow,2021-10-19,atp_250,indoor,hard,R32,3,Simon G.,Djere L.,117,53,669,1137,2,1,6,7,7,5,6,3,,,,,completed,2.62,1.5,2.56,1.57,2.82,1.58,2.53,1.52,2021_56_moscow_kremlin_cup,2021_56_moscow_kremlin_cup_2021-10-19_simon_g_djere_l
tennis_data_uk,atp,2021,56,Kremlin Cup,Moscow,2021-10-19,atp_250,indoor,hard,R32,3,Berankis R.,Donskoy E.,107,149,733,456,2,0,6,1,6,3,,,,,,,completed,,,1.54,2.6,1.67,2.6,1.59,2.39,2021_56_moscow_kremlin_cup,2021_56_moscow_kremlin_cup_2021-10-19_berankis_r_donskoy_e
tennis_data_uk,atp,2021,56,Kremlin Cup,Moscow,2021-10-20,atp_250,indoor,hard,R32,3,Coria F.,Kachmazov A.,68,638,950,41,2,1,6,2,5,7,6,2,,,,,completed,1.53,2.5,1.56,2.59,1.59,2.81,1.52,2.51,2021_56_moscow_kremlin_cup,2021_56_moscow_kremlin_cup_2021-10-20_coria_f_kachmazov_a
tennis_data_uk,atp,2021,56,Kremlin Cup,Moscow,2021-10-20,atp_250,indoor,hard,R32,3,Mcdonald M.,Nishioka Y.,55,78,1117,885,2,0,6,3,6,4,,,,,,,completed,1.5,2.62,1.56,2.59,1.57,2.77,1.51,2.56,2021_56_moscow_kremlin_cup,2021_56_moscow_kremlin_cup_2021-10-20_mcdonald_m_nishioka_y
tennis_data_uk,atp,2021,56,Kremlin Cup,Moscow,2021-10-20,atp_250,indoor,hard,R16,3,Millman J.,Marchenko I.,62,164,1023,429,2,1,6,1,5,7,6,4,,,,,completed,1.66,2.2,1.6,2.49,1.72,2.5,1.64,2.25,2021_56_moscow_kremlin_cup,2021_56_moscow_kremlin_cup_2021-10-20_millman_j_marchenko_i
tennis_data_uk,atp,2021,56,Kremlin Cup,Moscow,2021-10-20,atp_250,indoor,hard,R16,3,Cilic M.,Paul T.,41,54,1365,1128,2,0,7,5,6,3,,,,,,,completed,1.9,1.9,1.93,1.97,2.05,2.06,1.91,1.89,2021_56_moscow_kremlin_cup,2021_56_moscow_kremlin_cup_2021-10-20_cilic_m_paul_t
tennis_data_uk,atp,2021,56,Kremlin Cup,Moscow,2021-10-20,atp_250,indoor,hard,R16,3,Khachanov K.,Duckworth J.,31,52,1718,1139,2,1,3,6,6,3,6,1,,,,,completed,1.25,4.0,1.25,4.47,1.25,4.75,1.22,4.17,2021_56_moscow_kremlin_cup,2021_56_moscow_kremlin_cup_2021-10-20_khachanov_k_duckworth_j
tennis_data_uk,atp,2021,56,Kremlin Cup,Moscow,2021-10-21,atp_250,indoor,hard,R16,3,Martinez P.,Krajinovic F.,60,37,1031,1472,2,0,6,3,6,4,,,,,,,completed,3.0,1.4,3.31,1.38,3.31,1.48,2.92,1.4,2021_56_moscow_kremlin_cup,2021_56_moscow_kremlin_cup_2021-10-21_martinez_p_krajinovic_f
tennis_data_uk,atp,2021,56,Kremlin Cup,Moscow,2021-10-21,atp_250,indoor,hard,R16,3,Berankis R.,Coria F.,107,68,733,950,2,0,6,2,6,1,,,,,,,completed,1.22,4.33,1.23,4.8,1.25,4.9,1.2,4.43,2021_56_moscow_kremlin_cup,2021_56_moscow_kremlin_cup_2021-10-21_berankis_r_coria_f
tennis_data_uk,atp,2021,56,Kremlin Cup,Moscow,2021-10-21,atp_250,indoor,hard,R16,3,Mannarino A.,Rublev A.,51,6,1144,5560,2,1,5,7,7,6,6,3,,,,,completed,8.0,1.08,9.49,1.09,11.0,1.09,8.35,1.07,2021_56_moscow_kremlin_cup,2021_56_moscow_kremlin_cup_2021-10-21_mannarino_a_rublev_a
tennis_data_uk,atp,2021,56,Kremlin Cup,Moscow,2021-10-21,atp_250,indoor,hard,R16,3,Karatsev A.,Gerasimov E.,22,109,2154,724,2,0,6,4,6,3,,,,,,,completed,1.4,3.0,1.37,3.4,1.42,3.4,1.36,3.1,2021_56_moscow_kremlin_cup,2021_56_moscow_kremlin_cup_2021-10-21_karatsev_a_gerasimov_e
tennis_data_uk,atp,2021,56,Kremlin Cup,Moscow,2021-10-21,atp_250,indoor,hard,R16,3,Simon G.,Mcdonald M.,117,55,669,1117,2,0,6,3,6,2,,,,,,,completed,4.0,1.25,4.0,1.29,4.85,1.29,3.89,1.25,2021_56_moscow_kremlin_cup,2021_56_moscow_kremlin_cup_2021-10-21_simon_g_mcdonald_m
tennis_data_uk,atp,2021,56,Kremlin Cup,Moscow,2021-10-22,atp_250,indoor,hard,QF,3,Berankis R.,Mannarino A.,107,51,733,1144,2,0,6,2,7,6,,,,,,,completed,2.2,1.66,2.1,1.82,2.33,1.82,2.18,1.69,2021_56_moscow_kremlin_cup,2021_56_moscow_kremlin_cup_2021-10-22_berankis_r_mannarino_a
tennis_data_uk,atp,2021,56,Kremlin Cup,Moscow,2021-10-22,atp_250,indoor,hard,QF,3,Cilic M.,Martinez P.,41,60,1365,1031,2,0,6,1,6,2,,,,,,,completed,1.5,2.62,1.51,2.78,1.54,2.81,1.49,2.63,2021_56_moscow_kremlin_cup,2021_56_moscow_kremlin_cup_2021-10-22_cilic_m_martinez_p
tennis_data_uk,atp,2021,56,Kremlin Cup,Moscow,2021-10-22,atp_250,indoor,hard,QF,3,Khachanov K.,Millman J.,31,62,1718,1023,2,0,7,5,7,6,,,,,,,completed,1.3,3.5,1.25,4.45,1.37,4.6,1.27,3.79,2021_56_moscow_kremlin_cup,2021_56_moscow_kremlin_cup_2021-10-22_khachanov_k_millman_j
tennis_data_uk,atp,2021,56,Kremlin Cup,Moscow,2021-10-22,atp_250,indoor,hard,QF,3,Karatsev A.,Simon G.,22,117,2154,669,2,0,6,4,6,3,,,,,,,completed,1.22,4.33,1.23,4.71,1.27,5.15,1.21,4.31,2021_56_moscow_kremlin_cup,2021_56_moscow_kremlin_cup_2021-10-22_karatsev_a_simon_g
tennis_data_uk,atp,2021,56,Kremlin Cup,Moscow,2021-10-23,atp_250,indoor,hard,SF,3,Cilic M.,Berankis R.,41,107,1365,733,2,0,6,3,6,4,,,,,,,completed,1.44,2.75,1.5,2.81,1.5,3.02,1.44,2.78,2021_56_moscow_kremlin_cup,2021_56_moscow_kremlin_cup_2021-10-23_cilic_m_berankis_r
tennis_data_uk,atp,2021,56,Kremlin Cup,Moscow,2021-10-23,atp_250,indoor,hard,SF,3,Karatsev A.,Khachanov K.,22,31,2154,1718,2,0,7,6,6,1,,,,,,,completed,2.0,1.8,2.1,1.83,2.15,1.86,2.01,1.8,2021_56_moscow_kremlin_cup,2021_56_moscow_kremlin_cup_2021-10-23_karatsev_a_khachanov_k
tennis_data_uk,atp,2021,56,Kremlin Cup,Moscow,2021-10-24,atp_250,indoor,hard,F,3,Karatsev A.,Cilic M.,22,41,2154,1365,2,0,6,2,6,4,,,,,,,completed,1.66,2.2,1.75,2.2,1.75,2.25,1.71,2.17,2021_56_moscow_kremlin_cup,2021_56_moscow_kremlin_cup_2021-10-24_karatsev_a_cilic_m
tennis_data_uk,atp,2021,57,St. Petersburg Open,St. Petersburg,2021-10-25,atp_250,indoor,hard,R32,3,Struff J.L.,Duckworth J.,53,51,1134,1144,2,0,7,6,6,3,,,,,,,completed,2.0,1.8,2.0,1.89,2.21,1.9,1.99,1.81,2021_57_st_petersburg_st_petersburg_open,2021_57_st_petersburg_st_petersburg_open_2021-10-25_struff_j_l_duckworth_j
tennis_data_uk,atp,2021,57,St. Petersburg Open,St. Petersburg,2021-10-25,atp_250,indoor,hard,R32,3,Korda S.,Serdarusic N.,38,248,1464,244,2,0,7,6,7,5,,,,,,,completed,1.14,5.5,1.13,6.97,1.16,6.97,1.13,5.88,2021_57_st_petersburg_st_petersburg_open,2021_57_st_petersburg_st_petersburg_open_2021-10-25_korda_s_serdarusic_n
tennis_data_uk,atp,2021,57,St. Petersburg Open,St. Petersburg,2021-10-25,atp_250,indoor,hard,R32,3,Bublik A.,Tiurnev E.,34,304,1516,167,2,0,6,3,6,4,,,,,,,completed,1.16,5.0,1.2,5.05,1.26,5.36,1.19,4.53,2021_57_st_petersburg_st_petersburg_open,2021_57_st_petersburg_st_petersburg_open_2021-10-25_bublik_a_tiurnev_e
tennis_data_uk,atp,2021,57,St. Petersburg Open,St. Petersburg,2021-10-26,atp_250,indoor,hard,R32,3,Paul T.,Martinez P.,54,58,1128,1061,2,0,6,3,6,2,,,,,,,completed,1.5,2.62,1.56,2.57,1.57,2.78,1.51,2.54,2021_57_st_petersburg_st_petersburg_open,2021_57_st_petersburg_st_petersburg_open_2021-10-26_paul_t_martinez_p
tennis_data_uk,atp,2021,57,St. Petersburg Open,St. Petersburg,2021-10-26,atp_250,indoor,hard,R32,3,Ivashka I.,Djere L.,46,52,1253,1137,2,0,6,3,6,2,,,,,,,completed,1.25,4.0,1.34,3.52,1.39,4.5,1.32,3.39,2021_57_st_petersburg_st_petersburg_open,2021_57_st_petersburg_st_petersburg_open_2021-10-26_ivashka_i_djere_l
tennis_data_uk,atp,2021,57,St. Petersburg Open,St. Petersburg,2021-10-26,atp_250,indoor,hard,R32,3,Andujar P.,Delbonis F.,92,41,793,1370,2,0,6,2,7,6,,,,,,,completed,2.1,1.72,2.14,1.78,2.25,1.86,2.08,1.74,2021_57_st_petersburg_st_petersburg_open,2021_57_st_petersburg_st_petersburg_open_2021-10-26_andujar_p_delbonis_f
tennis_data_uk,atp,2021,57,St. Petersburg Open,St. Petersburg,2021-10-26,atp_250,indoor,hard,R32,3,Van De Zandschulp B.,Nishioka Y.,69,82,931,850,2,0,6,2,6,2,,,,,,,completed,1.57,2.37,1.63,2.42,1.63,2.63,1.58,2.36,2021_57_st_petersburg_st_petersburg_open,2021_57_st_petersburg_st_petersburg_open_2021-10-26_van_de_zandschulp_b_nishioka_y
tennis_data_uk,atp,2021,57,St. Petersburg Open,St. Petersburg,2021-10-26,atp_250,indoor,hard,R32,3,Millman J.,Oliel Y.,57,373,1105,117,2,0,6,1,6,1,,,,,,,completed,1.12,6.0,1.15,6.28,1.15,7.5,1.1,6.6,2021_57_st_petersburg_st_petersburg_open,2021_57_st_petersburg_st_petersburg_open_2021-10-26_millman_j_oliel_y
tennis_data_uk,atp,2021,57,St. Petersburg Open,St. Petersburg,2021-10-26,atp_250,indoor,hard,R32,3,Mcdonald M.,Gerasimov E.,56,105,1114,744,2,0,7,5,6,4,,,,,,,completed,1.57,2.37,1.7,2.26,1.74,2.38,1.66,2.21,2021_57_st_petersburg_st_petersburg_open,2021_57_st_petersburg_st_petersburg_open_2021-10-26_mcdonald_m_gerasimov_e
tennis_data_uk,atp,2021,57,St. Petersburg Open,St. Petersburg,2021-10-26,atp_250,indoor,hard,R32,3,Fritz T.,Ruusuvuori E.,28,72,1785,928,2,0,6,1,6,4,,,,,,,completed,1.8,2.0,1.78,2.15,1.85,2.2,1.78,2.02,2021_57_st_petersburg_st_petersburg_open,2021_57_st_petersburg_st_petersburg_open_2021-10-26_fritz_t_ruusuvuori_e
tennis_data_uk,atp,2021,57,St. Petersburg Open,St. Petersburg,2021-10-27,atp_250,indoor,hard,R32,3,Cilic M.,Ramos-Vinolas A.,35,43,1515,1294,2,0,6,2,6,3,,,,,,,completed,1.3,3.5,1.32,3.7,1.35,3.92,1.29,3.53,2021_57_st_petersburg_st_petersburg_open,2021_57_st_petersburg_st_petersburg_open_2021-10-27_cilic_m_ramos_vinolas_a
tennis_data_uk,atp,2021,57,St. Petersburg Open,St. Petersburg,2021-10-27,atp_250,indoor,hard,R32,3,Khachanov K.,Mannarino A.,30,50,1696,1144,2,0,6,3,6,3,,,,,,,completed,1.28,3.75,1.3,3.82,1.34,3.82,1.29,3.57,2021_57_st_petersburg_st_petersburg_open,2021_57_st_petersburg_st_petersburg_open_2021-10-27_khachanov_k_mannarino_a
tennis_data_uk,atp,2021,57,St. Petersburg Open,St. Petersburg,2021-10-27,atp_250,indoor,hard,R16,3,Shapovalov D.,Andujar P.,13,92,2903,793,2,1,2,6,6,3,6,0,,,,,completed,1.08,8.0,1.13,7.24,1.13,8.05,1.1,6.87,2021_57_st_petersburg_st_petersburg_open,2021_57_st_petersburg_st_petersburg_open_2021-10-27_shapovalov_d_andujar_p
tennis_data_uk,atp,2021,57,St. Petersburg Open,St. Petersburg,2021-10-27,atp_250,indoor,hard,R16,3,Rublev A.,Ivashka I.,6,46,5560,1253,2,0,6,4,6,4,,,,,,,completed,1.33,3.4,1.42,3.11,1.42,3.4,1.36,3.13,2021_57_st_petersburg_st_petersburg_open,2021_57_st_petersburg_st_petersburg_open_2021-10-27_rublev_a_ivashka_i
tennis_data_uk,atp,2021,57,St. Petersburg Open,St. Petersburg,2021-10-27,atp_250,indoor,hard,R16,3,Struff J.L.,Bublik A.,53,34,1134,1516,2,0,6,4,6,3,,,,,,,completed,1.8,2.0,2.08,1.84,2.08,2.1,1.89,1.93,2021_57_st_petersburg_st_petersburg_open,2021_57_st_petersburg_st_petersburg_open_2021-10-27_struff_j_l_bublik_a
tennis_data_uk,atp,2021,57,St. Petersburg Open,St. Petersburg,2021-10-28,atp_250,indoor,hard,R16,3,Van De Zandschulp B.,Korda S.,69,38,931,1464,2,0,6,2,7,5,,,,,,,completed,2.0,1.8,2.2,1.76,2.2,2.38,2.02,1.8,2021_57_st_petersburg_st_petersburg_open,2021_57_st_petersburg_st_petersburg_open_2021-10-28_van_de_zandschulp_b_korda_s
tennis_data_uk,atp,2021,57,St. Petersburg Open,St. Petersburg,2021-10-28,atp_250,indoor,hard,R16,3,Millman J.,Karatsev A.,57,19,1105,2392,2,0,6,3,6,2,,,,,,,completed,4.0,1.25,4.26,1.27,4.4,1.3,3.95,1.24,2021_57_st_petersburg_st_petersburg_open,2021_57_st_petersburg_st_petersburg_open_2021-10-28_millman_j_karatsev_a
tennis_data_uk,atp,2021,57,St. Petersburg Open,St. Petersburg,2021-10-28,atp_250,indoor,hard,R16,3,Fritz T.,Paul T.,28,54,1785,1128,2,0,7,6,6,4,,,,,,,completed,1.53,2.5,1.54,2.66,1.57,2.84,1.52,2.51,2021_57_st_petersburg_st_petersburg_open,2021_57_st_petersburg_st_petersburg_open_2021-10-28_fritz_t_paul_t
tennis_data_uk,atp,2021,57,St. Petersburg Open,St. Petersburg,2021-10-28,atp_250,indoor,hard,R16,3,Cilic M.,Khachanov K.,35,30,1515,1696,2,1,6,4,6,7,6,4,,,,,completed,2.37,1.57,2.51,1.6,2.6,1.6,2.46,1.54,2021_57_st_petersburg_st_petersburg_open,2021_57_st_petersburg_st_petersburg_open_2021-10-28_cilic_m_khachanov_k
tennis_data_uk,atp,2021,57,St. Petersburg Open,St. Petersburg,2021-10-28,atp_250,indoor,hard,R16,3,Bautista Agut R.,Mcdonald M.,20,56,2225,1114,2,0,6,3,6,2,,,,,,,completed,1.57,2.37,1.58,2.54,1.62,2.78,1.55,2.44,2021_57_st_petersburg_st_petersburg_open,2021_57_st_petersburg_st_petersburg_open_2021-10-28_bautista_agut_r_mcdonald_m
tennis_data_uk,atp,2021,57,St. Petersburg Open,St. Petersburg,2021-10-29,atp_250,indoor,hard,QF,3,Fritz T.,Millman J.,28,57,1785,1105,2,0,6,4,6,2,,,,,,,completed,1.36,3.2,1.39,3.28,1.4,3.45,1.36,3.14,2021_57_st_petersburg_st_petersburg_open,2021_57_st_petersburg_st_petersburg_open_2021-10-29_fritz_t_millman_j
tennis_data_uk,atp,2021,57,St. Petersburg Open,St. Petersburg,2021-10-29,atp_250,indoor,hard,QF,3,Struff J.L.,Shapovalov D.,53,13,1134,2903,2,0,6,4,6,3,,,,,,,completed,2.62,1.5,2.85,1.48,2.85,2.0,2.58,1.52,2021_57_st_petersburg_st_petersburg_open,2021_57_st_petersburg_st_petersburg_open_2021-10-29_struff_j_l_shapovalov_d
tennis_data_uk,atp,2021,57,St. Petersburg Open,St. Petersburg,2021-10-29,atp_250,indoor,hard,QF,3,Cilic M.,Bautista Agut R.,35,20,1515,2225,2,1,6,4,3,6,6,3,,,,,completed,2.0,1.8,2.02,1.88,2.18,2.0,1.96,1.83,2021_57_st_petersburg_st_petersburg_open,2021_57_st_petersburg_st_petersburg_open_2021-10-29_cilic_m_bautista_agut_r
tennis_data_uk,atp,2021,57,St. Petersburg Open,St. Petersburg,2021-10-29,atp_250,indoor,hard,QF,3,Van De Zandschulp B.,Rublev A.,69,6,931,5560,2,0,6,3,6,4,,,,,,,completed,4.0,1.25,4.34,1.26,4.45,1.28,4.03,1.24,2021_57_st_petersburg_st_petersburg_open,2021_57_st_petersburg_st_petersburg_open_2021-10-29_van_de_zandschulp_b_rublev_a
tennis_data_uk,atp,2021,57,St. Petersburg Open,St. Petersburg,2021-10-30,atp_250,indoor,hard,SF,3,Fritz T.,Struff J.L.,28,53,1785,1134,2,1,5,7,6,1,6,3,,,,,completed,1.44,2.75,1.5,2.8,1.5,3.1,1.43,2.81,2021_57_st_petersburg_st_petersburg_open,2021_57_st_petersburg_st_petersburg_open_2021-10-30_fritz_t_struff_j_l
tennis_data_uk,atp,2021,57,St. Petersburg Open,St. Petersburg,2021-10-30,atp_250,indoor,hard,SF,3,Cilic M.,Van De Zandschulp B.,35,69,1515,931,2,0,6,3,6,3,,,,,,,completed,1.9,1.9,1.95,1.95,1.97,1.97,1.9,1.89,2021_57_st_petersburg_st_petersburg_open,2021_57_st_petersburg_st_petersburg_open_2021-10-30_cilic_m_van_de_zandschulp_b
tennis_data_uk,atp,2021,57,St. Petersburg Open,St. Petersburg,2021-10-31,atp_250,indoor,hard,F,3,Cilic M.,Fritz T.,35,28,1515,1785,2,1,7,6,4,6,6,4,,,,,completed,2.0,1.8,2.08,1.84,2.15,1.84,2.02,1.79,2021_57_st_petersburg_st_petersburg_open,2021_57_st_petersburg_st_petersburg_open_2021-10-31_cilic_m_fritz_t
tennis_data_uk,atp,2021,58,Vienna Open,Vienna,2021-10-25,atp_500,indoor,hard,R32,3,Basilashvili N.,Carreno Busta P.,25,18,2066,2400,2,1,7,5,4,6,6,3,,,,,completed,2.5,1.53,2.39,1.64,2.6,1.64,2.44,1.55,2021_58_vienna_vienna_open,2021_58_vienna_vienna_open_2021-10-25_basilashvili_n_carreno_busta_p
tennis_data_uk,atp,2021,58,Vienna Open,Vienna,2021-10-25,atp_500,indoor,hard,R32,3,Alcaraz C.,Evans D.,42,24,1355,2077,2,0,6,4,6,3,,,,,,,completed,1.66,2.2,1.8,2.11,1.8,2.38,1.68,2.18,2021_58_vienna_vienna_open,2021_58_vienna_vienna_open_2021-10-25_alcaraz_c_evans_d
tennis_data_uk,atp,2021,58,Vienna Open,Vienna,2021-10-25,atp_500,indoor,hard,R32,3,De Minaur A.,Anderson K.,32,61,1641,1034,2,0,6,3,7,6,,,,,,,completed,2.0,1.8,1.99,1.9,2.13,1.91,1.96,1.84,2021_58_vienna_vienna_open,2021_58_vienna_vienna_open_2021-10-25_de_minaur_a_anderson_k
tennis_data_uk,atp,2021,58,Vienna Open,Vienna,2021-10-25,atp_500,indoor,hard,R32,3,Murray A.,Hurkacz H.,156,10,431,3378,2,1,6,4,6,7,6,3,,,,,completed,2.5,1.53,2.53,1.58,2.81,1.63,2.49,1.53,2021_58_vienna_vienna_open,2021_58_vienna_vienna_open_2021-10-25_murray_a_hurkacz_h
tennis_data_uk,atp,2021,58,Vienna Open,Vienna,2021-10-25,atp_500,indoor,hard,R32,3,Berrettini M.,Popyrin A.,7,77,4688,898,2,0,7,6,6,3,,,,,,,completed,1.28,3.75,1.29,3.98,1.33,3.98,1.29,3.58,2021_58_vienna_vienna_open,2021_58_vienna_vienna_open_2021-10-25_berrettini_m_popyrin_a
tennis_data_uk,atp,2021,58,Vienna Open,Vienna,2021-10-26,atp_500,indoor,hard,R32,3,Auger-Aliassime F.,Berankis R.,12,99,3196,764,2,0,6,3,6,2,,,,,,,completed,1.3,3.5,1.37,3.33,1.37,4.05,1.31,3.46,2021_58_vienna_vienna_open,2021_58_vienna_vienna_open_2021-10-26_auger_aliassime_f_berankis_r
tennis_data_uk,atp,2021,58,Vienna Open,Vienna,2021-10-26,atp_500,indoor,hard,R32,3,Ruud C.,Harris L.,8,31,3615,1658,2,0,7,5,7,6,,,,,,,completed,1.72,2.1,1.78,2.15,1.8,2.24,1.73,2.1,2021_58_vienna_vienna_open,2021_58_vienna_vienna_open_2021-10-26_ruud_c_harris_l
tennis_data_uk,atp,2021,58,Vienna Open,Vienna,2021-10-26,atp_500,indoor,hard,R32,3,Norrie C.,Fucsovics M.,14,39,2895,1439,2,0,7,6,6,1,,,,,,,completed,1.5,2.62,1.51,2.74,1.53,2.82,1.48,2.64,2021_58_vienna_vienna_open,2021_58_vienna_vienna_open_2021-10-26_norrie_c_fucsovics_m
tennis_data_uk,atp,2021,58,Vienna Open,Vienna,2021-10-26,atp_500,indoor,hard,R32,3,Tsitsipas S.,Dimitrov G.,3,22,7930,2151,2,0,7,6,6,4,,,,,,,completed,1.4,3.0,1.51,2.74,1.51,3.04,1.42,2.84,2021_58_vienna_vienna_open,2021_58_vienna_vienna_open_2021-10-26_tsitsipas_s_dimitrov_g
tennis_data_uk,atp,2021,58,Vienna Open,Vienna,2021-10-26,atp_500,indoor,hard,R32,3,Tiafoe F.,Lajovic D.,49,33,1192,1556,2,0,6,4,6,4,,,,,,,completed,1.4,3.0,1.38,3.28,1.42,3.45,1.38,3.02,2021_58_vienna_vienna_open,2021_58_vienna_vienna_open_2021-10-26_tiafoe_f_lajovic_d
tennis_data_uk,atp,2021,58,Vienna Open,Vienna,2021-10-26,atp_500,indoor,hard,R32,3,Zverev A.,Krajinovic F.,4,40,6680,1402,2,0,6,2,7,5,,,,,,,completed,1.14,5.5,1.16,5.88,1.17,6.5,1.14,5.53,2021_58_vienna_vienna_open,2021_58_vienna_vienna_open_2021-10-26_zverev_a_krajinovic_f
tennis_data_uk,atp,2021,58,Vienna Open,Vienna,2021-10-26,atp_500,indoor,hard,R32,3,Novak D.,Mager G.,116,68,681,954,2,0,7,6,7,6,,,,,,,completed,1.61,2.3,1.71,2.25,1.88,2.3,1.68,2.17,2021_58_vienna_vienna_open,2021_58_vienna_vienna_open_2021-10-26_novak_d_mager_g
tennis_data_uk,atp,2021,58,Vienna Open,Vienna,2021-10-27,atp_500,indoor,hard,R32,3,Sonego L.,Koepfer D.,23,62,2125,1015,2,0,6,4,6,3,,,,,,,completed,1.44,2.75,1.43,3.0,1.5,3.16,1.41,2.89,2021_58_vienna_vienna_open,2021_58_vienna_vienna_open_2021-10-27_sonego_l_koepfer_d
tennis_data_uk,atp,2021,58,Vienna Open,Vienna,2021-10-27,atp_500,indoor,hard,R32,3,Sinner J.,Opelka R.,11,27,3260,1891,2,0,6,4,6,2,,,,,,,completed,1.28,3.75,1.25,4.38,1.32,4.5,1.25,3.95,2021_58_vienna_vienna_open,2021_58_vienna_vienna_open_2021-10-27_sinner_j_opelka_r
tennis_data_uk,atp,2021,58,Vienna Open,Vienna,2021-10-27,atp_500,indoor,hard,R32,3,Schwartzman D.,Fognini F.,16,36,2693,1494,2,0,6,2,7,5,,,,,,,completed,1.33,3.4,1.34,3.53,1.38,3.53,1.35,3.21,2021_58_vienna_vienna_open,2021_58_vienna_vienna_open_2021-10-27_schwartzman_d_fognini_f
tennis_data_uk,atp,2021,58,Vienna Open,Vienna,2021-10-27,atp_500,indoor,hard,R32,3,Monfils G.,Musetti L.,21,67,2213,958,2,0,7,6,6,4,,,,,,,completed,1.25,4.0,1.28,3.99,1.28,4.26,1.25,3.84,2021_58_vienna_vienna_open,2021_58_vienna_vienna_open_2021-10-27_monfils_g_musetti_l
tennis_data_uk,atp,2021,58,Vienna Open,Vienna,2021-10-27,atp_500,indoor,hard,R16,3,Alcaraz C.,Murray A.,42,156,1355,431,2,0,6,3,6,4,,,,,,,completed,2.3,1.61,2.51,1.6,2.51,1.71,2.29,1.62,2021_58_vienna_vienna_open,2021_58_vienna_vienna_open_2021-10-27_alcaraz_c_murray_a
tennis_data_uk,atp,2021,58,Vienna Open,Vienna,2021-10-27,atp_500,indoor,hard,R16,3,Berrettini M.,Basilashvili N.,7,25,4688,2066,2,1,6,7,6,2,6,3,,,,,completed,1.44,2.75,1.42,3.14,1.45,3.3,1.4,2.95,2021_58_vienna_vienna_open,2021_58_vienna_vienna_open_2021-10-27_berrettini_m_basilashvili_n
tennis_data_uk,atp,2021,58,Vienna Open,Vienna,2021-10-28,atp_500,indoor,hard,R16,3,Auger-Aliassime F.,Norrie C.,12,14,3196,2895,2,1,2,6,7,6,6,4,,,,,completed,2.2,1.66,2.05,1.86,2.21,1.86,2.1,1.72,2021_58_vienna_vienna_open,2021_58_vienna_vienna_open_2021-10-28_auger_aliassime_f_norrie_c
tennis_data_uk,atp,2021,58,Vienna Open,Vienna,2021-10-28,atp_500,indoor,hard,R16,3,Schwartzman D.,Monfils G.,16,21,2693,2213,2,1,7,6,4,6,6,2,,,,,completed,1.8,2.0,1.81,2.12,1.83,2.15,1.78,2.02,2021_58_vienna_vienna_open,2021_58_vienna_vienna_open_2021-10-28_schwartzman_d_monfils_g
tennis_data_uk,atp,2021,58,Vienna Open,Vienna,2021-10-28,atp_500,indoor,hard,R16,3,Ruud C.,Sonego L.,8,23,3615,2125,2,1,7,5,4,6,6,4,,,,,completed,1.36,3.2,1.36,3.44,1.43,3.44,1.36,3.13,2021_58_vienna_vienna_open,2021_58_vienna_vienna_open_2021-10-28_ruud_c_sonego_l
tennis_data_uk,atp,2021,58,Vienna Open,Vienna,2021-10-28,atp_500,indoor,hard,R16,3,Sinner J.,Novak D.,11,116,3260,681,2,0,6,4,6,2,,,,,,,completed,1.08,8.0,1.1,8.93,1.12,8.93,1.08,7.58,2021_58_vienna_vienna_open,2021_58_vienna_vienna_open_2021-10-28_sinner_j_novak_d
tennis_data_uk,atp,2021,58,Vienna Open,Vienna,2021-10-28,atp_500,indoor,hard,R16,3,Zverev A.,De Minaur A.,4,32,6680,1641,2,1,6,2,3,6,6,2,,,,,completed,1.16,5.0,1.2,5.19,1.2,5.75,1.17,4.92,2021_58_vienna_vienna_open,2021_58_vienna_vienna_open_2021-10-28_zverev_a_de_minaur_a
tennis_data_uk,atp,2021,58,Vienna Open,Vienna,2021-10-28,atp_500,indoor,hard,R16,3,Tiafoe F.,Tsitsipas S.,49,3,1192,7930,2,1,3,6,6,3,6,4,,,,,completed,4.0,1.25,4.51,1.25,4.8,1.29,4.03,1.24,2021_58_vienna_vienna_open,2021_58_vienna_vienna_open_2021-10-28_tiafoe_f_tsitsipas_s
tennis_data_uk,atp,2021,58,Vienna Open,Vienna,2021-10-29,atp_500,indoor,hard,QF,3,Alcaraz C.,Berrettini M.,42,7,1355,4688,2,1,6,1,6,7,7,6,,,,,completed,2.75,1.44,2.84,1.49,3.02,1.52,2.71,1.46,2021_58_vienna_vienna_open,2021_58_vienna_vienna_open_2021-10-29_alcaraz_c_berrettini_m
tennis_data_uk,atp,2021,58,Vienna Open,Vienna,2021-10-29,atp_500,indoor,hard,QF,3,Zverev A.,Auger-Aliassime F.,4,12,6680,3196,2,1,6,4,3,6,6,3,,,,,completed,1.25,4.0,1.27,4.26,1.31,4.55,1.24,4.07,2021_58_vienna_vienna_open,2021_58_vienna_vienna_open_2021-10-29_zverev_a_auger_aliassime_f
tennis_data_uk,atp,2021,58,Vienna Open,Vienna,2021-10-29,atp_500,indoor,hard,QF,3,Tiafoe F.,Schwartzman D.,49,16,1192,2693,2,0,6,4,7,6,,,,,,,completed,2.2,1.66,2.2,1.75,2.35,1.75,2.21,1.67,2021_58_vienna_vienna_open,2021_58_vienna_vienna_open_2021-10-29_tiafoe_f_schwartzman_d
tennis_data_uk,atp,2021,58,Vienna Open,Vienna,2021-10-29,atp_500,indoor,hard,QF,3,Sinner J.,Ruud C.,11,8,3260,3615,2,0,7,5,6,1,,,,,,,completed,1.4,3.0,1.38,3.31,1.45,3.35,1.39,3.0,2021_58_vienna_vienna_open,2021_58_vienna_vienna_open_2021-10-29_sinner_j_ruud_c
tennis_data_uk,atp,2021,58,Vienna Open,Vienna,2021-10-30,atp_500,indoor,hard,SF,3,Zverev A.,Alcaraz C.,4,42,6680,1355,2,0,6,3,6,3,,,,,,,completed,1.28,3.75,1.27,4.21,1.39,4.21,1.3,3.56,2021_58_vienna_vienna_open,2021_58_vienna_vienna_open_2021-10-30_zverev_a_alcaraz_c
tennis_data_uk,atp,2021,58,Vienna Open,Vienna,2021-10-30,atp_500,indoor,hard,SF,3,Tiafoe F.,Sinner J.,49,11,1192,3260,2,1,3,6,7,5,6,2,,,,,completed,4.0,1.25,4.18,1.27,4.33,1.3,3.86,1.26,2021_58_vienna_vienna_open,2021_58_vienna_vienna_open_2021-10-30_tiafoe_f_sinner_j
tennis_data_uk,atp,2021,58,Vienna Open,Vienna,2021-10-31,atp_500,indoor,hard,F,3,Zverev A.,Tiafoe F.,4,49,6680,1192,2,0,7,5,6,4,,,,,,,completed,1.2,4.5,1.21,5.12,1.24,5.5,1.19,4.74,2021_58_vienna_vienna_open,2021_58_vienna_vienna_open_2021-10-31_zverev_a_tiafoe_f
tennis_data_uk,atp,2021,59,BNP Paribas Masters,Paris,2021-11-01,masters_1000,indoor,hard,R64,3,Ivashka I.,Ramos-Vinolas A.,46,44,1253,1294,2,0,6,3,7,6,,,,,,,completed,1.25,4.0,1.29,3.99,1.31,4.36,1.25,3.94,2021_59_paris_bnp_paribas_masters,2021_59_paris_bnp_paribas_masters_2021-11-01_ivashka_i_ramos_vinolas_a
tennis_data_uk,atp,2021,59,BNP Paribas Masters,Paris,2021-11-01,masters_1000,indoor,hard,R64,3,Lajovic D.,Mcdonald M.,34,54,1566,1089,2,0,6,3,6,4,,,,,,,completed,2.75,1.44,2.78,1.51,3.02,1.55,2.74,1.45,2021_59_paris_bnp_paribas_masters,2021_59_paris_bnp_paribas_masters_2021-11-01_lajovic_d_mcdonald_m
tennis_data_uk,atp,2021,59,BNP Paribas Masters,Paris,2021-11-01,masters_1000,indoor,hard,R64,3,Fucsovics M.,Fognini F.,40,37,1439,1484,2,1,6,1,6,7,7,6,,,,,completed,1.57,2.37,1.64,2.41,1.66,2.45,1.61,2.3,2021_59_paris_bnp_paribas_masters,2021_59_paris_bnp_paribas_masters_2021-11-01_fucsovics_m_fognini_f
tennis_data_uk,atp,2021,59,BNP Paribas Masters,Paris,2021-11-01,masters_1000,indoor,hard,R64,3,Korda S.,Karatsev A.,39,16,1474,2392,2,1,6,2,6,7,7,6,,,,,completed,2.37,1.57,2.49,1.61,2.52,1.65,2.35,1.59,2021_59_paris_bnp_paribas_masters,2021_59_paris_bnp_paribas_masters_2021-11-01_korda_s_karatsev_a
tennis_data_uk,atp,2021,59,BNP Paribas Masters,Paris,2021-11-01,masters_1000,indoor,hard,R64,3,Norrie C.,Delbonis F.,13,43,2900,1370,2,0,6,2,6,1,,,,,,,completed,1.08,8.0,1.08,9.8,1.09,10.22,1.07,8.22,2021_59_paris_bnp_paribas_masters,2021_59_paris_bnp_paribas_masters_2021-11-01_norrie_c_delbonis_f
tennis_data_uk,atp,2021,59,BNP Paribas Masters,Paris,2021-11-01,masters_1000,indoor,hard,R64,3,Bublik A.,Evans D.,36,24,1516,1917,2,1,2,6,7,5,7,5,,,,,completed,2.2,1.66,2.41,1.64,2.41,1.74,2.22,1.67,2021_59_paris_bnp_paribas_masters,2021_59_paris_bnp_paribas_masters_2021-11-01_bublik_a_evans_d
tennis_data_uk,atp,2021,59,BNP Paribas Masters,Paris,2021-11-01,masters_1000,indoor,hard,R64,3,Mannarino A.,Basilashvili N.,59,21,1004,2101,2,0,6,2,6,4,,,,,,,completed,2.75,1.44,2.93,1.47,2.93,1.47,2.77,1.44,2021_59_paris_bnp_paribas_masters,2021_59_paris_bnp_paribas_masters_2021-11-01_mannarino_a_basilashvili_n
tennis_data_uk,atp,2021,59,BNP Paribas Masters,Paris,2021-11-01,masters_1000,indoor,hard,R64,3,Gaston H.,Rinderknech A.,103,62,722,1000,2,1,4,6,6,4,6,3,,,,,completed,2.3,1.61,2.41,1.64,2.43,1.67,2.31,1.61,2021_59_paris_bnp_paribas_masters,2021_59_paris_bnp_paribas_masters_2021-11-01_gaston_h_rinderknech_a
tennis_data_uk,atp,2021,59,BNP Paribas Masters,Paris,2021-11-01,masters_1000,indoor,hard,R64,3,Koepfer D.,Murray A.,58,144,1015,476,2,1,6,4,5,7,7,6,,,,,completed,4.0,1.25,3.96,1.29,4.5,1.3,3.95,1.25,2021_59_paris_bnp_paribas_masters,2021_59_paris_bnp_paribas_masters_2021-11-01_koepfer_d_murray_a
tennis_data_uk,atp,2021,59,BNP Paribas Masters,Paris,2021-11-01,masters_1000,indoor,hard,R64,3,Musetti L.,Djere L.,67,51,958,1137,2,1,4,6,7,6,6,4,,,,,completed,1.61,2.3,1.59,2.53,1.65,2.53,1.57,2.41,2021_59_paris_bnp_paribas_masters,2021_59_paris_bnp_paribas_masters_2021-11-01_musetti_l_djere_l
tennis_data_uk,atp,2021,59,BNP Paribas Masters,Paris,2021-11-01,masters_1000,indoor,hard,R64,3,Carreno Busta P.,Paire B.,17,47,2365,1245,2,0,6,3,6,4,,,,,,,completed,1.25,4.0,1.31,3.84,1.33,4.0,1.28,3.69,2021_59_paris_bnp_paribas_masters,2021_59_paris_bnp_paribas_masters_2021-11-01_carreno_busta_p_paire_b
tennis_data_uk,atp,2021,59,BNP Paribas Masters,Paris,2021-11-02,masters_1000,indoor,hard,R64,3,Auger-Aliassime F.,Mager G.,11,66,3263,959,2,1,4,6,6,4,6,1,,,,,completed,1.14,5.5,1.16,6.18,1.18,6.25,1.14,5.51,2021_59_paris_bnp_paribas_masters,2021_59_paris_bnp_paribas_masters_2021-11-02_auger_aliassime_f_mager_g
tennis_data_uk,atp,2021,59,BNP Paribas Masters,Paris,2021-11-02,masters_1000,indoor,hard,R64,3,Paul T.,Struff J.L.,53,50,1103,1156,2,0,6,3,6,4,,,,,,,completed,1.72,2.1,1.67,2.35,1.76,2.45,1.66,2.24,2021_59_paris_bnp_paribas_masters,2021_59_paris_bnp_paribas_masters_2021-11-02_paul_t_struff_j_l
tennis_data_uk,atp,2021,59,BNP Paribas Masters,Paris,2021-11-02,masters_1000,indoor,hard,R64,3,Duckworth J.,Bautista Agut R.,55,20,1076,2260,2,1,6,4,5,7,7,6,,,,,completed,3.5,1.3,3.72,1.32,3.84,1.36,3.47,1.31,2021_59_paris_bnp_paribas_masters,2021_59_paris_bnp_paribas_masters_2021-11-02_duckworth_j_bautista_agut_r
tennis_data_uk,atp,2021,59,BNP Paribas Masters,Paris,2021-11-02,masters_1000,indoor,hard,R64,3,Opelka R.,Krajinovic F.,25,42,1891,1402,2,0,6,3,7,6,,,,,,,completed,1.9,1.9,2.04,1.87,2.04,2.07,1.86,1.94,2021_59_paris_bnp_paribas_masters,2021_59_paris_bnp_paribas_masters_2021-11-02_opelka_r_krajinovic_f
tennis_data_uk,atp,2021,59,BNP Paribas Masters,Paris,2021-11-02,masters_1000,indoor,hard,R64,3,Alcaraz C.,Herbert P.H.,35,99,1529,748,2,1,6,7,7,6,7,5,,,,,completed,1.25,4.0,1.28,4.13,1.3,4.5,1.24,4.05,2021_59_paris_bnp_paribas_masters,2021_59_paris_bnp_paribas_masters_2021-11-02_alcaraz_c_herbert_p_h
tennis_data_uk,atp,2021,59,BNP Paribas Masters,Paris,2021-11-02,masters_1000,indoor,hard,R64,3,Khachanov K.,Ymer M.,31,97,1706,757,2,0,6,4,7,5,,,,,,,completed,1.28,3.75,1.41,3.17,1.41,3.84,1.32,3.4,2021_59_paris_bnp_paribas_masters,2021_59_paris_bnp_paribas_masters_2021-11-02_khachanov_k_ymer_m
tennis_data_uk,atp,2021,59,BNP Paribas Masters,Paris,2021-11-02,masters_1000,indoor,hard,R64,3,Fritz T.,Sonego L.,26,27,1890,1860,2,1,3,6,6,2,6,3,,,,,completed,1.61,2.3,1.76,2.19,1.76,2.31,1.67,2.2,2021_59_paris_bnp_paribas_masters,2021_59_paris_bnp_paribas_masters_2021-11-02_fritz_t_sonego_l
tennis_data_uk,atp,2021,59,BNP Paribas Masters,Paris,2021-11-02,masters_1000,indoor,hard,R64,3,Schwartzman D.,Millman J.,15,73,2760,900,2,1,7,6,5,7,6,2,,,,,completed,1.28,3.75,1.32,3.73,1.32,4.25,1.26,3.82,2021_59_paris_bnp_paribas_masters,2021_59_paris_bnp_paribas_masters_2021-11-02_schwartzman_d_millman_j
tennis_data_uk,atp,2021,59,BNP Paribas Masters,Paris,2021-11-02,masters_1000,indoor,hard,R64,3,Popyrin A.,De Minaur A.,71,32,912,1676,2,0,6,0,6,3,,,,,,,completed,,,2.64,1.54,2.8,1.54,2.65,1.48,2021_59_paris_bnp_paribas_masters,2021_59_paris_bnp_paribas_masters_2021-11-02_popyrin_a_de_minaur_a
tennis_data_uk,atp,2021,59,BNP Paribas Masters,Paris,2021-11-02,masters_1000,indoor,hard,R64,3,Dimitrov G.,Gasquet R.,30,74,1721,899,2,1,6,1,4,6,6,2,,,,,completed,1.28,3.75,1.27,4.25,1.29,4.92,1.24,4.06,2021_59_paris_bnp_paribas_masters,2021_59_paris_bnp_paribas_masters_2021-11-02_dimitrov_g_gasquet_r
tennis_data_uk,atp,2021,59,BNP Paribas Masters,Paris,2021-11-02,masters_1000,indoor,hard,R64,3,Monfils G.,Kecmanovic M.,22,69,2078,926,2,1,4,6,7,5,6,3,,,,,completed,1.33,3.4,1.31,3.86,1.34,4.03,1.31,3.47,2021_59_paris_bnp_paribas_masters,2021_59_paris_bnp_paribas_masters_2021-11-02_monfils_g_kecmanovic_m
tennis_data_uk,atp,2021,59,BNP Paribas Masters,Paris,2021-11-02,masters_1000,indoor,hard,R64,3,Cilic M.,Davidovich Fokina A.,28,45,1755,1255,2,0,6,3,6,4,,,,,,,completed,1.53,2.5,1.56,2.61,1.58,2.65,1.53,2.48,2021_59_paris_bnp_paribas_masters,2021_59_paris_bnp_paribas_masters_2021-11-02_cilic_m_davidovich_fokina_a
tennis_data_uk,atp,2021,59,BNP Paribas Masters,Paris,2021-11-02,masters_1000,indoor,hard,R64,3,Giron M.,Tiafoe F.,57,41,1034,1422,2,1,6,7,6,4,6,3,,,,,completed,2.62,1.5,2.84,1.49,2.9,1.58,2.58,1.51,2021_59_paris_bnp_paribas_masters,2021_59_paris_bnp_paribas_masters_2021-11-02_giron_m_tiafoe_f
tennis_data_uk,atp,2021,59,BNP Paribas Masters,Paris,2021-11-02,masters_1000,indoor,hard,R32,3,Djokovic N.,Fucsovics M.,1,40,10340,1439,2,1,6,2,4,6,6,3,,,,,completed,1.08,8.0,1.13,7.0,1.14,9.0,1.11,6.9,2021_59_paris_bnp_paribas_masters,2021_59_paris_bnp_paribas_masters_2021-11-02_djokovic_n_fucsovics_m
tennis_data_uk,atp,2021,59,BNP Paribas Masters,Paris,2021-11-02,masters_1000,indoor,hard,R32,3,Ruud C.,Bublik A.,8,36,3670,1516,2,0,6,4,6,0,,,,,,,completed,1.3,3.5,1.25,4.47,1.33,4.75,1.25,3.97,2021_59_paris_bnp_paribas_masters,2021_59_paris_bnp_paribas_masters_2021-11-02_ruud_c_bublik_a
tennis_data_uk,atp,2021,59,BNP Paribas Masters,Paris,2021-11-03,masters_1000,indoor,hard,R32,3,Duckworth J.,Musetti L.,55,67,1076,958,2,1,6,3,3,6,6,3,,,,,completed,,,1.67,2.36,1.68,2.49,1.61,2.3,2021_59_paris_bnp_paribas_masters,2021_59_paris_bnp_paribas_masters_2021-11-03_duckworth_j_musetti_l
tennis_data_uk,atp,2021,59,BNP Paribas Masters,Paris,2021-11-03,masters_1000,indoor,hard,R32,3,Koepfer D.,Auger-Aliassime F.,58,11,1015,3263,2,0,6,3,7,5,,,,,,,completed,,,5.74,1.18,6.0,1.21,5.03,1.17,2021_59_paris_bnp_paribas_masters,2021_59_paris_bnp_paribas_masters_2021-11-03_koepfer_d_auger_aliassime_f
tennis_data_uk,atp,2021,59,BNP Paribas Masters,Paris,2021-11-03,masters_1000,indoor,hard,R32,3,Gaston H.,Carreno Busta P.,103,17,722,2365,2,1,6,7,6,4,7,5,,,,,completed,4.0,1.25,4.83,1.22,4.9,1.23,4.45,1.2,2021_59_paris_bnp_paribas_masters,2021_59_paris_bnp_paribas_masters_2021-11-03_gaston_h_carreno_busta_p
tennis_data_uk,atp,2021,59,BNP Paribas Masters,Paris,2021-11-03,masters_1000,indoor,hard,R32,3,Fritz T.,Rublev A.,26,6,1890,5150,2,0,7,5,7,6,,,,,,,completed,,,2.92,1.47,3.0,1.56,2.65,1.48,2021_59_paris_bnp_paribas_masters,2021_59_paris_bnp_paribas_masters_2021-11-03_fritz_t_rublev_a
tennis_data_uk,atp,2021,59,BNP Paribas Masters,Paris,2021-11-03,masters_1000,indoor,hard,R32,3,Hurkacz H.,Paul T.,10,53,3366,1103,2,0,7,5,7,6,,,,,,,completed,,,1.44,3.04,1.44,3.2,1.39,2.95,2021_59_paris_bnp_paribas_masters,2021_59_paris_bnp_paribas_masters_2021-11-03_hurkacz_h_paul_t
tennis_data_uk,atp,2021,59,BNP Paribas Masters,Paris,2021-11-03,masters_1000,indoor,hard,R32,3,Dimitrov G.,Khachanov K.,30,31,1721,1706,2,1,4,6,6,2,6,0,,,,,completed,,,1.83,2.1,1.91,2.25,1.75,2.08,2021_59_paris_bnp_paribas_masters,2021_59_paris_bnp_paribas_masters_2021-11-03_dimitrov_g_khachanov_k
tennis_data_uk,atp,2021,59,BNP Paribas Masters,Paris,2021-11-03,masters_1000,indoor,hard,R32,3,Norrie C.,Opelka R.,13,25,2900,1891,2,0,6,3,6,4,,,,,,,completed,,,1.44,3.05,1.54,3.05,1.46,2.7,2021_59_paris_bnp_paribas_masters,2021_59_paris_bnp_paribas_masters_2021-11-03_norrie_c_opelka_r
tennis_data_uk,atp,2021,59,BNP Paribas Masters,Paris,2021-11-03,masters_1000,indoor,hard,R32,3,Alcaraz C.,Sinner J.,35,9,1529,3395,2,0,7,6,7,5,,,,,,,completed,,,3.17,1.41,3.46,1.45,3.06,1.37,2021_59_paris_bnp_paribas_masters,2021_59_paris_bnp_paribas_masters_2021-11-03_alcaraz_c_sinner_j
tennis_data_uk,atp,2021,59,BNP Paribas Masters,Paris,2021-11-03,masters_1000,indoor,hard,R32,3,Popyrin A.,Tsitsipas S.,71,3,912,7840,0,0,4,2,,,,,,,,,retired,,,6.12,1.16,6.25,1.2,5.45,1.15,2021_59_paris_bnp_paribas_masters,2021_59_paris_bnp_paribas_masters_2021-11-03_popyrin_a_tsitsipas_s
tennis_data_uk,atp,2021,59,BNP Paribas Masters,Paris,2021-11-03,masters_1000,indoor,hard,R32,3,Monfils G.,Mannarino A.,22,59,2078,1004,2,1,2,6,7,6,6,2,,,,,completed,,,1.3,3.93,1.32,3.93,1.29,3.54,2021_59_paris_bnp_paribas_masters,2021_59_paris_bnp_paribas_masters_2021-11-03_monfils_g_mannarino_a
tennis_data_uk,atp,2021,59,BNP Paribas Masters,Paris,2021-11-03,masters_1000,indoor,hard,R32,3,Giron M.,Schwartzman D.,57,15,1034,2760,2,0,7,6,7,6,,,,,,,completed,,,3.32,1.38,3.35,1.4,3.1,1.36,2021_59_paris_bnp_paribas_masters,2021_59_paris_bnp_paribas_masters_2021-11-03_giron_m_schwartzman_d
tennis_data_uk,atp,2021,59,BNP Paribas Masters,Paris,2021-11-03,masters_1000,indoor,hard,R32,3,Zverev A.,Lajovic D.,4,34,7180,1566,2,0,6,3,7,6,,,,,,,completed,1.08,8.0,1.06,12.13,1.07,13.0,1.05,10.1,2021_59_paris_bnp_paribas_masters,2021_59_paris_bnp_paribas_masters_2021-11-03_zverev_a_lajovic_d
tennis_data_uk,atp,2021,59,BNP Paribas Masters,Paris,2021-11-03,masters_1000,indoor,hard,R32,3,Korda S.,Cilic M.,39,28,1474,1755,2,0,6,2,6,4,,,,,,,completed,,,2.05,1.86,2.08,1.94,1.92,1.86,2021_59_paris_bnp_paribas_masters,2021_59_paris_bnp_paribas_masters_2021-11-03_korda_s_cilic_m
tennis_data_uk,atp,2021,59,BNP Paribas Masters,Paris,2021-11-03,masters_1000,indoor,hard,R32,3,Medvedev D.,Ivashka I.,2,46,9540,1253,2,0,7,5,6,4,,,,,,,completed,1.12,6.0,1.23,4.72,1.23,6.1,1.17,4.97,2021_59_paris_bnp_paribas_masters,2021_59_paris_bnp_paribas_masters_2021-11-03_medvedev_d_ivashka_i
tennis_data_uk,atp,2021,59,BNP Paribas Masters,Paris,2021-11-04,masters_1000,indoor,hard,R16,3,Hurkacz H.,Koepfer D.,10,58,3366,1015,2,1,4,6,7,5,6,2,,,,,completed,1.22,4.33,1.26,4.36,1.26,5.25,1.21,4.3,2021_59_paris_bnp_paribas_masters,2021_59_paris_bnp_paribas_masters_2021-11-04_hurkacz_h_koepfer_d
tennis_data_uk,atp,2021,59,BNP Paribas Masters,Paris,2021-11-04,masters_1000,indoor,hard,R16,3,Duckworth J.,Popyrin A.,55,71,1076,912,2,0,7,6,6,4,,,,,,,completed,2.37,1.57,2.52,1.6,2.52,1.65,2.4,1.57,2021_59_paris_bnp_paribas_masters,2021_59_paris_bnp_paribas_masters_2021-11-04_duckworth_j_popyrin_a
tennis_data_uk,atp,2021,59,BNP Paribas Masters,Paris,2021-11-04,masters_1000,indoor,hard,R16,3,Fritz T.,Norrie C.,26,13,1890,2900,2,0,6,3,7,6,,,,,,,completed,2.5,1.53,2.48,1.61,2.58,1.64,2.42,1.56,2021_59_paris_bnp_paribas_masters,2021_59_paris_bnp_paribas_masters_2021-11-04_fritz_t_norrie_c
tennis_data_uk,atp,2021,59,BNP Paribas Masters,Paris,2021-11-04,masters_1000,indoor,hard,R16,3,Djokovic N.,Monfils G.,1,22,10340,2078,,,,,,,,,,,,,walkover,1.14,5.5,1.15,6.42,1.17,6.5,1.13,5.76,2021_59_paris_bnp_paribas_masters,2021_59_paris_bnp_paribas_masters_2021-11-04_djokovic_n_monfils_g
tennis_data_uk,atp,2021,59,BNP Paribas Masters,Paris,2021-11-04,masters_1000,indoor,hard,R16,3,Zverev A.,Dimitrov G.,4,30,7180,1721,2,1,7,6,6,7,6,3,,,,,completed,1.33,3.4,1.38,3.35,1.39,4.04,1.33,3.27,2021_59_paris_bnp_paribas_masters,2021_59_paris_bnp_paribas_masters_2021-11-04_zverev_a_dimitrov_g
tennis_data_uk,atp,2021,59,BNP Paribas Masters,Paris,2021-11-04,masters_1000,indoor,hard,R16,3,Ruud C.,Giron M.,8,57,3670,1034,2,0,6,2,6,1,,,,,,,completed,1.33,3.4,1.33,3.64,1.35,3.64,1.32,3.37,2021_59_paris_bnp_paribas_masters,2021_59_paris_bnp_paribas_masters_2021-11-04_ruud_c_giron_m
tennis_data_uk,atp,2021,59,BNP Paribas Masters,Paris,2021-11-04,masters_1000,indoor,hard,R16,3,Medvedev D.,Korda S.,2,39,9540,1474,2,1,4,6,6,1,6,3,,,,,completed,1.16,5.0,1.21,5.12,1.22,5.25,1.18,4.79,2021_59_paris_bnp_paribas_masters,2021_59_paris_bnp_paribas_masters_2021-11-04_medvedev_d_korda_s
tennis_data_uk,atp,2021,59,BNP Paribas Masters,Paris,2021-11-04,masters_1000,indoor,hard,R16,3,Gaston H.,Alcaraz C.,103,35,722,1529,2,0,6,4,7,5,,,,,,,completed,5.0,1.16,5.36,1.19,6.0,1.19,5.31,1.15,2021_59_paris_bnp_paribas_masters,2021_59_paris_bnp_paribas_masters_2021-11-04_gaston_h_alcaraz_c
tennis_data_uk,atp,2021,59,BNP Paribas Masters,Paris,2021-11-05,masters_1000,indoor,hard,QF,3,Hurkacz H.,Duckworth J.,10,55,3366,1076,2,1,6,2,6,7,7,5,,,,,completed,1.36,3.2,1.35,3.5,1.39,3.6,1.33,3.26,2021_59_paris_bnp_paribas_masters,2021_59_paris_bnp_paribas_masters_2021-11-05_hurkacz_h_duckworth_j
tennis_data_uk,atp,2021,59,BNP Paribas Masters,Paris,2021-11-05,masters_1000,indoor,hard,QF,3,Djokovic N.,Fritz T.,1,26,10340,1890,2,0,6,4,6,3,,,,,,,completed,1.22,4.33,1.25,4.45,1.25,4.9,1.22,4.3,2021_59_paris_bnp_paribas_masters,2021_59_paris_bnp_paribas_masters_2021-11-05_djokovic_n_fritz_t
tennis_data_uk,atp,2021,59,BNP Paribas Masters,Paris,2021-11-05,masters_1000,indoor,hard,QF,3,Medvedev D.,Gaston H.,2,103,9540,722,2,0,7,6,6,4,,,,,,,completed,1.1,7.0,1.08,10.1,1.15,10.1,1.09,7.35,2021_59_paris_bnp_paribas_masters,2021_59_paris_bnp_paribas_masters_2021-11-05_medvedev_d_gaston_h
tennis_data_uk,atp,2021,59,BNP Paribas Masters,Paris,2021-11-05,masters_1000,indoor,hard,QF,3,Zverev A.,Ruud C.,4,8,7180,3670,2,0,7,5,6,4,,,,,,,completed,1.4,3.0,1.43,3.1,1.43,3.36,1.37,3.06,2021_59_paris_bnp_paribas_masters,2021_59_paris_bnp_paribas_masters_2021-11-05_zverev_a_ruud_c
tennis_data_uk,atp,2021,59,BNP Paribas Masters,Paris,2021-11-06,masters_1000,indoor,hard,SF,3,Djokovic N.,Hurkacz H.,1,10,10340,3366,2,1,3,6,6,0,7,6,,,,,completed,1.16,5.0,1.18,5.7,1.2,6.3,1.16,5.21,2021_59_paris_bnp_paribas_masters,2021_59_paris_bnp_paribas_masters_2021-11-06_djokovic_n_hurkacz_h
tennis_data_uk,atp,2021,59,BNP Paribas Masters,Paris,2021-11-06,masters_1000,indoor,hard,SF,3,Medvedev D.,Zverev A.,2,4,9540,7180,2,0,6,2,6,2,,,,,,,completed,1.72,2.1,1.9,2.01,1.92,2.18,1.79,2.03,2021_59_paris_bnp_paribas_masters,2021_59_paris_bnp_paribas_masters_2021-11-06_medvedev_d_zverev_a
tennis_data_uk,atp,2021,59,BNP Paribas Masters,Paris,2021-11-07,masters_1000,indoor,hard,F,3,Djokovic N.,Medvedev D.,1,2,10340,9540,2,1,4,5,4,6,6,3,6,3,,,completed,2.0,1.8,2.13,1.8,2.13,1.9,2.02,1.8,2021_59_paris_bnp_paribas_masters,2021_59_paris_bnp_paribas_masters_2021-11-07_djokovic_n_medvedev_d
tennis_data_uk,atp,2021,60,Stockholm Open,Stockholm,2021-11-07,atp_250,indoor,hard,R32,3,Paul T.,Borg L.,52,2146,1119,1,2,0,6,4,6,2,,,,,,,completed,1.0,29.0,1.01,23.11,1.03,29.0,1.01,19.33,2021_60_stockholm_stockholm_open,2021_60_stockholm_stockholm_open_2021-11-07_paul_t_borg_l
tennis_data_uk,atp,2021,60,Stockholm Open,Stockholm,2021-11-07,atp_250,indoor,hard,R32,3,Fucsovics M.,Mannarino A.,40,66,1449,959,2,0,6,4,6,0,,,,,,,completed,1.5,2.62,1.51,2.74,1.51,3.01,1.46,2.69,2021_60_stockholm_stockholm_open,2021_60_stockholm_stockholm_open_2021-11-07_fucsovics_m_mannarino_a
tennis_data_uk,atp,2021,60,Stockholm Open,Stockholm,2021-11-07,atp_250,indoor,hard,R32,3,Davidovich Fokina A.,Mcdonald M.,49,55,1150,1089,2,1,6,2,3,6,7,5,,,,,completed,1.9,1.9,1.96,1.93,1.99,2.15,1.89,1.89,2021_60_stockholm_stockholm_open,2021_60_stockholm_stockholm_open_2021-11-07_davidovich_fokina_a_mcdonald_m
tennis_data_uk,atp,2021,60,Stockholm Open,Stockholm,2021-11-08,atp_250,indoor,hard,R32,3,Kovalik J.,Gojowczyk P.,135,85,513,818,2,1,6,7,6,4,7,5,,,,,completed,,,,,4.54,1.3,4.11,1.24,2021_60_stockholm_stockholm_open,2021_60_stockholm_stockholm_open_2021-11-08_kovalik_j_gojowczyk_p
tennis_data_uk,atp,2021,60,Stockholm Open,Stockholm,2021-11-08,atp_250,indoor,hard,R32,3,Vavassori A.,Kotov P.,289,271,180,204,2,0,6,3,6,4,,,,,,,completed,2.3,1.61,2.75,1.5,2.9,1.68,2.44,1.54,2021_60_stockholm_stockholm_open,2021_60_stockholm_stockholm_open_2021-11-08_vavassori_a_kotov_p
tennis_data_uk,atp,2021,60,Stockholm Open,Stockholm,2021-11-08,atp_250,indoor,hard,R32,3,Tiafoe F.,Ymer E.,41,167,1422,409,2,0,6,4,7,6,,,,,,,completed,1.22,4.33,1.24,4.46,1.26,5.97,1.2,4.4,2021_60_stockholm_stockholm_open,2021_60_stockholm_stockholm_open_2021-11-08_tiafoe_f_ymer_e
tennis_data_uk,atp,2021,60,Stockholm Open,Stockholm,2021-11-08,atp_250,indoor,hard,R32,3,Krajinovic F.,Istomin D.,42,248,1402,235,2,0,6,4,6,2,,,,,,,completed,1.16,5.0,1.18,5.52,1.2,5.75,1.16,5.0,2021_60_stockholm_stockholm_open,2021_60_stockholm_stockholm_open_2021-11-08_krajinovic_f_istomin_d
tennis_data_uk,atp,2021,60,Stockholm Open,Stockholm,2021-11-09,atp_250,indoor,hard,R32,3,Van De Zandschulp B.,Serdarusic N.,61,241,999,244,2,0,7,6,7,6,,,,,,,completed,1.16,5.0,1.15,6.31,1.21,6.75,1.14,5.49,2021_60_stockholm_stockholm_open,2021_60_stockholm_stockholm_open_2021-11-09_van_de_zandschulp_b_serdarusic_n
tennis_data_uk,atp,2021,60,Stockholm Open,Stockholm,2021-11-09,atp_250,indoor,hard,R32,3,Rinderknech A.,Bublik A.,60,36,1000,1538,1,0,6,1,2,0,,,,,,,retired,1.66,2.2,1.81,2.1,1.83,2.2,1.72,2.09,2021_60_stockholm_stockholm_open,2021_60_stockholm_stockholm_open_2021-11-09_rinderknech_a_bublik_a
tennis_data_uk,atp,2021,60,Stockholm Open,Stockholm,2021-11-09,atp_250,indoor,hard,R32,3,Martinez P.,Ruusuvuori E.,62,79,996,846,2,1,6,4,3,6,7,6,,,,,completed,3.0,1.4,3.09,1.42,3.25,1.42,3.0,1.38,2021_60_stockholm_stockholm_open,2021_60_stockholm_stockholm_open_2021-11-09_martinez_p_ruusuvuori_e
tennis_data_uk,atp,2021,60,Stockholm Open,Stockholm,2021-11-09,atp_250,indoor,hard,R32,3,Murray A.,Durasovic V.,143,354,476,127,2,0,6,1,7,6,,,,,,,completed,1.08,8.0,1.09,8.84,1.1,9.0,1.07,7.95,2021_60_stockholm_stockholm_open,2021_60_stockholm_stockholm_open_2021-11-09_murray_a_durasovic_v
tennis_data_uk,atp,2021,60,Stockholm Open,Stockholm,2021-11-09,atp_250,indoor,hard,R32,3,Fritz T.,Gerasimov E.,23,113,2050,675,2,0,6,4,6,4,,,,,,,completed,1.16,5.0,1.18,5.22,1.24,5.9,1.16,5.14,2021_60_stockholm_stockholm_open,2021_60_stockholm_stockholm_open_2021-11-09_fritz_t_gerasimov_e
tennis_data_uk,atp,2021,60,Stockholm Open,Stockholm,2021-11-10,atp_250,indoor,hard,R16,3,Evans D.,Davidovich Fokina A.,26,49,1917,1150,2,0,7,6,6,2,,,,,,,completed,1.9,1.9,1.76,2.18,1.95,2.19,1.83,1.97,2021_60_stockholm_stockholm_open,2021_60_stockholm_stockholm_open_2021-11-10_evans_d_davidovich_fokina_a
tennis_data_uk,atp,2021,60,Stockholm Open,Stockholm,2021-11-10,atp_250,indoor,hard,R16,3,Tiafoe F.,Martinez P.,41,62,1422,996,2,0,6,4,6,4,,,,,,,completed,1.3,3.5,1.36,3.45,1.38,3.75,1.32,3.35,2021_60_stockholm_stockholm_open,2021_60_stockholm_stockholm_open_2021-11-10_tiafoe_f_martinez_p
tennis_data_uk,atp,2021,60,Stockholm Open,Stockholm,2021-11-10,atp_250,indoor,hard,R16,3,Shapovalov D.,Vavassori A.,18,289,2348,180,2,0,7,6,6,1,,,,,,,completed,1.11,6.5,1.13,7.18,1.15,7.73,1.1,6.6,2021_60_stockholm_stockholm_open,2021_60_stockholm_stockholm_open_2021-11-10_shapovalov_d_vavassori_a
tennis_data_uk,atp,2021,60,Stockholm Open,Stockholm,2021-11-10,atp_250,indoor,hard,R16,3,Rinderknech A.,Kovalik J.,60,135,1000,513,2,0,6,4,6,1,,,,,,,completed,1.16,5.0,1.19,5.53,1.19,6.0,1.15,5.24,2021_60_stockholm_stockholm_open,2021_60_stockholm_stockholm_open_2021-11-10_rinderknech_a_kovalik_j
tennis_data_uk,atp,2021,60,Stockholm Open,Stockholm,2021-11-10,atp_250,indoor,hard,R16,3,Van De Zandschulp B.,Fucsovics M.,61,40,999,1449,2,1,7,6,3,6,7,5,,,,,completed,2.5,1.53,2.21,1.75,2.53,1.75,2.32,1.6,2021_60_stockholm_stockholm_open,2021_60_stockholm_stockholm_open_2021-11-10_van_de_zandschulp_b_fucsovics_m
tennis_data_uk,atp,2021,60,Stockholm Open,Stockholm,2021-11-10,atp_250,indoor,hard,R16,3,Paul T.,Fritz T.,52,23,1119,2050,2,0,6,4,6,4,,,,,,,completed,3.0,1.4,2.77,1.51,3.02,1.52,2.77,1.43,2021_60_stockholm_stockholm_open,2021_60_stockholm_stockholm_open_2021-11-10_paul_t_fritz_t
tennis_data_uk,atp,2021,60,Stockholm Open,Stockholm,2021-11-10,atp_250,indoor,hard,R16,3,Murray A.,Sinner J.,143,10,476,3395,2,0,7,6,6,3,,,,,,,completed,3.2,1.36,3.56,1.34,3.75,1.38,3.21,1.34,2021_60_stockholm_stockholm_open,2021_60_stockholm_stockholm_open_2021-11-10_murray_a_sinner_j
tennis_data_uk,atp,2021,60,Stockholm Open,Stockholm,2021-11-10,atp_250,indoor,hard,R16,3,Auger-Aliassime F.,Krajinovic F.,11,42,3263,1402,2,0,6,3,6,4,,,,,,,completed,1.5,2.62,1.51,2.75,1.55,2.79,1.5,2.56,2021_60_stockholm_stockholm_open,2021_60_stockholm_stockholm_open_2021-11-10_auger_aliassime_f_krajinovic_f
tennis_data_uk,atp,2021,60,Stockholm Open,Stockholm,2021-11-11,atp_250,indoor,hard,QF,3,Tiafoe F.,Evans D.,41,26,1422,1917,2,1,1,6,6,1,6,1,,,,,completed,1.66,2.2,1.7,2.29,1.7,2.31,1.66,2.19,2021_60_stockholm_stockholm_open,2021_60_stockholm_stockholm_open_2021-11-11_tiafoe_f_evans_d
tennis_data_uk,atp,2021,60,Stockholm Open,Stockholm,2021-11-11,atp_250,indoor,hard,QF,3,Auger-Aliassime F.,Van De Zandschulp B.,11,61,3263,999,2,0,6,4,6,3,,,,,,,completed,1.44,2.75,1.45,2.97,1.5,3.1,1.43,2.81,2021_60_stockholm_stockholm_open,2021_60_stockholm_stockholm_open_2021-11-11_auger_aliassime_f_van_de_zandschulp_b
tennis_data_uk,atp,2021,60,Stockholm Open,Stockholm,2021-11-11,atp_250,indoor,hard,QF,3,Paul T.,Murray A.,52,143,1119,476,2,1,6,2,3,6,6,3,,,,,completed,2.5,1.53,2.46,1.62,2.64,1.62,2.45,1.54,2021_60_stockholm_stockholm_open,2021_60_stockholm_stockholm_open_2021-11-11_paul_t_murray_a
tennis_data_uk,atp,2021,60,Stockholm Open,Stockholm,2021-11-11,atp_250,indoor,hard,QF,3,Shapovalov D.,Rinderknech A.,18,60,2348,1000,2,1,4,6,6,3,7,5,,,,,completed,1.4,3.0,1.39,3.3,1.43,3.44,1.36,3.08,2021_60_stockholm_stockholm_open,2021_60_stockholm_stockholm_open_2021-11-11_shapovalov_d_rinderknech_a
tennis_data_uk,atp,2021,60,Stockholm Open,Stockholm,2021-11-12,atp_250,indoor,hard,SF,3,Paul T.,Tiafoe F.,52,41,1119,1422,2,1,5,7,7,6,6,4,,,,,completed,2.2,1.66,2.44,1.63,2.44,1.71,2.3,1.61,2021_60_stockholm_stockholm_open,2021_60_stockholm_stockholm_open_2021-11-12_paul_t_tiafoe_f
tennis_data_uk,atp,2021,60,Stockholm Open,Stockholm,2021-11-12,atp_250,indoor,hard,SF,3,Shapovalov D.,Auger-Aliassime F.,18,11,2348,3263,2,0,6,4,7,5,,,,,,,completed,2.3,1.61,2.34,1.68,2.51,1.71,2.29,1.62,2021_60_stockholm_stockholm_open,2021_60_stockholm_stockholm_open_2021-11-12_shapovalov_d_auger_aliassime_f
tennis_data_uk,atp,2021,60,Stockholm Open,Stockholm,2021-11-13,atp_250,indoor,hard,F,3,Paul T.,Shapovalov D.,52,18,1119,2348,2,1,6,4,2,6,6,4,,,,,completed,2.3,1.61,2.4,1.65,2.5,1.71,2.28,1.62,2021_60_stockholm_stockholm_open,2021_60_stockholm_stockholm_open_2021-11-13_paul_t_shapovalov_d
tennis_data_uk,atp,2021,61,Masters Cup,Turin,2021-11-14,tour_finals,indoor,hard,RR,3,Medvedev D.,Hurkacz H.,2,9,7640,3706,2,1,6,7,6,3,6,4,,,,,completed,1.2,4.5,1.25,4.44,1.26,5.45,1.21,4.35,2021_61_turin_masters_cup,2021_61_turin_masters_cup_2021-11-14_medvedev_d_hurkacz_h
tennis_data_uk,atp,2021,61,Masters Cup,Turin,2021-11-14,tour_finals,indoor,hard,RR,3,Berrettini M.,Zverev A.,7,3,4568,6540,0,1,6,7,0,1,,,,,,,retired,3.2,1.36,3.18,1.41,3.5,1.42,3.13,1.35,2021_61_turin_masters_cup,2021_61_turin_masters_cup_2021-11-14_berrettini_m_zverev_a
tennis_data_uk,atp,2021,61,Masters Cup,Turin,2021-11-15,tour_finals,indoor,hard,RR,3,Djokovic N.,Ruud C.,1,8,10940,3760,2,0,7,6,6,2,,,,,,,completed,1.11,6.5,1.13,7.08,1.15,7.5,1.11,6.48,2021_61_turin_masters_cup,2021_61_turin_masters_cup_2021-11-15_djokovic_n_ruud_c
tennis_data_uk,atp,2021,61,Masters Cup,Turin,2021-11-15,tour_finals,indoor,hard,RR,3,Rublev A.,Tsitsipas S.,5,4,4950,6540,2,0,6,4,6,4,,,,,,,completed,2.1,1.72,2.16,1.78,2.23,1.8,2.1,1.73,2021_61_turin_masters_cup,2021_61_turin_masters_cup_2021-11-15_rublev_a_tsitsipas_s
tennis_data_uk,atp,2021,61,Masters Cup,Turin,2021-11-16,tour_finals,indoor,hard,RR,3,Medvedev D.,Zverev A.,2,3,7640,6540,2,1,6,3,6,7,7,6,,,,,completed,1.53,2.5,1.6,2.51,1.6,2.78,1.53,2.49,2021_61_turin_masters_cup,2021_61_turin_masters_cup_2021-11-16_medvedev_d_zverev_a
tennis_data_uk,atp,2021,61,Masters Cup,Turin,2021-11-16,tour_finals,indoor,hard,RR,3,Sinner J.,Hurkacz H.,11,9,3150,3706,2,0,6,2,6,2,,,,,,,completed,1.8,2.0,1.74,2.2,1.85,2.2,1.77,2.04,2021_61_turin_masters_cup,2021_61_turin_masters_cup_2021-11-16_sinner_j_hurkacz_h
tennis_data_uk,atp,2021,61,Masters Cup,Turin,2021-11-17,tour_finals,indoor,hard,RR,3,Djokovic N.,Rublev A.,1,5,10940,4950,2,0,6,3,6,2,,,,,,,completed,1.22,4.33,1.22,4.95,1.24,5.1,1.21,4.37,2021_61_turin_masters_cup,2021_61_turin_masters_cup_2021-11-17_djokovic_n_rublev_a
tennis_data_uk,atp,2021,61,Masters Cup,Turin,2021-11-17,tour_finals,indoor,hard,RR,3,Ruud C.,Norrie C.,8,12,3760,2945,2,1,1,6,6,3,6,4,,,,,completed,1.57,2.37,1.67,2.36,1.68,2.59,1.59,2.36,2021_61_turin_masters_cup,2021_61_turin_masters_cup_2021-11-17_ruud_c_norrie_c
tennis_data_uk,atp,2021,61,Masters Cup,Turin,2021-11-18,tour_finals,indoor,hard,RR,3,Zverev A.,Hurkacz H.,3,9,6540,3706,2,0,6,2,6,4,,,,,,,completed,1.22,4.0,1.25,4.4,1.25,4.85,1.21,4.32,2021_61_turin_masters_cup,2021_61_turin_masters_cup_2021-11-18_zverev_a_hurkacz_h
tennis_data_uk,atp,2021,61,Masters Cup,Turin,2021-11-18,tour_finals,indoor,hard,RR,3,Medvedev D.,Sinner J.,2,11,7640,3150,2,1,6,0,6,7,7,6,,,,,completed,1.4,2.75,1.45,2.97,1.47,3.25,1.39,2.98,2021_61_turin_masters_cup,2021_61_turin_masters_cup_2021-11-18_medvedev_d_sinner_j
tennis_data_uk,atp,2021,61,Masters Cup,Turin,2021-11-19,tour_finals,indoor,hard,RR,3,Ruud C.,Rublev A.,8,5,3760,4950,2,1,2,6,7,5,7,6,,,,,completed,2.5,1.5,2.43,1.63,2.65,1.63,2.49,1.53,2021_61_turin_masters_cup,2021_61_turin_masters_cup_2021-11-19_ruud_c_rublev_a
tennis_data_uk,atp,2021,61,Masters Cup,Turin,2021-11-19,tour_finals,indoor,hard,RR,3,Djokovic N.,Norrie C.,1,12,10940,2945,2,0,6,2,6,1,,,,,,,completed,1.14,5.5,1.12,7.71,1.16,7.71,1.12,6.27,2021_61_turin_masters_cup,2021_61_turin_masters_cup_2021-11-19_djokovic_n_norrie_c
tennis_data_uk,atp,2021,61,Masters Cup,Turin,2021-11-20,tour_finals,indoor,hard,SF,3,Medvedev D.,Ruud C.,2,8,7640,3760,2,0,6,4,6,2,,,,,,,completed,1.14,5.5,1.14,6.74,1.18,7.4,1.13,5.83,2021_61_turin_masters_cup,2021_61_turin_masters_cup_2021-11-20_medvedev_d_ruud_c
tennis_data_uk,atp,2021,61,Masters Cup,Turin,2021-11-20,tour_finals,indoor,hard,SF,3,Zverev A.,Djokovic N.,3,1,6540,10940,2,1,7,6,4,6,6,3,,,,,completed,3.0,1.4,3.09,1.43,3.32,1.45,2.99,1.39,2021_61_turin_masters_cup,2021_61_turin_masters_cup_2021-11-20_zverev_a_djokovic_n
tennis_data_uk,atp,2021,61,Masters Cup,Turin,2021-11-21,tour_finals,indoor,hard,F,3,Zverev A.,Medvedev D.,3,2,6540,7640,2,0,6,4,6,4,,,,,,,completed,2.5,1.53,2.44,1.62,2.65,1.63,2.44,1.56,2021_61_turin_masters_cup,2021_61_turin_masters_cup_2021-11-21_zverev_a_medvedev_d
